design_id,A_density,B_temporal_modes,C_event_duration,D_proxy_noise,E_cost_ratio,verify_scan_cost_ratio,F_deadline,base_seed,delta_datb_vs_sequential,delta_datb_vs_largest_gap
0,0,0,0,0,0,1.0,0,1729,0.17708333333333334,0.041666666666666685
0,0,0,0,0,0,1.0,0,3253,0.020833333333333332,0.020833333333333332
0,0,0,0,0,0,1.0,0,4999,0.07291666666666666,0.03125
0,0,0,0,0,0,1.0,0,7919,0.08333333333333333,0.010416666666666657
0,0,0,0,0,0,1.0,0,104729,0.09375,0.03125
1,0,0,0,0,1,3.0,0,1729,0.20833333333333331,0.04166666666666663
1,0,0,0,0,1,3.0,0,3253,0.18229166666666669,0.015625
1,0,0,0,0,1,3.0,0,4999,0.12499999999999997,0.020833333333333315
1,0,0,0,0,1,3.0,0,7919,0.07291666666666669,0.02083333333333337
1,0,0,0,0,1,3.0,0,104729,0.46875,0.03645833333333326
2,0,0,0,0,2,10.0,0,1729,0.0037878787878787845,0.007575757575757569
2,0,0,0,0,2,10.0,0,3253,-0.022727272727272707,0.009469696969696906
2,0,0,0,0,2,10.0,0,4999,0.08143939393939392,0.0037878787878787845
2,0,0,0,0,2,10.0,0,7919,0.15340909090909083,0.007575757575757569
2,0,0,0,0,2,10.0,0,104729,-0.07007575757575757,0.009469696969697017
3,0,0,0,0,3,30.0,0,1729,0.03293010752688175,0.0
3,0,0,0,0,3,30.0,0,3253,-0.04435483870967738,0.0026881720430107503
3,0,0,0,0,3,30.0,0,4999,0.05443548387096775,0.02083333333333337
3,0,0,0,0,3,30.0,0,7919,0.002016129032258007,0.0
3,0,0,0,0,3,30.0,0,104729,0.0006720430107527431,0.0
4,0,0,0,1,0,1.0,1,1729,-0.026041666666666657,0.010416666666666657
4,0,0,0,1,0,1.0,1,3253,0.046875,0.02083333333333337
4,0,0,0,1,0,1.0,1,4999,-0.21354166666666666,0.010416666666666666
4,0,0,0,1,0,1.0,1,7919,0.15104166666666666,0.015625
4,0,0,0,1,0,1.0,1,104729,0.10937499999999997,0.020833333333333315
5,0,0,0,1,1,3.0,1,1729,-0.01302083333333337,0.013020833333333315
5,0,0,0,1,1,3.0,1,3253,-0.05729166666666666,-0.013020833333333329
5,0,0,0,1,1,3.0,1,4999,0.08854166666666663,-0.00520833333333337
5,0,0,0,1,1,3.0,1,7919,0.01822916666666674,0.015625
5,0,0,0,1,1,3.0,1,104729,0.1328125,0.015625
6,0,0,0,1,2,10.0,1,1729,-0.037878787878787956,0.0037878787878787845
6,0,0,0,1,2,10.0,1,3253,-0.12215909090909094,-0.10890151515151514
6,0,0,0,1,2,10.0,1,4999,-0.05492424242424243,0.04166666666666674
6,0,0,0,1,2,10.0,1,7919,-0.0492424242424242,0.004734848484848508
6,0,0,0,1,2,10.0,1,104729,-0.03977272727272729,-0.02556818181818188
7,0,0,0,1,3,30.0,1,1729,0.06720430107526876,0.061155913978494625
7,0,0,0,1,3,30.0,1,3253,0.053427419354838745,0.030241935483870996
7,0,0,0,1,3,30.0,1,4999,0.0040322580645161255,-0.010752688172043001
7,0,0,0,1,3,30.0,1,7919,-0.025537634408602128,0.021505376344086002
7,0,0,0,1,3,30.0,1,104729,0.010752688172043001,0.002016129032258007
8,0,0,0,2,0,1.0,2,1729,-0.18402777777777776,0.041666666666666685
8,0,0,0,2,0,1.0,2,3253,0.0798611111111111,0.01041666666666663
8,0,0,0,2,0,1.0,2,4999,0.052083333333333315,0.00694444444444442
8,0,0,0,2,0,1.0,2,7919,0.3090277777777778,0.02083333333333337
8,0,0,0,2,0,1.0,2,104729,0.31597222222222215,0.03819444444444442
9,0,0,0,2,1,3.0,2,1729,0.06770833333333337,0.02777777777777779
9,0,0,0,2,1,3.0,2,3253,0.017361111111111105,0.017361111111111105
9,0,0,0,2,1,3.0,2,4999,-0.003472222222222321,-0.015625
9,0,0,0,2,1,3.0,2,7919,0.02430555555555547,0.046875
9,0,0,0,2,1,3.0,2,104729,0.0034722222222222654,0.0
10,0,0,0,2,2,10.0,2,1729,-0.0006313131313131493,0.02840909090909083
10,0,0,0,2,2,10.0,2,3253,-0.06060606060606061,0.03977272727272729
10,0,0,0,2,2,10.0,2,4999,0.004419191919191934,0.0025252525252525415
10,0,0,0,2,2,10.0,2,7919,-0.07765151515151514,-0.023358585858585856
10,0,0,0,2,2,10.0,2,104729,-0.01010101010101011,0.05176767676767674
11,0,0,0,2,3,30.0,2,1729,-0.006720430107526876,0.021505376344086113
11,0,0,0,2,3,30.0,2,3253,-0.031137992831541172,-0.012096774193548376
11,0,0,0,2,3,30.0,2,4999,-0.030241935483870996,0.013888888888888895
11,0,0,0,2,3,30.0,2,7919,-0.008512544802867339,0.014560931899641583
11,0,0,0,2,3,30.0,2,104729,0.030689964157706084,-0.006272401433691788
12,0,0,1,0,0,1.0,1,1729,0.31249999999999994,0.02604166666666663
12,0,0,1,0,0,1.0,1,3253,0.53125,0.03645833333333326
12,0,0,1,0,0,1.0,1,4999,0.6145833333333334,0.03125
12,0,0,1,0,0,1.0,1,7919,0.3802083333333333,0.03125
12,0,0,1,0,0,1.0,1,104729,0.46875000000000006,0.03125
13,0,0,1,0,1,3.0,1,1729,0.22916666666666674,0.02083333333333337
13,0,0,1,0,1,3.0,1,3253,0.26822916666666674,0.015625
13,0,0,1,0,1,3.0,1,4999,0.33072916666666663,0.015625
13,0,0,1,0,1,3.0,1,7919,0.24739583333333337,0.015625
13,0,0,1,0,1,3.0,1,104729,0.25,0.015625
14,0,0,1,0,2,10.0,1,1729,0.13446969696969702,0.006628787878787956
14,0,0,1,0,2,10.0,1,3253,0.1609848484848484,0.006628787878787845
14,0,0,1,0,2,10.0,1,4999,0.20643939393939392,0.004734848484848508
14,0,0,1,0,2,10.0,1,7919,0.15056818181818188,-0.009469696969696906
14,0,0,1,0,2,10.0,1,104729,0.18181818181818177,0.0028409090909090606
15,0,0,1,0,3,30.0,1,1729,0.09677419354838712,-0.00033602150537637154
15,0,0,1,0,3,30.0,1,3253,0.145497311827957,-0.012096774193548376
15,0,0,1,0,3,30.0,1,4999,0.13004032258064513,0.0006720430107527431
15,0,0,1,0,3,30.0,1,7919,0.0668682795698925,0.0023521505376344898
15,0,0,1,0,3,30.0,1,104729,0.08333333333333337,-0.0033602150537633824
16,0,0,1,1,0,1.0,2,1729,0.20486111111111116,0.02430555555555558
16,0,0,1,1,0,1.0,2,3253,0.2881944444444445,0.02777777777777779
16,0,0,1,1,0,1.0,2,4999,0.3055555555555555,0.03819444444444442
16,0,0,1,1,0,1.0,2,7919,0.17708333333333326,0.01388888888888884
16,0,0,1,1,0,1.0,2,104729,0.29861111111111105,0.03125
17,0,0,1,1,1,3.0,2,1729,0.18923611111111116,0.01041666666666663
17,0,0,1,1,1,3.0,2,3253,0.08159722222222221,0.01215277777777779
17,0,0,1,1,1,3.0,2,4999,0.11111111111111116,0.006944444444444531
17,0,0,1,1,1,3.0,2,7919,0.2743055555555556,0.02083333333333337
17,0,0,1,1,1,3.0,2,104729,0.16666666666666663,0.02083333333333326
18,0,0,1,1,2,10.0,2,1729,0.16287878787878796,0.0037878787878787845
18,0,0,1,1,2,10.0,2,3253,0.10037878787878796,0.022727272727272707
18,0,0,1,1,2,10.0,2,4999,0.12058080808080807,0.0037878787878787845
18,0,0,1,1,2,10.0,2,7919,0.09785353535353536,-0.016414141414141437
18,0,0,1,1,2,10.0,2,104729,0.163510101010101,-0.0037878787878787845
19,0,0,1,1,3,30.0,2,1729,0.12096774193548387,-0.00022401433691754402
19,0,0,1,1,3,30.0,2,3253,0.16039426523297484,0.013216845878136096
19,0,0,1,1,3,30.0,2,4999,0.1303763440860215,-0.00022401433691754402
19,0,0,1,1,3,30.0,2,7919,0.12163978494623662,0.014336917562724039
19,0,0,1,1,3,30.0,2,104729,0.05913978494623651,0.00022401433691754402
20,0,0,1,2,0,1.0,0,1729,0.4791666666666667,0.09375
20,0,0,1,2,0,1.0,0,3253,0.44791666666666663,0.052083333333333315
20,0,0,1,2,0,1.0,0,4999,0.21875,0.05208333333333337
20,0,0,1,2,0,1.0,0,7919,0.052083333333333336,0.010416666666666671
20,0,0,1,2,0,1.0,0,104729,0.3645833333333333,0.03125
21,0,0,1,2,1,3.0,0,1729,0.3125,0.036458333333333315
21,0,0,1,2,1,3.0,0,3253,0.625,0.08333333333333337
21,0,0,1,2,1,3.0,0,4999,0.5104166666666667,0.09895833333333337
21,0,0,1,2,1,3.0,0,7919,0.46354166666666674,0.09375
21,0,0,1,2,1,3.0,0,104729,0.734375,0.08854166666666663
22,0,0,1,2,2,10.0,0,1729,0.5928030303030303,0.07575757575757569
22,0,0,1,2,2,10.0,0,3253,0.13446969696969696,0.005681818181818177
22,0,0,1,2,2,10.0,0,4999,0.446969696969697,-0.04734848484848475
22,0,0,1,2,2,10.0,0,7919,0.28409090909090906,0.17992424242424232
22,0,0,1,2,2,10.0,0,104729,0.5056818181818181,0.030303030303030276
23,0,0,1,2,3,30.0,0,1729,0.15389784946236562,-0.020833333333333315
23,0,0,1,2,3,30.0,0,3253,0.6081989247311828,0.17741935483870963
23,0,0,1,2,3,30.0,0,4999,0.27284946236559143,0.12163978494623662
23,0,0,1,2,3,30.0,0,7919,0.09744623655913986,0.022177419354838745
23,0,0,1,2,3,30.0,0,104729,0.35954301075268824,0.07997311827956993
24,0,0,2,0,0,1.0,2,1729,0.3993055555555556,0.02430555555555558
24,0,0,2,0,0,1.0,2,3253,0.3993055555555556,0.02083333333333337
24,0,0,2,0,0,1.0,2,4999,0.4930555555555555,0.02430555555555547
24,0,0,2,0,0,1.0,2,7919,0.4583333333333333,0.02430555555555558
24,0,0,2,0,0,1.0,2,104729,0.4340277777777777,0.02777777777777768
25,0,0,2,0,1,3.0,2,1729,0.25,0.01041666666666663
25,0,0,2,0,1,3.0,2,3253,0.2586805555555556,0.01041666666666663
25,0,0,2,0,1,3.0,2,4999,0.27604166666666674,0.01215277777777779
25,0,0,2,0,1,3.0,2,7919,0.26388888888888895,0.00868055555555558
25,0,0,2,0,1,3.0,2,104729,0.2222222222222222,0.01041666666666663
26,0,0,2,0,2,10.0,2,1729,0.1887626262626263,0.0031565656565657463
26,0,0,2,0,2,10.0,2,3253,0.21906565656565646,0.0031565656565656353
26,0,0,2,0,2,10.0,2,4999,0.1489898989898989,0.002525252525252486
26,0,0,2,0,2,10.0,2,7919,0.19255050505050497,0.0018939393939393367
26,0,0,2,0,2,10.0,2,104729,0.1862373737373737,0.002525252525252486
27,0,0,2,0,3,30.0,2,1729,0.10909498207885304,-0.0033602150537634934
27,0,0,2,0,3,30.0,2,3253,0.16129032258064524,-0.0013440860215053752
27,0,0,2,0,3,30.0,2,4999,0.13933691756272404,-0.0022401433691756623
27,0,0,2,0,3,30.0,2,7919,0.1543458781362007,-0.00044802867383519906
27,0,0,2,0,3,30.0,2,104729,0.055779569892473124,0.00044802867383508804
28,0,0,2,1,0,1.0,0,1729,0.8125,0.07291666666666663
28,0,0,2,1,0,1.0,0,3253,0.6458333333333333,0.05208333333333326
28,0,0,2,1,0,1.0,0,4999,0.5833333333333334,0.05208333333333337
28,0,0,2,1,0,1.0,0,7919,0.8125,0.07291666666666663
28,0,0,2,1,0,1.0,0,104729,0.7291666666666666,0.0625
29,0,0,2,1,1,3.0,0,1729,0.7760416666666667,0.09895833333333337
29,0,0,2,1,1,3.0,0,3253,0.5833333333333334,0.03645833333333337
29,0,0,2,1,1,3.0,0,4999,0.578125,0.03125
29,0,0,2,1,1,3.0,0,7919,0.5520833333333334,0.09375
29,0,0,2,1,1,3.0,0,104729,0.71875,0.09375
30,0,0,2,1,2,10.0,0,1729,0.5340909090909091,0.0018939393939393367
30,0,0,2,1,2,10.0,0,3253,0.5037878787878789,0.005681818181818232
30,0,0,2,1,2,10.0,0,4999,0.41477272727272724,0.0492424242424242
30,0,0,2,1,2,10.0,0,7919,0.4772727272727273,0.007575757575757569
30,0,0,2,1,2,10.0,0,104729,0.456439393939394,0.08333333333333337
31,0,0,2,1,3,30.0,0,1729,0.508736559139785,0.040322580645161366
31,0,0,2,1,3,30.0,0,3253,0.48655913978494625,-0.006720430107526876
31,0,0,2,1,3,30.0,0,4999,0.013440860215053752,-0.04166666666666674
31,0,0,2,1,3,30.0,0,7919,0.47177419354838707,-0.04704301075268824
31,0,0,2,1,3,30.0,0,104729,0.5262096774193548,0.002016129032258007
32,0,0,2,2,0,1.0,1,1729,0.6302083333333333,0.03645833333333326
32,0,0,2,2,0,1.0,1,3253,0.5416666666666666,0.078125
32,0,0,2,2,0,1.0,1,4999,0.42708333333333337,0.046875
32,0,0,2,2,0,1.0,1,7919,0.6614583333333333,0.05729166666666663
32,0,0,2,2,0,1.0,1,104729,0.49999999999999994,0.05729166666666663
33,0,0,2,2,1,3.0,1,1729,0.546875,0.08854166666666663
33,0,0,2,2,1,3.0,1,3253,0.515625,0.04947916666666663
33,0,0,2,2,1,3.0,1,4999,0.5911458333333333,0.06510416666666663
33,0,0,2,2,1,3.0,1,7919,0.44531249999999994,0.005208333333333259
33,0,0,2,2,1,3.0,1,104729,0.39062499999999994,0.05989583333333326
34,0,0,2,2,2,10.0,1,1729,0.33238636363636365,-0.008522727272727293
34,0,0,2,2,2,10.0,1,3253,0.4517045454545454,0.021780303030302983
34,0,0,2,2,2,10.0,1,4999,0.17518939393939392,0.0
34,0,0,2,2,2,10.0,1,7919,0.11079545454545447,-0.017045454545454586
34,0,0,2,2,2,10.0,1,104729,0.396780303030303,0.043560606060605966
35,0,0,2,2,3,30.0,1,1729,0.3581989247311828,-0.08736559139784938
35,0,0,2,2,3,30.0,1,3253,0.23017473118279574,0.007392473118279619
35,0,0,2,2,3,30.0,1,4999,0.26041666666666663,-0.03965053763440862
35,0,0,2,2,3,30.0,1,7919,0.2553763440860215,0.00033602150537637154
35,0,0,2,2,3,30.0,1,104729,0.5003360215053764,0.14516129032258074
36,0,1,0,0,0,1.0,1,1729,0.052083333333333315,0.125
36,0,1,0,0,0,1.0,1,3253,-0.22395833333333331,-0.13541666666666669
36,0,1,0,0,0,1.0,1,4999,0.0,0.015625
36,0,1,0,0,0,1.0,1,7919,-0.052083333333333315,-0.08333333333333331
36,0,1,0,0,0,1.0,1,104729,0.005208333333333315,-0.026041666666666685
37,0,1,0,0,1,3.0,1,1729,-0.0625,-0.0625
37,0,1,0,0,1,3.0,1,3253,-0.12239583333333337,-0.11197916666666663
37,0,1,0,0,1,3.0,1,4999,0.08333333333333337,0.09375
37,0,1,0,0,1,3.0,1,7919,0.0,-0.0078125
37,0,1,0,0,1,3.0,1,104729,0.05729166666666663,0.12760416666666663
38,0,1,0,0,2,10.0,1,1729,-0.04924242424242431,-0.02367424242424243
38,0,1,0,0,2,10.0,1,3253,0.01325757575757569,0.0037878787878787845
38,0,1,0,0,2,10.0,1,4999,-0.055871212121212155,0.0037878787878787845
38,0,1,0,0,2,10.0,1,7919,0.03219696969696961,0.006628787878787845
38,0,1,0,0,2,10.0,1,104729,-0.004734848484848508,0.0179924242424242
39,0,1,0,0,3,30.0,1,1729,-0.010080645161290258,0.0016801075268817467
39,0,1,0,0,3,30.0,1,3253,0.01276881720430112,0.011088709677419373
39,0,1,0,0,3,30.0,1,4999,0.016465053763440873,-0.0033602150537634934
39,0,1,0,0,3,30.0,1,7919,-0.008064516129032251,0.0006720430107527431
39,0,1,0,0,3,30.0,1,104729,-0.003696236559139754,0.0020161290322581182
40,0,1,0,1,0,1.0,2,1729,-0.034722222222222265,-0.12152777777777785
40,0,1,0,1,0,1.0,2,3253,0.048611111111111105,0.013888888888888895
40,0,1,0,1,0,1.0,2,4999,0.00347222222222221,0.03125
40,0,1,0,1,0,1.0,2,7919,-0.04166666666666663,0.017361111111111105
40,0,1,0,1,0,1.0,2,104729,0.0625,0.01736111111111105
41,0,1,0,1,1,3.0,2,1729,0.17013888888888884,0.01041666666666663
41,0,1,0,1,1,3.0,2,3253,0.10069444444444453,0.08159722222222232
41,0,1,0,1,1,3.0,2,4999,0.07465277777777768,0.15625
41,0,1,0,1,1,3.0,2,7919,0.02951388888888884,0.09027777777777768
41,0,1,0,1,1,3.0,2,104729,-0.06423611111111105,-0.04166666666666663
42,0,1,0,1,2,10.0,2,1729,-0.03535353535353536,0.008838383838383757
42,0,1,0,1,2,10.0,2,3253,0.10542929292929293,0.0877525252525253
42,0,1,0,1,2,10.0,2,4999,0.02714646464646464,0.06123737373737381
42,0,1,0,1,2,10.0,2,7919,0.02777777777777779,0.014520202020201989
42,0,1,0,1,2,10.0,2,104729,-0.02714646464646464,0.030934343434343425
43,0,1,0,1,3,30.0,2,1729,0.0022401433691756623,-0.019489247311827995
43,0,1,0,1,3,30.0,2,3253,-0.020609318996415715,0.034498207885304666
43,0,1,0,1,3,30.0,2,4999,0.050403225806451624,0.036066308243727696
43,0,1,0,1,3,30.0,2,7919,-0.03360215053763449,-0.03315412186379929
43,0,1,0,1,3,30.0,2,104729,0.01702508960573479,0.0011200716845878311
44,0,1,0,2,0,1.0,0,1729,0.11458333333333333,0.11458333333333333
44,0,1,0,2,0,1.0,0,3253,0.0,0.031249999999999993
44,0,1,0,2,0,1.0,0,4999,0.052083333333333315,0.020833333333333315
44,0,1,0,2,0,1.0,0,7919,-0.020833333333333332,0.0
44,0,1,0,2,0,1.0,0,104729,-0.08333333333333333,0.0
45,0,1,0,2,1,3.0,0,1729,0.046875,0.21354166666666666
45,0,1,0,2,1,3.0,0,3253,-0.08854166666666667,0.04166666666666666
45,0,1,0,2,1,3.0,0,4999,0.010416666666666657,0.020833333333333343
45,0,1,0,2,1,3.0,0,7919,0.010416666666666657,0.02083333333333333
45,0,1,0,2,1,3.0,0,104729,0.2864583333333333,0.052083333333333315
46,0,1,0,2,2,10.0,0,1729,0.11174242424242424,-0.015151515151515152
46,0,1,0,2,2,10.0,0,3253,0.1647727272727273,0.06060606060606061
46,0,1,0,2,2,10.0,0,4999,0.25568181818181823,0.0378787878787879
46,0,1,0,2,2,10.0,0,7919,-0.030303030303030276,0.06060606060606061
46,0,1,0,2,2,10.0,0,104729,-0.14772727272727273,0.0
47,0,1,0,2,3,30.0,0,1729,0.2829301075268817,0.057123655913978444
47,0,1,0,2,3,30.0,0,3253,-0.2701612903225806,-0.0793010752688172
47,0,1,0,2,3,30.0,0,4999,-0.008064516129032306,0.22446236559139782
47,0,1,0,2,3,30.0,0,7919,-0.1350806451612903,0.11424731182795697
47,0,1,0,2,3,30.0,0,104729,0.15793010752688175,-0.13776881720430106
48,0,1,1,0,0,1.0,2,1729,0.34375,0.07986111111111116
48,0,1,1,0,0,1.0,2,3253,0.3472222222222222,0.02430555555555558
48,0,1,1,0,0,1.0,2,4999,0.2881944444444444,0.04166666666666663
48,0,1,1,0,0,1.0,2,7919,0.3506944444444444,0.0625
48,0,1,1,0,0,1.0,2,104729,0.37152777777777785,0.05208333333333337
49,0,1,1,0,1,3.0,2,1729,0.18055555555555558,0.00520833333333337
49,0,1,1,0,1,3.0,2,3253,0.19791666666666663,0.03645833333333326
49,0,1,1,0,1,3.0,2,4999,0.22048611111111116,0.01736111111111116
49,0,1,1,0,1,3.0,2,7919,0.24305555555555558,0.02083333333333337
49,0,1,1,0,1,3.0,2,104729,0.20138888888888895,0.03819444444444453
50,0,1,1,0,2,10.0,2,1729,0.12941919191919193,0.0031565656565656353
50,0,1,1,0,2,10.0,2,3253,0.13510101010101017,0.002525252525252597
50,0,1,1,0,2,10.0,2,4999,0.10542929292929293,0.0031565656565656353
50,0,1,1,0,2,10.0,2,7919,0.06439393939393934,0.005681818181818121
50,0,1,1,0,2,10.0,2,104729,0.11805555555555558,0.0031565656565656353
51,0,1,1,0,3,30.0,2,1729,0.08198924731182788,-0.007392473118279619
51,0,1,1,0,3,30.0,2,3253,0.0703405017921147,0.0013440860215053752
51,0,1,1,0,3,30.0,2,4999,0.10663082437275995,0.031810035842293916
51,0,1,1,0,3,30.0,2,7919,0.0976702508960573,0.0015681003584229192
51,0,1,1,0,3,30.0,2,104729,0.0981182795698925,0.0017921146953405742
52,0,1,1,1,0,1.0,0,1729,0.35416666666666663,-0.07291666666666669
52,0,1,1,1,0,1.0,0,3253,0.40625,0.125
52,0,1,1,1,0,1.0,0,4999,0.39583333333333337,0.15625000000000006
52,0,1,1,1,0,1.0,0,7919,0.3958333333333333,0.052083333333333315
52,0,1,1,1,0,1.0,0,104729,0.5729166666666667,0.13541666666666674
53,0,1,1,1,1,3.0,0,1729,0.29166666666666663,0.062499999999999944
53,0,1,1,1,1,3.0,0,3253,0.5052083333333333,0.04166666666666663
53,0,1,1,1,1,3.0,0,4999,0.5416666666666666,0.05208333333333337
53,0,1,1,1,1,3.0,0,7919,0.40625,0.03125
53,0,1,1,1,1,3.0,0,104729,0.31249999999999994,0.05729166666666663
54,0,1,1,1,2,10.0,0,1729,0.39772727272727276,0.037878787878787845
54,0,1,1,1,2,10.0,0,3253,0.46969696969696967,0.07765151515151514
54,0,1,1,1,2,10.0,0,4999,0.37310606060606066,0.009469696969697017
54,0,1,1,1,2,10.0,0,7919,0.22159090909090912,0.030303030303030276
54,0,1,1,1,2,10.0,0,104729,0.20833333333333331,0.017045454545454586
55,0,1,1,1,3,30.0,0,1729,0.4099462365591398,0.03091397849462363
55,0,1,1,1,3,30.0,0,3253,0.2762096774193548,0.07258064516129026
55,0,1,1,1,3,30.0,0,4999,0.28561827956989244,-0.15725806451612911
55,0,1,1,1,3,30.0,0,7919,0.3864247311827957,0.01814516129032251
55,0,1,1,1,3,30.0,0,104729,0.19287634408602156,-0.050403225806451624
56,0,1,1,2,0,1.0,1,1729,0.4322916666666667,0.08333333333333337
56,0,1,1,2,0,1.0,1,3253,0.23958333333333331,-0.06770833333333337
56,0,1,1,2,0,1.0,1,4999,0.26562500000000006,0.046875
56,0,1,1,2,0,1.0,1,7919,0.34895833333333337,-0.01041666666666663
56,0,1,1,2,0,1.0,1,104729,0.2760416666666667,0.21354166666666669
57,0,1,1,2,1,3.0,1,1729,0.46093750000000006,0.02083333333333337
57,0,1,1,2,1,3.0,1,3253,0.37500000000000006,0.20052083333333337
57,0,1,1,2,1,3.0,1,4999,0.33072916666666663,0.01822916666666663
57,0,1,1,2,1,3.0,1,7919,0.2265625,0.0
57,0,1,1,2,1,3.0,1,104729,0.2630208333333333,-0.02864583333333337
58,0,1,1,2,2,10.0,1,1729,0.25662878787878785,0.014204545454545414
58,0,1,1,2,2,10.0,1,3253,0.027462121212121215,0.09848484848484845
58,0,1,1,2,2,10.0,1,4999,0.1477272727272727,-0.08712121212121215
58,0,1,1,2,2,10.0,1,7919,0.1875,-0.03314393939393945
58,0,1,1,2,2,10.0,1,104729,0.17234848484848486,0.13446969696969702
59,0,1,1,2,3,30.0,1,1729,0.19153225806451613,-0.0366263440860215
59,0,1,1,2,3,30.0,1,3253,0.25033602150537637,-0.0006720430107526321
59,0,1,1,2,3,30.0,1,4999,0.06653225806451613,-0.02116935483870963
59,0,1,1,2,3,30.0,1,7919,0.26008064516129037,0.014112903225806495
59,0,1,1,2,3,30.0,1,104729,0.22983870967741937,0.15625
60,0,1,2,0,0,1.0,0,1729,0.5520833333333334,0.08333333333333337
60,0,1,2,0,0,1.0,0,3253,0.5833333333333333,0.07291666666666663
60,0,1,2,0,0,1.0,0,4999,0.5625,0.07291666666666663
60,0,1,2,0,0,1.0,0,7919,0.44791666666666663,0.125
60,0,1,2,0,0,1.0,0,104729,0.6041666666666666,0.11458333333333326
61,0,1,2,0,1,3.0,0,1729,0.4114583333333333,0.06770833333333326
61,0,1,2,0,1,3.0,0,3253,0.46875,0.05208333333333337
61,0,1,2,0,1,3.0,0,4999,0.5520833333333333,0.05729166666666663
61,0,1,2,0,1,3.0,0,7919,0.49479166666666663,0.05208333333333326
61,0,1,2,0,1,3.0,0,104729,0.5572916666666666,0.04166666666666663
62,0,1,2,0,2,10.0,0,1729,0.4678030303030303,0.01325757575757569
62,0,1,2,0,2,10.0,0,3253,0.4564393939393939,0.030303030303030276
62,0,1,2,0,2,10.0,0,4999,0.46212121212121215,0.03977272727272729
62,0,1,2,0,2,10.0,0,7919,0.42045454545454547,0.011363636363636354
62,0,1,2,0,2,10.0,0,104729,0.47348484848484845,0.017045454545454475
63,0,1,2,0,3,30.0,0,1729,0.5060483870967742,-0.013440860215053752
63,0,1,2,0,3,30.0,0,3253,0.4711021505376344,0.006048387096774133
63,0,1,2,0,3,30.0,0,4999,0.4751344086021505,0.020161290322580627
63,0,1,2,0,3,30.0,0,7919,0.45161290322580644,-0.0006720430107527431
63,0,1,2,0,3,30.0,0,104729,0.3568548387096774,-0.012096774193548376
64,0,1,2,1,0,1.0,1,1729,0.5625,0.05729166666666663
64,0,1,2,1,0,1.0,1,3253,0.5572916666666666,0.05208333333333326
64,0,1,2,1,0,1.0,1,4999,0.5885416666666667,0.03645833333333337
64,0,1,2,1,0,1.0,1,7919,0.6041666666666666,0.04166666666666663
64,0,1,2,1,0,1.0,1,104729,0.546875,0.03645833333333326
65,0,1,2,1,1,3.0,1,1729,0.5234375,0.01041666666666674
65,0,1,2,1,1,3.0,1,3253,0.4088541666666667,0.02864583333333337
65,0,1,2,1,1,3.0,1,4999,0.42187500000000006,0.04947916666666674
65,0,1,2,1,1,3.0,1,7919,0.4583333333333333,0.03125
65,0,1,2,1,1,3.0,1,104729,0.3645833333333333,-0.01041666666666674
66,0,1,2,1,2,10.0,1,1729,0.3712121212121212,0.0018939393939394478
66,0,1,2,1,2,10.0,1,3253,0.3702651515151515,0.004734848484848508
66,0,1,2,1,2,10.0,1,4999,0.20454545454545459,0.011363636363636354
66,0,1,2,1,2,10.0,1,7919,0.3967803030303031,-0.006628787878787845
66,0,1,2,1,2,10.0,1,104729,0.37215909090909094,0.0037878787878787845
67,0,1,2,1,3,30.0,1,1729,0.24428763440860213,-0.011760752688172116
67,0,1,2,1,3,30.0,1,3253,0.27654569892473113,-0.0026881720430107503
67,0,1,2,1,3,30.0,1,4999,0.2973790322580646,0.019153225806451624
67,0,1,2,1,3,30.0,1,7919,0.26108870967741926,0.0
67,0,1,2,1,3,30.0,1,104729,0.18178763440860213,0.020161290322580627
68,0,1,2,2,0,1.0,2,1729,0.4652777777777778,0.03125
68,0,1,2,2,0,1.0,2,3253,0.4236111111111111,0.02083333333333337
68,0,1,2,2,0,1.0,2,4999,0.3680555555555555,0.02430555555555558
68,0,1,2,2,0,1.0,2,7919,0.36111111111111105,0.01736111111111105
68,0,1,2,2,0,1.0,2,104729,0.29861111111111116,0.03472222222222232
69,0,1,2,2,1,3.0,2,1729,0.36111111111111116,0.02604166666666663
69,0,1,2,2,1,3.0,2,3253,0.18055555555555558,0.06944444444444442
69,0,1,2,2,1,3.0,2,4999,0.23958333333333337,0.00520833333333337
69,0,1,2,2,1,3.0,2,7919,0.26041666666666674,0.00347222222222221
69,0,1,2,2,1,3.0,2,104729,0.140625,0.06944444444444442
70,0,1,2,2,2,10.0,2,1729,0.10669191919191923,0.02777777777777779
70,0,1,2,2,2,10.0,2,3253,0.16540404040404044,0.010101010101010055
70,0,1,2,2,2,10.0,2,4999,0.2809343434343434,-0.011363636363636354
70,0,1,2,2,2,10.0,2,7919,0.15214646464646475,0.027146464646464752
70,0,1,2,2,2,10.0,2,104729,0.288510101010101,0.010101010101010055
71,0,1,2,2,3,30.0,2,1729,0.189516129032258,0.044130824372759836
71,0,1,2,2,3,30.0,2,3253,0.11178315412186379,-0.007616487455197163
71,0,1,2,2,3,30.0,2,4999,0.17293906810035842,0.04614695340501784
71,0,1,2,2,3,30.0,2,7919,0.2724014336917562,0.03248207885304655
71,0,1,2,2,3,30.0,2,104729,0.2289426523297492,0.03158602150537637
72,0,2,0,0,0,1.0,2,1729,0.03125,-0.07986111111111116
72,0,2,0,0,0,1.0,2,3253,0.07291666666666663,0.125
72,0,2,0,0,0,1.0,2,4999,0.07986111111111116,-0.07986111111111105
72,0,2,0,0,0,1.0,2,7919,0.13194444444444453,0.12152777777777779
72,0,2,0,0,0,1.0,2,104729,-0.17013888888888884,-0.09027777777777779
73,0,2,0,0,1,3.0,2,1729,0.01736111111111105,-0.04166666666666674
73,0,2,0,0,1,3.0,2,3253,-0.05555555555555558,-0.07291666666666674
73,0,2,0,0,1,3.0,2,4999,0.09548611111111105,0.09895833333333326
73,0,2,0,0,1,3.0,2,7919,0.06423611111111105,0.0625
73,0,2,0,0,1,3.0,2,104729,-0.046875,-0.07291666666666663
74,0,2,0,0,2,10.0,2,1729,0.004419191919191934,-0.016414141414141437
74,0,2,0,0,2,10.0,2,3253,0.0006313131313130382,0.022727272727272707
74,0,2,0,0,2,10.0,2,4999,-0.011363636363636354,-0.016414141414141437
74,0,2,0,0,2,10.0,2,7919,-0.0063131313131313815,-0.026515151515151603
74,0,2,0,0,2,10.0,2,104729,0.015782828282828287,0.03598484848484851
75,0,2,0,0,3,30.0,2,1729,-0.0029121863799282943,-0.005824372759856589
75,0,2,0,0,3,30.0,2,3253,0.01545698924731187,0.011648745519713288
75,0,2,0,0,3,30.0,2,4999,0.01008064516129037,0.01232078853046592
75,0,2,0,0,3,30.0,2,7919,0.0051523297491038456,0.012096774193548376
75,0,2,0,0,3,30.0,2,104729,-0.0017921146953404632,-0.005824372759856589
76,0,2,0,1,0,1.0,0,1729,0.08333333333333334,0.03125
76,0,2,0,1,0,1.0,0,3253,0.07291666666666666,-0.09375000000000003
76,0,2,0,1,0,1.0,0,4999,0.0625,0.19791666666666669
76,0,2,0,1,0,1.0,0,7919,0.22916666666666669,0.19791666666666669
76,0,2,0,1,0,1.0,0,104729,0.0625,0.020833333333333343
77,0,2,0,1,1,3.0,0,1729,0.13020833333333331,-0.015625
77,0,2,0,1,1,3.0,0,3253,0.08333333333333331,0.19791666666666666
77,0,2,0,1,1,3.0,0,4999,-0.16666666666666666,-0.03125
77,0,2,0,1,1,3.0,0,7919,0.19791666666666669,0.21354166666666669
77,0,2,0,1,1,3.0,0,104729,-0.20833333333333334,0.041666666666666664
78,0,2,0,1,2,10.0,0,1729,0.015151515151515138,0.12500000000000006
78,0,2,0,1,2,10.0,0,3253,0.0625,-0.06439393939393934
78,0,2,0,1,2,10.0,0,4999,-0.11174242424242425,-0.1268939393939394
78,0,2,0,1,2,10.0,0,7919,0.07575757575757569,0.07007575757575757
78,0,2,0,1,2,10.0,0,104729,-0.02651515151515149,0.06628787878787884
79,0,2,0,1,3,30.0,0,1729,-0.04166666666666663,-0.12903225806451613
79,0,2,0,1,3,30.0,0,3253,-0.04166666666666663,0.0033602150537633824
79,0,2,0,1,3,30.0,0,4999,-0.07997311827956993,0.023521505376344065
79,0,2,0,1,3,30.0,0,7919,0.04435483870967738,-0.04704301075268824
79,0,2,0,1,3,30.0,0,104729,-0.025537634408602128,-0.08803763440860213
80,0,2,0,2,0,1.0,1,1729,0.22916666666666663,0.19791666666666663
80,0,2,0,2,0,1.0,1,3253,-0.24479166666666666,-0.005208333333333329
80,0,2,0,2,0,1.0,1,4999,0.21354166666666669,0.041666666666666685
80,0,2,0,2,0,1.0,1,7919,-0.140625,0.005208333333333336
80,0,2,0,2,0,1.0,1,104729,0.18229166666666669,0.22395833333333334
81,0,2,0,2,1,3.0,1,1729,-0.057291666666666685,0.1015625
81,0,2,0,2,1,3.0,1,3253,0.11979166666666667,-0.11197916666666669
81,0,2,0,2,1,3.0,1,4999,-0.2578125,-0.0625
81,0,2,0,2,1,3.0,1,7919,0.25260416666666663,0.20312499999999994
81,0,2,0,2,1,3.0,1,104729,-0.15625000000000006,-0.15625000000000006
82,0,2,0,2,2,10.0,1,1729,-0.11742424242424243,-0.12405303030303028
82,0,2,0,2,2,10.0,1,3253,-0.02840909090909094,0.09848484848484845
82,0,2,0,2,2,10.0,1,4999,0.26041666666666663,0.11931818181818177
82,0,2,0,2,2,10.0,1,7919,-0.025568181818181823,-0.09659090909090906
82,0,2,0,2,2,10.0,1,104729,0.0984848484848484,0.08143939393939392
83,0,2,0,2,3,30.0,1,1729,0.06350806451612906,0.08232526881720431
83,0,2,0,2,3,30.0,1,3253,-0.027889784946236507,-0.018817204301075252
83,0,2,0,2,3,30.0,1,4999,0.032594086021505375,-0.05913978494623656
83,0,2,0,2,3,30.0,1,7919,-0.09072580645161288,-0.12466397849462363
83,0,2,0,2,3,30.0,1,104729,-0.09744623655913981,-0.06989247311827956
84,0,2,1,0,0,1.0,0,1729,0.34375,-0.05208333333333337
84,0,2,1,0,0,1.0,0,3253,0.46875,0.20833333333333337
84,0,2,1,0,0,1.0,0,4999,0.44791666666666674,0.08333333333333337
84,0,2,1,0,0,1.0,0,7919,0.5,0.08333333333333326
84,0,2,1,0,0,1.0,0,104729,0.5,0.19791666666666663
85,0,2,1,0,1,3.0,0,1729,0.35937499999999994,0.046875
85,0,2,1,0,1,3.0,0,3253,0.39583333333333337,0.046875
85,0,2,1,0,1,3.0,0,4999,0.21354166666666666,-0.06250000000000006
85,0,2,1,0,1,3.0,0,7919,0.19270833333333331,-0.06770833333333337
85,0,2,1,0,1,3.0,0,104729,0.3229166666666667,0.02604166666666663
86,0,2,1,0,2,10.0,0,1729,0.331439393939394,0.007575757575757569
86,0,2,1,0,2,10.0,0,3253,0.375,0.017045454545454586
86,0,2,1,0,2,10.0,0,4999,0.3712121212121212,0.017045454545454586
86,0,2,1,0,2,10.0,0,7919,0.26325757575757575,-0.03409090909090917
86,0,2,1,0,2,10.0,0,104729,0.3200757575757575,0.08901515151515149
87,0,2,1,0,3,30.0,0,1729,0.29099462365591394,-0.0013440860215053752
87,0,2,1,0,3,30.0,0,3253,0.2688172043010752,-0.027553763440860246
87,0,2,1,0,3,30.0,0,4999,0.2923387096774193,0.024193548387096753
87,0,2,1,0,3,30.0,0,7919,0.2862903225806452,0.01545698924731187
87,0,2,1,0,3,30.0,0,104729,0.3030913978494623,0.002016129032258007
88,0,2,1,1,0,1.0,1,1729,0.3541666666666667,0.05729166666666674
88,0,2,1,1,0,1.0,1,3253,0.5,0.0625
88,0,2,1,1,0,1.0,1,4999,0.39062499999999994,0.078125
88,0,2,1,1,0,1.0,1,7919,0.296875,0.15625
88,0,2,1,1,0,1.0,1,104729,0.3802083333333333,0.05208333333333326
89,0,2,1,1,1,3.0,1,1729,0.37500000000000006,0.01302083333333337
89,0,2,1,1,1,3.0,1,3253,0.23697916666666663,0.015625
89,0,2,1,1,1,3.0,1,4999,0.3046875,0.1015625
89,0,2,1,1,1,3.0,1,7919,0.20312500000000006,0.0026041666666667407
89,0,2,1,1,1,3.0,1,104729,0.11458333333333337,-0.0390625
90,0,2,1,1,2,10.0,1,1729,0.10132575757575757,-0.029356060606060552
90,0,2,1,1,2,10.0,1,3253,0.20170454545454541,0.04640151515151514
90,0,2,1,1,2,10.0,1,4999,0.04924242424242431,0.007575757575757569
90,0,2,1,1,2,10.0,1,7919,0.38257575757575757,0.07196969696969702
90,0,2,1,1,2,10.0,1,104729,0.22159090909090906,0.018939393939393923
91,0,2,1,1,3,30.0,1,1729,0.12903225806451613,-0.04603494623655913
91,0,2,1,1,3,30.0,1,3253,0.19018817204301075,0.02116935483870963
91,0,2,1,1,3,30.0,1,4999,0.2113575268817205,0.016801075268817245
91,0,2,1,1,3,30.0,1,7919,0.196236559139785,-0.0006720430107526321
91,0,2,1,1,3,30.0,1,104729,0.19422043010752688,-0.003696236559139865
92,0,2,1,2,0,1.0,2,1729,0.24652777777777773,0.01041666666666663
92,0,2,1,2,0,1.0,2,3253,0.3090277777777778,-0.05902777777777779
92,0,2,1,2,0,1.0,2,4999,0.19791666666666663,0.04166666666666663
92,0,2,1,2,0,1.0,2,7919,0.41666666666666674,0.125
92,0,2,1,2,0,1.0,2,104729,0.3402777777777778,0.04513888888888884
93,0,2,1,2,1,3.0,2,1729,0.1440972222222222,-0.04861111111111116
93,0,2,1,2,1,3.0,2,3253,0.10416666666666663,-0.12152777777777779
93,0,2,1,2,1,3.0,2,4999,0.14756944444444442,-0.03993055555555558
93,0,2,1,2,1,3.0,2,7919,0.21701388888888884,0.00694444444444442
93,0,2,1,2,1,3.0,2,104729,0.2690972222222222,0.07118055555555558
94,0,2,1,2,2,10.0,2,1729,0.07954545454545459,0.025252525252525304
94,0,2,1,2,2,10.0,2,3253,0.05618686868686873,-0.05429292929292928
94,0,2,1,2,2,10.0,2,4999,0.09027777777777779,0.08017676767676762
94,0,2,1,2,2,10.0,2,7919,0.10037878787878796,-0.0037878787878787845
94,0,2,1,2,2,10.0,2,104729,0.1142676767676768,0.09848484848484851
95,0,2,1,2,3,30.0,2,1729,0.1635304659498208,0.07011648745519716
95,0,2,1,2,3,30.0,2,3253,0.1577060931899642,0.006272401433691788
95,0,2,1,2,3,30.0,2,4999,0.10931899641577059,-0.024193548387096753
95,0,2,1,2,3,30.0,2,7919,0.00963261648745517,-0.04950716845878134
95,0,2,1,2,3,30.0,2,104729,0.05085125448028671,-0.11805555555555558
96,0,2,2,0,0,1.0,1,1729,0.5104166666666667,0.04166666666666674
96,0,2,2,0,0,1.0,1,3253,0.48437500000000006,0.04166666666666674
96,0,2,2,0,0,1.0,1,4999,0.5052083333333334,0.04166666666666674
96,0,2,2,0,0,1.0,1,7919,0.48958333333333337,0.05729166666666674
96,0,2,2,0,0,1.0,1,104729,0.5052083333333333,0.046875
97,0,2,2,0,1,3.0,1,1729,0.44791666666666663,0.0234375
97,0,2,2,0,1,3.0,1,3253,0.4427083333333333,0.02604166666666663
97,0,2,2,0,1,3.0,1,4999,0.43489583333333337,0.02083333333333337
97,0,2,2,0,1,3.0,1,7919,0.42708333333333337,0.02083333333333337
97,0,2,2,0,1,3.0,1,104729,0.4401041666666667,0.0234375
98,0,2,2,0,2,10.0,1,1729,0.3702651515151516,0.007575757575757569
98,0,2,2,0,2,10.0,1,3253,0.36837121212121215,0.007575757575757569
98,0,2,2,0,2,10.0,1,4999,0.33712121212121204,0.008522727272727293
98,0,2,2,0,2,10.0,1,7919,0.36458333333333337,0.007575757575757569
98,0,2,2,0,2,10.0,1,104729,0.36458333333333337,0.0028409090909091717
99,0,2,2,0,3,30.0,1,1729,0.3276209677419355,-0.005712365591397872
99,0,2,2,0,3,30.0,1,3253,0.32493279569892475,-0.005376344086021501
99,0,2,2,0,3,30.0,1,4999,0.32392473118279563,-0.003024193548387122
99,0,2,2,0,3,30.0,1,7919,0.324260752688172,-0.006048387096774244
99,0,2,2,0,3,30.0,1,104729,0.3262768817204301,-0.0033602150537634934
100,0,2,2,1,0,1.0,2,1729,0.41666666666666663,0.02777777777777768
100,0,2,2,1,0,1.0,2,3253,0.40277777777777773,0.03125
100,0,2,2,1,0,1.0,2,4999,0.37152777777777773,0.03472222222222221
100,0,2,2,1,0,1.0,2,7919,0.45138888888888884,0.04166666666666663
100,0,2,2,1,0,1.0,2,104729,0.41666666666666663,0.02777777777777768
101,0,2,2,1,1,3.0,2,1729,0.3194444444444444,0.015625
101,0,2,2,1,1,3.0,2,3253,0.3159722222222222,0.01388888888888884
101,0,2,2,1,1,3.0,2,4999,0.26736111111111105,0.01388888888888884
101,0,2,2,1,1,3.0,2,7919,0.30729166666666674,0.01215277777777779
101,0,2,2,1,1,3.0,2,104729,0.2934027777777778,0.015625
102,0,2,2,1,2,10.0,2,1729,0.19886363636363635,-0.007575757575757569
102,0,2,2,1,2,10.0,2,3253,0.24368686868686862,0.005050505050505083
102,0,2,2,1,2,10.0,2,4999,0.2607323232323233,0.005050505050505083
102,0,2,2,1,2,10.0,2,7919,0.2594696969696969,0.005681818181818121
102,0,2,2,1,2,10.0,2,104729,0.21717171717171724,0.005050505050505083
103,0,2,2,1,3,30.0,2,1729,0.21303763440860213,0.02665770609318996
103,0,2,2,1,3,30.0,2,3253,0.2475358422939068,0.02083333333333337
103,0,2,2,1,3,30.0,2,4999,0.19892473118279574,-0.0013440860215053752
103,0,2,2,1,3,30.0,2,7919,0.2099014336917563,-0.0038082437275984704
103,0,2,2,1,3,30.0,2,104729,0.23812724014336917,0.019937275985663083
104,0,2,2,2,0,1.0,0,1729,0.28125,0.09375
104,0,2,2,2,0,1.0,0,3253,0.5104166666666666,0.08333333333333326
104,0,2,2,2,0,1.0,0,4999,0.3333333333333333,-0.031250000000000056
104,0,2,2,2,0,1.0,0,7919,0.5,0.23958333333333337
104,0,2,2,2,0,1.0,0,104729,0.35416666666666663,0.0625
105,0,2,2,2,1,3.0,0,1729,0.40625,0.05208333333333337
105,0,2,2,2,1,3.0,0,3253,0.25520833333333337,-0.041666666666666685
105,0,2,2,2,1,3.0,0,4999,0.484375,0.13541666666666674
105,0,2,2,2,1,3.0,0,7919,0.43229166666666663,0.11979166666666663
105,0,2,2,2,1,3.0,0,104729,0.44270833333333337,0.09375
106,0,2,2,2,2,10.0,0,1729,0.22537878787878785,-0.08143939393939392
106,0,2,2,2,2,10.0,0,3253,0.39583333333333337,0.09090909090909094
106,0,2,2,2,2,10.0,0,4999,0.5132575757575757,0.017045454545454586
106,0,2,2,2,2,10.0,0,7919,0.4640151515151515,0.018939393939393923
106,0,2,2,2,2,10.0,0,104729,0.35795454545454547,0.07954545454545459
107,0,2,2,2,3,30.0,0,1729,0.44556451612903225,-0.016801075268817245
107,0,2,2,2,3,30.0,0,3253,0.34341397849462363,0.11021505376344087
107,0,2,2,2,3,30.0,0,4999,0.18145161290322576,-0.0033602150537634934
107,0,2,2,2,3,30.0,0,7919,0.469758064516129,0.13776881720430112
107,0,2,2,2,3,30.0,0,104729,0.489247311827957,0.1518817204301075
108,1,0,0,0,0,1.0,1,1729,0.01909722222222221,0.017361111111111105
108,1,0,0,0,0,1.0,1,3253,0.03645833333333337,0.01909722222222221
108,1,0,0,0,0,1.0,1,4999,-0.08333333333333345,0.01909722222222221
108,1,0,0,0,0,1.0,1,7919,0.0625,0.020833333333333315
108,1,0,0,0,0,1.0,1,104729,0.331597222222222,0.02777777777777779
109,1,0,0,0,1,3.0,1,1729,-0.08940972222222238,0.013020833333333315
109,1,0,0,0,1,3.0,1,3253,-0.08333333333333343,0.011284722222222154
109,1,0,0,0,1,3.0,1,4999,-0.005208333333333426,0.01388888888888884
109,1,0,0,0,1,3.0,1,7919,-0.00868055555555547,0.01388888888888884
109,1,0,0,0,1,3.0,1,104729,0.04600694444444453,0.015625
110,1,0,0,0,2,10.0,1,1729,-0.019255050505050608,0.013573232323232376
110,1,0,0,0,2,10.0,1,3253,-0.005997474747474807,0.004103535353535248
110,1,0,0,0,2,10.0,1,4999,-0.025568181818181768,0.004419191919191934
110,1,0,0,0,2,10.0,1,7919,-0.019886363636363535,0.004419191919191934
110,1,0,0,0,2,10.0,1,104729,-0.03598484848484851,0.004419191919191823
111,1,0,0,0,3,30.0,1,1729,-0.014112903225806606,0.0013440860215053752
111,1,0,0,0,3,30.0,1,3253,-0.021505376344086002,0.0013440860215053752
111,1,0,0,0,3,30.0,1,4999,-0.011984767025089549,0.0008960573476702871
111,1,0,0,0,3,30.0,1,7919,0.02856182795698925,0.0014560931899642027
111,1,0,0,0,3,30.0,1,104729,-0.00739247311827973,0.0016801075268817467
112,1,0,0,1,0,1.0,2,1729,0.1365740740740734,0.04398148148148129
112,1,0,0,1,0,1.0,2,3253,0.05902777777777796,0.006944444444444475
112,1,0,0,1,0,1.0,2,4999,-0.004629629629629539,0.028935185185185286
112,1,0,0,1,0,1.0,2,7919,0.09606481481481471,-0.020833333333333537
112,1,0,0,1,0,1.0,2,104729,0.09722222222222227,0.030092592592592726
113,1,0,0,1,1,3.0,2,1729,-0.04861111111111116,0.00752314814814814
113,1,0,0,1,1,3.0,2,3253,-0.03877314814814836,0.007523148148148029
113,1,0,0,1,1,3.0,2,4999,-0.03761574074074081,-0.0028935185185186008
113,1,0,0,1,1,3.0,2,7919,-0.02951388888888884,-0.0011574074074074403
113,1,0,0,1,1,3.0,2,104729,-0.03993055555555547,0.007523148148148251
114,1,0,0,1,2,10.0,2,1729,0.02967171717171746,0.0031565656565657463
114,1,0,0,1,2,10.0,2,3253,-0.021675084175084236,0.027567340067340296
114,1,0,0,1,2,10.0,2,4999,0.03829966329966328,0.03472222222222221
114,1,0,0,1,2,10.0,2,7919,0.022937710437710424,-0.03409090909090906
114,1,0,0,1,2,10.0,2,104729,-0.019570707070707072,-0.010732323232323204
115,1,0,0,1,3,30.0,2,1729,0.038381123058542355,0.0005973715651134137
115,1,0,0,1,3,30.0,2,3253,-0.02113201911589002,0.0010454002389487238
115,1,0,0,1,3,30.0,2,4999,-0.025910991636797887,0.005525686977299937
115,1,0,0,1,3,30.0,2,7919,-0.03830645161290325,-0.014859617682198234
115,1,0,0,1,3,30.0,2,104729,0.018369175627240053,0.018219832735961727
116,1,0,0,2,0,1.0,0,1729,0.11805555555555557,0.020833333333333343
116,1,0,0,2,0,1.0,0,3253,0.05208333333333333,0.013888888888888888
116,1,0,0,2,0,1.0,0,4999,0.13194444444444445,0.010416666666666657
116,1,0,0,2,0,1.0,0,7919,0.15972222222222224,0.055555555555555566
116,1,0,0,2,0,1.0,0,104729,0.08680555555555555,0.00694444444444442
117,1,0,0,2,1,3.0,0,1729,0.125,0.0
117,1,0,0,2,1,3.0,0,3253,0.25347222222222215,0.02604166666666674
117,1,0,0,2,1,3.0,0,4999,0.0833333333333333,0.024305555555555552
117,1,0,0,2,1,3.0,0,7919,-0.017361111111111133,0.005208333333333329
117,1,0,0,2,1,3.0,0,104729,0.1128472222222222,0.012152777777777776
118,1,0,0,2,2,10.0,0,1729,0.33585858585858613,-0.0075757575757575135
118,1,0,0,2,2,10.0,0,3253,0.19128787878787884,0.023989898989899006
118,1,0,0,2,2,10.0,0,4999,0.14898989898989884,0.029671717171717127
118,1,0,0,2,2,10.0,0,7919,0.25063131313131287,0.0290404040404037
118,1,0,0,2,2,10.0,0,104729,0.20770202020202003,0.03409090909090884
119,1,0,0,2,3,30.0,0,1729,0.06944444444444481,-0.016129032258064058
119,1,0,0,2,3,30.0,0,3253,0.11939964157706091,0.002016129032258007
119,1,0,0,2,3,30.0,0,4999,-0.02531362007168453,-0.06586021505376341
119,1,0,0,2,3,30.0,0,7919,0.05533154121863801,0.00022401433691754402
119,1,0,0,2,3,30.0,0,104729,-0.03405017921146952,0.027105734767025103
120,1,0,1,0,0,1.0,2,1729,0.40624999999999983,0.02430555555555558
120,1,0,1,0,0,1.0,2,3253,0.3611111111111112,-0.009259259259259078
120,1,0,1,0,0,1.0,2,4999,0.35532407407407396,0.0092592592592593
120,1,0,1,0,0,1.0,2,7919,0.4004629629629627,0.02662037037037024
120,1,0,1,0,0,1.0,2,104729,0.35185185185185186,0.02546296296296291
121,1,0,1,0,1,3.0,2,1729,0.2829861111111114,0.012731481481481621
121,1,0,1,0,1,3.0,2,3253,0.2621527777777779,0.01446759259259256
121,1,0,1,0,1,3.0,2,4999,0.19212962962962965,0.00983796296296291
121,1,0,1,0,1,3.0,2,7919,0.2314814814814814,0.01273148148148151
121,1,0,1,0,1,3.0,2,104729,0.23263888888888884,0.01041666666666663
122,1,0,1,0,2,10.0,2,1729,0.29734848484848486,0.0037878787878787845
122,1,0,1,0,2,10.0,2,3253,0.16687710437710435,0.002525252525252375
122,1,0,1,0,2,10.0,2,4999,0.2577861952861954,0.0023148148148148806
122,1,0,1,0,2,10.0,2,7919,0.19570707070707083,0.0031565656565656353
122,1,0,1,0,2,10.0,2,104729,0.21212121212121215,0.001052188552188582
123,1,0,1,0,3,30.0,2,1729,0.15016427718040615,-0.003882915173237911
123,1,0,1,0,3,30.0,2,3253,0.16621863799283154,0.003285543608124275
123,1,0,1,0,3,30.0,2,4999,0.15464456391875758,0.004405615292712106
123,1,0,1,0,3,30.0,2,7919,0.23894862604540013,-0.01500896057347667
123,1,0,1,0,3,30.0,2,104729,0.1454599761051375,0.0012694145758661568
124,1,0,1,1,0,1.0,0,1729,0.4618055555555556,0.05208333333333337
124,1,0,1,1,0,1.0,0,3253,0.4895833333333333,0.052083333333333315
124,1,0,1,1,0,1.0,0,4999,0.3194444444444444,0.03472222222222221
124,1,0,1,1,0,1.0,0,7919,0.40625000000000006,0.04861111111111116
124,1,0,1,1,0,1.0,0,104729,0.3993055555555556,0.038194444444444475
125,1,0,1,1,1,3.0,0,1729,0.654513888888889,0.03298611111111116
125,1,0,1,1,1,3.0,0,3253,0.49826388888888884,0.09027777777777785
125,1,0,1,1,1,3.0,0,4999,0.3559027777777778,0.048611111111111216
125,1,0,1,1,1,3.0,0,7919,0.453125,0.01736111111111116
125,1,0,1,1,1,3.0,0,104729,0.5416666666666666,0.06597222222222221
126,1,0,1,1,2,10.0,0,1729,0.4318181818181818,0.10542929292929293
126,1,0,1,1,2,10.0,0,3253,0.2828282828282828,0.053661616161616243
126,1,0,1,1,2,10.0,0,4999,0.4450757575757575,0.011363636363636354
126,1,0,1,1,2,10.0,0,7919,0.4602272727272727,0.007575757575757458
126,1,0,1,1,2,10.0,0,104729,0.39835858585858597,-0.032828282828282984
127,1,0,1,1,3,30.0,0,1729,0.3225806451612903,-0.023297491039426577
127,1,0,1,1,3,30.0,0,3253,0.556899641577061,-0.01008064516129037
127,1,0,1,1,3,30.0,0,4999,0.44511648745519716,0.1653225806451613
127,1,0,1,1,3,30.0,0,7919,0.38642473118279574,0.03315412186379929
127,1,0,1,1,3,30.0,0,104729,0.36738351254480284,-0.018593189964157597
128,1,0,1,2,0,1.0,1,1729,0.23958333333333334,0.026041666666666685
128,1,0,1,2,0,1.0,1,3253,0.5086805555555555,0.0625
128,1,0,1,2,0,1.0,1,4999,0.3993055555555551,0.03298611111111105
128,1,0,1,2,0,1.0,1,7919,0.36458333333333315,0.03819444444444442
128,1,0,1,2,0,1.0,1,104729,0.4218750000000003,0.06597222222222221
129,1,0,1,2,1,3.0,1,1729,0.08854166666666669,-0.040798611111110994
129,1,0,1,2,1,3.0,1,3253,0.4678819444444444,0.0026041666666667407
129,1,0,1,2,1,3.0,1,4999,0.5026041666666663,0.005208333333333259
129,1,0,1,2,1,3.0,1,7919,0.019965277777777735,-0.005208333333333259
129,1,0,1,2,1,3.0,1,104729,0.3524305555555555,0.015625
130,1,0,1,2,2,10.0,1,1729,0.253156565656565,0.025252525252525082
130,1,0,1,2,2,10.0,1,3253,0.27619949494949503,0.00568181818181801
130,1,0,1,2,2,10.0,1,4999,0.17518939393939414,0.03409090909090895
130,1,0,1,2,2,10.0,1,7919,0.21306818181818193,0.020517676767677462
130,1,0,1,2,2,10.0,1,104729,0.19886363636363635,0.042613636363636465
131,1,0,1,2,3,30.0,1,1729,0.15636200716845916,0.04726702508960623
131,1,0,1,2,3,30.0,1,3253,0.3280689964157703,0.027105734767024603
131,1,0,1,2,3,30.0,1,4999,-0.01702508960573479,0.05925179211469528
131,1,0,1,2,3,30.0,1,7919,0.14448924731182766,-0.010528673835125568
131,1,0,1,2,3,30.0,1,104729,0.3118279569892472,0.005600358422939156
132,1,0,2,0,0,1.0,0,1729,0.7152777777777778,0.07291666666666674
132,1,0,2,0,0,1.0,0,3253,0.6215277777777778,0.05902777777777779
132,1,0,2,0,0,1.0,0,4999,0.6770833333333333,0.06597222222222221
132,1,0,2,0,0,1.0,0,7919,0.7361111111111112,0.0659722222222221
132,1,0,2,0,0,1.0,0,104729,0.7604166666666665,0.07986111111111094
133,1,0,2,0,1,3.0,0,1729,0.5711805555555555,0.03125
133,1,0,2,0,1,3.0,0,3253,0.611111111111111,0.03298611111111105
133,1,0,2,0,1,3.0,0,4999,0.7256944444444444,0.03472222222222232
133,1,0,2,0,1,3.0,0,7919,0.6666666666666666,0.03298611111111105
133,1,0,2,0,1,3.0,0,104729,0.5902777777777779,0.03298611111111116
134,1,0,2,0,2,10.0,0,1729,0.5776515151515152,-0.008838383838383757
134,1,0,2,0,2,10.0,0,3253,0.524621212121212,-0.020202020202020332
134,1,0,2,0,2,10.0,0,4999,0.6376262626262625,0.005050505050505083
134,1,0,2,0,2,10.0,0,7919,0.6047979797979797,0.002525252525252375
134,1,0,2,0,2,10.0,0,104729,0.4943181818181818,-0.013257575757575801
135,1,0,2,0,3,30.0,0,1729,0.5255376344086021,-0.05913978494623673
135,1,0,2,0,3,30.0,0,3253,0.44399641577060944,0.0380824372759857
135,1,0,2,0,3,30.0,0,4999,0.49731182795698925,-0.11178315412186368
135,1,0,2,0,3,30.0,0,7919,0.2437275985663082,-0.025313620071684695
135,1,0,2,0,3,30.0,0,104729,0.4023297491039427,-0.07638888888888895
136,1,0,2,1,0,1.0,1,1729,0.6614583333333335,0.03125
136,1,0,2,1,0,1.0,1,3253,0.5746527777777777,0.03993055555555558
136,1,0,2,1,0,1.0,1,4999,0.6371527777777776,0.05034722222222199
136,1,0,2,1,0,1.0,1,7919,0.640625,0.05034722222222221
136,1,0,2,1,0,1.0,1,104729,0.6718749999999999,0.02777777777777768
137,1,0,2,1,1,3.0,1,1729,0.47395833333333337,-0.005208333333333259
137,1,0,2,1,1,3.0,1,3253,0.32899305555555575,0.02430555555555569
137,1,0,2,1,1,3.0,1,4999,0.6215277777777778,0.01822916666666663
137,1,0,2,1,1,3.0,1,7919,0.5694444444444446,0.02083333333333337
137,1,0,2,1,1,3.0,1,104729,0.5815972222222223,0.015625
138,1,0,2,1,2,10.0,1,1729,0.4210858585858586,-0.009469696969697017
138,1,0,2,1,2,10.0,1,3253,0.4823232323232323,0.00347222222222221
138,1,0,2,1,2,10.0,1,4999,0.40025252525252525,-0.01167929292929304
138,1,0,2,1,2,10.0,1,7919,0.4892676767676767,0.031565656565656464
138,1,0,2,1,2,10.0,1,104729,0.4690656565656565,-0.0006313131313130382
139,1,0,2,1,3,30.0,1,1729,0.32594086021505353,-0.024081541218638147
139,1,0,2,1,3,30.0,1,3253,0.40501792114695345,0.021729390681003546
139,1,0,2,1,3,30.0,1,4999,0.4038978494623654,-0.028785842293906905
139,1,0,2,1,3,30.0,1,7919,0.40636200716845866,0.1050627240143368
139,1,0,2,1,3,30.0,1,104729,0.3894489247311826,0.001344086021505153
140,1,0,2,2,0,1.0,2,1729,0.5451388888888891,0.02199074074074059
140,1,0,2,2,0,1.0,2,3253,0.5960648148148149,0.03009259259259267
140,1,0,2,2,0,1.0,2,4999,0.34374999999999994,0.015046296296296391
140,1,0,2,2,0,1.0,2,7919,0.44097222222222243,0.03703703703703709
140,1,0,2,2,0,1.0,2,104729,0.4618055555555556,0.02893518518518512
141,1,0,2,2,1,3.0,2,1729,0.4363425925925929,0.01099537037037046
141,1,0,2,2,1,3.0,2,3253,0.4971064814814814,0.03240740740740733
141,1,0,2,2,1,3.0,2,4999,0.2222222222222222,0.03067129629629639
141,1,0,2,2,1,3.0,2,7919,0.26678240740740744,0.0283564814814814
141,1,0,2,2,1,3.0,2,104729,0.300347222222222,0.03298611111111094
142,1,0,2,2,2,10.0,2,1729,0.3120791245791247,-0.010521885521885377
142,1,0,2,2,2,10.0,2,3253,0.3228114478114479,-0.03072390572390571
142,1,0,2,2,2,10.0,2,4999,0.08859427609427606,-0.012836700336700257
142,1,0,2,2,2,10.0,2,7919,0.35437710437710446,-0.005471380471380516
142,1,0,2,2,2,10.0,2,104729,0.36111111111111116,0.027356902356902357
143,1,0,2,2,3,30.0,2,1729,0.23327359617682186,0.0284498207885302
143,1,0,2,2,3,30.0,2,3253,0.144190561529271,0.019115890083631903
143,1,0,2,2,3,30.0,2,4999,0.2660543608124254,-0.015979689366786065
143,1,0,2,2,3,30.0,2,7919,0.31817502986857815,-0.0012694145758662678
143,1,0,2,2,3,30.0,2,104729,0.17652329749103934,0.014784946236559238
144,1,1,0,0,0,1.0,2,1729,-0.006944444444444475,0.04282407407407396
144,1,1,0,0,0,1.0,2,3253,0.0092592592592593,-0.015046296296295947
144,1,1,0,0,0,1.0,2,4999,-0.055555555555555636,0.008101851851851805
144,1,1,0,0,0,1.0,2,7919,0.16203703703703687,0.1851851851851849
144,1,1,0,0,0,1.0,2,104729,0.03240740740740733,-0.02314814814814803
145,1,1,0,0,1,3.0,2,1729,0.0017361111111109384,0.04745370370370361
145,1,1,0,0,1,3.0,2,3253,0.03414351851851838,0.008101851851851749
145,1,1,0,0,1,3.0,2,4999,-0.02083333333333326,0.04050925925925908
145,1,1,0,0,1,3.0,2,7919,0.0028935185185184897,0.005208333333333259
145,1,1,0,0,1,3.0,2,104729,-0.00405092592592593,0.004629629629629761
146,1,1,0,0,2,10.0,2,1729,0.007996632996633002,0.028619528619528656
146,1,1,0,0,2,10.0,2,3253,0.003577441077441179,0.001473063973064126
146,1,1,0,0,2,10.0,2,4999,0.009469696969696906,0.011153198653198526
146,1,1,0,0,2,10.0,2,7919,0.01094276094276092,-0.029882154882155065
146,1,1,0,0,2,10.0,2,104729,0.017255892255892413,-0.010521885521885377
147,1,1,0,0,3,30.0,2,1729,-0.006645758661887657,7.467144563921835e-05
147,1,1,0,0,3,30.0,2,3253,0.0016427718040622485,7.467144563921835e-05
147,1,1,0,0,3,30.0,2,4999,-0.011275388291517419,-0.0023148148148147696
147,1,1,0,0,3,30.0,2,7919,0.002165471923536333,0.004405615292711995
147,1,1,0,0,3,30.0,2,104729,-0.021804062126642765,-0.007392473118279619
148,1,1,0,1,0,1.0,0,1729,-0.031249999999999986,0.04166666666666668
148,1,1,0,1,0,1.0,0,3253,0.07986111111111108,0.03819444444444442
148,1,1,0,1,0,1.0,0,4999,-0.038194444444444434,0.010416666666666644
148,1,1,0,1,0,1.0,0,7919,0.20138888888888892,0.07291666666666669
148,1,1,0,1,0,1.0,0,104729,0.11805555555555562,0.013888888888888923
149,1,1,0,1,1,3.0,0,1729,0.10763888888888876,0.024305555555555525
149,1,1,0,1,1,3.0,0,3253,0.0190972222222221,0.012152777777777707
149,1,1,0,1,1,3.0,0,4999,0.04861111111111116,-0.01215277777777779
149,1,1,0,1,1,3.0,0,7919,-0.07465277777777773,-0.0034722222222221544
149,1,1,0,1,1,3.0,0,104729,0.11805555555555572,0.017361111111111216
150,1,1,0,1,2,10.0,0,1729,0.004419191919191989,0.09343434343434359
150,1,1,0,1,2,10.0,0,3253,0.0700757575757579,5.551115123125783e-17
150,1,1,0,1,2,10.0,0,4999,0.03851010101010094,-0.019570707070707127
150,1,1,0,1,2,10.0,0,7919,0.04166666666666652,0.003156565656565302
150,1,1,0,1,2,10.0,0,104729,0.066287878787879,0.06691919191919218
151,1,1,0,1,3,30.0,0,1729,0.04569892473118292,0.018369175627240275
151,1,1,0,1,3,30.0,0,3253,0.09744623655913948,0.05689964157706062
151,1,1,0,1,3,30.0,0,4999,-0.03225806451612906,-0.035618279569892386
151,1,1,0,1,3,30.0,0,7919,-0.040322580645161366,-0.013440860215053752
151,1,1,0,1,3,30.0,0,104729,-0.014336917562723706,0.010080645161290591
152,1,1,0,2,0,1.0,1,1729,-0.07118055555555557,-0.04340277777777772
152,1,1,0,2,0,1.0,1,3253,0.052083333333333454,-0.04166666666666646
152,1,1,0,2,0,1.0,1,4999,0.10243055555555561,0.052083333333333454
152,1,1,0,2,0,1.0,1,7919,0.017361111111111077,-0.05555555555555561
152,1,1,0,2,0,1.0,1,104729,0.1284722222222223,0.09375000000000006
153,1,1,0,2,1,3.0,1,1729,0.0842013888888889,0.01041666666666663
153,1,1,0,2,1,3.0,1,3253,-0.026041666666666796,0.06336805555555564
153,1,1,0,2,1,3.0,1,4999,0.12239583333333331,0.019965277777777846
153,1,1,0,2,1,3.0,1,7919,0.09548611111111105,0.06336805555555558
153,1,1,0,2,1,3.0,1,104729,-0.08333333333333331,-0.1623263888888889
154,1,1,0,2,2,10.0,1,1729,-0.007260101010100939,-0.0050505050505050275
154,1,1,0,2,2,10.0,1,3253,-0.02083333333333337,-0.013888888888888729
154,1,1,0,2,2,10.0,1,4999,0.010101010101010388,0.010732323232323537
154,1,1,0,2,2,10.0,1,7919,0.023674242424242042,0.07954545454545409
154,1,1,0,2,2,10.0,1,104729,0.027777777777777846,0.038194444444444475
155,1,1,0,2,3,30.0,1,1729,0.12869623655913964,0.10819892473118259
155,1,1,0,2,3,30.0,1,3253,0.045026881720429957,-0.0005600358422942486
155,1,1,0,2,3,30.0,1,4999,0.16767473118279558,0.058019713261648564
155,1,1,0,2,3,30.0,1,7919,0.06462813620071695,-0.006720430107526765
155,1,1,0,2,3,30.0,1,104729,-0.08982974910394292,-0.042786738351254794
156,1,1,1,0,0,1.0,0,1729,0.5972222222222221,0.05902777777777768
156,1,1,1,0,0,1.0,0,3253,0.2951388888888888,0.06597222222222221
156,1,1,1,0,0,1.0,0,4999,0.3229166666666667,0.11805555555555552
156,1,1,1,0,0,1.0,0,7919,0.3124999999999999,0.10416666666666663
156,1,1,1,0,0,1.0,0,104729,0.2951388888888889,0.12152777777777779
157,1,1,1,0,1,3.0,0,1729,0.23090277777777773,0.026041666666666685
157,1,1,1,0,1,3.0,0,3253,0.2569444444444444,0.027777777777777735
157,1,1,1,0,1,3.0,0,4999,0.3333333333333335,0.0538194444444447
157,1,1,1,0,1,3.0,0,7919,0.2725694444444443,0.05555555555555558
157,1,1,1,0,1,3.0,0,104729,0.3263888888888888,0.026041666666666408
158,1,1,1,0,2,10.0,0,1729,0.2922979797979799,-0.0454545454545453
158,1,1,1,0,2,10.0,0,3253,0.33585858585858586,0.12878787878787873
158,1,1,1,0,2,10.0,0,4999,0.2790404040404041,0.020833333333333315
158,1,1,1,0,2,10.0,0,7919,0.3737373737373736,0.0037878787878787845
158,1,1,1,0,2,10.0,0,104729,0.33964646464646464,0.0006313131313130382
159,1,1,1,0,3,30.0,0,1729,0.2860663082437276,-0.04480286738351269
159,1,1,1,0,3,30.0,0,3253,0.2394713261648745,-0.035394265232975064
159,1,1,1,0,3,30.0,0,4999,0.2750896057347671,-0.021729390681003546
159,1,1,1,0,3,30.0,0,7919,0.4074820788530465,0.0008960573476701761
159,1,1,1,0,3,30.0,0,104729,0.2538082437275981,-0.06160394265233016
160,1,1,1,1,0,1.0,1,1729,0.4982638888888889,0.05555555555555558
160,1,1,1,1,0,1.0,1,3253,0.5642361111111112,0.06076388888888895
160,1,1,1,1,0,1.0,1,4999,0.35937499999999994,0.03993055555555558
160,1,1,1,1,0,1.0,1,7919,0.39409722222222215,0.06944444444444442
160,1,1,1,1,0,1.0,1,104729,0.36458333333333337,0.16840277777777796
161,1,1,1,1,1,3.0,1,1729,0.38888888888888895,0.0581597222222221
161,1,1,1,1,1,3.0,1,3253,0.3446180555555553,0.015624999999999778
161,1,1,1,1,1,3.0,1,4999,0.4722222222222225,0.01909722222222232
161,1,1,1,1,1,3.0,1,7919,0.3064236111111113,-0.01822916666666663
161,1,1,1,1,1,3.0,1,104729,0.38194444444444453,0.004340277777777901
162,1,1,1,1,2,10.0,1,1729,0.21180555555555536,0.005997474747474696
162,1,1,1,1,2,10.0,1,3253,0.25505050505050497,-0.004419191919192045
162,1,1,1,1,2,10.0,1,4999,0.38131313131313144,0.056502525252525304
162,1,1,1,1,2,10.0,1,7919,0.3576388888888888,-0.0022095959595959114
162,1,1,1,1,2,10.0,1,104729,0.21748737373737392,-0.08080808080808055
163,1,1,1,1,3,30.0,1,1729,0.3204525089605736,-0.05163530465949806
163,1,1,1,1,3,30.0,1,3253,0.2939068100358423,-0.004592293906810041
163,1,1,1,1,3,30.0,1,4999,0.3270609318996416,-0.007280465949820902
163,1,1,1,1,3,30.0,1,7919,0.3239247311827957,0.06866039426523285
163,1,1,1,1,3,30.0,1,104729,0.38676075268817184,0.08490143369175618
164,1,1,1,2,0,1.0,2,1729,0.24768518518518512,0.10532407407407407
164,1,1,1,2,0,1.0,2,3253,0.31712962962962926,0.20254629629629617
164,1,1,1,2,0,1.0,2,4999,0.15162037037037046,0.2534722222222224
164,1,1,1,2,0,1.0,2,7919,0.14699074074074076,0.013888888888889062
164,1,1,1,2,0,1.0,2,104729,0.32638888888888873,0.06828703703703698
165,1,1,1,2,1,3.0,2,1729,0.24594907407407374,0.01215277777777779
165,1,1,1,2,1,3.0,2,3253,0.32928240740740744,0.07349537037037002
165,1,1,1,2,1,3.0,2,4999,0.3472222222222222,0.07870370370370328
165,1,1,1,2,1,3.0,2,7919,0.23958333333333326,0.09259259259259245
165,1,1,1,2,1,3.0,2,104729,0.02199074074074081,0.05613425925925941
166,1,1,1,2,2,10.0,2,1729,0.19339225589225528,-0.006523569023569098
166,1,1,1,2,2,10.0,2,3253,0.2169612794612793,0.016414141414141215
166,1,1,1,2,2,10.0,2,4999,0.19654882154882158,0.06565656565656586
166,1,1,1,2,2,10.0,2,7919,0.2790404040404034,-0.0031565656565660793
166,1,1,1,2,2,10.0,2,104729,0.19781144781144777,0.009680134680134622
167,1,1,1,2,3,30.0,2,1729,0.1831690561529271,0.023820191158900883
167,1,1,1,2,3,30.0,2,3253,0.1662933094384712,-0.03300477897252041
167,1,1,1,2,3,30.0,2,4999,0.21557646356033466,0.05973715651135025
167,1,1,1,2,3,30.0,2,7919,0.1704749103942652,0.043010752688172005
167,1,1,1,2,3,30.0,2,104729,0.18891875746714437,-0.06914575866188788
168,1,1,2,0,0,1.0,1,1729,0.5225694444444444,0.04340277777777768
168,1,1,2,0,0,1.0,1,3253,0.5329861111111109,0.04513888888888884
168,1,1,2,0,0,1.0,1,4999,0.53125,0.02777777777777768
168,1,1,2,0,0,1.0,1,7919,0.5399305555555557,0.03298611111111116
168,1,1,2,0,0,1.0,1,104729,0.5243055555555556,0.03645833333333337
169,1,1,2,0,1,3.0,1,1729,0.5112847222222221,0.02170138888888873
169,1,1,2,0,1,3.0,1,3253,0.513888888888889,0.01475694444444442
169,1,1,2,0,1,3.0,1,4999,0.5138888888888891,0.0277777777777779
169,1,1,2,0,1,3.0,1,7919,0.4878472222222224,0.01475694444444453
169,1,1,2,0,1,3.0,1,104729,0.4991319444444446,0.019965277777778012
170,1,1,2,0,2,10.0,1,1729,0.41950757575757586,0.007260101010100994
170,1,1,2,0,2,10.0,1,3253,0.554608585858586,0.005997474747474807
170,1,1,2,0,2,10.0,1,4999,0.4605429292929293,0.006628787878787956
170,1,1,2,0,2,10.0,1,7919,0.502209595959596,0.00031565656565668565
170,1,1,2,0,2,10.0,1,104729,0.42140151515151525,0.0012626262626264095
171,1,1,2,0,3,30.0,1,1729,0.4459005376344086,-0.030689964157706195
171,1,1,2,0,3,30.0,1,3253,0.46370967741935476,-0.04357078853046592
171,1,1,2,0,3,30.0,1,4999,0.43234767025089604,-0.023409498207885404
171,1,1,2,0,3,30.0,1,7919,0.45598118279569894,-0.002576164874552034
171,1,1,2,0,3,30.0,1,104729,0.4256272401433692,-0.010528673835125457
172,1,1,2,1,0,1.0,2,1729,0.4050925925925924,0.02314814814814803
172,1,1,2,1,0,1.0,2,3253,0.4652777777777781,0.05439814814814814
172,1,1,2,1,0,1.0,2,4999,0.37384259259259245,0.02893518518518523
172,1,1,2,1,0,1.0,2,7919,0.4212962962962964,0.01388888888888895
172,1,1,2,1,0,1.0,2,104729,0.46180555555555547,0.03472222222222221
173,1,1,2,1,1,3.0,2,1729,0.4184027777777775,0.009259259259259078
173,1,1,2,1,1,3.0,2,3253,0.43287037037037024,0.010416666666666519
173,1,1,2,1,1,3.0,2,4999,0.37962962962962954,0.011574074074074181
173,1,1,2,1,1,3.0,2,7919,0.32581018518518534,0.011574074074074181
173,1,1,2,1,1,3.0,2,104729,0.31423611111111116,0.01446759259259267
174,1,1,2,1,2,10.0,2,1729,0.2910353535353536,-0.021254208754208914
174,1,1,2,1,2,10.0,2,3253,0.39393939393939403,0.03303872053872059
174,1,1,2,1,2,10.0,2,4999,0.3295454545454547,0.004840067340067367
174,1,1,2,1,2,10.0,2,7919,0.31186868686868685,0.0037878787878787845
174,1,1,2,1,2,10.0,2,104729,0.2630471380471381,0.009890572390572339
175,1,1,2,1,3,30.0,2,1729,0.27113201911589013,0.02628434886499409
175,1,1,2,1,3,30.0,2,3253,0.4146505376344086,-0.05122461170848258
175,1,1,2,1,3,30.0,2,4999,0.33564814814814836,0.04398148148148151
175,1,1,2,1,3,30.0,2,7919,0.3023446833930703,0.022252090800477964
175,1,1,2,1,3,30.0,2,104729,0.35812425328554365,-0.013739545997610514
176,1,1,2,2,0,1.0,0,1729,0.5381944444444444,0.14583333333333326
176,1,1,2,2,0,1.0,0,3253,0.45486111111111105,0.07638888888888895
176,1,1,2,2,0,1.0,0,4999,0.5625000000000001,0.07638888888888884
176,1,1,2,2,0,1.0,0,7919,0.4965277777777778,0.04166666666666663
176,1,1,2,2,0,1.0,0,104729,0.43402777777777773,0.11458333333333343
177,1,1,2,2,1,3.0,0,1729,0.5746527777777778,0.10243055555555558
177,1,1,2,2,1,3.0,0,3253,0.6336805555555556,0.03993055555555558
177,1,1,2,2,1,3.0,0,4999,0.4427083333333333,0.03298611111111116
177,1,1,2,2,1,3.0,0,7919,0.6128472222222222,0.06770833333333326
177,1,1,2,2,1,3.0,0,104729,0.6059027777777778,0.0434027777777779
178,1,1,2,2,2,10.0,0,1729,0.16414141414141414,0.01325757575757569
178,1,1,2,2,2,10.0,0,3253,0.42613636363636365,-0.06060606060606066
178,1,1,2,2,2,10.0,0,4999,0.5580808080808081,0.05492424242424243
178,1,1,2,2,2,10.0,0,7919,0.2676767676767677,0.016414141414141326
178,1,1,2,2,2,10.0,0,104729,0.5006313131313131,0.086489898989899
179,1,1,2,2,3,30.0,0,1729,0.5165770609318996,0.04211469534050183
179,1,1,2,2,3,30.0,0,3253,0.3575268817204301,0.08333333333333348
179,1,1,2,2,3,30.0,0,4999,0.5656362007168458,0.17069892473118287
179,1,1,2,2,3,30.0,0,7919,0.41039426523297495,0.01232078853046592
179,1,1,2,2,3,30.0,0,104729,0.47849462365591405,0.03942652329749108
180,1,2,0,0,0,1.0,0,1729,-0.027777777777777804,-0.08333333333333333
180,1,2,0,0,0,1.0,0,3253,0.045138888888888895,0.0972222222222222
180,1,2,0,0,0,1.0,0,4999,0.06597222222222227,0.041666666666666685
180,1,2,0,0,0,1.0,0,7919,0.06597222222222221,0.13541666666666663
180,1,2,0,0,0,1.0,0,104729,0.08333333333333337,0.041666666666666685
181,1,2,0,0,1,3.0,0,1729,0.08159722222222221,0.09201388888888895
181,1,2,0,0,1,3.0,0,3253,0.1319444444444445,0.09722222222222232
181,1,2,0,0,1,3.0,0,4999,-0.09895833333333331,0.00347222222222221
181,1,2,0,0,1,3.0,0,7919,0.02083333333333326,0.07465277777777765
181,1,2,0,0,1,3.0,0,104729,-0.0677083333333334,-0.03298611111111119
182,1,2,0,0,2,10.0,0,1729,0.03851010101010088,-0.04797979797979823
182,1,2,0,0,2,10.0,0,3253,0.03598484848484834,-0.013257575757575857
182,1,2,0,0,2,10.0,0,4999,-0.011994949494949558,0.058080808080807955
182,1,2,0,0,2,10.0,0,7919,0.0050505050505050275,-0.06376262626262624
182,1,2,0,0,2,10.0,0,104729,0.07260101010100983,-0.005681818181818343
183,1,2,0,0,3,30.0,0,1729,0.006720430107526987,0.0035842293906810374
183,1,2,0,0,3,30.0,0,3253,0.0026881720430107503,0.04502688172043007
183,1,2,0,0,3,30.0,0,4999,0.020609318996415937,0.013664874551971462
183,1,2,0,0,3,30.0,0,7919,0.04883512544802859,0.045250896057347556
183,1,2,0,0,3,30.0,0,104729,0.06249999999999961,0.012768817204300675
184,1,2,0,1,0,1.0,1,1729,0.05555555555555547,0.019097222222222043
184,1,2,0,1,0,1.0,1,3253,-0.09375000000000008,-0.06597222222222224
184,1,2,0,1,0,1.0,1,4999,-0.0277777777777779,0.16666666666666663
184,1,2,0,1,0,1.0,1,7919,0.09548611111111133,0.06076388888888906
184,1,2,0,1,0,1.0,1,104729,0.04861111111111116,0.0017361111111111605
185,1,2,0,1,1,3.0,1,1729,0.06076388888888906,0.05208333333333337
185,1,2,0,1,1,3.0,1,3253,0.118923611111111,0.07812499999999967
185,1,2,0,1,1,3.0,1,4999,0.021701388888888895,0.07986111111111105
185,1,2,0,1,1,3.0,1,7919,-0.015625000000000167,0.008680555555555525
185,1,2,0,1,1,3.0,1,104729,0.08680555555555552,0.04340277777777746
186,1,2,0,1,2,10.0,1,1729,-0.048295454545454586,-0.11363636363636342
186,1,2,0,1,2,10.0,1,3253,0.0028409090909091717,-0.0031565656565656353
186,1,2,0,1,2,10.0,1,4999,0.02146464646464652,0.020517676767676907
186,1,2,0,1,2,10.0,1,7919,0.0009469696969697239,0.03819444444444442
186,1,2,0,1,2,10.0,1,104729,0.030303030303029943,-0.034722222222222876
187,1,2,0,1,3,30.0,1,1729,0.003024193548387011,0.01971326164874554
187,1,2,0,1,3,30.0,1,3253,0.008624551971326055,0.040658602150537515
187,1,2,0,1,3,30.0,1,4999,0.021841397849462374,0.034946236559139754
187,1,2,0,1,3,30.0,1,7919,0.14930555555555558,0.11021505376344098
187,1,2,0,1,3,30.0,1,104729,-0.01041666666666663,-0.010304659498207913
188,1,2,0,2,0,1.0,2,1729,0.08564814814814825,0.01967592592592593
188,1,2,0,2,0,1.0,2,3253,0.0405092592592593,0.01041666666666674
188,1,2,0,2,0,1.0,2,4999,-0.07754629629629622,-0.049768518518518434
188,1,2,0,2,0,1.0,2,7919,-0.04513888888888906,-0.07291666666666663
188,1,2,0,2,0,1.0,2,104729,0.0034722222222220434,-0.12268518518518506
189,1,2,0,2,1,3.0,2,1729,-0.0584490740740739,0.04398148148148168
189,1,2,0,2,1,3.0,2,3253,-0.010416666666666352,0.0497685185185186
189,1,2,0,2,1,3.0,2,4999,-0.03935185185185186,-0.09259259259259245
189,1,2,0,2,1,3.0,2,7919,0.03761574074074081,0.00925925925925919
189,1,2,0,2,1,3.0,2,104729,0.02372685185185197,0.09027777777777796
190,1,2,0,2,2,10.0,2,1729,-0.02946127946127952,-0.058712121212121215
190,1,2,0,2,2,10.0,2,3253,0.058922558922559376,-0.014099326599326445
190,1,2,0,2,2,10.0,2,4999,-0.0025252525252524305,0.0010521885521886376
190,1,2,0,2,2,10.0,2,7919,0.024621212121211933,-0.014730639730640038
190,1,2,0,2,2,10.0,2,104729,-0.054924242424242264,0.02651515151515149
191,1,2,0,2,3,30.0,2,1729,0.04174133811230579,0.0007467144563918504
191,1,2,0,2,3,30.0,2,3253,0.015232974910394437,0.027927120669056227
191,1,2,0,2,3,30.0,2,4999,0.047491039426523274,0.04540023894862599
191,1,2,0,2,3,30.0,2,7919,-0.009035244922341756,-0.06795101553166061
191,1,2,0,2,3,30.0,2,104729,0.010603345280764676,0.03823178016726392
192,1,2,1,0,0,1.0,1,1729,0.3506944444444445,-0.005208333333333259
192,1,2,1,0,0,1.0,1,3253,0.3958333333333334,0.09375000000000022
192,1,2,1,0,0,1.0,1,4999,0.4947916666666668,0.11111111111111116
192,1,2,1,0,0,1.0,1,7919,0.38368055555555547,0.05902777777777768
192,1,2,1,0,0,1.0,1,104729,0.4114583333333336,0.01736111111111127
193,1,2,1,0,1,3.0,1,1729,0.4036458333333335,0.01909722222222232
193,1,2,1,0,1,3.0,1,3253,0.3810763888888887,-0.03993055555555569
193,1,2,1,0,1,3.0,1,4999,0.3420138888888889,-0.03472222222222232
193,1,2,1,0,1,3.0,1,7919,0.4149305555555555,0.03298611111111116
193,1,2,1,0,1,3.0,1,104729,0.3003472222222222,0.06163194444444442
194,1,2,1,0,2,10.0,1,1729,0.27335858585858597,-0.021464646464646298
194,1,2,1,0,2,10.0,1,3253,0.3229166666666667,0.043244949494949614
194,1,2,1,0,2,10.0,1,4999,0.2935606060606062,0.023358585858585745
194,1,2,1,0,2,10.0,1,7919,0.3213383838383839,0.04482323232323249
194,1,2,1,0,2,10.0,1,104729,0.35164141414141403,0.01672979797979801
195,1,2,1,0,3,30.0,1,1729,0.1625224014336918,0.019041218637992796
195,1,2,1,0,3,30.0,1,3253,0.3169802867383512,0.008176523297491078
195,1,2,1,0,3,30.0,1,4999,0.28405017921146947,-0.011648745519713177
195,1,2,1,0,3,30.0,1,7919,0.33490143369175646,0.025649641577061177
195,1,2,1,0,3,30.0,1,104729,0.2812499999999999,0.014224910394265211
196,1,2,1,1,0,1.0,2,1729,0.3773148148148151,0.02893518518518523
196,1,2,1,1,0,1.0,2,3253,0.4120370370370369,0.06597222222222221
196,1,2,1,1,0,1.0,2,4999,0.2858796296296296,0.031250000000000444
196,1,2,1,1,0,1.0,2,7919,0.2893518518518519,-0.01041666666666674
196,1,2,1,1,0,1.0,2,104729,0.28009259259259245,0.12268518518518523
197,1,2,1,1,1,3.0,2,1729,0.2841435185185186,0.01331018518518523
197,1,2,1,1,1,3.0,2,3253,0.3315972222222221,-0.0017361111111111605
197,1,2,1,1,1,3.0,2,4999,0.28298611111111105,0.04166666666666674
197,1,2,1,1,1,3.0,2,7919,0.2465277777777778,0.01215277777777779
197,1,2,1,1,1,3.0,2,104729,0.20833333333333304,0.028935185185184564
198,1,2,1,1,2,10.0,2,1729,0.1792929292929295,0.00042087542087554386
198,1,2,1,1,2,10.0,2,3253,0.23085016835016825,0.03156565656565635
198,1,2,1,1,2,10.0,2,4999,0.14520202020202044,-0.005681818181818121
198,1,2,1,1,2,10.0,2,7919,0.16056397306397308,0.0
198,1,2,1,1,2,10.0,2,104729,0.23169191919191912,-0.02020202020202022
199,1,2,1,1,3,30.0,2,1729,0.1947431302270014,0.005077658303464849
199,1,2,1,1,3,30.0,2,3253,0.16577060931899634,0.01500896057347667
199,1,2,1,1,3,30.0,2,4999,0.15061230585424135,-0.004405615292711995
199,1,2,1,1,3,30.0,2,7919,0.16965352449223403,-0.012171445639187706
199,1,2,1,1,3,30.0,2,104729,0.26635304659498193,0.03427419354838701
200,1,2,1,2,0,1.0,0,1729,0.22222222222222232,0.006944444444444586
200,1,2,1,2,0,1.0,0,3253,0.04513888888888888,0.05208333333333333
200,1,2,1,2,0,1.0,0,4999,0.1666666666666666,0.08680555555555552
200,1,2,1,2,0,1.0,0,7919,0.14236111111111102,0.08333333333333323
200,1,2,1,2,0,1.0,0,104729,0.24305555555555566,1.6653345369377348e-16
201,1,2,1,2,1,3.0,0,1729,0.06944444444444442,-0.01736111111111116
201,1,2,1,2,1,3.0,0,3253,0.1284722222222223,-0.012152777777777735
201,1,2,1,2,1,3.0,0,4999,0.07986111111111116,-0.05902777777777776
201,1,2,1,2,1,3.0,0,7919,0.29861111111111105,0.0989583333333332
201,1,2,1,2,1,3.0,0,104729,0.15104166666666677,0.03993055555555558
202,1,2,1,2,2,10.0,0,1729,0.2607323232323234,0.14015151515151536
202,1,2,1,2,2,10.0,0,3253,0.4766414141414146,0.23042929292929337
202,1,2,1,2,2,10.0,0,4999,0.3630050505050504,-0.023358585858585967
202,1,2,1,2,2,10.0,0,7919,0.12247474747474751,0.04419191919191934
202,1,2,1,2,2,10.0,0,104729,0.27714646464646464,0.013257575757575801
203,1,2,1,2,3,30.0,0,1729,0.3586469534050175,0.049059139784946026
203,1,2,1,2,3,30.0,0,3253,0.23252688172043015,0.06317204301075263
203,1,2,1,2,3,30.0,0,4999,0.31451612903225845,0.06966845878136252
203,1,2,1,2,3,30.0,0,7919,0.06765232974910407,-0.08915770609318985
203,1,2,1,2,3,30.0,0,104729,0.21774193548387116,0.03405017921146969
204,1,2,2,0,0,1.0,2,1729,0.42592592592592593,0.02777777777777768
204,1,2,2,0,0,1.0,2,3253,0.44444444444444453,0.02314814814814814
204,1,2,2,0,0,1.0,2,4999,0.46759259259259256,0.03472222222222221
204,1,2,2,0,0,1.0,2,7919,0.44791666666666674,0.03009259259259267
204,1,2,2,0,0,1.0,2,104729,0.46875000000000006,0.03009259259259267
205,1,2,2,0,1,3.0,2,1729,0.4791666666666666,0.01851851851851838
205,1,2,2,0,1,3.0,2,3253,0.4212962962962964,0.01620370370370372
205,1,2,2,0,1,3.0,2,4999,0.4305555555555555,0.02025462962962954
205,1,2,2,0,1,3.0,2,7919,0.43229166666666663,0.0092592592592593
205,1,2,2,0,1,3.0,2,104729,0.450810185185185,0.01851851851851838
206,1,2,2,0,2,10.0,2,1729,0.33396464646464663,0.011153198653198637
206,1,2,2,0,2,10.0,2,3253,0.3632154882154883,0.005050505050505083
206,1,2,2,0,2,10.0,2,4999,0.33059764309764317,0.007365319865320075
206,1,2,2,0,2,10.0,2,7919,0.3507996632996634,0.014309764309764494
206,1,2,2,0,2,10.0,2,104729,0.3535353535353536,-0.0018939393939394478
207,1,2,2,0,3,30.0,2,1729,0.31093189964157697,-0.008885902031063209
207,1,2,2,0,3,30.0,2,3253,0.3372909199522103,-0.01709976105137412
207,1,2,2,0,3,30.0,2,4999,0.3970280764635602,-0.003957586618876907
207,1,2,2,0,3,30.0,2,7919,0.30249402628434874,-0.026881720430107503
207,1,2,2,0,3,30.0,2,104729,0.26575567502986863,-0.03927718040621264
208,1,2,2,1,0,1.0,0,1729,0.4965277777777778,0.09722222222222232
208,1,2,2,1,0,1.0,0,3253,0.48611111111111116,0.09027777777777779
208,1,2,2,1,0,1.0,0,4999,0.4444444444444444,0.08333333333333337
208,1,2,2,1,0,1.0,0,7919,0.44791666666666663,0.0625
208,1,2,2,1,0,1.0,0,104729,0.5034722222222222,0.09027777777777779
209,1,2,2,1,1,3.0,0,1729,0.5121527777777779,0.05555555555555569
209,1,2,2,1,1,3.0,0,3253,0.5,0.05555555555555558
209,1,2,2,1,1,3.0,0,4999,0.48958333333333326,0.04166666666666663
209,1,2,2,1,1,3.0,0,7919,0.4652777777777778,-0.01041666666666674
209,1,2,2,1,1,3.0,0,104729,0.517361111111111,0.05381944444444442
210,1,2,2,1,2,10.0,0,1729,0.5113636363636365,-0.005681818181818232
210,1,2,2,1,2,10.0,0,3253,0.3869949494949494,0.01388888888888895
210,1,2,2,1,2,10.0,0,4999,0.5271464646464648,0.10479797979797989
210,1,2,2,1,2,10.0,0,7919,0.5025252525252527,0.023358585858585967
210,1,2,2,1,2,10.0,0,104729,0.5271464646464646,0.03851010101010088
211,1,2,2,1,3,30.0,0,1729,0.42405913978494625,-0.0777329749103941
211,1,2,2,1,3,30.0,0,3253,0.512768817204301,-0.03696236559139787
211,1,2,2,1,3,30.0,0,4999,0.38127240143369173,-0.01232078853046592
211,1,2,2,1,3,30.0,0,7919,0.41801075268817217,-0.052195340501791976
211,1,2,2,1,3,30.0,0,104729,0.4117383512544803,-0.10035842293906816
212,1,2,2,2,0,1.0,1,1729,0.46875000000000006,0.11111111111111083
212,1,2,2,2,0,1.0,1,3253,0.48784722222222227,0.04166666666666663
212,1,2,2,2,0,1.0,1,4999,0.5034722222222221,0.03472222222222221
212,1,2,2,2,0,1.0,1,7919,0.4079861111111111,0.04861111111111105
212,1,2,2,2,0,1.0,1,104729,0.5260416666666667,0.0746527777777779
213,1,2,2,2,1,3.0,1,1729,0.5095486111111113,0.02083333333333337
213,1,2,2,2,1,3.0,1,3253,0.4522569444444446,0.02170138888888906
213,1,2,2,2,1,3.0,1,4999,0.4670138888888888,0.0078125
213,1,2,2,2,1,3.0,1,7919,0.5130208333333333,0.09375
213,1,2,2,2,1,3.0,1,104729,0.38715277777777796,0.01388888888888884
214,1,2,2,2,2,10.0,1,1729,0.4772727272727275,-0.0037878787878787845
214,1,2,2,2,2,10.0,1,3253,0.29987373737373724,0.02840909090909094
214,1,2,2,2,2,10.0,1,4999,0.44444444444444453,0.008838383838383868
214,1,2,2,2,2,10.0,1,7919,0.48800505050505044,0.011047979797979668
214,1,2,2,2,2,10.0,1,104729,0.38510101010101,-0.009469696969696795
215,1,2,2,2,3,30.0,1,1729,0.422155017921147,-0.00996863799283143
215,1,2,2,2,3,30.0,1,3253,0.42349910394265244,-0.017585125448028593
215,1,2,2,2,3,30.0,1,4999,0.3981854838709678,0.052307347670251025
215,1,2,2,2,3,30.0,1,7919,0.35047043010752676,-0.006720430107526876
215,1,2,2,2,3,30.0,1,104729,0.4846550179211469,0.010640681003584174
216,2,0,0,0,0,1.0,2,1729,0.09920634920634946,0.018849206349206282
216,2,0,0,0,0,1.0,2,3253,0.06994047619047605,0.018849206349206282
216,2,0,0,0,0,1.0,2,4999,0.008928571428571452,0.01736111111111116
216,2,0,0,0,0,1.0,2,7919,-0.06547619047619041,0.027777777777777957
216,2,0,0,0,0,1.0,2,104729,0.02033730158730146,0.0024801587301583328
217,2,0,0,0,1,3.0,2,1729,0.0024801587301587213,0.00520833333333337
217,2,0,0,0,1,3.0,2,3253,-0.03348214285714313,0.0002480158730157056
217,2,0,0,0,1,3.0,2,4999,0.012896825396825573,0.009424603174603252
217,2,0,0,0,1,3.0,2,7919,-0.0017361111111110494,0.008680555555555691
217,2,0,0,0,1,3.0,2,104729,-0.02256944444444442,0.008432539682539653
218,2,0,0,0,2,10.0,2,1729,0.00676406926406925,0.003336940836940805
218,2,0,0,0,2,10.0,2,3253,0.019029581529581452,0.005321067821067782
218,2,0,0,0,2,10.0,2,4999,0.005862193362193291,0.0031565656565656353
218,2,0,0,0,2,10.0,2,7919,0.009379509379509376,0.0029761904761904656
218,2,0,0,0,2,10.0,2,104729,-0.017586580086579984,0.008387445887445777
219,2,0,0,0,3,30.0,2,1729,-0.011936763952893115,0.009536610343061969
219,2,0,0,0,3,30.0,2,3253,-0.037698412698412676,-0.012448796722990152
219,2,0,0,0,3,30.0,2,4999,-0.014112903225806384,-0.006176395289298475
219,2,0,0,0,3,30.0,2,7919,-0.011904761904761862,0.0014080901177676575
219,2,0,0,0,3,30.0,2,104729,0.0020481310803891484,0.005088325652841896
220,2,0,0,1,0,1.0,0,1729,0.0982142857142857,0.004464285714285671
220,2,0,0,1,0,1.0,0,3253,0.1011904761904762,0.013392857142857137
220,2,0,0,1,0,1.0,0,4999,0.08333333333333334,0.01934523809523811
220,2,0,0,1,0,1.0,0,7919,0.07738095238095238,0.008928571428571425
220,2,0,0,1,0,1.0,0,104729,0.11904761904761904,0.017857142857142863
221,2,0,0,1,1,3.0,0,1729,0.07291666666666667,0.013392857142857179
221,2,0,0,1,1,3.0,0,3253,0.17633928571428567,0.017857142857142794
221,2,0,0,1,1,3.0,0,4999,0.06175595238095237,0.002232142857142877
221,2,0,0,1,1,3.0,0,7919,0.04761904761904766,0.017113095238095247
221,2,0,0,1,1,3.0,0,104729,0.15104166666666663,0.015625
222,2,0,0,1,2,10.0,0,1729,0.16477272727272724,0.06466450216450217
222,2,0,0,1,2,10.0,0,3253,0.07359307359307357,0.023538961038961026
222,2,0,0,1,2,10.0,0,4999,0.17586580086580078,0.027597402597402704
222,2,0,0,1,2,10.0,0,7919,0.018668831168831168,0.005411255411255478
222,2,0,0,1,2,10.0,0,104729,0.146103896103896,0.008387445887445832
223,2,0,0,1,3,30.0,0,1729,-0.006240399385560591,0.008160522273425536
223,2,0,0,1,3,30.0,0,3253,0.06605222734254981,-0.04953917050691248
223,2,0,0,1,3,30.0,0,4999,0.0774769585253457,0.0030721966205837226
223,2,0,0,1,3,30.0,0,7919,0.07565284178187398,0.010080645161290425
223,2,0,0,1,3,30.0,0,104729,0.003840245775729584,-0.013440860215053724
224,2,0,0,2,0,1.0,1,1729,0.13169642857142852,0.022321428571428603
224,2,0,0,2,0,1.0,1,3253,0.14285714285714296,0.055803571428571536
224,2,0,0,2,0,1.0,1,4999,0.17559523809523825,0.02529761904761918
224,2,0,0,2,0,1.0,1,7919,0.10267857142857145,0.01413690476190474
224,2,0,0,2,0,1.0,1,104729,0.10193452380952375,0.014136904761904656
225,2,0,0,2,1,3.0,1,1729,-0.011532738095238082,-0.008556547619047727
225,2,0,0,2,1,3.0,1,3253,0.014508928571428603,0.023065476190476164
225,2,0,0,2,1,3.0,1,4999,0.10267857142857123,0.04278273809523797
225,2,0,0,2,1,3.0,1,7919,0.07775297619047605,0.003348214285714357
225,2,0,0,2,1,3.0,1,104729,-0.011904761904761807,-0.0011160714285713969
226,2,0,0,2,2,10.0,1,1729,-0.004464285714285532,-0.017857142857142683
226,2,0,0,2,2,10.0,1,3253,0.07075216450216465,0.10754870129870175
226,2,0,0,2,2,10.0,1,4999,0.002840909090909005,0.027462121212121104
226,2,0,0,2,2,10.0,1,7919,-0.06601731601731586,-0.024891774891774854
226,2,0,0,2,2,10.0,1,104729,-0.029897186147186394,0.01704545454545453
227,2,0,0,2,3,30.0,1,1729,0.009504608294930966,-0.04339477726574481
227,2,0,0,2,3,30.0,1,3253,0.11707949308755711,0.07651689708141257
227,2,0,0,2,3,30.0,1,4999,-0.06533218125960077,-0.005088325652841896
227,2,0,0,2,3,30.0,1,7919,0.010656682027649245,0.05069124423963134
227,2,0,0,2,3,30.0,1,104729,0.09360599078341025,0.08227726574500771
228,2,0,1,0,0,1.0,0,1729,0.3898809523809522,0.044642857142857095
228,2,0,1,0,0,1.0,0,3253,0.36309523809523814,0.05059523809523814
228,2,0,1,0,0,1.0,0,4999,0.4583333333333333,0.052083333333333315
228,2,0,1,0,0,1.0,0,7919,0.45684523809523814,0.052083333333333315
228,2,0,1,0,0,1.0,0,104729,0.33333333333333337,0.05208333333333337
229,2,0,1,0,1,3.0,0,1729,0.32440476190476186,0.02380952380952378
229,2,0,1,0,1,3.0,0,3253,0.31696428571428575,0.015625
229,2,0,1,0,1,3.0,0,4999,0.4069940476190476,0.023065476190476275
229,2,0,1,0,1,3.0,0,7919,0.45089285714285715,0.026785714285714357
229,2,0,1,0,1,3.0,0,104729,0.4092261904761906,0.03050595238095244
230,2,0,1,0,2,10.0,0,1729,0.28300865800865804,0.006493506493506496
230,2,0,1,0,2,10.0,0,3253,0.30925324675324684,0.0016233766233766378
230,2,0,1,0,2,10.0,0,4999,0.44372294372294385,0.02110389610389629
230,2,0,1,0,2,10.0,0,7919,0.4025974025974025,0.031926406926406914
230,2,0,1,0,2,10.0,0,104729,0.30140692640692657,0.00730519480519487
231,2,0,1,0,3,30.0,0,1729,0.3436059907834107,-0.0749807987711208
231,2,0,1,0,3,30.0,0,3253,0.36895161290322637,-0.03398617511520685
231,2,0,1,0,3,30.0,0,4999,0.3506144393241164,0.007488479262672598
231,2,0,1,0,3,30.0,0,7919,0.3209485407066046,-0.02265745007680553
231,2,0,1,0,3,30.0,0,104729,0.31499615975422424,-0.03936251920122874
232,2,0,1,1,0,1.0,1,1729,0.44940476190476153,0.03199404761904767
232,2,0,1,1,0,1.0,1,3253,0.5290178571428572,0.05282738095238104
232,2,0,1,1,0,1.0,1,4999,0.590029761904762,0.0535714285714286
232,2,0,1,1,0,1.0,1,7919,0.5037202380952381,0.03273809523809523
232,2,0,1,1,0,1.0,1,104729,0.5372023809523808,0.029761904761904656
233,2,0,1,1,1,3.0,1,1729,0.4170386904761906,0.01636904761904745
233,2,0,1,1,1,3.0,1,3253,0.3895089285714288,0.012648809523809534
233,2,0,1,1,1,3.0,1,4999,0.3534226190476197,0.015997023809523836
233,2,0,1,1,1,3.0,1,7919,0.46577380952380965,0.047247023809523836
233,2,0,1,1,1,3.0,1,104729,0.3787202380952388,0.014880952380952328
234,2,0,1,1,2,10.0,1,1729,0.3617424242424241,0.021239177489177363
234,2,0,1,1,2,10.0,1,3253,0.3460497835497832,0.01920995670995662
234,2,0,1,1,2,10.0,1,4999,0.3461850649350649,-0.021509740259740284
234,2,0,1,1,2,10.0,1,7919,0.33739177489177463,0.0037878787878787845
234,2,0,1,1,2,10.0,1,104729,0.49337121212121193,0.0890151515151516
235,2,0,1,1,3,30.0,1,1729,0.427899385560676,0.005376344086021501
235,2,0,1,1,3,30.0,1,3253,0.22465437788018439,-0.08736559139784938
235,2,0,1,1,3,30.0,1,4999,0.4446524577572965,-0.02654569892473113
235,2,0,1,1,3,30.0,1,7919,0.28504224270353307,0.00374423963133641
235,2,0,1,1,3,30.0,1,104729,0.24783986175115225,0.03773041474654393
236,2,0,1,2,0,1.0,2,1729,0.3685515873015879,0.043154761904762085
236,2,0,1,2,0,1.0,2,3253,0.3878968253968252,0.02331349206349209
236,2,0,1,2,0,1.0,2,4999,0.23511904761904762,0.03273809523809523
236,2,0,1,2,0,1.0,2,7919,0.13888888888888912,0.03373015873015883
236,2,0,1,2,0,1.0,2,104729,0.24950396825396864,0.05307539682539697
237,2,0,1,2,1,3.0,2,1729,0.3807043650793649,0.015128968253968256
237,2,0,1,2,1,3.0,2,3253,0.27827380952380926,0.02678571428571419
237,2,0,1,2,1,3.0,2,4999,0.30530753968253943,0.03571428571428492
237,2,0,1,2,1,3.0,2,7919,0.07886904761904745,0.016865079365079305
237,2,0,1,2,1,3.0,2,104729,0.13913690476190455,0.005952380952380931
238,2,0,1,2,2,10.0,2,1729,0.12409812409812437,-0.02597402597402576
238,2,0,1,2,2,10.0,2,3253,0.17902236652236658,0.031565656565656686
238,2,0,1,2,2,10.0,2,4999,0.2974386724386724,0.05032467532467544
238,2,0,1,2,2,10.0,2,7919,0.291125541125541,0.00856782106782128
238,2,0,1,2,2,10.0,2,104729,0.3043831168831172,-0.0008116883116884299
239,2,0,1,2,3,30.0,2,1729,0.34744623655914,0.05129928315412191
239,2,0,1,2,3,30.0,2,3253,0.14029697900665639,-0.01606502816180222
239,2,0,1,2,3,30.0,2,4999,0.21899001536098328,-0.013056835637480835
239,2,0,1,2,3,30.0,2,7919,0.260176651305684,0.03955453149001553
239,2,0,1,2,3,30.0,2,104729,0.08688556067588338,0.03657834101382473
240,2,0,2,0,0,1.0,1,1729,0.7157738095238094,0.030505952380952328
240,2,0,2,0,0,1.0,1,3253,0.5944940476190474,0.03125
240,2,0,2,0,0,1.0,1,4999,0.736607142857143,0.033482142857143016
240,2,0,2,0,0,1.0,1,7919,0.6502976190476191,0.03273809523809523
240,2,0,2,0,0,1.0,1,104729,0.6607142857142856,0.027529761904761862
241,2,0,2,0,1,3.0,1,1729,0.5156249999999999,0.01636904761904756
241,2,0,2,0,1,3.0,1,3253,0.6715029761904763,0.016369047619047783
241,2,0,2,0,1,3.0,1,4999,0.47619047619047594,0.017857142857142794
241,2,0,2,0,1,3.0,1,7919,0.5520833333333334,0.01636904761904756
241,2,0,2,0,1,3.0,1,104729,0.5587797619047619,0.014880952380952439
242,2,0,2,0,2,10.0,1,1729,0.4583333333333335,-0.0024350649350649567
242,2,0,2,0,2,10.0,1,3253,0.5290854978354977,0.0022997835497835517
242,2,0,2,0,2,10.0,1,4999,0.6845238095238094,-0.01379870129870131
242,2,0,2,0,2,10.0,1,7919,0.6409632034632036,0.015963203463203568
242,2,0,2,0,2,10.0,1,104729,0.42857142857142855,-0.00676406926406925
243,2,0,2,0,3,30.0,1,1729,0.4945276497695853,-0.06384408602150538
243,2,0,2,0,3,30.0,1,3253,0.550739247311828,0.06715629800307232
243,2,0,2,0,3,30.0,1,4999,0.3838325652841782,-0.0008160522273426007
243,2,0,2,0,3,30.0,1,7919,0.45910138248847926,0.01579301075268824
243,2,0,2,0,3,30.0,1,104729,0.3315572196620584,0.002832181259600719
244,2,0,2,1,0,1.0,2,1729,0.46031746031746035,0.03720238095238093
244,2,0,2,1,0,1.0,2,3253,0.5223214285714286,0.01835317460317465
244,2,0,2,1,0,1.0,2,4999,0.503968253968254,0.022817460317460347
244,2,0,2,1,0,1.0,2,7919,0.4042658730158731,0.02182539682539686
244,2,0,2,1,0,1.0,2,104729,0.5054563492063493,0.02182539682539708
245,2,0,2,1,1,3.0,2,1729,0.36830357142857173,0.006200396825396859
245,2,0,2,1,1,3.0,2,3253,0.3573908730158727,0.012648809523809423
245,2,0,2,1,1,3.0,2,4999,0.3702876984126985,0.023809523809523836
245,2,0,2,1,1,3.0,2,7919,0.45510912698412687,0.013640873015872912
245,2,0,2,1,1,3.0,2,104729,0.26512896825396826,0.009920634920634774
246,2,0,2,1,2,10.0,2,1729,0.3731060606060608,-0.0028860028860028253
246,2,0,2,1,2,10.0,2,3253,0.25369769119769126,0.02173520923520922
246,2,0,2,1,2,10.0,2,4999,0.4126984126984127,0.0037878787878787845
246,2,0,2,1,2,10.0,2,7919,0.3313492063492063,-0.0008116883116884299
246,2,0,2,1,2,10.0,2,104729,0.31286075036075034,0.0009018759018759592
247,2,0,2,1,3,30.0,2,1729,0.33931771633384555,-0.016737071172555074
247,2,0,2,1,3,30.0,2,3253,0.42729134664618534,-0.07312467997951877
247,2,0,2,1,3,30.0,2,4999,0.3295250896057348,-0.052643369175627286
247,2,0,2,1,3,30.0,2,7919,0.3616551459293395,-0.02409754224270355
247,2,0,2,1,3,30.0,2,104729,0.30936379928315416,0.014528929851510552
248,2,0,2,2,0,1.0,0,1729,0.6279761904761905,0.07291666666666674
248,2,0,2,2,0,1.0,0,3253,0.6116071428571429,0.0758928571428572
248,2,0,2,2,0,1.0,0,4999,0.513392857142857,0.09821428571428564
248,2,0,2,2,0,1.0,0,7919,0.6577380952380952,0.0714285714285714
248,2,0,2,2,0,1.0,0,104729,0.4032738095238096,0.05952380952380959
249,2,0,2,2,1,3.0,0,1729,0.5989583333333334,0.03050595238095244
249,2,0,2,2,1,3.0,0,3253,0.6339285714285714,0.0357142857142857
249,2,0,2,2,1,3.0,0,4999,0.6726190476190477,0.09672619047619047
249,2,0,2,2,1,3.0,0,7919,0.38988095238095233,0.011904761904761862
249,2,0,2,2,1,3.0,0,104729,0.6383928571428571,0.05877976190476186
250,2,0,2,2,2,10.0,0,1729,0.7464826839826839,0.007575757575757569
250,2,0,2,2,2,10.0,0,3253,0.5768398268398268,0.007846320346320379
250,2,0,2,2,2,10.0,0,4999,0.5043290043290043,0.025974025974025983
250,2,0,2,2,2,10.0,0,7919,0.4905303030303031,0.03327922077922074
250,2,0,2,2,2,10.0,0,104729,0.6220238095238095,0.08198051948051943
251,2,0,2,2,3,30.0,0,1729,0.5625000000000001,-0.028129800307219677
251,2,0,2,2,3,30.0,0,3253,0.5990783410138248,-0.03955453149001553
251,2,0,2,2,3,30.0,0,4999,0.509888632872504,-0.07114055299539157
251,2,0,2,2,3,30.0,0,7919,0.5019201228878654,-0.06816436251920077
251,2,0,2,2,3,30.0,0,104729,0.5307219662058371,-0.11731950844854078
252,2,1,0,0,0,1.0,0,1729,0.09672619047619048,0.03720238095238093
252,2,1,0,0,0,1.0,0,3253,0.09970238095238099,0.011904761904761946
252,2,1,0,0,0,1.0,0,4999,0.05059523809523807,0.01636904761904763
252,2,1,0,0,0,1.0,0,7919,0.07886904761904763,0.016369047619047616
252,2,1,0,0,0,1.0,0,104729,0.2053571428571429,0.04017857142857137
253,2,1,0,0,1,3.0,0,1729,-0.0037202380952381653,0.008184523809523697
253,2,1,0,0,1,3.0,0,3253,-0.04389880952380956,-0.026785714285714246
253,2,1,0,0,1,3.0,0,4999,0.08630952380952386,0.014136904761904906
253,2,1,0,0,1,3.0,0,7919,-0.0014880952380952606,-0.02083333333333337
253,2,1,0,0,1,3.0,0,104729,0.06026785714285707,0.02157738095238093
254,2,1,0,0,2,10.0,0,1729,-0.03165584415584405,-0.01028138528138517
254,2,1,0,0,2,10.0,0,3253,0.040584415584415445,0.00974025974025966
254,2,1,0,0,2,10.0,0,4999,0.108225108225108,0.016774891774891276
254,2,1,0,0,2,10.0,0,7919,-0.10010822510822512,-0.01461038961038963
254,2,1,0,0,2,10.0,0,104729,-0.06033549783549791,-0.008116883116883244
255,2,1,0,0,3,30.0,0,1729,0.035810291858678844,0.020353302611366975
255,2,1,0,0,3,30.0,0,3253,-0.06105990783410142,-0.018433179723502335
255,2,1,0,0,3,30.0,0,4999,-0.03705837173579124,-0.0419546850998464
255,2,1,0,0,3,30.0,0,7919,-0.04089861751152077,-0.003072196620583667
255,2,1,0,0,3,30.0,0,104729,0.0213133640552996,-0.03437019969278027
256,2,1,0,1,0,1.0,1,1729,-0.003720238095237971,0.07366071428571436
256,2,1,0,1,0,1.0,1,3253,0.05059523809523814,0.041666666666666796
256,2,1,0,1,0,1.0,1,4999,-0.030505952380952384,-0.015625000000000056
256,2,1,0,1,0,1.0,1,7919,-0.031249999999999917,-0.029761904761904684
256,2,1,0,1,0,1.0,1,104729,0.05580357142857159,0.02529761904761907
257,2,1,0,1,1,3.0,1,1729,0.03831845238095244,0.013764880952381264
257,2,1,0,1,1,3.0,1,3253,-0.000372023809523947,0.015997023809523725
257,2,1,0,1,1,3.0,1,4999,0.0011160714285713969,-0.004464285714285643
257,2,1,0,1,1,3.0,1,7919,0.030133928571428437,0.03794642857142849
257,2,1,0,1,1,3.0,1,104729,-0.06101190476190449,-0.023065476190475775
258,2,1,0,1,2,10.0,1,1729,-0.013798701298701366,-0.012716450216450403
258,2,1,0,1,2,10.0,1,3253,-0.017316017316017396,-0.03733766233766228
258,2,1,0,1,2,10.0,1,4999,0.06791125541125564,0.04477813852813883
258,2,1,0,1,2,10.0,1,7919,-0.041396103896103764,-0.011093073593073599
258,2,1,0,1,2,10.0,1,104729,0.012851731601731753,0.04721320346320351
259,2,1,0,1,3,30.0,1,1729,0.05745967741935487,0.020209293394777283
259,2,1,0,1,3,30.0,1,3253,-0.03768241167434727,-0.04229070660522283
259,2,1,0,1,3,30.0,1,4999,-0.010128648233487025,-0.010512672811060053
259,2,1,0,1,3,30.0,1,7919,-0.0674923195084488,-0.0349942396313368
259,2,1,0,1,3,30.0,1,104729,0.0357142857142857,0.03144201228878635
260,2,1,0,2,0,1.0,2,1729,-0.037698412698412676,0.01240079365079369
260,2,1,0,2,0,1.0,2,3253,-0.022817460317460403,-0.035218253968254176
260,2,1,0,2,0,1.0,2,4999,0.04414682539682546,0.024305555555555525
260,2,1,0,2,0,1.0,2,7919,0.054067460317460514,0.022321428571428825
260,2,1,0,2,0,1.0,2,104729,-0.014880952380952384,0.01785714285714285
261,2,1,0,2,1,3.0,2,1729,0.08556547619047616,0.04935515873015872
261,2,1,0,2,1,3.0,2,3253,0.017113095238095122,0.12177579365079366
261,2,1,0,2,1,3.0,2,4999,0.11061507936507903,0.06448412698412676
261,2,1,0,2,1,3.0,2,7919,0.04513888888888862,0.042658730158729674
261,2,1,0,2,1,3.0,2,104729,0.0022321428571430157,-0.008680555555555358
262,2,1,0,2,2,10.0,2,1729,0.007756132756132739,0.030663780663780615
262,2,1,0,2,2,10.0,2,3253,0.041847041847041855,0.048069985569985485
262,2,1,0,2,2,10.0,2,4999,-0.029310966810966677,0.06096681096681106
262,2,1,0,2,2,10.0,2,7919,-0.0015331890331891085,-0.011273448773448824
262,2,1,0,2,2,10.0,2,104729,-0.029130591630591618,0.017406204906204925
263,2,1,0,2,3,30.0,2,1729,0.03382616487455181,0.03907450076804908
263,2,1,0,2,3,30.0,2,3253,0.0862775217613927,0.07267665130568357
263,2,1,0,2,3,30.0,2,4999,0.01628904249872004,0.009152585765488996
263,2,1,0,2,3,30.0,2,7919,0.01344086021505364,0.024961597542242475
263,2,1,0,2,3,30.0,2,104729,-0.016929083461341532,-0.024065540194572466
264,2,1,1,0,0,1.0,1,1729,0.4263392857142856,0.02752976190476175
264,2,1,1,0,0,1.0,1,3253,0.3281250000000001,0.05729166666666663
264,2,1,1,0,0,1.0,1,4999,0.3459821428571426,-0.047619047619048005
264,2,1,1,0,0,1.0,1,7919,0.4769345238095239,0.04538690476190477
264,2,1,1,0,0,1.0,1,104729,0.4389880952380955,0.060267857142857206
265,2,1,1,0,1,3.0,1,1729,0.40662202380952395,-0.0026041666666662966
265,2,1,1,0,1,3.0,1,3253,0.32366071428571436,-0.007440476190476053
265,2,1,1,0,1,3.0,1,4999,0.42410714285714296,0.008184523809523947
265,2,1,1,0,1,3.0,1,7919,0.4092261904761904,-0.008928571428571508
265,2,1,1,0,1,3.0,1,104729,0.3969494047619048,0.008928571428571619
266,2,1,1,0,2,10.0,1,1729,0.3181818181818183,0.02556818181818188
266,2,1,1,0,2,10.0,1,3253,0.3060064935064936,-0.015692640692640536
266,2,1,1,0,2,10.0,1,4999,0.3070887445887446,-0.0357142857142857
266,2,1,1,0,2,10.0,1,7919,0.28436147186147187,-0.029897186147186283
266,2,1,1,0,2,10.0,1,104729,0.3414502164502163,-0.04924242424242431
267,2,1,1,0,3,30.0,1,1729,0.28341013824884775,-0.06816436251920133
267,2,1,1,0,3,30.0,1,3253,0.3183083717357912,-0.018577188940092304
267,2,1,1,0,3,30.0,1,4999,0.39770545314900174,-0.01732910906298002
267,2,1,1,0,3,30.0,1,7919,0.2733294930875576,0.00014400921658996868
267,2,1,1,0,3,30.0,1,104729,0.3706797235023042,-0.03076996927803366
268,2,1,1,1,0,1.0,2,1729,0.3779761904761903,0.09523809523809446
268,2,1,1,1,0,1.0,2,3253,0.26240079365079444,-0.058035714285713524
268,2,1,1,1,0,1.0,2,4999,0.3993055555555556,-0.001984126984127088
268,2,1,1,1,0,1.0,2,7919,0.36309523809523797,0.015376984126984183
268,2,1,1,1,0,1.0,2,104729,0.2455357142857137,0.01984126984126966
269,2,1,1,1,1,3.0,2,1729,0.2698412698412699,-0.004960317460317443
269,2,1,1,1,1,3.0,2,3253,0.3774801587301585,0.04241071428571419
269,2,1,1,1,1,3.0,2,4999,0.24975198412698407,-0.011656746031746157
269,2,1,1,1,1,3.0,2,7919,0.28819444444444475,0.02182539682539697
269,2,1,1,1,1,3.0,2,104729,0.3819444444444445,0.01835317460317465
270,2,1,1,1,2,10.0,2,1729,0.21663059163059162,-0.0008116883116880969
270,2,1,1,1,2,10.0,2,3253,0.30384199134199125,0.016865079365079305
270,2,1,1,1,2,10.0,2,4999,0.17703823953823983,-0.0009920634920633775
270,2,1,1,1,2,10.0,2,7919,0.2754329004329005,0.014430014430014237
270,2,1,1,1,2,10.0,2,104729,0.3044733044733044,-0.006222943722943852
271,2,1,1,1,3,30.0,2,1729,0.2470878136200717,0.013728878648233467
271,2,1,1,1,3,30.0,2,3253,0.26811315924219137,-0.0029761904761904656
271,2,1,1,1,3,30.0,2,4999,0.29374679979518714,-0.004608294930875556
271,2,1,1,1,3,30.0,2,7919,0.22526241679467474,-0.0033602150537634934
271,2,1,1,1,3,30.0,2,104729,0.2656490015360984,-0.021537378392217033
272,2,1,1,2,0,1.0,0,1729,0.36458333333333326,0.08184523809523797
272,2,1,1,2,0,1.0,0,3253,0.20089285714285707,0.03869047619047605
272,2,1,1,2,0,1.0,0,4999,0.2574404761904762,0.05952380952380951
272,2,1,1,2,0,1.0,0,7919,0.20684523809523808,0.0758928571428571
272,2,1,1,2,0,1.0,0,104729,0.4300595238095237,0.05357142857142849
273,2,1,1,2,1,3.0,0,1729,0.15773809523809532,-0.01339285714285715
273,2,1,1,2,1,3.0,0,3253,0.28720238095238093,0.11309523809523814
273,2,1,1,2,1,3.0,0,4999,0.22395833333333334,0.09747023809523814
273,2,1,1,2,1,3.0,0,7919,0.2730654761904762,0.05580357142857145
273,2,1,1,2,1,3.0,0,104729,0.21875,0.11458333333333334
274,2,1,1,2,2,10.0,0,1729,0.16558441558441547,0.0018939393939392257
274,2,1,1,2,2,10.0,0,3253,0.3844696969696969,0.02056277056277034
274,2,1,1,2,2,10.0,0,4999,0.16720779220779247,-0.018668831168831
274,2,1,1,2,2,10.0,0,7919,0.14150432900432888,0.015422077922077948
274,2,1,1,2,2,10.0,0,104729,0.24134199134199127,0.0032467532467532756
275,2,1,1,2,3,30.0,0,1729,0.20967741935483858,0.03657834101382473
275,2,1,1,2,3,30.0,0,3253,0.28456221198156717,0.014208909370200029
275,2,1,1,2,3,30.0,0,4999,0.28619431643625126,0.04243471582181185
275,2,1,1,2,3,30.0,0,7919,0.32325268817204283,0.055587557603686444
275,2,1,1,2,3,30.0,0,104729,0.314036098310292,0.07190860215053774
276,2,1,2,0,0,1.0,2,1729,0.4662698412698413,0.03224206349206349
276,2,1,2,0,0,1.0,2,3253,0.48660714285714274,0.023809523809523836
276,2,1,2,0,0,1.0,2,4999,0.5004960317460319,0.028273809523809534
276,2,1,2,0,0,1.0,2,7919,0.5029761904761905,0.026289682539682557
276,2,1,2,0,0,1.0,2,104729,0.47867063492063516,0.018849206349206393
277,2,1,2,0,1,3.0,2,1729,0.4255952380952382,0.013392857142857317
277,2,1,2,0,1,3.0,2,3253,0.3881448412698407,0.013640873015872801
277,2,1,2,0,1,3.0,2,4999,0.5297619047619047,0.009176587301587436
277,2,1,2,0,1,3.0,2,7919,0.4861111111111112,0.014880952380952328
277,2,1,2,0,1,3.0,2,104729,0.49627976190476186,0.00421626984126966
278,2,1,2,0,2,10.0,2,1729,0.34686147186147187,0.0068542568542568905
278,2,1,2,0,2,10.0,2,3253,0.42144660894660896,-0.026695526695526772
278,2,1,2,0,2,10.0,2,4999,0.4525613275613275,0.010461760461760394
278,2,1,2,0,2,10.0,2,7919,0.4038600288600289,0.008297258297258359
278,2,1,2,0,2,10.0,2,104729,0.4235209235209236,0.006403318903318911
279,2,1,2,0,3,30.0,2,1729,0.45551715309779817,-0.033858166922683064
279,2,1,2,0,3,30.0,2,3253,0.31544418842805944,-0.03216205837173591
279,2,1,2,0,3,30.0,2,4999,0.36901561699948804,-0.07619687660010244
279,2,1,2,0,3,30.0,2,7919,0.3684395801331285,-0.033378136200716835
279,2,1,2,0,3,30.0,2,104729,0.45295698924731176,-0.02128136200716846
280,2,1,2,1,0,1.0,0,1729,0.6220238095238094,0.0803571428571428
280,2,1,2,1,0,1.0,0,3253,0.5907738095238095,0.08333333333333348
280,2,1,2,1,0,1.0,0,4999,0.5119047619047619,0.06547619047619058
280,2,1,2,1,0,1.0,0,7919,0.5267857142857143,0.05654761904761907
280,2,1,2,1,0,1.0,0,104729,0.6101190476190477,0.0758928571428572
281,2,1,2,1,1,3.0,0,1729,0.5967261904761905,0.04613095238095244
281,2,1,2,1,1,3.0,0,3253,0.5714285714285715,0.10863095238095244
281,2,1,2,1,1,3.0,0,4999,0.611607142857143,0.09375000000000011
281,2,1,2,1,1,3.0,0,7919,0.49107142857142855,0.055059523809523836
281,2,1,2,1,1,3.0,0,104729,0.46279761904761907,0.038690476190476275
282,2,1,2,1,2,10.0,0,1729,0.514069264069264,-0.00108225108225124
282,2,1,2,1,2,10.0,0,3253,0.48593073593073594,0.009740259740259716
282,2,1,2,1,2,10.0,0,4999,0.5581709956709957,0.013798701298701421
282,2,1,2,1,2,10.0,0,7919,0.4107142857142856,-0.044913419913420016
282,2,1,2,1,2,10.0,0,104729,0.4507575757575758,0.019751082251082352
283,2,1,2,1,3,30.0,0,1729,0.40725806451612906,-0.008544546850998591
283,2,1,2,1,3,30.0,0,3253,0.48617511520737333,-0.01017665130568346
283,2,1,2,1,3,30.0,0,4999,0.45122887864823336,-0.13700076804915517
283,2,1,2,1,3,30.0,0,7919,0.545410906298003,0.07776497695852536
283,2,1,2,1,3,30.0,0,104729,0.5859254992319509,0.06806835637480801
284,2,1,2,2,0,1.0,1,1729,0.6101190476190476,0.061011904761904656
284,2,1,2,2,0,1.0,1,3253,0.48065476190476203,0.07961309523809523
284,2,1,2,2,0,1.0,1,4999,0.4880952380952379,0.0424107142857143
284,2,1,2,2,0,1.0,1,7919,0.5126488095238093,0.028273809523809423
284,2,1,2,2,0,1.0,1,104729,0.5066964285714286,0.049851190476190466
285,2,1,2,2,1,3.0,1,1729,0.1927083333333332,-0.01302083333333337
285,2,1,2,2,1,3.0,1,3253,0.5453869047619047,0.004464285714285587
285,2,1,2,2,1,3.0,1,4999,0.43154761904761907,0.022321428571428714
285,2,1,2,2,1,3.0,1,7919,0.5297619047619048,0.011904761904761862
285,2,1,2,2,1,3.0,1,104729,0.451264880952381,0.023809523809523836
286,2,1,2,2,2,10.0,1,1729,0.5071699134199135,0.062364718614718706
286,2,1,2,2,2,10.0,1,3253,0.48281926406926406,0.011363636363636354
286,2,1,2,2,2,10.0,1,4999,0.11377164502164483,-0.07738095238095255
286,2,1,2,2,2,10.0,1,7919,0.33860930735930717,-0.0013528138528138278
286,2,1,2,2,2,10.0,1,104729,0.31304112554112573,-0.022050865800865904
287,2,1,2,2,3,30.0,1,1729,0.44446044546851005,-0.029521889400921597
287,2,1,2,2,3,30.0,1,3253,0.4065860215053765,0.0534754224270354
287,2,1,2,2,3,30.0,1,4999,0.45314900153609844,-0.06312403993855598
287,2,1,2,2,3,30.0,1,7919,0.33438940092165903,-0.014208909370199585
287,2,1,2,2,3,30.0,1,104729,0.26305683563748106,0.06379608294930894
288,2,2,0,0,0,1.0,1,1729,0.04092261904761896,0.03645833333333337
288,2,2,0,0,0,1.0,1,3253,-0.026785714285714357,0.014136904761904712
288,2,2,0,0,0,1.0,1,4999,0.029761904761904767,-0.011904761904761973
288,2,2,0,0,0,1.0,1,7919,-0.020089285714285754,0.011160714285714218
288,2,2,0,0,0,1.0,1,104729,0.0379464285714286,0.00520833333333337
289,2,2,0,0,1,3.0,1,1729,-0.030877976190476275,0.01711309523809529
289,2,2,0,0,1,3.0,1,3253,-0.020089285714285865,0.01376488095238071
289,2,2,0,0,1,3.0,1,4999,-0.022321428571428603,0.027157738095238082
289,2,2,0,0,1,3.0,1,7919,0.021577380952381042,-0.02901785714285743
289,2,2,0,0,1,3.0,1,104729,0.0044642857142859205,0.07849702380952406
290,2,2,0,0,2,10.0,1,1729,0.0442370129870131,-0.05127164502164522
290,2,2,0,0,2,10.0,1,3253,0.019886363636363535,-0.015963203463203568
290,2,2,0,0,2,10.0,1,4999,0.0297619047619051,0.040854978354978866
290,2,2,0,0,2,10.0,1,7919,0.019345238095238082,0.07805735930735958
290,2,2,0,0,2,10.0,1,104729,0.0346320346320349,0.054653679653680065
291,2,2,0,0,3,30.0,1,1729,-0.053955453149001575,0.003360215053763216
291,2,2,0,0,3,30.0,1,3253,-0.0064324116743472715,-0.05155529953917071
291,2,2,0,0,3,30.0,1,4999,0.03566628264208893,-0.03163402457757314
291,2,2,0,0,3,30.0,1,7919,-0.010848694316436092,0.002400153609831146
291,2,2,0,0,3,30.0,1,104729,-0.02716973886328722,0.011904761904761973
292,2,2,0,1,0,1.0,2,1729,0.05952380952380981,0.12450396825396881
292,2,2,0,1,0,1.0,2,3253,-0.029265873015873245,-0.04464285714285754
292,2,2,0,1,0,1.0,2,4999,0.038690476190476,-0.10267857142857162
292,2,2,0,1,0,1.0,2,7919,0.05357142857142816,0.023313492063491592
292,2,2,0,1,0,1.0,2,104729,0.020337301587301737,0.0044642857142858094
293,2,2,0,1,1,3.0,2,1729,0.08531746031746029,0.08184523809523803
293,2,2,0,1,1,3.0,2,3253,0.08482142857142849,0.0749007936507935
293,2,2,0,1,1,3.0,2,4999,-0.007192460317460347,-0.016865079365079305
293,2,2,0,1,1,3.0,2,7919,-0.022073412698412564,-0.04315476190476153
293,2,2,0,1,1,3.0,2,104729,0.02232142857142827,0.03695436507936489
294,2,2,0,1,2,10.0,2,1729,-0.017135642135642337,-0.057088744588744356
294,2,2,0,1,2,10.0,2,3253,-0.0024350649350648457,0.01379870129870131
294,2,2,0,1,2,10.0,2,4999,0.0017135642135643891,0.02840909090909105
294,2,2,0,1,2,10.0,2,7919,0.010732323232322982,0.010191197691197362
294,2,2,0,1,2,10.0,2,104729,0.0011724386724385472,-0.04779942279942262
295,2,2,0,1,3,30.0,2,1729,0.05062724014336917,0.03437019969278032
295,2,2,0,1,3,30.0,2,3253,0.015392985151049698,-0.020577316948284907
295,2,2,0,1,3,30.0,2,4999,-0.00630440348182304,-0.040162570404506215
295,2,2,0,1,3,30.0,2,7919,0.02025729646697394,0.009632616487455392
295,2,2,0,1,3,30.0,2,104729,0.010144649257552318,-0.004352278545827204
296,2,2,0,2,0,1.0,0,1729,-0.013392857142857165,-0.017857142857142863
296,2,2,0,2,0,1.0,0,3253,0.02976190476190478,0.06547619047619051
296,2,2,0,2,0,1.0,0,4999,-0.0014880952380952467,0.007440476190476178
296,2,2,0,2,0,1.0,0,7919,0.05654761904761907,0.06398809523809526
296,2,2,0,2,0,1.0,0,104729,0.01785714285714285,0.043154761904761904
297,2,2,0,2,1,3.0,0,1729,0.04464285714285714,0.014880952380952411
297,2,2,0,2,1,3.0,0,3253,0.02157738095238096,0.02306547619047622
297,2,2,0,2,1,3.0,0,4999,-0.03273809523809525,0.025297619047619034
297,2,2,0,2,1,3.0,0,7919,-0.13020833333333334,0.008184523809523805
297,2,2,0,2,1,3.0,0,104729,-0.03497023809523811,0.020089285714285726
298,2,2,0,2,2,10.0,0,1729,-0.02272727272727254,0.06222943722943734
298,2,2,0,2,2,10.0,0,3253,0.007034632034632143,0.10579004329004325
298,2,2,0,2,2,10.0,0,4999,-0.029220779220779286,-0.018398268398268497
298,2,2,0,2,2,10.0,0,7919,-0.032196969696969696,0.007034632034632074
298,2,2,0,2,2,10.0,0,104729,0.07386363636363644,0.07954545454545459
299,2,2,0,2,3,30.0,0,1729,0.06067588325652823,0.04857910906297988
299,2,2,0,2,3,30.0,0,3253,0.05011520737327224,0.03648233486943184
299,2,2,0,2,3,30.0,0,4999,-0.055875576036866395,-0.011040706605222786
299,2,2,0,2,3,30.0,0,7919,0.07709293394777263,0.026785714285714274
299,2,2,0,2,3,30.0,0,104729,-0.011904761904761973,0.05875576036866356
300,2,2,1,0,0,1.0,2,1729,0.3953373015873016,0.015376984126984183
300,2,2,1,0,0,1.0,2,3253,0.40674603174603174,0.012400793650793607
300,2,2,1,0,0,1.0,2,4999,0.40277777777777785,0.003968253968253843
300,2,2,1,0,0,1.0,2,7919,0.3859126984126984,0.0004960317460316332
300,2,2,1,0,0,1.0,2,104729,0.37946428571428553,0.018849206349206282
301,2,2,1,0,1,3.0,2,1729,0.34077380952380976,0.016369047619047672
301,2,2,1,0,1,3.0,2,3253,0.3722718253968255,0.01810515873015872
301,2,2,1,0,1,3.0,2,4999,0.3214285714285716,0.006200396825396859
301,2,2,1,0,1,3.0,2,7919,0.36086309523809523,0.013144841269841168
301,2,2,1,0,1,3.0,2,104729,0.39211309523809534,0.04166666666666663
302,2,2,1,0,2,10.0,2,1729,0.3099747474747473,0.002795815295814963
302,2,2,1,0,2,10.0,2,3253,0.23232323232323238,-0.015692640692640758
302,2,2,1,0,2,10.0,2,4999,0.23908730158730163,0.008658008658008698
302,2,2,1,0,2,10.0,2,7919,0.33387445887445866,0.015512265512265477
302,2,2,1,0,2,10.0,2,104729,0.34929653679653666,0.04996392496392488
303,2,2,1,0,3,30.0,2,1729,0.17527521761392717,-0.05014720942140305
303,2,2,1,0,3,30.0,2,3253,0.23127880184331795,-0.008352534562211966
303,2,2,1,0,3,30.0,2,4999,0.2638248847926269,-0.005216333845366017
303,2,2,1,0,3,30.0,2,7919,0.25204813108038915,-0.009216589861751223
303,2,2,1,0,3,30.0,2,104729,0.32530081925243215,-0.02390552995391715
304,2,2,1,1,0,1.0,0,1729,0.3125000000000001,0.08928571428571436
304,2,2,1,1,0,1.0,0,3253,0.29761904761904745,0.10119047619047605
304,2,2,1,1,0,1.0,0,4999,0.3749999999999998,0.05654761904761896
304,2,2,1,1,0,1.0,0,7919,0.37202380952380965,0.12351190476190499
304,2,2,1,1,0,1.0,0,104729,0.2648809523809522,0.1458333333333333
305,2,2,1,1,1,3.0,0,1729,0.27604166666666663,0.10937499999999994
305,2,2,1,1,1,3.0,0,3253,0.26934523809523814,0.032738095238095344
305,2,2,1,1,1,3.0,0,4999,0.183779761904762,-0.053571428571428326
305,2,2,1,1,1,3.0,0,7919,0.22842261904761907,-0.023065476190476053
305,2,2,1,1,1,3.0,0,104729,0.24107142857142863,-0.03422619047619041
306,2,2,1,1,2,10.0,0,1729,0.41044372294372294,0.030032467532467577
306,2,2,1,1,2,10.0,0,3253,0.2973484848484849,0.005681818181818343
306,2,2,1,1,2,10.0,0,4999,0.3227813852813852,0.08089826839826836
306,2,2,1,1,2,10.0,0,7919,0.36525974025973995,0.005411255411254978
306,2,2,1,1,2,10.0,0,104729,0.04870129870129869,-0.07413419913419916
307,2,2,1,1,3,30.0,0,1729,0.18874807987711173,-0.1254800307219665
307,2,2,1,1,3,30.0,0,3253,0.32786098310291856,0.07536482334869421
307,2,2,1,1,3,30.0,0,4999,0.13556067588325646,-0.09283794162826409
307,2,2,1,1,3,30.0,0,7919,0.3332373271889393,0.12279185867895476
307,2,2,1,1,3,30.0,0,104729,0.1467933947772655,-0.04521889400921675
308,2,2,1,2,0,1.0,1,1729,0.4055059523809521,0.1458333333333332
308,2,2,1,2,0,1.0,1,3253,0.1994047619047617,-0.0647321428571429
308,2,2,1,2,0,1.0,1,4999,0.37351190476190477,0.13095238095238115
308,2,2,1,2,0,1.0,1,7919,0.2931547619047617,0.019345238095237693
308,2,2,1,2,0,1.0,1,104729,0.33705357142857156,0.1026785714285714
309,2,2,1,2,1,3.0,1,1729,0.3746279761904762,0.04055059523809512
309,2,2,1,2,1,3.0,1,3253,0.4453125000000005,0.029761904761904767
309,2,2,1,2,1,3.0,1,4999,0.29650297619047633,-0.009300595238095233
309,2,2,1,2,1,3.0,1,7919,0.2552083333333331,0.042038690476190466
309,2,2,1,2,1,3.0,1,104729,0.24665178571428553,-0.05505952380952395
310,2,2,1,2,2,10.0,1,1729,0.1262175324675322,-0.025974025974025816
310,2,2,1,2,2,10.0,1,3253,0.2522997835497839,-0.0027056277056271005
310,2,2,1,2,2,10.0,1,4999,0.3863636363636365,0.05262445887445888
310,2,2,1,2,2,10.0,1,7919,0.19575216450216376,0.031249999999999667
310,2,2,1,2,2,10.0,1,104729,0.3000541125541128,0.03963744588744611
311,2,2,1,2,3,30.0,1,1729,0.3222446236559139,0.01008064516129048
311,2,2,1,2,3,30.0,1,3253,0.24822388632872566,-0.0023041474654377225
311,2,2,1,2,3,30.0,1,4999,0.37293586789554467,-0.03585829493087622
311,2,2,1,2,3,30.0,1,7919,0.33002112135176714,0.02419354838709742
311,2,2,1,2,3,30.0,1,104729,0.25057603686635876,0.04771505376344021
312,2,2,2,0,0,1.0,0,1729,0.5014880952380952,0.08928571428571419
312,2,2,2,0,0,1.0,0,3253,0.4642857142857143,0.09226190476190477
312,2,2,2,0,0,1.0,0,4999,0.46875,0.0982142857142857
312,2,2,2,0,0,1.0,0,7919,0.49255952380952384,0.09523809523809534
312,2,2,2,0,0,1.0,0,104729,0.4732142857142857,0.06547619047619058
313,2,2,2,0,1,3.0,0,1729,0.5312500000000001,0.04166666666666674
313,2,2,2,0,1,3.0,0,3253,0.48363095238095244,0.05654761904761907
313,2,2,2,0,1,3.0,0,4999,0.5654761904761905,0.09226190476190477
313,2,2,2,0,1,3.0,0,7919,0.4910714285714285,0.05654761904761896
313,2,2,2,0,1,3.0,0,104729,0.456845238095238,0.03571428571428559
314,2,2,2,0,2,10.0,0,1729,0.5882034632034633,0.03598484848484851
314,2,2,2,0,2,10.0,0,3253,0.46212121212121204,0.07467532467532456
314,2,2,2,0,2,10.0,0,4999,0.5673701298701298,0.02110389610389618
314,2,2,2,0,2,10.0,0,7919,0.4986471861471862,0.005952380952381042
314,2,2,2,0,2,10.0,0,104729,0.5746753246753248,0.02110389610389618
315,2,2,2,0,3,30.0,0,1729,0.4184907834101387,-0.02688172043010706
315,2,2,2,0,3,30.0,0,3253,0.356662826420891,-0.1801075268817205
315,2,2,2,0,3,30.0,0,4999,0.4803187403993856,-0.08726958525345618
315,2,2,2,0,3,30.0,0,7919,0.3140360983102919,-0.17617127496159746
315,2,2,2,0,3,30.0,0,104729,0.47407834101382484,-0.10311059907834108
316,2,2,2,1,0,1.0,1,1729,0.5141369047619048,0.044642857142857095
316,2,2,2,1,0,1.0,1,3253,0.5438988095238095,0.04166666666666674
316,2,2,2,1,0,1.0,1,4999,0.5290178571428572,0.048363095238095344
316,2,2,2,1,0,1.0,1,7919,0.5275297619047619,0.033482142857142794
316,2,2,2,1,0,1.0,1,104729,0.5178571428571428,0.06175595238095244
317,2,2,2,1,1,3.0,1,1729,0.5472470238095237,0.018601190476190355
317,2,2,2,1,1,3.0,1,3253,0.4233630952380954,0.005952380952380931
317,2,2,2,1,1,3.0,1,4999,0.5632440476190477,0.032738095238095344
317,2,2,2,1,1,3.0,1,7919,0.4739583333333333,0.01636904761904756
317,2,2,2,1,1,3.0,1,104729,0.5546875,0.025297619047618958
318,2,2,2,1,2,10.0,1,1729,0.529491341991342,0.012716450216450292
318,2,2,2,1,2,10.0,1,3253,0.5090638528138527,0.0029761904761904656
318,2,2,2,1,2,10.0,1,4999,0.5652056277056277,0.03652597402597402
318,2,2,2,1,2,10.0,1,7919,0.5564123376623377,0.0179924242424242
318,2,2,2,1,2,10.0,1,104729,0.524891774891775,0.012040043290043267
319,2,2,2,1,3,30.0,1,1729,0.4443644393241168,-0.029233870967741993
319,2,2,2,1,3,30.0,1,3253,0.5055683563748079,-0.021697388632872627
319,2,2,2,1,3,30.0,1,4999,0.48555107526881724,-0.046995007680491474
319,2,2,2,1,3,30.0,1,7919,0.4274193548387096,-0.030481950844854278
319,2,2,2,1,3,30.0,1,104729,0.46063748079877126,-0.004224270353302528
320,2,2,2,2,0,1.0,2,1729,0.378968253968254,0.031746031746031744
320,2,2,2,2,0,1.0,2,3253,0.4603174603174604,0.023809523809523836
320,2,2,2,2,0,1.0,2,4999,0.45188492063492075,0.03224206349206349
320,2,2,2,2,0,1.0,2,7919,0.41269841269841256,0.03720238095238104
320,2,2,2,2,0,1.0,2,104729,0.3328373015873014,0.056051587301587324
321,2,2,2,2,1,3.0,2,1729,0.4474206349206349,0.02852182539682535
321,2,2,2,2,1,3.0,2,3253,0.23685515873015883,0.03149801587301593
321,2,2,2,2,1,3.0,2,4999,0.45436507936507964,0.03273809523809523
321,2,2,2,2,1,3.0,2,7919,0.42956349206349187,0.009424603174603252
321,2,2,2,2,1,3.0,2,104729,0.3606150793650795,-0.013392857142857095
322,2,2,2,2,2,10.0,2,1729,0.33405483405483416,0.05853174603174616
322,2,2,2,2,2,10.0,2,3253,0.24918831168831168,0.0627705627705627
322,2,2,2,2,2,10.0,2,4999,0.391684704184704,-0.017316017316017396
322,2,2,2,2,2,10.0,2,7919,0.39835858585858575,0.009018759018759037
322,2,2,2,2,2,10.0,2,104729,0.41765873015873023,0.032377344877344894
323,2,2,2,2,3,30.0,2,1729,0.2886904761904763,0.03475422427035335
323,2,2,2,2,3,30.0,2,3253,0.38229646697388614,-0.00640040962621613
323,2,2,2,2,3,30.0,2,4999,0.4321876600102408,-0.017953149001536106
323,2,2,2,2,3,30.0,2,7919,0.332725294418843,0.0066564260112647045
323,2,2,2,2,3,30.0,2,104729,0.25492831541218663,-0.056387608806963696
