method,budget,precision_target,cils_tau,seed,rank,interval_id,t_start,t_end,duration,answer_iou_0_3,answer_iou_0_5,matched_event_id
cils_craq_lite,80,0.8,0.5,0,1,iv2_0005920,850.0,866.0,16.0,True,False,realcartest_event_0037
cils_craq_lite,80,0.9,0.5,0,1,iv2_0005920,850.0,866.0,16.0,True,False,realcartest_event_0037
cils_craq_lite,80,0.8,0.5,0,2,iv2_0004318,544.0,560.0,16.0,False,False,
cils_craq_lite,80,0.9,0.5,0,2,iv2_0004318,544.0,560.0,16.0,False,False,
cils_craq_lite,80,0.8,0.5,0,3,iv2_0007360,638.0,654.0,16.0,False,False,
cils_craq_lite,80,0.9,0.5,0,3,iv2_0007360,638.0,654.0,16.0,False,False,
cils_craq_lite,80,0.8,0.5,0,4,iv2_0011265,806.0,838.0,32.0,False,False,realcartest_event_0037
cils_craq_lite,80,0.9,0.5,0,4,iv2_0011265,806.0,838.0,32.0,False,False,realcartest_event_0037
cils_craq_lite,80,0.8,0.5,0,5,iv2_0007576,250.0,266.0,16.0,False,False,realcartest_event_0026
cils_craq_lite,80,0.9,0.5,0,5,iv2_0007576,250.0,266.0,16.0,False,False,realcartest_event_0026
cils_craq_lite,80,0.8,0.5,0,6,iv2_0007330,768.0,784.0,16.0,False,False,realcartest_event_0034
cils_craq_lite,80,0.9,0.5,0,6,iv2_0007330,768.0,784.0,16.0,False,False,realcartest_event_0034
cils_craq_lite,80,0.8,0.5,0,7,iv2_0007594,1018.0,1034.0,16.0,False,False,
cils_craq_lite,80,0.9,0.5,0,7,iv2_0007594,1018.0,1034.0,16.0,False,False,
cils_craq_lite,80,0.8,0.5,0,8,iv2_0011686,872.0,900.0,28.0,False,False,realcartest_event_0037
cils_craq_lite,80,0.9,0.5,0,8,iv2_0011686,872.0,900.0,28.0,False,False,realcartest_event_0037
cils_craq_lite,80,0.8,0.5,0,9,iv2_0007077,494.0,506.0,12.0,True,False,realcartest_event_0029
cils_craq_lite,80,0.9,0.5,0,9,iv2_0007077,494.0,506.0,12.0,True,False,realcartest_event_0029
cils_craq_lite,80,0.8,0.5,0,10,iv2_0007522,468.0,484.0,16.0,False,False,
cils_craq_lite,80,0.9,0.5,0,10,iv2_0007522,468.0,484.0,16.0,False,False,
cils_craq_lite,80,0.8,0.5,0,11,iv2_0007161,670.0,682.0,12.0,False,False,
cils_craq_lite,80,0.9,0.5,0,11,iv2_0007161,670.0,682.0,12.0,False,False,
cils_craq_lite,80,0.8,0.5,0,12,iv2_0011576,680.0,720.0,40.0,False,False,realcartest_event_0033
cils_craq_lite,80,0.9,0.5,0,12,iv2_0011576,680.0,720.0,40.0,False,False,realcartest_event_0033
cils_craq_lite,80,0.8,0.5,0,13,iv2_0004233,486.0,498.0,12.0,True,True,realcartest_event_0029
cils_craq_lite,80,0.9,0.5,0,13,iv2_0004233,486.0,498.0,12.0,True,True,realcartest_event_0029
cils_craq_lite,80,0.8,0.5,0,14,iv2_0007143,554.0,566.0,12.0,False,False,realcartest_event_0031
cils_craq_lite,80,0.9,0.5,0,14,iv2_0007143,554.0,566.0,12.0,False,False,realcartest_event_0031
cils_craq_lite,80,0.8,0.5,0,15,iv2_0007215,662.0,674.0,12.0,False,False,
cils_craq_lite,80,0.9,0.5,0,15,iv2_0007215,662.0,674.0,12.0,False,False,
cils_craq_lite,80,0.8,0.5,0,16,iv2_0007155,796.0,808.0,12.0,False,False,
cils_craq_lite,80,0.9,0.5,0,16,iv2_0007155,796.0,808.0,12.0,False,False,
cils_craq_lite,80,0.8,0.5,0,17,iv2_0005937,758.0,770.0,12.0,True,True,realcartest_event_0034
cils_craq_lite,80,0.9,0.5,0,17,iv2_0005937,758.0,770.0,12.0,True,True,realcartest_event_0034
cils_craq_lite,80,0.8,0.5,0,18,iv2_0011323,1024.0,1064.0,40.0,False,False,realcartest_event_0040
cils_craq_lite,80,0.9,0.5,0,18,iv2_0011323,1024.0,1064.0,40.0,False,False,realcartest_event_0040
cils_craq_lite,80,0.8,0.5,0,19,iv2_0007683,924.0,936.0,12.0,False,False,
cils_craq_lite,80,0.9,0.5,0,19,iv2_0007683,924.0,936.0,12.0,False,False,
cils_craq_lite,80,0.8,0.5,0,20,iv2_0007257,1030.0,1042.0,12.0,False,False,
cils_craq_lite,80,0.9,0.5,0,20,iv2_0007257,1030.0,1042.0,12.0,False,False,
cils_craq_lite,80,0.8,0.6,0,1,iv2_0005920,850.0,866.0,16.0,True,False,realcartest_event_0037
cils_craq_lite,80,0.9,0.6,0,1,iv2_0005920,850.0,866.0,16.0,True,False,realcartest_event_0037
cils_craq_lite,80,0.8,0.6,0,2,iv2_0004318,544.0,560.0,16.0,False,False,
cils_craq_lite,80,0.9,0.6,0,2,iv2_0004318,544.0,560.0,16.0,False,False,
cils_craq_lite,80,0.8,0.6,0,3,iv2_0007360,638.0,654.0,16.0,False,False,
cils_craq_lite,80,0.9,0.6,0,3,iv2_0007360,638.0,654.0,16.0,False,False,
cils_craq_lite,80,0.8,0.6,0,4,iv2_0007576,250.0,266.0,16.0,False,False,realcartest_event_0026
cils_craq_lite,80,0.9,0.6,0,4,iv2_0007576,250.0,266.0,16.0,False,False,realcartest_event_0026
cils_craq_lite,80,0.8,0.6,0,5,iv2_0007330,768.0,784.0,16.0,False,False,realcartest_event_0034
cils_craq_lite,80,0.9,0.6,0,5,iv2_0007330,768.0,784.0,16.0,False,False,realcartest_event_0034
cils_craq_lite,80,0.8,0.6,0,6,iv2_0007594,1018.0,1034.0,16.0,False,False,
cils_craq_lite,80,0.9,0.6,0,6,iv2_0007594,1018.0,1034.0,16.0,False,False,
cils_craq_lite,80,0.8,0.6,0,7,iv2_0007077,494.0,506.0,12.0,True,False,realcartest_event_0029
cils_craq_lite,80,0.9,0.6,0,7,iv2_0007077,494.0,506.0,12.0,True,False,realcartest_event_0029
cils_craq_lite,80,0.8,0.6,0,8,iv2_0004707,880.0,892.0,12.0,False,False,realcartest_event_0037
cils_craq_lite,80,0.9,0.6,0,8,iv2_0004707,880.0,892.0,12.0,False,False,realcartest_event_0037
cils_craq_lite,80,0.8,0.6,0,9,iv2_0007522,468.0,484.0,16.0,False,False,
cils_craq_lite,80,0.9,0.6,0,9,iv2_0007522,468.0,484.0,16.0,False,False,
cils_craq_lite,80,0.8,0.6,0,10,iv2_0007083,806.0,818.0,12.0,False,False,realcartest_event_0036
cils_craq_lite,80,0.9,0.6,0,10,iv2_0007083,806.0,818.0,12.0,False,False,realcartest_event_0036
cils_craq_lite,80,0.8,0.6,0,11,iv2_0007161,670.0,682.0,12.0,False,False,
cils_craq_lite,80,0.9,0.6,0,11,iv2_0007161,670.0,682.0,12.0,False,False,
cils_craq_lite,80,0.8,0.6,0,12,iv2_0004233,486.0,498.0,12.0,True,True,realcartest_event_0029
cils_craq_lite,80,0.9,0.6,0,12,iv2_0004233,486.0,498.0,12.0,True,True,realcartest_event_0029
cils_craq_lite,80,0.8,0.6,0,13,iv2_0007143,554.0,566.0,12.0,False,False,realcartest_event_0031
cils_craq_lite,80,0.9,0.6,0,13,iv2_0007143,554.0,566.0,12.0,False,False,realcartest_event_0031
cils_craq_lite,80,0.8,0.6,0,14,iv2_0007215,662.0,674.0,12.0,False,False,
cils_craq_lite,80,0.9,0.6,0,14,iv2_0007215,662.0,674.0,12.0,False,False,
cils_craq_lite,80,0.8,0.6,0,15,iv2_0007155,796.0,808.0,12.0,False,False,
cils_craq_lite,80,0.9,0.6,0,15,iv2_0007155,796.0,808.0,12.0,False,False,
cils_craq_lite,80,0.8,0.6,0,16,iv2_0005937,758.0,770.0,12.0,True,True,realcartest_event_0034
cils_craq_lite,80,0.9,0.6,0,16,iv2_0005937,758.0,770.0,12.0,True,True,realcartest_event_0034
cils_craq_lite,80,0.8,0.6,0,17,iv2_0011323,1024.0,1064.0,40.0,False,False,realcartest_event_0040
cils_craq_lite,80,0.9,0.6,0,17,iv2_0011323,1024.0,1064.0,40.0,False,False,realcartest_event_0040
cils_craq_lite,80,0.8,0.6,0,18,iv2_0007683,924.0,936.0,12.0,False,False,
cils_craq_lite,80,0.9,0.6,0,18,iv2_0007683,924.0,936.0,12.0,False,False,
cils_craq_lite,80,0.8,0.6,0,19,iv2_0007257,1030.0,1042.0,12.0,False,False,
cils_craq_lite,80,0.9,0.6,0,19,iv2_0007257,1030.0,1042.0,12.0,False,False,
cils_craq_lite,80,0.8,0.6,0,20,iv2_0004419,276.0,288.0,12.0,False,False,
cils_craq_lite,80,0.9,0.6,0,20,iv2_0004419,276.0,288.0,12.0,False,False,
cils_craq_lite,80,0.8,0.6,0,21,iv2_0007377,618.0,630.0,12.0,False,False,
cils_craq_lite,80,0.9,0.6,0,21,iv2_0007377,618.0,630.0,12.0,False,False,
cils_craq_lite,80,0.8,0.6,0,22,iv2_0004275,1060.0,1072.0,12.0,False,False,realcartest_event_0040
cils_craq_lite,80,0.9,0.6,0,22,iv2_0004275,1060.0,1072.0,12.0,False,False,realcartest_event_0040
cils_craq_lite,80,0.8,0.6,0,23,iv2_0004251,984.0,996.0,12.0,False,False,
cils_craq_lite,80,0.9,0.6,0,23,iv2_0004251,984.0,996.0,12.0,False,False,
cils_craq_lite,80,0.8,0.6,0,24,iv2_0007269,888.0,900.0,12.0,False,False,
cils_craq_lite,80,0.9,0.6,0,24,iv2_0007269,888.0,900.0,12.0,False,False,
cils_craq_lite,80,0.8,0.6,0,25,iv2_0007695,354.0,366.0,12.0,False,False,
cils_craq_lite,80,0.9,0.6,0,25,iv2_0007695,354.0,366.0,12.0,False,False,
cils_craq_lite,80,0.8,0.5,1,1,iv2_0005920,850.0,866.0,16.0,True,False,realcartest_event_0037
cils_craq_lite,80,0.9,0.5,1,1,iv2_0005920,850.0,866.0,16.0,True,False,realcartest_event_0037
cils_craq_lite,80,0.8,0.5,1,2,iv2_0004318,544.0,560.0,16.0,False,False,
cils_craq_lite,80,0.9,0.5,1,2,iv2_0004318,544.0,560.0,16.0,False,False,
cils_craq_lite,80,0.8,0.5,1,3,iv2_0007360,638.0,654.0,16.0,False,False,
cils_craq_lite,80,0.9,0.5,1,3,iv2_0007360,638.0,654.0,16.0,False,False,
cils_craq_lite,80,0.8,0.5,1,4,iv2_0011265,806.0,838.0,32.0,False,False,realcartest_event_0037
cils_craq_lite,80,0.9,0.5,1,4,iv2_0011265,806.0,838.0,32.0,False,False,realcartest_event_0037
cils_craq_lite,80,0.8,0.5,1,5,iv2_0007576,250.0,266.0,16.0,False,False,realcartest_event_0026
cils_craq_lite,80,0.9,0.5,1,5,iv2_0007576,250.0,266.0,16.0,False,False,realcartest_event_0026
cils_craq_lite,80,0.8,0.5,1,6,iv2_0007330,768.0,784.0,16.0,False,False,realcartest_event_0034
cils_craq_lite,80,0.9,0.5,1,6,iv2_0007330,768.0,784.0,16.0,False,False,realcartest_event_0034
cils_craq_lite,80,0.8,0.5,1,7,iv2_0007594,1018.0,1034.0,16.0,False,False,
cils_craq_lite,80,0.9,0.5,1,7,iv2_0007594,1018.0,1034.0,16.0,False,False,
cils_craq_lite,80,0.8,0.5,1,8,iv2_0011686,872.0,900.0,28.0,False,False,realcartest_event_0037
cils_craq_lite,80,0.9,0.5,1,8,iv2_0011686,872.0,900.0,28.0,False,False,realcartest_event_0037
cils_craq_lite,80,0.8,0.5,1,9,iv2_0007077,494.0,506.0,12.0,True,False,realcartest_event_0029
cils_craq_lite,80,0.9,0.5,1,9,iv2_0007077,494.0,506.0,12.0,True,False,realcartest_event_0029
cils_craq_lite,80,0.8,0.5,1,10,iv2_0007522,468.0,484.0,16.0,False,False,
cils_craq_lite,80,0.9,0.5,1,10,iv2_0007522,468.0,484.0,16.0,False,False,
cils_craq_lite,80,0.8,0.5,1,11,iv2_0007161,670.0,682.0,12.0,False,False,
cils_craq_lite,80,0.9,0.5,1,11,iv2_0007161,670.0,682.0,12.0,False,False,
cils_craq_lite,80,0.8,0.5,1,12,iv2_0011576,680.0,720.0,40.0,False,False,realcartest_event_0033
cils_craq_lite,80,0.9,0.5,1,12,iv2_0011576,680.0,720.0,40.0,False,False,realcartest_event_0033
cils_craq_lite,80,0.8,0.5,1,13,iv2_0004233,486.0,498.0,12.0,True,True,realcartest_event_0029
cils_craq_lite,80,0.9,0.5,1,13,iv2_0004233,486.0,498.0,12.0,True,True,realcartest_event_0029
cils_craq_lite,80,0.8,0.5,1,14,iv2_0007143,554.0,566.0,12.0,False,False,realcartest_event_0031
cils_craq_lite,80,0.9,0.5,1,14,iv2_0007143,554.0,566.0,12.0,False,False,realcartest_event_0031
cils_craq_lite,80,0.8,0.5,1,15,iv2_0007215,662.0,674.0,12.0,False,False,
cils_craq_lite,80,0.9,0.5,1,15,iv2_0007215,662.0,674.0,12.0,False,False,
cils_craq_lite,80,0.8,0.5,1,16,iv2_0007155,796.0,808.0,12.0,False,False,
cils_craq_lite,80,0.9,0.5,1,16,iv2_0007155,796.0,808.0,12.0,False,False,
cils_craq_lite,80,0.8,0.5,1,17,iv2_0005937,758.0,770.0,12.0,True,True,realcartest_event_0034
cils_craq_lite,80,0.9,0.5,1,17,iv2_0005937,758.0,770.0,12.0,True,True,realcartest_event_0034
cils_craq_lite,80,0.8,0.5,1,18,iv2_0011323,1024.0,1064.0,40.0,False,False,realcartest_event_0040
cils_craq_lite,80,0.9,0.5,1,18,iv2_0011323,1024.0,1064.0,40.0,False,False,realcartest_event_0040
cils_craq_lite,80,0.8,0.5,1,19,iv2_0007683,924.0,936.0,12.0,False,False,
cils_craq_lite,80,0.9,0.5,1,19,iv2_0007683,924.0,936.0,12.0,False,False,
cils_craq_lite,80,0.8,0.5,1,20,iv2_0007257,1030.0,1042.0,12.0,False,False,
cils_craq_lite,80,0.9,0.5,1,20,iv2_0007257,1030.0,1042.0,12.0,False,False,
cils_craq_lite,80,0.8,0.6,1,1,iv2_0005920,850.0,866.0,16.0,True,False,realcartest_event_0037
cils_craq_lite,80,0.9,0.6,1,1,iv2_0005920,850.0,866.0,16.0,True,False,realcartest_event_0037
cils_craq_lite,80,0.8,0.6,1,2,iv2_0004318,544.0,560.0,16.0,False,False,
cils_craq_lite,80,0.9,0.6,1,2,iv2_0004318,544.0,560.0,16.0,False,False,
cils_craq_lite,80,0.8,0.6,1,3,iv2_0007360,638.0,654.0,16.0,False,False,
cils_craq_lite,80,0.9,0.6,1,3,iv2_0007360,638.0,654.0,16.0,False,False,
cils_craq_lite,80,0.8,0.6,1,4,iv2_0007576,250.0,266.0,16.0,False,False,realcartest_event_0026
cils_craq_lite,80,0.9,0.6,1,4,iv2_0007576,250.0,266.0,16.0,False,False,realcartest_event_0026
cils_craq_lite,80,0.8,0.6,1,5,iv2_0007330,768.0,784.0,16.0,False,False,realcartest_event_0034
cils_craq_lite,80,0.9,0.6,1,5,iv2_0007330,768.0,784.0,16.0,False,False,realcartest_event_0034
cils_craq_lite,80,0.8,0.6,1,6,iv2_0007594,1018.0,1034.0,16.0,False,False,
cils_craq_lite,80,0.9,0.6,1,6,iv2_0007594,1018.0,1034.0,16.0,False,False,
cils_craq_lite,80,0.8,0.6,1,7,iv2_0007077,494.0,506.0,12.0,True,False,realcartest_event_0029
cils_craq_lite,80,0.9,0.6,1,7,iv2_0007077,494.0,506.0,12.0,True,False,realcartest_event_0029
cils_craq_lite,80,0.8,0.6,1,8,iv2_0004707,880.0,892.0,12.0,False,False,realcartest_event_0037
cils_craq_lite,80,0.9,0.6,1,8,iv2_0004707,880.0,892.0,12.0,False,False,realcartest_event_0037
cils_craq_lite,80,0.8,0.6,1,9,iv2_0007522,468.0,484.0,16.0,False,False,
cils_craq_lite,80,0.9,0.6,1,9,iv2_0007522,468.0,484.0,16.0,False,False,
cils_craq_lite,80,0.8,0.6,1,10,iv2_0007083,806.0,818.0,12.0,False,False,realcartest_event_0036
cils_craq_lite,80,0.9,0.6,1,10,iv2_0007083,806.0,818.0,12.0,False,False,realcartest_event_0036
cils_craq_lite,80,0.8,0.6,1,11,iv2_0007161,670.0,682.0,12.0,False,False,
cils_craq_lite,80,0.9,0.6,1,11,iv2_0007161,670.0,682.0,12.0,False,False,
cils_craq_lite,80,0.8,0.6,1,12,iv2_0004233,486.0,498.0,12.0,True,True,realcartest_event_0029
cils_craq_lite,80,0.9,0.6,1,12,iv2_0004233,486.0,498.0,12.0,True,True,realcartest_event_0029
cils_craq_lite,80,0.8,0.6,1,13,iv2_0007143,554.0,566.0,12.0,False,False,realcartest_event_0031
cils_craq_lite,80,0.9,0.6,1,13,iv2_0007143,554.0,566.0,12.0,False,False,realcartest_event_0031
cils_craq_lite,80,0.8,0.6,1,14,iv2_0007215,662.0,674.0,12.0,False,False,
cils_craq_lite,80,0.9,0.6,1,14,iv2_0007215,662.0,674.0,12.0,False,False,
cils_craq_lite,80,0.8,0.6,1,15,iv2_0007155,796.0,808.0,12.0,False,False,
cils_craq_lite,80,0.9,0.6,1,15,iv2_0007155,796.0,808.0,12.0,False,False,
cils_craq_lite,80,0.8,0.6,1,16,iv2_0005937,758.0,770.0,12.0,True,True,realcartest_event_0034
cils_craq_lite,80,0.9,0.6,1,16,iv2_0005937,758.0,770.0,12.0,True,True,realcartest_event_0034
cils_craq_lite,80,0.8,0.6,1,17,iv2_0011323,1024.0,1064.0,40.0,False,False,realcartest_event_0040
cils_craq_lite,80,0.9,0.6,1,17,iv2_0011323,1024.0,1064.0,40.0,False,False,realcartest_event_0040
cils_craq_lite,80,0.8,0.6,1,18,iv2_0007683,924.0,936.0,12.0,False,False,
cils_craq_lite,80,0.9,0.6,1,18,iv2_0007683,924.0,936.0,12.0,False,False,
cils_craq_lite,80,0.8,0.6,1,19,iv2_0007257,1030.0,1042.0,12.0,False,False,
cils_craq_lite,80,0.9,0.6,1,19,iv2_0007257,1030.0,1042.0,12.0,False,False,
cils_craq_lite,80,0.8,0.6,1,20,iv2_0004419,276.0,288.0,12.0,False,False,
cils_craq_lite,80,0.9,0.6,1,20,iv2_0004419,276.0,288.0,12.0,False,False,
cils_craq_lite,80,0.8,0.6,1,21,iv2_0007377,618.0,630.0,12.0,False,False,
cils_craq_lite,80,0.9,0.6,1,21,iv2_0007377,618.0,630.0,12.0,False,False,
cils_craq_lite,80,0.8,0.6,1,22,iv2_0004275,1060.0,1072.0,12.0,False,False,realcartest_event_0040
cils_craq_lite,80,0.9,0.6,1,22,iv2_0004275,1060.0,1072.0,12.0,False,False,realcartest_event_0040
cils_craq_lite,80,0.8,0.6,1,23,iv2_0004251,984.0,996.0,12.0,False,False,
cils_craq_lite,80,0.9,0.6,1,23,iv2_0004251,984.0,996.0,12.0,False,False,
cils_craq_lite,80,0.8,0.6,1,24,iv2_0007269,888.0,900.0,12.0,False,False,
cils_craq_lite,80,0.9,0.6,1,24,iv2_0007269,888.0,900.0,12.0,False,False,
cils_craq_lite,80,0.8,0.6,1,25,iv2_0007695,354.0,366.0,12.0,False,False,
cils_craq_lite,80,0.9,0.6,1,25,iv2_0007695,354.0,366.0,12.0,False,False,
cils_craq_lite,80,0.8,0.5,2,1,iv2_0005920,850.0,866.0,16.0,True,False,realcartest_event_0037
cils_craq_lite,80,0.9,0.5,2,1,iv2_0005920,850.0,866.0,16.0,True,False,realcartest_event_0037
cils_craq_lite,80,0.8,0.5,2,2,iv2_0004318,544.0,560.0,16.0,False,False,
cils_craq_lite,80,0.9,0.5,2,2,iv2_0004318,544.0,560.0,16.0,False,False,
cils_craq_lite,80,0.8,0.5,2,3,iv2_0007360,638.0,654.0,16.0,False,False,
cils_craq_lite,80,0.9,0.5,2,3,iv2_0007360,638.0,654.0,16.0,False,False,
cils_craq_lite,80,0.8,0.5,2,4,iv2_0011265,806.0,838.0,32.0,False,False,realcartest_event_0037
cils_craq_lite,80,0.9,0.5,2,4,iv2_0011265,806.0,838.0,32.0,False,False,realcartest_event_0037
cils_craq_lite,80,0.8,0.5,2,5,iv2_0007576,250.0,266.0,16.0,False,False,realcartest_event_0026
cils_craq_lite,80,0.9,0.5,2,5,iv2_0007576,250.0,266.0,16.0,False,False,realcartest_event_0026
cils_craq_lite,80,0.8,0.5,2,6,iv2_0007330,768.0,784.0,16.0,False,False,realcartest_event_0034
cils_craq_lite,80,0.9,0.5,2,6,iv2_0007330,768.0,784.0,16.0,False,False,realcartest_event_0034
cils_craq_lite,80,0.8,0.5,2,7,iv2_0007594,1018.0,1034.0,16.0,False,False,
cils_craq_lite,80,0.9,0.5,2,7,iv2_0007594,1018.0,1034.0,16.0,False,False,
cils_craq_lite,80,0.8,0.5,2,8,iv2_0011686,872.0,900.0,28.0,False,False,realcartest_event_0037
cils_craq_lite,80,0.9,0.5,2,8,iv2_0011686,872.0,900.0,28.0,False,False,realcartest_event_0037
cils_craq_lite,80,0.8,0.5,2,9,iv2_0007077,494.0,506.0,12.0,True,False,realcartest_event_0029
cils_craq_lite,80,0.9,0.5,2,9,iv2_0007077,494.0,506.0,12.0,True,False,realcartest_event_0029
cils_craq_lite,80,0.8,0.5,2,10,iv2_0007522,468.0,484.0,16.0,False,False,
cils_craq_lite,80,0.9,0.5,2,10,iv2_0007522,468.0,484.0,16.0,False,False,
cils_craq_lite,80,0.8,0.5,2,11,iv2_0007161,670.0,682.0,12.0,False,False,
cils_craq_lite,80,0.9,0.5,2,11,iv2_0007161,670.0,682.0,12.0,False,False,
cils_craq_lite,80,0.8,0.5,2,12,iv2_0011576,680.0,720.0,40.0,False,False,realcartest_event_0033
cils_craq_lite,80,0.9,0.5,2,12,iv2_0011576,680.0,720.0,40.0,False,False,realcartest_event_0033
cils_craq_lite,80,0.8,0.5,2,13,iv2_0004233,486.0,498.0,12.0,True,True,realcartest_event_0029
cils_craq_lite,80,0.9,0.5,2,13,iv2_0004233,486.0,498.0,12.0,True,True,realcartest_event_0029
cils_craq_lite,80,0.8,0.5,2,14,iv2_0007143,554.0,566.0,12.0,False,False,realcartest_event_0031
cils_craq_lite,80,0.9,0.5,2,14,iv2_0007143,554.0,566.0,12.0,False,False,realcartest_event_0031
cils_craq_lite,80,0.8,0.5,2,15,iv2_0007215,662.0,674.0,12.0,False,False,
cils_craq_lite,80,0.9,0.5,2,15,iv2_0007215,662.0,674.0,12.0,False,False,
cils_craq_lite,80,0.8,0.5,2,16,iv2_0007155,796.0,808.0,12.0,False,False,
cils_craq_lite,80,0.9,0.5,2,16,iv2_0007155,796.0,808.0,12.0,False,False,
cils_craq_lite,80,0.8,0.5,2,17,iv2_0005937,758.0,770.0,12.0,True,True,realcartest_event_0034
cils_craq_lite,80,0.9,0.5,2,17,iv2_0005937,758.0,770.0,12.0,True,True,realcartest_event_0034
cils_craq_lite,80,0.8,0.5,2,18,iv2_0011323,1024.0,1064.0,40.0,False,False,realcartest_event_0040
cils_craq_lite,80,0.9,0.5,2,18,iv2_0011323,1024.0,1064.0,40.0,False,False,realcartest_event_0040
cils_craq_lite,80,0.8,0.5,2,19,iv2_0007683,924.0,936.0,12.0,False,False,
cils_craq_lite,80,0.9,0.5,2,19,iv2_0007683,924.0,936.0,12.0,False,False,
cils_craq_lite,80,0.8,0.5,2,20,iv2_0007257,1030.0,1042.0,12.0,False,False,
cils_craq_lite,80,0.9,0.5,2,20,iv2_0007257,1030.0,1042.0,12.0,False,False,
cils_craq_lite,80,0.8,0.6,2,1,iv2_0005920,850.0,866.0,16.0,True,False,realcartest_event_0037
cils_craq_lite,80,0.9,0.6,2,1,iv2_0005920,850.0,866.0,16.0,True,False,realcartest_event_0037
cils_craq_lite,80,0.8,0.6,2,2,iv2_0004318,544.0,560.0,16.0,False,False,
cils_craq_lite,80,0.9,0.6,2,2,iv2_0004318,544.0,560.0,16.0,False,False,
cils_craq_lite,80,0.8,0.6,2,3,iv2_0007360,638.0,654.0,16.0,False,False,
cils_craq_lite,80,0.9,0.6,2,3,iv2_0007360,638.0,654.0,16.0,False,False,
cils_craq_lite,80,0.8,0.6,2,4,iv2_0007576,250.0,266.0,16.0,False,False,realcartest_event_0026
cils_craq_lite,80,0.9,0.6,2,4,iv2_0007576,250.0,266.0,16.0,False,False,realcartest_event_0026
cils_craq_lite,80,0.8,0.6,2,5,iv2_0007330,768.0,784.0,16.0,False,False,realcartest_event_0034
cils_craq_lite,80,0.9,0.6,2,5,iv2_0007330,768.0,784.0,16.0,False,False,realcartest_event_0034
cils_craq_lite,80,0.8,0.6,2,6,iv2_0007594,1018.0,1034.0,16.0,False,False,
cils_craq_lite,80,0.9,0.6,2,6,iv2_0007594,1018.0,1034.0,16.0,False,False,
cils_craq_lite,80,0.8,0.6,2,7,iv2_0007077,494.0,506.0,12.0,True,False,realcartest_event_0029
cils_craq_lite,80,0.9,0.6,2,7,iv2_0007077,494.0,506.0,12.0,True,False,realcartest_event_0029
cils_craq_lite,80,0.8,0.6,2,8,iv2_0004707,880.0,892.0,12.0,False,False,realcartest_event_0037
cils_craq_lite,80,0.9,0.6,2,8,iv2_0004707,880.0,892.0,12.0,False,False,realcartest_event_0037
cils_craq_lite,80,0.8,0.6,2,9,iv2_0007522,468.0,484.0,16.0,False,False,
cils_craq_lite,80,0.9,0.6,2,9,iv2_0007522,468.0,484.0,16.0,False,False,
cils_craq_lite,80,0.8,0.6,2,10,iv2_0007083,806.0,818.0,12.0,False,False,realcartest_event_0036
cils_craq_lite,80,0.9,0.6,2,10,iv2_0007083,806.0,818.0,12.0,False,False,realcartest_event_0036
cils_craq_lite,80,0.8,0.6,2,11,iv2_0007161,670.0,682.0,12.0,False,False,
cils_craq_lite,80,0.9,0.6,2,11,iv2_0007161,670.0,682.0,12.0,False,False,
cils_craq_lite,80,0.8,0.6,2,12,iv2_0004233,486.0,498.0,12.0,True,True,realcartest_event_0029
cils_craq_lite,80,0.9,0.6,2,12,iv2_0004233,486.0,498.0,12.0,True,True,realcartest_event_0029
cils_craq_lite,80,0.8,0.6,2,13,iv2_0007143,554.0,566.0,12.0,False,False,realcartest_event_0031
cils_craq_lite,80,0.9,0.6,2,13,iv2_0007143,554.0,566.0,12.0,False,False,realcartest_event_0031
cils_craq_lite,80,0.8,0.6,2,14,iv2_0007215,662.0,674.0,12.0,False,False,
cils_craq_lite,80,0.9,0.6,2,14,iv2_0007215,662.0,674.0,12.0,False,False,
cils_craq_lite,80,0.8,0.6,2,15,iv2_0007155,796.0,808.0,12.0,False,False,
cils_craq_lite,80,0.9,0.6,2,15,iv2_0007155,796.0,808.0,12.0,False,False,
cils_craq_lite,80,0.8,0.6,2,16,iv2_0005937,758.0,770.0,12.0,True,True,realcartest_event_0034
cils_craq_lite,80,0.9,0.6,2,16,iv2_0005937,758.0,770.0,12.0,True,True,realcartest_event_0034
cils_craq_lite,80,0.8,0.6,2,17,iv2_0011323,1024.0,1064.0,40.0,False,False,realcartest_event_0040
cils_craq_lite,80,0.9,0.6,2,17,iv2_0011323,1024.0,1064.0,40.0,False,False,realcartest_event_0040
cils_craq_lite,80,0.8,0.6,2,18,iv2_0007683,924.0,936.0,12.0,False,False,
cils_craq_lite,80,0.9,0.6,2,18,iv2_0007683,924.0,936.0,12.0,False,False,
cils_craq_lite,80,0.8,0.6,2,19,iv2_0007257,1030.0,1042.0,12.0,False,False,
cils_craq_lite,80,0.9,0.6,2,19,iv2_0007257,1030.0,1042.0,12.0,False,False,
cils_craq_lite,80,0.8,0.6,2,20,iv2_0004419,276.0,288.0,12.0,False,False,
cils_craq_lite,80,0.9,0.6,2,20,iv2_0004419,276.0,288.0,12.0,False,False,
cils_craq_lite,80,0.8,0.6,2,21,iv2_0007377,618.0,630.0,12.0,False,False,
cils_craq_lite,80,0.9,0.6,2,21,iv2_0007377,618.0,630.0,12.0,False,False,
cils_craq_lite,80,0.8,0.6,2,22,iv2_0004275,1060.0,1072.0,12.0,False,False,realcartest_event_0040
cils_craq_lite,80,0.9,0.6,2,22,iv2_0004275,1060.0,1072.0,12.0,False,False,realcartest_event_0040
cils_craq_lite,80,0.8,0.6,2,23,iv2_0004251,984.0,996.0,12.0,False,False,
cils_craq_lite,80,0.9,0.6,2,23,iv2_0004251,984.0,996.0,12.0,False,False,
cils_craq_lite,80,0.8,0.6,2,24,iv2_0007269,888.0,900.0,12.0,False,False,
cils_craq_lite,80,0.9,0.6,2,24,iv2_0007269,888.0,900.0,12.0,False,False,
cils_craq_lite,80,0.8,0.6,2,25,iv2_0007695,354.0,366.0,12.0,False,False,
cils_craq_lite,80,0.9,0.6,2,25,iv2_0007695,354.0,366.0,12.0,False,False,
cils_craq_lite,80,0.8,0.5,3,1,iv2_0005920,850.0,866.0,16.0,True,False,realcartest_event_0037
cils_craq_lite,80,0.9,0.5,3,1,iv2_0005920,850.0,866.0,16.0,True,False,realcartest_event_0037
cils_craq_lite,80,0.8,0.5,3,2,iv2_0004318,544.0,560.0,16.0,False,False,
cils_craq_lite,80,0.9,0.5,3,2,iv2_0004318,544.0,560.0,16.0,False,False,
cils_craq_lite,80,0.8,0.5,3,3,iv2_0007360,638.0,654.0,16.0,False,False,
cils_craq_lite,80,0.9,0.5,3,3,iv2_0007360,638.0,654.0,16.0,False,False,
cils_craq_lite,80,0.8,0.5,3,4,iv2_0011265,806.0,838.0,32.0,False,False,realcartest_event_0037
cils_craq_lite,80,0.9,0.5,3,4,iv2_0011265,806.0,838.0,32.0,False,False,realcartest_event_0037
cils_craq_lite,80,0.8,0.5,3,5,iv2_0007576,250.0,266.0,16.0,False,False,realcartest_event_0026
cils_craq_lite,80,0.9,0.5,3,5,iv2_0007576,250.0,266.0,16.0,False,False,realcartest_event_0026
cils_craq_lite,80,0.8,0.5,3,6,iv2_0007330,768.0,784.0,16.0,False,False,realcartest_event_0034
cils_craq_lite,80,0.9,0.5,3,6,iv2_0007330,768.0,784.0,16.0,False,False,realcartest_event_0034
cils_craq_lite,80,0.8,0.5,3,7,iv2_0007594,1018.0,1034.0,16.0,False,False,
cils_craq_lite,80,0.9,0.5,3,7,iv2_0007594,1018.0,1034.0,16.0,False,False,
cils_craq_lite,80,0.8,0.5,3,8,iv2_0011686,872.0,900.0,28.0,False,False,realcartest_event_0037
cils_craq_lite,80,0.9,0.5,3,8,iv2_0011686,872.0,900.0,28.0,False,False,realcartest_event_0037
cils_craq_lite,80,0.8,0.5,3,9,iv2_0007077,494.0,506.0,12.0,True,False,realcartest_event_0029
cils_craq_lite,80,0.9,0.5,3,9,iv2_0007077,494.0,506.0,12.0,True,False,realcartest_event_0029
cils_craq_lite,80,0.8,0.5,3,10,iv2_0007522,468.0,484.0,16.0,False,False,
cils_craq_lite,80,0.9,0.5,3,10,iv2_0007522,468.0,484.0,16.0,False,False,
cils_craq_lite,80,0.8,0.5,3,11,iv2_0007161,670.0,682.0,12.0,False,False,
cils_craq_lite,80,0.9,0.5,3,11,iv2_0007161,670.0,682.0,12.0,False,False,
cils_craq_lite,80,0.8,0.5,3,12,iv2_0011576,680.0,720.0,40.0,False,False,realcartest_event_0033
cils_craq_lite,80,0.9,0.5,3,12,iv2_0011576,680.0,720.0,40.0,False,False,realcartest_event_0033
cils_craq_lite,80,0.8,0.5,3,13,iv2_0004233,486.0,498.0,12.0,True,True,realcartest_event_0029
cils_craq_lite,80,0.9,0.5,3,13,iv2_0004233,486.0,498.0,12.0,True,True,realcartest_event_0029
cils_craq_lite,80,0.8,0.5,3,14,iv2_0007143,554.0,566.0,12.0,False,False,realcartest_event_0031
cils_craq_lite,80,0.9,0.5,3,14,iv2_0007143,554.0,566.0,12.0,False,False,realcartest_event_0031
cils_craq_lite,80,0.8,0.5,3,15,iv2_0007215,662.0,674.0,12.0,False,False,
cils_craq_lite,80,0.9,0.5,3,15,iv2_0007215,662.0,674.0,12.0,False,False,
cils_craq_lite,80,0.8,0.5,3,16,iv2_0007155,796.0,808.0,12.0,False,False,
cils_craq_lite,80,0.9,0.5,3,16,iv2_0007155,796.0,808.0,12.0,False,False,
cils_craq_lite,80,0.8,0.5,3,17,iv2_0005937,758.0,770.0,12.0,True,True,realcartest_event_0034
cils_craq_lite,80,0.9,0.5,3,17,iv2_0005937,758.0,770.0,12.0,True,True,realcartest_event_0034
cils_craq_lite,80,0.8,0.5,3,18,iv2_0011323,1024.0,1064.0,40.0,False,False,realcartest_event_0040
cils_craq_lite,80,0.9,0.5,3,18,iv2_0011323,1024.0,1064.0,40.0,False,False,realcartest_event_0040
cils_craq_lite,80,0.8,0.5,3,19,iv2_0007683,924.0,936.0,12.0,False,False,
cils_craq_lite,80,0.9,0.5,3,19,iv2_0007683,924.0,936.0,12.0,False,False,
cils_craq_lite,80,0.8,0.5,3,20,iv2_0007257,1030.0,1042.0,12.0,False,False,
cils_craq_lite,80,0.9,0.5,3,20,iv2_0007257,1030.0,1042.0,12.0,False,False,
cils_craq_lite,80,0.8,0.6,3,1,iv2_0005920,850.0,866.0,16.0,True,False,realcartest_event_0037
cils_craq_lite,80,0.9,0.6,3,1,iv2_0005920,850.0,866.0,16.0,True,False,realcartest_event_0037
cils_craq_lite,80,0.8,0.6,3,2,iv2_0004318,544.0,560.0,16.0,False,False,
cils_craq_lite,80,0.9,0.6,3,2,iv2_0004318,544.0,560.0,16.0,False,False,
cils_craq_lite,80,0.8,0.6,3,3,iv2_0007360,638.0,654.0,16.0,False,False,
cils_craq_lite,80,0.9,0.6,3,3,iv2_0007360,638.0,654.0,16.0,False,False,
cils_craq_lite,80,0.8,0.6,3,4,iv2_0007576,250.0,266.0,16.0,False,False,realcartest_event_0026
cils_craq_lite,80,0.9,0.6,3,4,iv2_0007576,250.0,266.0,16.0,False,False,realcartest_event_0026
cils_craq_lite,80,0.8,0.6,3,5,iv2_0007330,768.0,784.0,16.0,False,False,realcartest_event_0034
cils_craq_lite,80,0.9,0.6,3,5,iv2_0007330,768.0,784.0,16.0,False,False,realcartest_event_0034
cils_craq_lite,80,0.8,0.6,3,6,iv2_0007594,1018.0,1034.0,16.0,False,False,
cils_craq_lite,80,0.9,0.6,3,6,iv2_0007594,1018.0,1034.0,16.0,False,False,
cils_craq_lite,80,0.8,0.6,3,7,iv2_0007077,494.0,506.0,12.0,True,False,realcartest_event_0029
cils_craq_lite,80,0.9,0.6,3,7,iv2_0007077,494.0,506.0,12.0,True,False,realcartest_event_0029
cils_craq_lite,80,0.8,0.6,3,8,iv2_0004707,880.0,892.0,12.0,False,False,realcartest_event_0037
cils_craq_lite,80,0.9,0.6,3,8,iv2_0004707,880.0,892.0,12.0,False,False,realcartest_event_0037
cils_craq_lite,80,0.8,0.6,3,9,iv2_0007522,468.0,484.0,16.0,False,False,
cils_craq_lite,80,0.9,0.6,3,9,iv2_0007522,468.0,484.0,16.0,False,False,
cils_craq_lite,80,0.8,0.6,3,10,iv2_0007083,806.0,818.0,12.0,False,False,realcartest_event_0036
cils_craq_lite,80,0.9,0.6,3,10,iv2_0007083,806.0,818.0,12.0,False,False,realcartest_event_0036
cils_craq_lite,80,0.8,0.6,3,11,iv2_0007161,670.0,682.0,12.0,False,False,
cils_craq_lite,80,0.9,0.6,3,11,iv2_0007161,670.0,682.0,12.0,False,False,
cils_craq_lite,80,0.8,0.6,3,12,iv2_0004233,486.0,498.0,12.0,True,True,realcartest_event_0029
cils_craq_lite,80,0.9,0.6,3,12,iv2_0004233,486.0,498.0,12.0,True,True,realcartest_event_0029
cils_craq_lite,80,0.8,0.6,3,13,iv2_0007143,554.0,566.0,12.0,False,False,realcartest_event_0031
cils_craq_lite,80,0.9,0.6,3,13,iv2_0007143,554.0,566.0,12.0,False,False,realcartest_event_0031
cils_craq_lite,80,0.8,0.6,3,14,iv2_0007215,662.0,674.0,12.0,False,False,
cils_craq_lite,80,0.9,0.6,3,14,iv2_0007215,662.0,674.0,12.0,False,False,
cils_craq_lite,80,0.8,0.6,3,15,iv2_0007155,796.0,808.0,12.0,False,False,
cils_craq_lite,80,0.9,0.6,3,15,iv2_0007155,796.0,808.0,12.0,False,False,
cils_craq_lite,80,0.8,0.6,3,16,iv2_0005937,758.0,770.0,12.0,True,True,realcartest_event_0034
cils_craq_lite,80,0.9,0.6,3,16,iv2_0005937,758.0,770.0,12.0,True,True,realcartest_event_0034
cils_craq_lite,80,0.8,0.6,3,17,iv2_0011323,1024.0,1064.0,40.0,False,False,realcartest_event_0040
cils_craq_lite,80,0.9,0.6,3,17,iv2_0011323,1024.0,1064.0,40.0,False,False,realcartest_event_0040
cils_craq_lite,80,0.8,0.6,3,18,iv2_0007683,924.0,936.0,12.0,False,False,
cils_craq_lite,80,0.9,0.6,3,18,iv2_0007683,924.0,936.0,12.0,False,False,
cils_craq_lite,80,0.8,0.6,3,19,iv2_0007257,1030.0,1042.0,12.0,False,False,
cils_craq_lite,80,0.9,0.6,3,19,iv2_0007257,1030.0,1042.0,12.0,False,False,
cils_craq_lite,80,0.8,0.6,3,20,iv2_0004419,276.0,288.0,12.0,False,False,
cils_craq_lite,80,0.9,0.6,3,20,iv2_0004419,276.0,288.0,12.0,False,False,
cils_craq_lite,80,0.8,0.6,3,21,iv2_0007377,618.0,630.0,12.0,False,False,
cils_craq_lite,80,0.9,0.6,3,21,iv2_0007377,618.0,630.0,12.0,False,False,
cils_craq_lite,80,0.8,0.6,3,22,iv2_0004275,1060.0,1072.0,12.0,False,False,realcartest_event_0040
cils_craq_lite,80,0.9,0.6,3,22,iv2_0004275,1060.0,1072.0,12.0,False,False,realcartest_event_0040
cils_craq_lite,80,0.8,0.6,3,23,iv2_0004251,984.0,996.0,12.0,False,False,
cils_craq_lite,80,0.9,0.6,3,23,iv2_0004251,984.0,996.0,12.0,False,False,
cils_craq_lite,80,0.8,0.6,3,24,iv2_0007269,888.0,900.0,12.0,False,False,
cils_craq_lite,80,0.9,0.6,3,24,iv2_0007269,888.0,900.0,12.0,False,False,
cils_craq_lite,80,0.8,0.6,3,25,iv2_0007695,354.0,366.0,12.0,False,False,
cils_craq_lite,80,0.9,0.6,3,25,iv2_0007695,354.0,366.0,12.0,False,False,
cils_craq_lite,80,0.8,0.5,4,1,iv2_0005920,850.0,866.0,16.0,True,False,realcartest_event_0037
cils_craq_lite,80,0.9,0.5,4,1,iv2_0005920,850.0,866.0,16.0,True,False,realcartest_event_0037
cils_craq_lite,80,0.8,0.5,4,2,iv2_0004318,544.0,560.0,16.0,False,False,
cils_craq_lite,80,0.9,0.5,4,2,iv2_0004318,544.0,560.0,16.0,False,False,
cils_craq_lite,80,0.8,0.5,4,3,iv2_0007360,638.0,654.0,16.0,False,False,
cils_craq_lite,80,0.9,0.5,4,3,iv2_0007360,638.0,654.0,16.0,False,False,
cils_craq_lite,80,0.8,0.5,4,4,iv2_0011265,806.0,838.0,32.0,False,False,realcartest_event_0037
cils_craq_lite,80,0.9,0.5,4,4,iv2_0011265,806.0,838.0,32.0,False,False,realcartest_event_0037
cils_craq_lite,80,0.8,0.5,4,5,iv2_0007576,250.0,266.0,16.0,False,False,realcartest_event_0026
cils_craq_lite,80,0.9,0.5,4,5,iv2_0007576,250.0,266.0,16.0,False,False,realcartest_event_0026
cils_craq_lite,80,0.8,0.5,4,6,iv2_0007330,768.0,784.0,16.0,False,False,realcartest_event_0034
cils_craq_lite,80,0.9,0.5,4,6,iv2_0007330,768.0,784.0,16.0,False,False,realcartest_event_0034
cils_craq_lite,80,0.8,0.5,4,7,iv2_0007594,1018.0,1034.0,16.0,False,False,
cils_craq_lite,80,0.9,0.5,4,7,iv2_0007594,1018.0,1034.0,16.0,False,False,
cils_craq_lite,80,0.8,0.5,4,8,iv2_0011686,872.0,900.0,28.0,False,False,realcartest_event_0037
cils_craq_lite,80,0.9,0.5,4,8,iv2_0011686,872.0,900.0,28.0,False,False,realcartest_event_0037
cils_craq_lite,80,0.8,0.5,4,9,iv2_0007077,494.0,506.0,12.0,True,False,realcartest_event_0029
cils_craq_lite,80,0.9,0.5,4,9,iv2_0007077,494.0,506.0,12.0,True,False,realcartest_event_0029
cils_craq_lite,80,0.8,0.5,4,10,iv2_0007522,468.0,484.0,16.0,False,False,
cils_craq_lite,80,0.9,0.5,4,10,iv2_0007522,468.0,484.0,16.0,False,False,
cils_craq_lite,80,0.8,0.5,4,11,iv2_0007161,670.0,682.0,12.0,False,False,
cils_craq_lite,80,0.9,0.5,4,11,iv2_0007161,670.0,682.0,12.0,False,False,
cils_craq_lite,80,0.8,0.5,4,12,iv2_0011576,680.0,720.0,40.0,False,False,realcartest_event_0033
cils_craq_lite,80,0.9,0.5,4,12,iv2_0011576,680.0,720.0,40.0,False,False,realcartest_event_0033
cils_craq_lite,80,0.8,0.5,4,13,iv2_0004233,486.0,498.0,12.0,True,True,realcartest_event_0029
cils_craq_lite,80,0.9,0.5,4,13,iv2_0004233,486.0,498.0,12.0,True,True,realcartest_event_0029
cils_craq_lite,80,0.8,0.5,4,14,iv2_0007143,554.0,566.0,12.0,False,False,realcartest_event_0031
cils_craq_lite,80,0.9,0.5,4,14,iv2_0007143,554.0,566.0,12.0,False,False,realcartest_event_0031
cils_craq_lite,80,0.8,0.5,4,15,iv2_0007215,662.0,674.0,12.0,False,False,
cils_craq_lite,80,0.9,0.5,4,15,iv2_0007215,662.0,674.0,12.0,False,False,
cils_craq_lite,80,0.8,0.5,4,16,iv2_0007155,796.0,808.0,12.0,False,False,
cils_craq_lite,80,0.9,0.5,4,16,iv2_0007155,796.0,808.0,12.0,False,False,
cils_craq_lite,80,0.8,0.5,4,17,iv2_0005937,758.0,770.0,12.0,True,True,realcartest_event_0034
cils_craq_lite,80,0.9,0.5,4,17,iv2_0005937,758.0,770.0,12.0,True,True,realcartest_event_0034
cils_craq_lite,80,0.8,0.5,4,18,iv2_0011323,1024.0,1064.0,40.0,False,False,realcartest_event_0040
cils_craq_lite,80,0.9,0.5,4,18,iv2_0011323,1024.0,1064.0,40.0,False,False,realcartest_event_0040
cils_craq_lite,80,0.8,0.5,4,19,iv2_0007683,924.0,936.0,12.0,False,False,
cils_craq_lite,80,0.9,0.5,4,19,iv2_0007683,924.0,936.0,12.0,False,False,
cils_craq_lite,80,0.8,0.5,4,20,iv2_0007257,1030.0,1042.0,12.0,False,False,
cils_craq_lite,80,0.9,0.5,4,20,iv2_0007257,1030.0,1042.0,12.0,False,False,
cils_craq_lite,80,0.8,0.6,4,1,iv2_0005920,850.0,866.0,16.0,True,False,realcartest_event_0037
cils_craq_lite,80,0.9,0.6,4,1,iv2_0005920,850.0,866.0,16.0,True,False,realcartest_event_0037
cils_craq_lite,80,0.8,0.6,4,2,iv2_0004318,544.0,560.0,16.0,False,False,
cils_craq_lite,80,0.9,0.6,4,2,iv2_0004318,544.0,560.0,16.0,False,False,
cils_craq_lite,80,0.8,0.6,4,3,iv2_0007360,638.0,654.0,16.0,False,False,
cils_craq_lite,80,0.9,0.6,4,3,iv2_0007360,638.0,654.0,16.0,False,False,
cils_craq_lite,80,0.8,0.6,4,4,iv2_0007576,250.0,266.0,16.0,False,False,realcartest_event_0026
cils_craq_lite,80,0.9,0.6,4,4,iv2_0007576,250.0,266.0,16.0,False,False,realcartest_event_0026
cils_craq_lite,80,0.8,0.6,4,5,iv2_0007330,768.0,784.0,16.0,False,False,realcartest_event_0034
cils_craq_lite,80,0.9,0.6,4,5,iv2_0007330,768.0,784.0,16.0,False,False,realcartest_event_0034
cils_craq_lite,80,0.8,0.6,4,6,iv2_0007594,1018.0,1034.0,16.0,False,False,
cils_craq_lite,80,0.9,0.6,4,6,iv2_0007594,1018.0,1034.0,16.0,False,False,
cils_craq_lite,80,0.8,0.6,4,7,iv2_0007077,494.0,506.0,12.0,True,False,realcartest_event_0029
cils_craq_lite,80,0.9,0.6,4,7,iv2_0007077,494.0,506.0,12.0,True,False,realcartest_event_0029
cils_craq_lite,80,0.8,0.6,4,8,iv2_0004707,880.0,892.0,12.0,False,False,realcartest_event_0037
cils_craq_lite,80,0.9,0.6,4,8,iv2_0004707,880.0,892.0,12.0,False,False,realcartest_event_0037
cils_craq_lite,80,0.8,0.6,4,9,iv2_0007522,468.0,484.0,16.0,False,False,
cils_craq_lite,80,0.9,0.6,4,9,iv2_0007522,468.0,484.0,16.0,False,False,
cils_craq_lite,80,0.8,0.6,4,10,iv2_0007083,806.0,818.0,12.0,False,False,realcartest_event_0036
cils_craq_lite,80,0.9,0.6,4,10,iv2_0007083,806.0,818.0,12.0,False,False,realcartest_event_0036
cils_craq_lite,80,0.8,0.6,4,11,iv2_0007161,670.0,682.0,12.0,False,False,
cils_craq_lite,80,0.9,0.6,4,11,iv2_0007161,670.0,682.0,12.0,False,False,
cils_craq_lite,80,0.8,0.6,4,12,iv2_0004233,486.0,498.0,12.0,True,True,realcartest_event_0029
cils_craq_lite,80,0.9,0.6,4,12,iv2_0004233,486.0,498.0,12.0,True,True,realcartest_event_0029
cils_craq_lite,80,0.8,0.6,4,13,iv2_0007143,554.0,566.0,12.0,False,False,realcartest_event_0031
cils_craq_lite,80,0.9,0.6,4,13,iv2_0007143,554.0,566.0,12.0,False,False,realcartest_event_0031
cils_craq_lite,80,0.8,0.6,4,14,iv2_0007215,662.0,674.0,12.0,False,False,
cils_craq_lite,80,0.9,0.6,4,14,iv2_0007215,662.0,674.0,12.0,False,False,
cils_craq_lite,80,0.8,0.6,4,15,iv2_0007155,796.0,808.0,12.0,False,False,
cils_craq_lite,80,0.9,0.6,4,15,iv2_0007155,796.0,808.0,12.0,False,False,
cils_craq_lite,80,0.8,0.6,4,16,iv2_0005937,758.0,770.0,12.0,True,True,realcartest_event_0034
cils_craq_lite,80,0.9,0.6,4,16,iv2_0005937,758.0,770.0,12.0,True,True,realcartest_event_0034
cils_craq_lite,80,0.8,0.6,4,17,iv2_0011323,1024.0,1064.0,40.0,False,False,realcartest_event_0040
cils_craq_lite,80,0.9,0.6,4,17,iv2_0011323,1024.0,1064.0,40.0,False,False,realcartest_event_0040
cils_craq_lite,80,0.8,0.6,4,18,iv2_0007683,924.0,936.0,12.0,False,False,
cils_craq_lite,80,0.9,0.6,4,18,iv2_0007683,924.0,936.0,12.0,False,False,
cils_craq_lite,80,0.8,0.6,4,19,iv2_0007257,1030.0,1042.0,12.0,False,False,
cils_craq_lite,80,0.9,0.6,4,19,iv2_0007257,1030.0,1042.0,12.0,False,False,
cils_craq_lite,80,0.8,0.6,4,20,iv2_0004419,276.0,288.0,12.0,False,False,
cils_craq_lite,80,0.9,0.6,4,20,iv2_0004419,276.0,288.0,12.0,False,False,
cils_craq_lite,80,0.8,0.6,4,21,iv2_0007377,618.0,630.0,12.0,False,False,
cils_craq_lite,80,0.9,0.6,4,21,iv2_0007377,618.0,630.0,12.0,False,False,
cils_craq_lite,80,0.8,0.6,4,22,iv2_0004275,1060.0,1072.0,12.0,False,False,realcartest_event_0040
cils_craq_lite,80,0.9,0.6,4,22,iv2_0004275,1060.0,1072.0,12.0,False,False,realcartest_event_0040
cils_craq_lite,80,0.8,0.6,4,23,iv2_0004251,984.0,996.0,12.0,False,False,
cils_craq_lite,80,0.9,0.6,4,23,iv2_0004251,984.0,996.0,12.0,False,False,
cils_craq_lite,80,0.8,0.6,4,24,iv2_0007269,888.0,900.0,12.0,False,False,
cils_craq_lite,80,0.9,0.6,4,24,iv2_0007269,888.0,900.0,12.0,False,False,
cils_craq_lite,80,0.8,0.6,4,25,iv2_0007695,354.0,366.0,12.0,False,False,
cils_craq_lite,80,0.9,0.6,4,25,iv2_0007695,354.0,366.0,12.0,False,False,
cils_craq_lite,80,0.8,0.5,5,1,iv2_0005920,850.0,866.0,16.0,True,False,realcartest_event_0037
cils_craq_lite,80,0.9,0.5,5,1,iv2_0005920,850.0,866.0,16.0,True,False,realcartest_event_0037
cils_craq_lite,80,0.8,0.5,5,2,iv2_0004318,544.0,560.0,16.0,False,False,
cils_craq_lite,80,0.9,0.5,5,2,iv2_0004318,544.0,560.0,16.0,False,False,
cils_craq_lite,80,0.8,0.5,5,3,iv2_0007360,638.0,654.0,16.0,False,False,
cils_craq_lite,80,0.9,0.5,5,3,iv2_0007360,638.0,654.0,16.0,False,False,
cils_craq_lite,80,0.8,0.5,5,4,iv2_0011265,806.0,838.0,32.0,False,False,realcartest_event_0037
cils_craq_lite,80,0.9,0.5,5,4,iv2_0011265,806.0,838.0,32.0,False,False,realcartest_event_0037
cils_craq_lite,80,0.8,0.5,5,5,iv2_0007576,250.0,266.0,16.0,False,False,realcartest_event_0026
cils_craq_lite,80,0.9,0.5,5,5,iv2_0007576,250.0,266.0,16.0,False,False,realcartest_event_0026
cils_craq_lite,80,0.8,0.5,5,6,iv2_0007330,768.0,784.0,16.0,False,False,realcartest_event_0034
cils_craq_lite,80,0.9,0.5,5,6,iv2_0007330,768.0,784.0,16.0,False,False,realcartest_event_0034
cils_craq_lite,80,0.8,0.5,5,7,iv2_0007594,1018.0,1034.0,16.0,False,False,
cils_craq_lite,80,0.9,0.5,5,7,iv2_0007594,1018.0,1034.0,16.0,False,False,
cils_craq_lite,80,0.8,0.5,5,8,iv2_0011686,872.0,900.0,28.0,False,False,realcartest_event_0037
cils_craq_lite,80,0.9,0.5,5,8,iv2_0011686,872.0,900.0,28.0,False,False,realcartest_event_0037
cils_craq_lite,80,0.8,0.5,5,9,iv2_0007077,494.0,506.0,12.0,True,False,realcartest_event_0029
cils_craq_lite,80,0.9,0.5,5,9,iv2_0007077,494.0,506.0,12.0,True,False,realcartest_event_0029
cils_craq_lite,80,0.8,0.5,5,10,iv2_0007522,468.0,484.0,16.0,False,False,
cils_craq_lite,80,0.9,0.5,5,10,iv2_0007522,468.0,484.0,16.0,False,False,
cils_craq_lite,80,0.8,0.5,5,11,iv2_0007161,670.0,682.0,12.0,False,False,
cils_craq_lite,80,0.9,0.5,5,11,iv2_0007161,670.0,682.0,12.0,False,False,
cils_craq_lite,80,0.8,0.5,5,12,iv2_0011576,680.0,720.0,40.0,False,False,realcartest_event_0033
cils_craq_lite,80,0.9,0.5,5,12,iv2_0011576,680.0,720.0,40.0,False,False,realcartest_event_0033
cils_craq_lite,80,0.8,0.5,5,13,iv2_0004233,486.0,498.0,12.0,True,True,realcartest_event_0029
cils_craq_lite,80,0.9,0.5,5,13,iv2_0004233,486.0,498.0,12.0,True,True,realcartest_event_0029
cils_craq_lite,80,0.8,0.5,5,14,iv2_0007143,554.0,566.0,12.0,False,False,realcartest_event_0031
cils_craq_lite,80,0.9,0.5,5,14,iv2_0007143,554.0,566.0,12.0,False,False,realcartest_event_0031
cils_craq_lite,80,0.8,0.5,5,15,iv2_0007215,662.0,674.0,12.0,False,False,
cils_craq_lite,80,0.9,0.5,5,15,iv2_0007215,662.0,674.0,12.0,False,False,
cils_craq_lite,80,0.8,0.5,5,16,iv2_0007155,796.0,808.0,12.0,False,False,
cils_craq_lite,80,0.9,0.5,5,16,iv2_0007155,796.0,808.0,12.0,False,False,
cils_craq_lite,80,0.8,0.5,5,17,iv2_0005937,758.0,770.0,12.0,True,True,realcartest_event_0034
cils_craq_lite,80,0.9,0.5,5,17,iv2_0005937,758.0,770.0,12.0,True,True,realcartest_event_0034
cils_craq_lite,80,0.8,0.5,5,18,iv2_0011323,1024.0,1064.0,40.0,False,False,realcartest_event_0040
cils_craq_lite,80,0.9,0.5,5,18,iv2_0011323,1024.0,1064.0,40.0,False,False,realcartest_event_0040
cils_craq_lite,80,0.8,0.5,5,19,iv2_0007683,924.0,936.0,12.0,False,False,
cils_craq_lite,80,0.9,0.5,5,19,iv2_0007683,924.0,936.0,12.0,False,False,
cils_craq_lite,80,0.8,0.5,5,20,iv2_0007257,1030.0,1042.0,12.0,False,False,
cils_craq_lite,80,0.9,0.5,5,20,iv2_0007257,1030.0,1042.0,12.0,False,False,
cils_craq_lite,80,0.8,0.6,5,1,iv2_0005920,850.0,866.0,16.0,True,False,realcartest_event_0037
cils_craq_lite,80,0.9,0.6,5,1,iv2_0005920,850.0,866.0,16.0,True,False,realcartest_event_0037
cils_craq_lite,80,0.8,0.6,5,2,iv2_0004318,544.0,560.0,16.0,False,False,
cils_craq_lite,80,0.9,0.6,5,2,iv2_0004318,544.0,560.0,16.0,False,False,
cils_craq_lite,80,0.8,0.6,5,3,iv2_0007360,638.0,654.0,16.0,False,False,
cils_craq_lite,80,0.9,0.6,5,3,iv2_0007360,638.0,654.0,16.0,False,False,
cils_craq_lite,80,0.8,0.6,5,4,iv2_0007576,250.0,266.0,16.0,False,False,realcartest_event_0026
cils_craq_lite,80,0.9,0.6,5,4,iv2_0007576,250.0,266.0,16.0,False,False,realcartest_event_0026
cils_craq_lite,80,0.8,0.6,5,5,iv2_0007330,768.0,784.0,16.0,False,False,realcartest_event_0034
cils_craq_lite,80,0.9,0.6,5,5,iv2_0007330,768.0,784.0,16.0,False,False,realcartest_event_0034
cils_craq_lite,80,0.8,0.6,5,6,iv2_0007594,1018.0,1034.0,16.0,False,False,
cils_craq_lite,80,0.9,0.6,5,6,iv2_0007594,1018.0,1034.0,16.0,False,False,
cils_craq_lite,80,0.8,0.6,5,7,iv2_0007077,494.0,506.0,12.0,True,False,realcartest_event_0029
cils_craq_lite,80,0.9,0.6,5,7,iv2_0007077,494.0,506.0,12.0,True,False,realcartest_event_0029
cils_craq_lite,80,0.8,0.6,5,8,iv2_0004707,880.0,892.0,12.0,False,False,realcartest_event_0037
cils_craq_lite,80,0.9,0.6,5,8,iv2_0004707,880.0,892.0,12.0,False,False,realcartest_event_0037
cils_craq_lite,80,0.8,0.6,5,9,iv2_0007522,468.0,484.0,16.0,False,False,
cils_craq_lite,80,0.9,0.6,5,9,iv2_0007522,468.0,484.0,16.0,False,False,
cils_craq_lite,80,0.8,0.6,5,10,iv2_0007083,806.0,818.0,12.0,False,False,realcartest_event_0036
cils_craq_lite,80,0.9,0.6,5,10,iv2_0007083,806.0,818.0,12.0,False,False,realcartest_event_0036
cils_craq_lite,80,0.8,0.6,5,11,iv2_0007161,670.0,682.0,12.0,False,False,
cils_craq_lite,80,0.9,0.6,5,11,iv2_0007161,670.0,682.0,12.0,False,False,
cils_craq_lite,80,0.8,0.6,5,12,iv2_0004233,486.0,498.0,12.0,True,True,realcartest_event_0029
cils_craq_lite,80,0.9,0.6,5,12,iv2_0004233,486.0,498.0,12.0,True,True,realcartest_event_0029
cils_craq_lite,80,0.8,0.6,5,13,iv2_0007143,554.0,566.0,12.0,False,False,realcartest_event_0031
cils_craq_lite,80,0.9,0.6,5,13,iv2_0007143,554.0,566.0,12.0,False,False,realcartest_event_0031
cils_craq_lite,80,0.8,0.6,5,14,iv2_0007215,662.0,674.0,12.0,False,False,
cils_craq_lite,80,0.9,0.6,5,14,iv2_0007215,662.0,674.0,12.0,False,False,
cils_craq_lite,80,0.8,0.6,5,15,iv2_0007155,796.0,808.0,12.0,False,False,
cils_craq_lite,80,0.9,0.6,5,15,iv2_0007155,796.0,808.0,12.0,False,False,
cils_craq_lite,80,0.8,0.6,5,16,iv2_0005937,758.0,770.0,12.0,True,True,realcartest_event_0034
cils_craq_lite,80,0.9,0.6,5,16,iv2_0005937,758.0,770.0,12.0,True,True,realcartest_event_0034
cils_craq_lite,80,0.8,0.6,5,17,iv2_0011323,1024.0,1064.0,40.0,False,False,realcartest_event_0040
cils_craq_lite,80,0.9,0.6,5,17,iv2_0011323,1024.0,1064.0,40.0,False,False,realcartest_event_0040
cils_craq_lite,80,0.8,0.6,5,18,iv2_0007683,924.0,936.0,12.0,False,False,
cils_craq_lite,80,0.9,0.6,5,18,iv2_0007683,924.0,936.0,12.0,False,False,
cils_craq_lite,80,0.8,0.6,5,19,iv2_0007257,1030.0,1042.0,12.0,False,False,
cils_craq_lite,80,0.9,0.6,5,19,iv2_0007257,1030.0,1042.0,12.0,False,False,
cils_craq_lite,80,0.8,0.6,5,20,iv2_0004419,276.0,288.0,12.0,False,False,
cils_craq_lite,80,0.9,0.6,5,20,iv2_0004419,276.0,288.0,12.0,False,False,
cils_craq_lite,80,0.8,0.6,5,21,iv2_0007377,618.0,630.0,12.0,False,False,
cils_craq_lite,80,0.9,0.6,5,21,iv2_0007377,618.0,630.0,12.0,False,False,
cils_craq_lite,80,0.8,0.6,5,22,iv2_0004275,1060.0,1072.0,12.0,False,False,realcartest_event_0040
cils_craq_lite,80,0.9,0.6,5,22,iv2_0004275,1060.0,1072.0,12.0,False,False,realcartest_event_0040
cils_craq_lite,80,0.8,0.6,5,23,iv2_0004251,984.0,996.0,12.0,False,False,
cils_craq_lite,80,0.9,0.6,5,23,iv2_0004251,984.0,996.0,12.0,False,False,
cils_craq_lite,80,0.8,0.6,5,24,iv2_0007269,888.0,900.0,12.0,False,False,
cils_craq_lite,80,0.9,0.6,5,24,iv2_0007269,888.0,900.0,12.0,False,False,
cils_craq_lite,80,0.8,0.6,5,25,iv2_0007695,354.0,366.0,12.0,False,False,
cils_craq_lite,80,0.9,0.6,5,25,iv2_0007695,354.0,366.0,12.0,False,False,
cils_craq_lite,80,0.8,0.5,6,1,iv2_0005920,850.0,866.0,16.0,True,False,realcartest_event_0037
cils_craq_lite,80,0.9,0.5,6,1,iv2_0005920,850.0,866.0,16.0,True,False,realcartest_event_0037
cils_craq_lite,80,0.8,0.5,6,2,iv2_0004318,544.0,560.0,16.0,False,False,
cils_craq_lite,80,0.9,0.5,6,2,iv2_0004318,544.0,560.0,16.0,False,False,
cils_craq_lite,80,0.8,0.5,6,3,iv2_0007360,638.0,654.0,16.0,False,False,
cils_craq_lite,80,0.9,0.5,6,3,iv2_0007360,638.0,654.0,16.0,False,False,
cils_craq_lite,80,0.8,0.5,6,4,iv2_0011265,806.0,838.0,32.0,False,False,realcartest_event_0037
cils_craq_lite,80,0.9,0.5,6,4,iv2_0011265,806.0,838.0,32.0,False,False,realcartest_event_0037
cils_craq_lite,80,0.8,0.5,6,5,iv2_0007576,250.0,266.0,16.0,False,False,realcartest_event_0026
cils_craq_lite,80,0.9,0.5,6,5,iv2_0007576,250.0,266.0,16.0,False,False,realcartest_event_0026
cils_craq_lite,80,0.8,0.5,6,6,iv2_0007330,768.0,784.0,16.0,False,False,realcartest_event_0034
cils_craq_lite,80,0.9,0.5,6,6,iv2_0007330,768.0,784.0,16.0,False,False,realcartest_event_0034
cils_craq_lite,80,0.8,0.5,6,7,iv2_0007594,1018.0,1034.0,16.0,False,False,
cils_craq_lite,80,0.9,0.5,6,7,iv2_0007594,1018.0,1034.0,16.0,False,False,
cils_craq_lite,80,0.8,0.5,6,8,iv2_0011686,872.0,900.0,28.0,False,False,realcartest_event_0037
cils_craq_lite,80,0.9,0.5,6,8,iv2_0011686,872.0,900.0,28.0,False,False,realcartest_event_0037
cils_craq_lite,80,0.8,0.5,6,9,iv2_0007077,494.0,506.0,12.0,True,False,realcartest_event_0029
cils_craq_lite,80,0.9,0.5,6,9,iv2_0007077,494.0,506.0,12.0,True,False,realcartest_event_0029
cils_craq_lite,80,0.8,0.5,6,10,iv2_0007522,468.0,484.0,16.0,False,False,
cils_craq_lite,80,0.9,0.5,6,10,iv2_0007522,468.0,484.0,16.0,False,False,
cils_craq_lite,80,0.8,0.5,6,11,iv2_0007161,670.0,682.0,12.0,False,False,
cils_craq_lite,80,0.9,0.5,6,11,iv2_0007161,670.0,682.0,12.0,False,False,
cils_craq_lite,80,0.8,0.5,6,12,iv2_0011576,680.0,720.0,40.0,False,False,realcartest_event_0033
cils_craq_lite,80,0.9,0.5,6,12,iv2_0011576,680.0,720.0,40.0,False,False,realcartest_event_0033
cils_craq_lite,80,0.8,0.5,6,13,iv2_0004233,486.0,498.0,12.0,True,True,realcartest_event_0029
cils_craq_lite,80,0.9,0.5,6,13,iv2_0004233,486.0,498.0,12.0,True,True,realcartest_event_0029
cils_craq_lite,80,0.8,0.5,6,14,iv2_0007143,554.0,566.0,12.0,False,False,realcartest_event_0031
cils_craq_lite,80,0.9,0.5,6,14,iv2_0007143,554.0,566.0,12.0,False,False,realcartest_event_0031
cils_craq_lite,80,0.8,0.5,6,15,iv2_0007215,662.0,674.0,12.0,False,False,
cils_craq_lite,80,0.9,0.5,6,15,iv2_0007215,662.0,674.0,12.0,False,False,
cils_craq_lite,80,0.8,0.5,6,16,iv2_0007155,796.0,808.0,12.0,False,False,
cils_craq_lite,80,0.9,0.5,6,16,iv2_0007155,796.0,808.0,12.0,False,False,
cils_craq_lite,80,0.8,0.5,6,17,iv2_0005937,758.0,770.0,12.0,True,True,realcartest_event_0034
cils_craq_lite,80,0.9,0.5,6,17,iv2_0005937,758.0,770.0,12.0,True,True,realcartest_event_0034
cils_craq_lite,80,0.8,0.5,6,18,iv2_0011323,1024.0,1064.0,40.0,False,False,realcartest_event_0040
cils_craq_lite,80,0.9,0.5,6,18,iv2_0011323,1024.0,1064.0,40.0,False,False,realcartest_event_0040
cils_craq_lite,80,0.8,0.5,6,19,iv2_0007683,924.0,936.0,12.0,False,False,
cils_craq_lite,80,0.9,0.5,6,19,iv2_0007683,924.0,936.0,12.0,False,False,
cils_craq_lite,80,0.8,0.5,6,20,iv2_0007257,1030.0,1042.0,12.0,False,False,
cils_craq_lite,80,0.9,0.5,6,20,iv2_0007257,1030.0,1042.0,12.0,False,False,
cils_craq_lite,80,0.8,0.6,6,1,iv2_0005920,850.0,866.0,16.0,True,False,realcartest_event_0037
cils_craq_lite,80,0.9,0.6,6,1,iv2_0005920,850.0,866.0,16.0,True,False,realcartest_event_0037
cils_craq_lite,80,0.8,0.6,6,2,iv2_0004318,544.0,560.0,16.0,False,False,
cils_craq_lite,80,0.9,0.6,6,2,iv2_0004318,544.0,560.0,16.0,False,False,
cils_craq_lite,80,0.8,0.6,6,3,iv2_0007360,638.0,654.0,16.0,False,False,
cils_craq_lite,80,0.9,0.6,6,3,iv2_0007360,638.0,654.0,16.0,False,False,
cils_craq_lite,80,0.8,0.6,6,4,iv2_0007576,250.0,266.0,16.0,False,False,realcartest_event_0026
cils_craq_lite,80,0.9,0.6,6,4,iv2_0007576,250.0,266.0,16.0,False,False,realcartest_event_0026
cils_craq_lite,80,0.8,0.6,6,5,iv2_0007330,768.0,784.0,16.0,False,False,realcartest_event_0034
cils_craq_lite,80,0.9,0.6,6,5,iv2_0007330,768.0,784.0,16.0,False,False,realcartest_event_0034
cils_craq_lite,80,0.8,0.6,6,6,iv2_0007594,1018.0,1034.0,16.0,False,False,
cils_craq_lite,80,0.9,0.6,6,6,iv2_0007594,1018.0,1034.0,16.0,False,False,
cils_craq_lite,80,0.8,0.6,6,7,iv2_0007077,494.0,506.0,12.0,True,False,realcartest_event_0029
cils_craq_lite,80,0.9,0.6,6,7,iv2_0007077,494.0,506.0,12.0,True,False,realcartest_event_0029
cils_craq_lite,80,0.8,0.6,6,8,iv2_0004707,880.0,892.0,12.0,False,False,realcartest_event_0037
cils_craq_lite,80,0.9,0.6,6,8,iv2_0004707,880.0,892.0,12.0,False,False,realcartest_event_0037
cils_craq_lite,80,0.8,0.6,6,9,iv2_0007522,468.0,484.0,16.0,False,False,
cils_craq_lite,80,0.9,0.6,6,9,iv2_0007522,468.0,484.0,16.0,False,False,
cils_craq_lite,80,0.8,0.6,6,10,iv2_0007083,806.0,818.0,12.0,False,False,realcartest_event_0036
cils_craq_lite,80,0.9,0.6,6,10,iv2_0007083,806.0,818.0,12.0,False,False,realcartest_event_0036
cils_craq_lite,80,0.8,0.6,6,11,iv2_0007161,670.0,682.0,12.0,False,False,
cils_craq_lite,80,0.9,0.6,6,11,iv2_0007161,670.0,682.0,12.0,False,False,
cils_craq_lite,80,0.8,0.6,6,12,iv2_0004233,486.0,498.0,12.0,True,True,realcartest_event_0029
cils_craq_lite,80,0.9,0.6,6,12,iv2_0004233,486.0,498.0,12.0,True,True,realcartest_event_0029
cils_craq_lite,80,0.8,0.6,6,13,iv2_0007143,554.0,566.0,12.0,False,False,realcartest_event_0031
cils_craq_lite,80,0.9,0.6,6,13,iv2_0007143,554.0,566.0,12.0,False,False,realcartest_event_0031
cils_craq_lite,80,0.8,0.6,6,14,iv2_0007215,662.0,674.0,12.0,False,False,
cils_craq_lite,80,0.9,0.6,6,14,iv2_0007215,662.0,674.0,12.0,False,False,
cils_craq_lite,80,0.8,0.6,6,15,iv2_0007155,796.0,808.0,12.0,False,False,
cils_craq_lite,80,0.9,0.6,6,15,iv2_0007155,796.0,808.0,12.0,False,False,
cils_craq_lite,80,0.8,0.6,6,16,iv2_0005937,758.0,770.0,12.0,True,True,realcartest_event_0034
cils_craq_lite,80,0.9,0.6,6,16,iv2_0005937,758.0,770.0,12.0,True,True,realcartest_event_0034
cils_craq_lite,80,0.8,0.6,6,17,iv2_0011323,1024.0,1064.0,40.0,False,False,realcartest_event_0040
cils_craq_lite,80,0.9,0.6,6,17,iv2_0011323,1024.0,1064.0,40.0,False,False,realcartest_event_0040
cils_craq_lite,80,0.8,0.6,6,18,iv2_0007683,924.0,936.0,12.0,False,False,
cils_craq_lite,80,0.9,0.6,6,18,iv2_0007683,924.0,936.0,12.0,False,False,
cils_craq_lite,80,0.8,0.6,6,19,iv2_0007257,1030.0,1042.0,12.0,False,False,
cils_craq_lite,80,0.9,0.6,6,19,iv2_0007257,1030.0,1042.0,12.0,False,False,
cils_craq_lite,80,0.8,0.6,6,20,iv2_0004419,276.0,288.0,12.0,False,False,
cils_craq_lite,80,0.9,0.6,6,20,iv2_0004419,276.0,288.0,12.0,False,False,
cils_craq_lite,80,0.8,0.6,6,21,iv2_0007377,618.0,630.0,12.0,False,False,
cils_craq_lite,80,0.9,0.6,6,21,iv2_0007377,618.0,630.0,12.0,False,False,
cils_craq_lite,80,0.8,0.6,6,22,iv2_0004275,1060.0,1072.0,12.0,False,False,realcartest_event_0040
cils_craq_lite,80,0.9,0.6,6,22,iv2_0004275,1060.0,1072.0,12.0,False,False,realcartest_event_0040
cils_craq_lite,80,0.8,0.6,6,23,iv2_0004251,984.0,996.0,12.0,False,False,
cils_craq_lite,80,0.9,0.6,6,23,iv2_0004251,984.0,996.0,12.0,False,False,
cils_craq_lite,80,0.8,0.6,6,24,iv2_0007269,888.0,900.0,12.0,False,False,
cils_craq_lite,80,0.9,0.6,6,24,iv2_0007269,888.0,900.0,12.0,False,False,
cils_craq_lite,80,0.8,0.6,6,25,iv2_0007695,354.0,366.0,12.0,False,False,
cils_craq_lite,80,0.9,0.6,6,25,iv2_0007695,354.0,366.0,12.0,False,False,
cils_craq_lite,80,0.8,0.5,7,1,iv2_0005920,850.0,866.0,16.0,True,False,realcartest_event_0037
cils_craq_lite,80,0.9,0.5,7,1,iv2_0005920,850.0,866.0,16.0,True,False,realcartest_event_0037
cils_craq_lite,80,0.8,0.5,7,2,iv2_0004318,544.0,560.0,16.0,False,False,
cils_craq_lite,80,0.9,0.5,7,2,iv2_0004318,544.0,560.0,16.0,False,False,
cils_craq_lite,80,0.8,0.5,7,3,iv2_0007360,638.0,654.0,16.0,False,False,
cils_craq_lite,80,0.9,0.5,7,3,iv2_0007360,638.0,654.0,16.0,False,False,
cils_craq_lite,80,0.8,0.5,7,4,iv2_0011265,806.0,838.0,32.0,False,False,realcartest_event_0037
cils_craq_lite,80,0.9,0.5,7,4,iv2_0011265,806.0,838.0,32.0,False,False,realcartest_event_0037
cils_craq_lite,80,0.8,0.5,7,5,iv2_0007576,250.0,266.0,16.0,False,False,realcartest_event_0026
cils_craq_lite,80,0.9,0.5,7,5,iv2_0007576,250.0,266.0,16.0,False,False,realcartest_event_0026
cils_craq_lite,80,0.8,0.5,7,6,iv2_0007330,768.0,784.0,16.0,False,False,realcartest_event_0034
cils_craq_lite,80,0.9,0.5,7,6,iv2_0007330,768.0,784.0,16.0,False,False,realcartest_event_0034
cils_craq_lite,80,0.8,0.5,7,7,iv2_0007594,1018.0,1034.0,16.0,False,False,
cils_craq_lite,80,0.9,0.5,7,7,iv2_0007594,1018.0,1034.0,16.0,False,False,
cils_craq_lite,80,0.8,0.5,7,8,iv2_0011686,872.0,900.0,28.0,False,False,realcartest_event_0037
cils_craq_lite,80,0.9,0.5,7,8,iv2_0011686,872.0,900.0,28.0,False,False,realcartest_event_0037
cils_craq_lite,80,0.8,0.5,7,9,iv2_0007077,494.0,506.0,12.0,True,False,realcartest_event_0029
cils_craq_lite,80,0.9,0.5,7,9,iv2_0007077,494.0,506.0,12.0,True,False,realcartest_event_0029
cils_craq_lite,80,0.8,0.5,7,10,iv2_0007522,468.0,484.0,16.0,False,False,
cils_craq_lite,80,0.9,0.5,7,10,iv2_0007522,468.0,484.0,16.0,False,False,
cils_craq_lite,80,0.8,0.5,7,11,iv2_0007161,670.0,682.0,12.0,False,False,
cils_craq_lite,80,0.9,0.5,7,11,iv2_0007161,670.0,682.0,12.0,False,False,
cils_craq_lite,80,0.8,0.5,7,12,iv2_0011576,680.0,720.0,40.0,False,False,realcartest_event_0033
cils_craq_lite,80,0.9,0.5,7,12,iv2_0011576,680.0,720.0,40.0,False,False,realcartest_event_0033
cils_craq_lite,80,0.8,0.5,7,13,iv2_0004233,486.0,498.0,12.0,True,True,realcartest_event_0029
cils_craq_lite,80,0.9,0.5,7,13,iv2_0004233,486.0,498.0,12.0,True,True,realcartest_event_0029
cils_craq_lite,80,0.8,0.5,7,14,iv2_0007143,554.0,566.0,12.0,False,False,realcartest_event_0031
cils_craq_lite,80,0.9,0.5,7,14,iv2_0007143,554.0,566.0,12.0,False,False,realcartest_event_0031
cils_craq_lite,80,0.8,0.5,7,15,iv2_0007215,662.0,674.0,12.0,False,False,
cils_craq_lite,80,0.9,0.5,7,15,iv2_0007215,662.0,674.0,12.0,False,False,
cils_craq_lite,80,0.8,0.5,7,16,iv2_0007155,796.0,808.0,12.0,False,False,
cils_craq_lite,80,0.9,0.5,7,16,iv2_0007155,796.0,808.0,12.0,False,False,
cils_craq_lite,80,0.8,0.5,7,17,iv2_0005937,758.0,770.0,12.0,True,True,realcartest_event_0034
cils_craq_lite,80,0.9,0.5,7,17,iv2_0005937,758.0,770.0,12.0,True,True,realcartest_event_0034
cils_craq_lite,80,0.8,0.5,7,18,iv2_0011323,1024.0,1064.0,40.0,False,False,realcartest_event_0040
cils_craq_lite,80,0.9,0.5,7,18,iv2_0011323,1024.0,1064.0,40.0,False,False,realcartest_event_0040
cils_craq_lite,80,0.8,0.5,7,19,iv2_0007683,924.0,936.0,12.0,False,False,
cils_craq_lite,80,0.9,0.5,7,19,iv2_0007683,924.0,936.0,12.0,False,False,
cils_craq_lite,80,0.8,0.5,7,20,iv2_0007257,1030.0,1042.0,12.0,False,False,
cils_craq_lite,80,0.9,0.5,7,20,iv2_0007257,1030.0,1042.0,12.0,False,False,
cils_craq_lite,80,0.8,0.6,7,1,iv2_0005920,850.0,866.0,16.0,True,False,realcartest_event_0037
cils_craq_lite,80,0.9,0.6,7,1,iv2_0005920,850.0,866.0,16.0,True,False,realcartest_event_0037
cils_craq_lite,80,0.8,0.6,7,2,iv2_0004318,544.0,560.0,16.0,False,False,
cils_craq_lite,80,0.9,0.6,7,2,iv2_0004318,544.0,560.0,16.0,False,False,
cils_craq_lite,80,0.8,0.6,7,3,iv2_0007360,638.0,654.0,16.0,False,False,
cils_craq_lite,80,0.9,0.6,7,3,iv2_0007360,638.0,654.0,16.0,False,False,
cils_craq_lite,80,0.8,0.6,7,4,iv2_0007576,250.0,266.0,16.0,False,False,realcartest_event_0026
cils_craq_lite,80,0.9,0.6,7,4,iv2_0007576,250.0,266.0,16.0,False,False,realcartest_event_0026
cils_craq_lite,80,0.8,0.6,7,5,iv2_0007330,768.0,784.0,16.0,False,False,realcartest_event_0034
cils_craq_lite,80,0.9,0.6,7,5,iv2_0007330,768.0,784.0,16.0,False,False,realcartest_event_0034
cils_craq_lite,80,0.8,0.6,7,6,iv2_0007594,1018.0,1034.0,16.0,False,False,
cils_craq_lite,80,0.9,0.6,7,6,iv2_0007594,1018.0,1034.0,16.0,False,False,
cils_craq_lite,80,0.8,0.6,7,7,iv2_0007077,494.0,506.0,12.0,True,False,realcartest_event_0029
cils_craq_lite,80,0.9,0.6,7,7,iv2_0007077,494.0,506.0,12.0,True,False,realcartest_event_0029
cils_craq_lite,80,0.8,0.6,7,8,iv2_0004707,880.0,892.0,12.0,False,False,realcartest_event_0037
cils_craq_lite,80,0.9,0.6,7,8,iv2_0004707,880.0,892.0,12.0,False,False,realcartest_event_0037
cils_craq_lite,80,0.8,0.6,7,9,iv2_0007522,468.0,484.0,16.0,False,False,
cils_craq_lite,80,0.9,0.6,7,9,iv2_0007522,468.0,484.0,16.0,False,False,
cils_craq_lite,80,0.8,0.6,7,10,iv2_0007083,806.0,818.0,12.0,False,False,realcartest_event_0036
cils_craq_lite,80,0.9,0.6,7,10,iv2_0007083,806.0,818.0,12.0,False,False,realcartest_event_0036
cils_craq_lite,80,0.8,0.6,7,11,iv2_0007161,670.0,682.0,12.0,False,False,
cils_craq_lite,80,0.9,0.6,7,11,iv2_0007161,670.0,682.0,12.0,False,False,
cils_craq_lite,80,0.8,0.6,7,12,iv2_0004233,486.0,498.0,12.0,True,True,realcartest_event_0029
cils_craq_lite,80,0.9,0.6,7,12,iv2_0004233,486.0,498.0,12.0,True,True,realcartest_event_0029
cils_craq_lite,80,0.8,0.6,7,13,iv2_0007143,554.0,566.0,12.0,False,False,realcartest_event_0031
cils_craq_lite,80,0.9,0.6,7,13,iv2_0007143,554.0,566.0,12.0,False,False,realcartest_event_0031
cils_craq_lite,80,0.8,0.6,7,14,iv2_0007215,662.0,674.0,12.0,False,False,
cils_craq_lite,80,0.9,0.6,7,14,iv2_0007215,662.0,674.0,12.0,False,False,
cils_craq_lite,80,0.8,0.6,7,15,iv2_0007155,796.0,808.0,12.0,False,False,
cils_craq_lite,80,0.9,0.6,7,15,iv2_0007155,796.0,808.0,12.0,False,False,
cils_craq_lite,80,0.8,0.6,7,16,iv2_0005937,758.0,770.0,12.0,True,True,realcartest_event_0034
cils_craq_lite,80,0.9,0.6,7,16,iv2_0005937,758.0,770.0,12.0,True,True,realcartest_event_0034
cils_craq_lite,80,0.8,0.6,7,17,iv2_0011323,1024.0,1064.0,40.0,False,False,realcartest_event_0040
cils_craq_lite,80,0.9,0.6,7,17,iv2_0011323,1024.0,1064.0,40.0,False,False,realcartest_event_0040
cils_craq_lite,80,0.8,0.6,7,18,iv2_0007683,924.0,936.0,12.0,False,False,
cils_craq_lite,80,0.9,0.6,7,18,iv2_0007683,924.0,936.0,12.0,False,False,
cils_craq_lite,80,0.8,0.6,7,19,iv2_0007257,1030.0,1042.0,12.0,False,False,
cils_craq_lite,80,0.9,0.6,7,19,iv2_0007257,1030.0,1042.0,12.0,False,False,
cils_craq_lite,80,0.8,0.6,7,20,iv2_0004419,276.0,288.0,12.0,False,False,
cils_craq_lite,80,0.9,0.6,7,20,iv2_0004419,276.0,288.0,12.0,False,False,
cils_craq_lite,80,0.8,0.6,7,21,iv2_0007377,618.0,630.0,12.0,False,False,
cils_craq_lite,80,0.9,0.6,7,21,iv2_0007377,618.0,630.0,12.0,False,False,
cils_craq_lite,80,0.8,0.6,7,22,iv2_0004275,1060.0,1072.0,12.0,False,False,realcartest_event_0040
cils_craq_lite,80,0.9,0.6,7,22,iv2_0004275,1060.0,1072.0,12.0,False,False,realcartest_event_0040
cils_craq_lite,80,0.8,0.6,7,23,iv2_0004251,984.0,996.0,12.0,False,False,
cils_craq_lite,80,0.9,0.6,7,23,iv2_0004251,984.0,996.0,12.0,False,False,
cils_craq_lite,80,0.8,0.6,7,24,iv2_0007269,888.0,900.0,12.0,False,False,
cils_craq_lite,80,0.9,0.6,7,24,iv2_0007269,888.0,900.0,12.0,False,False,
cils_craq_lite,80,0.8,0.6,7,25,iv2_0007695,354.0,366.0,12.0,False,False,
cils_craq_lite,80,0.9,0.6,7,25,iv2_0007695,354.0,366.0,12.0,False,False,
cils_craq_lite,80,0.8,0.5,8,1,iv2_0005920,850.0,866.0,16.0,True,False,realcartest_event_0037
cils_craq_lite,80,0.9,0.5,8,1,iv2_0005920,850.0,866.0,16.0,True,False,realcartest_event_0037
cils_craq_lite,80,0.8,0.5,8,2,iv2_0004318,544.0,560.0,16.0,False,False,
cils_craq_lite,80,0.9,0.5,8,2,iv2_0004318,544.0,560.0,16.0,False,False,
cils_craq_lite,80,0.8,0.5,8,3,iv2_0007360,638.0,654.0,16.0,False,False,
cils_craq_lite,80,0.9,0.5,8,3,iv2_0007360,638.0,654.0,16.0,False,False,
cils_craq_lite,80,0.8,0.5,8,4,iv2_0011265,806.0,838.0,32.0,False,False,realcartest_event_0037
cils_craq_lite,80,0.9,0.5,8,4,iv2_0011265,806.0,838.0,32.0,False,False,realcartest_event_0037
cils_craq_lite,80,0.8,0.5,8,5,iv2_0007576,250.0,266.0,16.0,False,False,realcartest_event_0026
cils_craq_lite,80,0.9,0.5,8,5,iv2_0007576,250.0,266.0,16.0,False,False,realcartest_event_0026
cils_craq_lite,80,0.8,0.5,8,6,iv2_0007330,768.0,784.0,16.0,False,False,realcartest_event_0034
cils_craq_lite,80,0.9,0.5,8,6,iv2_0007330,768.0,784.0,16.0,False,False,realcartest_event_0034
cils_craq_lite,80,0.8,0.5,8,7,iv2_0007594,1018.0,1034.0,16.0,False,False,
cils_craq_lite,80,0.9,0.5,8,7,iv2_0007594,1018.0,1034.0,16.0,False,False,
cils_craq_lite,80,0.8,0.5,8,8,iv2_0011686,872.0,900.0,28.0,False,False,realcartest_event_0037
cils_craq_lite,80,0.9,0.5,8,8,iv2_0011686,872.0,900.0,28.0,False,False,realcartest_event_0037
cils_craq_lite,80,0.8,0.5,8,9,iv2_0007077,494.0,506.0,12.0,True,False,realcartest_event_0029
cils_craq_lite,80,0.9,0.5,8,9,iv2_0007077,494.0,506.0,12.0,True,False,realcartest_event_0029
cils_craq_lite,80,0.8,0.5,8,10,iv2_0007522,468.0,484.0,16.0,False,False,
cils_craq_lite,80,0.9,0.5,8,10,iv2_0007522,468.0,484.0,16.0,False,False,
cils_craq_lite,80,0.8,0.5,8,11,iv2_0007161,670.0,682.0,12.0,False,False,
cils_craq_lite,80,0.9,0.5,8,11,iv2_0007161,670.0,682.0,12.0,False,False,
cils_craq_lite,80,0.8,0.5,8,12,iv2_0011576,680.0,720.0,40.0,False,False,realcartest_event_0033
cils_craq_lite,80,0.9,0.5,8,12,iv2_0011576,680.0,720.0,40.0,False,False,realcartest_event_0033
cils_craq_lite,80,0.8,0.5,8,13,iv2_0004233,486.0,498.0,12.0,True,True,realcartest_event_0029
cils_craq_lite,80,0.9,0.5,8,13,iv2_0004233,486.0,498.0,12.0,True,True,realcartest_event_0029
cils_craq_lite,80,0.8,0.5,8,14,iv2_0007143,554.0,566.0,12.0,False,False,realcartest_event_0031
cils_craq_lite,80,0.9,0.5,8,14,iv2_0007143,554.0,566.0,12.0,False,False,realcartest_event_0031
cils_craq_lite,80,0.8,0.5,8,15,iv2_0007215,662.0,674.0,12.0,False,False,
cils_craq_lite,80,0.9,0.5,8,15,iv2_0007215,662.0,674.0,12.0,False,False,
cils_craq_lite,80,0.8,0.5,8,16,iv2_0007155,796.0,808.0,12.0,False,False,
cils_craq_lite,80,0.9,0.5,8,16,iv2_0007155,796.0,808.0,12.0,False,False,
cils_craq_lite,80,0.8,0.5,8,17,iv2_0005937,758.0,770.0,12.0,True,True,realcartest_event_0034
cils_craq_lite,80,0.9,0.5,8,17,iv2_0005937,758.0,770.0,12.0,True,True,realcartest_event_0034
cils_craq_lite,80,0.8,0.5,8,18,iv2_0011323,1024.0,1064.0,40.0,False,False,realcartest_event_0040
cils_craq_lite,80,0.9,0.5,8,18,iv2_0011323,1024.0,1064.0,40.0,False,False,realcartest_event_0040
cils_craq_lite,80,0.8,0.5,8,19,iv2_0007683,924.0,936.0,12.0,False,False,
cils_craq_lite,80,0.9,0.5,8,19,iv2_0007683,924.0,936.0,12.0,False,False,
cils_craq_lite,80,0.8,0.5,8,20,iv2_0007257,1030.0,1042.0,12.0,False,False,
cils_craq_lite,80,0.9,0.5,8,20,iv2_0007257,1030.0,1042.0,12.0,False,False,
cils_craq_lite,80,0.8,0.6,8,1,iv2_0005920,850.0,866.0,16.0,True,False,realcartest_event_0037
cils_craq_lite,80,0.9,0.6,8,1,iv2_0005920,850.0,866.0,16.0,True,False,realcartest_event_0037
cils_craq_lite,80,0.8,0.6,8,2,iv2_0004318,544.0,560.0,16.0,False,False,
cils_craq_lite,80,0.9,0.6,8,2,iv2_0004318,544.0,560.0,16.0,False,False,
cils_craq_lite,80,0.8,0.6,8,3,iv2_0007360,638.0,654.0,16.0,False,False,
cils_craq_lite,80,0.9,0.6,8,3,iv2_0007360,638.0,654.0,16.0,False,False,
cils_craq_lite,80,0.8,0.6,8,4,iv2_0007576,250.0,266.0,16.0,False,False,realcartest_event_0026
cils_craq_lite,80,0.9,0.6,8,4,iv2_0007576,250.0,266.0,16.0,False,False,realcartest_event_0026
cils_craq_lite,80,0.8,0.6,8,5,iv2_0007330,768.0,784.0,16.0,False,False,realcartest_event_0034
cils_craq_lite,80,0.9,0.6,8,5,iv2_0007330,768.0,784.0,16.0,False,False,realcartest_event_0034
cils_craq_lite,80,0.8,0.6,8,6,iv2_0007594,1018.0,1034.0,16.0,False,False,
cils_craq_lite,80,0.9,0.6,8,6,iv2_0007594,1018.0,1034.0,16.0,False,False,
cils_craq_lite,80,0.8,0.6,8,7,iv2_0007077,494.0,506.0,12.0,True,False,realcartest_event_0029
cils_craq_lite,80,0.9,0.6,8,7,iv2_0007077,494.0,506.0,12.0,True,False,realcartest_event_0029
cils_craq_lite,80,0.8,0.6,8,8,iv2_0004707,880.0,892.0,12.0,False,False,realcartest_event_0037
cils_craq_lite,80,0.9,0.6,8,8,iv2_0004707,880.0,892.0,12.0,False,False,realcartest_event_0037
cils_craq_lite,80,0.8,0.6,8,9,iv2_0007522,468.0,484.0,16.0,False,False,
cils_craq_lite,80,0.9,0.6,8,9,iv2_0007522,468.0,484.0,16.0,False,False,
cils_craq_lite,80,0.8,0.6,8,10,iv2_0007083,806.0,818.0,12.0,False,False,realcartest_event_0036
cils_craq_lite,80,0.9,0.6,8,10,iv2_0007083,806.0,818.0,12.0,False,False,realcartest_event_0036
cils_craq_lite,80,0.8,0.6,8,11,iv2_0007161,670.0,682.0,12.0,False,False,
cils_craq_lite,80,0.9,0.6,8,11,iv2_0007161,670.0,682.0,12.0,False,False,
cils_craq_lite,80,0.8,0.6,8,12,iv2_0004233,486.0,498.0,12.0,True,True,realcartest_event_0029
cils_craq_lite,80,0.9,0.6,8,12,iv2_0004233,486.0,498.0,12.0,True,True,realcartest_event_0029
cils_craq_lite,80,0.8,0.6,8,13,iv2_0007143,554.0,566.0,12.0,False,False,realcartest_event_0031
cils_craq_lite,80,0.9,0.6,8,13,iv2_0007143,554.0,566.0,12.0,False,False,realcartest_event_0031
cils_craq_lite,80,0.8,0.6,8,14,iv2_0007215,662.0,674.0,12.0,False,False,
cils_craq_lite,80,0.9,0.6,8,14,iv2_0007215,662.0,674.0,12.0,False,False,
cils_craq_lite,80,0.8,0.6,8,15,iv2_0007155,796.0,808.0,12.0,False,False,
cils_craq_lite,80,0.9,0.6,8,15,iv2_0007155,796.0,808.0,12.0,False,False,
cils_craq_lite,80,0.8,0.6,8,16,iv2_0005937,758.0,770.0,12.0,True,True,realcartest_event_0034
cils_craq_lite,80,0.9,0.6,8,16,iv2_0005937,758.0,770.0,12.0,True,True,realcartest_event_0034
cils_craq_lite,80,0.8,0.6,8,17,iv2_0011323,1024.0,1064.0,40.0,False,False,realcartest_event_0040
cils_craq_lite,80,0.9,0.6,8,17,iv2_0011323,1024.0,1064.0,40.0,False,False,realcartest_event_0040
cils_craq_lite,80,0.8,0.6,8,18,iv2_0007683,924.0,936.0,12.0,False,False,
cils_craq_lite,80,0.9,0.6,8,18,iv2_0007683,924.0,936.0,12.0,False,False,
cils_craq_lite,80,0.8,0.6,8,19,iv2_0007257,1030.0,1042.0,12.0,False,False,
cils_craq_lite,80,0.9,0.6,8,19,iv2_0007257,1030.0,1042.0,12.0,False,False,
cils_craq_lite,80,0.8,0.6,8,20,iv2_0004419,276.0,288.0,12.0,False,False,
cils_craq_lite,80,0.9,0.6,8,20,iv2_0004419,276.0,288.0,12.0,False,False,
cils_craq_lite,80,0.8,0.6,8,21,iv2_0007377,618.0,630.0,12.0,False,False,
cils_craq_lite,80,0.9,0.6,8,21,iv2_0007377,618.0,630.0,12.0,False,False,
cils_craq_lite,80,0.8,0.6,8,22,iv2_0004275,1060.0,1072.0,12.0,False,False,realcartest_event_0040
cils_craq_lite,80,0.9,0.6,8,22,iv2_0004275,1060.0,1072.0,12.0,False,False,realcartest_event_0040
cils_craq_lite,80,0.8,0.6,8,23,iv2_0004251,984.0,996.0,12.0,False,False,
cils_craq_lite,80,0.9,0.6,8,23,iv2_0004251,984.0,996.0,12.0,False,False,
cils_craq_lite,80,0.8,0.6,8,24,iv2_0007269,888.0,900.0,12.0,False,False,
cils_craq_lite,80,0.9,0.6,8,24,iv2_0007269,888.0,900.0,12.0,False,False,
cils_craq_lite,80,0.8,0.6,8,25,iv2_0007695,354.0,366.0,12.0,False,False,
cils_craq_lite,80,0.9,0.6,8,25,iv2_0007695,354.0,366.0,12.0,False,False,
cils_craq_lite,80,0.8,0.5,9,1,iv2_0005920,850.0,866.0,16.0,True,False,realcartest_event_0037
cils_craq_lite,80,0.9,0.5,9,1,iv2_0005920,850.0,866.0,16.0,True,False,realcartest_event_0037
cils_craq_lite,80,0.8,0.5,9,2,iv2_0004318,544.0,560.0,16.0,False,False,
cils_craq_lite,80,0.9,0.5,9,2,iv2_0004318,544.0,560.0,16.0,False,False,
cils_craq_lite,80,0.8,0.5,9,3,iv2_0007360,638.0,654.0,16.0,False,False,
cils_craq_lite,80,0.9,0.5,9,3,iv2_0007360,638.0,654.0,16.0,False,False,
cils_craq_lite,80,0.8,0.5,9,4,iv2_0011265,806.0,838.0,32.0,False,False,realcartest_event_0037
cils_craq_lite,80,0.9,0.5,9,4,iv2_0011265,806.0,838.0,32.0,False,False,realcartest_event_0037
cils_craq_lite,80,0.8,0.5,9,5,iv2_0007576,250.0,266.0,16.0,False,False,realcartest_event_0026
cils_craq_lite,80,0.9,0.5,9,5,iv2_0007576,250.0,266.0,16.0,False,False,realcartest_event_0026
cils_craq_lite,80,0.8,0.5,9,6,iv2_0007330,768.0,784.0,16.0,False,False,realcartest_event_0034
cils_craq_lite,80,0.9,0.5,9,6,iv2_0007330,768.0,784.0,16.0,False,False,realcartest_event_0034
cils_craq_lite,80,0.8,0.5,9,7,iv2_0007594,1018.0,1034.0,16.0,False,False,
cils_craq_lite,80,0.9,0.5,9,7,iv2_0007594,1018.0,1034.0,16.0,False,False,
cils_craq_lite,80,0.8,0.5,9,8,iv2_0011686,872.0,900.0,28.0,False,False,realcartest_event_0037
cils_craq_lite,80,0.9,0.5,9,8,iv2_0011686,872.0,900.0,28.0,False,False,realcartest_event_0037
cils_craq_lite,80,0.8,0.5,9,9,iv2_0007077,494.0,506.0,12.0,True,False,realcartest_event_0029
cils_craq_lite,80,0.9,0.5,9,9,iv2_0007077,494.0,506.0,12.0,True,False,realcartest_event_0029
cils_craq_lite,80,0.8,0.5,9,10,iv2_0007522,468.0,484.0,16.0,False,False,
cils_craq_lite,80,0.9,0.5,9,10,iv2_0007522,468.0,484.0,16.0,False,False,
cils_craq_lite,80,0.8,0.5,9,11,iv2_0007161,670.0,682.0,12.0,False,False,
cils_craq_lite,80,0.9,0.5,9,11,iv2_0007161,670.0,682.0,12.0,False,False,
cils_craq_lite,80,0.8,0.5,9,12,iv2_0011576,680.0,720.0,40.0,False,False,realcartest_event_0033
cils_craq_lite,80,0.9,0.5,9,12,iv2_0011576,680.0,720.0,40.0,False,False,realcartest_event_0033
cils_craq_lite,80,0.8,0.5,9,13,iv2_0004233,486.0,498.0,12.0,True,True,realcartest_event_0029
cils_craq_lite,80,0.9,0.5,9,13,iv2_0004233,486.0,498.0,12.0,True,True,realcartest_event_0029
cils_craq_lite,80,0.8,0.5,9,14,iv2_0007143,554.0,566.0,12.0,False,False,realcartest_event_0031
cils_craq_lite,80,0.9,0.5,9,14,iv2_0007143,554.0,566.0,12.0,False,False,realcartest_event_0031
cils_craq_lite,80,0.8,0.5,9,15,iv2_0007215,662.0,674.0,12.0,False,False,
cils_craq_lite,80,0.9,0.5,9,15,iv2_0007215,662.0,674.0,12.0,False,False,
cils_craq_lite,80,0.8,0.5,9,16,iv2_0007155,796.0,808.0,12.0,False,False,
cils_craq_lite,80,0.9,0.5,9,16,iv2_0007155,796.0,808.0,12.0,False,False,
cils_craq_lite,80,0.8,0.5,9,17,iv2_0005937,758.0,770.0,12.0,True,True,realcartest_event_0034
cils_craq_lite,80,0.9,0.5,9,17,iv2_0005937,758.0,770.0,12.0,True,True,realcartest_event_0034
cils_craq_lite,80,0.8,0.5,9,18,iv2_0011323,1024.0,1064.0,40.0,False,False,realcartest_event_0040
cils_craq_lite,80,0.9,0.5,9,18,iv2_0011323,1024.0,1064.0,40.0,False,False,realcartest_event_0040
cils_craq_lite,80,0.8,0.5,9,19,iv2_0007683,924.0,936.0,12.0,False,False,
cils_craq_lite,80,0.9,0.5,9,19,iv2_0007683,924.0,936.0,12.0,False,False,
cils_craq_lite,80,0.8,0.5,9,20,iv2_0007257,1030.0,1042.0,12.0,False,False,
cils_craq_lite,80,0.9,0.5,9,20,iv2_0007257,1030.0,1042.0,12.0,False,False,
cils_craq_lite,80,0.8,0.6,9,1,iv2_0005920,850.0,866.0,16.0,True,False,realcartest_event_0037
cils_craq_lite,80,0.9,0.6,9,1,iv2_0005920,850.0,866.0,16.0,True,False,realcartest_event_0037
cils_craq_lite,80,0.8,0.6,9,2,iv2_0004318,544.0,560.0,16.0,False,False,
cils_craq_lite,80,0.9,0.6,9,2,iv2_0004318,544.0,560.0,16.0,False,False,
cils_craq_lite,80,0.8,0.6,9,3,iv2_0007360,638.0,654.0,16.0,False,False,
cils_craq_lite,80,0.9,0.6,9,3,iv2_0007360,638.0,654.0,16.0,False,False,
cils_craq_lite,80,0.8,0.6,9,4,iv2_0007576,250.0,266.0,16.0,False,False,realcartest_event_0026
cils_craq_lite,80,0.9,0.6,9,4,iv2_0007576,250.0,266.0,16.0,False,False,realcartest_event_0026
cils_craq_lite,80,0.8,0.6,9,5,iv2_0007330,768.0,784.0,16.0,False,False,realcartest_event_0034
cils_craq_lite,80,0.9,0.6,9,5,iv2_0007330,768.0,784.0,16.0,False,False,realcartest_event_0034
cils_craq_lite,80,0.8,0.6,9,6,iv2_0007594,1018.0,1034.0,16.0,False,False,
cils_craq_lite,80,0.9,0.6,9,6,iv2_0007594,1018.0,1034.0,16.0,False,False,
cils_craq_lite,80,0.8,0.6,9,7,iv2_0007077,494.0,506.0,12.0,True,False,realcartest_event_0029
cils_craq_lite,80,0.9,0.6,9,7,iv2_0007077,494.0,506.0,12.0,True,False,realcartest_event_0029
cils_craq_lite,80,0.8,0.6,9,8,iv2_0004707,880.0,892.0,12.0,False,False,realcartest_event_0037
cils_craq_lite,80,0.9,0.6,9,8,iv2_0004707,880.0,892.0,12.0,False,False,realcartest_event_0037
cils_craq_lite,80,0.8,0.6,9,9,iv2_0007522,468.0,484.0,16.0,False,False,
cils_craq_lite,80,0.9,0.6,9,9,iv2_0007522,468.0,484.0,16.0,False,False,
cils_craq_lite,80,0.8,0.6,9,10,iv2_0007083,806.0,818.0,12.0,False,False,realcartest_event_0036
cils_craq_lite,80,0.9,0.6,9,10,iv2_0007083,806.0,818.0,12.0,False,False,realcartest_event_0036
cils_craq_lite,80,0.8,0.6,9,11,iv2_0007161,670.0,682.0,12.0,False,False,
cils_craq_lite,80,0.9,0.6,9,11,iv2_0007161,670.0,682.0,12.0,False,False,
cils_craq_lite,80,0.8,0.6,9,12,iv2_0004233,486.0,498.0,12.0,True,True,realcartest_event_0029
cils_craq_lite,80,0.9,0.6,9,12,iv2_0004233,486.0,498.0,12.0,True,True,realcartest_event_0029
cils_craq_lite,80,0.8,0.6,9,13,iv2_0007143,554.0,566.0,12.0,False,False,realcartest_event_0031
cils_craq_lite,80,0.9,0.6,9,13,iv2_0007143,554.0,566.0,12.0,False,False,realcartest_event_0031
cils_craq_lite,80,0.8,0.6,9,14,iv2_0007215,662.0,674.0,12.0,False,False,
cils_craq_lite,80,0.9,0.6,9,14,iv2_0007215,662.0,674.0,12.0,False,False,
cils_craq_lite,80,0.8,0.6,9,15,iv2_0007155,796.0,808.0,12.0,False,False,
cils_craq_lite,80,0.9,0.6,9,15,iv2_0007155,796.0,808.0,12.0,False,False,
cils_craq_lite,80,0.8,0.6,9,16,iv2_0005937,758.0,770.0,12.0,True,True,realcartest_event_0034
cils_craq_lite,80,0.9,0.6,9,16,iv2_0005937,758.0,770.0,12.0,True,True,realcartest_event_0034
cils_craq_lite,80,0.8,0.6,9,17,iv2_0011323,1024.0,1064.0,40.0,False,False,realcartest_event_0040
cils_craq_lite,80,0.9,0.6,9,17,iv2_0011323,1024.0,1064.0,40.0,False,False,realcartest_event_0040
cils_craq_lite,80,0.8,0.6,9,18,iv2_0007683,924.0,936.0,12.0,False,False,
cils_craq_lite,80,0.9,0.6,9,18,iv2_0007683,924.0,936.0,12.0,False,False,
cils_craq_lite,80,0.8,0.6,9,19,iv2_0007257,1030.0,1042.0,12.0,False,False,
cils_craq_lite,80,0.9,0.6,9,19,iv2_0007257,1030.0,1042.0,12.0,False,False,
cils_craq_lite,80,0.8,0.6,9,20,iv2_0004419,276.0,288.0,12.0,False,False,
cils_craq_lite,80,0.9,0.6,9,20,iv2_0004419,276.0,288.0,12.0,False,False,
cils_craq_lite,80,0.8,0.6,9,21,iv2_0007377,618.0,630.0,12.0,False,False,
cils_craq_lite,80,0.9,0.6,9,21,iv2_0007377,618.0,630.0,12.0,False,False,
cils_craq_lite,80,0.8,0.6,9,22,iv2_0004275,1060.0,1072.0,12.0,False,False,realcartest_event_0040
cils_craq_lite,80,0.9,0.6,9,22,iv2_0004275,1060.0,1072.0,12.0,False,False,realcartest_event_0040
cils_craq_lite,80,0.8,0.6,9,23,iv2_0004251,984.0,996.0,12.0,False,False,
cils_craq_lite,80,0.9,0.6,9,23,iv2_0004251,984.0,996.0,12.0,False,False,
cils_craq_lite,80,0.8,0.6,9,24,iv2_0007269,888.0,900.0,12.0,False,False,
cils_craq_lite,80,0.9,0.6,9,24,iv2_0007269,888.0,900.0,12.0,False,False,
cils_craq_lite,80,0.8,0.6,9,25,iv2_0007695,354.0,366.0,12.0,False,False,
cils_craq_lite,80,0.9,0.6,9,25,iv2_0007695,354.0,366.0,12.0,False,False,
cils_craq_lite,80,0.8,0.5,10,1,iv2_0005920,850.0,866.0,16.0,True,False,realcartest_event_0037
cils_craq_lite,80,0.9,0.5,10,1,iv2_0005920,850.0,866.0,16.0,True,False,realcartest_event_0037
cils_craq_lite,80,0.8,0.5,10,2,iv2_0004318,544.0,560.0,16.0,False,False,
cils_craq_lite,80,0.9,0.5,10,2,iv2_0004318,544.0,560.0,16.0,False,False,
cils_craq_lite,80,0.8,0.5,10,3,iv2_0007360,638.0,654.0,16.0,False,False,
cils_craq_lite,80,0.9,0.5,10,3,iv2_0007360,638.0,654.0,16.0,False,False,
cils_craq_lite,80,0.8,0.5,10,4,iv2_0011265,806.0,838.0,32.0,False,False,realcartest_event_0037
cils_craq_lite,80,0.9,0.5,10,4,iv2_0011265,806.0,838.0,32.0,False,False,realcartest_event_0037
cils_craq_lite,80,0.8,0.5,10,5,iv2_0007576,250.0,266.0,16.0,False,False,realcartest_event_0026
cils_craq_lite,80,0.9,0.5,10,5,iv2_0007576,250.0,266.0,16.0,False,False,realcartest_event_0026
cils_craq_lite,80,0.8,0.5,10,6,iv2_0007330,768.0,784.0,16.0,False,False,realcartest_event_0034
cils_craq_lite,80,0.9,0.5,10,6,iv2_0007330,768.0,784.0,16.0,False,False,realcartest_event_0034
cils_craq_lite,80,0.8,0.5,10,7,iv2_0007594,1018.0,1034.0,16.0,False,False,
cils_craq_lite,80,0.9,0.5,10,7,iv2_0007594,1018.0,1034.0,16.0,False,False,
cils_craq_lite,80,0.8,0.5,10,8,iv2_0011686,872.0,900.0,28.0,False,False,realcartest_event_0037
cils_craq_lite,80,0.9,0.5,10,8,iv2_0011686,872.0,900.0,28.0,False,False,realcartest_event_0037
cils_craq_lite,80,0.8,0.5,10,9,iv2_0007077,494.0,506.0,12.0,True,False,realcartest_event_0029
cils_craq_lite,80,0.9,0.5,10,9,iv2_0007077,494.0,506.0,12.0,True,False,realcartest_event_0029
cils_craq_lite,80,0.8,0.5,10,10,iv2_0007522,468.0,484.0,16.0,False,False,
cils_craq_lite,80,0.9,0.5,10,10,iv2_0007522,468.0,484.0,16.0,False,False,
cils_craq_lite,80,0.8,0.5,10,11,iv2_0007161,670.0,682.0,12.0,False,False,
cils_craq_lite,80,0.9,0.5,10,11,iv2_0007161,670.0,682.0,12.0,False,False,
cils_craq_lite,80,0.8,0.5,10,12,iv2_0011576,680.0,720.0,40.0,False,False,realcartest_event_0033
cils_craq_lite,80,0.9,0.5,10,12,iv2_0011576,680.0,720.0,40.0,False,False,realcartest_event_0033
cils_craq_lite,80,0.8,0.5,10,13,iv2_0004233,486.0,498.0,12.0,True,True,realcartest_event_0029
cils_craq_lite,80,0.9,0.5,10,13,iv2_0004233,486.0,498.0,12.0,True,True,realcartest_event_0029
cils_craq_lite,80,0.8,0.5,10,14,iv2_0007143,554.0,566.0,12.0,False,False,realcartest_event_0031
cils_craq_lite,80,0.9,0.5,10,14,iv2_0007143,554.0,566.0,12.0,False,False,realcartest_event_0031
cils_craq_lite,80,0.8,0.5,10,15,iv2_0007215,662.0,674.0,12.0,False,False,
cils_craq_lite,80,0.9,0.5,10,15,iv2_0007215,662.0,674.0,12.0,False,False,
cils_craq_lite,80,0.8,0.5,10,16,iv2_0007155,796.0,808.0,12.0,False,False,
cils_craq_lite,80,0.9,0.5,10,16,iv2_0007155,796.0,808.0,12.0,False,False,
cils_craq_lite,80,0.8,0.5,10,17,iv2_0005937,758.0,770.0,12.0,True,True,realcartest_event_0034
cils_craq_lite,80,0.9,0.5,10,17,iv2_0005937,758.0,770.0,12.0,True,True,realcartest_event_0034
cils_craq_lite,80,0.8,0.5,10,18,iv2_0011323,1024.0,1064.0,40.0,False,False,realcartest_event_0040
cils_craq_lite,80,0.9,0.5,10,18,iv2_0011323,1024.0,1064.0,40.0,False,False,realcartest_event_0040
cils_craq_lite,80,0.8,0.5,10,19,iv2_0007683,924.0,936.0,12.0,False,False,
cils_craq_lite,80,0.9,0.5,10,19,iv2_0007683,924.0,936.0,12.0,False,False,
cils_craq_lite,80,0.8,0.5,10,20,iv2_0007257,1030.0,1042.0,12.0,False,False,
cils_craq_lite,80,0.9,0.5,10,20,iv2_0007257,1030.0,1042.0,12.0,False,False,
cils_craq_lite,80,0.8,0.6,10,1,iv2_0005920,850.0,866.0,16.0,True,False,realcartest_event_0037
cils_craq_lite,80,0.9,0.6,10,1,iv2_0005920,850.0,866.0,16.0,True,False,realcartest_event_0037
cils_craq_lite,80,0.8,0.6,10,2,iv2_0004318,544.0,560.0,16.0,False,False,
cils_craq_lite,80,0.9,0.6,10,2,iv2_0004318,544.0,560.0,16.0,False,False,
cils_craq_lite,80,0.8,0.6,10,3,iv2_0007360,638.0,654.0,16.0,False,False,
cils_craq_lite,80,0.9,0.6,10,3,iv2_0007360,638.0,654.0,16.0,False,False,
cils_craq_lite,80,0.8,0.6,10,4,iv2_0007576,250.0,266.0,16.0,False,False,realcartest_event_0026
cils_craq_lite,80,0.9,0.6,10,4,iv2_0007576,250.0,266.0,16.0,False,False,realcartest_event_0026
cils_craq_lite,80,0.8,0.6,10,5,iv2_0007330,768.0,784.0,16.0,False,False,realcartest_event_0034
cils_craq_lite,80,0.9,0.6,10,5,iv2_0007330,768.0,784.0,16.0,False,False,realcartest_event_0034
cils_craq_lite,80,0.8,0.6,10,6,iv2_0007594,1018.0,1034.0,16.0,False,False,
cils_craq_lite,80,0.9,0.6,10,6,iv2_0007594,1018.0,1034.0,16.0,False,False,
cils_craq_lite,80,0.8,0.6,10,7,iv2_0007077,494.0,506.0,12.0,True,False,realcartest_event_0029
cils_craq_lite,80,0.9,0.6,10,7,iv2_0007077,494.0,506.0,12.0,True,False,realcartest_event_0029
cils_craq_lite,80,0.8,0.6,10,8,iv2_0004707,880.0,892.0,12.0,False,False,realcartest_event_0037
cils_craq_lite,80,0.9,0.6,10,8,iv2_0004707,880.0,892.0,12.0,False,False,realcartest_event_0037
cils_craq_lite,80,0.8,0.6,10,9,iv2_0007522,468.0,484.0,16.0,False,False,
cils_craq_lite,80,0.9,0.6,10,9,iv2_0007522,468.0,484.0,16.0,False,False,
cils_craq_lite,80,0.8,0.6,10,10,iv2_0007083,806.0,818.0,12.0,False,False,realcartest_event_0036
cils_craq_lite,80,0.9,0.6,10,10,iv2_0007083,806.0,818.0,12.0,False,False,realcartest_event_0036
cils_craq_lite,80,0.8,0.6,10,11,iv2_0007161,670.0,682.0,12.0,False,False,
cils_craq_lite,80,0.9,0.6,10,11,iv2_0007161,670.0,682.0,12.0,False,False,
cils_craq_lite,80,0.8,0.6,10,12,iv2_0004233,486.0,498.0,12.0,True,True,realcartest_event_0029
cils_craq_lite,80,0.9,0.6,10,12,iv2_0004233,486.0,498.0,12.0,True,True,realcartest_event_0029
cils_craq_lite,80,0.8,0.6,10,13,iv2_0007143,554.0,566.0,12.0,False,False,realcartest_event_0031
cils_craq_lite,80,0.9,0.6,10,13,iv2_0007143,554.0,566.0,12.0,False,False,realcartest_event_0031
cils_craq_lite,80,0.8,0.6,10,14,iv2_0007215,662.0,674.0,12.0,False,False,
cils_craq_lite,80,0.9,0.6,10,14,iv2_0007215,662.0,674.0,12.0,False,False,
cils_craq_lite,80,0.8,0.6,10,15,iv2_0007155,796.0,808.0,12.0,False,False,
cils_craq_lite,80,0.9,0.6,10,15,iv2_0007155,796.0,808.0,12.0,False,False,
cils_craq_lite,80,0.8,0.6,10,16,iv2_0005937,758.0,770.0,12.0,True,True,realcartest_event_0034
cils_craq_lite,80,0.9,0.6,10,16,iv2_0005937,758.0,770.0,12.0,True,True,realcartest_event_0034
cils_craq_lite,80,0.8,0.6,10,17,iv2_0011323,1024.0,1064.0,40.0,False,False,realcartest_event_0040
cils_craq_lite,80,0.9,0.6,10,17,iv2_0011323,1024.0,1064.0,40.0,False,False,realcartest_event_0040
cils_craq_lite,80,0.8,0.6,10,18,iv2_0007683,924.0,936.0,12.0,False,False,
cils_craq_lite,80,0.9,0.6,10,18,iv2_0007683,924.0,936.0,12.0,False,False,
cils_craq_lite,80,0.8,0.6,10,19,iv2_0007257,1030.0,1042.0,12.0,False,False,
cils_craq_lite,80,0.9,0.6,10,19,iv2_0007257,1030.0,1042.0,12.0,False,False,
cils_craq_lite,80,0.8,0.6,10,20,iv2_0004419,276.0,288.0,12.0,False,False,
cils_craq_lite,80,0.9,0.6,10,20,iv2_0004419,276.0,288.0,12.0,False,False,
cils_craq_lite,80,0.8,0.6,10,21,iv2_0007377,618.0,630.0,12.0,False,False,
cils_craq_lite,80,0.9,0.6,10,21,iv2_0007377,618.0,630.0,12.0,False,False,
cils_craq_lite,80,0.8,0.6,10,22,iv2_0004275,1060.0,1072.0,12.0,False,False,realcartest_event_0040
cils_craq_lite,80,0.9,0.6,10,22,iv2_0004275,1060.0,1072.0,12.0,False,False,realcartest_event_0040
cils_craq_lite,80,0.8,0.6,10,23,iv2_0004251,984.0,996.0,12.0,False,False,
cils_craq_lite,80,0.9,0.6,10,23,iv2_0004251,984.0,996.0,12.0,False,False,
cils_craq_lite,80,0.8,0.6,10,24,iv2_0007269,888.0,900.0,12.0,False,False,
cils_craq_lite,80,0.9,0.6,10,24,iv2_0007269,888.0,900.0,12.0,False,False,
cils_craq_lite,80,0.8,0.6,10,25,iv2_0007695,354.0,366.0,12.0,False,False,
cils_craq_lite,80,0.9,0.6,10,25,iv2_0007695,354.0,366.0,12.0,False,False,
cils_craq_lite,80,0.8,0.5,11,1,iv2_0005920,850.0,866.0,16.0,True,False,realcartest_event_0037
cils_craq_lite,80,0.9,0.5,11,1,iv2_0005920,850.0,866.0,16.0,True,False,realcartest_event_0037
cils_craq_lite,80,0.8,0.5,11,2,iv2_0004318,544.0,560.0,16.0,False,False,
cils_craq_lite,80,0.9,0.5,11,2,iv2_0004318,544.0,560.0,16.0,False,False,
cils_craq_lite,80,0.8,0.5,11,3,iv2_0007360,638.0,654.0,16.0,False,False,
cils_craq_lite,80,0.9,0.5,11,3,iv2_0007360,638.0,654.0,16.0,False,False,
cils_craq_lite,80,0.8,0.5,11,4,iv2_0011265,806.0,838.0,32.0,False,False,realcartest_event_0037
cils_craq_lite,80,0.9,0.5,11,4,iv2_0011265,806.0,838.0,32.0,False,False,realcartest_event_0037
cils_craq_lite,80,0.8,0.5,11,5,iv2_0007576,250.0,266.0,16.0,False,False,realcartest_event_0026
cils_craq_lite,80,0.9,0.5,11,5,iv2_0007576,250.0,266.0,16.0,False,False,realcartest_event_0026
cils_craq_lite,80,0.8,0.5,11,6,iv2_0007330,768.0,784.0,16.0,False,False,realcartest_event_0034
cils_craq_lite,80,0.9,0.5,11,6,iv2_0007330,768.0,784.0,16.0,False,False,realcartest_event_0034
cils_craq_lite,80,0.8,0.5,11,7,iv2_0007594,1018.0,1034.0,16.0,False,False,
cils_craq_lite,80,0.9,0.5,11,7,iv2_0007594,1018.0,1034.0,16.0,False,False,
cils_craq_lite,80,0.8,0.5,11,8,iv2_0011686,872.0,900.0,28.0,False,False,realcartest_event_0037
cils_craq_lite,80,0.9,0.5,11,8,iv2_0011686,872.0,900.0,28.0,False,False,realcartest_event_0037
cils_craq_lite,80,0.8,0.5,11,9,iv2_0007077,494.0,506.0,12.0,True,False,realcartest_event_0029
cils_craq_lite,80,0.9,0.5,11,9,iv2_0007077,494.0,506.0,12.0,True,False,realcartest_event_0029
cils_craq_lite,80,0.8,0.5,11,10,iv2_0007522,468.0,484.0,16.0,False,False,
cils_craq_lite,80,0.9,0.5,11,10,iv2_0007522,468.0,484.0,16.0,False,False,
cils_craq_lite,80,0.8,0.5,11,11,iv2_0007161,670.0,682.0,12.0,False,False,
cils_craq_lite,80,0.9,0.5,11,11,iv2_0007161,670.0,682.0,12.0,False,False,
cils_craq_lite,80,0.8,0.5,11,12,iv2_0011576,680.0,720.0,40.0,False,False,realcartest_event_0033
cils_craq_lite,80,0.9,0.5,11,12,iv2_0011576,680.0,720.0,40.0,False,False,realcartest_event_0033
cils_craq_lite,80,0.8,0.5,11,13,iv2_0004233,486.0,498.0,12.0,True,True,realcartest_event_0029
cils_craq_lite,80,0.9,0.5,11,13,iv2_0004233,486.0,498.0,12.0,True,True,realcartest_event_0029
cils_craq_lite,80,0.8,0.5,11,14,iv2_0007143,554.0,566.0,12.0,False,False,realcartest_event_0031
cils_craq_lite,80,0.9,0.5,11,14,iv2_0007143,554.0,566.0,12.0,False,False,realcartest_event_0031
cils_craq_lite,80,0.8,0.5,11,15,iv2_0007215,662.0,674.0,12.0,False,False,
cils_craq_lite,80,0.9,0.5,11,15,iv2_0007215,662.0,674.0,12.0,False,False,
cils_craq_lite,80,0.8,0.5,11,16,iv2_0007155,796.0,808.0,12.0,False,False,
cils_craq_lite,80,0.9,0.5,11,16,iv2_0007155,796.0,808.0,12.0,False,False,
cils_craq_lite,80,0.8,0.5,11,17,iv2_0005937,758.0,770.0,12.0,True,True,realcartest_event_0034
cils_craq_lite,80,0.9,0.5,11,17,iv2_0005937,758.0,770.0,12.0,True,True,realcartest_event_0034
cils_craq_lite,80,0.8,0.5,11,18,iv2_0011323,1024.0,1064.0,40.0,False,False,realcartest_event_0040
cils_craq_lite,80,0.9,0.5,11,18,iv2_0011323,1024.0,1064.0,40.0,False,False,realcartest_event_0040
cils_craq_lite,80,0.8,0.5,11,19,iv2_0007683,924.0,936.0,12.0,False,False,
cils_craq_lite,80,0.9,0.5,11,19,iv2_0007683,924.0,936.0,12.0,False,False,
cils_craq_lite,80,0.8,0.5,11,20,iv2_0007257,1030.0,1042.0,12.0,False,False,
cils_craq_lite,80,0.9,0.5,11,20,iv2_0007257,1030.0,1042.0,12.0,False,False,
cils_craq_lite,80,0.8,0.6,11,1,iv2_0005920,850.0,866.0,16.0,True,False,realcartest_event_0037
cils_craq_lite,80,0.9,0.6,11,1,iv2_0005920,850.0,866.0,16.0,True,False,realcartest_event_0037
cils_craq_lite,80,0.8,0.6,11,2,iv2_0004318,544.0,560.0,16.0,False,False,
cils_craq_lite,80,0.9,0.6,11,2,iv2_0004318,544.0,560.0,16.0,False,False,
cils_craq_lite,80,0.8,0.6,11,3,iv2_0007360,638.0,654.0,16.0,False,False,
cils_craq_lite,80,0.9,0.6,11,3,iv2_0007360,638.0,654.0,16.0,False,False,
cils_craq_lite,80,0.8,0.6,11,4,iv2_0007576,250.0,266.0,16.0,False,False,realcartest_event_0026
cils_craq_lite,80,0.9,0.6,11,4,iv2_0007576,250.0,266.0,16.0,False,False,realcartest_event_0026
cils_craq_lite,80,0.8,0.6,11,5,iv2_0007330,768.0,784.0,16.0,False,False,realcartest_event_0034
cils_craq_lite,80,0.9,0.6,11,5,iv2_0007330,768.0,784.0,16.0,False,False,realcartest_event_0034
cils_craq_lite,80,0.8,0.6,11,6,iv2_0007594,1018.0,1034.0,16.0,False,False,
cils_craq_lite,80,0.9,0.6,11,6,iv2_0007594,1018.0,1034.0,16.0,False,False,
cils_craq_lite,80,0.8,0.6,11,7,iv2_0007077,494.0,506.0,12.0,True,False,realcartest_event_0029
cils_craq_lite,80,0.9,0.6,11,7,iv2_0007077,494.0,506.0,12.0,True,False,realcartest_event_0029
cils_craq_lite,80,0.8,0.6,11,8,iv2_0004707,880.0,892.0,12.0,False,False,realcartest_event_0037
cils_craq_lite,80,0.9,0.6,11,8,iv2_0004707,880.0,892.0,12.0,False,False,realcartest_event_0037
cils_craq_lite,80,0.8,0.6,11,9,iv2_0007522,468.0,484.0,16.0,False,False,
cils_craq_lite,80,0.9,0.6,11,9,iv2_0007522,468.0,484.0,16.0,False,False,
cils_craq_lite,80,0.8,0.6,11,10,iv2_0007083,806.0,818.0,12.0,False,False,realcartest_event_0036
cils_craq_lite,80,0.9,0.6,11,10,iv2_0007083,806.0,818.0,12.0,False,False,realcartest_event_0036
cils_craq_lite,80,0.8,0.6,11,11,iv2_0007161,670.0,682.0,12.0,False,False,
cils_craq_lite,80,0.9,0.6,11,11,iv2_0007161,670.0,682.0,12.0,False,False,
cils_craq_lite,80,0.8,0.6,11,12,iv2_0004233,486.0,498.0,12.0,True,True,realcartest_event_0029
cils_craq_lite,80,0.9,0.6,11,12,iv2_0004233,486.0,498.0,12.0,True,True,realcartest_event_0029
cils_craq_lite,80,0.8,0.6,11,13,iv2_0007143,554.0,566.0,12.0,False,False,realcartest_event_0031
cils_craq_lite,80,0.9,0.6,11,13,iv2_0007143,554.0,566.0,12.0,False,False,realcartest_event_0031
cils_craq_lite,80,0.8,0.6,11,14,iv2_0007215,662.0,674.0,12.0,False,False,
cils_craq_lite,80,0.9,0.6,11,14,iv2_0007215,662.0,674.0,12.0,False,False,
cils_craq_lite,80,0.8,0.6,11,15,iv2_0007155,796.0,808.0,12.0,False,False,
cils_craq_lite,80,0.9,0.6,11,15,iv2_0007155,796.0,808.0,12.0,False,False,
cils_craq_lite,80,0.8,0.6,11,16,iv2_0005937,758.0,770.0,12.0,True,True,realcartest_event_0034
cils_craq_lite,80,0.9,0.6,11,16,iv2_0005937,758.0,770.0,12.0,True,True,realcartest_event_0034
cils_craq_lite,80,0.8,0.6,11,17,iv2_0011323,1024.0,1064.0,40.0,False,False,realcartest_event_0040
cils_craq_lite,80,0.9,0.6,11,17,iv2_0011323,1024.0,1064.0,40.0,False,False,realcartest_event_0040
cils_craq_lite,80,0.8,0.6,11,18,iv2_0007683,924.0,936.0,12.0,False,False,
cils_craq_lite,80,0.9,0.6,11,18,iv2_0007683,924.0,936.0,12.0,False,False,
cils_craq_lite,80,0.8,0.6,11,19,iv2_0007257,1030.0,1042.0,12.0,False,False,
cils_craq_lite,80,0.9,0.6,11,19,iv2_0007257,1030.0,1042.0,12.0,False,False,
cils_craq_lite,80,0.8,0.6,11,20,iv2_0004419,276.0,288.0,12.0,False,False,
cils_craq_lite,80,0.9,0.6,11,20,iv2_0004419,276.0,288.0,12.0,False,False,
cils_craq_lite,80,0.8,0.6,11,21,iv2_0007377,618.0,630.0,12.0,False,False,
cils_craq_lite,80,0.9,0.6,11,21,iv2_0007377,618.0,630.0,12.0,False,False,
cils_craq_lite,80,0.8,0.6,11,22,iv2_0004275,1060.0,1072.0,12.0,False,False,realcartest_event_0040
cils_craq_lite,80,0.9,0.6,11,22,iv2_0004275,1060.0,1072.0,12.0,False,False,realcartest_event_0040
cils_craq_lite,80,0.8,0.6,11,23,iv2_0004251,984.0,996.0,12.0,False,False,
cils_craq_lite,80,0.9,0.6,11,23,iv2_0004251,984.0,996.0,12.0,False,False,
cils_craq_lite,80,0.8,0.6,11,24,iv2_0007269,888.0,900.0,12.0,False,False,
cils_craq_lite,80,0.9,0.6,11,24,iv2_0007269,888.0,900.0,12.0,False,False,
cils_craq_lite,80,0.8,0.6,11,25,iv2_0007695,354.0,366.0,12.0,False,False,
cils_craq_lite,80,0.9,0.6,11,25,iv2_0007695,354.0,366.0,12.0,False,False,
cils_craq_lite,80,0.8,0.5,12,1,iv2_0005920,850.0,866.0,16.0,True,False,realcartest_event_0037
cils_craq_lite,80,0.9,0.5,12,1,iv2_0005920,850.0,866.0,16.0,True,False,realcartest_event_0037
cils_craq_lite,80,0.8,0.5,12,2,iv2_0004318,544.0,560.0,16.0,False,False,
cils_craq_lite,80,0.9,0.5,12,2,iv2_0004318,544.0,560.0,16.0,False,False,
cils_craq_lite,80,0.8,0.5,12,3,iv2_0007360,638.0,654.0,16.0,False,False,
cils_craq_lite,80,0.9,0.5,12,3,iv2_0007360,638.0,654.0,16.0,False,False,
cils_craq_lite,80,0.8,0.5,12,4,iv2_0011265,806.0,838.0,32.0,False,False,realcartest_event_0037
cils_craq_lite,80,0.9,0.5,12,4,iv2_0011265,806.0,838.0,32.0,False,False,realcartest_event_0037
cils_craq_lite,80,0.8,0.5,12,5,iv2_0007576,250.0,266.0,16.0,False,False,realcartest_event_0026
cils_craq_lite,80,0.9,0.5,12,5,iv2_0007576,250.0,266.0,16.0,False,False,realcartest_event_0026
cils_craq_lite,80,0.8,0.5,12,6,iv2_0007330,768.0,784.0,16.0,False,False,realcartest_event_0034
cils_craq_lite,80,0.9,0.5,12,6,iv2_0007330,768.0,784.0,16.0,False,False,realcartest_event_0034
cils_craq_lite,80,0.8,0.5,12,7,iv2_0007594,1018.0,1034.0,16.0,False,False,
cils_craq_lite,80,0.9,0.5,12,7,iv2_0007594,1018.0,1034.0,16.0,False,False,
cils_craq_lite,80,0.8,0.5,12,8,iv2_0011686,872.0,900.0,28.0,False,False,realcartest_event_0037
cils_craq_lite,80,0.9,0.5,12,8,iv2_0011686,872.0,900.0,28.0,False,False,realcartest_event_0037
cils_craq_lite,80,0.8,0.5,12,9,iv2_0007077,494.0,506.0,12.0,True,False,realcartest_event_0029
cils_craq_lite,80,0.9,0.5,12,9,iv2_0007077,494.0,506.0,12.0,True,False,realcartest_event_0029
cils_craq_lite,80,0.8,0.5,12,10,iv2_0007522,468.0,484.0,16.0,False,False,
cils_craq_lite,80,0.9,0.5,12,10,iv2_0007522,468.0,484.0,16.0,False,False,
cils_craq_lite,80,0.8,0.5,12,11,iv2_0007161,670.0,682.0,12.0,False,False,
cils_craq_lite,80,0.9,0.5,12,11,iv2_0007161,670.0,682.0,12.0,False,False,
cils_craq_lite,80,0.8,0.5,12,12,iv2_0011576,680.0,720.0,40.0,False,False,realcartest_event_0033
cils_craq_lite,80,0.9,0.5,12,12,iv2_0011576,680.0,720.0,40.0,False,False,realcartest_event_0033
cils_craq_lite,80,0.8,0.5,12,13,iv2_0004233,486.0,498.0,12.0,True,True,realcartest_event_0029
cils_craq_lite,80,0.9,0.5,12,13,iv2_0004233,486.0,498.0,12.0,True,True,realcartest_event_0029
cils_craq_lite,80,0.8,0.5,12,14,iv2_0007143,554.0,566.0,12.0,False,False,realcartest_event_0031
cils_craq_lite,80,0.9,0.5,12,14,iv2_0007143,554.0,566.0,12.0,False,False,realcartest_event_0031
cils_craq_lite,80,0.8,0.5,12,15,iv2_0007215,662.0,674.0,12.0,False,False,
cils_craq_lite,80,0.9,0.5,12,15,iv2_0007215,662.0,674.0,12.0,False,False,
cils_craq_lite,80,0.8,0.5,12,16,iv2_0007155,796.0,808.0,12.0,False,False,
cils_craq_lite,80,0.9,0.5,12,16,iv2_0007155,796.0,808.0,12.0,False,False,
cils_craq_lite,80,0.8,0.5,12,17,iv2_0005937,758.0,770.0,12.0,True,True,realcartest_event_0034
cils_craq_lite,80,0.9,0.5,12,17,iv2_0005937,758.0,770.0,12.0,True,True,realcartest_event_0034
cils_craq_lite,80,0.8,0.5,12,18,iv2_0011323,1024.0,1064.0,40.0,False,False,realcartest_event_0040
cils_craq_lite,80,0.9,0.5,12,18,iv2_0011323,1024.0,1064.0,40.0,False,False,realcartest_event_0040
cils_craq_lite,80,0.8,0.5,12,19,iv2_0007683,924.0,936.0,12.0,False,False,
cils_craq_lite,80,0.9,0.5,12,19,iv2_0007683,924.0,936.0,12.0,False,False,
cils_craq_lite,80,0.8,0.5,12,20,iv2_0007257,1030.0,1042.0,12.0,False,False,
cils_craq_lite,80,0.9,0.5,12,20,iv2_0007257,1030.0,1042.0,12.0,False,False,
cils_craq_lite,80,0.8,0.6,12,1,iv2_0005920,850.0,866.0,16.0,True,False,realcartest_event_0037
cils_craq_lite,80,0.9,0.6,12,1,iv2_0005920,850.0,866.0,16.0,True,False,realcartest_event_0037
cils_craq_lite,80,0.8,0.6,12,2,iv2_0004318,544.0,560.0,16.0,False,False,
cils_craq_lite,80,0.9,0.6,12,2,iv2_0004318,544.0,560.0,16.0,False,False,
cils_craq_lite,80,0.8,0.6,12,3,iv2_0007360,638.0,654.0,16.0,False,False,
cils_craq_lite,80,0.9,0.6,12,3,iv2_0007360,638.0,654.0,16.0,False,False,
cils_craq_lite,80,0.8,0.6,12,4,iv2_0007576,250.0,266.0,16.0,False,False,realcartest_event_0026
cils_craq_lite,80,0.9,0.6,12,4,iv2_0007576,250.0,266.0,16.0,False,False,realcartest_event_0026
cils_craq_lite,80,0.8,0.6,12,5,iv2_0007330,768.0,784.0,16.0,False,False,realcartest_event_0034
cils_craq_lite,80,0.9,0.6,12,5,iv2_0007330,768.0,784.0,16.0,False,False,realcartest_event_0034
cils_craq_lite,80,0.8,0.6,12,6,iv2_0007594,1018.0,1034.0,16.0,False,False,
cils_craq_lite,80,0.9,0.6,12,6,iv2_0007594,1018.0,1034.0,16.0,False,False,
cils_craq_lite,80,0.8,0.6,12,7,iv2_0007077,494.0,506.0,12.0,True,False,realcartest_event_0029
cils_craq_lite,80,0.9,0.6,12,7,iv2_0007077,494.0,506.0,12.0,True,False,realcartest_event_0029
cils_craq_lite,80,0.8,0.6,12,8,iv2_0004707,880.0,892.0,12.0,False,False,realcartest_event_0037
cils_craq_lite,80,0.9,0.6,12,8,iv2_0004707,880.0,892.0,12.0,False,False,realcartest_event_0037
cils_craq_lite,80,0.8,0.6,12,9,iv2_0007522,468.0,484.0,16.0,False,False,
cils_craq_lite,80,0.9,0.6,12,9,iv2_0007522,468.0,484.0,16.0,False,False,
cils_craq_lite,80,0.8,0.6,12,10,iv2_0007083,806.0,818.0,12.0,False,False,realcartest_event_0036
cils_craq_lite,80,0.9,0.6,12,10,iv2_0007083,806.0,818.0,12.0,False,False,realcartest_event_0036
cils_craq_lite,80,0.8,0.6,12,11,iv2_0007161,670.0,682.0,12.0,False,False,
cils_craq_lite,80,0.9,0.6,12,11,iv2_0007161,670.0,682.0,12.0,False,False,
cils_craq_lite,80,0.8,0.6,12,12,iv2_0004233,486.0,498.0,12.0,True,True,realcartest_event_0029
cils_craq_lite,80,0.9,0.6,12,12,iv2_0004233,486.0,498.0,12.0,True,True,realcartest_event_0029
cils_craq_lite,80,0.8,0.6,12,13,iv2_0007143,554.0,566.0,12.0,False,False,realcartest_event_0031
cils_craq_lite,80,0.9,0.6,12,13,iv2_0007143,554.0,566.0,12.0,False,False,realcartest_event_0031
cils_craq_lite,80,0.8,0.6,12,14,iv2_0007215,662.0,674.0,12.0,False,False,
cils_craq_lite,80,0.9,0.6,12,14,iv2_0007215,662.0,674.0,12.0,False,False,
cils_craq_lite,80,0.8,0.6,12,15,iv2_0007155,796.0,808.0,12.0,False,False,
cils_craq_lite,80,0.9,0.6,12,15,iv2_0007155,796.0,808.0,12.0,False,False,
cils_craq_lite,80,0.8,0.6,12,16,iv2_0005937,758.0,770.0,12.0,True,True,realcartest_event_0034
cils_craq_lite,80,0.9,0.6,12,16,iv2_0005937,758.0,770.0,12.0,True,True,realcartest_event_0034
cils_craq_lite,80,0.8,0.6,12,17,iv2_0011323,1024.0,1064.0,40.0,False,False,realcartest_event_0040
cils_craq_lite,80,0.9,0.6,12,17,iv2_0011323,1024.0,1064.0,40.0,False,False,realcartest_event_0040
cils_craq_lite,80,0.8,0.6,12,18,iv2_0007683,924.0,936.0,12.0,False,False,
cils_craq_lite,80,0.9,0.6,12,18,iv2_0007683,924.0,936.0,12.0,False,False,
cils_craq_lite,80,0.8,0.6,12,19,iv2_0007257,1030.0,1042.0,12.0,False,False,
cils_craq_lite,80,0.9,0.6,12,19,iv2_0007257,1030.0,1042.0,12.0,False,False,
cils_craq_lite,80,0.8,0.6,12,20,iv2_0004419,276.0,288.0,12.0,False,False,
cils_craq_lite,80,0.9,0.6,12,20,iv2_0004419,276.0,288.0,12.0,False,False,
cils_craq_lite,80,0.8,0.6,12,21,iv2_0007377,618.0,630.0,12.0,False,False,
cils_craq_lite,80,0.9,0.6,12,21,iv2_0007377,618.0,630.0,12.0,False,False,
cils_craq_lite,80,0.8,0.6,12,22,iv2_0004275,1060.0,1072.0,12.0,False,False,realcartest_event_0040
cils_craq_lite,80,0.9,0.6,12,22,iv2_0004275,1060.0,1072.0,12.0,False,False,realcartest_event_0040
cils_craq_lite,80,0.8,0.6,12,23,iv2_0004251,984.0,996.0,12.0,False,False,
cils_craq_lite,80,0.9,0.6,12,23,iv2_0004251,984.0,996.0,12.0,False,False,
cils_craq_lite,80,0.8,0.6,12,24,iv2_0007269,888.0,900.0,12.0,False,False,
cils_craq_lite,80,0.9,0.6,12,24,iv2_0007269,888.0,900.0,12.0,False,False,
cils_craq_lite,80,0.8,0.6,12,25,iv2_0007695,354.0,366.0,12.0,False,False,
cils_craq_lite,80,0.9,0.6,12,25,iv2_0007695,354.0,366.0,12.0,False,False,
cils_craq_lite,80,0.8,0.5,13,1,iv2_0005920,850.0,866.0,16.0,True,False,realcartest_event_0037
cils_craq_lite,80,0.9,0.5,13,1,iv2_0005920,850.0,866.0,16.0,True,False,realcartest_event_0037
cils_craq_lite,80,0.8,0.5,13,2,iv2_0004318,544.0,560.0,16.0,False,False,
cils_craq_lite,80,0.9,0.5,13,2,iv2_0004318,544.0,560.0,16.0,False,False,
cils_craq_lite,80,0.8,0.5,13,3,iv2_0007360,638.0,654.0,16.0,False,False,
cils_craq_lite,80,0.9,0.5,13,3,iv2_0007360,638.0,654.0,16.0,False,False,
cils_craq_lite,80,0.8,0.5,13,4,iv2_0011265,806.0,838.0,32.0,False,False,realcartest_event_0037
cils_craq_lite,80,0.9,0.5,13,4,iv2_0011265,806.0,838.0,32.0,False,False,realcartest_event_0037
cils_craq_lite,80,0.8,0.5,13,5,iv2_0007576,250.0,266.0,16.0,False,False,realcartest_event_0026
cils_craq_lite,80,0.9,0.5,13,5,iv2_0007576,250.0,266.0,16.0,False,False,realcartest_event_0026
cils_craq_lite,80,0.8,0.5,13,6,iv2_0007330,768.0,784.0,16.0,False,False,realcartest_event_0034
cils_craq_lite,80,0.9,0.5,13,6,iv2_0007330,768.0,784.0,16.0,False,False,realcartest_event_0034
cils_craq_lite,80,0.8,0.5,13,7,iv2_0007594,1018.0,1034.0,16.0,False,False,
cils_craq_lite,80,0.9,0.5,13,7,iv2_0007594,1018.0,1034.0,16.0,False,False,
cils_craq_lite,80,0.8,0.5,13,8,iv2_0011686,872.0,900.0,28.0,False,False,realcartest_event_0037
cils_craq_lite,80,0.9,0.5,13,8,iv2_0011686,872.0,900.0,28.0,False,False,realcartest_event_0037
cils_craq_lite,80,0.8,0.5,13,9,iv2_0007077,494.0,506.0,12.0,True,False,realcartest_event_0029
cils_craq_lite,80,0.9,0.5,13,9,iv2_0007077,494.0,506.0,12.0,True,False,realcartest_event_0029
cils_craq_lite,80,0.8,0.5,13,10,iv2_0007522,468.0,484.0,16.0,False,False,
cils_craq_lite,80,0.9,0.5,13,10,iv2_0007522,468.0,484.0,16.0,False,False,
cils_craq_lite,80,0.8,0.5,13,11,iv2_0007161,670.0,682.0,12.0,False,False,
cils_craq_lite,80,0.9,0.5,13,11,iv2_0007161,670.0,682.0,12.0,False,False,
cils_craq_lite,80,0.8,0.5,13,12,iv2_0011576,680.0,720.0,40.0,False,False,realcartest_event_0033
cils_craq_lite,80,0.9,0.5,13,12,iv2_0011576,680.0,720.0,40.0,False,False,realcartest_event_0033
cils_craq_lite,80,0.8,0.5,13,13,iv2_0004233,486.0,498.0,12.0,True,True,realcartest_event_0029
cils_craq_lite,80,0.9,0.5,13,13,iv2_0004233,486.0,498.0,12.0,True,True,realcartest_event_0029
cils_craq_lite,80,0.8,0.5,13,14,iv2_0007143,554.0,566.0,12.0,False,False,realcartest_event_0031
cils_craq_lite,80,0.9,0.5,13,14,iv2_0007143,554.0,566.0,12.0,False,False,realcartest_event_0031
cils_craq_lite,80,0.8,0.5,13,15,iv2_0007215,662.0,674.0,12.0,False,False,
cils_craq_lite,80,0.9,0.5,13,15,iv2_0007215,662.0,674.0,12.0,False,False,
cils_craq_lite,80,0.8,0.5,13,16,iv2_0007155,796.0,808.0,12.0,False,False,
cils_craq_lite,80,0.9,0.5,13,16,iv2_0007155,796.0,808.0,12.0,False,False,
cils_craq_lite,80,0.8,0.5,13,17,iv2_0005937,758.0,770.0,12.0,True,True,realcartest_event_0034
cils_craq_lite,80,0.9,0.5,13,17,iv2_0005937,758.0,770.0,12.0,True,True,realcartest_event_0034
cils_craq_lite,80,0.8,0.5,13,18,iv2_0011323,1024.0,1064.0,40.0,False,False,realcartest_event_0040
cils_craq_lite,80,0.9,0.5,13,18,iv2_0011323,1024.0,1064.0,40.0,False,False,realcartest_event_0040
cils_craq_lite,80,0.8,0.5,13,19,iv2_0007683,924.0,936.0,12.0,False,False,
cils_craq_lite,80,0.9,0.5,13,19,iv2_0007683,924.0,936.0,12.0,False,False,
cils_craq_lite,80,0.8,0.5,13,20,iv2_0007257,1030.0,1042.0,12.0,False,False,
cils_craq_lite,80,0.9,0.5,13,20,iv2_0007257,1030.0,1042.0,12.0,False,False,
cils_craq_lite,80,0.8,0.6,13,1,iv2_0005920,850.0,866.0,16.0,True,False,realcartest_event_0037
cils_craq_lite,80,0.9,0.6,13,1,iv2_0005920,850.0,866.0,16.0,True,False,realcartest_event_0037
cils_craq_lite,80,0.8,0.6,13,2,iv2_0004318,544.0,560.0,16.0,False,False,
cils_craq_lite,80,0.9,0.6,13,2,iv2_0004318,544.0,560.0,16.0,False,False,
cils_craq_lite,80,0.8,0.6,13,3,iv2_0007360,638.0,654.0,16.0,False,False,
cils_craq_lite,80,0.9,0.6,13,3,iv2_0007360,638.0,654.0,16.0,False,False,
cils_craq_lite,80,0.8,0.6,13,4,iv2_0007576,250.0,266.0,16.0,False,False,realcartest_event_0026
cils_craq_lite,80,0.9,0.6,13,4,iv2_0007576,250.0,266.0,16.0,False,False,realcartest_event_0026
cils_craq_lite,80,0.8,0.6,13,5,iv2_0007330,768.0,784.0,16.0,False,False,realcartest_event_0034
cils_craq_lite,80,0.9,0.6,13,5,iv2_0007330,768.0,784.0,16.0,False,False,realcartest_event_0034
cils_craq_lite,80,0.8,0.6,13,6,iv2_0007594,1018.0,1034.0,16.0,False,False,
cils_craq_lite,80,0.9,0.6,13,6,iv2_0007594,1018.0,1034.0,16.0,False,False,
cils_craq_lite,80,0.8,0.6,13,7,iv2_0007077,494.0,506.0,12.0,True,False,realcartest_event_0029
cils_craq_lite,80,0.9,0.6,13,7,iv2_0007077,494.0,506.0,12.0,True,False,realcartest_event_0029
cils_craq_lite,80,0.8,0.6,13,8,iv2_0004707,880.0,892.0,12.0,False,False,realcartest_event_0037
cils_craq_lite,80,0.9,0.6,13,8,iv2_0004707,880.0,892.0,12.0,False,False,realcartest_event_0037
cils_craq_lite,80,0.8,0.6,13,9,iv2_0007522,468.0,484.0,16.0,False,False,
cils_craq_lite,80,0.9,0.6,13,9,iv2_0007522,468.0,484.0,16.0,False,False,
cils_craq_lite,80,0.8,0.6,13,10,iv2_0007083,806.0,818.0,12.0,False,False,realcartest_event_0036
cils_craq_lite,80,0.9,0.6,13,10,iv2_0007083,806.0,818.0,12.0,False,False,realcartest_event_0036
cils_craq_lite,80,0.8,0.6,13,11,iv2_0007161,670.0,682.0,12.0,False,False,
cils_craq_lite,80,0.9,0.6,13,11,iv2_0007161,670.0,682.0,12.0,False,False,
cils_craq_lite,80,0.8,0.6,13,12,iv2_0004233,486.0,498.0,12.0,True,True,realcartest_event_0029
cils_craq_lite,80,0.9,0.6,13,12,iv2_0004233,486.0,498.0,12.0,True,True,realcartest_event_0029
cils_craq_lite,80,0.8,0.6,13,13,iv2_0007143,554.0,566.0,12.0,False,False,realcartest_event_0031
cils_craq_lite,80,0.9,0.6,13,13,iv2_0007143,554.0,566.0,12.0,False,False,realcartest_event_0031
cils_craq_lite,80,0.8,0.6,13,14,iv2_0007215,662.0,674.0,12.0,False,False,
cils_craq_lite,80,0.9,0.6,13,14,iv2_0007215,662.0,674.0,12.0,False,False,
cils_craq_lite,80,0.8,0.6,13,15,iv2_0007155,796.0,808.0,12.0,False,False,
cils_craq_lite,80,0.9,0.6,13,15,iv2_0007155,796.0,808.0,12.0,False,False,
cils_craq_lite,80,0.8,0.6,13,16,iv2_0005937,758.0,770.0,12.0,True,True,realcartest_event_0034
cils_craq_lite,80,0.9,0.6,13,16,iv2_0005937,758.0,770.0,12.0,True,True,realcartest_event_0034
cils_craq_lite,80,0.8,0.6,13,17,iv2_0011323,1024.0,1064.0,40.0,False,False,realcartest_event_0040
cils_craq_lite,80,0.9,0.6,13,17,iv2_0011323,1024.0,1064.0,40.0,False,False,realcartest_event_0040
cils_craq_lite,80,0.8,0.6,13,18,iv2_0007683,924.0,936.0,12.0,False,False,
cils_craq_lite,80,0.9,0.6,13,18,iv2_0007683,924.0,936.0,12.0,False,False,
cils_craq_lite,80,0.8,0.6,13,19,iv2_0007257,1030.0,1042.0,12.0,False,False,
cils_craq_lite,80,0.9,0.6,13,19,iv2_0007257,1030.0,1042.0,12.0,False,False,
cils_craq_lite,80,0.8,0.6,13,20,iv2_0004419,276.0,288.0,12.0,False,False,
cils_craq_lite,80,0.9,0.6,13,20,iv2_0004419,276.0,288.0,12.0,False,False,
cils_craq_lite,80,0.8,0.6,13,21,iv2_0007377,618.0,630.0,12.0,False,False,
cils_craq_lite,80,0.9,0.6,13,21,iv2_0007377,618.0,630.0,12.0,False,False,
cils_craq_lite,80,0.8,0.6,13,22,iv2_0004275,1060.0,1072.0,12.0,False,False,realcartest_event_0040
cils_craq_lite,80,0.9,0.6,13,22,iv2_0004275,1060.0,1072.0,12.0,False,False,realcartest_event_0040
cils_craq_lite,80,0.8,0.6,13,23,iv2_0004251,984.0,996.0,12.0,False,False,
cils_craq_lite,80,0.9,0.6,13,23,iv2_0004251,984.0,996.0,12.0,False,False,
cils_craq_lite,80,0.8,0.6,13,24,iv2_0007269,888.0,900.0,12.0,False,False,
cils_craq_lite,80,0.9,0.6,13,24,iv2_0007269,888.0,900.0,12.0,False,False,
cils_craq_lite,80,0.8,0.6,13,25,iv2_0007695,354.0,366.0,12.0,False,False,
cils_craq_lite,80,0.9,0.6,13,25,iv2_0007695,354.0,366.0,12.0,False,False,
cils_craq_lite,80,0.8,0.5,14,1,iv2_0005920,850.0,866.0,16.0,True,False,realcartest_event_0037
cils_craq_lite,80,0.9,0.5,14,1,iv2_0005920,850.0,866.0,16.0,True,False,realcartest_event_0037
cils_craq_lite,80,0.8,0.5,14,2,iv2_0004318,544.0,560.0,16.0,False,False,
cils_craq_lite,80,0.9,0.5,14,2,iv2_0004318,544.0,560.0,16.0,False,False,
cils_craq_lite,80,0.8,0.5,14,3,iv2_0007360,638.0,654.0,16.0,False,False,
cils_craq_lite,80,0.9,0.5,14,3,iv2_0007360,638.0,654.0,16.0,False,False,
cils_craq_lite,80,0.8,0.5,14,4,iv2_0011265,806.0,838.0,32.0,False,False,realcartest_event_0037
cils_craq_lite,80,0.9,0.5,14,4,iv2_0011265,806.0,838.0,32.0,False,False,realcartest_event_0037
cils_craq_lite,80,0.8,0.5,14,5,iv2_0007576,250.0,266.0,16.0,False,False,realcartest_event_0026
cils_craq_lite,80,0.9,0.5,14,5,iv2_0007576,250.0,266.0,16.0,False,False,realcartest_event_0026
cils_craq_lite,80,0.8,0.5,14,6,iv2_0007330,768.0,784.0,16.0,False,False,realcartest_event_0034
cils_craq_lite,80,0.9,0.5,14,6,iv2_0007330,768.0,784.0,16.0,False,False,realcartest_event_0034
cils_craq_lite,80,0.8,0.5,14,7,iv2_0007594,1018.0,1034.0,16.0,False,False,
cils_craq_lite,80,0.9,0.5,14,7,iv2_0007594,1018.0,1034.0,16.0,False,False,
cils_craq_lite,80,0.8,0.5,14,8,iv2_0011686,872.0,900.0,28.0,False,False,realcartest_event_0037
cils_craq_lite,80,0.9,0.5,14,8,iv2_0011686,872.0,900.0,28.0,False,False,realcartest_event_0037
cils_craq_lite,80,0.8,0.5,14,9,iv2_0007077,494.0,506.0,12.0,True,False,realcartest_event_0029
cils_craq_lite,80,0.9,0.5,14,9,iv2_0007077,494.0,506.0,12.0,True,False,realcartest_event_0029
cils_craq_lite,80,0.8,0.5,14,10,iv2_0007522,468.0,484.0,16.0,False,False,
cils_craq_lite,80,0.9,0.5,14,10,iv2_0007522,468.0,484.0,16.0,False,False,
cils_craq_lite,80,0.8,0.5,14,11,iv2_0007161,670.0,682.0,12.0,False,False,
cils_craq_lite,80,0.9,0.5,14,11,iv2_0007161,670.0,682.0,12.0,False,False,
cils_craq_lite,80,0.8,0.5,14,12,iv2_0011576,680.0,720.0,40.0,False,False,realcartest_event_0033
cils_craq_lite,80,0.9,0.5,14,12,iv2_0011576,680.0,720.0,40.0,False,False,realcartest_event_0033
cils_craq_lite,80,0.8,0.5,14,13,iv2_0004233,486.0,498.0,12.0,True,True,realcartest_event_0029
cils_craq_lite,80,0.9,0.5,14,13,iv2_0004233,486.0,498.0,12.0,True,True,realcartest_event_0029
cils_craq_lite,80,0.8,0.5,14,14,iv2_0007143,554.0,566.0,12.0,False,False,realcartest_event_0031
cils_craq_lite,80,0.9,0.5,14,14,iv2_0007143,554.0,566.0,12.0,False,False,realcartest_event_0031
cils_craq_lite,80,0.8,0.5,14,15,iv2_0007215,662.0,674.0,12.0,False,False,
cils_craq_lite,80,0.9,0.5,14,15,iv2_0007215,662.0,674.0,12.0,False,False,
cils_craq_lite,80,0.8,0.5,14,16,iv2_0007155,796.0,808.0,12.0,False,False,
cils_craq_lite,80,0.9,0.5,14,16,iv2_0007155,796.0,808.0,12.0,False,False,
cils_craq_lite,80,0.8,0.5,14,17,iv2_0005937,758.0,770.0,12.0,True,True,realcartest_event_0034
cils_craq_lite,80,0.9,0.5,14,17,iv2_0005937,758.0,770.0,12.0,True,True,realcartest_event_0034
cils_craq_lite,80,0.8,0.5,14,18,iv2_0011323,1024.0,1064.0,40.0,False,False,realcartest_event_0040
cils_craq_lite,80,0.9,0.5,14,18,iv2_0011323,1024.0,1064.0,40.0,False,False,realcartest_event_0040
cils_craq_lite,80,0.8,0.5,14,19,iv2_0007683,924.0,936.0,12.0,False,False,
cils_craq_lite,80,0.9,0.5,14,19,iv2_0007683,924.0,936.0,12.0,False,False,
cils_craq_lite,80,0.8,0.5,14,20,iv2_0007257,1030.0,1042.0,12.0,False,False,
cils_craq_lite,80,0.9,0.5,14,20,iv2_0007257,1030.0,1042.0,12.0,False,False,
cils_craq_lite,80,0.8,0.6,14,1,iv2_0005920,850.0,866.0,16.0,True,False,realcartest_event_0037
cils_craq_lite,80,0.9,0.6,14,1,iv2_0005920,850.0,866.0,16.0,True,False,realcartest_event_0037
cils_craq_lite,80,0.8,0.6,14,2,iv2_0004318,544.0,560.0,16.0,False,False,
cils_craq_lite,80,0.9,0.6,14,2,iv2_0004318,544.0,560.0,16.0,False,False,
cils_craq_lite,80,0.8,0.6,14,3,iv2_0007360,638.0,654.0,16.0,False,False,
cils_craq_lite,80,0.9,0.6,14,3,iv2_0007360,638.0,654.0,16.0,False,False,
cils_craq_lite,80,0.8,0.6,14,4,iv2_0007576,250.0,266.0,16.0,False,False,realcartest_event_0026
cils_craq_lite,80,0.9,0.6,14,4,iv2_0007576,250.0,266.0,16.0,False,False,realcartest_event_0026
cils_craq_lite,80,0.8,0.6,14,5,iv2_0007330,768.0,784.0,16.0,False,False,realcartest_event_0034
cils_craq_lite,80,0.9,0.6,14,5,iv2_0007330,768.0,784.0,16.0,False,False,realcartest_event_0034
cils_craq_lite,80,0.8,0.6,14,6,iv2_0007594,1018.0,1034.0,16.0,False,False,
cils_craq_lite,80,0.9,0.6,14,6,iv2_0007594,1018.0,1034.0,16.0,False,False,
cils_craq_lite,80,0.8,0.6,14,7,iv2_0007077,494.0,506.0,12.0,True,False,realcartest_event_0029
cils_craq_lite,80,0.9,0.6,14,7,iv2_0007077,494.0,506.0,12.0,True,False,realcartest_event_0029
cils_craq_lite,80,0.8,0.6,14,8,iv2_0004707,880.0,892.0,12.0,False,False,realcartest_event_0037
cils_craq_lite,80,0.9,0.6,14,8,iv2_0004707,880.0,892.0,12.0,False,False,realcartest_event_0037
cils_craq_lite,80,0.8,0.6,14,9,iv2_0007522,468.0,484.0,16.0,False,False,
cils_craq_lite,80,0.9,0.6,14,9,iv2_0007522,468.0,484.0,16.0,False,False,
cils_craq_lite,80,0.8,0.6,14,10,iv2_0007083,806.0,818.0,12.0,False,False,realcartest_event_0036
cils_craq_lite,80,0.9,0.6,14,10,iv2_0007083,806.0,818.0,12.0,False,False,realcartest_event_0036
cils_craq_lite,80,0.8,0.6,14,11,iv2_0007161,670.0,682.0,12.0,False,False,
cils_craq_lite,80,0.9,0.6,14,11,iv2_0007161,670.0,682.0,12.0,False,False,
cils_craq_lite,80,0.8,0.6,14,12,iv2_0004233,486.0,498.0,12.0,True,True,realcartest_event_0029
cils_craq_lite,80,0.9,0.6,14,12,iv2_0004233,486.0,498.0,12.0,True,True,realcartest_event_0029
cils_craq_lite,80,0.8,0.6,14,13,iv2_0007143,554.0,566.0,12.0,False,False,realcartest_event_0031
cils_craq_lite,80,0.9,0.6,14,13,iv2_0007143,554.0,566.0,12.0,False,False,realcartest_event_0031
cils_craq_lite,80,0.8,0.6,14,14,iv2_0007215,662.0,674.0,12.0,False,False,
cils_craq_lite,80,0.9,0.6,14,14,iv2_0007215,662.0,674.0,12.0,False,False,
cils_craq_lite,80,0.8,0.6,14,15,iv2_0007155,796.0,808.0,12.0,False,False,
cils_craq_lite,80,0.9,0.6,14,15,iv2_0007155,796.0,808.0,12.0,False,False,
cils_craq_lite,80,0.8,0.6,14,16,iv2_0005937,758.0,770.0,12.0,True,True,realcartest_event_0034
cils_craq_lite,80,0.9,0.6,14,16,iv2_0005937,758.0,770.0,12.0,True,True,realcartest_event_0034
cils_craq_lite,80,0.8,0.6,14,17,iv2_0011323,1024.0,1064.0,40.0,False,False,realcartest_event_0040
cils_craq_lite,80,0.9,0.6,14,17,iv2_0011323,1024.0,1064.0,40.0,False,False,realcartest_event_0040
cils_craq_lite,80,0.8,0.6,14,18,iv2_0007683,924.0,936.0,12.0,False,False,
cils_craq_lite,80,0.9,0.6,14,18,iv2_0007683,924.0,936.0,12.0,False,False,
cils_craq_lite,80,0.8,0.6,14,19,iv2_0007257,1030.0,1042.0,12.0,False,False,
cils_craq_lite,80,0.9,0.6,14,19,iv2_0007257,1030.0,1042.0,12.0,False,False,
cils_craq_lite,80,0.8,0.6,14,20,iv2_0004419,276.0,288.0,12.0,False,False,
cils_craq_lite,80,0.9,0.6,14,20,iv2_0004419,276.0,288.0,12.0,False,False,
cils_craq_lite,80,0.8,0.6,14,21,iv2_0007377,618.0,630.0,12.0,False,False,
cils_craq_lite,80,0.9,0.6,14,21,iv2_0007377,618.0,630.0,12.0,False,False,
cils_craq_lite,80,0.8,0.6,14,22,iv2_0004275,1060.0,1072.0,12.0,False,False,realcartest_event_0040
cils_craq_lite,80,0.9,0.6,14,22,iv2_0004275,1060.0,1072.0,12.0,False,False,realcartest_event_0040
cils_craq_lite,80,0.8,0.6,14,23,iv2_0004251,984.0,996.0,12.0,False,False,
cils_craq_lite,80,0.9,0.6,14,23,iv2_0004251,984.0,996.0,12.0,False,False,
cils_craq_lite,80,0.8,0.6,14,24,iv2_0007269,888.0,900.0,12.0,False,False,
cils_craq_lite,80,0.9,0.6,14,24,iv2_0007269,888.0,900.0,12.0,False,False,
cils_craq_lite,80,0.8,0.6,14,25,iv2_0007695,354.0,366.0,12.0,False,False,
cils_craq_lite,80,0.9,0.6,14,25,iv2_0007695,354.0,366.0,12.0,False,False,
cils_craq_lite,80,0.8,0.5,15,1,iv2_0005920,850.0,866.0,16.0,True,False,realcartest_event_0037
cils_craq_lite,80,0.9,0.5,15,1,iv2_0005920,850.0,866.0,16.0,True,False,realcartest_event_0037
cils_craq_lite,80,0.8,0.5,15,2,iv2_0004318,544.0,560.0,16.0,False,False,
cils_craq_lite,80,0.9,0.5,15,2,iv2_0004318,544.0,560.0,16.0,False,False,
cils_craq_lite,80,0.8,0.5,15,3,iv2_0007360,638.0,654.0,16.0,False,False,
cils_craq_lite,80,0.9,0.5,15,3,iv2_0007360,638.0,654.0,16.0,False,False,
cils_craq_lite,80,0.8,0.5,15,4,iv2_0011265,806.0,838.0,32.0,False,False,realcartest_event_0037
cils_craq_lite,80,0.9,0.5,15,4,iv2_0011265,806.0,838.0,32.0,False,False,realcartest_event_0037
cils_craq_lite,80,0.8,0.5,15,5,iv2_0007576,250.0,266.0,16.0,False,False,realcartest_event_0026
cils_craq_lite,80,0.9,0.5,15,5,iv2_0007576,250.0,266.0,16.0,False,False,realcartest_event_0026
cils_craq_lite,80,0.8,0.5,15,6,iv2_0007330,768.0,784.0,16.0,False,False,realcartest_event_0034
cils_craq_lite,80,0.9,0.5,15,6,iv2_0007330,768.0,784.0,16.0,False,False,realcartest_event_0034
cils_craq_lite,80,0.8,0.5,15,7,iv2_0007594,1018.0,1034.0,16.0,False,False,
cils_craq_lite,80,0.9,0.5,15,7,iv2_0007594,1018.0,1034.0,16.0,False,False,
cils_craq_lite,80,0.8,0.5,15,8,iv2_0011686,872.0,900.0,28.0,False,False,realcartest_event_0037
cils_craq_lite,80,0.9,0.5,15,8,iv2_0011686,872.0,900.0,28.0,False,False,realcartest_event_0037
cils_craq_lite,80,0.8,0.5,15,9,iv2_0007077,494.0,506.0,12.0,True,False,realcartest_event_0029
cils_craq_lite,80,0.9,0.5,15,9,iv2_0007077,494.0,506.0,12.0,True,False,realcartest_event_0029
cils_craq_lite,80,0.8,0.5,15,10,iv2_0007522,468.0,484.0,16.0,False,False,
cils_craq_lite,80,0.9,0.5,15,10,iv2_0007522,468.0,484.0,16.0,False,False,
cils_craq_lite,80,0.8,0.5,15,11,iv2_0007161,670.0,682.0,12.0,False,False,
cils_craq_lite,80,0.9,0.5,15,11,iv2_0007161,670.0,682.0,12.0,False,False,
cils_craq_lite,80,0.8,0.5,15,12,iv2_0011576,680.0,720.0,40.0,False,False,realcartest_event_0033
cils_craq_lite,80,0.9,0.5,15,12,iv2_0011576,680.0,720.0,40.0,False,False,realcartest_event_0033
cils_craq_lite,80,0.8,0.5,15,13,iv2_0004233,486.0,498.0,12.0,True,True,realcartest_event_0029
cils_craq_lite,80,0.9,0.5,15,13,iv2_0004233,486.0,498.0,12.0,True,True,realcartest_event_0029
cils_craq_lite,80,0.8,0.5,15,14,iv2_0007143,554.0,566.0,12.0,False,False,realcartest_event_0031
cils_craq_lite,80,0.9,0.5,15,14,iv2_0007143,554.0,566.0,12.0,False,False,realcartest_event_0031
cils_craq_lite,80,0.8,0.5,15,15,iv2_0007215,662.0,674.0,12.0,False,False,
cils_craq_lite,80,0.9,0.5,15,15,iv2_0007215,662.0,674.0,12.0,False,False,
cils_craq_lite,80,0.8,0.5,15,16,iv2_0007155,796.0,808.0,12.0,False,False,
cils_craq_lite,80,0.9,0.5,15,16,iv2_0007155,796.0,808.0,12.0,False,False,
cils_craq_lite,80,0.8,0.5,15,17,iv2_0005937,758.0,770.0,12.0,True,True,realcartest_event_0034
cils_craq_lite,80,0.9,0.5,15,17,iv2_0005937,758.0,770.0,12.0,True,True,realcartest_event_0034
cils_craq_lite,80,0.8,0.5,15,18,iv2_0011323,1024.0,1064.0,40.0,False,False,realcartest_event_0040
cils_craq_lite,80,0.9,0.5,15,18,iv2_0011323,1024.0,1064.0,40.0,False,False,realcartest_event_0040
cils_craq_lite,80,0.8,0.5,15,19,iv2_0007683,924.0,936.0,12.0,False,False,
cils_craq_lite,80,0.9,0.5,15,19,iv2_0007683,924.0,936.0,12.0,False,False,
cils_craq_lite,80,0.8,0.5,15,20,iv2_0007257,1030.0,1042.0,12.0,False,False,
cils_craq_lite,80,0.9,0.5,15,20,iv2_0007257,1030.0,1042.0,12.0,False,False,
cils_craq_lite,80,0.8,0.6,15,1,iv2_0005920,850.0,866.0,16.0,True,False,realcartest_event_0037
cils_craq_lite,80,0.9,0.6,15,1,iv2_0005920,850.0,866.0,16.0,True,False,realcartest_event_0037
cils_craq_lite,80,0.8,0.6,15,2,iv2_0004318,544.0,560.0,16.0,False,False,
cils_craq_lite,80,0.9,0.6,15,2,iv2_0004318,544.0,560.0,16.0,False,False,
cils_craq_lite,80,0.8,0.6,15,3,iv2_0007360,638.0,654.0,16.0,False,False,
cils_craq_lite,80,0.9,0.6,15,3,iv2_0007360,638.0,654.0,16.0,False,False,
cils_craq_lite,80,0.8,0.6,15,4,iv2_0007576,250.0,266.0,16.0,False,False,realcartest_event_0026
cils_craq_lite,80,0.9,0.6,15,4,iv2_0007576,250.0,266.0,16.0,False,False,realcartest_event_0026
cils_craq_lite,80,0.8,0.6,15,5,iv2_0007330,768.0,784.0,16.0,False,False,realcartest_event_0034
cils_craq_lite,80,0.9,0.6,15,5,iv2_0007330,768.0,784.0,16.0,False,False,realcartest_event_0034
cils_craq_lite,80,0.8,0.6,15,6,iv2_0007594,1018.0,1034.0,16.0,False,False,
cils_craq_lite,80,0.9,0.6,15,6,iv2_0007594,1018.0,1034.0,16.0,False,False,
cils_craq_lite,80,0.8,0.6,15,7,iv2_0007077,494.0,506.0,12.0,True,False,realcartest_event_0029
cils_craq_lite,80,0.9,0.6,15,7,iv2_0007077,494.0,506.0,12.0,True,False,realcartest_event_0029
cils_craq_lite,80,0.8,0.6,15,8,iv2_0004707,880.0,892.0,12.0,False,False,realcartest_event_0037
cils_craq_lite,80,0.9,0.6,15,8,iv2_0004707,880.0,892.0,12.0,False,False,realcartest_event_0037
cils_craq_lite,80,0.8,0.6,15,9,iv2_0007522,468.0,484.0,16.0,False,False,
cils_craq_lite,80,0.9,0.6,15,9,iv2_0007522,468.0,484.0,16.0,False,False,
cils_craq_lite,80,0.8,0.6,15,10,iv2_0007083,806.0,818.0,12.0,False,False,realcartest_event_0036
cils_craq_lite,80,0.9,0.6,15,10,iv2_0007083,806.0,818.0,12.0,False,False,realcartest_event_0036
cils_craq_lite,80,0.8,0.6,15,11,iv2_0007161,670.0,682.0,12.0,False,False,
cils_craq_lite,80,0.9,0.6,15,11,iv2_0007161,670.0,682.0,12.0,False,False,
cils_craq_lite,80,0.8,0.6,15,12,iv2_0004233,486.0,498.0,12.0,True,True,realcartest_event_0029
cils_craq_lite,80,0.9,0.6,15,12,iv2_0004233,486.0,498.0,12.0,True,True,realcartest_event_0029
cils_craq_lite,80,0.8,0.6,15,13,iv2_0007143,554.0,566.0,12.0,False,False,realcartest_event_0031
cils_craq_lite,80,0.9,0.6,15,13,iv2_0007143,554.0,566.0,12.0,False,False,realcartest_event_0031
cils_craq_lite,80,0.8,0.6,15,14,iv2_0007215,662.0,674.0,12.0,False,False,
cils_craq_lite,80,0.9,0.6,15,14,iv2_0007215,662.0,674.0,12.0,False,False,
cils_craq_lite,80,0.8,0.6,15,15,iv2_0007155,796.0,808.0,12.0,False,False,
cils_craq_lite,80,0.9,0.6,15,15,iv2_0007155,796.0,808.0,12.0,False,False,
cils_craq_lite,80,0.8,0.6,15,16,iv2_0005937,758.0,770.0,12.0,True,True,realcartest_event_0034
cils_craq_lite,80,0.9,0.6,15,16,iv2_0005937,758.0,770.0,12.0,True,True,realcartest_event_0034
cils_craq_lite,80,0.8,0.6,15,17,iv2_0011323,1024.0,1064.0,40.0,False,False,realcartest_event_0040
cils_craq_lite,80,0.9,0.6,15,17,iv2_0011323,1024.0,1064.0,40.0,False,False,realcartest_event_0040
cils_craq_lite,80,0.8,0.6,15,18,iv2_0007683,924.0,936.0,12.0,False,False,
cils_craq_lite,80,0.9,0.6,15,18,iv2_0007683,924.0,936.0,12.0,False,False,
cils_craq_lite,80,0.8,0.6,15,19,iv2_0007257,1030.0,1042.0,12.0,False,False,
cils_craq_lite,80,0.9,0.6,15,19,iv2_0007257,1030.0,1042.0,12.0,False,False,
cils_craq_lite,80,0.8,0.6,15,20,iv2_0004419,276.0,288.0,12.0,False,False,
cils_craq_lite,80,0.9,0.6,15,20,iv2_0004419,276.0,288.0,12.0,False,False,
cils_craq_lite,80,0.8,0.6,15,21,iv2_0007377,618.0,630.0,12.0,False,False,
cils_craq_lite,80,0.9,0.6,15,21,iv2_0007377,618.0,630.0,12.0,False,False,
cils_craq_lite,80,0.8,0.6,15,22,iv2_0004275,1060.0,1072.0,12.0,False,False,realcartest_event_0040
cils_craq_lite,80,0.9,0.6,15,22,iv2_0004275,1060.0,1072.0,12.0,False,False,realcartest_event_0040
cils_craq_lite,80,0.8,0.6,15,23,iv2_0004251,984.0,996.0,12.0,False,False,
cils_craq_lite,80,0.9,0.6,15,23,iv2_0004251,984.0,996.0,12.0,False,False,
cils_craq_lite,80,0.8,0.6,15,24,iv2_0007269,888.0,900.0,12.0,False,False,
cils_craq_lite,80,0.9,0.6,15,24,iv2_0007269,888.0,900.0,12.0,False,False,
cils_craq_lite,80,0.8,0.6,15,25,iv2_0007695,354.0,366.0,12.0,False,False,
cils_craq_lite,80,0.9,0.6,15,25,iv2_0007695,354.0,366.0,12.0,False,False,
cils_craq_lite,80,0.8,0.5,16,1,iv2_0005920,850.0,866.0,16.0,True,False,realcartest_event_0037
cils_craq_lite,80,0.9,0.5,16,1,iv2_0005920,850.0,866.0,16.0,True,False,realcartest_event_0037
cils_craq_lite,80,0.8,0.5,16,2,iv2_0004318,544.0,560.0,16.0,False,False,
cils_craq_lite,80,0.9,0.5,16,2,iv2_0004318,544.0,560.0,16.0,False,False,
cils_craq_lite,80,0.8,0.5,16,3,iv2_0007360,638.0,654.0,16.0,False,False,
cils_craq_lite,80,0.9,0.5,16,3,iv2_0007360,638.0,654.0,16.0,False,False,
cils_craq_lite,80,0.8,0.5,16,4,iv2_0011265,806.0,838.0,32.0,False,False,realcartest_event_0037
cils_craq_lite,80,0.9,0.5,16,4,iv2_0011265,806.0,838.0,32.0,False,False,realcartest_event_0037
cils_craq_lite,80,0.8,0.5,16,5,iv2_0007576,250.0,266.0,16.0,False,False,realcartest_event_0026
cils_craq_lite,80,0.9,0.5,16,5,iv2_0007576,250.0,266.0,16.0,False,False,realcartest_event_0026
cils_craq_lite,80,0.8,0.5,16,6,iv2_0007330,768.0,784.0,16.0,False,False,realcartest_event_0034
cils_craq_lite,80,0.9,0.5,16,6,iv2_0007330,768.0,784.0,16.0,False,False,realcartest_event_0034
cils_craq_lite,80,0.8,0.5,16,7,iv2_0007594,1018.0,1034.0,16.0,False,False,
cils_craq_lite,80,0.9,0.5,16,7,iv2_0007594,1018.0,1034.0,16.0,False,False,
cils_craq_lite,80,0.8,0.5,16,8,iv2_0011686,872.0,900.0,28.0,False,False,realcartest_event_0037
cils_craq_lite,80,0.9,0.5,16,8,iv2_0011686,872.0,900.0,28.0,False,False,realcartest_event_0037
cils_craq_lite,80,0.8,0.5,16,9,iv2_0007077,494.0,506.0,12.0,True,False,realcartest_event_0029
cils_craq_lite,80,0.9,0.5,16,9,iv2_0007077,494.0,506.0,12.0,True,False,realcartest_event_0029
cils_craq_lite,80,0.8,0.5,16,10,iv2_0007522,468.0,484.0,16.0,False,False,
cils_craq_lite,80,0.9,0.5,16,10,iv2_0007522,468.0,484.0,16.0,False,False,
cils_craq_lite,80,0.8,0.5,16,11,iv2_0007161,670.0,682.0,12.0,False,False,
cils_craq_lite,80,0.9,0.5,16,11,iv2_0007161,670.0,682.0,12.0,False,False,
cils_craq_lite,80,0.8,0.5,16,12,iv2_0011576,680.0,720.0,40.0,False,False,realcartest_event_0033
cils_craq_lite,80,0.9,0.5,16,12,iv2_0011576,680.0,720.0,40.0,False,False,realcartest_event_0033
cils_craq_lite,80,0.8,0.5,16,13,iv2_0004233,486.0,498.0,12.0,True,True,realcartest_event_0029
cils_craq_lite,80,0.9,0.5,16,13,iv2_0004233,486.0,498.0,12.0,True,True,realcartest_event_0029
cils_craq_lite,80,0.8,0.5,16,14,iv2_0007143,554.0,566.0,12.0,False,False,realcartest_event_0031
cils_craq_lite,80,0.9,0.5,16,14,iv2_0007143,554.0,566.0,12.0,False,False,realcartest_event_0031
cils_craq_lite,80,0.8,0.5,16,15,iv2_0007215,662.0,674.0,12.0,False,False,
cils_craq_lite,80,0.9,0.5,16,15,iv2_0007215,662.0,674.0,12.0,False,False,
cils_craq_lite,80,0.8,0.5,16,16,iv2_0007155,796.0,808.0,12.0,False,False,
cils_craq_lite,80,0.9,0.5,16,16,iv2_0007155,796.0,808.0,12.0,False,False,
cils_craq_lite,80,0.8,0.5,16,17,iv2_0005937,758.0,770.0,12.0,True,True,realcartest_event_0034
cils_craq_lite,80,0.9,0.5,16,17,iv2_0005937,758.0,770.0,12.0,True,True,realcartest_event_0034
cils_craq_lite,80,0.8,0.5,16,18,iv2_0011323,1024.0,1064.0,40.0,False,False,realcartest_event_0040
cils_craq_lite,80,0.9,0.5,16,18,iv2_0011323,1024.0,1064.0,40.0,False,False,realcartest_event_0040
cils_craq_lite,80,0.8,0.5,16,19,iv2_0007683,924.0,936.0,12.0,False,False,
cils_craq_lite,80,0.9,0.5,16,19,iv2_0007683,924.0,936.0,12.0,False,False,
cils_craq_lite,80,0.8,0.5,16,20,iv2_0007257,1030.0,1042.0,12.0,False,False,
cils_craq_lite,80,0.9,0.5,16,20,iv2_0007257,1030.0,1042.0,12.0,False,False,
cils_craq_lite,80,0.8,0.6,16,1,iv2_0005920,850.0,866.0,16.0,True,False,realcartest_event_0037
cils_craq_lite,80,0.9,0.6,16,1,iv2_0005920,850.0,866.0,16.0,True,False,realcartest_event_0037
cils_craq_lite,80,0.8,0.6,16,2,iv2_0004318,544.0,560.0,16.0,False,False,
cils_craq_lite,80,0.9,0.6,16,2,iv2_0004318,544.0,560.0,16.0,False,False,
cils_craq_lite,80,0.8,0.6,16,3,iv2_0007360,638.0,654.0,16.0,False,False,
cils_craq_lite,80,0.9,0.6,16,3,iv2_0007360,638.0,654.0,16.0,False,False,
cils_craq_lite,80,0.8,0.6,16,4,iv2_0007576,250.0,266.0,16.0,False,False,realcartest_event_0026
cils_craq_lite,80,0.9,0.6,16,4,iv2_0007576,250.0,266.0,16.0,False,False,realcartest_event_0026
cils_craq_lite,80,0.8,0.6,16,5,iv2_0007330,768.0,784.0,16.0,False,False,realcartest_event_0034
cils_craq_lite,80,0.9,0.6,16,5,iv2_0007330,768.0,784.0,16.0,False,False,realcartest_event_0034
cils_craq_lite,80,0.8,0.6,16,6,iv2_0007594,1018.0,1034.0,16.0,False,False,
cils_craq_lite,80,0.9,0.6,16,6,iv2_0007594,1018.0,1034.0,16.0,False,False,
cils_craq_lite,80,0.8,0.6,16,7,iv2_0007077,494.0,506.0,12.0,True,False,realcartest_event_0029
cils_craq_lite,80,0.9,0.6,16,7,iv2_0007077,494.0,506.0,12.0,True,False,realcartest_event_0029
cils_craq_lite,80,0.8,0.6,16,8,iv2_0004707,880.0,892.0,12.0,False,False,realcartest_event_0037
cils_craq_lite,80,0.9,0.6,16,8,iv2_0004707,880.0,892.0,12.0,False,False,realcartest_event_0037
cils_craq_lite,80,0.8,0.6,16,9,iv2_0007522,468.0,484.0,16.0,False,False,
cils_craq_lite,80,0.9,0.6,16,9,iv2_0007522,468.0,484.0,16.0,False,False,
cils_craq_lite,80,0.8,0.6,16,10,iv2_0007083,806.0,818.0,12.0,False,False,realcartest_event_0036
cils_craq_lite,80,0.9,0.6,16,10,iv2_0007083,806.0,818.0,12.0,False,False,realcartest_event_0036
cils_craq_lite,80,0.8,0.6,16,11,iv2_0007161,670.0,682.0,12.0,False,False,
cils_craq_lite,80,0.9,0.6,16,11,iv2_0007161,670.0,682.0,12.0,False,False,
cils_craq_lite,80,0.8,0.6,16,12,iv2_0004233,486.0,498.0,12.0,True,True,realcartest_event_0029
cils_craq_lite,80,0.9,0.6,16,12,iv2_0004233,486.0,498.0,12.0,True,True,realcartest_event_0029
cils_craq_lite,80,0.8,0.6,16,13,iv2_0007143,554.0,566.0,12.0,False,False,realcartest_event_0031
cils_craq_lite,80,0.9,0.6,16,13,iv2_0007143,554.0,566.0,12.0,False,False,realcartest_event_0031
cils_craq_lite,80,0.8,0.6,16,14,iv2_0007215,662.0,674.0,12.0,False,False,
cils_craq_lite,80,0.9,0.6,16,14,iv2_0007215,662.0,674.0,12.0,False,False,
cils_craq_lite,80,0.8,0.6,16,15,iv2_0007155,796.0,808.0,12.0,False,False,
cils_craq_lite,80,0.9,0.6,16,15,iv2_0007155,796.0,808.0,12.0,False,False,
cils_craq_lite,80,0.8,0.6,16,16,iv2_0005937,758.0,770.0,12.0,True,True,realcartest_event_0034
cils_craq_lite,80,0.9,0.6,16,16,iv2_0005937,758.0,770.0,12.0,True,True,realcartest_event_0034
cils_craq_lite,80,0.8,0.6,16,17,iv2_0011323,1024.0,1064.0,40.0,False,False,realcartest_event_0040
cils_craq_lite,80,0.9,0.6,16,17,iv2_0011323,1024.0,1064.0,40.0,False,False,realcartest_event_0040
cils_craq_lite,80,0.8,0.6,16,18,iv2_0007683,924.0,936.0,12.0,False,False,
cils_craq_lite,80,0.9,0.6,16,18,iv2_0007683,924.0,936.0,12.0,False,False,
cils_craq_lite,80,0.8,0.6,16,19,iv2_0007257,1030.0,1042.0,12.0,False,False,
cils_craq_lite,80,0.9,0.6,16,19,iv2_0007257,1030.0,1042.0,12.0,False,False,
cils_craq_lite,80,0.8,0.6,16,20,iv2_0004419,276.0,288.0,12.0,False,False,
cils_craq_lite,80,0.9,0.6,16,20,iv2_0004419,276.0,288.0,12.0,False,False,
cils_craq_lite,80,0.8,0.6,16,21,iv2_0007377,618.0,630.0,12.0,False,False,
cils_craq_lite,80,0.9,0.6,16,21,iv2_0007377,618.0,630.0,12.0,False,False,
cils_craq_lite,80,0.8,0.6,16,22,iv2_0004275,1060.0,1072.0,12.0,False,False,realcartest_event_0040
cils_craq_lite,80,0.9,0.6,16,22,iv2_0004275,1060.0,1072.0,12.0,False,False,realcartest_event_0040
cils_craq_lite,80,0.8,0.6,16,23,iv2_0004251,984.0,996.0,12.0,False,False,
cils_craq_lite,80,0.9,0.6,16,23,iv2_0004251,984.0,996.0,12.0,False,False,
cils_craq_lite,80,0.8,0.6,16,24,iv2_0007269,888.0,900.0,12.0,False,False,
cils_craq_lite,80,0.9,0.6,16,24,iv2_0007269,888.0,900.0,12.0,False,False,
cils_craq_lite,80,0.8,0.6,16,25,iv2_0007695,354.0,366.0,12.0,False,False,
cils_craq_lite,80,0.9,0.6,16,25,iv2_0007695,354.0,366.0,12.0,False,False,
cils_craq_lite,80,0.8,0.5,17,1,iv2_0005920,850.0,866.0,16.0,True,False,realcartest_event_0037
cils_craq_lite,80,0.9,0.5,17,1,iv2_0005920,850.0,866.0,16.0,True,False,realcartest_event_0037
cils_craq_lite,80,0.8,0.5,17,2,iv2_0004318,544.0,560.0,16.0,False,False,
cils_craq_lite,80,0.9,0.5,17,2,iv2_0004318,544.0,560.0,16.0,False,False,
cils_craq_lite,80,0.8,0.5,17,3,iv2_0007360,638.0,654.0,16.0,False,False,
cils_craq_lite,80,0.9,0.5,17,3,iv2_0007360,638.0,654.0,16.0,False,False,
cils_craq_lite,80,0.8,0.5,17,4,iv2_0011265,806.0,838.0,32.0,False,False,realcartest_event_0037
cils_craq_lite,80,0.9,0.5,17,4,iv2_0011265,806.0,838.0,32.0,False,False,realcartest_event_0037
cils_craq_lite,80,0.8,0.5,17,5,iv2_0007576,250.0,266.0,16.0,False,False,realcartest_event_0026
cils_craq_lite,80,0.9,0.5,17,5,iv2_0007576,250.0,266.0,16.0,False,False,realcartest_event_0026
cils_craq_lite,80,0.8,0.5,17,6,iv2_0007330,768.0,784.0,16.0,False,False,realcartest_event_0034
cils_craq_lite,80,0.9,0.5,17,6,iv2_0007330,768.0,784.0,16.0,False,False,realcartest_event_0034
cils_craq_lite,80,0.8,0.5,17,7,iv2_0007594,1018.0,1034.0,16.0,False,False,
cils_craq_lite,80,0.9,0.5,17,7,iv2_0007594,1018.0,1034.0,16.0,False,False,
cils_craq_lite,80,0.8,0.5,17,8,iv2_0011686,872.0,900.0,28.0,False,False,realcartest_event_0037
cils_craq_lite,80,0.9,0.5,17,8,iv2_0011686,872.0,900.0,28.0,False,False,realcartest_event_0037
cils_craq_lite,80,0.8,0.5,17,9,iv2_0007077,494.0,506.0,12.0,True,False,realcartest_event_0029
cils_craq_lite,80,0.9,0.5,17,9,iv2_0007077,494.0,506.0,12.0,True,False,realcartest_event_0029
cils_craq_lite,80,0.8,0.5,17,10,iv2_0007522,468.0,484.0,16.0,False,False,
cils_craq_lite,80,0.9,0.5,17,10,iv2_0007522,468.0,484.0,16.0,False,False,
cils_craq_lite,80,0.8,0.5,17,11,iv2_0007161,670.0,682.0,12.0,False,False,
cils_craq_lite,80,0.9,0.5,17,11,iv2_0007161,670.0,682.0,12.0,False,False,
cils_craq_lite,80,0.8,0.5,17,12,iv2_0011576,680.0,720.0,40.0,False,False,realcartest_event_0033
cils_craq_lite,80,0.9,0.5,17,12,iv2_0011576,680.0,720.0,40.0,False,False,realcartest_event_0033
cils_craq_lite,80,0.8,0.5,17,13,iv2_0004233,486.0,498.0,12.0,True,True,realcartest_event_0029
cils_craq_lite,80,0.9,0.5,17,13,iv2_0004233,486.0,498.0,12.0,True,True,realcartest_event_0029
cils_craq_lite,80,0.8,0.5,17,14,iv2_0007143,554.0,566.0,12.0,False,False,realcartest_event_0031
cils_craq_lite,80,0.9,0.5,17,14,iv2_0007143,554.0,566.0,12.0,False,False,realcartest_event_0031
cils_craq_lite,80,0.8,0.5,17,15,iv2_0007215,662.0,674.0,12.0,False,False,
cils_craq_lite,80,0.9,0.5,17,15,iv2_0007215,662.0,674.0,12.0,False,False,
cils_craq_lite,80,0.8,0.5,17,16,iv2_0007155,796.0,808.0,12.0,False,False,
cils_craq_lite,80,0.9,0.5,17,16,iv2_0007155,796.0,808.0,12.0,False,False,
cils_craq_lite,80,0.8,0.5,17,17,iv2_0005937,758.0,770.0,12.0,True,True,realcartest_event_0034
cils_craq_lite,80,0.9,0.5,17,17,iv2_0005937,758.0,770.0,12.0,True,True,realcartest_event_0034
cils_craq_lite,80,0.8,0.5,17,18,iv2_0011323,1024.0,1064.0,40.0,False,False,realcartest_event_0040
cils_craq_lite,80,0.9,0.5,17,18,iv2_0011323,1024.0,1064.0,40.0,False,False,realcartest_event_0040
cils_craq_lite,80,0.8,0.5,17,19,iv2_0007683,924.0,936.0,12.0,False,False,
cils_craq_lite,80,0.9,0.5,17,19,iv2_0007683,924.0,936.0,12.0,False,False,
cils_craq_lite,80,0.8,0.5,17,20,iv2_0007257,1030.0,1042.0,12.0,False,False,
cils_craq_lite,80,0.9,0.5,17,20,iv2_0007257,1030.0,1042.0,12.0,False,False,
cils_craq_lite,80,0.8,0.6,17,1,iv2_0005920,850.0,866.0,16.0,True,False,realcartest_event_0037
cils_craq_lite,80,0.9,0.6,17,1,iv2_0005920,850.0,866.0,16.0,True,False,realcartest_event_0037
cils_craq_lite,80,0.8,0.6,17,2,iv2_0004318,544.0,560.0,16.0,False,False,
cils_craq_lite,80,0.9,0.6,17,2,iv2_0004318,544.0,560.0,16.0,False,False,
cils_craq_lite,80,0.8,0.6,17,3,iv2_0007360,638.0,654.0,16.0,False,False,
cils_craq_lite,80,0.9,0.6,17,3,iv2_0007360,638.0,654.0,16.0,False,False,
cils_craq_lite,80,0.8,0.6,17,4,iv2_0007576,250.0,266.0,16.0,False,False,realcartest_event_0026
cils_craq_lite,80,0.9,0.6,17,4,iv2_0007576,250.0,266.0,16.0,False,False,realcartest_event_0026
cils_craq_lite,80,0.8,0.6,17,5,iv2_0007330,768.0,784.0,16.0,False,False,realcartest_event_0034
cils_craq_lite,80,0.9,0.6,17,5,iv2_0007330,768.0,784.0,16.0,False,False,realcartest_event_0034
cils_craq_lite,80,0.8,0.6,17,6,iv2_0007594,1018.0,1034.0,16.0,False,False,
cils_craq_lite,80,0.9,0.6,17,6,iv2_0007594,1018.0,1034.0,16.0,False,False,
cils_craq_lite,80,0.8,0.6,17,7,iv2_0007077,494.0,506.0,12.0,True,False,realcartest_event_0029
cils_craq_lite,80,0.9,0.6,17,7,iv2_0007077,494.0,506.0,12.0,True,False,realcartest_event_0029
cils_craq_lite,80,0.8,0.6,17,8,iv2_0004707,880.0,892.0,12.0,False,False,realcartest_event_0037
cils_craq_lite,80,0.9,0.6,17,8,iv2_0004707,880.0,892.0,12.0,False,False,realcartest_event_0037
cils_craq_lite,80,0.8,0.6,17,9,iv2_0007522,468.0,484.0,16.0,False,False,
cils_craq_lite,80,0.9,0.6,17,9,iv2_0007522,468.0,484.0,16.0,False,False,
cils_craq_lite,80,0.8,0.6,17,10,iv2_0007083,806.0,818.0,12.0,False,False,realcartest_event_0036
cils_craq_lite,80,0.9,0.6,17,10,iv2_0007083,806.0,818.0,12.0,False,False,realcartest_event_0036
cils_craq_lite,80,0.8,0.6,17,11,iv2_0007161,670.0,682.0,12.0,False,False,
cils_craq_lite,80,0.9,0.6,17,11,iv2_0007161,670.0,682.0,12.0,False,False,
cils_craq_lite,80,0.8,0.6,17,12,iv2_0004233,486.0,498.0,12.0,True,True,realcartest_event_0029
cils_craq_lite,80,0.9,0.6,17,12,iv2_0004233,486.0,498.0,12.0,True,True,realcartest_event_0029
cils_craq_lite,80,0.8,0.6,17,13,iv2_0007143,554.0,566.0,12.0,False,False,realcartest_event_0031
cils_craq_lite,80,0.9,0.6,17,13,iv2_0007143,554.0,566.0,12.0,False,False,realcartest_event_0031
cils_craq_lite,80,0.8,0.6,17,14,iv2_0007215,662.0,674.0,12.0,False,False,
cils_craq_lite,80,0.9,0.6,17,14,iv2_0007215,662.0,674.0,12.0,False,False,
cils_craq_lite,80,0.8,0.6,17,15,iv2_0007155,796.0,808.0,12.0,False,False,
cils_craq_lite,80,0.9,0.6,17,15,iv2_0007155,796.0,808.0,12.0,False,False,
cils_craq_lite,80,0.8,0.6,17,16,iv2_0005937,758.0,770.0,12.0,True,True,realcartest_event_0034
cils_craq_lite,80,0.9,0.6,17,16,iv2_0005937,758.0,770.0,12.0,True,True,realcartest_event_0034
cils_craq_lite,80,0.8,0.6,17,17,iv2_0011323,1024.0,1064.0,40.0,False,False,realcartest_event_0040
cils_craq_lite,80,0.9,0.6,17,17,iv2_0011323,1024.0,1064.0,40.0,False,False,realcartest_event_0040
cils_craq_lite,80,0.8,0.6,17,18,iv2_0007683,924.0,936.0,12.0,False,False,
cils_craq_lite,80,0.9,0.6,17,18,iv2_0007683,924.0,936.0,12.0,False,False,
cils_craq_lite,80,0.8,0.6,17,19,iv2_0007257,1030.0,1042.0,12.0,False,False,
cils_craq_lite,80,0.9,0.6,17,19,iv2_0007257,1030.0,1042.0,12.0,False,False,
cils_craq_lite,80,0.8,0.6,17,20,iv2_0004419,276.0,288.0,12.0,False,False,
cils_craq_lite,80,0.9,0.6,17,20,iv2_0004419,276.0,288.0,12.0,False,False,
cils_craq_lite,80,0.8,0.6,17,21,iv2_0007377,618.0,630.0,12.0,False,False,
cils_craq_lite,80,0.9,0.6,17,21,iv2_0007377,618.0,630.0,12.0,False,False,
cils_craq_lite,80,0.8,0.6,17,22,iv2_0004275,1060.0,1072.0,12.0,False,False,realcartest_event_0040
cils_craq_lite,80,0.9,0.6,17,22,iv2_0004275,1060.0,1072.0,12.0,False,False,realcartest_event_0040
cils_craq_lite,80,0.8,0.6,17,23,iv2_0004251,984.0,996.0,12.0,False,False,
cils_craq_lite,80,0.9,0.6,17,23,iv2_0004251,984.0,996.0,12.0,False,False,
cils_craq_lite,80,0.8,0.6,17,24,iv2_0007269,888.0,900.0,12.0,False,False,
cils_craq_lite,80,0.9,0.6,17,24,iv2_0007269,888.0,900.0,12.0,False,False,
cils_craq_lite,80,0.8,0.6,17,25,iv2_0007695,354.0,366.0,12.0,False,False,
cils_craq_lite,80,0.9,0.6,17,25,iv2_0007695,354.0,366.0,12.0,False,False,
cils_craq_lite,80,0.8,0.5,18,1,iv2_0005920,850.0,866.0,16.0,True,False,realcartest_event_0037
cils_craq_lite,80,0.9,0.5,18,1,iv2_0005920,850.0,866.0,16.0,True,False,realcartest_event_0037
cils_craq_lite,80,0.8,0.5,18,2,iv2_0004318,544.0,560.0,16.0,False,False,
cils_craq_lite,80,0.9,0.5,18,2,iv2_0004318,544.0,560.0,16.0,False,False,
cils_craq_lite,80,0.8,0.5,18,3,iv2_0007360,638.0,654.0,16.0,False,False,
cils_craq_lite,80,0.9,0.5,18,3,iv2_0007360,638.0,654.0,16.0,False,False,
cils_craq_lite,80,0.8,0.5,18,4,iv2_0011265,806.0,838.0,32.0,False,False,realcartest_event_0037
cils_craq_lite,80,0.9,0.5,18,4,iv2_0011265,806.0,838.0,32.0,False,False,realcartest_event_0037
cils_craq_lite,80,0.8,0.5,18,5,iv2_0007576,250.0,266.0,16.0,False,False,realcartest_event_0026
cils_craq_lite,80,0.9,0.5,18,5,iv2_0007576,250.0,266.0,16.0,False,False,realcartest_event_0026
cils_craq_lite,80,0.8,0.5,18,6,iv2_0007330,768.0,784.0,16.0,False,False,realcartest_event_0034
cils_craq_lite,80,0.9,0.5,18,6,iv2_0007330,768.0,784.0,16.0,False,False,realcartest_event_0034
cils_craq_lite,80,0.8,0.5,18,7,iv2_0007594,1018.0,1034.0,16.0,False,False,
cils_craq_lite,80,0.9,0.5,18,7,iv2_0007594,1018.0,1034.0,16.0,False,False,
cils_craq_lite,80,0.8,0.5,18,8,iv2_0011686,872.0,900.0,28.0,False,False,realcartest_event_0037
cils_craq_lite,80,0.9,0.5,18,8,iv2_0011686,872.0,900.0,28.0,False,False,realcartest_event_0037
cils_craq_lite,80,0.8,0.5,18,9,iv2_0007077,494.0,506.0,12.0,True,False,realcartest_event_0029
cils_craq_lite,80,0.9,0.5,18,9,iv2_0007077,494.0,506.0,12.0,True,False,realcartest_event_0029
cils_craq_lite,80,0.8,0.5,18,10,iv2_0007522,468.0,484.0,16.0,False,False,
cils_craq_lite,80,0.9,0.5,18,10,iv2_0007522,468.0,484.0,16.0,False,False,
cils_craq_lite,80,0.8,0.5,18,11,iv2_0007161,670.0,682.0,12.0,False,False,
cils_craq_lite,80,0.9,0.5,18,11,iv2_0007161,670.0,682.0,12.0,False,False,
cils_craq_lite,80,0.8,0.5,18,12,iv2_0011576,680.0,720.0,40.0,False,False,realcartest_event_0033
cils_craq_lite,80,0.9,0.5,18,12,iv2_0011576,680.0,720.0,40.0,False,False,realcartest_event_0033
cils_craq_lite,80,0.8,0.5,18,13,iv2_0004233,486.0,498.0,12.0,True,True,realcartest_event_0029
cils_craq_lite,80,0.9,0.5,18,13,iv2_0004233,486.0,498.0,12.0,True,True,realcartest_event_0029
cils_craq_lite,80,0.8,0.5,18,14,iv2_0007143,554.0,566.0,12.0,False,False,realcartest_event_0031
cils_craq_lite,80,0.9,0.5,18,14,iv2_0007143,554.0,566.0,12.0,False,False,realcartest_event_0031
cils_craq_lite,80,0.8,0.5,18,15,iv2_0007215,662.0,674.0,12.0,False,False,
cils_craq_lite,80,0.9,0.5,18,15,iv2_0007215,662.0,674.0,12.0,False,False,
cils_craq_lite,80,0.8,0.5,18,16,iv2_0007155,796.0,808.0,12.0,False,False,
cils_craq_lite,80,0.9,0.5,18,16,iv2_0007155,796.0,808.0,12.0,False,False,
cils_craq_lite,80,0.8,0.5,18,17,iv2_0005937,758.0,770.0,12.0,True,True,realcartest_event_0034
cils_craq_lite,80,0.9,0.5,18,17,iv2_0005937,758.0,770.0,12.0,True,True,realcartest_event_0034
cils_craq_lite,80,0.8,0.5,18,18,iv2_0011323,1024.0,1064.0,40.0,False,False,realcartest_event_0040
cils_craq_lite,80,0.9,0.5,18,18,iv2_0011323,1024.0,1064.0,40.0,False,False,realcartest_event_0040
cils_craq_lite,80,0.8,0.5,18,19,iv2_0007683,924.0,936.0,12.0,False,False,
cils_craq_lite,80,0.9,0.5,18,19,iv2_0007683,924.0,936.0,12.0,False,False,
cils_craq_lite,80,0.8,0.5,18,20,iv2_0007257,1030.0,1042.0,12.0,False,False,
cils_craq_lite,80,0.9,0.5,18,20,iv2_0007257,1030.0,1042.0,12.0,False,False,
cils_craq_lite,80,0.8,0.6,18,1,iv2_0005920,850.0,866.0,16.0,True,False,realcartest_event_0037
cils_craq_lite,80,0.9,0.6,18,1,iv2_0005920,850.0,866.0,16.0,True,False,realcartest_event_0037
cils_craq_lite,80,0.8,0.6,18,2,iv2_0004318,544.0,560.0,16.0,False,False,
cils_craq_lite,80,0.9,0.6,18,2,iv2_0004318,544.0,560.0,16.0,False,False,
cils_craq_lite,80,0.8,0.6,18,3,iv2_0007360,638.0,654.0,16.0,False,False,
cils_craq_lite,80,0.9,0.6,18,3,iv2_0007360,638.0,654.0,16.0,False,False,
cils_craq_lite,80,0.8,0.6,18,4,iv2_0007576,250.0,266.0,16.0,False,False,realcartest_event_0026
cils_craq_lite,80,0.9,0.6,18,4,iv2_0007576,250.0,266.0,16.0,False,False,realcartest_event_0026
cils_craq_lite,80,0.8,0.6,18,5,iv2_0007330,768.0,784.0,16.0,False,False,realcartest_event_0034
cils_craq_lite,80,0.9,0.6,18,5,iv2_0007330,768.0,784.0,16.0,False,False,realcartest_event_0034
cils_craq_lite,80,0.8,0.6,18,6,iv2_0007594,1018.0,1034.0,16.0,False,False,
cils_craq_lite,80,0.9,0.6,18,6,iv2_0007594,1018.0,1034.0,16.0,False,False,
cils_craq_lite,80,0.8,0.6,18,7,iv2_0007077,494.0,506.0,12.0,True,False,realcartest_event_0029
cils_craq_lite,80,0.9,0.6,18,7,iv2_0007077,494.0,506.0,12.0,True,False,realcartest_event_0029
cils_craq_lite,80,0.8,0.6,18,8,iv2_0004707,880.0,892.0,12.0,False,False,realcartest_event_0037
cils_craq_lite,80,0.9,0.6,18,8,iv2_0004707,880.0,892.0,12.0,False,False,realcartest_event_0037
cils_craq_lite,80,0.8,0.6,18,9,iv2_0007522,468.0,484.0,16.0,False,False,
cils_craq_lite,80,0.9,0.6,18,9,iv2_0007522,468.0,484.0,16.0,False,False,
cils_craq_lite,80,0.8,0.6,18,10,iv2_0007083,806.0,818.0,12.0,False,False,realcartest_event_0036
cils_craq_lite,80,0.9,0.6,18,10,iv2_0007083,806.0,818.0,12.0,False,False,realcartest_event_0036
cils_craq_lite,80,0.8,0.6,18,11,iv2_0007161,670.0,682.0,12.0,False,False,
cils_craq_lite,80,0.9,0.6,18,11,iv2_0007161,670.0,682.0,12.0,False,False,
cils_craq_lite,80,0.8,0.6,18,12,iv2_0004233,486.0,498.0,12.0,True,True,realcartest_event_0029
cils_craq_lite,80,0.9,0.6,18,12,iv2_0004233,486.0,498.0,12.0,True,True,realcartest_event_0029
cils_craq_lite,80,0.8,0.6,18,13,iv2_0007143,554.0,566.0,12.0,False,False,realcartest_event_0031
cils_craq_lite,80,0.9,0.6,18,13,iv2_0007143,554.0,566.0,12.0,False,False,realcartest_event_0031
cils_craq_lite,80,0.8,0.6,18,14,iv2_0007215,662.0,674.0,12.0,False,False,
cils_craq_lite,80,0.9,0.6,18,14,iv2_0007215,662.0,674.0,12.0,False,False,
cils_craq_lite,80,0.8,0.6,18,15,iv2_0007155,796.0,808.0,12.0,False,False,
cils_craq_lite,80,0.9,0.6,18,15,iv2_0007155,796.0,808.0,12.0,False,False,
cils_craq_lite,80,0.8,0.6,18,16,iv2_0005937,758.0,770.0,12.0,True,True,realcartest_event_0034
cils_craq_lite,80,0.9,0.6,18,16,iv2_0005937,758.0,770.0,12.0,True,True,realcartest_event_0034
cils_craq_lite,80,0.8,0.6,18,17,iv2_0011323,1024.0,1064.0,40.0,False,False,realcartest_event_0040
cils_craq_lite,80,0.9,0.6,18,17,iv2_0011323,1024.0,1064.0,40.0,False,False,realcartest_event_0040
cils_craq_lite,80,0.8,0.6,18,18,iv2_0007683,924.0,936.0,12.0,False,False,
cils_craq_lite,80,0.9,0.6,18,18,iv2_0007683,924.0,936.0,12.0,False,False,
cils_craq_lite,80,0.8,0.6,18,19,iv2_0007257,1030.0,1042.0,12.0,False,False,
cils_craq_lite,80,0.9,0.6,18,19,iv2_0007257,1030.0,1042.0,12.0,False,False,
cils_craq_lite,80,0.8,0.6,18,20,iv2_0004419,276.0,288.0,12.0,False,False,
cils_craq_lite,80,0.9,0.6,18,20,iv2_0004419,276.0,288.0,12.0,False,False,
cils_craq_lite,80,0.8,0.6,18,21,iv2_0007377,618.0,630.0,12.0,False,False,
cils_craq_lite,80,0.9,0.6,18,21,iv2_0007377,618.0,630.0,12.0,False,False,
cils_craq_lite,80,0.8,0.6,18,22,iv2_0004275,1060.0,1072.0,12.0,False,False,realcartest_event_0040
cils_craq_lite,80,0.9,0.6,18,22,iv2_0004275,1060.0,1072.0,12.0,False,False,realcartest_event_0040
cils_craq_lite,80,0.8,0.6,18,23,iv2_0004251,984.0,996.0,12.0,False,False,
cils_craq_lite,80,0.9,0.6,18,23,iv2_0004251,984.0,996.0,12.0,False,False,
cils_craq_lite,80,0.8,0.6,18,24,iv2_0007269,888.0,900.0,12.0,False,False,
cils_craq_lite,80,0.9,0.6,18,24,iv2_0007269,888.0,900.0,12.0,False,False,
cils_craq_lite,80,0.8,0.6,18,25,iv2_0007695,354.0,366.0,12.0,False,False,
cils_craq_lite,80,0.9,0.6,18,25,iv2_0007695,354.0,366.0,12.0,False,False,
cils_craq_lite,80,0.8,0.5,19,1,iv2_0005920,850.0,866.0,16.0,True,False,realcartest_event_0037
cils_craq_lite,80,0.9,0.5,19,1,iv2_0005920,850.0,866.0,16.0,True,False,realcartest_event_0037
cils_craq_lite,80,0.8,0.5,19,2,iv2_0004318,544.0,560.0,16.0,False,False,
cils_craq_lite,80,0.9,0.5,19,2,iv2_0004318,544.0,560.0,16.0,False,False,
cils_craq_lite,80,0.8,0.5,19,3,iv2_0007360,638.0,654.0,16.0,False,False,
cils_craq_lite,80,0.9,0.5,19,3,iv2_0007360,638.0,654.0,16.0,False,False,
cils_craq_lite,80,0.8,0.5,19,4,iv2_0011265,806.0,838.0,32.0,False,False,realcartest_event_0037
cils_craq_lite,80,0.9,0.5,19,4,iv2_0011265,806.0,838.0,32.0,False,False,realcartest_event_0037
cils_craq_lite,80,0.8,0.5,19,5,iv2_0007576,250.0,266.0,16.0,False,False,realcartest_event_0026
cils_craq_lite,80,0.9,0.5,19,5,iv2_0007576,250.0,266.0,16.0,False,False,realcartest_event_0026
cils_craq_lite,80,0.8,0.5,19,6,iv2_0007330,768.0,784.0,16.0,False,False,realcartest_event_0034
cils_craq_lite,80,0.9,0.5,19,6,iv2_0007330,768.0,784.0,16.0,False,False,realcartest_event_0034
cils_craq_lite,80,0.8,0.5,19,7,iv2_0007594,1018.0,1034.0,16.0,False,False,
cils_craq_lite,80,0.9,0.5,19,7,iv2_0007594,1018.0,1034.0,16.0,False,False,
cils_craq_lite,80,0.8,0.5,19,8,iv2_0011686,872.0,900.0,28.0,False,False,realcartest_event_0037
cils_craq_lite,80,0.9,0.5,19,8,iv2_0011686,872.0,900.0,28.0,False,False,realcartest_event_0037
cils_craq_lite,80,0.8,0.5,19,9,iv2_0007077,494.0,506.0,12.0,True,False,realcartest_event_0029
cils_craq_lite,80,0.9,0.5,19,9,iv2_0007077,494.0,506.0,12.0,True,False,realcartest_event_0029
cils_craq_lite,80,0.8,0.5,19,10,iv2_0007522,468.0,484.0,16.0,False,False,
cils_craq_lite,80,0.9,0.5,19,10,iv2_0007522,468.0,484.0,16.0,False,False,
cils_craq_lite,80,0.8,0.5,19,11,iv2_0007161,670.0,682.0,12.0,False,False,
cils_craq_lite,80,0.9,0.5,19,11,iv2_0007161,670.0,682.0,12.0,False,False,
cils_craq_lite,80,0.8,0.5,19,12,iv2_0011576,680.0,720.0,40.0,False,False,realcartest_event_0033
cils_craq_lite,80,0.9,0.5,19,12,iv2_0011576,680.0,720.0,40.0,False,False,realcartest_event_0033
cils_craq_lite,80,0.8,0.5,19,13,iv2_0004233,486.0,498.0,12.0,True,True,realcartest_event_0029
cils_craq_lite,80,0.9,0.5,19,13,iv2_0004233,486.0,498.0,12.0,True,True,realcartest_event_0029
cils_craq_lite,80,0.8,0.5,19,14,iv2_0007143,554.0,566.0,12.0,False,False,realcartest_event_0031
cils_craq_lite,80,0.9,0.5,19,14,iv2_0007143,554.0,566.0,12.0,False,False,realcartest_event_0031
cils_craq_lite,80,0.8,0.5,19,15,iv2_0007215,662.0,674.0,12.0,False,False,
cils_craq_lite,80,0.9,0.5,19,15,iv2_0007215,662.0,674.0,12.0,False,False,
cils_craq_lite,80,0.8,0.5,19,16,iv2_0007155,796.0,808.0,12.0,False,False,
cils_craq_lite,80,0.9,0.5,19,16,iv2_0007155,796.0,808.0,12.0,False,False,
cils_craq_lite,80,0.8,0.5,19,17,iv2_0005937,758.0,770.0,12.0,True,True,realcartest_event_0034
cils_craq_lite,80,0.9,0.5,19,17,iv2_0005937,758.0,770.0,12.0,True,True,realcartest_event_0034
cils_craq_lite,80,0.8,0.5,19,18,iv2_0011323,1024.0,1064.0,40.0,False,False,realcartest_event_0040
cils_craq_lite,80,0.9,0.5,19,18,iv2_0011323,1024.0,1064.0,40.0,False,False,realcartest_event_0040
cils_craq_lite,80,0.8,0.5,19,19,iv2_0007683,924.0,936.0,12.0,False,False,
cils_craq_lite,80,0.9,0.5,19,19,iv2_0007683,924.0,936.0,12.0,False,False,
cils_craq_lite,80,0.8,0.5,19,20,iv2_0007257,1030.0,1042.0,12.0,False,False,
cils_craq_lite,80,0.9,0.5,19,20,iv2_0007257,1030.0,1042.0,12.0,False,False,
cils_craq_lite,80,0.8,0.6,19,1,iv2_0005920,850.0,866.0,16.0,True,False,realcartest_event_0037
cils_craq_lite,80,0.9,0.6,19,1,iv2_0005920,850.0,866.0,16.0,True,False,realcartest_event_0037
cils_craq_lite,80,0.8,0.6,19,2,iv2_0004318,544.0,560.0,16.0,False,False,
cils_craq_lite,80,0.9,0.6,19,2,iv2_0004318,544.0,560.0,16.0,False,False,
cils_craq_lite,80,0.8,0.6,19,3,iv2_0007360,638.0,654.0,16.0,False,False,
cils_craq_lite,80,0.9,0.6,19,3,iv2_0007360,638.0,654.0,16.0,False,False,
cils_craq_lite,80,0.8,0.6,19,4,iv2_0007576,250.0,266.0,16.0,False,False,realcartest_event_0026
cils_craq_lite,80,0.9,0.6,19,4,iv2_0007576,250.0,266.0,16.0,False,False,realcartest_event_0026
cils_craq_lite,80,0.8,0.6,19,5,iv2_0007330,768.0,784.0,16.0,False,False,realcartest_event_0034
cils_craq_lite,80,0.9,0.6,19,5,iv2_0007330,768.0,784.0,16.0,False,False,realcartest_event_0034
cils_craq_lite,80,0.8,0.6,19,6,iv2_0007594,1018.0,1034.0,16.0,False,False,
cils_craq_lite,80,0.9,0.6,19,6,iv2_0007594,1018.0,1034.0,16.0,False,False,
cils_craq_lite,80,0.8,0.6,19,7,iv2_0007077,494.0,506.0,12.0,True,False,realcartest_event_0029
cils_craq_lite,80,0.9,0.6,19,7,iv2_0007077,494.0,506.0,12.0,True,False,realcartest_event_0029
cils_craq_lite,80,0.8,0.6,19,8,iv2_0004707,880.0,892.0,12.0,False,False,realcartest_event_0037
cils_craq_lite,80,0.9,0.6,19,8,iv2_0004707,880.0,892.0,12.0,False,False,realcartest_event_0037
cils_craq_lite,80,0.8,0.6,19,9,iv2_0007522,468.0,484.0,16.0,False,False,
cils_craq_lite,80,0.9,0.6,19,9,iv2_0007522,468.0,484.0,16.0,False,False,
cils_craq_lite,80,0.8,0.6,19,10,iv2_0007083,806.0,818.0,12.0,False,False,realcartest_event_0036
cils_craq_lite,80,0.9,0.6,19,10,iv2_0007083,806.0,818.0,12.0,False,False,realcartest_event_0036
cils_craq_lite,80,0.8,0.6,19,11,iv2_0007161,670.0,682.0,12.0,False,False,
cils_craq_lite,80,0.9,0.6,19,11,iv2_0007161,670.0,682.0,12.0,False,False,
cils_craq_lite,80,0.8,0.6,19,12,iv2_0004233,486.0,498.0,12.0,True,True,realcartest_event_0029
cils_craq_lite,80,0.9,0.6,19,12,iv2_0004233,486.0,498.0,12.0,True,True,realcartest_event_0029
cils_craq_lite,80,0.8,0.6,19,13,iv2_0007143,554.0,566.0,12.0,False,False,realcartest_event_0031
cils_craq_lite,80,0.9,0.6,19,13,iv2_0007143,554.0,566.0,12.0,False,False,realcartest_event_0031
cils_craq_lite,80,0.8,0.6,19,14,iv2_0007215,662.0,674.0,12.0,False,False,
cils_craq_lite,80,0.9,0.6,19,14,iv2_0007215,662.0,674.0,12.0,False,False,
cils_craq_lite,80,0.8,0.6,19,15,iv2_0007155,796.0,808.0,12.0,False,False,
cils_craq_lite,80,0.9,0.6,19,15,iv2_0007155,796.0,808.0,12.0,False,False,
cils_craq_lite,80,0.8,0.6,19,16,iv2_0005937,758.0,770.0,12.0,True,True,realcartest_event_0034
cils_craq_lite,80,0.9,0.6,19,16,iv2_0005937,758.0,770.0,12.0,True,True,realcartest_event_0034
cils_craq_lite,80,0.8,0.6,19,17,iv2_0011323,1024.0,1064.0,40.0,False,False,realcartest_event_0040
cils_craq_lite,80,0.9,0.6,19,17,iv2_0011323,1024.0,1064.0,40.0,False,False,realcartest_event_0040
cils_craq_lite,80,0.8,0.6,19,18,iv2_0007683,924.0,936.0,12.0,False,False,
cils_craq_lite,80,0.9,0.6,19,18,iv2_0007683,924.0,936.0,12.0,False,False,
cils_craq_lite,80,0.8,0.6,19,19,iv2_0007257,1030.0,1042.0,12.0,False,False,
cils_craq_lite,80,0.9,0.6,19,19,iv2_0007257,1030.0,1042.0,12.0,False,False,
cils_craq_lite,80,0.8,0.6,19,20,iv2_0004419,276.0,288.0,12.0,False,False,
cils_craq_lite,80,0.9,0.6,19,20,iv2_0004419,276.0,288.0,12.0,False,False,
cils_craq_lite,80,0.8,0.6,19,21,iv2_0007377,618.0,630.0,12.0,False,False,
cils_craq_lite,80,0.9,0.6,19,21,iv2_0007377,618.0,630.0,12.0,False,False,
cils_craq_lite,80,0.8,0.6,19,22,iv2_0004275,1060.0,1072.0,12.0,False,False,realcartest_event_0040
cils_craq_lite,80,0.9,0.6,19,22,iv2_0004275,1060.0,1072.0,12.0,False,False,realcartest_event_0040
cils_craq_lite,80,0.8,0.6,19,23,iv2_0004251,984.0,996.0,12.0,False,False,
cils_craq_lite,80,0.9,0.6,19,23,iv2_0004251,984.0,996.0,12.0,False,False,
cils_craq_lite,80,0.8,0.6,19,24,iv2_0007269,888.0,900.0,12.0,False,False,
cils_craq_lite,80,0.9,0.6,19,24,iv2_0007269,888.0,900.0,12.0,False,False,
cils_craq_lite,80,0.8,0.6,19,25,iv2_0007695,354.0,366.0,12.0,False,False,
cils_craq_lite,80,0.9,0.6,19,25,iv2_0007695,354.0,366.0,12.0,False,False,
