# gpu    pwr  gtemp  mtemp     sm    mem    enc    dec    jpg    ofa   mclk   pclk  pviol  tviol     fb   bar1   ccpm  rxpci  txpci 
# Idx      W      C      C      %      %      %      %      %      %    MHz    MHz      %   bool     MB     MB     MB   MB/s   MB/s 
    0     67     33     47      0      0      0      0      0      0   1593    210      0      0      0      1      0      0      0 
    0     67     33     47      0      0      0      0      0      0   1593    210      0      0      0      1      0      0      0 
    0     67     33     47      0      0      0      0      0      0   1593    210      0      0      0      1      0      0      0 
    0     67     33     47      0      0      0      0      0      0   1593    210      0      0      0      1      0      0      0 
    0     67     33     47      0      0      0      0      0      0   1593    210      0      0      0      1      0      0      0 
    0     67     33     47      0      0      0      0      0      0   1593    210      0      0      0      1      0      0      1 
    0     67     33     47      0      0      0      0      0      0   1593    210      0      0      0      1      0      0      1 
    0     67     33     47      0      0      0      0      0      0   1593    210      0      0      0      1      0      0      0 
    0     67     33     47      0      0      0      0      0      0   1593    210      0      0      0      1      0      0      0 
    0     67     33     47      0      0      0      0      0      0   1593    210      0      0      0      1      0      2      0 
    0     67     33     47      0      0      0      0      0      0   1593    210      0      0      0      1      0      0      0 
    0     67     33     47      0      0      0      0      0      0   1593    210      0      0      0      1      0      0      0 
    0     67     33     47      0      0      0      0      0      0   1593    210      0      0      0      1      0      0      0 
    0     67     33     47      0      0      0      0      0      0   1593    210      0      0      0      1      0      0      0 
    0     67     33     47      0      0      0      0      0      0   1593    210      0      0      0      1      0      1      0 
    0     67     33     47      0      0      0      0      0      0   1593    210      0      0      0      1      0      0      0 
    0     84     33     47      0      0      0      0      0      0   1593   1080      0      0      0      1      0      1      1 
    0     84     34     47      0      0      0      0      0      0   1593   1080      0      0      0      1      0      1      0 
    0     67     33     47      0      0      0      0      0      0   1593    210      0      0      0      1      0      0      0 
    0     67     33     47      0      0      0      0      0      0   1593    210      0      0      0      1      0      0      1 
    0     67     33     47      0      0      0      0      0      0   1593    210      0      0      0      1      0      0      0 
    0     67     33     47      0      0      0      0      0      0   1593    210      0      0      0      1      0      1      0 
    0     67     33     47      0      0      0      0      0      0   1593    210      0      0      0      1      0      0      3 
    0     67     33     47      0      0      0      0      0      0   1593    210      0      0      0      1      0      0      0 
    0     67     33     47      0      0      0      0      0      0   1593    210      0      0      0      1      0      0      2 
    0     67     33     47      0      0      0      0      0      0   1593    210      0      0      0      1      0      0      0 
    0     67     33     47      0      0      0      0      0      0   1593    210      0      0      0      1      0      0      0 
    0     67     33     47      0      0      0      0      0      0   1593    210      0      0      0      1      0      0      0 
    0     67     33     47      0      0      0      0      0      0   1593    210      0      0      0      1      0      0      0 
    0     67     33     47      0      0      0      0      0      0   1593    210      0      0      0      1      0      0      0 
    0     67     33     47      0      0      0      0      0      0   1593    210      0      0      0      1      0      1      1 
    0     67     33     47      0      0      0      0      0      0   1593    210      0      0      0      1      0      0      0 
    0     67     33     47      0      0      0      0      0      0   1593    210      0      0      0      1      0      0      0 
    0     67     33     47      0      0      0      0      0      0   1593    210      0      0      0      1      0      0      0 
    0     67     33     47      0      0      0      0      0      0   1593    210      0      0      0      1      0      0      0 
    0     67     33     47      0      0      0      0      0      0   1593    210      0      0      1      1      0      0      0 
    0     67     33     47      0      0      0      0      0      0   1593    210      0      0      4      4      0      0      1 
    0     87     34     47      0      0      0      0      0      0   1593   1155      0      0     20     21      0      5      1 
    0     87     34     47      0      0      0      0      0      0   1593   1155      0      0     29     30      0      1      1 
    0     87     34     47      0      0      0      0      0      0   1593   1155      0      0     85     86      0      0      0 
    0     87     34     47      0      0      0      0      0      0   1593   1155      0      0  64051   2612      0      0      0 
    0     87     34     47      2      0      0      0      0      0   1593   1155      0      0  64053   2614      0    784    115 
    0     87     34     49      1      0      0      0      0      0   1593   1155      0      0  64053   2614      0    729     77 
    0    116     36     48      2      0      0      0      0      0   1593   1410      0      0  64053   2614      0    504     45 
# gpu    pwr  gtemp  mtemp     sm    mem    enc    dec    jpg    ofa   mclk   pclk  pviol  tviol     fb   bar1   ccpm  rxpci  txpci 
# Idx      W      C      C      %      %      %      %      %      %    MHz    MHz      %   bool     MB     MB     MB   MB/s   MB/s 
    0    116     36     48      2      0      0      0      0      0   1593   1410      0      0  64053   2614      0    896     94 
    0     87     35     48      6      0      0      0      0      0   1593   1155      0      0  64053   2614      0   1344    166 
    0     87     34     48      5      0      0      0      0      0   1593   1155      0      0  64053   2614      0   3585    391 
    0     87     34     48      4      0      0      0      0      0   1593   1155      0      0  64053   2614      0   6834   1128 
    0     87     35     48      1      0      0      0      0      0   1593   1155      0      0  64053   2614      0    224     26 
    0     87     35     48      6      0      0      0      0      0   1593   1155      0      0  64053   2614      0   3081    109 
    0     87     35     48      4      0      0      0      0      0   1593   1155      0      0  64053   2614      0      0     26 
    0     87     35     48      4      0      0      0      0      0   1593   1155      0      0  64053   2614      0    448     25 
    0     87     35     48      1      0      0      0      0      0   1593   1155      0      0  64053   2614      0   2465     58 
    0     87     35     48      1      0      0      0      0      0   1593   1155      0      0  64053   2614      0   4481     26 
    0     87     35     48      3      0      0      0      0      0   1593   1155      0      0  64053   2614      0   1176     25 
    0     87     35     48      3      0      0      0      0      0   1593   1155      0      0  64053   2614      0    616    673 
    0     87     35     48      3      0      0      0      0      0   1593   1155      0      0  64053   2614      0    672     77 
    0     88     35     48      3      0      0      0      0      0   1593   1155      0      0  64053   2614      0      0      0 
    0     87     35     48      5      0      0      0      0      0   1593   1155      0      0  64053   2614      0   1232    154 
    0     87     35     48      4      0      0      0      0      0   1593   1155      0      0  64053   2614      0   4706     77 
    0     87     35     48      6      0      0      0      0      0   1593   1155      0      0  64053   2614      0   1176    134 
    0     87     35     48      6      0      0      0      0      0   1593   1155      0      0  64053   2614      0   1008    135 
    0     87     35     48      2      0      0      0      0      0   1593   1155      0      0  64053   2614      0    336    134 
    0     87     35     48      1      0      0      0      0      0   1593   1155      0      0  64053   2614      0    785    308 
    0     87     35     48      5      0      0      0      0      0   1593   1155      0      0  64053   2614      0   9242      0 
    0     87     35     48      3      0      0      0      0      0   1593   1155      0      0  64053   2614      0      0     26 
    0     87     35     48      5      0      0      0      0      0   1593   1155      0      0  64053   2614      0   3809    109 
    0     87     35     48      5      0      0      0      0      0   1593   1155      0      0  64053   2614      0    729    404 
    0     87     35     48      6      0      0      0      0      0   1593   1155      0      0  64053   2614      0   2577    346 
    0     87     35     48      5      0      0      0      0      0   1593   1155      0      0  64053   2614      0   4285    186 
    0     88     35     48      6      0      0      0      0      0   1593   1155      0      0  64053   2614      0    504    218 
    0     87     35     48      6      0      0      0      0      0   1593   1155      0      0  64053   2614      0   1737    128 
    0     88     35     48      5      0      0      0      0      0   1593   1155      0      0  64053   2614      0   2241     26 
    0     87     35     48      4      0      0      0      0      0   1593   1155      0      0  64053   2614      0   1737    250 
    0     87     35     48      1      0      0      0      0      0   1593   1155      0      0  64053   2614      0   2521    519 
    0     88     35     48      6      0      0      0      0      0   1593   1155      0      0  64053   2614      0    112     25 
    0     88     35     48      6      0      0      0      0      0   1593   1155      0      0  64053   2614      0   4817    468 
    0     87     35     48      1      0      0      0      0      0   1593   1155      0      0  64053   2614      0    449     26 
    0     88     35     48      6      0      0      0      0      0   1593   1155      0      0  64053   2614      0    827    590 
    0    117     36     50      4      0      0      0      0      0   1593   1155      0      0  64053   2614      0   1009    136 
    0     88     35     48      5      0      0      0      0      0   1593   1155      0      0  64053   2614      0      0      2 
    0     88     35     48      4      0      0      0      0      0   1593   1155      0      0  64053   2614      0   1120    143 
    0     88     35     48      4      0      0      0      0      0   1593   1155      0      0  64053   2614      0    784    504 
    0     88     35     48      3      0      0      0      0      0   1593   1155      0      0  64053   2614      0    952    128 
    0     88     35     48      5      0      0      0      0      0   1593   1155      0      0  64053   2614      0    785    493 
    0     88     35     48      5      0      0      0      0      0   1593   1155      0      0  64053   2614      0   5097    897 
    0     88     35     48      1      0      0      0      0      0   1593   1155      0      0  64053   2614      0    616     25 
    0     88     35     48      0      0      0      0      0      0   1593   1155      0      0  64053   2614      0   1008    141 
# gpu    pwr  gtemp  mtemp     sm    mem    enc    dec    jpg    ofa   mclk   pclk  pviol  tviol     fb   bar1   ccpm  rxpci  txpci 
# Idx      W      C      C      %      %      %      %      %      %    MHz    MHz      %   bool     MB     MB     MB   MB/s   MB/s 
    0     88     35     48      4      0      0      0      0      0   1593   1155      0      0  64053   2614      0    224     25 
    0     88     35     48      5      0      0      0      0      0   1593   1155      0      0  64053   2614      0   1192     32 
    0     87     35     48      3      0      0      0      0      0   1593   1155      0      0  64053   2614      0    224      0 
    0     87     35     48      1      0      0      0      0      0   1593   1155      0      0  64053   2614      0    112    259 
    0     87     35     48      1      0      0      0      0      0   1593   1155      0      0  64053   2614      0    954    134 
    0     88     35     48      5      0      0      0      0      0   1593   1155      0      0  64053   2614      0   1120    134 
    0     88     35     48      4      0      0      0      0      0   1593   1155      0      0  64053   2614      0    952    141 
    0     88     35     48      4      0      0      0      0      0   1593   1155      0      0  64053   2614      0   1232    134 
    0     87     35     48      4      0      0      0      0      0   1593   1155      0      0  64053   2614      0   4033    570 
    0     88     35     48      1      0      0      0      0      0   1593   1155      0      0  64053   2614      0    448     77 
    0     88     35     48      1      0      0      0      0      0   1593   1155      0      0  64053   2614      0   3305     83 
    0     88     35     48      4      0      0      0      0      0   1593   1155      0      0  64053   2614      0   2185    378 
    0     88     35     48      5      0      0      0      0      0   1593   1155      0      0  64053   2614      0   1563     83 
    0     88     35     48      4      0      0      0      0      0   1593   1155      0      0  64053   2614      0    448     13 
    0     88     35     48      1      0      0      0      0      0   1593   1155      0      0  64053   2614      0    392    134 
    0     88     35     48      3      0      0      0      0      0   1593   1155      0      0  64053   2614      0   9130    524 
    0     88     35     48      2      0      0      0      0      0   1593   1155      0      0  64053   2614      0   1054    134 
    0     87     35     48      5      0      0      0      0      0   1593   1155      0      0  64053   2614      0    952     64 
    0     88     35     48      3      0      0      0      0      0   1593   1155      0      0  64053   2614      0    896    153 
    0     88     35     48      6      0      0      0      0      0   1593   1155      0      0  64053   2614      0   3025      0 
    0     88     35     48      5      0      0      0      0      0   1593   1155      0      0  64053   2614      0   1345      0 
    0     88     35     48      1      0      0      0      0      0   1593   1155      0      0  64053   2614      0   1120    141 
    0     88     35     48      6      0      0      0      0      0   1593   1155      0      0  64053   2614      0   1125     16 
    0    117     36     48      1      0      0      0      0      0   1593   1410      0      0  64053   2614      0   3623    488 
    0     88     35     48      4      0      0      0      0      0   1593   1155      0      0  64055   2616      0      1      1 
    0     88     35     48      0      0      0      0      0      0   1593   1155      0      0  64055   2616      0      5      7 
    0     88     35     48      0      0      0      0      0      0   1593   1155      0      0  64055   2616      0      0      0 
    0     87     35     48      0      0      0      0      0      0   1593   1155      0      0  64055   2616      0      1      1 
    0     88     35     48      1      0      0      0      0      0   1593   1155      0      0  64151   2712      0      6      0 
    0     88     35     48      0      0      0      0      0      0   1593   1155      0      0  64171   2732      0      0      0 
    0     88     35     48      0      0      0      0      0      0   1593   1155      0      0  64171   2732      0      0      1 
    0     88     35     48      0      0      0      0      0      0   1593   1155      0      0  64175   2736      0      0      0 
    0     88     35     48      0      0      0      0      0      0   1593   1155      0      0  64175   2736      0      1      1 
    0     87     35     48      0      0      0      0      0      0   1593   1155      0      0  64203   2764      0      0      0 
    0     87     35     48      0      0      0      0      0      0   1593   1155      0      0  64203   2764      0      0      0 
    0     87     35     48      0      0      0      0      0      0   1593   1155      0      0  64203   2764      0      0      1 
    0     90     35     48      0      0      0      0      0      0   1593   1155      0      0  64325   2886      0      0      0 
    0    110     38     50     78     21      0      0      0      0   1593   1155      0      0  64695   3256      0     73     17 
    0    261     42     55     74     56      0      0      0      0   1593   1410      0      0  64695   3256      0    160     24 
    0    231     43     55     69     52      0      0      0      0   1593   1410      0      0  64695   3256      0    402     14 
    0    234     43     57     75     57      0      0      0      0   1593   1410      0      0  64695   3256      0     91     18 
    0    242     44     57     70     53      0      0      0      0   1593   1410      0      0  64695   3256      0    383     15 
    0    262     44     56     75     57      0      0      0      0   1593   1410      0      0  64695   3256      0    442     14 
    0    251     45     57     72     54      0      0      0      0   1593   1410      0      0  64695   3256      0    478     93 
# gpu    pwr  gtemp  mtemp     sm    mem    enc    dec    jpg    ofa   mclk   pclk  pviol  tviol     fb   bar1   ccpm  rxpci  txpci 
# Idx      W      C      C      %      %      %      %      %      %    MHz    MHz      %   bool     MB     MB     MB   MB/s   MB/s 
    0    257     45     58     71     54      0      0      0      0   1593   1410      0      0  64695   3256      0    352     26 
    0    120     41     53      0      0      0      0      0      0   1593   1410      0      0  64695   3256      0      1      1 
    0    228     42     52      0      0      0      0      0      0   1593   1155      0      0  64695   3256      0     29      9 
    0    258     45     58     71     53      0      0      0      0   1593   1410      0      0  64695   3256      0     87     73 
    0    256     46     58     69     52      0      0      0      0   1593   1410      0      0  64695   3256      0    318     33 
    0    240     46     59     72     54      0      0      0      0   1593   1410      0      0  64695   3256      0    123     89 
    0    233     46     59     71     53      0      0      0      0   1593   1410      0      0  64695   3256      0     67     16 
    0    241     47     58     77     58      0      0      0      0   1593   1410      0      0  64695   3256      0    129     30 
    0    242     47     60     72     54      0      0      0      0   1593   1410      0      0  64695   3256      0    362     15 
    0    270     48     60     76     57      0      0      0      0   1593   1410      0      0  64695   3256      0    658      0 
    0    120     43     54      0      0      0      0      0      0   1593   1410      0      0  64695   3256      0     25      6 
    0    261     47     58     71     54      0      0      0      0   1593   1410      0      0  64695   3256      0     86     16 
    0    265     47     58     72     54      0      0      0      0   1593   1410      0      0  64695   3256      0    442     82 
    0    266     48     59     71     53      0      0      0      0   1593   1410      0      0  64695   3256      0     71     16 
    0    264     48     59     72     54      0      0      0      0   1593   1410      0      0  64695   3256      0    476     90 
    0    237     48     59     70     53      0      0      0      0   1593   1410      0      0  64695   3256      0    459     15 
    0    236     48     59     71     53      0      0      0      0   1593   1410      0      0  64695   3256      0     85     18 
    0    247     49     61     72     55      0      0      0      0   1593   1410      0      0  64695   3256      0      0      6 
    0    125     46     56      0      0      0      0      0      0   1593   1155      0      0  64695   3256      0     23      5 
    0    263     48     59     74     56      0      0      0      0   1593   1410      0      0  64695   3256      0     81     18 
    0    266     49     61     72     54      0      0      0      0   1593   1410      0      0  64695   3256      0    449     80 
    0    267     49     61     72     54      0      0      0      0   1593   1410      0      0  64695   3256      0     83     46 
    0    262     49     61     71     54      0      0      0      0   1593   1410      0      0  64695   3256      0    196     26 
    0    256     50     60     77     58      0      0      0      0   1593   1410      0      0  64695   3256      0    437    163 
    0    254     50     62     71     53      0      0      0      0   1593   1410      0      0  64695   3256      0     98     16 
    0    122     46     57     23     18      0      0      0      0   1593   1410      0      0  64695   3256      0      0      0 
    0     90     43     55      0      0      0      0      0      0   1593   1155      0      0  64695   3256      0     43      8 
    0    243     49     60     72     55      0      0      0      0   1593   1410      0      0  64695   3256      0    178     34 
    0    259     49     60     78     59      0      0      0      0   1593   1410      0      0  64695   3256      0     88     76 
    0    268     50     61     77     58      0      0      0      0   1593   1410      0      0  64695   3256      0    138     26 
    0    260     50     62     70     53      0      0      0      0   1593   1410      0      0  64695   3256      0    321     25 
    0    267     50     61     78     59      0      0      0      0   1593   1410      0      0  64695   3256      0    590     24 
    0    268     50     61     72     54      0      0      0      0   1593   1410      0      0  64695   3256      0    804     76 
    0    258     51     62     75     57      0      0      0      0   1593   1410      0      0  64695   3256      0    822    245 
    0    123     47     58      9      7      0      0      0      0   1593   1410      0      0  64695   3256      0      1      0 
    0     90     43     56      0      0      0      0      0      0   1593   1155      0      0  64695   3256      0     69     17 
    0    221     50     59     68     51      0      0      0      0   1593   1410      0      0  64695   3256      0     93     20 
    0    252     50     60     72     55      0      0      0      0   1593   1410      0      0  64695   3256      0    393     14 
    0    258     51     62     73     55      0      0      0      0   1593   1410      0      0  64695   3256      0     77     18 
    0    268     51     61     75     56      0      0      0      0   1593   1410      0      0  64695   3256      0    355     15 
    0    264     51     63     73     55      0      0      0      0   1593   1410      0      0  64695   3256      0    387     57 
    0    268     51     62     71     53      0      0      0      0   1593   1410      0      0  64695   3256      0    133     73 
    0    267     51     62     74     56      0      0      0      0   1593   1410      0      0  64695   3256      0    373     15 
    0    123     47     58     26     20      0      0      0      0   1593   1410      0      0  64695   3256      0      0      1 
# gpu    pwr  gtemp  mtemp     sm    mem    enc    dec    jpg    ofa   mclk   pclk  pviol  tviol     fb   bar1   ccpm  rxpci  txpci 
# Idx      W      C      C      %      %      %      %      %      %    MHz    MHz      %   bool     MB     MB     MB   MB/s   MB/s 
    0    270     49     58     30      7      0      0      0      0   1593   1155      0      0  64695   3256      0    362     77 
    0    235     50     62     69     52      0      0      0      0   1593   1410      0      0  64695   3256      0     67     17 
    0    251     51     61     72     54      0      0      0      0   1593   1410      0      0  64695   3256      0    456    153 
    0    251     51     61     73     55      0      0      0      0   1593   1410      0      0  64695   3256      0    431     87 
    0    257     51     63     72     54      0      0      0      0   1593   1410      0      0  64695   3256      0   1252     14 
    0    260     51     62     74     56      0      0      0      0   1593   1410      0      0  64695   3256      0    121     35 
    0    123     48     59     16     12      0      0      0      0   1593   1410      0      0  64695   3256      0      1      1 
    0     91     44     57      0      0      0      0      0      0   1593   1155      0      0  64695   3256      0      0     45 
    0    278     51     62     77     58      0      0      0      0   1593   1410      0      0  64695   3256      0    131     25 
    0    256     51     63     75     56      0      0      0      0   1593   1410      0      0  64695   3256      0    104     15 
    0    241     51     63     69     52      0      0      0      0   1593   1410      0      0  64695   3256      0    442     76 
    0    242     51     62     70     53      0      0      0      0   1593   1410      0      0  64695   3256      0    101     22 
    0    252     52     62     73     55      0      0      0      0   1593   1410      0      0  64695   3256      0    370     12 
    0    253     52     63     71     53      0      0      0      0   1593   1410      0      0  64695   3256      0    450     11 
    0    263     52     63     70     53      0      0      0      0   1593   1410      0      0  64695   3256      0     94     18 
    0    123     48     58      1      1      0      0      0      0   1593   1410      0      0  64695   3256      0      0      4 
    0     91     45     56      0      0      0      0      0      0   1593   1155      0      0  64695   3256      0      0     84 
    0    266     51     61     71     54      0      0      0      0   1593   1410      0      0  64695   3256      0     83     18 
    0    257     51     62     70     53      0      0      0      0   1593   1410      0      0  64695   3256      0   1735    156 
    0    237     52     62     71     53      0      0      0      0   1593   1410      0      0  64695   3256      0     80     18 
    0    231     52     62     73     55      0      0      0      0   1593   1410      0      0  64695   3256      0    104     70 
    0    257     52     63     70     52      0      0      0      0   1593   1410      0      0  64695   3256      0    416     83 
    0    252     52     62     72     54      0      0      0      0   1593   1410      0      0  64695   3256      0     95     18 
    0    123     47     58      0      0      0      0      0      0   1593   1410      0      0  64695   3256      0      1      0 
    0    403     55     59    100     27      0      0      0      0   1593   1335      0      0  64695   3256      0    434     16 
    0    268     52     61     71     54      0      0      0      0   1593   1410      0      0  64695   3256      0     97     44 
    0    260     52     62     67     50      0      0      0      0   1593   1410      0      0  64695   3256      0    108     29 
    0    268     52     63     76     57      0      0      0      0   1593   1410      0      0  64695   3256      0     67     17 
    0    262     52     63     74     55      0      0      0      0   1593   1410      0      0  64695   3256      0     95     46 
    0    233     52     62     70     52      0      0      0      0   1593   1410      0      0  64695   3256      0    110     29 
    0    257     52     63     75     56      0      0      0      0   1593   1410      0      0  64695   3256      0    435     24 
    0    123     47     57      0      0      0      0      0      0   1593   1410      0      0  64695   3256      0      0      1 
    0    261     52     61     79     46      0      0      0      0   1593   1410      0      0  64695   3256      0    428     72 
    0    269     52     63     73     55      0      0      0      0   1593   1410      0      0  64695   3256      0    183     66 
    0    265     52     62     72     54      0      0      0      0   1593   1410      0      0  64695   3256      0    459     75 
    0    267     52     63     70     52      0      0      0      0   1593   1410      0      0  64695   3256      0    138     61 
    0    257     52     64     69     52      0      0      0      0   1593   1410      0      0  64695   3256      0    352    263 
    0    269     52     62     72     54      0      0      0      0   1593   1410      0      0  64695   3256      0    656     25 
    0    254     52     62     74     56      0      0      0      0   1593   1410      0      0  64695   3256      0      0      0 
    0    123     47     57      0      0      0      0      0      0   1593   1410      0      0  64695   3256      0      0      1 
    0    392     54     59    100     27      0      0      0      0   1593   1395      0      0  64695   3256      0     97     90 
    0    249     51     62     71     54      0      0      0      0   1593   1410      0      0  64695   3256      0    367     92 
    0    264     52     62     71     53      0      0      0      0   1593   1410      0      0  64695   3256      0     76     17 
    0    264     52     63     71     53      0      0      0      0   1593   1410      0      0  64695   3256      0    385     80 
# gpu    pwr  gtemp  mtemp     sm    mem    enc    dec    jpg    ofa   mclk   pclk  pviol  tviol     fb   bar1   ccpm  rxpci  txpci 
# Idx      W      C      C      %      %      %      %      %      %    MHz    MHz      %   bool     MB     MB     MB   MB/s   MB/s 
    0    265     52     62     72     54      0      0      0      0   1593   1410      0      0  64695   3256      0    370     75 
    0    266     52     64     72     54      0      0      0      0   1593   1410      0      0  64695   3256      0    432     75 
    0    124     49     60      6      4      0      0      0      0   1593   1410      0      0  64695   3256      0     20      0 
    0    247     53     60     84     22      0      0      0      0   1593   1395      0      0  64695   3256      0     92     19 
    0    241     52     62     70     53      0      0      0      0   1593   1410      0      0  64695   3256      0     97     88 
    0    253     52     62     74     55      0      0      0      0   1593   1410      0      0  64695   3256      0     76     18 
    0    257     52     63     72     54      0      0      0      0   1593   1410      0      0  64695   3256      0     79     16 
    0    273     52     64     79     59      0      0      0      0   1593   1410      0      0  64695   3256      0    111     21 
    0    256     52     63     70     53      0      0      0      0   1593   1410      0      0  64695   3256      0     91     18 
    0    266     53     64     78     59      0      0      0      0   1593   1410      0      0  64695   3256      0    135     77 
    0    253     53     64     78     59      0      0      0      0   1593   1410      0      0  64695   3256      0    126     24 
    0    263     53     64     75     56      0      0      0      0   1593   1410      0      0  64695   3256      0    782     79 
    0    123     48     58      0      0      0      0      0      0   1593   1410      0      0  64695   3256      0      1     57 
    0    244     52     63     75     57      0      0      0      0   1593   1410      0      0  64695   3256      0     95     18 
    0    234     52     63     70     53      0      0      0      0   1593   1410      0      0  64695   3256      0    426     18 
    0    236     52     64     70     53      0      0      0      0   1593   1410      0      0  64695   3256      0    446     85 
    0    252     52     62     70     53      0      0      0      0   1593   1410      0      0  64695   3256      0    101     18 
    0    259     53     62     77     58      0      0      0      0   1593   1410      0      0  64695   3256      0    137     15 
    0    255     52     63     69     52      0      0      0      0   1593   1410      0      0  64695   3256      0    148     22 
    0    261     52     64     69     52      0      0      0      0   1593   1410      0      0  64695   3256      0     87     33 
    0    261     53     64     71     54      0      0      0      0   1593   1410      0      0  64695   3256      0     77     71 
    0    123     48     58      0      0      0      0      0      0   1593   1410      0      0  64695   3256      0      1      0 
    0    404     55     59    100     27      0      0      0      0   1593   1350      0      0  64695   3256      0     70     17 
    0    267     52     64     73     55      0      0      0      0   1593   1410      0      0  64695   3256      0     93     18 
    0    245     52     62     72     54      0      0      0      0   1593   1410      0      0  64695   3256      0     71     16 
    0    244     52     64     70     53      0      0      0      0   1593   1410      0      0  64695   3256      0    429    153 
    0    256     53     64     74     55      0      0      0      0   1593   1410      0      0  64695   3256      0    394    241 
    0    266     53     64     71     54      0      0      0      0   1593   1410      0      0  64695   3256      0     90     18 
    0    130     51     61     73     55      0      0      0      0   1593   1410      0      0  64695   3256      0      0      0 
    0     92     46     57      0      0      0      0      0      0   1593   1155      0      0  64695   3256      0    435     17 
    0    272     52     64     74     56      0      0      0      0   1593   1410      0      0  64695   3256      0     94     17 
    0    269     52     63     74     55      0      0      0      0   1593   1410      0      0  64695   3256      0    853     85 
    0    241     52     64     71     54      0      0      0      0   1593   1410      0      0  64695   3256      0    412    168 
    0    240     53     62     71     54      0      0      0      0   1593   1410      0      0  64695   3256      0    199     25 
    0    258     53     64     71     54      0      0      0      0   1593   1410      0      0  64695   3256      0     89     22 
    0    276     53     64     78     59      0      0      0      0   1593   1410      0      0  64695   3256      0    218     18 
    0    124     48     59      0      0      0      0      0      0   1593   1410      0      0  64695   3256      0      0      0 
    0    203     48     57      0      0      0      0      0      0   1593   1155      0      0  64695   3256      0     27      6 
    0    272     52     63     78     59      0      0      0      0   1593   1410      0      0  64695   3256      0    414     97 
    0    266     52     64     80     60      0      0      0      0   1593   1410      0      0  64695   3256      0    399     15 
    0    261     53     64     77     58      0      0      0      0   1593   1410      0      0  64695   3256      0    111    117 
    0    254     53     64     77     58      0      0      0      0   1593   1410      0      0  64695   3256      0     85     99 
    0    276     53     63     78     59      0      0      0      0   1593   1410      0      0  64695   3256      0    121     35 
    0    220     53     64     71     53      0      0      0      0   1593   1410      0      0  64695   3256      0    857    157 
# gpu    pwr  gtemp  mtemp     sm    mem    enc    dec    jpg    ofa   mclk   pclk  pviol  tviol     fb   bar1   ccpm  rxpci  txpci 
# Idx      W      C      C      %      %      %      %      %      %    MHz    MHz      %   bool     MB     MB     MB   MB/s   MB/s 
    0    257     53     64     73     55      0      0      0      0   1593   1410      0      0  64695   3256      0      0      1 
    0    123     48     58      0      0      0      0      0      0   1593   1410      0      0  64695   3256      0      1      0 
    0    273     52     62     69     52      0      0      0      0   1593   1410      0      0  64695   3256      0    489     80 
    0    271     52     64     74     56      0      0      0      0   1593   1410      0      0  64695   3256      0    436     15 
    0    270     53     64     71     54      0      0      0      0   1593   1410      0      0  64695   3256      0    424     15 
    0    263     53     63     71     54      0      0      0      0   1593   1410      0      0  64695   3256      0    358     68 
    0    245     53     62     71     54      0      0      0      0   1593   1410      0      0  64695   3256      0     86     17 
    0    238     53     64     72     54      0      0      0      0   1593   1410      0      0  64695   3256      0     94     15 
    0    238     53     64     72     54      0      0      0      0   1593   1410      0      0  64695   3256      0    425     13 
    0    124     49     59      2      2      0      0      0      0   1593   1410      0      0  64695   3256      0      0      1 
    0    343     57     61     40     10      0      0      0      0   1593   1335      0      0  64695   3256      0     75     18 
    0    267     52     62     73     55      0      0      0      0   1593   1410      0      0  64695   3256      0    416     91 
    0    271     53     62     74     55      0      0      0      0   1593   1410      0      0  64695   3256      0     85     99 
    0    274     53     64     72     54      0      0      0      0   1593   1410      0      0  64695   3256      0    142     16 
    0    280     53     63     72     54      0      0      0      0   1593   1410      0      0  64695   3256      0    408     83 
    0    277     53     64     75     56      0      0      0      0   1593   1410      0      0  64695   3256      0    462     96 
    0    263     53     64     76     58      0      0      0      0   1593   1410      0      0  64695   3256      0     10      3 
    0    123     48     59      0      0      0      0      0      0   1593   1410      0      0  64695   3256      0      2      1 
    0    235     52     62     89     39      0      0      0      0   1593   1410      0      0  64695   3256      0    272     74 
    0    276     53     63     71     54      0      0      0      0   1593   1410      0      0  64695   3256      0    498     18 
    0    263     53     63     73     55      0      0      0      0   1593   1410      0      0  64695   3256      0     68     17 
    0    275     53     64     77     58      0      0      0      0   1593   1410      0      0  64695   3256      0    112     35 
    0    270     53     63     80     60      0      0      0      0   1593   1410      0      0  64695   3256      0     85     18 
    0    260     53     64     71     53      0      0      0      0   1593   1410      0      0  64695   3256      0     67     16 
    0    269     53     63     73     55      0      0      0      0   1593   1410      0      0  64695   3256      0     90     27 
    0    267     53     64     71     53      0      0      0      0   1593   1410      0      0  64695   3256      0    302     23 
    0    271     52     62     73     55      0      0      0      0   1593   1410      0      0  64695   3256      0      0      0 
    0    402     54     61     95     35      0      0      0      0   1593   1365      0      0  64695   3256      0    858    164 
    0    242     52     64     70     53      0      0      0      0   1593   1410      0      0  64695   3256      0     74     18 
    0    244     53     64     70     53      0      0      0      0   1593   1410      0      0  64695   3256      0     70     16 
    0    249     53     64     70     53      0      0      0      0   1593   1410      0      0  64695   3256      0     94     18 
    0    265     53     64     71     54      0      0      0      0   1593   1410      0      0  64695   3256      0    465     85 
    0    259     53     64     71     54      0      0      0      0   1593   1410      0      0  64695   3256      0    861     78 
    0    268     53     64     71     54      0      0      0      0   1593   1410      0      0  64695   3256      0    326     15 
    0    124     48     59      0      0      0      0      0      0   1593   1410      0      0  64695   3256      0      1      0 
    0     92     46     58      0      0      0      0      0      0   1593   1155      0      0  64695   3256      0     46      8 
    0    270     52     63     72     54      0      0      0      0   1593   1410      0      0  64695   3256      0     83     18 
    0    255     52     64     73     55      0      0      0      0   1593   1410      0      0  64695   3256      0     70     17 
    0    236     53     63     73     55      0      0      0      0   1593   1410      0      0  64695   3256      0    410     91 
    0    274     53     64     73     55      0      0      0      0   1593   1410      0      0  64695   3256      0    366     67 
    0    258     53     63     72     54      0      0      0      0   1593   1410      0      0  64695   3256      0     83     17 
    0    266     53     63     70     53      0      0      0      0   1593   1410      0      0  64695   3256      0     94     96 
    0    123     48     59      0      0      0      0      0      0   1593   1410      0      0  64695   3256      0      0      1 
    0    285     53     64     78     59      0      0      0      0   1593   1410      0      0  64695   3256      0    913     73 
# gpu    pwr  gtemp  mtemp     sm    mem    enc    dec    jpg    ofa   mclk   pclk  pviol  tviol     fb   bar1   ccpm  rxpci  txpci 
# Idx      W      C      C      %      %      %      %      %      %    MHz    MHz      %   bool     MB     MB     MB   MB/s   MB/s 
    0    270     53     64     75     57      0      0      0      0   1593   1410      0      0  64695   3256      0    142     37 
    0    276     53     64     80     60      0      0      0      0   1593   1410      0      0  64695   3256      0    414     25 
    0    279     54     63     80     61      0      0      0      0   1593   1410      0      0  64695   3256      0    146     26 
    0    278     54     64     79     60      0      0      0      0   1593   1410      0      0  64695   3256      0    115     24 
    0    273     54     65     80     61      0      0      0      0   1593   1410      0      0  64695   3256      0    344     24 
    0    265     54     64     77     58      0      0      0      0   1593   1410      0      0  64695   3256      0    428      7 
    0    124     48     59      0      0      0      0      0      0   1593   1410      0      0  64695   3256      0      1      1 
    0    268     53     63     76     57      0      0      0      0   1593   1410      0      0  64695   3256      0    547     13 
    0    272     53     64     70     53      0      0      0      0   1593   1410      0      0  64695   3256      0    111     22 
    0    264     52     62     72     54      0      0      0      0   1593   1410      0      0  64695   3256      0    111     86 
    0    261     53     63     74     56      0      0      0      0   1593   1410      0      0  64695   3256      0     87     17 
    0    270     53     63     71     53      0      0      0      0   1593   1410      0      0  64695   3256      0    439     16 
    0    271     53     64     72     54      0      0      0      0   1593   1410      0      0  64695   3256      0    425     83 
    0    248     53     64     72     54      0      0      0      0   1593   1410      0      0  64695   3256      0     72     17 
    0    124     48     59      0      0      0      0      0      0   1593   1410      0      0  64695   3256      0      0      0 
    0    255     53     62     75     53      0      0      0      0   1593   1410      0      0  64695   3256      0   1342     80 
    0    271     53     64     73     55      0      0      0      0   1593   1410      0      0  64695   3256      0    838     88 
    0    263     53     64     71     54      0      0      0      0   1593   1410      0      0  64695   3256      0     75     18 
    0    265     53     63     71     53      0      0      0      0   1593   1410      0      0  64695   3256      0    287     24 
    0    273     53     64     71     53      0      0      0      0   1593   1410      0      0  64695   3256      0    471     13 
    0    272     53     64     71     53      0      0      0      0   1593   1410      0      0  64695   3256      0     86     18 
    0    265     53     64     71     53      0      0      0      0   1593   1410      0      0  64695   3256      0      0      1 
    0    123     48     59      0      0      0      0      0      0   1593   1410      0      0  64695   3256      0      0      0 
    0    283     52     59     27      6      0      0      0      0   1593   1155      0      0  64695   3256      0    484     14 
    0    256     52     64     72     54      0      0      0      0   1593   1410      0      0  64695   3256      0    406     77 
    0    264     53     64     71     54      0      0      0      0   1593   1410      0      0  64695   3256      0     68     18 
    0    256     53     63     73     55      0      0      0      0   1593   1410      0      0  64695   3256      0    135    126 
    0    272     53     63     76     58      0      0      0      0   1593   1410      0      0  64695   3256      0    117     29 
    0    265     54     64     77     58      0      0      0      0   1593   1410      0      0  64695   3256      0    188     27 
    0    272     53     63     76     57      0      0      0      0   1593   1410      0      0  64695   3256      0    556     64 
    0    124     49     59      0      0      0      0      0      0   1593   1410      0      0  64695   3256      0      0      2 
    0    384     55     60      0      0      0      0      0      0   1593   1335      0      0  64695   3256      0    183     33 
    0    234     52     62     70     53      0      0      0      0   1593   1410      0      0  64695   3256      0    441     20 
    0    236     53     64     70     53      0      0      0      0   1593   1410      0      0  64695   3256      0    402     96 
    0    248     53     64     69     52      0      0      0      0   1593   1410      0      0  64695   3256      0     83     17 
    0    253     53     64     71     53      0      0      0      0   1593   1410      0      0  64695   3256      0     88     17 
    0    256     53     63     70     52      0      0      0      0   1593   1410      0      0  64695   3256      0    368     16 
    0    269     53     63     79     59      0      0      0      0   1593   1410      0      0  64695   3256      0    375     80 
    0    124     48     59      0      0      0      0      0      0   1593   1410      0      0  64695   3256      0      0      1 
    0    269     52     63     72     54      0      0      0      0   1593   1410      0      0  64695   3256      0     66     17 
    0    272     53     64     70     53      0      0      0      0   1593   1410      0      0  64695   3256      0    806     14 
    0    271     53     64     72     54      0      0      0      0   1593   1410      0      0  64695   3256      0    123     18 
    0    241     53     63     70     53      0      0      0      0   1593   1410      0      0  64695   3256      0     94     18 
    0    241     53     64     70     53      0      0      0      0   1593   1410      0      0  64695   3256      0     82     16 
# gpu    pwr  gtemp  mtemp     sm    mem    enc    dec    jpg    ofa   mclk   pclk  pviol  tviol     fb   bar1   ccpm  rxpci  txpci 
# Idx      W      C      C      %      %      %      %      %      %    MHz    MHz      %   bool     MB     MB     MB   MB/s   MB/s 
    0    220     53     63     70     53      0      0      0      0   1593   1410      0      0  64695   3256      0     89     17 
    0    249     53     64     74     55      0      0      0      0   1593   1410      0      0  64695   3256      0    879     15 
    0    258     53     64     71     54      0      0      0      0   1593   1410      0      0  64695   3256      0      0     20 
    0    123     48     58      0      0      0      0      0      0   1593   1410      0      0  64695   3256      0      1      0 
    0    265     52     63     72     54      0      0      0      0   1593   1410      0      0  64695   3256      0     84     18 
    0    273     53     64     76     57      0      0      0      0   1593   1410      0      0  64695   3256      0     97     84 
    0    267     53     64     72     55      0      0      0      0   1593   1410      0      0  64695   3256      0    843    245 
    0    261     53     62     71     53      0      0      0      0   1593   1410      0      0  64695   3256      0    391     67 
    0    239     53     64     72     54      0      0      0      0   1593   1410      0      0  64695   3256      0      0      0 
    0    123     48     59      0      0      0      0      0      0   1593   1410      0      0  64695   3256      0      1      0 
    0    278     52     61     94     38      0      0      0      0   1593   1410      0      0  64695   3256      0    268     64 
    0    276     53     63     78     59      0      0      0      0   1593   1410      0      0  64695   3256      0    162    156 
    0    265     53     64     73     55      0      0      0      0   1593   1410      0      0  64695   3256      0    266     23 
    0    273     53     64     78     59      0      0      0      0   1593   1410      0      0  64695   3256      0     96     29 
    0    264     53     64     71     53      0      0      0      0   1593   1410      0      0  64695   3256      0    382     67 
    0    272     53     64     73     55      0      0      0      0   1593   1410      0      0  64695   3256      0    450    154 
    0    266     53     64     72     54      0      0      0      0   1593   1410      0      0  64695   3256      0     89    173 
    0    126     49     60      0      0      0      0      0      0   1593   1410      0      0  64695   3256      0      1      1 
    0    124     48     59      0      0      0      0      0      0   1593   1410      0      0  64695   3256      0    501      8 
    0    244     53     63     72     54      0      0      0      0   1593   1410      0      0  64695   3256      0    434    242 
    0    262     53     62     71     54      0      0      0      0   1593   1410      0      0  64695   3256      0    413    162 
    0    270     53     63     72     54      0      0      0      0   1593   1410      0      0  64695   3256      0     80     82 
    0    274     53     63     72     55      0      0      0      0   1593   1410      0      0  64695   3256      0     62     18 
    0    262     53     63     68     51      0      0      0      0   1593   1410      0      0  64695   3256      0     74     69 
    0    189     51     62     73     55      0      0      0      0   1593   1410      0      0  64695   3256      0      4      1 
    0    123     47     58      0      0      0      0      0      0   1593   1155      0      0  64695   3256      0     68      6 
    0    256     52     62     70     53      0      0      0      0   1593   1410      0      0  64695   3256      0    483     15 
    0    238     53     64     74     56      0      0      0      0   1593   1410      0      0  64695   3256      0     95     22 
    0    243     53     64     72     55      0      0      0      0   1593   1410      0      0  64695   3256      0    449    148 
    0    253     53     64     71     54      0      0      0      0   1593   1410      0      0  64695   3256      0    466     17 
    0    257     53     63     72     54      0      0      0      0   1593   1410      0      0  64695   3256      0     92     18 
    0    280     53     63     70     52      0      0      0      0   1593   1410      0      0  64695   3256      0   1246     81 
    0    272     53     64     71     53      0      0      0      0   1593   1410      0      0  64695   3256      0      1      1 
    0    359     53     60     45     11      0      0      0      0   1593   1290      0      0  64695   3256      0    149     27 
    0    275     53     63     72     54      0      0      0      0   1593   1410      0      0  64695   3256      0     93    105 
    0    270     53     64     75     57      0      0      0      0   1593   1410      0      0  64695   3256      0    365     41 
    0    278     53     63     77     58      0      0      0      0   1593   1410      0      0  64695   3256      0    110     70 
    0    279     54     64     79     59      0      0      0      0   1593   1410      0      0  64695   3256      0     96     64 
    0    277     54     64     79     60      0      0      0      0   1593   1410      0      0  64695   3256      0    126     25 
    0    243     53     64     70     53      0      0      0      0   1593   1410      0      0  64695   3256      0     89     72 
    0    242     54     63     77     58      0      0      0      0   1593   1410      0      0  64695   3256      0     89     18 
    0    270     53     63     72     54      0      0      0      0   1593   1410      0      0  64695   3256      0    106     60 
    0    124     49     60      0      0      0      0      0      0   1593   1410      0      0  64695   3256      0      1      3 
    0     92     46     58      0      0      0      0      0      0   1593   1155      0      0  64695   3256      0     78     18 
# gpu    pwr  gtemp  mtemp     sm    mem    enc    dec    jpg    ofa   mclk   pclk  pviol  tviol     fb   bar1   ccpm  rxpci  txpci 
# Idx      W      C      C      %      %      %      %      %      %    MHz    MHz      %   bool     MB     MB     MB   MB/s   MB/s 
    0    262     53     63     72     54      0      0      0      0   1593   1410      0      0  64695   3256      0    813    158 
    0    268     53     64     71     54      0      0      0      0   1593   1410      0      0  64695   3256      0    431     15 
    0    255     53     63     71     53      0      0      0      0   1593   1410      0      0  64695   3256      0     93     18 
    0    241     53     64     72     54      0      0      0      0   1593   1410      0      0  64695   3256      0    140     78 
    0    243     53     64     74     56      0      0      0      0   1593   1410      0      0  64695   3256      0     92     17 
    0    254     53     63     72     55      0      0      0      0   1593   1410      0      0  64695   3256      0     92     16 
    0    260     53     64     73     55      0      0      0      0   1593   1410      0      0  64695   3256      0    373      0 
    0    124     48     59      0      0      0      0      0      0   1593   1410      0      0  64695   3256      0      1      1 
    0    262     52     63     90     39      0      0      0      0   1593   1410      0      0  64695   3256      0     71     18 
    0    271     53     63     73     55      0      0      0      0   1593   1410      0      0  64695   3256      0     94     20 
    0    273     53     63     72     54      0      0      0      0   1593   1410      0      0  64695   3256      0     73     17 
    0    274     53     64     73     55      0      0      0      0   1593   1410      0      0  64695   3256      0    418     86 
    0    262     53     64     72     54      0      0      0      0   1593   1410      0      0  64695   3256      0   1699    158 
    0    126     50     61     41     31      0      0      0      0   1593   1410      0      0  64695   3256      0      0      1 
    0    283     52     59     27      6      0      0      0      0   1593   1155      0      0  64695   3256      0    520     81 
    0    265     53     62     74     56      0      0      0      0   1593   1410      0      0  64695   3256      0   1257     14 
    0    276     53     63     74     56      0      0      0      0   1593   1410      0      0  64695   3256      0    107     61 
    0    271     53     63     71     54      0      0      0      0   1593   1410      0      0  64695   3256      0    112     27 
    0    273     53     64     77     58      0      0      0      0   1593   1410      0      0  64695   3256      0    146     25 
    0    268     53     64     74     56      0      0      0      0   1593   1410      0      0  64695   3256      0    425     17 
    0    277     54     64     79     60      0      0      0      0   1593   1410      0      0  64695   3256      0    129     72 
    0    278     54     65     79     60      0      0      0      0   1593   1410      0      0  64695   3256      0    140      0 
    0    125     48     59      0      0      0      0      0      0   1593   1410      0      0  64695   3256      0      1      0 
    0    275     53     63     76     57      0      0      0      0   1593   1410      0      0  64695   3256      0    446     30 
    0    256     53     63     73     55      0      0      0      0   1593   1410      0      0  64695   3256      0    223     25 
    0    250     53     64     74     56      0      0      0      0   1593   1410      0      0  64695   3256      0    419     76 
    0    266     53     64     71     54      0      0      0      0   1593   1410      0      0  64695   3256      0     82     18 
    0    269     53     64     73     55      0      0      0      0   1593   1410      0      0  64695   3256      0    426     86 
    0    275     53     62     72     54      0      0      0      0   1593   1410      0      0  64695   3256      0    874     86 
    0    126     49     60      2      1      0      0      0      0   1593   1410      0      0  64695   3256      0      0      0 
    0     92     46     58      5      1      0      0      0      0   1593   1155      0      0  64695   3256      0     42     17 
    0    247     52     63     72     54      0      0      0      0   1593   1410      0      0  64695   3256      0    190     16 
    0    245     53     63     74     55      0      0      0      0   1593   1410      0      0  64695   3256      0    835     95 
    0    257     53     63     73     55      0      0      0      0   1593   1410      0      0  64695   3256      0    436     15 
    0    265     53     63     71     54      0      0      0      0   1593   1410      0      0  64695   3256      0    425     18 
    0    265     53     64     71     53      0      0      0      0   1593   1410      0      0  64695   3256      0    383     77 
    0    273     53     64     72     54      0      0      0      0   1593   1410      0      0  64695   3256      0    469    167 
    0    125     49     60      0      0      0      0      0      0   1593   1410      0      0  64695   3256      0      0      0 
    0     92     46     58      0      0      0      0      0      0   1593   1155      0      0  64695   3256      0   1314     78 
    0    254     52     62     72     54      0      0      0      0   1593   1410      0      0  64695   3256      0    427    161 
    0    238     52     64     71     53      0      0      0      0   1593   1410      0      0  64695   3256      0    845     14 
    0    272     53     63     80     60      0      0      0      0   1593   1410      0      0  64695   3256      0    439     77 
    0    252     52     64     72     54      0      0      0      0   1593   1410      0      0  64695   3256      0    102     27 
    0    265     53     64     76     58      0      0      0      0   1593   1410      0      0  64695   3256      0    356     85 
# gpu    pwr  gtemp  mtemp     sm    mem    enc    dec    jpg    ofa   mclk   pclk  pviol  tviol     fb   bar1   ccpm  rxpci  txpci 
# Idx      W      C      C      %      %      %      %      %      %    MHz    MHz      %   bool     MB     MB     MB   MB/s   MB/s 
    0    123     48     59      0      0      0      0      0      0   1593   1410      0      0  64695   3256      0      0      1 
    0    398     57     59     78     20      0      0      0      0   1593   1350      0      0  64695   3256      0    111     23 
    0    273     52     62     74     56      0      0      0      0   1593   1410      0      0  64695   3256      0    256     20 
    0    269     52     63     77     58      0      0      0      0   1593   1410      0      0  64695   3256      0    163     16 
    0    263     52     63     70     53      0      0      0      0   1593   1410      0      0  64695   3256      0    369     27 
    0    256     52     63     70     52      0      0      0      0   1593   1410      0      0  64695   3256      0    191     85 
    0    240     52     63     70     53      0      0      0      0   1593   1410      0      0  64695   3256      0    385     82 
    0    221     52     64     72     54      0      0      0      0   1593   1410      0      0  64695   3256      0    224     82 
    0    245     53     63     73     55      0      0      0      0   1593   1410      0      0  64695   3256      0      1      1 
    0    126     47     58      0      0      0      0      0      0   1593   1155      0      0  64695   3256      0    429     79 
    0    265     52     63     70     53      0      0      0      0   1593   1410      0      0  64695   3256      0    338     20 
    0    269     52     64     72     54      0      0      0      0   1593   1410      0      0  64695   3256      0    426    336 
    0    268     52     63     71     54      0      0      0      0   1593   1410      0      0  64695   3256      0    448     14 
    0    270     52     64     72     54      0      0      0      0   1593   1410      0      0  64695   3256      0     93     17 
    0    251     52     63     72     55      0      0      0      0   1593   1410      0      0  64695   3256      0     83     85 
    0    243     52     63     69     52      0      0      0      0   1593   1410      0      0  64695   3256      0    389     90 
    0    123     48     59      0      0      0      0      0      0   1593   1410      0      0  64695   3256      0      4      0 
    0    406     56     60    100     31      0      0      0      0   1593   1335      0      0  64695   3256      0     87     17 
    0    263     52     63     73     55      0      0      0      0   1593   1410      0      0  64695   3256      0    435    187 
    0    260     52     63     71     53      0      0      0      0   1593   1410      0      0  64695   3256      0    408    158 
    0    267     52     64     72     54      0      0      0      0   1593   1410      0      0  64695   3256      0    448     19 
    0    262     52     63     73     55      0      0      0      0   1593   1410      0      0  64695   3256      0     85     18 
    0    265     52     63     69     52      0      0      0      0   1593   1410      0      0  64695   3256      0     94     39 
    0    272     52     64     72     54      0      0      0      0   1593   1410      0      0  64695   3256      0     93    168 
    0    123     47     58      0      0      0      0      0      0   1593   1410      0      0  64695   3256      0      0      1 
    0    240     52     62     76     58      0      0      0      0   1593   1410      0      0  64695   3256      0    439     78 
    0    274     52     63     78     59      0      0      0      0   1593   1410      0      0  64695   3256      0    192     27 
    0    270     53     64     79     60      0      0      0      0   1593   1410      0      0  64695   3256      0     99     33 
    0    275     53     64     77     58      0      0      0      0   1593   1410      0      0  64695   3256      0     97     16 
    0    276     53     63     76     57      0      0      0      0   1593   1410      0      0  64695   3256      0    139     59 
    0    265     53     63     78     59      0      0      0      0   1593   1410      0      0  64695   3256      0     84     19 
    0    264     52     62     70     53      0      0      0      0   1593   1410      0      0  64695   3256      0    378     13 
    0    274     53     64     72     54      0      0      0      0   1593   1410      0      0  64695   3256      0     87     17 
    0    272     53     63     76     57      0      0      0      0   1593   1410      0      0  64695   3256      0     80      0 
    0    123     48     59      0      0      0      0      0      0   1593   1410      0      0  64695   3256      0      6      3 
    0    283     50     59      2      0      0      0      0      0   1593   1155      0      0  64695   3256      0     63     18 
    0    230     52     63     71     54      0      0      0      0   1593   1410      0      0  64695   3256      0     82     17 
    0    252     52     64     73     55      0      0      0      0   1593   1410      0      0  64695   3256      0     87     18 
    0    256     52     62     72     54      0      0      0      0   1593   1410      0      0  64695   3256      0     71     18 
    0    262     52     62     73     55      0      0      0      0   1593   1410      0      0  64695   3256      0     96     17 
    0    267     52     63     73     55      0      0      0      0   1593   1410      0      0  64695   3256      0    440     86 
    0    268     52     62     71     54      0      0      0      0   1593   1410      0      0  64695   3256      0    434    160 
    0    264     52     64     74     56      0      0      0      0   1593   1410      0      0  64695   3256      0    776    157 
    0    123     48     59      0      0      0      0      0      0   1593   1410      0      0  64695   3256      0      0    149 
# gpu    pwr  gtemp  mtemp     sm    mem    enc    dec    jpg    ofa   mclk   pclk  pviol  tviol     fb   bar1   ccpm  rxpci  txpci 
# Idx      W      C      C      %      %      %      %      %      %    MHz    MHz      %   bool     MB     MB     MB   MB/s   MB/s 
    0    248     52     63     72     54      0      0      0      0   1593   1410      0      0  64695   3256      0    415     15 
    0    234     52     62     72     55      0      0      0      0   1593   1410      0      0  64695   3256      0     95     17 
    0    252     52     62     72     54      0      0      0      0   1593   1410      0      0  64695   3256      0    438     80 
    0    260     52     64     71     54      0      0      0      0   1593   1410      0      0  64695   3256      0    429     78 
    0    266     52     63     71     53      0      0      0      0   1593   1410      0      0  64695   3256      0    356     22 
    0    262     52     62     74     55      0      0      0      0   1593   1410      0      0  64695   3256      0      3      0 
    0     92     46     57      0      0      0      0      0      0   1593   1155      0      0  64695   3256      0     33     12 
    0    263     52     62     72     54      0      0      0      0   1593   1410      0      0  64695   3256      0    146     29 
    0    266     52     62     74     55      0      0      0      0   1593   1410      0      0  64695   3256      0     84    340 
    0    269     53     64     79     60      0      0      0      0   1593   1410      0      0  64695   3256      0    117     20 
    0    273     53     64     80     61      0      0      0      0   1593   1410      0      0  64695   3256      0    146     26 
    0    256     52     64     72     55      0      0      0      0   1593   1410      0      0  64695   3256      0    391     77 
    0    244     53     64     74     56      0      0      0      0   1593   1410      0      0  64695   3256      0    492     21 
    0    269     53     64     73     55      0      0      0      0   1593   1410      0      0  64695   3256      0      1      1 
    0    258     54     61    100     31      0      0      0      0   1593   1395      0      0  64695   3256      0    223     83 
    0    264     52     63     72     54      0      0      0      0   1593   1410      0      0  64695   3256      0    445     80 
    0    269     52     64     72     55      0      0      0      0   1593   1410      0      0  64695   3256      0    438     80 
    0    262     52     64     72     54      0      0      0      0   1593   1410      0      0  64695   3256      0     84     18 
    0    236     52     64     71     54      0      0      0      0   1593   1410      0      0  64695   3256      0    512     15 
    0    244     52     63     73     55      0      0      0      0   1593   1410      0      0  64695   3256      0    390     80 
    0    238     52     64     70     53      0      0      0      0   1593   1410      0      0  64695   3256      0    824     88 
    0    123     48     58      0      0      0      0      0      0   1593   1410      0      0  64695   3256      0      1      2 
    0    270     52     62     71     54      0      0      0      0   1593   1410      0      0  64695   3256      0    115     17 
    0    269     52     63     73     55      0      0      0      0   1593   1410      0      0  64695   3256      0     84     17 
    0    272     52     64     71     53      0      0      0      0   1593   1410      0      0  64695   3256      0     91     28 
    0    270     52     64     71     54      0      0      0      0   1593   1410      0      0  64695   3256      0    471     17 
    0    271     53     64     72     54      0      0      0      0   1593   1410      0      0  64695   3256      0     91     18 
    0    258     53     63     73     55      0      0      0      0   1593   1410      0      0  64695   3256      0   1297    244 
    0    246     53     64     73     55      0      0      0      0   1593   1410      0      0  64695   3256      0      0      0 
    0    123     47     58      0      0      0      0      0      0   1593   1410      0      0  64695   3256      0      1      0 
    0    395     56     60    100     31      0      0      0      0   1593   1380      0      0  64695   3256      0    371     17 
    0    266     52     63     74     56      0      0      0      0   1593   1410      0      0  64695   3256      0    421     82 
    0    260     52     63     75     56      0      0      0      0   1593   1410      0      0  64695   3256      0    147     60 
    0    270     53     64     79     59      0      0      0      0   1593   1410      0      0  64695   3256      0    147     34 
    0    274     53     64     77     58      0      0      0      0   1593   1410      0      0  64695   3256      0    112     20 
    0    267     53     64     73     55      0      0      0      0   1593   1410      0      0  64695   3256      0    431     83 
    0    276     53     63     79     60      0      0      0      0   1593   1410      0      0  64695   3256      0    105    111 
    0    123     48     59      0      0      0      0      0      0   1593   1410      0      0  64695   3256      0      0      1 
    0    236     52     61     71     53      0      0      0      0   1593   1410      0      0  64695   3256      0    807     45 
    0    251     52     62     77     58      0      0      0      0   1593   1410      0      0  64695   3256      0     99     79 
    0    241     52     63     71     54      0      0      0      0   1593   1410      0      0  64695   3256      0     94     17 
    0    259     52     64     72     54      0      0      0      0   1593   1410      0      0  64695   3256      0    389    161 
    0    265     52     62     71     53      0      0      0      0   1593   1410      0      0  64695   3256      0    422     15 
    0    266     52     63     72     54      0      0      0      0   1593   1410      0      0  64695   3256      0     88     18 
# gpu    pwr  gtemp  mtemp     sm    mem    enc    dec    jpg    ofa   mclk   pclk  pviol  tviol     fb   bar1   ccpm  rxpci  txpci 
# Idx      W      C      C      %      %      %      %      %      %    MHz    MHz      %   bool     MB     MB     MB   MB/s   MB/s 
    0    266     52     64     73     55      0      0      0      0   1593   1410      0      0  64695   3256      0    441    237 
    0    262     53     64     72     54      0      0      0      0   1593   1410      0      0  64695   3256      0     67     18 
    0    270     53     63     72     54      0      0      0      0   1593   1410      0      0  64695   3256      0    442     84 
    0    254     53     64     72     54      0      0      0      0   1593   1410      0      0  64695   3256      0     68     18 
    0    123     48     59      0      0      0      0      0      0   1593   1410      0      0  64695   3256      0      0     12 
    0     91     46     58      0      0      0      0      0      0   1593   1155      0      0  64695   3256      0    465     93 
    0    258     52     62     72     54      0      0      0      0   1593   1410      0      0  64695   3256      0    895    156 
    0    264     52     64     74     55      0      0      0      0   1593   1410      0      0  64695   3256      0    815     86 
    0    267     53     63     72     54      0      0      0      0   1593   1410      0      0  64695   3256      0     81     18 
    0    268     53     63     70     52      0      0      0      0   1593   1410      0      0  64695   3256      0    421    163 
    0    269     53     64     73     55      0      0      0      0   1593   1410      0      0  64695   3256      0      1      1 
    0    233     53     62     99     30      0      0      0      0   1593   1395      0      0  64695   3256      0    488     82 
    0    264     52     64     73     55      0      0      0      0   1593   1410      0      0  64695   3256      0    433     16 
    0    260     52     64     70     52      0      0      0      0   1593   1410      0      0  64695   3256      0    104     26 
    0    260     52     64     70     53      0      0      0      0   1593   1410      0      0  64695   3256      0    104    134 
    0    261     53     64     72     54      0      0      0      0   1593   1410      0      0  64695   3256      0    139     41 
    0    259     53     63     70     52      0      0      0      0   1593   1410      0      0  64695   3256      0    104     37 
    0    274     53     63     79     60      0      0      0      0   1593   1410      0      0  64695   3256      0    427     25 
    0    124     49     60     21     16      0      0      0      0   1593   1410      0      0  64695   3256      0      0      0 
    0     91     47     58      0      0      0      0      0      0   1593   1155      0      0  64695   3256      0    116      7 
    0    277     52     62     76     57      0      0      0      0   1593   1410      0      0  64695   3256      0    412     14 
    0    232     52     63     72     54      0      0      0      0   1593   1410      0      0  64695   3256      0    309     33 
    0    274     53     64     79     60      0      0      0      0   1593   1410      0      0  64695   3256      0    103    237 
    0    272     53     64     75     56      0      0      0      0   1593   1410      0      0  64695   3256      0    399     79 
    0    256     53     63     77     58      0      0      0      0   1593   1410      0      0  64695   3256      0    124     24 
    0    263     53     64     71     54      0      0      0      0   1593   1410      0      0  64695   3256      0    664     20 
    0    275     53     63     72     54      0      0      0      0   1593   1410      0      0  64695   3256      0    418     90 
    0    124     48     59      0      0      0      0      0      0   1593   1410      0      0  64695   3256      0      1      0 
    0    264     54     61    100     29      0      0      0      0   1593   1395      0      0  64695   3256      0    491     78 
    0    246     52     63     71     54      0      0      0      0   1593   1410      0      0  64695   3256      0    454    154 
    0    240     53     63     73     55      0      0      0      0   1593   1410      0      0  64695   3256      0    892     15 
    0    258     53     64     72     54      0      0      0      0   1593   1410      0      0  64695   3256      0     70     18 
    0    260     53     63     73     55      0      0      0      0   1593   1410      0      0  64695   3256      0     69     17 
    0    268     53     64     69     52      0      0      0      0   1593   1410      0      0  64695   3256      0     53      0 
    0    123     48     59      0      0      0      0      0      0   1593   1410      0      0  64695   3256      0      1      0 
    0    261     54     62    100     31      0      0      0      0   1593   1395      0      0  64695   3256      0    413     83 
    0    265     53     63     74     56      0      0      0      0   1593   1410      0      0  64695   3256      0    481     80 
    0    248     53     64     73     55      0      0      0      0   1593   1410      0      0  64695   3256      0    318     87 
    0    245     53     63     71     54      0      0      0      0   1593   1410      0      0  64695   3256      0     91     18 
    0    259     53     63     73     55      0      0      0      0   1593   1410      0      0  64695   3256      0   1264    159 
    0    124     49     60      0      0      0      0      0      0   1593   1410      0      0  64695   3256      0      0      0 
    0     92     47     58      0      0      0      0      0      0   1593   1155      0      0  64695   3256      0    128      8 
    0    261     53     63     77     58      0      0      0      0   1593   1410      0      0  64695   3256      0    108     32 
    0    258     53     64     76     57      0      0      0      0   1593   1410      0      0  64695   3256      0    111     85 
# gpu    pwr  gtemp  mtemp     sm    mem    enc    dec    jpg    ofa   mclk   pclk  pviol  tviol     fb   bar1   ccpm  rxpci  txpci 
# Idx      W      C      C      %      %      %      %      %      %    MHz    MHz      %   bool     MB     MB     MB   MB/s   MB/s 
    0    283     54     63     78     59      0      0      0      0   1593   1410      0      0  64695   3256      0    198     25 
    0    274     54     64     77     59      0      0      0      0   1593   1410      0      0  64695   3256      0    212     26 
    0    275     54     63     78     59      0      0      0      0   1593   1410      0      0  64695   3256      0     92     18 
    0    245     54     64     73     55      0      0      0      0   1593   1410      0      0  64695   3256      0    552     17 
    0    277     54     64     72     54      0      0      0      0   1593   1410      0      0  64695   3256      0    122     66 
    0    227     52     62     73     55      0      0      0      0   1593   1410      0      0  64695   3256      0      0      0 
    0    124     48     59      0      0      0      0      0      0   1593   1410      0      0  64695   3256      0      1     60 
    0    273     53     64     78     59      0      0      0      0   1593   1410      0      0  64695   3256      0     87     72 
    0    263     53     64     68     51      0      0      0      0   1593   1410      0      0  64695   3256      0    821     87 
    0    272     53     63     69     52      0      0      0      0   1593   1410      0      0  64695   3256      0    142     77 
    0    276     54     63     74     56      0      0      0      0   1593   1410      0      0  64695   3256      0     82     13 
    0    274     53     64     70     53      0      0      0      0   1593   1410      0      0  64695   3256      0    350     63 
    0    253     54     63     71     53      0      0      0      0   1593   1410      0      0  64695   3256      0     87     17 
    0    228     53     64     71     53      0      0      0      0   1593   1410      0      0  64695   3256      0    366     13 
    0    124     49     58      0      0      0      0      0      0   1593   1410      0      0  64695   3256      0      0      0 
    0    249     54     63    100     30      0      0      0      0   1593   1395      0      0  64695   3256      0     77     18 
    0    271     53     64     73     55      0      0      0      0   1593   1410      0      0  64695   3256      0     82     18 
    0    267     53     64     70     53      0      0      0      0   1593   1410      0      0  64695   3256      0     94     14 
    0    280     54     64     71     53      0      0      0      0   1593   1410      0      0  64695   3256      0    370    162 
    0    270     54     64     73     55      0      0      0      0   1593   1410      0      0  64695   3256      0    433     72 
    0    269     54     64     73     55      0      0      0      0   1593   1410      0      0  64695   3256      0   1295    169 
    0    248     54     65     73     55      0      0      0      0   1593   1410      0      0  64695   3256      0      0      2 
    0     92     47     58      0      0      0      0      0      0   1593   1155      0      0  64695   3256      0     94     19 
    0    248     53     64     73     55      0      0      0      0   1593   1410      0      0  64695   3256      0    443     84 
    0    258     54     64     70     52      0      0      0      0   1593   1410      0      0  64695   3256      0     97     68 
    0    274     54     64     79     60      0      0      0      0   1593   1410      0      0  64695   3256      0    137     21 
    0    276     54     65     79     60      0      0      0      0   1593   1410      0      0  64695   3256      0    137     27 
    0    277     55     64     80     60      0      0      0      0   1593   1410      0      0  64695   3256      0    160     21 
    0    274     55     64     80     61      0      0      0      0   1593   1410      0      0  64695   3256      0    325     31 
    0    276     55     65     79     60      0      0      0      0   1593   1410      0      0  64695   3256      0    870     19 
    0    125     50     60      0      0      0      0      0      0   1593   1410      0      0  64695   3256      0      3      0 
    0     92     47     59      0      0      0      0      0      0   1593   1155      0      0  64695   3256      0    127    111 
    0    226     53     63     75     56      0      0      0      0   1593   1410      0      0  64695   3256      0    115     26 
    0    265     54     64     73     55      0      0      0      0   1593   1410      0      0  64695   3256      0     81     16 
    0    266     54     64     73     55      0      0      0      0   1593   1410      0      0  64695   3256      0     93     81 
    0    274     54     65     74     55      0      0      0      0   1593   1410      0      0  64695   3256      0     79     16 
    0    263     54     63     70     53      0      0      0      0   1593   1410      0      0  64695   3256      0     89     21 
    0    271     54     65     71     54      0      0      0      0   1593   1410      0      0  64695   3256      0    865     16 
    0    269     54     65     67     51      0      0      0      0   1593   1410      0      0  64695   3256      0    305     13 
    0    276     53     63     73     55      0      0      0      0   1593   1410      0      0  64695   3256      0      0      0 
    0    125     49     60      0      0      0      0      0      0   1593   1410      0      0  64695   3256      0      2      0 
    0    239     54     62    100     30      0      0      0      0   1593   1410      0      0  64695   3256      0    852     12 
    0    249     54     65     67     51      0      0      0      0   1593   1410      0      0  64695   3256      0    434     14 
    0    251     54     64     71     53      0      0      0      0   1593   1410      0      0  64695   3256      0    471    148 
# gpu    pwr  gtemp  mtemp     sm    mem    enc    dec    jpg    ofa   mclk   pclk  pviol  tviol     fb   bar1   ccpm  rxpci  txpci 
# Idx      W      C      C      %      %      %      %      %      %    MHz    MHz      %   bool     MB     MB     MB   MB/s   MB/s 
    0    267     54     64     72     54      0      0      0      0   1593   1410      0      0  64695   3256      0    425     17 
    0    274     54     65     74     55      0      0      0      0   1593   1410      0      0  64695   3256      0    463     15 
    0    273     54     64     72     54      0      0      0      0   1593   1410      0      0  64695   3256      0     95     18 
    0    126     49     59      0      0      0      0      0      0   1593   1410      0      0  64695   3256      0      0     90 
    0    255     54     65     72     54      0      0      0      0   1593   1410      0      0  64695   3256      0     91     18 
    0    263     54     63     72     55      0      0      0      0   1593   1410      0      0  64695   3256      0    841     76 
    0    253     54     65     75     56      0      0      0      0   1593   1410      0      0  64695   3256      0    119     82 
    0    270     54     65     78     59      0      0      0      0   1593   1410      0      0  64695   3256      0    108     28 
    0    271     55     64     79     60      0      0      0      0   1593   1410      0      0  64695   3256      0    113     32 
    0    278     55     65     77     58      0      0      0      0   1593   1410      0      0  64695   3256      0    335     22 
    0    276     55     65     79     59      0      0      0      0   1593   1410      0      0  64695   3256      0    122     52 
    0    125     49     59      0      0      0      0      0      0   1593   1410      0      0  64695   3256      0      1      3 
    0    273     53     62     73     55      0      0      0      0   1593   1410      0      0  64695   3256      0    414     82 
    0    266     53     63     68     51      0      0      0      0   1593   1410      0      0  64695   3256      0    380    150 
    0    252     54     64     70     53      0      0      0      0   1593   1410      0      0  64695   3256      0     82     18 
    0    253     54     64     68     51      0      0      0      0   1593   1410      0      0  64695   3256      0    201    249 
    0    230     54     64     70     53      0      0      0      0   1593   1410      0      0  64695   3256      0    382     70 
    0    259     54     64     71     54      0      0      0      0   1593   1410      0      0  64695   3256      0    819    153 
    0    125     49     60      0      0      0      0      0      0   1593   1410      0      0  64695   3256      0      0      0 
    0    322     54     60     66     17      0      0      0      0   1593   1350      0      0  64695   3256      0    438     19 
    0    263     53     63     70     53      0      0      0      0   1593   1410      0      0  64695   3256      0    108     24 
    0    274     54     63     71     54      0      0      0      0   1593   1410      0      0  64695   3256      0     67     17 
    0    275     54     64     73     55      0      0      0      0   1593   1410      0      0  64695   3256      0    481     15 
    0    246     54     64     70     53      0      0      0      0   1593   1410      0      0  64695   3256      0     78     17 
    0    245     54     64     73     55      0      0      0      0   1593   1410      0      0  64695   3256      0     97     35 
    0    245     54     65     72     55      0      0      0      0   1593   1410      0      0  64695   3256      0      0      0 
    0    125     49     59      0      0      0      0      0      0   1593   1410      0      0  64695   3256      0      0      0 
    0    269     53     63     71     53      0      0      0      0   1593   1410      0      0  64695   3256      0    793     15 
    0    275     54     64     71     53      0      0      0      0   1593   1410      0      0  64695   3256      0    378    158 
    0    270     54     65     71     53      0      0      0      0   1593   1410      0      0  64695   3256      0     76     18 
    0    270     54     65     70     53      0      0      0      0   1593   1410      0      0  64695   3256      0     93     28 
    0    256     54     64     73     55      0      0      0      0   1593   1410      0      0  64695   3256      0      0      0 
    0    125     48     59      0      0      0      0      0      0   1593   1410      0      0  64695   3256      0      2     13 
    0    278     54     64     77     58      0      0      0      0   1593   1410      0      0  64695   3256      0    126     38 
    0    280     54     64     80     60      0      0      0      0   1593   1410      0      0  64695   3256      0    131     22 
    0    276     54     64     79     59      0      0      0      0   1593   1410      0      0  64695   3256      0    388     23 
    0    280     55     66     79     60      0      0      0      0   1593   1410      0      0  64695   3256      0    132     28 
    0    273     55     64     80     61      0      0      0      0   1593   1410      0      0  64695   3256      0    431    158 
    0    281     55     64     78     59      0      0      0      0   1593   1410      0      0  64695   3256      0    297     83 
    0    272     54     64     71     54      0      0      0      0   1593   1410      0      0  64695   3256      0     71     18 
    0    126     51     61     31     23      0      0      0      0   1593   1410      0      0  64695   3256      0      0      1 
    0     92     47     59      0      0      0      0      0      0   1593   1155      0      0  64695   3256      0    406     76 
    0    247     54     64     71     54      0      0      0      0   1593   1410      0      0  64695   3256      0   1317     77 
    0    259     54     64     71     54      0      0      0      0   1593   1410      0      0  64695   3256      0    431     75 
# gpu    pwr  gtemp  mtemp     sm    mem    enc    dec    jpg    ofa   mclk   pclk  pviol  tviol     fb   bar1   ccpm  rxpci  txpci 
# Idx      W      C      C      %      %      %      %      %      %    MHz    MHz      %   bool     MB     MB     MB   MB/s   MB/s 
    0    264     54     64     72     54      0      0      0      0   1593   1410      0      0  64695   3256      0     91     18 
    0    270     54     65     72     54      0      0      0      0   1593   1410      0      0  64695   3256      0     94     82 
    0    273     54     65     71     53      0      0      0      0   1593   1410      0      0  64695   3256      0    418     15 
    0    276     54     65     72     54      0      0      0      0   1593   1410      0      0  64695   3256      0     88     18 
    0    273     54     64     74     56      0      0      0      0   1593   1410      0      0  64695   3256      0    430      2 
    0    124     49     59      0      0      0      0      0      0   1593   1410      0      0  64695   3256      0      0      0 
    0    257     54     63    100     31      0      0      0      0   1593   1410      0      0  64695   3256      0     95     17 
    0    255     53     63     72     54      0      0      0      0   1593   1410      0      0  64695   3256      0    947     11 
    0    241     54     64     72     54      0      0      0      0   1593   1410      0      0  64695   3256      0     90     18 
    0    226     54     64     71     54      0      0      0      0   1593   1410      0      0  64695   3256      0    100     16 
    0    250     54     64     72     54      0      0      0      0   1593   1410      0      0  64695   3256      0     79     19 
    0    263     54     65     71     54      0      0      0      0   1593   1410      0      0  64695   3256      0     93     22 
    0    273     54     64     74     55      0      0      0      0   1593   1410      0      0  64695   3256      0     77     18 
    0    269     54     65     71     53      0      0      0      0   1593   1410      0      0  64695   3256      0    859     83 
    0    126     50     59      0      0      0      0      0      0   1593   1410      0      0  64695   3256      0      1      0 
    0    408     59     61     67     17      0      0      0      0   1593   1335      0      0  64695   3256      0    379     14 
    0    275     54     64     80     60      0      0      0      0   1593   1410      0      0  64695   3256      0     95     29 
    0    269     54     64     78     59      0      0      0      0   1593   1410      0      0  64695   3256      0    350    132 
    0    271     55     65     79     60      0      0      0      0   1593   1410      0      0  64695   3256      0    106     25 
    0    274     54     65     79     60      0      0      0      0   1593   1410      0      0  64695   3256      0    102     38 
    0    276     55     65     80     60      0      0      0      0   1593   1410      0      0  64695   3256      0    132     21 
    0    261     54     65     75     57      0      0      0      0   1593   1410      0      0  64695   3256      0     97     18 
    0    274     54     65     71     53      0      0      0      0   1593   1410      0      0  64695   3256      0    139     67 
    0    263     54     64     72     54      0      0      0      0   1593   1410      0      0  64695   3256      0    431     78 
    0    125     49     59      0      0      0      0      0      0   1593   1410      0      0  64695   3256      0      0      0 
    0    269     54     64     72     54      0      0      0      0   1593   1410      0      0  64695   3256      0    495     82 
    0    276     54     63     73     55      0      0      0      0   1593   1410      0      0  64695   3256      0    397     15 
    0    253     54     64     72     54      0      0      0      0   1593   1410      0      0  64695   3256      0     91     19 
    0    248     54     65     70     52      0      0      0      0   1593   1410      0      0  64695   3256      0    318     70 
    0    252     54     63     70     53      0      0      0      0   1593   1410      0      0  64695   3256      0    828    149 
    0    244     54     64     71     54      0      0      0      0   1593   1410      0      0  64695   3256      0    421     13 
    0    127     51     61      6      4      0      0      0      0   1593   1410      0      0  64695   3256      0      0      0 
    0    125     49     60      0      0      0      0      0      0   1593   1410      0      0  64695   3256      0    501      6 
    0    272     54     64     72     54      0      0      0      0   1593   1410      0      0  64695   3256      0     93     18 
    0    268     54     64     72     54      0      0      0      0   1593   1410      0      0  64695   3256      0     91     18 
    0    271     54     64     72     54      0      0      0      0   1593   1410      0      0  64695   3256      0    436     88 
    0    274     54     64     73     55      0      0      0      0   1593   1410      0      0  64695   3256      0     94     18 
    0    273     54     65     74     55      0      0      0      0   1593   1410      0      0  64695   3256      0    577    160 
    0    247     54     64     70     53      0      0      0      0   1593   1410      0      0  64695   3256      0    789     14 
    0    125     50     59      0      0      0      0      0      0   1593   1410      0      0  64695   3256      0      0      1 
    0    256     53     63     89     37      0      0      0      0   1593   1410      0      0  64695   3256      0     60     17 
    0    260     54     63     69     52      0      0      0      0   1593   1410      0      0  64695   3256      0     57     16 
    0    267     54     64     71     53      0      0      0      0   1593   1410      0      0  64695   3256      0    137     33 
    0    265     54     65     71     54      0      0      0      0   1593   1410      0      0  64695   3256      0     80     17 
# gpu    pwr  gtemp  mtemp     sm    mem    enc    dec    jpg    ofa   mclk   pclk  pviol  tviol     fb   bar1   ccpm  rxpci  txpci 
# Idx      W      C      C      %      %      %      %      %      %    MHz    MHz      %   bool     MB     MB     MB   MB/s   MB/s 
    0    272     54     64     70     52      0      0      0      0   1593   1410      0      0  64695   3256      0    160     19 
    0    276     54     64     71     54      0      0      0      0   1593   1410      0      0  64695   3256      0    339     79 
    0    266     55     64     78     59      0      0      0      0   1593   1410      0      0  64695   3256      0    164     66 
    0    126     50     61      0      0      0      0      0      0   1593   1410      0      0  64695   3256      0      0      0 
    0     96     48     59      0      0      0      0      0      0   1593   1155      0      0  64695   3256      0      0      0 
    0    249     53     64     73     55      0      0      0      0   1593   1410      0      0  64695   3256      0    344     29 
    0    255     53     64     72     55      0      0      0      0   1593   1410      0      0  64695   3256      0    100     97 
    0    259     53     63     71     53      0      0      0      0   1593   1410      0      0  64695   3256      0    102     21 
    0    262     54     64     73     55      0      0      0      0   1593   1410      0      0  64695   3256      0    368     94 
    0    262     54     65     73     55      0      0      0      0   1593   1410      0      0  64695   3256      0   2579     87 
    0    263     54     65     72     54      0      0      0      0   1593   1410      0      0  64695   3256      0    433    100 
    0    273     54     65     72     55      0      0      0      0   1593   1410      0      0  64695   3256      0    402     17 
    0    182     52     62     72     54      0      0      0      0   1593   1410      0      0  64695   3256      0      0      0 
    0    124     49     59      0      0      0      0      0      0   1593   1410      0      0  64695   3256      0      1      0 
    0    234     53     63     65     49      0      0      0      0   1593   1410      0      0  64695   3256      0    469     14 
    0    251     54     64     70     53      0      0      0      0   1593   1410      0      0  64695   3256      0    412     10 
    0    266     54     64     72     54      0      0      0      0   1593   1410      0      0  64695   3256      0    445     15 
    0    270     54     65     74     56      0      0      0      0   1593   1410      0      0  64695   3256      0    405     16 
    0    272     54     65     73     55      0      0      0      0   1593   1410      0      0  64695   3256      0   1680     14 
    0    273     54     65     73     55      0      0      0      0   1593   1410      0      0  64695   3256      0      0      0 
    0    269     54     62     77     49      0      0      0      0   1593   1410      0      0  64695   3256      0    771    170 
    0    247     54     64     74     56      0      0      0      0   1593   1410      0      0  64695   3256      0    417     14 
    0    255     54     65     72     55      0      0      0      0   1593   1410      0      0  64695   3256      0    431     80 
    0    261     54     64     72     54      0      0      0      0   1593   1410      0      0  64695   3256      0    352     46 
    0    262     54     64     68     51      0      0      0      0   1593   1410      0      0  64695   3256      0    105     20 
    0    273     54     64     78     59      0      0      0      0   1593   1410      0      0  64695   3256      0     98     19 
    0    126     50     61      0      0      0      0      0      0   1593   1410      0      0  64695   3256      0      1      0 
    0    285     53     60      0      0      0      0      0      0   1593   1155      0      0  64695   3256      0    406     22 
    0    280     54     64     80     61      0      0      0      0   1593   1410      0      0  64695   3256      0    394     24 
    0    277     54     65     81     61      0      0      0      0   1593   1410      0      0  64695   3256      0    106     81 
    0    250     54     63     69     52      0      0      0      0   1593   1410      0      0  64695   3256      0    421     19 
    0    245     54     64     72     54      0      0      0      0   1593   1410      0      0  64695   3256      0     93     18 
    0    235     54     63     71     53      0      0      0      0   1593   1410      0      0  64695   3256      0    441     16 
    0    240     54     65     70     53      0      0      0      0   1593   1410      0      0  64695   3256      0     91     17 
    0    259     54     64     72     54      0      0      0      0   1593   1410      0      0  64695   3256      0     78     17 
    0    268     54     65     74     56      0      0      0      0   1593   1410      0      0  64695   3256      0      1      0 
    0    125     49     59      0      0      0      0      0      0   1593   1410      0      0  64695   3256      0     94      7 
    0    268     53     63     73     55      0      0      0      0   1593   1410      0      0  64695   3256      0     87     17 
    0    270     53     63     69     52      0      0      0      0   1593   1410      0      0  64695   3256      0     95     86 
    0    269     54     63     68     51      0      0      0      0   1593   1410      0      0  64695   3256      0    393     70 
    0    273     54     64     72     54      0      0      0      0   1593   1410      0      0  64695   3256      0    412     30 
    0    260     54     64     69     52      0      0      0      0   1593   1410      0      0  64695   3256      0    126     26 
    0    238     54     64     76     57      0      0      0      0   1593   1410      0      0  64695   3256      0     69     18 
    0    275     54     65     76     57      0      0      0      0   1593   1410      0      0  64695   3256      0    105    139 
# gpu    pwr  gtemp  mtemp     sm    mem    enc    dec    jpg    ofa   mclk   pclk  pviol  tviol     fb   bar1   ccpm  rxpci  txpci 
# Idx      W      C      C      %      %      %      %      %      %    MHz    MHz      %   bool     MB     MB     MB   MB/s   MB/s 
    0    242     54     64     77     58      0      0      0      0   1593   1410      0      0  64695   3256      0     88     17 
    0    131     52     63     72     54      0      0      0      0   1593   1410      0      0  64695   3256      0      1      0 
    0    105     51     60      0      0      0      0      0      0   1593   1155      0      0  64695   3256      0    386     80 
    0    272     53     64     71     53      0      0      0      0   1593   1410      0      0  64695   3256      0     71     18 
    0    275     54     64     70     53      0      0      0      0   1593   1410      0      0  64695   3256      0     90     18 
    0    270     54     63     73     55      0      0      0      0   1593   1410      0      0  64695   3256      0     83     18 
    0    270     54     64     73     55      0      0      0      0   1593   1410      0      0  64695   3256      0     93    183 
    0    267     54     63     72     54      0      0      0      0   1593   1410      0      0  64695   3256      0    840    162 
    0    262     54     64     70     53      0      0      0      0   1593   1410      0      0  64695   3256      0     94     17 
    0    127     51     61     71     53      0      0      0      0   1593   1410      0      0  64695   3256      0      0      0 
    0    125     49     58      0      0      0      0      0      0   1593   1410      0      0  64695   3256      0     45     10 
    0    268     54     64     79     60      0      0      0      0   1593   1410      0      0  64695   3256      0    132     20 
    0    280     54     65     76     57      0      0      0      0   1593   1410      0      0  64695   3256      0    246     23 
    0    263     54     64     70     52      0      0      0      0   1593   1410      0      0  64695   3256      0    460    166 
    0    275     54     64     75     57      0      0      0      0   1593   1410      0      0  64695   3256      0    563     21 
    0    265     53     64     70     52      0      0      0      0   1593   1410      0      0  64695   3256      0    270     17 
    0    267     54     63     69     52      0      0      0      0   1593   1410      0      0  64695   3256      0     94     20 
    0    270     54     65     72     54      0      0      0      0   1593   1410      0      0  64695   3256      0    529     88 
    0    126     49     60      0      0      0      0      0      0   1593   1410      0      0  64695   3256      0      1      0 
    0    286     56     61    100     27      0      0      0      0   1593   1350      0      0  64695   3256      0    400     22 
    0    223     53     64     71     54      0      0      0      0   1593   1410      0      0  64695   3256      0     92    164 
    0    262     53     63     69     52      0      0      0      0   1593   1410      0      0  64695   3256      0    413     20 
    0    257     53     63     73     55      0      0      0      0   1593   1410      0      0  64695   3256      0    374     14 
    0    260     54     64     74     55      0      0      0      0   1593   1410      0      0  64695   3256      0     87     17 
    0    270     53     64     72     54      0      0      0      0   1593   1410      0      0  64695   3256      0     61     17 
    0    262     53     64     68     51      0      0      0      0   1593   1410      0      0  64695   3256      0    824     77 
    0    271     54     64     70     53      0      0      0      0   1593   1410      0      0  64695   3256      0    357     14 
    0    124     49     59      0      0      0      0      0      0   1593   1410      0      0  64695   3256      0      1    138 
    0    260     53     62     72     54      0      0      0      0   1593   1410      0      0  64695   3256      0    343     17 
    0    249     53     64     71     53      0      0      0      0   1593   1410      0      0  64695   3256      0    833     16 
    0    238     54     63     69     52      0      0      0      0   1593   1410      0      0  64695   3256      0     72     18 
    0    264     54     64     71     54      0      0      0      0   1593   1410      0      0  64695   3256      0    814     76 
    0    262     54     64     70     53      0      0      0      0   1593   1410      0      0  64695   3256      0    435     17 
    0    260     54     63     71     54      0      0      0      0   1593   1410      0      0  64695   3256      0      0      1 
    0    125     48     59      0      0      0      0      0      0   1593   1410      0      0  64695   3256      0      0      0 
    0    276     54     64     79     60      0      0      0      0   1593   1410      0      0  64695   3256      0    360     43 
    0    279     54     64     79     60      0      0      0      0   1593   1410      0      0  64695   3256      0    390     36 
    0    265     54     64     74     56      0      0      0      0   1593   1410      0      0  64695   3256      0   1164     83 
    0    244     54     64     71     54      0      0      0      0   1593   1410      0      0  64695   3256      0    437     76 
    0    249     54     64     70     52      0      0      0      0   1593   1410      0      0  64695   3256      0    682     19 
    0    258     54     64     72     54      0      0      0      0   1593   1410      0      0  64695   3256      0    933     87 
    0    261     54     65     74     55      0      0      0      0   1593   1410      0      0  64695   3256      0      0      0 
    0    125     48     59      0      0      0      0      0      0   1593   1410      0      0  64695   3256      0      4      0 
    0    270     53     63     68     52      0      0      0      0   1593   1410      0      0  64695   3256      0    209     85 
# gpu    pwr  gtemp  mtemp     sm    mem    enc    dec    jpg    ofa   mclk   pclk  pviol  tviol     fb   bar1   ccpm  rxpci  txpci 
# Idx      W      C      C      %      %      %      %      %      %    MHz    MHz      %   bool     MB     MB     MB   MB/s   MB/s 
    0    274     53     64     72     55      0      0      0      0   1593   1410      0      0  64695   3256      0    873     16 
    0    265     54     64     73     55      0      0      0      0   1593   1410      0      0  64695   3256      0     79     17 
    0    255     54     64     69     52      0      0      0      0   1593   1410      0      0  64695   3256      0    182     21 
    0    251     54     64     73     55      0      0      0      0   1593   1410      0      0  64695   3256      0     77     18 
    0    127     51     61     12      9      0      0      0      0   1593   1410      0      0  64695   3256      0      0      0 
    0    125     48     59      0      0      0      0      0      0   1593   1410      0      0  64695   3256      0     43      5 
    0    270     53     64     73     55      0      0      0      0   1593   1410      0      0  64695   3256      0     95     88 
    0    281     54     64     74     56      0      0      0      0   1593   1410      0      0  64695   3256      0    133     23 
    0    271     54     64     68     52      0      0      0      0   1593   1410      0      0  64695   3256      0     75     18 
    0    256     54     64     72     55      0      0      0      0   1593   1410      0      0  64695   3256      0     59     16 
    0    273     54     64     73     55      0      0      0      0   1593   1410      0      0  64695   3256      0    473    158 
    0    264     54     64     72     54      0      0      0      0   1593   1410      0      0  64695   3256      0      0      4 
    0    125     48     59      0      0      0      0      0      0   1593   1410      0      0  64695   3256      0      2     57 
    0    251     53     63     69     52      0      0      0      0   1593   1410      0      0  64695   3256      0    100     68 
    0    247     53     64     71     53      0      0      0      0   1593   1410      0      0  64695   3256      0    145     26 
    0    278     54     65     80     61      0      0      0      0   1593   1410      0      0  64695   3256      0    178     19 
    0    279     54     65     74     56      0      0      0      0   1593   1410      0      0  64695   3256      0    177     17 
    0    273     54     65     78     59      0      0      0      0   1593   1410      0      0  64695   3256      0    143     25 
    0    272     54     64     73     55      0      0      0      0   1593   1410      0      0  64695   3256      0    413     73 
    0    274     54     64     70     53      0      0      0      0   1593   1410      0      0  64695   3256      0    399     82 
    0    275     54     63     70     52      0      0      0      0   1593   1410      0      0  64695   3256      0    436     16 
    0    125     49     60      0      0      0      0      0      0   1593   1410      0      0  64695   3256      0    535      6 
    0    255     53     63     73     55      0      0      0      0   1593   1410      0      0  64695   3256      0     94     17 
    0    251     53     64     73     55      0      0      0      0   1593   1410      0      0  64695   3256      0    918     91 
    0    236     53     62     73     55      0      0      0      0   1593   1410      0      0  64695   3256      0    393     16 
    0    229     53     64     69     52      0      0      0      0   1593   1410      0      0  64695   3256      0     76     18 
    0    268     53     64     74     56      0      0      0      0   1593   1410      0      0  64695   3256      0     95     18 
    0    268     53     64     73     55      0      0      0      0   1593   1410      0      0  64695   3256      0     70     17 
    0    268     54     64     73     55      0      0      0      0   1593   1410      0      0  64695   3256      0     95     18 
    0    126     49     60      0      0      0      0      0      0   1593   1410      0      0  64695   3256      0      0      2 
    0    273     53     64     72     54      0      0      0      0   1593   1410      0      0  64695   3256      0    435     82 
    0    257     53     63     71     54      0      0      0      0   1593   1410      0      0  64695   3256      0     70     19 
    0    250     53     64     70     53      0      0      0      0   1593   1410      0      0  64695   3256      0    106     34 
    0    237     53     64     72     54      0      0      0      0   1593   1410      0      0  64695   3256      0    369     79 
    0    277     54     65     78     59      0      0      0      0   1593   1410      0      0  64695   3256      0    101     26 
    0    258     54     64     68     51      0      0      0      0   1593   1410      0      0  64695   3256      0     70     19 
    0    274     54     65     72     54      0      0      0      0   1593   1410      0      0  64695   3256      0     83     18 
    0    254     54     63     69     52      0      0      0      0   1593   1410      0      0  64695   3256      0     97     97 
    0    126     49     60      0      0      0      0      0      0   1593   1410      0      0  64695   3256      0      0      1 
    0    413     55     62     99     30      0      0      0      0   1593   1365      0      0  64695   3256      0    822     86 
    0    275     53     63     70     53      0      0      0      0   1593   1410      0      0  64695   3256      0    420     87 
    0    271     53     63     70     53      0      0      0      0   1593   1410      0      0  64695   3256      0    138     21 
    0    274     54     65     74     55      0      0      0      0   1593   1410      0      0  64695   3256      0    364     26 
    0    250     54     64     70     53      0      0      0      0   1593   1410      0      0  64695   3256      0     95     22 
# gpu    pwr  gtemp  mtemp     sm    mem    enc    dec    jpg    ofa   mclk   pclk  pviol  tviol     fb   bar1   ccpm  rxpci  txpci 
# Idx      W      C      C      %      %      %      %      %      %    MHz    MHz      %   bool     MB     MB     MB   MB/s   MB/s 
    0    241     54     63     69     52      0      0      0      0   1593   1410      0      0  64695   3256      0    344     17 
    0    276     54     65     80     61      0      0      0      0   1593   1410      0      0  64695   3256      0    121     34 
    0    127     51     62     75     56      0      0      0      0   1593   1410      0      0  64695   3256      0      9      2 
    0    258     54     63    100     27      0      0      0      0   1593   1410      0      0  64695   3256      0    435     12 
    0    273     53     64     70     53      0      0      0      0   1593   1410      0      0  64695   3256      0    858    334 
    0    268     53     64     71     53      0      0      0      0   1593   1410      0      0  64695   3256      0     77     18 
    0    271     54     64     74     55      0      0      0      0   1593   1410      0      0  64695   3256      0   1296     14 
    0    266     54     64     73     55      0      0      0      0   1593   1410      0      0  64695   3256      0      1      2 
    0    125     49     59      0      0      0      0      0      0   1593   1410      0      0  64695   3256      0    621     25 
    0    244     53     62     70     53      0      0      0      0   1593   1410      0      0  64695   3256      0    788     16 
    0    264     53     64     75     56      0      0      0      0   1593   1410      0      0  64695   3256      0    408     16 
    0    258     53     64     71     54      0      0      0      0   1593   1410      0      0  64695   3256      0     87     78 
    0    261     53     63     72     54      0      0      0      0   1593   1410      0      0  64695   3256      0     96     20 
    0    271     53     64     72     55      0      0      0      0   1593   1410      0      0  64695   3256      0     87     17 
    0    271     54     63     72     55      0      0      0      0   1593   1410      0      0  64695   3256      0     90     15 
    0    274     54     64     74     56      0      0      0      0   1593   1410      0      0  64695   3256      0    113     19 
    0    126     49     60      0      0      0      0      0      0   1593   1410      0      0  64695   3256      0      0      0 
    0    401     57     61     45     11      0      0      0      0   1593   1350      0      0  64695   3256      0     36     82 
    0    249     54     64     79     60      0      0      0      0   1593   1410      0      0  64695   3256      0    416     33 
    0    236     53     63     72     54      0      0      0      0   1593   1410      0      0  64695   3256      0    127     26 
    0    251     54     63     71     54      0      0      0      0   1593   1410      0      0  64695   3256      0    109     82 
    0    265     54     63     73     55      0      0      0      0   1593   1410      0      0  64695   3256      0    136     29 
    0    261     54     64     75     56      0      0      0      0   1593   1410      0      0  64695   3256      0    419    164 
    0    260     54     65     70     53      0      0      0      0   1593   1410      0      0  64695   3256      0    447     19 
    0    125     49     60      0      0      0      0      0      0   1593   1410      0      0  64695   3256      0      1      3 
    0    277     53     64     74     56      0      0      0      0   1593   1410      0      0  64695   3256      0    415     73 
    0    274     54     64     78     59      0      0      0      0   1593   1410      0      0  64695   3256      0    125     19 
    0    270     54     64     76     57      0      0      0      0   1593   1410      0      0  64695   3256      0    453     79 
    0    274     54     65     78     59      0      0      0      0   1593   1410      0      0  64695   3256      0    388     16 
    0    237     54     63     68     51      0      0      0      0   1593   1410      0      0  64695   3256      0     93     19 
    0    231     54     64     71     54      0      0      0      0   1593   1410      0      0  64695   3256      0   1295     22 
    0    248     54     63     71     54      0      0      0      0   1593   1410      0      0  64695   3256      0     91     16 
    0    126     50     60     27     21      0      0      0      0   1593   1410      0      0  64695   3256      0      1      0 
    0    282     52     59     24      6      0      0      0      0   1593   1155      0      0  64695   3256      0   1658     77 
    0    273     53     64     73     55      0      0      0      0   1593   1410      0      0  64695   3256      0     81     18 
    0    269     53     63     72     54      0      0      0      0   1593   1410      0      0  64695   3256      0     94     30 
    0    266     53     63     72     54      0      0      0      0   1593   1410      0      0  64695   3256      0    858     17 
    0    276     53     63     72     55      0      0      0      0   1593   1410      0      0  64695   3256      0     70     17 
    0    240     53     64     73     55      0      0      0      0   1593   1410      0      0  64695   3256      0     71     18 
    0    126     50     60     58     44      0      0      0      0   1593   1410      0      0  64695   3256      0      0      1 
    0    264     53     62     69     52      0      0      0      0   1593   1410      0      0  64695   3256      0    143    159 
    0    268     53     64     71     53      0      0      0      0   1593   1410      0      0  64695   3256      0    847    242 
    0    270     53     63     70     53      0      0      0      0   1593   1410      0      0  64695   3256      0     86     18 
    0    275     53     64     70     53      0      0      0      0   1593   1410      0      0  64695   3256      0     98    100 
# gpu    pwr  gtemp  mtemp     sm    mem    enc    dec    jpg    ofa   mclk   pclk  pviol  tviol     fb   bar1   ccpm  rxpci  txpci 
# Idx      W      C      C      %      %      %      %      %      %    MHz    MHz      %   bool     MB     MB     MB   MB/s   MB/s 
    0    271     53     64     71     54      0      0      0      0   1593   1410      0      0  64695   3256      0    759     70 
    0    267     53     64     68     51      0      0      0      0   1593   1410      0      0  64695   3256      0    181     22 
    0    126     49     60      0      0      0      0      0      0   1593   1410      0      0  64695   3256      0      0      1 
    0    123     47     58      0      0      0      0      0      0   1593   1155      0      0  64695   3256      0     30      8 
    0    274     54     63     80     61      0      0      0      0   1593   1410      0      0  64695   3256      0    111     25 
    0    281     54     64     78     59      0      0      0      0   1593   1410      0      0  64695   3256      0    137     91 
    0    260     53     64     73     55      0      0      0      0   1593   1410      0      0  64695   3256      0    190     21 
    0    262     53     64     72     55      0      0      0      0   1593   1410      0      0  64695   3256      0     96     80 
    0    264     53     64     69     52      0      0      0      0   1593   1410      0      0  64695   3256      0     94     15 
    0    273     54     64     79     59      0      0      0      0   1593   1410      0      0  64695   3256      0   1700     71 
    0    271     54     64     72     54      0      0      0      0   1593   1410      0      0  64695   3256      0      0      0 
    0    279     51     60      0      0      0      0      0      0   1593   1155      0      0  64695   3256      0     71     18 
    0    261     53     64     72     54      0      0      0      0   1593   1410      0      0  64695   3256      0    421     76 
    0    259     53     64     74     56      0      0      0      0   1593   1410      0      0  64695   3256      0    359     15 
    0    241     53     64     76     57      0      0      0      0   1593   1410      0      0  64695   3256      0    111     16 
    0    270     53     63     73     55      0      0      0      0   1593   1410      0      0  64695   3256      0    863     11 
    0    261     53     63     71     54      0      0      0      0   1593   1410      0      0  64695   3256      0    404     77 
    0    264     54     64     70     52      0      0      0      0   1593   1410      0      0  64695   3256      0     69     18 
    0    128     51     62     73     55      0      0      0      0   1593   1410      0      0  64695   3256      0      0      0 
    0    125     48     59      0      0      0      0      0      0   1593   1410      0      0  64695   3256      0    675      7 
    0    275     53     64     72     54      0      0      0      0   1593   1410      0      0  64695   3256      0    860    169 
    0    253     53     63     72     54      0      0      0      0   1593   1410      0      0  64695   3256      0    463    156 
    0    249     53     64     73     55      0      0      0      0   1593   1410      0      0  64695   3256      0     71     17 
    0    257     53     64     73     55      0      0      0      0   1593   1410      0      0  64695   3256      0     95     25 
    0    268     53     64     73     55      0      0      0      0   1593   1410      0      0  64695   3256      0     70     18 
    0    128     51     61     42     32      0      0      0      0   1593   1410      0      0  64695   3256      0      0      0 
    0    255     55     63    100     30      0      0      0      0   1593   1395      0      0  64695   3256      0    321    219 
    0    273     53     64     74     55      0      0      0      0   1593   1410      0      0  64695   3256      0    484     83 
    0    268     53     63     73     55      0      0      0      0   1593   1410      0      0  64695   3256      0    291     24 
    0    248     53     64     70     53      0      0      0      0   1593   1410      0      0  64695   3256      0    858     68 
    0    255     53     64     71     53      0      0      0      0   1593   1410      0      0  64695   3256      0    360     21 
    0    232     53     64     71     54      0      0      0      0   1593   1410      0      0  64695   3256      0    116     29 
    0    241     54     64     76     57      0      0      0      0   1593   1410      0      0  64695   3256      0    366     28 
    0    125     49     59      0      0      0      0      0      0   1593   1410      0      0  64695   3256      0      2      0 
    0    254     53     62     94     34      0      0      0      0   1593   1410      0      0  64695   3256      0    282     65 
    0    267     53     64     75     56      0      0      0      0   1593   1410      0      0  64695   3256      0     70     17 
    0    265     53     64     73     55      0      0      0      0   1593   1410      0      0  64695   3256      0     94     19 
    0    260     53     63     71     53      0      0      0      0   1593   1410      0      0  64695   3256      0    761     57 
    0    269     53     64     71     54      0      0      0      0   1593   1410      0      0  64695   3256      0    109     14 
    0    256     54     64     73     55      0      0      0      0   1593   1410      0      0  64695   3256      0    396     20 
    0    282     54     65     76     58      0      0      0      0   1593   1410      0      0  64695   3256      0    436     78 
