clip_id,video_id,start_frame,end_frame,n_frames,clip_label,positive_frame_frac
0,b1c66a42,b1c66a42-6f7d68ca,b1c66a42-6f7d68ca,1,1,1.0
1,b1c81faa,b1c81faa-3df17267,b1c81faa-c80764c5,2,1,0.5
2,b1c9c847,b1c9c847-3bda4659,b1c9c847-3bda4659,1,1,1.0
3,b1ca2e5d,b1ca2e5d-84cf9134,b1ca2e5d-84cf9134,1,1,1.0
4,b1ca8418,b1ca8418-84a133a0,b1ca8418-84a133a0,1,1,1.0
5,b1cac6a7,b1cac6a7-04e33135,b1cac6a7-04e33135,1,1,1.0
6,b1cd1e94,b1cd1e94-26dd524f,b1cd1e94-549d0bfe,2,1,1.0
7,b1ceb32e,b1ceb32e-3f481b43,b1ceb32e-a106591d,4,1,1.0
8,b1cebfb7,b1cebfb7-284f5117,b1cebfb7-284f5117,1,1,1.0
9,b1d0091f,b1d0091f-75824d0d,b1d0091f-f2c2d2ae,2,1,1.0
10,b1d0a191,b1d0a191-03dcecc2,b1d0a191-de8948f6,7,1,1.0
11,b1d10d08,b1d10d08-5b108225,b1d10d08-ec660956,5,1,1.0
12,b1d22449,b1d22449-117aa773,b1d22449-15fb948f,2,1,1.0
13,b1d22ed6,b1d22ed6-f1cac061,b1d22ed6-f1cac061,1,1,1.0
14,b1d3907b,b1d3907b-2278601b,b1d3907b-2278601b,1,1,1.0
15,b1d4b62c,b1d4b62c-60aab822,b1d4b62c-d9805029,3,1,1.0
16,b1d59b1f,b1d59b1f-a38aec79,b1d59b1f-a38aec79,1,1,1.0
17,b1d7b3ac,b1d7b3ac-0bdb47dc,b1d7b3ac-afa57f22,8,1,1.0
18,b1d8735d,b1d8735d-eee9f184,b1d8735d-eee9f184,1,1,1.0
19,b1d968b9,b1d968b9-563405f4,b1d968b9-ce42734f,2,1,1.0
20,b1d971b4,b1d971b4-ac67ca0d,b1d971b4-ac67ca0d,1,1,1.0
21,b1d9e136,b1d9e136-6c94ea3f,b1d9e136-9ab25cb3,2,1,1.0
22,b1da9c53,b1da9c53-0f3d4c5d,b1da9c53-0f3d4c5d,1,1,1.0
23,b1dac7f7,b1dac7f7-6b2e0382,b1dac7f7-6b2e0382,1,1,1.0
24,b1db7e22,b1db7e22-cfa74dc3,b1db7e22-cfa74dc3,1,1,1.0
25,b1dce572,b1dce572-c6a8cb5e,b1dce572-c6a8cb5e,1,1,1.0
26,b1dd58c1,b1dd58c1-8b546ba7,b1dd58c1-8b546ba7,1,1,1.0
27,b1df722f,b1df722f-57d21f3f,b1df722f-5bcc3db7,2,1,1.0
28,b1e0c01d,b1e0c01d-dd9e6e2f,b1e0c01d-dd9e6e2f,1,1,1.0
29,b1e1a7b8,b1e1a7b8-0aec80e8,b1e1a7b8-b397c445,4,1,1.0
30,b1e2346e,b1e2346e-c5f98707,b1e2346e-c5f98707,1,1,1.0
31,b1e3e9f5,b1e3e9f5-92377424,b1e3e9f5-92377424,1,1,1.0
32,b1e62c91,b1e62c91-eca210a9,b1e62c91-eca210a9,1,1,1.0
33,b1e6efc0,b1e6efc0-2552cc5d,b1e6efc0-2552cc5d,1,1,1.0
34,b1e88fd2,b1e88fd2-c1e4fd2b,b1e88fd2-c1e4fd2b,1,1,1.0
35,b1e8ad72,b1e8ad72-c3c79240,b1e8ad72-c3c79240,1,1,1.0
36,b1e9ee0e,b1e9ee0e-67e26f2e,b1e9ee0e-67e26f2e,1,1,1.0
37,b1ea0ae4,b1ea0ae4-4f770228,b1ea0ae4-4f770228,1,1,1.0
38,b1eb9133,b1eb9133-5cc75c18,b1eb9133-5cc75c18,1,1,1.0
39,b1ebfc3c,b1ebfc3c-740ec84a,b1ebfc3c-cc9c2bb8,2,1,1.0
40,b1ee702d,b1ee702d-0ae1fc10,b1ee702d-525fcebf,3,1,1.0
41,b1f022d3,b1f022d3-3774de8b,b1f022d3-45162c67,2,1,1.0
42,b1f0efd9,b1f0efd9-37a14dda,b1f0efd9-e900c6e5,2,1,1.0
43,b1f20aa0,b1f20aa0-3401c3bf,b1f20aa0-6ef1db42,3,1,1.0
44,b1f25ff6,b1f25ff6-1ddb7e43,b1f25ff6-1ddb7e43,1,1,1.0
45,b1f4491b,b1f4491b-07b32e8c,b1f4491b-dd8dfed5,11,1,1.0
46,b1f62c41,b1f62c41-ed0c6521,b1f62c41-ed0c6521,1,1,1.0
47,b1f6c103,b1f6c103-5ce1f3c6,b1f6c103-b00e8aad,3,1,0.6666666666666666
48,b1f85377,b1f85377-44885085,b1f85377-44885085,1,1,1.0
49,b1fbaab8,b1fbaab8-68db7df7,b1fbaab8-68db7df7,1,1,1.0
50,b1fbf878,b1fbf878-b31a8293,b1fbf878-b31a8293,1,1,1.0
51,b1fc95c9,b1fc95c9-644e3c3f,b1fc95c9-cb2882c7,2,1,1.0
52,b1ff4656,b1ff4656-0435391e,b1ff4656-ebcfeb35,3,1,1.0
53,b200b84e,b200b84e-4a792877,b200b84e-4a792877,1,1,1.0
54,b200e97a,b200e97a-bf074435,b200e97a-bf074435,1,1,1.0
55,b20234fd,b20234fd-822029be,b20234fd-822029be,1,1,1.0
56,b202cae2,b202cae2-672e61c5,b202cae2-f46c74a6,2,1,1.0
57,b2036451,b2036451-aa924fd1,b2036451-aa924fd1,1,1,1.0
58,b2046bcf,b2046bcf-8bc6a044,b2046bcf-8bc6a044,1,1,1.0
59,b204a5c1,b204a5c1-05981158,b204a5c1-fa3d5b88,3,1,1.0
60,b205eb4d,b205eb4d-f84aaa1a,b205eb4d-f84aaa1a,1,1,1.0
61,b2064e61,b2064e61-2beadd45,b2064e61-2beadd45,1,1,1.0
62,b206a78b,b206a78b-99f405ab,b206a78b-99f405ab,1,1,1.0
63,b2080dc7,b2080dc7-f9b98a5f,b2080dc7-f9b98a5f,1,1,1.0
64,b20841f9,b20841f9-cef732d5,b20841f9-cef732d5,1,1,1.0
65,b20b1e63,b20b1e63-4d8478a4,b20b1e63-4d8478a4,1,1,1.0
66,b20b69d2,b20b69d2-64b9cdb8,b20b69d2-ffc1d6af,8,1,0.875
67,b20b9c19,b20b9c19-91e01a50,b20b9c19-91e01a50,1,1,1.0
68,b20d494a,b20d494a-cdebe83e,b20d494a-cdebe83e,1,1,1.0
69,b20e291a,b20e291a-32ac11c1,b20e291a-6012d836,2,1,1.0
70,b20eae11,b20eae11-149766ce,b20eae11-6817ba7a,3,1,1.0
71,b20ff95c,b20ff95c-b9444127,b20ff95c-b9444127,1,1,1.0
72,b2102d00,b2102d00-5eb86b71,b2102d00-a8c09be1,2,1,1.0
73,b2131b7b,b2131b7b-e58faab7,b2131b7b-e58faab7,1,1,1.0
74,b213e4eb,b213e4eb-09c01a17,b213e4eb-09c01a17,1,1,1.0
75,b214d1e1,b214d1e1-f248c616,b214d1e1-f248c616,1,1,1.0
76,b21547c1,b21547c1-73e457f8,b21547c1-796757ac,2,1,1.0
77,b2156f8e,b2156f8e-72e1547c,b2156f8e-72e1547c,1,0,0.0
78,b215943a,b215943a-10e44587,b215943a-10e44587,1,1,1.0
79,b216243d,b216243d-55963da2,b216243d-ad4306b9,2,1,1.0
80,b2169b74,b2169b74-fa197951,b2169b74-fa197951,1,1,1.0
81,b21742c2,b21742c2-0e7a2b57,b21742c2-18d3463a,2,1,1.0
82,b2194b15,b2194b15-1825056a,b2194b15-1825056a,1,1,1.0
83,b21ac8b3,b21ac8b3-9b9cb45a,b21ac8b3-9b9cb45a,1,1,1.0
84,b21bfb83,b21bfb83-ea32f716,b21bfb83-ea32f716,1,1,1.0
85,b21c68e6,b21c68e6-65674a17,b21c68e6-65674a17,1,1,1.0
86,b21c86ac,b21c86ac-0dc77d82,b21c86ac-71205084,3,1,1.0
87,b21d5efb,b21d5efb-5e2cd743,b21d5efb-5e2cd743,1,1,1.0
88,b2208b0f,b2208b0f-2796a692,b2208b0f-2796a692,1,1,1.0
89,b222c329,b222c329-5dc8dbf7,b222c329-5dc8dbf7,1,1,1.0
90,b229488e,b229488e-e4714bb7,b229488e-e4714bb7,1,1,1.0
91,b22a4d9f,b22a4d9f-48b2e986,b22a4d9f-73cc8810,2,1,1.0
92,b22e02cd,b22e02cd-6af68e18,b22e02cd-6af68e18,1,1,1.0
93,b22f174d,b22f174d-a19c875e,b22f174d-a19c875e,1,1,1.0
94,b22f385b,b22f385b-5d7e5202,b22f385b-5d7e5202,1,1,1.0
95,b230132b,b230132b-ff8f2719,b230132b-ff8f2719,1,1,1.0
96,b230a7b2,b230a7b2-c881c382,b230a7b2-c881c382,1,1,1.0
97,b231a630,b231a630-c4522992,b231a630-c4522992,1,1,1.0
98,b232c7c9,b232c7c9-d251d9ee,b232c7c9-d251d9ee,1,1,1.0
99,b2331b83,b2331b83-648e56ca,b2331b83-a28e6b57,2,1,1.0
100,b23493b1,b23493b1-3200de1c,b23493b1-3200de1c,1,1,1.0
101,b237db93,b237db93-fab44bf2,b237db93-fab44bf2,1,1,1.0
102,b23a79d1,b23a79d1-43dfeecd,b23a79d1-e434acaa,2,1,1.0
103,b23adb0d,b23adb0d-72704b27,b23adb0d-8a7aaced,2,1,1.0
104,b23b2649,b23b2649-1a78948d,b23b2649-8349d2a1,3,1,1.0
105,b23bb45f,b23bb45f-ddeea1d8,b23bb45f-ddeea1d8,1,1,1.0
106,b23c9e00,b23c9e00-5506ddfb,b23c9e00-b425de1b,2,1,1.0
107,b23d2079,b23d2079-0c019d8e,b23d2079-0c019d8e,1,1,1.0
108,b23f7012,b23f7012-32d284ce,b23f7012-fab06dac,2,1,1.0
109,b23fe89b,b23fe89b-c704fe97,b23fe89b-c704fe97,1,1,1.0
110,b24071b8,b24071b8-b3ee1196,b24071b8-b3ee1196,1,1,1.0
111,b2408e45,b2408e45-984ba5aa,b2408e45-984ba5aa,1,1,1.0
112,b242929f,b242929f-3051abca,b242929f-3051abca,1,1,1.0
113,b242f6b2,b242f6b2-0033bdfb,b242f6b2-f5da110f,4,1,1.0
114,b24380ab,b24380ab-63272e5a,b24380ab-c07680d1,4,1,1.0
115,b2443c9d,b2443c9d-8cc3991f,b2443c9d-8cc3991f,1,1,1.0
116,b245b306,b245b306-ca3dca4e,b245b306-ca3dca4e,1,0,0.0
117,b245e52e,b245e52e-0a0e4e69,b245e52e-aaeeb959,2,1,1.0
118,b246c8e8,b246c8e8-3dd42e6c,b246c8e8-ecce1321,3,1,1.0
119,b24702e3,b24702e3-0456c83c,b24702e3-fe617f57,5,1,1.0
120,b248306f,b248306f-a5089e94,b248306f-a5089e94,1,1,1.0
121,b2490dcb,b2490dcb-7469cbe8,b2490dcb-7469cbe8,1,1,1.0
122,b249e7f2,b249e7f2-92d2efad,b249e7f2-d619bd69,2,1,0.5
123,b24b3585,b24b3585-221ac8ac,b24b3585-221ac8ac,1,1,1.0
124,b24bdca1,b24bdca1-e4f0c558,b24bdca1-e4f0c558,1,1,1.0
125,b24c9ee6,b24c9ee6-e43a6e8b,b24c9ee6-e43a6e8b,1,1,1.0
126,b24ca67a,b24ca67a-594d7d3c,b24ca67a-594d7d3c,1,1,1.0
127,b24d283f,b24d283f-33783d1b,b24d283f-33783d1b,1,1,1.0
128,b24f03f7,b24f03f7-ff66eaca,b24f03f7-ff66eaca,1,1,1.0
129,b24f7455,b24f7455-e8c55d6a,b24f7455-e8c55d6a,1,1,1.0
130,b2505382,b2505382-1423f56a,b2505382-de5238f0,5,1,1.0
131,b250fb0c,b250fb0c-01a1b8d3,b250fb0c-01a1b8d3,1,1,1.0
132,b251064f,b251064f-30002542,b251064f-e7a165fd,5,1,1.0
133,b251b746,b251b746-00138418,b251b746-00138418,1,1,1.0
134,b255cd6c,b255cd6c-0bdf0ac7,b255cd6c-fb594dcb,9,1,1.0
135,b2576c8c,b2576c8c-2924c365,b2576c8c-2de20b8a,2,1,1.0
136,b257f482,b257f482-cf55d35c,b257f482-cf55d35c,1,1,1.0
137,b258a38b,b258a38b-0126cc8c,b258a38b-0126cc8c,1,1,1.0
138,b258d359,b258d359-49a3ad31,b258d359-db99eff1,2,1,1.0
139,b259c5e1,b259c5e1-cda39ef9,b259c5e1-cda39ef9,1,1,1.0
140,b25aac57,b25aac57-705d50ad,b25aac57-705d50ad,1,1,1.0
141,b25ae6c0,b25ae6c0-311e72c2,b25ae6c0-fb9fea6a,2,1,1.0
142,b25c1103,b25c1103-5da4b435,b25c1103-5da4b435,1,1,1.0
143,b25c51f5,b25c51f5-e9dba941,b25c51f5-e9dba941,1,1,1.0
144,b25fb716,b25fb716-78d8d49b,b25fb716-78d8d49b,1,1,1.0
145,b25fd5d3,b25fd5d3-fa4bfca0,b25fd5d3-fa4bfca0,1,1,1.0
146,b25fdb41,b25fdb41-4644e3f7,b25fdb41-4644e3f7,1,1,1.0
147,b262f576,b262f576-b0373824,b262f576-b0373824,1,1,1.0
148,b26309ce,b26309ce-447c0ac7,b26309ce-fc963b47,2,1,1.0
149,b26327fe,b26327fe-3ac19999,b26327fe-3ac19999,1,1,1.0
150,b26331b9,b26331b9-102f5d9a,b26331b9-102f5d9a,1,1,1.0
151,b2638d82,b2638d82-062aa1de,b2638d82-062aa1de,1,1,1.0
152,b263f57d,b263f57d-1ccf6e51,b263f57d-1ccf6e51,1,1,1.0
153,b2648a7f,b2648a7f-42f72f67,b2648a7f-42f72f67,1,1,1.0
154,b265b9cf,b265b9cf-2d517da6,b265b9cf-2d517da6,1,1,1.0
155,b26610ce,b26610ce-083c3bd1,b26610ce-083c3bd1,1,1,1.0
156,b266429a,b266429a-83757042,b266429a-ac0c4ed3,2,1,1.0
157,b266db29,b266db29-12bf52fa,b266db29-da0abce7,6,1,1.0
158,b2675b13,b2675b13-d04e4a76,b2675b13-d04e4a76,1,1,1.0
159,b268bb58,b268bb58-5ead8a56,b268bb58-5ead8a56,1,1,1.0
160,b2694461,b2694461-db4f4470,b2694461-db4f4470,1,1,1.0
161,b26aafd1,b26aafd1-1bc4dccc,b26aafd1-513824d4,2,1,1.0
162,b26ba07a,b26ba07a-1c7593b1,b26ba07a-f781b661,8,1,0.875
163,b26cfcdc,b26cfcdc-10346684,b26cfcdc-eb092da8,4,1,1.0
164,b26dd913,b26dd913-2888cbfd,b26dd913-2888cbfd,1,1,1.0
165,b26dddb5,b26dddb5-28e4a05f,b26dddb5-28e4a05f,1,1,1.0
166,b26f7271,b26f7271-d906ee87,b26f7271-d906ee87,1,1,1.0
167,b26f8762,b26f8762-61cfb033,b26f8762-61cfb033,1,1,1.0
168,b26f9b1e,b26f9b1e-09c56a3c,b26f9b1e-3e172ced,2,1,1.0
169,b27098c3,b27098c3-0db780d5,b27098c3-dedf92b2,4,1,1.0
170,b270d8e4,b270d8e4-0f565398,b270d8e4-0f565398,1,1,1.0
171,b27127df,b27127df-eac9b95e,b27127df-eac9b95e,1,1,1.0
172,b2714f5d,b2714f5d-07bf604c,b2714f5d-5bc98e55,2,1,1.0
173,b2715214,b2715214-13e3dd85,b2715214-d38332ea,2,1,1.0
174,b27369f3,b27369f3-9b9598f4,b27369f3-dd3c0b46,2,1,1.0
175,b2743b5d,b2743b5d-e2d585be,b2743b5d-e2d585be,1,1,1.0
176,b2752cd6,b2752cd6-12ba5588,b2752cd6-12ba5588,1,1,1.0
177,b275c028,b275c028-6a0665cb,b275c028-6a0665cb,1,0,0.0
178,b27688b6,b27688b6-1af27060,b27688b6-cd521517,2,1,1.0
179,b2778280,b2778280-4179c4af,b2778280-4179c4af,1,1,1.0
180,b277a772,b277a772-08d8d7ad,b277a772-87c10d5c,4,1,1.0
181,b2794401,b2794401-ba7d3c05,b2794401-ba7d3c05,1,1,1.0
182,b279bc06,b279bc06-3c8aeb90,b279bc06-b7bc42a9,3,1,1.0
183,b27b0cd9,b27b0cd9-f184d9a3,b27b0cd9-f184d9a3,1,1,1.0
184,b27cd403,b27cd403-d7616bfa,b27cd403-f2d087cc,2,1,1.0
185,b27cde22,b27cde22-56abd0e1,b27cde22-56abd0e1,1,1,1.0
186,b27d5dcb,b27d5dcb-5bdec286,b27d5dcb-9230790c,3,1,1.0
187,b27e8b69,b27e8b69-c00092ae,b27e8b69-c00092ae,1,1,1.0
188,b27fdbad,b27fdbad-ab895d86,b27fdbad-ae939e31,2,1,1.0
189,b280c9c1,b280c9c1-4340305f,b280c9c1-a75d23e5,2,1,1.0
190,b2828509,b2828509-133b042d,b2828509-8e8fa55f,3,1,1.0
191,b284c0e8,b284c0e8-85fbc42a,b284c0e8-b813f3cf,2,1,1.0
192,b285698b,b285698b-ff1293ce,b285698b-ff1293ce,1,1,1.0
193,b2860d72,b2860d72-0b43e851,b2860d72-0b43e851,1,1,1.0
194,b289f2e8,b289f2e8-cec8700d,b289f2e8-cec8700d,1,1,1.0
195,b28aac6c,b28aac6c-9f1b99cb,b28aac6c-9f1b99cb,1,1,1.0
196,b28cb5d3,b28cb5d3-2cf728ac,b28cb5d3-f800ecd2,4,1,0.5
197,b28cfc9b,b28cfc9b-224431ab,b28cfc9b-224431ab,1,1,1.0
198,b28ec521,b28ec521-69495052,b28ec521-898e11bd,4,1,1.0
199,b28f288b,b28f288b-784f7606,b28f288b-784f7606,1,1,1.0
200,b28fc734,b28fc734-5add25db,b28fc734-5add25db,1,1,1.0
201,b29026f0,b29026f0-d5a5ee8c,b29026f0-d5a5ee8c,1,1,1.0
202,b291cfd6,b291cfd6-a46efbcc,b291cfd6-ff98ba56,3,1,1.0
203,b29273b2,b29273b2-339a1500,b29273b2-339a1500,1,1,1.0
204,b2932832,b2932832-a2c8f6ef,b2932832-df9384eb,2,1,1.0
205,b2933acb,b2933acb-1e0c16cc,b2933acb-e890758f,2,1,1.0
206,b29377e0,b29377e0-83e8340a,b29377e0-83e8340a,1,1,1.0
207,b2939bf0,b2939bf0-221e1dfb,b2939bf0-221e1dfb,1,1,1.0
208,b294386c,b294386c-24ddd0c3,b294386c-24ddd0c3,1,1,1.0
209,b29511e5,b29511e5-0e7c7013,b29511e5-0e7c7013,1,1,1.0
210,b2965b06,b2965b06-88a1da19,b2965b06-88a1da19,1,1,1.0
211,b29806ee,b29806ee-7194648d,b29806ee-e89a39a6,3,1,1.0
212,b29c2372,b29c2372-b53a797c,b29c2372-b53a797c,1,1,1.0
213,b29c5efd,b29c5efd-754ba560,b29c5efd-754ba560,1,1,1.0
214,b29f09ea,b29f09ea-911177ce,b29f09ea-ecd5304b,2,1,1.0
215,b29f7159,b29f7159-219cf764,b29f7159-219cf764,1,1,1.0
216,b29f9214,b29f9214-4846c10c,b29f9214-4846c10c,1,1,1.0
217,b2a0648b,b2a0648b-d8e126bc,b2a0648b-d8e126bc,1,1,1.0
218,b2a0dbe8,b2a0dbe8-85f1894e,b2a0dbe8-85f1894e,1,1,1.0
219,b2a1e013,b2a1e013-638d6e4d,b2a1e013-638d6e4d,1,1,1.0
220,b2a1e172,b2a1e172-a969db88,b2a1e172-a969db88,1,1,1.0
221,b2a46c1e,b2a46c1e-87aac2ec,b2a46c1e-87aac2ec,1,1,1.0
222,b2a4738f,b2a4738f-1c4a1373,b2a4738f-1c4a1373,1,1,1.0
223,b2a4bc4d,b2a4bc4d-6f7c1727,b2a4bc4d-b251ccb1,2,1,1.0
224,b2a5baf7,b2a5baf7-58519386,b2a5baf7-58519386,1,1,1.0
225,b2a60634,b2a60634-0817a6eb,b2a60634-ad36f179,4,1,0.75
226,b2a8e8b4,b2a8e8b4-50058f09,b2a8e8b4-a4e93829,2,1,1.0
227,b2a99ee3,b2a99ee3-5abca703,b2a99ee3-5abca703,1,1,1.0
228,b2a9d547,b2a9d547-f7f6fa92,b2a9d547-f7f6fa92,1,1,1.0
229,b2ae0446,b2ae0446-4b0bfda7,b2ae0446-f456c162,2,1,1.0
230,b2ae4fc5,b2ae4fc5-3abd5802,b2ae4fc5-d1082ddf,2,1,1.0
231,b2aefccb,b2aefccb-24d289a9,b2aefccb-24d289a9,1,1,1.0
232,b2afce7f,b2afce7f-0cb9967a,b2afce7f-0cb9967a,1,1,1.0
233,b2b03a01,b2b03a01-a60e895f,b2b03a01-a60e895f,1,1,1.0
234,b2b2f563,b2b2f563-ec318c61,b2b2f563-ec318c61,1,1,1.0
235,b2b32394,b2b32394-e46669cb,b2b32394-e46669cb,1,1,1.0
236,b2b70230,b2b70230-bad4ff6e,b2b70230-c43553a9,2,1,1.0
237,b2b74321,b2b74321-f6578001,b2b74321-f6578001,1,1,1.0
238,b2bc4efb,b2bc4efb-a184131d,b2bc4efb-a184131d,1,1,1.0
239,b2bceb54,b2bceb54-0b1f3332,b2bceb54-4d3cc92c,2,1,1.0
240,b2bdb7b6,b2bdb7b6-041bebc9,b2bdb7b6-d34fab57,5,1,1.0
241,b2bdc7e5,b2bdc7e5-b4ebc5bd,b2bdc7e5-b4ebc5bd,1,1,1.0
242,b2be7200,b2be7200-b6f7fe0a,b2be7200-b6f7fe0a,1,1,1.0
243,b2bee3e1,b2bee3e1-80c787bd,b2bee3e1-915eb541,2,1,1.0
244,b2bf0e03,b2bf0e03-a07f0a81,b2bf0e03-a3921cd6,2,1,1.0
245,b2c0e5c1,b2c0e5c1-9666ba7e,b2c0e5c1-9666ba7e,1,1,1.0
246,b2c23864,b2c23864-810e4e1d,b2c23864-810e4e1d,1,1,1.0
247,b2c2f563,b2c2f563-02143de0,b2c2f563-02143de0,1,1,1.0
248,b2c5110e,b2c5110e-09e459e9,b2c5110e-ef7e4997,2,1,0.5
249,b2c542e3,b2c542e3-02f579a6,b2c542e3-02f579a6,1,1,1.0
250,b2c7d048,b2c7d048-fdd059eb,b2c7d048-fdd059eb,1,1,1.0
251,b2c7ebc4,b2c7ebc4-731ea908,b2c7ebc4-731ea908,1,1,1.0
252,b2c88d3b,b2c88d3b-1c1ad881,b2c88d3b-1c1ad881,1,1,1.0
253,b2c9b221,b2c9b221-d447dcc3,b2c9b221-d447dcc3,1,1,1.0
254,b2cac490,b2cac490-b27b82da,b2cac490-b27b82da,1,1,1.0
255,b2cbf6d8,b2cbf6d8-732b47be,b2cbf6d8-732b47be,1,1,1.0
256,b2cce432,b2cce432-e17e840e,b2cce432-e17e840e,1,1,1.0
257,b2cd33bd,b2cd33bd-a5043d29,b2cd33bd-a5043d29,1,1,1.0
258,b2cda443,b2cda443-f7cb5ccf,b2cda443-f7cb5ccf,1,1,1.0
259,b2cf78ec,b2cf78ec-6043f571,b2cf78ec-6043f571,1,1,1.0
260,b2d22b2f,b2d22b2f-8302eb61,b2d22b2f-91d0af18,2,1,1.0
261,b2d3510a,b2d3510a-659ae4de,b2d3510a-659ae4de,1,1,1.0
262,b2d49c0c,b2d49c0c-e888f874,b2d49c0c-e888f874,1,1,1.0
263,b2d4c878,b2d4c878-2267ca6d,b2d4c878-2267ca6d,1,1,1.0
264,b2d502aa,b2d502aa-64d3e228,b2d502aa-f9141409,5,1,1.0
265,b2d83b7b,b2d83b7b-9627ff87,b2d83b7b-9627ff87,1,1,1.0
266,b2d8704e,b2d8704e-66d10551,b2d8704e-9e7dddd6,2,1,1.0
267,b2d90c73,b2d90c73-32ae0488,b2d90c73-32ae0488,1,1,1.0
268,b2d9b817,b2d9b817-9a617024,b2d9b817-9a617024,1,1,1.0
269,b2da7e9c,b2da7e9c-6fe28d5e,b2da7e9c-6fe28d5e,1,1,1.0
270,b2daf29d,b2daf29d-6198754f,b2daf29d-6198754f,1,1,1.0
271,b2db41a2,b2db41a2-721e0f4e,b2db41a2-721e0f4e,1,1,1.0
272,b2dbb793,b2dbb793-305e0fc5,b2dbb793-9f0b2bec,2,1,1.0
273,b2dc7ea5,b2dc7ea5-4a031fdd,b2dc7ea5-4a031fdd,1,1,1.0
274,b2ddae9c,b2ddae9c-9aafceae,b2ddae9c-9aafceae,1,1,1.0
275,b2dde0d9,b2dde0d9-1303a9ef,b2dde0d9-1303a9ef,1,1,1.0
276,b2de6f59,b2de6f59-9f74dea1,b2de6f59-9f74dea1,1,1,1.0
277,b2de938e,b2de938e-84eab379,b2de938e-a8430554,2,1,1.0
278,b2e2126b,b2e2126b-0512426c,b2e2126b-0512426c,1,1,1.0
279,b2e2b2be,b2e2b2be-4142962b,b2e2b2be-4142962b,1,1,1.0
280,b2e2f4ed,b2e2f4ed-6ba045d0,b2e2f4ed-6ba045d0,1,1,1.0
281,b2e431b6,b2e431b6-332c438d,b2e431b6-332c438d,1,1,1.0
282,b2e54795,b2e54795-0a58624f,b2e54795-db1f3bad,8,1,1.0
283,b2e63097,b2e63097-51c16783,b2e63097-51c16783,1,1,1.0
284,b2e73518,b2e73518-547798ef,b2e73518-547798ef,1,1,1.0
285,b2e96aa8,b2e96aa8-3624f23d,b2e96aa8-4d92cdf0,2,1,1.0
286,b2ea3465,b2ea3465-78dea25f,b2ea3465-78dea25f,1,1,1.0
287,b2ec68ce,b2ec68ce-d345784e,b2ec68ce-d345784e,1,0,0.0
288,b2ed13f9,b2ed13f9-01b4dd4f,b2ed13f9-01b4dd4f,1,1,1.0
289,b2edfbf5,b2edfbf5-544c4e6e,b2edfbf5-e0fc7810,2,1,1.0
290,b2eed8fa,b2eed8fa-2694b15d,b2eed8fa-cf59a253,2,1,1.0
291,b2efc911,b2efc911-2ad925b4,b2efc911-2ad925b4,1,1,1.0
292,b2f3d83a,b2f3d83a-1effdb49,b2f3d83a-1effdb49,1,1,1.0
293,b2f48fc3,b2f48fc3-0b8ff39a,b2f48fc3-f0ddacf0,3,1,1.0
294,b2f4a409,b2f4a409-36a7d7c9,b2f4a409-80dacf25,4,1,1.0
295,b2f4ebb7,b2f4ebb7-ceaa12dc,b2f4ebb7-ceaa12dc,1,1,1.0
296,b2f68bad,b2f68bad-aa8f35d1,b2f68bad-aa8f35d1,1,0,0.0
297,b2f6cc51,b2f6cc51-462c2887,b2f6cc51-462c2887,1,1,1.0
298,b2f9cc9e,b2f9cc9e-809f5cae,b2f9cc9e-809f5cae,1,1,1.0
299,b2fa3e5f,b2fa3e5f-8c4b06d0,b2fa3e5f-8c4b06d0,1,1,1.0
300,b2fbc1aa,b2fbc1aa-b6180041,b2fbc1aa-b6180041,1,1,1.0
301,b2fbf86d,b2fbf86d-d5de82a4,b2fbf86d-d5de82a4,1,1,1.0
302,b2fc6d24,b2fc6d24-0af7cdca,b2fc6d24-0af7cdca,1,1,1.0
303,b2fc7cb5,b2fc7cb5-1635d64b,b2fc7cb5-1635d64b,1,1,1.0
304,b2fe5d69,b2fe5d69-f31d4c9b,b2fe5d69-f31d4c9b,1,1,1.0
305,b2fed216,b2fed216-2e5c452d,b2fed216-2e5c452d,1,1,1.0
306,b2ff6aba,b2ff6aba-fa4ac7d7,b2ff6aba-fa4ac7d7,1,1,1.0
307,b3039ada,b3039ada-2ef2a725,b3039ada-2ef2a725,1,0,0.0
308,b3048201,b3048201-d86d9cd8,b3048201-d86d9cd8,1,1,1.0
309,b305fc0b,b305fc0b-ec8916d5,b305fc0b-ec8916d5,1,0,0.0
310,b3060c96,b3060c96-d2391b61,b3060c96-d2391b61,1,1,1.0
311,b3064012,b3064012-5a01e51a,b3064012-5a01e51a,1,1,1.0
312,b306fb3f,b306fb3f-178fca4e,b306fb3f-f02e46cc,3,1,1.0
313,b3079ec6,b3079ec6-df7b2d92,b3079ec6-df7b2d92,1,1,1.0
314,b3091a27,b3091a27-aa7841b5,b3091a27-aa7841b5,1,1,1.0
315,b30af183,b30af183-3029b316,b30af183-e9209104,2,1,1.0
316,b30b460d,b30b460d-0e26bd8a,b30b460d-f081f92b,5,1,0.8
317,b30ba07c,b30ba07c-6692a0e3,b30ba07c-6692a0e3,1,1,1.0
318,b310be3f,b310be3f-c5d5e18c,b310be3f-c5d5e18c,1,1,1.0
319,b3110036,b3110036-a32dc26e,b3110036-a32dc26e,1,1,1.0
320,b3121071,b3121071-195ffbf7,b3121071-cac49b3a,9,1,0.8888888888888888
321,b312dcb5,b312dcb5-3c956847,b312dcb5-fbd7070b,4,1,1.0
322,b313a4dc,b313a4dc-217f1233,b313a4dc-217f1233,1,1,1.0
323,b3154d05,b3154d05-86ce5ff2,b3154d05-8bc595ba,2,1,1.0
324,b3158519,b3158519-23c9c58d,b3158519-6afea489,2,1,1.0
325,b3159650,b3159650-0d7fbee8,b3159650-1ba75f9b,2,1,1.0
326,b315fa95,b315fa95-4aa651f8,b315fa95-4aa651f8,1,1,1.0
327,b319b67e,b319b67e-b43ffc33,b319b67e-b43ffc33,1,1,1.0
328,b31c98f7,b31c98f7-a342fff6,b31c98f7-a342fff6,1,1,1.0
329,b31cbddb,b31cbddb-e2d8873f,b31cbddb-e2d8873f,1,1,1.0
330,b321c6b6,b321c6b6-ab603d42,b321c6b6-ab603d42,1,1,1.0
331,b3223c85,b3223c85-fccaf29d,b3223c85-fccaf29d,1,1,1.0
332,b322412a,b322412a-58073611,b322412a-b47af37f,2,1,1.0
333,b3248383,b3248383-f66bbcc1,b3248383-f66bbcc1,1,1,1.0
334,b325fe35,b325fe35-b59e4e91,b325fe35-b59e4e91,1,1,1.0
335,b32661a1,b32661a1-57c937fe,b32661a1-57c937fe,1,1,1.0
336,b329fe7d,b329fe7d-f06455d3,b329fe7d-f06455d3,1,1,1.0
337,b32a9f8b,b32a9f8b-2b3d9894,b32a9f8b-2b3d9894,1,0,0.0
338,b32f48c8,b32f48c8-410503d5,b32f48c8-410503d5,1,1,1.0
339,b331b06b,b331b06b-83fd459b,b331b06b-83fd459b,1,1,1.0
340,b3321962,b3321962-e23b25e3,b3321962-e23b25e3,1,1,1.0
341,b3329255,b3329255-4a5988f8,b3329255-76b9bb88,2,1,1.0
342,b332df78,b332df78-28a61de0,b332df78-d6c7dff7,6,1,1.0
343,b3339cd5,b3339cd5-06f84bb3,b3339cd5-06f84bb3,1,1,1.0
344,b3343231,b3343231-8fe3f2e2,b3343231-8fe3f2e2,1,1,1.0
345,b334b56d,b334b56d-1dd4b8ad,b334b56d-b82e26b5,4,1,0.75
346,b3363496,b3363496-032f16bf,b3363496-9d8e32e7,2,1,1.0
347,b336bdb9,b336bdb9-99780d3c,b336bdb9-ed5d2cc3,2,1,0.5
348,b3378e5e,b3378e5e-9b684546,b3378e5e-e0df1ef5,3,1,1.0
349,b3386c15,b3386c15-1c922cea,b3386c15-1c922cea,1,1,1.0
350,b338efff,b338efff-595690ba,b338efff-595690ba,1,1,1.0
351,b33a7e88,b33a7e88-bc0eabcf,b33a7e88-bc0eabcf,1,1,1.0
352,b33ced12,b33ced12-423ec0dc,b33ced12-c53391e6,3,1,1.0
353,b33ea6cb,b33ea6cb-3464fb13,b33ea6cb-ddf24803,3,1,1.0
354,b33ec9f6,b33ec9f6-61139b0d,b33ec9f6-61139b0d,1,1,1.0
355,b3422c91,b3422c91-f0c36ed7,b3422c91-f0c36ed7,1,1,1.0
356,b3432539,b3432539-8f9fc466,b3432539-8f9fc466,1,1,1.0
357,b3433dec,b3433dec-e7a93351,b3433dec-e7a93351,1,1,1.0
358,b344266e,b344266e-2e034c1e,b344266e-2e034c1e,1,1,1.0
359,b3450139,b3450139-9dcaced8,b3450139-9dcaced8,1,1,1.0
360,b3450498,b3450498-dbbb787e,b3450498-dbbb787e,1,1,1.0
361,b3456910,b3456910-6136f90e,b3456910-cf5fb475,2,1,0.5
362,b3467777,b3467777-44b644dd,b3467777-44b644dd,1,1,1.0
363,b3479da9,b3479da9-2d5165c5,b3479da9-2d5165c5,1,1,1.0
364,b3488ceb,b3488ceb-84e6ade1,b3488ceb-84e6ade1,1,1,1.0
365,b3497248,b3497248-54bbe9be,b3497248-54bbe9be,1,1,1.0
366,b34b1b88,b34b1b88-0f326921,b34b1b88-5bfe3b85,2,1,1.0
367,b34e373f,b34e373f-fb594a99,b34e373f-fb594a99,1,0,0.0
368,b350afdd,b350afdd-9c872c22,b350afdd-9c872c22,1,1,1.0
369,b352b7f5,b352b7f5-276129f2,b352b7f5-c17c1c72,2,1,1.0
370,b355880f,b355880f-7cb7ed1e,b355880f-9131b077,2,1,1.0
371,b3560f77,b3560f77-2bb7f40d,b3560f77-2bb7f40d,1,1,1.0
372,b3563bcf,b3563bcf-1962e18d,b3563bcf-1962e18d,1,1,1.0
373,b3565dc3,b3565dc3-9d685e22,b3565dc3-9d685e22,1,1,1.0
374,b3566b0e,b3566b0e-f8e7b731,b3566b0e-f8e7b731,1,1,1.0
375,b3599e04,b3599e04-174421e4,b3599e04-6f80b3b7,3,1,1.0
376,b35a415a,b35a415a-02526f57,b35a415a-02526f57,1,1,1.0
377,b35c1016,b35c1016-4e29ef43,b35c1016-5a7c77ee,2,1,1.0
378,b35c8e3d,b35c8e3d-439b1b23,b35c8e3d-f985138a,3,1,1.0
379,b35cfd7c,b35cfd7c-2d625033,b35cfd7c-33d93645,2,1,1.0
380,b35dac08,b35dac08-031e3f6f,b35dac08-a80be8c5,3,1,1.0
381,b35f4a74,b35f4a74-bd3dd74f,b35f4a74-bd3dd74f,1,1,1.0
382,b362130a,b362130a-d4f3a32a,b362130a-d4f3a32a,1,1,1.0
383,b364b881,b364b881-5dd3ec28,b364b881-5dd3ec28,1,1,1.0
384,b366921d,b366921d-956d220b,b366921d-956d220b,1,1,1.0
385,b36710b9,b36710b9-7f5e88a3,b36710b9-7f5e88a3,1,0,0.0
386,b3674f80,b3674f80-8070d692,b3674f80-8070d692,1,1,1.0
387,b3683422,b3683422-cce330a8,b3683422-cce330a8,1,1,1.0
388,b368ee71,b368ee71-aba6eeef,b368ee71-e2f04304,4,1,1.0
389,b36a5c73,b36a5c73-437be32a,b36a5c73-cf70561a,4,1,1.0
390,b36d14ea,b36d14ea-eed9255b,b36d14ea-eed9255b,1,1,1.0
391,b36de7af,b36de7af-08e5967a,b36de7af-ca137216,3,1,1.0
392,b36e0178,b36e0178-0f46bca5,b36e0178-2037ca44,2,1,0.5
393,b36fcdfe,b36fcdfe-fd6585e0,b36fcdfe-fd6585e0,1,1,1.0
394,b3709948,b3709948-6e8ef33d,b3709948-6e8ef33d,1,1,1.0
395,b371451e,b371451e-7caf934b,b371451e-7caf934b,1,1,1.0
396,b371dc0e,b371dc0e-a5f4365f,b371dc0e-a5f4365f,1,1,1.0
397,b37385bd,b37385bd-9d5b76d4,b37385bd-9d5b76d4,1,1,1.0
398,b37693d0,b37693d0-cd9bdf88,b37693d0-cd9bdf88,1,1,1.0
399,b376c5c2,b376c5c2-07a93591,b376c5c2-07a93591,1,1,1.0
400,b3770858,b3770858-ea33d0dc,b3770858-fa8c241b,2,1,1.0
401,b378e452,b378e452-3aa3d11d,b378e452-c639ce0f,2,1,1.0
402,b37b0528,b37b0528-92d07297,b37b0528-92d07297,1,1,1.0
403,b37b9cf2,b37b9cf2-9d52b009,b37b9cf2-9d52b009,1,1,1.0
404,b37c1ca4,b37c1ca4-561ffad3,b37c1ca4-561ffad3,1,1,1.0
405,b37c2955,b37c2955-5f0aef70,b37c2955-66532a77,2,1,1.0
406,b37c5be2,b37c5be2-b9164b91,b37c5be2-b9164b91,1,1,1.0
407,b37c86c4,b37c86c4-53f2f54c,b37c86c4-53f2f54c,1,1,1.0
408,b37cacf7,b37cacf7-0d3ce003,b37cacf7-0d3ce003,1,1,1.0
409,b37d75bd,b37d75bd-e971140f,b37d75bd-e971140f,1,1,1.0
410,b37dfad0,b37dfad0-708bd5bb,b37dfad0-708bd5bb,1,1,1.0
411,b37e9cc3,b37e9cc3-cf8111d8,b37e9cc3-cf8111d8,1,1,1.0
412,b37f2b89,b37f2b89-44772e64,b37f2b89-44772e64,1,0,0.0
413,b37fcc2f,b37fcc2f-fa9beaf4,b37fcc2f-fa9beaf4,1,1,1.0
414,b380ae2f,b380ae2f-afd868dc,b380ae2f-afd868dc,1,1,1.0
415,b3810b68,b3810b68-42b78db3,b3810b68-42b78db3,1,1,1.0
416,b3815e24,b3815e24-b9565680,b3815e24-b9565680,1,1,1.0
417,b3823cab,b3823cab-48611ba2,b3823cab-b88da702,2,1,1.0
418,b3826400,b3826400-c03b5432,b3826400-c03b5432,1,1,1.0
419,b3826fd8,b3826fd8-774c2e0a,b3826fd8-774c2e0a,1,1,1.0
420,b3841888,b3841888-101ea0f3,b3841888-101ea0f3,1,1,1.0
421,b3853f81,b3853f81-272f6c37,b3853f81-272f6c37,1,1,1.0
422,b38580a1,b38580a1-f26eb052,b38580a1-f26eb052,1,1,1.0
423,b385ecb1,b385ecb1-7f38178b,b385ecb1-7f38178b,1,1,1.0
424,b3865788,b3865788-92f46f80,b3865788-92f46f80,1,1,1.0
425,b386d34e,b386d34e-a6a9ea07,b386d34e-a6a9ea07,1,1,1.0
426,b3875c8d,b3875c8d-cc4081eb,b3875c8d-cc4081eb,1,1,1.0
427,b388f9b2,b388f9b2-55dbd56a,b388f9b2-a91718d0,2,1,1.0
428,b3899bec,b3899bec-df46f67b,b3899bec-df46f67b,1,1,1.0
429,b38b2b6a,b38b2b6a-77f9d5e5,b38b2b6a-cb374ce8,2,1,0.5
430,b38b4f98,b38b4f98-0e8820b0,b38b4f98-0e8820b0,1,1,1.0
431,b38b8783,b38b8783-9cc1ad04,b38b8783-9cc1ad04,1,1,1.0
432,b38e631d,b38e631d-e2d95e18,b38e631d-e2d95e18,1,1,1.0
433,b38f59d4,b38f59d4-58f1cff8,b38f59d4-8dfeca9f,2,1,1.0
434,b38fb69e,b38fb69e-5f5f73ae,b38fb69e-99642683,2,1,1.0
435,b3931c96,b3931c96-5417a573,b3931c96-5417a573,1,1,1.0
436,b3933f83,b3933f83-a32ef4fd,b3933f83-a32ef4fd,1,1,1.0
437,b394dd7a,b394dd7a-8901eb36,b394dd7a-fe45748a,3,1,1.0
438,b39519c6,b39519c6-7f66da0f,b39519c6-b3787b96,2,1,1.0
439,b39572b6,b39572b6-aa95db3d,b39572b6-ad240c2b,2,1,1.0
440,b3967d1b,b3967d1b-0088ba4e,b3967d1b-5dbec492,3,1,1.0
441,b3969458,b3969458-13fa5e0e,b3969458-7c67d658,2,1,0.5
442,b396946b,b396946b-d29f75f9,b396946b-d29f75f9,1,1,1.0
443,b396e413,b396e413-6c8191b9,b396e413-6c8191b9,1,1,1.0
444,b398327e,b398327e-08f3a1f2,b398327e-f873cb8b,3,1,1.0
445,b398a52e,b398a52e-5d44ea66,b398a52e-5d44ea66,1,1,1.0
446,b398e0fb,b398e0fb-257cf424,b398e0fb-257cf424,1,1,1.0
447,b3990772,b3990772-45bf6ad7,b3990772-45bf6ad7,1,1,1.0
448,b3990aa9,b3990aa9-4fb64582,b3990aa9-8adaa51a,2,1,1.0
449,b39dd7ca,b39dd7ca-a740454f,b39dd7ca-a740454f,1,1,1.0
450,b39e8c78,b39e8c78-f02c29c6,b39e8c78-f02c29c6,1,1,1.0
451,b39fe3cd,b39fe3cd-076e7ef7,b39fe3cd-f0d534c0,15,1,1.0
452,b39ffdda,b39ffdda-b9a4ad33,b39ffdda-eec0cc38,2,1,1.0
453,b3a087a4,b3a087a4-9d116610,b3a087a4-9d116610,1,1,1.0
454,b3a102ed,b3a102ed-6ef54f5e,b3a102ed-6ef54f5e,1,1,1.0
455,b3a1e72b,b3a1e72b-1f4b129d,b3a1e72b-f9a8ed50,3,1,1.0
456,b3a238e3,b3a238e3-de6b8b86,b3a238e3-ede6d45d,2,1,1.0
457,b3a3d166,b3a3d166-3a6a258d,b3a3d166-3a6a258d,1,1,1.0
458,b3a4cbbb,b3a4cbbb-73f71148,b3a4cbbb-b67444d7,2,1,1.0
459,b3a58c04,b3a58c04-e89d17a2,b3a58c04-e89d17a2,1,1,1.0
460,b3a6f586,b3a6f586-21d97cce,b3a6f586-3ea7e1ad,3,1,1.0
461,b3a72605,b3a72605-98b37492,b3a72605-98b37492,1,1,1.0
462,b3a76bd5,b3a76bd5-4e7a1ce2,b3a76bd5-4e7a1ce2,1,1,1.0
463,b3a7b21a,b3a7b21a-48bcf2b8,b3a7b21a-48bcf2b8,1,1,1.0
464,b3a84a0f,b3a84a0f-0fb529e1,b3a84a0f-61844c69,2,1,1.0
465,b3a87019,b3a87019-ba714074,b3a87019-ba714074,1,1,1.0
466,b3a9281a,b3a9281a-74ae5b60,b3a9281a-e8ba5d66,4,1,1.0
467,b3a94ee5,b3a94ee5-68ed7d65,b3a94ee5-68ed7d65,1,1,1.0
468,b3a969fe,b3a969fe-5181b89f,b3a969fe-5181b89f,1,1,1.0
469,b3aacff1,b3aacff1-967c15c1,b3aacff1-967c15c1,1,1,1.0
470,b3acb0a1,b3acb0a1-f459ea19,b3acb0a1-f459ea19,1,1,1.0
471,b3ae380d,b3ae380d-76bac333,b3ae380d-76bac333,1,1,1.0
472,b3ae7668,b3ae7668-c78f47c8,b3ae7668-c78f47c8,1,1,1.0
473,b3b06694,b3b06694-627742e3,b3b06694-627742e3,1,1,1.0
474,b3b0f7f7,b3b0f7f7-c97288ca,b3b0f7f7-c97288ca,1,1,1.0
475,b3b2ffbe,b3b2ffbe-cd80cda8,b3b2ffbe-cd80cda8,1,1,1.0
476,b3b44b49,b3b44b49-3af119e3,b3b44b49-7336e3ee,2,1,1.0
477,b3b4c0fe,b3b4c0fe-2683b31e,b3b4c0fe-2683b31e,1,1,1.0
478,b3b64b42,b3b64b42-403091d9,b3b64b42-dab3c506,2,1,1.0
479,b3b8fce6,b3b8fce6-c67646a7,b3b8fce6-c67646a7,1,1,1.0
480,b3b94eea,b3b94eea-b06bca81,b3b94eea-b06bca81,1,1,1.0
481,b3b9ee6e,b3b9ee6e-6d2617d1,b3b9ee6e-6d2617d1,1,1,1.0
482,b3bbc110,b3bbc110-3ef16a61,b3bbc110-3ef16a61,1,1,1.0
483,b3bc36c8,b3bc36c8-03cb07d2,b3bc36c8-03cb07d2,1,1,1.0
484,b3be4113,b3be4113-1fb56ec4,b3be4113-a7c6d89b,2,1,1.0
485,b3c0357a,b3c0357a-10fef986,b3c0357a-10fef986,1,1,1.0
486,b3c0460d,b3c0460d-33d7256d,b3c0460d-33d7256d,1,1,1.0
487,b3c094d3,b3c094d3-75cda540,b3c094d3-75cda540,1,1,1.0
488,b3c21bae,b3c21bae-260d0b00,b3c21bae-260d0b00,1,0,0.0
489,b3c26aff,b3c26aff-417063a0,b3c26aff-63a0d7d6,2,1,1.0
490,b3c2f984,b3c2f984-a6fb75a4,b3c2f984-a6fb75a4,1,1,1.0
491,b3c39081,b3c39081-34b43a1c,b3c39081-34b43a1c,1,1,1.0
492,b3c3f8ef,b3c3f8ef-8f40dc74,b3c3f8ef-8f40dc74,1,1,1.0
493,b3c4e98b,b3c4e98b-0c191966,b3c4e98b-da58e181,4,1,0.75
494,b3c672a8,b3c672a8-b7b886ae,b3c672a8-b7b886ae,1,1,1.0
495,b3c939e3,b3c939e3-370d8f4a,b3c939e3-61fb6427,3,1,1.0
496,b3c9eef1,b3c9eef1-dcb3d0e7,b3c9eef1-dcb3d0e7,1,1,1.0
497,b3cc736f,b3cc736f-03134262,b3cc736f-b7a66149,3,1,1.0
498,b3cd4bfe,b3cd4bfe-93377084,b3cd4bfe-93377084,1,1,1.0
499,b3ce9f98,b3ce9f98-2b3d06d6,b3ce9f98-97451163,3,1,1.0
500,b3d0ccae,b3d0ccae-26380ab5,b3d0ccae-26380ab5,1,1,1.0
501,b3d0d68d,b3d0d68d-cc5961d6,b3d0d68d-cc5961d6,1,1,1.0
502,b3d264b3,b3d264b3-fbaef5ac,b3d264b3-fbaef5ac,1,1,1.0
503,b3d4554c,b3d4554c-86182e6e,b3d4554c-86182e6e,1,1,1.0
504,b3d46fca,b3d46fca-a69e8189,b3d46fca-dbf2af72,3,1,1.0
505,b3d54db3,b3d54db3-9ac260a3,b3d54db3-9ac260a3,1,1,1.0
506,b3d67c06,b3d67c06-57b140bf,b3d67c06-57b140bf,1,1,1.0
507,b3d6c39a,b3d6c39a-07f81865,b3d6c39a-ecf305b3,5,1,1.0
508,b3da33d5,b3da33d5-a64e7657,b3da33d5-a64e7657,1,1,1.0
509,b3db60f1,b3db60f1-533170c9,b3db60f1-533170c9,1,1,1.0
510,b3dc64cd,b3dc64cd-37f9c22d,b3dc64cd-705e7567,2,1,1.0
511,b3dd5345,b3dd5345-15bbf8ed,b3dd5345-15bbf8ed,1,1,1.0
512,b3dfa1f5,b3dfa1f5-9f4eded2,b3dfa1f5-9f4eded2,1,1,1.0
513,b3e0345b,b3e0345b-20d013f8,b3e0345b-ae566cbd,3,1,1.0
514,b3e08585,b3e08585-1fcf0877,b3e08585-cb03a2fb,4,1,0.75
515,b3e137e5,b3e137e5-fe7ef981,b3e137e5-fe7ef981,1,1,1.0
516,b3e18480,b3e18480-118f9e2f,b3e18480-6c84e030,2,1,1.0
517,b3e2086f,b3e2086f-4db03957,b3e2086f-d41fbd4d,2,1,1.0
518,b3e32b36,b3e32b36-0ca66c00,b3e32b36-0ca66c00,1,1,1.0
519,b3e51564,b3e51564-d2ac524c,b3e51564-d2ac524c,1,1,1.0
520,b3e65789,b3e65789-dfe0bc9e,b3e65789-dfe0bc9e,1,1,1.0
521,b3e70fdd,b3e70fdd-e1df8660,b3e70fdd-e1df8660,1,1,1.0
522,b3e72283,b3e72283-34ebe4f5,b3e72283-d9fc39b0,5,1,1.0
523,b3e74777,b3e74777-122e3878,b3e74777-122e3878,1,1,1.0
524,b3e7bfdb,b3e7bfdb-0ce50151,b3e7bfdb-0ce50151,1,1,1.0
525,b3e83de5,b3e83de5-c5e9dcca,b3e83de5-c5e9dcca,1,1,1.0
526,b3e921ad,b3e921ad-1fc43094,b3e921ad-1fc43094,1,1,1.0
527,b3ea5e17,b3ea5e17-c67b7a7a,b3ea5e17-c67b7a7a,1,1,1.0
528,b3ea802a,b3ea802a-8830eb32,b3ea802a-c689de9a,2,1,1.0
529,b3eafc22,b3eafc22-1064ce9e,b3eafc22-1064ce9e,1,1,1.0
530,b3eb8895,b3eb8895-e5b1e6df,b3eb8895-e5b1e6df,1,1,1.0
531,b3ec8e38,b3ec8e38-41c64395,b3ec8e38-41c64395,1,1,1.0
532,b3ee5ba2,b3ee5ba2-6cc0565d,b3ee5ba2-6cc0565d,1,1,1.0
533,b3eede0e,b3eede0e-f4585509,b3eede0e-f4585509,1,1,1.0
534,b3ef316c,b3ef316c-2906f850,b3ef316c-2906f850,1,1,1.0
535,b3ef6557,b3ef6557-e6709cd9,b3ef6557-e6709cd9,1,1,1.0
536,b3f0cdab,b3f0cdab-6712e58f,b3f0cdab-d5954c9a,2,1,1.0
537,b3f17367,b3f17367-d730de0b,b3f17367-d730de0b,1,1,1.0
538,b3f2fee7,b3f2fee7-1482dee6,b3f2fee7-1482dee6,1,1,1.0
539,b3f3c908,b3f3c908-0ab1d376,b3f3c908-baffb699,3,1,1.0
540,b3f479a1,b3f479a1-b85845b3,b3f479a1-b85845b3,1,1,1.0
541,b3f59b98,b3f59b98-e7f870e2,b3f59b98-e7f870e2,1,1,1.0
542,b3f603f2,b3f603f2-4a80d188,b3f603f2-4a80d188,1,1,1.0
543,b3f7c502,b3f7c502-d89499e0,b3f7c502-d89499e0,1,1,1.0
544,b3fbc6ad,b3fbc6ad-4ee78a0d,b3fbc6ad-746053d9,2,1,1.0
545,b400b7f4,b400b7f4-9c93e226,b400b7f4-9c93e226,1,1,1.0
546,b401b6fa,b401b6fa-a9a7f11d,b401b6fa-a9a7f11d,1,1,1.0
547,b403b27c,b403b27c-37cac4b8,b403b27c-37cac4b8,1,1,1.0
548,b40476bc,b40476bc-1397121a,b40476bc-1397121a,1,1,1.0
549,b4065fc4,b4065fc4-ede06556,b4065fc4-ede06556,1,1,1.0
550,b40669bb,b40669bb-19958f9a,b40669bb-19958f9a,1,1,1.0
551,b406dc5a,b406dc5a-44d22755,b406dc5a-7a946e61,2,1,1.0
552,b407aa58,b407aa58-02233e09,b407aa58-02233e09,1,1,1.0
553,b4082905,b4082905-e694720e,b4082905-e694720e,1,1,1.0
554,b409ed8a,b409ed8a-da6926db,b409ed8a-e7d46dce,2,1,1.0
555,b40b0ea3,b40b0ea3-b242efc9,b40b0ea3-b242efc9,1,1,1.0
556,b40cd5b3,b40cd5b3-ebe11d7a,b40cd5b3-ebe11d7a,1,1,1.0
557,b40ce2eb,b40ce2eb-ac2ffa01,b40ce2eb-c53a5e8e,2,1,1.0
558,b40e08ea,b40e08ea-f2d97c95,b40e08ea-f2d97c95,1,1,1.0
559,b4110365,b4110365-9ae12ee1,b4110365-9ae12ee1,1,1,1.0
560,b4115405,b4115405-2f28f75a,b4115405-2f28f75a,1,1,1.0
561,b413b23f,b413b23f-7c897b06,b413b23f-7c897b06,1,1,1.0
562,b415973a,b415973a-b39bd6de,b415973a-b39bd6de,1,1,1.0
563,b415cc29,b415cc29-7371aa85,b415cc29-7371aa85,1,1,1.0
564,b4174c37,b4174c37-1f3b4b77,b4174c37-1f3b4b77,1,1,1.0
565,b417ddcd,b417ddcd-b1a6dfc8,b417ddcd-b1a6dfc8,1,1,1.0
566,b41ace08,b41ace08-830c808c,b41ace08-c8468690,4,1,1.0
567,b41b3454,b41b3454-e034bb74,b41b3454-e034bb74,1,1,1.0
568,b41cc383,b41cc383-337e708b,b41cc383-337e708b,1,1,1.0
569,b41d0744,b41d0744-6cabc495,b41d0744-6cabc495,1,1,1.0
570,b41d35f8,b41d35f8-6cf85033,b41d35f8-6cf85033,1,1,1.0
571,b41d71c1,b41d71c1-47e43030,b41d71c1-47e43030,1,1,1.0
572,b41e6d87,b41e6d87-872385f8,b41e6d87-872385f8,1,1,1.0
573,b4201bd2,b4201bd2-75c1998d,b4201bd2-75c1998d,1,1,1.0
574,b421c89a,b421c89a-c7cdebb4,b421c89a-c7cdebb4,1,1,1.0
575,b422ec08,b422ec08-236606a0,b422ec08-d42660b6,2,1,1.0
576,b4235ab3,b4235ab3-6f3f972f,b4235ab3-b305d3e9,3,1,0.6666666666666666
577,b4253085,b4253085-22b9e610,b4253085-d5fcbadc,6,1,0.8333333333333334
578,b4253988,b4253988-26b49c14,b4253988-26b49c14,1,1,1.0
579,b4259d0f,b4259d0f-137ad720,b4259d0f-d93d7a19,3,1,0.6666666666666666
580,b426ea12,b426ea12-4e58141a,b426ea12-4e58141a,1,1,1.0
581,b4278d1f,b4278d1f-3a128041,b4278d1f-dbd0295c,2,1,0.5
582,b4284bbe,b4284bbe-1905abe0,b4284bbe-1905abe0,1,1,1.0
583,b42913b9,b42913b9-49092dfe,b42913b9-49092dfe,1,1,1.0
584,b42acb4c,b42acb4c-ac2e0180,b42acb4c-ac2e0180,1,0,0.0
585,b42b0859,b42b0859-0e5601ac,b42b0859-0e5601ac,1,1,1.0
586,b42cd355,b42cd355-1ce051b1,b42cd355-1ce051b1,1,1,1.0
587,b42df626,b42df626-243bcce8,b42df626-e358ca4a,5,1,1.0
588,b42e1548,b42e1548-6b544378,b42e1548-6b544378,1,1,1.0
589,b42e6271,b42e6271-4bce300c,b42e6271-4bce300c,1,1,1.0
590,b42fdaf1,b42fdaf1-0925c561,b42fdaf1-0925c561,1,0,0.0
591,b4301c7b,b4301c7b-735da0d0,b4301c7b-da5261f0,2,1,1.0
592,b4304e43,b4304e43-89ba0daa,b4304e43-89ba0daa,1,1,1.0
593,b4333743,b4333743-072dae1e,b4333743-072dae1e,1,1,1.0
594,b433534e,b433534e-ff3646aa,b433534e-ff3646aa,1,1,1.0
595,b4340944,b4340944-5f7048d1,b4340944-5f7048d1,1,1,1.0
596,b439c4fe,b439c4fe-5064fe59,b439c4fe-5064fe59,1,1,1.0
597,b439d51b,b439d51b-5d88ba11,b439d51b-5d88ba11,1,1,1.0
598,b43bcc83,b43bcc83-c97d569e,b43bcc83-c97d569e,1,1,1.0
599,b43de6e1,b43de6e1-f20e4351,b43de6e1-f20e4351,1,1,1.0
600,b43eb946,b43eb946-92f9152d,b43eb946-c0cad251,3,1,1.0
601,b440d54c,b440d54c-2aff7bf8,b440d54c-5f5ff777,2,1,1.0
602,b442c34a,b442c34a-6fe5cbba,b442c34a-6fe5cbba,1,1,1.0
603,b4448a1d,b4448a1d-e9c03bb5,b4448a1d-e9c03bb5,1,1,1.0
604,b4466011,b4466011-05cbc315,b4466011-05cbc315,1,1,1.0
605,b446d26a,b446d26a-9717e68c,b446d26a-9717e68c,1,1,1.0
606,b4475526,b4475526-2f0bca11,b4475526-4a48bfe5,2,1,1.0
607,b4475e22,b4475e22-27ceb162,b4475e22-27ceb162,1,1,1.0
608,b4478c66,b4478c66-0103c647,b4478c66-0103c647,1,1,1.0
609,b447a3cf,b447a3cf-10656b18,b447a3cf-10656b18,1,1,1.0
610,b449af64,b449af64-1cfd83f9,b449af64-1cfd83f9,1,1,1.0
611,b44a71bf,b44a71bf-4d366798,b44a71bf-712b4538,2,1,1.0
612,b44a7e5f,b44a7e5f-1db66cfe,b44a7e5f-89b66e95,4,1,1.0
613,b44b6eff,b44b6eff-dda9780d,b44b6eff-dda9780d,1,1,1.0
614,b44bcbbe,b44bcbbe-e980e271,b44bcbbe-e980e271,1,1,1.0
615,b44cb319,b44cb319-fb4c4b4f,b44cb319-fb4c4b4f,1,0,0.0
616,b44d57fb,b44d57fb-e85243b2,b44d57fb-e85243b2,1,1,1.0
617,b44ee0ec,b44ee0ec-a0786e4c,b44ee0ec-a0786e4c,1,0,0.0
618,b44f2475,b44f2475-c80a51b7,b44f2475-c80a51b7,1,1,1.0
619,b44f7365,b44f7365-beb4d3e7,b44f7365-beb4d3e7,1,1,1.0
620,b44fd543,b44fd543-87f493ee,b44fd543-a15ceadf,2,1,1.0
621,b451b495,b451b495-bb458d47,b451b495-bb458d47,1,1,1.0
622,b4536117,b4536117-bc85ba28,b4536117-bc85ba28,1,1,1.0
623,b454034b,b454034b-d84dae74,b454034b-d84dae74,1,1,1.0
624,b4542860,b4542860-0b880bb4,b4542860-e818b412,3,1,1.0
625,b4543c78,b4543c78-696f5be4,b4543c78-ee2e75f3,3,1,1.0
626,b4561bec,b4561bec-26a99096,b4561bec-26a99096,1,1,1.0
627,b4581cf1,b4581cf1-8515d725,b4581cf1-fa4a5f32,2,1,1.0
628,b45928e6,b45928e6-f07ac4c9,b45928e6-f07ac4c9,1,1,1.0
629,b4599849,b4599849-8379f0de,b4599849-8379f0de,1,1,1.0
630,b4599acc,b4599acc-dd9c9177,b4599acc-dd9c9177,1,1,1.0
631,b459e707,b459e707-2d208c56,b459e707-2d208c56,1,1,1.0
632,b45a63ea,b45a63ea-fb379a2d,b45a63ea-fb379a2d,1,0,0.0
633,b45d3222,b45d3222-6a6544e2,b45d3222-6a6544e2,1,1,1.0
634,b45ddf05,b45ddf05-e4775ab6,b45ddf05-e4775ab6,1,1,1.0
635,b45f01c5,b45f01c5-85bc12e8,b45f01c5-85bc12e8,1,1,1.0
636,b45f2c17,b45f2c17-2cae6d9f,b45f2c17-e27031fb,2,1,1.0
637,b46009c2,b46009c2-72be5f8b,b46009c2-f92ccaa1,4,1,1.0
638,b4607812,b4607812-225d9a01,b4607812-d0ab0af7,4,1,1.0
639,b4620633,b4620633-1c10abdb,b4620633-1c10abdb,1,1,1.0
640,b4626a3d,b4626a3d-9361e0fd,b4626a3d-9361e0fd,1,1,1.0
641,b462d8a3,b462d8a3-a32ccc75,b462d8a3-a32ccc75,1,1,1.0
642,b4632db3,b4632db3-9724d92c,b4632db3-9724d92c,1,1,1.0
643,b46478b0,b46478b0-167fe009,b46478b0-1eb55806,2,1,0.5
644,b464d209,b464d209-9e91f389,b464d209-9e91f389,1,1,1.0
645,b4654b11,b4654b11-c935938c,b4654b11-fc1af85a,2,1,1.0
646,b4672385,b4672385-6ea18d27,b4672385-70ffa818,2,1,1.0
647,b4688d0b,b4688d0b-3e2bda23,b4688d0b-3e2bda23,1,0,0.0
648,b46a845f,b46a845f-8867c137,b46a845f-8867c137,1,1,1.0
649,b46d2f57,b46d2f57-0fb71a0d,b46d2f57-82953e7a,2,1,1.0
650,b46ee89c,b46ee89c-5d054327,b46ee89c-76b16eec,2,1,1.0
651,b46efeed,b46efeed-4e09d4a1,b46efeed-d21567e0,3,1,1.0
652,b470a84a,b470a84a-fcde9033,b470a84a-fcde9033,1,1,1.0
653,b4712ebe,b4712ebe-91e430b2,b4712ebe-9ecac024,2,1,1.0
654,b4715825,b4715825-7c265849,b4715825-e1fbf174,2,1,0.5
655,b47262a4,b47262a4-3c664e48,b47262a4-b17e0871,3,1,1.0
656,b472aeb8,b472aeb8-f6353af9,b472aeb8-f6353af9,1,1,1.0
657,b4735a56,b4735a56-3315b8d6,b4735a56-3315b8d6,1,1,1.0
658,b473c236,b473c236-79848d60,b473c236-79848d60,1,1,1.0
659,b473c3c3,b473c3c3-f52b760e,b473c3c3-f52b760e,1,1,1.0
660,b477c2e7,b477c2e7-6590a089,b477c2e7-6590a089,1,1,1.0
661,b478cdd5,b478cdd5-9cf96449,b478cdd5-9cf96449,1,1,1.0
662,b479f06d,b479f06d-2cc86910,b479f06d-83153737,2,1,1.0
663,b47cbe8c,b47cbe8c-411ffa20,b47cbe8c-f90cd4ec,2,1,1.0
664,b47f85d4,b47f85d4-6cc172b6,b47f85d4-c6562257,2,1,1.0
665,b48012c1,b48012c1-619fc3eb,b48012c1-fbcf8e5c,2,1,1.0
666,b4823e33,b4823e33-8cabe78b,b4823e33-8cabe78b,1,1,1.0
667,b483a180,b483a180-56a9db7c,b483a180-56a9db7c,1,1,1.0
668,b484aa24,b484aa24-d70cf6e5,b484aa24-d70cf6e5,1,1,1.0
669,b484aa6b,b484aa6b-23bfffa8,b484aa6b-23bfffa8,1,1,1.0
670,b4860efe,b4860efe-0056999a,b4860efe-c78e84fa,5,1,1.0
671,b4863201,b4863201-63b08472,b4863201-6521c146,2,1,1.0
672,b486e8ba,b486e8ba-a96e55e5,b486e8ba-a96e55e5,1,1,1.0
673,b487a2fa,b487a2fa-001bf8be,b487a2fa-b74b81bc,4,1,1.0
674,b4888487,b4888487-83bb5db4,b4888487-83bb5db4,1,1,1.0
675,b48a6dea,b48a6dea-df402aaa,b48a6dea-df402aaa,1,1,1.0
676,b48b4ae2,b48b4ae2-cd8800d8,b48b4ae2-cd8800d8,1,1,1.0
677,b48c7b5f,b48c7b5f-0beee565,b48c7b5f-d1d94eaf,7,1,1.0
678,b48ca7aa,b48ca7aa-40d54a99,b48ca7aa-40d54a99,1,1,1.0
679,b48dd7b4,b48dd7b4-6462b6f7,b48dd7b4-9cc0d29a,3,0,0.3333333333333333
680,b48eb8a9,b48eb8a9-6e9beea8,b48eb8a9-6e9beea8,1,1,1.0
681,b48ef806,b48ef806-82544a56,b48ef806-82544a56,1,1,1.0
682,b48f3f71,b48f3f71-eec18320,b48f3f71-eec18320,1,0,0.0
683,b48fabad,b48fabad-9ef198f0,b48fabad-9ef198f0,1,1,1.0
684,b48fc70b,b48fc70b-2ca6ed01,b48fc70b-b1a801f2,5,1,1.0
685,b4901f32,b4901f32-1ede5a35,b4901f32-5e356f74,2,1,1.0
686,b4927f8e,b4927f8e-fb16ed87,b4927f8e-fb16ed87,1,1,1.0
687,b4946e87,b4946e87-165efbb5,b4946e87-fe31271f,4,1,1.0
688,b495e3ab,b495e3ab-90180a0e,b495e3ab-90180a0e,1,1,1.0
689,b496906c,b496906c-86644814,b496906c-86644814,1,1,1.0
690,b49698d7,b49698d7-1999d598,b49698d7-1999d598,1,1,1.0
691,b4982ab8,b4982ab8-780c40a0,b4982ab8-780c40a0,1,0,0.0
692,b49944e9,b49944e9-57ac98be,b49944e9-57ac98be,1,1,1.0
693,b4998daa,b4998daa-2074f0c8,b4998daa-2074f0c8,1,1,1.0
694,b499ff48,b499ff48-31afe322,b499ff48-6a0b212e,2,1,1.0
695,b49a1b50,b49a1b50-186fb520,b49a1b50-aad00d19,2,1,0.5
696,b49a272b,b49a272b-c52895c3,b49a272b-c52895c3,1,1,1.0
697,b49d2384,b49d2384-af5fd985,b49d2384-af5fd985,1,1,1.0
698,b49d6c0d,b49d6c0d-457e13b3,b49d6c0d-bb90cc08,2,1,1.0
699,b49f5a46,b49f5a46-b38ad0c6,b49f5a46-b38ad0c6,1,1,1.0
700,b4a08ee2,b4a08ee2-5cac9543,b4a08ee2-5cac9543,1,1,1.0
701,b4a23106,b4a23106-80491109,b4a23106-f7270c1c,2,1,1.0
702,b4a240e1,b4a240e1-6e3cd8b8,b4a240e1-6e3cd8b8,1,1,1.0
703,b4a2565f,b4a2565f-3fc0ab61,b4a2565f-3fc0ab61,1,1,1.0
704,b4a2cbc5,b4a2cbc5-fc978a94,b4a2cbc5-fc978a94,1,1,1.0
705,b4a4d2a8,b4a4d2a8-450f54f5,b4a4d2a8-450f54f5,1,1,1.0
706,b4a63a7e,b4a63a7e-429587ed,b4a63a7e-74155969,2,1,1.0
707,b4a8e0fd,b4a8e0fd-7ca55075,b4a8e0fd-7ca55075,1,1,1.0
708,b4a8ec73,b4a8ec73-0c39599d,b4a8ec73-893c4da4,7,1,1.0
709,b4a99fcc,b4a99fcc-7870a48b,b4a99fcc-e26717df,6,1,1.0
710,b4a9b6ca,b4a9b6ca-010d823b,b4a9b6ca-b621ed11,2,1,1.0
711,b4aa2f44,b4aa2f44-023fb7df,b4aa2f44-0c91b13d,2,1,1.0
712,b4aa7fc1,b4aa7fc1-2c1fdd4c,b4aa7fc1-2c1fdd4c,1,1,1.0
713,b4aabd48,b4aabd48-38c15aba,b4aabd48-89db54e4,3,1,1.0
714,b4ad4365,b4ad4365-c1607665,b4ad4365-c1607665,1,1,1.0
715,b4ad971b,b4ad971b-6ca3cd79,b4ad971b-6ca3cd79,1,1,1.0
716,b4ae70d9,b4ae70d9-a8099055,b4ae70d9-a8099055,1,1,1.0
717,b4aefa17,b4aefa17-2444bcc7,b4aefa17-a90ffac2,3,1,1.0
718,b4b07c88,b4b07c88-3e6d65a0,b4b07c88-e71768f1,2,1,1.0
719,b4b083a0,b4b083a0-820bc2c4,b4b083a0-820bc2c4,1,1,1.0
720,b4b09f5b,b4b09f5b-11633a17,b4b09f5b-c3870eca,2,1,1.0
721,b4b15ff2,b4b15ff2-16c70581,b4b15ff2-16c70581,1,1,1.0
722,b4b1aa64,b4b1aa64-e3cbad0f,b4b1aa64-e3cbad0f,1,1,1.0
723,b4b2f8e1,b4b2f8e1-18accb75,b4b2f8e1-99a5df57,3,1,1.0
724,b4b394c2,b4b394c2-148397ab,b4b394c2-e2f83664,2,1,0.5
725,b4b47b81,b4b47b81-90c3dbae,b4b47b81-90c3dbae,1,0,0.0
726,b4b4b979,b4b4b979-a64f258c,b4b4b979-a64f258c,1,1,1.0
727,b4b581ea,b4b581ea-93722c60,b4b581ea-93722c60,1,0,0.0
728,b4b68779,b4b68779-1c75351a,b4b68779-1c75351a,1,1,1.0
729,b4b6fd78,b4b6fd78-9b7cfe0c,b4b6fd78-e96e5ab8,3,1,0.6666666666666666
730,b4b7133e,b4b7133e-5672ca28,b4b7133e-fdf86606,4,1,1.0
731,b4b98434,b4b98434-f30f1d1e,b4b98434-f30f1d1e,1,1,1.0
732,b4b99a3e,b4b99a3e-21dfc344,b4b99a3e-e90cbb5a,3,0,0.3333333333333333
733,b4b9c39d,b4b9c39d-6409d1fd,b4b9c39d-6409d1fd,1,1,1.0
734,b4ba0552,b4ba0552-53249a02,b4ba0552-53249a02,1,1,1.0
735,b4bd3c3c,b4bd3c3c-71724e6f,b4bd3c3c-71724e6f,1,1,1.0
736,b4be0173,b4be0173-249b5f2f,b4be0173-249b5f2f,1,1,1.0
737,b4c0a877,b4c0a877-66fc6239,b4c0a877-dff9f7bb,3,1,1.0
738,b4c195ae,b4c195ae-4dfb18d9,b4c195ae-4dfb18d9,1,1,1.0
739,b4c29ddd,b4c29ddd-808b41d7,b4c29ddd-b9e5cb5e,2,1,1.0
740,b4c5ea2e,b4c5ea2e-1a3ea72a,b4c5ea2e-1a3ea72a,1,1,1.0
741,b4c62929,b4c62929-8d5e3448,b4c62929-8d5e3448,1,1,1.0
742,b4c733a8,b4c733a8-46d78670,b4c733a8-46d78670,1,1,1.0
743,b4c755fa,b4c755fa-1ce17fa3,b4c755fa-1ce17fa3,1,1,1.0
744,b4c86653,b4c86653-08648e05,b4c86653-d9ba99f4,8,1,0.625
745,b4c89ab1,b4c89ab1-5c72cd7d,b4c89ab1-5c72cd7d,1,1,1.0
746,b4c8a6c7,b4c8a6c7-56206227,b4c8a6c7-56206227,1,1,1.0
747,b4ca8154,b4ca8154-1d0ea164,b4ca8154-fd2ddd24,3,1,1.0
748,b4ccb561,b4ccb561-d750f8fc,b4ccb561-d750f8fc,1,1,1.0
749,b4ccfe4f,b4ccfe4f-6585fb74,b4ccfe4f-6585fb74,1,1,1.0
750,b4cf12d5,b4cf12d5-61fc3b07,b4cf12d5-61fc3b07,1,1,1.0
751,b4d0e72d,b4d0e72d-3b208072,b4d0e72d-3b208072,1,1,1.0
752,b4d18d1a,b4d18d1a-030f0601,b4d18d1a-fca70785,7,1,0.8571428571428571
753,b4d2dede,b4d2dede-0f9169f5,b4d2dede-9b67d0bd,3,1,1.0
754,b4d35abd,b4d35abd-b35897b3,b4d35abd-b35897b3,1,1,1.0
755,b4d65110,b4d65110-23299ece,b4d65110-ac665389,2,1,1.0
756,b4d72ad8,b4d72ad8-ae73962e,b4d72ad8-ae73962e,1,1,1.0
757,b4d73ce8,b4d73ce8-d5b360f5,b4d73ce8-d5b360f5,1,1,1.0
758,b4d9b889,b4d9b889-6662ff4a,b4d9b889-6662ff4a,1,1,1.0
759,b4dd1c23,b4dd1c23-355940ff,b4dd1c23-355940ff,1,1,1.0
760,b4dff9f4,b4dff9f4-bcac8fae,b4dff9f4-bcac8fae,1,1,1.0
761,b4e3816e,b4e3816e-2319f39e,b4e3816e-6cd8a1fe,2,1,1.0
762,b4e3e68f,b4e3e68f-3aa63f29,b4e3e68f-3aa63f29,1,1,1.0
763,b4e58e8f,b4e58e8f-dff21e6a,b4e58e8f-dff21e6a,1,0,0.0
764,b4e6cf20,b4e6cf20-6f6762ab,b4e6cf20-6f6762ab,1,1,1.0
765,b4e7cde5,b4e7cde5-3ae908a3,b4e7cde5-bc961dfe,2,1,1.0
766,b4e84636,b4e84636-fd3e7810,b4e84636-fd3e7810,1,1,1.0
767,b4e86b41,b4e86b41-b15ff7cb,b4e86b41-b15ff7cb,1,1,1.0
768,b4e927af,b4e927af-828f4a9b,b4e927af-828f4a9b,1,1,1.0
769,b4e97132,b4e97132-0dbc3f9f,b4e97132-88561223,2,1,1.0
770,b4ea9ae8,b4ea9ae8-35554080,b4ea9ae8-35554080,1,1,1.0
771,b4eac100,b4eac100-0eaffca3,b4eac100-c2a05392,3,1,1.0
772,b4eb79bd,b4eb79bd-288f1507,b4eb79bd-6ab32eb7,2,1,1.0
773,b4ec8b36,b4ec8b36-e81e510a,b4ec8b36-e81e510a,1,1,1.0
774,b4ecb933,b4ecb933-08326feb,b4ecb933-08326feb,1,1,1.0
775,b4ed5563,b4ed5563-12753b3c,b4ed5563-e22cb18a,2,1,1.0
776,b4ee5320,b4ee5320-cb16ec42,b4ee5320-cb16ec42,1,1,1.0
777,b4eee282,b4eee282-a7157230,b4eee282-a7157230,1,1,1.0
778,b4ef573f,b4ef573f-199846ab,b4ef573f-c11cbaee,5,1,0.8
779,b4f1500e,b4f1500e-901fb4e6,b4f1500e-901fb4e6,1,1,1.0
780,b4f2a76c,b4f2a76c-3ce3d91e,b4f2a76c-6b0c22e6,2,1,1.0
781,b4f360ca,b4f360ca-78e0a64c,b4f360ca-78e0a64c,1,1,1.0
782,b4f49565,b4f49565-abd6b20b,b4f49565-ccd350b6,2,1,1.0
783,b4f4bd95,b4f4bd95-70f45b0f,b4f4bd95-a097514a,2,1,1.0
784,b4f4e648,b4f4e648-58e39e89,b4f4e648-58e39e89,1,1,1.0
785,b4f542b3,b4f542b3-534c29f9,b4f542b3-534c29f9,1,1,1.0
786,b4f59eb4,b4f59eb4-2992dd6d,b4f59eb4-2992dd6d,1,0,0.0
787,b4f65b32,b4f65b32-ff644e07,b4f65b32-ff644e07,1,1,1.0
788,b4f85748,b4f85748-11ae5a20,b4f85748-c4be0117,3,1,0.6666666666666666
789,b4f9084d,b4f9084d-207afc6e,b4f9084d-86d982ab,4,1,1.0
790,b4f9f50c,b4f9f50c-35823e7c,b4f9f50c-35823e7c,1,1,1.0
791,b4fa53bd,b4fa53bd-ca8d0317,b4fa53bd-ca8d0317,1,1,1.0
792,b4fb7979,b4fb7979-16f87335,b4fb7979-16f87335,1,1,1.0
793,b4fca1a4,b4fca1a4-f7e84f0b,b4fca1a4-f7e84f0b,1,1,1.0
794,b4fce2f5,b4fce2f5-d8eee5bb,b4fce2f5-ffc1247f,2,1,1.0
795,b4fcf852,b4fcf852-0d288dba,b4fcf852-0d288dba,1,1,1.0
796,b4fd3ecf,b4fd3ecf-25548ea4,b4fd3ecf-25548ea4,1,1,1.0
797,b4fe0b47,b4fe0b47-77c4f249,b4fe0b47-a7819060,2,1,1.0
798,b4fe8907,b4fe8907-23618458,b4fe8907-23618458,1,1,1.0
799,b4fe9ed3,b4fe9ed3-7e469f87,b4fe9ed3-7e469f87,1,1,1.0
800,b4ff6bda,b4ff6bda-27a63ee8,b4ff6bda-27a63ee8,1,0,0.0
801,b5004c9e,b5004c9e-d21fdd6e,b5004c9e-d21fdd6e,1,1,1.0
802,b501bb52,b501bb52-7282ae0d,b501bb52-aab37014,2,1,1.0
803,b5022e95,b5022e95-a691dc1c,b5022e95-a691dc1c,1,1,1.0
804,b5032e1d,b5032e1d-d2f24352,b5032e1d-dad95b60,2,1,1.0
805,b5042634,b5042634-1034573c,b5042634-edf42094,4,1,1.0
806,b5046f1e,b5046f1e-0674657f,b5046f1e-fa3ac127,7,1,1.0
807,b5047c50,b5047c50-e1facff6,b5047c50-e1facff6,1,1,1.0
808,b5058691,b5058691-1fb39daf,b5058691-1fb39daf,1,1,1.0
809,b509067e,b509067e-188e1123,b509067e-188e1123,1,1,1.0
810,b50cb586,b50cb586-d808d404,b50cb586-d808d404,1,1,1.0
811,b50e6154,b50e6154-4aace8a1,b50e6154-4aace8a1,1,1,1.0
812,b50fa05b,b50fa05b-602f124c,b50fa05b-602f124c,1,1,1.0
813,b50ff9e2,b50ff9e2-ebb775d4,b50ff9e2-ebb775d4,1,1,1.0
814,b510fa10,b510fa10-390f3d97,b510fa10-390f3d97,1,1,1.0
815,b5110041,b5110041-5e70bd90,b5110041-5e70bd90,1,1,1.0
816,b5115080,b5115080-37a89b9c,b5115080-37a89b9c,1,1,1.0
817,b5172858,b5172858-da5e71cc,b5172858-da5e71cc,1,1,1.0
818,b517726f,b517726f-0cd9b6ae,b517726f-0cd9b6ae,1,0,0.0
819,b5183558,b5183558-782ad31c,b5183558-782ad31c,1,1,1.0
820,b5188a0e,b5188a0e-89f2392d,b5188a0e-89f2392d,1,1,1.0
821,b518f838,b518f838-62048659,b518f838-62048659,1,0,0.0
822,b5191523,b5191523-6c028236,b5191523-f7e4f533,7,1,1.0
823,b519a9a4,b519a9a4-6dd5b989,b519a9a4-6dd5b989,1,1,1.0
824,b51aa35f,b51aa35f-0b962e5d,b51aa35f-90f3f3f8,3,1,1.0
825,b51d0756,b51d0756-8c5120da,b51d0756-8c5120da,1,1,1.0
826,b51daa04,b51daa04-f4e62d2f,b51daa04-f4e62d2f,1,0,0.0
827,b51dfd71,b51dfd71-9599e952,b51dfd71-9599e952,1,1,1.0
828,b51eb969,b51eb969-25bb6a5d,b51eb969-25bb6a5d,1,1,1.0
829,b51fc067,b51fc067-22ddb158,b51fc067-22ddb158,1,1,1.0
830,b520b60a,b520b60a-e31c352d,b520b60a-e31c352d,1,1,1.0
831,b5238f1c,b5238f1c-f5d779fc,b5238f1c-f5d779fc,1,1,1.0
832,b5261cec,b5261cec-aac2f91a,b5261cec-aac2f91a,1,1,1.0
833,b52640e9,b52640e9-d1fa335f,b52640e9-d1fa335f,1,1,1.0
834,b5264a14,b5264a14-892dc259,b5264a14-892dc259,1,1,1.0
835,b52793ed,b52793ed-49faf8b6,b52793ed-49faf8b6,1,1,1.0
836,b52949cd,b52949cd-2439cac6,b52949cd-2439cac6,1,1,1.0
837,b5296e2a,b5296e2a-25ab57d6,b5296e2a-fde16219,3,1,1.0
838,b52c65b9,b52c65b9-31ad0690,b52c65b9-31ad0690,1,1,1.0
839,b52e3ad8,b52e3ad8-aebd0e55,b52e3ad8-aebd0e55,1,1,1.0
840,b52e49e5,b52e49e5-d1e36124,b52e49e5-d1e36124,1,1,1.0
841,b52e7443,b52e7443-1a4b1fbc,b52e7443-1a4b1fbc,1,1,1.0
842,b52f1b58,b52f1b58-e49099e8,b52f1b58-e49099e8,1,1,1.0
843,b53215a2,b53215a2-d9aa49d8,b53215a2-d9aa49d8,1,1,1.0
844,b533db8e,b533db8e-4abfcb54,b533db8e-f41851e8,4,1,1.0
845,b5345bb2,b5345bb2-a1424882,b5345bb2-a1424882,1,1,1.0
846,b534864a,b534864a-d2eb867c,b534864a-d2eb867c,1,1,1.0
847,b535fb0a,b535fb0a-845db498,b535fb0a-845db498,1,1,1.0
848,b5362410,b5362410-762b4521,b5362410-762b4521,1,1,1.0
849,b536decd,b536decd-ecd4653e,b536decd-ecd4653e,1,1,1.0
850,b5380a66,b5380a66-b76d418a,b5380a66-f8c670ed,2,1,1.0
851,b539383c,b539383c-a697cb3b,b539383c-e6e6528d,3,1,1.0
852,b53a0e33,b53a0e33-2c56289b,b53a0e33-2c56289b,1,1,1.0
853,b53a1501,b53a1501-29d2e507,b53a1501-fa79fefc,6,1,1.0
854,b53cb17b,b53cb17b-4df01599,b53cb17b-e5d64f59,2,1,1.0
855,b53e1aa8,b53e1aa8-c49fd7ef,b53e1aa8-c49fd7ef,1,1,1.0
856,b53f23c3,b53f23c3-3d2cea8b,b53f23c3-3d2cea8b,1,1,1.0
857,b5402d64,b5402d64-6759c697,b5402d64-6759c697,1,1,1.0
858,b541e2e6,b541e2e6-f5256160,b541e2e6-f5256160,1,1,1.0
859,b543836f,b543836f-add08be6,b543836f-add08be6,1,1,1.0
860,b5450d0c,b5450d0c-ccc3fb86,b5450d0c-ccc3fb86,1,0,0.0
861,b54578dc,b54578dc-10332bd1,b54578dc-ad675a62,6,1,0.8333333333333334
862,b5460637,b5460637-3b501a2e,b5460637-3b501a2e,1,0,0.0
863,b5465c6e,b5465c6e-0aad0ec3,b5465c6e-fe04d577,14,1,0.9285714285714286
864,b54735e3,b54735e3-4c968f67,b54735e3-b251b872,3,1,1.0
865,b5478d5c,b5478d5c-290f5e15,b5478d5c-e846649e,2,1,1.0
866,b5479087,b5479087-1e95039f,b5479087-faffcc28,7,1,1.0
867,b54793ac,b54793ac-3770583a,b54793ac-9f413e5e,2,1,0.5
868,b54a8089,b54a8089-aa62f142,b54a8089-d1989d8f,2,1,1.0
869,b54c065e,b54c065e-8b13cfe7,b54c065e-8b13cfe7,1,1,1.0
870,b54c48fe,b54c48fe-0633723b,b54c48fe-0633723b,1,1,1.0
871,b54d9c61,b54d9c61-18c33e21,b54d9c61-9647a82e,2,1,1.0
872,b54eb6de,b54eb6de-06e04487,b54eb6de-06e04487,1,1,1.0
873,b54fd2cd,b54fd2cd-829309c7,b54fd2cd-829309c7,1,1,1.0
874,b552a0b7,b552a0b7-0472099a,b552a0b7-0472099a,1,1,1.0
875,b552a4cb,b552a4cb-fbd465af,b552a4cb-fbd465af,1,1,1.0
876,b55305bd,b55305bd-f66ad8fb,b55305bd-f66ad8fb,1,1,1.0
877,b5548481,b5548481-6ffc0c74,b5548481-6ffc0c74,1,1,1.0
878,b554e4c9,b554e4c9-dd8f7f1f,b554e4c9-dd8f7f1f,1,1,1.0
879,b55569e8,b55569e8-282a99fe,b55569e8-282a99fe,1,1,1.0
880,b555790d,b555790d-111bb9b8,b555790d-ef09fa96,7,1,1.0
881,b555a636,b555a636-270a146b,b555a636-270a146b,1,1,1.0
882,b557283b,b557283b-51959094,b557283b-dee9d9ed,4,1,1.0
883,b557d9d0,b557d9d0-bff2bed2,b557d9d0-bff2bed2,1,1,1.0
884,b559d3b0,b559d3b0-dd72ed94,b559d3b0-dd72ed94,1,1,1.0
885,b55bd14f,b55bd14f-50306d5f,b55bd14f-50306d5f,1,1,1.0
886,b55c17aa,b55c17aa-3a1df47a,b55c17aa-b31ce64a,2,1,1.0
887,b55e257d,b55e257d-9db57de1,b55e257d-9db57de1,1,1,1.0
888,b5614611,b5614611-ae322079,b5614611-ae322079,1,1,1.0
889,b561705d,b561705d-e341bae9,b561705d-e341bae9,1,1,1.0
890,b563b270,b563b270-0fe8e937,b563b270-d18e77f6,6,1,1.0
891,b565c328,b565c328-1e663060,b565c328-1e663060,1,1,1.0
892,b565d4cc,b565d4cc-2e6cb390,b565d4cc-3605a023,2,1,1.0
893,b5661732,b5661732-20179325,b5661732-3684230b,2,1,1.0
894,b566fee4,b566fee4-453e3805,b566fee4-453e3805,1,1,1.0
895,b568371d,b568371d-1a142858,b568371d-db4fb582,4,1,1.0
896,b569029a,b569029a-37e190cc,b569029a-37e190cc,1,1,1.0
897,b569a737,b569a737-a960c153,b569a737-a960c153,1,0,0.0
898,b569f76a,b569f76a-33d451fe,b569f76a-33d451fe,1,0,0.0
899,b56a0885,b56a0885-1c282ea8,b56a0885-1c282ea8,1,1,1.0
900,b56a8196,b56a8196-9b3b361b,b56a8196-9b3b361b,1,1,1.0
901,b56c225e,b56c225e-83596ac0,b56c225e-a7a78ad7,3,1,1.0
902,b56edcfa,b56edcfa-49d5dd9e,b56edcfa-cf47f5af,2,1,1.0
903,b56f1366,b56f1366-4819fdc4,b56f1366-4819fdc4,1,1,1.0
904,b56f50cd,b56f50cd-07390326,b56f50cd-07390326,1,0,0.0
905,b57077d8,b57077d8-ae0b13ca,b57077d8-ae0b13ca,1,1,1.0
906,b570f833,b570f833-3bd87d01,b570f833-dd98c0f2,2,1,1.0
907,b57417a0,b57417a0-5c16cbfc,b57417a0-5c16cbfc,1,1,1.0
908,b5753b26,b5753b26-33163d42,b5753b26-33163d42,1,1,1.0
909,b5762ed7,b5762ed7-cad32ee3,b5762ed7-cad32ee3,1,1,1.0
910,b5764fb7,b5764fb7-2bc5ec36,b5764fb7-c47fa3ec,2,1,1.0
911,b5767ace,b5767ace-b5db9504,b5767ace-b5db9504,1,1,1.0
912,b576be97,b576be97-6a52f4bb,b576be97-6a52f4bb,1,1,1.0
913,b5770084,b5770084-83b143c9,b5770084-9b15155d,2,1,1.0
914,b5771e6f,b5771e6f-97a285f4,b5771e6f-97a285f4,1,1,1.0
915,b577827c,b577827c-006a84cc,b577827c-28fc9b0d,2,1,1.0
916,b5780de7,b5780de7-94313c5f,b5780de7-94313c5f,1,1,1.0
917,b578f3d3,b578f3d3-40453bfb,b578f3d3-40453bfb,1,1,1.0
918,b57a2edf,b57a2edf-402297bc,b57a2edf-c3e81131,5,1,1.0
919,b57a6b0c,b57a6b0c-531adc6d,b57a6b0c-86b6e489,2,1,1.0
920,b57b533b,b57b533b-58103d3d,b57b533b-cabdbef5,2,1,1.0
921,b57b9ee8,b57b9ee8-3e089c95,b57b9ee8-e2a6d34d,2,1,1.0
922,b57bf234,b57bf234-f74a8d43,b57bf234-f74a8d43,1,1,1.0
923,b57bfcbd,b57bfcbd-60692014,b57bfcbd-60692014,1,0,0.0
924,b57c8f5a,b57c8f5a-86e42ab4,b57c8f5a-b427a4b7,2,1,1.0
925,b57cc50e,b57cc50e-b947b833,b57cc50e-b947b833,1,1,1.0
926,b57dee9d,b57dee9d-959d4057,b57dee9d-e5bd3142,2,1,1.0
927,b581255d,b581255d-1c6658b4,b581255d-1c6658b4,1,1,1.0
928,b582c0e7,b582c0e7-5f9f8860,b582c0e7-5f9f8860,1,1,1.0
929,b583e115,b583e115-1ba9114c,b583e115-1ba9114c,1,1,1.0
930,b583e4f4,b583e4f4-00c17995,b583e4f4-00c17995,1,1,1.0
931,b58436bb,b58436bb-213f1b3d,b58436bb-5790dfd3,2,1,1.0
932,b5859b97,b5859b97-9d5532a9,b5859b97-9d5532a9,1,1,1.0
933,b585f637,b585f637-93030b36,b585f637-93030b36,1,1,1.0
934,b5868878,b5868878-8faf33a2,b5868878-8faf33a2,1,0,0.0
935,b586b979,b586b979-c563c3e2,b586b979-c563c3e2,1,1,1.0
936,b5872c48,b5872c48-7dc6d18e,b5872c48-7dc6d18e,1,1,1.0
937,b588c233,b588c233-8a21f0be,b588c233-8a21f0be,1,1,1.0
938,b58aff80,b58aff80-4fd89ca0,b58aff80-bea21173,3,1,0.6666666666666666
939,b58be279,b58be279-fe1ea9be,b58be279-fe1ea9be,1,1,1.0
940,b58d74f7,b58d74f7-ba3a38d3,b58d74f7-ba3a38d3,1,1,1.0
941,b58f8128,b58f8128-3d42f144,b58f8128-5be35778,2,1,1.0
942,b590ba79,b590ba79-1c95c8d9,b590ba79-1c95c8d9,1,1,1.0
943,b59413ff,b59413ff-4e4f3109,b59413ff-c3bc3d25,4,1,0.75
944,b5948795,b5948795-913b4fee,b5948795-913b4fee,1,1,1.0
945,b5961057,b5961057-5e258e5e,b5961057-5e258e5e,1,1,1.0
946,b5969c96,b5969c96-c9135ccb,b5969c96-c9135ccb,1,1,1.0
947,b596ea23,b596ea23-44b2e05a,b596ea23-44b2e05a,1,1,1.0
948,b59d9baf,b59d9baf-5fe6c3c0,b59d9baf-e6b58cf2,2,1,1.0
949,b59dd81f,b59dd81f-45c8300a,b59dd81f-b8ebeb56,2,1,1.0
950,b59e50fa,b59e50fa-ca034dd0,b59e50fa-ca034dd0,1,1,1.0
951,b59f0750,b59f0750-f228a9a2,b59f0750-f228a9a2,1,1,1.0
952,b59f6555,b59f6555-89b070c8,b59f6555-a562f4f9,2,1,1.0
953,b59fa0de,b59fa0de-b520450e,b59fa0de-b520450e,1,1,1.0
954,b5a0301b,b5a0301b-517db15b,b5a0301b-517db15b,1,1,1.0
955,b5a09124,b5a09124-0c5ec091,b5a09124-8d4e6518,2,1,1.0
956,b5a09604,b5a09604-13bc9a70,b5a09604-d9d9aaa9,13,1,0.9230769230769231
957,b5a407d5,b5a407d5-c2abd312,b5a407d5-c2abd312,1,1,1.0
958,b5a4b486,b5a4b486-1e78745e,b5a4b486-dde596cb,3,1,0.6666666666666666
959,b5a4db41,b5a4db41-1b4f91b0,b5a4db41-1b4f91b0,1,1,1.0
960,b5a50c2d,b5a50c2d-0c1d06e0,b5a50c2d-ccafe43a,4,1,1.0
961,b5a52ea9,b5a52ea9-2e1f4066,b5a52ea9-2e1f4066,1,1,1.0
962,b5a72f23,b5a72f23-5cb9552b,b5a72f23-dfdc4b86,3,1,1.0
963,b5a8594c,b5a8594c-049fa1ef,b5a8594c-049fa1ef,1,1,1.0
964,b5aa55af,b5aa55af-b01f8749,b5aa55af-b01f8749,1,1,1.0
965,b5aa77fa,b5aa77fa-b1916843,b5aa77fa-b1916843,1,1,1.0
966,b5ab0e46,b5ab0e46-19655ca4,b5ab0e46-8eab4733,2,1,1.0
967,b5ac257d,b5ac257d-5a34b3fa,b5ac257d-5a34b3fa,1,1,1.0
968,b5afd0ea,b5afd0ea-222fae7e,b5afd0ea-222fae7e,1,1,1.0
969,b5b023a6,b5b023a6-de26d2b2,b5b023a6-de26d2b2,1,1,1.0
970,b5b02b31,b5b02b31-283dcc5c,b5b02b31-f19988fb,3,1,1.0
971,b5b17442,b5b17442-2f6d4b97,b5b17442-df28704b,4,1,1.0
972,b5b2267c,b5b2267c-d3a26985,b5b2267c-d3a26985,1,1,1.0
973,b5b256fd,b5b256fd-0c2be0a6,b5b256fd-0c2be0a6,1,0,0.0
974,b5b2f593,b5b2f593-25b7b157,b5b2f593-63606879,2,1,1.0
975,b5b40b5f,b5b40b5f-da80498b,b5b40b5f-da80498b,1,1,1.0
976,b5b44d2d,b5b44d2d-60f87448,b5b44d2d-60f87448,1,1,1.0
977,b5b63915,b5b63915-697fb8c1,b5b63915-697fb8c1,1,1,1.0
978,b5b71e8e,b5b71e8e-96a024a9,b5b71e8e-96a024a9,1,1,1.0
979,b5b78553,b5b78553-b7c03da2,b5b78553-f3a480a1,2,1,0.5
980,b5b79bf9,b5b79bf9-36cbce30,b5b79bf9-36cbce30,1,1,1.0
981,b5b7d0a6,b5b7d0a6-e63e539f,b5b7d0a6-e63e539f,1,1,1.0
982,b5b8e198,b5b8e198-730252e5,b5b8e198-b661f016,3,1,0.6666666666666666
983,b5b94ff0,b5b94ff0-26c04398,b5b94ff0-c8b06edc,2,1,1.0
984,b5b9915f,b5b9915f-71ed958e,b5b9915f-71ed958e,1,1,1.0
985,b5baa2a5,b5baa2a5-1fe22e65,b5baa2a5-1fe22e65,1,1,1.0
986,b5bb11f2,b5bb11f2-227b8c25,b5bb11f2-227b8c25,1,0,0.0
987,b5bd48b6,b5bd48b6-0d0d597f,b5bd48b6-c1f01e7a,4,1,1.0
988,b5bd628c,b5bd628c-d1f3b854,b5bd628c-d1f3b854,1,1,1.0
989,b5be6006,b5be6006-83d630d5,b5be6006-83d630d5,1,1,1.0
990,b5be77ad,b5be77ad-b861ba83,b5be77ad-b861ba83,1,1,1.0
991,b5bf322d,b5bf322d-0a139ab3,b5bf322d-9e707096,2,1,1.0
992,b5bfa85b,b5bfa85b-d0700971,b5bfa85b-f1387252,2,1,1.0
993,b5c12993,b5c12993-1b9c5f96,b5c12993-8cba5224,3,1,1.0
994,b5c204e0,b5c204e0-17acc044,b5c204e0-17acc044,1,1,1.0
995,b5c259f3,b5c259f3-b10eeca5,b5c259f3-b10eeca5,1,1,1.0
996,b5c30297,b5c30297-f0b3279b,b5c30297-f0b3279b,1,1,1.0
997,b5c324dc,b5c324dc-68f1aa1d,b5c324dc-68f1aa1d,1,1,1.0
998,b5c351d3,b5c351d3-b02bda28,b5c351d3-b02bda28,1,1,1.0
999,b5c6d506,b5c6d506-d687e2ab,b5c6d506-d687e2ab,1,1,1.0
1000,b5ca1339,b5ca1339-b9f4a4e0,b5ca1339-b9f4a4e0,1,1,1.0
1001,b5cb11ce,b5cb11ce-46ac0ae7,b5cb11ce-46ac0ae7,1,1,1.0
1002,b5cb8753,b5cb8753-b8a2ddb5,b5cb8753-b8a2ddb5,1,1,1.0
1003,b5cc7455,b5cc7455-d2f5900f,b5cc7455-d2f5900f,1,1,1.0
1004,b5cd3939,b5cd3939-44dd0c20,b5cd3939-a7dffd2d,3,1,0.6666666666666666
1005,b5cd5f72,b5cd5f72-32232751,b5cd5f72-32232751,1,1,1.0
1006,b5cf8afa,b5cf8afa-b54535d2,b5cf8afa-b54535d2,1,1,1.0
1007,b5d06d78,b5d06d78-e4ecfa0c,b5d06d78-e4ecfa0c,1,1,1.0
1008,b5d4dc8d,b5d4dc8d-99e1e150,b5d4dc8d-f867ef92,2,1,1.0
1009,b5d5d39c,b5d5d39c-73e4471c,b5d5d39c-73e4471c,1,1,1.0
1010,b5d63e8d,b5d63e8d-061c1a6f,b5d63e8d-be6df898,2,1,0.5
1011,b5d6e647,b5d6e647-0bf0a7e9,b5d6e647-44af4f17,5,1,0.8
1012,b5d7832a,b5d7832a-63caf5b3,b5d7832a-63caf5b3,1,1,1.0
1013,b5d7f73a,b5d7f73a-ec61468b,b5d7f73a-ec61468b,1,1,1.0
1014,b5d8894a,b5d8894a-d99dbb00,b5d8894a-d99dbb00,1,0,0.0
1015,b5d9531f,b5d9531f-48222cf3,b5d9531f-48222cf3,1,1,1.0
1016,b5dc7a6d,b5dc7a6d-8ef7e8b8,b5dc7a6d-8ef7e8b8,1,1,1.0
1017,b5dd20c5,b5dd20c5-250725fa,b5dd20c5-ed2da652,6,1,0.8333333333333334
1018,b5dd8a5f,b5dd8a5f-431c4fc2,b5dd8a5f-ef468c83,3,1,0.6666666666666666
1019,b5ddbb54,b5ddbb54-248e17be,b5ddbb54-248e17be,1,1,1.0
1020,b5ddd07f,b5ddd07f-ef2cf011,b5ddd07f-ef2cf011,1,1,1.0
1021,b5dec5e7,b5dec5e7-065a0bb3,b5dec5e7-8066e35c,4,1,0.5
1022,b5df49b8,b5df49b8-73e68ecb,b5df49b8-73e68ecb,1,1,1.0
1023,b5e0b513,b5e0b513-da3b4402,b5e0b513-da3b4402,1,1,1.0
1024,b5e1a441,b5e1a441-3bc3277c,b5e1a441-3bc3277c,1,1,1.0
1025,b5e247fe,b5e247fe-c9599f82,b5e247fe-c9599f82,1,1,1.0
1026,b5e387a7,b5e387a7-6a010e5e,b5e387a7-e3a60891,3,1,1.0
1027,b5e3b8c6,b5e3b8c6-cdc3804c,b5e3b8c6-e50a2999,2,1,1.0
1028,b5e3d0f7,b5e3d0f7-4ed391cd,b5e3d0f7-4ed391cd,1,1,1.0
1029,b5e52b21,b5e52b21-46c57b31,b5e52b21-46c57b31,1,1,1.0
1030,b5e6efc0,b5e6efc0-345b365d,b5e6efc0-d83e76ab,3,1,1.0
1031,b5e9c2d4,b5e9c2d4-cc0c1c73,b5e9c2d4-cc0c1c73,1,1,1.0
1032,b5eaada1,b5eaada1-27688041,b5eaada1-27688041,1,1,1.0
1033,b5ece4bd,b5ece4bd-17087c46,b5ece4bd-17087c46,1,1,1.0
1034,b5ecfd7e,b5ecfd7e-fcdaceb0,b5ecfd7e-fcdaceb0,1,1,1.0
1035,b5ed8eaa,b5ed8eaa-03e27c26,b5ed8eaa-3fb2802d,2,1,1.0
1036,b5f057ab,b5f057ab-791ac474,b5f057ab-791ac474,1,1,1.0
1037,b5f14913,b5f14913-d70897d9,b5f14913-d70897d9,1,0,0.0
1038,b5f2f881,b5f2f881-edaf9a01,b5f2f881-edaf9a01,1,0,0.0
1039,b5f5d0e1,b5f5d0e1-200575fc,b5f5d0e1-200575fc,1,1,1.0
1040,b5f6f399,b5f6f399-ca14804c,b5f6f399-ca14804c,1,1,1.0
1041,b5f7a789,b5f7a789-10124031,b5f7a789-c02a194e,3,1,0.6666666666666666
1042,b5f84825,b5f84825-4e6d3b68,b5f84825-c97df380,3,1,0.6666666666666666
1043,b5f9cb1e,b5f9cb1e-c84e2ce9,b5f9cb1e-c84e2ce9,1,1,1.0
1044,b5fa32f1,b5fa32f1-4e9c7d32,b5fa32f1-4e9c7d32,1,1,1.0
1045,b5fac784,b5fac784-638336fd,b5fac784-638336fd,1,1,1.0
1046,b5fc0f1e,b5fc0f1e-882a7cce,b5fc0f1e-882a7cce,1,1,1.0
1047,b5fc1373,b5fc1373-94aaab40,b5fc1373-94aaab40,1,1,1.0
1048,b5fca52d,b5fca52d-b459be9c,b5fca52d-b459be9c,1,1,1.0
1049,b5fcec51,b5fcec51-bb59c567,b5fcec51-bb59c567,1,1,1.0
1050,b5fd8bf6,b5fd8bf6-fa9be3ca,b5fd8bf6-fa9be3ca,1,1,1.0
1051,b5fe17dd,b5fe17dd-52352131,b5fe17dd-b6648364,3,1,1.0
1052,b5ff07b5,b5ff07b5-3411352a,b5ff07b5-c8fe49f4,3,1,1.0
1053,b60011a3,b60011a3-6490e0d9,b60011a3-fff85077,3,1,1.0
1054,b6018b92,b6018b92-f949cae0,b6018b92-f949cae0,1,1,1.0
1055,b6036b55,b6036b55-6bc2eeef,b6036b55-6bc2eeef,1,1,1.0
1056,b603f785,b603f785-b94d2adc,b603f785-de5db004,2,1,1.0
1057,b605d5d8,b605d5d8-7d6ea5cc,b605d5d8-ec6fab2b,5,1,1.0
1058,b605ed2a,b605ed2a-06f43bb3,b605ed2a-06f43bb3,1,1,1.0
1059,b6061c91,b6061c91-ebddb67e,b6061c91-ebddb67e,1,1,1.0
1060,b607dd6a,b607dd6a-1d8f33b9,b607dd6a-1d8f33b9,1,1,1.0
1061,b60a5583,b60a5583-0fe24e80,b60a5583-0fe24e80,1,1,1.0
1062,b60a623a,b60a623a-4df2b0c0,b60a623a-4df2b0c0,1,1,1.0
1063,b60da546,b60da546-ee383124,b60da546-ee383124,1,1,1.0
1064,b60db8b3,b60db8b3-7cb88369,b60db8b3-7cb88369,1,1,1.0
1065,b60ea3fe,b60ea3fe-609eecca,b60ea3fe-609eecca,1,1,1.0
1066,b60f1db0,b60f1db0-5032d338,b60f1db0-cded4772,3,1,1.0
1067,b610204c,b610204c-e3c8c65f,b610204c-e3c8c65f,1,1,1.0
1068,b610c819,b610c819-6f782f77,b610c819-6f782f77,1,1,1.0
1069,b61212a0,b61212a0-3ddd6209,b61212a0-ca782534,4,1,1.0
1070,b6123103,b6123103-45edd1d3,b6123103-45edd1d3,1,1,1.0
1071,b612e792,b612e792-38b302a3,b612e792-38fc9d6d,2,1,0.5
1072,b61456bb,b61456bb-5bfb50ee,b61456bb-5bfb50ee,1,1,1.0
1073,b61459f8,b61459f8-ae92ce64,b61459f8-ae92ce64,1,1,1.0
1074,b6149edb,b6149edb-63dcde71,b6149edb-63dcde71,1,1,1.0
1075,b61527e7,b61527e7-207eccc6,b61527e7-ed487cc5,2,1,1.0
1076,b61659ca,b61659ca-b9aded69,b61659ca-b9aded69,1,0,0.0
1077,b6174277,b6174277-7c80aaa7,b6174277-7c80aaa7,1,1,1.0
1078,b61a8404,b61a8404-29009d48,b61a8404-29009d48,1,1,1.0
1079,b61aec41,b61aec41-121a3d3a,b61aec41-fe792c56,5,1,1.0
1080,b61d661f,b61d661f-2d7bac86,b61d661f-2d7bac86,1,1,1.0
1081,b61f162d,b61f162d-b6e10f56,b61f162d-b6e10f56,1,1,1.0
1082,b61f19ba,b61f19ba-2f34ba9f,b61f19ba-ae781838,3,1,1.0
1083,b61f7b3d,b61f7b3d-1e5fa9ff,b61f7b3d-1e5fa9ff,1,1,1.0
1084,b61fda8b,b61fda8b-dbcf61c1,b61fda8b-fc0a3fe7,2,1,0.5
1085,b6200832,b6200832-fe3e43b0,b6200832-fe3e43b0,1,1,1.0
1086,b620b595,b620b595-74b20761,b620b595-74b20761,1,0,0.0
1087,b620fed9,b620fed9-6d88be73,b620fed9-6d88be73,1,1,1.0
1088,b621872c,b621872c-51db2c14,b621872c-51db2c14,1,1,1.0
1089,b6219281,b6219281-0695c9fd,b6219281-9780cb21,4,1,1.0
1090,b62279e2,b62279e2-0a5adb4c,b62279e2-257b5cc0,2,1,1.0
1091,b6227ecd,b6227ecd-ecc44823,b6227ecd-ecc44823,1,0,0.0
1092,b6228f2b,b6228f2b-42996a33,b6228f2b-42996a33,1,1,1.0
1093,b6230fb4,b6230fb4-02138607,b6230fb4-02138607,1,1,1.0
1094,b624162c,b624162c-dd74b4df,b624162c-dd74b4df,1,1,1.0
1095,b6241b17,b6241b17-301c2e2e,b6241b17-b82f1b25,3,1,1.0
1096,b6250d40,b6250d40-d51c7992,b6250d40-d51c7992,1,1,1.0
1097,b6270d75,b6270d75-6999f310,b6270d75-6999f310,1,0,0.0
1098,b629c466,b629c466-a0893075,b629c466-a0893075,1,1,1.0
1099,b62b4989,b62b4989-3b60bb9c,b62b4989-3b60bb9c,1,1,1.0
1100,b62bef56,b62bef56-29a2dde5,b62bef56-b08de744,3,1,1.0
1101,b62c825e,b62c825e-75f4cc31,b62c825e-75f4cc31,1,1,1.0
1102,b62e6504,b62e6504-1be1ddd7,b62e6504-687ea24f,2,1,1.0
1103,b63368bc,b63368bc-17582ebd,b63368bc-37bc42c5,2,1,0.5
1104,b633ed08,b633ed08-08a8b4ce,b633ed08-08a8b4ce,1,1,1.0
1105,b634ca9d,b634ca9d-c0211c64,b634ca9d-c0211c64,1,1,1.0
1106,b6359092,b6359092-fc2faab6,b6359092-fc2faab6,1,1,1.0
1107,b6375e65,b6375e65-94027fd8,b6375e65-d6e0692e,2,1,1.0
1108,b6377978,b6377978-3fa655d3,b6377978-3fa655d3,1,1,1.0
1109,b63a501b,b63a501b-90039f36,b63a501b-90039f36,1,1,1.0
1110,b63ae329,b63ae329-24084d65,b63ae329-24084d65,1,1,1.0
1111,b63b1c14,b63b1c14-f01a2f6b,b63b1c14-f01a2f6b,1,1,1.0
1112,b63f0379,b63f0379-f0b444b5,b63f0379-f0b444b5,1,1,1.0
1113,b63fe296,b63fe296-4c1819fe,b63fe296-4c1819fe,1,1,1.0
1114,b641595b,b641595b-a1ea9ccc,b641595b-ab8e24d2,2,1,1.0
1115,b643ea5a,b643ea5a-af37c824,b643ea5a-af37c824,1,1,1.0
1116,b643ed1d,b643ed1d-7fbdd446,b643ed1d-e4a05157,2,1,1.0
1117,b645271a,b645271a-42c7ec52,b645271a-cd9ec256,2,1,1.0
1118,b645e381,b645e381-3d9a5456,b645e381-3d9a5456,1,1,1.0
1119,b6478560,b6478560-1d584e43,b6478560-1d584e43,1,1,1.0
1120,b6487a3e,b6487a3e-0761a2ae,b6487a3e-2ddb32e0,2,1,1.0
1121,b64e5796,b64e5796-3aa7adc0,b64e5796-be9c7667,2,1,1.0
1122,b64e7cbc,b64e7cbc-d7dba7f9,b64e7cbc-d7dba7f9,1,1,1.0
1123,b65081c3,b65081c3-7ace0408,b65081c3-a3dde936,3,1,1.0
1124,b651ca9e,b651ca9e-a11f85d6,b651ca9e-a11f85d6,1,1,1.0
1125,b6530006,b6530006-b43698a3,b6530006-b43698a3,1,1,1.0
1126,b6541edc,b6541edc-7408a6a4,b6541edc-ecc17d4b,2,1,0.5
1127,b65688be,b65688be-a25d3375,b65688be-a25d3375,1,1,1.0
1128,b6579e76,b6579e76-1d48651a,b6579e76-f2a13f71,7,1,1.0
1129,b657d595,b657d595-3f1fa3ca,b657d595-e1026272,3,1,0.6666666666666666
1130,b6592e95,b6592e95-0eaf85a5,b6592e95-6e497868,2,1,1.0
1131,b65db570,b65db570-815a9c9a,b65db570-815a9c9a,1,1,1.0
1132,b65fadaa,b65fadaa-c6abbbaa,b65fadaa-c6abbbaa,1,1,1.0
1133,b65fd3df,b65fd3df-39bd79aa,b65fd3df-87ed965a,2,1,1.0
1134,b65ff14a,b65ff14a-fc05765f,b65ff14a-fc05765f,1,1,1.0
1135,b6606454,b6606454-86d77cb2,b6606454-a4fca360,2,1,0.5
1136,b6630cba,b6630cba-4950a75a,b6630cba-4950a75a,1,1,1.0
1137,b6642e30,b6642e30-6d6af891,b6642e30-d87afdb2,3,1,1.0
1138,b66462a4,b66462a4-ce0558e1,b66462a4-ce0558e1,1,1,1.0
1139,b6658d33,b6658d33-6dbf3405,b6658d33-fe2d18f8,4,1,0.75
1140,b6663f36,b6663f36-805c1a0e,b6663f36-805c1a0e,1,1,1.0
1141,b666b95d,b666b95d-c38366c7,b666b95d-c38366c7,1,1,1.0
1142,b6673f98,b6673f98-1e13354a,b6673f98-d6661115,3,1,1.0
1143,b668a2f1,b668a2f1-71cdf31d,b668a2f1-71cdf31d,1,1,1.0
1144,b6695a33,b6695a33-42d20aa3,b6695a33-42d20aa3,1,1,1.0
1145,b66c8021,b66c8021-7cb6d587,b66c8021-7cb6d587,1,1,1.0
1146,b66c89a6,b66c89a6-0e3787ab,b66c89a6-0e3787ab,1,1,1.0
1147,b66ecd35,b66ecd35-8de7da84,b66ecd35-8de7da84,1,1,1.0
1148,b66f7339,b66f7339-b14741dc,b66f7339-b14741dc,1,1,1.0
1149,b670cde3,b670cde3-068b52ad,b670cde3-068b52ad,1,1,1.0
1150,b67206f2,b67206f2-c8c9f269,b67206f2-c8c9f269,1,1,1.0
1151,b6741a2c,b6741a2c-5a933eb6,b6741a2c-5fd7704c,2,1,1.0
1152,b674bc13,b674bc13-24a7836b,b674bc13-f5f68ca6,8,1,0.625
1153,b6763bf3,b6763bf3-348c7b94,b6763bf3-348c7b94,1,1,1.0
1154,b6769965,b6769965-61689289,b6769965-61689289,1,1,1.0
1155,b6770025,b6770025-04eaf87d,b6770025-c81ef5ed,2,1,1.0
1156,b6770a65,b6770a65-4fe52fcb,b6770a65-4fe52fcb,1,0,0.0
1157,b677a46e,b677a46e-fb00fe82,b677a46e-fb00fe82,1,1,1.0
1158,b678cf28,b678cf28-16eac9dc,b678cf28-16eac9dc,1,1,1.0
1159,b6795a21,b6795a21-1fab0f9e,b6795a21-1fab0f9e,1,1,1.0
1160,b67a1d26,b67a1d26-573dee1f,b67a1d26-573dee1f,1,1,1.0
1161,b67cbe89,b67cbe89-ef413620,b67cbe89-ef413620,1,1,1.0
1162,b67d5d14,b67d5d14-90c181ab,b67d5d14-fbc8866e,3,1,1.0
1163,b6804637,b6804637-851a6e28,b6804637-851a6e28,1,1,1.0
1164,b680f9ff,b680f9ff-3edc5eee,b680f9ff-c3577e59,2,1,1.0
1165,b6818d65,b6818d65-6cfd37c8,b6818d65-6cfd37c8,1,0,0.0
1166,b683b494,b683b494-0b21b850,b683b494-0b21b850,1,1,1.0
1167,b683c5c9,b683c5c9-94747d74,b683c5c9-94747d74,1,1,1.0
1168,b68445f5,b68445f5-cf8714b0,b68445f5-fcfc98f7,2,1,1.0
1169,b685046c,b685046c-a16279b4,b685046c-a16279b4,1,1,1.0
1170,b685cf4e,b685cf4e-30eb4efa,b685cf4e-e1378204,2,1,1.0
1171,b685eb37,b685eb37-dc649de0,b685eb37-dc649de0,1,1,1.0
1172,b6876a74,b6876a74-8532d216,b6876a74-8532d216,1,1,1.0
1173,b68913f1,b68913f1-029e9d1a,b68913f1-029e9d1a,1,1,1.0
1174,b689c867,b689c867-5a0ac45a,b689c867-5a0ac45a,1,1,1.0
1175,b68a000f,b68a000f-9a8091f9,b68a000f-9a8091f9,1,1,1.0
1176,b68a0153,b68a0153-2c58a0e3,b68a0153-2c58a0e3,1,1,1.0
1177,b68e35b5,b68e35b5-0881c831,b68e35b5-a135e64a,3,1,1.0
1178,b68fe1ec,b68fe1ec-4c1094e2,b68fe1ec-4c1094e2,1,1,1.0
1179,b690989d,b690989d-07e39c92,b690989d-919a2775,2,1,1.0
1180,b690e7dd,b690e7dd-1a1d38d1,b690e7dd-1a1d38d1,1,1,1.0
1181,b69173a4,b69173a4-d0c92583,b69173a4-d0c92583,1,1,1.0
1182,b69191ad,b69191ad-9c9cfe44,b69191ad-9c9cfe44,1,1,1.0
1183,b69603b2,b69603b2-8a99f37d,b69603b2-8a99f37d,1,1,1.0
1184,b69656bc,b69656bc-cd6901d3,b69656bc-cd6901d3,1,1,1.0
1185,b696cc35,b696cc35-68871f2a,b696cc35-68871f2a,1,1,1.0
1186,b696ed52,b696ed52-a487c213,b696ed52-a487c213,1,1,1.0
1187,b6976dce,b6976dce-0810ee45,b6976dce-3c045c22,2,1,1.0
1188,b69876fe,b69876fe-79c5a97a,b69876fe-79c5a97a,1,1,1.0
1189,b699a1df,b699a1df-6e9e269d,b699a1df-6e9e269d,1,1,1.0
1190,b699c424,b699c424-44ce61e2,b699c424-44ce61e2,1,1,1.0
1191,b69a7e04,b69a7e04-1dea4bd1,b69a7e04-794b786c,3,1,1.0
1192,b69b040b,b69b040b-15424e43,b69b040b-15424e43,1,1,1.0
1193,b69b7d13,b69b7d13-a9c704af,b69b7d13-a9c704af,1,1,1.0
1194,b69d5b1d,b69d5b1d-03bd6daa,b69d5b1d-99133316,2,1,1.0
1195,b69d81dd,b69d81dd-35fbc1cf,b69d81dd-35fbc1cf,1,1,1.0
1196,b69e6a5d,b69e6a5d-a9cb966f,b69e6a5d-a9cb966f,1,1,1.0
1197,b69fc2ae,b69fc2ae-156d58aa,b69fc2ae-156d58aa,1,1,1.0
1198,b6a0a684,b6a0a684-b46f896b,b6a0a684-e1ce5607,2,1,1.0
1199,b6a146ff,b6a146ff-7491aafb,b6a146ff-7491aafb,1,1,1.0
1200,b6a1d94c,b6a1d94c-6e3fcf27,b6a1d94c-6e3fcf27,1,1,1.0
1201,b6a5e5f0,b6a5e5f0-73e9525b,b6a5e5f0-73e9525b,1,1,1.0
1202,b6a6df2d,b6a6df2d-3911b7c3,b6a6df2d-cc93b4c6,5,1,1.0
1203,b6a7a3ef,b6a7a3ef-1151ebda,b6a7a3ef-1151ebda,1,1,1.0
1204,b6a8503c,b6a8503c-4991b168,b6a8503c-b04e247c,5,1,1.0
1205,b6a936f4,b6a936f4-483e5144,b6a936f4-f54cef7f,2,1,1.0
1206,b6aa41ba,b6aa41ba-04780705,b6aa41ba-768fdf21,5,1,0.8
1207,b6accff3,b6accff3-eb28ad4f,b6accff3-eb28ad4f,1,1,1.0
1208,b6aeb288,b6aeb288-6615a6dc,b6aeb288-c860c9a2,2,1,1.0
1209,b6af8c92,b6af8c92-ba98fb91,b6af8c92-ba98fb91,1,1,1.0
1210,b6afe56b,b6afe56b-ec85d002,b6afe56b-ec85d002,1,1,1.0
1211,b6b01f9f,b6b01f9f-5ed424ca,b6b01f9f-f6aa5d75,2,1,1.0
1212,b6b047b4,b6b047b4-3fccc761,b6b047b4-e61f09a7,4,1,1.0
1213,b6b0d831,b6b0d831-7abd7933,b6b0d831-7abd7933,1,1,1.0
1214,b6b536f4,b6b536f4-c90f357e,b6b536f4-c90f357e,1,1,1.0
1215,b6b616b3,b6b616b3-979e75c3,b6b616b3-979e75c3,1,1,1.0
1216,b6b6fd86,b6b6fd86-ab4d10f6,b6b6fd86-ab4d10f6,1,1,1.0
1217,b6b7800d,b6b7800d-bdecc6bc,b6b7800d-bdecc6bc,1,1,1.0
1218,b6b871e8,b6b871e8-e0718c93,b6b871e8-e0718c93,1,1,1.0
1219,b6b8d59f,b6b8d59f-e8059575,b6b8d59f-e8059575,1,0,0.0
1220,b6b9069a,b6b9069a-4908df6a,b6b9069a-5417277d,2,1,1.0
1221,b6b9d3c1,b6b9d3c1-d683dfce,b6b9d3c1-d683dfce,1,1,1.0
1222,b6ba23a1,b6ba23a1-4d9e1f20,b6ba23a1-98fd0d6b,2,1,1.0
1223,b6bac30c,b6bac30c-216dc02e,b6bac30c-216dc02e,1,1,1.0
1224,b6bb7bc8,b6bb7bc8-795f455a,b6bb7bc8-795f455a,1,1,1.0
1225,b6bd79c8,b6bd79c8-c94f5c10,b6bd79c8-c94f5c10,1,1,1.0
1226,b6bdb46e,b6bdb46e-2c60ecc3,b6bdb46e-3709d206,2,1,1.0
1227,b6bec9b9,b6bec9b9-3ceaf9b6,b6bec9b9-a964c43a,2,1,1.0
1228,b6c0964a,b6c0964a-87b5d540,b6c0964a-87b5d540,1,1,1.0
1229,b6c22033,b6c22033-a2105050,b6c22033-a2105050,1,1,1.0
1230,b6c2a409,b6c2a409-b0dacc13,b6c2a409-b0dacc13,1,1,1.0
1231,b6c2d715,b6c2d715-ba5d6ecc,b6c2d715-ba5d6ecc,1,1,1.0
1232,b6c3cbb0,b6c3cbb0-1c4e006c,b6c3cbb0-1c4e006c,1,1,1.0
1233,b6c6e6fe,b6c6e6fe-1c5ab635,b6c6e6fe-f325bc62,2,1,1.0
1234,b6c771db,b6c771db-9c243cab,b6c771db-f15d8a40,3,1,1.0
1235,b6c89a7e,b6c89a7e-23a41125,b6c89a7e-23a41125,1,1,1.0
1236,b6c938b0,b6c938b0-7bc5d2b8,b6c938b0-c1d453f8,3,1,1.0
1237,b6ca7400,b6ca7400-0ed0dc64,b6ca7400-0ed0dc64,1,1,1.0
1238,b6cad0b4,b6cad0b4-56d2e2d9,b6cad0b4-56d2e2d9,1,1,1.0
1239,b6cbfcf4,b6cbfcf4-ce2bfe3b,b6cbfcf4-cfa37f13,2,1,1.0
1240,b6ceb8b8,b6ceb8b8-0aeb8a64,b6ceb8b8-0aeb8a64,1,1,1.0
1241,b6cebd5a,b6cebd5a-5ca64f5f,b6cebd5a-5ca64f5f,1,1,1.0
1242,b6d0b46a,b6d0b46a-ec482777,b6d0b46a-ec482777,1,1,1.0
1243,b6d0b9d1,b6d0b9d1-3460a220,b6d0b9d1-f5531bf3,7,1,1.0
1244,b6d1c1f6,b6d1c1f6-998f36f3,b6d1c1f6-998f36f3,1,1,1.0
1245,b6d2717a,b6d2717a-6e17bbb1,b6d2717a-d8d1bc0c,3,1,1.0
1246,b6d5b39b,b6d5b39b-710032ac,b6d5b39b-710032ac,1,1,1.0
1247,b6d6e4f6,b6d6e4f6-cc416656,b6d6e4f6-cc416656,1,1,1.0
1248,b6d82c09,b6d82c09-389f4f78,b6d82c09-e7005951,2,1,1.0
1249,b6d855a5,b6d855a5-38d55a26,b6d855a5-c1d5a996,2,1,1.0
1250,b6d9b0ba,b6d9b0ba-a0a7525e,b6d9b0ba-a0a7525e,1,1,1.0
1251,b6db090c,b6db090c-2b1971cf,b6db090c-2b1971cf,1,0,0.0
1252,b6db6674,b6db6674-29fd8e88,b6db6674-bd255464,3,1,1.0
1253,b6ddc104,b6ddc104-54cc00e3,b6ddc104-dd647db8,3,1,0.6666666666666666
1254,b6de6d24,b6de6d24-bfcf2de4,b6de6d24-bfcf2de4,1,1,1.0
1255,b6decb24,b6decb24-0de96f8c,b6decb24-fffc40f7,7,1,1.0
1256,b6df605f,b6df605f-34527b5f,b6df605f-acdccf67,4,1,1.0
1257,b6e264cf,b6e264cf-d2600371,b6e264cf-d2600371,1,1,1.0
1258,b6e2a815,b6e2a815-20a3637b,b6e2a815-6106646d,2,1,1.0
1259,b6e49a81,b6e49a81-ca7f9e9d,b6e49a81-ca7f9e9d,1,1,1.0
1260,b6e4a55e,b6e4a55e-0684fdec,b6e4a55e-4a7068f1,3,1,1.0
1261,b6e591bd,b6e591bd-d509b54b,b6e591bd-d509b54b,1,1,1.0
1262,b6e5b2fd,b6e5b2fd-1e596798,b6e5b2fd-1e596798,1,1,1.0
1263,b6e602b3,b6e602b3-50bfb157,b6e602b3-50bfb157,1,1,1.0
1264,b6e683d2,b6e683d2-84d2dfbf,b6e683d2-bd7cdcbb,2,1,1.0
1265,b6e90f9b,b6e90f9b-3f3431d4,b6e90f9b-3f3431d4,1,1,1.0
1266,b6ea0cd9,b6ea0cd9-aa1cbdf5,b6ea0cd9-b9cec75f,2,1,1.0
1267,b6ea1520,b6ea1520-1bd7b870,b6ea1520-1c9df539,2,1,1.0
1268,b6eda03e,b6eda03e-50c604c1,b6eda03e-50c604c1,1,1,1.0
1269,b6f2176b,b6f2176b-20c2f527,b6f2176b-fcca7545,2,1,1.0
1270,b6f40904,b6f40904-693d5d3d,b6f40904-693d5d3d,1,1,1.0
1271,b6f4b139,b6f4b139-527d7e55,b6f4b139-d7311df5,3,1,1.0
1272,b6f77fda,b6f77fda-02b6e75b,b6f77fda-46184a8c,4,1,1.0
1273,b6f81988,b6f81988-1083f3fa,b6f81988-1083f3fa,1,1,1.0
1274,b6f85287,b6f85287-cde20f1d,b6f85287-cde20f1d,1,1,1.0
1275,b6f8a510,b6f8a510-6f70445f,b6f8a510-6f70445f,1,1,1.0
1276,b6f95b33,b6f95b33-d54400d9,b6f95b33-d54400d9,1,1,1.0
1277,b6f9afd4,b6f9afd4-63573be9,b6f9afd4-63573be9,1,1,1.0
1278,b6fae313,b6fae313-657598b1,b6fae313-657598b1,1,1,1.0
1279,b6ff1331,b6ff1331-f6d3fba8,b6ff1331-f6d3fba8,1,1,1.0
1280,b6ffd606,b6ffd606-322ba017,b6ffd606-322ba017,1,1,1.0
1281,b6ffe7bd,b6ffe7bd-017de39c,b6ffe7bd-fd52b51e,13,1,0.7692307692307693
1282,b7007510,b7007510-f6b3b182,b7007510-f6b3b182,1,1,1.0
1283,b700e409,b700e409-b6515113,b700e409-b6515113,1,1,1.0
1284,b701e0ad,b701e0ad-0179d536,b701e0ad-f824d54b,3,1,1.0
1285,b7041acc,b7041acc-6de39959,b7041acc-a64aa9d2,2,1,1.0
1286,b7049e6e,b7049e6e-fa515af6,b7049e6e-fa515af6,1,1,1.0
1287,b705004b,b705004b-c5606783,b705004b-c5606783,1,0,0.0
1288,b7064abc,b7064abc-24deedb3,b7064abc-878a912c,3,1,0.6666666666666666
1289,b70692e1,b70692e1-fcb7203c,b70692e1-fcb7203c,1,1,1.0
1290,b7072ec0,b7072ec0-3a3b64a5,b7072ec0-3a3b64a5,1,1,1.0
1291,b709801c,b709801c-c2f5bc24,b709801c-c2f5bc24,1,1,1.0
1292,b70b64da,b70b64da-024e0355,b70b64da-73d75639,4,1,1.0
1293,b70b7cdc,b70b7cdc-c4dcd88b,b70b7cdc-c4dcd88b,1,1,1.0
1294,b70c8fba,b70c8fba-827bc9c7,b70c8fba-827bc9c7,1,1,1.0
1295,b70d1e4a,b70d1e4a-467d8c58,b70d1e4a-467d8c58,1,1,1.0
1296,b70f200b,b70f200b-ad49ec36,b70f200b-ad49ec36,1,1,1.0
1297,b710d831,b710d831-df5ce01b,b710d831-faa2aa67,2,1,1.0
1298,b7147430,b7147430-2a111946,b7147430-2a111946,1,1,1.0
1299,b714a088,b714a088-861a043b,b714a088-e91ac24f,2,1,1.0
1300,b715a46a,b715a46a-32d2d7eb,b715a46a-32d2d7eb,1,1,1.0
1301,b71bb4df,b71bb4df-b9837e9c,b71bb4df-b9837e9c,1,1,1.0
1302,b71bf87d,b71bf87d-528e531c,b71bf87d-894c1a21,2,1,1.0
1303,b71cef92,b71cef92-3492a923,b71cef92-3492a923,1,1,1.0
1304,b71d7574,b71d7574-015d9d5d,b71d7574-e6bc43e9,5,1,0.8
1305,b71e2cab,b71e2cab-7a7494cf,b71e2cab-7a7494cf,1,1,1.0
1306,b71e9235,b71e9235-4012ac22,b71e9235-4012ac22,1,1,1.0
1307,b71ecc5a,b71ecc5a-7a837d0a,b71ecc5a-7a837d0a,1,1,1.0
1308,b71f13d6,b71f13d6-b07faf5f,b71f13d6-b07faf5f,1,1,1.0
1309,b71f7e68,b71f7e68-578dfb43,b71f7e68-578dfb43,1,1,1.0
1310,b7205754,b7205754-4faa3862,b7205754-4faa3862,1,1,1.0
1311,b720f8cf,b720f8cf-eb23da16,b720f8cf-eb23da16,1,1,1.0
1312,b721bf1b,b721bf1b-be4e2e12,b721bf1b-be4e2e12,1,1,1.0
1313,b721f994,b721f994-43356f34,b721f994-43356f34,1,1,1.0
1314,b7226661,b7226661-1ba4dc1a,b7226661-aff64877,3,1,1.0
1315,b7234188,b7234188-8102b743,b7234188-8102b743,1,1,1.0
1316,b72393ac,b72393ac-a136bc1e,b72393ac-b071c025,2,1,1.0
1317,b724e1f0,b724e1f0-cffecdc5,b724e1f0-cffecdc5,1,1,1.0
1318,b726242a,b726242a-53eb7489,b726242a-53eb7489,1,0,0.0
1319,b726c429,b726c429-11f5acde,b726c429-c334aa54,7,1,1.0
1320,b7279e9d,b7279e9d-fcd59829,b7279e9d-fcd59829,1,1,1.0
1321,b72812e8,b72812e8-c636249b,b72812e8-c636249b,1,1,1.0
1322,b728b79a,b728b79a-14e09f31,b728b79a-b1757497,3,1,1.0
1323,b7298f0f,b7298f0f-00fb851b,b7298f0f-00fb851b,1,1,1.0
1324,b729d050,b729d050-af382d96,b729d050-af382d96,1,1,1.0
1325,b729d9e2,b729d9e2-1a443f51,b729d9e2-a4d95e09,2,1,1.0
1326,b72b3974,b72b3974-07848804,b72b3974-9667b29a,3,1,1.0
1327,b72f72e4,b72f72e4-02ac60a7,b72f72e4-02ac60a7,1,1,1.0
1328,b7301a4a,b7301a4a-b25a846a,b7301a4a-b25a846a,1,1,1.0
1329,b730ab01,b730ab01-492b4489,b730ab01-492b4489,1,1,1.0
1330,b73282b1,b73282b1-7bc49185,b73282b1-7bc49185,1,1,1.0
1331,b733092e,b733092e-68a5b8e9,b733092e-68a5b8e9,1,1,1.0
1332,b733b13d,b733b13d-e5dccc44,b733b13d-e5dccc44,1,1,1.0
1333,b7341ecf,b7341ecf-4be3bdcb,b7341ecf-4be3bdcb,1,1,1.0
1334,b7348a27,b7348a27-496f5f92,b7348a27-496f5f92,1,1,1.0
1335,b735df0d,b735df0d-e7bf4c09,b735df0d-e7bf4c09,1,1,1.0
1336,b736a729,b736a729-8e235005,b736a729-8e235005,1,1,1.0
1337,b736c477,b736c477-ce5093ac,b736c477-fb345fa9,2,1,1.0
1338,b73737dc,b73737dc-0fac3a01,b73737dc-0fac3a01,1,1,1.0
1339,b737b268,b737b268-3e81c0e9,b737b268-3e81c0e9,1,1,1.0
1340,b738d22a,b738d22a-6ac5e1d6,b738d22a-6ac5e1d6,1,1,1.0
1341,b7390768,b7390768-06a6a4a0,b7390768-06a6a4a0,1,0,0.0
1342,b7394616,b7394616-aff8fb86,b7394616-aff8fb86,1,1,1.0
1343,b73a59ee,b73a59ee-a81b5085,b73a59ee-a81b5085,1,1,1.0
1344,b73a793e,b73a793e-ebf5917d,b73a793e-ebf5917d,1,1,1.0
1345,b73dd344,b73dd344-03413fbf,b73dd344-03413fbf,1,1,1.0
1346,b73de6c1,b73de6c1-1eb67050,b73de6c1-907ea814,2,1,1.0
1347,b73f18e7,b73f18e7-6341f45b,b73f18e7-6341f45b,1,1,1.0
1348,b7404583,b7404583-645b7fd7,b7404583-b504d500,2,1,1.0
1349,b740e2ac,b740e2ac-c01ee78f,b740e2ac-c01ee78f,1,1,1.0
1350,b74111eb,b74111eb-27276099,b74111eb-d21a119b,2,1,1.0
1351,b7416b8c,b7416b8c-5b0fcd5e,b7416b8c-5b0fcd5e,1,1,1.0
1352,b741c25b,b741c25b-5d56239a,b741c25b-5d56239a,1,1,1.0
1353,b742a9e3,b742a9e3-7fbcedaa,b742a9e3-7fbcedaa,1,1,1.0
1354,b743317c,b743317c-44e297ee,b743317c-44e297ee,1,0,0.0
1355,b743b808,b743b808-c7c4e44d,b743b808-c7c4e44d,1,1,1.0
1356,b7446774,b7446774-29ac1db2,b7446774-60e761ec,3,1,1.0
1357,b744c27e,b744c27e-b87d6875,b744c27e-b87d6875,1,1,1.0
1358,b7457987,b7457987-06803d89,b7457987-9bccf8c4,4,1,0.75
1359,b747a85e,b747a85e-79f375a1,b747a85e-d46dde6a,3,1,1.0
1360,b747b30e,b747b30e-991436c7,b747b30e-991436c7,1,1,1.0
1361,b7480124,b7480124-540c4b41,b7480124-540c4b41,1,1,1.0
1362,b7497244,b7497244-1b64c54d,b7497244-1b64c54d,1,1,1.0
1363,b74bedfc,b74bedfc-036616d8,b74bedfc-9adcb4ef,3,1,1.0
1364,b74ca6c1,b74ca6c1-38f5c3c8,b74ca6c1-38f5c3c8,1,1,1.0
1365,b74d1efd,b74d1efd-b4b4590f,b74d1efd-b4b4590f,1,1,1.0
1366,b74e7806,b74e7806-60077058,b74e7806-60077058,1,1,1.0
1367,b74f9c57,b74f9c57-2a44aec1,b74f9c57-f542adef,4,1,0.75
1368,b74fa71d,b74fa71d-b72c24a3,b74fa71d-b72c24a3,1,1,1.0
1369,b750dfba,b750dfba-288937b9,b750dfba-288937b9,1,1,1.0
1370,b7537b2b,b7537b2b-acc8384f,b7537b2b-acc8384f,1,1,1.0
1371,b7548e7c,b7548e7c-9b143316,b7548e7c-9b143316,1,1,1.0
1372,b754a2e4,b754a2e4-8785a25d,b754a2e4-8785a25d,1,1,1.0
1373,b7559b8d,b7559b8d-1ca5f88f,b7559b8d-8c71431d,2,1,1.0
1374,b75781e5,b75781e5-27729a7d,b75781e5-a44bc5af,2,1,0.5
1375,b757ae91,b757ae91-a9093726,b757ae91-c4ae9ab1,2,1,1.0
1376,b757f147,b757f147-6a20b38f,b757f147-6a20b38f,1,1,1.0
1377,b7586523,b7586523-724c2502,b7586523-724c2502,1,1,1.0
1378,b75bda07,b75bda07-d83a04eb,b75bda07-d83a04eb,1,1,1.0
1379,b75cb43c,b75cb43c-159062d9,b75cb43c-159062d9,1,1,1.0
1380,b75da19e,b75da19e-2d5038ce,b75da19e-ce52c274,6,1,0.8333333333333334
1381,b75ed92c,b75ed92c-c9116263,b75ed92c-c9116263,1,1,1.0
1382,b75f355e,b75f355e-32bd06af,b75f355e-b8ecbd7e,4,1,1.0
1383,b75f814e,b75f814e-4b7257ae,b75f814e-f533da40,3,1,0.6666666666666666
1384,b760329b,b760329b-611024b4,b760329b-611024b4,1,1,1.0
1385,b7610ba3,b7610ba3-9eabe8e3,b7610ba3-9eabe8e3,1,1,1.0
1386,b761b4a6,b761b4a6-ba62a4ae,b761b4a6-ba62a4ae,1,1,1.0
1387,b761cf92,b761cf92-05ed0ba2,b761cf92-3127cc34,3,1,1.0
1388,b762e497,b762e497-59b064e0,b762e497-59b064e0,1,1,1.0
1389,b7636303,b7636303-2036ba2d,b7636303-2036ba2d,1,1,1.0
1390,b764f1b2,b764f1b2-7ce1c79f,b764f1b2-7ce1c79f,1,1,1.0
1391,b766079c,b766079c-62ff02f3,b766079c-62ff02f3,1,1,1.0
1392,b7668116,b7668116-0f00b768,b7668116-71da4033,2,1,1.0
1393,b7676214,b7676214-60e4d9eb,b7676214-b10e4e0e,2,1,1.0
1394,b76792cb,b76792cb-0b0d99c9,b76792cb-2998adba,2,1,1.0
1395,b768b26a,b768b26a-f90ad09d,b768b26a-f90ad09d,1,1,1.0
1396,b768ec39,b768ec39-d32827c2,b768ec39-d32827c2,1,1,1.0
1397,b769f2fa,b769f2fa-026548da,b769f2fa-adedab4b,9,1,1.0
1398,b76fff5c,b76fff5c-46f35d4c,b76fff5c-46f35d4c,1,1,1.0
1399,b770f56a,b770f56a-3e8cba7a,b770f56a-3e8cba7a,1,1,1.0
1400,b7711ddf,b7711ddf-0f0035a8,b7711ddf-0f0035a8,1,1,1.0
1401,b7719f1d,b7719f1d-8245d9ce,b7719f1d-e6e580dd,2,1,1.0
1402,b77405dc,b77405dc-08d4db28,b77405dc-08d4db28,1,1,1.0
1403,b775af1c,b775af1c-b71a7f85,b775af1c-bb5afbe3,2,1,1.0
1404,b77826c3,b77826c3-b22372a9,b77826c3-b22372a9,1,1,1.0
1405,b7789d1a,b7789d1a-353aa20d,b7789d1a-92fe7627,2,1,1.0
1406,b7799f64,b7799f64-736f7f7e,b7799f64-736f7f7e,1,1,1.0
1407,b77a6ed6,b77a6ed6-5661f543,b77a6ed6-5661f543,1,1,1.0
1408,b77c4440,b77c4440-56fe6db9,b77c4440-56fe6db9,1,1,1.0
1409,b77d1f5b,b77d1f5b-db4b275d,b77d1f5b-db4b275d,1,1,1.0
1410,b77d2f48,b77d2f48-007d3dbd,b77d2f48-a010995e,3,1,1.0
1411,b77dc345,b77dc345-6d549a1b,b77dc345-d1f9b91c,2,1,1.0
1412,b77df2a1,b77df2a1-b2c5d1bb,b77df2a1-b2c5d1bb,1,1,1.0
1413,b77e197d,b77e197d-572d6c7b,b77e197d-572d6c7b,1,1,1.0
1414,b77f3729,b77f3729-fcbf9b93,b77f3729-fcbf9b93,1,1,1.0
1415,b780088d,b780088d-0bf9e946,b780088d-b85f1b00,2,1,1.0
1416,b78032b6,b78032b6-f85e30bb,b78032b6-f85e30bb,1,1,1.0
1417,b782a90c,b782a90c-b8670a3c,b782a90c-b8670a3c,1,1,1.0
1418,b782f9ad,b782f9ad-6bc1d4ee,b782f9ad-6bc1d4ee,1,1,1.0
1419,b7831880,b7831880-0327e785,b7831880-0327e785,1,1,1.0
1420,b783536b,b783536b-93708b03,b783536b-93708b03,1,1,1.0
1421,b7841cd5,b7841cd5-1fe9c108,b7841cd5-1fe9c108,1,1,1.0
1422,b784ff27,b784ff27-14060d57,b784ff27-baf00daa,4,1,1.0
1423,b7872bf3,b7872bf3-ddf64f77,b7872bf3-ddf64f77,1,1,1.0
1424,b788c509,b788c509-56f6a40a,b788c509-9d3284e8,3,1,1.0
1425,b78a38de,b78a38de-5b7a6b2f,b78a38de-5b7a6b2f,1,1,1.0
1426,b78cb53c,b78cb53c-14d14771,b78cb53c-65159143,2,1,1.0
1427,b78dd814,b78dd814-86a01e2e,b78dd814-b57822af,2,1,1.0
1428,b7910b55,b7910b55-a1ab1901,b7910b55-a1ab1901,1,1,1.0
1429,b792daf1,b792daf1-52513869,b792daf1-e95167d2,2,1,1.0
1430,b79307e6,b79307e6-6cfc1c5b,b79307e6-6cfc1c5b,1,1,1.0
1431,b7935597,b7935597-0fb3bad7,b7935597-13c4b9dd,2,1,1.0
1432,b797647c,b797647c-5f2154db,b797647c-674197dc,2,1,1.0
1433,b7979b09,b7979b09-89a5a8ea,b7979b09-89a5a8ea,1,1,1.0
1434,b797d23a,b797d23a-a415ce55,b797d23a-a415ce55,1,1,1.0
1435,b7984475,b7984475-0a28901d,b7984475-0a28901d,1,1,1.0
1436,b7993af5,b7993af5-b544c0da,b7993af5-b544c0da,1,0,0.0
1437,b79c1f8d,b79c1f8d-235c1229,b79c1f8d-f34cbff5,5,1,1.0
1438,b79d2bd8,b79d2bd8-b3eb6fa9,b79d2bd8-b3eb6fa9,1,1,1.0
1439,b79d7247,b79d7247-1b5a4f2c,b79d7247-6750fc90,2,1,1.0
1440,b7a16331,b7a16331-0c817de1,b7a16331-728c61ea,2,1,1.0
1441,b7a175e0,b7a175e0-52e0bbc9,b7a175e0-ea597801,2,1,1.0
1442,b7a3fc87,b7a3fc87-1c0a396b,b7a3fc87-1c0a396b,1,1,1.0
1443,b7a43d54,b7a43d54-9a0a14f5,b7a43d54-9a0a14f5,1,1,1.0
1444,b7a8e795,b7a8e795-056b3c79,b7a8e795-ff80fddf,8,1,1.0
1445,b7a97cb6,b7a97cb6-1d099495,b7a97cb6-a10ac1b2,2,1,0.5
1446,b7a9b166,b7a9b166-01d09e6b,b7a9b166-fd70d717,8,1,1.0
1447,b7aa329e,b7aa329e-25d68dec,b7aa329e-25d68dec,1,1,1.0
1448,b7ab6225,b7ab6225-743ee003,b7ab6225-7a1edecd,2,1,1.0
1449,b7abfbea,b7abfbea-3067ba7b,b7abfbea-3067ba7b,1,1,1.0
1450,b7ad4512,b7ad4512-145bbccb,b7ad4512-be6f5823,3,1,1.0
1451,b7ad967b,b7ad967b-5ffacb53,b7ad967b-5ffacb53,1,1,1.0
1452,b7ada391,b7ada391-dd104c12,b7ada391-dd104c12,1,1,1.0
1453,b7b07700,b7b07700-7dd6ec37,b7b07700-ba279921,2,1,0.5
1454,b7b09a19,b7b09a19-d9ce1598,b7b09a19-d9ce1598,1,1,1.0
1455,b7b110ca,b7b110ca-fac51d5b,b7b110ca-fac51d5b,1,1,1.0
1456,b7b1242b,b7b1242b-3c255af6,b7b1242b-3c255af6,1,1,1.0
1457,b7b132fc,b7b132fc-12fe1b49,b7b132fc-ba819254,3,1,1.0
1458,b7b1f657,b7b1f657-c3290194,b7b1f657-c3290194,1,1,1.0
1459,b7b32a5f,b7b32a5f-87311a3a,b7b32a5f-90bce6e1,2,1,1.0
1460,b7b3a558,b7b3a558-45775f2e,b7b3a558-f047b273,4,1,0.75
1461,b7b554e4,b7b554e4-753c2c08,b7b554e4-753c2c08,1,1,1.0
1462,b7b58fcc,b7b58fcc-1ac3ea04,b7b58fcc-1ac3ea04,1,1,1.0
1463,b7b7c088,b7b7c088-13945e4c,b7b7c088-2fda29df,2,1,0.5
1464,b7b89e71,b7b89e71-e92f6983,b7b89e71-e92f6983,1,1,1.0
1465,b7ba2ed7,b7ba2ed7-7f381040,b7ba2ed7-7f381040,1,1,1.0
1466,b7ba8fee,b7ba8fee-e6a5e940,b7ba8fee-fcbd00e5,2,1,1.0
1467,b7ba9ad7,b7ba9ad7-f89df072,b7ba9ad7-f89df072,1,1,1.0
1468,b7bb0d6e,b7bb0d6e-0fa5f5ae,b7bb0d6e-b018e560,6,1,0.8333333333333334
1469,b7bb37d8,b7bb37d8-95dcf32f,b7bb37d8-da8a74d7,3,1,1.0
1470,b7bb64a4,b7bb64a4-885f7346,b7bb64a4-885f7346,1,1,1.0
1471,b7bbb1fe,b7bbb1fe-1cec6316,b7bbb1fe-1cec6316,1,1,1.0
1472,b7bcc17a,b7bcc17a-17f66377,b7bcc17a-cd0f0f68,9,1,0.8888888888888888
1473,b7bd8b85,b7bd8b85-9f43d43e,b7bd8b85-9f43d43e,1,1,1.0
1474,b7becb56,b7becb56-e97b2d91,b7becb56-e97b2d91,1,1,1.0
1475,b7bf181d,b7bf181d-8a32731e,b7bf181d-8a32731e,1,1,1.0
1476,b7bfad97,b7bfad97-89e3ef28,b7bfad97-d095e272,3,1,1.0
1477,b7c448a7,b7c448a7-d2d6ae03,b7c448a7-d2d6ae03,1,1,1.0
1478,b7c48676,b7c48676-355433ae,b7c48676-d61a6e81,3,1,1.0
1479,b7c5b8ef,b7c5b8ef-5c9960a8,b7c5b8ef-b233d513,2,1,1.0
1480,b7c8c7f6,b7c8c7f6-54290bbc,b7c8c7f6-899b3996,2,1,1.0
1481,b7c91476,b7c91476-fe3e68ec,b7c91476-fe3e68ec,1,1,1.0
1482,b7cf9504,b7cf9504-dfc7bd99,b7cf9504-dfc7bd99,1,1,1.0
1483,b7d13f97,b7d13f97-0aec1868,b7d13f97-9f4fcb90,7,1,0.8571428571428571
1484,b7d277b3,b7d277b3-26d83b90,b7d277b3-fc03ae80,3,1,1.0
1485,b7d34a28,b7d34a28-7404150e,b7d34a28-7404150e,1,1,1.0
1486,b7d3916f,b7d3916f-ab5b5296,b7d3916f-ab5b5296,1,1,1.0
1487,b7d46034,b7d46034-88afd89c,b7d46034-cd47154f,2,1,1.0
1488,b7d7713a,b7d7713a-0ce4c8f1,b7d7713a-a58eef67,2,1,1.0
1489,b7d7b438,b7d7b438-7e499016,b7d7b438-7e499016,1,1,1.0
1490,b7d875e8,b7d875e8-35d6222a,b7d875e8-35d6222a,1,1,1.0
1491,b7d8cd90,b7d8cd90-a01c6422,b7d8cd90-a01c6422,1,1,1.0
1492,b7d9a95e,b7d9a95e-f9901594,b7d9a95e-f9901594,1,1,1.0
1493,b7da46cc,b7da46cc-c6b02c40,b7da46cc-c6b02c40,1,1,1.0
1494,b7db31d1,b7db31d1-06d2afc1,b7db31d1-fa13a84a,4,1,1.0
1495,b7dbc526,b7dbc526-68892204,b7dbc526-68892204,1,1,1.0
1496,b7dbe50a,b7dbe50a-3738a448,b7dbe50a-3738a448,1,1,1.0
1497,b7dc9921,b7dc9921-4c58cd1b,b7dc9921-fcfe3332,4,1,1.0
1498,b7de4b01,b7de4b01-2a16dfe7,b7de4b01-2a16dfe7,1,1,1.0
1499,b7def2fa,b7def2fa-8283e208,b7def2fa-8283e208,1,1,1.0
1500,b7df0c5f,b7df0c5f-293b7be6,b7df0c5f-654d495d,2,1,1.0
1501,b7e1237b,b7e1237b-25dec3f7,b7e1237b-f08b7c08,3,1,1.0
1502,b7e17f40,b7e17f40-859096c9,b7e17f40-859096c9,1,1,1.0
1503,b7e347d4,b7e347d4-8ab9f4b5,b7e347d4-8ab9f4b5,1,1,1.0
1504,b7e68039,b7e68039-9ea5f87c,b7e68039-9ea5f87c,1,1,1.0
1505,b7e8932c,b7e8932c-3f90dbfc,b7e8932c-3f90dbfc,1,1,1.0
1506,b7e98aaf,b7e98aaf-df117cd8,b7e98aaf-df117cd8,1,1,1.0
1507,b7ea55c1,b7ea55c1-8385ec70,b7ea55c1-8385ec70,1,1,1.0
1508,b7eb6c3d,b7eb6c3d-e1598570,b7eb6c3d-e1598570,1,1,1.0
1509,b7eb7b11,b7eb7b11-2ba05f4f,b7eb7b11-2ba05f4f,1,1,1.0
1510,b7ec8e2f,b7ec8e2f-b673fc33,b7ec8e2f-b673fc33,1,1,1.0
1511,b7ec9c7e,b7ec9c7e-816b5937,b7ec9c7e-cfdf4a45,2,1,1.0
1512,b7edcfdc,b7edcfdc-f018989f,b7edcfdc-f018989f,1,1,1.0
1513,b7f1241e,b7f1241e-05749fee,b7f1241e-de8783e8,3,1,1.0
1514,b7f136f3,b7f136f3-1a77da25,b7f136f3-1a77da25,1,1,1.0
1515,b7f43f41,b7f43f41-b1354d92,b7f43f41-b1354d92,1,1,1.0
1516,b7f452e4,b7f452e4-1e5669ab,b7f452e4-1e8b6f3a,2,1,1.0
1517,b7f75fad,b7f75fad-1c1c419b,b7f75fad-1c1c419b,1,1,1.0
1518,b7fbffdb,b7fbffdb-62f685ff,b7fbffdb-e6bc2ef1,3,1,1.0
1519,b7fc572c,b7fc572c-6a4b1de5,b7fc572c-f8a3e313,4,1,1.0
1520,b7fc87bf,b7fc87bf-8ac3359e,b7fc87bf-8ac3359e,1,0,0.0
1521,b7fcda2b,b7fcda2b-05f3fc09,b7fcda2b-2e4d36ef,2,1,1.0
1522,b7fd2970,b7fd2970-d748193c,b7fd2970-e46faf78,2,1,1.0
1523,b7fd2c7d,b7fd2c7d-1c250dfc,b7fd2c7d-1c250dfc,1,1,1.0
1524,b7fd3f86,b7fd3f86-2750b2d7,b7fd3f86-c4f5da2e,6,1,0.8333333333333334
1525,b7fe6285,b7fe6285-5f64b006,b7fe6285-5f64b006,1,1,1.0
1526,b7ff9d09,b7ff9d09-5bef519f,b7ff9d09-5bef519f,1,1,1.0
1527,b80018ef,b80018ef-3a620af0,b80018ef-3a620af0,1,1,1.0
1528,b8015ebc,b8015ebc-0445a4e2,b8015ebc-0445a4e2,1,1,1.0
1529,b8025b43,b8025b43-80a46fe5,b8025b43-db6cdd13,2,1,1.0
1530,b8026c7f,b8026c7f-d0cb54f3,b8026c7f-d0cb54f3,1,1,1.0
1531,b803d91d,b803d91d-10ed2f67,b803d91d-ff86709c,7,1,0.8571428571428571
1532,b804f988,b804f988-233a12a1,b804f988-eb510a9a,3,1,1.0
1533,b8086e12,b8086e12-1f7655aa,b8086e12-d6b50340,4,1,1.0
1534,b80b91c9,b80b91c9-527a346a,b80b91c9-9a644aba,2,1,1.0
1535,b80ccebf,b80ccebf-3de2a87d,b80ccebf-3de2a87d,1,1,1.0
1536,b80fb9b6,b80fb9b6-b12f0c90,b80fb9b6-b12f0c90,1,1,1.0
1537,b8125aef,b8125aef-74d00aed,b8125aef-ae843995,2,1,1.0
1538,b81771ca,b81771ca-32f6b949,b81771ca-32f6b949,1,1,1.0
1539,b817df43,b817df43-48a371e7,b817df43-48a371e7,1,1,1.0
1540,b818033e,b818033e-1407617c,b818033e-f4657ed3,4,1,1.0
1541,b81b8523,b81b8523-024d30e0,b81b8523-9ca9cab9,3,1,1.0
1542,b81c68cc,b81c68cc-cdcfdff5,b81c68cc-cdcfdff5,1,1,1.0
1543,b81d060a,b81d060a-b2203c99,b81d060a-fddedd4f,2,1,1.0
1544,b8201476,b8201476-b9dba8dd,b8201476-b9dba8dd,1,1,1.0
1545,b821ab2e,b821ab2e-089c3379,b821ab2e-089c3379,1,1,1.0
1546,b8222542,b8222542-d055faeb,b8222542-d055faeb,1,1,1.0
1547,b82366c4,b82366c4-3fb8da58,b82366c4-3fb8da58,1,1,1.0
1548,b825dfb7,b825dfb7-442f3c75,b825dfb7-442f3c75,1,1,1.0
1549,b82609d8,b82609d8-eef37c99,b82609d8-eef37c99,1,1,1.0
1550,b82ad485,b82ad485-481e148c,b82ad485-481e148c,1,1,1.0
1551,b82b19c9,b82b19c9-17011ac5,b82b19c9-929701e6,2,1,1.0
1552,b82cf799,b82cf799-a135768f,b82cf799-a135768f,1,1,1.0
1553,b82e22f1,b82e22f1-40b5aa11,b82e22f1-40b5aa11,1,1,1.0
1554,b82f7901,b82f7901-62715883,b82f7901-6d67cfe8,2,1,1.0
1555,b82f91d7,b82f91d7-7c84fdc5,b82f91d7-bfddb3c7,4,1,1.0
1556,b830e68f,b830e68f-29ab7518,b830e68f-29ab7518,1,1,1.0
1557,b8322a8e,b8322a8e-438f9ef0,b8322a8e-438f9ef0,1,1,1.0
1558,b83235c2,b83235c2-32416553,b83235c2-32416553,1,1,1.0
1559,b832508c,b832508c-8f2be0ee,b832508c-8f2be0ee,1,1,1.0
1560,b832634b,b832634b-1a0dc8b0,b832634b-be31b364,2,1,1.0
1561,b834f9a4,b834f9a4-5a72945a,b834f9a4-5a72945a,1,1,1.0
1562,b836b14a,b836b14a-fb13c905,b836b14a-fb13c905,1,1,1.0
1563,b836ef61,b836ef61-1a8aa776,b836ef61-1a8aa776,1,1,1.0
1564,b83869a3,b83869a3-3023291d,b83869a3-7fc42be5,2,1,1.0
1565,b839982e,b839982e-68902593,b839982e-68902593,1,1,1.0
1566,b83a044e,b83a044e-2926e767,b83a044e-9b529b91,2,1,1.0
1567,b83b8572,b83b8572-29d97c92,b83b8572-29d97c92,1,1,1.0
1568,b83d28bd,b83d28bd-a9ab3f1d,b83d28bd-a9ab3f1d,1,1,1.0
1569,b83d7cf3,b83d7cf3-4e193818,b83d7cf3-4e193818,1,1,1.0
1570,b83e4275,b83e4275-fe67ecbd,b83e4275-fe67ecbd,1,1,1.0
1571,b83e94b9,b83e94b9-fc9ee1c7,b83e94b9-fc9ee1c7,1,1,1.0
1572,b83ec6be,b83ec6be-8147e6f9,b83ec6be-edf04b3c,4,1,1.0
1573,b8407cb8,b8407cb8-71fdf808,b8407cb8-71fdf808,1,1,1.0
1574,b841106c,b841106c-4b71146c,b841106c-4b71146c,1,1,1.0
1575,b841230d,b841230d-fada32c4,b841230d-fada32c4,1,1,1.0
1576,b84146a1,b84146a1-a5f588ef,b84146a1-a5f588ef,1,1,1.0
1577,b842809b,b842809b-8900f4f0,b842809b-d8519a33,4,1,1.0
1578,b842dbf5,b842dbf5-4b5b09b7,b842dbf5-4b5b09b7,1,1,1.0
1579,b84371bc,b84371bc-170edf5a,b84371bc-170edf5a,1,1,1.0
1580,b843ef1b,b843ef1b-2756a85d,b843ef1b-f173bd21,2,1,1.0
1581,b84507e4,b84507e4-4f69e97b,b84507e4-e4553a8d,4,1,1.0
1582,b84a1117,b84a1117-338ddf33,b84a1117-72c360e2,3,1,1.0
1583,b84ba7d0,b84ba7d0-583269f1,b84ba7d0-583269f1,1,1,1.0
1584,b84d51df,b84d51df-7094c862,b84d51df-7094c862,1,1,1.0
1585,b84da41b,b84da41b-2d3fce12,b84da41b-fe80f694,2,1,1.0
1586,b84dbc8e,b84dbc8e-94bbc315,b84dbc8e-94bbc315,1,1,1.0
1587,b84eef86,b84eef86-eb4bb6e0,b84eef86-eb4bb6e0,1,1,1.0
1588,b84f4f83,b84f4f83-30ec3e22,b84f4f83-c6842bd6,2,1,1.0
1589,b851c0af,b851c0af-630d8381,b851c0af-7345afd1,2,1,1.0
1590,b851f39f,b851f39f-b965b196,b851f39f-d8f42807,2,1,1.0
1591,b85420e2,b85420e2-ea146a8a,b85420e2-ea146a8a,1,1,1.0
1592,b855a117,b855a117-5b67fec3,b855a117-5b67fec3,1,1,1.0
1593,b857eb06,b857eb06-2a0d9098,b857eb06-ef3987ae,8,1,1.0
1594,b8588ac6,b8588ac6-afc0184a,b8588ac6-afc0184a,1,1,1.0
1595,b85a3ec7,b85a3ec7-4296bad6,b85a3ec7-4296bad6,1,1,1.0
1596,b85b0853,b85b0853-e2b7537e,b85b0853-ea43f17c,2,1,1.0
1597,b85ba05d,b85ba05d-90605ae4,b85ba05d-90605ae4,1,1,1.0
1598,b85d7504,b85d7504-1eef8eea,b85d7504-1eef8eea,1,1,1.0
1599,b85eb331,b85eb331-920d81fe,b85eb331-920d81fe,1,1,1.0
1600,b85f5cc9,b85f5cc9-44db10f1,b85f5cc9-44db10f1,1,1,1.0
1601,b85fb98d,b85fb98d-41e7213c,b85fb98d-41e7213c,1,1,1.0
1602,b86294f6,b86294f6-781fa55d,b86294f6-781fa55d,1,1,1.0
1603,b863bd5e,b863bd5e-d1ff4b7c,b863bd5e-d1ff4b7c,1,1,1.0
1604,b86413b9,b86413b9-35499361,b86413b9-c5b79892,2,1,1.0
1605,b8649bc8,b8649bc8-519bbee6,b8649bc8-519bbee6,1,1,1.0
1606,b8677b56,b8677b56-9edba15a,b8677b56-9edba15a,1,1,1.0
1607,b8685330,b8685330-d275b328,b8685330-d275b328,1,1,1.0
1608,b8697036,b8697036-9589cddf,b8697036-9589cddf,1,1,1.0
1609,b869965a,b869965a-5dbee4b1,b869965a-fa59f431,4,1,1.0
1610,b86a2705,b86a2705-bf3761b9,b86a2705-bf3761b9,1,1,1.0
1611,b86aaaf8,b86aaaf8-2496c37d,b86aaaf8-2496c37d,1,1,1.0
1612,b86ab068,b86ab068-8556a229,b86ab068-8556a229,1,1,1.0
1613,b86f9b95,b86f9b95-e4651840,b86f9b95-e4651840,1,0,0.0
1614,b86fc3d9,b86fc3d9-021f0bb5,b86fc3d9-021f0bb5,1,1,1.0
1615,b871e00c,b871e00c-825caf56,b871e00c-825caf56,1,1,1.0
1616,b87299bf,b87299bf-d30f284c,b87299bf-d30f284c,1,1,1.0
1617,b87366af,b87366af-3fb3389e,b87366af-3fb3389e,1,1,1.0
1618,b873b095,b873b095-4530040c,b873b095-4530040c,1,1,1.0
1619,b873c993,b873c993-1d508f5a,b873c993-69e9f8fb,2,1,1.0
1620,b875ad93,b875ad93-deec14af,b875ad93-f21a6d0a,2,1,1.0
1621,b877b18a,b877b18a-52e00f70,b877b18a-52e00f70,1,0,0.0
1622,b8781f69,b8781f69-76c72b31,b8781f69-81bcdb6a,2,1,1.0
1623,b87a03a9,b87a03a9-1ddfba47,b87a03a9-c9da2b1a,2,1,1.0
1624,b87a5067,b87a5067-734a1f45,b87a5067-734a1f45,1,1,1.0
1625,b87b8504,b87b8504-1e1d6dcd,b87b8504-1e1d6dcd,1,1,1.0
1626,b87b8bce,b87b8bce-987990d0,b87b8bce-d9f8e55e,2,1,1.0
1627,b87bd38d,b87bd38d-55fd58cd,b87bd38d-9f7f07c3,2,1,1.0
1628,b87ca2c5,b87ca2c5-47ae44e3,b87ca2c5-c3c6e7ce,3,1,1.0
1629,b87d3733,b87d3733-161f6a8f,b87d3733-83cb66cc,2,1,1.0
1630,b87e8d90,b87e8d90-a0917f70,b87e8d90-a0917f70,1,1,1.0
1631,b87ee3bb,b87ee3bb-1242c008,b87ee3bb-c5b70e4f,3,1,1.0
1632,b87fb508,b87fb508-f8374c1f,b87fb508-f8374c1f,1,1,1.0
1633,b87fe215,b87fe215-0f7b05e0,b87fe215-0f7b05e0,1,1,1.0
1634,b88522ea,b88522ea-e38b4bec,b88522ea-e38b4bec,1,1,1.0
1635,b8854854,b8854854-756c468f,b8854854-756c468f,1,1,1.0
1636,b886a0b8,b886a0b8-cb75e3a6,b886a0b8-cb75e3a6,1,1,1.0
1637,b888e048,b888e048-8018b284,b888e048-80f768fc,2,1,1.0
1638,b88a00df,b88a00df-65e5355b,b88a00df-e8484d02,3,1,1.0
1639,b88b6624,b88b6624-3b54ae18,b88b6624-e1aabf99,2,1,1.0
1640,b892f130,b892f130-8828257e,b892f130-90ed9d1f,2,1,1.0
1641,b893983a,b893983a-265a0b70,b893983a-c10ac3c6,2,1,1.0
1642,b89581ec,b89581ec-5a14165f,b89581ec-e0ee3038,2,1,1.0
1643,b896b680,b896b680-ce014e4d,b896b680-ce014e4d,1,1,1.0
1644,b89886bb,b89886bb-e171a804,b89886bb-f019c7eb,2,1,1.0
1645,b898a22f,b898a22f-d6bcd9d3,b898a22f-d6bcd9d3,1,1,1.0
1646,b89981b7,b89981b7-bdacced7,b89981b7-bdacced7,1,1,1.0
1647,b89aded3,b89aded3-23603d87,b89aded3-c4e4fb25,3,1,1.0
1648,b89bf84d,b89bf84d-04301b8b,b89bf84d-d2c2e5a7,5,1,1.0
1649,b8a135c9,b8a135c9-3cbeb1c8,b8a135c9-d4ff358a,4,1,1.0
1650,b8a158fd,b8a158fd-1e9c1bd7,b8a158fd-a1917370,2,1,1.0
1651,b8a1bed9,b8a1bed9-da501372,b8a1bed9-da501372,1,1,1.0
1652,b8a28c17,b8a28c17-05487707,b8a28c17-5befd35a,3,1,1.0
1653,b8a52657,b8a52657-426c14ae,b8a52657-f74f7fd0,3,1,1.0
1654,b8a795ee,b8a795ee-21cbb3d1,b8a795ee-c1ce7ac0,3,1,0.6666666666666666
1655,b8a835db,b8a835db-34608613,b8a835db-c49dfee5,4,1,1.0
1656,b8a9d382,b8a9d382-3bd7d3e4,b8a9d382-3bd7d3e4,1,1,1.0
1657,b8ab4367,b8ab4367-297944fb,b8ab4367-297944fb,1,1,1.0
1658,b8acc534,b8acc534-23eb2531,b8acc534-d5b64200,2,1,1.0
1659,b8adc715,b8adc715-5a335a7e,b8adc715-5a335a7e,1,1,1.0
1660,b8ae99b0,b8ae99b0-c70e5800,b8ae99b0-c70e5800,1,1,1.0
1661,b8af5bc3,b8af5bc3-97aa5976,b8af5bc3-97aa5976,1,1,1.0
1662,b8afaffa,b8afaffa-21f32286,b8afaffa-5ec67bbb,2,1,1.0
1663,b8affcd1,b8affcd1-29901d90,b8affcd1-b2781fa1,2,1,1.0
1664,b8b03ee1,b8b03ee1-9444cbd8,b8b03ee1-9444cbd8,1,1,1.0
1665,b8b0554a,b8b0554a-35795cdf,b8b0554a-ecca669e,2,1,1.0
1666,b8b06f77,b8b06f77-5b618032,b8b06f77-5b618032,1,1,1.0
1667,b8b15e54,b8b15e54-2ccd7fd0,b8b15e54-f8461121,3,1,1.0
1668,b8b18469,b8b18469-00a140bf,b8b18469-55e564e3,2,1,1.0
1669,b8b2be1e,b8b2be1e-3a26a65d,b8b2be1e-e42d11d8,3,1,1.0
1670,b8b3e840,b8b3e840-06f018d3,b8b3e840-06f018d3,1,1,1.0
1671,b8b4115a,b8b4115a-19b5976e,b8b4115a-ea1a60b6,2,1,1.0
1672,b8b69c99,b8b69c99-e0c0b8bb,b8b69c99-e0c0b8bb,1,1,1.0
1673,b8b84774,b8b84774-309883b2,b8b84774-c0740817,3,1,1.0
1674,b8b9ffae,b8b9ffae-042b50eb,b8b9ffae-d3cb2bbd,2,1,1.0
1675,b8bb2022,b8bb2022-164d8e4f,b8bb2022-f22d2908,3,1,0.6666666666666666
1676,b8bf322e,b8bf322e-36122f48,b8bf322e-36122f48,1,1,1.0
1677,b8c0457f,b8c0457f-3c7b553c,b8c0457f-fa2eacb4,3,1,1.0
1678,b8c0d4a5,b8c0d4a5-0b8ec726,b8c0d4a5-e8d3393a,3,1,0.6666666666666666
1679,b8c1f257,b8c1f257-22c2b2cc,b8c1f257-b16e7b78,2,1,1.0
1680,b8c21306,b8c21306-2ef89045,b8c21306-2ef89045,1,1,1.0
1681,b8c21917,b8c21917-b001727c,b8c21917-b001727c,1,1,1.0
1682,b8c2c8e8,b8c2c8e8-bfe9cb41,b8c2c8e8-bfe9cb41,1,1,1.0
1683,b8c3f870,b8c3f870-c6c86746,b8c3f870-e1c1bd34,4,1,1.0
1684,b8c60cba,b8c60cba-d52cfc92,b8c60cba-d52cfc92,1,1,1.0
1685,b8c66e31,b8c66e31-37045eec,b8c66e31-37045eec,1,1,1.0
1686,b8c7c957,b8c7c957-84df8251,b8c7c957-b05e784c,2,1,1.0
1687,b8c95e55,b8c95e55-7cc3b9b1,b8c95e55-7cc3b9b1,1,0,0.0
1688,b8ca6c5d,b8ca6c5d-22de751a,b8ca6c5d-22de751a,1,1,1.0
1689,b8cca913,b8cca913-a59e1a1b,b8cca913-a59e1a1b,1,1,1.0
1690,b8cd6a1b,b8cd6a1b-84ae1442,b8cd6a1b-8abed2d8,2,1,1.0
1691,b8ce5e42,b8ce5e42-34aa3275,b8ce5e42-34aa3275,1,1,1.0
1692,b8cf7112,b8cf7112-d0f7365c,b8cf7112-d0f7365c,1,1,1.0
1693,b8cff548,b8cff548-cc30b88a,b8cff548-cc30b88a,1,1,1.0
1694,b8d24edf,b8d24edf-3349ee71,b8d24edf-70279ee0,3,1,1.0
1695,b8d26b85,b8d26b85-e5941e4b,b8d26b85-e5941e4b,1,0,0.0
1696,b8d6eb5f,b8d6eb5f-c1f21fe4,b8d6eb5f-c1f21fe4,1,1,1.0
1697,b8da2353,b8da2353-3f632c8a,b8da2353-61f13dfb,2,1,1.0
1698,b8dce66a,b8dce66a-004c2b9d,b8dce66a-004c2b9d,1,1,1.0
1699,b8e06f7a,b8e06f7a-f11a9604,b8e06f7a-f11a9604,1,1,1.0
1700,b8e2eae6,b8e2eae6-9b3f3a2f,b8e2eae6-9b3f3a2f,1,1,1.0
1701,b8e638c5,b8e638c5-c29e3eba,b8e638c5-c29e3eba,1,1,1.0
1702,b8e63e55,b8e63e55-1b48cdef,b8e63e55-369d821c,2,1,1.0
1703,b8e675b0,b8e675b0-2345da2d,b8e675b0-eeb01556,3,1,1.0
1704,b8ecdc10,b8ecdc10-763b27b8,b8ecdc10-e0148c98,2,1,1.0
1705,b8ee7220,b8ee7220-99de1efc,b8ee7220-ee251c9a,3,1,1.0
1706,b8ef1613,b8ef1613-c936238e,b8ef1613-cabb90be,2,1,1.0
1707,b8efe857,b8efe857-6eb8e35f,b8efe857-90dec33b,2,1,0.5
1708,b8f0315c,b8f0315c-0fb7602c,b8f0315c-6d83432c,3,1,1.0
1709,b8f0b141,b8f0b141-c00fd8b4,b8f0b141-c00fd8b4,1,1,1.0
1710,b8f2d63d,b8f2d63d-22dbb72d,b8f2d63d-9a3923f7,4,1,1.0
1711,b8f44a4f,b8f44a4f-c3682a11,b8f44a4f-c3682a11,1,1,1.0
1712,b8f5912b,b8f5912b-5dd97fdd,b8f5912b-5dd97fdd,1,1,1.0
1713,b8f5cc6a,b8f5cc6a-32756cda,b8f5cc6a-32756cda,1,1,1.0
1714,b8f63f02,b8f63f02-014464f6,b8f63f02-f78a7452,5,1,1.0
1715,b8f65e48,b8f65e48-10600b5e,b8f65e48-96ce1959,2,1,1.0
1716,b8f781de,b8f781de-a5f9cdfa,b8f781de-a5f9cdfa,1,1,1.0
1717,b8fa884b,b8fa884b-5cad0e15,b8fa884b-5cad0e15,1,1,1.0
1718,b8fb5451,b8fb5451-6c0e5ec6,b8fb5451-6c0e5ec6,1,1,1.0
1719,b8fcdf93,b8fcdf93-4aac8105,b8fcdf93-4aac8105,1,1,1.0
1720,b8fe1054,b8fe1054-42625c45,b8fe1054-42625c45,1,1,1.0
1721,b8fe9f2b,b8fe9f2b-012851c9,b8fe9f2b-d63131a3,3,1,1.0
1722,b9012b42,b9012b42-ba320de2,b9012b42-ba320de2,1,1,1.0
1723,b901a3e5,b901a3e5-7ca95a7c,b901a3e5-7ca95a7c,1,1,1.0
1724,b90327ce,b90327ce-1fd6eed8,b90327ce-8bdda545,3,1,1.0
1725,b9047aca,b9047aca-4064a447,b9047aca-41787983,2,1,1.0
1726,b9054a76,b9054a76-5266134b,b9054a76-5266134b,1,0,0.0
1727,b9079f4e,b9079f4e-13bafb7b,b9079f4e-13bafb7b,1,1,1.0
1728,b907b620,b907b620-74e79e9c,b907b620-74e79e9c,1,1,1.0
1729,b9087534,b9087534-f5d49005,b9087534-f5d49005,1,0,0.0
1730,b9094f83,b9094f83-df5b86f1,b9094f83-df5b86f1,1,1,1.0
1731,b9097b2d,b9097b2d-0eb8ce24,b9097b2d-0eb8ce24,1,1,1.0
1732,b909a526,b909a526-1971fba7,b909a526-1971fba7,1,1,1.0
1733,b909df8f,b909df8f-51c5470e,b909df8f-51c5470e,1,1,1.0
1734,b90a1ed5,b90a1ed5-653861b3,b90a1ed5-653861b3,1,1,1.0
1735,b90b45ad,b90b45ad-a54b1fbf,b90b45ad-a54b1fbf,1,0,0.0
1736,b90bcbaa,b90bcbaa-99b962db,b90bcbaa-d26f06dc,2,1,1.0
1737,b90ca71f,b90ca71f-3cf69251,b90ca71f-3cf69251,1,1,1.0
1738,b90cbc2c,b90cbc2c-4f9a1c58,b90cbc2c-4f9a1c58,1,1,1.0
1739,b90d0148,b90d0148-081f5e0b,b90d0148-bbecdb11,4,1,0.5
1740,b90ed33f,b90ed33f-2b527be4,b90ed33f-2b527be4,1,1,1.0
1741,b90f7487,b90f7487-17bb6cb9,b90f7487-7fb37cf4,2,1,1.0
1742,b9102500,b9102500-70bcb1c3,b9102500-70bcb1c3,1,1,1.0
1743,b9117002,b9117002-548fd684,b9117002-f2ff0c31,2,1,1.0
1744,b911a419,b911a419-7bb3a8a4,b911a419-7bb3a8a4,1,1,1.0
1745,b91383d9,b91383d9-1f2454a4,b91383d9-1f2454a4,1,1,1.0
1746,b9152ae2,b9152ae2-21189b28,b9152ae2-21189b28,1,1,1.0
1747,b915526f,b915526f-f22f5cc4,b915526f-f22f5cc4,1,0,0.0
1748,b919f6f7,b919f6f7-9c71d913,b919f6f7-9c71d913,1,1,1.0
1749,b91af789,b91af789-f9098734,b91af789-f9098734,1,1,1.0
1750,b91c609b,b91c609b-171a17e0,b91c609b-171a17e0,1,1,1.0
1751,b91cdc5d,b91cdc5d-bce994ce,b91cdc5d-bce994ce,1,1,1.0
1752,b91dd730,b91dd730-8e0a1a8f,b91dd730-8e0a1a8f,1,1,1.0
1753,b91ddba0,b91ddba0-93eda7e1,b91ddba0-946e0059,2,1,1.0
1754,b91df396,b91df396-3a32db81,b91df396-3a32db81,1,1,1.0
1755,b91eae9e,b91eae9e-c8fb98e5,b91eae9e-c8fb98e5,1,1,1.0
1756,b9206eb1,b9206eb1-08915f67,b9206eb1-08915f67,1,1,1.0
1757,b92246fc,b92246fc-03731d6b,b92246fc-03731d6b,1,1,1.0
1758,b924005d,b924005d-3e1ae14d,b924005d-3e1ae14d,1,1,1.0
1759,b9254d2f,b9254d2f-df7dd6b1,b9254d2f-df7dd6b1,1,1,1.0
1760,b928271b,b928271b-35145ad6,b928271b-fe5cc5d1,2,1,1.0
1761,b928cd75,b928cd75-1fb70c18,b928cd75-1fb70c18,1,1,1.0
1762,b92a7fe6,b92a7fe6-0042ff16,b92a7fe6-714c37c2,3,1,1.0
1763,b92c0cf0,b92c0cf0-2f0621ad,b92c0cf0-2f0621ad,1,1,1.0
1764,b92c4dd3,b92c4dd3-3a659a03,b92c4dd3-91991711,4,1,1.0
1765,b92c7b7c,b92c7b7c-af420847,b92c7b7c-af420847,1,1,1.0
1766,b92caf7e,b92caf7e-4fc447e8,b92caf7e-4fc447e8,1,1,1.0
1767,b92d48c3,b92d48c3-f7812f84,b92d48c3-f7812f84,1,1,1.0
1768,b92e15f8,b92e15f8-bf91ff53,b92e15f8-bf91ff53,1,0,0.0
1769,b92e5a9f,b92e5a9f-28900b6b,b92e5a9f-28900b6b,1,1,1.0
1770,b93085e8,b93085e8-4dcee882,b93085e8-4dcee882,1,1,1.0
1771,b931fe93,b931fe93-10ef5680,b931fe93-f0b441ba,6,1,0.8333333333333334
1772,b9332578,b9332578-307665bc,b9332578-307665bc,1,1,1.0
1773,b934dfc0,b934dfc0-55ee2773,b934dfc0-55ee2773,1,1,1.0
1774,b93616ca,b93616ca-eaeb3f71,b93616ca-eaeb3f71,1,1,1.0
1775,b936e35e,b936e35e-55e17398,b936e35e-f493bf16,3,1,1.0
1776,b938ff6a,b938ff6a-6eeaa410,b938ff6a-6eeaa410,1,1,1.0
1777,b93942f9,b93942f9-441a4817,b93942f9-ff411dce,4,1,1.0
1778,b93a8e92,b93a8e92-044ff223,b93a8e92-e5a0589d,2,1,1.0
1779,b93bd867,b93bd867-726d338b,b93bd867-726d338b,1,1,1.0
1780,b93c2c35,b93c2c35-3533f822,b93c2c35-9a03812d,2,1,1.0
1781,b93d4555,b93d4555-02be04c1,b93d4555-02be04c1,1,1,1.0
1782,b93db0b2,b93db0b2-fd5012d5,b93db0b2-fd5012d5,1,1,1.0
1783,b93e0d1b,b93e0d1b-5e1e35f8,b93e0d1b-5e1e35f8,1,1,1.0
1784,b93e190c,b93e190c-5253eaff,b93e190c-b3e4728f,2,1,0.5
1785,b93e2268,b93e2268-2106a029,b93e2268-4b277928,4,1,1.0
1786,b93ecb20,b93ecb20-598666a0,b93ecb20-598666a0,1,1,1.0
1787,b93f2cee,b93f2cee-48325ee0,b93f2cee-c44ef489,2,1,1.0
1788,b94071ab,b94071ab-d4385c1a,b94071ab-d4385c1a,1,1,1.0
1789,b940ba87,b940ba87-26950497,b940ba87-435d34a8,2,1,1.0
1790,b940c3b2,b940c3b2-149d028e,b940c3b2-149d028e,1,1,1.0
1791,b9429f07,b9429f07-33ae3ff1,b9429f07-e59c4a8c,3,1,1.0
1792,b94313c9,b94313c9-962b4c59,b94313c9-962b4c59,1,1,1.0
1793,b944121b,b944121b-910a65e5,b944121b-910a65e5,1,1,1.0
1794,b9443e30,b9443e30-c9275e4a,b9443e30-c9275e4a,1,1,1.0
1795,b946a4cf,b946a4cf-ef1b308e,b946a4cf-ef1b308e,1,1,1.0
1796,b9470f2d,b9470f2d-aa9b22f2,b9470f2d-aa9b22f2,1,1,1.0
1797,b9471202,b9471202-68f658bd,b9471202-68f658bd,1,1,1.0
1798,b94781aa,b94781aa-a48a3555,b94781aa-a48a3555,1,1,1.0
1799,b947b09d,b947b09d-0221b791,b947b09d-ed9cc136,2,1,1.0
1800,b94a9ed0,b94a9ed0-08112e6a,b94a9ed0-08112e6a,1,1,1.0
1801,b94afe66,b94afe66-3fe18fd1,b94afe66-3fe18fd1,1,1,1.0
1802,b94b1f35,b94b1f35-b8e48adf,b94b1f35-b8e48adf,1,1,1.0
1803,b94cd5b4,b94cd5b4-26c295e5,b94cd5b4-26c295e5,1,1,1.0
1804,b94d2c84,b94d2c84-bfed761a,b94d2c84-bfed761a,1,1,1.0
1805,b94daedc,b94daedc-7045933e,b94daedc-7045933e,1,1,1.0
1806,b94eb13b,b94eb13b-6189d792,b94eb13b-6189d792,1,1,1.0
1807,b94ef562,b94ef562-0e37552c,b94ef562-0e37552c,1,1,1.0
1808,b94f6bc8,b94f6bc8-32f10d36,b94f6bc8-32f10d36,1,1,1.0
1809,b9524a81,b9524a81-89273957,b9524a81-89273957,1,1,1.0
1810,b953a340,b953a340-049ea536,b953a340-d936cbba,4,1,1.0
1811,b953ef60,b953ef60-6c2cb9a1,b953ef60-6c2cb9a1,1,1,1.0
1812,b953efc6,b953efc6-455bdde1,b953efc6-f40d4290,2,1,1.0
1813,b955232a,b955232a-62397ff4,b955232a-62397ff4,1,1,1.0
1814,b95709b5,b95709b5-53705d83,b95709b5-53705d83,1,1,1.0
1815,b9586e5c,b9586e5c-33b83562,b9586e5c-33b83562,1,1,1.0
1816,b9597719,b9597719-09a2458c,b9597719-cd9a176f,4,1,1.0
1817,b959dc9b,b959dc9b-1c7fc954,b959dc9b-1c7fc954,1,1,1.0
1818,b95bc6e9,b95bc6e9-34c711c1,b95bc6e9-34c711c1,1,0,0.0
1819,b95c97a9,b95c97a9-48663434,b95c97a9-48663434,1,1,1.0
1820,b95dcb10,b95dcb10-45d68fcc,b95dcb10-5838c763,3,1,1.0
1821,b95feaae,b95feaae-690faa76,b95feaae-690faa76,1,1,1.0
1822,b965ce1b,b965ce1b-ad83b0ff,b965ce1b-ad83b0ff,1,1,1.0
1823,b967b2a7,b967b2a7-2003bfd2,b967b2a7-2003bfd2,1,1,1.0
1824,b96c88de,b96c88de-058de530,b96c88de-bf71b865,3,1,1.0
1825,b96d19af,b96d19af-4b6a5a63,b96d19af-4b6a5a63,1,1,1.0
1826,b97124d9,b97124d9-bea19450,b97124d9-bea19450,1,1,1.0
1827,b9742173,b9742173-21a140e8,b9742173-3b584111,2,1,1.0
1828,b975a665,b975a665-43da0ef1,b975a665-aed15a8d,4,1,0.75
1829,b976b144,b976b144-844de03e,b976b144-844de03e,1,0,0.0
1830,b9772de9,b9772de9-8fef5466,b9772de9-8fef5466,1,0,0.0
1831,b9782b2a,b9782b2a-681c4b4d,b9782b2a-681c4b4d,1,1,1.0
1832,b979217b,b979217b-015bcb98,b979217b-53523d64,4,1,0.75
1833,b979b89c,b979b89c-388674d4,b979b89c-d7e084b9,3,1,1.0
1834,b97aa948,b97aa948-8ab1108f,b97aa948-d53ee60d,2,1,1.0
1835,b97b9ee8,b97b9ee8-0dfbbe35,b97b9ee8-ea15f29a,4,1,1.0
1836,b97c553a,b97c553a-004a5913,b97c553a-004a5913,1,1,1.0
1837,b97e697f,b97e697f-1c37913f,b97e697f-1c37913f,1,1,1.0
1838,b97f47c3,b97f47c3-906ebdd5,b97f47c3-906ebdd5,1,1,1.0
1839,b97f9acb,b97f9acb-5c677268,b97f9acb-5c677268,1,1,1.0
1840,b9800035,b9800035-7c61cb6d,b9800035-7c61cb6d,1,1,1.0
1841,b980ce70,b980ce70-c9f24d8f,b980ce70-c9f24d8f,1,1,1.0
1842,b981b2ec,b981b2ec-9368ed56,b981b2ec-9368ed56,1,1,1.0
1843,b981c36d,b981c36d-a66bb611,b981c36d-a66bb611,1,1,1.0
1844,b981e7e3,b981e7e3-4ccaf6b5,b981e7e3-f39b9a1b,4,1,1.0
1845,b982723f,b982723f-84848a7f,b982723f-84848a7f,1,1,1.0
1846,b98578b9,b98578b9-f52d7f86,b98578b9-f52d7f86,1,0,0.0
1847,b98682bb,b98682bb-a0142ac9,b98682bb-a0142ac9,1,1,1.0
1848,b988086f,b988086f-1811f9d3,b988086f-caed8036,2,1,1.0
1849,b989ad0d,b989ad0d-a1513cc2,b989ad0d-b8f7d12a,2,1,1.0
1850,b98bd627,b98bd627-8593fa24,b98bd627-ef76afa3,2,1,1.0
1851,b98c2fe7,b98c2fe7-a1ba769e,b98c2fe7-a1ba769e,1,1,1.0
1852,b98e3a45,b98e3a45-2af2c615,b98e3a45-c94a8f44,3,1,0.6666666666666666
1853,b98eabcc,b98eabcc-573dccd2,b98eabcc-573dccd2,1,1,1.0
1854,b98f4bb1,b98f4bb1-100931bb,b98f4bb1-100931bb,1,1,1.0
1855,b99169cf,b99169cf-98e77225,b99169cf-98e77225,1,1,1.0
1856,b9947c32,b9947c32-6074d84c,b9947c32-6074d84c,1,1,1.0
1857,b995794d,b995794d-66208231,b995794d-66208231,1,1,1.0
1858,b995df4d,b995df4d-4bf935df,b995df4d-c889890c,2,1,1.0
1859,b9966b34,b9966b34-d7579b48,b9966b34-db0fb6ba,2,1,0.5
1860,b996d83b,b996d83b-2f6ef415,b996d83b-2f6ef415,1,1,1.0
1861,b997ec7a,b997ec7a-20d90044,b997ec7a-af29d0ca,2,1,0.5
1862,b9990002,b9990002-f103f7d9,b9990002-f103f7d9,1,1,1.0
1863,b999b5f5,b999b5f5-38c7b100,b999b5f5-38c7b100,1,1,1.0
1864,b99aea27,b99aea27-68a2c988,b99aea27-68a2c988,1,1,1.0
1865,b99b108b,b99b108b-4422b287,b99b108b-4422b287,1,1,1.0
1866,b99b66a0,b99b66a0-308f25ed,b99b66a0-308f25ed,1,1,1.0
1867,b99c17a7,b99c17a7-bc6ee752,b99c17a7-bc6ee752,1,1,1.0
1868,b99c5931,b99c5931-2ded1a3c,b99c5931-834bb88c,4,1,1.0
1869,b99eeedd,b99eeedd-f211870f,b99eeedd-f211870f,1,1,1.0
1870,b99f250d,b99f250d-375965e8,b99f250d-c69113f1,5,1,1.0
1871,b99f7c8d,b99f7c8d-b97ed7dc,b99f7c8d-b97ed7dc,1,1,1.0
1872,b99fd3ff,b99fd3ff-95f75133,b99fd3ff-95f75133,1,1,1.0
1873,b9a0d48b,b9a0d48b-05b491ac,b9a0d48b-c9dfdd87,3,1,0.6666666666666666
1874,b9a2146e,b9a2146e-1fcf3af6,b9a2146e-2f27d574,2,1,1.0
1875,b9a6cd2a,b9a6cd2a-0cea14f6,b9a6cd2a-0cea14f6,1,1,1.0
1876,b9a8d20a,b9a8d20a-4c0028f7,b9a8d20a-4c0028f7,1,1,1.0
1877,b9aabdcf,b9aabdcf-d1433a19,b9aabdcf-d1433a19,1,1,1.0
1878,b9aca3ce,b9aca3ce-181f2909,b9aca3ce-181f2909,1,1,1.0
1879,b9af5d7a,b9af5d7a-58dc5c98,b9af5d7a-58dc5c98,1,0,0.0
1880,b9b12c49,b9b12c49-3f874f30,b9b12c49-3f874f30,1,1,1.0
1881,b9b16444,b9b16444-2929cf9e,b9b16444-feb0b3a5,2,1,1.0
1882,b9b53753,b9b53753-91a5d5f8,b9b53753-91a5d5f8,1,1,1.0
1883,b9baae14,b9baae14-474c5be2,b9baae14-474c5be2,1,1,1.0
1884,b9bafa5a,b9bafa5a-051addc0,b9bafa5a-f6a3f4da,10,1,0.8
1885,b9bd0109,b9bd0109-531e640f,b9bd0109-531e640f,1,1,1.0
1886,b9bdeae4,b9bdeae4-ee607bbc,b9bdeae4-ee607bbc,1,1,1.0
1887,b9c067bf,b9c067bf-9bc4ccd1,b9c067bf-9bc4ccd1,1,1,1.0
1888,b9c11ffc,b9c11ffc-52766c9e,b9c11ffc-8c6c2eb0,2,1,1.0
1889,b9c2521e,b9c2521e-2db68bde,b9c2521e-2db68bde,1,1,1.0
1890,b9c30b68,b9c30b68-2d208deb,b9c30b68-2d208deb,1,1,1.0
1891,b9c34a53,b9c34a53-f1f42d75,b9c34a53-f1f42d75,1,1,1.0
1892,b9c52ee6,b9c52ee6-7709a9c2,b9c52ee6-7709a9c2,1,1,1.0
1893,b9c5e7c2,b9c5e7c2-5d214ecd,b9c5e7c2-5d214ecd,1,1,1.0
1894,b9c66ce6,b9c66ce6-57fa7e69,b9c66ce6-57fa7e69,1,1,1.0
1895,b9c71d97,b9c71d97-416ef91d,b9c71d97-416ef91d,1,1,1.0
1896,b9c71ec0,b9c71ec0-1a77e45e,b9c71ec0-1a77e45e,1,1,1.0
1897,b9c7f347,b9c7f347-97b374b1,b9c7f347-fbc28cb2,2,1,1.0
1898,b9c9d815,b9c9d815-3f9d9a8a,b9c9d815-3f9d9a8a,1,1,1.0
1899,b9ca8abd,b9ca8abd-dc5cd337,b9ca8abd-dc5cd337,1,1,1.0
1900,b9ca94a2,b9ca94a2-7f349303,b9ca94a2-f35ce63b,3,1,1.0
1901,b9cabddd,b9cabddd-e49dded9,b9cabddd-e49dded9,1,1,1.0
1902,b9cb54f8,b9cb54f8-a8ad3ed2,b9cb54f8-a8ad3ed2,1,1,1.0
1903,b9cd5de4,b9cd5de4-5614ed70,b9cd5de4-5614ed70,1,1,1.0
1904,b9d11a21,b9d11a21-9cc4a8bb,b9d11a21-9cff3219,2,1,1.0
1905,b9d12c48,b9d12c48-050117dc,b9d12c48-d855b440,3,1,1.0
1906,b9d24e81,b9d24e81-a9679e2a,b9d24e81-a9679e2a,1,1,1.0
1907,b9d34460,b9d34460-2c3b1ab3,b9d34460-eb5b8d34,10,1,1.0
1908,b9d42546,b9d42546-22bbbe03,b9d42546-2901d42d,2,1,0.5
1909,b9d47fe7,b9d47fe7-858753e0,b9d47fe7-858753e0,1,1,1.0
1910,b9d9e358,b9d9e358-7dadc57c,b9d9e358-7dadc57c,1,1,1.0
1911,b9d9ed4e,b9d9ed4e-66448e19,b9d9ed4e-66448e19,1,1,1.0
1912,b9db357e,b9db357e-512d7f3f,b9db357e-cd30a8ae,2,1,1.0
1913,b9dcf6ba,b9dcf6ba-53401992,b9dcf6ba-53401992,1,1,1.0
1914,b9de552a,b9de552a-0e2a01b8,b9de552a-0e2a01b8,1,1,1.0
1915,b9df54a4,b9df54a4-314e9e5e,b9df54a4-91295fbc,5,1,0.8
1916,b9dfba7c,b9dfba7c-1c8f50a1,b9dfba7c-ffdd8fd3,2,1,1.0
1917,b9e12f59,b9e12f59-40d0d945,b9e12f59-40d0d945,1,1,1.0
1918,b9e197fb,b9e197fb-1e3721e0,b9e197fb-1e3721e0,1,1,1.0
1919,b9e1e369,b9e1e369-72bfc6bb,b9e1e369-c7cc0c47,2,1,1.0
1920,b9e2c847,b9e2c847-48127b39,b9e2c847-48127b39,1,1,1.0
1921,b9e4cb3d,b9e4cb3d-975f9d1d,b9e4cb3d-eaf3d4ad,3,1,1.0
1922,b9e6660b,b9e6660b-bc8236e7,b9e6660b-bc8236e7,1,1,1.0
1923,b9e7e326,b9e7e326-693b4ae7,b9e7e326-693b4ae7,1,1,1.0
1924,b9e91422,b9e91422-2d610458,b9e91422-944c7a2f,2,1,1.0
1925,b9eae343,b9eae343-b296ccb7,b9eae343-d73328b2,2,1,1.0
1926,b9eb4605,b9eb4605-1024d23c,b9eb4605-a9631712,2,1,1.0
1927,b9ecc316,b9ecc316-2fdb6c92,b9ecc316-529acd3c,2,1,1.0
1928,b9ed6e80,b9ed6e80-1782fc7b,b9ed6e80-1782fc7b,1,1,1.0
1929,b9ed70c8,b9ed70c8-edc3834b,b9ed70c8-edc3834b,1,1,1.0
1930,b9ed9a4e,b9ed9a4e-4f2897e5,b9ed9a4e-4f2897e5,1,1,1.0
1931,b9ef03d3,b9ef03d3-92a377cc,b9ef03d3-92a377cc,1,1,1.0
1932,b9ef58f6,b9ef58f6-dbfd3b12,b9ef58f6-dbfd3b12,1,1,1.0
1933,b9efb2a4,b9efb2a4-bad8be38,b9efb2a4-bad8be38,1,1,1.0
1934,b9f22148,b9f22148-5d881ca7,b9f22148-fee94d83,4,1,1.0
1935,b9f30ada,b9f30ada-2c42a2f8,b9f30ada-2c42a2f8,1,1,1.0
1936,b9f83545,b9f83545-6c082fdd,b9f83545-eb28b690,2,1,1.0
1937,b9fa66d8,b9fa66d8-a5fce3c5,b9fa66d8-a5fce3c5,1,0,0.0
1938,b9fb5382,b9fb5382-36e88642,b9fb5382-de164886,7,1,0.7142857142857143
1939,b9fb8b07,b9fb8b07-28df834c,b9fb8b07-28df834c,1,1,1.0
1940,b9fc97df,b9fc97df-397f8a5d,b9fc97df-9b839325,2,1,1.0
1941,b9fde896,b9fde896-2829683e,b9fde896-2829683e,1,1,1.0
1942,b9fdf8bf,b9fdf8bf-42564342,b9fdf8bf-a7d770dc,3,1,1.0
1943,ba01e424,ba01e424-d3effc2d,ba01e424-e21752bb,2,1,1.0
1944,ba01e7b7,ba01e7b7-4c136c35,ba01e7b7-4c136c35,1,1,1.0
1945,ba075b35,ba075b35-6fb4c8fc,ba075b35-6fb4c8fc,1,1,1.0
1946,ba08174b,ba08174b-15c134f7,ba08174b-15c134f7,1,1,1.0
1947,ba087e53,ba087e53-ef362be0,ba087e53-ef362be0,1,0,0.0
1948,ba09810a,ba09810a-a1c9c327,ba09810a-ac2ef27d,2,1,1.0
1949,ba0a3619,ba0a3619-31d30af9,ba0a3619-e721c302,2,1,1.0
1950,ba0a827b,ba0a827b-06f3b51a,ba0a827b-dfcec16f,2,1,1.0
1951,ba0a9afb,ba0a9afb-ba786259,ba0a9afb-ba786259,1,1,1.0
1952,ba0b31f2,ba0b31f2-067b826c,ba0b31f2-c45b879b,2,1,1.0
1953,ba0d2a3f,ba0d2a3f-0c429b61,ba0d2a3f-0c429b61,1,1,1.0
1954,ba0f292a,ba0f292a-bb8b14af,ba0f292a-bb8b14af,1,1,1.0
1955,ba112f29,ba112f29-22498dfa,ba112f29-be7a8dfc,5,1,1.0
1956,ba122c97,ba122c97-403fd75d,ba122c97-69a4038b,2,1,1.0
1957,ba147ca3,ba147ca3-583de3f4,ba147ca3-583de3f4,1,1,1.0
1958,ba14f1ef,ba14f1ef-178edc04,ba14f1ef-178edc04,1,1,1.0
1959,ba15261b,ba15261b-0cded4cf,ba15261b-46e2755d,2,1,1.0
1960,ba15abfa,ba15abfa-53c4fa38,ba15abfa-53c4fa38,1,1,1.0
1961,ba1612fa,ba1612fa-392883a2,ba1612fa-c9ac53d1,3,1,1.0
1962,ba163cd8,ba163cd8-1403cad9,ba163cd8-1403cad9,1,1,1.0
1963,ba181cb9,ba181cb9-341963b1,ba181cb9-341963b1,1,1,1.0
1964,ba19e1c4,ba19e1c4-a9bca6af,ba19e1c4-c243da22,2,1,1.0
1965,ba1ab927,ba1ab927-a44a701b,ba1ab927-a44a701b,1,1,1.0
1966,ba1c5b5f,ba1c5b5f-bc36c5fa,ba1c5b5f-bc36c5fa,1,1,1.0
1967,ba1f5489,ba1f5489-3f8e2762,ba1f5489-3f8e2762,1,1,1.0
1968,ba1f97fc,ba1f97fc-214aaccb,ba1f97fc-5b4826df,2,1,1.0
1969,ba21db9d,ba21db9d-1fa50667,ba21db9d-1fa50667,1,1,1.0
1970,ba22eaaf,ba22eaaf-b6fad89d,ba22eaaf-b6fad89d,1,1,1.0
1971,ba2610cc,ba2610cc-76fb5c2d,ba2610cc-76fb5c2d,1,1,1.0
1972,ba2905e2,ba2905e2-145d9cfc,ba2905e2-145d9cfc,1,1,1.0
1973,ba2db972,ba2db972-f29458c8,ba2db972-f29458c8,1,1,1.0
1974,ba2e8260,ba2e8260-126fca3e,ba2e8260-5b48768d,3,1,1.0
1975,ba2e8c76,ba2e8c76-9064d1ee,ba2e8c76-d7ca505e,4,1,1.0
1976,ba2ef5fa,ba2ef5fa-0924e7c4,ba2ef5fa-0924e7c4,1,1,1.0
1977,ba31ed47,ba31ed47-117c074b,ba31ed47-117c074b,1,1,1.0
1978,ba320af6,ba320af6-9ebfd69c,ba320af6-9ebfd69c,1,1,1.0
1979,ba336fcb,ba336fcb-24158015,ba336fcb-f0afaac6,2,1,1.0
1980,ba35cdf3,ba35cdf3-e104174c,ba35cdf3-e104174c,1,1,1.0
1981,ba362b8d,ba362b8d-2855bf4e,ba362b8d-991d1837,2,1,1.0
1982,ba36b0a9,ba36b0a9-6c380330,ba36b0a9-6c380330,1,1,1.0
1983,ba37b3d4,ba37b3d4-a8126899,ba37b3d4-a8126899,1,1,1.0
1984,ba3878a5,ba3878a5-a6be090b,ba3878a5-a6be090b,1,1,1.0
1985,ba3d031c,ba3d031c-e85b19e4,ba3d031c-e85b19e4,1,1,1.0
1986,ba3dc656,ba3dc656-c88512cc,ba3dc656-c88512cc,1,0,0.0
1987,ba3dfc2c,ba3dfc2c-1b22491c,ba3dfc2c-1b22491c,1,1,1.0
1988,ba3f4265,ba3f4265-46c99d41,ba3f4265-d8adfa71,3,1,1.0
1989,ba3ffa1d,ba3ffa1d-05ce6de4,ba3ffa1d-05ce6de4,1,1,1.0
1990,ba402b44,ba402b44-b17beb78,ba402b44-b17beb78,1,1,1.0
1991,ba41a907,ba41a907-1793986f,ba41a907-c8e44897,2,1,1.0
1992,ba4432a9,ba4432a9-35b2f81e,ba4432a9-d3c31edf,5,1,1.0
1993,ba4576b4,ba4576b4-2b165aea,ba4576b4-2b165aea,1,1,1.0
1994,ba465f46,ba465f46-6ec77334,ba465f46-6ec77334,1,1,1.0
1995,ba467364,ba467364-d5d97e59,ba467364-d5d97e59,1,1,1.0
1996,ba47021e,ba47021e-ec2f1a4a,ba47021e-ec2f1a4a,1,1,1.0
1997,ba475d4d,ba475d4d-ed2daa1d,ba475d4d-ed2daa1d,1,1,1.0
1998,ba477574,ba477574-906b0b32,ba477574-b5e29f22,2,1,1.0
1999,ba479cb3,ba479cb3-1909b5d7,ba479cb3-f5cd5cdf,6,1,1.0
2000,ba47af6d,ba47af6d-548205ea,ba47af6d-548205ea,1,1,1.0
2001,ba49e65a,ba49e65a-773f5f54,ba49e65a-773f5f54,1,1,1.0
2002,ba4a95e2,ba4a95e2-388b7299,ba4a95e2-388b7299,1,1,1.0
2003,ba4adf3d,ba4adf3d-27e3cae5,ba4adf3d-27e3cae5,1,1,1.0
2004,ba4bcdc5,ba4bcdc5-06e22f87,ba4bcdc5-fe7847d3,4,1,1.0
2005,ba4bd5ae,ba4bd5ae-583b01d5,ba4bd5ae-583b01d5,1,1,1.0
2006,ba4d05f6,ba4d05f6-24c9c3cf,ba4d05f6-e11a4967,3,1,1.0
2007,ba4e5982,ba4e5982-c64a8dfa,ba4e5982-c64a8dfa,1,1,1.0
2008,ba4fbdd7,ba4fbdd7-43dccdf9,ba4fbdd7-43dccdf9,1,1,1.0
2009,ba508231,ba508231-1b6ab5b0,ba508231-2158c29b,2,1,1.0
2010,ba510a80,ba510a80-edefe47f,ba510a80-f9582aea,2,1,1.0
2011,ba52422d,ba52422d-dbf0a992,ba52422d-dbf0a992,1,1,1.0
2012,ba528af9,ba528af9-121c1347,ba528af9-121c1347,1,1,1.0
2013,ba54b31c,ba54b31c-819571fe,ba54b31c-dbca96b4,2,1,1.0
2014,ba54b6fd,ba54b6fd-896b735c,ba54b6fd-8cf056a0,2,1,1.0
2015,ba5516aa,ba5516aa-14ba6efa,ba5516aa-14ba6efa,1,1,1.0
2016,ba59cdbb,ba59cdbb-15506193,ba59cdbb-be899b38,2,1,1.0
2017,ba5ab643,ba5ab643-35e0fae3,ba5ab643-993c5f56,2,1,1.0
2018,ba5c4fbb,ba5c4fbb-6815f84b,ba5c4fbb-6815f84b,1,1,1.0
2019,ba5c759c,ba5c759c-1913a624,ba5c759c-623fcd9d,4,1,1.0
2020,ba5d93c3,ba5d93c3-c082cdd4,ba5d93c3-c082cdd4,1,1,1.0
2021,ba5df354,ba5df354-9ff8402c,ba5df354-db132aac,3,1,1.0
2022,ba60e97a,ba60e97a-3b02b136,ba60e97a-3b02b136,1,1,1.0
2023,ba619544,ba619544-5fd6de8f,ba619544-5fd6de8f,1,1,1.0
2024,ba635a0a,ba635a0a-fd69cb62,ba635a0a-fd69cb62,1,1,1.0
2025,ba64e51b,ba64e51b-f88ab62e,ba64e51b-f88ab62e,1,1,1.0
2026,ba65317f,ba65317f-d4aba330,ba65317f-d4aba330,1,1,1.0
2027,ba65c274,ba65c274-162fb09c,ba65c274-e0f6a546,2,1,1.0
2028,ba665bd8,ba665bd8-d582ba49,ba665bd8-d582ba49,1,1,1.0
2029,ba6aa28c,ba6aa28c-fd3beb1c,ba6aa28c-fd3beb1c,1,1,1.0
2030,ba6bfd07,ba6bfd07-6a9ddced,ba6bfd07-6a9ddced,1,1,1.0
2031,ba6c1b09,ba6c1b09-24293108,ba6c1b09-24293108,1,1,1.0
2032,ba6f0064,ba6f0064-18848d0f,ba6f0064-18848d0f,1,1,1.0
2033,ba70dfe3,ba70dfe3-111e78f4,ba70dfe3-b948e66d,7,1,0.8571428571428571
2034,ba7279cd,ba7279cd-c80768c3,ba7279cd-c80768c3,1,1,1.0
2035,ba731feb,ba731feb-01fd61a2,ba731feb-01fd61a2,1,1,1.0
2036,ba73ab52,ba73ab52-4980c05c,ba73ab52-4980c05c,1,1,1.0
2037,ba786070,ba786070-0826a5d7,ba786070-0826a5d7,1,1,1.0
2038,ba79a103,ba79a103-c606265f,ba79a103-c606265f,1,1,1.0
2039,ba79d911,ba79d911-8254c418,ba79d911-8254c418,1,1,1.0
2040,ba7ad79b,ba7ad79b-d9c40465,ba7ad79b-d9c40465,1,1,1.0
2041,ba7b9df0,ba7b9df0-a0b062ab,ba7b9df0-a0b062ab,1,1,1.0
2042,ba7dcfa6,ba7dcfa6-66589c64,ba7dcfa6-82aaecf5,2,1,1.0
2043,ba7ef348,ba7ef348-fb387cab,ba7ef348-fcf901f3,2,1,1.0
2044,ba7efc39,ba7efc39-b198d2da,ba7efc39-e3e9eecf,3,1,1.0
2045,ba7fb420,ba7fb420-b647764f,ba7fb420-b647764f,1,1,1.0
2046,ba81149b,ba81149b-bb88d2ac,ba81149b-bb88d2ac,1,1,1.0
2047,ba8138ba,ba8138ba-3a90a8bf,ba8138ba-3a90a8bf,1,1,1.0
2048,ba85bff0,ba85bff0-70955e40,ba85bff0-70955e40,1,1,1.0
2049,ba85dccd,ba85dccd-ad3b457d,ba85dccd-ad3b457d,1,1,1.0
2050,ba87390f,ba87390f-22dabe83,ba87390f-eebfd9d1,4,1,1.0
2051,ba893ca0,ba893ca0-7ad6a523,ba893ca0-7ad6a523,1,1,1.0
2052,ba8a21ad,ba8a21ad-c1970314,ba8a21ad-c1970314,1,1,1.0
2053,ba8a41c9,ba8a41c9-fabd0516,ba8a41c9-fabd0516,1,1,1.0
2054,ba8b1e05,ba8b1e05-027a7e4a,ba8b1e05-8ec0219a,2,1,1.0
2055,ba8c90a0,ba8c90a0-b82731e9,ba8c90a0-b82731e9,1,1,1.0
2056,ba8d52a0,ba8d52a0-b4af712f,ba8d52a0-b4af712f,1,1,1.0
2057,ba8df251,ba8df251-f17bd4a5,ba8df251-f17bd4a5,1,1,1.0
2058,ba8df917,ba8df917-d4cd5e36,ba8df917-d4cd5e36,1,1,1.0
2059,ba8f00d0,ba8f00d0-c16ca207,ba8f00d0-c16ca207,1,1,1.0
2060,ba908c74,ba908c74-4e0a63ae,ba908c74-f486f96e,2,1,1.0
2061,ba91b65d,ba91b65d-886141fd,ba91b65d-886141fd,1,1,1.0
2062,ba97a966,ba97a966-4d0c78a3,ba97a966-4d0c78a3,1,1,1.0
2063,ba982bf6,ba982bf6-10d32995,ba982bf6-10d32995,1,1,1.0
2064,ba99033d,ba99033d-2acd5337,ba99033d-82ea8fb8,2,1,1.0
2065,ba99464b,ba99464b-64917c10,ba99464b-ca1ef680,2,1,1.0
2066,ba9a0c7f,ba9a0c7f-77967cea,ba9a0c7f-77967cea,1,1,1.0
2067,ba9ac2e8,ba9ac2e8-67f85af0,ba9ac2e8-f236d74f,3,1,1.0
2068,ba9aff77,ba9aff77-5e161292,ba9aff77-5e161292,1,1,1.0
2069,ba9baf3d,ba9baf3d-415342a2,ba9baf3d-415342a2,1,1,1.0
2070,ba9e2861,ba9e2861-004544a0,ba9e2861-004544a0,1,1,1.0
2071,ba9f23d8,ba9f23d8-741fa7f7,ba9f23d8-a50cd80e,2,1,0.5
2072,ba9f6c98,ba9f6c98-2a75a096,ba9f6c98-c7216bf4,2,1,0.5
2073,baa03c1f,baa03c1f-82d03594,baa03c1f-82d03594,1,1,1.0
2074,baa09f40,baa09f40-a72f5fa3,baa09f40-a72f5fa3,1,1,1.0
2075,baa0bfdb,baa0bfdb-0267b9d2,baa0bfdb-0267b9d2,1,1,1.0
2076,baa0cbfb,baa0cbfb-46b96329,baa0cbfb-46b96329,1,1,1.0
2077,baa255c5,baa255c5-5c99a79a,baa255c5-5c99a79a,1,1,1.0
2078,baa50786,baa50786-856eefa3,baa50786-e1613030,2,1,1.0
2079,baa57aaf,baa57aaf-81957283,baa57aaf-b80b0054,2,1,1.0
2080,baa59d18,baa59d18-90fc3158,baa59d18-90fc3158,1,1,1.0
2081,baa618bf,baa618bf-40e56190,baa618bf-40e56190,1,1,1.0
2082,baa79505,baa79505-36d4add5,baa79505-43ff4345,2,1,1.0
2083,baa88157,baa88157-4026332f,baa88157-4026332f,1,1,1.0
2084,baa9acbe,baa9acbe-f3af19f6,baa9acbe-f3af19f6,1,1,1.0
2085,baab5a30,baab5a30-8d713374,baab5a30-8d713374,1,1,1.0
2086,baacc55a,baacc55a-84627b23,baacc55a-84627b23,1,1,1.0
2087,baaeb0ec,baaeb0ec-6ef45755,baaeb0ec-6ef45755,1,1,1.0
2088,baaf4c9c,baaf4c9c-c88fe684,baaf4c9c-c88fe684,1,1,1.0
2089,bab0332c,bab0332c-a7074812,bab0332c-b043a76c,2,1,0.5
2090,bab09f26,bab09f26-0e237051,bab09f26-8751de4f,2,1,1.0
2091,bab22965,bab22965-312b92a3,bab22965-3e7b33e9,2,1,0.5
2092,bab26b8d,bab26b8d-deaa5510,bab26b8d-deaa5510,1,1,1.0
2093,bab45acf,bab45acf-4b4387fb,bab45acf-4b4387fb,1,1,1.0
2094,bab48a4e,bab48a4e-2f184c90,bab48a4e-6722401f,3,0,0.3333333333333333
2095,bab52aba,bab52aba-0b87a64b,bab52aba-766e7f39,3,1,1.0
2096,bab692c9,bab692c9-35904fdb,bab692c9-efde0b04,8,1,1.0
2097,bab6be6b,bab6be6b-14db4536,bab6be6b-14db4536,1,1,1.0
2098,bab6fead,bab6fead-bc74d699,bab6fead-bc74d699,1,1,1.0
2099,bab90acb,bab90acb-5e9f3a31,bab90acb-5e9f3a31,1,1,1.0
2100,bab97280,bab97280-a3c6a37c,bab97280-a3c6a37c,1,1,1.0
2101,bab98f04,bab98f04-a1010c10,bab98f04-a1010c10,1,1,1.0
2102,bab9f7f7,bab9f7f7-1cc4e542,bab9f7f7-1cc4e542,1,1,1.0
2103,babc7a6c,babc7a6c-b72195cc,babc7a6c-c5941835,2,1,1.0
2104,babd6d42,babd6d42-754e86fe,babd6d42-754e86fe,1,1,1.0
2105,babf991d,babf991d-a86f60ab,babf991d-b4102dd2,2,1,1.0
2106,bac1a0cf,bac1a0cf-45bef9f0,bac1a0cf-45bef9f0,1,1,1.0
2107,bac25f5a,bac25f5a-af4fd9fd,bac25f5a-af4fd9fd,1,1,1.0
2108,bac391de,bac391de-5885bad6,bac391de-f53d733c,2,1,1.0
2109,bac443ab,bac443ab-eb1694f5,bac443ab-eb1694f5,1,1,1.0
2110,bac52af2,bac52af2-81952c8d,bac52af2-81952c8d,1,1,1.0
2111,bac52b21,bac52b21-a8316888,bac52b21-ffc2453b,3,1,1.0
2112,bac66ed2,bac66ed2-5f02fccc,bac66ed2-5f02fccc,1,1,1.0
2113,bac8434c,bac8434c-a3f0f643,bac8434c-a3f0f643,1,0,0.0
2114,bac84858,bac84858-9f795ab4,bac84858-9f795ab4,1,1,1.0
2115,bac8aa4e,bac8aa4e-a4321ac0,bac8aa4e-a4321ac0,1,1,1.0
2116,bac8fe51,bac8fe51-1b610115,bac8fe51-6b258bd9,2,1,1.0
2117,bac9c292,bac9c292-e91eed49,bac9c292-e91eed49,1,1,1.0
2118,bacbfdaa,bacbfdaa-837ca39c,bacbfdaa-837ca39c,1,1,1.0
2119,bacfd285,bacfd285-7f7bf1ce,bacfd285-7f7bf1ce,1,1,1.0
2120,bad479df,bad479df-d2e02382,bad479df-d2e02382,1,0,0.0
2121,bad4932f,bad4932f-06acec3c,bad4932f-06acec3c,1,1,1.0
2122,bad5a7e9,bad5a7e9-b1d91b1a,bad5a7e9-b1d91b1a,1,1,1.0
2123,bad7f33d,bad7f33d-7e31e0d2,bad7f33d-7e31e0d2,1,1,1.0
2124,bad81f09,bad81f09-0d02e84b,bad81f09-0d02e84b,1,1,1.0
2125,bad89ad9,bad89ad9-af1926ac,bad89ad9-f1f414d4,2,1,1.0
2126,bad909d4,bad909d4-8de038fe,bad909d4-8de038fe,1,1,1.0
2127,bad9944c,bad9944c-bdf6dd4f,bad9944c-bdf6dd4f,1,1,1.0
2128,badcea48,badcea48-c3d19600,badcea48-c3d19600,1,1,1.0
2129,bade898f,bade898f-11350592,bade898f-11350592,1,1,1.0
2130,bae16c60,bae16c60-044a4822,bae16c60-e19bbf7a,4,1,1.0
2131,bae18530,bae18530-9d734d71,bae18530-9d734d71,1,1,1.0
2132,bae322f4,bae322f4-c995abe0,bae322f4-c995abe0,1,1,1.0
2133,bae32983,bae32983-3c9e09c4,bae32983-efef09dd,3,1,1.0
2134,bae47c98,bae47c98-102dd98e,bae47c98-40551cdd,2,1,1.0
2135,bae4f394,bae4f394-11239e42,bae4f394-d4a6c04a,3,1,1.0
2136,bae552dc,bae552dc-36e0fe4e,bae552dc-4ee0cab7,2,1,1.0
2137,bae5905c,bae5905c-b009aff3,bae5905c-b009aff3,1,1,1.0
2138,bae5dc33,bae5dc33-65cbc3f4,bae5dc33-65cbc3f4,1,1,1.0
2139,bae778fd,bae778fd-4cc0d9be,bae778fd-4cc0d9be,1,1,1.0
2140,bae88538,bae88538-8f433246,bae88538-8f433246,1,1,1.0
2141,bae92945,bae92945-2f6f01d7,bae92945-99223ba6,2,1,1.0
2142,bae9f15e,bae9f15e-0f68c902,bae9f15e-4c858350,2,1,1.0
2143,baea519f,baea519f-f4a57477,baea519f-f4a57477,1,1,1.0
2144,baeab53a,baeab53a-2e79e160,baeab53a-cefd6619,2,1,1.0
2145,baeb1657,baeb1657-6169cccd,baeb1657-c8c65444,2,1,1.0
2146,baeb68f6,baeb68f6-9abb3aaf,baeb68f6-9abb3aaf,1,1,1.0
2147,baeb920c,baeb920c-a950cb02,baeb920c-a950cb02,1,1,1.0
2148,baec74cf,baec74cf-6bdcae72,baec74cf-6bdcae72,1,1,1.0
2149,baecebd1,baecebd1-0c93fa0d,baecebd1-0c93fa0d,1,1,1.0
2150,baed9d4e,baed9d4e-efe3a64e,baed9d4e-efe3a64e,1,1,1.0
2151,baee6fb9,baee6fb9-390cd194,baee6fb9-f28ac93d,3,1,1.0
2152,baef72b1,baef72b1-4fd009a7,baef72b1-f2680c40,4,1,1.0
2153,baef8908,baef8908-b0802135,baef8908-b0802135,1,1,1.0
2154,baefbbd2,baefbbd2-83ba702b,baefbbd2-83ba702b,1,1,1.0
2155,baefe65c,baefe65c-bb9793d9,baefe65c-de9ef3eb,2,1,1.0
2156,baf019d9,baf019d9-986608ff,baf019d9-da5f9843,2,1,1.0
2157,baf1c81c,baf1c81c-d909d4dc,baf1c81c-d909d4dc,1,1,1.0
2158,baf1fb8b,baf1fb8b-258ca9a9,baf1fb8b-9280a668,2,1,1.0
2159,baf24e00,baf24e00-1fbb8a3b,baf24e00-7742132f,2,1,1.0
2160,baf29436,baf29436-f6375fa4,baf29436-f6375fa4,1,1,1.0
2161,baf2f38d,baf2f38d-596d1bc4,baf2f38d-596d1bc4,1,1,1.0
2162,baf399e3,baf399e3-e2f279fa,baf399e3-e2f279fa,1,1,1.0
2163,baf567e1,baf567e1-5ffa6b77,baf567e1-5ffa6b77,1,1,1.0
2164,baf6c5b1,baf6c5b1-9236f4d1,baf6c5b1-9236f4d1,1,1,1.0
2165,baf870f0,baf870f0-44119a5e,baf870f0-a1a64cd6,2,1,1.0
2166,baf89af3,baf89af3-091fba23,baf89af3-64d570fc,3,1,0.6666666666666666
2167,bafa2401,bafa2401-045c70c7,bafa2401-045c70c7,1,1,1.0
2168,bafacab2,bafacab2-a1bafb37,bafacab2-a1bafb37,1,1,1.0
2169,bafad57f,bafad57f-2e29ac87,bafad57f-2e29ac87,1,1,1.0
2170,bafb04fb,bafb04fb-119f164b,bafb04fb-119f164b,1,1,1.0
2171,bafcc992,bafcc992-a5faf18d,bafcc992-dcddfe75,2,1,1.0
2172,bafe41f1,bafe41f1-96b00f10,bafe41f1-fa3e0ccf,3,1,1.0
2173,bafeadd4,bafeadd4-255dc46e,bafeadd4-9add2eaf,2,1,1.0
2174,bb01eaee,bb01eaee-b8f0ebe3,bb01eaee-b8f0ebe3,1,1,1.0
2175,bb0475d9,bb0475d9-dda53a5a,bb0475d9-dda53a5a,1,1,1.0
2176,bb0479a0,bb0479a0-b3c8e0ea,bb0479a0-b3c8e0ea,1,0,0.0
2177,bb051d4e,bb051d4e-49d5fed8,bb051d4e-49d5fed8,1,1,1.0
2178,bb087b1c,bb087b1c-6c9e904f,bb087b1c-6c9e904f,1,1,1.0
2179,bb0af861,bb0af861-7e6c3e30,bb0af861-7e6c3e30,1,1,1.0
2180,bb0b99d2,bb0b99d2-a91aab3d,bb0b99d2-a91aab3d,1,1,1.0
2181,bb0c13d5,bb0c13d5-3a2adbe3,bb0c13d5-ef1bd4e0,2,1,1.0
2182,bb0cf6a9,bb0cf6a9-ce0fdf2c,bb0cf6a9-ce0fdf2c,1,1,1.0
2183,bb0d0a55,bb0d0a55-6e9e48be,bb0d0a55-6e9e48be,1,1,1.0
2184,bb0dced8,bb0dced8-65a75aec,bb0dced8-7c117b8e,2,1,1.0
2185,bb0ea699,bb0ea699-3d008331,bb0ea699-e350eac6,2,1,1.0
2186,bb110f9d,bb110f9d-f9e57c74,bb110f9d-f9e57c74,1,1,1.0
2187,bb122fa3,bb122fa3-1b6b0150,bb122fa3-1b6b0150,1,1,1.0
2188,bb123691,bb123691-777cee95,bb123691-777cee95,1,1,1.0
2189,bb1288a9,bb1288a9-e1fd25fa,bb1288a9-e1fd25fa,1,1,1.0
2190,bb145d9b,bb145d9b-5ae8376f,bb145d9b-5ae8376f,1,1,1.0
2191,bb160b7f,bb160b7f-0553000b,bb160b7f-0553000b,1,1,1.0
2192,bb16329e,bb16329e-7ddd640e,bb16329e-7ddd640e,1,1,1.0
2193,bb16d9b5,bb16d9b5-588275af,bb16d9b5-588275af,1,1,1.0
2194,bb172cd0,bb172cd0-523870b7,bb172cd0-523870b7,1,1,1.0
2195,bb17665d,bb17665d-27525f20,bb17665d-8f5794bb,2,1,1.0
2196,bb185003,bb185003-ebc11af9,bb185003-ebc11af9,1,1,1.0
2197,bb198c24,bb198c24-1f5691ed,bb198c24-d7f4344c,7,1,1.0
2198,bb1a255a,bb1a255a-60ecb81a,bb1a255a-dc60ef57,3,1,1.0
2199,bb1b7d8c,bb1b7d8c-916a2c96,bb1b7d8c-916a2c96,1,1,1.0
2200,bb1b7e42,bb1b7e42-48b281a3,bb1b7e42-b17da5d0,4,1,1.0
2201,bb1d71e5,bb1d71e5-5ce653ff,bb1d71e5-5ce653ff,1,0,0.0
2202,bb204299,bb204299-557172b1,bb204299-557172b1,1,1,1.0
2203,bb21e706,bb21e706-33f63a66,bb21e706-33f63a66,1,1,1.0
2204,bb269a85,bb269a85-bd43ab11,bb269a85-eba0cd5a,2,1,1.0
2205,bb2888a8,bb2888a8-ca075f36,bb2888a8-ca075f36,1,1,1.0
2206,bb289fdb,bb289fdb-3de1932f,bb289fdb-b6763201,4,1,0.75
2207,bb298f1a,bb298f1a-55b463fb,bb298f1a-55b463fb,1,1,1.0
2208,bb2c3ff8,bb2c3ff8-a1444b2b,bb2c3ff8-a1444b2b,1,0,0.0
2209,bb2c5719,bb2c5719-1244dd67,bb2c5719-38a69465,2,1,1.0
2210,bb2c8f70,bb2c8f70-d58d2ef6,bb2c8f70-d58d2ef6,1,1,1.0
2211,bb2cabeb,bb2cabeb-2c0701d4,bb2cabeb-91cfe8d5,2,1,1.0
2212,bb2e43e4,bb2e43e4-5e7a7129,bb2e43e4-5e7a7129,1,1,1.0
2213,bb2ec277,bb2ec277-7aa1721e,bb2ec277-7aa1721e,1,1,1.0
2214,bb2ecd61,bb2ecd61-c580ebaf,bb2ecd61-fa37afd5,2,1,1.0
2215,bb2f678a,bb2f678a-73bc87ec,bb2f678a-c2ed5fd5,5,1,1.0
2216,bb300252,bb300252-63610170,bb300252-63610170,1,1,1.0
2217,bb310e6e,bb310e6e-bf25b98d,bb310e6e-bf25b98d,1,0,0.0
2218,bb32113e,bb32113e-e50b51e1,bb32113e-e50b51e1,1,1,1.0
2219,bb321d10,bb321d10-119ded2e,bb321d10-119ded2e,1,1,1.0
2220,bb34331a,bb34331a-41c530d0,bb34331a-56aba0b3,2,1,1.0
2221,bb370e7e,bb370e7e-4c296bfb,bb370e7e-4c296bfb,1,1,1.0
2222,bb390224,bb390224-2ea34fb1,bb390224-2ea34fb1,1,1,1.0
2223,bb391d59,bb391d59-6b05b7a0,bb391d59-8c851310,2,1,1.0
2224,bb3a75fa,bb3a75fa-b0b71066,bb3a75fa-b0b71066,1,1,1.0
2225,bb3ada23,bb3ada23-9d8e8e6e,bb3ada23-9d8e8e6e,1,1,1.0
2226,bb3bb8c0,bb3bb8c0-169af65a,bb3bb8c0-c83acdad,9,1,1.0
2227,bb3be317,bb3be317-6db8a61d,bb3be317-6db8a61d,1,1,1.0
2228,bb3d0123,bb3d0123-3c8183bd,bb3d0123-3c8183bd,1,0,0.0
2229,bb3d0b90,bb3d0b90-44758857,bb3d0b90-81400890,2,1,1.0
2230,bb3f49d9,bb3f49d9-ca104345,bb3f49d9-ca104345,1,0,0.0
2231,bb423617,bb423617-10625110,bb423617-10625110,1,1,1.0
2232,bb425c3f,bb425c3f-4e35dc9d,bb425c3f-4e35dc9d,1,1,1.0
2233,bb429905,bb429905-508d2ae6,bb429905-efd7b1aa,2,1,1.0
2234,bb42e52c,bb42e52c-ee27bde3,bb42e52c-ee27bde3,1,1,1.0
2235,bb437280,bb437280-03a2bf81,bb437280-03a2bf81,1,1,1.0
2236,bb43e180,bb43e180-96b21056,bb43e180-96b21056,1,1,1.0
2237,bb46a3b5,bb46a3b5-6fb47078,bb46a3b5-6fb47078,1,1,1.0
2238,bb46f3cd,bb46f3cd-b72d2152,bb46f3cd-b72d2152,1,1,1.0
2239,bb476629,bb476629-bb31855e,bb476629-bb31855e,1,1,1.0
2240,bb48c235,bb48c235-d9aae9be,bb48c235-d9aae9be,1,1,1.0
2241,bb48e84b,bb48e84b-6ae45e5f,bb48e84b-6ae45e5f,1,1,1.0
2242,bb49071c,bb49071c-4b99a704,bb49071c-b290d284,2,1,1.0
2243,bb4935b0,bb4935b0-e3fcded0,bb4935b0-e3fcded0,1,1,1.0
2244,bb49532f,bb49532f-ae2b40d1,bb49532f-ae2b40d1,1,1,1.0
2245,bb4ab21e,bb4ab21e-60851cf9,bb4ab21e-60851cf9,1,1,1.0
2246,bb4abf02,bb4abf02-01cd2796,bb4abf02-2651a845,2,1,1.0
2247,bb4fca33,bb4fca33-008f9178,bb4fca33-75125e31,2,1,1.0
2248,bb52662e,bb52662e-0257c8b3,bb52662e-0257c8b3,1,0,0.0
2249,bb53a532,bb53a532-a6465a0b,bb53a532-a6465a0b,1,1,1.0
2250,bb541ef2,bb541ef2-1c0906c0,bb541ef2-1c0906c0,1,1,1.0
2251,bb55f0e2,bb55f0e2-e5501b3c,bb55f0e2-e5501b3c,1,1,1.0
2252,bb5620b4,bb5620b4-1b9fa58e,bb5620b4-1b9fa58e,1,1,1.0
2253,bb576239,bb576239-017d1d62,bb576239-017d1d62,1,1,1.0
2254,bb57d41c,bb57d41c-506beec8,bb57d41c-506beec8,1,0,0.0
2255,bb599cda,bb599cda-d1fdd751,bb599cda-d1fdd751,1,1,1.0
2256,bb5a3238,bb5a3238-ab2ba223,bb5a3238-ab2ba223,1,1,1.0
2257,bb5cc516,bb5cc516-235bb167,bb5cc516-eb91e8c8,5,1,1.0
2258,bb5d0b6a,bb5d0b6a-99b062c6,bb5d0b6a-99b062c6,1,1,1.0
2259,bb61c2ee,bb61c2ee-35ca0081,bb61c2ee-35ca0081,1,1,1.0
2260,bb6264e8,bb6264e8-08299561,bb6264e8-e8dfd14d,3,1,1.0
2261,bb627372,bb627372-de7438d2,bb627372-de7438d2,1,1,1.0
2262,bb6292eb,bb6292eb-0a9cbd38,bb6292eb-cfbccc0b,3,1,1.0
2263,bb655f15,bb655f15-825903ad,bb655f15-825903ad,1,1,1.0
2264,bb6575eb,bb6575eb-90478df6,bb6575eb-90478df6,1,1,1.0
2265,bb6590aa,bb6590aa-7a73c07e,bb6590aa-7a73c07e,1,1,1.0
2266,bb6643fa,bb6643fa-a2b42d16,bb6643fa-a2b42d16,1,1,1.0
2267,bb69d2b0,bb69d2b0-fc67c3d9,bb69d2b0-fc67c3d9,1,1,1.0
2268,bb6ad474,bb6ad474-86b26884,bb6ad474-86b26884,1,1,1.0
2269,bb6b9678,bb6b9678-771c7e62,bb6b9678-771c7e62,1,0,0.0
2270,bb6e6241,bb6e6241-1fdd0e57,bb6e6241-1fdd0e57,1,1,1.0
2271,bb6e9fc4,bb6e9fc4-35369ff6,bb6e9fc4-35369ff6,1,1,1.0
2272,bb6f381e,bb6f381e-02e9cc6b,bb6f381e-02e9cc6b,1,1,1.0
2273,bb6fb6cd,bb6fb6cd-6f571799,bb6fb6cd-6f571799,1,1,1.0
2274,bb71ba86,bb71ba86-3204e97e,bb71ba86-3204e97e,1,1,1.0
2275,bb725082,bb725082-6cfb3269,bb725082-6cfb3269,1,1,1.0
2276,bb72d33c,bb72d33c-aa1919f1,bb72d33c-aa1919f1,1,1,1.0
2277,bb7444d5,bb7444d5-e76820f4,bb7444d5-e76820f4,1,0,0.0
2278,bb74d006,bb74d006-0aad91f1,bb74d006-0aad91f1,1,1,1.0
2279,bb76958b,bb76958b-e0a8bc7a,bb76958b-e0a8bc7a,1,1,1.0
2280,bb7696a2,bb7696a2-4c117c92,bb7696a2-4c117c92,1,1,1.0
2281,bb769d08,bb769d08-290df018,bb769d08-290df018,1,1,1.0
2282,bb76a219,bb76a219-47562e4c,bb76a219-47562e4c,1,1,1.0
2283,bb76c63a,bb76c63a-586a2668,bb76c63a-f232154d,2,1,1.0
2284,bb7792f1,bb7792f1-83be8b82,bb7792f1-e7ef3677,2,1,1.0
2285,bb77aa36,bb77aa36-6aeefd56,bb77aa36-6aeefd56,1,1,1.0
2286,bb78624a,bb78624a-098bd29a,bb78624a-907eb4f3,2,1,1.0
2287,bb78fe06,bb78fe06-3994d745,bb78fe06-3994d745,1,1,1.0
2288,bb793416,bb793416-9423221d,bb793416-9423221d,1,0,0.0
2289,bb799f71,bb799f71-b5357135,bb799f71-b76b80fc,2,1,1.0
2290,bb7be34b,bb7be34b-0d28c0d9,bb7be34b-0d28c0d9,1,0,0.0
2291,bb7cffc0,bb7cffc0-5a54a6d9,bb7cffc0-5a54a6d9,1,1,1.0
2292,bb7e324a,bb7e324a-0517fdbe,bb7e324a-0517fdbe,1,1,1.0
2293,bb7fcbb9,bb7fcbb9-cef5777d,bb7fcbb9-cef5777d,1,1,1.0
2294,bb7fd291,bb7fd291-10af39c3,bb7fd291-bf28c0b5,2,1,1.0
2295,bb80de49,bb80de49-c7d12d6a,bb80de49-c7d12d6a,1,1,1.0
2296,bb81a7a9,bb81a7a9-4469e43e,bb81a7a9-4469e43e,1,1,1.0
2297,bb820c34,bb820c34-c959c253,bb820c34-c959c253,1,1,1.0
2298,bb848f84,bb848f84-44cbc584,bb848f84-44cbc584,1,1,1.0
2299,bb856696,bb856696-8aa6a20a,bb856696-8aa6a20a,1,1,1.0
2300,bb890202,bb890202-d9d48310,bb890202-d9d48310,1,1,1.0
2301,bb8a6035,bb8a6035-7229656b,bb8a6035-7229656b,1,1,1.0
2302,bb8b844a,bb8b844a-ed14e8b9,bb8b844a-ed14e8b9,1,1,1.0
2303,bb8d2c06,bb8d2c06-e1a6a306,bb8d2c06-e1a6a306,1,1,1.0
2304,bb8dba97,bb8dba97-1be28493,bb8dba97-c7ec77a3,10,1,1.0
2305,bb8debd8,bb8debd8-33cabcd9,bb8debd8-700f312a,3,1,1.0
2306,bb8e2033,bb8e2033-6c418fc7,bb8e2033-cfd64d62,3,1,1.0
2307,bb8f6c9a,bb8f6c9a-3900261c,bb8f6c9a-e2c6dc5a,4,1,1.0
2308,bb9071ac,bb9071ac-46abc696,bb9071ac-eb6e330c,8,1,1.0
2309,bb919332,bb919332-5e30df54,bb919332-8ea8b53f,2,1,1.0
2310,bb92ddee,bb92ddee-aea40f05,bb92ddee-aea40f05,1,1,1.0
2311,bb94c68a,bb94c68a-4e6236bc,bb94c68a-820fd793,2,1,1.0
2312,bb94d14a,bb94d14a-39633f6b,bb94d14a-39633f6b,1,0,0.0
2313,bb95526b,bb95526b-7123f6e0,bb95526b-ceac3ace,2,1,1.0
2314,bb9712ba,bb9712ba-8ec90d89,bb9712ba-8ec90d89,1,1,1.0
2315,bb974084,bb974084-83d5efd3,bb974084-c0e23420,2,1,1.0
2316,bb97c366,bb97c366-2adf3cdc,bb97c366-7664643f,2,1,1.0
2317,bb99539a,bb99539a-4fd21cfa,bb99539a-4fd21cfa,1,1,1.0
2318,bb99a578,bb99a578-c060f56f,bb99a578-c060f56f,1,1,1.0
2319,bb99dc60,bb99dc60-942f3785,bb99dc60-942f3785,1,1,1.0
2320,bb9a0374,bb9a0374-e9c6de20,bb9a0374-e9c6de20,1,1,1.0
2321,bb9a3460,bb9a3460-97d249c3,bb9a3460-97d249c3,1,1,1.0
2322,bb9bd0cf,bb9bd0cf-56fce493,bb9bd0cf-56fce493,1,1,1.0
2323,bb9c9020,bb9c9020-21673e60,bb9c9020-21673e60,1,1,1.0
2324,bb9d32ae,bb9d32ae-a1246a1e,bb9d32ae-e5859cbf,2,1,1.0
2325,bb9d3fc8,bb9d3fc8-c2a034bd,bb9d3fc8-c2a034bd,1,1,1.0
2326,bb9d4d12,bb9d4d12-6cc166e9,bb9d4d12-6cc166e9,1,1,1.0
2327,bb9e60a8,bb9e60a8-3a61f409,bb9e60a8-3a61f409,1,1,1.0
2328,bb9e9d40,bb9e9d40-1d4d54db,bb9e9d40-886fb5e0,2,1,1.0
2329,bb9f3476,bb9f3476-4fc600dc,bb9f3476-4fc600dc,1,1,1.0
2330,bb9f45f3,bb9f45f3-e6fb2c1f,bb9f45f3-e6fb2c1f,1,1,1.0
2331,bb9f498e,bb9f498e-5ea84006,bb9f498e-62cc407e,2,1,1.0
2332,bb9fb09f,bb9fb09f-c2a5e3d5,bb9fb09f-c2a5e3d5,1,1,1.0
2333,bb9fbfbe,bb9fbfbe-f18bd5e5,bb9fbfbe-f18bd5e5,1,1,1.0
2334,bba066cf,bba066cf-355f858a,bba066cf-355f858a,1,1,1.0
2335,bba322fa,bba322fa-9479b922,bba322fa-9479b922,1,1,1.0
2336,bba45236,bba45236-0fffd225,bba45236-90850465,2,1,0.5
2337,bba4ee51,bba4ee51-12cbf4ff,bba4ee51-616d23a7,3,1,1.0
2338,bba4fd9f,bba4fd9f-9e4fce7a,bba4fd9f-9e4fce7a,1,1,1.0
2339,bba686c2,bba686c2-056961ec,bba686c2-2e7b039d,2,1,1.0
2340,bba6b17c,bba6b17c-417567f2,bba6b17c-417567f2,1,1,1.0
2341,bba7999b,bba7999b-5dc320b4,bba7999b-5dc320b4,1,1,1.0
2342,bba7d3fc,bba7d3fc-86ab3822,bba7d3fc-86ab3822,1,1,1.0
2343,bba94727,bba94727-03cd03e0,bba94727-03cd03e0,1,1,1.0
2344,bba9d58b,bba9d58b-18c62a06,bba9d58b-afdc737b,2,1,1.0
2345,bbac8de0,bbac8de0-3e6d9391,bbac8de0-997098ef,2,1,1.0
2346,bbacbe02,bbacbe02-4299b6a9,bbacbe02-4299b6a9,1,1,1.0
2347,bbadf190,bbadf190-864c9a43,bbadf190-864c9a43,1,1,1.0
2348,bbaf1cf2,bbaf1cf2-5c7315e0,bbaf1cf2-5c7315e0,1,1,1.0
2349,bbaf54a0,bbaf54a0-217653b8,bbaf54a0-217653b8,1,1,1.0
2350,bbb01fbb,bbb01fbb-f2064005,bbb01fbb-f2064005,1,1,1.0
2351,bbb08020,bbb08020-5a72fc33,bbb08020-5a72fc33,1,1,1.0
2352,bbb1289a,bbb1289a-a3fbe37f,bbb1289a-b49fe5de,2,1,1.0
2353,bbb2487c,bbb2487c-578aa473,bbb2487c-578aa473,1,1,1.0
2354,bbb25499,bbb25499-f602899d,bbb25499-f602899d,1,1,1.0
2355,bbb28508,bbb28508-bd7a8e64,bbb28508-c109f395,2,1,1.0
2356,bbb458ab,bbb458ab-6cd36285,bbb458ab-6cd36285,1,1,1.0
2357,bbb46475,bbb46475-1bfc3090,bbb46475-1bfc3090,1,1,1.0
2358,bbb46ace,bbb46ace-1e415c05,bbb46ace-fd1c3344,2,1,1.0
2359,bbb5073b,bbb5073b-401c9a78,bbb5073b-401c9a78,1,1,1.0
2360,bbb7bb8e,bbb7bb8e-85124fbf,bbb7bb8e-85124fbf,1,1,1.0
2361,bbbe5a28,bbbe5a28-c070f32d,bbbe5a28-c070f32d,1,1,1.0
2362,bbbf73f0,bbbf73f0-bd9c9571,bbbf73f0-bd9c9571,1,1,1.0
2363,bbbffbd6,bbbffbd6-e260a6c2,bbbffbd6-e260a6c2,1,0,0.0
2364,bbc06e30,bbc06e30-11e26c79,bbc06e30-d687d6f0,14,1,1.0
2365,bbc0f7ea,bbc0f7ea-2bceb55e,bbc0f7ea-8623a974,5,1,1.0
2366,bbc19191,bbc19191-6e9a792b,bbc19191-fb681730,2,1,1.0
2367,bbc19c5e,bbc19c5e-51fd9cc0,bbc19c5e-51fd9cc0,1,1,1.0
2368,bbc2fba6,bbc2fba6-22f48e9a,bbc2fba6-22f48e9a,1,1,1.0
2369,bbc357f2,bbc357f2-ddaa5e79,bbc357f2-ddaa5e79,1,1,1.0
2370,bbc46835,bbc46835-58ccfd96,bbc46835-58ccfd96,1,1,1.0
2371,bbc4e74d,bbc4e74d-7ae9336b,bbc4e74d-7ae9336b,1,1,1.0
2372,bbc64a91,bbc64a91-4df79c20,bbc64a91-b3bf5a63,2,1,1.0
2373,bbc755d2,bbc755d2-7719fa91,bbc755d2-e35a6b06,2,1,1.0
2374,bbc9db98,bbc9db98-2a592de3,bbc9db98-4a7fb607,2,1,1.0
2375,bbc9ec36,bbc9ec36-8e63f11e,bbc9ec36-8e63f11e,1,1,1.0
2376,bbcd82d7,bbcd82d7-0528d099,bbcd82d7-522d7b83,2,1,1.0
2377,bbcdfc12,bbcdfc12-745c6e19,bbcdfc12-87ca1f44,2,1,1.0
2378,bbce4e17,bbce4e17-9ff136be,bbce4e17-9ff136be,1,0,0.0
2379,bbce5b2c,bbce5b2c-df2c682b,bbce5b2c-df2c682b,1,1,1.0
2380,bbcf4d70,bbcf4d70-162ec709,bbcf4d70-162ec709,1,1,1.0
2381,bbcf6d54,bbcf6d54-2e46ed62,bbcf6d54-e39b0c22,7,1,1.0
2382,bbd03dac,bbd03dac-457dcb31,bbd03dac-457dcb31,1,1,1.0
2383,bbd20d96,bbd20d96-3f8c363a,bbd20d96-3f8c363a,1,1,1.0
2384,bbd5188d,bbd5188d-1a9b5ef0,bbd5188d-91d0926f,3,1,1.0
2385,bbd5285a,bbd5285a-a92367c9,bbd5285a-a92367c9,1,1,1.0
2386,bbd5b9b2,bbd5b9b2-5d171163,bbd5b9b2-5d171163,1,1,1.0
2387,bbd6019b,bbd6019b-2c9ea14f,bbd6019b-2c9ea14f,1,1,1.0
2388,bbd63d3e,bbd63d3e-5e1ed924,bbd63d3e-5e1ed924,1,1,1.0
2389,bbda6802,bbda6802-894aa456,bbda6802-894aa456,1,1,1.0
2390,bbdad86e,bbdad86e-abcab1f8,bbdad86e-abcab1f8,1,1,1.0
2391,bbdb533c,bbdb533c-9863d46e,bbdb533c-9863d46e,1,1,1.0
2392,bbddd5fa,bbddd5fa-1fb3ae4e,bbddd5fa-1fb3ae4e,1,1,1.0
2393,bbde8dba,bbde8dba-93d1eb1f,bbde8dba-93d1eb1f,1,1,1.0
2394,bbdfa37f,bbdfa37f-03ac6f5e,bbdfa37f-a37db6bd,2,1,1.0
2395,bbe207fc,bbe207fc-8ab7e608,bbe207fc-fdb1b49f,5,1,1.0
2396,bbe2ac68,bbe2ac68-e15af654,bbe2ac68-e15af654,1,1,1.0
2397,bbe4ec31,bbe4ec31-2932af48,bbe4ec31-2932af48,1,1,1.0
2398,bbe57528,bbe57528-3722fc17,bbe57528-3722fc17,1,1,1.0
2399,bbe7c596,bbe7c596-88457d26,bbe7c596-88457d26,1,1,1.0
2400,bbe7c7e2,bbe7c7e2-0d1dac56,bbe7c7e2-ac32659a,2,1,0.5
2401,bbe88e6d,bbe88e6d-c0e7b375,bbe88e6d-c0e7b375,1,1,1.0
2402,bbe91656,bbe91656-17f3e492,bbe91656-3ca9f506,2,1,1.0
2403,bbe95ad4,bbe95ad4-1df76d9d,bbe95ad4-8870089d,2,1,1.0
2404,bbea4013,bbea4013-25cf6227,bbea4013-25cf6227,1,1,1.0
2405,bbebc8cb,bbebc8cb-5ff7981f,bbebc8cb-c0c59383,2,1,1.0
2406,bbec733f,bbec733f-32b81849,bbec733f-f92d5a38,2,1,1.0
2407,bbecbb69,bbecbb69-bd7c745a,bbecbb69-bd7c745a,1,1,1.0
2408,bbeefd23,bbeefd23-dbf4d60e,bbeefd23-dbf4d60e,1,1,1.0
2409,bbef1eae,bbef1eae-960724af,bbef1eae-c59b44b1,3,1,1.0
2410,bbefae56,bbefae56-1d886e4e,bbefae56-1d886e4e,1,1,1.0
2411,bbf0f5d7,bbf0f5d7-e849d5f5,bbf0f5d7-ea2f1cc3,2,1,1.0
2412,bbf29c70,bbf29c70-20e48f5b,bbf29c70-20e48f5b,1,1,1.0
2413,bbf2ad0f,bbf2ad0f-5458cb78,bbf2ad0f-5458cb78,1,1,1.0
2414,bbf2bd83,bbf2bd83-1f5c87da,bbf2bd83-fb721687,5,1,1.0
2415,bbf2c809,bbf2c809-5fe910e9,bbf2c809-6d93ddf1,2,1,1.0
2416,bbf38397,bbf38397-6c3d4ef5,bbf38397-6c3d4ef5,1,0,0.0
2417,bbf3d83d,bbf3d83d-1a478458,bbf3d83d-f15c5dd8,4,1,1.0
2418,bbf48d08,bbf48d08-b6a11dd8,bbf48d08-f32427fa,2,1,1.0
2419,bbf5747b,bbf5747b-35f769d6,bbf5747b-35f769d6,1,1,1.0
2420,bbf69eae,bbf69eae-71b25b22,bbf69eae-71b25b22,1,1,1.0
2421,bbf6edef,bbf6edef-5d90487a,bbf6edef-5d90487a,1,1,1.0
2422,bbf7e280,bbf7e280-19aed161,bbf7e280-e5ccb014,3,1,1.0
2423,bbf86f8f,bbf86f8f-87b564dc,bbf86f8f-87b564dc,1,1,1.0
2424,bbf8af11,bbf8af11-a27cc76f,bbf8af11-a27cc76f,1,1,1.0
2425,bbfa7b2b,bbfa7b2b-9c71f471,bbfa7b2b-9c71f471,1,1,1.0
2426,bbfc1b2e,bbfc1b2e-43566392,bbfc1b2e-43566392,1,1,1.0
2427,bbfcd002,bbfcd002-865258a4,bbfcd002-f8531a65,2,1,1.0
2428,bbfe3b4f,bbfe3b4f-354e4430,bbfe3b4f-71b57b40,3,1,1.0
2429,bbff5146,bbff5146-286eae73,bbff5146-d503a17e,4,1,1.0
2430,bc013163,bc013163-09158f28,bc013163-09158f28,1,1,1.0
2431,bc053dc7,bc053dc7-55612a00,bc053dc7-f2d3aa91,3,1,1.0
2432,bc05c126,bc05c126-3c1f8300,bc05c126-d00aeb9c,3,1,1.0
2433,bc05da8e,bc05da8e-e0eda9bd,bc05da8e-e0eda9bd,1,1,1.0
2434,bc07bbae,bc07bbae-a3783fe4,bc07bbae-a3783fe4,1,1,1.0
2435,bc07d865,bc07d865-43cc5bfc,bc07d865-f526e4d9,3,1,1.0
2436,bc082805,bc082805-7738f543,bc082805-7738f543,1,1,1.0
2437,bc0932fb,bc0932fb-416a9475,bc0932fb-f2731c60,2,1,1.0
2438,bc0e1045,bc0e1045-7a8d0c04,bc0e1045-7a8d0c04,1,1,1.0
2439,bc0e43fd,bc0e43fd-10fc4231,bc0e43fd-10fc4231,1,1,1.0
2440,bc101f0f,bc101f0f-2bd5f9ec,bc101f0f-7607f480,4,1,1.0
2441,bc11304f,bc11304f-da51cfda,bc11304f-da51cfda,1,1,1.0
2442,bc140c47,bc140c47-28089dad,bc140c47-7caca472,3,1,1.0
2443,bc14daff,bc14daff-30e5ade2,bc14daff-59f11746,2,1,1.0
2444,bc16f8e9,bc16f8e9-7d69afdb,bc16f8e9-b5faca03,3,1,1.0
2445,bc171ee0,bc171ee0-b1f4fca6,bc171ee0-b1f4fca6,1,1,1.0
2446,bc18b981,bc18b981-f4361b9d,bc18b981-f4361b9d,1,1,1.0
2447,bc197c3b,bc197c3b-458c6a12,bc197c3b-fc1e2d41,4,1,1.0
2448,bc19b631,bc19b631-363ccccc,bc19b631-363ccccc,1,1,1.0
2449,bc19c993,bc19c993-2b635099,bc19c993-e257683c,3,1,1.0
2450,bc1a4b69,bc1a4b69-ed3eed6e,bc1a4b69-ed3eed6e,1,1,1.0
2451,bc1af7c9,bc1af7c9-f48843d6,bc1af7c9-f48843d6,1,1,1.0
2452,bc1e4645,bc1e4645-5c81c3c1,bc1e4645-76a7fd0e,2,1,1.0
2453,bc1fe060,bc1fe060-06feda96,bc1fe060-06feda96,1,1,1.0
2454,bc201d0d,bc201d0d-71877e7e,bc201d0d-71877e7e,1,1,1.0
2455,bc208c84,bc208c84-18481db5,bc208c84-18481db5,1,1,1.0
2456,bc214770,bc214770-39035c6c,bc214770-39035c6c,1,1,1.0
2457,bc223780,bc223780-c88ddd93,bc223780-e6658085,2,1,0.5
2458,bc230811,bc230811-8caf576d,bc230811-8caf576d,1,1,1.0
2459,bc24e2f5,bc24e2f5-286f9781,bc24e2f5-b39b7137,2,1,1.0
2460,bc24f222,bc24f222-27a9e3d1,bc24f222-f198b643,6,1,1.0
2461,bc2552ff,bc2552ff-c72260e0,bc2552ff-c72260e0,1,1,1.0
2462,bc25b12f,bc25b12f-c0e0bf75,bc25b12f-c0e0bf75,1,1,1.0
2463,bc277e93,bc277e93-208f225f,bc277e93-208f225f,1,1,1.0
2464,bc280a80,bc280a80-42084620,bc280a80-42084620,1,1,1.0
2465,bc29fd13,bc29fd13-8d640e8a,bc29fd13-8d640e8a,1,1,1.0
2466,bc2a1273,bc2a1273-18d05a08,bc2a1273-b863f5dd,3,1,1.0
2467,bc2a3aa8,bc2a3aa8-1dfd52d1,bc2a3aa8-65f56ef8,2,1,1.0
2468,bc2de22a,bc2de22a-b7c57049,bc2de22a-b7c57049,1,1,1.0
2469,bc2e185c,bc2e185c-229fdd44,bc2e185c-229fdd44,1,1,1.0
2470,bc2e52cc,bc2e52cc-4270d2b7,bc2e52cc-cbd2ddae,2,1,1.0
2471,bc308aee,bc308aee-322913df,bc308aee-b3a48c42,2,1,1.0
2472,bc310129,bc310129-634dbe96,bc310129-634dbe96,1,1,1.0
2473,bc31a829,bc31a829-278a9e0f,bc31a829-c73df3f7,3,1,1.0
2474,bc31b583,bc31b583-be060375,bc31b583-be060375,1,1,1.0
2475,bc325ce3,bc325ce3-9cd329ba,bc325ce3-9cd329ba,1,1,1.0
2476,bc328c1f,bc328c1f-28b41b8d,bc328c1f-28b41b8d,1,1,1.0
2477,bc33a49f,bc33a49f-cd384f4a,bc33a49f-cd384f4a,1,1,1.0
2478,bc35c318,bc35c318-8faf42b4,bc35c318-8faf42b4,1,1,1.0
2479,bc375490,bc375490-55d90369,bc375490-55d90369,1,1,1.0
2480,bc39bd15,bc39bd15-d825bd1d,bc39bd15-d825bd1d,1,1,1.0
2481,bc39d438,bc39d438-0d513b75,bc39d438-7a6fb2dc,2,1,1.0
2482,bc3aa991,bc3aa991-84d583c6,bc3aa991-84d583c6,1,1,1.0
2483,bc3c9f73,bc3c9f73-86d9b80c,bc3c9f73-86d9b80c,1,0,0.0
2484,bc3edef9,bc3edef9-98053500,bc3edef9-bc5df407,2,1,1.0
2485,bc3f2e88,bc3f2e88-543a7c3e,bc3f2e88-543a7c3e,1,1,1.0
2486,bc430537,bc430537-56669f07,bc430537-56669f07,1,1,1.0
2487,bc45ad96,bc45ad96-42d305c5,bc45ad96-42d305c5,1,1,1.0
2488,bc46dc69,bc46dc69-94e689ae,bc46dc69-94e689ae,1,1,1.0
2489,bc470fd9,bc470fd9-1cbc318c,bc470fd9-1cbc318c,1,1,1.0
2490,bc4712a2,bc4712a2-1bb55ccc,bc4712a2-b5a5966b,2,1,1.0
2491,bc4799bc,bc4799bc-bc14f187,bc4799bc-bc14f187,1,1,1.0
2492,bc48608f,bc48608f-1d8fb508,bc48608f-1d8fb508,1,1,1.0
2493,bc4a16d5,bc4a16d5-a4cc1adf,bc4a16d5-cefa77b6,2,1,1.0
2494,bc4b0294,bc4b0294-c59cadbf,bc4b0294-c59cadbf,1,1,1.0
2495,bc4c31e2,bc4c31e2-f36ad7e8,bc4c31e2-f36ad7e8,1,1,1.0
2496,bc4fb79c,bc4fb79c-561bbfc5,bc4fb79c-561bbfc5,1,1,1.0
2497,bc574681,bc574681-0a675ff3,bc574681-b63afd9b,4,1,0.75
2498,bc5bcfab,bc5bcfab-07883191,bc5bcfab-d233043b,4,1,1.0
2499,bc5c87da,bc5c87da-f8979312,bc5c87da-f8979312,1,1,1.0
2500,bc5e32e9,bc5e32e9-73480461,bc5e32e9-f71674c4,3,1,1.0
2501,bc5f4677,bc5f4677-58898054,bc5f4677-58898054,1,1,1.0
2502,bc5fa92b,bc5fa92b-97ad7b5d,bc5fa92b-97ad7b5d,1,1,1.0
2503,bc5fadac,bc5fadac-47398ddc,bc5fadac-fa6dd225,5,1,0.8
2504,bc6091c9,bc6091c9-30b92a47,bc6091c9-30b92a47,1,1,1.0
2505,bc6154a5,bc6154a5-933918ac,bc6154a5-933918ac,1,1,1.0
2506,bc619446,bc619446-d2608304,bc619446-d2608304,1,1,1.0
2507,bc621584,bc621584-2e17dc3d,bc621584-fdabaa99,3,1,1.0
2508,bc63cae9,bc63cae9-0690f6dc,bc63cae9-e06137d7,3,1,1.0
2509,bc64dc6f,bc64dc6f-3693a933,bc64dc6f-f36a7b16,2,1,1.0
2510,bc653df4,bc653df4-b0005237,bc653df4-b0005237,1,1,1.0
2511,bc66304a,bc66304a-d6caaab5,bc66304a-d6caaab5,1,1,1.0
2512,bc66fedc,bc66fedc-6649b88c,bc66fedc-6649b88c,1,1,1.0
2513,bc67b362,bc67b362-fb6767aa,bc67b362-fb6767aa,1,1,1.0
2514,bc67ddf0,bc67ddf0-874dcf8d,bc67ddf0-874dcf8d,1,1,1.0
2515,bc692855,bc692855-0e184c98,bc692855-df958197,5,1,1.0
2516,bc6a2a77,bc6a2a77-88414eb2,bc6a2a77-e9984397,2,1,0.5
2517,bc6a6534,bc6a6534-8b519e81,bc6a6534-e950719c,2,1,1.0
2518,bc6da5d0,bc6da5d0-7ad70fbc,bc6da5d0-7ad70fbc,1,0,0.0
2519,bc6dd79a,bc6dd79a-5dbc7538,bc6dd79a-fa684758,3,1,1.0
2520,bc709acb,bc709acb-5b7fbd2f,bc709acb-5b7fbd2f,1,1,1.0
2521,bc715fc7,bc715fc7-41291987,bc715fc7-fab6edbb,4,1,0.75
2522,bc72e27e,bc72e27e-3c6f35f0,bc72e27e-3c6f35f0,1,1,1.0
2523,bc7325ea,bc7325ea-2146b9aa,bc7325ea-2146b9aa,1,1,1.0
2524,bc79227e,bc79227e-0a58fb1d,bc79227e-51c8d967,3,1,1.0
2525,bc7a0adc,bc7a0adc-260a111d,bc7a0adc-caf8512c,3,1,1.0
2526,bc7a7a1f,bc7a7a1f-45a47a4a,bc7a7a1f-dbeb9406,5,1,1.0
2527,bc7b78f1,bc7b78f1-bdbc2b5a,bc7b78f1-bdbc2b5a,1,1,1.0
2528,bc7bc1e5,bc7bc1e5-2c8a6abe,bc7bc1e5-b3223500,2,1,1.0
2529,bc7c168c,bc7c168c-18b8cc31,bc7c168c-18b8cc31,1,1,1.0
2530,bc7caf3c,bc7caf3c-da14eed9,bc7caf3c-da14eed9,1,1,1.0
2531,bc7cbf85,bc7cbf85-1a484d84,bc7cbf85-85f4301c,3,1,1.0
2532,bc7e7e2c,bc7e7e2c-1714d279,bc7e7e2c-6388153c,3,1,1.0
2533,bc7e80ed,bc7e80ed-0011e5a7,bc7e80ed-0011e5a7,1,1,1.0
2534,bc80bb96,bc80bb96-eca9a0d6,bc80bb96-eca9a0d6,1,1,1.0
2535,bc80e6a7,bc80e6a7-46e7ab16,bc80e6a7-aafb7124,4,1,1.0
2536,bc83797e,bc83797e-8a4b2d6a,bc83797e-8a4b2d6a,1,1,1.0
2537,bc886b45,bc886b45-3b6d2883,bc886b45-3b6d2883,1,1,1.0
2538,bc886d37,bc886d37-5b22c313,bc886d37-5b22c313,1,1,1.0
2539,bc88c0cd,bc88c0cd-a78224ad,bc88c0cd-a78224ad,1,1,1.0
2540,bc88fd46,bc88fd46-45149809,bc88fd46-c20f2648,2,1,1.0
2541,bc896c2e,bc896c2e-27a21506,bc896c2e-7b08a3ee,2,1,1.0
2542,bc8c555a,bc8c555a-5f402650,bc8c555a-5f402650,1,1,1.0
2543,bc8cb926,bc8cb926-c12df6cb,bc8cb926-c12df6cb,1,1,1.0
2544,bc8ccccd,bc8ccccd-bbc93b76,bc8ccccd-bbc93b76,1,1,1.0
2545,bc8e038e,bc8e038e-dc636bde,bc8e038e-dc636bde,1,1,1.0
2546,bc8e1605,bc8e1605-4005ee7e,bc8e1605-5c57e4b3,2,1,1.0
2547,bc8f34d9,bc8f34d9-84c7849d,bc8f34d9-84c7849d,1,1,1.0
2548,bc8f58aa,bc8f58aa-05037d38,bc8f58aa-05037d38,1,1,1.0
2549,bc915645,bc915645-a19e009d,bc915645-a19e009d,1,1,1.0
2550,bc92a87d,bc92a87d-9d40035e,bc92a87d-aaafd269,2,1,1.0
2551,bc92c1d7,bc92c1d7-b310d9e8,bc92c1d7-b310d9e8,1,1,1.0
2552,bc92f518,bc92f518-fa316e88,bc92f518-fa316e88,1,1,1.0
2553,bc97328c,bc97328c-1869fa3c,bc97328c-8b9ba7ab,2,1,0.5
2554,bc978e82,bc978e82-e82eee23,bc978e82-e82eee23,1,1,1.0
2555,bc9880e2,bc9880e2-42c6aaac,bc9880e2-42c6aaac,1,1,1.0
2556,bc990749,bc990749-20748014,bc990749-20748014,1,0,0.0
2557,bc9b5bfb,bc9b5bfb-51ebcf39,bc9b5bfb-51ebcf39,1,1,1.0
2558,bc9cce42,bc9cce42-b4577861,bc9cce42-b4577861,1,1,1.0
2559,bc9da78f,bc9da78f-b423cd9a,bc9da78f-b423cd9a,1,1,1.0
2560,bc9df0ab,bc9df0ab-6113c685,bc9df0ab-9ab2350c,2,1,1.0
2561,bc9e1979,bc9e1979-8b3e9fcc,bc9e1979-f1fb1692,2,1,1.0
2562,bc9f07c9,bc9f07c9-31204bc9,bc9f07c9-895feb80,2,1,1.0
2563,bc9f8a23,bc9f8a23-228d01e9,bc9f8a23-228d01e9,1,1,1.0
2564,bc9fdda7,bc9fdda7-9f95011e,bc9fdda7-c7198a2e,2,1,1.0
2565,bca10f4f,bca10f4f-2deaf782,bca10f4f-2deaf782,1,1,1.0
2566,bca15e46,bca15e46-5d0a4a30,bca15e46-ea057e87,4,1,0.75
2567,bca1cbed,bca1cbed-a81e3dba,bca1cbed-a81e3dba,1,1,1.0
2568,bca1da7b,bca1da7b-ddeeddb1,bca1da7b-ddeeddb1,1,1,1.0
2569,bca2410d,bca2410d-f8e930c3,bca2410d-f8e930c3,1,1,1.0
2570,bca28d76,bca28d76-e40b21eb,bca28d76-e40b21eb,1,1,1.0
2571,bca36352,bca36352-0381818e,bca36352-acc82f86,3,1,1.0
2572,bca3720a,bca3720a-3423755f,bca3720a-d372b6ae,8,1,0.75
2573,bca562b0,bca562b0-3ae25344,bca562b0-3ae25344,1,1,1.0
2574,bca84cbc,bca84cbc-1ce525d6,bca84cbc-800427b6,2,1,1.0
2575,bcaa771b,bcaa771b-5ace3b37,bcaa771b-a3595511,3,1,1.0
2576,bcadb48c,bcadb48c-9a41d823,bcadb48c-9a41d823,1,1,1.0
2577,bcadbe99,bcadbe99-a0a27cdc,bcadbe99-a0a27cdc,1,1,1.0
2578,bcade6d5,bcade6d5-430ff8e0,bcade6d5-430ff8e0,1,1,1.0
2579,bcae6e67,bcae6e67-059fedea,bcae6e67-059fedea,1,1,1.0
2580,bcaf57de,bcaf57de-8a71dbde,bcaf57de-8a71dbde,1,1,1.0
2581,bcaf73c1,bcaf73c1-311f299e,bcaf73c1-f32b1d31,20,1,1.0
2582,bcafa205,bcafa205-40fde1da,bcafa205-9648f156,2,1,1.0
2583,bcb10424,bcb10424-fd2d3e21,bcb10424-fd2d3e21,1,1,1.0
2584,bcb111bb,bcb111bb-fed9e9ca,bcb111bb-fed9e9ca,1,1,1.0
2585,bcb2c6fd,bcb2c6fd-05ee678b,bcb2c6fd-4999b083,4,1,1.0
2586,bcb356f6,bcb356f6-520dd65c,bcb356f6-dc4b62fd,2,1,1.0
2587,bcb3c18a,bcb3c18a-702288dc,bcb3c18a-fad48b76,2,1,1.0
2588,bcb441fc,bcb441fc-a88da923,bcb441fc-a88da923,1,1,1.0
2589,bcbaa999,bcbaa999-aeee8ed7,bcbaa999-aeee8ed7,1,1,1.0
2590,bcbab238,bcbab238-93cacd35,bcbab238-e79b7395,2,1,1.0
2591,bcbb5180,bcbb5180-96cfedbe,bcbb5180-96cfedbe,1,1,1.0
2592,bcbb5f4d,bcbb5f4d-93c5f35d,bcbb5f4d-93c5f35d,1,1,1.0
2593,bcbbbb55,bcbbbb55-4245620b,bcbbbb55-4245620b,1,1,1.0
2594,bcbbfd82,bcbbfd82-1ca5bba1,bcbbfd82-bcc937d0,3,1,1.0
2595,bcbbfe2a,bcbbfe2a-33e57bea,bcbbfe2a-49d953fb,2,1,1.0
2596,bcbc98a8,bcbc98a8-5f8e6e4f,bcbc98a8-c87dc426,3,1,0.6666666666666666
2597,bcbd5ef7,bcbd5ef7-af0cef1a,bcbd5ef7-af0cef1a,1,1,1.0
2598,bcbd66a2,bcbd66a2-50519d2b,bcbd66a2-50519d2b,1,1,1.0
2599,bcbe3164,bcbe3164-1af2bcb3,bcbe3164-1af2bcb3,1,1,1.0
2600,bcbf328d,bcbf328d-953430de,bcbf328d-953430de,1,1,1.0
2601,bcbf4834,bcbf4834-88a0b878,bcbf4834-eed0f97c,3,1,1.0
2602,bcbfab33,bcbfab33-5add26c9,bcbfab33-5add26c9,1,1,1.0
2603,bcbfbfb8,bcbfbfb8-297deca0,bcbfbfb8-5defbc12,2,1,1.0
2604,bcc4efaf,bcc4efaf-023c2a93,bcc4efaf-023c2a93,1,1,1.0
2605,bcc567b5,bcc567b5-5d1fd0d6,bcc567b5-5d1fd0d6,1,1,1.0
2606,bcc5eb03,bcc5eb03-0660b926,bcc5eb03-0660b926,1,1,1.0
2607,bcc844b0,bcc844b0-22c90a40,bcc844b0-22c90a40,1,1,1.0
2608,bcc84a33,bcc84a33-2b38c69f,bcc84a33-2b38c69f,1,1,1.0
2609,bcc942dc,bcc942dc-d64dc48f,bcc942dc-d64dc48f,1,1,1.0
2610,bccad38e,bccad38e-0f5097a8,bccad38e-0f5097a8,1,1,1.0
2611,bccbf939,bccbf939-28a692c6,bccbf939-6f2751c6,2,1,1.0
2612,bccd4f82,bccd4f82-5c8f9f28,bccd4f82-5c8f9f28,1,1,1.0
2613,bcd02ab4,bcd02ab4-27b39461,bcd02ab4-fc291124,4,1,1.0
2614,bcd166b2,bcd166b2-944298cd,bcd166b2-944298cd,1,1,1.0
2615,bcd32109,bcd32109-8b0b1eef,bcd32109-8b0b1eef,1,1,1.0
2616,bcd37eef,bcd37eef-1b958ae3,bcd37eef-4eabe9f6,2,1,1.0
2617,bcd53258,bcd53258-8754ded0,bcd53258-8754ded0,1,1,1.0
2618,bcd596fa,bcd596fa-74094968,bcd596fa-d4c78bb9,2,1,1.0
2619,bcd8fde8,bcd8fde8-51118aa7,bcd8fde8-51118aa7,1,0,0.0
2620,bcd900a7,bcd900a7-02adf687,bcd900a7-02adf687,1,1,1.0
2621,bcd9f474,bcd9f474-7f12bf92,bcd9f474-c3a440b8,2,1,0.5
2622,bcde71de,bcde71de-1bf86b19,bcde71de-fcf3da5c,4,1,0.75
2623,bcde8605,bcde8605-3775efc5,bcde8605-3775efc5,1,1,1.0
2624,bce0262b,bce0262b-e0b48a31,bce0262b-e0b48a31,1,1,1.0
2625,bce05158,bce05158-6821fc1f,bce05158-6821fc1f,1,1,1.0
2626,bce0e6a5,bce0e6a5-b08b2906,bce0e6a5-b08b2906,1,1,1.0
2627,bce107ec,bce107ec-cae593c8,bce107ec-cae593c8,1,1,1.0
2628,bce15cb0,bce15cb0-2d6aec27,bce15cb0-2d6aec27,1,1,1.0
2629,bce1e185,bce1e185-c51123bb,bce1e185-db36dbdc,2,1,1.0
2630,bce2038a,bce2038a-e0f8e4ba,bce2038a-e0f8e4ba,1,1,1.0
2631,bce30c65,bce30c65-fbfaa66a,bce30c65-fbfaa66a,1,1,1.0
2632,bce62e5c,bce62e5c-19d7f2ce,bce62e5c-19d7f2ce,1,1,1.0
2633,bce89210,bce89210-5c5a9657,bce89210-5c5a9657,1,1,1.0
2634,bce8d1ba,bce8d1ba-60984f07,bce8d1ba-60984f07,1,1,1.0
2635,bcea7303,bcea7303-e7f7d067,bcea7303-fc913f70,2,1,1.0
2636,bceab139,bceab139-bcc7b224,bceab139-bcc7b224,1,1,1.0
2637,bcec9d23,bcec9d23-1430d31c,bcec9d23-4e8e0704,2,1,1.0
2638,bcecdb4d,bcecdb4d-825f09d4,bcecdb4d-825f09d4,1,1,1.0
2639,bced42eb,bced42eb-0b9944b1,bced42eb-bfff2d8f,2,1,1.0
2640,bceeedca,bceeedca-f0bf8606,bceeedca-f0bf8606,1,1,1.0
2641,bcef3e08,bcef3e08-16df1f59,bcef3e08-9d61dcb5,3,1,1.0
2642,bcef7536,bcef7536-5c2e5a49,bcef7536-5c2e5a49,1,1,1.0
2643,bcf0401c,bcf0401c-3f464d19,bcf0401c-3f464d19,1,1,1.0
2644,bcf483bd,bcf483bd-153ab23c,bcf483bd-153ab23c,1,1,1.0
2645,bcf55067,bcf55067-920ad457,bcf55067-c58fe85b,2,1,1.0
2646,bcf70f06,bcf70f06-5bd41cdd,bcf70f06-5bd41cdd,1,1,1.0
2647,bcf7f6b9,bcf7f6b9-8819dc29,bcf7f6b9-fc7c487f,3,1,1.0
2648,bcf80398,bcf80398-cbb33b84,bcf80398-cbb33b84,1,1,1.0
2649,bcf8b229,bcf8b229-8bcd6901,bcf8b229-8bcd6901,1,1,1.0
2650,bcf9cd99,bcf9cd99-5a125838,bcf9cd99-5a125838,1,1,1.0
2651,bcfb58e2,bcfb58e2-8a7a1c9c,bcfb58e2-8a7a1c9c,1,1,1.0
2652,bcfc54ad,bcfc54ad-c713893a,bcfc54ad-c713893a,1,1,1.0
2653,bcfd6756,bcfd6756-af532d4e,bcfd6756-af532d4e,1,1,1.0
2654,bcfdd6af,bcfdd6af-698c03e3,bcfdd6af-c3d0b55a,2,1,1.0
2655,bd026bc5,bd026bc5-1d80043b,bd026bc5-9418706c,3,1,1.0
2656,bd0380e5,bd0380e5-846f84bb,bd0380e5-de0cc7cb,4,1,1.0
2657,bd0550ce,bd0550ce-ad1da2ed,bd0550ce-ad1da2ed,1,1,1.0
2658,bd056a69,bd056a69-676260f6,bd056a69-676260f6,1,1,1.0
2659,bd05c4b3,bd05c4b3-a22bd6c8,bd05c4b3-a22bd6c8,1,1,1.0
2660,bd0829be,bd0829be-0bb0f1cb,bd0829be-ba790c09,3,1,1.0
2661,bd08d471,bd08d471-cb9e4be6,bd08d471-cb9e4be6,1,1,1.0
2662,bd0a1433,bd0a1433-99c735e8,bd0a1433-99c735e8,1,1,1.0
2663,bd0b3e14,bd0b3e14-8b246958,bd0b3e14-8b246958,1,1,1.0
2664,bd0db9ed,bd0db9ed-cdca9422,bd0db9ed-cdca9422,1,1,1.0
2665,bd115f00,bd115f00-0b9baf0b,bd115f00-0b9baf0b,1,0,0.0
2666,bd121728,bd121728-992c6e4f,bd121728-992c6e4f,1,1,1.0
2667,bd137ab1,bd137ab1-ab686c3d,bd137ab1-ab686c3d,1,1,1.0
2668,bd138b54,bd138b54-7e85623f,bd138b54-7e85623f,1,1,1.0
2669,bd1416c5,bd1416c5-7de887bb,bd1416c5-e973335b,2,1,1.0
2670,bd1493ce,bd1493ce-0aa8dff9,bd1493ce-17a1f286,2,1,0.5
2671,bd14a97d,bd14a97d-cb209ed9,bd14a97d-cb209ed9,1,1,1.0
2672,bd16d59f,bd16d59f-bd4eedcd,bd16d59f-bd4eedcd,1,1,1.0
2673,bd16f675,bd16f675-095a9e20,bd16f675-095a9e20,1,1,1.0
2674,bd17816c,bd17816c-ad66db63,bd17816c-ad66db63,1,1,1.0
2675,bd1a890a,bd1a890a-bfdbea88,bd1a890a-bfdbea88,1,1,1.0
2676,bd1ae0c2,bd1ae0c2-325d1820,bd1ae0c2-dfbaafca,3,1,1.0
2677,bd1b8b79,bd1b8b79-10f4b3af,bd1b8b79-eb8f047f,8,1,1.0
2678,bd1bdca8,bd1bdca8-3cc740b7,bd1bdca8-3cc740b7,1,1,1.0
2679,bd1c6dd5,bd1c6dd5-1534269e,bd1c6dd5-1534269e,1,1,1.0
2680,bd1cf9f7,bd1cf9f7-e0d0fcd9,bd1cf9f7-e0d0fcd9,1,1,1.0
2681,bd1d310c,bd1d310c-f5fb429f,bd1d310c-f5fb429f,1,1,1.0
2682,bd1d6a81,bd1d6a81-01f9b2c4,bd1d6a81-01f9b2c4,1,1,1.0
2683,bd1e4e5b,bd1e4e5b-2a9ffc3f,bd1e4e5b-cefe603f,3,1,1.0
2684,bd1e9944,bd1e9944-4fd7ac70,bd1e9944-4fd7ac70,1,1,1.0
2685,bd204fcd,bd204fcd-75ab6967,bd204fcd-75ab6967,1,1,1.0
2686,bd21d7a7,bd21d7a7-85941f4d,bd21d7a7-85941f4d,1,1,1.0
2687,bd22225e,bd22225e-3eeb6fda,bd22225e-664f20be,2,1,1.0
2688,bd239c09,bd239c09-07398e07,bd239c09-f3112785,2,1,1.0
2689,bd2646a4,bd2646a4-977c94a5,bd2646a4-977c94a5,1,1,1.0
2690,bd28ebc2,bd28ebc2-4de19d20,bd28ebc2-4de19d20,1,1,1.0
2691,bd290539,bd290539-038f7b75,bd290539-e7fe47b4,3,1,1.0
2692,bd2cad94,bd2cad94-ee63e010,bd2cad94-ee63e010,1,1,1.0
2693,bd2dfe52,bd2dfe52-a557f832,bd2dfe52-a557f832,1,1,1.0
2694,bd2fd996,bd2fd996-71e2a020,bd2fd996-9d659d30,2,1,1.0
2695,bd31fb8b,bd31fb8b-28ae6a12,bd31fb8b-28ae6a12,1,1,1.0
2696,bd320d5f,bd320d5f-f6fd0850,bd320d5f-f6fd0850,1,1,1.0
2697,bd338426,bd338426-4b27de63,bd338426-a0b4e877,2,1,1.0
2698,bd34d992,bd34d992-8b08de8e,bd34d992-8b08de8e,1,0,0.0
2699,bd354e59,bd354e59-e5a9e8c6,bd354e59-e5a9e8c6,1,1,1.0
2700,bd355fcc,bd355fcc-3c7a6e8f,bd355fcc-e43df88a,13,1,0.9230769230769231
2701,bd39c71a,bd39c71a-5f45bcc3,bd39c71a-5f45bcc3,1,1,1.0
2702,bd3a9dfd,bd3a9dfd-4b1dd476,bd3a9dfd-4b1dd476,1,1,1.0
2703,bd3bd3ab,bd3bd3ab-4c7b11e8,bd3bd3ab-d7f3de9e,7,1,1.0
2704,bd3bfd8d,bd3bfd8d-733939c0,bd3bfd8d-733939c0,1,1,1.0
2705,bd3c3916,bd3c3916-579aeb09,bd3c3916-579aeb09,1,1,1.0
2706,bd3dc2ff,bd3dc2ff-243f2c63,bd3dc2ff-243f2c63,1,1,1.0
2707,bd415d27,bd415d27-9b1d4637,bd415d27-9b1d4637,1,1,1.0
2708,bd422ce5,bd422ce5-0045fc82,bd422ce5-0045fc82,1,1,1.0
2709,bd442c6f,bd442c6f-16ff171d,bd442c6f-d404189c,3,1,1.0
2710,bd4518ef,bd4518ef-21d8ee40,bd4518ef-d4c1fa7f,4,1,1.0
2711,bd46953e,bd46953e-1bb2f914,bd46953e-3f51d76e,2,1,1.0
2712,bd46bba0,bd46bba0-2990928d,bd46bba0-fadf1d6d,3,1,1.0
2713,bd4a61fd,bd4a61fd-4b64ea82,bd4a61fd-fb447d72,3,1,1.0
2714,bd4aeaaf,bd4aeaaf-a26c8bc2,bd4aeaaf-a26c8bc2,1,1,1.0
2715,bd4c1d7e,bd4c1d7e-24700e36,bd4c1d7e-9edc4d74,2,1,1.0
2716,bd4c8e34,bd4c8e34-0a6f19e0,bd4c8e34-0a6f19e0,1,1,1.0
2717,bd4f2165,bd4f2165-76098163,bd4f2165-76098163,1,1,1.0
2718,bd50478a,bd50478a-4eb79ba3,bd50478a-9599eab3,4,1,1.0
2719,bd505c1f,bd505c1f-26a9accf,bd505c1f-26a9accf,1,1,1.0
2720,bd507fe5,bd507fe5-c54d7cb2,bd507fe5-eca39153,2,1,1.0
2721,bd50d9a3,bd50d9a3-1e2466bf,bd50d9a3-1e2466bf,1,1,1.0
2722,bd512863,bd512863-2e6735a4,bd512863-814ab9b3,2,1,1.0
2723,bd51fb57,bd51fb57-1ac69b0a,bd51fb57-fee52768,3,1,1.0
2724,bd52701c,bd52701c-66ce9738,bd52701c-66ce9738,1,0,0.0
2725,bd554ae8,bd554ae8-2c8c08df,bd554ae8-bcb18664,2,1,1.0
2726,bd57e60e,bd57e60e-04fe485e,bd57e60e-f3226561,6,1,1.0
2727,bd5a0062,bd5a0062-2a7bbf28,bd5a0062-f462f63f,6,1,1.0
2728,bd5a17ac,bd5a17ac-7ca4403f,bd5a17ac-7ca4403f,1,1,1.0
2729,bd5bb58b,bd5bb58b-24a6f5e7,bd5bb58b-7daa536b,4,1,1.0
2730,bd5c34f4,bd5c34f4-32c7b145,bd5c34f4-f39f6dfc,3,1,0.6666666666666666
2731,bd5cf21a,bd5cf21a-e6b9587e,bd5cf21a-e6b9587e,1,1,1.0
2732,bd5d35a0,bd5d35a0-1357b0da,bd5d35a0-1357b0da,1,1,1.0
2733,bd5e7386,bd5e7386-b01b09fb,bd5e7386-b01b09fb,1,1,1.0
2734,bd5e847a,bd5e847a-dd8e1bb1,bd5e847a-fff41819,2,1,0.5
2735,bd5f0e20,bd5f0e20-1792f900,bd5f0e20-1792f900,1,1,1.0
2736,bd5f8f37,bd5f8f37-b3008fa1,bd5f8f37-b3008fa1,1,1,1.0
2737,bd5fe5fb,bd5fe5fb-dfcd1cd2,bd5fe5fb-dfcd1cd2,1,1,1.0
2738,bd5ff552,bd5ff552-c187e5df,bd5ff552-c187e5df,1,1,1.0
2739,bd60211c,bd60211c-05ed033f,bd60211c-16e100ad,3,1,0.6666666666666666
2740,bd605431,bd605431-86ad04a8,bd605431-86ad04a8,1,0,0.0
2741,bd60d984,bd60d984-66b1a49f,bd60d984-66b1a49f,1,1,1.0
2742,bd626633,bd626633-996f4be9,bd626633-ad3626a7,2,1,1.0
2743,bd64fd99,bd64fd99-26f9d430,bd64fd99-8e69563f,2,1,1.0
2744,bd656105,bd656105-bfcf9d5c,bd656105-efa0deab,4,1,1.0
2745,bd656502,bd656502-f04cf4da,bd656502-f04cf4da,1,1,1.0
2746,bd6587ba,bd6587ba-95d6751f,bd6587ba-95d6751f,1,0,0.0
2747,bd65dd37,bd65dd37-4c3cdf2d,bd65dd37-4c3cdf2d,1,1,1.0
2748,bd67113a,bd67113a-5b83fcdb,bd67113a-5b83fcdb,1,1,1.0
2749,bd686201,bd686201-03e84da0,bd686201-03e84da0,1,1,1.0
2750,bd6a2c09,bd6a2c09-b3b84f57,bd6a2c09-b3b84f57,1,1,1.0
2751,bd6b95b2,bd6b95b2-28d783a3,bd6b95b2-28d783a3,1,1,1.0
2752,bd6c7aef,bd6c7aef-750b28cc,bd6c7aef-f3373443,2,1,1.0
2753,bd6ca291,bd6ca291-74e28b01,bd6ca291-fe4a1b48,3,1,1.0
2754,bd6dcefc,bd6dcefc-3af00f57,bd6dcefc-68d695b9,2,1,1.0
2755,bd70577b,bd70577b-474e104b,bd70577b-b4dd3097,3,1,0.6666666666666666
2756,bd715c1c,bd715c1c-09221d95,bd715c1c-09221d95,1,1,1.0
2757,bd735753,bd735753-10912d8b,bd735753-5d67127a,4,1,1.0
2758,bd75454a,bd75454a-69e7f645,bd75454a-69e7f645,1,1,1.0
2759,bd75e563,bd75e563-15ee6e1d,bd75e563-15ee6e1d,1,1,1.0
2760,bd7c460d,bd7c460d-4a317a77,bd7c460d-4a317a77,1,0,0.0
2761,bd7cb9e1,bd7cb9e1-65b08f46,bd7cb9e1-eb5b2227,2,1,0.5
2762,bd7ccf83,bd7ccf83-18bccb70,bd7ccf83-18bccb70,1,1,1.0
2763,bd7d1552,bd7d1552-c7a94b06,bd7d1552-c7a94b06,1,1,1.0
2764,bd7f150c,bd7f150c-c557afa7,bd7f150c-c557afa7,1,1,1.0
2765,bd7f7061,bd7f7061-601abafd,bd7f7061-601abafd,1,1,1.0
2766,bd812175,bd812175-88bdcb99,bd812175-fc557aa4,3,1,1.0
2767,bd816a01,bd816a01-87bcd028,bd816a01-fa31ce3d,2,1,1.0
2768,bd8268a2,bd8268a2-a924aa0b,bd8268a2-a924aa0b,1,1,1.0
2769,bd82f517,bd82f517-793eb747,bd82f517-d1af5063,2,1,1.0
2770,bd8aa347,bd8aa347-4a6405a9,bd8aa347-4a6405a9,1,1,1.0
2771,bd8d420d,bd8d420d-ec34c634,bd8d420d-ec34c634,1,1,1.0
2772,bd8e0b69,bd8e0b69-64d450fe,bd8e0b69-64d450fe,1,1,1.0
2773,bd8f4dfa,bd8f4dfa-4e126a95,bd8f4dfa-52cf9375,2,1,0.5
2774,bd8f5fcd,bd8f5fcd-2f54a72b,bd8f5fcd-e5d1d498,2,1,1.0
2775,bd92c756,bd92c756-0eee51cd,bd92c756-d4b30972,3,1,1.0
2776,bd92f6ee,bd92f6ee-8128cb11,bd92f6ee-e7e097b5,2,1,1.0
2777,bd931a20,bd931a20-031fbc84,bd931a20-7ed66a53,2,1,1.0
2778,bd937f4d,bd937f4d-6c06e8b4,bd937f4d-6c06e8b4,1,1,1.0
2779,bd956549,bd956549-140a4edf,bd956549-140a4edf,1,1,1.0
2780,bd958472,bd958472-d0a74e2f,bd958472-d0a74e2f,1,1,1.0
2781,bd95af88,bd95af88-2228e86b,bd95af88-2228e86b,1,1,1.0
2782,bd9881c7,bd9881c7-682619d1,bd9881c7-682619d1,1,1,1.0
2783,bd98917f,bd98917f-b19d03f7,bd98917f-b19d03f7,1,1,1.0
2784,bd989210,bd989210-0c8eacc1,bd989210-ecdee00d,6,1,1.0
2785,bd998983,bd998983-63d9420a,bd998983-63d9420a,1,1,1.0
2786,bd99cc57,bd99cc57-f7a56498,bd99cc57-f7a56498,1,1,1.0
2787,bd99da12,bd99da12-66a3321c,bd99da12-66a3321c,1,1,1.0
2788,bd9ad5aa,bd9ad5aa-3d7d3c6b,bd9ad5aa-fe1b1a19,2,1,1.0
2789,bd9d3b75,bd9d3b75-78d7026c,bd9d3b75-c7800908,2,1,1.0
2790,bd9dbebc,bd9dbebc-30ccb9f3,bd9dbebc-fc042836,4,1,1.0
2791,bd9fdd5a,bd9fdd5a-4c17304a,bd9fdd5a-adc5bd8b,4,1,1.0
2792,bda04f67,bda04f67-927d28d6,bda04f67-927d28d6,1,1,1.0
2793,bda149bd,bda149bd-02d7100c,bda149bd-02d7100c,1,1,1.0
2794,bda1719b,bda1719b-476378b3,bda1719b-476378b3,1,1,1.0
2795,bda1cdfa,bda1cdfa-5da26736,bda1cdfa-ecdcbce2,3,1,1.0
2796,bda20cf9,bda20cf9-07b680fc,bda20cf9-258f2c93,2,1,1.0
2797,bda2a452,bda2a452-8a54fc2c,bda2a452-dd99ae7d,2,1,1.0
2798,bda35230,bda35230-332be7ac,bda35230-332be7ac,1,1,1.0
2799,bda3c743,bda3c743-b1fd3647,bda3c743-b1fd3647,1,1,1.0
2800,bda46285,bda46285-116182b2,bda46285-1ec1d198,2,1,1.0
2801,bda48a2c,bda48a2c-ea6ab69b,bda48a2c-ea6ab69b,1,1,1.0
2802,bda52dd7,bda52dd7-f0a0dd1a,bda52dd7-f0a0dd1a,1,1,1.0
2803,bda60c48,bda60c48-07ab78ed,bda60c48-07ab78ed,1,1,1.0
2804,bda73daa,bda73daa-db213864,bda73daa-db213864,1,1,1.0
2805,bda88326,bda88326-42cec697,bda88326-42cec697,1,1,1.0
2806,bda8b780,bda8b780-12d402fd,bda8b780-12d402fd,1,1,1.0
2807,bda90d90,bda90d90-4fff70f2,bda90d90-4fff70f2,1,1,1.0
2808,bda9da90,bda9da90-68225671,bda9da90-68225671,1,1,1.0
2809,bdaa85ab,bdaa85ab-e9df4c81,bdaa85ab-e9df4c81,1,1,1.0
2810,bdaa98a5,bdaa98a5-d23583cb,bdaa98a5-d23583cb,1,1,1.0
2811,bdabbd46,bdabbd46-59d2ac28,bdabbd46-c58c1d2f,2,1,1.0
2812,bdacfa22,bdacfa22-5563c8aa,bdacfa22-5563c8aa,1,1,1.0
2813,bdad4028,bdad4028-be5b45a6,bdad4028-be5b45a6,1,1,1.0
2814,bdae005f,bdae005f-1c0f2e8b,bdae005f-d0bb4101,5,1,1.0
2815,bdae464f,bdae464f-1fc229cc,bdae464f-1fc229cc,1,1,1.0
2816,bdae58fa,bdae58fa-d3c8737c,bdae58fa-d3c8737c,1,1,1.0
2817,bdaeda37,bdaeda37-6b0b9900,bdaeda37-dfe74a95,4,1,0.75
2818,bdafde0d,bdafde0d-03216895,bdafde0d-03216895,1,1,1.0
2819,bdb035d5,bdb035d5-c1048cf3,bdb035d5-c1048cf3,1,1,1.0
2820,bdb26d74,bdb26d74-327526b3,bdb26d74-327526b3,1,0,0.0
2821,bdb2f6cb,bdb2f6cb-5c0f0ee8,bdb2f6cb-8da5fa42,2,1,1.0
2822,bdb3c90f,bdb3c90f-095103e9,bdb3c90f-dba6400e,3,1,1.0
2823,bdb56045,bdb56045-34d3f697,bdb56045-bbf84cef,3,1,0.6666666666666666
2824,bdb610dc,bdb610dc-15dd7f0f,bdb610dc-e64667d9,2,1,1.0
2825,bdb615e0,bdb615e0-d78e2a9c,bdb615e0-d78e2a9c,1,1,1.0
2826,bdb658c2,bdb658c2-01af4ab1,bdb658c2-f38bc8c3,2,1,1.0
2827,bdb85450,bdb85450-4e8d9c80,bdb85450-4e8d9c80,1,1,1.0
2828,bdb90975,bdb90975-a729ef7b,bdb90975-a729ef7b,1,1,1.0
2829,bdb95837,bdb95837-032891c3,bdb95837-a9465f1b,6,1,1.0
2830,bdba96db,bdba96db-510677bf,bdba96db-85f26106,2,1,1.0
2831,bdbd6b9f,bdbd6b9f-c0f31952,bdbd6b9f-c0f31952,1,1,1.0
2832,bdbdc4df,bdbdc4df-2f7a140d,bdbdc4df-8b2c5f23,2,1,1.0
2833,bdbfc024,bdbfc024-03ba558f,bdbfc024-d4ec7ef3,2,1,1.0
2834,bdc0dc52,bdc0dc52-b4d05890,bdc0dc52-b4d05890,1,1,1.0
2835,bdc15316,bdc15316-23cfff61,bdc15316-ac33f22c,2,1,1.0
2836,bdc3e97b,bdc3e97b-12e4e776,bdc3e97b-67eee595,3,1,1.0
2837,bdc4990a,bdc4990a-bd8d6052,bdc4990a-bd8d6052,1,1,1.0
2838,bdc7adfd,bdc7adfd-ac352f36,bdc7adfd-ac352f36,1,1,1.0
2839,bdc7ed93,bdc7ed93-19e4b08c,bdc7ed93-f8378699,4,1,1.0
2840,bdc89152,bdc89152-2b7aec87,bdc89152-2b7aec87,1,1,1.0
2841,bdcac585,bdcac585-ea8f25b1,bdcac585-ea8f25b1,1,1,1.0
2842,bdcb68eb,bdcb68eb-1d074566,bdcb68eb-e897551f,5,1,1.0
2843,bdcd1ea1,bdcd1ea1-ad1f4ec3,bdcd1ea1-ad1f4ec3,1,1,1.0
2844,bdcd6f24,bdcd6f24-0b1af2bf,bdcd6f24-e3a675af,4,1,1.0
2845,bdcda664,bdcda664-848e5b1e,bdcda664-848e5b1e,1,1,1.0
2846,bdcf5742,bdcf5742-bd173465,bdcf5742-bd173465,1,1,1.0
2847,bdcff5f0,bdcff5f0-83dbf6d8,bdcff5f0-83dbf6d8,1,1,1.0
2848,bdd0049d,bdd0049d-8c592c39,bdd0049d-8c592c39,1,1,1.0
2849,bdd20a54,bdd20a54-d852fa69,bdd20a54-d852fa69,1,1,1.0
2850,bdd2e58a,bdd2e58a-f9784bf8,bdd2e58a-f9784bf8,1,1,1.0
2851,bdd316c8,bdd316c8-a0c21dcc,bdd316c8-a0c21dcc,1,1,1.0
2852,bdd3a05e,bdd3a05e-3d61cb4e,bdd3a05e-5d28f64d,2,1,1.0
2853,bdd3c8b3,bdd3c8b3-ff26c094,bdd3c8b3-ff26c094,1,1,1.0
2854,bdd42bec,bdd42bec-5fe93b9b,bdd42bec-c050a953,2,1,1.0
2855,bdd463a8,bdd463a8-387d221a,bdd463a8-94969b77,2,1,1.0
2856,bdd5b47b,bdd5b47b-d9ea627b,bdd5b47b-d9ea627b,1,1,1.0
2857,bdd645df,bdd645df-90aa8572,bdd645df-90aa8572,1,1,1.0
2858,bdd6d823,bdd6d823-2c4989f0,bdd6d823-659f71fd,2,1,1.0
2859,bdd7290c,bdd7290c-d5f718f4,bdd7290c-d5f718f4,1,1,1.0
2860,bdd7c984,bdd7c984-3c3a2fc4,bdd7c984-3c3a2fc4,1,0,0.0
2861,bdd853b8,bdd853b8-4b3664f3,bdd853b8-4b3664f3,1,1,1.0
2862,bdda4e2e,bdda4e2e-6d2bc480,bdda4e2e-6d2bc480,1,1,1.0
2863,bddb3423,bddb3423-37178861,bddb3423-37178861,1,1,1.0
2864,bddc1656,bddc1656-56674ab3,bddc1656-56674ab3,1,1,1.0
2865,bddce207,bddce207-87f8c60f,bddce207-87f8c60f,1,1,1.0
2866,bddd9d1b,bddd9d1b-77a23376,bddd9d1b-b65a1301,2,1,1.0
2867,bdde507b,bdde507b-1ce1ac20,bdde507b-1ce1ac20,1,1,1.0
2868,bddeaad4,bddeaad4-d1272691,bddeaad4-d1272691,1,1,1.0
2869,bde0caa6,bde0caa6-d7d428b5,bde0caa6-d7d428b5,1,1,1.0
2870,bde10ba1,bde10ba1-966885c2,bde10ba1-966885c2,1,1,1.0
2871,bde48a59,bde48a59-81b1f93a,bde48a59-81b1f93a,1,1,1.0
2872,bde48e24,bde48e24-e9aba0dc,bde48e24-e9aba0dc,1,1,1.0
2873,bde48f5b,bde48f5b-c09a6b7b,bde48f5b-c09a6b7b,1,1,1.0
2874,bde4c586,bde4c586-85d19762,bde4c586-85d19762,1,1,1.0
2875,bde6526d,bde6526d-224f7ea1,bde6526d-224f7ea1,1,1,1.0
2876,bde65a81,bde65a81-fb6b43cc,bde65a81-fb6b43cc,1,1,1.0
2877,bde6a41e,bde6a41e-1935bf93,bde6a41e-1935bf93,1,1,1.0
2878,bde7a73a,bde7a73a-ee84f1a1,bde7a73a-ee84f1a1,1,1,1.0
2879,bde8262d,bde8262d-4abf8f63,bde8262d-4abf8f63,1,0,0.0
2880,bde83a65,bde83a65-61f8f702,bde83a65-d8ce4ddc,2,1,1.0
2881,bde95d2c,bde95d2c-6c4a2eca,bde95d2c-6c4a2eca,1,1,1.0
2882,bde96867,bde96867-d909dae7,bde96867-d909dae7,1,1,1.0
2883,bde9f2e6,bde9f2e6-e059e5e3,bde9f2e6-e059e5e3,1,1,1.0
2884,bdec2416,bdec2416-d18fb371,bdec2416-d18fb371,1,1,1.0
2885,bdec39d8,bdec39d8-c94681b3,bdec39d8-f1063651,2,1,1.0
2886,bded2d56,bded2d56-8641bc0d,bded2d56-9a09a78b,2,1,1.0
2887,bdeec3db,bdeec3db-2a9088a9,bdeec3db-d7908ef3,3,1,1.0
2888,bdf19076,bdf19076-c53d74c5,bdf19076-c53d74c5,1,1,1.0
2889,bdf33dc4,bdf33dc4-ae128055,bdf33dc4-f1a43120,3,1,1.0
2890,bdf3c743,bdf3c743-95dacd5d,bdf3c743-95dacd5d,1,1,1.0
2891,bdf58c55,bdf58c55-33117846,bdf58c55-dee0b9f7,2,1,1.0
2892,bdf6ab8b,bdf6ab8b-3ebe8356,bdf6ab8b-3ebe8356,1,1,1.0
2893,bdf775d9,bdf775d9-3cb15a15,bdf775d9-3cb15a15,1,1,1.0
2894,bdf8fcad,bdf8fcad-32d6edca,bdf8fcad-f9afb0af,4,1,1.0
2895,bdf90fcb,bdf90fcb-d42380c0,bdf90fcb-d42380c0,1,1,1.0
2896,bdfa3a60,bdfa3a60-fdd4a2f9,bdfa3a60-fdd4a2f9,1,1,1.0
2897,bdfc0f1d,bdfc0f1d-375eba4a,bdfc0f1d-375eba4a,1,1,1.0
2898,bdfc6bf1,bdfc6bf1-523e96ae,bdfc6bf1-523e96ae,1,1,1.0
2899,bdfd3a09,bdfd3a09-7a86654b,bdfd3a09-7a86654b,1,1,1.0
2900,be005230,be005230-7facbb3e,be005230-7facbb3e,1,1,1.0
2901,be00866b,be00866b-4eba6f90,be00866b-4eba6f90,1,1,1.0
2902,be00937a,be00937a-8e571604,be00937a-98783429,2,1,1.0
2903,be021235,be021235-7920ed09,be021235-7920ed09,1,1,1.0
2904,be042f25,be042f25-579f9c94,be042f25-579f9c94,1,1,1.0
2905,be0456d5,be0456d5-e34d2c07,be0456d5-e34d2c07,1,1,1.0
2906,be045ad5,be045ad5-53b75245,be045ad5-53b75245,1,1,1.0
2907,be047105,be047105-0662bd2d,be047105-ea277d1d,2,1,1.0
2908,be0571c8,be0571c8-03dae021,be0571c8-03dae021,1,1,1.0
2909,be06ff35,be06ff35-0a94dfb1,be06ff35-ea007cf3,3,1,1.0
2910,be08673a,be08673a-fe5b7035,be08673a-fe5b7035,1,1,1.0
2911,be099a06,be099a06-28b7d23f,be099a06-dc3c20e8,2,1,1.0
2912,be09d50a,be09d50a-24bc5168,be09d50a-24bc5168,1,1,1.0
2913,be0a188d,be0a188d-c47bac51,be0a188d-c47bac51,1,1,1.0
2914,be0c9d29,be0c9d29-04747419,be0c9d29-04747419,1,1,1.0
2915,be0fdf82,be0fdf82-5cb62b50,be0fdf82-eb463749,3,1,1.0
2916,be10fa73,be10fa73-121083df,be10fa73-da2fa32f,3,1,1.0
2917,be11b82c,be11b82c-0873ebca,be11b82c-0873ebca,1,1,1.0
2918,be12aefd,be12aefd-283e0fe4,be12aefd-dad8b385,2,1,1.0
2919,be144a33,be144a33-80fe4232,be144a33-c0b91172,2,1,1.0
2920,be177534,be177534-4a736a9b,be177534-4a736a9b,1,1,1.0
2921,be18edca,be18edca-1dac55eb,be18edca-1dac55eb,1,1,1.0
2922,be18f4e6,be18f4e6-a2770590,be18f4e6-a2770590,1,1,1.0
2923,be1a0aee,be1a0aee-7127f0d8,be1a0aee-7127f0d8,1,1,1.0
2924,be1a8e59,be1a8e59-2a59e33c,be1a8e59-2a59e33c,1,1,1.0
2925,be1e235b,be1e235b-e033239e,be1e235b-e033239e,1,1,1.0
2926,be1ed8ce,be1ed8ce-38edbe34,be1ed8ce-38edbe34,1,1,1.0
2927,be2034df,be2034df-1d272a6f,be2034df-a6b260a5,3,1,1.0
2928,be22622e,be22622e-20122a8f,be22622e-3712dbc2,2,1,1.0
2929,be22a1e1,be22a1e1-cbcd82a6,be22a1e1-cbcd82a6,1,1,1.0
2930,be269fc3,be269fc3-4ac017bd,be269fc3-4ac017bd,1,1,1.0
2931,be26ac57,be26ac57-35dabb9c,be26ac57-35dabb9c,1,1,1.0
2932,be273f87,be273f87-6eaea9ee,be273f87-b164bca1,4,1,1.0
2933,be278041,be278041-2173a980,be278041-2173a980,1,1,1.0
2934,be2ad3df,be2ad3df-225b267d,be2ad3df-225b267d,1,1,1.0
2935,be2b1f01,be2b1f01-892bf2bb,be2b1f01-892bf2bb,1,1,1.0
2936,be2c1849,be2c1849-0713082f,be2c1849-ed1a9103,6,1,1.0
2937,be2c4865,be2c4865-14b12388,be2c4865-af9a958b,2,1,1.0
2938,be2c66b0,be2c66b0-2bc5eec8,be2c66b0-2bc5eec8,1,1,1.0
2939,be2d3f1c,be2d3f1c-2644c9e3,be2d3f1c-2644c9e3,1,1,1.0
2940,be2d5044,be2d5044-9707da3e,be2d5044-9707da3e,1,1,1.0
2941,be2e23f5,be2e23f5-7fdb7597,be2e23f5-7fdb7597,1,1,1.0
2942,be2ec34b,be2ec34b-bcdc0b2a,be2ec34b-bcdc0b2a,1,1,1.0
2943,be2fbf0b,be2fbf0b-5d71c655,be2fbf0b-5d71c655,1,1,1.0
2944,be307493,be307493-2750cf96,be307493-a2247ebf,2,1,0.5
2945,be3147c4,be3147c4-1f271e92,be3147c4-1f271e92,1,1,1.0
2946,be3159f3,be3159f3-13250ffe,be3159f3-16212270,2,1,1.0
2947,be3294d0,be3294d0-a580161f,be3294d0-e1c119ea,2,1,1.0
2948,be3301b2,be3301b2-9bb342d3,be3301b2-f3d95701,3,1,1.0
2949,be35fa0d,be35fa0d-caedd8ab,be35fa0d-caedd8ab,1,1,1.0
2950,be3618b4,be3618b4-27d60dcd,be3618b4-27d60dcd,1,1,1.0
2951,be362fff,be362fff-99b5dd8b,be362fff-99b5dd8b,1,1,1.0
2952,be377d8f,be377d8f-7c22e445,be377d8f-7c22e445,1,1,1.0
2953,be37b92a,be37b92a-4873e7e0,be37b92a-4873e7e0,1,1,1.0
2954,be395d23,be395d23-22773837,be395d23-2df9d7c9,2,1,1.0
2955,be39c92f,be39c92f-392bb50a,be39c92f-cef221af,2,1,0.5
2956,be39e3ab,be39e3ab-8e532208,be39e3ab-8e532208,1,1,1.0
2957,be39f3f1,be39f3f1-2d48f83e,be39f3f1-2d48f83e,1,1,1.0
2958,be3a20e2,be3a20e2-7791c4b9,be3a20e2-7791c4b9,1,1,1.0
2959,be3a5c0b,be3a5c0b-16533792,be3a5c0b-16533792,1,1,1.0
2960,be3b7c5d,be3b7c5d-d25131a7,be3b7c5d-d25131a7,1,1,1.0
2961,be3d3a81,be3d3a81-326a032d,be3d3a81-326a032d,1,1,1.0
2962,be3e9c45,be3e9c45-d47775f3,be3e9c45-d47775f3,1,1,1.0
2963,be3f0272,be3f0272-4444e669,be3f0272-4444e669,1,1,1.0
2964,be40bcad,be40bcad-48aead92,be40bcad-48aead92,1,1,1.0
2965,be40c69d,be40c69d-16a90cda,be40c69d-16a90cda,1,1,1.0
2966,be41362b,be41362b-587a17b4,be41362b-f6a4eb1c,4,1,1.0
2967,be415cb5,be415cb5-0f27b485,be415cb5-0f27b485,1,1,1.0
2968,be42bfaa,be42bfaa-3ebf6b5c,be42bfaa-3ebf6b5c,1,1,1.0
2969,be42e5e6,be42e5e6-33445d5b,be42e5e6-73d1f920,2,1,1.0
2970,be448414,be448414-11891b58,be448414-f60b61c9,2,1,1.0
2971,be449d8d,be449d8d-288c49bd,be449d8d-c3a01551,2,1,1.0
2972,be45679b,be45679b-3cf3ef8d,be45679b-3cf3ef8d,1,1,1.0
2973,be4593fb,be4593fb-9e1ec483,be4593fb-9e1ec483,1,1,1.0
2974,be463595,be463595-0ac17b97,be463595-760f4698,4,1,1.0
2975,be46639a,be46639a-25990c25,be46639a-25990c25,1,1,1.0
2976,be47d849,be47d849-da84aa8a,be47d849-da84aa8a,1,1,1.0
2977,be49ae7a,be49ae7a-1ffaa683,be49ae7a-1ffaa683,1,1,1.0
2978,be49ccee,be49ccee-b084e427,be49ccee-b084e427,1,1,1.0
2979,be4a418e,be4a418e-8e95d178,be4a418e-8e95d178,1,1,1.0
2980,be4ca8c8,be4ca8c8-d651db6c,be4ca8c8-d651db6c,1,0,0.0
2981,be4cbd00,be4cbd00-06f42982,be4cbd00-97fec78b,2,1,1.0
2982,be4f207d,be4f207d-cd1dcff1,be4f207d-cd1dcff1,1,1,1.0
2983,be4f3873,be4f3873-33c738a5,be4f3873-33c738a5,1,1,1.0
2984,be4f53be,be4f53be-3e8f170e,be4f53be-a7d26a38,2,1,1.0
2985,be501fd0,be501fd0-e063aff3,be501fd0-e063aff3,1,1,1.0
2986,be524f22,be524f22-671e4f73,be524f22-671e4f73,1,1,1.0
2987,be52b29f,be52b29f-0ae76ecf,be52b29f-de33251f,7,1,1.0
2988,be535920,be535920-9cc2e6aa,be535920-9cc2e6aa,1,1,1.0
2989,be554fed,be554fed-4ac78405,be554fed-f627824e,5,1,1.0
2990,be5559e0,be5559e0-15ecaa2b,be5559e0-15ecaa2b,1,1,1.0
2991,be56ab92,be56ab92-96e20e29,be56ab92-da00e516,2,1,1.0
2992,be5b8df4,be5b8df4-72b40d4c,be5b8df4-f47db0e2,5,1,0.8
2993,be5c5aae,be5c5aae-206ccb9c,be5c5aae-d31145ff,4,1,1.0
2994,be5ca08c,be5ca08c-52c0860e,be5ca08c-52c0860e,1,1,1.0
2995,be5ca360,be5ca360-3585455f,be5ca360-afcedc9e,2,1,1.0
2996,be5ec90e,be5ec90e-8f48d12d,be5ec90e-8f48d12d,1,1,1.0
2997,be60191c,be60191c-2dea5114,be60191c-cade58a2,3,1,0.6666666666666666
2998,be614466,be614466-2e58f448,be614466-2e58f448,1,1,1.0
2999,be62c9ed,be62c9ed-524c83e8,be62c9ed-cfe00d7a,2,1,1.0
3000,be64f818,be64f818-053b36ba,be64f818-053b36ba,1,0,0.0
3001,be651ed5,be651ed5-02659bee,be651ed5-eceae7bc,14,1,1.0
3002,be651ffd,be651ffd-0bc74ac7,be651ffd-cf17daaf,2,1,1.0
3003,be66a004,be66a004-91dbe123,be66a004-91dbe123,1,1,1.0
3004,be67f423,be67f423-8aec9ba5,be67f423-8aec9ba5,1,1,1.0
3005,be689d93,be689d93-672d54ff,be689d93-672d54ff,1,1,1.0
3006,be6b4502,be6b4502-b150e016,be6b4502-e0c95034,2,1,1.0
3007,be6ed1f7,be6ed1f7-853489ce,be6ed1f7-dd0e252b,2,1,0.5
3008,be6fd6ac,be6fd6ac-158f717e,be6fd6ac-a0cc8633,4,1,0.75
3009,be6feca9,be6feca9-888ffd4c,be6feca9-888ffd4c,1,1,1.0
3010,be724abb,be724abb-9a2a625c,be724abb-9a2a625c,1,1,1.0
3011,be731030,be731030-7593da2a,be731030-c29affd6,3,1,1.0
3012,be73806a,be73806a-cd8633af,be73806a-cd8633af,1,1,1.0
3013,be769e9f,be769e9f-abea5fd9,be769e9f-ed37df2b,2,1,1.0
3014,be76ea62,be76ea62-78b2c8f8,be76ea62-78b2c8f8,1,0,0.0
3015,be776742,be776742-fe6599b2,be776742-fe6599b2,1,1,1.0
3016,be777044,be777044-7db298a4,be777044-db29e596,2,1,1.0
3017,be7783b0,be7783b0-b44ff154,be7783b0-b44ff154,1,1,1.0
3018,be791a81,be791a81-a6b53fef,be791a81-a6b53fef,1,1,1.0
3019,be7b856e,be7b856e-d1ece683,be7b856e-d1ece683,1,1,1.0
3020,be7c5bf9,be7c5bf9-f31d60c1,be7c5bf9-f31d60c1,1,1,1.0
3021,be80a253,be80a253-75e6f6aa,be80a253-75e6f6aa,1,1,1.0
3022,be819732,be819732-9cff62ba,be819732-9cff62ba,1,1,1.0
3023,be832d0b,be832d0b-0ed20122,be832d0b-2384fe4c,2,1,1.0
3024,be83776d,be83776d-e07b8fdc,be83776d-e07b8fdc,1,1,1.0
3025,be839b4c,be839b4c-fba3ea45,be839b4c-fba3ea45,1,1,1.0
3026,be83fbfa,be83fbfa-53a6b842,be83fbfa-53a6b842,1,1,1.0
3027,be85292c,be85292c-a3fbba40,be85292c-a3fbba40,1,1,1.0
3028,be852dd5,be852dd5-29511af0,be852dd5-29511af0,1,1,1.0
3029,be854092,be854092-492e5e65,be854092-492e5e65,1,1,1.0
3030,be85665c,be85665c-4fe33b5c,be85665c-4fe33b5c,1,1,1.0
3031,be8590fa,be8590fa-52948d8f,be8590fa-9ab10ced,2,1,1.0
3032,be85bd88,be85bd88-4aad89d7,be85bd88-d849c034,2,1,1.0
3033,be860305,be860305-899a96c3,be860305-899a96c3,1,1,1.0
3034,be8663d6,be8663d6-e9cbeb2e,be8663d6-e9cbeb2e,1,1,1.0
3035,be8962cd,be8962cd-17e6f610,be8962cd-2f4d528e,2,1,1.0
3036,be8b3ab2,be8b3ab2-26370e88,be8b3ab2-26370e88,1,1,1.0
3037,be8b8284,be8b8284-01e2400c,be8b8284-18138380,2,1,0.5
3038,be8bceff,be8bceff-efda56f8,be8bceff-efda56f8,1,1,1.0
3039,be8cb554,be8cb554-6f4255f3,be8cb554-6f4255f3,1,1,1.0
3040,be8d7ea3,be8d7ea3-4b798531,be8d7ea3-f860b6f5,3,1,1.0
3041,be8dc474,be8dc474-faef6d09,be8dc474-faef6d09,1,0,0.0
3042,be926190,be926190-5293afb9,be926190-5293afb9,1,1,1.0
3043,be93769c,be93769c-354d1d72,be93769c-354d1d72,1,1,1.0
3044,be9496ad,be9496ad-3d23e714,be9496ad-3d23e714,1,1,1.0
3045,be94c28f,be94c28f-7128d4c4,be94c28f-9526bf9a,2,1,0.5
3046,be94df25,be94df25-464ac4f8,be94df25-464ac4f8,1,1,1.0
3047,be95af9a,be95af9a-dee1fc2d,be95af9a-dee1fc2d,1,1,1.0
3048,be96d002,be96d002-8742b0e0,be96d002-f987edab,2,1,1.0
3049,be97ef40,be97ef40-3cdcb388,be97ef40-3cdcb388,1,1,1.0
3050,be986afd,be986afd-012d020c,be986afd-f734d33e,3,1,1.0
3051,be9a438d,be9a438d-fec060b0,be9a438d-fec060b0,1,1,1.0
3052,be9b088f,be9b088f-3fc248ee,be9b088f-c2a29c43,2,1,1.0
3053,be9c5bdd,be9c5bdd-02782f34,be9c5bdd-7714057c,2,1,1.0
3054,be9ce27e,be9ce27e-304f0df0,be9ce27e-b78ea956,3,1,1.0
3055,be9e39ad,be9e39ad-cc4bc43f,be9e39ad-cc4bc43f,1,1,1.0
3056,be9f9a44,be9f9a44-8d9b651e,be9f9a44-8d9b651e,1,1,1.0
3057,bea02fed,bea02fed-85841fe4,bea02fed-e64fced9,4,1,0.75
3058,bea3ece7,bea3ece7-e73287ff,bea3ece7-e73287ff,1,1,1.0
3059,bea4a94e,bea4a94e-119bd9e7,bea4a94e-119bd9e7,1,1,1.0
3060,bea4ac92,bea4ac92-340863d9,bea4ac92-f9e0f736,2,1,1.0
3061,bea55e98,bea55e98-2769bb0f,bea55e98-2769bb0f,1,1,1.0
3062,bea64506,bea64506-3ce23cff,bea64506-c04d4b12,4,1,1.0
3063,bea6dbeb,bea6dbeb-3292525a,bea6dbeb-f1056997,2,1,1.0
3064,bea74140,bea74140-801c009e,bea74140-801c009e,1,1,1.0
3065,bea78bf6,bea78bf6-01be38ee,bea78bf6-01be38ee,1,1,1.0
3066,bea82122,bea82122-66fc59a4,bea82122-66fc59a4,1,1,1.0
3067,beaa00a7,beaa00a7-25aba714,beaa00a7-25aba714,1,1,1.0
3068,beaa0c22,beaa0c22-77f57e18,beaa0c22-e5e3c48f,3,1,1.0
3069,beaa8787,beaa8787-b07dfe8e,beaa8787-b07dfe8e,1,1,1.0
3070,beaae4eb,beaae4eb-e874663f,beaae4eb-f6975a4f,2,1,1.0
3071,beb12388,beb12388-2a415a61,beb12388-c681fd3d,3,1,1.0
3072,beb2aa47,beb2aa47-4c96d667,beb2aa47-4c96d667,1,1,1.0
3073,beb2d175,beb2d175-69dae2f2,beb2d175-72de2f87,2,1,1.0
3074,beb3d6ea,beb3d6ea-272401a6,beb3d6ea-d2584fc7,4,1,0.75
3075,beb41a39,beb41a39-89ceabe8,beb41a39-be4bfe96,2,1,1.0
3076,beb53c44,beb53c44-1aa54ed7,beb53c44-f3619124,4,1,1.0
3077,beb712cc,beb712cc-6594b626,beb712cc-ee31a67b,2,1,1.0
3078,beb80a43,beb80a43-c3b9107e,beb80a43-c3b9107e,1,1,1.0
3079,beb87fd7,beb87fd7-6120b637,beb87fd7-6120b637,1,1,1.0
3080,bebb5b76,bebb5b76-68384a7d,bebb5b76-68384a7d,1,1,1.0
3081,bebbf02d,bebbf02d-dc8f1e04,bebbf02d-dc8f1e04,1,1,1.0
3082,bebc2a98,bebc2a98-23f14ef2,bebc2a98-728ce6e0,2,1,1.0
3083,bebc6162,bebc6162-bf494364,bebc6162-bf494364,1,0,0.0
3084,bebd2415,bebd2415-30a87543,bebd2415-30a87543,1,1,1.0
3085,bebd9c47,bebd9c47-9d51ac58,bebd9c47-9d51ac58,1,1,1.0
3086,bec0d815,bec0d815-f71f4f7b,bec0d815-f71f4f7b,1,1,1.0
3087,bec165a2,bec165a2-cc4b47ed,bec165a2-cc4b47ed,1,1,1.0
3088,bec19328,bec19328-e01f5679,bec19328-e01f5679,1,0,0.0
3089,bec5aa0b,bec5aa0b-27aa89d9,bec5aa0b-fdc30a1e,2,1,1.0
3090,bec66c97,bec66c97-a8a831f3,bec66c97-a8a831f3,1,1,1.0
3091,bec6904e,bec6904e-816bf499,bec6904e-816bf499,1,1,1.0
3092,bec7b5c0,bec7b5c0-177923dd,bec7b5c0-f928ccf5,12,1,0.9166666666666666
3093,bec94d5a,bec94d5a-e7effd81,bec94d5a-e7effd81,1,1,1.0
3094,becccb13,becccb13-74e09a25,becccb13-74e09a25,1,1,1.0
3095,beccfad4,beccfad4-d24a29c5,beccfad4-d24a29c5,1,1,1.0
3096,becd26b2,becd26b2-c02db1e6,becd26b2-c02db1e6,1,1,1.0
3097,bece8f9e,bece8f9e-2c905717,bece8f9e-2c905717,1,1,1.0
3098,beced1e4,beced1e4-8d82da4e,beced1e4-e2532a6e,2,1,1.0
3099,becfc708,becfc708-145da944,becfc708-eaf36a96,4,1,1.0
3100,bed001a8,bed001a8-2339fb95,bed001a8-6cd3d8be,2,1,1.0
3101,bed07392,bed07392-75beda90,bed07392-75beda90,1,0,0.0
3102,bed3a784,bed3a784-c17f9bcb,bed3a784-c17f9bcb,1,1,1.0
3103,bed3bee0,bed3bee0-0aa5d83d,bed3bee0-a9817eee,2,1,1.0
3104,bed3db3f,bed3db3f-f0ce3c29,bed3db3f-f0ce3c29,1,1,1.0
3105,bed4ed94,bed4ed94-526eb41d,bed4ed94-7b8c51c7,2,1,1.0
3106,bed782a6,bed782a6-b511b4b6,bed782a6-b511b4b6,1,1,1.0
3107,bed7aad9,bed7aad9-554b58df,bed7aad9-554b58df,1,1,1.0
3108,bed8e0d6,bed8e0d6-615b8f5e,bed8e0d6-d5645404,2,1,1.0
3109,bedb6dc2,bedb6dc2-777e4568,bedb6dc2-777e4568,1,1,1.0
3110,bedb9474,bedb9474-8dd30e6f,bedb9474-8dd30e6f,1,1,1.0
3111,bedbeb83,bedbeb83-cfb5b8eb,bedbeb83-fe19f8c6,2,1,1.0
3112,bedcfa26,bedcfa26-332689fc,bedcfa26-e2d45cac,2,1,1.0
3113,bedd1376,bedd1376-090caeff,bedd1376-f4b27761,3,1,1.0
3114,bee05c71,bee05c71-de853116,bee05c71-de853116,1,1,1.0
3115,bee09035,bee09035-01100c39,bee09035-01100c39,1,1,1.0
3116,bee1374f,bee1374f-cceb9a68,bee1374f-cceb9a68,1,1,1.0
3117,bee1b799,bee1b799-cfe60aff,bee1b799-cfe60aff,1,1,1.0
3118,bee1f0a4,bee1f0a4-22dbabcd,bee1f0a4-22dbabcd,1,1,1.0
3119,bee41f4c,bee41f4c-27a63e4b,bee41f4c-ff91e224,2,1,1.0
3120,bee5ec8b,bee5ec8b-493be8dd,bee5ec8b-493be8dd,1,1,1.0
3121,bee67716,bee67716-066d25dc,bee67716-2a04a827,2,1,0.5
3122,bee679f2,bee679f2-dd1ee975,bee679f2-dd1ee975,1,1,1.0
3123,bee6e5eb,bee6e5eb-3269dda9,bee6e5eb-ee57b54a,2,1,1.0
3124,bee6f1ed,bee6f1ed-04d4eed4,bee6f1ed-d8ef19e6,5,1,1.0
3125,beea0870,beea0870-130c4849,beea0870-e7fed5d8,2,1,1.0
3126,beea0e03,beea0e03-031a65e7,beea0e03-fa22a607,2,1,1.0
3127,beeaded5,beeaded5-7cb91618,beeaded5-ab8d8f4b,4,1,1.0
3128,beebb876,beebb876-a43fa1b4,beebb876-fec7bfc6,2,1,1.0
3129,beec1825,beec1825-ec4450ad,beec1825-ec4450ad,1,1,1.0
3130,beeed9e7,beeed9e7-d279d8ee,beeed9e7-d279d8ee,1,1,1.0
3131,beef90ca,beef90ca-dd806a38,beef90ca-dd806a38,1,1,1.0
3132,bef016fa,bef016fa-761bfbc6,bef016fa-761bfbc6,1,1,1.0
3133,bef09238,bef09238-c1e87e2d,bef09238-c1e87e2d,1,1,1.0
3134,bef1fe5a,bef1fe5a-2384bb3d,bef1fe5a-64664ad2,2,1,1.0
3135,bef271e3,bef271e3-99f9020e,bef271e3-99f9020e,1,1,1.0
3136,bef3c0bd,bef3c0bd-5e448793,bef3c0bd-5e448793,1,1,1.0
3137,bef60eb6,bef60eb6-80419967,bef60eb6-b92e9131,2,1,1.0
3138,bef703f9,bef703f9-1b27304e,bef703f9-1b27304e,1,1,1.0
3139,bef766cb,bef766cb-e61b2168,bef766cb-f36b2dca,2,1,1.0
3140,bef77538,bef77538-a89b1dfa,bef77538-a89b1dfa,1,1,1.0
3141,bef7c739,bef7c739-8821d482,bef7c739-c71a55d9,2,1,1.0
3142,bef7fb14,bef7fb14-970e2929,bef7fb14-970e2929,1,1,1.0
3143,bef8ae8b,bef8ae8b-17ae6029,bef8ae8b-17ae6029,1,1,1.0
3144,bef906fc,bef906fc-2f834e3d,bef906fc-b88eb3a5,3,0,0.3333333333333333
3145,bef9fe55,bef9fe55-0bba41cb,bef9fe55-0bba41cb,1,1,1.0
3146,befa588e,befa588e-80b3c62a,befa588e-80b3c62a,1,1,1.0
3147,befbd710,befbd710-6bf61d20,befbd710-6bf61d20,1,0,0.0
3148,befbf2cc,befbf2cc-bec128ef,befbf2cc-bec128ef,1,0,0.0
3149,befce81b,befce81b-f743c561,befce81b-f743c561,1,1,1.0
3150,befd675c,befd675c-ead3969d,befd675c-ead3969d,1,0,0.0
3151,befd706d,befd706d-2e1fe6e1,befd706d-40c8471f,2,1,1.0
3152,befe15d9,befe15d9-e3db8d6b,befe15d9-e3db8d6b,1,1,1.0
3153,befee345,befee345-01dae796,befee345-1efe9c0a,3,1,1.0
3154,beff1d1c,beff1d1c-567ec742,beff1d1c-faff23dd,7,1,1.0
3155,beffe676,beffe676-8c0d1028,beffe676-8c0d1028,1,1,1.0
3156,bf0038bc,bf0038bc-5446bb48,bf0038bc-5512f257,2,1,1.0
3157,bf02cf02,bf02cf02-6168f0d6,bf02cf02-6168f0d6,1,1,1.0
3158,bf037fa1,bf037fa1-01adcdac,bf037fa1-01adcdac,1,1,1.0
3159,bf03e478,bf03e478-3ead0cb8,bf03e478-3ead0cb8,1,1,1.0
3160,bf03faea,bf03faea-d6b6f567,bf03faea-d6b6f567,1,0,0.0
3161,bf041cc0,bf041cc0-35f5357e,bf041cc0-35f5357e,1,1,1.0
3162,bf04b038,bf04b038-341ec0e5,bf04b038-341ec0e5,1,1,1.0
3163,bf052c3b,bf052c3b-5c1b4e94,bf052c3b-a0f32e60,2,1,1.0
3164,bf054de4,bf054de4-025bb1c3,bf054de4-025bb1c3,1,1,1.0
3165,bf05a6c1,bf05a6c1-e2ce238f,bf05a6c1-e2ce238f,1,1,1.0
3166,bf05e3be,bf05e3be-6a2103bc,bf05e3be-96b558db,2,1,1.0
3167,bf0b285b,bf0b285b-46b928cd,bf0b285b-afa81125,2,1,1.0
3168,bf0b4238,bf0b4238-302c2ca1,bf0b4238-302c2ca1,1,1,1.0
3169,bf0e0d24,bf0e0d24-5b11b412,bf0e0d24-c2c09c60,4,1,1.0
3170,bf0eda09,bf0eda09-d1773b85,bf0eda09-d1773b85,1,1,1.0
3171,bf0fa6b5,bf0fa6b5-1388ed76,bf0fa6b5-d2d998ed,2,1,1.0
3172,bf0fd4de,bf0fd4de-7db956ab,bf0fd4de-7db956ab,1,1,1.0
3173,bf10e8c4,bf10e8c4-9122dd20,bf10e8c4-9122dd20,1,1,1.0
3174,bf12003f,bf12003f-2a0d3f5f,bf12003f-2a0d3f5f,1,1,1.0
3175,bf144b6a,bf144b6a-99b46408,bf144b6a-c204b7ad,2,1,1.0
3176,bf15b5bf,bf15b5bf-01ddf8ac,bf15b5bf-1416d166,2,1,1.0
3177,bf15c7b5,bf15c7b5-99d19019,bf15c7b5-99d19019,1,1,1.0
3178,bf165ce1,bf165ce1-a936b909,bf165ce1-a936b909,1,1,1.0
3179,bf1787f3,bf1787f3-3073f6c0,bf1787f3-3073f6c0,1,1,1.0
3180,bf183e49,bf183e49-9965b6a6,bf183e49-ba9bf999,2,1,1.0
3181,bf196891,bf196891-1bf4eedc,bf196891-1bf4eedc,1,1,1.0
3182,bf1a30f8,bf1a30f8-29c812b9,bf1a30f8-9e0a449f,3,0,0.3333333333333333
3183,bf1af4ce,bf1af4ce-dcf62242,bf1af4ce-dcf62242,1,1,1.0
3184,bf1af616,bf1af616-188d7e2a,bf1af616-e750e7dd,3,1,1.0
3185,bf1bae75,bf1bae75-f13a1d02,bf1bae75-f13a1d02,1,1,1.0
3186,bf1e5669,bf1e5669-0beb1b4a,bf1e5669-e6da49f2,5,1,1.0
3187,bf1f4d74,bf1f4d74-22e5dedf,bf1f4d74-22e5dedf,1,1,1.0
3188,bf1f6e6e,bf1f6e6e-3e47c0f7,bf1f6e6e-56f03a2b,2,1,1.0
3189,bf213ac1,bf213ac1-1665b81a,bf213ac1-760849cf,3,1,1.0
3190,bf214d1e,bf214d1e-0e86ca1f,bf214d1e-2c30bc7d,3,1,1.0
3191,bf234dae,bf234dae-307f8179,bf234dae-f65aaae7,3,1,1.0
3192,bf24495d,bf24495d-0926df8b,bf24495d-c9787981,2,1,1.0
3193,bf245ae0,bf245ae0-5e89fbec,bf245ae0-7630688e,2,1,1.0
3194,bf253792,bf253792-58f60cfd,bf253792-ee5c325c,2,1,1.0
3195,bf261d80,bf261d80-f339c048,bf261d80-f339c048,1,1,1.0
3196,bf293835,bf293835-27fe9270,bf293835-27fe9270,1,1,1.0
3197,bf29e65c,bf29e65c-53d90f54,bf29e65c-53d90f54,1,1,1.0
3198,bf2a6720,bf2a6720-a23c2b5e,bf2a6720-a23c2b5e,1,1,1.0
3199,bf2c174a,bf2c174a-547a550a,bf2c174a-547a550a,1,1,1.0
3200,bf2cc385,bf2cc385-11d88c56,bf2cc385-11d88c56,1,1,1.0
3201,bf2e0bca,bf2e0bca-0e06c1e6,bf2e0bca-9689bbb7,3,1,0.6666666666666666
3202,bf2f4d22,bf2f4d22-2ce6a77f,bf2f4d22-2ce6a77f,1,1,1.0
3203,bf2fa820,bf2fa820-e9e1f3a9,bf2fa820-f92b9073,2,1,0.5
3204,bf2fac72,bf2fac72-133aa7bd,bf2fac72-c72dea3b,2,1,1.0
3205,bf31a320,bf31a320-4f8a93b3,bf31a320-4f8a93b3,1,1,1.0
3206,bf343a92,bf343a92-8db05f89,bf343a92-8db05f89,1,1,1.0
3207,bf35c34e,bf35c34e-a6721934,bf35c34e-a6721934,1,1,1.0
3208,bf35cb3d,bf35cb3d-af58fa54,bf35cb3d-af58fa54,1,1,1.0
3209,bf383078,bf383078-27a885cb,bf383078-27a885cb,1,1,1.0
3210,bf3ce441,bf3ce441-1f58c6c7,bf3ce441-9a0953bb,2,1,1.0
3211,bf3d49bf,bf3d49bf-b543e245,bf3d49bf-b543e245,1,1,1.0
3212,bf3f6680,bf3f6680-1b77d211,bf3f6680-1b77d211,1,1,1.0
3213,bf42f468,bf42f468-f2b3301f,bf42f468-f2b3301f,1,1,1.0
3214,bf44f0b6,bf44f0b6-7e6ad409,bf44f0b6-f574a2e3,5,1,0.8
3215,bf474631,bf474631-7bf7833c,bf474631-c3a76c7d,2,1,1.0
3216,bf476255,bf476255-3d67b267,bf476255-3d67b267,1,1,1.0
3217,bf4784eb,bf4784eb-172d9e7a,bf4784eb-172d9e7a,1,1,1.0
3218,bf480c09,bf480c09-1ca4a92f,bf480c09-1ca4a92f,1,1,1.0
3219,bf482378,bf482378-7f39ea1d,bf482378-efc17f31,3,1,0.6666666666666666
3220,bf4906e0,bf4906e0-73ed04de,bf4906e0-73ed04de,1,1,1.0
3221,bf4af26f,bf4af26f-12121f1d,bf4af26f-44beba25,3,1,1.0
3222,bf4b0c94,bf4b0c94-a416bc37,bf4b0c94-a416bc37,1,1,1.0
3223,bf527384,bf527384-71f7e998,bf527384-894c88c6,2,1,1.0
3224,bf538a51,bf538a51-8782f04d,bf538a51-8782f04d,1,1,1.0
3225,bf53cf41,bf53cf41-5f1eb5f7,bf53cf41-5f1eb5f7,1,1,1.0
3226,bf54973d,bf54973d-ad129b06,bf54973d-fa144605,2,1,1.0
3227,bf568d39,bf568d39-2bac1d09,bf568d39-2bac1d09,1,1,1.0
3228,bf57ea07,bf57ea07-3e2c4a5c,bf57ea07-3e2c4a5c,1,1,1.0
3229,bf585795,bf585795-7312cfb9,bf585795-7312cfb9,1,1,1.0
3230,bf593f19,bf593f19-ebbb7e5d,bf593f19-ebbb7e5d,1,1,1.0
3231,bf5ae456,bf5ae456-be2897e1,bf5ae456-be2897e1,1,1,1.0
3232,bf5b423c,bf5b423c-955dc71e,bf5b423c-eb2447d8,2,1,1.0
3233,bf5b7ee3,bf5b7ee3-18a07bcb,bf5b7ee3-c2fbdc46,2,1,1.0
3234,bf5c77a9,bf5c77a9-13452168,bf5c77a9-13452168,1,1,1.0
3235,bf5cbf56,bf5cbf56-68ea71b1,bf5cbf56-68ea71b1,1,1,1.0
3236,bf5d49a3,bf5d49a3-e2779858,bf5d49a3-e2779858,1,1,1.0
3237,bf5e662c,bf5e662c-0c0afa60,bf5e662c-dba716fd,2,1,1.0
3238,bf5ea8d2,bf5ea8d2-108ab9c6,bf5ea8d2-94c28266,2,1,1.0
3239,bf601884,bf601884-354b9229,bf601884-af1b43e3,2,1,1.0
3240,bf601f23,bf601f23-a680411c,bf601f23-a680411c,1,1,1.0
3241,bf60c0eb,bf60c0eb-310cd7ca,bf60c0eb-310cd7ca,1,1,1.0
3242,bf61730d,bf61730d-6e8eedcc,bf61730d-ee3b8d16,2,1,1.0
3243,bf622d4e,bf622d4e-cfdc02ae,bf622d4e-cfdc02ae,1,1,1.0
3244,bf6250de,bf6250de-7cb7cbea,bf6250de-7cb7cbea,1,1,1.0
3245,bf62df05,bf62df05-4bf9402e,bf62df05-98d03652,3,1,1.0
3246,bf62e180,bf62e180-b6240b12,bf62e180-b6240b12,1,1,1.0
3247,bf62fab5,bf62fab5-912af759,bf62fab5-bb2d9b65,2,1,1.0
3248,bf6315ee,bf6315ee-a77e1bb2,bf6315ee-ab762696,2,1,1.0
3249,bf65bf11,bf65bf11-942ce158,bf65bf11-942ce158,1,1,1.0
3250,bf668f9e,bf668f9e-a12cb035,bf668f9e-a12cb035,1,1,1.0
3251,bf66b0b2,bf66b0b2-63bcf4a9,bf66b0b2-63bcf4a9,1,1,1.0
3252,bf6711ef,bf6711ef-76e408aa,bf6711ef-76e408aa,1,1,1.0
3253,bf671862,bf671862-75861ff3,bf671862-75861ff3,1,1,1.0
3254,bf6789ed,bf6789ed-4089397b,bf6789ed-4089397b,1,1,1.0
3255,bf688d4d,bf688d4d-54210a91,bf688d4d-e96a15d5,2,1,0.5
3256,bf6b680e,bf6b680e-c959640f,bf6b680e-fe68c5f5,2,1,1.0
3257,bf6e127b,bf6e127b-7d039d6b,bf6e127b-cc8a310b,2,1,1.0
3258,bf6fda4e,bf6fda4e-0a49960f,bf6fda4e-0a49960f,1,1,1.0
3259,bf70a9e2,bf70a9e2-55b26931,bf70a9e2-55b26931,1,1,1.0
3260,bf70d850,bf70d850-0abbeea2,bf70d850-0abbeea2,1,1,1.0
3261,bf721457,bf721457-715b4856,bf721457-715b4856,1,1,1.0
3262,bf7355b8,bf7355b8-f5de162f,bf7355b8-f5de162f,1,1,1.0
3263,bf761516,bf761516-f03a434a,bf761516-f03a434a,1,1,1.0
3264,bf76fa8e,bf76fa8e-889c317d,bf76fa8e-889c317d,1,1,1.0
3265,bf77e9b1,bf77e9b1-33a1b81e,bf77e9b1-f693c2f5,7,1,0.8571428571428571
3266,bf78f601,bf78f601-1003f3da,bf78f601-1003f3da,1,1,1.0
3267,bf7b93b6,bf7b93b6-de7552a6,bf7b93b6-de7552a6,1,1,1.0
3268,bf7cb2a4,bf7cb2a4-685faa7f,bf7cb2a4-685faa7f,1,1,1.0
3269,bf7e1159,bf7e1159-054559d2,bf7e1159-d2bcc563,2,1,1.0
3270,bf7f097a,bf7f097a-2fcff02a,bf7f097a-2fcff02a,1,1,1.0
3271,bf7f98e7,bf7f98e7-026008d3,bf7f98e7-ca70ee34,2,1,1.0
3272,bf80599d,bf80599d-c04f3cbb,bf80599d-c04f3cbb,1,1,1.0
3273,bf80a27d,bf80a27d-159d64f6,bf80a27d-38c70fee,3,1,0.6666666666666666
3274,bf8220b9,bf8220b9-086e9e29,bf8220b9-086e9e29,1,1,1.0
3275,bf8332bd,bf8332bd-2f11c278,bf8332bd-2f11c278,1,1,1.0
3276,bf838e9d,bf838e9d-08f6fb44,bf838e9d-d8d5be4d,2,1,1.0
3277,bf83a7d7,bf83a7d7-d4c69012,bf83a7d7-d4c69012,1,1,1.0
3278,bf83fca6,bf83fca6-1742f6e6,bf83fca6-1742f6e6,1,1,1.0
3279,bf8463c9,bf8463c9-7f1810d4,bf8463c9-7f1810d4,1,1,1.0
3280,bf86bb70,bf86bb70-2699b8b6,bf86bb70-2699b8b6,1,1,1.0
3281,bf879071,bf879071-533b979e,bf879071-533b979e,1,1,1.0
3282,bf8982ce,bf8982ce-1369162c,bf8982ce-a4dd6736,3,1,1.0
3283,bf8ec5b7,bf8ec5b7-66439a9c,bf8ec5b7-72e1f37c,2,1,1.0
3284,bf8feaf5,bf8feaf5-cf2b6195,bf8feaf5-cf2b6195,1,1,1.0
3285,bf8ff5f5,bf8ff5f5-1133a840,bf8ff5f5-9ae0cea2,4,1,0.75
3286,bf90176a,bf90176a-c0b94917,bf90176a-c0b94917,1,1,1.0
3287,bf928096,bf928096-25eb02e7,bf928096-9b96d95f,3,1,1.0
3288,bf9460c0,bf9460c0-65fea53a,bf9460c0-65fea53a,1,1,1.0
3289,bf96ae83,bf96ae83-7705add3,bf96ae83-7705add3,1,1,1.0
3290,bf96f64f,bf96f64f-283c7376,bf96f64f-283c7376,1,1,1.0
3291,bf97082f,bf97082f-6527ff5e,bf97082f-7b5ec66c,2,1,1.0
3292,bf971590,bf971590-0308762e,bf971590-0308762e,1,0,0.0
3293,bf972758,bf972758-7ae264e7,bf972758-b963f153,2,1,1.0
3294,bf9881e4,bf9881e4-9f1bb471,bf9881e4-ade54a94,2,1,1.0
3295,bf9a1430,bf9a1430-3640a531,bf9a1430-d4650520,2,1,1.0
3296,bf9aa573,bf9aa573-01b4b4f8,bf9aa573-01b4b4f8,1,0,0.0
3297,bf9b895d,bf9b895d-47e834dc,bf9b895d-47e834dc,1,1,1.0
3298,bf9ba5a3,bf9ba5a3-22398dcc,bf9ba5a3-22398dcc,1,1,1.0
3299,bf9cab66,bf9cab66-816b6d5f,bf9cab66-816b6d5f,1,1,1.0
3300,bf9d1ca5,bf9d1ca5-2ff62aeb,bf9d1ca5-2ff62aeb,1,1,1.0
3301,bf9e2172,bf9e2172-8a10c663,bf9e2172-8feb4817,2,1,1.0
3302,bf9e3b67,bf9e3b67-2d5736bc,bf9e3b67-7c3ff8f9,3,1,1.0
3303,bf9e5f64,bf9e5f64-da8a4c40,bf9e5f64-da8a4c40,1,1,1.0
3304,bfa05832,bfa05832-d5061cc3,bfa05832-d5061cc3,1,1,1.0
3305,bfa087f5,bfa087f5-1913ced9,bfa087f5-1913ced9,1,1,1.0
3306,bfa23f26,bfa23f26-588ee4a8,bfa23f26-588ee4a8,1,1,1.0
3307,bfa5fc6e,bfa5fc6e-d45ac06d,bfa5fc6e-e4c87cf7,3,1,0.6666666666666666
3308,bfa89962,bfa89962-310ad204,bfa89962-a4546438,4,1,0.75
3309,bfa8c531,bfa8c531-7831c864,bfa8c531-e3fed04f,2,1,0.5
3310,bfa92b30,bfa92b30-41f9894f,bfa92b30-f12f3535,2,1,1.0
3311,bfaa2229,bfaa2229-ae426591,bfaa2229-c1b190bb,2,1,1.0
3312,bfaa6e54,bfaa6e54-07a6b37f,bfaa6e54-fafa90f6,8,1,0.875
3313,bfaca2bb,bfaca2bb-22fbe726,bfaca2bb-f1c305a8,5,1,1.0
3314,bfacd805,bfacd805-eb6140c4,bfacd805-eb6140c4,1,1,1.0
3315,bfae2833,bfae2833-616084f1,bfae2833-616084f1,1,1,1.0
3316,bfb0e8d5,bfb0e8d5-bd35f625,bfb0e8d5-bd35f625,1,1,1.0
3317,bfb11474,bfb11474-87040800,bfb11474-87040800,1,1,1.0
3318,bfb23820,bfb23820-94babfba,bfb23820-94babfba,1,1,1.0
3319,bfb2803b,bfb2803b-16154aab,bfb2803b-16154aab,1,1,1.0
3320,bfb37269,bfb37269-2df1685d,bfb37269-2df1685d,1,1,1.0
3321,bfb3cabc,bfb3cabc-90e4418a,bfb3cabc-90e4418a,1,1,1.0
3322,bfb3e0e3,bfb3e0e3-6767a552,bfb3e0e3-9844c8ca,2,1,1.0
3323,bfb41e9f,bfb41e9f-48952c95,bfb41e9f-e4f81437,2,1,1.0
3324,bfb4dfcd,bfb4dfcd-2f987f2b,bfb4dfcd-2f987f2b,1,1,1.0
3325,bfb5e668,bfb5e668-6cddf5eb,bfb5e668-73628b9f,2,1,1.0
3326,bfb60a50,bfb60a50-6a338fe9,bfb60a50-6a338fe9,1,1,1.0
3327,bfb6d7c1,bfb6d7c1-d607f837,bfb6d7c1-d607f837,1,1,1.0
3328,bfb72242,bfb72242-2b84934e,bfb72242-c9cffb08,2,1,1.0
3329,bfb97ec2,bfb97ec2-23a5c362,bfb97ec2-23a5c362,1,1,1.0
3330,bfb9cf70,bfb9cf70-29fd574e,bfb9cf70-29fd574e,1,1,1.0
3331,bfba9eb5,bfba9eb5-3f0a9a5b,bfba9eb5-efe572ee,3,1,1.0
3332,bfbaca55,bfbaca55-12ec55cc,bfbaca55-cb5e8edb,3,1,1.0
3333,bfbc2f14,bfbc2f14-6fb10366,bfbc2f14-6fb10366,1,1,1.0
3334,bfbe2ad2,bfbe2ad2-03a46467,bfbe2ad2-ec5dea9d,5,1,1.0
3335,bfc0402e,bfc0402e-23a0568c,bfc0402e-23a0568c,1,1,1.0
3336,bfc06497,bfc06497-fc2b4581,bfc06497-fc2b4581,1,1,1.0
3337,bfc3a09f,bfc3a09f-117ab7b9,bfc3a09f-117ab7b9,1,1,1.0
3338,bfc43556,bfc43556-5db6add1,bfc43556-5db6add1,1,1,1.0
3339,bfc5dbe7,bfc5dbe7-792c876f,bfc5dbe7-792c876f,1,1,1.0
3340,bfc62f16,bfc62f16-5ecb9627,bfc62f16-fabea717,6,1,0.8333333333333334
3341,bfc8dd24,bfc8dd24-b7264c9d,bfc8dd24-e8506ffa,2,1,1.0
3342,bfc99518,bfc99518-547e6e69,bfc99518-547e6e69,1,1,1.0
3343,bfcd1873,bfcd1873-fbd35796,bfcd1873-fbd35796,1,1,1.0
3344,bfcd4491,bfcd4491-8f55e55d,bfcd4491-8f55e55d,1,1,1.0
3345,bfd08f2c,bfd08f2c-b67851d1,bfd08f2c-b67851d1,1,1,1.0
3346,bfd29575,bfd29575-767314a3,bfd29575-767314a3,1,1,1.0
3347,bfd32194,bfd32194-f4ea20e9,bfd32194-f4ea20e9,1,1,1.0
3348,bfd64d5f,bfd64d5f-172c9bb5,bfd64d5f-f98204af,5,1,0.8
3349,bfd74a4a,bfd74a4a-94602dce,bfd74a4a-94602dce,1,1,1.0
3350,bfdb9d69,bfdb9d69-9beabbd2,bfdb9d69-9beabbd2,1,1,1.0
3351,bfdd9ffd,bfdd9ffd-3943106e,bfdd9ffd-82f78be7,2,1,1.0
3352,bfe0801e,bfe0801e-20388316,bfe0801e-20388316,1,1,1.0
3353,bfe133fb,bfe133fb-db319b45,bfe133fb-db319b45,1,1,1.0
3354,bfe1fd3b,bfe1fd3b-01f8671b,bfe1fd3b-01f8671b,1,1,1.0
3355,bfe2b817,bfe2b817-505676ef,bfe2b817-f79474a3,4,1,1.0
3356,bfe52f47,bfe52f47-395aca52,bfe52f47-a09aa689,2,1,1.0
3357,bfe587eb,bfe587eb-11d07974,bfe587eb-d21baba4,4,1,0.5
3358,bfe75427,bfe75427-6cd46203,bfe75427-6cd46203,1,1,1.0
3359,bfe7b25a,bfe7b25a-08e67541,bfe7b25a-08e67541,1,1,1.0
3360,bfe8b400,bfe8b400-4d8c8141,bfe8b400-befb1a30,3,1,1.0
3361,bfe976fd,bfe976fd-62a13503,bfe976fd-62a13503,1,1,1.0
3362,bfe98b68,bfe98b68-6e23d74e,bfe98b68-b1125889,3,1,1.0
3363,bfea6630,bfea6630-09edb925,bfea6630-a872fd0d,6,1,1.0
3364,bfee349b,bfee349b-7f157350,bfee349b-7f157350,1,1,1.0
3365,bfee82ef,bfee82ef-f5aad313,bfee82ef-f5aad313,1,1,1.0
3366,bfef4a55,bfef4a55-005ca254,bfef4a55-cb6a5afa,5,1,1.0
3367,bff1a1d0,bff1a1d0-56aa4453,bff1a1d0-5a57063a,2,1,1.0
3368,bff2ee41,bff2ee41-90d20c1a,bff2ee41-90d20c1a,1,1,1.0
3369,bff35990,bff35990-58723dd3,bff35990-58723dd3,1,1,1.0
3370,bff4b8c8,bff4b8c8-1713b132,bff4b8c8-1713b132,1,1,1.0
3371,bff4bb8b,bff4bb8b-08eee3f5,bff4bb8b-8a96fd04,3,1,1.0
3372,bff7091d,bff7091d-346e6f58,bff7091d-4ea5eb2a,2,1,0.5
3373,bff76a29,bff76a29-d83cd75e,bff76a29-d83cd75e,1,1,1.0
3374,bff7ed18,bff7ed18-00774a1e,bff7ed18-b5f7d2e1,3,1,0.6666666666666666
3375,bffa2c3f,bffa2c3f-5f909b3f,bffa2c3f-b28b13ed,3,1,0.6666666666666666
3376,bffa98fc,bffa98fc-bfb566ff,bffa98fc-bfb566ff,1,1,1.0
3377,bffbaf67,bffbaf67-67882851,bffbaf67-67882851,1,1,1.0
3378,bffc4ac6,bffc4ac6-08b91b4d,bffc4ac6-583caa9e,3,1,1.0
3379,bffd135f,bffd135f-e011f9b8,bffd135f-e90ce8f8,2,1,1.0
3380,bffe6c38,bffe6c38-2cd2565f,bffe6c38-d48f5ee5,2,1,1.0
3381,bffe8c14,bffe8c14-18cf493f,bffe8c14-cb8d9a20,4,1,1.0
3382,c000dedd,c000dedd-0352a12a,c000dedd-db6c37a3,2,1,0.5
3383,c001770a,c001770a-2aac41a8,c001770a-2aac41a8,1,1,1.0
3384,c001c58f,c001c58f-86eaaa56,c001c58f-86eaaa56,1,1,1.0
3385,c0020346,c0020346-d539abe5,c0020346-d539abe5,1,1,1.0
3386,c002c544,c002c544-26fdb4d1,c002c544-26fdb4d1,1,1,1.0
3387,c002e4d7,c002e4d7-fd635384,c002e4d7-fd635384,1,1,1.0
3388,c0035eda,c0035eda-6e1b34d6,c0035eda-6e1b34d6,1,1,1.0
3389,c003e0c6,c003e0c6-ed98cc51,c003e0c6-ed98cc51,1,1,1.0
3390,c0071cbb,c0071cbb-02fb08c6,c0071cbb-02fb08c6,1,1,1.0
3391,c007ae4f,c007ae4f-1529fac2,c007ae4f-1529fac2,1,1,1.0
3392,c007dc97,c007dc97-377cfd8a,c007dc97-377cfd8a,1,1,1.0
3393,c0082590,c0082590-683d229f,c0082590-e325cff4,3,1,1.0
3394,c009571d,c009571d-dec7e775,c009571d-dec7e775,1,1,1.0
3395,c009fbf7,c009fbf7-93fa77b1,c009fbf7-93fa77b1,1,1,1.0
3396,c00a8f2a,c00a8f2a-d84a9895,c00a8f2a-d84a9895,1,1,1.0
3397,c00c9631,c00c9631-ae7bd0ad,c00c9631-ae7bd0ad,1,1,1.0
3398,c00cc83c,c00cc83c-a6a9ce44,c00cc83c-a6a9ce44,1,1,1.0
3399,c00d02a5,c00d02a5-01e36f95,c00d02a5-6d49812c,2,1,1.0
3400,c00d0859,c00d0859-8e02615e,c00d0859-8e02615e,1,1,1.0
3401,c00dd69e,c00dd69e-cee6e38e,c00dd69e-cee6e38e,1,1,1.0
3402,c00ec632,c00ec632-8bf1e59e,c00ec632-8bf1e59e,1,1,1.0
3403,c00f8f83,c00f8f83-5c4bc3eb,c00f8f83-bdd9f783,2,1,1.0
3404,c00fffc0,c00fffc0-bd41df0c,c00fffc0-bd41df0c,1,1,1.0
3405,c011d5e2,c011d5e2-d4732967,c011d5e2-d4732967,1,1,1.0
3406,c012c422,c012c422-cfa24c39,c012c422-cfa24c39,1,1,1.0
3407,c013472b,c013472b-6f3cec0b,c013472b-6f3cec0b,1,1,1.0
3408,c013a15f,c013a15f-06edbffd,c013a15f-06edbffd,1,1,1.0
3409,c019c1f1,c019c1f1-883ea964,c019c1f1-883ea964,1,1,1.0
3410,c01c313b,c01c313b-e0b15fa2,c01c313b-e0b15fa2,1,1,1.0
3411,c01c4d85,c01c4d85-3381ebcd,c01c4d85-e0e6780a,5,1,1.0
3412,c01cec8c,c01cec8c-897f1dfc,c01cec8c-897f1dfc,1,1,1.0
3413,c01e4610,c01e4610-de557db8,c01e4610-de557db8,1,1,1.0
3414,c01eddca,c01eddca-7c14637e,c01eddca-7c14637e,1,1,1.0
3415,c01feca6,c01feca6-4fe11029,c01feca6-512daace,2,1,1.0
3416,c0200910,c0200910-8ac0f85d,c0200910-e470c541,3,1,0.6666666666666666
3417,c0208527,c0208527-089e044f,c0208527-089e044f,1,1,1.0
3418,c0209255,c0209255-980acc6a,c0209255-980acc6a,1,1,1.0
3419,c0217f91,c0217f91-3ec314e4,c0217f91-3ec314e4,1,1,1.0
3420,c02184c3,c02184c3-43f2bd7d,c02184c3-43f2bd7d,1,1,1.0
3421,c022e075,c022e075-40907eff,c022e075-de13593a,2,1,1.0
3422,c022f361,c022f361-3ffdbe53,c022f361-3ffdbe53,1,1,1.0
3423,c024c31c,c024c31c-9ec7869f,c024c31c-9ec7869f,1,1,1.0
3424,c025f721,c025f721-84478bc5,c025f721-84478bc5,1,1,1.0
3425,c0276bce,c0276bce-0683c19d,c0276bce-0683c19d,1,1,1.0
3426,c02cb208,c02cb208-81964a07,c02cb208-81964a07,1,1,1.0
3427,c02d0ae3,c02d0ae3-bce5af86,c02d0ae3-bce5af86,1,1,1.0
3428,c02d18db,c02d18db-023c1955,c02d18db-f5278de0,2,1,1.0
3429,c02d414a,c02d414a-44e52614,c02d414a-7176a61e,2,1,1.0
3430,c02d91b8,c02d91b8-8b1bdadc,c02d91b8-8b1bdadc,1,1,1.0
3431,c02eb4ca,c02eb4ca-1f560719,c02eb4ca-b352643a,2,1,0.5
3432,c02ee64a,c02ee64a-3178b7fa,c02ee64a-ec68fa8e,3,1,1.0
3433,c02fb811,c02fb811-03f28b56,c02fb811-03f28b56,1,1,1.0
3434,c0309dda,c0309dda-23a5c949,c0309dda-23a5c949,1,1,1.0
3435,c030d423,c030d423-3c82226c,c030d423-f82b1a39,5,1,1.0
3436,c0336a86,c0336a86-50bbf914,c0336a86-50bbf914,1,1,1.0
3437,c0350481,c0350481-340b9ea4,c0350481-340b9ea4,1,1,1.0
3438,c036f281,c036f281-0fcdc2ee,c036f281-a0c90e9a,4,1,1.0
3439,c038cdca,c038cdca-4df5e979,c038cdca-4df5e979,1,1,1.0
3440,c038f7df,c038f7df-82eb7666,c038f7df-82eb7666,1,1,1.0
3441,c03936ec,c03936ec-8a87395f,c03936ec-8a87395f,1,1,1.0
3442,c03d48c2,c03d48c2-869f09b4,c03d48c2-869f09b4,1,1,1.0
3443,c03d7f81,c03d7f81-5f0aafb9,c03d7f81-5f0aafb9,1,1,1.0
3444,c03f8f84,c03f8f84-a2f668ce,c03f8f84-a2f668ce,1,1,1.0
3445,c04192a3,c04192a3-8f5b4646,c04192a3-8f5b4646,1,1,1.0
3446,c041ef14,c041ef14-a9bb6a98,c041ef14-a9bb6a98,1,1,1.0
3447,c041f204,c041f204-6b0c3778,c041f204-6b0c3778,1,1,1.0
3448,c04246b7,c04246b7-5386e803,c04246b7-d3f8084d,2,1,1.0
3449,c0458999,c0458999-18bb1ce3,c0458999-18bb1ce3,1,1,1.0
3450,c046b4c6,c046b4c6-420f75ad,c046b4c6-420f75ad,1,1,1.0
3451,c047f07b,c047f07b-d0d11ec9,c047f07b-d0d11ec9,1,1,1.0
3452,c04ad8f3,c04ad8f3-05b8c75c,c04ad8f3-05b8c75c,1,1,1.0
3453,c04eb80c,c04eb80c-520a8f79,c04eb80c-520a8f79,1,1,1.0
3454,c050a325,c050a325-3fbdf46f,c050a325-b9aa9e5f,2,1,1.0
3455,c050ecbc,c050ecbc-968adb56,c050ecbc-968adb56,1,1,1.0
3456,c051661b,c051661b-c3b862eb,c051661b-c3b862eb,1,1,1.0
3457,c051bcee,c051bcee-e5c6ad9f,c051bcee-e5c6ad9f,1,1,1.0
3458,c054d340,c054d340-311be93f,c054d340-311be93f,1,1,1.0
3459,c055cef2,c055cef2-01665d65,c055cef2-01665d65,1,1,1.0
3460,c055ff34,c055ff34-c10a74d4,c055ff34-c10a74d4,1,1,1.0
3461,c0568203,c0568203-456be7fe,c0568203-456be7fe,1,1,1.0
3462,c05703f8,c05703f8-d4391e9d,c05703f8-d4391e9d,1,1,1.0
3463,c0572d8a,c0572d8a-a52b43eb,c0572d8a-a52b43eb,1,1,1.0
3464,c0576688,c0576688-a5a81042,c0576688-a5a81042,1,1,1.0
3465,c05767da,c05767da-e6197c97,c05767da-e6e016b5,2,1,1.0
3466,c057f689,c057f689-dde1e141,c057f689-dde1e141,1,1,1.0
3467,c0591ae4,c0591ae4-6214d10f,c0591ae4-6214d10f,1,1,1.0
3468,c05df6d2,c05df6d2-9959222a,c05df6d2-9959222a,1,1,1.0
3469,c05e4d3b,c05e4d3b-3edaadc6,c05e4d3b-4512f1aa,2,1,1.0
3470,c05ef84a,c05ef84a-2a2e27b2,c05ef84a-2a2e27b2,1,1,1.0
3471,c05f2610,c05f2610-0d3df457,c05f2610-0d3df457,1,1,1.0
3472,c05f27be,c05f27be-54bd73f1,c05f27be-54bd73f1,1,1,1.0
3473,c05f6683,c05f6683-01c5215b,c05f6683-01c5215b,1,1,1.0
3474,c060ea1f,c060ea1f-12965687,c060ea1f-da217407,2,1,1.0
3475,c0625a26,c0625a26-2d4fc27d,c0625a26-fd1b7885,8,1,0.875
3476,c0639f50,c0639f50-9ecb84f1,c0639f50-9ecb84f1,1,1,1.0
3477,c063c188,c063c188-26f08957,c063c188-26f08957,1,1,1.0
3478,c064e44f,c064e44f-6f76921d,c064e44f-ccbd9a2f,2,1,1.0
3479,c06733f8,c06733f8-1fe942b9,c06733f8-1fe942b9,1,1,1.0
3480,c0677163,c0677163-16b35549,c0677163-cccbd1cf,13,1,1.0
3481,c068a67b,c068a67b-03b6e200,c068a67b-03b6e200,1,1,1.0
3482,c0697e71,c0697e71-428e14b1,c0697e71-ba9f6c4f,4,1,1.0
3483,c06aa107,c06aa107-6d6d0938,c06aa107-6d6d0938,1,1,1.0
3484,c06b00b3,c06b00b3-b8b5c0d7,c06b00b3-b8b5c0d7,1,1,1.0
3485,c06be53b,c06be53b-be47b965,c06be53b-be47b965,1,1,1.0
3486,c06d23aa,c06d23aa-28bc6026,c06d23aa-cb9ae751,4,1,1.0
3487,c06defbe,c06defbe-c0034220,c06defbe-fff19cfc,3,1,1.0
3488,c06e75f0,c06e75f0-de0335ed,c06e75f0-de0335ed,1,1,1.0
3489,c06fd7ca,c06fd7ca-420dd696,c06fd7ca-420dd696,1,1,1.0
3490,c0703477,c0703477-78356915,c0703477-b5138d5d,2,1,1.0
3491,c070f253,c070f253-79cd771d,c070f253-79cd771d,1,1,1.0
3492,c0711468,c0711468-991a6038,c0711468-991a6038,1,1,1.0
3493,c0717263,c0717263-495fc5b6,c0717263-73ccb048,2,1,1.0
3494,c0726425,c0726425-0b2f4892,c0726425-0b2f4892,1,1,1.0
3495,c07365da,c07365da-fe6ea473,c07365da-fe6ea473,1,1,1.0
3496,c0750fe1,c0750fe1-50a37a79,c0750fe1-95210aca,2,1,1.0
3497,c0756468,c0756468-c4fd9382,c0756468-c4fd9382,1,1,1.0
3498,c0771fb7,c0771fb7-818e1025,c0771fb7-d03aa33e,2,1,1.0
3499,c07733d0,c07733d0-6b75a5ee,c07733d0-aebb8786,7,1,1.0
3500,c0773447,c0773447-b9d4a2fc,c0773447-c1d1508b,2,1,1.0
3501,c0775b6f,c0775b6f-d6afcd0e,c0775b6f-de6addd1,2,1,1.0
3502,c0792259,c0792259-e4b3dbbe,c0792259-e4b3dbbe,1,1,1.0
3503,c07a05be,c07a05be-b5b2a3a4,c07a05be-b5b2a3a4,1,1,1.0
3504,c07ceafc,c07ceafc-344c73cd,c07ceafc-6060ff3e,2,1,1.0
3505,c07e5e33,c07e5e33-06443391,c07e5e33-e6e74657,5,1,1.0
3506,c080a244,c080a244-0233bdce,c080a244-e915a4c2,6,1,1.0
3507,c080d56f,c080d56f-53b1cfaf,c080d56f-53b1cfaf,1,1,1.0
3508,c0848dc2,c0848dc2-3958b05d,c0848dc2-3958b05d,1,1,1.0
3509,c08493f0,c08493f0-0afee671,c08493f0-7e15983d,2,1,1.0
3510,c084d6cb,c084d6cb-18c509b4,c084d6cb-9113f4ba,2,1,1.0
3511,c0863b71,c0863b71-8c4ce9be,c0863b71-8c4ce9be,1,1,1.0
3512,c0882fd0,c0882fd0-cb7eb3dc,c0882fd0-cb7eb3dc,1,0,0.0
3513,c0885032,c0885032-0317987c,c0885032-2ec2353d,2,1,1.0
3514,c088650e,c088650e-f71b7011,c088650e-f71b7011,1,1,1.0
3515,c0892575,c0892575-b842e6c9,c0892575-b842e6c9,1,1,1.0
3516,c089e474,c089e474-b795bcdc,c089e474-b795bcdc,1,1,1.0
3517,c08ac802,c08ac802-a61149ad,c08ac802-ada02f31,2,1,1.0
3518,c08b49d7,c08b49d7-164707bb,c08b49d7-bc52cd66,6,1,1.0
3519,c08bf392,c08bf392-3d39a1bc,c08bf392-b9a3eeb5,2,1,1.0
3520,c08c6940,c08c6940-0248e76d,c08c6940-0248e76d,1,1,1.0
3521,c08d18c6,c08d18c6-6d211ae8,c08d18c6-6d211ae8,1,1,1.0
3522,c08eacf9,c08eacf9-8054501c,c08eacf9-a819d218,2,1,0.5
3523,c0905216,c0905216-425f59d3,c0905216-425f59d3,1,1,1.0
3524,c090895d,c090895d-02949f2b,c090895d-02949f2b,1,1,1.0
3525,c0924681,c0924681-14dd2682,c0924681-14dd2682,1,1,1.0
3526,c092eed0,c092eed0-3b36e79d,c092eed0-3b36e79d,1,1,1.0
3527,c093cec2,c093cec2-178d0616,c093cec2-178d0616,1,0,0.0
3528,c093f8be,c093f8be-262822a7,c093f8be-f17f116a,5,1,1.0
3529,c094413f,c094413f-30199e1f,c094413f-30199e1f,1,1,1.0
3530,c0945c0c,c0945c0c-e16c694a,c0945c0c-f1d60d48,3,1,1.0
3531,c096103a,c096103a-23e302b8,c096103a-665e307e,2,1,1.0
3532,c09af0c6,c09af0c6-3c0b82a7,c09af0c6-d87bbf00,3,1,1.0
3533,c09b6e1f,c09b6e1f-e23f6359,c09b6e1f-e23f6359,1,1,1.0
3534,c09dfe6c,c09dfe6c-f23991eb,c09dfe6c-f23991eb,1,1,1.0
3535,c09f3c10,c09f3c10-25c675f4,c09f3c10-25c675f4,1,1,1.0
3536,c09ffc61,c09ffc61-d494d8f0,c09ffc61-d494d8f0,1,1,1.0
3537,c0a3b5cc,c0a3b5cc-b6d07aae,c0a3b5cc-b6d07aae,1,1,1.0
3538,c0a66d6a,c0a66d6a-607213d1,c0a66d6a-b7cc47d8,3,1,1.0
3539,c0a6cfd6,c0a6cfd6-0c600d1f,c0a6cfd6-fe9a5c77,7,1,1.0
3540,c0a71f47,c0a71f47-14439a44,c0a71f47-5e5948c3,2,1,1.0
3541,c0a7a9dc,c0a7a9dc-458aa118,c0a7a9dc-d43be893,6,1,0.8333333333333334
3542,c0a7fac6,c0a7fac6-3b412647,c0a7fac6-3b412647,1,1,1.0
3543,c0a8843f,c0a8843f-878c626c,c0a8843f-b467b5b5,2,1,1.0
3544,c0aa83ea,c0aa83ea-5e7cbb16,c0aa83ea-5e7cbb16,1,1,1.0
3545,c0aa979d,c0aa979d-dd5c54d1,c0aa979d-dd5c54d1,1,1,1.0
3546,c0b14bde,c0b14bde-89e03259,c0b14bde-89e03259,1,1,1.0
3547,c0b279b6,c0b279b6-134749d1,c0b279b6-134749d1,1,1,1.0
3548,c0b30dae,c0b30dae-548c5972,c0b30dae-548c5972,1,1,1.0
3549,c0b358a3,c0b358a3-fef47f1e,c0b358a3-fef47f1e,1,1,1.0
3550,c0b45bc6,c0b45bc6-df6c6ee7,c0b45bc6-df6c6ee7,1,1,1.0
3551,c0b4f0df,c0b4f0df-586ab062,c0b4f0df-586ab062,1,1,1.0
3552,c0b7212e,c0b7212e-40f23e1e,c0b7212e-40f23e1e,1,1,1.0
3553,c0b731b5,c0b731b5-01375e2e,c0b731b5-5f8f2b02,2,1,1.0
3554,c0b98a97,c0b98a97-c7609d09,c0b98a97-c7609d09,1,1,1.0
3555,c0b9d756,c0b9d756-7e259c4d,c0b9d756-7e259c4d,1,1,1.0
3556,c0ba2a86,c0ba2a86-363aebd6,c0ba2a86-f44beec8,2,1,0.5
3557,c0bbcd5e,c0bbcd5e-d9c5d41e,c0bbcd5e-f57df892,3,1,1.0
3558,c0bdac3c,c0bdac3c-56f7aff3,c0bdac3c-56f7aff3,1,0,0.0
3559,c0bdd2df,c0bdd2df-c6e1aa24,c0bdd2df-c6e1aa24,1,1,1.0
3560,c0be0e03,c0be0e03-063c7cf7,c0be0e03-459a6d3c,4,1,0.75
3561,c0c183ff,c0c183ff-1b24f541,c0c183ff-1b24f541,1,1,1.0
3562,c0c23a94,c0c23a94-d914f7ec,c0c23a94-f2f15c15,2,1,1.0
3563,c0c26539,c0c26539-f8761bd1,c0c26539-f8761bd1,1,0,0.0
3564,c0c27443,c0c27443-bf546b1f,c0c27443-bf546b1f,1,1,1.0
3565,c0c283d7,c0c283d7-06fc47f0,c0c283d7-06fc47f0,1,1,1.0
3566,c0c33c60,c0c33c60-63c65011,c0c33c60-bb2f7822,2,1,0.5
3567,c0c3d5f5,c0c3d5f5-f17f878d,c0c3d5f5-f17f878d,1,1,1.0
3568,c0c51509,c0c51509-cb8d3298,c0c51509-cb8d3298,1,1,1.0
3569,c0c63f02,c0c63f02-77b9b06d,c0c63f02-77b9b06d,1,1,1.0
3570,c0c64a18,c0c64a18-eed54540,c0c64a18-eed54540,1,1,1.0
3571,c0c6e74f,c0c6e74f-8f9f8ceb,c0c6e74f-8f9f8ceb,1,1,1.0
3572,c0c821a8,c0c821a8-361cc57e,c0c821a8-361cc57e,1,1,1.0
3573,c0c8ee02,c0c8ee02-431b9781,c0c8ee02-431b9781,1,1,1.0
3574,c0c8efe2,c0c8efe2-2efe6ba7,c0c8efe2-cb74e696,2,1,1.0
3575,c0c954a7,c0c954a7-0c7fa0bb,c0c954a7-0c7fa0bb,1,1,1.0
3576,c0c9ec9a,c0c9ec9a-ce2ae421,c0c9ec9a-dad1653f,3,1,1.0
3577,c0ca0e6f,c0ca0e6f-4236bfe6,c0ca0e6f-4236bfe6,1,0,0.0
3578,c0ca172c,c0ca172c-5f15e9fb,c0ca172c-5f15e9fb,1,1,1.0
3579,c0cb2de6,c0cb2de6-501299c6,c0cb2de6-501299c6,1,1,1.0
3580,c0cca954,c0cca954-2890db9b,c0cca954-2890db9b,1,1,1.0
3581,c0cce290,c0cce290-f5382dbd,c0cce290-f5382dbd,1,1,1.0
3582,c0cf4efc,c0cf4efc-65b9d672,c0cf4efc-65b9d672,1,1,1.0
3583,c0d12f7f,c0d12f7f-1e033ebf,c0d12f7f-b672c821,2,1,1.0
3584,c0d1a6d9,c0d1a6d9-54ae850d,c0d1a6d9-54ae850d,1,1,1.0
3585,c0d3128e,c0d3128e-7887e513,c0d3128e-8adf0493,2,1,1.0
3586,c0d61d2b,c0d61d2b-a15012f3,c0d61d2b-a15012f3,1,1,1.0
3587,c0d678b8,c0d678b8-de457e55,c0d678b8-de457e55,1,1,1.0
3588,c0d85a76,c0d85a76-8187c669,c0d85a76-efa45769,3,1,1.0
3589,c0d8d6d0,c0d8d6d0-f2152200,c0d8d6d0-f2152200,1,1,1.0
3590,c0da08cc,c0da08cc-444b48f0,c0da08cc-adbbb7b3,2,1,1.0
3591,c0da399b,c0da399b-afffb28c,c0da399b-afffb28c,1,1,1.0
3592,c0db3bd8,c0db3bd8-17587381,c0db3bd8-9bb194d2,2,1,1.0
3593,c0dbd924,c0dbd924-da3f8c08,c0dbd924-da3f8c08,1,1,1.0
3594,c0dc123c,c0dc123c-25946136,c0dc123c-25946136,1,1,1.0
3595,c0dc5a95,c0dc5a95-26ea2d7d,c0dc5a95-b4bfcb2c,3,1,1.0
3596,c0dc9cd3,c0dc9cd3-ff30805f,c0dc9cd3-ff30805f,1,1,1.0
3597,c0dcabad,c0dcabad-155ca5ee,c0dcabad-418c9ebf,2,1,1.0
3598,c0ddb55a,c0ddb55a-d705f3c3,c0ddb55a-d705f3c3,1,1,1.0
3599,c0ddc0e1,c0ddc0e1-c0c70d00,c0ddc0e1-c0c70d00,1,1,1.0
3600,c0de0a97,c0de0a97-69386814,c0de0a97-69386814,1,1,1.0
3601,c0de5178,c0de5178-547765fc,c0de5178-dd9fe4fb,2,1,1.0
3602,c0de9100,c0de9100-1b2704ac,c0de9100-dba9e79d,2,1,1.0
3603,c0dee1a9,c0dee1a9-19b5d7a5,c0dee1a9-19b5d7a5,1,1,1.0
3604,c0deebc1,c0deebc1-16cfa791,c0deebc1-ff77802c,2,1,1.0
3605,c0df59b4,c0df59b4-a549ef6e,c0df59b4-a549ef6e,1,0,0.0
3606,c0e05e70,c0e05e70-6431cfed,c0e05e70-6431cfed,1,1,1.0
3607,c0e13807,c0e13807-ca0635f0,c0e13807-ca0635f0,1,1,1.0
3608,c0e17fa8,c0e17fa8-a378411a,c0e17fa8-a378411a,1,1,1.0
3609,c0e1fd2a,c0e1fd2a-45156dec,c0e1fd2a-45156dec,1,1,1.0
3610,c0e24bac,c0e24bac-16ba0eb9,c0e24bac-f07076d1,4,1,1.0
3611,c0e3df1a,c0e3df1a-5ab511a6,c0e3df1a-5cb39f7c,2,1,1.0
3612,c0e5695d,c0e5695d-8f784313,c0e5695d-8f784313,1,0,0.0
3613,c0e631f4,c0e631f4-cf85b543,c0e631f4-cf85b543,1,1,1.0
3614,c0e6d0ec,c0e6d0ec-17a4eb38,c0e6d0ec-ec23e2d2,4,1,1.0
3615,c0e701ee,c0e701ee-42f7323e,c0e701ee-58d60493,2,1,0.5
3616,c0e7271a,c0e7271a-a3c8d55f,c0e7271a-a3c8d55f,1,1,1.0
3617,c0e74e90,c0e74e90-15e1888e,c0e74e90-9684bfc2,3,1,1.0
3618,c0e834fd,c0e834fd-74036e84,c0e834fd-b666a542,2,1,1.0
3619,c0e8b725,c0e8b725-a6daa3a3,c0e8b725-a6daa3a3,1,1,1.0
3620,c0e8fdda,c0e8fdda-cc0a57e4,c0e8fdda-cc0a57e4,1,1,1.0
3621,c0e90884,c0e90884-ab3e26af,c0e90884-ab3e26af,1,1,1.0
3622,c0e9b7c4,c0e9b7c4-cd8b7249,c0e9b7c4-cd8b7249,1,1,1.0
3623,c0eab4d0,c0eab4d0-010273fa,c0eab4d0-f30a0b42,2,1,1.0
3624,c0eb4a02,c0eb4a02-3b40262b,c0eb4a02-3b40262b,1,1,1.0
3625,c0eba0ba,c0eba0ba-c73e128d,c0eba0ba-db5d7deb,2,1,1.0
3626,c0ec0d98,c0ec0d98-63733eb9,c0ec0d98-63733eb9,1,1,1.0
3627,c0ed2c49,c0ed2c49-e0d49ca5,c0ed2c49-e0d49ca5,1,1,1.0
3628,c0edf06a,c0edf06a-74008e93,c0edf06a-74008e93,1,1,1.0
3629,c0efbe92,c0efbe92-2ee3e529,c0efbe92-d5be8958,3,1,1.0
3630,c0f1a2f9,c0f1a2f9-0e16bcb7,c0f1a2f9-df251b35,6,1,1.0
3631,c0f35000,c0f35000-9401b8f3,c0f35000-9401b8f3,1,1,1.0
3632,c0f4e96b,c0f4e96b-3fa1961a,c0f4e96b-3fa1961a,1,1,1.0
3633,c0f5b0d0,c0f5b0d0-17e0110c,c0f5b0d0-f7860ad8,5,1,0.8
3634,c0f6ac18,c0f6ac18-37ce6bd5,c0f6ac18-37ce6bd5,1,1,1.0
3635,c0f739d8,c0f739d8-6ff93525,c0f739d8-6ff93525,1,1,1.0
3636,c0f7c2d3,c0f7c2d3-1abf98ec,c0f7c2d3-1abf98ec,1,1,1.0
3637,c0f89882,c0f89882-542093a7,c0f89882-8961b4ed,2,1,1.0
3638,c0f978fa,c0f978fa-0651fdd0,c0f978fa-9b4e623f,3,1,0.6666666666666666
3639,c0faa237,c0faa237-5724019d,c0faa237-5724019d,1,1,1.0
3640,c0faf05b,c0faf05b-b3cba171,c0faf05b-b3cba171,1,1,1.0
3641,c0fb59eb,c0fb59eb-895d806d,c0fb59eb-895d806d,1,1,1.0
3642,c0fc4716,c0fc4716-6f3d5d3d,c0fc4716-ee97c5a0,2,1,1.0
3643,c0fce69f,c0fce69f-42d06912,c0fce69f-42d06912,1,1,1.0
3644,c1006024,c1006024-9713b693,c1006024-9713b693,1,1,1.0
3645,c100db13,c100db13-6de74f3b,c100db13-8af08790,4,1,1.0
3646,c10163bb,c10163bb-7ad315ce,c10163bb-7ad315ce,1,1,1.0
3647,c1025fcf,c1025fcf-69509758,c1025fcf-69509758,1,1,1.0
3648,c10472c3,c10472c3-9c569d4f,c10472c3-9c569d4f,1,1,1.0
3649,c1059f09,c1059f09-10ccdbd4,c1059f09-10ccdbd4,1,1,1.0
3650,c107c2f1,c107c2f1-b2b8fff0,c107c2f1-b2b8fff0,1,1,1.0
3651,c107ca7b,c107ca7b-e60766f2,c107ca7b-e60766f2,1,1,1.0
3652,c10838df,c10838df-720662b5,c10838df-720662b5,1,1,1.0
3653,c10aed37,c10aed37-ad2cda9b,c10aed37-ad2cda9b,1,1,1.0
3654,c10c78a2,c10c78a2-583a8467,c10c78a2-583a8467,1,1,1.0
3655,c10e92bd,c10e92bd-f6241f08,c10e92bd-f6241f08,1,1,1.0
3656,c10f0578,c10f0578-c613c144,c10f0578-c613c144,1,1,1.0
3657,c111bb7d,c111bb7d-c3aa5b7a,c111bb7d-c3aa5b7a,1,1,1.0
3658,c112ff03,c112ff03-1c0d5484,c112ff03-1c0d5484,1,1,1.0
3659,c119a2ea,c119a2ea-f59c8486,c119a2ea-f59c8486,1,1,1.0
3660,c11a0015,c11a0015-fa2086af,c11a0015-fc7c0b35,2,1,1.0
3661,c11add12,c11add12-bb59c2a1,c11add12-bb59c2a1,1,0,0.0
3662,c11bcaaf,c11bcaaf-2213faec,c11bcaaf-2213faec,1,1,1.0
3663,c11c833f,c11c833f-3673eff3,c11c833f-e77889aa,2,1,1.0
3664,c11f4171,c11f4171-18d042d3,c11f4171-fe3bf475,3,1,1.0
3665,c11f9ba5,c11f9ba5-11a0dd0f,c11f9ba5-11a0dd0f,1,1,1.0
3666,c11fb0c4,c11fb0c4-16ba72ea,c11fb0c4-afc93e36,2,1,0.5
3667,c1207647,c1207647-f966579a,c1207647-f966579a,1,1,1.0
3668,c1211833,c1211833-1ba939db,c1211833-db271204,2,1,1.0
3669,c121b93f,c121b93f-93807706,c121b93f-b2ee73d4,2,1,1.0
3670,c121f402,c121f402-2e25ddb9,c121f402-2e25ddb9,1,1,1.0
3671,c122a91d,c122a91d-7ac64c77,c122a91d-7ac64c77,1,1,1.0
3672,c122b0dd,c122b0dd-6aea2ae9,c122b0dd-9c06c62c,2,1,1.0
3673,c12378e1,c12378e1-e9b8f175,c12378e1-e9b8f175,1,1,1.0
3674,c1239aa1,c1239aa1-10b91116,c1239aa1-10b91116,1,1,1.0
3675,c1243d2d,c1243d2d-1a754959,c1243d2d-ea0d84a3,2,1,1.0
3676,c124e51c,c124e51c-31bb804d,c124e51c-b3b1db34,3,1,1.0
3677,c1252547,c1252547-1492d53d,c1252547-1492d53d,1,1,1.0
3678,c1252e1f,c1252e1f-a88318f0,c1252e1f-f45bb339,3,1,1.0
3679,c126dfe1,c126dfe1-2a1c0ea8,c126dfe1-4bdd6502,2,1,1.0
3680,c12b8a48,c12b8a48-168db729,c12b8a48-168db729,1,1,1.0
3681,c12bfd38,c12bfd38-4fe7afb2,c12bfd38-4fe7afb2,1,1,1.0
3682,c12c6524,c12c6524-ee3ce336,c12c6524-ee3ce336,1,0,0.0
3683,c12ce21f,c12ce21f-6f6ecfa7,c12ce21f-6f6ecfa7,1,1,1.0
3684,c12dc478,c12dc478-0d43272d,c12dc478-40a1a306,2,1,0.5
3685,c12e6924,c12e6924-5860d30a,c12e6924-6d6ef77c,2,1,1.0
3686,c12ea027,c12ea027-1f29fc11,c12ea027-76835823,3,1,1.0
3687,c132df41,c132df41-509fc403,c132df41-a4dbc930,2,1,1.0
3688,c132ff8a,c132ff8a-831eadbd,c132ff8a-831eadbd,1,1,1.0
3689,c1356a63,c1356a63-e9e5a5f2,c1356a63-e9e5a5f2,1,1,1.0
3690,c1362f73,c1362f73-1bdcf8a1,c1362f73-ddc9206a,10,1,0.8
3691,c13829a7,c13829a7-37c9959d,c13829a7-761a16ef,3,1,1.0
3692,c1384653,c1384653-b2644b7e,c1384653-f155dde5,2,1,1.0
3693,c138a567,c138a567-6a2dd99d,c138a567-c79aac4f,2,1,0.5
3694,c1392188,c1392188-10227871,c1392188-10227871,1,0,0.0
3695,c1394b3c,c1394b3c-a48bc983,c1394b3c-a48bc983,1,1,1.0
3696,c13ab9cd,c13ab9cd-88c99ae5,c13ab9cd-88c99ae5,1,1,1.0
3697,c13b26a2,c13b26a2-95a8d142,c13b26a2-95a8d142,1,1,1.0
3698,c13b9590,c13b9590-492e626a,c13b9590-fbc531ea,8,1,1.0
3699,c13c0d1f,c13c0d1f-00dfd075,c13c0d1f-00dfd075,1,1,1.0
3700,c13e6a36,c13e6a36-6bb92c09,c13e6a36-6bb92c09,1,1,1.0
3701,c13ecaa8,c13ecaa8-69459760,c13ecaa8-69459760,1,1,1.0
3702,c13ef0e9,c13ef0e9-9cc08bb3,c13ef0e9-9cc08bb3,1,1,1.0
3703,c1404de9,c1404de9-4f70883d,c1404de9-ca7c53e4,2,1,1.0
3704,c1428d85,c1428d85-1e1afff5,c1428d85-1e1afff5,1,1,1.0
3705,c143af06,c143af06-2e9cba65,c143af06-f2b0a9d6,3,1,1.0
3706,c14425b1,c14425b1-5fa20993,c14425b1-5fa20993,1,1,1.0
3707,c146708c,c146708c-9119a8a3,c146708c-9119a8a3,1,1,1.0
3708,c146d100,c146d100-4ee36f35,c146d100-cb76d05b,6,1,1.0
3709,c147e8f1,c147e8f1-42dac06d,c147e8f1-d78d168a,2,1,1.0
3710,c147ecf8,c147ecf8-7f7e7c9e,c147ecf8-7f7e7c9e,1,1,1.0
3711,c149583d,c149583d-ba5e16cb,c149583d-ba5e16cb,1,1,1.0
3712,c1496e0d,c1496e0d-45fb4823,c1496e0d-bb0887f7,2,1,1.0
3713,c14a28d6,c14a28d6-1623e98d,c14a28d6-1623e98d,1,1,1.0
3714,c14a83f1,c14a83f1-16a14a16,c14a83f1-89a60357,2,1,1.0
3715,c14c42e1,c14c42e1-a83bad41,c14c42e1-bbb66a0a,2,1,0.5
3716,c14ccf5b,c14ccf5b-41faebd2,c14ccf5b-41faebd2,1,1,1.0
3717,c14d8658,c14d8658-f91e67b2,c14d8658-f91e67b2,1,1,1.0
3718,c14dc226,c14dc226-1d699f84,c14dc226-1d699f84,1,1,1.0
3719,c14e8180,c14e8180-1445eb0a,c14e8180-ec624140,3,1,0.6666666666666666
3720,c150197f,c150197f-1cf078f2,c150197f-f934a129,4,1,0.75
3721,c1504278,c1504278-565f9d8f,c1504278-565f9d8f,1,1,1.0
3722,c150584d,c150584d-0c5c8f75,c150584d-67716d8e,2,1,1.0
3723,c152d738,c152d738-646ba59f,c152d738-646ba59f,1,1,1.0
3724,c153a7d6,c153a7d6-902f591d,c153a7d6-902f591d,1,1,1.0
3725,c154b889,c154b889-24d4f272,c154b889-9f8ad734,3,1,1.0
3726,c1557ff7,c1557ff7-0103f652,c1557ff7-0103f652,1,1,1.0
3727,c155b6d9,c155b6d9-3f10e2e8,c155b6d9-cfa6c733,4,1,1.0
3728,c155d65b,c155d65b-01ae7aac,c155d65b-bf020dcb,5,1,1.0
3729,c1562416,c1562416-05f50759,c1562416-05f50759,1,1,1.0
3730,c1583ab8,c1583ab8-1c0feef0,c1583ab8-1c0feef0,1,1,1.0
3731,c1589305,c1589305-200e315b,c1589305-200e315b,1,1,1.0
3732,c159a842,c159a842-58ec61d9,c159a842-cdc7a8cd,6,1,0.8333333333333334
3733,c15c29a5,c15c29a5-184070ba,c15c29a5-f475b344,10,1,0.9
3734,c15defff,c15defff-3d0670f9,c15defff-3d0670f9,1,1,1.0
3735,c15e64e5,c15e64e5-f459ff4d,c15e64e5-f459ff4d,1,1,1.0
3736,c15e9dd6,c15e9dd6-955a897b,c15e9dd6-955a897b,1,1,1.0
3737,c1617c3b,c1617c3b-c295ec43,c1617c3b-c295ec43,1,0,0.0
3738,c1627cd8,c1627cd8-d8c10968,c1627cd8-d8c10968,1,1,1.0
3739,c16613ce,c16613ce-b065ed48,c16613ce-b065ed48,1,1,1.0
3740,c1675e95,c1675e95-6e450bc4,c1675e95-6e450bc4,1,1,1.0
3741,c16766b6,c16766b6-205384e6,c16766b6-205384e6,1,1,1.0
3742,c167c2a8,c167c2a8-3a6f62c1,c167c2a8-3a6f62c1,1,1,1.0
3743,c168558d,c168558d-9a3f4c8c,c168558d-9a3f4c8c,1,1,1.0
3744,c16a24ab,c16a24ab-c8c540e1,c16a24ab-c8c540e1,1,1,1.0
3745,c16c2f49,c16c2f49-366525d8,c16c2f49-366525d8,1,1,1.0
3746,c16d1626,c16d1626-a3df1547,c16d1626-a3df1547,1,1,1.0
3747,c16d3fdb,c16d3fdb-a3a8c912,c16d3fdb-a3a8c912,1,1,1.0
3748,c16e5581,c16e5581-1b1317e2,c16e5581-3e798354,2,1,1.0
3749,c1707ab9,c1707ab9-102247cf,c1707ab9-9321801c,2,1,1.0
3750,c1715aef,c1715aef-9c4e4c40,c1715aef-9c4e4c40,1,1,1.0
3751,c172eb28,c172eb28-aaf233b7,c172eb28-fbd07793,2,1,1.0
3752,c173438f,c173438f-01b0b013,c173438f-01b0b013,1,1,1.0
3753,c174a2be,c174a2be-b32a8285,c174a2be-b32a8285,1,1,1.0
3754,c174b1bd,c174b1bd-2a882560,c174b1bd-ff23da83,6,1,0.8333333333333334
3755,c174c108,c174c108-7bf5b863,c174c108-7bf5b863,1,1,1.0
3756,c1757757,c1757757-140fa8b6,c1757757-9879fd39,4,1,1.0
3757,c17752b1,c17752b1-1949c442,c17752b1-1949c442,1,1,1.0
3758,c177a543,c177a543-86fc2f32,c177a543-86fc2f32,1,1,1.0
3759,c178a6d6,c178a6d6-0f03f247,c178a6d6-0f03f247,1,1,1.0
3760,c17935d5,c17935d5-3978abec,c17935d5-6da1bc64,2,1,1.0
3761,c1797ffb,c1797ffb-1f4c2bc1,c1797ffb-e25c45e4,6,1,0.8333333333333334
3762,c179d309,c179d309-0e034578,c179d309-bbf612b9,5,1,1.0
3763,c17a1579,c17a1579-23256ea7,c17a1579-edf3958f,5,1,0.8
3764,c17aa6cb,c17aa6cb-4966e0c9,c17aa6cb-b8dbbf71,2,1,0.5
3765,c17ac26d,c17ac26d-a03ed133,c17ac26d-a03ed133,1,1,1.0
3766,c17b1192,c17b1192-94d768db,c17b1192-94d768db,1,1,1.0
3767,c17b2387,c17b2387-acbe59ce,c17b2387-d6a59eed,3,1,1.0
3768,c17fd4de,c17fd4de-d4f40b90,c17fd4de-d4f40b90,1,1,1.0
3769,c1807c66,c1807c66-2813073f,c1807c66-2813073f,1,1,1.0
3770,c181581e,c181581e-2cb8bbad,c181581e-d2c1c633,3,1,0.6666666666666666
3771,c182828e,c182828e-8ee6c4f8,c182828e-8ee6c4f8,1,1,1.0
3772,c186075f,c186075f-85cc92e4,c186075f-85cc92e4,1,1,1.0
3773,c1862df8,c1862df8-21ee7c12,c1862df8-a1c9702a,2,1,1.0
3774,c187431f,c187431f-7b6ad6d6,c187431f-7b6ad6d6,1,1,1.0
3775,c187a3b2,c187a3b2-30716126,c187a3b2-30716126,1,1,1.0
3776,c189f62f,c189f62f-7cbbe028,c189f62f-7cbbe028,1,1,1.0
3777,c18b5a00,c18b5a00-f7a987d8,c18b5a00-f7a987d8,1,1,1.0
3778,c18c0928,c18c0928-a28a4f94,c18c0928-a28a4f94,1,1,1.0
3779,c18c2720,c18c2720-3900ffa7,c18c2720-3900ffa7,1,1,1.0
3780,c18c4ccb,c18c4ccb-c32c02c7,c18c4ccb-c32c02c7,1,1,1.0
3781,c18c9fe9,c18c9fe9-a30aa4ca,c18c9fe9-a30aa4ca,1,1,1.0
3782,c18cdb0e,c18cdb0e-c6d8672a,c18cdb0e-c6d8672a,1,1,1.0
3783,c18d3ffa,c18d3ffa-2e847265,c18d3ffa-befc072e,2,1,1.0
3784,c18df454,c18df454-acb6d4fa,c18df454-acb6d4fa,1,1,1.0
3785,c18e4ce3,c18e4ce3-2a594c39,c18e4ce3-2a594c39,1,1,1.0
3786,c18feebb,c18feebb-3e10acea,c18feebb-3e10acea,1,1,1.0
3787,c1923ac1,c1923ac1-242516f9,c1923ac1-5a311813,2,1,1.0
3788,c1924b4e,c1924b4e-09f3abc2,c1924b4e-d9f9aca2,3,0,0.3333333333333333
3789,c192dc69,c192dc69-59bbb54c,c192dc69-59bbb54c,1,1,1.0
3790,c1947e09,c1947e09-4ec75b70,c1947e09-4ec75b70,1,1,1.0
3791,c194891d,c194891d-b4b5d072,c194891d-b4b5d072,1,1,1.0
3792,c19681f6,c19681f6-26f7aa52,c19681f6-c6258473,2,1,1.0
3793,c1978334,c1978334-40dc8bd3,c1978334-ee0b01df,2,1,1.0
3794,c197a2a7,c197a2a7-20f63536,c197a2a7-ea0bf42c,3,1,1.0
3795,c198d362,c198d362-608f78ff,c198d362-608f78ff,1,1,1.0
3796,c19aa2da,c19aa2da-25679033,c19aa2da-25679033,1,0,0.0
3797,c19c6ce3,c19c6ce3-c8682f81,c19c6ce3-c8682f81,1,1,1.0
3798,c19d66b8,c19d66b8-46ba1ad6,c19d66b8-46ba1ad6,1,1,1.0
3799,c19d7224,c19d7224-503472e5,c19d7224-503472e5,1,1,1.0
3800,c19e69b1,c19e69b1-c22bb482,c19e69b1-d725a651,2,1,1.0
3801,c1a026fd,c1a026fd-4cce52f5,c1a026fd-f78b8860,8,1,0.875
3802,c1a06160,c1a06160-7046d0fc,c1a06160-fdbec44f,3,1,1.0
3803,c1a07cae,c1a07cae-0aaf3a16,c1a07cae-fc54c9dc,5,1,1.0
3804,c1a1e343,c1a1e343-52fde736,c1a1e343-a2aed5dc,3,1,1.0
3805,c1a2ae3c,c1a2ae3c-19fc5138,c1a2ae3c-2325d797,3,1,1.0
3806,c1a2f331,c1a2f331-c407620f,c1a2f331-c407620f,1,1,1.0
3807,c1a42d25,c1a42d25-f69459ca,c1a42d25-f69459ca,1,1,1.0
3808,c1a479d9,c1a479d9-0d218cf2,c1a479d9-e8ee7bae,3,1,1.0
3809,c1a5825c,c1a5825c-0ea22b59,c1a5825c-f4d4e625,11,1,1.0
3810,c1a61e43,c1a61e43-1fe7e02e,c1a61e43-1fe7e02e,1,1,1.0
3811,c1a8c10a,c1a8c10a-2c737293,c1a8c10a-85b7b1d9,2,1,1.0
3812,c1a99e5b,c1a99e5b-03814753,c1a99e5b-fc88d6a2,4,1,1.0
3813,c1aa3aff,c1aa3aff-7dab2121,c1aa3aff-7dab2121,1,1,1.0
3814,c1ae330e,c1ae330e-0543c8dc,c1ae330e-0543c8dc,1,1,1.0
3815,c1aed008,c1aed008-b74dbb7e,c1aed008-b74dbb7e,1,1,1.0
3816,c1af705e,c1af705e-dfb1664f,c1af705e-dfb1664f,1,1,1.0
3817,c1aff52d,c1aff52d-0b07b8ae,c1aff52d-48e2c3f7,2,1,1.0
3818,c1b16eee,c1b16eee-24ccb54b,c1b16eee-d45c1777,5,1,0.8
3819,c1b173ec,c1b173ec-7c9f4aba,c1b173ec-7c9f4aba,1,1,1.0
3820,c1b26cc4,c1b26cc4-7a7cf86b,c1b26cc4-7a7cf86b,1,1,1.0
3821,c1b3582d,c1b3582d-31ed042c,c1b3582d-b9c87c82,4,1,1.0
3822,c1b4cd01,c1b4cd01-249d0c21,c1b4cd01-249d0c21,1,1,1.0
3823,c1b5a91c,c1b5a91c-9e402e78,c1b5a91c-9e402e78,1,1,1.0
3824,c1b5aaf7,c1b5aaf7-f184ef82,c1b5aaf7-f184ef82,1,1,1.0
3825,c1b64469,c1b64469-18575cd6,c1b64469-18575cd6,1,1,1.0
3826,c1b7f449,c1b7f449-2e7ddbce,c1b7f449-2e7ddbce,1,1,1.0
3827,c1b8863d,c1b8863d-5c238b87,c1b8863d-5c238b87,1,1,1.0
3828,c1b89289,c1b89289-81b3242f,c1b89289-81b3242f,1,1,1.0
3829,c1b93aa0,c1b93aa0-3f3c05a3,c1b93aa0-cba79a5f,2,1,1.0
3830,c1ba5ee6,c1ba5ee6-1a00a269,c1ba5ee6-d7c173ea,8,1,1.0
3831,c1bb60fd,c1bb60fd-24b6cf0b,c1bb60fd-24b6cf0b,1,1,1.0
3832,c1bbc01a,c1bbc01a-42a391bd,c1bbc01a-cd5108c4,3,1,1.0
3833,c1bc8490,c1bc8490-bf1a47be,c1bc8490-bf1a47be,1,1,1.0
3834,c1bd17fc,c1bd17fc-fc404eba,c1bd17fc-fc404eba,1,1,1.0
3835,c1bd4140,c1bd4140-1f2bd79e,c1bd4140-690572f8,3,1,1.0
3836,c1bd9a5f,c1bd9a5f-8706ae26,c1bd9a5f-8706ae26,1,1,1.0
3837,c1be4f15,c1be4f15-060de5f9,c1be4f15-060de5f9,1,1,1.0
3838,c1bf3315,c1bf3315-d2d3b34f,c1bf3315-d2d3b34f,1,0,0.0
3839,c1c2aba5,c1c2aba5-5d0757aa,c1c2aba5-5d0757aa,1,1,1.0
3840,c1c6903c,c1c6903c-922c5fce,c1c6903c-922c5fce,1,1,1.0
3841,c1c70561,c1c70561-e47b6c58,c1c70561-e47b6c58,1,1,1.0
3842,c1c778df,c1c778df-c9e106ab,c1c778df-c9e106ab,1,1,1.0
3843,c1c7a738,c1c7a738-75bb5332,c1c7a738-75bb5332,1,1,1.0
3844,c1c811a6,c1c811a6-523b402f,c1c811a6-523b402f,1,1,1.0
3845,c1c865f7,c1c865f7-23381910,c1c865f7-23381910,1,1,1.0
3846,c1c8b782,c1c8b782-bd19a1f1,c1c8b782-bece3215,2,1,1.0
3847,c1c8cf02,c1c8cf02-3ada98f8,c1c8cf02-3ada98f8,1,1,1.0
3848,c1c91c87,c1c91c87-beecba09,c1c91c87-beecba09,1,1,1.0
3849,c1ca33ef,c1ca33ef-2b3cedac,c1ca33ef-b36cc11b,2,1,1.0
3850,c1cc53e4,c1cc53e4-301ce7f6,c1cc53e4-301ce7f6,1,1,1.0
3851,c1d28a8a,c1d28a8a-6ce21619,c1d28a8a-6ce21619,1,1,1.0
3852,c1d2a1ff,c1d2a1ff-3fe5e395,c1d2a1ff-3fe5e395,1,1,1.0
3853,c1d4499d,c1d4499d-c5dd6747,c1d4499d-c5dd6747,1,1,1.0
3854,c1d49e85,c1d49e85-c8f5e1a5,c1d49e85-c8f5e1a5,1,0,0.0
3855,c1d4e142,c1d4e142-4fedae95,c1d4e142-4fedae95,1,1,1.0
3856,c1d63428,c1d63428-737aac1d,c1d63428-737aac1d,1,1,1.0
3857,c1d7db26,c1d7db26-99ee3075,c1d7db26-99ee3075,1,1,1.0
3858,c1d9b74d,c1d9b74d-19748e56,c1d9b74d-f9ebe548,5,1,1.0
3859,c1d9edc8,c1d9edc8-8986da55,c1d9edc8-8986da55,1,1,1.0
3860,c1da4b69,c1da4b69-9de1ea25,c1da4b69-9de1ea25,1,1,1.0
3861,c1db01c0,c1db01c0-566146b4,c1db01c0-566146b4,1,1,1.0
3862,c1dbf9f7,c1dbf9f7-0090d73a,c1dbf9f7-0090d73a,1,1,1.0
3863,c1dc04b3,c1dc04b3-0279aa42,c1dc04b3-0279aa42,1,1,1.0
3864,c1dc5cd2,c1dc5cd2-0fd8be03,c1dc5cd2-0fd8be03,1,1,1.0
3865,c1dcd827,c1dcd827-e36b0fd0,c1dcd827-e36b0fd0,1,1,1.0
3866,c1de2ece,c1de2ece-05370fe3,c1de2ece-fae99097,4,1,1.0
3867,c1ded192,c1ded192-65c5836c,c1ded192-65c5836c,1,1,1.0
3868,c1e10ddc,c1e10ddc-10a024c6,c1e10ddc-9aaafa4c,2,1,1.0
3869,c1e1ae56,c1e1ae56-7ac1bd33,c1e1ae56-7ac1bd33,1,1,1.0
3870,c1e1f0cb,c1e1f0cb-ffa477f3,c1e1f0cb-ffa477f3,1,1,1.0
3871,c1e1f7c0,c1e1f7c0-9bbd3146,c1e1f7c0-b6466fae,2,1,1.0
3872,c1e404d7,c1e404d7-4a3eedc5,c1e404d7-4a3eedc5,1,1,1.0
3873,c1e52d50,c1e52d50-200c259b,c1e52d50-62ec817f,2,1,1.0
3874,c1e6340e,c1e6340e-084ce27d,c1e6340e-084ce27d,1,1,1.0
3875,c1e662cf,c1e662cf-67b73cdc,c1e662cf-67b73cdc,1,1,1.0
3876,c1e9212e,c1e9212e-dd32de40,c1e9212e-dd32de40,1,1,1.0
3877,c1ec4d78,c1ec4d78-1b59adc6,c1ec4d78-1b59adc6,1,1,1.0
3878,c1ed2bc1,c1ed2bc1-13f7b91b,c1ed2bc1-883eb236,4,1,1.0
3879,c1eec0f9,c1eec0f9-986b3a7c,c1eec0f9-986b3a7c,1,1,1.0
3880,c1f1b5b7,c1f1b5b7-9bc64925,c1f1b5b7-9bc64925,1,1,1.0
3881,c1f279ae,c1f279ae-5a52d338,c1f279ae-67dfd217,2,1,1.0
3882,c1f2bf8e,c1f2bf8e-0364535d,c1f2bf8e-7b0e284d,2,1,1.0
3883,c1f35f18,c1f35f18-1bf0a037,c1f35f18-cc6a82e9,11,1,1.0
3884,c1f39934,c1f39934-077f75ad,c1f39934-d26d7dd2,9,1,1.0
3885,c1f47a2c,c1f47a2c-6ff02223,c1f47a2c-6ff02223,1,1,1.0
3886,c1f4b883,c1f4b883-84444018,c1f4b883-97d48a35,2,1,1.0
3887,c1f5ccf1,c1f5ccf1-3db75c28,c1f5ccf1-3db75c28,1,1,1.0
3888,c1f65250,c1f65250-4bf4a042,c1f65250-7a0e931b,2,1,0.5
3889,c1f7104e,c1f7104e-b64ae3b2,c1f7104e-b64ae3b2,1,1,1.0
3890,c1f74dbc,c1f74dbc-21fc10db,c1f74dbc-c774031f,4,1,1.0
3891,c1f7cec6,c1f7cec6-549a06ac,c1f7cec6-549a06ac,1,1,1.0
3892,c1f8d9b3,c1f8d9b3-06b1c09d,c1f8d9b3-e7a69cc0,12,1,1.0
3893,c1f917f7,c1f917f7-49fe8032,c1f917f7-c3b86ce0,2,1,1.0
3894,c1f9740a,c1f9740a-41816cad,c1f9740a-41816cad,1,1,1.0
3895,c1f9f357,c1f9f357-0ea2a4a9,c1f9f357-ab0da339,2,1,1.0
3896,c1fa7950,c1fa7950-56a78519,c1fa7950-fbc6ec93,2,1,1.0
3897,c1fa81f4,c1fa81f4-43a87286,c1fa81f4-f26197b3,2,1,0.5
3898,c1fb9b6e,c1fb9b6e-39387962,c1fb9b6e-39387962,1,1,1.0
3899,c1fbed4d,c1fbed4d-18be096c,c1fbed4d-18be096c,1,1,1.0
3900,c1fcbbba,c1fcbbba-82bed253,c1fcbbba-82bed253,1,1,1.0
3901,c1fcdfd1,c1fcdfd1-b34ce63c,c1fcdfd1-b34ce63c,1,1,1.0
3902,c1fd3aad,c1fd3aad-0fdb8c7c,c1fd3aad-e12c3c56,2,1,1.0
3903,c1fdbab3,c1fdbab3-9f0f7dfd,c1fdbab3-9f0f7dfd,1,1,1.0
3904,c1fdd182,c1fdd182-0431866d,c1fdd182-ee635148,6,1,1.0
3905,c2021c8c,c2021c8c-474a8eda,c2021c8c-474a8eda,1,1,1.0
3906,c2021f20,c2021f20-421a5da4,c2021f20-db3a51d7,5,1,1.0
3907,c202b384,c202b384-5783e17c,c202b384-5783e17c,1,1,1.0
3908,c202c860,c202c860-fbf85ab9,c202c860-fbf85ab9,1,1,1.0
3909,c2032247,c2032247-86ea336e,c2032247-86ea336e,1,1,1.0
3910,c2044e67,c2044e67-b5d63528,c2044e67-b5d63528,1,1,1.0
3911,c2046c97,c2046c97-1d2d5571,c2046c97-1d2d5571,1,1,1.0
3912,c2050b3c,c2050b3c-55dd8c44,c2050b3c-55dd8c44,1,1,1.0
3913,c2054961,c2054961-03b26a4f,c2054961-03b26a4f,1,1,1.0
3914,c20562f2,c20562f2-5524d6c5,c20562f2-5524d6c5,1,1,1.0
3915,c20685c6,c20685c6-10269c46,c20685c6-10269c46,1,1,1.0
3916,c2074a7c,c2074a7c-7905ced0,c2074a7c-7905ced0,1,1,1.0
3917,c20aa83a,c20aa83a-0646a7d3,c20aa83a-0646a7d3,1,0,0.0
3918,c20ae70f,c20ae70f-0e43133b,c20ae70f-fb4f0da6,10,1,0.9
3919,c20b3a6a,c20b3a6a-c51292e2,c20b3a6a-c51292e2,1,1,1.0
3920,c20db6e7,c20db6e7-6613883a,c20db6e7-6613883a,1,1,1.0
3921,c20e5778,c20e5778-cfbaabbf,c20e5778-cfbaabbf,1,1,1.0
3922,c210f326,c210f326-88ad92d0,c210f326-88ad92d0,1,1,1.0
3923,c21334d5,c21334d5-57aa0da4,c21334d5-c0e77c4e,2,1,1.0
3924,c213a6ff,c213a6ff-1ee61516,c213a6ff-9de3bb98,3,0,0.3333333333333333
3925,c2148d05,c2148d05-9f10097f,c2148d05-b52ebea0,2,1,1.0
3926,c214be24,c214be24-661d4b88,c214be24-661d4b88,1,1,1.0
3927,c214c96d,c214c96d-579ff000,c214c96d-579ff000,1,1,1.0
3928,c2179f35,c2179f35-d4666c72,c2179f35-d4666c72,1,1,1.0
3929,c2186a76,c2186a76-5444a563,c2186a76-86491ba7,3,1,1.0
3930,c219e30c,c219e30c-1f1796a7,c219e30c-1f1796a7,1,1,1.0
3931,c219f321,c219f321-d15ce31b,c219f321-d15ce31b,1,1,1.0
3932,c21bf66e,c21bf66e-42fff314,c21bf66e-42fff314,1,1,1.0
3933,c21d47dc,c21d47dc-fd0bdc45,c21d47dc-fd0bdc45,1,1,1.0
3934,c21defc7,c21defc7-61b5e22a,c21defc7-61b5e22a,1,1,1.0
3935,c21e328e,c21e328e-0d19a282,c21e328e-0d19a282,1,1,1.0
3936,c21ef8aa,c21ef8aa-0c751223,c21ef8aa-cabc5b7a,2,1,1.0
3937,c21f174e,c21f174e-57fbb4a3,c21f174e-c4bbb429,3,1,1.0
3938,c21fba09,c21fba09-38039a43,c21fba09-f4501c68,5,1,1.0
3939,c2201fab,c2201fab-5d3df1a5,c2201fab-f8248caa,3,1,1.0
3940,c2216e26,c2216e26-f9faa96a,c2216e26-f9faa96a,1,1,1.0
3941,c223e6d7,c223e6d7-9cc59b6b,c223e6d7-e1a9bb5a,2,1,1.0
3942,c2244286,c2244286-08a1eebf,c2244286-08a1eebf,1,1,1.0
3943,c2260f2c,c2260f2c-787c095d,c2260f2c-787c095d,1,0,0.0
3944,c22b4f17,c22b4f17-7befe1a1,c22b4f17-afdf71f2,2,1,1.0
3945,c22c0422,c22c0422-2de1b215,c22c0422-2de1b215,1,1,1.0
3946,c22f5c49,c22f5c49-f16b772b,c22f5c49-f16b772b,1,1,1.0
3947,c22feff4,c22feff4-14505161,c22feff4-14505161,1,1,1.0
3948,c2302f7c,c2302f7c-85b15ee2,c2302f7c-85b15ee2,1,1,1.0
3949,c2313d3a,c2313d3a-69748e1a,c2313d3a-69748e1a,1,1,1.0
3950,c231647c,c231647c-229d2cac,c231647c-229d2cac,1,1,1.0
3951,c233073e,c233073e-4295b189,c233073e-4295b189,1,1,1.0
3952,c2341eec,c2341eec-16d212b8,c2341eec-293df47b,2,1,1.0
3953,c23551ce,c23551ce-34508f75,c23551ce-6007b75e,2,1,1.0
3954,c2364a53,c2364a53-a22c73f2,c2364a53-a22c73f2,1,1,1.0
3955,c23746ed,c23746ed-28a94ca8,c23746ed-28a94ca8,1,1,1.0
3956,c23770f3,c23770f3-1b29a7b7,c23770f3-1b29a7b7,1,1,1.0
3957,c237ce66,c237ce66-cf2860b7,c237ce66-cf2860b7,1,1,1.0
3958,c2381a27,c2381a27-bf6306b9,c2381a27-bf6306b9,1,1,1.0
3959,c239ab3d,c239ab3d-61c3912f,c239ab3d-61c3912f,1,1,1.0
3960,c239dcd2,c239dcd2-0868f0e1,c239dcd2-bbd38c33,2,1,1.0
3961,c239f9d5,c239f9d5-92e82ab6,c239f9d5-ba69ae6a,3,1,1.0
3962,c2425dd9,c2425dd9-c679e796,c2425dd9-ca97c25b,2,1,1.0
3963,c242b4b8,c242b4b8-0dab228f,c242b4b8-f07bddfe,4,1,1.0
3964,c2437a91,c2437a91-3c23aba9,c2437a91-3c23aba9,1,1,1.0
3965,c2461a5a,c2461a5a-936bf379,c2461a5a-c6094472,2,1,1.0
3966,c24838fd,c24838fd-064f7c3f,c24838fd-e77a2501,6,1,1.0
3967,c249fd49,c249fd49-2b590a59,c249fd49-2b590a59,1,1,1.0
3968,c24a4e92,c24a4e92-fe4e161a,c24a4e92-fe4e161a,1,0,0.0
3969,c24ab4b6,c24ab4b6-3f1b1b45,c24ab4b6-3f1b1b45,1,1,1.0
3970,c24aece5,c24aece5-9554f636,c24aece5-9554f636,1,1,1.0
3971,c24bae34,c24bae34-454a0416,c24bae34-ecd0abe5,2,1,1.0
3972,c24bfc75,c24bfc75-858cdb28,c24bfc75-858cdb28,1,0,0.0
3973,c24da7c7,c24da7c7-21c58e17,c24da7c7-21c58e17,1,0,0.0
3974,c24e1c23,c24e1c23-c639fa40,c24e1c23-c639fa40,1,1,1.0
3975,c24e5f86,c24e5f86-035733db,c24e5f86-c7ad4eac,4,1,1.0
3976,c24e7c72,c24e7c72-2aefe7f1,c24e7c72-f53291ea,6,1,0.8333333333333334
3977,c2509294,c2509294-e36cd975,c2509294-f6bd70dc,2,1,1.0
3978,c2511583,c2511583-9b7d39a0,c2511583-9b7d39a0,1,1,1.0
3979,c253aa39,c253aa39-477c3d0a,c253aa39-477c3d0a,1,1,1.0
3980,c253f19a,c253f19a-40117192,c253f19a-40117192,1,1,1.0
3981,c2592033,c2592033-48254ed4,c2592033-97240486,3,1,1.0
3982,c25956aa,c25956aa-0dba6cc7,c25956aa-0dba6cc7,1,1,1.0
3983,c25a8eea,c25a8eea-5c0d75f6,c25a8eea-5c0d75f6,1,1,1.0
3984,c25d979a,c25d979a-020521ba,c25d979a-8467d479,2,1,0.5
3985,c25f97e6,c25f97e6-1827a77f,c25f97e6-6a4c4ca2,4,1,1.0
3986,c261a365,c261a365-e321c618,c261a365-e321c618,1,1,1.0
3987,c262c510,c262c510-15478ba1,c262c510-15478ba1,1,1,1.0
3988,c264943c,c264943c-5e493c9f,c264943c-5e493c9f,1,1,1.0
3989,c265ca04,c265ca04-fe330cbb,c265ca04-fe330cbb,1,1,1.0
3990,c26620df,c26620df-69c25d46,c26620df-69c25d46,1,1,1.0
3991,c267da7f,c267da7f-006f108f,c267da7f-d242db6c,3,1,1.0
3992,c2680d40,c2680d40-90d19d17,c2680d40-90d19d17,1,1,1.0
3993,c26abe13,c26abe13-497f3abf,c26abe13-497f3abf,1,1,1.0
3994,c26b2918,c26b2918-1cb13443,c26b2918-1cb13443,1,1,1.0
3995,c26b9b25,c26b9b25-a8bbf0b5,c26b9b25-a8bbf0b5,1,1,1.0
3996,c26c1352,c26c1352-5e1c2fe2,c26c1352-5e1c2fe2,1,1,1.0
3997,c26c1883,c26c1883-9c563aa8,c26c1883-9c563aa8,1,1,1.0
3998,c26f2635,c26f2635-1d311675,c26f2635-f33e1d9f,3,1,1.0
3999,c27353a6,c27353a6-2b3a186d,c27353a6-2b3a186d,1,1,1.0
4000,c273b0cc,c273b0cc-4286333b,c273b0cc-4286333b,1,1,1.0
4001,c273e0e3,c273e0e3-050cf9b4,c273e0e3-524fae66,3,1,1.0
4002,c274ce4e,c274ce4e-e2f8d81b,c274ce4e-e2f8d81b,1,1,1.0
4003,c2753ce8,c2753ce8-bef4b9d4,c2753ce8-bef4b9d4,1,1,1.0
4004,c2775fbb,c2775fbb-12089565,c2775fbb-7b8764dc,2,1,1.0
4005,c279d4e7,c279d4e7-97fb3340,c279d4e7-97fb3340,1,1,1.0
4006,c27e2a5d,c27e2a5d-3fb04be8,c27e2a5d-93699ec3,2,1,1.0
4007,c27e5a2b,c27e5a2b-ecd48437,c27e5a2b-ecd48437,1,1,1.0
4008,c281c4a6,c281c4a6-21278370,c281c4a6-c90826d4,5,1,1.0
4009,c2841851,c2841851-644a8cfe,c2841851-644a8cfe,1,1,1.0
4010,c2853fd5,c2853fd5-304c554e,c2853fd5-304c554e,1,1,1.0
4011,c288c7a7,c288c7a7-347f9b29,c288c7a7-785cdad5,2,1,0.5
4012,c28982c9,c28982c9-343d3ab5,c28982c9-343d3ab5,1,1,1.0
4013,c28b1cad,c28b1cad-827d300e,c28b1cad-827d300e,1,1,1.0
4014,c28b60fb,c28b60fb-a5e9b955,c28b60fb-a5e9b955,1,1,1.0
4015,c28cecbb,c28cecbb-11796cf6,c28cecbb-11796cf6,1,1,1.0
4016,c291c9ab,c291c9ab-a9ccb89d,c291c9ab-a9ccb89d,1,1,1.0
4017,c292800e,c292800e-4290dbb9,c292800e-fd3697ee,2,1,1.0
4018,c2937a02,c2937a02-5e3132bb,c2937a02-db177509,2,1,1.0
4019,c294e58f,c294e58f-9310c6be,c294e58f-9310c6be,1,1,1.0
4020,c29829cf,c29829cf-9790141e,c29829cf-a9e05937,2,1,1.0
4021,c2987e05,c2987e05-9c59c386,c2987e05-cb9bfcee,2,1,1.0
4022,c29976d5,c29976d5-c811d4fc,c29976d5-c811d4fc,1,1,1.0
4023,c29d13ba,c29d13ba-67447c50,c29d13ba-ad7aee3f,2,1,1.0
4024,c29d444d,c29d444d-06b31782,c29d444d-06b31782,1,1,1.0
4025,c29d692d,c29d692d-ed6435ba,c29d692d-ed6435ba,1,1,1.0
4026,c29e8060,c29e8060-71ad061c,c29e8060-71ad061c,1,0,0.0
4027,c29eff38,c29eff38-fcac5247,c29eff38-fcac5247,1,1,1.0
4028,c2a0e52f,c2a0e52f-013aa867,c2a0e52f-bed5a09e,3,1,0.6666666666666666
4029,c2a26f9b,c2a26f9b-634ed98f,c2a26f9b-f5f43bb4,2,1,0.5
4030,c2a42061,c2a42061-fc4af0cd,c2a42061-fc4af0cd,1,1,1.0
4031,c2a4a88f,c2a4a88f-1a60e4a6,c2a4a88f-1a60e4a6,1,1,1.0
4032,c2a5efc2,c2a5efc2-5db1bfef,c2a5efc2-5db1bfef,1,1,1.0
4033,c2a6a273,c2a6a273-553fcc3e,c2a6a273-553fcc3e,1,1,1.0
4034,c2a6b1c9,c2a6b1c9-c45dc6e2,c2a6b1c9-dd645325,3,1,1.0
4035,c2a76d08,c2a76d08-8d6ecf47,c2a76d08-bba28d34,2,1,1.0
4036,c2a861df,c2a861df-c568afdf,c2a861df-c568afdf,1,1,1.0
4037,c2a97407,c2a97407-8de8d65d,c2a97407-8de8d65d,1,1,1.0
4038,c2a9ed1d,c2a9ed1d-3468f926,c2a9ed1d-3468f926,1,1,1.0
4039,c2ab5734,c2ab5734-0f552875,c2ab5734-0f552875,1,1,1.0
4040,c2ac826b,c2ac826b-a3056d98,c2ac826b-a3056d98,1,1,1.0
4041,c2ad6f21,c2ad6f21-713c330a,c2ad6f21-713c330a,1,1,1.0
4042,c2b0aeff,c2b0aeff-8116fb32,c2b0aeff-8116fb32,1,1,1.0
4043,c2b457e5,c2b457e5-1779ee7a,c2b457e5-36e3ecee,2,1,1.0
4044,c2b4e787,c2b4e787-cb1903e2,c2b4e787-cb1903e2,1,1,1.0
4045,c2b665b0,c2b665b0-204f2f52,c2b665b0-204f2f52,1,1,1.0
4046,c2b673e4,c2b673e4-93811ad0,c2b673e4-93811ad0,1,1,1.0
4047,c2b6ba94,c2b6ba94-2700b429,c2b6ba94-2700b429,1,1,1.0
4048,c2b6d359,c2b6d359-e8c54604,c2b6d359-e8c54604,1,1,1.0
4049,c2b760c8,c2b760c8-952a9da4,c2b760c8-952a9da4,1,1,1.0
4050,c2b79a27,c2b79a27-6c31cf15,c2b79a27-6c31cf15,1,0,0.0
4051,c2bc5a4c,c2bc5a4c-69603eab,c2bc5a4c-c4864ac1,4,1,1.0
4052,c2bcd344,c2bcd344-ee1fa1cf,c2bcd344-ee1fa1cf,1,1,1.0
4053,c2bd6e37,c2bd6e37-f28f3332,c2bd6e37-f28f3332,1,1,1.0
4054,c2bd70f5,c2bd70f5-009e856e,c2bd70f5-d811bd56,3,1,1.0
4055,c2c2b345,c2c2b345-0bd03595,c2c2b345-0bd03595,1,1,1.0
4056,c2c32a23,c2c32a23-8636a7e4,c2c32a23-b356a99b,2,1,0.5
4057,c2c38d09,c2c38d09-ac9ea6ea,c2c38d09-ac9ea6ea,1,1,1.0
4058,c2c46944,c2c46944-e4ca174b,c2c46944-e4ca174b,1,1,1.0
4059,c2c5ac9a,c2c5ac9a-fc00e41a,c2c5ac9a-fc00e41a,1,1,1.0
4060,c2c5fee5,c2c5fee5-a8360924,c2c5fee5-f8ce1342,3,1,1.0
4061,c2c6e56c,c2c6e56c-253eb798,c2c6e56c-253eb798,1,1,1.0
4062,c2c78435,c2c78435-b075e841,c2c78435-e0e98f96,2,1,1.0
4063,c2c8b275,c2c8b275-6341d9ae,c2c8b275-e923a396,6,1,1.0
4064,c2ca5977,c2ca5977-11073d54,c2ca5977-11073d54,1,1,1.0
4065,c2ca6fc5,c2ca6fc5-20262bf2,c2ca6fc5-20262bf2,1,0,0.0
4066,c2ccc2a6,c2ccc2a6-300804e4,c2ccc2a6-81d75278,2,1,1.0
4067,c2ccdd66,c2ccdd66-06c44d2f,c2ccdd66-f578a841,6,1,1.0
4068,c2cce0a4,c2cce0a4-9e2fccd0,c2cce0a4-9e2fccd0,1,1,1.0
4069,c2cf05b9,c2cf05b9-112623fd,c2cf05b9-a796747a,2,1,1.0
4070,c2d051a0,c2d051a0-007fa10e,c2d051a0-a1590f05,4,1,0.75
4071,c2d07fa1,c2d07fa1-f6cebd10,c2d07fa1-f6cebd10,1,1,1.0
4072,c2d33423,c2d33423-0f14ffaa,c2d33423-8f1d3d05,2,1,1.0
4073,c2d5a01a,c2d5a01a-a0821dcd,c2d5a01a-e636934d,3,1,1.0
4074,c2d84b6d,c2d84b6d-36aacbc8,c2d84b6d-5b9fc9f6,2,1,1.0
4075,c2d921c8,c2d921c8-2d2a2c9b,c2d921c8-6d91821a,2,1,1.0
4076,c2dba16e,c2dba16e-9ead0a99,c2dba16e-9ead0a99,1,1,1.0
4077,c2e04d81,c2e04d81-cb5871d8,c2e04d81-cb5871d8,1,1,1.0
4078,c2e068f4,c2e068f4-1ba33b01,c2e068f4-1ba33b01,1,1,1.0
4079,c2e0f386,c2e0f386-2f25f1fd,c2e0f386-2f25f1fd,1,1,1.0
4080,c2e294a9,c2e294a9-07a2a060,c2e294a9-cd5c3b02,4,1,1.0
4081,c2e3cd3c,c2e3cd3c-27871334,c2e3cd3c-fc972e2e,3,1,1.0
4082,c2e3fe05,c2e3fe05-6c12de55,c2e3fe05-fa312f4d,3,1,1.0
4083,c2e4e91e,c2e4e91e-cf165083,c2e4e91e-cf165083,1,1,1.0
4084,c2e50057,c2e50057-06f8a09f,c2e50057-24acc02d,2,1,1.0
4085,c2e64366,c2e64366-81f14610,c2e64366-e1c00685,2,1,1.0
4086,c2e9a1b8,c2e9a1b8-c9299c7a,c2e9a1b8-e631ecd9,2,1,1.0
4087,c2eb1910,c2eb1910-39269c22,c2eb1910-39269c22,1,1,1.0
4088,c2eb2ca4,c2eb2ca4-fc64114e,c2eb2ca4-fc64114e,1,1,1.0
4089,c2ecefdc,c2ecefdc-3722313c,c2ecefdc-899cd0ca,2,1,1.0
4090,c2ecf02b,c2ecf02b-bc9b4eb7,c2ecf02b-bc9b4eb7,1,1,1.0
4091,c2edec5a,c2edec5a-66ae2e42,c2edec5a-cb5f109b,2,1,1.0
4092,c2edfde8,c2edfde8-ed5a96ad,c2edfde8-ed5a96ad,1,1,1.0
4093,c2ee74ff,c2ee74ff-63374b3e,c2ee74ff-9e493288,2,1,1.0
4094,c2ef33b3,c2ef33b3-561067be,c2ef33b3-561067be,1,1,1.0
4095,c2f06deb,c2f06deb-e3f1630a,c2f06deb-e3f1630a,1,1,1.0
4096,c2f0c529,c2f0c529-238574c7,c2f0c529-238574c7,1,1,1.0
4097,c2f0d1f5,c2f0d1f5-0fe37fc4,c2f0d1f5-0fe37fc4,1,1,1.0
4098,c2f149f0,c2f149f0-1074361e,c2f149f0-1074361e,1,1,1.0
4099,c2f16364,c2f16364-2fbd9f8d,c2f16364-2fbd9f8d,1,1,1.0
4100,c2f25682,c2f25682-16a2fc3f,c2f25682-d1334b0c,3,1,1.0
4101,c2f2f742,c2f2f742-59d1b7ac,c2f2f742-e24a5d3d,2,1,1.0
4102,c2f3e924,c2f3e924-031246d8,c2f3e924-031246d8,1,1,1.0
4103,c2f57401,c2f57401-4dbd1948,c2f57401-4dbd1948,1,1,1.0
4104,c2f5e5c4,c2f5e5c4-35640746,c2f5e5c4-7e0e3665,2,1,1.0
4105,c2f7d6e4,c2f7d6e4-2e5ac55c,c2f7d6e4-2e5ac55c,1,1,1.0
4106,c2f88368,c2f88368-4292c1a0,c2f88368-4292c1a0,1,1,1.0
4107,c2f8b141,c2f8b141-5ef7d661,c2f8b141-5ef7d661,1,1,1.0
4108,c2f92f94,c2f92f94-43481d10,c2f92f94-43481d10,1,1,1.0
4109,c2fb790e,c2fb790e-4cd5a630,c2fb790e-a8d3b8eb,2,1,1.0
4110,c2fd4d4f,c2fd4d4f-220a401d,c2fd4d4f-3bb5c0cc,2,1,0.5
4111,c3009124,c3009124-01540ddb,c3009124-d4c47e39,4,1,1.0
4112,c300fd4b,c300fd4b-8ff92c2d,c300fd4b-8ff92c2d,1,1,1.0
4113,c301c86c,c301c86c-1acdbecb,c301c86c-1acdbecb,1,1,1.0
4114,c30226a9,c30226a9-f882478c,c30226a9-f882478c,1,1,1.0
4115,c3026ac7,c3026ac7-8105e9a9,c3026ac7-8105e9a9,1,1,1.0
4116,c3061560,c3061560-56ac649f,c3061560-e5d3971d,4,1,0.75
4117,c306625b,c306625b-dfc8a05f,c306625b-dfc8a05f,1,1,1.0
4118,c306771b,c306771b-67b9007f,c306771b-67b9007f,1,1,1.0
4119,c308561a,c308561a-0b199e0a,c308561a-7b825f0b,4,1,1.0
4120,c308724a,c308724a-56daf08b,c308724a-56daf08b,1,1,1.0
4121,c30be28e,c30be28e-bc8fd997,c30be28e-bc8fd997,1,1,1.0
4122,c30db884,c30db884-c85d8fee,c30db884-c85d8fee,1,0,0.0
4123,c30f013a,c30f013a-9e9fe3ce,c30f013a-a0802298,2,1,1.0
4124,c30f959a,c30f959a-bd87aa16,c30f959a-bd87aa16,1,1,1.0
4125,c3127fc5,c3127fc5-0411259f,c3127fc5-0411259f,1,1,1.0
4126,c3130621,c3130621-11b84f78,c3130621-97d57961,2,1,1.0
4127,c3148906,c3148906-5b3db383,c3148906-a35c7571,2,1,1.0
4128,c315b14e,c315b14e-429b1108,c315b14e-429b1108,1,1,1.0
4129,c31625c9,c31625c9-4cf16add,c31625c9-9e5a7d0c,2,1,1.0
4130,c317c38b,c317c38b-ce5550bb,c317c38b-ce5550bb,1,1,1.0
4131,c31a04de,c31a04de-1c417568,c31a04de-d4cc31fb,4,1,1.0
4132,c31aa396,c31aa396-beb4f81b,c31aa396-beb4f81b,1,0,0.0
4133,c31aa969,c31aa969-1f6cbf7f,c31aa969-fb62cfc9,10,1,0.8
4134,c31c9630,c31c9630-33e93909,c31c9630-bb223690,4,1,1.0
4135,c31cd426,c31cd426-0a38fe18,c31cd426-0a38fe18,1,1,1.0
4136,c31d9531,c31d9531-694298f0,c31d9531-694298f0,1,1,1.0
4137,c31e94f0,c31e94f0-25b5a72f,c31e94f0-25b5a72f,1,1,1.0
4138,c31edac1,c31edac1-218458ed,c31edac1-218458ed,1,1,1.0
4139,c321a98d,c321a98d-e1a9c503,c321a98d-e3d79f4f,2,1,1.0
4140,c321b69d,c321b69d-0043bcac,c321b69d-0043bcac,1,1,1.0
4141,c321c219,c321c219-54340460,c321c219-a3547f2a,2,1,1.0
4142,c32246a5,c32246a5-79a01821,c32246a5-79a01821,1,1,1.0
4143,c32278e7,c32278e7-af964526,c32278e7-af964526,1,1,1.0
4144,c323201c,c323201c-9bcf7cf8,c323201c-cf5e33b5,3,1,1.0
4145,c3248121,c3248121-1ef2b38c,c3248121-96de25d5,2,1,1.0
4146,c324a11d,c324a11d-b8793e25,c324a11d-eaaeb859,2,1,1.0
4147,c324e953,c324e953-ad402fa6,c324e953-ad402fa6,1,1,1.0
4148,c3259da7,c3259da7-7e61cbb1,c3259da7-7e61cbb1,1,1,1.0
4149,c327ace4,c327ace4-9dfe6490,c327ace4-f06a47fc,2,1,1.0
4150,c3283326,c3283326-494b49b0,c3283326-74d7ae20,2,1,1.0
4151,c3287e28,c3287e28-f6bcc9ef,c3287e28-f6bcc9ef,1,1,1.0
4152,c328b7ab,c328b7ab-7a893ba0,c328b7ab-8bb33358,2,1,1.0
4153,c32a6d73,c32a6d73-bda5c6ed,c32a6d73-bda5c6ed,1,1,1.0
4154,c32aa914,c32aa914-b99e4d62,c32aa914-b99e4d62,1,1,1.0
4155,c32be69b,c32be69b-f02d6229,c32be69b-f02d6229,1,1,1.0
4156,c32da93f,c32da93f-1463bf89,c32da93f-1463bf89,1,1,1.0
4157,c32dbcaf,c32dbcaf-480ffc17,c32dbcaf-50f0a281,3,1,0.6666666666666666
4158,c32ed490,c32ed490-87271dee,c32ed490-87271dee,1,1,1.0
4159,c330c787,c330c787-0f40c0b6,c330c787-ae1c841a,9,1,1.0
4160,c3318e73,c3318e73-7060e2ce,c3318e73-7060e2ce,1,1,1.0
4161,c3321660,c3321660-e6b60390,c3321660-e6b60390,1,1,1.0
4162,c33251a6,c33251a6-16b72b39,c33251a6-fa2a8810,4,1,1.0
4163,c332a2f5,c332a2f5-ee258489,c332a2f5-ee258489,1,1,1.0
4164,c3346363,c3346363-41b4ddf6,c3346363-41b4ddf6,1,1,1.0
4165,c3348435,c3348435-58a3fba0,c3348435-d86c8ed9,2,1,1.0
4166,c334fad5,c334fad5-145809d5,c334fad5-145809d5,1,1,1.0
4167,c3364b6e,c3364b6e-7b10cac7,c3364b6e-cb703061,2,1,1.0
4168,c3367099,c3367099-841c2fba,c3367099-841c2fba,1,1,1.0
4169,c33700f7,c33700f7-08262a44,c33700f7-db0d8271,2,1,1.0
4170,c338bae4,c338bae4-6f7b7153,c338bae4-b6f47a90,2,1,1.0
4171,c339e4bd,c339e4bd-e3d99d50,c339e4bd-e3d99d50,1,1,1.0
4172,c33a646b,c33a646b-70d40dc3,c33a646b-70d40dc3,1,1,1.0
4173,c33b61b6,c33b61b6-47d0f8ba,c33b61b6-47d0f8ba,1,1,1.0
4174,c33df08a,c33df08a-5c6bad4a,c33df08a-5c6bad4a,1,1,1.0
4175,c33ec7c6,c33ec7c6-ab13ff1b,c33ec7c6-ab13ff1b,1,1,1.0
4176,c33fbbba,c33fbbba-de07905f,c33fbbba-de07905f,1,1,1.0
4177,c33fd06b,c33fd06b-7beab8d7,c33fd06b-7beab8d7,1,1,1.0
4178,c33ff185,c33ff185-6648dfa9,c33ff185-93a0dd91,2,1,1.0
4179,c34058b8,c34058b8-2790784b,c34058b8-2790784b,1,1,1.0
4180,c342b42d,c342b42d-09b85192,c342b42d-09b85192,1,1,1.0
4181,c3436372,c3436372-070af78a,c3436372-eb18934d,2,1,0.5
4182,c343e9dc,c343e9dc-ce6e03ef,c343e9dc-f2dcbc21,2,1,1.0
4183,c345715a,c345715a-b532f7a9,c345715a-b532f7a9,1,1,1.0
4184,c346c42b,c346c42b-748697b5,c346c42b-748697b5,1,1,1.0
4185,c34d1beb,c34d1beb-7e2ce15b,c34d1beb-7e2ce15b,1,1,1.0
4186,c34d7b7c,c34d7b7c-90f9af54,c34d7b7c-90f9af54,1,1,1.0
4187,c350632d,c350632d-75a312d1,c350632d-75a312d1,1,1,1.0
4188,c3529718,c3529718-252e80fb,c3529718-252e80fb,1,1,1.0
4189,c352d9c5,c352d9c5-d0019b8b,c352d9c5-d0019b8b,1,1,1.0
4190,c353f0b4,c353f0b4-c62600fa,c353f0b4-c62600fa,1,1,1.0
4191,c35418da,c35418da-e9e8e7dc,c35418da-e9e8e7dc,1,1,1.0
4192,c35531fb,c35531fb-c1bd532b,c35531fb-c1bd532b,1,1,1.0
4193,c356bbec,c356bbec-0c1293f7,c356bbec-10171932,2,1,1.0
4194,c357f7fe,c357f7fe-3f94d6aa,c357f7fe-3f94d6aa,1,1,1.0
4195,c358bbb8,c358bbb8-b458b22b,c358bbb8-b458b22b,1,1,1.0
4196,c3593016,c3593016-1adba20d,c3593016-c4528d9d,6,1,1.0
4197,c359556b,c359556b-77ced0e9,c359556b-77ced0e9,1,1,1.0
4198,c359e7b1,c359e7b1-5b68aea4,c359e7b1-5b68aea4,1,1,1.0
4199,c359f52e,c359f52e-d1916e72,c359f52e-d1916e72,1,1,1.0
4200,c35a0c1c,c35a0c1c-33884693,c35a0c1c-33884693,1,1,1.0
4201,c35c16ba,c35c16ba-83fcb452,c35c16ba-b65a3906,2,1,1.0
4202,c35e0eea,c35e0eea-7596f0bd,c35e0eea-8161d596,2,1,0.5
4203,c35f5984,c35f5984-a2763387,c35f5984-a2763387,1,1,1.0
4204,c35f86eb,c35f86eb-86dc57eb,c35f86eb-e0657fa3,2,1,1.0
4205,c360ca4b,c360ca4b-7a8ec6e6,c360ca4b-7a8ec6e6,1,1,1.0
4206,c361f0b8,c361f0b8-d5940918,c361f0b8-d5940918,1,1,1.0
4207,c361ff02,c361ff02-d7492340,c361ff02-d7492340,1,1,1.0
4208,c3639d96,c3639d96-271bbe4c,c3639d96-d284eda4,3,1,1.0
4209,c3668a3d,c3668a3d-22233f64,c3668a3d-22233f64,1,1,1.0
4210,c366973d,c366973d-c03525b0,c366973d-f5ec8394,2,1,1.0
4211,c367562a,c367562a-54687761,c367562a-54687761,1,1,1.0
4212,c3686339,c3686339-5832705e,c3686339-5832705e,1,1,1.0
4213,c3698cec,c3698cec-2231cb86,c3698cec-77311999,2,1,1.0
4214,c36a8dac,c36a8dac-908de757,c36a8dac-908de757,1,1,1.0
4215,c36c60e8,c36c60e8-ad8ad874,c36c60e8-ad8ad874,1,1,1.0
4216,c36d561d,c36d561d-157eefbb,c36d561d-157eefbb,1,1,1.0
4217,c36ded7c,c36ded7c-4736f84e,c36ded7c-a435e454,2,1,0.5
4218,c3714b40,c3714b40-1610471f,c3714b40-1610471f,1,1,1.0
4219,c3719317,c3719317-3ea7c35e,c3719317-5605c5af,3,1,1.0
4220,c372b0f2,c372b0f2-81abd5d1,c372b0f2-81abd5d1,1,1,1.0
4221,c37360b7,c37360b7-35a6b33c,c37360b7-7dab5705,4,1,1.0
4222,c37382d8,c37382d8-010bbe82,c37382d8-010bbe82,1,1,1.0
4223,c37388ef,c37388ef-99765627,c37388ef-cb776f63,2,1,0.5
4224,c373cc4e,c373cc4e-59108d25,c373cc4e-59108d25,1,1,1.0
4225,c376fce7,c376fce7-54f5721d,c376fce7-54f5721d,1,1,1.0
4226,c3783c84,c3783c84-e38a9213,c3783c84-e38a9213,1,1,1.0
4227,c3784403,c3784403-0c68fd6c,c3784403-4532f110,3,1,1.0
4228,c3787c5e,c3787c5e-8a246457,c3787c5e-8a246457,1,1,1.0
4229,c37884fa,c37884fa-ef0b1d8e,c37884fa-ef0b1d8e,1,1,1.0
4230,c379bc53,c379bc53-4e2c5dee,c379bc53-4e2c5dee,1,1,1.0
4231,c379f9c4,c379f9c4-079ee461,c379f9c4-f41ab256,3,1,1.0
4232,c37ae4d0,c37ae4d0-27e020b9,c37ae4d0-27e020b9,1,1,1.0
4233,c37b517d,c37b517d-477f8143,c37b517d-477f8143,1,1,1.0
4234,c37b8378,c37b8378-9c23f3b3,c37b8378-9c23f3b3,1,1,1.0
4235,c37b9726,c37b9726-29dfad76,c37b9726-caffaa65,6,1,1.0
4236,c37b9f20,c37b9f20-e161a563,c37b9f20-e161a563,1,1,1.0
4237,c37bffe3,c37bffe3-a98ee42d,c37bffe3-a98ee42d,1,1,1.0
4238,c37c2977,c37c2977-45e57cc0,c37c2977-f11fb4a5,3,0,0.3333333333333333
4239,c37cf84f,c37cf84f-18aa50f6,c37cf84f-18aa50f6,1,1,1.0
4240,c37d47c0,c37d47c0-05bf99e0,c37d47c0-c830ec1c,2,1,1.0
4241,c37fdf68,c37fdf68-03ba744c,c37fdf68-18b4792a,2,1,0.5
4242,c3804a06,c3804a06-26cf84ff,c3804a06-26cf84ff,1,1,1.0
4243,c380e9e2,c380e9e2-30ee7832,c380e9e2-6d8a84be,2,1,1.0
4244,c3812229,c3812229-47c8e5f2,c3812229-954a41bd,2,1,1.0
4245,c3822b6a,c3822b6a-0ef41057,c3822b6a-0ef41057,1,1,1.0
4246,c384667d,c384667d-73536fcb,c384667d-73536fcb,1,1,1.0
4247,c385a199,c385a199-0bb19524,c385a199-0bb19524,1,1,1.0
4248,c3870915,c3870915-a0d8f653,c3870915-a0d8f653,1,1,1.0
4249,c3884826,c3884826-226b69e7,c3884826-f2da6bd2,3,1,1.0
4250,c389631f,c389631f-34a8e513,c389631f-b7bb20cb,3,1,1.0
4251,c38a5b1a,c38a5b1a-67951cd4,c38a5b1a-67951cd4,1,0,0.0
4252,c38bdba6,c38bdba6-181f8cfa,c38bdba6-cb18e83a,5,1,0.8
4253,c38cd3f6,c38cd3f6-2aba9218,c38cd3f6-c74ca48b,3,1,1.0
4254,c38e77f6,c38e77f6-edc3c34b,c38e77f6-edc3c34b,1,1,1.0
4255,c3906a23,c3906a23-5c373f34,c3906a23-5c373f34,1,1,1.0
4256,c390eca8,c390eca8-8beac58f,c390eca8-8beac58f,1,1,1.0
4257,c3926b26,c3926b26-2b8702c9,c3926b26-2b8702c9,1,1,1.0
4258,c39375fb,c39375fb-153bf02b,c39375fb-fd57ccd3,4,1,1.0
4259,c3949a9e,c3949a9e-7ee214aa,c3949a9e-7ee214aa,1,0,0.0
4260,c3968de8,c3968de8-18e45feb,c3968de8-fe9ac544,5,1,1.0
4261,c396b7c0,c396b7c0-cf46a981,c396b7c0-cf46a981,1,1,1.0
4262,c396e833,c396e833-890b7ddb,c396e833-ba935f99,3,1,1.0
4263,c397cd5e,c397cd5e-ad9369e9,c397cd5e-ad9369e9,1,1,1.0
4264,c39807d2,c39807d2-936e95ae,c39807d2-dd8710a0,2,1,1.0
4265,c3981cf1,c3981cf1-6e95c296,c3981cf1-fb7c634e,3,1,0.6666666666666666
4266,c3993f07,c3993f07-cc084164,c3993f07-cc084164,1,1,1.0
4267,c3997bc7,c3997bc7-ae6fd2e3,c3997bc7-ae6fd2e3,1,1,1.0
4268,c3999837,c3999837-32005ed6,c3999837-32005ed6,1,1,1.0
4269,c399b1cb,c399b1cb-0b569b85,c399b1cb-0b569b85,1,1,1.0
4270,c39a0a67,c39a0a67-dcf8ab72,c39a0a67-dcf8ab72,1,1,1.0
4271,c39a2422,c39a2422-2c66916b,c39a2422-2c66916b,1,1,1.0
4272,c39ad1d8,c39ad1d8-0993aef9,c39ad1d8-0993aef9,1,1,1.0
4273,c39b357e,c39b357e-5a90a6b6,c39b357e-5a90a6b6,1,1,1.0
4274,c39d3334,c39d3334-9c866b4c,c39d3334-9c866b4c,1,1,1.0
4275,c39dc2ff,c39dc2ff-4399acc0,c39dc2ff-6976d19d,2,1,1.0
4276,c39ddb2c,c39ddb2c-740d920d,c39ddb2c-db949106,2,1,1.0
4277,c39f04ad,c39f04ad-07b3e09f,c39f04ad-07b3e09f,1,1,1.0
4278,c3a015d4,c3a015d4-2779708e,c3a015d4-2779708e,1,1,1.0
4279,c3a048fb,c3a048fb-9adc169f,c3a048fb-ed02cd5a,3,1,1.0
4280,c3a0a1c9,c3a0a1c9-90f0081e,c3a0a1c9-90f0081e,1,1,1.0
4281,c3a18207,c3a18207-109c0500,c3a18207-504667c7,2,1,1.0
4282,c3a1baa1,c3a1baa1-763e77d7,c3a1baa1-763e77d7,1,1,1.0
4283,c3a20d02,c3a20d02-09c1ff17,c3a20d02-09c1ff17,1,1,1.0
4284,c3a26429,c3a26429-19fefafb,c3a26429-e8f01a18,3,1,1.0
4285,c3a3265f,c3a3265f-d6562e9f,c3a3265f-d6562e9f,1,1,1.0
4286,c3a5542d,c3a5542d-132f75f3,c3a5542d-132f75f3,1,1,1.0
4287,c3a94f80,c3a94f80-27e0d36a,c3a94f80-a80f1f94,2,1,1.0
4288,c3ac34e8,c3ac34e8-2701e034,c3ac34e8-a07ac73e,2,1,0.5
4289,c3aca55d,c3aca55d-61d72a19,c3aca55d-61d72a19,1,1,1.0
4290,c3acc6a5,c3acc6a5-00d3dc8d,c3acc6a5-00d3dc8d,1,1,1.0
4291,c3acda34,c3acda34-73acb8f3,c3acda34-73acb8f3,1,1,1.0
4292,c3ad67db,c3ad67db-0e969ba8,c3ad67db-0e969ba8,1,1,1.0
4293,c3ae39d6,c3ae39d6-f5f25d64,c3ae39d6-f5f25d64,1,1,1.0
4294,c3ae9216,c3ae9216-3d694ff1,c3ae9216-b9dab4a9,2,1,1.0
4295,c3b1694b,c3b1694b-79c97ac2,c3b1694b-fadd8eba,2,1,1.0
4296,c3b31662,c3b31662-4e576035,c3b31662-8eae58f3,3,1,1.0
4297,c3b60e81,c3b60e81-b28ef868,c3b60e81-b28ef868,1,1,1.0
4298,c3b8f4e4,c3b8f4e4-10cf3a2b,c3b8f4e4-10cf3a2b,1,1,1.0
4299,c3b940ca,c3b940ca-5e220748,c3b940ca-5e220748,1,1,1.0
4300,c3b9feeb,c3b9feeb-8362c56c,c3b9feeb-8362c56c,1,1,1.0
4301,c3ba4a87,c3ba4a87-4d02b5ab,c3ba4a87-4d02b5ab,1,1,1.0
4302,c3bb4925,c3bb4925-a3b4c1ed,c3bb4925-f78e285a,2,1,1.0
4303,c3bf9233,c3bf9233-8462deb1,c3bf9233-8462deb1,1,1,1.0
4304,c3bf9cd8,c3bf9cd8-4c3187c7,c3bf9cd8-81cb03ad,3,1,1.0
4305,c3bfdcda,c3bfdcda-bfdd5fdb,c3bfdcda-e1e6bd15,2,1,1.0
4306,c3c021ef,c3c021ef-9f0c8741,c3c021ef-9f0c8741,1,1,1.0
4307,c3c0f47b,c3c0f47b-1e1b1003,c3c0f47b-f5a22431,10,1,1.0
4308,c3c10c0c,c3c10c0c-45eec8a3,c3c10c0c-4adfd99c,2,1,1.0
4309,c3c2748d,c3c2748d-b3291d20,c3c2748d-b3291d20,1,1,1.0
4310,c3c28990,c3c28990-04db5664,c3c28990-04db5664,1,1,1.0
4311,c3c2eb65,c3c2eb65-3af33302,c3c2eb65-bd875ecb,2,1,1.0
4312,c3c43f15,c3c43f15-1afc9745,c3c43f15-b0ed775c,2,1,1.0
4313,c3c4afe7,c3c4afe7-b9a0a895,c3c4afe7-b9a0a895,1,1,1.0
4314,c3c4bbae,c3c4bbae-eff92ddd,c3c4bbae-eff92ddd,1,1,1.0
4315,c3c5785b,c3c5785b-a71e4bf7,c3c5785b-a71e4bf7,1,1,1.0
4316,c3c78ded,c3c78ded-3747f1c4,c3c78ded-3747f1c4,1,1,1.0
4317,c3cae07c,c3cae07c-b1c025cf,c3cae07c-ceeefd3f,2,1,1.0
4318,c3cb6d3b,c3cb6d3b-bd44323e,c3cb6d3b-bd44323e,1,1,1.0
4319,c3cc01c7,c3cc01c7-306b42b3,c3cc01c7-306b42b3,1,1,1.0
4320,c3cc12e9,c3cc12e9-d96fb013,c3cc12e9-d96fb013,1,1,1.0
4321,c3cd662f,c3cd662f-228cba06,c3cd662f-4d6d3e82,2,1,1.0
4322,c3cd6c82,c3cd6c82-21bd6ca4,c3cd6c82-b5d52beb,2,1,1.0
4323,c3ce46d8,c3ce46d8-9ca61ff7,c3ce46d8-9ca61ff7,1,1,1.0
4324,c3cf722d,c3cf722d-07e2250c,c3cf722d-07e2250c,1,1,1.0
4325,c3d0cee9,c3d0cee9-9d113ffd,c3d0cee9-9d113ffd,1,1,1.0
4326,c3d1640a,c3d1640a-b89d2de8,c3d1640a-b89d2de8,1,1,1.0
4327,c3d39d44,c3d39d44-4ee18d50,c3d39d44-4ee18d50,1,1,1.0
4328,c3d70e8e,c3d70e8e-64b02c51,c3d70e8e-64b02c51,1,1,1.0
4329,c3d714d5,c3d714d5-9b0e71c1,c3d714d5-9b0e71c1,1,1,1.0
4330,c3d81c03,c3d81c03-185c3684,c3d81c03-185c3684,1,1,1.0
4331,c3da13a9,c3da13a9-31363949,c3da13a9-31363949,1,1,1.0
4332,c3da90b0,c3da90b0-cfd1d6b9,c3da90b0-cfd1d6b9,1,1,1.0
4333,c3db3042,c3db3042-11a5ab24,c3db3042-11a5ab24,1,1,1.0
4334,c3dc6d37,c3dc6d37-450bc114,c3dc6d37-60d68540,2,1,1.0
4335,c3dd2df5,c3dd2df5-262ecc08,c3dd2df5-e805df01,2,1,1.0
4336,c3dde797,c3dde797-7bb8b56c,c3dde797-f180bf54,4,1,0.75
4337,c3de5a74,c3de5a74-899efae7,c3de5a74-899efae7,1,1,1.0
4338,c3decde7,c3decde7-31339506,c3decde7-31339506,1,1,1.0
4339,c3def78d,c3def78d-b3fa5b93,c3def78d-b3fa5b93,1,1,1.0
4340,c3df2c24,c3df2c24-3449c92b,c3df2c24-3449c92b,1,1,1.0
4341,c3df354d,c3df354d-407d442c,c3df354d-bec42887,2,1,1.0
4342,c3e067a4,c3e067a4-535a9b93,c3e067a4-535a9b93,1,1,1.0
4343,c3e363a2,c3e363a2-505e84d5,c3e363a2-505e84d5,1,1,1.0
4344,c3e4deae,c3e4deae-a76258ee,c3e4deae-a76258ee,1,1,1.0
4345,c3e7bd65,c3e7bd65-aff9c706,c3e7bd65-aff9c706,1,1,1.0
4346,c3e7f8b2,c3e7f8b2-92a1ce9e,c3e7f8b2-92a1ce9e,1,1,1.0
4347,c3e87419,c3e87419-5b9ddce0,c3e87419-dd6f2321,2,1,1.0
4348,c3e986e8,c3e986e8-1d7a6ddc,c3e986e8-99f2d744,3,1,1.0
4349,c3eae174,c3eae174-c44b69cb,c3eae174-c44b69cb,1,1,1.0
4350,c3ecb3cb,c3ecb3cb-5fb43d29,c3ecb3cb-5fb43d29,1,1,1.0
4351,c3edf653,c3edf653-bb92b354,c3edf653-bb92b354,1,1,1.0
4352,c3ee4b9b,c3ee4b9b-1929ab81,c3ee4b9b-b8786bce,2,1,1.0
4353,c3ee5975,c3ee5975-02ea08d9,c3ee5975-59bec570,3,1,1.0
4354,c3f1aefa,c3f1aefa-b66cbd5d,c3f1aefa-b66cbd5d,1,1,1.0
4355,c3f3b7a2,c3f3b7a2-6d6f679a,c3f3b7a2-6d6f679a,1,1,1.0
4356,c3f3dd92,c3f3dd92-23328dbb,c3f3dd92-23328dbb,1,1,1.0
4357,c3f50821,c3f50821-74cff39b,c3f50821-ff9823a2,5,1,1.0
4358,c3f5620f,c3f5620f-9311677e,c3f5620f-9311677e,1,1,1.0
4359,c3f8a4ce,c3f8a4ce-2090da6b,c3f8a4ce-2090da6b,1,1,1.0
4360,c3fcfa68,c3fcfa68-43c4f28f,c3fcfa68-43c4f28f,1,1,1.0
4361,c3fd58b6,c3fd58b6-04bcbef3,c3fd58b6-04bcbef3,1,1,1.0
4362,c3fd9aad,c3fd9aad-7e464a06,c3fd9aad-7e464a06,1,1,1.0
4363,c3fdd07a,c3fdd07a-6a106ecd,c3fdd07a-70b28379,2,1,1.0
4364,c400a0e1,c400a0e1-c137168b,c400a0e1-c137168b,1,1,1.0
4365,c4016527,c4016527-4a26d292,c4016527-4a26d292,1,0,0.0
4366,c4031040,c4031040-488a6ce0,c4031040-ec530889,3,1,1.0
4367,c403ebf2,c403ebf2-97af9f88,c403ebf2-97af9f88,1,1,1.0
4368,c404818a,c404818a-ac56c4e1,c404818a-ac56c4e1,1,1,1.0
4369,c4057c0c,c4057c0c-000a6aaf,c4057c0c-a47d8dba,2,1,1.0
4370,c405a5e6,c405a5e6-c5687e69,c405a5e6-c5687e69,1,1,1.0
4371,c4097a21,c4097a21-ed514c08,c4097a21-ed514c08,1,0,0.0
4372,c40a2c98,c40a2c98-3709f786,c40a2c98-3709f786,1,1,1.0
4373,c40de985,c40de985-fb2512f0,c40de985-fb2512f0,1,1,1.0
4374,c410bbba,c410bbba-9460f6c1,c410bbba-9460f6c1,1,1,1.0
4375,c411687d,c411687d-24c5fb83,c411687d-830f8ddf,3,1,0.6666666666666666
4376,c41203a6,c41203a6-e4b059c0,c41203a6-f2bee3f0,2,1,1.0
4377,c4130097,c4130097-887da34f,c4130097-887da34f,1,1,1.0
4378,c41358e5,c41358e5-e74b4a5b,c41358e5-e74b4a5b,1,1,1.0
4379,c413a89b,c413a89b-fb60c163,c413a89b-fb60c163,1,1,1.0
4380,c414ea72,c414ea72-128822b2,c414ea72-128822b2,1,1,1.0
4381,c4155f73,c4155f73-01f813b2,c4155f73-01f813b2,1,1,1.0
4382,c41585dc,c41585dc-6fe06ca1,c41585dc-6fe06ca1,1,1,1.0
4383,c415a08c,c415a08c-50060410,c415a08c-d4f4488e,3,1,0.6666666666666666
4384,c4160d08,c4160d08-c506293d,c4160d08-d9c52d7b,2,1,1.0
4385,c4171655,c4171655-424bc10e,c4171655-424bc10e,1,1,1.0
4386,c417a291,c417a291-6a4ed4c9,c417a291-b8079637,4,1,1.0
4387,c41826e3,c41826e3-9e581f79,c41826e3-9e581f79,1,1,1.0
4388,c4192610,c4192610-f46ed7cc,c4192610-f46ed7cc,1,1,1.0
4389,c41ae6bb,c41ae6bb-8973ad18,c41ae6bb-8973ad18,1,1,1.0
4390,c41b6f56,c41b6f56-ac54b332,c41b6f56-cf6480a5,2,1,1.0
4391,c41c4557,c41c4557-ca6aea38,c41c4557-f9e2022e,2,1,1.0
4392,c41d22bb,c41d22bb-080065ca,c41d22bb-080065ca,1,1,1.0
4393,c420873f,c420873f-28164388,c420873f-c5ec4d87,2,1,1.0
4394,c420e95a,c420e95a-f7f8eacd,c420e95a-f7f8eacd,1,0,0.0
4395,c4223cc0,c4223cc0-7053ae09,c4223cc0-82c4be3e,2,1,1.0
4396,c422771c,c422771c-1619481d,c422771c-ecd74810,2,1,1.0
4397,c425e76b,c425e76b-198b3cc5,c425e76b-ef2256e0,2,1,1.0
4398,c426d85e,c426d85e-62e3c585,c426d85e-62e3c585,1,1,1.0
4399,c426ec74,c426ec74-d878b23e,c426ec74-d878b23e,1,1,1.0
4400,c427410f,c427410f-07d5dfe7,c427410f-aec7f6a9,3,1,1.0
4401,c428ad7c,c428ad7c-f3bbc3a0,c428ad7c-f3bbc3a0,1,1,1.0
4402,c428e890,c428e890-674ecc9d,c428e890-674ecc9d,1,1,1.0
4403,c429f0de,c429f0de-01d10230,c429f0de-01d10230,1,1,1.0
4404,c42adf2b,c42adf2b-718ec79e,c42adf2b-718ec79e,1,1,1.0
4405,c42cd95d,c42cd95d-d4b78e2d,c42cd95d-d4b78e2d,1,1,1.0
4406,c42dd876,c42dd876-5f8d76fd,c42dd876-5f8d76fd,1,1,1.0
4407,c42e0040,c42e0040-72f94280,c42e0040-72f94280,1,1,1.0
4408,c43052f6,c43052f6-662bb3a2,c43052f6-d90711e9,3,1,1.0
4409,c43077c9,c43077c9-470f06f9,c43077c9-470f06f9,1,1,1.0
4410,c43254a8,c43254a8-9aa667dc,c43254a8-9aa667dc,1,1,1.0
4411,c4327604,c4327604-039da856,c4327604-30fa8196,3,1,1.0
4412,c433e2aa,c433e2aa-5ddac4bd,c433e2aa-a0c604de,3,1,1.0
4413,c434f595,c434f595-753bae5b,c434f595-753bae5b,1,0,0.0
4414,c4353b9c,c4353b9c-08eedac2,c4353b9c-f8f56adc,4,1,1.0
4415,c43778b1,c43778b1-56af0542,c43778b1-56af0542,1,1,1.0
4416,c4396376,c4396376-b6de614b,c4396376-b6de614b,1,1,1.0
4417,c439e607,c439e607-c03383c7,c439e607-c03383c7,1,1,1.0
4418,c43a3013,c43a3013-05a252d3,c43a3013-c727b023,2,1,1.0
4419,c43c290b,c43c290b-61f94939,c43c290b-61f94939,1,1,1.0
4420,c43daa45,c43daa45-612283ce,c43daa45-612283ce,1,1,1.0
4421,c43df889,c43df889-173cde62,c43df889-410e2643,3,1,1.0
4422,c43eaa20,c43eaa20-61c1ec04,c43eaa20-ee66c295,4,1,0.75
4423,c43fb080,c43fb080-64852108,c43fb080-64852108,1,1,1.0
4424,c43fe5b8,c43fe5b8-165b2904,c43fe5b8-45b12c52,3,1,1.0
4425,c4402b90,c4402b90-b65a2393,c4402b90-b65a2393,1,1,1.0
4426,c4406d9a,c4406d9a-1864ada7,c4406d9a-1864ada7,1,1,1.0
4427,c4430cb6,c4430cb6-f86d46e6,c4430cb6-f86d46e6,1,1,1.0
4428,c4436054,c4436054-23e266f5,c4436054-d3c3dccf,4,1,1.0
4429,c447f74e,c447f74e-64671040,c447f74e-f67bf173,4,1,1.0
4430,c4480d4b,c4480d4b-e0efbbca,c4480d4b-e0efbbca,1,1,1.0
4431,c4494f87,c4494f87-59e5c703,c4494f87-59e5c703,1,1,1.0
4432,c44980af,c44980af-2f8d90c4,c44980af-2f8d90c4,1,1,1.0
4433,c44a2ecf,c44a2ecf-b5b2f533,c44a2ecf-b5b2f533,1,1,1.0
4434,c44a5b51,c44a5b51-6bfcec78,c44a5b51-6bfcec78,1,1,1.0
4435,c44b8617,c44b8617-3100c413,c44b8617-3100c413,1,1,1.0
4436,c44bf71d,c44bf71d-c073c94e,c44bf71d-c073c94e,1,1,1.0
4437,c44c7f5c,c44c7f5c-9bef0aea,c44c7f5c-9bef0aea,1,1,1.0
4438,c44d8c58,c44d8c58-1e08c667,c44d8c58-cca1e1a3,2,1,1.0
4439,c44da9b8,c44da9b8-5cded201,c44da9b8-ecd04bdd,2,1,1.0
4440,c44e7068,c44e7068-5dafd017,c44e7068-cc04270e,2,1,1.0
4441,c44f673a,c44f673a-599eb3e3,c44f673a-b4b48b84,4,1,1.0
4442,c4528c24,c4528c24-144b8340,c4528c24-144b8340,1,1,1.0
4443,c452e38d,c452e38d-db51883f,c452e38d-db51883f,1,1,1.0
4444,c4542f68,c4542f68-d3221fd3,c4542f68-d3221fd3,1,1,1.0
4445,c4552519,c4552519-f5897060,c4552519-f5897060,1,1,1.0
4446,c455b31c,c455b31c-12fbb7a9,c455b31c-12fbb7a9,1,1,1.0
4447,c456e9c3,c456e9c3-8a255f8c,c456e9c3-fa69d872,2,1,1.0
4448,c456ed56,c456ed56-adbb1839,c456ed56-adbb1839,1,1,1.0
4449,c45734da,c45734da-de0f5c25,c45734da-de0f5c25,1,1,1.0
4450,c457bb30,c457bb30-990d6395,c457bb30-990d6395,1,1,1.0
4451,c457d18a,c457d18a-610011a8,c457d18a-610011a8,1,1,1.0
4452,c4590261,c4590261-d7081dfa,c4590261-d7081dfa,1,1,1.0
4453,c459408e,c459408e-3dd887d7,c459408e-3dd887d7,1,1,1.0
4454,c45b2e04,c45b2e04-5689b375,c45b2e04-fb920e89,2,1,1.0
4455,c45c7487,c45c7487-c44e6bab,c45c7487-c44e6bab,1,1,1.0
4456,c45cf21f,c45cf21f-c11847dd,c45cf21f-d6bc94ba,2,1,1.0
4457,c45d3e0a,c45d3e0a-75c44167,c45d3e0a-b26d5167,3,1,1.0
4458,c45e3dc0,c45e3dc0-3517e269,c45e3dc0-3517e269,1,1,1.0
4459,c45e9809,c45e9809-f95fd1e2,c45e9809-f95fd1e2,1,1,1.0
4460,c45fbe22,c45fbe22-2c182907,c45fbe22-8bcb4ef4,4,1,1.0
4461,c45fce16,c45fce16-113938a6,c45fce16-113938a6,1,1,1.0
4462,c4605841,c4605841-affd9541,c4605841-affd9541,1,1,1.0
4463,c4613fc7,c4613fc7-919152c4,c4613fc7-919152c4,1,0,0.0
4464,c463025d,c463025d-87dab187,c463025d-87dab187,1,1,1.0
4465,c464c963,c464c963-0279dcc0,c464c963-fbf300ba,6,1,0.8333333333333334
4466,c46ab79d,c46ab79d-5e0c7623,c46ab79d-5e0c7623,1,1,1.0
4467,c46ae02f,c46ae02f-e7635cbf,c46ae02f-e7635cbf,1,1,1.0
4468,c46b6439,c46b6439-379167c1,c46b6439-379167c1,1,1,1.0
4469,c46b71ac,c46b71ac-2c83a68e,c46b71ac-2c83a68e,1,1,1.0
4470,c46c8375,c46c8375-20bbe925,c46c8375-e5fa2581,3,1,1.0
4471,c46c8896,c46c8896-0d981461,c46c8896-0d981461,1,1,1.0
4472,c46cdbf7,c46cdbf7-7e30902e,c46cdbf7-7e30902e,1,1,1.0
4473,c46f4c8a,c46f4c8a-c6c995c1,c46f4c8a-c6c995c1,1,1,1.0
4474,c4725a9d,c4725a9d-9d57ea61,c4725a9d-9d57ea61,1,1,1.0
4475,c4742900,c4742900-04ad682a,c4742900-d3fdcb6c,14,1,0.9285714285714286
4476,c4756fa2,c4756fa2-027007f8,c4756fa2-027007f8,1,1,1.0
4477,c4770a97,c4770a97-1393ce84,c4770a97-fb46c2d8,3,1,1.0
4478,c477c67b,c477c67b-6eb95776,c477c67b-89221134,2,1,1.0
4479,c479fb68,c479fb68-0060cade,c479fb68-c67705cd,2,1,1.0
4480,c47ac0cd,c47ac0cd-42edbc96,c47ac0cd-7e14e3f2,2,1,1.0
4481,c47d2355,c47d2355-85330657,c47d2355-e6ac67d5,2,1,1.0
4482,c47d8d11,c47d8d11-30ed3058,c47d8d11-30ed3058,1,1,1.0
4483,c47f172b,c47f172b-42e86c73,c47f172b-42e86c73,1,1,1.0
4484,c47f850b,c47f850b-97816a73,c47f850b-97816a73,1,1,1.0
4485,c47fb4ff,c47fb4ff-92db68d6,c47fb4ff-92db68d6,1,1,1.0
4486,c4816131,c4816131-7251b67e,c4816131-7251b67e,1,1,1.0
4487,c482a775,c482a775-8e9c09c8,c482a775-8e9c09c8,1,1,1.0
4488,c48569ef,c48569ef-c99d8f9e,c48569ef-c99d8f9e,1,1,1.0
4489,c4857d94,c4857d94-0f462d91,c4857d94-0f462d91,1,1,1.0
4490,c48593bf,c48593bf-ca97d93d,c48593bf-ca97d93d,1,1,1.0
4491,c485d97d,c485d97d-e833c4a1,c485d97d-e833c4a1,1,1,1.0
4492,c486bf3b,c486bf3b-6bcde09a,c486bf3b-6bcde09a,1,1,1.0
4493,c487edf6,c487edf6-0cbf1727,c487edf6-0cbf1727,1,1,1.0
4494,c488f6a3,c488f6a3-cffdf85a,c488f6a3-cffdf85a,1,1,1.0
4495,c4891df0,c4891df0-24371ae1,c4891df0-24371ae1,1,0,0.0
4496,c48ba79f,c48ba79f-920445ac,c48ba79f-d8e0bf32,4,1,1.0
4497,c48bcc55,c48bcc55-8b6f35e1,c48bcc55-fb68d6b7,3,1,1.0
4498,c48cfadb,c48cfadb-09901ed4,c48cfadb-fcbdaa65,2,1,1.0
4499,c48db695,c48db695-5c28a6a5,c48db695-5c28a6a5,1,1,1.0
4500,c48e9b2e,c48e9b2e-0edd0832,c48e9b2e-0edd0832,1,1,1.0
4501,c48f5464,c48f5464-2b6fcad2,c48f5464-fde5983e,4,1,1.0
4502,c4910419,c4910419-e8cf2965,c4910419-e8cf2965,1,1,1.0
4503,c491ce8e,c491ce8e-58b8a379,c491ce8e-58b8a379,1,1,1.0
4504,c492bb89,c492bb89-922226bb,c492bb89-abf09ef4,2,1,0.5
4505,c492c534,c492c534-2d7821c2,c492c534-2d7821c2,1,1,1.0
4506,c4933980,c4933980-04482b56,c4933980-04482b56,1,1,1.0
4507,c494f267,c494f267-66097731,c494f267-66097731,1,1,1.0
4508,c49c1308,c49c1308-4ef95803,c49c1308-fa377b09,3,1,1.0
4509,c49c8353,c49c8353-30d3e9f2,c49c8353-fe2f3304,12,1,1.0
4510,c49d39a3,c49d39a3-738d6240,c49d39a3-9064a5ae,2,1,1.0
4511,c49e96b9,c49e96b9-24ec6193,c49e96b9-24ec6193,1,1,1.0
4512,c49f9073,c49f9073-3657ccaf,c49f9073-3657ccaf,1,1,1.0
4513,c49fdce8,c49fdce8-68545005,c49fdce8-68545005,1,1,1.0
4514,c4a06183,c4a06183-4a42e1b9,c4a06183-898ad98d,2,1,0.5
4515,c4a078bd,c4a078bd-8e5b3732,c4a078bd-8e5b3732,1,1,1.0
4516,c4a1065b,c4a1065b-ec1e76ba,c4a1065b-ec1e76ba,1,1,1.0
4517,c4a19ba6,c4a19ba6-0d09788f,c4a19ba6-fa93d45f,5,1,1.0
4518,c4a2accd,c4a2accd-bd3e878a,c4a2accd-bd3e878a,1,1,1.0
4519,c4a4ccdc,c4a4ccdc-9c4aeeeb,c4a4ccdc-9c4aeeeb,1,1,1.0
4520,c4a6774c,c4a6774c-144a01d6,c4a6774c-ffc10e46,3,1,1.0
4521,c4a6cc43,c4a6cc43-f689c9f1,c4a6cc43-f689c9f1,1,1,1.0
4522,c4a6feae,c4a6feae-63c06b39,c4a6feae-63c06b39,1,1,1.0
4523,c4a90af7,c4a90af7-02583942,c4a90af7-02583942,1,1,1.0
4524,c4a9c191,c4a9c191-20e1a3c3,c4a9c191-20e1a3c3,1,1,1.0
4525,c4a9c6f0,c4a9c6f0-f18e20e1,c4a9c6f0-f18e20e1,1,1,1.0
4526,c4aa9a10,c4aa9a10-9e10483d,c4aa9a10-9e10483d,1,1,1.0
4527,c4aac9d9,c4aac9d9-47b01027,c4aac9d9-47b01027,1,1,1.0
4528,c4ab81ac,c4ab81ac-4bd1c081,c4ab81ac-d0b2d9d3,2,1,1.0
4529,c4accb9c,c4accb9c-58311122,c4accb9c-58311122,1,1,1.0
4530,c4ad8036,c4ad8036-ee20aaf7,c4ad8036-ee20aaf7,1,1,1.0
4531,c4adecb8,c4adecb8-62235513,c4adecb8-62235513,1,1,1.0
4532,c4af195c,c4af195c-45288c26,c4af195c-45288c26,1,1,1.0
4533,c4af4030,c4af4030-d3b1831d,c4af4030-d3b1831d,1,1,1.0
4534,c4b0ddd7,c4b0ddd7-e8973c8f,c4b0ddd7-e8973c8f,1,1,1.0
4535,c4b21612,c4b21612-fa6c1df7,c4b21612-fa6c1df7,1,1,1.0
4536,c4b3ab99,c4b3ab99-a4a09eeb,c4b3ab99-a4a09eeb,1,1,1.0
4537,c4b3ce3d,c4b3ce3d-077bb161,c4b3ce3d-ef12b7eb,7,1,1.0
4538,c4b610ae,c4b610ae-4b915923,c4b610ae-f75d91a9,3,1,1.0
4539,c4b75335,c4b75335-81d7421a,c4b75335-81d7421a,1,1,1.0
4540,c4b77809,c4b77809-63fd577c,c4b77809-63fd577c,1,1,1.0
4541,c4b8340c,c4b8340c-51d3f82b,c4b8340c-51d3f82b,1,1,1.0
4542,c4b8d344,c4b8d344-dcbbc041,c4b8d344-dcbbc041,1,1,1.0
4543,c4b90e82,c4b90e82-0a023704,c4b90e82-0a023704,1,1,1.0
4544,c4bc3dee,c4bc3dee-58920c9c,c4bc3dee-58920c9c,1,1,1.0
4545,c4bfc4c7,c4bfc4c7-98ed20f8,c4bfc4c7-98ed20f8,1,1,1.0
4546,c4c35028,c4c35028-acf2331c,c4c35028-acf2331c,1,1,1.0
4547,c4c4b88a,c4c4b88a-d1a38d2f,c4c4b88a-d1a38d2f,1,1,1.0
4548,c4c4db55,c4c4db55-82c87232,c4c4db55-82c87232,1,1,1.0
4549,c4c5ba90,c4c5ba90-bb1f87c2,c4c5ba90-bb1f87c2,1,1,1.0
4550,c4c5f66a,c4c5f66a-a1df8079,c4c5f66a-a1df8079,1,1,1.0
4551,c4c60257,c4c60257-a432f6b0,c4c60257-a432f6b0,1,1,1.0
4552,c4c62162,c4c62162-f5b851c8,c4c62162-f5b851c8,1,1,1.0
4553,c4c62e31,c4c62e31-64421eb6,c4c62e31-64421eb6,1,1,1.0
4554,c4c7fdec,c4c7fdec-4f505413,c4c7fdec-ec322a67,2,1,1.0
4555,c4cb6f64,c4cb6f64-283904da,c4cb6f64-283904da,1,1,1.0
4556,c4cb8333,c4cb8333-dcda097b,c4cb8333-dcda097b,1,1,1.0
4557,c4cc2bbd,c4cc2bbd-a4913bdf,c4cc2bbd-a4913bdf,1,1,1.0
4558,c4ccd765,c4ccd765-48590402,c4ccd765-48590402,1,1,1.0
4559,c4ccffb1,c4ccffb1-e4215665,c4ccffb1-e53dc8ca,2,1,1.0
4560,c4cd1f3d,c4cd1f3d-ff8db980,c4cd1f3d-ff8db980,1,1,1.0
4561,c4ceb792,c4ceb792-87e9c3b2,c4ceb792-87e9c3b2,1,1,1.0
4562,c4cebcf0,c4cebcf0-c8c73eb8,c4cebcf0-c8c73eb8,1,1,1.0
4563,c4cf4c32,c4cf4c32-e9845a14,c4cf4c32-e9845a14,1,1,1.0
4564,c4cf6bff,c4cf6bff-d98bdd3c,c4cf6bff-d98bdd3c,1,1,1.0
4565,c4d023f4,c4d023f4-27b83fe1,c4d023f4-27b83fe1,1,1,1.0
4566,c4d1be5c,c4d1be5c-f868e120,c4d1be5c-f868e120,1,1,1.0
4567,c4d25f00,c4d25f00-158d0757,c4d25f00-b6658057,3,1,1.0
4568,c4d2b46a,c4d2b46a-4fef7a35,c4d2b46a-4fef7a35,1,1,1.0
4569,c4d58b70,c4d58b70-d6d1bc1b,c4d58b70-d6d1bc1b,1,1,1.0
4570,c4d631ce,c4d631ce-55e4d4e9,c4d631ce-55e4d4e9,1,1,1.0
4571,c4d6708e,c4d6708e-850d258c,c4d6708e-850d258c,1,1,1.0
4572,c4d7185b,c4d7185b-6c141918,c4d7185b-6c141918,1,1,1.0
4573,c4d83625,c4d83625-8af1c66e,c4d83625-8af1c66e,1,1,1.0
4574,c4d8d2c5,c4d8d2c5-4b12f422,c4d8d2c5-4b12f422,1,1,1.0
4575,c4da6b04,c4da6b04-56ce6c06,c4da6b04-56ce6c06,1,1,1.0
4576,c4dab4e2,c4dab4e2-6c4805a2,c4dab4e2-6c4805a2,1,1,1.0
4577,c4db746c,c4db746c-5428658b,c4db746c-5428658b,1,1,1.0
4578,c4dbd719,c4dbd719-1d98586e,c4dbd719-db521513,3,1,1.0
4579,c4dcbfde,c4dcbfde-47aff5b9,c4dcbfde-47aff5b9,1,1,1.0
4580,c4de6fe5,c4de6fe5-90dc8799,c4de6fe5-90dc8799,1,1,1.0
4581,c4e00603,c4e00603-9f2734d0,c4e00603-9f2734d0,1,1,1.0
4582,c4e2eba0,c4e2eba0-02c66276,c4e2eba0-f32cc5b6,3,1,0.6666666666666666
4583,c4e3cf95,c4e3cf95-4f803484,c4e3cf95-ceb5651a,2,1,1.0
4584,c4e55051,c4e55051-2f5623da,c4e55051-bda84aa3,2,1,1.0
4585,c4e5de4b,c4e5de4b-35f6a1b1,c4e5de4b-35f6a1b1,1,1,1.0
4586,c4e8705f,c4e8705f-39bf4a26,c4e8705f-39bf4a26,1,1,1.0
4587,c4e92086,c4e92086-d5d22167,c4e92086-e1b8324f,3,1,1.0
4588,c4e926af,c4e926af-43c5f8d3,c4e926af-bb5132fd,3,1,1.0
4589,c4e96efa,c4e96efa-73bd2e38,c4e96efa-ea5f524b,4,1,1.0
4590,c4e97226,c4e97226-7be7eef5,c4e97226-7be7eef5,1,1,1.0
4591,c4eb5462,c4eb5462-184dced9,c4eb5462-f87b7afc,6,1,1.0
4592,c4eb680f,c4eb680f-4fdac155,c4eb680f-5b3f5675,2,1,1.0
4593,c4eb96a1,c4eb96a1-92fb9d6f,c4eb96a1-92fb9d6f,1,1,1.0
4594,c4ee0cc4,c4ee0cc4-b7af9602,c4ee0cc4-b7af9602,1,1,1.0
4595,c4ef83b2,c4ef83b2-696779d1,c4ef83b2-696779d1,1,1,1.0
4596,c4f19b5d,c4f19b5d-63528c25,c4f19b5d-63528c25,1,1,1.0
4597,c4f4718b,c4f4718b-5356b324,c4f4718b-f6e8ce43,3,0,0.3333333333333333
4598,c4f59bdd,c4f59bdd-00356764,c4f59bdd-11bad1c6,2,1,0.5
4599,c4f62823,c4f62823-9d3f8519,c4f62823-9d3f8519,1,1,1.0
4600,c4f65761,c4f65761-4cdc3348,c4f65761-92ca62d4,2,1,1.0
4601,c4f723f1,c4f723f1-5ba8f7ee,c4f723f1-babfc6fe,3,0,0.3333333333333333
4602,c4f79b31,c4f79b31-594adb6b,c4f79b31-594adb6b,1,1,1.0
4603,c4f8633c,c4f8633c-a33316a8,c4f8633c-a33316a8,1,1,1.0
4604,c4f993bf,c4f993bf-3eee07b1,c4f993bf-e6edd387,2,1,1.0
4605,c4fa3b0a,c4fa3b0a-29b96446,c4fa3b0a-29b96446,1,1,1.0
4606,c4fb5145,c4fb5145-f7056d01,c4fb5145-f7056d01,1,1,1.0
4607,c4fb6443,c4fb6443-4d900d7f,c4fb6443-babb6e4c,2,1,1.0
4608,c4fb8930,c4fb8930-2ff82458,c4fb8930-2ff82458,1,1,1.0
4609,c4fd6567,c4fd6567-49ef2209,c4fd6567-49ef2209,1,1,1.0
4610,c50193e1,c50193e1-630410dc,c50193e1-630410dc,1,0,0.0
4611,c5030241,c5030241-68561ce7,c5030241-68561ce7,1,1,1.0
4612,c503e333,c503e333-c84c1f79,c503e333-c84c1f79,1,1,1.0
4613,c503f2e8,c503f2e8-1780553c,c503f2e8-55cc08bf,2,1,1.0
4614,c50410a9,c50410a9-da5e3b8d,c50410a9-da5e3b8d,1,1,1.0
4615,c504ed5c,c504ed5c-0f63b8cb,c504ed5c-0f63b8cb,1,1,1.0
4616,c50ac48c,c50ac48c-417a806b,c50ac48c-417a806b,1,1,1.0
4617,c50b63be,c50b63be-01088e58,c50b63be-e0aa64b3,3,1,1.0
4618,c50c20fc,c50c20fc-39f5336c,c50c20fc-9b816732,3,1,1.0
4619,c50d0b3f,c50d0b3f-3a8df0bf,c50d0b3f-96a483e0,2,1,1.0
4620,c50e6ae2,c50e6ae2-b9b2e863,c50e6ae2-b9b2e863,1,1,1.0
4621,c50faaad,c50faaad-75284f27,c50faaad-d84b2856,4,1,1.0
4622,c5118204,c5118204-23d7a171,c5118204-23d7a171,1,1,1.0
4623,c5121aec,c5121aec-f19f3e8d,c5121aec-f19f3e8d,1,1,1.0
4624,c5125543,c5125543-1bb695f3,c5125543-c78ee13f,2,1,1.0
4625,c513195c,c513195c-6ff34daf,c513195c-6ff34daf,1,1,1.0
4626,c51321e5,c51321e5-033ac799,c51321e5-033ac799,1,1,1.0
4627,c5134065,c5134065-dce97cfb,c5134065-dce97cfb,1,1,1.0
4628,c5179971,c5179971-6c0bbf66,c5179971-6c0bbf66,1,1,1.0
4629,c517c182,c517c182-52118b0a,c517c182-db33a55a,4,1,1.0
4630,c51a2815,c51a2815-5d5e6d1a,c51a2815-5d5e6d1a,1,1,1.0
4631,c51c4c12,c51c4c12-3ccdcd61,c51c4c12-e9006511,2,1,1.0
4632,c51d0636,c51d0636-2b91b311,c51d0636-df16876f,4,1,1.0
4633,c51de804,c51de804-7b18411f,c51de804-7b18411f,1,1,1.0
4634,c51ec845,c51ec845-16754dac,c51ec845-99c75a49,5,1,1.0
4635,c51ee110,c51ee110-ea464eff,c51ee110-ea464eff,1,1,1.0
4636,c52170ea,c52170ea-5346382f,c52170ea-5346382f,1,1,1.0
4637,c5218d47,c5218d47-c938bca6,c5218d47-c938bca6,1,1,1.0
4638,c524ecb5,c524ecb5-74c5e510,c524ecb5-d58d39ee,2,1,1.0
4639,c52a5080,c52a5080-19a9e0a7,c52a5080-f9be7559,4,1,1.0
4640,c52b6d8b,c52b6d8b-defd3a03,c52b6d8b-defd3a03,1,1,1.0
4641,c52f53f8,c52f53f8-1df973bb,c52f53f8-f2c94064,6,1,0.8333333333333334
4642,c5302a80,c5302a80-100fc260,c5302a80-100fc260,1,1,1.0
4643,c532201e,c532201e-8531945e,c532201e-8531945e,1,1,1.0
4644,c53221aa,c53221aa-4ef98335,c53221aa-4ef98335,1,0,0.0
4645,c53385ee,c53385ee-1fe07e21,c53385ee-1fe07e21,1,1,1.0
4646,c5339d15,c5339d15-f0812440,c5339d15-f0812440,1,1,1.0
4647,c5343589,c5343589-b82a2d0b,c5343589-f0a9e124,2,0,0.0
4648,c53478c5,c53478c5-0565e28b,c53478c5-79d0affb,2,1,1.0
4649,c536c7e6,c536c7e6-f9b2808f,c536c7e6-f9b2808f,1,1,1.0
4650,c536d061,c536d061-03d98dde,c536d061-694537c9,2,1,1.0
4651,c53941d4,c53941d4-889b2e48,c53941d4-889b2e48,1,1,1.0
4652,c53986c1,c53986c1-311f3693,c53986c1-ead41bbf,8,1,1.0
4653,c53a24f2,c53a24f2-545aa062,c53a24f2-e7ccbacd,5,1,1.0
4654,c53bb16d,c53bb16d-509a7840,c53bb16d-509a7840,1,1,1.0
4655,c53c8bba,c53c8bba-e8fa6bc6,c53c8bba-e8fa6bc6,1,1,1.0
4656,c53c9807,c53c9807-1eadf674,c53c9807-1eadf674,1,1,1.0
4657,c53cad0a,c53cad0a-e31c0406,c53cad0a-e31c0406,1,1,1.0
4658,c540a708,c540a708-48091e56,c540a708-f9601c77,5,1,0.8
4659,c540d300,c540d300-35f80d81,c540d300-d60d1a91,2,1,0.5
4660,c5430bf3,c5430bf3-07e67721,c5430bf3-07e67721,1,1,1.0
4661,c5434464,c5434464-5dcb3bd7,c5434464-5dcb3bd7,1,1,1.0
4662,c54441e6,c54441e6-400c221e,c54441e6-400c221e,1,1,1.0
4663,c546c109,c546c109-92e1a97e,c546c109-92e1a97e,1,1,1.0
4664,c5490183,c5490183-eb00ff57,c5490183-eb00ff57,1,1,1.0
4665,c54925a2,c54925a2-af3b6166,c54925a2-af3b6166,1,1,1.0
4666,c54a2f90,c54a2f90-4762b269,c54a2f90-4762b269,1,1,1.0
4667,c54abf2f,c54abf2f-cd3f73dc,c54abf2f-cd3f73dc,1,1,1.0
4668,c54c4e66,c54c4e66-d4b3ef01,c54c4e66-d4b3ef01,1,1,1.0
4669,c54e3b28,c54e3b28-168e2176,c54e3b28-168e2176,1,1,1.0
4670,c54ec43c,c54ec43c-1aa7875b,c54ec43c-1aa7875b,1,1,1.0
4671,c5530340,c5530340-6ca6f8bc,c5530340-6ca6f8bc,1,1,1.0
4672,c55332bb,c55332bb-cdf3fe55,c55332bb-cdf3fe55,1,1,1.0
4673,c553c602,c553c602-a2d33a0c,c553c602-a2d33a0c,1,1,1.0
4674,c55554e1,c55554e1-b61fd176,c55554e1-b61fd176,1,1,1.0
4675,c555922f,c555922f-58564fdc,c555922f-e8bc7d91,2,1,1.0
4676,c5568343,c5568343-7dfa0efd,c5568343-87284a3a,2,1,1.0
4677,c556b94f,c556b94f-70bb8f52,c556b94f-70bb8f52,1,1,1.0
4678,c5578df5,c5578df5-1318c8a5,c5578df5-1318c8a5,1,1,1.0
4679,c5584f14,c5584f14-7fcc4797,c5584f14-cba77967,2,1,1.0
4680,c5588233,c5588233-76a1ecf3,c5588233-b03622f3,2,1,1.0
4681,c558e42a,c558e42a-f172181e,c558e42a-f172181e,1,1,1.0
4682,c558f74c,c558f74c-8874b6c0,c558f74c-8d36158e,2,1,1.0
4683,c559b4de,c559b4de-a039e833,c559b4de-a039e833,1,1,1.0
4684,c55a3ec9,c55a3ec9-9aa6b23e,c55a3ec9-9aa6b23e,1,1,1.0
4685,c55ab634,c55ab634-34faa48e,c55ab634-b93da9ef,2,1,1.0
4686,c55b474f,c55b474f-f39c51a8,c55b474f-f39c51a8,1,1,1.0
4687,c55b79ad,c55b79ad-fff7df7b,c55b79ad-fff7df7b,1,1,1.0
4688,c55c4242,c55c4242-e70337b4,c55c4242-e70337b4,1,0,0.0
4689,c55c6b72,c55c6b72-d4bb26f3,c55c6b72-d4bb26f3,1,1,1.0
4690,c55d0615,c55d0615-f1eb15ca,c55d0615-f1eb15ca,1,1,1.0
4691,c55da7df,c55da7df-537c27fd,c55da7df-facccafc,2,1,1.0
4692,c55dc887,c55dc887-58fc27e7,c55dc887-58fc27e7,1,1,1.0
4693,c55dde26,c55dde26-9a4d91e4,c55dde26-9a4d91e4,1,1,1.0
4694,c55f5f07,c55f5f07-0e2857f2,c55f5f07-1d069cfd,2,1,1.0
4695,c55fef10,c55fef10-97ed70d9,c55fef10-97ed70d9,1,0,0.0
4696,c560e52d,c560e52d-71c73e43,c560e52d-71c73e43,1,0,0.0
4697,c560e8b4,c560e8b4-ac764600,c560e8b4-ac764600,1,1,1.0
4698,c5617574,c5617574-cca98859,c5617574-cca98859,1,1,1.0
4699,c561cb9a,c561cb9a-6b311a1c,c561cb9a-aafc0bad,3,1,1.0
4700,c5623327,c5623327-f089f3ee,c5623327-f089f3ee,1,1,1.0
4701,c563b8a0,c563b8a0-c21b10e8,c563b8a0-c21b10e8,1,1,1.0
4702,c564c92b,c564c92b-2f727c05,c564c92b-dec2638b,2,1,1.0
4703,c56569c3,c56569c3-449c1da2,c56569c3-449c1da2,1,1,1.0
4704,c566026b,c566026b-2879276d,c566026b-ea7cc2ea,4,1,0.75
4705,c566a4d9,c566a4d9-0504c08b,c566a4d9-3b84e88d,2,1,1.0
4706,c5673b5f,c5673b5f-6c5e63bc,c5673b5f-6c5e63bc,1,1,1.0
4707,c5683128,c5683128-8fa894d4,c5683128-8fa894d4,1,1,1.0
4708,c56915dc,c56915dc-1eb8abe1,c56915dc-8d1f7b7a,2,1,1.0
4709,c5694077,c5694077-e345e2a8,c5694077-e345e2a8,1,1,1.0
4710,c569a073,c569a073-b6125b79,c569a073-b6125b79,1,1,1.0
4711,c569c251,c569c251-0738a573,c569c251-ee16dcb1,11,1,1.0
4712,c56ad92a,c56ad92a-35537de6,c56ad92a-ff0ebcb2,13,1,1.0
4713,c56c7249,c56c7249-f70c6c33,c56c7249-f70c6c33,1,1,1.0
4714,c56c951e,c56c951e-07a935da,c56c951e-9eadf2b7,2,1,1.0
4715,c56cdb77,c56cdb77-68cd6d79,c56cdb77-d0e10fbb,3,1,1.0
4716,c56d9ab9,c56d9ab9-fd988840,c56d9ab9-fd988840,1,1,1.0
4717,c56f2163,c56f2163-005261fc,c56f2163-005261fc,1,1,1.0
4718,c5718931,c5718931-d5862304,c5718931-d5862304,1,1,1.0
4719,c571c186,c571c186-33a17c72,c571c186-d0b3877c,3,1,1.0
4720,c57363a5,c57363a5-1237e193,c57363a5-1237e193,1,1,1.0
4721,c573ac02,c573ac02-6c5f037e,c573ac02-6c5f037e,1,1,1.0
4722,c573d709,c573d709-4a0dbd2a,c573d709-4a0dbd2a,1,1,1.0
4723,c576ccff,c576ccff-0a51ae4b,c576ccff-0a51ae4b,1,1,1.0
4724,c5789b5b,c5789b5b-89d36fa8,c5789b5b-89d36fa8,1,1,1.0
4725,c57906c2,c57906c2-0f8c5acb,c57906c2-9696bf52,3,1,1.0
4726,c5792511,c5792511-7e5cec42,c5792511-7e5cec42,1,1,1.0
4727,c5796880,c5796880-a7005e6e,c5796880-a7005e6e,1,1,1.0
4728,c579ded4,c579ded4-2bdbcd45,c579ded4-2bdbcd45,1,1,1.0
4729,c57a44ff,c57a44ff-1a53cea4,c57a44ff-6cf39d9a,4,1,1.0
4730,c57a466b,c57a466b-876d29df,c57a466b-876d29df,1,1,1.0
4731,c57a8745,c57a8745-d78279a8,c57a8745-d78279a8,1,1,1.0
4732,c57c1efb,c57c1efb-3033d1ff,c57c1efb-d906271a,3,1,1.0
4733,c57caddc,c57caddc-26ab6ed5,c57caddc-26ab6ed5,1,1,1.0
4734,c57cda5b,c57cda5b-7783c7cb,c57cda5b-e43a49aa,4,1,1.0
4735,c57ec379,c57ec379-3d606dec,c57ec379-7827cbab,3,1,0.6666666666666666
4736,c58428cf,c58428cf-2398dd36,c58428cf-2398dd36,1,1,1.0
4737,c5843165,c5843165-79210a52,c5843165-79210a52,1,1,1.0
4738,c58446da,c58446da-3863db47,c58446da-3863db47,1,1,1.0
4739,c584f2c3,c584f2c3-83912b35,c584f2c3-83912b35,1,1,1.0
4740,c5853065,c5853065-e066b724,c5853065-e066b724,1,1,1.0
4741,c585c0c4,c585c0c4-f0596352,c585c0c4-f0596352,1,1,1.0
4742,c586b898,c586b898-17285cc9,c586b898-d44df97d,5,1,0.8
4743,c5879538,c5879538-6312ddd1,c5879538-6312ddd1,1,1,1.0
4744,c587d65a,c587d65a-90cbad97,c587d65a-90cbad97,1,1,1.0
4745,c587df13,c587df13-09f601eb,c587df13-09f601eb,1,1,1.0
4746,c5882339,c5882339-1ee18f0d,c5882339-dff241de,3,1,0.6666666666666666
4747,c588eb5e,c588eb5e-dfd59d8e,c588eb5e-dfd59d8e,1,1,1.0
4748,c588f35b,c588f35b-79bd69fe,c588f35b-79bd69fe,1,1,1.0
4749,c5891130,c5891130-4bfd998d,c5891130-4bfd998d,1,1,1.0
4750,c5895bc5,c5895bc5-f14bcbec,c5895bc5-f14bcbec,1,0,0.0
4751,c589f726,c589f726-1a6459e8,c589f726-1a6459e8,1,1,1.0
4752,c58a9085,c58a9085-abc0c295,c58a9085-abc0c295,1,1,1.0
4753,c58ace84,c58ace84-1b30e5a5,c58ace84-1b30e5a5,1,1,1.0
4754,c58afc12,c58afc12-d228f86b,c58afc12-d228f86b,1,1,1.0
4755,c58ba000,c58ba000-928da283,c58ba000-928da283,1,1,1.0
4756,c58bb853,c58bb853-256a6c3e,c58bb853-c9421648,2,1,1.0
4757,c58d52cb,c58d52cb-63d66bf4,c58d52cb-63d66bf4,1,1,1.0
4758,c58e720e,c58e720e-771b366f,c58e720e-771b366f,1,1,1.0
4759,c58eb8da,c58eb8da-9871eb53,c58eb8da-9871eb53,1,1,1.0
4760,c58f17ae,c58f17ae-e811d801,c58f17ae-e811d801,1,1,1.0
4761,c591f68a,c591f68a-75fddc3a,c591f68a-75fddc3a,1,1,1.0
4762,c593756a,c593756a-4d6ae1d1,c593756a-4d6ae1d1,1,0,0.0
4763,c593b804,c593b804-4c08d1a1,c593b804-4c08d1a1,1,1,1.0
4764,c59500f0,c59500f0-130d7415,c59500f0-f26be735,7,1,0.8571428571428571
4765,c595cb01,c595cb01-89718083,c595cb01-89718083,1,1,1.0
4766,c595de6c,c595de6c-1fe5d3df,c595de6c-1fe5d3df,1,1,1.0
4767,c599480d,c599480d-15223a32,c599480d-15223a32,1,1,1.0
4768,c59af260,c59af260-1bec72c5,c59af260-aa52b5d0,2,1,1.0
4769,c59c31f2,c59c31f2-cdac8cc8,c59c31f2-cdac8cc8,1,1,1.0
4770,c59e4f05,c59e4f05-5ebe763a,c59e4f05-5ebe763a,1,1,1.0
4771,c5a0ad25,c5a0ad25-32da84bb,c5a0ad25-ce65688e,2,1,1.0
4772,c5a0d993,c5a0d993-3505c5ce,c5a0d993-a86563c1,2,1,1.0
4773,c5a11aec,c5a11aec-af855969,c5a11aec-af855969,1,1,1.0
4774,c5a170ce,c5a170ce-85355a1b,c5a170ce-f820f869,2,1,1.0
4775,c5a178bf,c5a178bf-5a656bed,c5a178bf-ed8f9807,4,1,0.75
4776,c5a32922,c5a32922-3909caf2,c5a32922-3909caf2,1,1,1.0
4777,c5a42fb0,c5a42fb0-f73381b8,c5a42fb0-f73381b8,1,1,1.0
4778,c5a4ccc0,c5a4ccc0-2119ddb9,c5a4ccc0-b786fbb2,4,1,1.0
4779,c5a805c8,c5a805c8-318bd605,c5a805c8-318bd605,1,1,1.0
4780,c5a84acc,c5a84acc-baf6323a,c5a84acc-baf6323a,1,1,1.0
4781,c5aa59aa,c5aa59aa-4ce7e750,c5aa59aa-4ce7e750,1,1,1.0
4782,c5ab4d79,c5ab4d79-c244d950,c5ab4d79-c244d950,1,1,1.0
4783,c5ae33f9,c5ae33f9-a2c4f208,c5ae33f9-a2c4f208,1,1,1.0
4784,c5ae7bf8,c5ae7bf8-25901c98,c5ae7bf8-25901c98,1,1,1.0
4785,c5b166fd,c5b166fd-3156e611,c5b166fd-df77bb5d,5,1,1.0
4786,c5b1e3f5,c5b1e3f5-479118b6,c5b1e3f5-479118b6,1,1,1.0
4787,c5b2506d,c5b2506d-07e406a6,c5b2506d-d7479cbb,10,1,0.9
4788,c5b29044,c5b29044-75af49f0,c5b29044-75af49f0,1,1,1.0
4789,c5b59090,c5b59090-05bcd505,c5b59090-05bcd505,1,1,1.0
4790,c5b64f27,c5b64f27-53710b20,c5b64f27-fc829e64,3,1,1.0
4791,c5b6c311,c5b6c311-962e60b4,c5b6c311-c7351dcf,4,1,1.0
4792,c5b76793,c5b76793-172c4594,c5b76793-56c6c886,2,1,1.0
4793,c5b76b45,c5b76b45-6a9e676b,c5b76b45-6a9e676b,1,1,1.0
4794,c5b7b466,c5b7b466-4adbd41c,c5b7b466-f6066e36,4,1,0.75
4795,c5b7db86,c5b7db86-88bceca0,c5b7db86-b62a7a3f,2,1,1.0
4796,c5b80ec1,c5b80ec1-6efedb0e,c5b80ec1-bb9fd172,3,1,1.0
4797,c5ba135d,c5ba135d-32240f6d,c5ba135d-32240f6d,1,1,1.0
4798,c5bb525f,c5bb525f-be098cfb,c5bb525f-be098cfb,1,1,1.0
4799,c5bbf929,c5bbf929-8c3d6c80,c5bbf929-e89aac92,2,1,1.0
4800,c5bc3aa9,c5bc3aa9-0d55c4f9,c5bc3aa9-d268a0aa,3,1,0.6666666666666666
4801,c5bd516c,c5bd516c-decd0287,c5bd516c-decd0287,1,1,1.0
4802,c5bf095c,c5bf095c-f18a6c47,c5bf095c-f18a6c47,1,1,1.0
4803,c5c1956a,c5c1956a-f18fba95,c5c1956a-f18fba95,1,1,1.0
4804,c5c3116a,c5c3116a-52333439,c5c3116a-8bcf604c,2,1,1.0
4805,c5c352c8,c5c352c8-2b9624d5,c5c352c8-c97b0943,2,1,1.0
4806,c5c37cfe,c5c37cfe-a885a8d2,c5c37cfe-a885a8d2,1,1,1.0
4807,c5c3b858,c5c3b858-bc1ffd47,c5c3b858-bc1ffd47,1,1,1.0
4808,c5c43551,c5c43551-472281ea,c5c43551-916bcae8,2,1,1.0
4809,c5c48d80,c5c48d80-4204c6c7,c5c48d80-d0a65d93,2,1,1.0
4810,c5c6fd07,c5c6fd07-9a05cafd,c5c6fd07-9a05cafd,1,1,1.0
4811,c5c7c186,c5c7c186-2f98e734,c5c7c186-9381f4a2,2,1,1.0
4812,c5c86b04,c5c86b04-083cb3fd,c5c86b04-083cb3fd,1,1,1.0
4813,c5c8a92c,c5c8a92c-49d1ba7c,c5c8a92c-ed6160d8,2,1,1.0
4814,c5c910c6,c5c910c6-c7aa96f1,c5c910c6-c7aa96f1,1,1,1.0
4815,c5c9d88b,c5c9d88b-71b49b27,c5c9d88b-cd7f4b25,2,1,1.0
4816,c5c9ead6,c5c9ead6-dab2dae6,c5c9ead6-dab2dae6,1,1,1.0
4817,c5ca1272,c5ca1272-3f672c39,c5ca1272-df2c0491,4,1,1.0
4818,c5caf169,c5caf169-3010206a,c5caf169-f75db8a9,2,1,1.0
4819,c5cbe746,c5cbe746-95cc81dc,c5cbe746-95cc81dc,1,1,1.0
4820,c5cc1219,c5cc1219-49036234,c5cc1219-49036234,1,1,1.0
4821,c5cdbe94,c5cdbe94-689ed201,c5cdbe94-689ed201,1,1,1.0
4822,c5ce458d,c5ce458d-da546f8a,c5ce458d-da546f8a,1,1,1.0
4823,c5ce9781,c5ce9781-b8db3bfa,c5ce9781-b8db3bfa,1,1,1.0
4824,c5d13cf9,c5d13cf9-038d680e,c5d13cf9-8840eb07,2,1,1.0
4825,c5d26790,c5d26790-b391812d,c5d26790-b391812d,1,1,1.0
4826,c5d2daaf,c5d2daaf-bee29c76,c5d2daaf-bee29c76,1,1,1.0
4827,c5d43861,c5d43861-1e463c29,c5d43861-1e463c29,1,1,1.0
4828,c5d79098,c5d79098-0b67a544,c5d79098-e6587dc0,2,1,1.0
4829,c5d7ce8d,c5d7ce8d-55f07ede,c5d7ce8d-55f07ede,1,1,1.0
4830,c5d864fa,c5d864fa-1b3f0232,c5d864fa-dec84644,11,1,1.0
4831,c5dd12e7,c5dd12e7-e1f925bf,c5dd12e7-e1f925bf,1,1,1.0
4832,c5dd7a2a,c5dd7a2a-bab83a60,c5dd7a2a-bab83a60,1,1,1.0
4833,c5dd7de4,c5dd7de4-53608747,c5dd7de4-53608747,1,1,1.0
4834,c5dee1e2,c5dee1e2-e17da4f5,c5dee1e2-e17da4f5,1,1,1.0
4835,c5def92b,c5def92b-7c703f2f,c5def92b-af08d4b8,3,0,0.3333333333333333
4836,c5e29bbb,c5e29bbb-9d7569ec,c5e29bbb-d09c83c8,2,1,1.0
4837,c5e32cf6,c5e32cf6-7d2e04b4,c5e32cf6-cd1cec66,3,1,1.0
4838,c5e41dc2,c5e41dc2-3efd50c3,c5e41dc2-c5eb4569,5,1,1.0
4839,c5e8457e,c5e8457e-381c8a85,c5e8457e-381c8a85,1,1,1.0
4840,c5e8ab3b,c5e8ab3b-6e92761c,c5e8ab3b-6e92761c,1,1,1.0
4841,c5e8cd7e,c5e8cd7e-2fc99e96,c5e8cd7e-2fc99e96,1,1,1.0
4842,c5ea1566,c5ea1566-5388419a,c5ea1566-561af343,2,1,1.0
4843,c5eb7f02,c5eb7f02-2eeb75ed,c5eb7f02-c4f67fb1,5,1,1.0
4844,c5ec1247,c5ec1247-80a84ca0,c5ec1247-80a84ca0,1,1,1.0
4845,c5ec5261,c5ec5261-567ff509,c5ec5261-567ff509,1,1,1.0
4846,c5ed5d69,c5ed5d69-f2a3b0ed,c5ed5d69-f2a3b0ed,1,1,1.0
4847,c5eebbf5,c5eebbf5-1450247a,c5eebbf5-1450247a,1,1,1.0
4848,c5f0cacd,c5f0cacd-26e83cd1,c5f0cacd-3c4333b4,2,1,1.0
4849,c5f27105,c5f27105-45b3e276,c5f27105-45b3e276,1,1,1.0
4850,c5f2e071,c5f2e071-fcf05969,c5f2e071-fcf05969,1,1,1.0
4851,c5f31e54,c5f31e54-2e91ccbd,c5f31e54-76b8c52c,2,1,1.0
4852,c5f4350d,c5f4350d-1f7632ea,c5f4350d-de142038,2,1,1.0
4853,c5f4b6d4,c5f4b6d4-0a740188,c5f4b6d4-eb1f94b7,3,1,1.0
4854,c5f523f3,c5f523f3-b5a9057e,c5f523f3-b5a9057e,1,1,1.0
4855,c5f87655,c5f87655-a6b5b5ff,c5f87655-a6b5b5ff,1,1,1.0
4856,c5f8a1ae,c5f8a1ae-0d55fc7a,c5f8a1ae-0d55fc7a,1,1,1.0
4857,c5f99fea,c5f99fea-d9ccc213,c5f99fea-d9ccc213,1,1,1.0
4858,c5fa2573,c5fa2573-a33e9b84,c5fa2573-a33e9b84,1,1,1.0
4859,c5fac5ad,c5fac5ad-8854736e,c5fac5ad-8854736e,1,1,1.0
4860,c5fb6c66,c5fb6c66-c243092c,c5fb6c66-c243092c,1,1,1.0
4861,c5fcf26b,c5fcf26b-c3f9aa67,c5fcf26b-c3f9aa67,1,1,1.0
4862,c5fd03fa,c5fd03fa-70ea30f9,c5fd03fa-70ea30f9,1,1,1.0
4863,c5fe7f8b,c5fe7f8b-38ce05b2,c5fe7f8b-522055d5,2,1,1.0
4864,c5feca03,c5feca03-0f32ddcf,c5feca03-0f32ddcf,1,1,1.0
4865,c5ffb92c,c5ffb92c-67f32de8,c5ffb92c-772cfc9c,2,1,1.0
4866,c6013f78,c6013f78-376051fb,c6013f78-376051fb,1,1,1.0
4867,c60144b6,c60144b6-3d65950d,c60144b6-ddad5125,5,1,1.0
4868,c602b3c5,c602b3c5-0bba271b,c602b3c5-8f9a3aef,2,1,1.0
4869,c60327b4,c60327b4-f096274e,c60327b4-f096274e,1,1,1.0
4870,c6033a7e,c6033a7e-3c3211ec,c6033a7e-3c3211ec,1,1,1.0
4871,c60535ee,c60535ee-007fd6dd,c60535ee-007fd6dd,1,1,1.0
4872,c605bc6e,c605bc6e-78064ec8,c605bc6e-b329a5c1,3,1,1.0
4873,c606dc56,c606dc56-2a64e82c,c606dc56-2a64e82c,1,1,1.0
4874,c6079e86,c6079e86-f5203076,c6079e86-f5203076,1,1,1.0
4875,c6083af3,c6083af3-97345ce2,c6083af3-97345ce2,1,1,1.0
4876,c6085e74,c6085e74-b63938e2,c6085e74-b63938e2,1,1,1.0
4877,c6089c97,c6089c97-fb6682fb,c6089c97-fb6682fb,1,1,1.0
4878,c60b2910,c60b2910-c3ce88e1,c60b2910-eb72d5a2,3,1,0.6666666666666666
4879,c60b6c7a,c60b6c7a-3bc6fa12,c60b6c7a-3bc6fa12,1,1,1.0
4880,c60c04c3,c60c04c3-10c3f122,c60c04c3-b48a4e84,2,1,1.0
4881,c60d6c5c,c60d6c5c-11adb0a5,c60d6c5c-689d8921,2,1,1.0
4882,c60db1dc,c60db1dc-73c1e986,c60db1dc-f8f24f9f,2,1,1.0
4883,c60dc8c4,c60dc8c4-3c29b3e3,c60dc8c4-c8c80749,2,1,1.0
4884,c60deb3c,c60deb3c-d8219cc9,c60deb3c-d8219cc9,1,1,1.0
4885,c60e27d7,c60e27d7-0c92e2f2,c60e27d7-0c92e2f2,1,1,1.0
4886,c60f0eb4,c60f0eb4-bb0d650b,c60f0eb4-bb0d650b,1,1,1.0
4887,c60ffc99,c60ffc99-13f7f8e0,c60ffc99-13f7f8e0,1,1,1.0
4888,c614250f,c614250f-060df27c,c614250f-8197deb8,3,1,1.0
4889,c6148dad,c6148dad-03eb1951,c6148dad-b073324c,3,1,0.6666666666666666
4890,c614be17,c614be17-f1d896e0,c614be17-f1d896e0,1,1,1.0
4891,c617d219,c617d219-c5bb6104,c617d219-c5bb6104,1,1,1.0
4892,c6180886,c6180886-aaf908a0,c6180886-aaf908a0,1,1,1.0
4893,c61820fc,c61820fc-ba8d6a48,c61820fc-ba8d6a48,1,1,1.0
4894,c6193869,c6193869-d2f9aed1,c6193869-d2f9aed1,1,1,1.0
4895,c61af85d,c61af85d-0570a2a9,c61af85d-0570a2a9,1,1,1.0
4896,c61c91ec,c61c91ec-1c678f63,c61c91ec-1c678f63,1,1,1.0
4897,c61cc09d,c61cc09d-620a73cb,c61cc09d-7ba22a23,2,1,1.0
4898,c61e0f0d,c61e0f0d-188e2618,c61e0f0d-96124634,2,1,1.0
4899,c61e36b0,c61e36b0-4e14731e,c61e36b0-4e14731e,1,1,1.0
4900,c61e7344,c61e7344-d27499c3,c61e7344-d27499c3,1,1,1.0
4901,c62073d1,c62073d1-3d9adad7,c62073d1-3d9adad7,1,1,1.0
4902,c620ac7c,c620ac7c-124d4be5,c620ac7c-f3d4e50c,3,1,1.0
4903,c6215f72,c6215f72-266bf801,c6215f72-266bf801,1,1,1.0
4904,c6265010,c6265010-8caa470f,c6265010-8caa470f,1,1,1.0
4905,c62664f1,c62664f1-b6fec7e5,c62664f1-e2a87cef,2,1,1.0
4906,c629768e,c629768e-7da2d4f0,c629768e-7da2d4f0,1,1,1.0
4907,c62ba5b8,c62ba5b8-0efc4385,c62ba5b8-bfa3fbad,3,1,1.0
4908,c62cf532,c62cf532-b431541d,c62cf532-b431541d,1,1,1.0
4909,c62dc284,c62dc284-683bf6e9,c62dc284-faca580e,3,1,1.0
4910,c62efadc,c62efadc-a4255fc1,c62efadc-d5d01fc2,2,1,1.0
4911,c6301763,c6301763-2abac61a,c6301763-2abac61a,1,1,1.0
4912,c630c103,c630c103-34a53b18,c630c103-34a53b18,1,1,1.0
4913,c6313a48,c6313a48-d945108a,c6313a48-d945108a,1,1,1.0
4914,c6320aee,c6320aee-c3faffdc,c6320aee-c3faffdc,1,1,1.0
4915,c6338e17,c6338e17-c0df8fbe,c6338e17-c0df8fbe,1,1,1.0
4916,c633cafb,c633cafb-496ee40f,c633cafb-9ff0a3a2,2,1,1.0
4917,c63428f4,c63428f4-7e084bea,c63428f4-7e084bea,1,1,1.0
4918,c634f845,c634f845-8fdb6a3e,c634f845-8fdb6a3e,1,1,1.0
4919,c6352da9,c6352da9-dbb06c04,c6352da9-dbb06c04,1,1,1.0
4920,c6367bde,c6367bde-a28b0ad2,c6367bde-a28b0ad2,1,1,1.0
4921,c63800c9,c63800c9-ebf059d1,c63800c9-ebf059d1,1,1,1.0
4922,c63864a9,c63864a9-35e14676,c63864a9-35e14676,1,1,1.0
4923,c6387d9e,c6387d9e-26028281,c6387d9e-b30064de,2,1,1.0
4924,c639e1c0,c639e1c0-2eb71da1,c639e1c0-2eb71da1,1,1,1.0
4925,c63bf933,c63bf933-0514a263,c63bf933-0514a263,1,1,1.0
4926,c63c27a4,c63c27a4-6c1b3f4e,c63c27a4-6c1b3f4e,1,1,1.0
4927,c63da3b1,c63da3b1-bb66bf72,c63da3b1-bb66bf72,1,1,1.0
4928,c63da678,c63da678-d3f535e3,c63da678-d3f535e3,1,1,1.0
4929,c63df65f,c63df65f-acb7276e,c63df65f-acb7276e,1,1,1.0
4930,c63f6bb5,c63f6bb5-e23a253e,c63f6bb5-f2449af8,2,1,1.0
4931,c6406d76,c6406d76-4b7872d2,c6406d76-bbf7229f,3,1,1.0
4932,c640ffda,c640ffda-035e5b98,c640ffda-035e5b98,1,1,1.0
4933,c6424a42,c6424a42-1e0e0f7c,c6424a42-272aa782,2,1,1.0
4934,c643f246,c643f246-e29733b4,c643f246-e29733b4,1,1,1.0
4935,c644bce5,c644bce5-310a172f,c644bce5-b6465290,2,1,1.0
4936,c644e81b,c644e81b-53cbf3b6,c644e81b-d8e6dcc0,2,1,1.0
4937,c6459d6c,c6459d6c-2a477f42,c6459d6c-e50530d0,2,1,1.0
4938,c6468284,c6468284-3d60a86b,c6468284-3d60a86b,1,1,1.0
4939,c647174d,c647174d-4f64af93,c647174d-4f64af93,1,1,1.0
4940,c64d4efa,c64d4efa-0a2488a5,c64d4efa-0a2488a5,1,1,1.0
4941,c64d742b,c64d742b-1ecf1b4b,c64d742b-b58c8bc3,2,1,1.0
4942,c64dd3d9,c64dd3d9-3981f6e3,c64dd3d9-ed092171,4,1,1.0
4943,c650b257,c650b257-a545cebf,c650b257-a545cebf,1,1,1.0
4944,c6549c4a,c6549c4a-21436fe0,c6549c4a-d3fc68f7,10,1,1.0
4945,c65628b7,c65628b7-0a11aa60,c65628b7-d705638d,8,1,0.75
4946,c656f999,c656f999-970e284f,c656f999-970e284f,1,1,1.0
4947,c65715c7,c65715c7-47338a24,c65715c7-47338a24,1,1,1.0
4948,c6580b8a,c6580b8a-368c5647,c6580b8a-7a0bd033,2,1,1.0
4949,c658c9ae,c658c9ae-0a49e06c,c658c9ae-0a49e06c,1,1,1.0
4950,c659e062,c659e062-f6e9aeab,c659e062-f6e9aeab,1,1,1.0
4951,c65b8cb4,c65b8cb4-e2aa6d2f,c65b8cb4-e2aa6d2f,1,1,1.0
4952,c65c2462,c65c2462-96e8ae92,c65c2462-ccc20dff,2,1,1.0
4953,c65d48bf,c65d48bf-0992c93a,c65d48bf-e65698bd,9,1,0.6666666666666666
4954,c65eb5d6,c65eb5d6-e90e41da,c65eb5d6-e90e41da,1,1,1.0
4955,c65f7702,c65f7702-979ab570,c65f7702-979ab570,1,1,1.0
4956,c65fad1e,c65fad1e-08c796e4,c65fad1e-d790b8ce,2,1,1.0
4957,c661115f,c661115f-f6d1c64b,c661115f-f6d1c64b,1,1,1.0
4958,c66202a8,c66202a8-69baf495,c66202a8-69baf495,1,1,1.0
4959,c663ebc6,c663ebc6-21dbeb77,c663ebc6-46365c70,2,1,1.0
4960,c664605e,c664605e-3e933e30,c664605e-abd72a76,3,1,1.0
4961,c6648ad5,c6648ad5-91058550,c6648ad5-91058550,1,1,1.0
4962,c665137e,c665137e-6fffaf45,c665137e-c5ba935a,3,1,1.0
4963,c66a2cb5,c66a2cb5-64bc6565,c66a2cb5-80c469d8,3,1,1.0
4964,c66c11e4,c66c11e4-d8f18588,c66c11e4-d8f18588,1,1,1.0
4965,c66c630d,c66c630d-0ffac45a,c66c630d-fd7e3bff,6,1,1.0
4966,c66c709e,c66c709e-de7a55ed,c66c709e-de7a55ed,1,1,1.0
4967,c66cd6fa,c66cd6fa-73c96046,c66cd6fa-e9647604,4,1,1.0
4968,c66d2237,c66d2237-f9c0a1ef,c66d2237-f9c0a1ef,1,1,1.0
4969,c66db7be,c66db7be-0ca75b1b,c66db7be-0ca75b1b,1,1,1.0
4970,c66f60f8,c66f60f8-4a20099b,c66f60f8-4a20099b,1,1,1.0
4971,c67075c0,c67075c0-452a5634,c67075c0-f1638c70,2,1,1.0
4972,c6716c49,c6716c49-04844b01,c6716c49-d48c3543,3,1,0.6666666666666666
4973,c671fa68,c671fa68-14538adf,c671fa68-f2ce610d,2,1,1.0
4974,c6728701,c6728701-1fccb956,c6728701-f427d429,3,1,0.6666666666666666
4975,c6735e95,c6735e95-d11ae6b2,c6735e95-d11ae6b2,1,1,1.0
4976,c675081b,c675081b-c71e159b,c675081b-df5291b4,2,1,1.0
4977,c6758a15,c6758a15-21120f89,c6758a15-d4e2e5ac,7,1,1.0
4978,c676514a,c676514a-1f48a274,c676514a-f5d635ae,5,1,1.0
4979,c6774481,c6774481-eeba09a9,c6774481-eeba09a9,1,1,1.0
4980,c678271e,c678271e-1cc5809d,c678271e-55faa3a7,2,0,0.0
4981,c6785f37,c6785f37-20a97e19,c6785f37-95b28780,2,1,1.0
4982,c678cb00,c678cb00-1c6211ab,c678cb00-1c6211ab,1,1,1.0
4983,c67c0532,c67c0532-e4a96360,c67c0532-e4a96360,1,1,1.0
4984,c67f1dd2,c67f1dd2-995c9a8f,c67f1dd2-995c9a8f,1,1,1.0
4985,c680eea3,c680eea3-5a7f9086,c680eea3-5a7f9086,1,1,1.0
4986,c682e776,c682e776-650bfd20,c682e776-d20a6f25,2,1,1.0
4987,c682e86e,c682e86e-049c847f,c682e86e-049c847f,1,1,1.0
4988,c683d905,c683d905-119c0ee3,c683d905-eca9ea1a,2,1,1.0
4989,c684b9be,c684b9be-e666905f,c684b9be-e666905f,1,1,1.0
4990,c685aea9,c685aea9-1f0ae51d,c685aea9-bdeca101,3,1,1.0
4991,c6864b90,c6864b90-0632ce1d,c6864b90-498a3912,2,1,1.0
4992,c6866060,c6866060-6e8de1dd,c6866060-6e8de1dd,1,1,1.0
4993,c6869d32,c6869d32-cf456c0d,c6869d32-cf456c0d,1,1,1.0
4994,c6874e8e,c6874e8e-439ea4de,c6874e8e-439ea4de,1,1,1.0
4995,c687f5c9,c687f5c9-13db3c6a,c687f5c9-13db3c6a,1,1,1.0
4996,c68a02cc,c68a02cc-7324141d,c68a02cc-7324141d,1,1,1.0
4997,c68b1d0c,c68b1d0c-06cda4b9,c68b1d0c-06cda4b9,1,1,1.0
4998,c68bb3b7,c68bb3b7-ae8ce5d9,c68bb3b7-ae8ce5d9,1,1,1.0
4999,c68d9027,c68d9027-9707e4ed,c68d9027-9707e4ed,1,1,1.0
5000,c68dcb6b,c68dcb6b-c1775bef,c68dcb6b-fe86ae43,3,1,1.0
5001,c68e50e0,c68e50e0-1d6a90a8,c68e50e0-91685ec0,3,1,1.0
5002,c68f8fd2,c68f8fd2-61681484,c68f8fd2-61681484,1,1,1.0
5003,c68f995b,c68f995b-912c3dbc,c68f995b-912c3dbc,1,1,1.0
5004,c690ecdd,c690ecdd-1dd0cb93,c690ecdd-f44a7b4f,5,1,1.0
5005,c69108fc,c69108fc-10f773dd,c69108fc-10f773dd,1,1,1.0
5006,c6921a51,c6921a51-1735be44,c6921a51-c3847215,4,1,1.0
5007,c69227ec,c69227ec-e31502fc,c69227ec-e31502fc,1,1,1.0
5008,c692ed67,c692ed67-1f8ee968,c692ed67-1f8ee968,1,1,1.0
5009,c6959e96,c6959e96-3e8a0c43,c6959e96-dd05fa7a,3,1,1.0
5010,c695fbd3,c695fbd3-0a91a52f,c695fbd3-0a91a52f,1,1,1.0
5011,c696b1c8,c696b1c8-4e0accee,c696b1c8-b2fba873,2,1,1.0
5012,c698371e,c698371e-09aa1092,c698371e-c1d58557,6,1,1.0
5013,c699a513,c699a513-c5a722fe,c699a513-c5a722fe,1,1,1.0
5014,c69b26c7,c69b26c7-3fa6979b,c69b26c7-3fa6979b,1,1,1.0
5015,c69bb841,c69bb841-f9ad4a40,c69bb841-f9ad4a40,1,1,1.0
5016,c69d1519,c69d1519-d0c95d6b,c69d1519-f8c8bbe8,3,1,1.0
5017,c69e5864,c69e5864-010993d7,c69e5864-73ad0cfc,4,1,0.5
5018,c69f536a,c69f536a-9d45ee3d,c69f536a-9d45ee3d,1,1,1.0
5019,c6a0e7c1,c6a0e7c1-4171ca59,c6a0e7c1-b9bc987c,2,1,1.0
5020,c6a0f0b4,c6a0f0b4-648cd548,c6a0f0b4-648cd548,1,1,1.0
5021,c6a2100d,c6a2100d-d6e54e21,c6a2100d-d6e54e21,1,1,1.0
5022,c6a23a03,c6a23a03-fb6ef9c3,c6a23a03-fb6ef9c3,1,1,1.0
5023,c6a23c7a,c6a23c7a-6e9d3e9e,c6a23c7a-6e9d3e9e,1,1,1.0
5024,c6a2eca5,c6a2eca5-747ac934,c6a2eca5-a06c9e5b,2,1,1.0
5025,c6a365eb,c6a365eb-7d11a7c1,c6a365eb-7d11a7c1,1,1,1.0
5026,c6a3d2c9,c6a3d2c9-ccd19954,c6a3d2c9-ccd19954,1,1,1.0
5027,c6a47cec,c6a47cec-c221b550,c6a47cec-c221b550,1,1,1.0
5028,c6a4abc9,c6a4abc9-1b48b2ab,c6a4abc9-e999da65,4,1,1.0
5029,c6a5ec44,c6a5ec44-26ea8514,c6a5ec44-7b0e5542,2,1,1.0
5030,c6a922ec,c6a922ec-c98fe832,c6a922ec-c98fe832,1,1,1.0
5031,c6a94213,c6a94213-9e85fba1,c6a94213-9e85fba1,1,1,1.0
5032,c6ad7737,c6ad7737-578d58ca,c6ad7737-dfa1f87b,3,1,1.0
5033,c6adfd20,c6adfd20-170409d2,c6adfd20-ef044a06,6,1,1.0
5034,c6af1e13,c6af1e13-28b184aa,c6af1e13-951da297,2,1,1.0
5035,c6af6422,c6af6422-517e663a,c6af6422-ca528e3b,2,1,1.0
5036,c6b2d249,c6b2d249-04498047,c6b2d249-04498047,1,1,1.0
5037,c6b2e302,c6b2e302-cdffaf82,c6b2e302-cdffaf82,1,1,1.0
5038,c6b45cee,c6b45cee-d74b5791,c6b45cee-f5551819,2,1,1.0
5039,c6b511a2,c6b511a2-d0de577c,c6b511a2-d0de577c,1,1,1.0
5040,c6b518ec,c6b518ec-31800547,c6b518ec-31800547,1,1,1.0
5041,c6b748e6,c6b748e6-e281f93f,c6b748e6-e281f93f,1,1,1.0
5042,c6b7ebec,c6b7ebec-b2b3a6c0,c6b7ebec-b2b3a6c0,1,1,1.0
5043,c6b8dc9c,c6b8dc9c-1d5e230a,c6b8dc9c-1d5e230a,1,1,1.0
5044,c6b8f394,c6b8f394-6e6a9b99,c6b8f394-6e6a9b99,1,1,1.0
5045,c6bb2e07,c6bb2e07-3276c201,c6bb2e07-b043bd9e,3,1,1.0
5046,c6bb3f2e,c6bb3f2e-9bfda4df,c6bb3f2e-9bfda4df,1,1,1.0
5047,c6bb7ee7,c6bb7ee7-9fec7fdb,c6bb7ee7-9fec7fdb,1,1,1.0
5048,c6bb8a0c,c6bb8a0c-bdba1c5d,c6bb8a0c-bdba1c5d,1,0,0.0
5049,c6bb9629,c6bb9629-1727269a,c6bb9629-1727269a,1,1,1.0
5050,c6bc8f3a,c6bc8f3a-29ce4dc7,c6bc8f3a-719bb999,2,1,1.0
5051,c6bd6f3b,c6bd6f3b-d6ad11b5,c6bd6f3b-d6ad11b5,1,1,1.0
5052,c6bf8d8a,c6bf8d8a-10605e47,c6bf8d8a-d624de6b,5,1,1.0
5053,c6c08fb0,c6c08fb0-7a88ba27,c6c08fb0-cb0efab6,2,1,1.0
5054,c6c1c9ad,c6c1c9ad-c21d153e,c6c1c9ad-c21d153e,1,1,1.0
5055,c6c642f5,c6c642f5-730bd067,c6c642f5-730bd067,1,1,1.0
5056,c6c75718,c6c75718-c93cfdd7,c6c75718-c93cfdd7,1,1,1.0
5057,c6c8c8a2,c6c8c8a2-cb166bb4,c6c8c8a2-cb166bb4,1,1,1.0
5058,c6ca1dcf,c6ca1dcf-635b762f,c6ca1dcf-635b762f,1,1,1.0
5059,c6ca7b50,c6ca7b50-2ef0a79b,c6ca7b50-602f0d02,3,0,0.3333333333333333
5060,c6cd3ccb,c6cd3ccb-b775a5a3,c6cd3ccb-b775a5a3,1,1,1.0
5061,c6cde742,c6cde742-b3cceffb,c6cde742-d52d93a3,2,1,1.0
5062,c6cde7ef,c6cde7ef-8fc5b688,c6cde7ef-8fc5b688,1,1,1.0
5063,c6cf9b39,c6cf9b39-8831232f,c6cf9b39-8831232f,1,1,1.0
5064,c6d086e9,c6d086e9-0a3f83a3,c6d086e9-0a3f83a3,1,1,1.0
5065,c6d36663,c6d36663-2e8ff6e3,c6d36663-2e8ff6e3,1,1,1.0
5066,c6d4654c,c6d4654c-0ec10f99,c6d4654c-caa2d45e,5,1,1.0
5067,c6d51f76,c6d51f76-d2459db8,c6d51f76-d2459db8,1,1,1.0
5068,c6d586ad,c6d586ad-8f0af0ac,c6d586ad-8f0af0ac,1,1,1.0
5069,c6d6600c,c6d6600c-e4287c96,c6d6600c-e4287c96,1,1,1.0
5070,c6d6c72d,c6d6c72d-e3bb94af,c6d6c72d-e3bb94af,1,1,1.0
5071,c6d7400d,c6d7400d-8a08045e,c6d7400d-8a08045e,1,1,1.0
5072,c6d77a40,c6d77a40-03423c96,c6d77a40-03423c96,1,1,1.0
5073,c6d98de9,c6d98de9-cca2e483,c6d98de9-fcc2713e,2,1,1.0
5074,c6da617f,c6da617f-977c903c,c6da617f-f5c8afd5,2,1,1.0
5075,c6da9a5f,c6da9a5f-4f00039a,c6da9a5f-4f00039a,1,1,1.0
5076,c6dad47e,c6dad47e-47a61b83,c6dad47e-47a61b83,1,1,1.0
5077,c6db6944,c6db6944-7256efcc,c6db6944-dd240a03,2,1,0.5
5078,c6db7763,c6db7763-bd0a64d2,c6db7763-bd0a64d2,1,1,1.0
5079,c6dbe91f,c6dbe91f-4551ad42,c6dbe91f-4551ad42,1,0,0.0
5080,c6dca574,c6dca574-5a3415b5,c6dca574-a5f624f4,3,1,1.0
5081,c6dcb37c,c6dcb37c-ffd8264e,c6dcb37c-ffd8264e,1,1,1.0
5082,c6dcc1a9,c6dcc1a9-0fa80e62,c6dcc1a9-0fa80e62,1,1,1.0
5083,c6dd289c,c6dd289c-693cb0cb,c6dd289c-693cb0cb,1,1,1.0
5084,c6deff23,c6deff23-56aa65be,c6deff23-56aa65be,1,1,1.0
5085,c6dfb2b8,c6dfb2b8-a74025b0,c6dfb2b8-a74025b0,1,1,1.0
5086,c6dfbd67,c6dfbd67-2c7061bf,c6dfbd67-2c7061bf,1,1,1.0
5087,c6dfe6aa,c6dfe6aa-5d33796c,c6dfe6aa-d2b95ea8,2,1,1.0
5088,c6e17725,c6e17725-4e651f0a,c6e17725-4e651f0a,1,1,1.0
5089,c6e1c974,c6e1c974-906461f4,c6e1c974-906461f4,1,1,1.0
5090,c6e2af77,c6e2af77-d588bb3e,c6e2af77-d588bb3e,1,1,1.0
5091,c6e2cfc8,c6e2cfc8-cfab245b,c6e2cfc8-cfab245b,1,1,1.0
5092,c6e385cd,c6e385cd-2cc5c344,c6e385cd-2cc5c344,1,1,1.0
5093,c6e3fc7e,c6e3fc7e-9262d8ed,c6e3fc7e-9262d8ed,1,1,1.0
5094,c6e4273a,c6e4273a-c3e46891,c6e4273a-c3e46891,1,0,0.0
5095,c6e430f3,c6e430f3-b658f65a,c6e430f3-b658f65a,1,1,1.0
5096,c6e52b8f,c6e52b8f-d719fd87,c6e52b8f-eb7a0bd6,2,1,0.5
5097,c6e6f87c,c6e6f87c-6b32379a,c6e6f87c-814bdcee,2,1,1.0
5098,c6ea1428,c6ea1428-223b4063,c6ea1428-223b4063,1,1,1.0
5099,c6ebf831,c6ebf831-45affcf4,c6ebf831-45affcf4,1,1,1.0
5100,c6ec3031,c6ec3031-9fa4354c,c6ec3031-cb866ce6,2,1,1.0
5101,c6ed0e98,c6ed0e98-491efc53,c6ed0e98-491efc53,1,1,1.0
5102,c6ed8102,c6ed8102-2bbcbcc2,c6ed8102-c341da76,3,1,1.0
5103,c6ed86ea,c6ed86ea-af629103,c6ed86ea-af629103,1,1,1.0
5104,c6ef5bc4,c6ef5bc4-1ce53885,c6ef5bc4-b8cbb710,3,1,1.0
5105,c6f14304,c6f14304-88396ae1,c6f14304-e9ad93b9,2,1,1.0
5106,c6f6368c,c6f6368c-082957c9,c6f6368c-5890d128,3,1,1.0
5107,c6f9ec52,c6f9ec52-0bf3e2f7,c6f9ec52-0bf3e2f7,1,1,1.0
5108,c6fa26d7,c6fa26d7-056d2a63,c6fa26d7-056d2a63,1,1,1.0
5109,c6fa5a37,c6fa5a37-cfd67380,c6fa5a37-cfd67380,1,1,1.0
5110,c6faa6aa,c6faa6aa-72bde8a8,c6faa6aa-72bde8a8,1,1,1.0
5111,c6fe2d9d,c6fe2d9d-833142b5,c6fe2d9d-833142b5,1,1,1.0
5112,c6fea8ac,c6fea8ac-016040c9,c6fea8ac-67e16511,4,1,1.0
5113,c6ffd190,c6ffd190-bde22441,c6ffd190-dae2fb47,3,1,1.0
5114,c700966a,c700966a-608d05b4,c700966a-608d05b4,1,0,0.0
5115,c703904e,c703904e-4aae94cd,c703904e-4aae94cd,1,1,1.0
5116,c7049707,c7049707-934a08d2,c7049707-934a08d2,1,1,1.0
5117,c7053a50,c7053a50-d465ffa3,c7053a50-d465ffa3,1,1,1.0
5118,c705bd4a,c705bd4a-ae862ae1,c705bd4a-ae862ae1,1,1,1.0
5119,c708dc9d,c708dc9d-12f425eb,c708dc9d-12f425eb,1,1,1.0
5120,c709a8e6,c709a8e6-502a3b03,c709a8e6-502a3b03,1,1,1.0
5121,c709b82a,c709b82a-a5ff98a2,c709b82a-a5ff98a2,1,1,1.0
5122,c70a8ace,c70a8ace-77774f58,c70a8ace-931896fd,2,1,0.5
5123,c70ba359,c70ba359-a4b00815,c70ba359-a4b00815,1,1,1.0
5124,c70e18ba,c70e18ba-0a1b3743,c70e18ba-0a1b3743,1,1,1.0
5125,c70e5493,c70e5493-73848573,c70e5493-73848573,1,1,1.0
5126,c70f6d09,c70f6d09-37a78b82,c70f6d09-efd1a01f,4,1,1.0
5127,c71090cc,c71090cc-df17811c,c71090cc-df17811c,1,1,1.0
5128,c7117810,c7117810-0f9dda23,c7117810-2947b975,2,1,1.0
5129,c711ef96,c711ef96-c4582caa,c711ef96-c4582caa,1,1,1.0
5130,c7123e22,c7123e22-f72e03fb,c7123e22-f72e03fb,1,1,1.0
5131,c7134df6,c7134df6-28b042b5,c7134df6-ef92e0cd,2,1,1.0
5132,c7140eaa,c7140eaa-eb9d0128,c7140eaa-eb9d0128,1,0,0.0
5133,c7151d3d,c7151d3d-27632b12,c7151d3d-3db93c62,2,1,1.0
5134,c715680d,c715680d-cd283438,c715680d-cd283438,1,1,1.0
5135,c71664d9,c71664d9-6ce742a8,c71664d9-6ce742a8,1,0,0.0
5136,c71751ee,c71751ee-07587650,c71751ee-b6f43370,2,1,1.0
5137,c717fdbd,c717fdbd-9b7ef8e2,c717fdbd-9b7ef8e2,1,1,1.0
5138,c718a581,c718a581-814b4e2d,c718a581-814b4e2d,1,1,1.0
5139,c71936fa,c71936fa-e8370814,c71936fa-e8370814,1,1,1.0
5140,c71a5c66,c71a5c66-93c9eca0,c71a5c66-93c9eca0,1,1,1.0
5141,c71de7ef,c71de7ef-6343421b,c71de7ef-ad5d9110,2,1,1.0
5142,c71ef5d9,c71ef5d9-28743600,c71ef5d9-28743600,1,1,1.0
5143,c71fcdc8,c71fcdc8-62a7fa51,c71fcdc8-62a7fa51,1,1,1.0
5144,c720a13e,c720a13e-ab9c54e7,c720a13e-ab9c54e7,1,1,1.0
5145,c7210a1f,c7210a1f-14f8d4ca,c7210a1f-14f8d4ca,1,1,1.0
5146,c721de81,c721de81-300f3026,c721de81-d9e0ad96,2,1,1.0
5147,c72373c0,c72373c0-af574c12,c72373c0-af574c12,1,1,1.0
5148,c723a926,c723a926-5aaa770c,c723a926-c9bf868b,2,1,1.0
5149,c723ad21,c723ad21-efed33e5,c723ad21-efed33e5,1,1,1.0
5150,c7265ddc,c7265ddc-8f25fc15,c7265ddc-8f25fc15,1,1,1.0
5151,c72762cc,c72762cc-135927f8,c72762cc-135927f8,1,1,1.0
5152,c7284932,c7284932-c3a7badf,c7284932-f669eff5,2,1,1.0
5153,c7292daf,c7292daf-0761f9c4,c7292daf-2ae2a507,2,1,1.0
5154,c72b8356,c72b8356-0bac66a5,c72b8356-0bac66a5,1,1,1.0
5155,c72c701f,c72c701f-82bf3c37,c72c701f-82bf3c37,1,1,1.0
5156,c72d0482,c72d0482-3ae5270e,c72d0482-c226185a,2,1,1.0
5157,c72d9780,c72d9780-b7cdea29,c72d9780-b7cdea29,1,1,1.0
5158,c72db42a,c72db42a-c9ea9102,c72db42a-c9ea9102,1,1,1.0
5159,c72e0355,c72e0355-d4ee4973,c72e0355-d4ee4973,1,1,1.0
5160,c730155e,c730155e-19f0cc5c,c730155e-19f0cc5c,1,1,1.0
5161,c730a403,c730a403-03ecee1b,c730a403-03ecee1b,1,1,1.0
5162,c732f53b,c732f53b-304559b2,c732f53b-304559b2,1,1,1.0
5163,c732f6d7,c732f6d7-2a52f70b,c732f6d7-2a52f70b,1,1,1.0
5164,c7331983,c7331983-36418bf8,c7331983-36418bf8,1,1,1.0
5165,c733594f,c733594f-0aa2baf5,c733594f-86a37630,3,1,0.6666666666666666
5166,c7339013,c7339013-3979b7a2,c7339013-995a01cf,2,1,1.0
5167,c7346130,c7346130-9d225646,c7346130-9d225646,1,0,0.0
5168,c734eb0a,c734eb0a-125bba62,c734eb0a-9d6807cb,2,1,1.0
5169,c737e602,c737e602-e8793fdc,c737e602-e8793fdc,1,1,1.0
5170,c73abec5,c73abec5-609ede44,c73abec5-609ede44,1,1,1.0
5171,c73bced0,c73bced0-43cfc465,c73bced0-43cfc465,1,1,1.0
5172,c73bf483,c73bf483-e195b9aa,c73bf483-e195b9aa,1,1,1.0
5173,c73c95f5,c73c95f5-2fc1e83d,c73c95f5-2fc1e83d,1,1,1.0
5174,c73ca2e7,c73ca2e7-37f54fa3,c73ca2e7-37f54fa3,1,1,1.0
5175,c73dee17,c73dee17-6195a64e,c73dee17-cf17ae38,2,1,1.0
5176,c740132e,c740132e-3c47b4b5,c740132e-db258b89,3,1,1.0
5177,c7415d8d,c7415d8d-8a2c5150,c7415d8d-dfb8ef47,3,1,1.0
5178,c7416644,c7416644-6723bcd7,c7416644-f82aa227,2,1,1.0
5179,c741a3b6,c741a3b6-17ca1b7e,c741a3b6-17ca1b7e,1,1,1.0
5180,c7426098,c7426098-2eeb9015,c7426098-2eeb9015,1,1,1.0
5181,c7429cad,c7429cad-6e71e583,c7429cad-6e71e583,1,1,1.0
5182,c7472294,c7472294-1eb27561,c7472294-e121cc79,2,1,1.0
5183,c747bbbf,c747bbbf-683dbc92,c747bbbf-683dbc92,1,0,0.0
5184,c748c1a1,c748c1a1-04115595,c748c1a1-f1338769,7,1,1.0
5185,c7491b1e,c7491b1e-3eb219fe,c7491b1e-ee6d3220,4,1,0.5
5186,c74931cf,c74931cf-0970795a,c74931cf-0970795a,1,1,1.0
5187,c7494115,c7494115-a48473c0,c7494115-b5251a6b,2,1,1.0
5188,c7495330,c7495330-a96a2795,c7495330-a96a2795,1,1,1.0
5189,c74a122c,c74a122c-1494f0b4,c74a122c-e7005b78,4,1,1.0
5190,c74ac556,c74ac556-60f29765,c74ac556-60f29765,1,1,1.0
5191,c74bbe22,c74bbe22-ad68f763,c74bbe22-ad68f763,1,1,1.0
5192,c74bbfcc,c74bbfcc-5814e80f,c74bbfcc-5814e80f,1,1,1.0
5193,c74c11fc,c74c11fc-1f6d4cb3,c74c11fc-f93447f7,5,1,1.0
5194,c74cdf7e,c74cdf7e-2ab53378,c74cdf7e-2ab53378,1,1,1.0
5195,c74cfce0,c74cfce0-1bccc6d0,c74cfce0-1bccc6d0,1,1,1.0
5196,c74ee988,c74ee988-8f4b380d,c74ee988-8f4b380d,1,1,1.0
5197,c74f02dd,c74f02dd-34e50eab,c74f02dd-34e50eab,1,1,1.0
5198,c74fff46,c74fff46-459c6503,c74fff46-e992d40c,3,1,1.0
5199,c750081d,c750081d-7ff1ef52,c750081d-7ff1ef52,1,1,1.0
5200,c7513860,c7513860-d293b768,c7513860-d293b768,1,1,1.0
5201,c752e922,c752e922-355b0f70,c752e922-ed300ef6,7,1,0.8571428571428571
5202,c754ce77,c754ce77-a105a975,c754ce77-a105a975,1,1,1.0
5203,c755d1f0,c755d1f0-4c472aec,c755d1f0-fc14c3a7,2,1,1.0
5204,c7569602,c7569602-82b4e54f,c7569602-82b4e54f,1,0,0.0
5205,c7576575,c7576575-60923084,c7576575-60923084,1,1,1.0
5206,c759b6f8,c759b6f8-e906aa6a,c759b6f8-fd634f2a,2,1,1.0
5207,c75a249b,c75a249b-f1341238,c75a249b-f1341238,1,1,1.0
5208,c75c7c7c,c75c7c7c-8e13bb04,c75c7c7c-8e13bb04,1,1,1.0
5209,c75d7961,c75d7961-49f17231,c75d7961-49f17231,1,1,1.0
5210,c75dff4f,c75dff4f-c91e6880,c75dff4f-c91e6880,1,1,1.0
5211,c75e23fe,c75e23fe-086d84a6,c75e23fe-fbadb3fa,5,1,1.0
5212,c760a702,c760a702-0a5e845b,c760a702-0a5e845b,1,1,1.0
5213,c760a824,c760a824-730269a3,c760a824-ea6ebc28,4,1,1.0
5214,c76141d9,c76141d9-21508c56,c76141d9-21508c56,1,1,1.0
5215,c7640ee1,c7640ee1-0cbc6ec0,c7640ee1-8898b36d,3,0,0.3333333333333333
5216,c7648772,c7648772-2a35b63f,c7648772-fc04b1c3,6,1,1.0
5217,c767ad39,c767ad39-119bf6f3,c767ad39-b196c36a,3,1,1.0
5218,c768f8a1,c768f8a1-4c7b2504,c768f8a1-4c7b2504,1,1,1.0
5219,c769da9c,c769da9c-f1ad8284,c769da9c-f1ad8284,1,1,1.0
5220,c76a5f2c,c76a5f2c-7efa0cc3,c76a5f2c-7efa0cc3,1,1,1.0
5221,c76adb6d,c76adb6d-275e8f71,c76adb6d-275e8f71,1,1,1.0
5222,c76b7109,c76b7109-830b56df,c76b7109-f2bedded,2,1,1.0
5223,c76d86ec,c76d86ec-f11c0df0,c76d86ec-f11c0df0,1,0,0.0
5224,c76d90f2,c76d90f2-975e81d1,c76d90f2-975e81d1,1,1,1.0
5225,c76e42a3,c76e42a3-362b5166,c76e42a3-dac435c3,2,1,0.5
5226,c76e4ccc,c76e4ccc-86973001,c76e4ccc-86973001,1,1,1.0
5227,c76e6e4f,c76e6e4f-2915de4e,c76e6e4f-34963f80,2,1,1.0
5228,c76e8ace,c76e8ace-01aa7d5b,c76e8ace-01aa7d5b,1,1,1.0
5229,c76fbaa1,c76fbaa1-0323c784,c76fbaa1-d03af260,5,1,1.0
5230,c770264c,c770264c-1ebcf489,c770264c-1ebcf489,1,1,1.0
5231,c7706d20,c7706d20-5f4987db,c7706d20-daa7bd9c,2,1,1.0
5232,c771447a,c771447a-481608db,c771447a-481608db,1,1,1.0
5233,c7729bd7,c7729bd7-e38ccf62,c7729bd7-e38ccf62,1,1,1.0
5234,c7749319,c7749319-823a3fd4,c7749319-823a3fd4,1,1,1.0
5235,c775bec8,c775bec8-4c524651,c775bec8-5f039754,2,1,1.0
5236,c775de6b,c775de6b-63083e8f,c775de6b-c8966c9a,2,1,1.0
5237,c776d10b,c776d10b-06d930cf,c776d10b-ea20be3a,8,1,0.875
5238,c7776076,c7776076-222a8092,c7776076-95aab855,3,1,0.6666666666666666
5239,c7782d73,c7782d73-8f4c444c,c7782d73-8f4c444c,1,1,1.0
5240,c7790bd2,c7790bd2-299c163c,c7790bd2-299c163c,1,1,1.0
5241,c7796b42,c7796b42-3936bdf3,c7796b42-3936bdf3,1,0,0.0
5242,c77bc56d,c77bc56d-0c0356ff,c77bc56d-491f85ad,2,1,1.0
5243,c77c73fc,c77c73fc-1126f4ec,c77c73fc-eb090c8e,3,1,1.0
5244,c77ce550,c77ce550-150463e5,c77ce550-4cbe3a02,2,1,1.0
5245,c77e41a3,c77e41a3-1f322b36,c77e41a3-1f322b36,1,1,1.0
5246,c77ed723,c77ed723-8715d065,c77ed723-8715d065,1,1,1.0
5247,c784941b,c784941b-8eb5d07c,c784941b-8eb5d07c,1,1,1.0
5248,c787a6cc,c787a6cc-5bd5e933,c787a6cc-9b914e7d,3,1,0.6666666666666666
5249,c788983e,c788983e-01d5b664,c788983e-01d5b664,1,1,1.0
5250,c7894612,c7894612-eab9f189,c7894612-eab9f189,1,1,1.0
5251,c789571c,c789571c-cb26b20b,c789571c-cb26b20b,1,1,1.0
5252,c789ecd3,c789ecd3-819d4445,c789ecd3-819d4445,1,1,1.0
5253,c78eafc0,c78eafc0-f18ef119,c78eafc0-f18ef119,1,0,0.0
5254,c78f7d9c,c78f7d9c-0b57c32f,c78f7d9c-783ee02d,2,1,1.0
5255,c78f9fc6,c78f9fc6-024da644,c78f9fc6-efac7090,2,1,1.0
5256,c7911b64,c7911b64-108fc2cd,c7911b64-108fc2cd,1,1,1.0
5257,c7922063,c7922063-3c0bf396,c7922063-76dde2db,2,1,1.0
5258,c7926696,c7926696-3661975d,c7926696-3661975d,1,1,1.0
5259,c7930146,c7930146-1a9e5399,c7930146-1a9e5399,1,1,1.0
5260,c793b29d,c793b29d-cdc60db3,c793b29d-cdc60db3,1,1,1.0
5261,c794c86d,c794c86d-e4fadf29,c794c86d-e4fadf29,1,1,1.0
5262,c7955e20,c7955e20-3760bb8a,c7955e20-b48c7a6a,3,1,1.0
5263,c79687a5,c79687a5-923d4388,c79687a5-c8dae3f7,4,1,1.0
5264,c796ff16,c796ff16-6fed522b,c796ff16-6fed522b,1,1,1.0
5265,c7987da1,c7987da1-0b8fb6e0,c7987da1-e380f3bb,2,1,0.5
5266,c798a9b7,c798a9b7-116a549d,c798a9b7-fdfaecda,2,1,1.0
5267,c7999be0,c7999be0-41ec7870,c7999be0-41ec7870,1,1,1.0
5268,c79be479,c79be479-405bfb76,c79be479-f3c6c42d,5,1,1.0
5269,c79de76f,c79de76f-e52908de,c79de76f-e52908de,1,1,1.0
5270,c79e169f,c79e169f-054f74e7,c79e169f-054f74e7,1,1,1.0
5271,c79e3f00,c79e3f00-5879235c,c79e3f00-5879235c,1,1,1.0
5272,c79e45ca,c79e45ca-9ad90248,c79e45ca-9ad90248,1,1,1.0
5273,c79e8496,c79e8496-5004f68e,c79e8496-5004f68e,1,1,1.0
5274,c7a0fa73,c7a0fa73-1d4dbbf1,c7a0fa73-1d4dbbf1,1,1,1.0
5275,c7a1b520,c7a1b520-811842d8,c7a1b520-811842d8,1,1,1.0
5276,c7a23570,c7a23570-73d2078f,c7a23570-73d2078f,1,1,1.0
5277,c7a350a0,c7a350a0-cbbae3f7,c7a350a0-cbbae3f7,1,1,1.0
5278,c7a61397,c7a61397-1049116d,c7a61397-1049116d,1,1,1.0
5279,c7a7d604,c7a7d604-483d2d58,c7a7d604-483d2d58,1,1,1.0
5280,c7a953a8,c7a953a8-d284f244,c7a953a8-d284f244,1,1,1.0
5281,c7aa5575,c7aa5575-09247466,c7aa5575-7db02116,3,1,1.0
5282,c7ab28a2,c7ab28a2-a8981141,c7ab28a2-a8981141,1,1,1.0
5283,c7acf715,c7acf715-2c8a1413,c7acf715-2c8a1413,1,1,1.0
5284,c7ad303b,c7ad303b-4957c5f8,c7ad303b-b15cc501,4,1,1.0
5285,c7b1001c,c7b1001c-ee3bf034,c7b1001c-ee3bf034,1,1,1.0
5286,c7b32a0d,c7b32a0d-71d3cce5,c7b32a0d-ffed4ed6,2,1,1.0
5287,c7b41787,c7b41787-4e83c33d,c7b41787-a0d67db5,2,1,1.0
5288,c7b49761,c7b49761-5e5c8c62,c7b49761-fc7ed898,2,1,1.0
5289,c7b86405,c7b86405-da6e2abc,c7b86405-da6e2abc,1,1,1.0
5290,c7bb31cc,c7bb31cc-8bd12af5,c7bb31cc-8bd12af5,1,1,1.0
5291,c7bb5f81,c7bb5f81-1051148c,c7bb5f81-1051148c,1,0,0.0
5292,c7bbf4a6,c7bbf4a6-71538fbd,c7bbf4a6-71538fbd,1,1,1.0
5293,c7bc09fc,c7bc09fc-3222b8db,c7bc09fc-3222b8db,1,1,1.0
5294,c7bc28e7,c7bc28e7-d2556929,c7bc28e7-d2556929,1,1,1.0
5295,c7bc6671,c7bc6671-fc3f4552,c7bc6671-fc3f4552,1,1,1.0
5296,c7bc7797,c7bc7797-8f8c936a,c7bc7797-e6749988,2,1,1.0
5297,c7bcd5db,c7bcd5db-6483a43e,c7bcd5db-6483a43e,1,1,1.0
5298,c7bed540,c7bed540-0d2ff5f7,c7bed540-cdb47d56,2,1,1.0
5299,c7c03bf5,c7c03bf5-5188c467,c7c03bf5-bed03c03,3,1,1.0
5300,c7c042ec,c7c042ec-4986a853,c7c042ec-4986a853,1,1,1.0
5301,c7c12eb6,c7c12eb6-2752525d,c7c12eb6-2752525d,1,1,1.0
5302,c7c2a783,c7c2a783-260d7aad,c7c2a783-d98d5909,2,1,1.0
5303,c7c39101,c7c39101-5935025f,c7c39101-837064cb,2,1,1.0
5304,c7c5969b,c7c5969b-3d72de47,c7c5969b-ff18b44d,6,1,1.0
5305,c7c6a4c4,c7c6a4c4-e596d6ca,c7c6a4c4-e596d6ca,1,1,1.0
5306,c7c86a8e,c7c86a8e-f29f4e4e,c7c86a8e-f29f4e4e,1,1,1.0
5307,c7c97006,c7c97006-1093a6d0,c7c97006-1093a6d0,1,1,1.0
5308,c7c9e31d,c7c9e31d-719f694c,c7c9e31d-719f694c,1,1,1.0
5309,c7cb4a74,c7cb4a74-ec912bd8,c7cb4a74-ec912bd8,1,1,1.0
5310,c7cc0645,c7cc0645-95e6a224,c7cc0645-95e6a224,1,1,1.0
5311,c7cc0f8c,c7cc0f8c-a9cabb69,c7cc0f8c-a9cabb69,1,1,1.0
5312,c7cece6c,c7cece6c-3eccc86a,c7cece6c-805179db,2,1,1.0
5313,c7d0b0a7,c7d0b0a7-7f2306d8,c7d0b0a7-a0e6b491,2,1,1.0
5314,c7d1b792,c7d1b792-8a24c40e,c7d1b792-ddcaf626,2,1,0.5
5315,c7d564fe,c7d564fe-7c51e3a3,c7d564fe-7c51e3a3,1,1,1.0
5316,c7d69f1b,c7d69f1b-e1ef4bf5,c7d69f1b-e1ef4bf5,1,1,1.0
5317,c7d72934,c7d72934-2162b615,c7d72934-2162b615,1,1,1.0
5318,c7d8260d,c7d8260d-1c3f0898,c7d8260d-e1f6b3f8,3,1,1.0
5319,c7d87387,c7d87387-45ccc76d,c7d87387-45ccc76d,1,1,1.0
5320,c7d8925a,c7d8925a-f469385d,c7d8925a-f469385d,1,1,1.0
5321,c7d9a24a,c7d9a24a-bdf745c8,c7d9a24a-bdf745c8,1,1,1.0
5322,c7dab685,c7dab685-05c2f1df,c7dab685-05c2f1df,1,1,1.0
5323,c7dbe674,c7dbe674-55c1fda0,c7dbe674-55c1fda0,1,1,1.0
5324,c7dbfac6,c7dbfac6-5784ebc9,c7dbfac6-c3921e8b,2,1,1.0
5325,c7dc648e,c7dc648e-dd181375,c7dc648e-ea816d21,2,1,1.0
5326,c7dd6716,c7dd6716-f165ff52,c7dd6716-f165ff52,1,1,1.0
5327,c7e14afd,c7e14afd-15600d7b,c7e14afd-15600d7b,1,0,0.0
5328,c7e25b5f,c7e25b5f-5c098837,c7e25b5f-9e6af053,2,1,1.0
5329,c7e61874,c7e61874-56decdeb,c7e61874-56decdeb,1,1,1.0
5330,c7e64b14,c7e64b14-990b5da5,c7e64b14-990b5da5,1,1,1.0
5331,c7e6bfe9,c7e6bfe9-3256d95a,c7e6bfe9-38bc4856,2,1,0.5
5332,c7e6d5d1,c7e6d5d1-c8af9fe3,c7e6d5d1-c8af9fe3,1,1,1.0
5333,c7e9dd39,c7e9dd39-2e5a6648,c7e9dd39-e640804c,5,1,0.6
5334,c7eab2ff,c7eab2ff-1292c919,c7eab2ff-fad5c867,9,1,0.7777777777777778
5335,c7ec3b49,c7ec3b49-2dea9747,c7ec3b49-2dea9747,1,1,1.0
5336,c7eddd1b,c7eddd1b-73993ae6,c7eddd1b-73993ae6,1,1,1.0
5337,c7ee01b9,c7ee01b9-1fb43751,c7ee01b9-1fb43751,1,1,1.0
5338,c7ee6626,c7ee6626-62a3ed49,c7ee6626-62a3ed49,1,1,1.0
5339,c7f011d1,c7f011d1-e88f3d4b,c7f011d1-e88f3d4b,1,1,1.0
5340,c7f167f5,c7f167f5-edf85801,c7f167f5-edf85801,1,1,1.0
5341,c7f18cae,c7f18cae-b15c6e09,c7f18cae-b15c6e09,1,1,1.0
5342,c7f1e810,c7f1e810-aa686dab,c7f1e810-aa686dab,1,1,1.0
5343,c7f24a49,c7f24a49-8c5206a6,c7f24a49-8c5206a6,1,1,1.0
5344,c7f36d03,c7f36d03-c8418294,c7f36d03-c8418294,1,1,1.0
5345,c7f68540,c7f68540-18a5e077,c7f68540-18a5e077,1,1,1.0
5346,c7f7a5bb,c7f7a5bb-41d4551f,c7f7a5bb-41d4551f,1,1,1.0
5347,c7f8589f,c7f8589f-45c47b58,c7f8589f-a2c6b9a4,2,1,1.0
5348,c7f97365,c7f97365-1c2f54a0,c7f97365-9f629bd2,4,1,1.0
5349,c7fa04ea,c7fa04ea-4cb7df93,c7fa04ea-9012bec6,2,1,0.5
5350,c7fa148b,c7fa148b-89df90c1,c7fa148b-89df90c1,1,1,1.0
5351,c7fa8344,c7fa8344-959a77c9,c7fa8344-959a77c9,1,1,1.0
5352,c7fca0c0,c7fca0c0-c8778e79,c7fca0c0-c8778e79,1,0,0.0
5353,c7fd8df0,c7fd8df0-429644e7,c7fd8df0-429644e7,1,1,1.0
5354,c7fe62b1,c7fe62b1-831805d0,c7fe62b1-831805d0,1,1,1.0
5355,c7fe63e7,c7fe63e7-28d31cda,c7fe63e7-28d31cda,1,1,1.0
5356,c7fee392,c7fee392-08329b19,c7fee392-08329b19,1,1,1.0
5357,c7ff2c12,c7ff2c12-cf77c29d,c7ff2c12-cf77c29d,1,1,1.0
5358,c803615e,c803615e-07407e4a,c803615e-07407e4a,1,1,1.0
5359,c80451c9,c80451c9-1a7b2854,c80451c9-1a7b2854,1,1,1.0
5360,c8054f9c,c8054f9c-3ff3c2b1,c8054f9c-3ff3c2b1,1,1,1.0
5361,c80565a4,c80565a4-c813cdc0,c80565a4-c813cdc0,1,1,1.0
5362,c8062950,c8062950-28712f80,c8062950-e7ac08bd,2,1,0.5
5363,c80641a4,c80641a4-d91ca4a9,c80641a4-d91ca4a9,1,1,1.0
5364,c806608d,c806608d-592923fd,c806608d-592923fd,1,1,1.0
5365,c8069625,c8069625-0a547aca,c8069625-f1fe350d,2,1,1.0
5366,c8079133,c8079133-fcaad73c,c8079133-fcaad73c,1,1,1.0
5367,c807cb19,c807cb19-7e09cb11,c807cb19-7e09cb11,1,1,1.0
5368,c807d32d,c807d32d-e5383e74,c807d32d-e5383e74,1,1,1.0
5369,c809bd18,c809bd18-bd814eed,c809bd18-bd814eed,1,1,1.0
5370,c80bb624,c80bb624-37b71a0f,c80bb624-37b71a0f,1,1,1.0
5371,c80bf9a4,c80bf9a4-757fadcb,c80bf9a4-757fadcb,1,1,1.0
5372,c80cf60a,c80cf60a-8bb33a63,c80cf60a-9a7aabc6,2,1,1.0
5373,c81079a0,c81079a0-5816ae39,c81079a0-e0ca6df6,2,1,1.0
5374,c8111dda,c8111dda-1a7dded7,c8111dda-1a7dded7,1,1,1.0
5375,c811793c,c811793c-68a3c310,c811793c-7a592fd4,2,1,1.0
5376,c8152bfa,c8152bfa-28181ba4,c8152bfa-d1d0ceac,2,1,1.0
5377,c815ee48,c815ee48-72c1bb07,c815ee48-72c1bb07,1,1,1.0
5378,c817d55e,c817d55e-a60cc241,c817d55e-a60cc241,1,1,1.0
5379,c81840ad,c81840ad-6dec6be7,c81840ad-6dec6be7,1,1,1.0
5380,c81974c0,c81974c0-1e531dae,c81974c0-1e531dae,1,1,1.0
5381,c81996a2,c81996a2-dcf3e308,c81996a2-dcf3e308,1,1,1.0
5382,c81af731,c81af731-7a2b15d7,c81af731-fe2bd777,2,1,1.0
5383,c81afdad,c81afdad-8b689a37,c81afdad-8ceefe85,2,1,1.0
5384,c81c9789,c81c9789-fdf7aae2,c81c9789-fdf7aae2,1,1,1.0
5385,c81f9adc,c81f9adc-855868f5,c81f9adc-855868f5,1,1,1.0
5386,c81fac7d,c81fac7d-867a6604,c81fac7d-867a6604,1,1,1.0
5387,c81ff2c0,c81ff2c0-420a8956,c81ff2c0-7204c5fe,3,1,0.6666666666666666
5388,c822956a,c822956a-316476e0,c822956a-7e35a26e,2,1,1.0
5389,c823aede,c823aede-898b2c0c,c823aede-898b2c0c,1,1,1.0
5390,c824280a,c824280a-271f2a83,c824280a-271f2a83,1,1,1.0
5391,c8257ea8,c8257ea8-ea7235f8,c8257ea8-ea7235f8,1,1,1.0
5392,c8266770,c8266770-0cc2a4c7,c8266770-0cc2a4c7,1,1,1.0
5393,c82699fa,c82699fa-76163f60,c82699fa-76163f60,1,0,0.0
5394,c8285354,c8285354-3671f1b2,c8285354-3671f1b2,1,1,1.0
5395,c82ab19a,c82ab19a-024cc3bc,c82ab19a-4ac23d9f,3,1,1.0
5396,c82b6633,c82b6633-15bb4cf5,c82b6633-15bb4cf5,1,1,1.0
5397,c82b8f6c,c82b8f6c-0e90f4f7,c82b8f6c-bb5a30c7,3,1,1.0
5398,c82cf5fc,c82cf5fc-43ee94c6,c82cf5fc-e45643c4,2,1,1.0
5399,c82d1b73,c82d1b73-4138f567,c82d1b73-4138f567,1,1,1.0
5400,c82d6978,c82d6978-3b12b940,c82d6978-af07c78d,2,1,1.0
5401,c82e10a6,c82e10a6-50b0d417,c82e10a6-a19ceb0b,3,1,1.0
5402,c82e51e2,c82e51e2-c87f5478,c82e51e2-c87f5478,1,1,1.0
5403,c82f8a1c,c82f8a1c-8c0ee303,c82f8a1c-dd1020b6,2,1,0.5
5404,c8317cdd,c8317cdd-1703e2a7,c8317cdd-1703e2a7,1,1,1.0
5405,c8333fbd,c8333fbd-e2650427,c8333fbd-e2650427,1,1,1.0
5406,c83351be,c83351be-a122d44f,c83351be-a122d44f,1,1,1.0
5407,c833fb57,c833fb57-b7aef18a,c833fb57-b7aef18a,1,1,1.0
5408,c834d656,c834d656-8f9f6538,c834d656-f1688dc3,2,1,1.0
5409,c8359900,c8359900-96959e0f,c8359900-cda76263,2,1,0.5
5410,c836d9b9,c836d9b9-16a414cd,c836d9b9-215a90eb,2,1,1.0
5411,c836f138,c836f138-19c8ed41,c836f138-d9b4f7a1,3,1,1.0
5412,c83718f3,c83718f3-2dfdf688,c83718f3-2dfdf688,1,1,1.0
5413,c837d2ef,c837d2ef-25f73789,c837d2ef-25f73789,1,1,1.0
5414,c837fdf5,c837fdf5-0362e336,c837fdf5-0362e336,1,1,1.0
5415,c838510d,c838510d-e1346288,c838510d-e1346288,1,1,1.0
5416,c838d26c,c838d26c-769b5f1b,c838d26c-d5612b4e,2,1,1.0
5417,c8390b6b,c8390b6b-52f1f1b2,c8390b6b-52f1f1b2,1,1,1.0
5418,c83a8e22,c83a8e22-0454c45c,c83a8e22-0454c45c,1,1,1.0
5419,c83b360f,c83b360f-81c019aa,c83b360f-93f970c0,2,1,1.0
5420,c83c10de,c83c10de-0d2047c8,c83c10de-e0aee9ee,5,1,1.0
5421,c83d3fa4,c83d3fa4-c385cce0,c83d3fa4-c385cce0,1,1,1.0
5422,c840c880,c840c880-ac5241d0,c840c880-ac5241d0,1,1,1.0
5423,c8418e1b,c8418e1b-5d58f814,c8418e1b-5d58f814,1,1,1.0
5424,c8422169,c8422169-81cbbb30,c8422169-81cbbb30,1,1,1.0
5425,c8438bd1,c8438bd1-fdc959eb,c8438bd1-fdc959eb,1,1,1.0
5426,c84417f6,c84417f6-ca6fd5ac,c84417f6-cd126053,2,1,1.0
5427,c8448732,c8448732-152cd271,c8448732-152cd271,1,1,1.0
5428,c845b617,c845b617-34b9e98a,c845b617-f7e6bd96,2,1,1.0
5429,c845b699,c845b699-ce6e759d,c845b699-ce6e759d,1,1,1.0
5430,c84744c1,c84744c1-4307c1e2,c84744c1-4307c1e2,1,1,1.0
5431,c8476b52,c8476b52-383b95f4,c8476b52-a66aa1c5,3,1,1.0
5432,c8478dfd,c8478dfd-74b4ed62,c8478dfd-872b0509,2,1,1.0
5433,c847e107,c847e107-d70bbfe9,c847e107-d70bbfe9,1,1,1.0
5434,c848093f,c848093f-09a4c946,c848093f-09a4c946,1,0,0.0
5435,c84a1922,c84a1922-9f8f21de,c84a1922-b11418ac,2,1,1.0
5436,c84cf4c9,c84cf4c9-8667fb28,c84cf4c9-8667fb28,1,1,1.0
5437,c84f848e,c84f848e-2a5e0737,c84f848e-a703d928,4,1,1.0
5438,c84fc7aa,c84fc7aa-26a0b1c4,c84fc7aa-26a0b1c4,1,1,1.0
5439,c84feccd,c84feccd-a9ee80f0,c84feccd-b5e6cf53,2,1,1.0
5440,c85416bd,c85416bd-7dfe1936,c85416bd-db975d94,3,1,0.6666666666666666
5441,c854d83c,c854d83c-ab3b375a,c854d83c-ab3b375a,1,1,1.0
5442,c8573105,c8573105-00c1ff3b,c8573105-a4addeb6,4,1,0.75
5443,c85ca3b9,c85ca3b9-72a968aa,c85ca3b9-72a968aa,1,1,1.0
5444,c85d1e8c,c85d1e8c-8013a9d3,c85d1e8c-a96baacd,2,1,1.0
5445,c85d3c7e,c85d3c7e-4501e8b4,c85d3c7e-4501e8b4,1,1,1.0
5446,c860c2bf,c860c2bf-c683410d,c860c2bf-c683410d,1,1,1.0
5447,c8618b44,c8618b44-02824088,c8618b44-cff1239b,6,1,1.0
5448,c8620a67,c8620a67-55f86ae2,c8620a67-55f86ae2,1,1,1.0
5449,c86264ca,c86264ca-bf5ac7a5,c86264ca-bf5ac7a5,1,1,1.0
5450,c8628ccd,c8628ccd-a4bc1f43,c8628ccd-a4bc1f43,1,1,1.0
5451,c862e633,c862e633-4a5ae536,c862e633-4a5ae536,1,1,1.0
5452,c8638ebb,c8638ebb-151bc1c1,c8638ebb-5dc7483b,3,1,1.0
5453,c863c0b3,c863c0b3-b53e2a37,c863c0b3-b53e2a37,1,1,1.0
5454,c86482ef,c86482ef-b74850ca,c86482ef-b74850ca,1,1,1.0
5455,c8650e15,c8650e15-38bef9dc,c8650e15-38bef9dc,1,1,1.0
5456,c868e9bf,c868e9bf-9dc0f67e,c868e9bf-9dc0f67e,1,1,1.0
5457,c86b771a,c86b771a-b1c0561b,c86b771a-b1c0561b,1,1,1.0
5458,c86b886b,c86b886b-464a33a5,c86b886b-464a33a5,1,1,1.0
5459,c86c1d47,c86c1d47-6c425e8f,c86c1d47-6c425e8f,1,1,1.0
5460,c86db817,c86db817-522e17d6,c86db817-d6bec56a,2,1,1.0
5461,c86debcf,c86debcf-e2263028,c86debcf-e2263028,1,1,1.0
5462,c86ee6aa,c86ee6aa-a2ef00fe,c86ee6aa-b5dbd391,2,1,1.0
5463,c86ef161,c86ef161-6b77193e,c86ef161-6b77193e,1,1,1.0
5464,c86f5924,c86f5924-0ec535db,c86f5924-83259ed3,3,1,1.0
5465,c872e1b7,c872e1b7-d443b346,c872e1b7-d443b346,1,1,1.0
5466,c87438f0,c87438f0-d1875e08,c87438f0-d1875e08,1,1,1.0
5467,c874ddc1,c874ddc1-0aee57cf,c874ddc1-ff4e2b39,4,1,1.0
5468,c8759ab5,c8759ab5-f6a3273f,c8759ab5-f6a3273f,1,1,1.0
5469,c8759b14,c8759b14-8e37ed36,c8759b14-8e37ed36,1,1,1.0
5470,c8766d9e,c8766d9e-4289f547,c8766d9e-4289f547,1,1,1.0
5471,c876a58b,c876a58b-97c4d16e,c876a58b-97c4d16e,1,1,1.0
5472,c876f8b1,c876f8b1-f19a1697,c876f8b1-f19a1697,1,1,1.0
5473,c8773c4a,c8773c4a-092e1a3f,c8773c4a-092e1a3f,1,1,1.0
5474,c87793e4,c87793e4-f899b0b4,c87793e4-f899b0b4,1,1,1.0
5475,c877ac5b,c877ac5b-56eb96fb,c877ac5b-56eb96fb,1,1,1.0
5476,c877c1e3,c877c1e3-107ed45c,c877c1e3-d9eaa422,4,1,1.0
5477,c878b7e1,c878b7e1-a736922b,c878b7e1-a736922b,1,1,1.0
5478,c8792c3c,c8792c3c-a42cb3f6,c8792c3c-a42cb3f6,1,1,1.0
5479,c87a634a,c87a634a-83007615,c87a634a-d8248e08,3,1,1.0
5480,c87a6aba,c87a6aba-757a0a27,c87a6aba-757a0a27,1,1,1.0
5481,c87ba6b4,c87ba6b4-4b91b210,c87ba6b4-4b91b210,1,1,1.0
5482,c87d3555,c87d3555-1b67b671,c87d3555-5c159851,3,1,1.0
5483,c87e0427,c87e0427-31e8946b,c87e0427-31e8946b,1,1,1.0
5484,c87ef40a,c87ef40a-d9c511a4,c87ef40a-f8631ab2,2,1,1.0
5485,c88144fc,c88144fc-d2606369,c88144fc-d2606369,1,1,1.0
5486,c88439db,c88439db-75bc1603,c88439db-75bc1603,1,1,1.0
5487,c88555fb,c88555fb-a5e194ab,c88555fb-d0df0339,2,1,1.0
5488,c8863aea,c8863aea-d79c8788,c8863aea-d79c8788,1,1,1.0
5489,c888a3fb,c888a3fb-286c1528,c888a3fb-286c1528,1,1,1.0
5490,c889c950,c889c950-1bafea05,c889c950-e75d6454,10,1,1.0
5491,c88a29cf,c88a29cf-4acca487,c88a29cf-a10941c6,2,1,1.0
5492,c88aac1c,c88aac1c-940c43af,c88aac1c-940c43af,1,1,1.0
5493,c88b1304,c88b1304-d64dd7b2,c88b1304-d64dd7b2,1,1,1.0
5494,c88b26c5,c88b26c5-0a03ff8e,c88b26c5-0a03ff8e,1,1,1.0
5495,c88c11f9,c88c11f9-46b63b1e,c88c11f9-46b63b1e,1,1,1.0
5496,c88f9916,c88f9916-2a874e4d,c88f9916-2a874e4d,1,1,1.0
5497,c88fa35f,c88fa35f-b1639d6e,c88fa35f-e6582069,2,1,1.0
5498,c891763b,c891763b-fea20b04,c891763b-fea20b04,1,1,1.0
5499,c892a4e4,c892a4e4-9bf183c0,c892a4e4-9bf183c0,1,1,1.0
5500,c895041f,c895041f-b2d189ed,c895041f-b2d189ed,1,0,0.0
5501,c897a9ab,c897a9ab-4e006e94,c897a9ab-4e006e94,1,1,1.0
5502,c897cc2b,c897cc2b-01aaad95,c897cc2b-6612f914,4,1,1.0
5503,c898e070,c898e070-e490d08e,c898e070-e490d08e,1,1,1.0
5504,c89a1ff4,c89a1ff4-b538297b,c89a1ff4-b538297b,1,1,1.0
5505,c89a2698,c89a2698-9dba31c1,c89a2698-9dba31c1,1,1,1.0
5506,c89bec33,c89bec33-797b5aca,c89bec33-797b5aca,1,1,1.0
5507,c89ee093,c89ee093-58ed3db1,c89ee093-f527ef81,5,1,0.8
5508,c89fc3e2,c89fc3e2-aaab0dfb,c89fc3e2-aaab0dfb,1,1,1.0
5509,c8a13aff,c8a13aff-dfec2bff,c8a13aff-dfec2bff,1,1,1.0
5510,c8a3369c,c8a3369c-d264119b,c8a3369c-d264119b,1,1,1.0
5511,c8a5a379,c8a5a379-cb506f54,c8a5a379-cb506f54,1,1,1.0
5512,c8a5c2cd,c8a5c2cd-c1d58c72,c8a5c2cd-c1d58c72,1,1,1.0
5513,c8a5ddd2,c8a5ddd2-3dae7adb,c8a5ddd2-9c3962bd,2,1,0.5
5514,c8a6707c,c8a6707c-ce95509d,c8a6707c-ce95509d,1,0,0.0
5515,c8a7a62d,c8a7a62d-4f48082b,c8a7a62d-e58e7297,4,1,1.0
5516,c8a830e0,c8a830e0-95b22cac,c8a830e0-95b22cac,1,1,1.0
5517,c8a8a0da,c8a8a0da-10ead00e,c8a8a0da-10ead00e,1,1,1.0
5518,c8a8a8b3,c8a8a8b3-8f839ecb,c8a8a8b3-e36009e8,2,1,1.0
5519,c8a9e3c4,c8a9e3c4-ca92fd4a,c8a9e3c4-ca92fd4a,1,1,1.0
5520,c8aae827,c8aae827-b9b8f6ec,c8aae827-b9b8f6ec,1,1,1.0
5521,c8aca1e2,c8aca1e2-4d35a25a,c8aca1e2-4d35a25a,1,1,1.0
5522,c8af3e03,c8af3e03-11a30ece,c8af3e03-a4734700,5,1,1.0
5523,c8afab60,c8afab60-93f92fc5,c8afab60-93f92fc5,1,1,1.0
5524,c8b0bab6,c8b0bab6-04d79fe4,c8b0bab6-60153935,4,1,1.0
5525,c8b2aaa6,c8b2aaa6-1a53d715,c8b2aaa6-1a53d715,1,1,1.0
5526,c8b3b695,c8b3b695-3dd9102a,c8b3b695-3dd9102a,1,1,1.0
5527,c8b46126,c8b46126-d3019096,c8b46126-d3019096,1,1,1.0
5528,c8b4e0ea,c8b4e0ea-598432a7,c8b4e0ea-9581068d,2,1,1.0
5529,c8b528fd,c8b528fd-12a62505,c8b528fd-f3a72223,3,1,1.0
5530,c8b5bc59,c8b5bc59-7e4f7285,c8b5bc59-ad1aa597,2,1,1.0
5531,c8b7195b,c8b7195b-738b9147,c8b7195b-738b9147,1,1,1.0
5532,c8b7358d,c8b7358d-fc3bd36c,c8b7358d-fcb96006,2,1,1.0
5533,c8b983aa,c8b983aa-59bbf82b,c8b983aa-59bbf82b,1,1,1.0
5534,c8bad943,c8bad943-c78f2df3,c8bad943-c78f2df3,1,1,1.0
5535,c8bc1028,c8bc1028-89f17211,c8bc1028-89f17211,1,1,1.0
5536,c8bd76fd,c8bd76fd-04a1c915,c8bd76fd-77472fba,4,1,1.0
5537,c8bdf9c7,c8bdf9c7-f5773522,c8bdf9c7-f5773522,1,1,1.0
5538,c8beac4c,c8beac4c-f1d1d6b5,c8beac4c-f1d1d6b5,1,1,1.0
5539,c8bf003e,c8bf003e-59bda2b9,c8bf003e-c4202676,5,1,1.0
5540,c8bf16f5,c8bf16f5-dd333834,c8bf16f5-dd333834,1,0,0.0
5541,c8c022ae,c8c022ae-aac7455d,c8c022ae-b7e1c0b5,2,1,1.0
5542,c8c0c00c,c8c0c00c-39ef4894,c8c0c00c-f54a95c9,3,1,1.0
5543,c8c21a87,c8c21a87-5eb41ad6,c8c21a87-5eb41ad6,1,1,1.0
5544,c8c34ebe,c8c34ebe-07e082be,c8c34ebe-756f7560,2,1,1.0
5545,c8c40f8e,c8c40f8e-20c429b3,c8c40f8e-a4f64719,4,1,1.0
5546,c8c4134b,c8c4134b-6e17c1d0,c8c4134b-6e17c1d0,1,1,1.0
5547,c8c6e143,c8c6e143-981c8f06,c8c6e143-d85ae0f6,2,1,1.0
5548,c8c76d82,c8c76d82-9502dce2,c8c76d82-9502dce2,1,1,1.0
5549,c8c87708,c8c87708-09d22f5b,c8c87708-09d22f5b,1,1,1.0
5550,c8c97803,c8c97803-0a84ce2b,c8c97803-f16dd813,9,1,1.0
5551,c8c9db85,c8c9db85-9d8a90c1,c8c9db85-9d8a90c1,1,1,1.0
5552,c8cbb112,c8cbb112-9d16c5da,c8cbb112-c7c84f4b,2,1,1.0
5553,c8ce53ef,c8ce53ef-0209f9ea,c8ce53ef-62708a1f,3,0,0.3333333333333333
5554,c8d08ef4,c8d08ef4-8ed1534f,c8d08ef4-8ed1534f,1,1,1.0
5555,c8d0d179,c8d0d179-15d8ce52,c8d0d179-7492f586,2,1,0.5
5556,c8d1bc4e,c8d1bc4e-9c43c393,c8d1bc4e-fa045566,2,1,1.0
5557,c8d2202b,c8d2202b-74e688c8,c8d2202b-74e688c8,1,1,1.0
5558,c8d2ec66,c8d2ec66-6f31d0dc,c8d2ec66-6f31d0dc,1,1,1.0
5559,c8d3c68c,c8d3c68c-da2089e8,c8d3c68c-da2089e8,1,1,1.0
5560,c8d42255,c8d42255-691c9c96,c8d42255-691c9c96,1,1,1.0
5561,c8d4fbd6,c8d4fbd6-5d396c2e,c8d4fbd6-5d396c2e,1,1,1.0
5562,c8d7cfb3,c8d7cfb3-0907c433,c8d7cfb3-cd9f103f,4,1,0.5
5563,c8d838f3,c8d838f3-750f337e,c8d838f3-750f337e,1,1,1.0
5564,c8d92c71,c8d92c71-2874cb64,c8d92c71-2874cb64,1,1,1.0
5565,c8db7252,c8db7252-6e20c65a,c8db7252-6e20c65a,1,1,1.0
5566,c8dd7fb7,c8dd7fb7-453a8242,c8dd7fb7-453a8242,1,1,1.0
5567,c8ddb7b2,c8ddb7b2-8c453f30,c8ddb7b2-8c453f30,1,1,1.0
5568,c8ddd93f,c8ddd93f-8e314f90,c8ddd93f-8e314f90,1,1,1.0
5569,c8df9893,c8df9893-499c95bc,c8df9893-499c95bc,1,1,1.0
5570,c8e01103,c8e01103-8c1b5190,c8e01103-9ff8595d,2,1,1.0
5571,c8e22fdb,c8e22fdb-a7148306,c8e22fdb-a7148306,1,1,1.0
5572,c8e59150,c8e59150-52042127,c8e59150-52042127,1,1,1.0
5573,c8e70aac,c8e70aac-614de268,c8e70aac-614de268,1,1,1.0
5574,c8e79c93,c8e79c93-00e1d82a,c8e79c93-00e1d82a,1,1,1.0
5575,c8e895be,c8e895be-9bf55449,c8e895be-9bf55449,1,1,1.0
5576,c8e8cd4a,c8e8cd4a-2f894188,c8e8cd4a-9dd5daeb,3,1,1.0
5577,c8e8f29f,c8e8f29f-09ac075a,c8e8f29f-aa6b38d9,2,1,1.0
5578,c8eb77ce,c8eb77ce-567b1fad,c8eb77ce-567b1fad,1,1,1.0
5579,c8ed2212,c8ed2212-b60fa314,c8ed2212-b60fa314,1,1,1.0
5580,c8ed27d0,c8ed27d0-7debfc0f,c8ed27d0-7debfc0f,1,1,1.0
5581,c8ed3fad,c8ed3fad-623b1616,c8ed3fad-623b1616,1,1,1.0
5582,c8ed82f7,c8ed82f7-fe694d2f,c8ed82f7-fe694d2f,1,1,1.0
5583,c8edf7ac,c8edf7ac-e984287f,c8edf7ac-e984287f,1,1,1.0
5584,c8ee7748,c8ee7748-be80b2c6,c8ee7748-be80b2c6,1,1,1.0
5585,c8eeb9c9,c8eeb9c9-922af0bb,c8eeb9c9-d3212cfe,3,1,1.0
5586,c8ef1a34,c8ef1a34-e7c66c0c,c8ef1a34-e7c66c0c,1,1,1.0
5587,c8ef6556,c8ef6556-56df81da,c8ef6556-c033218f,4,1,1.0
5588,c8ef6dea,c8ef6dea-8a327e57,c8ef6dea-eea7d4cd,2,1,1.0
5589,c8efd5bf,c8efd5bf-dc61bcfd,c8efd5bf-dc61bcfd,1,1,1.0
5590,c8f0adf0,c8f0adf0-85eb7754,c8f0adf0-85eb7754,1,1,1.0
5591,c8f1cdd6,c8f1cdd6-9d2a3186,c8f1cdd6-9d2a3186,1,1,1.0
5592,c8f39d22,c8f39d22-69f436d4,c8f39d22-9e3f76f8,2,1,1.0
5593,c8f48328,c8f48328-67aa756a,c8f48328-8b9e4717,3,1,1.0
5594,c8f61b8f,c8f61b8f-81c16429,c8f61b8f-81c16429,1,1,1.0
5595,c8f6f631,c8f6f631-a1eb5133,c8f6f631-a1eb5133,1,1,1.0
5596,c8f90ec2,c8f90ec2-37aa3a28,c8f90ec2-8b0d49de,2,1,1.0
5597,c8f962d8,c8f962d8-1925ff9b,c8f962d8-e7adb2f9,2,1,1.0
5598,c8fa732b,c8fa732b-fbdaa989,c8fa732b-fbdaa989,1,1,1.0
5599,c8fc1373,c8fc1373-3ce39fc9,c8fc1373-3ce39fc9,1,1,1.0
5600,c8fd5c4a,c8fd5c4a-16dbf91b,c8fd5c4a-16dbf91b,1,1,1.0
5601,c8fddab0,c8fddab0-13dbb312,c8fddab0-9ea6d001,2,1,1.0
5602,c8ffbba5,c8ffbba5-334918b7,c8ffbba5-334918b7,1,1,1.0
5603,c900eb3c,c900eb3c-4b7befc1,c900eb3c-4b7befc1,1,1,1.0
5604,c9018c4e,c9018c4e-976ad16e,c9018c4e-976ad16e,1,1,1.0
5605,c909551e,c909551e-fb24caeb,c909551e-fb24caeb,1,1,1.0
5606,c909f3df,c909f3df-69d1a96a,c909f3df-d3ce29f1,3,1,1.0
5607,c90a2111,c90a2111-04776fd3,c90a2111-6d28bf04,2,1,1.0
5608,c90b5398,c90b5398-63556b1c,c90b5398-d042ec34,4,1,1.0
5609,c90bf06d,c90bf06d-4ed5dc9e,c90bf06d-fc30a08e,4,1,0.75
5610,c90c8198,c90c8198-92fb12cc,c90c8198-f73aed79,2,1,1.0
5611,c90e0afb,c90e0afb-911ffd59,c90e0afb-911ffd59,1,1,1.0
5612,c90ec86b,c90ec86b-c3698408,c90ec86b-c3698408,1,1,1.0
5613,c90ecab0,c90ecab0-505559be,c90ecab0-68dc9839,2,1,1.0
5614,c90ff73f,c90ff73f-d76cc0c4,c90ff73f-d76cc0c4,1,1,1.0
5615,c9106ec8,c9106ec8-1df793b7,c9106ec8-62580195,2,1,1.0
5616,c911f50f,c911f50f-e7958776,c911f50f-e7958776,1,1,1.0
5617,c9123546,c9123546-b647e40f,c9123546-b647e40f,1,1,1.0
5618,c9160b61,c9160b61-80e5089a,c9160b61-80e5089a,1,1,1.0
5619,c9161830,c9161830-52503e77,c9161830-52503e77,1,1,1.0
5620,c917201f,c917201f-5bbb8087,c917201f-5bbb8087,1,1,1.0
5621,c9172da6,c9172da6-c3a38f22,c9172da6-c3a38f22,1,1,1.0
5622,c9178f1b,c9178f1b-e33f5de8,c9178f1b-e33f5de8,1,1,1.0
5623,c9185b69,c9185b69-e0fda3f0,c9185b69-e0fda3f0,1,1,1.0
5624,c9195e43,c9195e43-b2fdd978,c9195e43-b2fdd978,1,0,0.0
5625,c9197398,c9197398-2fea0795,c9197398-2fea0795,1,1,1.0
5626,c91a3cef,c91a3cef-888fc664,c91a3cef-e63379c7,2,1,1.0
5627,c91a84db,c91a84db-31862c42,c91a84db-f40ee6d0,6,1,1.0
5628,c91b89eb,c91b89eb-bd95cbff,c91b89eb-bd95cbff,1,1,1.0
5629,c91d0862,c91d0862-74c58649,c91d0862-eb747701,2,1,1.0
5630,c91da210,c91da210-1252e4c6,c91da210-bc038b99,7,1,0.7142857142857143
5631,c91db2b0,c91db2b0-38312b9f,c91db2b0-38312b9f,1,1,1.0
5632,c91e8a26,c91e8a26-3025d41e,c91e8a26-3025d41e,1,1,1.0
5633,c91eb48f,c91eb48f-a7497694,c91eb48f-fa7a6cdc,2,1,1.0
5634,c92005f1,c92005f1-24f38b48,c92005f1-27eb3d9e,2,1,0.5
5635,c92046a2,c92046a2-2a0b5a9e,c92046a2-5264bdd4,3,1,1.0
5636,c9240f77,c9240f77-08db8836,c9240f77-988f083f,5,1,1.0
5637,c924c4a4,c924c4a4-7f9aa43a,c924c4a4-bd2df2dc,2,1,1.0
5638,c926408d,c926408d-2118bffc,c926408d-8de795c6,4,1,1.0
5639,c927d51b,c927d51b-43e6a4e8,c927d51b-fa863734,6,1,1.0
5640,c9283177,c9283177-1ac311e2,c9283177-7531ef01,4,1,1.0
5641,c928749e,c928749e-62bc39dd,c928749e-62bc39dd,1,1,1.0
5642,c928c559,c928c559-7cd84c9f,c928c559-b70b74cf,2,1,1.0
5643,c92aeef7,c92aeef7-3d38133c,c92aeef7-c8f9fb98,4,1,1.0
5644,c92b8228,c92b8228-b78b5c67,c92b8228-b78b5c67,1,1,1.0
5645,c92db9da,c92db9da-58694b5b,c92db9da-58694b5b,1,1,1.0
5646,c93017ac,c93017ac-e728a438,c93017ac-e728a438,1,1,1.0
5647,c9312bb0,c9312bb0-091a6594,c9312bb0-f07bcf18,5,1,1.0
5648,c93310c6,c93310c6-1224728c,c93310c6-c662ee4b,3,1,1.0
5649,c93364f2,c93364f2-95b285aa,c93364f2-95b285aa,1,1,1.0
5650,c933ade8,c933ade8-68159c26,c933ade8-f63b2db4,4,1,1.0
5651,c934b18d,c934b18d-b08b04d2,c934b18d-b08b04d2,1,1,1.0
5652,c93557c9,c93557c9-87e615cc,c93557c9-87e615cc,1,0,0.0
5653,c936d348,c936d348-99cf17b9,c936d348-99cf17b9,1,1,1.0
5654,c9375798,c9375798-85c143f7,c9375798-85c143f7,1,1,1.0
5655,c938658b,c938658b-62746b31,c938658b-c232988e,3,1,1.0
5656,c93a7768,c93a7768-23e29de9,c93a7768-f84a9b8f,2,1,1.0
5657,c93a7ee2,c93a7ee2-e21d6bc5,c93a7ee2-e21d6bc5,1,1,1.0
5658,c93b0369,c93b0369-31ac48e7,c93b0369-a0cb051b,2,1,1.0
5659,c93baa24,c93baa24-3b8c5ab3,c93baa24-3b8c5ab3,1,0,0.0
5660,c93bd9ce,c93bd9ce-30b0d752,c93bd9ce-ea579ed8,3,1,1.0
5661,c93c1596,c93c1596-372a77b9,c93c1596-693b041f,3,1,1.0
5662,c93dc018,c93dc018-9a022605,c93dc018-9a022605,1,1,1.0
5663,c93e76b7,c93e76b7-88954e8f,c93e76b7-a0e64488,2,1,0.5
5664,c93f8df2,c93f8df2-9f9687f1,c93f8df2-d683a18b,2,1,1.0
5665,c9403737,c9403737-33cab241,c9403737-bf414a95,7,1,0.8571428571428571
5666,c9427dd5,c9427dd5-4779940e,c9427dd5-8dd8e51f,2,1,1.0
5667,c946b395,c946b395-eac458c3,c946b395-eac458c3,1,1,1.0
5668,c946c532,c946c532-07177e0a,c946c532-07177e0a,1,1,1.0
5669,c9484a09,c9484a09-4a6da4f1,c9484a09-4a6da4f1,1,1,1.0
5670,c9484cde,c9484cde-1da408d7,c9484cde-c9b46dc0,2,1,1.0
5671,c948b2b1,c948b2b1-1183d2e3,c948b2b1-1183d2e3,1,1,1.0
5672,c94958a6,c94958a6-299180ee,c94958a6-beac6097,3,1,1.0
5673,c949b637,c949b637-0f47dc98,c949b637-0f47dc98,1,1,1.0
5674,c94a5fb6,c94a5fb6-446b8726,c94a5fb6-446b8726,1,1,1.0
5675,c94adc37,c94adc37-20233549,c94adc37-76e1ff0b,2,1,1.0
5676,c94b896e,c94b896e-40638bf9,c94b896e-40638bf9,1,1,1.0
5677,c94c7ebc,c94c7ebc-dfcf2578,c94c7ebc-dfcf2578,1,1,1.0
5678,c94c8cef,c94c8cef-c8c484fc,c94c8cef-e3a67ff5,2,1,1.0
5679,c94ceb93,c94ceb93-5b8608c4,c94ceb93-5b8608c4,1,1,1.0
5680,c94d8213,c94d8213-1f593522,c94d8213-847662eb,2,1,0.5
5681,c94d86ee,c94d86ee-9835e761,c94d86ee-e18fa7ec,2,1,1.0
5682,c9517ae9,c9517ae9-19790405,c9517ae9-b9d3b2f0,2,1,1.0
5683,c95241cf,c95241cf-06d29d77,c95241cf-06d29d77,1,1,1.0
5684,c953eb9b,c953eb9b-25d6c90f,c953eb9b-25d6c90f,1,1,1.0
5685,c9552b40,c9552b40-ae7bc148,c9552b40-ae7bc148,1,1,1.0
5686,c9557697,c9557697-363a490d,c9557697-e1fc666a,6,1,1.0
5687,c957b1a8,c957b1a8-d327e7fb,c957b1a8-d327e7fb,1,1,1.0
5688,c95979e7,c95979e7-efb74491,c95979e7-efb74491,1,1,1.0
5689,c95ad578,c95ad578-8caa410d,c95ad578-8caa410d,1,1,1.0
5690,c95c7aac,c95c7aac-1ede8bc6,c95c7aac-ec4ec867,6,1,1.0
5691,c95f4860,c95f4860-7342216b,c95f4860-c6c0856d,3,1,1.0
5692,c95f8af6,c95f8af6-a4693b4e,c95f8af6-f4a9099f,2,1,1.0
5693,c95f8ca5,c95f8ca5-0cf1c43c,c95f8ca5-0cf1c43c,1,1,1.0
5694,c95fecc3,c95fecc3-41401a5f,c95fecc3-4e289a4e,3,1,1.0
5695,c96109b8,c96109b8-caf84a36,c96109b8-caf84a36,1,1,1.0
5696,c962949b,c962949b-dddd40b2,c962949b-dddd40b2,1,0,0.0
5697,c96299f2,c96299f2-8e89da2c,c96299f2-e7dd8431,2,1,1.0
5698,c962fce0,c962fce0-dcea4e6a,c962fce0-dcea4e6a,1,1,1.0
5699,c963d910,c963d910-fa6c706d,c963d910-fa6c706d,1,1,1.0
5700,c963fa4b,c963fa4b-a46ed02b,c963fa4b-a46ed02b,1,1,1.0
5701,c96519fa,c96519fa-2d8cc863,c96519fa-d85ac570,2,1,1.0
5702,c9683e6e,c9683e6e-68b49262,c9683e6e-68b49262,1,1,1.0
5703,c968f598,c968f598-3507eb4b,c968f598-7b3b4c6d,2,1,1.0
5704,c96a9fb4,c96a9fb4-cacac0fc,c96a9fb4-cacac0fc,1,1,1.0
5705,c96ab7ea,c96ab7ea-2770185c,c96ab7ea-f3e268c8,7,1,1.0
5706,c96b5ea4,c96b5ea4-f4c45a46,c96b5ea4-f4c45a46,1,1,1.0
5707,c96d485d,c96d485d-63a73865,c96d485d-63a73865,1,1,1.0
5708,c96d4996,c96d4996-d78b1b88,c96d4996-d78b1b88,1,1,1.0
5709,c96e0b6a,c96e0b6a-0acdb8b5,c96e0b6a-f3d8aa78,3,1,1.0
5710,c96e6559,c96e6559-2b1401da,c96e6559-2b1401da,1,1,1.0
5711,c96fcc84,c96fcc84-d7778d41,c96fcc84-faebc9c9,2,1,1.0
5712,c96ffe59,c96ffe59-1cf2df11,c96ffe59-e18bc459,6,1,1.0
5713,c9708ee8,c9708ee8-31f4eece,c9708ee8-31f4eece,1,1,1.0
5714,c970d004,c970d004-efeb8b97,c970d004-efeb8b97,1,1,1.0
5715,c972204c,c972204c-e7d86629,c972204c-e7d86629,1,1,1.0
5716,c9736046,c9736046-5b96af10,c9736046-d8b9fd11,2,1,1.0
5717,c975393b,c975393b-d0309026,c975393b-d0309026,1,0,0.0
5718,c975761f,c975761f-42dd555b,c975761f-42dd555b,1,1,1.0
5719,c9768773,c9768773-d9cf584c,c9768773-d9cf584c,1,1,1.0
5720,c976aa56,c976aa56-2902a314,c976aa56-2902a314,1,1,1.0
5721,c977423c,c977423c-43dddd3b,c977423c-43dddd3b,1,0,0.0
5722,c978b30e,c978b30e-673341ec,c978b30e-b7e84613,3,1,1.0
5723,c979b818,c979b818-481e9da0,c979b818-481e9da0,1,1,1.0
5724,c97abe9e,c97abe9e-ccbca525,c97abe9e-ccbca525,1,1,1.0
5725,c97b2568,c97b2568-576a4ba1,c97b2568-576a4ba1,1,1,1.0
5726,c97c0d3c,c97c0d3c-64a7bc09,c97c0d3c-b656cd59,3,1,1.0
5727,c97c4556,c97c4556-6055e106,c97c4556-6055e106,1,1,1.0
5728,c97d6560,c97d6560-103e2fc4,c97d6560-103e2fc4,1,1,1.0
5729,c97deb16,c97deb16-924a514f,c97deb16-924a514f,1,1,1.0
5730,c97fc7da,c97fc7da-4bca948f,c97fc7da-ed179cad,3,1,1.0
5731,c9815999,c9815999-611707fe,c9815999-f1a3d95a,2,1,1.0
5732,c981c004,c981c004-35dc44b9,c981c004-35dc44b9,1,1,1.0
5733,c9821da0,c9821da0-2b4ef0c0,c9821da0-2b4ef0c0,1,1,1.0
5734,c98232a2,c98232a2-4e9128ce,c98232a2-66e6e1fb,2,1,1.0
5735,c98258a4,c98258a4-54a47ff2,c98258a4-e5a366fe,3,1,0.6666666666666666
5736,c983692b,c983692b-b3a04393,c983692b-b3a04393,1,1,1.0
5737,c9854be4,c9854be4-2e4295ce,c9854be4-2e4295ce,1,1,1.0
5738,c985e44f,c985e44f-024d63ab,c985e44f-024d63ab,1,1,1.0
5739,c986e8a4,c986e8a4-81f5a043,c986e8a4-81f5a043,1,1,1.0
5740,c988c74a,c988c74a-32132434,c988c74a-8d679348,2,1,1.0
5741,c98a01d0,c98a01d0-a1e7bb72,c98a01d0-a1e7bb72,1,1,1.0
5742,c98b35d1,c98b35d1-b66b62c2,c98b35d1-b66b62c2,1,1,1.0
5743,c98c1005,c98c1005-1a53d7d2,c98c1005-7d014761,2,1,1.0
5744,c992d89e,c992d89e-45d612c4,c992d89e-63020be4,2,1,1.0
5745,c993615f,c993615f-20359e85,c993615f-d2603c39,13,1,1.0
5746,c994e726,c994e726-55ae7597,c994e726-d8b6115b,2,1,1.0
5747,c9957093,c9957093-21cf5834,c9957093-21cf5834,1,1,1.0
5748,c997006a,c997006a-1cbe344f,c997006a-1cbe344f,1,1,1.0
5749,c99927e4,c99927e4-a37dc628,c99927e4-a37dc628,1,1,1.0
5750,c99a4baf,c99a4baf-83420a6e,c99a4baf-daaaed61,4,1,1.0
5751,c9a03aa8,c9a03aa8-301aafe7,c9a03aa8-301aafe7,1,1,1.0
5752,c9a270fa,c9a270fa-dddd15ff,c9a270fa-dddd15ff,1,1,1.0
5753,c9a2a6db,c9a2a6db-a5b0a35d,c9a2a6db-a5b0a35d,1,1,1.0
5754,c9a2b46c,c9a2b46c-e2f795a7,c9a2b46c-e2f795a7,1,1,1.0
5755,c9a3a466,c9a3a466-84e613da,c9a3a466-84e613da,1,1,1.0
5756,c9a41ce3,c9a41ce3-bd04c1ae,c9a41ce3-bd04c1ae,1,1,1.0
5757,c9a4aaee,c9a4aaee-24651f2a,c9a4aaee-24651f2a,1,1,1.0
5758,c9a4c2a2,c9a4c2a2-e2ef482c,c9a4c2a2-e2ef482c,1,1,1.0
5759,c9a5380e,c9a5380e-01e2abe2,c9a5380e-01e2abe2,1,1,1.0
5760,c9a653e3,c9a653e3-533efdd4,c9a653e3-746daa0d,2,1,1.0
5761,c9a80c9b,c9a80c9b-67f90548,c9a80c9b-67f90548,1,1,1.0
5762,c9a91df9,c9a91df9-fa338ec9,c9a91df9-fa338ec9,1,1,1.0
5763,c9a9290b,c9a9290b-86ad51fb,c9a9290b-86ad51fb,1,0,0.0
5764,c9a9a2a9,c9a9a2a9-57519e11,c9a9a2a9-57519e11,1,1,1.0
5765,c9aa50be,c9aa50be-62caa81b,c9aa50be-9e8cd399,3,1,1.0
5766,c9b0054d,c9b0054d-bded8b46,c9b0054d-c043599e,2,1,1.0
5767,c9b099e4,c9b099e4-6ab2e4f4,c9b099e4-efc9579f,2,1,1.0
5768,c9b0aa61,c9b0aa61-15573161,c9b0aa61-15573161,1,1,1.0
5769,c9b19b83,c9b19b83-da526c25,c9b19b83-da526c25,1,1,1.0
5770,c9b29647,c9b29647-95da8336,c9b29647-95da8336,1,1,1.0
5771,c9b2aaae,c9b2aaae-f2ff02a7,c9b2aaae-f2ff02a7,1,1,1.0
5772,c9b55e48,c9b55e48-8c2b4097,c9b55e48-8c2b4097,1,1,1.0
5773,c9b82f4e,c9b82f4e-454a5878,c9b82f4e-fd73af29,2,1,1.0
5774,c9b96433,c9b96433-62042524,c9b96433-8473dd77,2,1,1.0
5775,c9b9fef4,c9b9fef4-8aca0267,c9b9fef4-a58bf3d5,2,1,1.0
5776,c9bbc56e,c9bbc56e-b61223fd,c9bbc56e-b9f39d14,2,1,1.0
5777,c9bdd74a,c9bdd74a-9dc0ad2e,c9bdd74a-9dc0ad2e,1,1,1.0
5778,c9c0e486,c9c0e486-f197b842,c9c0e486-f197b842,1,1,1.0
5779,c9c31e57,c9c31e57-3f228293,c9c31e57-45b42452,2,1,1.0
5780,c9c4d608,c9c4d608-4555cd80,c9c4d608-be7ef06b,2,1,1.0
5781,c9c4e755,c9c4e755-d4a99803,c9c4e755-d4a99803,1,1,1.0
5782,c9c6949a,c9c6949a-14eea22b,c9c6949a-5aeaa8fd,2,1,1.0
5783,c9c77676,c9c77676-1fa8e0d6,c9c77676-1fa8e0d6,1,1,1.0
5784,c9c778b5,c9c778b5-772ddc4a,c9c778b5-86bddb7e,3,1,1.0
5785,c9c9235f,c9c9235f-2215a6b7,c9c9235f-d2de2015,11,1,1.0
5786,c9ca4c6c,c9ca4c6c-4c9db372,c9ca4c6c-4c9db372,1,1,1.0
5787,c9ca4ffe,c9ca4ffe-8eb6d592,c9ca4ffe-c34137ab,2,1,1.0
5788,c9cbf127,c9cbf127-148245d2,c9cbf127-148245d2,1,1,1.0
5789,c9cc3cb0,c9cc3cb0-b0085030,c9cc3cb0-b0085030,1,1,1.0
5790,c9cc53f7,c9cc53f7-2ac83c8c,c9cc53f7-2ac83c8c,1,1,1.0
5791,c9cd9fa8,c9cd9fa8-30108c57,c9cd9fa8-d69dfb4e,3,1,1.0
5792,c9cf1065,c9cf1065-0f19dbe2,c9cf1065-fd69ddbf,8,1,1.0
5793,c9cf175a,c9cf175a-131d4aae,c9cf175a-131d4aae,1,1,1.0
5794,c9d61a6d,c9d61a6d-92609e9c,c9d61a6d-986df2e9,2,1,1.0
5795,c9d6a839,c9d6a839-f66aaace,c9d6a839-f66aaace,1,1,1.0
5796,c9d6dbc7,c9d6dbc7-5580002c,c9d6dbc7-edc72471,2,1,1.0
5797,c9d7b898,c9d7b898-27eba05f,c9d7b898-27eba05f,1,1,1.0
5798,c9d7eba9,c9d7eba9-57de0925,c9d7eba9-57de0925,1,1,1.0
5799,c9d89485,c9d89485-18576ffb,c9d89485-18576ffb,1,1,1.0
5800,c9d9a47f,c9d9a47f-951c00bd,c9d9a47f-951c00bd,1,1,1.0
5801,c9d9cbf9,c9d9cbf9-e86cf1ef,c9d9cbf9-e86cf1ef,1,1,1.0
5802,c9dc0649,c9dc0649-b5aa2483,c9dc0649-b5aa2483,1,1,1.0
5803,c9dc96aa,c9dc96aa-01dec7af,c9dc96aa-01dec7af,1,1,1.0
5804,c9de245d,c9de245d-d0bf2816,c9de245d-d0bf2816,1,1,1.0
5805,c9dedfc8,c9dedfc8-b23ac57e,c9dedfc8-b23ac57e,1,1,1.0
5806,c9df3b7e,c9df3b7e-0bf4fa31,c9df3b7e-ef94efe9,6,1,1.0
5807,c9df836e,c9df836e-5955e515,c9df836e-b8fcc9d7,3,1,1.0
5808,c9dfbc72,c9dfbc72-db954e64,c9dfbc72-db954e64,1,1,1.0
5809,c9dfbdd0,c9dfbdd0-1d00a047,c9dfbdd0-1d00a047,1,1,1.0
5810,c9e4a2e8,c9e4a2e8-2ac2fabd,c9e4a2e8-e29e53ec,2,1,1.0
5811,c9e77458,c9e77458-658d5966,c9e77458-658d5966,1,1,1.0
5812,c9e7c9d4,c9e7c9d4-18d31194,c9e7c9d4-18d31194,1,1,1.0
5813,c9ead9ee,c9ead9ee-4ebeef77,c9ead9ee-4ebeef77,1,0,0.0
5814,c9eb9a86,c9eb9a86-523e6e0f,c9eb9a86-c9dd6104,2,1,1.0
5815,c9ece337,c9ece337-21d7e75e,c9ece337-ff38bdec,2,1,1.0
5816,c9ee0f8e,c9ee0f8e-286c0acb,c9ee0f8e-3308c0e4,2,1,1.0
5817,c9ef0aa9,c9ef0aa9-41d939af,c9ef0aa9-41d939af,1,1,1.0
5818,c9ef51b7,c9ef51b7-9dc86de1,c9ef51b7-9dc86de1,1,1,1.0
5819,c9effc42,c9effc42-0eb861b2,c9effc42-a75644ee,2,1,1.0
5820,c9f5283d,c9f5283d-1b02cbcc,c9f5283d-8e8344c6,7,1,1.0
5821,c9f6b520,c9f6b520-19d9d3ad,c9f6b520-523674ac,2,1,1.0
5822,c9f9c6ac,c9f9c6ac-b3270e58,c9f9c6ac-e412ca03,3,1,1.0
5823,c9fa0253,c9fa0253-3a8bc597,c9fa0253-3a8bc597,1,1,1.0
5824,c9fb03a5,c9fb03a5-9a1788d9,c9fb03a5-9a1788d9,1,1,1.0
5825,c9fb1a4c,c9fb1a4c-0bd0ea9d,c9fb1a4c-0bd0ea9d,1,1,1.0
5826,c9fc208f,c9fc208f-16aa9283,c9fc208f-75876b0b,3,1,1.0
5827,c9fcc762,c9fcc762-bf7c7c67,c9fcc762-bf7c7c67,1,0,0.0
5828,c9fea009,c9fea009-ee6a4d2a,c9fea009-ee6a4d2a,1,1,1.0
5829,c9ffe9d7,c9ffe9d7-7558d38d,c9ffe9d7-7558d38d,1,1,1.0
5830,ca00540c,ca00540c-261a3e99,ca00540c-261a3e99,1,1,1.0
5831,ca009e13,ca009e13-883fafc6,ca009e13-fdb666f6,2,1,1.0
5832,ca049e30,ca049e30-02338b16,ca049e30-f0a8ccd4,7,1,1.0
5833,ca04d99f,ca04d99f-c1282bb7,ca04d99f-c1282bb7,1,1,1.0
5834,ca057c8b,ca057c8b-e42f0882,ca057c8b-e42f0882,1,1,1.0
5835,ca0619a2,ca0619a2-ccd6a93c,ca0619a2-ccd6a93c,1,1,1.0
5836,ca068cb6,ca068cb6-1418f2fb,ca068cb6-e29842f7,3,1,1.0
5837,ca074e75,ca074e75-7d525ad9,ca074e75-7d525ad9,1,1,1.0
5838,ca077fe9,ca077fe9-b7f766fd,ca077fe9-d2cf4446,2,1,1.0
5839,ca08d93c,ca08d93c-c406e9aa,ca08d93c-c406e9aa,1,1,1.0
5840,ca095e13,ca095e13-3477eff3,ca095e13-ac7f314a,2,1,1.0
5841,ca098890,ca098890-0947e76a,ca098890-6ef745ed,2,1,1.0
5842,ca0b4ef4,ca0b4ef4-3917ead1,ca0b4ef4-effd52f4,2,1,1.0
5843,ca0de85e,ca0de85e-53bdd171,ca0de85e-53bdd171,1,1,1.0
5844,ca0e9da5,ca0e9da5-d7dece6c,ca0e9da5-f5507d00,2,1,1.0
5845,ca0eb18c,ca0eb18c-165a3cc9,ca0eb18c-b0e6fe6c,4,1,1.0
5846,ca0f0248,ca0f0248-0350c116,ca0f0248-0d55e8dd,2,1,1.0
5847,ca0fd2c4,ca0fd2c4-30e68102,ca0fd2c4-82195ac4,2,1,1.0
5848,ca130ab2,ca130ab2-7f5598b7,ca130ab2-7f5598b7,1,1,1.0
5849,ca146661,ca146661-7f70d0c4,ca146661-7f70d0c4,1,1,1.0
5850,ca1543ec,ca1543ec-4ef9d107,ca1543ec-6ad48f6e,2,1,1.0
5851,ca15f699,ca15f699-e51c14c0,ca15f699-e51c14c0,1,1,1.0
5852,ca177f63,ca177f63-6cb08f25,ca177f63-6cb08f25,1,1,1.0
5853,ca17cd93,ca17cd93-f9c06b09,ca17cd93-f9c06b09,1,1,1.0
5854,ca189794,ca189794-fa2c18e9,ca189794-fa2c18e9,1,1,1.0
5855,ca18c314,ca18c314-eec8974d,ca18c314-eec8974d,1,1,1.0
5856,ca194104,ca194104-1aa2aa9a,ca194104-1aa2aa9a,1,1,1.0
5857,ca1a41b3,ca1a41b3-38240d1e,ca1a41b3-38240d1e,1,1,1.0
5858,ca1a87ef,ca1a87ef-4f83ae99,ca1a87ef-783b4ceb,3,1,0.6666666666666666
5859,ca1a92b5,ca1a92b5-4677f24c,ca1a92b5-4677f24c,1,1,1.0
5860,ca1b1f3e,ca1b1f3e-64dd9b2a,ca1b1f3e-64dd9b2a,1,1,1.0
5861,ca1b5c7f,ca1b5c7f-2ef9c22a,ca1b5c7f-2ef9c22a,1,1,1.0
5862,ca1c6003,ca1c6003-aad4464c,ca1c6003-aad4464c,1,1,1.0
5863,ca1d52b5,ca1d52b5-84e8dfa0,ca1d52b5-84e8dfa0,1,1,1.0
5864,ca21055c,ca21055c-2050513f,ca21055c-a1a80ec4,3,1,1.0
5865,ca222491,ca222491-8d710efa,ca222491-8d710efa,1,1,1.0
5866,ca2260e9,ca2260e9-51ebcdc6,ca2260e9-51ebcdc6,1,1,1.0
5867,ca23fea0,ca23fea0-97c90df7,ca23fea0-97c90df7,1,1,1.0
5868,ca24a6cf,ca24a6cf-59fe35d2,ca24a6cf-59fe35d2,1,1,1.0
5869,ca25cf74,ca25cf74-7cb42159,ca25cf74-7cb42159,1,1,1.0
5870,ca284215,ca284215-73cade97,ca284215-d643be76,2,1,1.0
5871,ca28f275,ca28f275-03f8cef5,ca28f275-df2e6ad2,7,1,1.0
5872,ca297f76,ca297f76-c2ce18f5,ca297f76-c2ce18f5,1,1,1.0
5873,ca29b7bd,ca29b7bd-0820fffb,ca29b7bd-0820fffb,1,1,1.0
5874,ca2b7ab0,ca2b7ab0-bfdc0fec,ca2b7ab0-bfdc0fec,1,1,1.0
5875,ca2ba838,ca2ba838-fdddb1fb,ca2ba838-fdddb1fb,1,1,1.0
5876,ca2bcf0e,ca2bcf0e-69e964d2,ca2bcf0e-69e964d2,1,1,1.0
5877,ca2c7c84,ca2c7c84-39bf84ee,ca2c7c84-ba7685fc,4,1,1.0
5878,ca2d1df6,ca2d1df6-54538d1a,ca2d1df6-76d59c0c,2,1,1.0
5879,ca2d32b3,ca2d32b3-5e8835ac,ca2d32b3-5e8835ac,1,1,1.0
5880,ca2fb80b,ca2fb80b-9d22e350,ca2fb80b-9d22e350,1,1,1.0
5881,ca3045ee,ca3045ee-a27490fa,ca3045ee-ec76b7c9,3,1,0.6666666666666666
5882,ca309fd3,ca309fd3-10ac1488,ca309fd3-f767659b,4,1,1.0
5883,ca3165e0,ca3165e0-175d6f79,ca3165e0-c1c82c8f,5,1,1.0
5884,ca319f4c,ca319f4c-b34af0f1,ca319f4c-b34af0f1,1,1,1.0
5885,ca326312,ca326312-b648ccab,ca326312-b648ccab,1,1,1.0
5886,ca35c192,ca35c192-7f0eadba,ca35c192-7f0eadba,1,1,1.0
5887,ca3736db,ca3736db-3471ce50,ca3736db-cf9e0cd4,5,1,1.0
5888,ca3bbb0a,ca3bbb0a-115a055f,ca3bbb0a-cd13da9e,4,1,0.75
5889,ca3bf9b0,ca3bf9b0-55d6ae41,ca3bf9b0-ab1201eb,2,1,1.0
5890,ca3e6e3d,ca3e6e3d-cc5275dd,ca3e6e3d-f66373c8,2,1,1.0
5891,ca3f4c16,ca3f4c16-add215c4,ca3f4c16-b33f3a0b,2,1,1.0
5892,ca4071a6,ca4071a6-6fa1a1c8,ca4071a6-6fa1a1c8,1,1,1.0
5893,ca40ddd3,ca40ddd3-102f3b02,ca40ddd3-f81f28e9,2,1,1.0
5894,ca4269e1,ca4269e1-0f1e4f92,ca4269e1-db6d731e,5,1,1.0
5895,ca430005,ca430005-edb0085d,ca430005-edb0085d,1,1,1.0
5896,ca430d8c,ca430d8c-0b371423,ca430d8c-0b371423,1,1,1.0
5897,ca455727,ca455727-92566d05,ca455727-92566d05,1,1,1.0
5898,ca479701,ca479701-2ab57f9a,ca479701-2ab57f9a,1,1,1.0
5899,ca4bdfab,ca4bdfab-34ec6a3a,ca4bdfab-34ec6a3a,1,0,0.0
5900,ca509e4e,ca509e4e-a3166aa9,ca509e4e-a3166aa9,1,1,1.0
5901,ca513280,ca513280-e4ec496c,ca513280-e4ec496c,1,1,1.0
5902,ca52e79f,ca52e79f-eca3eeec,ca52e79f-eca3eeec,1,1,1.0
5903,ca546e6d,ca546e6d-852f3913,ca546e6d-852f3913,1,1,1.0
5904,ca551156,ca551156-5999d6d4,ca551156-fb7d1680,2,1,1.0
5905,ca55fb23,ca55fb23-6aec0f71,ca55fb23-f91ca9ad,3,1,1.0
5906,ca561e94,ca561e94-8f719a63,ca561e94-d40cddf8,2,1,1.0
5907,ca56690a,ca56690a-05ed80e9,ca56690a-05ed80e9,1,0,0.0
5908,ca56898d,ca56898d-f6400cb3,ca56898d-f6400cb3,1,1,1.0
5909,ca587a24,ca587a24-113bd37a,ca587a24-113bd37a,1,1,1.0
5910,ca5925b8,ca5925b8-ca06566b,ca5925b8-ca06566b,1,1,1.0
5911,ca59adc8,ca59adc8-62801139,ca59adc8-d7551f95,3,1,1.0
5912,ca5e947c,ca5e947c-c2f1d14b,ca5e947c-c6ac10fd,2,1,1.0
5913,ca5f8e49,ca5f8e49-0df2e0a1,ca5f8e49-0df2e0a1,1,1,1.0
5914,ca5fba82,ca5fba82-4e60d94e,ca5fba82-4e60d94e,1,1,1.0
5915,ca6142b4,ca6142b4-ef037b5b,ca6142b4-ef037b5b,1,1,1.0
5916,ca6170df,ca6170df-1893979a,ca6170df-c1a75664,3,1,0.6666666666666666
5917,ca6412a2,ca6412a2-3db85e24,ca6412a2-3db85e24,1,1,1.0
5918,ca656c47,ca656c47-876ad414,ca656c47-e483f464,2,1,1.0
5919,ca679a1e,ca679a1e-a680fd14,ca679a1e-cee7f0bc,3,1,0.6666666666666666
5920,ca68e8b3,ca68e8b3-3ecd270a,ca68e8b3-3ecd270a,1,1,1.0
5921,ca6927ab,ca6927ab-497d6b29,ca6927ab-497d6b29,1,1,1.0
5922,fe189115,fe189115-9981a740,fe189115-cfad8fcf,5,1,0.6
5923,fe194677,fe194677-e2d2ac8c,fe194677-e2d2ac8c,1,1,1.0
5924,fe1b3799,fe1b3799-a7863feb,fe1b3799-a7863feb,1,1,1.0
5925,fe1b92a1,fe1b92a1-faaaa1eb,fe1b92a1-faaaa1eb,1,1,1.0
5926,fe1cc363,fe1cc363-a3f36598,fe1cc363-a3f36598,1,1,1.0
5927,fe1d74f0,fe1d74f0-5cdc4057,fe1d74f0-6969bdb5,2,1,0.5
5928,fe1d9184,fe1d9184-cd999efe,fe1d9184-dec09b65,3,1,1.0
5929,fe1f2409,fe1f2409-5b415eb7,fe1f2409-c16ea1ed,2,1,0.5
5930,fe1f55fa,fe1f55fa-19ba3600,fe1f55fa-19ba3600,1,1,1.0
