check,status,detail
oracle logs unchanged,PASS,files=270
"fixed params, no reference tuning",PASS,"G=1,D_core=40.0,D_seg=60.0,E=1"
ABae-stratified-confirmed B=100 s=0 oracle order,PASS,calls=100
ABae-stratified-confirmed B=100 s=0 calls <= budget,PASS,calls=100 budget=100
ABae-stratified-confirmed B=100 s=0 C6_full_EVENT_MATERIALIZE confirmed anchor,PASS,segments=19
ABae-stratified-confirmed B=100 s=0 C6_full_EVENT_MATERIALIZE no NaN,PASS,segments=19
ABae-stratified-confirmed B=100 s=0 C6_full_EVENT_MATERIALIZE nonnegative duration,PASS,segments=19
ABae-stratified-confirmed B=100 s=0 C6_full_EVENT_MATERIALIZE duration cap,PASS,D_seg_max=60.0
ABae-stratified-confirmed B=100 s=0 C6_full_EVENT_MATERIALIZE negative barrier,PASS,negatives=69
ABae-stratified-confirmed B=100 s=0 K0_naive_merge confirmed anchor,PASS,segments=1
ABae-stratified-confirmed B=100 s=0 K0_naive_merge no NaN,PASS,segments=1
ABae-stratified-confirmed B=100 s=0 K0_naive_merge nonnegative duration,PASS,segments=1
ABae-stratified-confirmed B=100 s=0 K1_gap_limited confirmed anchor,PASS,segments=13
ABae-stratified-confirmed B=100 s=0 K1_gap_limited no NaN,PASS,segments=13
ABae-stratified-confirmed B=100 s=0 K1_gap_limited nonnegative duration,PASS,segments=13
ABae-stratified-confirmed B=100 s=0 K2_gap_duration confirmed anchor,PASS,segments=16
ABae-stratified-confirmed B=100 s=0 K2_gap_duration no NaN,PASS,segments=16
ABae-stratified-confirmed B=100 s=0 K2_gap_duration nonnegative duration,PASS,segments=16
ABae-stratified-confirmed B=100 s=0 K2_gap_duration duration cap,PASS,D_seg_max=60.0
ABae-stratified-confirmed B=100 s=0 K3_gap_duration_negative_barrier confirmed anchor,PASS,segments=19
ABae-stratified-confirmed B=100 s=0 K3_gap_duration_negative_barrier no NaN,PASS,segments=19
ABae-stratified-confirmed B=100 s=0 K3_gap_duration_negative_barrier nonnegative duration,PASS,segments=19
ABae-stratified-confirmed B=100 s=0 K3_gap_duration_negative_barrier duration cap,PASS,D_seg_max=60.0
ABae-stratified-confirmed B=100 s=0 K3_gap_duration_negative_barrier negative barrier,PASS,negatives=69
ABae-stratified-confirmed B=100 s=0 K4_gap_duration_negative_barrier_selected_expand confirmed anchor,PASS,segments=19
ABae-stratified-confirmed B=100 s=0 K4_gap_duration_negative_barrier_selected_expand no NaN,PASS,segments=19
ABae-stratified-confirmed B=100 s=0 K4_gap_duration_negative_barrier_selected_expand nonnegative duration,PASS,segments=19
ABae-stratified-confirmed B=100 s=0 K4_gap_duration_negative_barrier_selected_expand duration cap,PASS,D_seg_max=60.0
ABae-stratified-confirmed B=100 s=0 K4_gap_duration_negative_barrier_selected_expand negative barrier,PASS,negatives=69
ABae-stratified-confirmed B=100 s=0 K4 expansion no unconfirmed seed,PASS,every segment contains queried positive anchor
ABae-stratified-confirmed B=100 s=1 oracle order,PASS,calls=100
ABae-stratified-confirmed B=100 s=1 calls <= budget,PASS,calls=100 budget=100
ABae-stratified-confirmed B=100 s=1 C6_full_EVENT_MATERIALIZE confirmed anchor,PASS,segments=19
ABae-stratified-confirmed B=100 s=1 C6_full_EVENT_MATERIALIZE no NaN,PASS,segments=19
ABae-stratified-confirmed B=100 s=1 C6_full_EVENT_MATERIALIZE nonnegative duration,PASS,segments=19
ABae-stratified-confirmed B=100 s=1 C6_full_EVENT_MATERIALIZE duration cap,PASS,D_seg_max=60.0
ABae-stratified-confirmed B=100 s=1 C6_full_EVENT_MATERIALIZE negative barrier,PASS,negatives=69
ABae-stratified-confirmed B=100 s=1 K0_naive_merge confirmed anchor,PASS,segments=1
ABae-stratified-confirmed B=100 s=1 K0_naive_merge no NaN,PASS,segments=1
ABae-stratified-confirmed B=100 s=1 K0_naive_merge nonnegative duration,PASS,segments=1
ABae-stratified-confirmed B=100 s=1 K1_gap_limited confirmed anchor,PASS,segments=13
ABae-stratified-confirmed B=100 s=1 K1_gap_limited no NaN,PASS,segments=13
ABae-stratified-confirmed B=100 s=1 K1_gap_limited nonnegative duration,PASS,segments=13
ABae-stratified-confirmed B=100 s=1 K2_gap_duration confirmed anchor,PASS,segments=16
ABae-stratified-confirmed B=100 s=1 K2_gap_duration no NaN,PASS,segments=16
ABae-stratified-confirmed B=100 s=1 K2_gap_duration nonnegative duration,PASS,segments=16
ABae-stratified-confirmed B=100 s=1 K2_gap_duration duration cap,PASS,D_seg_max=60.0
ABae-stratified-confirmed B=100 s=1 K3_gap_duration_negative_barrier confirmed anchor,PASS,segments=19
ABae-stratified-confirmed B=100 s=1 K3_gap_duration_negative_barrier no NaN,PASS,segments=19
ABae-stratified-confirmed B=100 s=1 K3_gap_duration_negative_barrier nonnegative duration,PASS,segments=19
ABae-stratified-confirmed B=100 s=1 K3_gap_duration_negative_barrier duration cap,PASS,D_seg_max=60.0
ABae-stratified-confirmed B=100 s=1 K3_gap_duration_negative_barrier negative barrier,PASS,negatives=69
ABae-stratified-confirmed B=100 s=1 K4_gap_duration_negative_barrier_selected_expand confirmed anchor,PASS,segments=19
ABae-stratified-confirmed B=100 s=1 K4_gap_duration_negative_barrier_selected_expand no NaN,PASS,segments=19
ABae-stratified-confirmed B=100 s=1 K4_gap_duration_negative_barrier_selected_expand nonnegative duration,PASS,segments=19
ABae-stratified-confirmed B=100 s=1 K4_gap_duration_negative_barrier_selected_expand duration cap,PASS,D_seg_max=60.0
ABae-stratified-confirmed B=100 s=1 K4_gap_duration_negative_barrier_selected_expand negative barrier,PASS,negatives=69
ABae-stratified-confirmed B=100 s=1 K4 expansion no unconfirmed seed,PASS,every segment contains queried positive anchor
ABae-stratified-confirmed B=100 s=2 oracle order,PASS,calls=100
ABae-stratified-confirmed B=100 s=2 calls <= budget,PASS,calls=100 budget=100
ABae-stratified-confirmed B=100 s=2 C6_full_EVENT_MATERIALIZE confirmed anchor,PASS,segments=21
ABae-stratified-confirmed B=100 s=2 C6_full_EVENT_MATERIALIZE no NaN,PASS,segments=21
ABae-stratified-confirmed B=100 s=2 C6_full_EVENT_MATERIALIZE nonnegative duration,PASS,segments=21
ABae-stratified-confirmed B=100 s=2 C6_full_EVENT_MATERIALIZE duration cap,PASS,D_seg_max=60.0
ABae-stratified-confirmed B=100 s=2 C6_full_EVENT_MATERIALIZE negative barrier,PASS,negatives=68
ABae-stratified-confirmed B=100 s=2 K0_naive_merge confirmed anchor,PASS,segments=1
ABae-stratified-confirmed B=100 s=2 K0_naive_merge no NaN,PASS,segments=1
ABae-stratified-confirmed B=100 s=2 K0_naive_merge nonnegative duration,PASS,segments=1
ABae-stratified-confirmed B=100 s=2 K1_gap_limited confirmed anchor,PASS,segments=13
ABae-stratified-confirmed B=100 s=2 K1_gap_limited no NaN,PASS,segments=13
ABae-stratified-confirmed B=100 s=2 K1_gap_limited nonnegative duration,PASS,segments=13
ABae-stratified-confirmed B=100 s=2 K2_gap_duration confirmed anchor,PASS,segments=16
ABae-stratified-confirmed B=100 s=2 K2_gap_duration no NaN,PASS,segments=16
ABae-stratified-confirmed B=100 s=2 K2_gap_duration nonnegative duration,PASS,segments=16
ABae-stratified-confirmed B=100 s=2 K2_gap_duration duration cap,PASS,D_seg_max=60.0
ABae-stratified-confirmed B=100 s=2 K3_gap_duration_negative_barrier confirmed anchor,PASS,segments=21
ABae-stratified-confirmed B=100 s=2 K3_gap_duration_negative_barrier no NaN,PASS,segments=21
ABae-stratified-confirmed B=100 s=2 K3_gap_duration_negative_barrier nonnegative duration,PASS,segments=21
ABae-stratified-confirmed B=100 s=2 K3_gap_duration_negative_barrier duration cap,PASS,D_seg_max=60.0
ABae-stratified-confirmed B=100 s=2 K3_gap_duration_negative_barrier negative barrier,PASS,negatives=68
ABae-stratified-confirmed B=100 s=2 K4_gap_duration_negative_barrier_selected_expand confirmed anchor,PASS,segments=21
ABae-stratified-confirmed B=100 s=2 K4_gap_duration_negative_barrier_selected_expand no NaN,PASS,segments=21
ABae-stratified-confirmed B=100 s=2 K4_gap_duration_negative_barrier_selected_expand nonnegative duration,PASS,segments=21
ABae-stratified-confirmed B=100 s=2 K4_gap_duration_negative_barrier_selected_expand duration cap,PASS,D_seg_max=60.0
ABae-stratified-confirmed B=100 s=2 K4_gap_duration_negative_barrier_selected_expand negative barrier,PASS,negatives=68
ABae-stratified-confirmed B=100 s=2 K4 expansion no unconfirmed seed,PASS,every segment contains queried positive anchor
ABae-stratified-confirmed B=100 s=3 oracle order,PASS,calls=100
ABae-stratified-confirmed B=100 s=3 calls <= budget,PASS,calls=100 budget=100
ABae-stratified-confirmed B=100 s=3 C6_full_EVENT_MATERIALIZE confirmed anchor,PASS,segments=20
ABae-stratified-confirmed B=100 s=3 C6_full_EVENT_MATERIALIZE no NaN,PASS,segments=20
ABae-stratified-confirmed B=100 s=3 C6_full_EVENT_MATERIALIZE nonnegative duration,PASS,segments=20
ABae-stratified-confirmed B=100 s=3 C6_full_EVENT_MATERIALIZE duration cap,PASS,D_seg_max=60.0
ABae-stratified-confirmed B=100 s=3 C6_full_EVENT_MATERIALIZE negative barrier,PASS,negatives=68
ABae-stratified-confirmed B=100 s=3 K0_naive_merge confirmed anchor,PASS,segments=1
ABae-stratified-confirmed B=100 s=3 K0_naive_merge no NaN,PASS,segments=1
ABae-stratified-confirmed B=100 s=3 K0_naive_merge nonnegative duration,PASS,segments=1
ABae-stratified-confirmed B=100 s=3 K1_gap_limited confirmed anchor,PASS,segments=13
ABae-stratified-confirmed B=100 s=3 K1_gap_limited no NaN,PASS,segments=13
ABae-stratified-confirmed B=100 s=3 K1_gap_limited nonnegative duration,PASS,segments=13
ABae-stratified-confirmed B=100 s=3 K2_gap_duration confirmed anchor,PASS,segments=16
ABae-stratified-confirmed B=100 s=3 K2_gap_duration no NaN,PASS,segments=16
ABae-stratified-confirmed B=100 s=3 K2_gap_duration nonnegative duration,PASS,segments=16
ABae-stratified-confirmed B=100 s=3 K2_gap_duration duration cap,PASS,D_seg_max=60.0
ABae-stratified-confirmed B=100 s=3 K3_gap_duration_negative_barrier confirmed anchor,PASS,segments=20
ABae-stratified-confirmed B=100 s=3 K3_gap_duration_negative_barrier no NaN,PASS,segments=20
ABae-stratified-confirmed B=100 s=3 K3_gap_duration_negative_barrier nonnegative duration,PASS,segments=20
ABae-stratified-confirmed B=100 s=3 K3_gap_duration_negative_barrier duration cap,PASS,D_seg_max=60.0
ABae-stratified-confirmed B=100 s=3 K3_gap_duration_negative_barrier negative barrier,PASS,negatives=68
ABae-stratified-confirmed B=100 s=3 K4_gap_duration_negative_barrier_selected_expand confirmed anchor,PASS,segments=20
ABae-stratified-confirmed B=100 s=3 K4_gap_duration_negative_barrier_selected_expand no NaN,PASS,segments=20
ABae-stratified-confirmed B=100 s=3 K4_gap_duration_negative_barrier_selected_expand nonnegative duration,PASS,segments=20
ABae-stratified-confirmed B=100 s=3 K4_gap_duration_negative_barrier_selected_expand duration cap,PASS,D_seg_max=60.0
ABae-stratified-confirmed B=100 s=3 K4_gap_duration_negative_barrier_selected_expand negative barrier,PASS,negatives=68
ABae-stratified-confirmed B=100 s=3 K4 expansion no unconfirmed seed,PASS,every segment contains queried positive anchor
ABae-stratified-confirmed B=100 s=4 oracle order,PASS,calls=100
ABae-stratified-confirmed B=100 s=4 calls <= budget,PASS,calls=100 budget=100
ABae-stratified-confirmed B=100 s=4 C6_full_EVENT_MATERIALIZE confirmed anchor,PASS,segments=19
ABae-stratified-confirmed B=100 s=4 C6_full_EVENT_MATERIALIZE no NaN,PASS,segments=19
ABae-stratified-confirmed B=100 s=4 C6_full_EVENT_MATERIALIZE nonnegative duration,PASS,segments=19
ABae-stratified-confirmed B=100 s=4 C6_full_EVENT_MATERIALIZE duration cap,PASS,D_seg_max=60.0
ABae-stratified-confirmed B=100 s=4 C6_full_EVENT_MATERIALIZE negative barrier,PASS,negatives=72
ABae-stratified-confirmed B=100 s=4 K0_naive_merge confirmed anchor,PASS,segments=1
ABae-stratified-confirmed B=100 s=4 K0_naive_merge no NaN,PASS,segments=1
ABae-stratified-confirmed B=100 s=4 K0_naive_merge nonnegative duration,PASS,segments=1
ABae-stratified-confirmed B=100 s=4 K1_gap_limited confirmed anchor,PASS,segments=12
ABae-stratified-confirmed B=100 s=4 K1_gap_limited no NaN,PASS,segments=12
ABae-stratified-confirmed B=100 s=4 K1_gap_limited nonnegative duration,PASS,segments=12
ABae-stratified-confirmed B=100 s=4 K2_gap_duration confirmed anchor,PASS,segments=15
ABae-stratified-confirmed B=100 s=4 K2_gap_duration no NaN,PASS,segments=15
ABae-stratified-confirmed B=100 s=4 K2_gap_duration nonnegative duration,PASS,segments=15
ABae-stratified-confirmed B=100 s=4 K2_gap_duration duration cap,PASS,D_seg_max=60.0
ABae-stratified-confirmed B=100 s=4 K3_gap_duration_negative_barrier confirmed anchor,PASS,segments=19
ABae-stratified-confirmed B=100 s=4 K3_gap_duration_negative_barrier no NaN,PASS,segments=19
ABae-stratified-confirmed B=100 s=4 K3_gap_duration_negative_barrier nonnegative duration,PASS,segments=19
ABae-stratified-confirmed B=100 s=4 K3_gap_duration_negative_barrier duration cap,PASS,D_seg_max=60.0
ABae-stratified-confirmed B=100 s=4 K3_gap_duration_negative_barrier negative barrier,PASS,negatives=72
ABae-stratified-confirmed B=100 s=4 K4_gap_duration_negative_barrier_selected_expand confirmed anchor,PASS,segments=19
ABae-stratified-confirmed B=100 s=4 K4_gap_duration_negative_barrier_selected_expand no NaN,PASS,segments=19
ABae-stratified-confirmed B=100 s=4 K4_gap_duration_negative_barrier_selected_expand nonnegative duration,PASS,segments=19
ABae-stratified-confirmed B=100 s=4 K4_gap_duration_negative_barrier_selected_expand duration cap,PASS,D_seg_max=60.0
ABae-stratified-confirmed B=100 s=4 K4_gap_duration_negative_barrier_selected_expand negative barrier,PASS,negatives=72
ABae-stratified-confirmed B=100 s=4 K4 expansion no unconfirmed seed,PASS,every segment contains queried positive anchor
ABae-stratified-confirmed B=10 s=0 oracle order,PASS,calls=10
ABae-stratified-confirmed B=10 s=0 calls <= budget,PASS,calls=10 budget=10
ABae-stratified-confirmed B=10 s=0 C6_full_EVENT_MATERIALIZE confirmed anchor,PASS,segments=3
ABae-stratified-confirmed B=10 s=0 C6_full_EVENT_MATERIALIZE no NaN,PASS,segments=3
ABae-stratified-confirmed B=10 s=0 C6_full_EVENT_MATERIALIZE nonnegative duration,PASS,segments=3
ABae-stratified-confirmed B=10 s=0 C6_full_EVENT_MATERIALIZE duration cap,PASS,D_seg_max=60.0
ABae-stratified-confirmed B=10 s=0 C6_full_EVENT_MATERIALIZE negative barrier,PASS,negatives=7
ABae-stratified-confirmed B=10 s=0 K0_naive_merge confirmed anchor,PASS,segments=1
ABae-stratified-confirmed B=10 s=0 K0_naive_merge no NaN,PASS,segments=1
ABae-stratified-confirmed B=10 s=0 K0_naive_merge nonnegative duration,PASS,segments=1
ABae-stratified-confirmed B=10 s=0 K1_gap_limited confirmed anchor,PASS,segments=3
ABae-stratified-confirmed B=10 s=0 K1_gap_limited no NaN,PASS,segments=3
ABae-stratified-confirmed B=10 s=0 K1_gap_limited nonnegative duration,PASS,segments=3
ABae-stratified-confirmed B=10 s=0 K2_gap_duration confirmed anchor,PASS,segments=3
ABae-stratified-confirmed B=10 s=0 K2_gap_duration no NaN,PASS,segments=3
ABae-stratified-confirmed B=10 s=0 K2_gap_duration nonnegative duration,PASS,segments=3
ABae-stratified-confirmed B=10 s=0 K2_gap_duration duration cap,PASS,D_seg_max=60.0
ABae-stratified-confirmed B=10 s=0 K3_gap_duration_negative_barrier confirmed anchor,PASS,segments=3
ABae-stratified-confirmed B=10 s=0 K3_gap_duration_negative_barrier no NaN,PASS,segments=3
ABae-stratified-confirmed B=10 s=0 K3_gap_duration_negative_barrier nonnegative duration,PASS,segments=3
ABae-stratified-confirmed B=10 s=0 K3_gap_duration_negative_barrier duration cap,PASS,D_seg_max=60.0
ABae-stratified-confirmed B=10 s=0 K3_gap_duration_negative_barrier negative barrier,PASS,negatives=7
ABae-stratified-confirmed B=10 s=0 K4_gap_duration_negative_barrier_selected_expand confirmed anchor,PASS,segments=3
ABae-stratified-confirmed B=10 s=0 K4_gap_duration_negative_barrier_selected_expand no NaN,PASS,segments=3
ABae-stratified-confirmed B=10 s=0 K4_gap_duration_negative_barrier_selected_expand nonnegative duration,PASS,segments=3
ABae-stratified-confirmed B=10 s=0 K4_gap_duration_negative_barrier_selected_expand duration cap,PASS,D_seg_max=60.0
ABae-stratified-confirmed B=10 s=0 K4_gap_duration_negative_barrier_selected_expand negative barrier,PASS,negatives=7
ABae-stratified-confirmed B=10 s=0 K4 expansion no unconfirmed seed,PASS,every segment contains queried positive anchor
ABae-stratified-confirmed B=10 s=1 oracle order,PASS,calls=10
ABae-stratified-confirmed B=10 s=1 calls <= budget,PASS,calls=10 budget=10
ABae-stratified-confirmed B=10 s=1 C6_full_EVENT_MATERIALIZE confirmed anchor,PASS,segments=2
ABae-stratified-confirmed B=10 s=1 C6_full_EVENT_MATERIALIZE no NaN,PASS,segments=2
ABae-stratified-confirmed B=10 s=1 C6_full_EVENT_MATERIALIZE nonnegative duration,PASS,segments=2
ABae-stratified-confirmed B=10 s=1 C6_full_EVENT_MATERIALIZE duration cap,PASS,D_seg_max=60.0
ABae-stratified-confirmed B=10 s=1 C6_full_EVENT_MATERIALIZE negative barrier,PASS,negatives=6
ABae-stratified-confirmed B=10 s=1 K0_naive_merge confirmed anchor,PASS,segments=1
ABae-stratified-confirmed B=10 s=1 K0_naive_merge no NaN,PASS,segments=1
ABae-stratified-confirmed B=10 s=1 K0_naive_merge nonnegative duration,PASS,segments=1
ABae-stratified-confirmed B=10 s=1 K1_gap_limited confirmed anchor,PASS,segments=2
ABae-stratified-confirmed B=10 s=1 K1_gap_limited no NaN,PASS,segments=2
ABae-stratified-confirmed B=10 s=1 K1_gap_limited nonnegative duration,PASS,segments=2
ABae-stratified-confirmed B=10 s=1 K2_gap_duration confirmed anchor,PASS,segments=2
ABae-stratified-confirmed B=10 s=1 K2_gap_duration no NaN,PASS,segments=2
ABae-stratified-confirmed B=10 s=1 K2_gap_duration nonnegative duration,PASS,segments=2
ABae-stratified-confirmed B=10 s=1 K2_gap_duration duration cap,PASS,D_seg_max=60.0
ABae-stratified-confirmed B=10 s=1 K3_gap_duration_negative_barrier confirmed anchor,PASS,segments=2
ABae-stratified-confirmed B=10 s=1 K3_gap_duration_negative_barrier no NaN,PASS,segments=2
ABae-stratified-confirmed B=10 s=1 K3_gap_duration_negative_barrier nonnegative duration,PASS,segments=2
ABae-stratified-confirmed B=10 s=1 K3_gap_duration_negative_barrier duration cap,PASS,D_seg_max=60.0
ABae-stratified-confirmed B=10 s=1 K3_gap_duration_negative_barrier negative barrier,PASS,negatives=6
ABae-stratified-confirmed B=10 s=1 K4_gap_duration_negative_barrier_selected_expand confirmed anchor,PASS,segments=2
ABae-stratified-confirmed B=10 s=1 K4_gap_duration_negative_barrier_selected_expand no NaN,PASS,segments=2
ABae-stratified-confirmed B=10 s=1 K4_gap_duration_negative_barrier_selected_expand nonnegative duration,PASS,segments=2
ABae-stratified-confirmed B=10 s=1 K4_gap_duration_negative_barrier_selected_expand duration cap,PASS,D_seg_max=60.0
ABae-stratified-confirmed B=10 s=1 K4_gap_duration_negative_barrier_selected_expand negative barrier,PASS,negatives=6
ABae-stratified-confirmed B=10 s=1 K4 expansion no unconfirmed seed,PASS,every segment contains queried positive anchor
ABae-stratified-confirmed B=10 s=2 oracle order,PASS,calls=10
ABae-stratified-confirmed B=10 s=2 calls <= budget,PASS,calls=10 budget=10
ABae-stratified-confirmed B=10 s=2 C6_full_EVENT_MATERIALIZE confirmed anchor,PASS,segments=5
ABae-stratified-confirmed B=10 s=2 C6_full_EVENT_MATERIALIZE no NaN,PASS,segments=5
ABae-stratified-confirmed B=10 s=2 C6_full_EVENT_MATERIALIZE nonnegative duration,PASS,segments=5
ABae-stratified-confirmed B=10 s=2 C6_full_EVENT_MATERIALIZE duration cap,PASS,D_seg_max=60.0
ABae-stratified-confirmed B=10 s=2 C6_full_EVENT_MATERIALIZE negative barrier,PASS,negatives=5
ABae-stratified-confirmed B=10 s=2 K0_naive_merge confirmed anchor,PASS,segments=1
ABae-stratified-confirmed B=10 s=2 K0_naive_merge no NaN,PASS,segments=1
ABae-stratified-confirmed B=10 s=2 K0_naive_merge nonnegative duration,PASS,segments=1
ABae-stratified-confirmed B=10 s=2 K1_gap_limited confirmed anchor,PASS,segments=5
ABae-stratified-confirmed B=10 s=2 K1_gap_limited no NaN,PASS,segments=5
ABae-stratified-confirmed B=10 s=2 K1_gap_limited nonnegative duration,PASS,segments=5
ABae-stratified-confirmed B=10 s=2 K2_gap_duration confirmed anchor,PASS,segments=5
ABae-stratified-confirmed B=10 s=2 K2_gap_duration no NaN,PASS,segments=5
ABae-stratified-confirmed B=10 s=2 K2_gap_duration nonnegative duration,PASS,segments=5
ABae-stratified-confirmed B=10 s=2 K2_gap_duration duration cap,PASS,D_seg_max=60.0
ABae-stratified-confirmed B=10 s=2 K3_gap_duration_negative_barrier confirmed anchor,PASS,segments=5
ABae-stratified-confirmed B=10 s=2 K3_gap_duration_negative_barrier no NaN,PASS,segments=5
ABae-stratified-confirmed B=10 s=2 K3_gap_duration_negative_barrier nonnegative duration,PASS,segments=5
ABae-stratified-confirmed B=10 s=2 K3_gap_duration_negative_barrier duration cap,PASS,D_seg_max=60.0
ABae-stratified-confirmed B=10 s=2 K3_gap_duration_negative_barrier negative barrier,PASS,negatives=5
ABae-stratified-confirmed B=10 s=2 K4_gap_duration_negative_barrier_selected_expand confirmed anchor,PASS,segments=5
ABae-stratified-confirmed B=10 s=2 K4_gap_duration_negative_barrier_selected_expand no NaN,PASS,segments=5
ABae-stratified-confirmed B=10 s=2 K4_gap_duration_negative_barrier_selected_expand nonnegative duration,PASS,segments=5
ABae-stratified-confirmed B=10 s=2 K4_gap_duration_negative_barrier_selected_expand duration cap,PASS,D_seg_max=60.0
ABae-stratified-confirmed B=10 s=2 K4_gap_duration_negative_barrier_selected_expand negative barrier,PASS,negatives=5
ABae-stratified-confirmed B=10 s=2 K4 expansion no unconfirmed seed,PASS,every segment contains queried positive anchor
ABae-stratified-confirmed B=10 s=3 oracle order,PASS,calls=10
ABae-stratified-confirmed B=10 s=3 calls <= budget,PASS,calls=10 budget=10
ABae-stratified-confirmed B=10 s=3 C6_full_EVENT_MATERIALIZE confirmed anchor,PASS,segments=4
ABae-stratified-confirmed B=10 s=3 C6_full_EVENT_MATERIALIZE no NaN,PASS,segments=4
ABae-stratified-confirmed B=10 s=3 C6_full_EVENT_MATERIALIZE nonnegative duration,PASS,segments=4
ABae-stratified-confirmed B=10 s=3 C6_full_EVENT_MATERIALIZE duration cap,PASS,D_seg_max=60.0
ABae-stratified-confirmed B=10 s=3 C6_full_EVENT_MATERIALIZE negative barrier,PASS,negatives=6
ABae-stratified-confirmed B=10 s=3 K0_naive_merge confirmed anchor,PASS,segments=1
ABae-stratified-confirmed B=10 s=3 K0_naive_merge no NaN,PASS,segments=1
ABae-stratified-confirmed B=10 s=3 K0_naive_merge nonnegative duration,PASS,segments=1
ABae-stratified-confirmed B=10 s=3 K1_gap_limited confirmed anchor,PASS,segments=4
ABae-stratified-confirmed B=10 s=3 K1_gap_limited no NaN,PASS,segments=4
ABae-stratified-confirmed B=10 s=3 K1_gap_limited nonnegative duration,PASS,segments=4
ABae-stratified-confirmed B=10 s=3 K2_gap_duration confirmed anchor,PASS,segments=4
ABae-stratified-confirmed B=10 s=3 K2_gap_duration no NaN,PASS,segments=4
ABae-stratified-confirmed B=10 s=3 K2_gap_duration nonnegative duration,PASS,segments=4
ABae-stratified-confirmed B=10 s=3 K2_gap_duration duration cap,PASS,D_seg_max=60.0
ABae-stratified-confirmed B=10 s=3 K3_gap_duration_negative_barrier confirmed anchor,PASS,segments=4
ABae-stratified-confirmed B=10 s=3 K3_gap_duration_negative_barrier no NaN,PASS,segments=4
ABae-stratified-confirmed B=10 s=3 K3_gap_duration_negative_barrier nonnegative duration,PASS,segments=4
ABae-stratified-confirmed B=10 s=3 K3_gap_duration_negative_barrier duration cap,PASS,D_seg_max=60.0
ABae-stratified-confirmed B=10 s=3 K3_gap_duration_negative_barrier negative barrier,PASS,negatives=6
ABae-stratified-confirmed B=10 s=3 K4_gap_duration_negative_barrier_selected_expand confirmed anchor,PASS,segments=4
ABae-stratified-confirmed B=10 s=3 K4_gap_duration_negative_barrier_selected_expand no NaN,PASS,segments=4
ABae-stratified-confirmed B=10 s=3 K4_gap_duration_negative_barrier_selected_expand nonnegative duration,PASS,segments=4
ABae-stratified-confirmed B=10 s=3 K4_gap_duration_negative_barrier_selected_expand duration cap,PASS,D_seg_max=60.0
ABae-stratified-confirmed B=10 s=3 K4_gap_duration_negative_barrier_selected_expand negative barrier,PASS,negatives=6
ABae-stratified-confirmed B=10 s=3 K4 expansion no unconfirmed seed,PASS,every segment contains queried positive anchor
ABae-stratified-confirmed B=10 s=4 oracle order,PASS,calls=10
ABae-stratified-confirmed B=10 s=4 calls <= budget,PASS,calls=10 budget=10
ABae-stratified-confirmed B=10 s=4 C6_full_EVENT_MATERIALIZE confirmed anchor,PASS,segments=2
ABae-stratified-confirmed B=10 s=4 C6_full_EVENT_MATERIALIZE no NaN,PASS,segments=2
ABae-stratified-confirmed B=10 s=4 C6_full_EVENT_MATERIALIZE nonnegative duration,PASS,segments=2
ABae-stratified-confirmed B=10 s=4 C6_full_EVENT_MATERIALIZE duration cap,PASS,D_seg_max=60.0
ABae-stratified-confirmed B=10 s=4 C6_full_EVENT_MATERIALIZE negative barrier,PASS,negatives=8
ABae-stratified-confirmed B=10 s=4 K0_naive_merge confirmed anchor,PASS,segments=1
ABae-stratified-confirmed B=10 s=4 K0_naive_merge no NaN,PASS,segments=1
ABae-stratified-confirmed B=10 s=4 K0_naive_merge nonnegative duration,PASS,segments=1
ABae-stratified-confirmed B=10 s=4 K1_gap_limited confirmed anchor,PASS,segments=2
ABae-stratified-confirmed B=10 s=4 K1_gap_limited no NaN,PASS,segments=2
ABae-stratified-confirmed B=10 s=4 K1_gap_limited nonnegative duration,PASS,segments=2
ABae-stratified-confirmed B=10 s=4 K2_gap_duration confirmed anchor,PASS,segments=2
ABae-stratified-confirmed B=10 s=4 K2_gap_duration no NaN,PASS,segments=2
ABae-stratified-confirmed B=10 s=4 K2_gap_duration nonnegative duration,PASS,segments=2
ABae-stratified-confirmed B=10 s=4 K2_gap_duration duration cap,PASS,D_seg_max=60.0
ABae-stratified-confirmed B=10 s=4 K3_gap_duration_negative_barrier confirmed anchor,PASS,segments=2
ABae-stratified-confirmed B=10 s=4 K3_gap_duration_negative_barrier no NaN,PASS,segments=2
ABae-stratified-confirmed B=10 s=4 K3_gap_duration_negative_barrier nonnegative duration,PASS,segments=2
ABae-stratified-confirmed B=10 s=4 K3_gap_duration_negative_barrier duration cap,PASS,D_seg_max=60.0
ABae-stratified-confirmed B=10 s=4 K3_gap_duration_negative_barrier negative barrier,PASS,negatives=8
ABae-stratified-confirmed B=10 s=4 K4_gap_duration_negative_barrier_selected_expand confirmed anchor,PASS,segments=2
ABae-stratified-confirmed B=10 s=4 K4_gap_duration_negative_barrier_selected_expand no NaN,PASS,segments=2
ABae-stratified-confirmed B=10 s=4 K4_gap_duration_negative_barrier_selected_expand nonnegative duration,PASS,segments=2
ABae-stratified-confirmed B=10 s=4 K4_gap_duration_negative_barrier_selected_expand duration cap,PASS,D_seg_max=60.0
ABae-stratified-confirmed B=10 s=4 K4_gap_duration_negative_barrier_selected_expand negative barrier,PASS,negatives=8
ABae-stratified-confirmed B=10 s=4 K4 expansion no unconfirmed seed,PASS,every segment contains queried positive anchor
ABae-stratified-confirmed B=20 s=0 oracle order,PASS,calls=20
ABae-stratified-confirmed B=20 s=0 calls <= budget,PASS,calls=20 budget=20
ABae-stratified-confirmed B=20 s=0 C6_full_EVENT_MATERIALIZE confirmed anchor,PASS,segments=3
ABae-stratified-confirmed B=20 s=0 C6_full_EVENT_MATERIALIZE no NaN,PASS,segments=3
ABae-stratified-confirmed B=20 s=0 C6_full_EVENT_MATERIALIZE nonnegative duration,PASS,segments=3
ABae-stratified-confirmed B=20 s=0 C6_full_EVENT_MATERIALIZE duration cap,PASS,D_seg_max=60.0
ABae-stratified-confirmed B=20 s=0 C6_full_EVENT_MATERIALIZE negative barrier,PASS,negatives=17
ABae-stratified-confirmed B=20 s=0 K0_naive_merge confirmed anchor,PASS,segments=1
ABae-stratified-confirmed B=20 s=0 K0_naive_merge no NaN,PASS,segments=1
ABae-stratified-confirmed B=20 s=0 K0_naive_merge nonnegative duration,PASS,segments=1
ABae-stratified-confirmed B=20 s=0 K1_gap_limited confirmed anchor,PASS,segments=3
ABae-stratified-confirmed B=20 s=0 K1_gap_limited no NaN,PASS,segments=3
ABae-stratified-confirmed B=20 s=0 K1_gap_limited nonnegative duration,PASS,segments=3
ABae-stratified-confirmed B=20 s=0 K2_gap_duration confirmed anchor,PASS,segments=3
ABae-stratified-confirmed B=20 s=0 K2_gap_duration no NaN,PASS,segments=3
ABae-stratified-confirmed B=20 s=0 K2_gap_duration nonnegative duration,PASS,segments=3
ABae-stratified-confirmed B=20 s=0 K2_gap_duration duration cap,PASS,D_seg_max=60.0
ABae-stratified-confirmed B=20 s=0 K3_gap_duration_negative_barrier confirmed anchor,PASS,segments=3
ABae-stratified-confirmed B=20 s=0 K3_gap_duration_negative_barrier no NaN,PASS,segments=3
ABae-stratified-confirmed B=20 s=0 K3_gap_duration_negative_barrier nonnegative duration,PASS,segments=3
ABae-stratified-confirmed B=20 s=0 K3_gap_duration_negative_barrier duration cap,PASS,D_seg_max=60.0
ABae-stratified-confirmed B=20 s=0 K3_gap_duration_negative_barrier negative barrier,PASS,negatives=17
ABae-stratified-confirmed B=20 s=0 K4_gap_duration_negative_barrier_selected_expand confirmed anchor,PASS,segments=3
ABae-stratified-confirmed B=20 s=0 K4_gap_duration_negative_barrier_selected_expand no NaN,PASS,segments=3
ABae-stratified-confirmed B=20 s=0 K4_gap_duration_negative_barrier_selected_expand nonnegative duration,PASS,segments=3
ABae-stratified-confirmed B=20 s=0 K4_gap_duration_negative_barrier_selected_expand duration cap,PASS,D_seg_max=60.0
ABae-stratified-confirmed B=20 s=0 K4_gap_duration_negative_barrier_selected_expand negative barrier,PASS,negatives=17
ABae-stratified-confirmed B=20 s=0 K4 expansion no unconfirmed seed,PASS,every segment contains queried positive anchor
ABae-stratified-confirmed B=20 s=1 oracle order,PASS,calls=20
ABae-stratified-confirmed B=20 s=1 calls <= budget,PASS,calls=20 budget=20
ABae-stratified-confirmed B=20 s=1 C6_full_EVENT_MATERIALIZE confirmed anchor,PASS,segments=6
ABae-stratified-confirmed B=20 s=1 C6_full_EVENT_MATERIALIZE no NaN,PASS,segments=6
ABae-stratified-confirmed B=20 s=1 C6_full_EVENT_MATERIALIZE nonnegative duration,PASS,segments=6
ABae-stratified-confirmed B=20 s=1 C6_full_EVENT_MATERIALIZE duration cap,PASS,D_seg_max=60.0
ABae-stratified-confirmed B=20 s=1 C6_full_EVENT_MATERIALIZE negative barrier,PASS,negatives=13
ABae-stratified-confirmed B=20 s=1 K0_naive_merge confirmed anchor,PASS,segments=1
ABae-stratified-confirmed B=20 s=1 K0_naive_merge no NaN,PASS,segments=1
ABae-stratified-confirmed B=20 s=1 K0_naive_merge nonnegative duration,PASS,segments=1
ABae-stratified-confirmed B=20 s=1 K1_gap_limited confirmed anchor,PASS,segments=6
ABae-stratified-confirmed B=20 s=1 K1_gap_limited no NaN,PASS,segments=6
ABae-stratified-confirmed B=20 s=1 K1_gap_limited nonnegative duration,PASS,segments=6
ABae-stratified-confirmed B=20 s=1 K2_gap_duration confirmed anchor,PASS,segments=6
ABae-stratified-confirmed B=20 s=1 K2_gap_duration no NaN,PASS,segments=6
ABae-stratified-confirmed B=20 s=1 K2_gap_duration nonnegative duration,PASS,segments=6
ABae-stratified-confirmed B=20 s=1 K2_gap_duration duration cap,PASS,D_seg_max=60.0
ABae-stratified-confirmed B=20 s=1 K3_gap_duration_negative_barrier confirmed anchor,PASS,segments=6
ABae-stratified-confirmed B=20 s=1 K3_gap_duration_negative_barrier no NaN,PASS,segments=6
ABae-stratified-confirmed B=20 s=1 K3_gap_duration_negative_barrier nonnegative duration,PASS,segments=6
ABae-stratified-confirmed B=20 s=1 K3_gap_duration_negative_barrier duration cap,PASS,D_seg_max=60.0
ABae-stratified-confirmed B=20 s=1 K3_gap_duration_negative_barrier negative barrier,PASS,negatives=13
ABae-stratified-confirmed B=20 s=1 K4_gap_duration_negative_barrier_selected_expand confirmed anchor,PASS,segments=6
ABae-stratified-confirmed B=20 s=1 K4_gap_duration_negative_barrier_selected_expand no NaN,PASS,segments=6
ABae-stratified-confirmed B=20 s=1 K4_gap_duration_negative_barrier_selected_expand nonnegative duration,PASS,segments=6
ABae-stratified-confirmed B=20 s=1 K4_gap_duration_negative_barrier_selected_expand duration cap,PASS,D_seg_max=60.0
ABae-stratified-confirmed B=20 s=1 K4_gap_duration_negative_barrier_selected_expand negative barrier,PASS,negatives=13
ABae-stratified-confirmed B=20 s=1 K4 expansion no unconfirmed seed,PASS,every segment contains queried positive anchor
ABae-stratified-confirmed B=20 s=2 oracle order,PASS,calls=20
ABae-stratified-confirmed B=20 s=2 calls <= budget,PASS,calls=20 budget=20
ABae-stratified-confirmed B=20 s=2 C6_full_EVENT_MATERIALIZE confirmed anchor,PASS,segments=7
ABae-stratified-confirmed B=20 s=2 C6_full_EVENT_MATERIALIZE no NaN,PASS,segments=7
ABae-stratified-confirmed B=20 s=2 C6_full_EVENT_MATERIALIZE nonnegative duration,PASS,segments=7
ABae-stratified-confirmed B=20 s=2 C6_full_EVENT_MATERIALIZE duration cap,PASS,D_seg_max=60.0
ABae-stratified-confirmed B=20 s=2 C6_full_EVENT_MATERIALIZE negative barrier,PASS,negatives=10
ABae-stratified-confirmed B=20 s=2 K0_naive_merge confirmed anchor,PASS,segments=1
ABae-stratified-confirmed B=20 s=2 K0_naive_merge no NaN,PASS,segments=1
ABae-stratified-confirmed B=20 s=2 K0_naive_merge nonnegative duration,PASS,segments=1
ABae-stratified-confirmed B=20 s=2 K1_gap_limited confirmed anchor,PASS,segments=7
ABae-stratified-confirmed B=20 s=2 K1_gap_limited no NaN,PASS,segments=7
ABae-stratified-confirmed B=20 s=2 K1_gap_limited nonnegative duration,PASS,segments=7
ABae-stratified-confirmed B=20 s=2 K2_gap_duration confirmed anchor,PASS,segments=7
ABae-stratified-confirmed B=20 s=2 K2_gap_duration no NaN,PASS,segments=7
ABae-stratified-confirmed B=20 s=2 K2_gap_duration nonnegative duration,PASS,segments=7
ABae-stratified-confirmed B=20 s=2 K2_gap_duration duration cap,PASS,D_seg_max=60.0
ABae-stratified-confirmed B=20 s=2 K3_gap_duration_negative_barrier confirmed anchor,PASS,segments=7
ABae-stratified-confirmed B=20 s=2 K3_gap_duration_negative_barrier no NaN,PASS,segments=7
ABae-stratified-confirmed B=20 s=2 K3_gap_duration_negative_barrier nonnegative duration,PASS,segments=7
ABae-stratified-confirmed B=20 s=2 K3_gap_duration_negative_barrier duration cap,PASS,D_seg_max=60.0
ABae-stratified-confirmed B=20 s=2 K3_gap_duration_negative_barrier negative barrier,PASS,negatives=10
ABae-stratified-confirmed B=20 s=2 K4_gap_duration_negative_barrier_selected_expand confirmed anchor,PASS,segments=7
ABae-stratified-confirmed B=20 s=2 K4_gap_duration_negative_barrier_selected_expand no NaN,PASS,segments=7
ABae-stratified-confirmed B=20 s=2 K4_gap_duration_negative_barrier_selected_expand nonnegative duration,PASS,segments=7
ABae-stratified-confirmed B=20 s=2 K4_gap_duration_negative_barrier_selected_expand duration cap,PASS,D_seg_max=60.0
ABae-stratified-confirmed B=20 s=2 K4_gap_duration_negative_barrier_selected_expand negative barrier,PASS,negatives=10
ABae-stratified-confirmed B=20 s=2 K4 expansion no unconfirmed seed,PASS,every segment contains queried positive anchor
ABae-stratified-confirmed B=20 s=3 oracle order,PASS,calls=20
ABae-stratified-confirmed B=20 s=3 calls <= budget,PASS,calls=20 budget=20
ABae-stratified-confirmed B=20 s=3 C6_full_EVENT_MATERIALIZE confirmed anchor,PASS,segments=5
ABae-stratified-confirmed B=20 s=3 C6_full_EVENT_MATERIALIZE no NaN,PASS,segments=5
ABae-stratified-confirmed B=20 s=3 C6_full_EVENT_MATERIALIZE nonnegative duration,PASS,segments=5
ABae-stratified-confirmed B=20 s=3 C6_full_EVENT_MATERIALIZE duration cap,PASS,D_seg_max=60.0
ABae-stratified-confirmed B=20 s=3 C6_full_EVENT_MATERIALIZE negative barrier,PASS,negatives=15
ABae-stratified-confirmed B=20 s=3 K0_naive_merge confirmed anchor,PASS,segments=1
ABae-stratified-confirmed B=20 s=3 K0_naive_merge no NaN,PASS,segments=1
ABae-stratified-confirmed B=20 s=3 K0_naive_merge nonnegative duration,PASS,segments=1
ABae-stratified-confirmed B=20 s=3 K1_gap_limited confirmed anchor,PASS,segments=5
ABae-stratified-confirmed B=20 s=3 K1_gap_limited no NaN,PASS,segments=5
ABae-stratified-confirmed B=20 s=3 K1_gap_limited nonnegative duration,PASS,segments=5
ABae-stratified-confirmed B=20 s=3 K2_gap_duration confirmed anchor,PASS,segments=5
ABae-stratified-confirmed B=20 s=3 K2_gap_duration no NaN,PASS,segments=5
ABae-stratified-confirmed B=20 s=3 K2_gap_duration nonnegative duration,PASS,segments=5
ABae-stratified-confirmed B=20 s=3 K2_gap_duration duration cap,PASS,D_seg_max=60.0
ABae-stratified-confirmed B=20 s=3 K3_gap_duration_negative_barrier confirmed anchor,PASS,segments=5
ABae-stratified-confirmed B=20 s=3 K3_gap_duration_negative_barrier no NaN,PASS,segments=5
ABae-stratified-confirmed B=20 s=3 K3_gap_duration_negative_barrier nonnegative duration,PASS,segments=5
ABae-stratified-confirmed B=20 s=3 K3_gap_duration_negative_barrier duration cap,PASS,D_seg_max=60.0
ABae-stratified-confirmed B=20 s=3 K3_gap_duration_negative_barrier negative barrier,PASS,negatives=15
ABae-stratified-confirmed B=20 s=3 K4_gap_duration_negative_barrier_selected_expand confirmed anchor,PASS,segments=5
ABae-stratified-confirmed B=20 s=3 K4_gap_duration_negative_barrier_selected_expand no NaN,PASS,segments=5
ABae-stratified-confirmed B=20 s=3 K4_gap_duration_negative_barrier_selected_expand nonnegative duration,PASS,segments=5
ABae-stratified-confirmed B=20 s=3 K4_gap_duration_negative_barrier_selected_expand duration cap,PASS,D_seg_max=60.0
ABae-stratified-confirmed B=20 s=3 K4_gap_duration_negative_barrier_selected_expand negative barrier,PASS,negatives=15
ABae-stratified-confirmed B=20 s=3 K4 expansion no unconfirmed seed,PASS,every segment contains queried positive anchor
ABae-stratified-confirmed B=20 s=4 oracle order,PASS,calls=20
ABae-stratified-confirmed B=20 s=4 calls <= budget,PASS,calls=20 budget=20
ABae-stratified-confirmed B=20 s=4 C6_full_EVENT_MATERIALIZE confirmed anchor,PASS,segments=6
ABae-stratified-confirmed B=20 s=4 C6_full_EVENT_MATERIALIZE no NaN,PASS,segments=6
ABae-stratified-confirmed B=20 s=4 C6_full_EVENT_MATERIALIZE nonnegative duration,PASS,segments=6
ABae-stratified-confirmed B=20 s=4 C6_full_EVENT_MATERIALIZE duration cap,PASS,D_seg_max=60.0
ABae-stratified-confirmed B=20 s=4 C6_full_EVENT_MATERIALIZE negative barrier,PASS,negatives=12
ABae-stratified-confirmed B=20 s=4 K0_naive_merge confirmed anchor,PASS,segments=1
ABae-stratified-confirmed B=20 s=4 K0_naive_merge no NaN,PASS,segments=1
ABae-stratified-confirmed B=20 s=4 K0_naive_merge nonnegative duration,PASS,segments=1
ABae-stratified-confirmed B=20 s=4 K1_gap_limited confirmed anchor,PASS,segments=4
ABae-stratified-confirmed B=20 s=4 K1_gap_limited no NaN,PASS,segments=4
ABae-stratified-confirmed B=20 s=4 K1_gap_limited nonnegative duration,PASS,segments=4
ABae-stratified-confirmed B=20 s=4 K2_gap_duration confirmed anchor,PASS,segments=6
ABae-stratified-confirmed B=20 s=4 K2_gap_duration no NaN,PASS,segments=6
ABae-stratified-confirmed B=20 s=4 K2_gap_duration nonnegative duration,PASS,segments=6
ABae-stratified-confirmed B=20 s=4 K2_gap_duration duration cap,PASS,D_seg_max=60.0
ABae-stratified-confirmed B=20 s=4 K3_gap_duration_negative_barrier confirmed anchor,PASS,segments=6
ABae-stratified-confirmed B=20 s=4 K3_gap_duration_negative_barrier no NaN,PASS,segments=6
ABae-stratified-confirmed B=20 s=4 K3_gap_duration_negative_barrier nonnegative duration,PASS,segments=6
ABae-stratified-confirmed B=20 s=4 K3_gap_duration_negative_barrier duration cap,PASS,D_seg_max=60.0
ABae-stratified-confirmed B=20 s=4 K3_gap_duration_negative_barrier negative barrier,PASS,negatives=12
ABae-stratified-confirmed B=20 s=4 K4_gap_duration_negative_barrier_selected_expand confirmed anchor,PASS,segments=6
ABae-stratified-confirmed B=20 s=4 K4_gap_duration_negative_barrier_selected_expand no NaN,PASS,segments=6
ABae-stratified-confirmed B=20 s=4 K4_gap_duration_negative_barrier_selected_expand nonnegative duration,PASS,segments=6
ABae-stratified-confirmed B=20 s=4 K4_gap_duration_negative_barrier_selected_expand duration cap,PASS,D_seg_max=60.0
ABae-stratified-confirmed B=20 s=4 K4_gap_duration_negative_barrier_selected_expand negative barrier,PASS,negatives=12
ABae-stratified-confirmed B=20 s=4 K4 expansion no unconfirmed seed,PASS,every segment contains queried positive anchor
ABae-stratified-confirmed B=50 s=0 oracle order,PASS,calls=50
ABae-stratified-confirmed B=50 s=0 calls <= budget,PASS,calls=50 budget=50
ABae-stratified-confirmed B=50 s=0 C6_full_EVENT_MATERIALIZE confirmed anchor,PASS,segments=12
ABae-stratified-confirmed B=50 s=0 C6_full_EVENT_MATERIALIZE no NaN,PASS,segments=12
ABae-stratified-confirmed B=50 s=0 C6_full_EVENT_MATERIALIZE nonnegative duration,PASS,segments=12
ABae-stratified-confirmed B=50 s=0 C6_full_EVENT_MATERIALIZE duration cap,PASS,D_seg_max=60.0
ABae-stratified-confirmed B=50 s=0 C6_full_EVENT_MATERIALIZE negative barrier,PASS,negatives=31
ABae-stratified-confirmed B=50 s=0 K0_naive_merge confirmed anchor,PASS,segments=1
ABae-stratified-confirmed B=50 s=0 K0_naive_merge no NaN,PASS,segments=1
ABae-stratified-confirmed B=50 s=0 K0_naive_merge nonnegative duration,PASS,segments=1
ABae-stratified-confirmed B=50 s=0 K1_gap_limited confirmed anchor,PASS,segments=10
ABae-stratified-confirmed B=50 s=0 K1_gap_limited no NaN,PASS,segments=10
ABae-stratified-confirmed B=50 s=0 K1_gap_limited nonnegative duration,PASS,segments=10
ABae-stratified-confirmed B=50 s=0 K2_gap_duration confirmed anchor,PASS,segments=12
ABae-stratified-confirmed B=50 s=0 K2_gap_duration no NaN,PASS,segments=12
ABae-stratified-confirmed B=50 s=0 K2_gap_duration nonnegative duration,PASS,segments=12
ABae-stratified-confirmed B=50 s=0 K2_gap_duration duration cap,PASS,D_seg_max=60.0
ABae-stratified-confirmed B=50 s=0 K3_gap_duration_negative_barrier confirmed anchor,PASS,segments=12
ABae-stratified-confirmed B=50 s=0 K3_gap_duration_negative_barrier no NaN,PASS,segments=12
ABae-stratified-confirmed B=50 s=0 K3_gap_duration_negative_barrier nonnegative duration,PASS,segments=12
ABae-stratified-confirmed B=50 s=0 K3_gap_duration_negative_barrier duration cap,PASS,D_seg_max=60.0
ABae-stratified-confirmed B=50 s=0 K3_gap_duration_negative_barrier negative barrier,PASS,negatives=31
ABae-stratified-confirmed B=50 s=0 K4_gap_duration_negative_barrier_selected_expand confirmed anchor,PASS,segments=12
ABae-stratified-confirmed B=50 s=0 K4_gap_duration_negative_barrier_selected_expand no NaN,PASS,segments=12
ABae-stratified-confirmed B=50 s=0 K4_gap_duration_negative_barrier_selected_expand nonnegative duration,PASS,segments=12
ABae-stratified-confirmed B=50 s=0 K4_gap_duration_negative_barrier_selected_expand duration cap,PASS,D_seg_max=60.0
ABae-stratified-confirmed B=50 s=0 K4_gap_duration_negative_barrier_selected_expand negative barrier,PASS,negatives=31
ABae-stratified-confirmed B=50 s=0 K4 expansion no unconfirmed seed,PASS,every segment contains queried positive anchor
ABae-stratified-confirmed B=50 s=1 oracle order,PASS,calls=50
ABae-stratified-confirmed B=50 s=1 calls <= budget,PASS,calls=50 budget=50
ABae-stratified-confirmed B=50 s=1 C6_full_EVENT_MATERIALIZE confirmed anchor,PASS,segments=15
ABae-stratified-confirmed B=50 s=1 C6_full_EVENT_MATERIALIZE no NaN,PASS,segments=15
ABae-stratified-confirmed B=50 s=1 C6_full_EVENT_MATERIALIZE nonnegative duration,PASS,segments=15
ABae-stratified-confirmed B=50 s=1 C6_full_EVENT_MATERIALIZE duration cap,PASS,D_seg_max=60.0
ABae-stratified-confirmed B=50 s=1 C6_full_EVENT_MATERIALIZE negative barrier,PASS,negatives=30
ABae-stratified-confirmed B=50 s=1 K0_naive_merge confirmed anchor,PASS,segments=1
ABae-stratified-confirmed B=50 s=1 K0_naive_merge no NaN,PASS,segments=1
ABae-stratified-confirmed B=50 s=1 K0_naive_merge nonnegative duration,PASS,segments=1
ABae-stratified-confirmed B=50 s=1 K1_gap_limited confirmed anchor,PASS,segments=12
ABae-stratified-confirmed B=50 s=1 K1_gap_limited no NaN,PASS,segments=12
ABae-stratified-confirmed B=50 s=1 K1_gap_limited nonnegative duration,PASS,segments=12
ABae-stratified-confirmed B=50 s=1 K2_gap_duration confirmed anchor,PASS,segments=14
ABae-stratified-confirmed B=50 s=1 K2_gap_duration no NaN,PASS,segments=14
ABae-stratified-confirmed B=50 s=1 K2_gap_duration nonnegative duration,PASS,segments=14
ABae-stratified-confirmed B=50 s=1 K2_gap_duration duration cap,PASS,D_seg_max=60.0
ABae-stratified-confirmed B=50 s=1 K3_gap_duration_negative_barrier confirmed anchor,PASS,segments=15
ABae-stratified-confirmed B=50 s=1 K3_gap_duration_negative_barrier no NaN,PASS,segments=15
ABae-stratified-confirmed B=50 s=1 K3_gap_duration_negative_barrier nonnegative duration,PASS,segments=15
ABae-stratified-confirmed B=50 s=1 K3_gap_duration_negative_barrier duration cap,PASS,D_seg_max=60.0
ABae-stratified-confirmed B=50 s=1 K3_gap_duration_negative_barrier negative barrier,PASS,negatives=30
ABae-stratified-confirmed B=50 s=1 K4_gap_duration_negative_barrier_selected_expand confirmed anchor,PASS,segments=15
ABae-stratified-confirmed B=50 s=1 K4_gap_duration_negative_barrier_selected_expand no NaN,PASS,segments=15
ABae-stratified-confirmed B=50 s=1 K4_gap_duration_negative_barrier_selected_expand nonnegative duration,PASS,segments=15
ABae-stratified-confirmed B=50 s=1 K4_gap_duration_negative_barrier_selected_expand duration cap,PASS,D_seg_max=60.0
ABae-stratified-confirmed B=50 s=1 K4_gap_duration_negative_barrier_selected_expand negative barrier,PASS,negatives=30
ABae-stratified-confirmed B=50 s=1 K4 expansion no unconfirmed seed,PASS,every segment contains queried positive anchor
ABae-stratified-confirmed B=50 s=2 oracle order,PASS,calls=50
ABae-stratified-confirmed B=50 s=2 calls <= budget,PASS,calls=50 budget=50
ABae-stratified-confirmed B=50 s=2 C6_full_EVENT_MATERIALIZE confirmed anchor,PASS,segments=8
ABae-stratified-confirmed B=50 s=2 C6_full_EVENT_MATERIALIZE no NaN,PASS,segments=8
ABae-stratified-confirmed B=50 s=2 C6_full_EVENT_MATERIALIZE nonnegative duration,PASS,segments=8
ABae-stratified-confirmed B=50 s=2 C6_full_EVENT_MATERIALIZE duration cap,PASS,D_seg_max=60.0
ABae-stratified-confirmed B=50 s=2 C6_full_EVENT_MATERIALIZE negative barrier,PASS,negatives=36
ABae-stratified-confirmed B=50 s=2 K0_naive_merge confirmed anchor,PASS,segments=1
ABae-stratified-confirmed B=50 s=2 K0_naive_merge no NaN,PASS,segments=1
ABae-stratified-confirmed B=50 s=2 K0_naive_merge nonnegative duration,PASS,segments=1
ABae-stratified-confirmed B=50 s=2 K1_gap_limited confirmed anchor,PASS,segments=8
ABae-stratified-confirmed B=50 s=2 K1_gap_limited no NaN,PASS,segments=8
ABae-stratified-confirmed B=50 s=2 K1_gap_limited nonnegative duration,PASS,segments=8
ABae-stratified-confirmed B=50 s=2 K2_gap_duration confirmed anchor,PASS,segments=8
ABae-stratified-confirmed B=50 s=2 K2_gap_duration no NaN,PASS,segments=8
ABae-stratified-confirmed B=50 s=2 K2_gap_duration nonnegative duration,PASS,segments=8
ABae-stratified-confirmed B=50 s=2 K2_gap_duration duration cap,PASS,D_seg_max=60.0
ABae-stratified-confirmed B=50 s=2 K3_gap_duration_negative_barrier confirmed anchor,PASS,segments=8
ABae-stratified-confirmed B=50 s=2 K3_gap_duration_negative_barrier no NaN,PASS,segments=8
ABae-stratified-confirmed B=50 s=2 K3_gap_duration_negative_barrier nonnegative duration,PASS,segments=8
ABae-stratified-confirmed B=50 s=2 K3_gap_duration_negative_barrier duration cap,PASS,D_seg_max=60.0
ABae-stratified-confirmed B=50 s=2 K3_gap_duration_negative_barrier negative barrier,PASS,negatives=36
ABae-stratified-confirmed B=50 s=2 K4_gap_duration_negative_barrier_selected_expand confirmed anchor,PASS,segments=8
ABae-stratified-confirmed B=50 s=2 K4_gap_duration_negative_barrier_selected_expand no NaN,PASS,segments=8
ABae-stratified-confirmed B=50 s=2 K4_gap_duration_negative_barrier_selected_expand nonnegative duration,PASS,segments=8
ABae-stratified-confirmed B=50 s=2 K4_gap_duration_negative_barrier_selected_expand duration cap,PASS,D_seg_max=60.0
ABae-stratified-confirmed B=50 s=2 K4_gap_duration_negative_barrier_selected_expand negative barrier,PASS,negatives=36
ABae-stratified-confirmed B=50 s=2 K4 expansion no unconfirmed seed,PASS,every segment contains queried positive anchor
ABae-stratified-confirmed B=50 s=3 oracle order,PASS,calls=50
ABae-stratified-confirmed B=50 s=3 calls <= budget,PASS,calls=50 budget=50
ABae-stratified-confirmed B=50 s=3 C6_full_EVENT_MATERIALIZE confirmed anchor,PASS,segments=14
ABae-stratified-confirmed B=50 s=3 C6_full_EVENT_MATERIALIZE no NaN,PASS,segments=14
ABae-stratified-confirmed B=50 s=3 C6_full_EVENT_MATERIALIZE nonnegative duration,PASS,segments=14
ABae-stratified-confirmed B=50 s=3 C6_full_EVENT_MATERIALIZE duration cap,PASS,D_seg_max=60.0
ABae-stratified-confirmed B=50 s=3 C6_full_EVENT_MATERIALIZE negative barrier,PASS,negatives=34
ABae-stratified-confirmed B=50 s=3 K0_naive_merge confirmed anchor,PASS,segments=1
ABae-stratified-confirmed B=50 s=3 K0_naive_merge no NaN,PASS,segments=1
ABae-stratified-confirmed B=50 s=3 K0_naive_merge nonnegative duration,PASS,segments=1
ABae-stratified-confirmed B=50 s=3 K1_gap_limited confirmed anchor,PASS,segments=11
ABae-stratified-confirmed B=50 s=3 K1_gap_limited no NaN,PASS,segments=11
ABae-stratified-confirmed B=50 s=3 K1_gap_limited nonnegative duration,PASS,segments=11
ABae-stratified-confirmed B=50 s=3 K2_gap_duration confirmed anchor,PASS,segments=13
ABae-stratified-confirmed B=50 s=3 K2_gap_duration no NaN,PASS,segments=13
ABae-stratified-confirmed B=50 s=3 K2_gap_duration nonnegative duration,PASS,segments=13
ABae-stratified-confirmed B=50 s=3 K2_gap_duration duration cap,PASS,D_seg_max=60.0
ABae-stratified-confirmed B=50 s=3 K3_gap_duration_negative_barrier confirmed anchor,PASS,segments=14
ABae-stratified-confirmed B=50 s=3 K3_gap_duration_negative_barrier no NaN,PASS,segments=14
ABae-stratified-confirmed B=50 s=3 K3_gap_duration_negative_barrier nonnegative duration,PASS,segments=14
ABae-stratified-confirmed B=50 s=3 K3_gap_duration_negative_barrier duration cap,PASS,D_seg_max=60.0
ABae-stratified-confirmed B=50 s=3 K3_gap_duration_negative_barrier negative barrier,PASS,negatives=34
ABae-stratified-confirmed B=50 s=3 K4_gap_duration_negative_barrier_selected_expand confirmed anchor,PASS,segments=14
ABae-stratified-confirmed B=50 s=3 K4_gap_duration_negative_barrier_selected_expand no NaN,PASS,segments=14
ABae-stratified-confirmed B=50 s=3 K4_gap_duration_negative_barrier_selected_expand nonnegative duration,PASS,segments=14
ABae-stratified-confirmed B=50 s=3 K4_gap_duration_negative_barrier_selected_expand duration cap,PASS,D_seg_max=60.0
ABae-stratified-confirmed B=50 s=3 K4_gap_duration_negative_barrier_selected_expand negative barrier,PASS,negatives=34
ABae-stratified-confirmed B=50 s=3 K4 expansion no unconfirmed seed,PASS,every segment contains queried positive anchor
ABae-stratified-confirmed B=50 s=4 oracle order,PASS,calls=50
ABae-stratified-confirmed B=50 s=4 calls <= budget,PASS,calls=50 budget=50
ABae-stratified-confirmed B=50 s=4 C6_full_EVENT_MATERIALIZE confirmed anchor,PASS,segments=10
ABae-stratified-confirmed B=50 s=4 C6_full_EVENT_MATERIALIZE no NaN,PASS,segments=10
ABae-stratified-confirmed B=50 s=4 C6_full_EVENT_MATERIALIZE nonnegative duration,PASS,segments=10
ABae-stratified-confirmed B=50 s=4 C6_full_EVENT_MATERIALIZE duration cap,PASS,D_seg_max=60.0
ABae-stratified-confirmed B=50 s=4 C6_full_EVENT_MATERIALIZE negative barrier,PASS,negatives=34
ABae-stratified-confirmed B=50 s=4 K0_naive_merge confirmed anchor,PASS,segments=1
ABae-stratified-confirmed B=50 s=4 K0_naive_merge no NaN,PASS,segments=1
ABae-stratified-confirmed B=50 s=4 K0_naive_merge nonnegative duration,PASS,segments=1
ABae-stratified-confirmed B=50 s=4 K1_gap_limited confirmed anchor,PASS,segments=9
ABae-stratified-confirmed B=50 s=4 K1_gap_limited no NaN,PASS,segments=9
ABae-stratified-confirmed B=50 s=4 K1_gap_limited nonnegative duration,PASS,segments=9
ABae-stratified-confirmed B=50 s=4 K2_gap_duration confirmed anchor,PASS,segments=10
ABae-stratified-confirmed B=50 s=4 K2_gap_duration no NaN,PASS,segments=10
ABae-stratified-confirmed B=50 s=4 K2_gap_duration nonnegative duration,PASS,segments=10
ABae-stratified-confirmed B=50 s=4 K2_gap_duration duration cap,PASS,D_seg_max=60.0
ABae-stratified-confirmed B=50 s=4 K3_gap_duration_negative_barrier confirmed anchor,PASS,segments=10
ABae-stratified-confirmed B=50 s=4 K3_gap_duration_negative_barrier no NaN,PASS,segments=10
ABae-stratified-confirmed B=50 s=4 K3_gap_duration_negative_barrier nonnegative duration,PASS,segments=10
ABae-stratified-confirmed B=50 s=4 K3_gap_duration_negative_barrier duration cap,PASS,D_seg_max=60.0
ABae-stratified-confirmed B=50 s=4 K3_gap_duration_negative_barrier negative barrier,PASS,negatives=34
ABae-stratified-confirmed B=50 s=4 K4_gap_duration_negative_barrier_selected_expand confirmed anchor,PASS,segments=10
ABae-stratified-confirmed B=50 s=4 K4_gap_duration_negative_barrier_selected_expand no NaN,PASS,segments=10
ABae-stratified-confirmed B=50 s=4 K4_gap_duration_negative_barrier_selected_expand nonnegative duration,PASS,segments=10
ABae-stratified-confirmed B=50 s=4 K4_gap_duration_negative_barrier_selected_expand duration cap,PASS,D_seg_max=60.0
ABae-stratified-confirmed B=50 s=4 K4_gap_duration_negative_barrier_selected_expand negative barrier,PASS,negatives=34
ABae-stratified-confirmed B=50 s=4 K4 expansion no unconfirmed seed,PASS,every segment contains queried positive anchor
ABae-stratified-confirmed B=5 s=0 oracle order,PASS,calls=5
ABae-stratified-confirmed B=5 s=0 calls <= budget,PASS,calls=5 budget=5
ABae-stratified-confirmed B=5 s=0 C6_full_EVENT_MATERIALIZE confirmed anchor,PASS,segments=2
ABae-stratified-confirmed B=5 s=0 C6_full_EVENT_MATERIALIZE no NaN,PASS,segments=2
ABae-stratified-confirmed B=5 s=0 C6_full_EVENT_MATERIALIZE nonnegative duration,PASS,segments=2
ABae-stratified-confirmed B=5 s=0 C6_full_EVENT_MATERIALIZE duration cap,PASS,D_seg_max=60.0
ABae-stratified-confirmed B=5 s=0 C6_full_EVENT_MATERIALIZE negative barrier,PASS,negatives=3
ABae-stratified-confirmed B=5 s=0 K0_naive_merge confirmed anchor,PASS,segments=1
ABae-stratified-confirmed B=5 s=0 K0_naive_merge no NaN,PASS,segments=1
ABae-stratified-confirmed B=5 s=0 K0_naive_merge nonnegative duration,PASS,segments=1
ABae-stratified-confirmed B=5 s=0 K1_gap_limited confirmed anchor,PASS,segments=2
ABae-stratified-confirmed B=5 s=0 K1_gap_limited no NaN,PASS,segments=2
ABae-stratified-confirmed B=5 s=0 K1_gap_limited nonnegative duration,PASS,segments=2
ABae-stratified-confirmed B=5 s=0 K2_gap_duration confirmed anchor,PASS,segments=2
ABae-stratified-confirmed B=5 s=0 K2_gap_duration no NaN,PASS,segments=2
ABae-stratified-confirmed B=5 s=0 K2_gap_duration nonnegative duration,PASS,segments=2
ABae-stratified-confirmed B=5 s=0 K2_gap_duration duration cap,PASS,D_seg_max=60.0
ABae-stratified-confirmed B=5 s=0 K3_gap_duration_negative_barrier confirmed anchor,PASS,segments=2
ABae-stratified-confirmed B=5 s=0 K3_gap_duration_negative_barrier no NaN,PASS,segments=2
ABae-stratified-confirmed B=5 s=0 K3_gap_duration_negative_barrier nonnegative duration,PASS,segments=2
ABae-stratified-confirmed B=5 s=0 K3_gap_duration_negative_barrier duration cap,PASS,D_seg_max=60.0
ABae-stratified-confirmed B=5 s=0 K3_gap_duration_negative_barrier negative barrier,PASS,negatives=3
ABae-stratified-confirmed B=5 s=0 K4_gap_duration_negative_barrier_selected_expand confirmed anchor,PASS,segments=2
ABae-stratified-confirmed B=5 s=0 K4_gap_duration_negative_barrier_selected_expand no NaN,PASS,segments=2
ABae-stratified-confirmed B=5 s=0 K4_gap_duration_negative_barrier_selected_expand nonnegative duration,PASS,segments=2
ABae-stratified-confirmed B=5 s=0 K4_gap_duration_negative_barrier_selected_expand duration cap,PASS,D_seg_max=60.0
ABae-stratified-confirmed B=5 s=0 K4_gap_duration_negative_barrier_selected_expand negative barrier,PASS,negatives=3
ABae-stratified-confirmed B=5 s=0 K4 expansion no unconfirmed seed,PASS,every segment contains queried positive anchor
ABae-stratified-confirmed B=5 s=1 oracle order,PASS,calls=5
ABae-stratified-confirmed B=5 s=1 calls <= budget,PASS,calls=5 budget=5
ABae-stratified-confirmed B=5 s=1 C6_full_EVENT_MATERIALIZE confirmed anchor,PASS,segments=1
ABae-stratified-confirmed B=5 s=1 C6_full_EVENT_MATERIALIZE no NaN,PASS,segments=1
ABae-stratified-confirmed B=5 s=1 C6_full_EVENT_MATERIALIZE nonnegative duration,PASS,segments=1
ABae-stratified-confirmed B=5 s=1 C6_full_EVENT_MATERIALIZE duration cap,PASS,D_seg_max=60.0
ABae-stratified-confirmed B=5 s=1 C6_full_EVENT_MATERIALIZE negative barrier,PASS,negatives=4
ABae-stratified-confirmed B=5 s=1 K0_naive_merge confirmed anchor,PASS,segments=1
ABae-stratified-confirmed B=5 s=1 K0_naive_merge no NaN,PASS,segments=1
ABae-stratified-confirmed B=5 s=1 K0_naive_merge nonnegative duration,PASS,segments=1
ABae-stratified-confirmed B=5 s=1 K1_gap_limited confirmed anchor,PASS,segments=1
ABae-stratified-confirmed B=5 s=1 K1_gap_limited no NaN,PASS,segments=1
ABae-stratified-confirmed B=5 s=1 K1_gap_limited nonnegative duration,PASS,segments=1
ABae-stratified-confirmed B=5 s=1 K2_gap_duration confirmed anchor,PASS,segments=1
ABae-stratified-confirmed B=5 s=1 K2_gap_duration no NaN,PASS,segments=1
ABae-stratified-confirmed B=5 s=1 K2_gap_duration nonnegative duration,PASS,segments=1
ABae-stratified-confirmed B=5 s=1 K2_gap_duration duration cap,PASS,D_seg_max=60.0
ABae-stratified-confirmed B=5 s=1 K3_gap_duration_negative_barrier confirmed anchor,PASS,segments=1
ABae-stratified-confirmed B=5 s=1 K3_gap_duration_negative_barrier no NaN,PASS,segments=1
ABae-stratified-confirmed B=5 s=1 K3_gap_duration_negative_barrier nonnegative duration,PASS,segments=1
ABae-stratified-confirmed B=5 s=1 K3_gap_duration_negative_barrier duration cap,PASS,D_seg_max=60.0
ABae-stratified-confirmed B=5 s=1 K3_gap_duration_negative_barrier negative barrier,PASS,negatives=4
ABae-stratified-confirmed B=5 s=1 K4_gap_duration_negative_barrier_selected_expand confirmed anchor,PASS,segments=1
ABae-stratified-confirmed B=5 s=1 K4_gap_duration_negative_barrier_selected_expand no NaN,PASS,segments=1
ABae-stratified-confirmed B=5 s=1 K4_gap_duration_negative_barrier_selected_expand nonnegative duration,PASS,segments=1
ABae-stratified-confirmed B=5 s=1 K4_gap_duration_negative_barrier_selected_expand duration cap,PASS,D_seg_max=60.0
ABae-stratified-confirmed B=5 s=1 K4_gap_duration_negative_barrier_selected_expand negative barrier,PASS,negatives=4
ABae-stratified-confirmed B=5 s=1 K4 expansion no unconfirmed seed,PASS,every segment contains queried positive anchor
ABae-stratified-confirmed B=5 s=2 oracle order,PASS,calls=5
ABae-stratified-confirmed B=5 s=2 calls <= budget,PASS,calls=5 budget=5
ABae-stratified-confirmed B=5 s=2 C6_full_EVENT_MATERIALIZE confirmed anchor,PASS,segments=3
ABae-stratified-confirmed B=5 s=2 C6_full_EVENT_MATERIALIZE no NaN,PASS,segments=3
ABae-stratified-confirmed B=5 s=2 C6_full_EVENT_MATERIALIZE nonnegative duration,PASS,segments=3
ABae-stratified-confirmed B=5 s=2 C6_full_EVENT_MATERIALIZE duration cap,PASS,D_seg_max=60.0
ABae-stratified-confirmed B=5 s=2 C6_full_EVENT_MATERIALIZE negative barrier,PASS,negatives=2
ABae-stratified-confirmed B=5 s=2 K0_naive_merge confirmed anchor,PASS,segments=1
ABae-stratified-confirmed B=5 s=2 K0_naive_merge no NaN,PASS,segments=1
ABae-stratified-confirmed B=5 s=2 K0_naive_merge nonnegative duration,PASS,segments=1
ABae-stratified-confirmed B=5 s=2 K1_gap_limited confirmed anchor,PASS,segments=3
ABae-stratified-confirmed B=5 s=2 K1_gap_limited no NaN,PASS,segments=3
ABae-stratified-confirmed B=5 s=2 K1_gap_limited nonnegative duration,PASS,segments=3
ABae-stratified-confirmed B=5 s=2 K2_gap_duration confirmed anchor,PASS,segments=3
ABae-stratified-confirmed B=5 s=2 K2_gap_duration no NaN,PASS,segments=3
ABae-stratified-confirmed B=5 s=2 K2_gap_duration nonnegative duration,PASS,segments=3
ABae-stratified-confirmed B=5 s=2 K2_gap_duration duration cap,PASS,D_seg_max=60.0
ABae-stratified-confirmed B=5 s=2 K3_gap_duration_negative_barrier confirmed anchor,PASS,segments=3
ABae-stratified-confirmed B=5 s=2 K3_gap_duration_negative_barrier no NaN,PASS,segments=3
ABae-stratified-confirmed B=5 s=2 K3_gap_duration_negative_barrier nonnegative duration,PASS,segments=3
ABae-stratified-confirmed B=5 s=2 K3_gap_duration_negative_barrier duration cap,PASS,D_seg_max=60.0
ABae-stratified-confirmed B=5 s=2 K3_gap_duration_negative_barrier negative barrier,PASS,negatives=2
ABae-stratified-confirmed B=5 s=2 K4_gap_duration_negative_barrier_selected_expand confirmed anchor,PASS,segments=3
ABae-stratified-confirmed B=5 s=2 K4_gap_duration_negative_barrier_selected_expand no NaN,PASS,segments=3
ABae-stratified-confirmed B=5 s=2 K4_gap_duration_negative_barrier_selected_expand nonnegative duration,PASS,segments=3
ABae-stratified-confirmed B=5 s=2 K4_gap_duration_negative_barrier_selected_expand duration cap,PASS,D_seg_max=60.0
ABae-stratified-confirmed B=5 s=2 K4_gap_duration_negative_barrier_selected_expand negative barrier,PASS,negatives=2
ABae-stratified-confirmed B=5 s=2 K4 expansion no unconfirmed seed,PASS,every segment contains queried positive anchor
ABae-stratified-confirmed B=5 s=3 oracle order,PASS,calls=5
ABae-stratified-confirmed B=5 s=3 calls <= budget,PASS,calls=5 budget=5
ABae-stratified-confirmed B=5 s=3 C6_full_EVENT_MATERIALIZE confirmed anchor,PASS,segments=1
ABae-stratified-confirmed B=5 s=3 C6_full_EVENT_MATERIALIZE no NaN,PASS,segments=1
ABae-stratified-confirmed B=5 s=3 C6_full_EVENT_MATERIALIZE nonnegative duration,PASS,segments=1
ABae-stratified-confirmed B=5 s=3 C6_full_EVENT_MATERIALIZE duration cap,PASS,D_seg_max=60.0
ABae-stratified-confirmed B=5 s=3 C6_full_EVENT_MATERIALIZE negative barrier,PASS,negatives=4
ABae-stratified-confirmed B=5 s=3 K0_naive_merge confirmed anchor,PASS,segments=1
ABae-stratified-confirmed B=5 s=3 K0_naive_merge no NaN,PASS,segments=1
ABae-stratified-confirmed B=5 s=3 K0_naive_merge nonnegative duration,PASS,segments=1
ABae-stratified-confirmed B=5 s=3 K1_gap_limited confirmed anchor,PASS,segments=1
ABae-stratified-confirmed B=5 s=3 K1_gap_limited no NaN,PASS,segments=1
ABae-stratified-confirmed B=5 s=3 K1_gap_limited nonnegative duration,PASS,segments=1
ABae-stratified-confirmed B=5 s=3 K2_gap_duration confirmed anchor,PASS,segments=1
ABae-stratified-confirmed B=5 s=3 K2_gap_duration no NaN,PASS,segments=1
ABae-stratified-confirmed B=5 s=3 K2_gap_duration nonnegative duration,PASS,segments=1
ABae-stratified-confirmed B=5 s=3 K2_gap_duration duration cap,PASS,D_seg_max=60.0
ABae-stratified-confirmed B=5 s=3 K3_gap_duration_negative_barrier confirmed anchor,PASS,segments=1
ABae-stratified-confirmed B=5 s=3 K3_gap_duration_negative_barrier no NaN,PASS,segments=1
ABae-stratified-confirmed B=5 s=3 K3_gap_duration_negative_barrier nonnegative duration,PASS,segments=1
ABae-stratified-confirmed B=5 s=3 K3_gap_duration_negative_barrier duration cap,PASS,D_seg_max=60.0
ABae-stratified-confirmed B=5 s=3 K3_gap_duration_negative_barrier negative barrier,PASS,negatives=4
ABae-stratified-confirmed B=5 s=3 K4_gap_duration_negative_barrier_selected_expand confirmed anchor,PASS,segments=1
ABae-stratified-confirmed B=5 s=3 K4_gap_duration_negative_barrier_selected_expand no NaN,PASS,segments=1
ABae-stratified-confirmed B=5 s=3 K4_gap_duration_negative_barrier_selected_expand nonnegative duration,PASS,segments=1
ABae-stratified-confirmed B=5 s=3 K4_gap_duration_negative_barrier_selected_expand duration cap,PASS,D_seg_max=60.0
ABae-stratified-confirmed B=5 s=3 K4_gap_duration_negative_barrier_selected_expand negative barrier,PASS,negatives=4
ABae-stratified-confirmed B=5 s=3 K4 expansion no unconfirmed seed,PASS,every segment contains queried positive anchor
ABae-stratified-confirmed B=5 s=4 oracle order,PASS,calls=5
ABae-stratified-confirmed B=5 s=4 calls <= budget,PASS,calls=5 budget=5
ABae-stratified-confirmed B=5 s=4 C6_full_EVENT_MATERIALIZE confirmed anchor,PASS,segments=2
ABae-stratified-confirmed B=5 s=4 C6_full_EVENT_MATERIALIZE no NaN,PASS,segments=2
ABae-stratified-confirmed B=5 s=4 C6_full_EVENT_MATERIALIZE nonnegative duration,PASS,segments=2
ABae-stratified-confirmed B=5 s=4 C6_full_EVENT_MATERIALIZE duration cap,PASS,D_seg_max=60.0
ABae-stratified-confirmed B=5 s=4 C6_full_EVENT_MATERIALIZE negative barrier,PASS,negatives=3
ABae-stratified-confirmed B=5 s=4 K0_naive_merge confirmed anchor,PASS,segments=1
ABae-stratified-confirmed B=5 s=4 K0_naive_merge no NaN,PASS,segments=1
ABae-stratified-confirmed B=5 s=4 K0_naive_merge nonnegative duration,PASS,segments=1
ABae-stratified-confirmed B=5 s=4 K1_gap_limited confirmed anchor,PASS,segments=2
ABae-stratified-confirmed B=5 s=4 K1_gap_limited no NaN,PASS,segments=2
ABae-stratified-confirmed B=5 s=4 K1_gap_limited nonnegative duration,PASS,segments=2
ABae-stratified-confirmed B=5 s=4 K2_gap_duration confirmed anchor,PASS,segments=2
ABae-stratified-confirmed B=5 s=4 K2_gap_duration no NaN,PASS,segments=2
ABae-stratified-confirmed B=5 s=4 K2_gap_duration nonnegative duration,PASS,segments=2
ABae-stratified-confirmed B=5 s=4 K2_gap_duration duration cap,PASS,D_seg_max=60.0
ABae-stratified-confirmed B=5 s=4 K3_gap_duration_negative_barrier confirmed anchor,PASS,segments=2
ABae-stratified-confirmed B=5 s=4 K3_gap_duration_negative_barrier no NaN,PASS,segments=2
ABae-stratified-confirmed B=5 s=4 K3_gap_duration_negative_barrier nonnegative duration,PASS,segments=2
ABae-stratified-confirmed B=5 s=4 K3_gap_duration_negative_barrier duration cap,PASS,D_seg_max=60.0
ABae-stratified-confirmed B=5 s=4 K3_gap_duration_negative_barrier negative barrier,PASS,negatives=3
ABae-stratified-confirmed B=5 s=4 K4_gap_duration_negative_barrier_selected_expand confirmed anchor,PASS,segments=2
ABae-stratified-confirmed B=5 s=4 K4_gap_duration_negative_barrier_selected_expand no NaN,PASS,segments=2
ABae-stratified-confirmed B=5 s=4 K4_gap_duration_negative_barrier_selected_expand nonnegative duration,PASS,segments=2
ABae-stratified-confirmed B=5 s=4 K4_gap_duration_negative_barrier_selected_expand duration cap,PASS,D_seg_max=60.0
ABae-stratified-confirmed B=5 s=4 K4_gap_duration_negative_barrier_selected_expand negative barrier,PASS,negatives=3
ABae-stratified-confirmed B=5 s=4 K4 expansion no unconfirmed seed,PASS,every segment contains queried positive anchor
ABae-stratified-confirmed B=80 s=0 oracle order,PASS,calls=80
ABae-stratified-confirmed B=80 s=0 calls <= budget,PASS,calls=80 budget=80
ABae-stratified-confirmed B=80 s=0 C6_full_EVENT_MATERIALIZE confirmed anchor,PASS,segments=18
ABae-stratified-confirmed B=80 s=0 C6_full_EVENT_MATERIALIZE no NaN,PASS,segments=18
ABae-stratified-confirmed B=80 s=0 C6_full_EVENT_MATERIALIZE nonnegative duration,PASS,segments=18
ABae-stratified-confirmed B=80 s=0 C6_full_EVENT_MATERIALIZE duration cap,PASS,D_seg_max=60.0
ABae-stratified-confirmed B=80 s=0 C6_full_EVENT_MATERIALIZE negative barrier,PASS,negatives=54
ABae-stratified-confirmed B=80 s=0 K0_naive_merge confirmed anchor,PASS,segments=1
ABae-stratified-confirmed B=80 s=0 K0_naive_merge no NaN,PASS,segments=1
ABae-stratified-confirmed B=80 s=0 K0_naive_merge nonnegative duration,PASS,segments=1
ABae-stratified-confirmed B=80 s=0 K1_gap_limited confirmed anchor,PASS,segments=12
ABae-stratified-confirmed B=80 s=0 K1_gap_limited no NaN,PASS,segments=12
ABae-stratified-confirmed B=80 s=0 K1_gap_limited nonnegative duration,PASS,segments=12
ABae-stratified-confirmed B=80 s=0 K2_gap_duration confirmed anchor,PASS,segments=14
ABae-stratified-confirmed B=80 s=0 K2_gap_duration no NaN,PASS,segments=14
ABae-stratified-confirmed B=80 s=0 K2_gap_duration nonnegative duration,PASS,segments=14
ABae-stratified-confirmed B=80 s=0 K2_gap_duration duration cap,PASS,D_seg_max=60.0
ABae-stratified-confirmed B=80 s=0 K3_gap_duration_negative_barrier confirmed anchor,PASS,segments=18
ABae-stratified-confirmed B=80 s=0 K3_gap_duration_negative_barrier no NaN,PASS,segments=18
ABae-stratified-confirmed B=80 s=0 K3_gap_duration_negative_barrier nonnegative duration,PASS,segments=18
ABae-stratified-confirmed B=80 s=0 K3_gap_duration_negative_barrier duration cap,PASS,D_seg_max=60.0
ABae-stratified-confirmed B=80 s=0 K3_gap_duration_negative_barrier negative barrier,PASS,negatives=54
ABae-stratified-confirmed B=80 s=0 K4_gap_duration_negative_barrier_selected_expand confirmed anchor,PASS,segments=18
ABae-stratified-confirmed B=80 s=0 K4_gap_duration_negative_barrier_selected_expand no NaN,PASS,segments=18
ABae-stratified-confirmed B=80 s=0 K4_gap_duration_negative_barrier_selected_expand nonnegative duration,PASS,segments=18
ABae-stratified-confirmed B=80 s=0 K4_gap_duration_negative_barrier_selected_expand duration cap,PASS,D_seg_max=60.0
ABae-stratified-confirmed B=80 s=0 K4_gap_duration_negative_barrier_selected_expand negative barrier,PASS,negatives=54
ABae-stratified-confirmed B=80 s=0 K4 expansion no unconfirmed seed,PASS,every segment contains queried positive anchor
ABae-stratified-confirmed B=80 s=1 oracle order,PASS,calls=80
ABae-stratified-confirmed B=80 s=1 calls <= budget,PASS,calls=80 budget=80
ABae-stratified-confirmed B=80 s=1 C6_full_EVENT_MATERIALIZE confirmed anchor,PASS,segments=17
ABae-stratified-confirmed B=80 s=1 C6_full_EVENT_MATERIALIZE no NaN,PASS,segments=17
ABae-stratified-confirmed B=80 s=1 C6_full_EVENT_MATERIALIZE nonnegative duration,PASS,segments=17
ABae-stratified-confirmed B=80 s=1 C6_full_EVENT_MATERIALIZE duration cap,PASS,D_seg_max=60.0
ABae-stratified-confirmed B=80 s=1 C6_full_EVENT_MATERIALIZE negative barrier,PASS,negatives=53
ABae-stratified-confirmed B=80 s=1 K0_naive_merge confirmed anchor,PASS,segments=1
ABae-stratified-confirmed B=80 s=1 K0_naive_merge no NaN,PASS,segments=1
ABae-stratified-confirmed B=80 s=1 K0_naive_merge nonnegative duration,PASS,segments=1
ABae-stratified-confirmed B=80 s=1 K1_gap_limited confirmed anchor,PASS,segments=12
ABae-stratified-confirmed B=80 s=1 K1_gap_limited no NaN,PASS,segments=12
ABae-stratified-confirmed B=80 s=1 K1_gap_limited nonnegative duration,PASS,segments=12
ABae-stratified-confirmed B=80 s=1 K2_gap_duration confirmed anchor,PASS,segments=14
ABae-stratified-confirmed B=80 s=1 K2_gap_duration no NaN,PASS,segments=14
ABae-stratified-confirmed B=80 s=1 K2_gap_duration nonnegative duration,PASS,segments=14
ABae-stratified-confirmed B=80 s=1 K2_gap_duration duration cap,PASS,D_seg_max=60.0
ABae-stratified-confirmed B=80 s=1 K3_gap_duration_negative_barrier confirmed anchor,PASS,segments=17
ABae-stratified-confirmed B=80 s=1 K3_gap_duration_negative_barrier no NaN,PASS,segments=17
ABae-stratified-confirmed B=80 s=1 K3_gap_duration_negative_barrier nonnegative duration,PASS,segments=17
ABae-stratified-confirmed B=80 s=1 K3_gap_duration_negative_barrier duration cap,PASS,D_seg_max=60.0
ABae-stratified-confirmed B=80 s=1 K3_gap_duration_negative_barrier negative barrier,PASS,negatives=53
ABae-stratified-confirmed B=80 s=1 K4_gap_duration_negative_barrier_selected_expand confirmed anchor,PASS,segments=17
ABae-stratified-confirmed B=80 s=1 K4_gap_duration_negative_barrier_selected_expand no NaN,PASS,segments=17
ABae-stratified-confirmed B=80 s=1 K4_gap_duration_negative_barrier_selected_expand nonnegative duration,PASS,segments=17
ABae-stratified-confirmed B=80 s=1 K4_gap_duration_negative_barrier_selected_expand duration cap,PASS,D_seg_max=60.0
ABae-stratified-confirmed B=80 s=1 K4_gap_duration_negative_barrier_selected_expand negative barrier,PASS,negatives=53
ABae-stratified-confirmed B=80 s=1 K4 expansion no unconfirmed seed,PASS,every segment contains queried positive anchor
ABae-stratified-confirmed B=80 s=2 oracle order,PASS,calls=80
ABae-stratified-confirmed B=80 s=2 calls <= budget,PASS,calls=80 budget=80
ABae-stratified-confirmed B=80 s=2 C6_full_EVENT_MATERIALIZE confirmed anchor,PASS,segments=17
ABae-stratified-confirmed B=80 s=2 C6_full_EVENT_MATERIALIZE no NaN,PASS,segments=17
ABae-stratified-confirmed B=80 s=2 C6_full_EVENT_MATERIALIZE nonnegative duration,PASS,segments=17
ABae-stratified-confirmed B=80 s=2 C6_full_EVENT_MATERIALIZE duration cap,PASS,D_seg_max=60.0
ABae-stratified-confirmed B=80 s=2 C6_full_EVENT_MATERIALIZE negative barrier,PASS,negatives=53
ABae-stratified-confirmed B=80 s=2 K0_naive_merge confirmed anchor,PASS,segments=1
ABae-stratified-confirmed B=80 s=2 K0_naive_merge no NaN,PASS,segments=1
ABae-stratified-confirmed B=80 s=2 K0_naive_merge nonnegative duration,PASS,segments=1
ABae-stratified-confirmed B=80 s=2 K1_gap_limited confirmed anchor,PASS,segments=10
ABae-stratified-confirmed B=80 s=2 K1_gap_limited no NaN,PASS,segments=10
ABae-stratified-confirmed B=80 s=2 K1_gap_limited nonnegative duration,PASS,segments=10
ABae-stratified-confirmed B=80 s=2 K2_gap_duration confirmed anchor,PASS,segments=13
ABae-stratified-confirmed B=80 s=2 K2_gap_duration no NaN,PASS,segments=13
ABae-stratified-confirmed B=80 s=2 K2_gap_duration nonnegative duration,PASS,segments=13
ABae-stratified-confirmed B=80 s=2 K2_gap_duration duration cap,PASS,D_seg_max=60.0
ABae-stratified-confirmed B=80 s=2 K3_gap_duration_negative_barrier confirmed anchor,PASS,segments=17
ABae-stratified-confirmed B=80 s=2 K3_gap_duration_negative_barrier no NaN,PASS,segments=17
ABae-stratified-confirmed B=80 s=2 K3_gap_duration_negative_barrier nonnegative duration,PASS,segments=17
ABae-stratified-confirmed B=80 s=2 K3_gap_duration_negative_barrier duration cap,PASS,D_seg_max=60.0
ABae-stratified-confirmed B=80 s=2 K3_gap_duration_negative_barrier negative barrier,PASS,negatives=53
ABae-stratified-confirmed B=80 s=2 K4_gap_duration_negative_barrier_selected_expand confirmed anchor,PASS,segments=17
ABae-stratified-confirmed B=80 s=2 K4_gap_duration_negative_barrier_selected_expand no NaN,PASS,segments=17
ABae-stratified-confirmed B=80 s=2 K4_gap_duration_negative_barrier_selected_expand nonnegative duration,PASS,segments=17
ABae-stratified-confirmed B=80 s=2 K4_gap_duration_negative_barrier_selected_expand duration cap,PASS,D_seg_max=60.0
ABae-stratified-confirmed B=80 s=2 K4_gap_duration_negative_barrier_selected_expand negative barrier,PASS,negatives=53
ABae-stratified-confirmed B=80 s=2 K4 expansion no unconfirmed seed,PASS,every segment contains queried positive anchor
ABae-stratified-confirmed B=80 s=3 oracle order,PASS,calls=80
ABae-stratified-confirmed B=80 s=3 calls <= budget,PASS,calls=80 budget=80
ABae-stratified-confirmed B=80 s=3 C6_full_EVENT_MATERIALIZE confirmed anchor,PASS,segments=17
ABae-stratified-confirmed B=80 s=3 C6_full_EVENT_MATERIALIZE no NaN,PASS,segments=17
ABae-stratified-confirmed B=80 s=3 C6_full_EVENT_MATERIALIZE nonnegative duration,PASS,segments=17
ABae-stratified-confirmed B=80 s=3 C6_full_EVENT_MATERIALIZE duration cap,PASS,D_seg_max=60.0
ABae-stratified-confirmed B=80 s=3 C6_full_EVENT_MATERIALIZE negative barrier,PASS,negatives=55
ABae-stratified-confirmed B=80 s=3 K0_naive_merge confirmed anchor,PASS,segments=1
ABae-stratified-confirmed B=80 s=3 K0_naive_merge no NaN,PASS,segments=1
ABae-stratified-confirmed B=80 s=3 K0_naive_merge nonnegative duration,PASS,segments=1
ABae-stratified-confirmed B=80 s=3 K1_gap_limited confirmed anchor,PASS,segments=12
ABae-stratified-confirmed B=80 s=3 K1_gap_limited no NaN,PASS,segments=12
ABae-stratified-confirmed B=80 s=3 K1_gap_limited nonnegative duration,PASS,segments=12
ABae-stratified-confirmed B=80 s=3 K2_gap_duration confirmed anchor,PASS,segments=14
ABae-stratified-confirmed B=80 s=3 K2_gap_duration no NaN,PASS,segments=14
ABae-stratified-confirmed B=80 s=3 K2_gap_duration nonnegative duration,PASS,segments=14
ABae-stratified-confirmed B=80 s=3 K2_gap_duration duration cap,PASS,D_seg_max=60.0
ABae-stratified-confirmed B=80 s=3 K3_gap_duration_negative_barrier confirmed anchor,PASS,segments=17
ABae-stratified-confirmed B=80 s=3 K3_gap_duration_negative_barrier no NaN,PASS,segments=17
ABae-stratified-confirmed B=80 s=3 K3_gap_duration_negative_barrier nonnegative duration,PASS,segments=17
ABae-stratified-confirmed B=80 s=3 K3_gap_duration_negative_barrier duration cap,PASS,D_seg_max=60.0
ABae-stratified-confirmed B=80 s=3 K3_gap_duration_negative_barrier negative barrier,PASS,negatives=55
ABae-stratified-confirmed B=80 s=3 K4_gap_duration_negative_barrier_selected_expand confirmed anchor,PASS,segments=17
ABae-stratified-confirmed B=80 s=3 K4_gap_duration_negative_barrier_selected_expand no NaN,PASS,segments=17
ABae-stratified-confirmed B=80 s=3 K4_gap_duration_negative_barrier_selected_expand nonnegative duration,PASS,segments=17
ABae-stratified-confirmed B=80 s=3 K4_gap_duration_negative_barrier_selected_expand duration cap,PASS,D_seg_max=60.0
ABae-stratified-confirmed B=80 s=3 K4_gap_duration_negative_barrier_selected_expand negative barrier,PASS,negatives=55
ABae-stratified-confirmed B=80 s=3 K4 expansion no unconfirmed seed,PASS,every segment contains queried positive anchor
ABae-stratified-confirmed B=80 s=4 oracle order,PASS,calls=80
ABae-stratified-confirmed B=80 s=4 calls <= budget,PASS,calls=80 budget=80
ABae-stratified-confirmed B=80 s=4 C6_full_EVENT_MATERIALIZE confirmed anchor,PASS,segments=14
ABae-stratified-confirmed B=80 s=4 C6_full_EVENT_MATERIALIZE no NaN,PASS,segments=14
ABae-stratified-confirmed B=80 s=4 C6_full_EVENT_MATERIALIZE nonnegative duration,PASS,segments=14
ABae-stratified-confirmed B=80 s=4 C6_full_EVENT_MATERIALIZE duration cap,PASS,D_seg_max=60.0
ABae-stratified-confirmed B=80 s=4 C6_full_EVENT_MATERIALIZE negative barrier,PASS,negatives=56
ABae-stratified-confirmed B=80 s=4 K0_naive_merge confirmed anchor,PASS,segments=1
ABae-stratified-confirmed B=80 s=4 K0_naive_merge no NaN,PASS,segments=1
ABae-stratified-confirmed B=80 s=4 K0_naive_merge nonnegative duration,PASS,segments=1
ABae-stratified-confirmed B=80 s=4 K1_gap_limited confirmed anchor,PASS,segments=12
ABae-stratified-confirmed B=80 s=4 K1_gap_limited no NaN,PASS,segments=12
ABae-stratified-confirmed B=80 s=4 K1_gap_limited nonnegative duration,PASS,segments=12
ABae-stratified-confirmed B=80 s=4 K2_gap_duration confirmed anchor,PASS,segments=13
ABae-stratified-confirmed B=80 s=4 K2_gap_duration no NaN,PASS,segments=13
ABae-stratified-confirmed B=80 s=4 K2_gap_duration nonnegative duration,PASS,segments=13
ABae-stratified-confirmed B=80 s=4 K2_gap_duration duration cap,PASS,D_seg_max=60.0
ABae-stratified-confirmed B=80 s=4 K3_gap_duration_negative_barrier confirmed anchor,PASS,segments=14
ABae-stratified-confirmed B=80 s=4 K3_gap_duration_negative_barrier no NaN,PASS,segments=14
ABae-stratified-confirmed B=80 s=4 K3_gap_duration_negative_barrier nonnegative duration,PASS,segments=14
ABae-stratified-confirmed B=80 s=4 K3_gap_duration_negative_barrier duration cap,PASS,D_seg_max=60.0
ABae-stratified-confirmed B=80 s=4 K3_gap_duration_negative_barrier negative barrier,PASS,negatives=56
ABae-stratified-confirmed B=80 s=4 K4_gap_duration_negative_barrier_selected_expand confirmed anchor,PASS,segments=14
ABae-stratified-confirmed B=80 s=4 K4_gap_duration_negative_barrier_selected_expand no NaN,PASS,segments=14
ABae-stratified-confirmed B=80 s=4 K4_gap_duration_negative_barrier_selected_expand nonnegative duration,PASS,segments=14
ABae-stratified-confirmed B=80 s=4 K4_gap_duration_negative_barrier_selected_expand duration cap,PASS,D_seg_max=60.0
ABae-stratified-confirmed B=80 s=4 K4_gap_duration_negative_barrier_selected_expand negative barrier,PASS,negatives=56
ABae-stratified-confirmed B=80 s=4 K4 expansion no unconfirmed seed,PASS,every segment contains queried positive anchor
ARC-refinement@th0.1 B=100 s=0 oracle order,PASS,calls=0
ARC-refinement@th0.1 B=100 s=0 calls <= budget,PASS,calls=0 budget=100
ARC-refinement@th0.1 B=100 s=0 C6_full_EVENT_MATERIALIZE confirmed anchor,PASS,segments=0
ARC-refinement@th0.1 B=100 s=0 C6_full_EVENT_MATERIALIZE no NaN,PASS,segments=0
ARC-refinement@th0.1 B=100 s=0 C6_full_EVENT_MATERIALIZE nonnegative duration,PASS,segments=0
ARC-refinement@th0.1 B=100 s=0 C6_full_EVENT_MATERIALIZE duration cap,PASS,D_seg_max=60.0
ARC-refinement@th0.1 B=100 s=0 C6_full_EVENT_MATERIALIZE negative barrier,PASS,negatives=0
ARC-refinement@th0.1 B=100 s=0 K0_naive_merge confirmed anchor,PASS,segments=0
ARC-refinement@th0.1 B=100 s=0 K0_naive_merge no NaN,PASS,segments=0
ARC-refinement@th0.1 B=100 s=0 K0_naive_merge nonnegative duration,PASS,segments=0
ARC-refinement@th0.1 B=100 s=0 K1_gap_limited confirmed anchor,PASS,segments=0
ARC-refinement@th0.1 B=100 s=0 K1_gap_limited no NaN,PASS,segments=0
ARC-refinement@th0.1 B=100 s=0 K1_gap_limited nonnegative duration,PASS,segments=0
ARC-refinement@th0.1 B=100 s=0 K2_gap_duration confirmed anchor,PASS,segments=0
ARC-refinement@th0.1 B=100 s=0 K2_gap_duration no NaN,PASS,segments=0
ARC-refinement@th0.1 B=100 s=0 K2_gap_duration nonnegative duration,PASS,segments=0
ARC-refinement@th0.1 B=100 s=0 K2_gap_duration duration cap,PASS,D_seg_max=60.0
ARC-refinement@th0.1 B=100 s=0 K3_gap_duration_negative_barrier confirmed anchor,PASS,segments=0
ARC-refinement@th0.1 B=100 s=0 K3_gap_duration_negative_barrier no NaN,PASS,segments=0
ARC-refinement@th0.1 B=100 s=0 K3_gap_duration_negative_barrier nonnegative duration,PASS,segments=0
ARC-refinement@th0.1 B=100 s=0 K3_gap_duration_negative_barrier duration cap,PASS,D_seg_max=60.0
ARC-refinement@th0.1 B=100 s=0 K3_gap_duration_negative_barrier negative barrier,PASS,negatives=0
ARC-refinement@th0.1 B=100 s=0 K4_gap_duration_negative_barrier_selected_expand confirmed anchor,PASS,segments=0
ARC-refinement@th0.1 B=100 s=0 K4_gap_duration_negative_barrier_selected_expand no NaN,PASS,segments=0
ARC-refinement@th0.1 B=100 s=0 K4_gap_duration_negative_barrier_selected_expand nonnegative duration,PASS,segments=0
ARC-refinement@th0.1 B=100 s=0 K4_gap_duration_negative_barrier_selected_expand duration cap,PASS,D_seg_max=60.0
ARC-refinement@th0.1 B=100 s=0 K4_gap_duration_negative_barrier_selected_expand negative barrier,PASS,negatives=0
ARC-refinement@th0.1 B=100 s=0 K4 expansion no unconfirmed seed,PASS,every segment contains queried positive anchor
ARC-refinement@th0.2 B=100 s=0 oracle order,PASS,calls=0
ARC-refinement@th0.2 B=100 s=0 calls <= budget,PASS,calls=0 budget=100
ARC-refinement@th0.2 B=100 s=0 C6_full_EVENT_MATERIALIZE confirmed anchor,PASS,segments=0
ARC-refinement@th0.2 B=100 s=0 C6_full_EVENT_MATERIALIZE no NaN,PASS,segments=0
ARC-refinement@th0.2 B=100 s=0 C6_full_EVENT_MATERIALIZE nonnegative duration,PASS,segments=0
ARC-refinement@th0.2 B=100 s=0 C6_full_EVENT_MATERIALIZE duration cap,PASS,D_seg_max=60.0
ARC-refinement@th0.2 B=100 s=0 C6_full_EVENT_MATERIALIZE negative barrier,PASS,negatives=0
ARC-refinement@th0.2 B=100 s=0 K0_naive_merge confirmed anchor,PASS,segments=0
ARC-refinement@th0.2 B=100 s=0 K0_naive_merge no NaN,PASS,segments=0
ARC-refinement@th0.2 B=100 s=0 K0_naive_merge nonnegative duration,PASS,segments=0
ARC-refinement@th0.2 B=100 s=0 K1_gap_limited confirmed anchor,PASS,segments=0
ARC-refinement@th0.2 B=100 s=0 K1_gap_limited no NaN,PASS,segments=0
ARC-refinement@th0.2 B=100 s=0 K1_gap_limited nonnegative duration,PASS,segments=0
ARC-refinement@th0.2 B=100 s=0 K2_gap_duration confirmed anchor,PASS,segments=0
ARC-refinement@th0.2 B=100 s=0 K2_gap_duration no NaN,PASS,segments=0
ARC-refinement@th0.2 B=100 s=0 K2_gap_duration nonnegative duration,PASS,segments=0
ARC-refinement@th0.2 B=100 s=0 K2_gap_duration duration cap,PASS,D_seg_max=60.0
ARC-refinement@th0.2 B=100 s=0 K3_gap_duration_negative_barrier confirmed anchor,PASS,segments=0
ARC-refinement@th0.2 B=100 s=0 K3_gap_duration_negative_barrier no NaN,PASS,segments=0
ARC-refinement@th0.2 B=100 s=0 K3_gap_duration_negative_barrier nonnegative duration,PASS,segments=0
ARC-refinement@th0.2 B=100 s=0 K3_gap_duration_negative_barrier duration cap,PASS,D_seg_max=60.0
ARC-refinement@th0.2 B=100 s=0 K3_gap_duration_negative_barrier negative barrier,PASS,negatives=0
ARC-refinement@th0.2 B=100 s=0 K4_gap_duration_negative_barrier_selected_expand confirmed anchor,PASS,segments=0
ARC-refinement@th0.2 B=100 s=0 K4_gap_duration_negative_barrier_selected_expand no NaN,PASS,segments=0
ARC-refinement@th0.2 B=100 s=0 K4_gap_duration_negative_barrier_selected_expand nonnegative duration,PASS,segments=0
ARC-refinement@th0.2 B=100 s=0 K4_gap_duration_negative_barrier_selected_expand duration cap,PASS,D_seg_max=60.0
ARC-refinement@th0.2 B=100 s=0 K4_gap_duration_negative_barrier_selected_expand negative barrier,PASS,negatives=0
ARC-refinement@th0.2 B=100 s=0 K4 expansion no unconfirmed seed,PASS,every segment contains queried positive anchor
ARC-refinement@th0.3 B=100 s=0 oracle order,PASS,calls=44
ARC-refinement@th0.3 B=100 s=0 calls <= budget,PASS,calls=44 budget=100
ARC-refinement@th0.3 B=100 s=0 C6_full_EVENT_MATERIALIZE confirmed anchor,PASS,segments=5
ARC-refinement@th0.3 B=100 s=0 C6_full_EVENT_MATERIALIZE no NaN,PASS,segments=5
ARC-refinement@th0.3 B=100 s=0 C6_full_EVENT_MATERIALIZE nonnegative duration,PASS,segments=5
ARC-refinement@th0.3 B=100 s=0 C6_full_EVENT_MATERIALIZE duration cap,PASS,D_seg_max=60.0
ARC-refinement@th0.3 B=100 s=0 C6_full_EVENT_MATERIALIZE negative barrier,PASS,negatives=39
ARC-refinement@th0.3 B=100 s=0 K0_naive_merge confirmed anchor,PASS,segments=1
ARC-refinement@th0.3 B=100 s=0 K0_naive_merge no NaN,PASS,segments=1
ARC-refinement@th0.3 B=100 s=0 K0_naive_merge nonnegative duration,PASS,segments=1
ARC-refinement@th0.3 B=100 s=0 K1_gap_limited confirmed anchor,PASS,segments=5
ARC-refinement@th0.3 B=100 s=0 K1_gap_limited no NaN,PASS,segments=5
ARC-refinement@th0.3 B=100 s=0 K1_gap_limited nonnegative duration,PASS,segments=5
ARC-refinement@th0.3 B=100 s=0 K2_gap_duration confirmed anchor,PASS,segments=5
ARC-refinement@th0.3 B=100 s=0 K2_gap_duration no NaN,PASS,segments=5
ARC-refinement@th0.3 B=100 s=0 K2_gap_duration nonnegative duration,PASS,segments=5
ARC-refinement@th0.3 B=100 s=0 K2_gap_duration duration cap,PASS,D_seg_max=60.0
ARC-refinement@th0.3 B=100 s=0 K3_gap_duration_negative_barrier confirmed anchor,PASS,segments=5
ARC-refinement@th0.3 B=100 s=0 K3_gap_duration_negative_barrier no NaN,PASS,segments=5
ARC-refinement@th0.3 B=100 s=0 K3_gap_duration_negative_barrier nonnegative duration,PASS,segments=5
ARC-refinement@th0.3 B=100 s=0 K3_gap_duration_negative_barrier duration cap,PASS,D_seg_max=60.0
ARC-refinement@th0.3 B=100 s=0 K3_gap_duration_negative_barrier negative barrier,PASS,negatives=39
ARC-refinement@th0.3 B=100 s=0 K4_gap_duration_negative_barrier_selected_expand confirmed anchor,PASS,segments=5
ARC-refinement@th0.3 B=100 s=0 K4_gap_duration_negative_barrier_selected_expand no NaN,PASS,segments=5
ARC-refinement@th0.3 B=100 s=0 K4_gap_duration_negative_barrier_selected_expand nonnegative duration,PASS,segments=5
ARC-refinement@th0.3 B=100 s=0 K4_gap_duration_negative_barrier_selected_expand duration cap,PASS,D_seg_max=60.0
ARC-refinement@th0.3 B=100 s=0 K4_gap_duration_negative_barrier_selected_expand negative barrier,PASS,negatives=39
ARC-refinement@th0.3 B=100 s=0 K4 expansion no unconfirmed seed,PASS,every segment contains queried positive anchor
ARC-refinement@th0.4 B=100 s=0 oracle order,PASS,calls=100
ARC-refinement@th0.4 B=100 s=0 calls <= budget,PASS,calls=100 budget=100
ARC-refinement@th0.4 B=100 s=0 C6_full_EVENT_MATERIALIZE confirmed anchor,PASS,segments=20
ARC-refinement@th0.4 B=100 s=0 C6_full_EVENT_MATERIALIZE no NaN,PASS,segments=20
ARC-refinement@th0.4 B=100 s=0 C6_full_EVENT_MATERIALIZE nonnegative duration,PASS,segments=20
ARC-refinement@th0.4 B=100 s=0 C6_full_EVENT_MATERIALIZE duration cap,PASS,D_seg_max=60.0
ARC-refinement@th0.4 B=100 s=0 C6_full_EVENT_MATERIALIZE negative barrier,PASS,negatives=73
ARC-refinement@th0.4 B=100 s=0 K0_naive_merge confirmed anchor,PASS,segments=1
ARC-refinement@th0.4 B=100 s=0 K0_naive_merge no NaN,PASS,segments=1
ARC-refinement@th0.4 B=100 s=0 K0_naive_merge nonnegative duration,PASS,segments=1
ARC-refinement@th0.4 B=100 s=0 K1_gap_limited confirmed anchor,PASS,segments=12
ARC-refinement@th0.4 B=100 s=0 K1_gap_limited no NaN,PASS,segments=12
ARC-refinement@th0.4 B=100 s=0 K1_gap_limited nonnegative duration,PASS,segments=12
ARC-refinement@th0.4 B=100 s=0 K2_gap_duration confirmed anchor,PASS,segments=15
ARC-refinement@th0.4 B=100 s=0 K2_gap_duration no NaN,PASS,segments=15
ARC-refinement@th0.4 B=100 s=0 K2_gap_duration nonnegative duration,PASS,segments=15
ARC-refinement@th0.4 B=100 s=0 K2_gap_duration duration cap,PASS,D_seg_max=60.0
ARC-refinement@th0.4 B=100 s=0 K3_gap_duration_negative_barrier confirmed anchor,PASS,segments=20
ARC-refinement@th0.4 B=100 s=0 K3_gap_duration_negative_barrier no NaN,PASS,segments=20
ARC-refinement@th0.4 B=100 s=0 K3_gap_duration_negative_barrier nonnegative duration,PASS,segments=20
ARC-refinement@th0.4 B=100 s=0 K3_gap_duration_negative_barrier duration cap,PASS,D_seg_max=60.0
ARC-refinement@th0.4 B=100 s=0 K3_gap_duration_negative_barrier negative barrier,PASS,negatives=73
ARC-refinement@th0.4 B=100 s=0 K4_gap_duration_negative_barrier_selected_expand confirmed anchor,PASS,segments=20
ARC-refinement@th0.4 B=100 s=0 K4_gap_duration_negative_barrier_selected_expand no NaN,PASS,segments=20
ARC-refinement@th0.4 B=100 s=0 K4_gap_duration_negative_barrier_selected_expand nonnegative duration,PASS,segments=20
ARC-refinement@th0.4 B=100 s=0 K4_gap_duration_negative_barrier_selected_expand duration cap,PASS,D_seg_max=60.0
ARC-refinement@th0.4 B=100 s=0 K4_gap_duration_negative_barrier_selected_expand negative barrier,PASS,negatives=73
ARC-refinement@th0.4 B=100 s=0 K4 expansion no unconfirmed seed,PASS,every segment contains queried positive anchor
ARC-refinement@th0.5 B=100 s=0 oracle order,PASS,calls=62
ARC-refinement@th0.5 B=100 s=0 calls <= budget,PASS,calls=62 budget=100
ARC-refinement@th0.5 B=100 s=0 C6_full_EVENT_MATERIALIZE confirmed anchor,PASS,segments=10
ARC-refinement@th0.5 B=100 s=0 C6_full_EVENT_MATERIALIZE no NaN,PASS,segments=10
ARC-refinement@th0.5 B=100 s=0 C6_full_EVENT_MATERIALIZE nonnegative duration,PASS,segments=10
ARC-refinement@th0.5 B=100 s=0 C6_full_EVENT_MATERIALIZE duration cap,PASS,D_seg_max=60.0
ARC-refinement@th0.5 B=100 s=0 C6_full_EVENT_MATERIALIZE negative barrier,PASS,negatives=44
ARC-refinement@th0.5 B=100 s=0 K0_naive_merge confirmed anchor,PASS,segments=1
ARC-refinement@th0.5 B=100 s=0 K0_naive_merge no NaN,PASS,segments=1
ARC-refinement@th0.5 B=100 s=0 K0_naive_merge nonnegative duration,PASS,segments=1
ARC-refinement@th0.5 B=100 s=0 K1_gap_limited confirmed anchor,PASS,segments=6
ARC-refinement@th0.5 B=100 s=0 K1_gap_limited no NaN,PASS,segments=6
ARC-refinement@th0.5 B=100 s=0 K1_gap_limited nonnegative duration,PASS,segments=6
ARC-refinement@th0.5 B=100 s=0 K2_gap_duration confirmed anchor,PASS,segments=9
ARC-refinement@th0.5 B=100 s=0 K2_gap_duration no NaN,PASS,segments=9
ARC-refinement@th0.5 B=100 s=0 K2_gap_duration nonnegative duration,PASS,segments=9
ARC-refinement@th0.5 B=100 s=0 K2_gap_duration duration cap,PASS,D_seg_max=60.0
ARC-refinement@th0.5 B=100 s=0 K3_gap_duration_negative_barrier confirmed anchor,PASS,segments=10
ARC-refinement@th0.5 B=100 s=0 K3_gap_duration_negative_barrier no NaN,PASS,segments=10
ARC-refinement@th0.5 B=100 s=0 K3_gap_duration_negative_barrier nonnegative duration,PASS,segments=10
ARC-refinement@th0.5 B=100 s=0 K3_gap_duration_negative_barrier duration cap,PASS,D_seg_max=60.0
ARC-refinement@th0.5 B=100 s=0 K3_gap_duration_negative_barrier negative barrier,PASS,negatives=44
ARC-refinement@th0.5 B=100 s=0 K4_gap_duration_negative_barrier_selected_expand confirmed anchor,PASS,segments=10
ARC-refinement@th0.5 B=100 s=0 K4_gap_duration_negative_barrier_selected_expand no NaN,PASS,segments=10
ARC-refinement@th0.5 B=100 s=0 K4_gap_duration_negative_barrier_selected_expand nonnegative duration,PASS,segments=10
ARC-refinement@th0.5 B=100 s=0 K4_gap_duration_negative_barrier_selected_expand duration cap,PASS,D_seg_max=60.0
ARC-refinement@th0.5 B=100 s=0 K4_gap_duration_negative_barrier_selected_expand negative barrier,PASS,negatives=44
ARC-refinement@th0.5 B=100 s=0 K4 expansion no unconfirmed seed,PASS,every segment contains queried positive anchor
ARC-refinement@th0.1 B=100 s=1 oracle order,PASS,calls=1
ARC-refinement@th0.1 B=100 s=1 calls <= budget,PASS,calls=1 budget=100
ARC-refinement@th0.1 B=100 s=1 C6_full_EVENT_MATERIALIZE confirmed anchor,PASS,segments=1
ARC-refinement@th0.1 B=100 s=1 C6_full_EVENT_MATERIALIZE no NaN,PASS,segments=1
ARC-refinement@th0.1 B=100 s=1 C6_full_EVENT_MATERIALIZE nonnegative duration,PASS,segments=1
ARC-refinement@th0.1 B=100 s=1 C6_full_EVENT_MATERIALIZE duration cap,PASS,D_seg_max=60.0
ARC-refinement@th0.1 B=100 s=1 C6_full_EVENT_MATERIALIZE negative barrier,PASS,negatives=0
ARC-refinement@th0.1 B=100 s=1 K0_naive_merge confirmed anchor,PASS,segments=1
ARC-refinement@th0.1 B=100 s=1 K0_naive_merge no NaN,PASS,segments=1
ARC-refinement@th0.1 B=100 s=1 K0_naive_merge nonnegative duration,PASS,segments=1
ARC-refinement@th0.1 B=100 s=1 K1_gap_limited confirmed anchor,PASS,segments=1
ARC-refinement@th0.1 B=100 s=1 K1_gap_limited no NaN,PASS,segments=1
ARC-refinement@th0.1 B=100 s=1 K1_gap_limited nonnegative duration,PASS,segments=1
ARC-refinement@th0.1 B=100 s=1 K2_gap_duration confirmed anchor,PASS,segments=1
ARC-refinement@th0.1 B=100 s=1 K2_gap_duration no NaN,PASS,segments=1
ARC-refinement@th0.1 B=100 s=1 K2_gap_duration nonnegative duration,PASS,segments=1
ARC-refinement@th0.1 B=100 s=1 K2_gap_duration duration cap,PASS,D_seg_max=60.0
ARC-refinement@th0.1 B=100 s=1 K3_gap_duration_negative_barrier confirmed anchor,PASS,segments=1
ARC-refinement@th0.1 B=100 s=1 K3_gap_duration_negative_barrier no NaN,PASS,segments=1
ARC-refinement@th0.1 B=100 s=1 K3_gap_duration_negative_barrier nonnegative duration,PASS,segments=1
ARC-refinement@th0.1 B=100 s=1 K3_gap_duration_negative_barrier duration cap,PASS,D_seg_max=60.0
ARC-refinement@th0.1 B=100 s=1 K3_gap_duration_negative_barrier negative barrier,PASS,negatives=0
ARC-refinement@th0.1 B=100 s=1 K4_gap_duration_negative_barrier_selected_expand confirmed anchor,PASS,segments=1
ARC-refinement@th0.1 B=100 s=1 K4_gap_duration_negative_barrier_selected_expand no NaN,PASS,segments=1
ARC-refinement@th0.1 B=100 s=1 K4_gap_duration_negative_barrier_selected_expand nonnegative duration,PASS,segments=1
ARC-refinement@th0.1 B=100 s=1 K4_gap_duration_negative_barrier_selected_expand duration cap,PASS,D_seg_max=60.0
ARC-refinement@th0.1 B=100 s=1 K4_gap_duration_negative_barrier_selected_expand negative barrier,PASS,negatives=0
ARC-refinement@th0.1 B=100 s=1 K4 expansion no unconfirmed seed,PASS,every segment contains queried positive anchor
ARC-refinement@th0.2 B=100 s=1 oracle order,PASS,calls=1
ARC-refinement@th0.2 B=100 s=1 calls <= budget,PASS,calls=1 budget=100
ARC-refinement@th0.2 B=100 s=1 C6_full_EVENT_MATERIALIZE confirmed anchor,PASS,segments=0
ARC-refinement@th0.2 B=100 s=1 C6_full_EVENT_MATERIALIZE no NaN,PASS,segments=0
ARC-refinement@th0.2 B=100 s=1 C6_full_EVENT_MATERIALIZE nonnegative duration,PASS,segments=0
ARC-refinement@th0.2 B=100 s=1 C6_full_EVENT_MATERIALIZE duration cap,PASS,D_seg_max=60.0
ARC-refinement@th0.2 B=100 s=1 C6_full_EVENT_MATERIALIZE negative barrier,PASS,negatives=1
ARC-refinement@th0.2 B=100 s=1 K0_naive_merge confirmed anchor,PASS,segments=0
ARC-refinement@th0.2 B=100 s=1 K0_naive_merge no NaN,PASS,segments=0
ARC-refinement@th0.2 B=100 s=1 K0_naive_merge nonnegative duration,PASS,segments=0
ARC-refinement@th0.2 B=100 s=1 K1_gap_limited confirmed anchor,PASS,segments=0
ARC-refinement@th0.2 B=100 s=1 K1_gap_limited no NaN,PASS,segments=0
ARC-refinement@th0.2 B=100 s=1 K1_gap_limited nonnegative duration,PASS,segments=0
ARC-refinement@th0.2 B=100 s=1 K2_gap_duration confirmed anchor,PASS,segments=0
ARC-refinement@th0.2 B=100 s=1 K2_gap_duration no NaN,PASS,segments=0
ARC-refinement@th0.2 B=100 s=1 K2_gap_duration nonnegative duration,PASS,segments=0
ARC-refinement@th0.2 B=100 s=1 K2_gap_duration duration cap,PASS,D_seg_max=60.0
ARC-refinement@th0.2 B=100 s=1 K3_gap_duration_negative_barrier confirmed anchor,PASS,segments=0
ARC-refinement@th0.2 B=100 s=1 K3_gap_duration_negative_barrier no NaN,PASS,segments=0
ARC-refinement@th0.2 B=100 s=1 K3_gap_duration_negative_barrier nonnegative duration,PASS,segments=0
ARC-refinement@th0.2 B=100 s=1 K3_gap_duration_negative_barrier duration cap,PASS,D_seg_max=60.0
ARC-refinement@th0.2 B=100 s=1 K3_gap_duration_negative_barrier negative barrier,PASS,negatives=1
ARC-refinement@th0.2 B=100 s=1 K4_gap_duration_negative_barrier_selected_expand confirmed anchor,PASS,segments=0
ARC-refinement@th0.2 B=100 s=1 K4_gap_duration_negative_barrier_selected_expand no NaN,PASS,segments=0
ARC-refinement@th0.2 B=100 s=1 K4_gap_duration_negative_barrier_selected_expand nonnegative duration,PASS,segments=0
ARC-refinement@th0.2 B=100 s=1 K4_gap_duration_negative_barrier_selected_expand duration cap,PASS,D_seg_max=60.0
ARC-refinement@th0.2 B=100 s=1 K4_gap_duration_negative_barrier_selected_expand negative barrier,PASS,negatives=1
ARC-refinement@th0.2 B=100 s=1 K4 expansion no unconfirmed seed,PASS,every segment contains queried positive anchor
ARC-refinement@th0.3 B=100 s=1 oracle order,PASS,calls=46
ARC-refinement@th0.3 B=100 s=1 calls <= budget,PASS,calls=46 budget=100
ARC-refinement@th0.3 B=100 s=1 C6_full_EVENT_MATERIALIZE confirmed anchor,PASS,segments=6
ARC-refinement@th0.3 B=100 s=1 C6_full_EVENT_MATERIALIZE no NaN,PASS,segments=6
ARC-refinement@th0.3 B=100 s=1 C6_full_EVENT_MATERIALIZE nonnegative duration,PASS,segments=6
ARC-refinement@th0.3 B=100 s=1 C6_full_EVENT_MATERIALIZE duration cap,PASS,D_seg_max=60.0
ARC-refinement@th0.3 B=100 s=1 C6_full_EVENT_MATERIALIZE negative barrier,PASS,negatives=38
ARC-refinement@th0.3 B=100 s=1 K0_naive_merge confirmed anchor,PASS,segments=1
ARC-refinement@th0.3 B=100 s=1 K0_naive_merge no NaN,PASS,segments=1
ARC-refinement@th0.3 B=100 s=1 K0_naive_merge nonnegative duration,PASS,segments=1
ARC-refinement@th0.3 B=100 s=1 K1_gap_limited confirmed anchor,PASS,segments=6
ARC-refinement@th0.3 B=100 s=1 K1_gap_limited no NaN,PASS,segments=6
ARC-refinement@th0.3 B=100 s=1 K1_gap_limited nonnegative duration,PASS,segments=6
ARC-refinement@th0.3 B=100 s=1 K2_gap_duration confirmed anchor,PASS,segments=6
ARC-refinement@th0.3 B=100 s=1 K2_gap_duration no NaN,PASS,segments=6
ARC-refinement@th0.3 B=100 s=1 K2_gap_duration nonnegative duration,PASS,segments=6
ARC-refinement@th0.3 B=100 s=1 K2_gap_duration duration cap,PASS,D_seg_max=60.0
ARC-refinement@th0.3 B=100 s=1 K3_gap_duration_negative_barrier confirmed anchor,PASS,segments=6
ARC-refinement@th0.3 B=100 s=1 K3_gap_duration_negative_barrier no NaN,PASS,segments=6
ARC-refinement@th0.3 B=100 s=1 K3_gap_duration_negative_barrier nonnegative duration,PASS,segments=6
ARC-refinement@th0.3 B=100 s=1 K3_gap_duration_negative_barrier duration cap,PASS,D_seg_max=60.0
ARC-refinement@th0.3 B=100 s=1 K3_gap_duration_negative_barrier negative barrier,PASS,negatives=38
ARC-refinement@th0.3 B=100 s=1 K4_gap_duration_negative_barrier_selected_expand confirmed anchor,PASS,segments=6
ARC-refinement@th0.3 B=100 s=1 K4_gap_duration_negative_barrier_selected_expand no NaN,PASS,segments=6
ARC-refinement@th0.3 B=100 s=1 K4_gap_duration_negative_barrier_selected_expand nonnegative duration,PASS,segments=6
ARC-refinement@th0.3 B=100 s=1 K4_gap_duration_negative_barrier_selected_expand duration cap,PASS,D_seg_max=60.0
ARC-refinement@th0.3 B=100 s=1 K4_gap_duration_negative_barrier_selected_expand negative barrier,PASS,negatives=38
ARC-refinement@th0.3 B=100 s=1 K4 expansion no unconfirmed seed,PASS,every segment contains queried positive anchor
ARC-refinement@th0.4 B=100 s=1 oracle order,PASS,calls=100
ARC-refinement@th0.4 B=100 s=1 calls <= budget,PASS,calls=100 budget=100
ARC-refinement@th0.4 B=100 s=1 C6_full_EVENT_MATERIALIZE confirmed anchor,PASS,segments=15
ARC-refinement@th0.4 B=100 s=1 C6_full_EVENT_MATERIALIZE no NaN,PASS,segments=15
ARC-refinement@th0.4 B=100 s=1 C6_full_EVENT_MATERIALIZE nonnegative duration,PASS,segments=15
ARC-refinement@th0.4 B=100 s=1 C6_full_EVENT_MATERIALIZE duration cap,PASS,D_seg_max=60.0
ARC-refinement@th0.4 B=100 s=1 C6_full_EVENT_MATERIALIZE negative barrier,PASS,negatives=74
ARC-refinement@th0.4 B=100 s=1 K0_naive_merge confirmed anchor,PASS,segments=1
ARC-refinement@th0.4 B=100 s=1 K0_naive_merge no NaN,PASS,segments=1
ARC-refinement@th0.4 B=100 s=1 K0_naive_merge nonnegative duration,PASS,segments=1
ARC-refinement@th0.4 B=100 s=1 K1_gap_limited confirmed anchor,PASS,segments=10
ARC-refinement@th0.4 B=100 s=1 K1_gap_limited no NaN,PASS,segments=10
ARC-refinement@th0.4 B=100 s=1 K1_gap_limited nonnegative duration,PASS,segments=10
ARC-refinement@th0.4 B=100 s=1 K2_gap_duration confirmed anchor,PASS,segments=13
ARC-refinement@th0.4 B=100 s=1 K2_gap_duration no NaN,PASS,segments=13
ARC-refinement@th0.4 B=100 s=1 K2_gap_duration nonnegative duration,PASS,segments=13
ARC-refinement@th0.4 B=100 s=1 K2_gap_duration duration cap,PASS,D_seg_max=60.0
ARC-refinement@th0.4 B=100 s=1 K3_gap_duration_negative_barrier confirmed anchor,PASS,segments=15
ARC-refinement@th0.4 B=100 s=1 K3_gap_duration_negative_barrier no NaN,PASS,segments=15
ARC-refinement@th0.4 B=100 s=1 K3_gap_duration_negative_barrier nonnegative duration,PASS,segments=15
ARC-refinement@th0.4 B=100 s=1 K3_gap_duration_negative_barrier duration cap,PASS,D_seg_max=60.0
ARC-refinement@th0.4 B=100 s=1 K3_gap_duration_negative_barrier negative barrier,PASS,negatives=74
ARC-refinement@th0.4 B=100 s=1 K4_gap_duration_negative_barrier_selected_expand confirmed anchor,PASS,segments=15
ARC-refinement@th0.4 B=100 s=1 K4_gap_duration_negative_barrier_selected_expand no NaN,PASS,segments=15
ARC-refinement@th0.4 B=100 s=1 K4_gap_duration_negative_barrier_selected_expand nonnegative duration,PASS,segments=15
ARC-refinement@th0.4 B=100 s=1 K4_gap_duration_negative_barrier_selected_expand duration cap,PASS,D_seg_max=60.0
ARC-refinement@th0.4 B=100 s=1 K4_gap_duration_negative_barrier_selected_expand negative barrier,PASS,negatives=74
ARC-refinement@th0.4 B=100 s=1 K4 expansion no unconfirmed seed,PASS,every segment contains queried positive anchor
ARC-refinement@th0.5 B=100 s=1 oracle order,PASS,calls=6
ARC-refinement@th0.5 B=100 s=1 calls <= budget,PASS,calls=6 budget=100
ARC-refinement@th0.5 B=100 s=1 C6_full_EVENT_MATERIALIZE confirmed anchor,PASS,segments=1
ARC-refinement@th0.5 B=100 s=1 C6_full_EVENT_MATERIALIZE no NaN,PASS,segments=1
ARC-refinement@th0.5 B=100 s=1 C6_full_EVENT_MATERIALIZE nonnegative duration,PASS,segments=1
ARC-refinement@th0.5 B=100 s=1 C6_full_EVENT_MATERIALIZE duration cap,PASS,D_seg_max=60.0
ARC-refinement@th0.5 B=100 s=1 C6_full_EVENT_MATERIALIZE negative barrier,PASS,negatives=2
ARC-refinement@th0.5 B=100 s=1 K0_naive_merge confirmed anchor,PASS,segments=1
ARC-refinement@th0.5 B=100 s=1 K0_naive_merge no NaN,PASS,segments=1
ARC-refinement@th0.5 B=100 s=1 K0_naive_merge nonnegative duration,PASS,segments=1
ARC-refinement@th0.5 B=100 s=1 K1_gap_limited confirmed anchor,PASS,segments=1
ARC-refinement@th0.5 B=100 s=1 K1_gap_limited no NaN,PASS,segments=1
ARC-refinement@th0.5 B=100 s=1 K1_gap_limited nonnegative duration,PASS,segments=1
ARC-refinement@th0.5 B=100 s=1 K2_gap_duration confirmed anchor,PASS,segments=1
ARC-refinement@th0.5 B=100 s=1 K2_gap_duration no NaN,PASS,segments=1
ARC-refinement@th0.5 B=100 s=1 K2_gap_duration nonnegative duration,PASS,segments=1
ARC-refinement@th0.5 B=100 s=1 K2_gap_duration duration cap,PASS,D_seg_max=60.0
ARC-refinement@th0.5 B=100 s=1 K3_gap_duration_negative_barrier confirmed anchor,PASS,segments=1
ARC-refinement@th0.5 B=100 s=1 K3_gap_duration_negative_barrier no NaN,PASS,segments=1
ARC-refinement@th0.5 B=100 s=1 K3_gap_duration_negative_barrier nonnegative duration,PASS,segments=1
ARC-refinement@th0.5 B=100 s=1 K3_gap_duration_negative_barrier duration cap,PASS,D_seg_max=60.0
ARC-refinement@th0.5 B=100 s=1 K3_gap_duration_negative_barrier negative barrier,PASS,negatives=2
ARC-refinement@th0.5 B=100 s=1 K4_gap_duration_negative_barrier_selected_expand confirmed anchor,PASS,segments=1
ARC-refinement@th0.5 B=100 s=1 K4_gap_duration_negative_barrier_selected_expand no NaN,PASS,segments=1
ARC-refinement@th0.5 B=100 s=1 K4_gap_duration_negative_barrier_selected_expand nonnegative duration,PASS,segments=1
ARC-refinement@th0.5 B=100 s=1 K4_gap_duration_negative_barrier_selected_expand duration cap,PASS,D_seg_max=60.0
ARC-refinement@th0.5 B=100 s=1 K4_gap_duration_negative_barrier_selected_expand negative barrier,PASS,negatives=2
ARC-refinement@th0.5 B=100 s=1 K4 expansion no unconfirmed seed,PASS,every segment contains queried positive anchor
ARC-refinement@th0.1 B=100 s=2 oracle order,PASS,calls=2
ARC-refinement@th0.1 B=100 s=2 calls <= budget,PASS,calls=2 budget=100
ARC-refinement@th0.1 B=100 s=2 C6_full_EVENT_MATERIALIZE confirmed anchor,PASS,segments=1
ARC-refinement@th0.1 B=100 s=2 C6_full_EVENT_MATERIALIZE no NaN,PASS,segments=1
ARC-refinement@th0.1 B=100 s=2 C6_full_EVENT_MATERIALIZE nonnegative duration,PASS,segments=1
ARC-refinement@th0.1 B=100 s=2 C6_full_EVENT_MATERIALIZE duration cap,PASS,D_seg_max=60.0
ARC-refinement@th0.1 B=100 s=2 C6_full_EVENT_MATERIALIZE negative barrier,PASS,negatives=0
ARC-refinement@th0.1 B=100 s=2 K0_naive_merge confirmed anchor,PASS,segments=1
ARC-refinement@th0.1 B=100 s=2 K0_naive_merge no NaN,PASS,segments=1
ARC-refinement@th0.1 B=100 s=2 K0_naive_merge nonnegative duration,PASS,segments=1
ARC-refinement@th0.1 B=100 s=2 K1_gap_limited confirmed anchor,PASS,segments=1
ARC-refinement@th0.1 B=100 s=2 K1_gap_limited no NaN,PASS,segments=1
ARC-refinement@th0.1 B=100 s=2 K1_gap_limited nonnegative duration,PASS,segments=1
ARC-refinement@th0.1 B=100 s=2 K2_gap_duration confirmed anchor,PASS,segments=1
ARC-refinement@th0.1 B=100 s=2 K2_gap_duration no NaN,PASS,segments=1
ARC-refinement@th0.1 B=100 s=2 K2_gap_duration nonnegative duration,PASS,segments=1
ARC-refinement@th0.1 B=100 s=2 K2_gap_duration duration cap,PASS,D_seg_max=60.0
ARC-refinement@th0.1 B=100 s=2 K3_gap_duration_negative_barrier confirmed anchor,PASS,segments=1
ARC-refinement@th0.1 B=100 s=2 K3_gap_duration_negative_barrier no NaN,PASS,segments=1
ARC-refinement@th0.1 B=100 s=2 K3_gap_duration_negative_barrier nonnegative duration,PASS,segments=1
ARC-refinement@th0.1 B=100 s=2 K3_gap_duration_negative_barrier duration cap,PASS,D_seg_max=60.0
ARC-refinement@th0.1 B=100 s=2 K3_gap_duration_negative_barrier negative barrier,PASS,negatives=0
ARC-refinement@th0.1 B=100 s=2 K4_gap_duration_negative_barrier_selected_expand confirmed anchor,PASS,segments=1
ARC-refinement@th0.1 B=100 s=2 K4_gap_duration_negative_barrier_selected_expand no NaN,PASS,segments=1
ARC-refinement@th0.1 B=100 s=2 K4_gap_duration_negative_barrier_selected_expand nonnegative duration,PASS,segments=1
ARC-refinement@th0.1 B=100 s=2 K4_gap_duration_negative_barrier_selected_expand duration cap,PASS,D_seg_max=60.0
ARC-refinement@th0.1 B=100 s=2 K4_gap_duration_negative_barrier_selected_expand negative barrier,PASS,negatives=0
ARC-refinement@th0.1 B=100 s=2 K4 expansion no unconfirmed seed,PASS,every segment contains queried positive anchor
ARC-refinement@th0.2 B=100 s=2 oracle order,PASS,calls=2
ARC-refinement@th0.2 B=100 s=2 calls <= budget,PASS,calls=2 budget=100
ARC-refinement@th0.2 B=100 s=2 C6_full_EVENT_MATERIALIZE confirmed anchor,PASS,segments=0
ARC-refinement@th0.2 B=100 s=2 C6_full_EVENT_MATERIALIZE no NaN,PASS,segments=0
ARC-refinement@th0.2 B=100 s=2 C6_full_EVENT_MATERIALIZE nonnegative duration,PASS,segments=0
ARC-refinement@th0.2 B=100 s=2 C6_full_EVENT_MATERIALIZE duration cap,PASS,D_seg_max=60.0
ARC-refinement@th0.2 B=100 s=2 C6_full_EVENT_MATERIALIZE negative barrier,PASS,negatives=2
ARC-refinement@th0.2 B=100 s=2 K0_naive_merge confirmed anchor,PASS,segments=0
ARC-refinement@th0.2 B=100 s=2 K0_naive_merge no NaN,PASS,segments=0
ARC-refinement@th0.2 B=100 s=2 K0_naive_merge nonnegative duration,PASS,segments=0
ARC-refinement@th0.2 B=100 s=2 K1_gap_limited confirmed anchor,PASS,segments=0
ARC-refinement@th0.2 B=100 s=2 K1_gap_limited no NaN,PASS,segments=0
ARC-refinement@th0.2 B=100 s=2 K1_gap_limited nonnegative duration,PASS,segments=0
ARC-refinement@th0.2 B=100 s=2 K2_gap_duration confirmed anchor,PASS,segments=0
ARC-refinement@th0.2 B=100 s=2 K2_gap_duration no NaN,PASS,segments=0
ARC-refinement@th0.2 B=100 s=2 K2_gap_duration nonnegative duration,PASS,segments=0
ARC-refinement@th0.2 B=100 s=2 K2_gap_duration duration cap,PASS,D_seg_max=60.0
ARC-refinement@th0.2 B=100 s=2 K3_gap_duration_negative_barrier confirmed anchor,PASS,segments=0
ARC-refinement@th0.2 B=100 s=2 K3_gap_duration_negative_barrier no NaN,PASS,segments=0
ARC-refinement@th0.2 B=100 s=2 K3_gap_duration_negative_barrier nonnegative duration,PASS,segments=0
ARC-refinement@th0.2 B=100 s=2 K3_gap_duration_negative_barrier duration cap,PASS,D_seg_max=60.0
ARC-refinement@th0.2 B=100 s=2 K3_gap_duration_negative_barrier negative barrier,PASS,negatives=2
ARC-refinement@th0.2 B=100 s=2 K4_gap_duration_negative_barrier_selected_expand confirmed anchor,PASS,segments=0
ARC-refinement@th0.2 B=100 s=2 K4_gap_duration_negative_barrier_selected_expand no NaN,PASS,segments=0
ARC-refinement@th0.2 B=100 s=2 K4_gap_duration_negative_barrier_selected_expand nonnegative duration,PASS,segments=0
ARC-refinement@th0.2 B=100 s=2 K4_gap_duration_negative_barrier_selected_expand duration cap,PASS,D_seg_max=60.0
ARC-refinement@th0.2 B=100 s=2 K4_gap_duration_negative_barrier_selected_expand negative barrier,PASS,negatives=2
ARC-refinement@th0.2 B=100 s=2 K4 expansion no unconfirmed seed,PASS,every segment contains queried positive anchor
ARC-refinement@th0.3 B=100 s=2 oracle order,PASS,calls=56
ARC-refinement@th0.3 B=100 s=2 calls <= budget,PASS,calls=56 budget=100
ARC-refinement@th0.3 B=100 s=2 C6_full_EVENT_MATERIALIZE confirmed anchor,PASS,segments=10
ARC-refinement@th0.3 B=100 s=2 C6_full_EVENT_MATERIALIZE no NaN,PASS,segments=10
ARC-refinement@th0.3 B=100 s=2 C6_full_EVENT_MATERIALIZE nonnegative duration,PASS,segments=10
ARC-refinement@th0.3 B=100 s=2 C6_full_EVENT_MATERIALIZE duration cap,PASS,D_seg_max=60.0
ARC-refinement@th0.3 B=100 s=2 C6_full_EVENT_MATERIALIZE negative barrier,PASS,negatives=42
ARC-refinement@th0.3 B=100 s=2 K0_naive_merge confirmed anchor,PASS,segments=1
ARC-refinement@th0.3 B=100 s=2 K0_naive_merge no NaN,PASS,segments=1
ARC-refinement@th0.3 B=100 s=2 K0_naive_merge nonnegative duration,PASS,segments=1
ARC-refinement@th0.3 B=100 s=2 K1_gap_limited confirmed anchor,PASS,segments=6
ARC-refinement@th0.3 B=100 s=2 K1_gap_limited no NaN,PASS,segments=6
ARC-refinement@th0.3 B=100 s=2 K1_gap_limited nonnegative duration,PASS,segments=6
ARC-refinement@th0.3 B=100 s=2 K2_gap_duration confirmed anchor,PASS,segments=8
ARC-refinement@th0.3 B=100 s=2 K2_gap_duration no NaN,PASS,segments=8
ARC-refinement@th0.3 B=100 s=2 K2_gap_duration nonnegative duration,PASS,segments=8
ARC-refinement@th0.3 B=100 s=2 K2_gap_duration duration cap,PASS,D_seg_max=60.0
ARC-refinement@th0.3 B=100 s=2 K3_gap_duration_negative_barrier confirmed anchor,PASS,segments=10
ARC-refinement@th0.3 B=100 s=2 K3_gap_duration_negative_barrier no NaN,PASS,segments=10
ARC-refinement@th0.3 B=100 s=2 K3_gap_duration_negative_barrier nonnegative duration,PASS,segments=10
ARC-refinement@th0.3 B=100 s=2 K3_gap_duration_negative_barrier duration cap,PASS,D_seg_max=60.0
ARC-refinement@th0.3 B=100 s=2 K3_gap_duration_negative_barrier negative barrier,PASS,negatives=42
ARC-refinement@th0.3 B=100 s=2 K4_gap_duration_negative_barrier_selected_expand confirmed anchor,PASS,segments=10
ARC-refinement@th0.3 B=100 s=2 K4_gap_duration_negative_barrier_selected_expand no NaN,PASS,segments=10
ARC-refinement@th0.3 B=100 s=2 K4_gap_duration_negative_barrier_selected_expand nonnegative duration,PASS,segments=10
ARC-refinement@th0.3 B=100 s=2 K4_gap_duration_negative_barrier_selected_expand duration cap,PASS,D_seg_max=60.0
ARC-refinement@th0.3 B=100 s=2 K4_gap_duration_negative_barrier_selected_expand negative barrier,PASS,negatives=42
ARC-refinement@th0.3 B=100 s=2 K4 expansion no unconfirmed seed,PASS,every segment contains queried positive anchor
ARC-refinement@th0.4 B=100 s=2 oracle order,PASS,calls=93
ARC-refinement@th0.4 B=100 s=2 calls <= budget,PASS,calls=93 budget=100
ARC-refinement@th0.4 B=100 s=2 C6_full_EVENT_MATERIALIZE confirmed anchor,PASS,segments=18
ARC-refinement@th0.4 B=100 s=2 C6_full_EVENT_MATERIALIZE no NaN,PASS,segments=18
ARC-refinement@th0.4 B=100 s=2 C6_full_EVENT_MATERIALIZE nonnegative duration,PASS,segments=18
ARC-refinement@th0.4 B=100 s=2 C6_full_EVENT_MATERIALIZE duration cap,PASS,D_seg_max=60.0
ARC-refinement@th0.4 B=100 s=2 C6_full_EVENT_MATERIALIZE negative barrier,PASS,negatives=64
ARC-refinement@th0.4 B=100 s=2 K0_naive_merge confirmed anchor,PASS,segments=1
ARC-refinement@th0.4 B=100 s=2 K0_naive_merge no NaN,PASS,segments=1
ARC-refinement@th0.4 B=100 s=2 K0_naive_merge nonnegative duration,PASS,segments=1
ARC-refinement@th0.4 B=100 s=2 K1_gap_limited confirmed anchor,PASS,segments=10
ARC-refinement@th0.4 B=100 s=2 K1_gap_limited no NaN,PASS,segments=10
ARC-refinement@th0.4 B=100 s=2 K1_gap_limited nonnegative duration,PASS,segments=10
ARC-refinement@th0.4 B=100 s=2 K2_gap_duration confirmed anchor,PASS,segments=13
ARC-refinement@th0.4 B=100 s=2 K2_gap_duration no NaN,PASS,segments=13
ARC-refinement@th0.4 B=100 s=2 K2_gap_duration nonnegative duration,PASS,segments=13
ARC-refinement@th0.4 B=100 s=2 K2_gap_duration duration cap,PASS,D_seg_max=60.0
ARC-refinement@th0.4 B=100 s=2 K3_gap_duration_negative_barrier confirmed anchor,PASS,segments=18
ARC-refinement@th0.4 B=100 s=2 K3_gap_duration_negative_barrier no NaN,PASS,segments=18
ARC-refinement@th0.4 B=100 s=2 K3_gap_duration_negative_barrier nonnegative duration,PASS,segments=18
ARC-refinement@th0.4 B=100 s=2 K3_gap_duration_negative_barrier duration cap,PASS,D_seg_max=60.0
ARC-refinement@th0.4 B=100 s=2 K3_gap_duration_negative_barrier negative barrier,PASS,negatives=64
ARC-refinement@th0.4 B=100 s=2 K4_gap_duration_negative_barrier_selected_expand confirmed anchor,PASS,segments=18
ARC-refinement@th0.4 B=100 s=2 K4_gap_duration_negative_barrier_selected_expand no NaN,PASS,segments=18
ARC-refinement@th0.4 B=100 s=2 K4_gap_duration_negative_barrier_selected_expand nonnegative duration,PASS,segments=18
ARC-refinement@th0.4 B=100 s=2 K4_gap_duration_negative_barrier_selected_expand duration cap,PASS,D_seg_max=60.0
ARC-refinement@th0.4 B=100 s=2 K4_gap_duration_negative_barrier_selected_expand negative barrier,PASS,negatives=64
ARC-refinement@th0.4 B=100 s=2 K4 expansion no unconfirmed seed,PASS,every segment contains queried positive anchor
ARC-refinement@th0.5 B=100 s=2 oracle order,PASS,calls=6
ARC-refinement@th0.5 B=100 s=2 calls <= budget,PASS,calls=6 budget=100
ARC-refinement@th0.5 B=100 s=2 C6_full_EVENT_MATERIALIZE confirmed anchor,PASS,segments=1
ARC-refinement@th0.5 B=100 s=2 C6_full_EVENT_MATERIALIZE no NaN,PASS,segments=1
ARC-refinement@th0.5 B=100 s=2 C6_full_EVENT_MATERIALIZE nonnegative duration,PASS,segments=1
ARC-refinement@th0.5 B=100 s=2 C6_full_EVENT_MATERIALIZE duration cap,PASS,D_seg_max=60.0
ARC-refinement@th0.5 B=100 s=2 C6_full_EVENT_MATERIALIZE negative barrier,PASS,negatives=2
ARC-refinement@th0.5 B=100 s=2 K0_naive_merge confirmed anchor,PASS,segments=1
ARC-refinement@th0.5 B=100 s=2 K0_naive_merge no NaN,PASS,segments=1
ARC-refinement@th0.5 B=100 s=2 K0_naive_merge nonnegative duration,PASS,segments=1
ARC-refinement@th0.5 B=100 s=2 K1_gap_limited confirmed anchor,PASS,segments=1
ARC-refinement@th0.5 B=100 s=2 K1_gap_limited no NaN,PASS,segments=1
ARC-refinement@th0.5 B=100 s=2 K1_gap_limited nonnegative duration,PASS,segments=1
ARC-refinement@th0.5 B=100 s=2 K2_gap_duration confirmed anchor,PASS,segments=1
ARC-refinement@th0.5 B=100 s=2 K2_gap_duration no NaN,PASS,segments=1
ARC-refinement@th0.5 B=100 s=2 K2_gap_duration nonnegative duration,PASS,segments=1
ARC-refinement@th0.5 B=100 s=2 K2_gap_duration duration cap,PASS,D_seg_max=60.0
ARC-refinement@th0.5 B=100 s=2 K3_gap_duration_negative_barrier confirmed anchor,PASS,segments=1
ARC-refinement@th0.5 B=100 s=2 K3_gap_duration_negative_barrier no NaN,PASS,segments=1
ARC-refinement@th0.5 B=100 s=2 K3_gap_duration_negative_barrier nonnegative duration,PASS,segments=1
ARC-refinement@th0.5 B=100 s=2 K3_gap_duration_negative_barrier duration cap,PASS,D_seg_max=60.0
ARC-refinement@th0.5 B=100 s=2 K3_gap_duration_negative_barrier negative barrier,PASS,negatives=2
ARC-refinement@th0.5 B=100 s=2 K4_gap_duration_negative_barrier_selected_expand confirmed anchor,PASS,segments=1
ARC-refinement@th0.5 B=100 s=2 K4_gap_duration_negative_barrier_selected_expand no NaN,PASS,segments=1
ARC-refinement@th0.5 B=100 s=2 K4_gap_duration_negative_barrier_selected_expand nonnegative duration,PASS,segments=1
ARC-refinement@th0.5 B=100 s=2 K4_gap_duration_negative_barrier_selected_expand duration cap,PASS,D_seg_max=60.0
ARC-refinement@th0.5 B=100 s=2 K4_gap_duration_negative_barrier_selected_expand negative barrier,PASS,negatives=2
ARC-refinement@th0.5 B=100 s=2 K4 expansion no unconfirmed seed,PASS,every segment contains queried positive anchor
ARC-refinement@th0.1 B=100 s=3 oracle order,PASS,calls=0
ARC-refinement@th0.1 B=100 s=3 calls <= budget,PASS,calls=0 budget=100
ARC-refinement@th0.1 B=100 s=3 C6_full_EVENT_MATERIALIZE confirmed anchor,PASS,segments=0
ARC-refinement@th0.1 B=100 s=3 C6_full_EVENT_MATERIALIZE no NaN,PASS,segments=0
ARC-refinement@th0.1 B=100 s=3 C6_full_EVENT_MATERIALIZE nonnegative duration,PASS,segments=0
ARC-refinement@th0.1 B=100 s=3 C6_full_EVENT_MATERIALIZE duration cap,PASS,D_seg_max=60.0
ARC-refinement@th0.1 B=100 s=3 C6_full_EVENT_MATERIALIZE negative barrier,PASS,negatives=0
ARC-refinement@th0.1 B=100 s=3 K0_naive_merge confirmed anchor,PASS,segments=0
ARC-refinement@th0.1 B=100 s=3 K0_naive_merge no NaN,PASS,segments=0
ARC-refinement@th0.1 B=100 s=3 K0_naive_merge nonnegative duration,PASS,segments=0
ARC-refinement@th0.1 B=100 s=3 K1_gap_limited confirmed anchor,PASS,segments=0
ARC-refinement@th0.1 B=100 s=3 K1_gap_limited no NaN,PASS,segments=0
ARC-refinement@th0.1 B=100 s=3 K1_gap_limited nonnegative duration,PASS,segments=0
ARC-refinement@th0.1 B=100 s=3 K2_gap_duration confirmed anchor,PASS,segments=0
ARC-refinement@th0.1 B=100 s=3 K2_gap_duration no NaN,PASS,segments=0
ARC-refinement@th0.1 B=100 s=3 K2_gap_duration nonnegative duration,PASS,segments=0
ARC-refinement@th0.1 B=100 s=3 K2_gap_duration duration cap,PASS,D_seg_max=60.0
ARC-refinement@th0.1 B=100 s=3 K3_gap_duration_negative_barrier confirmed anchor,PASS,segments=0
ARC-refinement@th0.1 B=100 s=3 K3_gap_duration_negative_barrier no NaN,PASS,segments=0
ARC-refinement@th0.1 B=100 s=3 K3_gap_duration_negative_barrier nonnegative duration,PASS,segments=0
ARC-refinement@th0.1 B=100 s=3 K3_gap_duration_negative_barrier duration cap,PASS,D_seg_max=60.0
ARC-refinement@th0.1 B=100 s=3 K3_gap_duration_negative_barrier negative barrier,PASS,negatives=0
ARC-refinement@th0.1 B=100 s=3 K4_gap_duration_negative_barrier_selected_expand confirmed anchor,PASS,segments=0
ARC-refinement@th0.1 B=100 s=3 K4_gap_duration_negative_barrier_selected_expand no NaN,PASS,segments=0
ARC-refinement@th0.1 B=100 s=3 K4_gap_duration_negative_barrier_selected_expand nonnegative duration,PASS,segments=0
ARC-refinement@th0.1 B=100 s=3 K4_gap_duration_negative_barrier_selected_expand duration cap,PASS,D_seg_max=60.0
ARC-refinement@th0.1 B=100 s=3 K4_gap_duration_negative_barrier_selected_expand negative barrier,PASS,negatives=0
ARC-refinement@th0.1 B=100 s=3 K4 expansion no unconfirmed seed,PASS,every segment contains queried positive anchor
ARC-refinement@th0.2 B=100 s=3 oracle order,PASS,calls=0
ARC-refinement@th0.2 B=100 s=3 calls <= budget,PASS,calls=0 budget=100
ARC-refinement@th0.2 B=100 s=3 C6_full_EVENT_MATERIALIZE confirmed anchor,PASS,segments=0
ARC-refinement@th0.2 B=100 s=3 C6_full_EVENT_MATERIALIZE no NaN,PASS,segments=0
ARC-refinement@th0.2 B=100 s=3 C6_full_EVENT_MATERIALIZE nonnegative duration,PASS,segments=0
ARC-refinement@th0.2 B=100 s=3 C6_full_EVENT_MATERIALIZE duration cap,PASS,D_seg_max=60.0
ARC-refinement@th0.2 B=100 s=3 C6_full_EVENT_MATERIALIZE negative barrier,PASS,negatives=0
ARC-refinement@th0.2 B=100 s=3 K0_naive_merge confirmed anchor,PASS,segments=0
ARC-refinement@th0.2 B=100 s=3 K0_naive_merge no NaN,PASS,segments=0
ARC-refinement@th0.2 B=100 s=3 K0_naive_merge nonnegative duration,PASS,segments=0
ARC-refinement@th0.2 B=100 s=3 K1_gap_limited confirmed anchor,PASS,segments=0
ARC-refinement@th0.2 B=100 s=3 K1_gap_limited no NaN,PASS,segments=0
ARC-refinement@th0.2 B=100 s=3 K1_gap_limited nonnegative duration,PASS,segments=0
ARC-refinement@th0.2 B=100 s=3 K2_gap_duration confirmed anchor,PASS,segments=0
ARC-refinement@th0.2 B=100 s=3 K2_gap_duration no NaN,PASS,segments=0
ARC-refinement@th0.2 B=100 s=3 K2_gap_duration nonnegative duration,PASS,segments=0
ARC-refinement@th0.2 B=100 s=3 K2_gap_duration duration cap,PASS,D_seg_max=60.0
ARC-refinement@th0.2 B=100 s=3 K3_gap_duration_negative_barrier confirmed anchor,PASS,segments=0
ARC-refinement@th0.2 B=100 s=3 K3_gap_duration_negative_barrier no NaN,PASS,segments=0
ARC-refinement@th0.2 B=100 s=3 K3_gap_duration_negative_barrier nonnegative duration,PASS,segments=0
ARC-refinement@th0.2 B=100 s=3 K3_gap_duration_negative_barrier duration cap,PASS,D_seg_max=60.0
ARC-refinement@th0.2 B=100 s=3 K3_gap_duration_negative_barrier negative barrier,PASS,negatives=0
ARC-refinement@th0.2 B=100 s=3 K4_gap_duration_negative_barrier_selected_expand confirmed anchor,PASS,segments=0
ARC-refinement@th0.2 B=100 s=3 K4_gap_duration_negative_barrier_selected_expand no NaN,PASS,segments=0
ARC-refinement@th0.2 B=100 s=3 K4_gap_duration_negative_barrier_selected_expand nonnegative duration,PASS,segments=0
ARC-refinement@th0.2 B=100 s=3 K4_gap_duration_negative_barrier_selected_expand duration cap,PASS,D_seg_max=60.0
ARC-refinement@th0.2 B=100 s=3 K4_gap_duration_negative_barrier_selected_expand negative barrier,PASS,negatives=0
ARC-refinement@th0.2 B=100 s=3 K4 expansion no unconfirmed seed,PASS,every segment contains queried positive anchor
ARC-refinement@th0.3 B=100 s=3 oracle order,PASS,calls=66
ARC-refinement@th0.3 B=100 s=3 calls <= budget,PASS,calls=66 budget=100
ARC-refinement@th0.3 B=100 s=3 C6_full_EVENT_MATERIALIZE confirmed anchor,PASS,segments=12
ARC-refinement@th0.3 B=100 s=3 C6_full_EVENT_MATERIALIZE no NaN,PASS,segments=12
ARC-refinement@th0.3 B=100 s=3 C6_full_EVENT_MATERIALIZE nonnegative duration,PASS,segments=12
ARC-refinement@th0.3 B=100 s=3 C6_full_EVENT_MATERIALIZE duration cap,PASS,D_seg_max=60.0
ARC-refinement@th0.3 B=100 s=3 C6_full_EVENT_MATERIALIZE negative barrier,PASS,negatives=49
ARC-refinement@th0.3 B=100 s=3 K0_naive_merge confirmed anchor,PASS,segments=1
ARC-refinement@th0.3 B=100 s=3 K0_naive_merge no NaN,PASS,segments=1
ARC-refinement@th0.3 B=100 s=3 K0_naive_merge nonnegative duration,PASS,segments=1
ARC-refinement@th0.3 B=100 s=3 K1_gap_limited confirmed anchor,PASS,segments=7
ARC-refinement@th0.3 B=100 s=3 K1_gap_limited no NaN,PASS,segments=7
ARC-refinement@th0.3 B=100 s=3 K1_gap_limited nonnegative duration,PASS,segments=7
ARC-refinement@th0.3 B=100 s=3 K2_gap_duration confirmed anchor,PASS,segments=9
ARC-refinement@th0.3 B=100 s=3 K2_gap_duration no NaN,PASS,segments=9
ARC-refinement@th0.3 B=100 s=3 K2_gap_duration nonnegative duration,PASS,segments=9
ARC-refinement@th0.3 B=100 s=3 K2_gap_duration duration cap,PASS,D_seg_max=60.0
ARC-refinement@th0.3 B=100 s=3 K3_gap_duration_negative_barrier confirmed anchor,PASS,segments=12
ARC-refinement@th0.3 B=100 s=3 K3_gap_duration_negative_barrier no NaN,PASS,segments=12
ARC-refinement@th0.3 B=100 s=3 K3_gap_duration_negative_barrier nonnegative duration,PASS,segments=12
ARC-refinement@th0.3 B=100 s=3 K3_gap_duration_negative_barrier duration cap,PASS,D_seg_max=60.0
ARC-refinement@th0.3 B=100 s=3 K3_gap_duration_negative_barrier negative barrier,PASS,negatives=49
ARC-refinement@th0.3 B=100 s=3 K4_gap_duration_negative_barrier_selected_expand confirmed anchor,PASS,segments=12
ARC-refinement@th0.3 B=100 s=3 K4_gap_duration_negative_barrier_selected_expand no NaN,PASS,segments=12
ARC-refinement@th0.3 B=100 s=3 K4_gap_duration_negative_barrier_selected_expand nonnegative duration,PASS,segments=12
ARC-refinement@th0.3 B=100 s=3 K4_gap_duration_negative_barrier_selected_expand duration cap,PASS,D_seg_max=60.0
ARC-refinement@th0.3 B=100 s=3 K4_gap_duration_negative_barrier_selected_expand negative barrier,PASS,negatives=49
ARC-refinement@th0.3 B=100 s=3 K4 expansion no unconfirmed seed,PASS,every segment contains queried positive anchor
ARC-refinement@th0.4 B=100 s=3 oracle order,PASS,calls=92
ARC-refinement@th0.4 B=100 s=3 calls <= budget,PASS,calls=92 budget=100
ARC-refinement@th0.4 B=100 s=3 C6_full_EVENT_MATERIALIZE confirmed anchor,PASS,segments=17
ARC-refinement@th0.4 B=100 s=3 C6_full_EVENT_MATERIALIZE no NaN,PASS,segments=17
ARC-refinement@th0.4 B=100 s=3 C6_full_EVENT_MATERIALIZE nonnegative duration,PASS,segments=17
ARC-refinement@th0.4 B=100 s=3 C6_full_EVENT_MATERIALIZE duration cap,PASS,D_seg_max=60.0
ARC-refinement@th0.4 B=100 s=3 C6_full_EVENT_MATERIALIZE negative barrier,PASS,negatives=64
ARC-refinement@th0.4 B=100 s=3 K0_naive_merge confirmed anchor,PASS,segments=1
ARC-refinement@th0.4 B=100 s=3 K0_naive_merge no NaN,PASS,segments=1
ARC-refinement@th0.4 B=100 s=3 K0_naive_merge nonnegative duration,PASS,segments=1
ARC-refinement@th0.4 B=100 s=3 K1_gap_limited confirmed anchor,PASS,segments=10
ARC-refinement@th0.4 B=100 s=3 K1_gap_limited no NaN,PASS,segments=10
ARC-refinement@th0.4 B=100 s=3 K1_gap_limited nonnegative duration,PASS,segments=10
ARC-refinement@th0.4 B=100 s=3 K2_gap_duration confirmed anchor,PASS,segments=13
ARC-refinement@th0.4 B=100 s=3 K2_gap_duration no NaN,PASS,segments=13
ARC-refinement@th0.4 B=100 s=3 K2_gap_duration nonnegative duration,PASS,segments=13
ARC-refinement@th0.4 B=100 s=3 K2_gap_duration duration cap,PASS,D_seg_max=60.0
ARC-refinement@th0.4 B=100 s=3 K3_gap_duration_negative_barrier confirmed anchor,PASS,segments=17
ARC-refinement@th0.4 B=100 s=3 K3_gap_duration_negative_barrier no NaN,PASS,segments=17
ARC-refinement@th0.4 B=100 s=3 K3_gap_duration_negative_barrier nonnegative duration,PASS,segments=17
ARC-refinement@th0.4 B=100 s=3 K3_gap_duration_negative_barrier duration cap,PASS,D_seg_max=60.0
ARC-refinement@th0.4 B=100 s=3 K3_gap_duration_negative_barrier negative barrier,PASS,negatives=64
ARC-refinement@th0.4 B=100 s=3 K4_gap_duration_negative_barrier_selected_expand confirmed anchor,PASS,segments=17
ARC-refinement@th0.4 B=100 s=3 K4_gap_duration_negative_barrier_selected_expand no NaN,PASS,segments=17
ARC-refinement@th0.4 B=100 s=3 K4_gap_duration_negative_barrier_selected_expand nonnegative duration,PASS,segments=17
ARC-refinement@th0.4 B=100 s=3 K4_gap_duration_negative_barrier_selected_expand duration cap,PASS,D_seg_max=60.0
ARC-refinement@th0.4 B=100 s=3 K4_gap_duration_negative_barrier_selected_expand negative barrier,PASS,negatives=64
ARC-refinement@th0.4 B=100 s=3 K4 expansion no unconfirmed seed,PASS,every segment contains queried positive anchor
ARC-refinement@th0.5 B=100 s=3 oracle order,PASS,calls=8
ARC-refinement@th0.5 B=100 s=3 calls <= budget,PASS,calls=8 budget=100
ARC-refinement@th0.5 B=100 s=3 C6_full_EVENT_MATERIALIZE confirmed anchor,PASS,segments=1
ARC-refinement@th0.5 B=100 s=3 C6_full_EVENT_MATERIALIZE no NaN,PASS,segments=1
ARC-refinement@th0.5 B=100 s=3 C6_full_EVENT_MATERIALIZE nonnegative duration,PASS,segments=1
ARC-refinement@th0.5 B=100 s=3 C6_full_EVENT_MATERIALIZE duration cap,PASS,D_seg_max=60.0
ARC-refinement@th0.5 B=100 s=3 C6_full_EVENT_MATERIALIZE negative barrier,PASS,negatives=4
ARC-refinement@th0.5 B=100 s=3 K0_naive_merge confirmed anchor,PASS,segments=1
ARC-refinement@th0.5 B=100 s=3 K0_naive_merge no NaN,PASS,segments=1
ARC-refinement@th0.5 B=100 s=3 K0_naive_merge nonnegative duration,PASS,segments=1
ARC-refinement@th0.5 B=100 s=3 K1_gap_limited confirmed anchor,PASS,segments=1
ARC-refinement@th0.5 B=100 s=3 K1_gap_limited no NaN,PASS,segments=1
ARC-refinement@th0.5 B=100 s=3 K1_gap_limited nonnegative duration,PASS,segments=1
ARC-refinement@th0.5 B=100 s=3 K2_gap_duration confirmed anchor,PASS,segments=1
ARC-refinement@th0.5 B=100 s=3 K2_gap_duration no NaN,PASS,segments=1
ARC-refinement@th0.5 B=100 s=3 K2_gap_duration nonnegative duration,PASS,segments=1
ARC-refinement@th0.5 B=100 s=3 K2_gap_duration duration cap,PASS,D_seg_max=60.0
ARC-refinement@th0.5 B=100 s=3 K3_gap_duration_negative_barrier confirmed anchor,PASS,segments=1
ARC-refinement@th0.5 B=100 s=3 K3_gap_duration_negative_barrier no NaN,PASS,segments=1
ARC-refinement@th0.5 B=100 s=3 K3_gap_duration_negative_barrier nonnegative duration,PASS,segments=1
ARC-refinement@th0.5 B=100 s=3 K3_gap_duration_negative_barrier duration cap,PASS,D_seg_max=60.0
ARC-refinement@th0.5 B=100 s=3 K3_gap_duration_negative_barrier negative barrier,PASS,negatives=4
ARC-refinement@th0.5 B=100 s=3 K4_gap_duration_negative_barrier_selected_expand confirmed anchor,PASS,segments=1
ARC-refinement@th0.5 B=100 s=3 K4_gap_duration_negative_barrier_selected_expand no NaN,PASS,segments=1
ARC-refinement@th0.5 B=100 s=3 K4_gap_duration_negative_barrier_selected_expand nonnegative duration,PASS,segments=1
ARC-refinement@th0.5 B=100 s=3 K4_gap_duration_negative_barrier_selected_expand duration cap,PASS,D_seg_max=60.0
ARC-refinement@th0.5 B=100 s=3 K4_gap_duration_negative_barrier_selected_expand negative barrier,PASS,negatives=4
ARC-refinement@th0.5 B=100 s=3 K4 expansion no unconfirmed seed,PASS,every segment contains queried positive anchor
ARC-refinement@th0.1 B=100 s=4 oracle order,PASS,calls=0
ARC-refinement@th0.1 B=100 s=4 calls <= budget,PASS,calls=0 budget=100
ARC-refinement@th0.1 B=100 s=4 C6_full_EVENT_MATERIALIZE confirmed anchor,PASS,segments=0
ARC-refinement@th0.1 B=100 s=4 C6_full_EVENT_MATERIALIZE no NaN,PASS,segments=0
ARC-refinement@th0.1 B=100 s=4 C6_full_EVENT_MATERIALIZE nonnegative duration,PASS,segments=0
ARC-refinement@th0.1 B=100 s=4 C6_full_EVENT_MATERIALIZE duration cap,PASS,D_seg_max=60.0
ARC-refinement@th0.1 B=100 s=4 C6_full_EVENT_MATERIALIZE negative barrier,PASS,negatives=0
ARC-refinement@th0.1 B=100 s=4 K0_naive_merge confirmed anchor,PASS,segments=0
ARC-refinement@th0.1 B=100 s=4 K0_naive_merge no NaN,PASS,segments=0
ARC-refinement@th0.1 B=100 s=4 K0_naive_merge nonnegative duration,PASS,segments=0
ARC-refinement@th0.1 B=100 s=4 K1_gap_limited confirmed anchor,PASS,segments=0
ARC-refinement@th0.1 B=100 s=4 K1_gap_limited no NaN,PASS,segments=0
ARC-refinement@th0.1 B=100 s=4 K1_gap_limited nonnegative duration,PASS,segments=0
ARC-refinement@th0.1 B=100 s=4 K2_gap_duration confirmed anchor,PASS,segments=0
ARC-refinement@th0.1 B=100 s=4 K2_gap_duration no NaN,PASS,segments=0
ARC-refinement@th0.1 B=100 s=4 K2_gap_duration nonnegative duration,PASS,segments=0
ARC-refinement@th0.1 B=100 s=4 K2_gap_duration duration cap,PASS,D_seg_max=60.0
ARC-refinement@th0.1 B=100 s=4 K3_gap_duration_negative_barrier confirmed anchor,PASS,segments=0
ARC-refinement@th0.1 B=100 s=4 K3_gap_duration_negative_barrier no NaN,PASS,segments=0
ARC-refinement@th0.1 B=100 s=4 K3_gap_duration_negative_barrier nonnegative duration,PASS,segments=0
ARC-refinement@th0.1 B=100 s=4 K3_gap_duration_negative_barrier duration cap,PASS,D_seg_max=60.0
ARC-refinement@th0.1 B=100 s=4 K3_gap_duration_negative_barrier negative barrier,PASS,negatives=0
ARC-refinement@th0.1 B=100 s=4 K4_gap_duration_negative_barrier_selected_expand confirmed anchor,PASS,segments=0
ARC-refinement@th0.1 B=100 s=4 K4_gap_duration_negative_barrier_selected_expand no NaN,PASS,segments=0
ARC-refinement@th0.1 B=100 s=4 K4_gap_duration_negative_barrier_selected_expand nonnegative duration,PASS,segments=0
ARC-refinement@th0.1 B=100 s=4 K4_gap_duration_negative_barrier_selected_expand duration cap,PASS,D_seg_max=60.0
ARC-refinement@th0.1 B=100 s=4 K4_gap_duration_negative_barrier_selected_expand negative barrier,PASS,negatives=0
ARC-refinement@th0.1 B=100 s=4 K4 expansion no unconfirmed seed,PASS,every segment contains queried positive anchor
ARC-refinement@th0.2 B=100 s=4 oracle order,PASS,calls=0
ARC-refinement@th0.2 B=100 s=4 calls <= budget,PASS,calls=0 budget=100
ARC-refinement@th0.2 B=100 s=4 C6_full_EVENT_MATERIALIZE confirmed anchor,PASS,segments=0
ARC-refinement@th0.2 B=100 s=4 C6_full_EVENT_MATERIALIZE no NaN,PASS,segments=0
ARC-refinement@th0.2 B=100 s=4 C6_full_EVENT_MATERIALIZE nonnegative duration,PASS,segments=0
ARC-refinement@th0.2 B=100 s=4 C6_full_EVENT_MATERIALIZE duration cap,PASS,D_seg_max=60.0
ARC-refinement@th0.2 B=100 s=4 C6_full_EVENT_MATERIALIZE negative barrier,PASS,negatives=0
ARC-refinement@th0.2 B=100 s=4 K0_naive_merge confirmed anchor,PASS,segments=0
ARC-refinement@th0.2 B=100 s=4 K0_naive_merge no NaN,PASS,segments=0
ARC-refinement@th0.2 B=100 s=4 K0_naive_merge nonnegative duration,PASS,segments=0
ARC-refinement@th0.2 B=100 s=4 K1_gap_limited confirmed anchor,PASS,segments=0
ARC-refinement@th0.2 B=100 s=4 K1_gap_limited no NaN,PASS,segments=0
ARC-refinement@th0.2 B=100 s=4 K1_gap_limited nonnegative duration,PASS,segments=0
ARC-refinement@th0.2 B=100 s=4 K2_gap_duration confirmed anchor,PASS,segments=0
ARC-refinement@th0.2 B=100 s=4 K2_gap_duration no NaN,PASS,segments=0
ARC-refinement@th0.2 B=100 s=4 K2_gap_duration nonnegative duration,PASS,segments=0
ARC-refinement@th0.2 B=100 s=4 K2_gap_duration duration cap,PASS,D_seg_max=60.0
ARC-refinement@th0.2 B=100 s=4 K3_gap_duration_negative_barrier confirmed anchor,PASS,segments=0
ARC-refinement@th0.2 B=100 s=4 K3_gap_duration_negative_barrier no NaN,PASS,segments=0
ARC-refinement@th0.2 B=100 s=4 K3_gap_duration_negative_barrier nonnegative duration,PASS,segments=0
ARC-refinement@th0.2 B=100 s=4 K3_gap_duration_negative_barrier duration cap,PASS,D_seg_max=60.0
ARC-refinement@th0.2 B=100 s=4 K3_gap_duration_negative_barrier negative barrier,PASS,negatives=0
ARC-refinement@th0.2 B=100 s=4 K4_gap_duration_negative_barrier_selected_expand confirmed anchor,PASS,segments=0
ARC-refinement@th0.2 B=100 s=4 K4_gap_duration_negative_barrier_selected_expand no NaN,PASS,segments=0
ARC-refinement@th0.2 B=100 s=4 K4_gap_duration_negative_barrier_selected_expand nonnegative duration,PASS,segments=0
ARC-refinement@th0.2 B=100 s=4 K4_gap_duration_negative_barrier_selected_expand duration cap,PASS,D_seg_max=60.0
ARC-refinement@th0.2 B=100 s=4 K4_gap_duration_negative_barrier_selected_expand negative barrier,PASS,negatives=0
ARC-refinement@th0.2 B=100 s=4 K4 expansion no unconfirmed seed,PASS,every segment contains queried positive anchor
ARC-refinement@th0.3 B=100 s=4 oracle order,PASS,calls=35
ARC-refinement@th0.3 B=100 s=4 calls <= budget,PASS,calls=35 budget=100
ARC-refinement@th0.3 B=100 s=4 C6_full_EVENT_MATERIALIZE confirmed anchor,PASS,segments=4
ARC-refinement@th0.3 B=100 s=4 C6_full_EVENT_MATERIALIZE no NaN,PASS,segments=4
ARC-refinement@th0.3 B=100 s=4 C6_full_EVENT_MATERIALIZE nonnegative duration,PASS,segments=4
ARC-refinement@th0.3 B=100 s=4 C6_full_EVENT_MATERIALIZE duration cap,PASS,D_seg_max=60.0
ARC-refinement@th0.3 B=100 s=4 C6_full_EVENT_MATERIALIZE negative barrier,PASS,negatives=31
ARC-refinement@th0.3 B=100 s=4 K0_naive_merge confirmed anchor,PASS,segments=1
ARC-refinement@th0.3 B=100 s=4 K0_naive_merge no NaN,PASS,segments=1
ARC-refinement@th0.3 B=100 s=4 K0_naive_merge nonnegative duration,PASS,segments=1
ARC-refinement@th0.3 B=100 s=4 K1_gap_limited confirmed anchor,PASS,segments=4
ARC-refinement@th0.3 B=100 s=4 K1_gap_limited no NaN,PASS,segments=4
ARC-refinement@th0.3 B=100 s=4 K1_gap_limited nonnegative duration,PASS,segments=4
ARC-refinement@th0.3 B=100 s=4 K2_gap_duration confirmed anchor,PASS,segments=4
ARC-refinement@th0.3 B=100 s=4 K2_gap_duration no NaN,PASS,segments=4
ARC-refinement@th0.3 B=100 s=4 K2_gap_duration nonnegative duration,PASS,segments=4
ARC-refinement@th0.3 B=100 s=4 K2_gap_duration duration cap,PASS,D_seg_max=60.0
ARC-refinement@th0.3 B=100 s=4 K3_gap_duration_negative_barrier confirmed anchor,PASS,segments=4
ARC-refinement@th0.3 B=100 s=4 K3_gap_duration_negative_barrier no NaN,PASS,segments=4
ARC-refinement@th0.3 B=100 s=4 K3_gap_duration_negative_barrier nonnegative duration,PASS,segments=4
ARC-refinement@th0.3 B=100 s=4 K3_gap_duration_negative_barrier duration cap,PASS,D_seg_max=60.0
ARC-refinement@th0.3 B=100 s=4 K3_gap_duration_negative_barrier negative barrier,PASS,negatives=31
ARC-refinement@th0.3 B=100 s=4 K4_gap_duration_negative_barrier_selected_expand confirmed anchor,PASS,segments=4
ARC-refinement@th0.3 B=100 s=4 K4_gap_duration_negative_barrier_selected_expand no NaN,PASS,segments=4
ARC-refinement@th0.3 B=100 s=4 K4_gap_duration_negative_barrier_selected_expand nonnegative duration,PASS,segments=4
ARC-refinement@th0.3 B=100 s=4 K4_gap_duration_negative_barrier_selected_expand duration cap,PASS,D_seg_max=60.0
ARC-refinement@th0.3 B=100 s=4 K4_gap_duration_negative_barrier_selected_expand negative barrier,PASS,negatives=31
ARC-refinement@th0.3 B=100 s=4 K4 expansion no unconfirmed seed,PASS,every segment contains queried positive anchor
ARC-refinement@th0.4 B=100 s=4 oracle order,PASS,calls=100
ARC-refinement@th0.4 B=100 s=4 calls <= budget,PASS,calls=100 budget=100
ARC-refinement@th0.4 B=100 s=4 C6_full_EVENT_MATERIALIZE confirmed anchor,PASS,segments=19
ARC-refinement@th0.4 B=100 s=4 C6_full_EVENT_MATERIALIZE no NaN,PASS,segments=19
ARC-refinement@th0.4 B=100 s=4 C6_full_EVENT_MATERIALIZE nonnegative duration,PASS,segments=19
ARC-refinement@th0.4 B=100 s=4 C6_full_EVENT_MATERIALIZE duration cap,PASS,D_seg_max=60.0
ARC-refinement@th0.4 B=100 s=4 C6_full_EVENT_MATERIALIZE negative barrier,PASS,negatives=72
ARC-refinement@th0.4 B=100 s=4 K0_naive_merge confirmed anchor,PASS,segments=1
ARC-refinement@th0.4 B=100 s=4 K0_naive_merge no NaN,PASS,segments=1
ARC-refinement@th0.4 B=100 s=4 K0_naive_merge nonnegative duration,PASS,segments=1
ARC-refinement@th0.4 B=100 s=4 K1_gap_limited confirmed anchor,PASS,segments=12
ARC-refinement@th0.4 B=100 s=4 K1_gap_limited no NaN,PASS,segments=12
ARC-refinement@th0.4 B=100 s=4 K1_gap_limited nonnegative duration,PASS,segments=12
ARC-refinement@th0.4 B=100 s=4 K2_gap_duration confirmed anchor,PASS,segments=15
ARC-refinement@th0.4 B=100 s=4 K2_gap_duration no NaN,PASS,segments=15
ARC-refinement@th0.4 B=100 s=4 K2_gap_duration nonnegative duration,PASS,segments=15
ARC-refinement@th0.4 B=100 s=4 K2_gap_duration duration cap,PASS,D_seg_max=60.0
ARC-refinement@th0.4 B=100 s=4 K3_gap_duration_negative_barrier confirmed anchor,PASS,segments=19
ARC-refinement@th0.4 B=100 s=4 K3_gap_duration_negative_barrier no NaN,PASS,segments=19
ARC-refinement@th0.4 B=100 s=4 K3_gap_duration_negative_barrier nonnegative duration,PASS,segments=19
ARC-refinement@th0.4 B=100 s=4 K3_gap_duration_negative_barrier duration cap,PASS,D_seg_max=60.0
ARC-refinement@th0.4 B=100 s=4 K3_gap_duration_negative_barrier negative barrier,PASS,negatives=72
ARC-refinement@th0.4 B=100 s=4 K4_gap_duration_negative_barrier_selected_expand confirmed anchor,PASS,segments=19
ARC-refinement@th0.4 B=100 s=4 K4_gap_duration_negative_barrier_selected_expand no NaN,PASS,segments=19
ARC-refinement@th0.4 B=100 s=4 K4_gap_duration_negative_barrier_selected_expand nonnegative duration,PASS,segments=19
ARC-refinement@th0.4 B=100 s=4 K4_gap_duration_negative_barrier_selected_expand duration cap,PASS,D_seg_max=60.0
ARC-refinement@th0.4 B=100 s=4 K4_gap_duration_negative_barrier_selected_expand negative barrier,PASS,negatives=72
ARC-refinement@th0.4 B=100 s=4 K4 expansion no unconfirmed seed,PASS,every segment contains queried positive anchor
ARC-refinement@th0.5 B=100 s=4 oracle order,PASS,calls=95
ARC-refinement@th0.5 B=100 s=4 calls <= budget,PASS,calls=95 budget=100
ARC-refinement@th0.5 B=100 s=4 C6_full_EVENT_MATERIALIZE confirmed anchor,PASS,segments=15
ARC-refinement@th0.5 B=100 s=4 C6_full_EVENT_MATERIALIZE no NaN,PASS,segments=15
ARC-refinement@th0.5 B=100 s=4 C6_full_EVENT_MATERIALIZE nonnegative duration,PASS,segments=15
ARC-refinement@th0.5 B=100 s=4 C6_full_EVENT_MATERIALIZE duration cap,PASS,D_seg_max=60.0
ARC-refinement@th0.5 B=100 s=4 C6_full_EVENT_MATERIALIZE negative barrier,PASS,negatives=70
ARC-refinement@th0.5 B=100 s=4 K0_naive_merge confirmed anchor,PASS,segments=1
ARC-refinement@th0.5 B=100 s=4 K0_naive_merge no NaN,PASS,segments=1
ARC-refinement@th0.5 B=100 s=4 K0_naive_merge nonnegative duration,PASS,segments=1
ARC-refinement@th0.5 B=100 s=4 K1_gap_limited confirmed anchor,PASS,segments=8
ARC-refinement@th0.5 B=100 s=4 K1_gap_limited no NaN,PASS,segments=8
ARC-refinement@th0.5 B=100 s=4 K1_gap_limited nonnegative duration,PASS,segments=8
ARC-refinement@th0.5 B=100 s=4 K2_gap_duration confirmed anchor,PASS,segments=11
ARC-refinement@th0.5 B=100 s=4 K2_gap_duration no NaN,PASS,segments=11
ARC-refinement@th0.5 B=100 s=4 K2_gap_duration nonnegative duration,PASS,segments=11
ARC-refinement@th0.5 B=100 s=4 K2_gap_duration duration cap,PASS,D_seg_max=60.0
ARC-refinement@th0.5 B=100 s=4 K3_gap_duration_negative_barrier confirmed anchor,PASS,segments=15
ARC-refinement@th0.5 B=100 s=4 K3_gap_duration_negative_barrier no NaN,PASS,segments=15
ARC-refinement@th0.5 B=100 s=4 K3_gap_duration_negative_barrier nonnegative duration,PASS,segments=15
ARC-refinement@th0.5 B=100 s=4 K3_gap_duration_negative_barrier duration cap,PASS,D_seg_max=60.0
ARC-refinement@th0.5 B=100 s=4 K3_gap_duration_negative_barrier negative barrier,PASS,negatives=70
ARC-refinement@th0.5 B=100 s=4 K4_gap_duration_negative_barrier_selected_expand confirmed anchor,PASS,segments=15
ARC-refinement@th0.5 B=100 s=4 K4_gap_duration_negative_barrier_selected_expand no NaN,PASS,segments=15
ARC-refinement@th0.5 B=100 s=4 K4_gap_duration_negative_barrier_selected_expand nonnegative duration,PASS,segments=15
ARC-refinement@th0.5 B=100 s=4 K4_gap_duration_negative_barrier_selected_expand duration cap,PASS,D_seg_max=60.0
ARC-refinement@th0.5 B=100 s=4 K4_gap_duration_negative_barrier_selected_expand negative barrier,PASS,negatives=70
ARC-refinement@th0.5 B=100 s=4 K4 expansion no unconfirmed seed,PASS,every segment contains queried positive anchor
ARC-refinement@th0.1 B=10 s=0 oracle order,PASS,calls=0
ARC-refinement@th0.1 B=10 s=0 calls <= budget,PASS,calls=0 budget=10
ARC-refinement@th0.1 B=10 s=0 C6_full_EVENT_MATERIALIZE confirmed anchor,PASS,segments=0
ARC-refinement@th0.1 B=10 s=0 C6_full_EVENT_MATERIALIZE no NaN,PASS,segments=0
ARC-refinement@th0.1 B=10 s=0 C6_full_EVENT_MATERIALIZE nonnegative duration,PASS,segments=0
ARC-refinement@th0.1 B=10 s=0 C6_full_EVENT_MATERIALIZE duration cap,PASS,D_seg_max=60.0
ARC-refinement@th0.1 B=10 s=0 C6_full_EVENT_MATERIALIZE negative barrier,PASS,negatives=0
ARC-refinement@th0.1 B=10 s=0 K0_naive_merge confirmed anchor,PASS,segments=0
ARC-refinement@th0.1 B=10 s=0 K0_naive_merge no NaN,PASS,segments=0
ARC-refinement@th0.1 B=10 s=0 K0_naive_merge nonnegative duration,PASS,segments=0
ARC-refinement@th0.1 B=10 s=0 K1_gap_limited confirmed anchor,PASS,segments=0
ARC-refinement@th0.1 B=10 s=0 K1_gap_limited no NaN,PASS,segments=0
ARC-refinement@th0.1 B=10 s=0 K1_gap_limited nonnegative duration,PASS,segments=0
ARC-refinement@th0.1 B=10 s=0 K2_gap_duration confirmed anchor,PASS,segments=0
ARC-refinement@th0.1 B=10 s=0 K2_gap_duration no NaN,PASS,segments=0
ARC-refinement@th0.1 B=10 s=0 K2_gap_duration nonnegative duration,PASS,segments=0
ARC-refinement@th0.1 B=10 s=0 K2_gap_duration duration cap,PASS,D_seg_max=60.0
ARC-refinement@th0.1 B=10 s=0 K3_gap_duration_negative_barrier confirmed anchor,PASS,segments=0
ARC-refinement@th0.1 B=10 s=0 K3_gap_duration_negative_barrier no NaN,PASS,segments=0
ARC-refinement@th0.1 B=10 s=0 K3_gap_duration_negative_barrier nonnegative duration,PASS,segments=0
ARC-refinement@th0.1 B=10 s=0 K3_gap_duration_negative_barrier duration cap,PASS,D_seg_max=60.0
ARC-refinement@th0.1 B=10 s=0 K3_gap_duration_negative_barrier negative barrier,PASS,negatives=0
ARC-refinement@th0.1 B=10 s=0 K4_gap_duration_negative_barrier_selected_expand confirmed anchor,PASS,segments=0
ARC-refinement@th0.1 B=10 s=0 K4_gap_duration_negative_barrier_selected_expand no NaN,PASS,segments=0
ARC-refinement@th0.1 B=10 s=0 K4_gap_duration_negative_barrier_selected_expand nonnegative duration,PASS,segments=0
ARC-refinement@th0.1 B=10 s=0 K4_gap_duration_negative_barrier_selected_expand duration cap,PASS,D_seg_max=60.0
ARC-refinement@th0.1 B=10 s=0 K4_gap_duration_negative_barrier_selected_expand negative barrier,PASS,negatives=0
ARC-refinement@th0.1 B=10 s=0 K4 expansion no unconfirmed seed,PASS,every segment contains queried positive anchor
ARC-refinement@th0.2 B=10 s=0 oracle order,PASS,calls=0
ARC-refinement@th0.2 B=10 s=0 calls <= budget,PASS,calls=0 budget=10
ARC-refinement@th0.2 B=10 s=0 C6_full_EVENT_MATERIALIZE confirmed anchor,PASS,segments=0
ARC-refinement@th0.2 B=10 s=0 C6_full_EVENT_MATERIALIZE no NaN,PASS,segments=0
ARC-refinement@th0.2 B=10 s=0 C6_full_EVENT_MATERIALIZE nonnegative duration,PASS,segments=0
ARC-refinement@th0.2 B=10 s=0 C6_full_EVENT_MATERIALIZE duration cap,PASS,D_seg_max=60.0
ARC-refinement@th0.2 B=10 s=0 C6_full_EVENT_MATERIALIZE negative barrier,PASS,negatives=0
ARC-refinement@th0.2 B=10 s=0 K0_naive_merge confirmed anchor,PASS,segments=0
ARC-refinement@th0.2 B=10 s=0 K0_naive_merge no NaN,PASS,segments=0
ARC-refinement@th0.2 B=10 s=0 K0_naive_merge nonnegative duration,PASS,segments=0
ARC-refinement@th0.2 B=10 s=0 K1_gap_limited confirmed anchor,PASS,segments=0
ARC-refinement@th0.2 B=10 s=0 K1_gap_limited no NaN,PASS,segments=0
ARC-refinement@th0.2 B=10 s=0 K1_gap_limited nonnegative duration,PASS,segments=0
ARC-refinement@th0.2 B=10 s=0 K2_gap_duration confirmed anchor,PASS,segments=0
ARC-refinement@th0.2 B=10 s=0 K2_gap_duration no NaN,PASS,segments=0
ARC-refinement@th0.2 B=10 s=0 K2_gap_duration nonnegative duration,PASS,segments=0
ARC-refinement@th0.2 B=10 s=0 K2_gap_duration duration cap,PASS,D_seg_max=60.0
ARC-refinement@th0.2 B=10 s=0 K3_gap_duration_negative_barrier confirmed anchor,PASS,segments=0
ARC-refinement@th0.2 B=10 s=0 K3_gap_duration_negative_barrier no NaN,PASS,segments=0
ARC-refinement@th0.2 B=10 s=0 K3_gap_duration_negative_barrier nonnegative duration,PASS,segments=0
ARC-refinement@th0.2 B=10 s=0 K3_gap_duration_negative_barrier duration cap,PASS,D_seg_max=60.0
ARC-refinement@th0.2 B=10 s=0 K3_gap_duration_negative_barrier negative barrier,PASS,negatives=0
ARC-refinement@th0.2 B=10 s=0 K4_gap_duration_negative_barrier_selected_expand confirmed anchor,PASS,segments=0
ARC-refinement@th0.2 B=10 s=0 K4_gap_duration_negative_barrier_selected_expand no NaN,PASS,segments=0
ARC-refinement@th0.2 B=10 s=0 K4_gap_duration_negative_barrier_selected_expand nonnegative duration,PASS,segments=0
ARC-refinement@th0.2 B=10 s=0 K4_gap_duration_negative_barrier_selected_expand duration cap,PASS,D_seg_max=60.0
ARC-refinement@th0.2 B=10 s=0 K4_gap_duration_negative_barrier_selected_expand negative barrier,PASS,negatives=0
ARC-refinement@th0.2 B=10 s=0 K4 expansion no unconfirmed seed,PASS,every segment contains queried positive anchor
ARC-refinement@th0.3 B=10 s=0 oracle order,PASS,calls=10
ARC-refinement@th0.3 B=10 s=0 calls <= budget,PASS,calls=10 budget=10
ARC-refinement@th0.3 B=10 s=0 C6_full_EVENT_MATERIALIZE confirmed anchor,PASS,segments=2
ARC-refinement@th0.3 B=10 s=0 C6_full_EVENT_MATERIALIZE no NaN,PASS,segments=2
ARC-refinement@th0.3 B=10 s=0 C6_full_EVENT_MATERIALIZE nonnegative duration,PASS,segments=2
ARC-refinement@th0.3 B=10 s=0 C6_full_EVENT_MATERIALIZE duration cap,PASS,D_seg_max=60.0
ARC-refinement@th0.3 B=10 s=0 C6_full_EVENT_MATERIALIZE negative barrier,PASS,negatives=8
ARC-refinement@th0.3 B=10 s=0 K0_naive_merge confirmed anchor,PASS,segments=1
ARC-refinement@th0.3 B=10 s=0 K0_naive_merge no NaN,PASS,segments=1
ARC-refinement@th0.3 B=10 s=0 K0_naive_merge nonnegative duration,PASS,segments=1
ARC-refinement@th0.3 B=10 s=0 K1_gap_limited confirmed anchor,PASS,segments=2
ARC-refinement@th0.3 B=10 s=0 K1_gap_limited no NaN,PASS,segments=2
ARC-refinement@th0.3 B=10 s=0 K1_gap_limited nonnegative duration,PASS,segments=2
ARC-refinement@th0.3 B=10 s=0 K2_gap_duration confirmed anchor,PASS,segments=2
ARC-refinement@th0.3 B=10 s=0 K2_gap_duration no NaN,PASS,segments=2
ARC-refinement@th0.3 B=10 s=0 K2_gap_duration nonnegative duration,PASS,segments=2
ARC-refinement@th0.3 B=10 s=0 K2_gap_duration duration cap,PASS,D_seg_max=60.0
ARC-refinement@th0.3 B=10 s=0 K3_gap_duration_negative_barrier confirmed anchor,PASS,segments=2
ARC-refinement@th0.3 B=10 s=0 K3_gap_duration_negative_barrier no NaN,PASS,segments=2
ARC-refinement@th0.3 B=10 s=0 K3_gap_duration_negative_barrier nonnegative duration,PASS,segments=2
ARC-refinement@th0.3 B=10 s=0 K3_gap_duration_negative_barrier duration cap,PASS,D_seg_max=60.0
ARC-refinement@th0.3 B=10 s=0 K3_gap_duration_negative_barrier negative barrier,PASS,negatives=8
ARC-refinement@th0.3 B=10 s=0 K4_gap_duration_negative_barrier_selected_expand confirmed anchor,PASS,segments=2
ARC-refinement@th0.3 B=10 s=0 K4_gap_duration_negative_barrier_selected_expand no NaN,PASS,segments=2
ARC-refinement@th0.3 B=10 s=0 K4_gap_duration_negative_barrier_selected_expand nonnegative duration,PASS,segments=2
ARC-refinement@th0.3 B=10 s=0 K4_gap_duration_negative_barrier_selected_expand duration cap,PASS,D_seg_max=60.0
ARC-refinement@th0.3 B=10 s=0 K4_gap_duration_negative_barrier_selected_expand negative barrier,PASS,negatives=8
ARC-refinement@th0.3 B=10 s=0 K4 expansion no unconfirmed seed,PASS,every segment contains queried positive anchor
ARC-refinement@th0.4 B=10 s=0 oracle order,PASS,calls=10
ARC-refinement@th0.4 B=10 s=0 calls <= budget,PASS,calls=10 budget=10
ARC-refinement@th0.4 B=10 s=0 C6_full_EVENT_MATERIALIZE confirmed anchor,PASS,segments=1
ARC-refinement@th0.4 B=10 s=0 C6_full_EVENT_MATERIALIZE no NaN,PASS,segments=1
ARC-refinement@th0.4 B=10 s=0 C6_full_EVENT_MATERIALIZE nonnegative duration,PASS,segments=1
ARC-refinement@th0.4 B=10 s=0 C6_full_EVENT_MATERIALIZE duration cap,PASS,D_seg_max=60.0
ARC-refinement@th0.4 B=10 s=0 C6_full_EVENT_MATERIALIZE negative barrier,PASS,negatives=9
ARC-refinement@th0.4 B=10 s=0 K0_naive_merge confirmed anchor,PASS,segments=1
ARC-refinement@th0.4 B=10 s=0 K0_naive_merge no NaN,PASS,segments=1
ARC-refinement@th0.4 B=10 s=0 K0_naive_merge nonnegative duration,PASS,segments=1
ARC-refinement@th0.4 B=10 s=0 K1_gap_limited confirmed anchor,PASS,segments=1
ARC-refinement@th0.4 B=10 s=0 K1_gap_limited no NaN,PASS,segments=1
ARC-refinement@th0.4 B=10 s=0 K1_gap_limited nonnegative duration,PASS,segments=1
ARC-refinement@th0.4 B=10 s=0 K2_gap_duration confirmed anchor,PASS,segments=1
ARC-refinement@th0.4 B=10 s=0 K2_gap_duration no NaN,PASS,segments=1
ARC-refinement@th0.4 B=10 s=0 K2_gap_duration nonnegative duration,PASS,segments=1
ARC-refinement@th0.4 B=10 s=0 K2_gap_duration duration cap,PASS,D_seg_max=60.0
ARC-refinement@th0.4 B=10 s=0 K3_gap_duration_negative_barrier confirmed anchor,PASS,segments=1
ARC-refinement@th0.4 B=10 s=0 K3_gap_duration_negative_barrier no NaN,PASS,segments=1
ARC-refinement@th0.4 B=10 s=0 K3_gap_duration_negative_barrier nonnegative duration,PASS,segments=1
ARC-refinement@th0.4 B=10 s=0 K3_gap_duration_negative_barrier duration cap,PASS,D_seg_max=60.0
ARC-refinement@th0.4 B=10 s=0 K3_gap_duration_negative_barrier negative barrier,PASS,negatives=9
ARC-refinement@th0.4 B=10 s=0 K4_gap_duration_negative_barrier_selected_expand confirmed anchor,PASS,segments=1
ARC-refinement@th0.4 B=10 s=0 K4_gap_duration_negative_barrier_selected_expand no NaN,PASS,segments=1
ARC-refinement@th0.4 B=10 s=0 K4_gap_duration_negative_barrier_selected_expand nonnegative duration,PASS,segments=1
ARC-refinement@th0.4 B=10 s=0 K4_gap_duration_negative_barrier_selected_expand duration cap,PASS,D_seg_max=60.0
ARC-refinement@th0.4 B=10 s=0 K4_gap_duration_negative_barrier_selected_expand negative barrier,PASS,negatives=9
ARC-refinement@th0.4 B=10 s=0 K4 expansion no unconfirmed seed,PASS,every segment contains queried positive anchor
ARC-refinement@th0.5 B=10 s=0 oracle order,PASS,calls=10
ARC-refinement@th0.5 B=10 s=0 calls <= budget,PASS,calls=10 budget=10
ARC-refinement@th0.5 B=10 s=0 C6_full_EVENT_MATERIALIZE confirmed anchor,PASS,segments=2
ARC-refinement@th0.5 B=10 s=0 C6_full_EVENT_MATERIALIZE no NaN,PASS,segments=2
ARC-refinement@th0.5 B=10 s=0 C6_full_EVENT_MATERIALIZE nonnegative duration,PASS,segments=2
ARC-refinement@th0.5 B=10 s=0 C6_full_EVENT_MATERIALIZE duration cap,PASS,D_seg_max=60.0
ARC-refinement@th0.5 B=10 s=0 C6_full_EVENT_MATERIALIZE negative barrier,PASS,negatives=6
ARC-refinement@th0.5 B=10 s=0 K0_naive_merge confirmed anchor,PASS,segments=1
ARC-refinement@th0.5 B=10 s=0 K0_naive_merge no NaN,PASS,segments=1
ARC-refinement@th0.5 B=10 s=0 K0_naive_merge nonnegative duration,PASS,segments=1
ARC-refinement@th0.5 B=10 s=0 K1_gap_limited confirmed anchor,PASS,segments=2
ARC-refinement@th0.5 B=10 s=0 K1_gap_limited no NaN,PASS,segments=2
ARC-refinement@th0.5 B=10 s=0 K1_gap_limited nonnegative duration,PASS,segments=2
ARC-refinement@th0.5 B=10 s=0 K2_gap_duration confirmed anchor,PASS,segments=2
ARC-refinement@th0.5 B=10 s=0 K2_gap_duration no NaN,PASS,segments=2
ARC-refinement@th0.5 B=10 s=0 K2_gap_duration nonnegative duration,PASS,segments=2
ARC-refinement@th0.5 B=10 s=0 K2_gap_duration duration cap,PASS,D_seg_max=60.0
ARC-refinement@th0.5 B=10 s=0 K3_gap_duration_negative_barrier confirmed anchor,PASS,segments=2
ARC-refinement@th0.5 B=10 s=0 K3_gap_duration_negative_barrier no NaN,PASS,segments=2
ARC-refinement@th0.5 B=10 s=0 K3_gap_duration_negative_barrier nonnegative duration,PASS,segments=2
ARC-refinement@th0.5 B=10 s=0 K3_gap_duration_negative_barrier duration cap,PASS,D_seg_max=60.0
ARC-refinement@th0.5 B=10 s=0 K3_gap_duration_negative_barrier negative barrier,PASS,negatives=6
ARC-refinement@th0.5 B=10 s=0 K4_gap_duration_negative_barrier_selected_expand confirmed anchor,PASS,segments=2
ARC-refinement@th0.5 B=10 s=0 K4_gap_duration_negative_barrier_selected_expand no NaN,PASS,segments=2
ARC-refinement@th0.5 B=10 s=0 K4_gap_duration_negative_barrier_selected_expand nonnegative duration,PASS,segments=2
ARC-refinement@th0.5 B=10 s=0 K4_gap_duration_negative_barrier_selected_expand duration cap,PASS,D_seg_max=60.0
ARC-refinement@th0.5 B=10 s=0 K4_gap_duration_negative_barrier_selected_expand negative barrier,PASS,negatives=6
ARC-refinement@th0.5 B=10 s=0 K4 expansion no unconfirmed seed,PASS,every segment contains queried positive anchor
ARC-refinement@th0.1 B=10 s=1 oracle order,PASS,calls=1
ARC-refinement@th0.1 B=10 s=1 calls <= budget,PASS,calls=1 budget=10
ARC-refinement@th0.1 B=10 s=1 C6_full_EVENT_MATERIALIZE confirmed anchor,PASS,segments=1
ARC-refinement@th0.1 B=10 s=1 C6_full_EVENT_MATERIALIZE no NaN,PASS,segments=1
ARC-refinement@th0.1 B=10 s=1 C6_full_EVENT_MATERIALIZE nonnegative duration,PASS,segments=1
ARC-refinement@th0.1 B=10 s=1 C6_full_EVENT_MATERIALIZE duration cap,PASS,D_seg_max=60.0
ARC-refinement@th0.1 B=10 s=1 C6_full_EVENT_MATERIALIZE negative barrier,PASS,negatives=0
ARC-refinement@th0.1 B=10 s=1 K0_naive_merge confirmed anchor,PASS,segments=1
ARC-refinement@th0.1 B=10 s=1 K0_naive_merge no NaN,PASS,segments=1
ARC-refinement@th0.1 B=10 s=1 K0_naive_merge nonnegative duration,PASS,segments=1
ARC-refinement@th0.1 B=10 s=1 K1_gap_limited confirmed anchor,PASS,segments=1
ARC-refinement@th0.1 B=10 s=1 K1_gap_limited no NaN,PASS,segments=1
ARC-refinement@th0.1 B=10 s=1 K1_gap_limited nonnegative duration,PASS,segments=1
ARC-refinement@th0.1 B=10 s=1 K2_gap_duration confirmed anchor,PASS,segments=1
ARC-refinement@th0.1 B=10 s=1 K2_gap_duration no NaN,PASS,segments=1
ARC-refinement@th0.1 B=10 s=1 K2_gap_duration nonnegative duration,PASS,segments=1
ARC-refinement@th0.1 B=10 s=1 K2_gap_duration duration cap,PASS,D_seg_max=60.0
ARC-refinement@th0.1 B=10 s=1 K3_gap_duration_negative_barrier confirmed anchor,PASS,segments=1
ARC-refinement@th0.1 B=10 s=1 K3_gap_duration_negative_barrier no NaN,PASS,segments=1
ARC-refinement@th0.1 B=10 s=1 K3_gap_duration_negative_barrier nonnegative duration,PASS,segments=1
ARC-refinement@th0.1 B=10 s=1 K3_gap_duration_negative_barrier duration cap,PASS,D_seg_max=60.0
ARC-refinement@th0.1 B=10 s=1 K3_gap_duration_negative_barrier negative barrier,PASS,negatives=0
ARC-refinement@th0.1 B=10 s=1 K4_gap_duration_negative_barrier_selected_expand confirmed anchor,PASS,segments=1
ARC-refinement@th0.1 B=10 s=1 K4_gap_duration_negative_barrier_selected_expand no NaN,PASS,segments=1
ARC-refinement@th0.1 B=10 s=1 K4_gap_duration_negative_barrier_selected_expand nonnegative duration,PASS,segments=1
ARC-refinement@th0.1 B=10 s=1 K4_gap_duration_negative_barrier_selected_expand duration cap,PASS,D_seg_max=60.0
ARC-refinement@th0.1 B=10 s=1 K4_gap_duration_negative_barrier_selected_expand negative barrier,PASS,negatives=0
ARC-refinement@th0.1 B=10 s=1 K4 expansion no unconfirmed seed,PASS,every segment contains queried positive anchor
ARC-refinement@th0.2 B=10 s=1 oracle order,PASS,calls=1
ARC-refinement@th0.2 B=10 s=1 calls <= budget,PASS,calls=1 budget=10
ARC-refinement@th0.2 B=10 s=1 C6_full_EVENT_MATERIALIZE confirmed anchor,PASS,segments=0
ARC-refinement@th0.2 B=10 s=1 C6_full_EVENT_MATERIALIZE no NaN,PASS,segments=0
ARC-refinement@th0.2 B=10 s=1 C6_full_EVENT_MATERIALIZE nonnegative duration,PASS,segments=0
ARC-refinement@th0.2 B=10 s=1 C6_full_EVENT_MATERIALIZE duration cap,PASS,D_seg_max=60.0
ARC-refinement@th0.2 B=10 s=1 C6_full_EVENT_MATERIALIZE negative barrier,PASS,negatives=1
ARC-refinement@th0.2 B=10 s=1 K0_naive_merge confirmed anchor,PASS,segments=0
ARC-refinement@th0.2 B=10 s=1 K0_naive_merge no NaN,PASS,segments=0
ARC-refinement@th0.2 B=10 s=1 K0_naive_merge nonnegative duration,PASS,segments=0
ARC-refinement@th0.2 B=10 s=1 K1_gap_limited confirmed anchor,PASS,segments=0
ARC-refinement@th0.2 B=10 s=1 K1_gap_limited no NaN,PASS,segments=0
ARC-refinement@th0.2 B=10 s=1 K1_gap_limited nonnegative duration,PASS,segments=0
ARC-refinement@th0.2 B=10 s=1 K2_gap_duration confirmed anchor,PASS,segments=0
ARC-refinement@th0.2 B=10 s=1 K2_gap_duration no NaN,PASS,segments=0
ARC-refinement@th0.2 B=10 s=1 K2_gap_duration nonnegative duration,PASS,segments=0
ARC-refinement@th0.2 B=10 s=1 K2_gap_duration duration cap,PASS,D_seg_max=60.0
ARC-refinement@th0.2 B=10 s=1 K3_gap_duration_negative_barrier confirmed anchor,PASS,segments=0
ARC-refinement@th0.2 B=10 s=1 K3_gap_duration_negative_barrier no NaN,PASS,segments=0
ARC-refinement@th0.2 B=10 s=1 K3_gap_duration_negative_barrier nonnegative duration,PASS,segments=0
ARC-refinement@th0.2 B=10 s=1 K3_gap_duration_negative_barrier duration cap,PASS,D_seg_max=60.0
ARC-refinement@th0.2 B=10 s=1 K3_gap_duration_negative_barrier negative barrier,PASS,negatives=1
ARC-refinement@th0.2 B=10 s=1 K4_gap_duration_negative_barrier_selected_expand confirmed anchor,PASS,segments=0
ARC-refinement@th0.2 B=10 s=1 K4_gap_duration_negative_barrier_selected_expand no NaN,PASS,segments=0
ARC-refinement@th0.2 B=10 s=1 K4_gap_duration_negative_barrier_selected_expand nonnegative duration,PASS,segments=0
ARC-refinement@th0.2 B=10 s=1 K4_gap_duration_negative_barrier_selected_expand duration cap,PASS,D_seg_max=60.0
ARC-refinement@th0.2 B=10 s=1 K4_gap_duration_negative_barrier_selected_expand negative barrier,PASS,negatives=1
ARC-refinement@th0.2 B=10 s=1 K4 expansion no unconfirmed seed,PASS,every segment contains queried positive anchor
ARC-refinement@th0.3 B=10 s=1 oracle order,PASS,calls=10
ARC-refinement@th0.3 B=10 s=1 calls <= budget,PASS,calls=10 budget=10
ARC-refinement@th0.3 B=10 s=1 C6_full_EVENT_MATERIALIZE confirmed anchor,PASS,segments=2
ARC-refinement@th0.3 B=10 s=1 C6_full_EVENT_MATERIALIZE no NaN,PASS,segments=2
ARC-refinement@th0.3 B=10 s=1 C6_full_EVENT_MATERIALIZE nonnegative duration,PASS,segments=2
ARC-refinement@th0.3 B=10 s=1 C6_full_EVENT_MATERIALIZE duration cap,PASS,D_seg_max=60.0
ARC-refinement@th0.3 B=10 s=1 C6_full_EVENT_MATERIALIZE negative barrier,PASS,negatives=8
ARC-refinement@th0.3 B=10 s=1 K0_naive_merge confirmed anchor,PASS,segments=1
ARC-refinement@th0.3 B=10 s=1 K0_naive_merge no NaN,PASS,segments=1
ARC-refinement@th0.3 B=10 s=1 K0_naive_merge nonnegative duration,PASS,segments=1
ARC-refinement@th0.3 B=10 s=1 K1_gap_limited confirmed anchor,PASS,segments=2
ARC-refinement@th0.3 B=10 s=1 K1_gap_limited no NaN,PASS,segments=2
ARC-refinement@th0.3 B=10 s=1 K1_gap_limited nonnegative duration,PASS,segments=2
ARC-refinement@th0.3 B=10 s=1 K2_gap_duration confirmed anchor,PASS,segments=2
ARC-refinement@th0.3 B=10 s=1 K2_gap_duration no NaN,PASS,segments=2
ARC-refinement@th0.3 B=10 s=1 K2_gap_duration nonnegative duration,PASS,segments=2
ARC-refinement@th0.3 B=10 s=1 K2_gap_duration duration cap,PASS,D_seg_max=60.0
ARC-refinement@th0.3 B=10 s=1 K3_gap_duration_negative_barrier confirmed anchor,PASS,segments=2
ARC-refinement@th0.3 B=10 s=1 K3_gap_duration_negative_barrier no NaN,PASS,segments=2
ARC-refinement@th0.3 B=10 s=1 K3_gap_duration_negative_barrier nonnegative duration,PASS,segments=2
ARC-refinement@th0.3 B=10 s=1 K3_gap_duration_negative_barrier duration cap,PASS,D_seg_max=60.0
ARC-refinement@th0.3 B=10 s=1 K3_gap_duration_negative_barrier negative barrier,PASS,negatives=8
ARC-refinement@th0.3 B=10 s=1 K4_gap_duration_negative_barrier_selected_expand confirmed anchor,PASS,segments=2
ARC-refinement@th0.3 B=10 s=1 K4_gap_duration_negative_barrier_selected_expand no NaN,PASS,segments=2
ARC-refinement@th0.3 B=10 s=1 K4_gap_duration_negative_barrier_selected_expand nonnegative duration,PASS,segments=2
ARC-refinement@th0.3 B=10 s=1 K4_gap_duration_negative_barrier_selected_expand duration cap,PASS,D_seg_max=60.0
ARC-refinement@th0.3 B=10 s=1 K4_gap_duration_negative_barrier_selected_expand negative barrier,PASS,negatives=8
ARC-refinement@th0.3 B=10 s=1 K4 expansion no unconfirmed seed,PASS,every segment contains queried positive anchor
ARC-refinement@th0.4 B=10 s=1 oracle order,PASS,calls=10
ARC-refinement@th0.4 B=10 s=1 calls <= budget,PASS,calls=10 budget=10
ARC-refinement@th0.4 B=10 s=1 C6_full_EVENT_MATERIALIZE confirmed anchor,PASS,segments=2
ARC-refinement@th0.4 B=10 s=1 C6_full_EVENT_MATERIALIZE no NaN,PASS,segments=2
ARC-refinement@th0.4 B=10 s=1 C6_full_EVENT_MATERIALIZE nonnegative duration,PASS,segments=2
ARC-refinement@th0.4 B=10 s=1 C6_full_EVENT_MATERIALIZE duration cap,PASS,D_seg_max=60.0
ARC-refinement@th0.4 B=10 s=1 C6_full_EVENT_MATERIALIZE negative barrier,PASS,negatives=8
ARC-refinement@th0.4 B=10 s=1 K0_naive_merge confirmed anchor,PASS,segments=1
ARC-refinement@th0.4 B=10 s=1 K0_naive_merge no NaN,PASS,segments=1
ARC-refinement@th0.4 B=10 s=1 K0_naive_merge nonnegative duration,PASS,segments=1
ARC-refinement@th0.4 B=10 s=1 K1_gap_limited confirmed anchor,PASS,segments=2
ARC-refinement@th0.4 B=10 s=1 K1_gap_limited no NaN,PASS,segments=2
ARC-refinement@th0.4 B=10 s=1 K1_gap_limited nonnegative duration,PASS,segments=2
ARC-refinement@th0.4 B=10 s=1 K2_gap_duration confirmed anchor,PASS,segments=2
ARC-refinement@th0.4 B=10 s=1 K2_gap_duration no NaN,PASS,segments=2
ARC-refinement@th0.4 B=10 s=1 K2_gap_duration nonnegative duration,PASS,segments=2
ARC-refinement@th0.4 B=10 s=1 K2_gap_duration duration cap,PASS,D_seg_max=60.0
ARC-refinement@th0.4 B=10 s=1 K3_gap_duration_negative_barrier confirmed anchor,PASS,segments=2
ARC-refinement@th0.4 B=10 s=1 K3_gap_duration_negative_barrier no NaN,PASS,segments=2
ARC-refinement@th0.4 B=10 s=1 K3_gap_duration_negative_barrier nonnegative duration,PASS,segments=2
ARC-refinement@th0.4 B=10 s=1 K3_gap_duration_negative_barrier duration cap,PASS,D_seg_max=60.0
ARC-refinement@th0.4 B=10 s=1 K3_gap_duration_negative_barrier negative barrier,PASS,negatives=8
ARC-refinement@th0.4 B=10 s=1 K4_gap_duration_negative_barrier_selected_expand confirmed anchor,PASS,segments=2
ARC-refinement@th0.4 B=10 s=1 K4_gap_duration_negative_barrier_selected_expand no NaN,PASS,segments=2
ARC-refinement@th0.4 B=10 s=1 K4_gap_duration_negative_barrier_selected_expand nonnegative duration,PASS,segments=2
ARC-refinement@th0.4 B=10 s=1 K4_gap_duration_negative_barrier_selected_expand duration cap,PASS,D_seg_max=60.0
ARC-refinement@th0.4 B=10 s=1 K4_gap_duration_negative_barrier_selected_expand negative barrier,PASS,negatives=8
ARC-refinement@th0.4 B=10 s=1 K4 expansion no unconfirmed seed,PASS,every segment contains queried positive anchor
ARC-refinement@th0.5 B=10 s=1 oracle order,PASS,calls=6
ARC-refinement@th0.5 B=10 s=1 calls <= budget,PASS,calls=6 budget=10
ARC-refinement@th0.5 B=10 s=1 C6_full_EVENT_MATERIALIZE confirmed anchor,PASS,segments=1
ARC-refinement@th0.5 B=10 s=1 C6_full_EVENT_MATERIALIZE no NaN,PASS,segments=1
ARC-refinement@th0.5 B=10 s=1 C6_full_EVENT_MATERIALIZE nonnegative duration,PASS,segments=1
ARC-refinement@th0.5 B=10 s=1 C6_full_EVENT_MATERIALIZE duration cap,PASS,D_seg_max=60.0
ARC-refinement@th0.5 B=10 s=1 C6_full_EVENT_MATERIALIZE negative barrier,PASS,negatives=2
ARC-refinement@th0.5 B=10 s=1 K0_naive_merge confirmed anchor,PASS,segments=1
ARC-refinement@th0.5 B=10 s=1 K0_naive_merge no NaN,PASS,segments=1
ARC-refinement@th0.5 B=10 s=1 K0_naive_merge nonnegative duration,PASS,segments=1
ARC-refinement@th0.5 B=10 s=1 K1_gap_limited confirmed anchor,PASS,segments=1
ARC-refinement@th0.5 B=10 s=1 K1_gap_limited no NaN,PASS,segments=1
ARC-refinement@th0.5 B=10 s=1 K1_gap_limited nonnegative duration,PASS,segments=1
ARC-refinement@th0.5 B=10 s=1 K2_gap_duration confirmed anchor,PASS,segments=1
ARC-refinement@th0.5 B=10 s=1 K2_gap_duration no NaN,PASS,segments=1
ARC-refinement@th0.5 B=10 s=1 K2_gap_duration nonnegative duration,PASS,segments=1
ARC-refinement@th0.5 B=10 s=1 K2_gap_duration duration cap,PASS,D_seg_max=60.0
ARC-refinement@th0.5 B=10 s=1 K3_gap_duration_negative_barrier confirmed anchor,PASS,segments=1
ARC-refinement@th0.5 B=10 s=1 K3_gap_duration_negative_barrier no NaN,PASS,segments=1
ARC-refinement@th0.5 B=10 s=1 K3_gap_duration_negative_barrier nonnegative duration,PASS,segments=1
ARC-refinement@th0.5 B=10 s=1 K3_gap_duration_negative_barrier duration cap,PASS,D_seg_max=60.0
ARC-refinement@th0.5 B=10 s=1 K3_gap_duration_negative_barrier negative barrier,PASS,negatives=2
ARC-refinement@th0.5 B=10 s=1 K4_gap_duration_negative_barrier_selected_expand confirmed anchor,PASS,segments=1
ARC-refinement@th0.5 B=10 s=1 K4_gap_duration_negative_barrier_selected_expand no NaN,PASS,segments=1
ARC-refinement@th0.5 B=10 s=1 K4_gap_duration_negative_barrier_selected_expand nonnegative duration,PASS,segments=1
ARC-refinement@th0.5 B=10 s=1 K4_gap_duration_negative_barrier_selected_expand duration cap,PASS,D_seg_max=60.0
ARC-refinement@th0.5 B=10 s=1 K4_gap_duration_negative_barrier_selected_expand negative barrier,PASS,negatives=2
ARC-refinement@th0.5 B=10 s=1 K4 expansion no unconfirmed seed,PASS,every segment contains queried positive anchor
ARC-refinement@th0.1 B=10 s=2 oracle order,PASS,calls=2
ARC-refinement@th0.1 B=10 s=2 calls <= budget,PASS,calls=2 budget=10
ARC-refinement@th0.1 B=10 s=2 C6_full_EVENT_MATERIALIZE confirmed anchor,PASS,segments=1
ARC-refinement@th0.1 B=10 s=2 C6_full_EVENT_MATERIALIZE no NaN,PASS,segments=1
ARC-refinement@th0.1 B=10 s=2 C6_full_EVENT_MATERIALIZE nonnegative duration,PASS,segments=1
ARC-refinement@th0.1 B=10 s=2 C6_full_EVENT_MATERIALIZE duration cap,PASS,D_seg_max=60.0
ARC-refinement@th0.1 B=10 s=2 C6_full_EVENT_MATERIALIZE negative barrier,PASS,negatives=0
ARC-refinement@th0.1 B=10 s=2 K0_naive_merge confirmed anchor,PASS,segments=1
ARC-refinement@th0.1 B=10 s=2 K0_naive_merge no NaN,PASS,segments=1
ARC-refinement@th0.1 B=10 s=2 K0_naive_merge nonnegative duration,PASS,segments=1
ARC-refinement@th0.1 B=10 s=2 K1_gap_limited confirmed anchor,PASS,segments=1
ARC-refinement@th0.1 B=10 s=2 K1_gap_limited no NaN,PASS,segments=1
ARC-refinement@th0.1 B=10 s=2 K1_gap_limited nonnegative duration,PASS,segments=1
ARC-refinement@th0.1 B=10 s=2 K2_gap_duration confirmed anchor,PASS,segments=1
ARC-refinement@th0.1 B=10 s=2 K2_gap_duration no NaN,PASS,segments=1
ARC-refinement@th0.1 B=10 s=2 K2_gap_duration nonnegative duration,PASS,segments=1
ARC-refinement@th0.1 B=10 s=2 K2_gap_duration duration cap,PASS,D_seg_max=60.0
ARC-refinement@th0.1 B=10 s=2 K3_gap_duration_negative_barrier confirmed anchor,PASS,segments=1
ARC-refinement@th0.1 B=10 s=2 K3_gap_duration_negative_barrier no NaN,PASS,segments=1
ARC-refinement@th0.1 B=10 s=2 K3_gap_duration_negative_barrier nonnegative duration,PASS,segments=1
ARC-refinement@th0.1 B=10 s=2 K3_gap_duration_negative_barrier duration cap,PASS,D_seg_max=60.0
ARC-refinement@th0.1 B=10 s=2 K3_gap_duration_negative_barrier negative barrier,PASS,negatives=0
ARC-refinement@th0.1 B=10 s=2 K4_gap_duration_negative_barrier_selected_expand confirmed anchor,PASS,segments=1
ARC-refinement@th0.1 B=10 s=2 K4_gap_duration_negative_barrier_selected_expand no NaN,PASS,segments=1
ARC-refinement@th0.1 B=10 s=2 K4_gap_duration_negative_barrier_selected_expand nonnegative duration,PASS,segments=1
ARC-refinement@th0.1 B=10 s=2 K4_gap_duration_negative_barrier_selected_expand duration cap,PASS,D_seg_max=60.0
ARC-refinement@th0.1 B=10 s=2 K4_gap_duration_negative_barrier_selected_expand negative barrier,PASS,negatives=0
ARC-refinement@th0.1 B=10 s=2 K4 expansion no unconfirmed seed,PASS,every segment contains queried positive anchor
ARC-refinement@th0.2 B=10 s=2 oracle order,PASS,calls=2
ARC-refinement@th0.2 B=10 s=2 calls <= budget,PASS,calls=2 budget=10
ARC-refinement@th0.2 B=10 s=2 C6_full_EVENT_MATERIALIZE confirmed anchor,PASS,segments=0
ARC-refinement@th0.2 B=10 s=2 C6_full_EVENT_MATERIALIZE no NaN,PASS,segments=0
ARC-refinement@th0.2 B=10 s=2 C6_full_EVENT_MATERIALIZE nonnegative duration,PASS,segments=0
ARC-refinement@th0.2 B=10 s=2 C6_full_EVENT_MATERIALIZE duration cap,PASS,D_seg_max=60.0
ARC-refinement@th0.2 B=10 s=2 C6_full_EVENT_MATERIALIZE negative barrier,PASS,negatives=2
ARC-refinement@th0.2 B=10 s=2 K0_naive_merge confirmed anchor,PASS,segments=0
ARC-refinement@th0.2 B=10 s=2 K0_naive_merge no NaN,PASS,segments=0
ARC-refinement@th0.2 B=10 s=2 K0_naive_merge nonnegative duration,PASS,segments=0
ARC-refinement@th0.2 B=10 s=2 K1_gap_limited confirmed anchor,PASS,segments=0
ARC-refinement@th0.2 B=10 s=2 K1_gap_limited no NaN,PASS,segments=0
ARC-refinement@th0.2 B=10 s=2 K1_gap_limited nonnegative duration,PASS,segments=0
ARC-refinement@th0.2 B=10 s=2 K2_gap_duration confirmed anchor,PASS,segments=0
ARC-refinement@th0.2 B=10 s=2 K2_gap_duration no NaN,PASS,segments=0
ARC-refinement@th0.2 B=10 s=2 K2_gap_duration nonnegative duration,PASS,segments=0
ARC-refinement@th0.2 B=10 s=2 K2_gap_duration duration cap,PASS,D_seg_max=60.0
ARC-refinement@th0.2 B=10 s=2 K3_gap_duration_negative_barrier confirmed anchor,PASS,segments=0
ARC-refinement@th0.2 B=10 s=2 K3_gap_duration_negative_barrier no NaN,PASS,segments=0
ARC-refinement@th0.2 B=10 s=2 K3_gap_duration_negative_barrier nonnegative duration,PASS,segments=0
ARC-refinement@th0.2 B=10 s=2 K3_gap_duration_negative_barrier duration cap,PASS,D_seg_max=60.0
ARC-refinement@th0.2 B=10 s=2 K3_gap_duration_negative_barrier negative barrier,PASS,negatives=2
ARC-refinement@th0.2 B=10 s=2 K4_gap_duration_negative_barrier_selected_expand confirmed anchor,PASS,segments=0
ARC-refinement@th0.2 B=10 s=2 K4_gap_duration_negative_barrier_selected_expand no NaN,PASS,segments=0
ARC-refinement@th0.2 B=10 s=2 K4_gap_duration_negative_barrier_selected_expand nonnegative duration,PASS,segments=0
ARC-refinement@th0.2 B=10 s=2 K4_gap_duration_negative_barrier_selected_expand duration cap,PASS,D_seg_max=60.0
ARC-refinement@th0.2 B=10 s=2 K4_gap_duration_negative_barrier_selected_expand negative barrier,PASS,negatives=2
ARC-refinement@th0.2 B=10 s=2 K4 expansion no unconfirmed seed,PASS,every segment contains queried positive anchor
ARC-refinement@th0.3 B=10 s=2 oracle order,PASS,calls=10
ARC-refinement@th0.3 B=10 s=2 calls <= budget,PASS,calls=10 budget=10
ARC-refinement@th0.3 B=10 s=2 C6_full_EVENT_MATERIALIZE confirmed anchor,PASS,segments=2
ARC-refinement@th0.3 B=10 s=2 C6_full_EVENT_MATERIALIZE no NaN,PASS,segments=2
ARC-refinement@th0.3 B=10 s=2 C6_full_EVENT_MATERIALIZE nonnegative duration,PASS,segments=2
ARC-refinement@th0.3 B=10 s=2 C6_full_EVENT_MATERIALIZE duration cap,PASS,D_seg_max=60.0
ARC-refinement@th0.3 B=10 s=2 C6_full_EVENT_MATERIALIZE negative barrier,PASS,negatives=8
ARC-refinement@th0.3 B=10 s=2 K0_naive_merge confirmed anchor,PASS,segments=1
ARC-refinement@th0.3 B=10 s=2 K0_naive_merge no NaN,PASS,segments=1
ARC-refinement@th0.3 B=10 s=2 K0_naive_merge nonnegative duration,PASS,segments=1
ARC-refinement@th0.3 B=10 s=2 K1_gap_limited confirmed anchor,PASS,segments=2
ARC-refinement@th0.3 B=10 s=2 K1_gap_limited no NaN,PASS,segments=2
ARC-refinement@th0.3 B=10 s=2 K1_gap_limited nonnegative duration,PASS,segments=2
ARC-refinement@th0.3 B=10 s=2 K2_gap_duration confirmed anchor,PASS,segments=2
ARC-refinement@th0.3 B=10 s=2 K2_gap_duration no NaN,PASS,segments=2
ARC-refinement@th0.3 B=10 s=2 K2_gap_duration nonnegative duration,PASS,segments=2
ARC-refinement@th0.3 B=10 s=2 K2_gap_duration duration cap,PASS,D_seg_max=60.0
ARC-refinement@th0.3 B=10 s=2 K3_gap_duration_negative_barrier confirmed anchor,PASS,segments=2
ARC-refinement@th0.3 B=10 s=2 K3_gap_duration_negative_barrier no NaN,PASS,segments=2
ARC-refinement@th0.3 B=10 s=2 K3_gap_duration_negative_barrier nonnegative duration,PASS,segments=2
ARC-refinement@th0.3 B=10 s=2 K3_gap_duration_negative_barrier duration cap,PASS,D_seg_max=60.0
ARC-refinement@th0.3 B=10 s=2 K3_gap_duration_negative_barrier negative barrier,PASS,negatives=8
ARC-refinement@th0.3 B=10 s=2 K4_gap_duration_negative_barrier_selected_expand confirmed anchor,PASS,segments=2
ARC-refinement@th0.3 B=10 s=2 K4_gap_duration_negative_barrier_selected_expand no NaN,PASS,segments=2
ARC-refinement@th0.3 B=10 s=2 K4_gap_duration_negative_barrier_selected_expand nonnegative duration,PASS,segments=2
ARC-refinement@th0.3 B=10 s=2 K4_gap_duration_negative_barrier_selected_expand duration cap,PASS,D_seg_max=60.0
ARC-refinement@th0.3 B=10 s=2 K4_gap_duration_negative_barrier_selected_expand negative barrier,PASS,negatives=8
ARC-refinement@th0.3 B=10 s=2 K4 expansion no unconfirmed seed,PASS,every segment contains queried positive anchor
ARC-refinement@th0.4 B=10 s=2 oracle order,PASS,calls=10
ARC-refinement@th0.4 B=10 s=2 calls <= budget,PASS,calls=10 budget=10
ARC-refinement@th0.4 B=10 s=2 C6_full_EVENT_MATERIALIZE confirmed anchor,PASS,segments=2
ARC-refinement@th0.4 B=10 s=2 C6_full_EVENT_MATERIALIZE no NaN,PASS,segments=2
ARC-refinement@th0.4 B=10 s=2 C6_full_EVENT_MATERIALIZE nonnegative duration,PASS,segments=2
ARC-refinement@th0.4 B=10 s=2 C6_full_EVENT_MATERIALIZE duration cap,PASS,D_seg_max=60.0
ARC-refinement@th0.4 B=10 s=2 C6_full_EVENT_MATERIALIZE negative barrier,PASS,negatives=8
ARC-refinement@th0.4 B=10 s=2 K0_naive_merge confirmed anchor,PASS,segments=1
ARC-refinement@th0.4 B=10 s=2 K0_naive_merge no NaN,PASS,segments=1
ARC-refinement@th0.4 B=10 s=2 K0_naive_merge nonnegative duration,PASS,segments=1
ARC-refinement@th0.4 B=10 s=2 K1_gap_limited confirmed anchor,PASS,segments=2
ARC-refinement@th0.4 B=10 s=2 K1_gap_limited no NaN,PASS,segments=2
ARC-refinement@th0.4 B=10 s=2 K1_gap_limited nonnegative duration,PASS,segments=2
ARC-refinement@th0.4 B=10 s=2 K2_gap_duration confirmed anchor,PASS,segments=2
ARC-refinement@th0.4 B=10 s=2 K2_gap_duration no NaN,PASS,segments=2
ARC-refinement@th0.4 B=10 s=2 K2_gap_duration nonnegative duration,PASS,segments=2
ARC-refinement@th0.4 B=10 s=2 K2_gap_duration duration cap,PASS,D_seg_max=60.0
ARC-refinement@th0.4 B=10 s=2 K3_gap_duration_negative_barrier confirmed anchor,PASS,segments=2
ARC-refinement@th0.4 B=10 s=2 K3_gap_duration_negative_barrier no NaN,PASS,segments=2
ARC-refinement@th0.4 B=10 s=2 K3_gap_duration_negative_barrier nonnegative duration,PASS,segments=2
ARC-refinement@th0.4 B=10 s=2 K3_gap_duration_negative_barrier duration cap,PASS,D_seg_max=60.0
ARC-refinement@th0.4 B=10 s=2 K3_gap_duration_negative_barrier negative barrier,PASS,negatives=8
ARC-refinement@th0.4 B=10 s=2 K4_gap_duration_negative_barrier_selected_expand confirmed anchor,PASS,segments=2
ARC-refinement@th0.4 B=10 s=2 K4_gap_duration_negative_barrier_selected_expand no NaN,PASS,segments=2
ARC-refinement@th0.4 B=10 s=2 K4_gap_duration_negative_barrier_selected_expand nonnegative duration,PASS,segments=2
ARC-refinement@th0.4 B=10 s=2 K4_gap_duration_negative_barrier_selected_expand duration cap,PASS,D_seg_max=60.0
ARC-refinement@th0.4 B=10 s=2 K4_gap_duration_negative_barrier_selected_expand negative barrier,PASS,negatives=8
ARC-refinement@th0.4 B=10 s=2 K4 expansion no unconfirmed seed,PASS,every segment contains queried positive anchor
ARC-refinement@th0.5 B=10 s=2 oracle order,PASS,calls=6
ARC-refinement@th0.5 B=10 s=2 calls <= budget,PASS,calls=6 budget=10
ARC-refinement@th0.5 B=10 s=2 C6_full_EVENT_MATERIALIZE confirmed anchor,PASS,segments=1
ARC-refinement@th0.5 B=10 s=2 C6_full_EVENT_MATERIALIZE no NaN,PASS,segments=1
ARC-refinement@th0.5 B=10 s=2 C6_full_EVENT_MATERIALIZE nonnegative duration,PASS,segments=1
ARC-refinement@th0.5 B=10 s=2 C6_full_EVENT_MATERIALIZE duration cap,PASS,D_seg_max=60.0
ARC-refinement@th0.5 B=10 s=2 C6_full_EVENT_MATERIALIZE negative barrier,PASS,negatives=2
ARC-refinement@th0.5 B=10 s=2 K0_naive_merge confirmed anchor,PASS,segments=1
ARC-refinement@th0.5 B=10 s=2 K0_naive_merge no NaN,PASS,segments=1
ARC-refinement@th0.5 B=10 s=2 K0_naive_merge nonnegative duration,PASS,segments=1
ARC-refinement@th0.5 B=10 s=2 K1_gap_limited confirmed anchor,PASS,segments=1
ARC-refinement@th0.5 B=10 s=2 K1_gap_limited no NaN,PASS,segments=1
ARC-refinement@th0.5 B=10 s=2 K1_gap_limited nonnegative duration,PASS,segments=1
ARC-refinement@th0.5 B=10 s=2 K2_gap_duration confirmed anchor,PASS,segments=1
ARC-refinement@th0.5 B=10 s=2 K2_gap_duration no NaN,PASS,segments=1
ARC-refinement@th0.5 B=10 s=2 K2_gap_duration nonnegative duration,PASS,segments=1
ARC-refinement@th0.5 B=10 s=2 K2_gap_duration duration cap,PASS,D_seg_max=60.0
ARC-refinement@th0.5 B=10 s=2 K3_gap_duration_negative_barrier confirmed anchor,PASS,segments=1
ARC-refinement@th0.5 B=10 s=2 K3_gap_duration_negative_barrier no NaN,PASS,segments=1
ARC-refinement@th0.5 B=10 s=2 K3_gap_duration_negative_barrier nonnegative duration,PASS,segments=1
ARC-refinement@th0.5 B=10 s=2 K3_gap_duration_negative_barrier duration cap,PASS,D_seg_max=60.0
ARC-refinement@th0.5 B=10 s=2 K3_gap_duration_negative_barrier negative barrier,PASS,negatives=2
ARC-refinement@th0.5 B=10 s=2 K4_gap_duration_negative_barrier_selected_expand confirmed anchor,PASS,segments=1
ARC-refinement@th0.5 B=10 s=2 K4_gap_duration_negative_barrier_selected_expand no NaN,PASS,segments=1
ARC-refinement@th0.5 B=10 s=2 K4_gap_duration_negative_barrier_selected_expand nonnegative duration,PASS,segments=1
ARC-refinement@th0.5 B=10 s=2 K4_gap_duration_negative_barrier_selected_expand duration cap,PASS,D_seg_max=60.0
ARC-refinement@th0.5 B=10 s=2 K4_gap_duration_negative_barrier_selected_expand negative barrier,PASS,negatives=2
ARC-refinement@th0.5 B=10 s=2 K4 expansion no unconfirmed seed,PASS,every segment contains queried positive anchor
ARC-refinement@th0.1 B=10 s=3 oracle order,PASS,calls=0
ARC-refinement@th0.1 B=10 s=3 calls <= budget,PASS,calls=0 budget=10
ARC-refinement@th0.1 B=10 s=3 C6_full_EVENT_MATERIALIZE confirmed anchor,PASS,segments=0
ARC-refinement@th0.1 B=10 s=3 C6_full_EVENT_MATERIALIZE no NaN,PASS,segments=0
ARC-refinement@th0.1 B=10 s=3 C6_full_EVENT_MATERIALIZE nonnegative duration,PASS,segments=0
ARC-refinement@th0.1 B=10 s=3 C6_full_EVENT_MATERIALIZE duration cap,PASS,D_seg_max=60.0
ARC-refinement@th0.1 B=10 s=3 C6_full_EVENT_MATERIALIZE negative barrier,PASS,negatives=0
ARC-refinement@th0.1 B=10 s=3 K0_naive_merge confirmed anchor,PASS,segments=0
ARC-refinement@th0.1 B=10 s=3 K0_naive_merge no NaN,PASS,segments=0
ARC-refinement@th0.1 B=10 s=3 K0_naive_merge nonnegative duration,PASS,segments=0
ARC-refinement@th0.1 B=10 s=3 K1_gap_limited confirmed anchor,PASS,segments=0
ARC-refinement@th0.1 B=10 s=3 K1_gap_limited no NaN,PASS,segments=0
ARC-refinement@th0.1 B=10 s=3 K1_gap_limited nonnegative duration,PASS,segments=0
ARC-refinement@th0.1 B=10 s=3 K2_gap_duration confirmed anchor,PASS,segments=0
ARC-refinement@th0.1 B=10 s=3 K2_gap_duration no NaN,PASS,segments=0
ARC-refinement@th0.1 B=10 s=3 K2_gap_duration nonnegative duration,PASS,segments=0
ARC-refinement@th0.1 B=10 s=3 K2_gap_duration duration cap,PASS,D_seg_max=60.0
ARC-refinement@th0.1 B=10 s=3 K3_gap_duration_negative_barrier confirmed anchor,PASS,segments=0
ARC-refinement@th0.1 B=10 s=3 K3_gap_duration_negative_barrier no NaN,PASS,segments=0
ARC-refinement@th0.1 B=10 s=3 K3_gap_duration_negative_barrier nonnegative duration,PASS,segments=0
ARC-refinement@th0.1 B=10 s=3 K3_gap_duration_negative_barrier duration cap,PASS,D_seg_max=60.0
ARC-refinement@th0.1 B=10 s=3 K3_gap_duration_negative_barrier negative barrier,PASS,negatives=0
ARC-refinement@th0.1 B=10 s=3 K4_gap_duration_negative_barrier_selected_expand confirmed anchor,PASS,segments=0
ARC-refinement@th0.1 B=10 s=3 K4_gap_duration_negative_barrier_selected_expand no NaN,PASS,segments=0
ARC-refinement@th0.1 B=10 s=3 K4_gap_duration_negative_barrier_selected_expand nonnegative duration,PASS,segments=0
ARC-refinement@th0.1 B=10 s=3 K4_gap_duration_negative_barrier_selected_expand duration cap,PASS,D_seg_max=60.0
ARC-refinement@th0.1 B=10 s=3 K4_gap_duration_negative_barrier_selected_expand negative barrier,PASS,negatives=0
ARC-refinement@th0.1 B=10 s=3 K4 expansion no unconfirmed seed,PASS,every segment contains queried positive anchor
ARC-refinement@th0.2 B=10 s=3 oracle order,PASS,calls=0
ARC-refinement@th0.2 B=10 s=3 calls <= budget,PASS,calls=0 budget=10
ARC-refinement@th0.2 B=10 s=3 C6_full_EVENT_MATERIALIZE confirmed anchor,PASS,segments=0
ARC-refinement@th0.2 B=10 s=3 C6_full_EVENT_MATERIALIZE no NaN,PASS,segments=0
ARC-refinement@th0.2 B=10 s=3 C6_full_EVENT_MATERIALIZE nonnegative duration,PASS,segments=0
ARC-refinement@th0.2 B=10 s=3 C6_full_EVENT_MATERIALIZE duration cap,PASS,D_seg_max=60.0
ARC-refinement@th0.2 B=10 s=3 C6_full_EVENT_MATERIALIZE negative barrier,PASS,negatives=0
ARC-refinement@th0.2 B=10 s=3 K0_naive_merge confirmed anchor,PASS,segments=0
ARC-refinement@th0.2 B=10 s=3 K0_naive_merge no NaN,PASS,segments=0
ARC-refinement@th0.2 B=10 s=3 K0_naive_merge nonnegative duration,PASS,segments=0
ARC-refinement@th0.2 B=10 s=3 K1_gap_limited confirmed anchor,PASS,segments=0
ARC-refinement@th0.2 B=10 s=3 K1_gap_limited no NaN,PASS,segments=0
ARC-refinement@th0.2 B=10 s=3 K1_gap_limited nonnegative duration,PASS,segments=0
ARC-refinement@th0.2 B=10 s=3 K2_gap_duration confirmed anchor,PASS,segments=0
ARC-refinement@th0.2 B=10 s=3 K2_gap_duration no NaN,PASS,segments=0
ARC-refinement@th0.2 B=10 s=3 K2_gap_duration nonnegative duration,PASS,segments=0
ARC-refinement@th0.2 B=10 s=3 K2_gap_duration duration cap,PASS,D_seg_max=60.0
ARC-refinement@th0.2 B=10 s=3 K3_gap_duration_negative_barrier confirmed anchor,PASS,segments=0
ARC-refinement@th0.2 B=10 s=3 K3_gap_duration_negative_barrier no NaN,PASS,segments=0
ARC-refinement@th0.2 B=10 s=3 K3_gap_duration_negative_barrier nonnegative duration,PASS,segments=0
ARC-refinement@th0.2 B=10 s=3 K3_gap_duration_negative_barrier duration cap,PASS,D_seg_max=60.0
ARC-refinement@th0.2 B=10 s=3 K3_gap_duration_negative_barrier negative barrier,PASS,negatives=0
ARC-refinement@th0.2 B=10 s=3 K4_gap_duration_negative_barrier_selected_expand confirmed anchor,PASS,segments=0
ARC-refinement@th0.2 B=10 s=3 K4_gap_duration_negative_barrier_selected_expand no NaN,PASS,segments=0
ARC-refinement@th0.2 B=10 s=3 K4_gap_duration_negative_barrier_selected_expand nonnegative duration,PASS,segments=0
ARC-refinement@th0.2 B=10 s=3 K4_gap_duration_negative_barrier_selected_expand duration cap,PASS,D_seg_max=60.0
ARC-refinement@th0.2 B=10 s=3 K4_gap_duration_negative_barrier_selected_expand negative barrier,PASS,negatives=0
ARC-refinement@th0.2 B=10 s=3 K4 expansion no unconfirmed seed,PASS,every segment contains queried positive anchor
ARC-refinement@th0.3 B=10 s=3 oracle order,PASS,calls=10
ARC-refinement@th0.3 B=10 s=3 calls <= budget,PASS,calls=10 budget=10
ARC-refinement@th0.3 B=10 s=3 C6_full_EVENT_MATERIALIZE confirmed anchor,PASS,segments=1
ARC-refinement@th0.3 B=10 s=3 C6_full_EVENT_MATERIALIZE no NaN,PASS,segments=1
ARC-refinement@th0.3 B=10 s=3 C6_full_EVENT_MATERIALIZE nonnegative duration,PASS,segments=1
ARC-refinement@th0.3 B=10 s=3 C6_full_EVENT_MATERIALIZE duration cap,PASS,D_seg_max=60.0
ARC-refinement@th0.3 B=10 s=3 C6_full_EVENT_MATERIALIZE negative barrier,PASS,negatives=9
ARC-refinement@th0.3 B=10 s=3 K0_naive_merge confirmed anchor,PASS,segments=1
ARC-refinement@th0.3 B=10 s=3 K0_naive_merge no NaN,PASS,segments=1
ARC-refinement@th0.3 B=10 s=3 K0_naive_merge nonnegative duration,PASS,segments=1
ARC-refinement@th0.3 B=10 s=3 K1_gap_limited confirmed anchor,PASS,segments=1
ARC-refinement@th0.3 B=10 s=3 K1_gap_limited no NaN,PASS,segments=1
ARC-refinement@th0.3 B=10 s=3 K1_gap_limited nonnegative duration,PASS,segments=1
ARC-refinement@th0.3 B=10 s=3 K2_gap_duration confirmed anchor,PASS,segments=1
ARC-refinement@th0.3 B=10 s=3 K2_gap_duration no NaN,PASS,segments=1
ARC-refinement@th0.3 B=10 s=3 K2_gap_duration nonnegative duration,PASS,segments=1
ARC-refinement@th0.3 B=10 s=3 K2_gap_duration duration cap,PASS,D_seg_max=60.0
ARC-refinement@th0.3 B=10 s=3 K3_gap_duration_negative_barrier confirmed anchor,PASS,segments=1
ARC-refinement@th0.3 B=10 s=3 K3_gap_duration_negative_barrier no NaN,PASS,segments=1
ARC-refinement@th0.3 B=10 s=3 K3_gap_duration_negative_barrier nonnegative duration,PASS,segments=1
ARC-refinement@th0.3 B=10 s=3 K3_gap_duration_negative_barrier duration cap,PASS,D_seg_max=60.0
ARC-refinement@th0.3 B=10 s=3 K3_gap_duration_negative_barrier negative barrier,PASS,negatives=9
ARC-refinement@th0.3 B=10 s=3 K4_gap_duration_negative_barrier_selected_expand confirmed anchor,PASS,segments=1
ARC-refinement@th0.3 B=10 s=3 K4_gap_duration_negative_barrier_selected_expand no NaN,PASS,segments=1
ARC-refinement@th0.3 B=10 s=3 K4_gap_duration_negative_barrier_selected_expand nonnegative duration,PASS,segments=1
ARC-refinement@th0.3 B=10 s=3 K4_gap_duration_negative_barrier_selected_expand duration cap,PASS,D_seg_max=60.0
ARC-refinement@th0.3 B=10 s=3 K4_gap_duration_negative_barrier_selected_expand negative barrier,PASS,negatives=9
ARC-refinement@th0.3 B=10 s=3 K4 expansion no unconfirmed seed,PASS,every segment contains queried positive anchor
ARC-refinement@th0.4 B=10 s=3 oracle order,PASS,calls=10
ARC-refinement@th0.4 B=10 s=3 calls <= budget,PASS,calls=10 budget=10
ARC-refinement@th0.4 B=10 s=3 C6_full_EVENT_MATERIALIZE confirmed anchor,PASS,segments=1
ARC-refinement@th0.4 B=10 s=3 C6_full_EVENT_MATERIALIZE no NaN,PASS,segments=1
ARC-refinement@th0.4 B=10 s=3 C6_full_EVENT_MATERIALIZE nonnegative duration,PASS,segments=1
ARC-refinement@th0.4 B=10 s=3 C6_full_EVENT_MATERIALIZE duration cap,PASS,D_seg_max=60.0
ARC-refinement@th0.4 B=10 s=3 C6_full_EVENT_MATERIALIZE negative barrier,PASS,negatives=9
ARC-refinement@th0.4 B=10 s=3 K0_naive_merge confirmed anchor,PASS,segments=1
ARC-refinement@th0.4 B=10 s=3 K0_naive_merge no NaN,PASS,segments=1
ARC-refinement@th0.4 B=10 s=3 K0_naive_merge nonnegative duration,PASS,segments=1
ARC-refinement@th0.4 B=10 s=3 K1_gap_limited confirmed anchor,PASS,segments=1
ARC-refinement@th0.4 B=10 s=3 K1_gap_limited no NaN,PASS,segments=1
ARC-refinement@th0.4 B=10 s=3 K1_gap_limited nonnegative duration,PASS,segments=1
ARC-refinement@th0.4 B=10 s=3 K2_gap_duration confirmed anchor,PASS,segments=1
ARC-refinement@th0.4 B=10 s=3 K2_gap_duration no NaN,PASS,segments=1
ARC-refinement@th0.4 B=10 s=3 K2_gap_duration nonnegative duration,PASS,segments=1
ARC-refinement@th0.4 B=10 s=3 K2_gap_duration duration cap,PASS,D_seg_max=60.0
ARC-refinement@th0.4 B=10 s=3 K3_gap_duration_negative_barrier confirmed anchor,PASS,segments=1
ARC-refinement@th0.4 B=10 s=3 K3_gap_duration_negative_barrier no NaN,PASS,segments=1
ARC-refinement@th0.4 B=10 s=3 K3_gap_duration_negative_barrier nonnegative duration,PASS,segments=1
ARC-refinement@th0.4 B=10 s=3 K3_gap_duration_negative_barrier duration cap,PASS,D_seg_max=60.0
ARC-refinement@th0.4 B=10 s=3 K3_gap_duration_negative_barrier negative barrier,PASS,negatives=9
ARC-refinement@th0.4 B=10 s=3 K4_gap_duration_negative_barrier_selected_expand confirmed anchor,PASS,segments=1
ARC-refinement@th0.4 B=10 s=3 K4_gap_duration_negative_barrier_selected_expand no NaN,PASS,segments=1
ARC-refinement@th0.4 B=10 s=3 K4_gap_duration_negative_barrier_selected_expand nonnegative duration,PASS,segments=1
ARC-refinement@th0.4 B=10 s=3 K4_gap_duration_negative_barrier_selected_expand duration cap,PASS,D_seg_max=60.0
ARC-refinement@th0.4 B=10 s=3 K4_gap_duration_negative_barrier_selected_expand negative barrier,PASS,negatives=9
ARC-refinement@th0.4 B=10 s=3 K4 expansion no unconfirmed seed,PASS,every segment contains queried positive anchor
ARC-refinement@th0.5 B=10 s=3 oracle order,PASS,calls=8
ARC-refinement@th0.5 B=10 s=3 calls <= budget,PASS,calls=8 budget=10
ARC-refinement@th0.5 B=10 s=3 C6_full_EVENT_MATERIALIZE confirmed anchor,PASS,segments=1
ARC-refinement@th0.5 B=10 s=3 C6_full_EVENT_MATERIALIZE no NaN,PASS,segments=1
ARC-refinement@th0.5 B=10 s=3 C6_full_EVENT_MATERIALIZE nonnegative duration,PASS,segments=1
ARC-refinement@th0.5 B=10 s=3 C6_full_EVENT_MATERIALIZE duration cap,PASS,D_seg_max=60.0
ARC-refinement@th0.5 B=10 s=3 C6_full_EVENT_MATERIALIZE negative barrier,PASS,negatives=4
ARC-refinement@th0.5 B=10 s=3 K0_naive_merge confirmed anchor,PASS,segments=1
ARC-refinement@th0.5 B=10 s=3 K0_naive_merge no NaN,PASS,segments=1
ARC-refinement@th0.5 B=10 s=3 K0_naive_merge nonnegative duration,PASS,segments=1
ARC-refinement@th0.5 B=10 s=3 K1_gap_limited confirmed anchor,PASS,segments=1
ARC-refinement@th0.5 B=10 s=3 K1_gap_limited no NaN,PASS,segments=1
ARC-refinement@th0.5 B=10 s=3 K1_gap_limited nonnegative duration,PASS,segments=1
ARC-refinement@th0.5 B=10 s=3 K2_gap_duration confirmed anchor,PASS,segments=1
ARC-refinement@th0.5 B=10 s=3 K2_gap_duration no NaN,PASS,segments=1
ARC-refinement@th0.5 B=10 s=3 K2_gap_duration nonnegative duration,PASS,segments=1
ARC-refinement@th0.5 B=10 s=3 K2_gap_duration duration cap,PASS,D_seg_max=60.0
ARC-refinement@th0.5 B=10 s=3 K3_gap_duration_negative_barrier confirmed anchor,PASS,segments=1
ARC-refinement@th0.5 B=10 s=3 K3_gap_duration_negative_barrier no NaN,PASS,segments=1
ARC-refinement@th0.5 B=10 s=3 K3_gap_duration_negative_barrier nonnegative duration,PASS,segments=1
ARC-refinement@th0.5 B=10 s=3 K3_gap_duration_negative_barrier duration cap,PASS,D_seg_max=60.0
ARC-refinement@th0.5 B=10 s=3 K3_gap_duration_negative_barrier negative barrier,PASS,negatives=4
ARC-refinement@th0.5 B=10 s=3 K4_gap_duration_negative_barrier_selected_expand confirmed anchor,PASS,segments=1
ARC-refinement@th0.5 B=10 s=3 K4_gap_duration_negative_barrier_selected_expand no NaN,PASS,segments=1
ARC-refinement@th0.5 B=10 s=3 K4_gap_duration_negative_barrier_selected_expand nonnegative duration,PASS,segments=1
ARC-refinement@th0.5 B=10 s=3 K4_gap_duration_negative_barrier_selected_expand duration cap,PASS,D_seg_max=60.0
ARC-refinement@th0.5 B=10 s=3 K4_gap_duration_negative_barrier_selected_expand negative barrier,PASS,negatives=4
ARC-refinement@th0.5 B=10 s=3 K4 expansion no unconfirmed seed,PASS,every segment contains queried positive anchor
ARC-refinement@th0.1 B=10 s=4 oracle order,PASS,calls=0
ARC-refinement@th0.1 B=10 s=4 calls <= budget,PASS,calls=0 budget=10
ARC-refinement@th0.1 B=10 s=4 C6_full_EVENT_MATERIALIZE confirmed anchor,PASS,segments=0
ARC-refinement@th0.1 B=10 s=4 C6_full_EVENT_MATERIALIZE no NaN,PASS,segments=0
ARC-refinement@th0.1 B=10 s=4 C6_full_EVENT_MATERIALIZE nonnegative duration,PASS,segments=0
ARC-refinement@th0.1 B=10 s=4 C6_full_EVENT_MATERIALIZE duration cap,PASS,D_seg_max=60.0
ARC-refinement@th0.1 B=10 s=4 C6_full_EVENT_MATERIALIZE negative barrier,PASS,negatives=0
ARC-refinement@th0.1 B=10 s=4 K0_naive_merge confirmed anchor,PASS,segments=0
ARC-refinement@th0.1 B=10 s=4 K0_naive_merge no NaN,PASS,segments=0
ARC-refinement@th0.1 B=10 s=4 K0_naive_merge nonnegative duration,PASS,segments=0
ARC-refinement@th0.1 B=10 s=4 K1_gap_limited confirmed anchor,PASS,segments=0
ARC-refinement@th0.1 B=10 s=4 K1_gap_limited no NaN,PASS,segments=0
ARC-refinement@th0.1 B=10 s=4 K1_gap_limited nonnegative duration,PASS,segments=0
ARC-refinement@th0.1 B=10 s=4 K2_gap_duration confirmed anchor,PASS,segments=0
ARC-refinement@th0.1 B=10 s=4 K2_gap_duration no NaN,PASS,segments=0
ARC-refinement@th0.1 B=10 s=4 K2_gap_duration nonnegative duration,PASS,segments=0
ARC-refinement@th0.1 B=10 s=4 K2_gap_duration duration cap,PASS,D_seg_max=60.0
ARC-refinement@th0.1 B=10 s=4 K3_gap_duration_negative_barrier confirmed anchor,PASS,segments=0
ARC-refinement@th0.1 B=10 s=4 K3_gap_duration_negative_barrier no NaN,PASS,segments=0
ARC-refinement@th0.1 B=10 s=4 K3_gap_duration_negative_barrier nonnegative duration,PASS,segments=0
ARC-refinement@th0.1 B=10 s=4 K3_gap_duration_negative_barrier duration cap,PASS,D_seg_max=60.0
ARC-refinement@th0.1 B=10 s=4 K3_gap_duration_negative_barrier negative barrier,PASS,negatives=0
ARC-refinement@th0.1 B=10 s=4 K4_gap_duration_negative_barrier_selected_expand confirmed anchor,PASS,segments=0
ARC-refinement@th0.1 B=10 s=4 K4_gap_duration_negative_barrier_selected_expand no NaN,PASS,segments=0
ARC-refinement@th0.1 B=10 s=4 K4_gap_duration_negative_barrier_selected_expand nonnegative duration,PASS,segments=0
ARC-refinement@th0.1 B=10 s=4 K4_gap_duration_negative_barrier_selected_expand duration cap,PASS,D_seg_max=60.0
ARC-refinement@th0.1 B=10 s=4 K4_gap_duration_negative_barrier_selected_expand negative barrier,PASS,negatives=0
ARC-refinement@th0.1 B=10 s=4 K4 expansion no unconfirmed seed,PASS,every segment contains queried positive anchor
ARC-refinement@th0.2 B=10 s=4 oracle order,PASS,calls=0
ARC-refinement@th0.2 B=10 s=4 calls <= budget,PASS,calls=0 budget=10
ARC-refinement@th0.2 B=10 s=4 C6_full_EVENT_MATERIALIZE confirmed anchor,PASS,segments=0
ARC-refinement@th0.2 B=10 s=4 C6_full_EVENT_MATERIALIZE no NaN,PASS,segments=0
ARC-refinement@th0.2 B=10 s=4 C6_full_EVENT_MATERIALIZE nonnegative duration,PASS,segments=0
ARC-refinement@th0.2 B=10 s=4 C6_full_EVENT_MATERIALIZE duration cap,PASS,D_seg_max=60.0
ARC-refinement@th0.2 B=10 s=4 C6_full_EVENT_MATERIALIZE negative barrier,PASS,negatives=0
ARC-refinement@th0.2 B=10 s=4 K0_naive_merge confirmed anchor,PASS,segments=0
ARC-refinement@th0.2 B=10 s=4 K0_naive_merge no NaN,PASS,segments=0
ARC-refinement@th0.2 B=10 s=4 K0_naive_merge nonnegative duration,PASS,segments=0
ARC-refinement@th0.2 B=10 s=4 K1_gap_limited confirmed anchor,PASS,segments=0
ARC-refinement@th0.2 B=10 s=4 K1_gap_limited no NaN,PASS,segments=0
ARC-refinement@th0.2 B=10 s=4 K1_gap_limited nonnegative duration,PASS,segments=0
ARC-refinement@th0.2 B=10 s=4 K2_gap_duration confirmed anchor,PASS,segments=0
ARC-refinement@th0.2 B=10 s=4 K2_gap_duration no NaN,PASS,segments=0
ARC-refinement@th0.2 B=10 s=4 K2_gap_duration nonnegative duration,PASS,segments=0
ARC-refinement@th0.2 B=10 s=4 K2_gap_duration duration cap,PASS,D_seg_max=60.0
ARC-refinement@th0.2 B=10 s=4 K3_gap_duration_negative_barrier confirmed anchor,PASS,segments=0
ARC-refinement@th0.2 B=10 s=4 K3_gap_duration_negative_barrier no NaN,PASS,segments=0
ARC-refinement@th0.2 B=10 s=4 K3_gap_duration_negative_barrier nonnegative duration,PASS,segments=0
ARC-refinement@th0.2 B=10 s=4 K3_gap_duration_negative_barrier duration cap,PASS,D_seg_max=60.0
ARC-refinement@th0.2 B=10 s=4 K3_gap_duration_negative_barrier negative barrier,PASS,negatives=0
ARC-refinement@th0.2 B=10 s=4 K4_gap_duration_negative_barrier_selected_expand confirmed anchor,PASS,segments=0
ARC-refinement@th0.2 B=10 s=4 K4_gap_duration_negative_barrier_selected_expand no NaN,PASS,segments=0
ARC-refinement@th0.2 B=10 s=4 K4_gap_duration_negative_barrier_selected_expand nonnegative duration,PASS,segments=0
ARC-refinement@th0.2 B=10 s=4 K4_gap_duration_negative_barrier_selected_expand duration cap,PASS,D_seg_max=60.0
ARC-refinement@th0.2 B=10 s=4 K4_gap_duration_negative_barrier_selected_expand negative barrier,PASS,negatives=0
ARC-refinement@th0.2 B=10 s=4 K4 expansion no unconfirmed seed,PASS,every segment contains queried positive anchor
ARC-refinement@th0.3 B=10 s=4 oracle order,PASS,calls=10
ARC-refinement@th0.3 B=10 s=4 calls <= budget,PASS,calls=10 budget=10
ARC-refinement@th0.3 B=10 s=4 C6_full_EVENT_MATERIALIZE confirmed anchor,PASS,segments=2
ARC-refinement@th0.3 B=10 s=4 C6_full_EVENT_MATERIALIZE no NaN,PASS,segments=2
ARC-refinement@th0.3 B=10 s=4 C6_full_EVENT_MATERIALIZE nonnegative duration,PASS,segments=2
ARC-refinement@th0.3 B=10 s=4 C6_full_EVENT_MATERIALIZE duration cap,PASS,D_seg_max=60.0
ARC-refinement@th0.3 B=10 s=4 C6_full_EVENT_MATERIALIZE negative barrier,PASS,negatives=8
ARC-refinement@th0.3 B=10 s=4 K0_naive_merge confirmed anchor,PASS,segments=1
ARC-refinement@th0.3 B=10 s=4 K0_naive_merge no NaN,PASS,segments=1
ARC-refinement@th0.3 B=10 s=4 K0_naive_merge nonnegative duration,PASS,segments=1
ARC-refinement@th0.3 B=10 s=4 K1_gap_limited confirmed anchor,PASS,segments=2
ARC-refinement@th0.3 B=10 s=4 K1_gap_limited no NaN,PASS,segments=2
ARC-refinement@th0.3 B=10 s=4 K1_gap_limited nonnegative duration,PASS,segments=2
ARC-refinement@th0.3 B=10 s=4 K2_gap_duration confirmed anchor,PASS,segments=2
ARC-refinement@th0.3 B=10 s=4 K2_gap_duration no NaN,PASS,segments=2
ARC-refinement@th0.3 B=10 s=4 K2_gap_duration nonnegative duration,PASS,segments=2
ARC-refinement@th0.3 B=10 s=4 K2_gap_duration duration cap,PASS,D_seg_max=60.0
ARC-refinement@th0.3 B=10 s=4 K3_gap_duration_negative_barrier confirmed anchor,PASS,segments=2
ARC-refinement@th0.3 B=10 s=4 K3_gap_duration_negative_barrier no NaN,PASS,segments=2
ARC-refinement@th0.3 B=10 s=4 K3_gap_duration_negative_barrier nonnegative duration,PASS,segments=2
ARC-refinement@th0.3 B=10 s=4 K3_gap_duration_negative_barrier duration cap,PASS,D_seg_max=60.0
ARC-refinement@th0.3 B=10 s=4 K3_gap_duration_negative_barrier negative barrier,PASS,negatives=8
ARC-refinement@th0.3 B=10 s=4 K4_gap_duration_negative_barrier_selected_expand confirmed anchor,PASS,segments=2
ARC-refinement@th0.3 B=10 s=4 K4_gap_duration_negative_barrier_selected_expand no NaN,PASS,segments=2
ARC-refinement@th0.3 B=10 s=4 K4_gap_duration_negative_barrier_selected_expand nonnegative duration,PASS,segments=2
ARC-refinement@th0.3 B=10 s=4 K4_gap_duration_negative_barrier_selected_expand duration cap,PASS,D_seg_max=60.0
ARC-refinement@th0.3 B=10 s=4 K4_gap_duration_negative_barrier_selected_expand negative barrier,PASS,negatives=8
ARC-refinement@th0.3 B=10 s=4 K4 expansion no unconfirmed seed,PASS,every segment contains queried positive anchor
ARC-refinement@th0.4 B=10 s=4 oracle order,PASS,calls=10
ARC-refinement@th0.4 B=10 s=4 calls <= budget,PASS,calls=10 budget=10
ARC-refinement@th0.4 B=10 s=4 C6_full_EVENT_MATERIALIZE confirmed anchor,PASS,segments=2
ARC-refinement@th0.4 B=10 s=4 C6_full_EVENT_MATERIALIZE no NaN,PASS,segments=2
ARC-refinement@th0.4 B=10 s=4 C6_full_EVENT_MATERIALIZE nonnegative duration,PASS,segments=2
ARC-refinement@th0.4 B=10 s=4 C6_full_EVENT_MATERIALIZE duration cap,PASS,D_seg_max=60.0
ARC-refinement@th0.4 B=10 s=4 C6_full_EVENT_MATERIALIZE negative barrier,PASS,negatives=8
ARC-refinement@th0.4 B=10 s=4 K0_naive_merge confirmed anchor,PASS,segments=1
ARC-refinement@th0.4 B=10 s=4 K0_naive_merge no NaN,PASS,segments=1
ARC-refinement@th0.4 B=10 s=4 K0_naive_merge nonnegative duration,PASS,segments=1
ARC-refinement@th0.4 B=10 s=4 K1_gap_limited confirmed anchor,PASS,segments=2
ARC-refinement@th0.4 B=10 s=4 K1_gap_limited no NaN,PASS,segments=2
ARC-refinement@th0.4 B=10 s=4 K1_gap_limited nonnegative duration,PASS,segments=2
ARC-refinement@th0.4 B=10 s=4 K2_gap_duration confirmed anchor,PASS,segments=2
ARC-refinement@th0.4 B=10 s=4 K2_gap_duration no NaN,PASS,segments=2
ARC-refinement@th0.4 B=10 s=4 K2_gap_duration nonnegative duration,PASS,segments=2
ARC-refinement@th0.4 B=10 s=4 K2_gap_duration duration cap,PASS,D_seg_max=60.0
ARC-refinement@th0.4 B=10 s=4 K3_gap_duration_negative_barrier confirmed anchor,PASS,segments=2
ARC-refinement@th0.4 B=10 s=4 K3_gap_duration_negative_barrier no NaN,PASS,segments=2
ARC-refinement@th0.4 B=10 s=4 K3_gap_duration_negative_barrier nonnegative duration,PASS,segments=2
ARC-refinement@th0.4 B=10 s=4 K3_gap_duration_negative_barrier duration cap,PASS,D_seg_max=60.0
ARC-refinement@th0.4 B=10 s=4 K3_gap_duration_negative_barrier negative barrier,PASS,negatives=8
ARC-refinement@th0.4 B=10 s=4 K4_gap_duration_negative_barrier_selected_expand confirmed anchor,PASS,segments=2
ARC-refinement@th0.4 B=10 s=4 K4_gap_duration_negative_barrier_selected_expand no NaN,PASS,segments=2
ARC-refinement@th0.4 B=10 s=4 K4_gap_duration_negative_barrier_selected_expand nonnegative duration,PASS,segments=2
ARC-refinement@th0.4 B=10 s=4 K4_gap_duration_negative_barrier_selected_expand duration cap,PASS,D_seg_max=60.0
ARC-refinement@th0.4 B=10 s=4 K4_gap_duration_negative_barrier_selected_expand negative barrier,PASS,negatives=8
ARC-refinement@th0.4 B=10 s=4 K4 expansion no unconfirmed seed,PASS,every segment contains queried positive anchor
ARC-refinement@th0.5 B=10 s=4 oracle order,PASS,calls=10
ARC-refinement@th0.5 B=10 s=4 calls <= budget,PASS,calls=10 budget=10
ARC-refinement@th0.5 B=10 s=4 C6_full_EVENT_MATERIALIZE confirmed anchor,PASS,segments=3
ARC-refinement@th0.5 B=10 s=4 C6_full_EVENT_MATERIALIZE no NaN,PASS,segments=3
ARC-refinement@th0.5 B=10 s=4 C6_full_EVENT_MATERIALIZE nonnegative duration,PASS,segments=3
ARC-refinement@th0.5 B=10 s=4 C6_full_EVENT_MATERIALIZE duration cap,PASS,D_seg_max=60.0
ARC-refinement@th0.5 B=10 s=4 C6_full_EVENT_MATERIALIZE negative barrier,PASS,negatives=6
ARC-refinement@th0.5 B=10 s=4 K0_naive_merge confirmed anchor,PASS,segments=1
ARC-refinement@th0.5 B=10 s=4 K0_naive_merge no NaN,PASS,segments=1
ARC-refinement@th0.5 B=10 s=4 K0_naive_merge nonnegative duration,PASS,segments=1
ARC-refinement@th0.5 B=10 s=4 K1_gap_limited confirmed anchor,PASS,segments=3
ARC-refinement@th0.5 B=10 s=4 K1_gap_limited no NaN,PASS,segments=3
ARC-refinement@th0.5 B=10 s=4 K1_gap_limited nonnegative duration,PASS,segments=3
ARC-refinement@th0.5 B=10 s=4 K2_gap_duration confirmed anchor,PASS,segments=3
ARC-refinement@th0.5 B=10 s=4 K2_gap_duration no NaN,PASS,segments=3
ARC-refinement@th0.5 B=10 s=4 K2_gap_duration nonnegative duration,PASS,segments=3
ARC-refinement@th0.5 B=10 s=4 K2_gap_duration duration cap,PASS,D_seg_max=60.0
ARC-refinement@th0.5 B=10 s=4 K3_gap_duration_negative_barrier confirmed anchor,PASS,segments=3
ARC-refinement@th0.5 B=10 s=4 K3_gap_duration_negative_barrier no NaN,PASS,segments=3
ARC-refinement@th0.5 B=10 s=4 K3_gap_duration_negative_barrier nonnegative duration,PASS,segments=3
ARC-refinement@th0.5 B=10 s=4 K3_gap_duration_negative_barrier duration cap,PASS,D_seg_max=60.0
ARC-refinement@th0.5 B=10 s=4 K3_gap_duration_negative_barrier negative barrier,PASS,negatives=6
ARC-refinement@th0.5 B=10 s=4 K4_gap_duration_negative_barrier_selected_expand confirmed anchor,PASS,segments=3
ARC-refinement@th0.5 B=10 s=4 K4_gap_duration_negative_barrier_selected_expand no NaN,PASS,segments=3
ARC-refinement@th0.5 B=10 s=4 K4_gap_duration_negative_barrier_selected_expand nonnegative duration,PASS,segments=3
ARC-refinement@th0.5 B=10 s=4 K4_gap_duration_negative_barrier_selected_expand duration cap,PASS,D_seg_max=60.0
ARC-refinement@th0.5 B=10 s=4 K4_gap_duration_negative_barrier_selected_expand negative barrier,PASS,negatives=6
ARC-refinement@th0.5 B=10 s=4 K4 expansion no unconfirmed seed,PASS,every segment contains queried positive anchor
ARC-refinement@th0.1 B=20 s=0 oracle order,PASS,calls=0
ARC-refinement@th0.1 B=20 s=0 calls <= budget,PASS,calls=0 budget=20
ARC-refinement@th0.1 B=20 s=0 C6_full_EVENT_MATERIALIZE confirmed anchor,PASS,segments=0
ARC-refinement@th0.1 B=20 s=0 C6_full_EVENT_MATERIALIZE no NaN,PASS,segments=0
ARC-refinement@th0.1 B=20 s=0 C6_full_EVENT_MATERIALIZE nonnegative duration,PASS,segments=0
ARC-refinement@th0.1 B=20 s=0 C6_full_EVENT_MATERIALIZE duration cap,PASS,D_seg_max=60.0
ARC-refinement@th0.1 B=20 s=0 C6_full_EVENT_MATERIALIZE negative barrier,PASS,negatives=0
ARC-refinement@th0.1 B=20 s=0 K0_naive_merge confirmed anchor,PASS,segments=0
ARC-refinement@th0.1 B=20 s=0 K0_naive_merge no NaN,PASS,segments=0
ARC-refinement@th0.1 B=20 s=0 K0_naive_merge nonnegative duration,PASS,segments=0
ARC-refinement@th0.1 B=20 s=0 K1_gap_limited confirmed anchor,PASS,segments=0
ARC-refinement@th0.1 B=20 s=0 K1_gap_limited no NaN,PASS,segments=0
ARC-refinement@th0.1 B=20 s=0 K1_gap_limited nonnegative duration,PASS,segments=0
ARC-refinement@th0.1 B=20 s=0 K2_gap_duration confirmed anchor,PASS,segments=0
ARC-refinement@th0.1 B=20 s=0 K2_gap_duration no NaN,PASS,segments=0
ARC-refinement@th0.1 B=20 s=0 K2_gap_duration nonnegative duration,PASS,segments=0
ARC-refinement@th0.1 B=20 s=0 K2_gap_duration duration cap,PASS,D_seg_max=60.0
ARC-refinement@th0.1 B=20 s=0 K3_gap_duration_negative_barrier confirmed anchor,PASS,segments=0
ARC-refinement@th0.1 B=20 s=0 K3_gap_duration_negative_barrier no NaN,PASS,segments=0
ARC-refinement@th0.1 B=20 s=0 K3_gap_duration_negative_barrier nonnegative duration,PASS,segments=0
ARC-refinement@th0.1 B=20 s=0 K3_gap_duration_negative_barrier duration cap,PASS,D_seg_max=60.0
ARC-refinement@th0.1 B=20 s=0 K3_gap_duration_negative_barrier negative barrier,PASS,negatives=0
ARC-refinement@th0.1 B=20 s=0 K4_gap_duration_negative_barrier_selected_expand confirmed anchor,PASS,segments=0
ARC-refinement@th0.1 B=20 s=0 K4_gap_duration_negative_barrier_selected_expand no NaN,PASS,segments=0
ARC-refinement@th0.1 B=20 s=0 K4_gap_duration_negative_barrier_selected_expand nonnegative duration,PASS,segments=0
ARC-refinement@th0.1 B=20 s=0 K4_gap_duration_negative_barrier_selected_expand duration cap,PASS,D_seg_max=60.0
ARC-refinement@th0.1 B=20 s=0 K4_gap_duration_negative_barrier_selected_expand negative barrier,PASS,negatives=0
ARC-refinement@th0.1 B=20 s=0 K4 expansion no unconfirmed seed,PASS,every segment contains queried positive anchor
ARC-refinement@th0.2 B=20 s=0 oracle order,PASS,calls=0
ARC-refinement@th0.2 B=20 s=0 calls <= budget,PASS,calls=0 budget=20
ARC-refinement@th0.2 B=20 s=0 C6_full_EVENT_MATERIALIZE confirmed anchor,PASS,segments=0
ARC-refinement@th0.2 B=20 s=0 C6_full_EVENT_MATERIALIZE no NaN,PASS,segments=0
ARC-refinement@th0.2 B=20 s=0 C6_full_EVENT_MATERIALIZE nonnegative duration,PASS,segments=0
ARC-refinement@th0.2 B=20 s=0 C6_full_EVENT_MATERIALIZE duration cap,PASS,D_seg_max=60.0
ARC-refinement@th0.2 B=20 s=0 C6_full_EVENT_MATERIALIZE negative barrier,PASS,negatives=0
ARC-refinement@th0.2 B=20 s=0 K0_naive_merge confirmed anchor,PASS,segments=0
ARC-refinement@th0.2 B=20 s=0 K0_naive_merge no NaN,PASS,segments=0
ARC-refinement@th0.2 B=20 s=0 K0_naive_merge nonnegative duration,PASS,segments=0
ARC-refinement@th0.2 B=20 s=0 K1_gap_limited confirmed anchor,PASS,segments=0
ARC-refinement@th0.2 B=20 s=0 K1_gap_limited no NaN,PASS,segments=0
ARC-refinement@th0.2 B=20 s=0 K1_gap_limited nonnegative duration,PASS,segments=0
ARC-refinement@th0.2 B=20 s=0 K2_gap_duration confirmed anchor,PASS,segments=0
ARC-refinement@th0.2 B=20 s=0 K2_gap_duration no NaN,PASS,segments=0
ARC-refinement@th0.2 B=20 s=0 K2_gap_duration nonnegative duration,PASS,segments=0
ARC-refinement@th0.2 B=20 s=0 K2_gap_duration duration cap,PASS,D_seg_max=60.0
ARC-refinement@th0.2 B=20 s=0 K3_gap_duration_negative_barrier confirmed anchor,PASS,segments=0
ARC-refinement@th0.2 B=20 s=0 K3_gap_duration_negative_barrier no NaN,PASS,segments=0
ARC-refinement@th0.2 B=20 s=0 K3_gap_duration_negative_barrier nonnegative duration,PASS,segments=0
ARC-refinement@th0.2 B=20 s=0 K3_gap_duration_negative_barrier duration cap,PASS,D_seg_max=60.0
ARC-refinement@th0.2 B=20 s=0 K3_gap_duration_negative_barrier negative barrier,PASS,negatives=0
ARC-refinement@th0.2 B=20 s=0 K4_gap_duration_negative_barrier_selected_expand confirmed anchor,PASS,segments=0
ARC-refinement@th0.2 B=20 s=0 K4_gap_duration_negative_barrier_selected_expand no NaN,PASS,segments=0
ARC-refinement@th0.2 B=20 s=0 K4_gap_duration_negative_barrier_selected_expand nonnegative duration,PASS,segments=0
ARC-refinement@th0.2 B=20 s=0 K4_gap_duration_negative_barrier_selected_expand duration cap,PASS,D_seg_max=60.0
ARC-refinement@th0.2 B=20 s=0 K4_gap_duration_negative_barrier_selected_expand negative barrier,PASS,negatives=0
ARC-refinement@th0.2 B=20 s=0 K4 expansion no unconfirmed seed,PASS,every segment contains queried positive anchor
ARC-refinement@th0.3 B=20 s=0 oracle order,PASS,calls=20
ARC-refinement@th0.3 B=20 s=0 calls <= budget,PASS,calls=20 budget=20
ARC-refinement@th0.3 B=20 s=0 C6_full_EVENT_MATERIALIZE confirmed anchor,PASS,segments=2
ARC-refinement@th0.3 B=20 s=0 C6_full_EVENT_MATERIALIZE no NaN,PASS,segments=2
ARC-refinement@th0.3 B=20 s=0 C6_full_EVENT_MATERIALIZE nonnegative duration,PASS,segments=2
ARC-refinement@th0.3 B=20 s=0 C6_full_EVENT_MATERIALIZE duration cap,PASS,D_seg_max=60.0
ARC-refinement@th0.3 B=20 s=0 C6_full_EVENT_MATERIALIZE negative barrier,PASS,negatives=18
ARC-refinement@th0.3 B=20 s=0 K0_naive_merge confirmed anchor,PASS,segments=1
ARC-refinement@th0.3 B=20 s=0 K0_naive_merge no NaN,PASS,segments=1
ARC-refinement@th0.3 B=20 s=0 K0_naive_merge nonnegative duration,PASS,segments=1
ARC-refinement@th0.3 B=20 s=0 K1_gap_limited confirmed anchor,PASS,segments=2
ARC-refinement@th0.3 B=20 s=0 K1_gap_limited no NaN,PASS,segments=2
ARC-refinement@th0.3 B=20 s=0 K1_gap_limited nonnegative duration,PASS,segments=2
ARC-refinement@th0.3 B=20 s=0 K2_gap_duration confirmed anchor,PASS,segments=2
ARC-refinement@th0.3 B=20 s=0 K2_gap_duration no NaN,PASS,segments=2
ARC-refinement@th0.3 B=20 s=0 K2_gap_duration nonnegative duration,PASS,segments=2
ARC-refinement@th0.3 B=20 s=0 K2_gap_duration duration cap,PASS,D_seg_max=60.0
ARC-refinement@th0.3 B=20 s=0 K3_gap_duration_negative_barrier confirmed anchor,PASS,segments=2
ARC-refinement@th0.3 B=20 s=0 K3_gap_duration_negative_barrier no NaN,PASS,segments=2
ARC-refinement@th0.3 B=20 s=0 K3_gap_duration_negative_barrier nonnegative duration,PASS,segments=2
ARC-refinement@th0.3 B=20 s=0 K3_gap_duration_negative_barrier duration cap,PASS,D_seg_max=60.0
ARC-refinement@th0.3 B=20 s=0 K3_gap_duration_negative_barrier negative barrier,PASS,negatives=18
ARC-refinement@th0.3 B=20 s=0 K4_gap_duration_negative_barrier_selected_expand confirmed anchor,PASS,segments=2
ARC-refinement@th0.3 B=20 s=0 K4_gap_duration_negative_barrier_selected_expand no NaN,PASS,segments=2
ARC-refinement@th0.3 B=20 s=0 K4_gap_duration_negative_barrier_selected_expand nonnegative duration,PASS,segments=2
ARC-refinement@th0.3 B=20 s=0 K4_gap_duration_negative_barrier_selected_expand duration cap,PASS,D_seg_max=60.0
ARC-refinement@th0.3 B=20 s=0 K4_gap_duration_negative_barrier_selected_expand negative barrier,PASS,negatives=18
ARC-refinement@th0.3 B=20 s=0 K4 expansion no unconfirmed seed,PASS,every segment contains queried positive anchor
ARC-refinement@th0.4 B=20 s=0 oracle order,PASS,calls=20
ARC-refinement@th0.4 B=20 s=0 calls <= budget,PASS,calls=20 budget=20
ARC-refinement@th0.4 B=20 s=0 C6_full_EVENT_MATERIALIZE confirmed anchor,PASS,segments=4
ARC-refinement@th0.4 B=20 s=0 C6_full_EVENT_MATERIALIZE no NaN,PASS,segments=4
ARC-refinement@th0.4 B=20 s=0 C6_full_EVENT_MATERIALIZE nonnegative duration,PASS,segments=4
ARC-refinement@th0.4 B=20 s=0 C6_full_EVENT_MATERIALIZE duration cap,PASS,D_seg_max=60.0
ARC-refinement@th0.4 B=20 s=0 C6_full_EVENT_MATERIALIZE negative barrier,PASS,negatives=16
ARC-refinement@th0.4 B=20 s=0 K0_naive_merge confirmed anchor,PASS,segments=1
ARC-refinement@th0.4 B=20 s=0 K0_naive_merge no NaN,PASS,segments=1
ARC-refinement@th0.4 B=20 s=0 K0_naive_merge nonnegative duration,PASS,segments=1
ARC-refinement@th0.4 B=20 s=0 K1_gap_limited confirmed anchor,PASS,segments=4
ARC-refinement@th0.4 B=20 s=0 K1_gap_limited no NaN,PASS,segments=4
ARC-refinement@th0.4 B=20 s=0 K1_gap_limited nonnegative duration,PASS,segments=4
ARC-refinement@th0.4 B=20 s=0 K2_gap_duration confirmed anchor,PASS,segments=4
ARC-refinement@th0.4 B=20 s=0 K2_gap_duration no NaN,PASS,segments=4
ARC-refinement@th0.4 B=20 s=0 K2_gap_duration nonnegative duration,PASS,segments=4
ARC-refinement@th0.4 B=20 s=0 K2_gap_duration duration cap,PASS,D_seg_max=60.0
ARC-refinement@th0.4 B=20 s=0 K3_gap_duration_negative_barrier confirmed anchor,PASS,segments=4
ARC-refinement@th0.4 B=20 s=0 K3_gap_duration_negative_barrier no NaN,PASS,segments=4
ARC-refinement@th0.4 B=20 s=0 K3_gap_duration_negative_barrier nonnegative duration,PASS,segments=4
ARC-refinement@th0.4 B=20 s=0 K3_gap_duration_negative_barrier duration cap,PASS,D_seg_max=60.0
ARC-refinement@th0.4 B=20 s=0 K3_gap_duration_negative_barrier negative barrier,PASS,negatives=16
ARC-refinement@th0.4 B=20 s=0 K4_gap_duration_negative_barrier_selected_expand confirmed anchor,PASS,segments=4
ARC-refinement@th0.4 B=20 s=0 K4_gap_duration_negative_barrier_selected_expand no NaN,PASS,segments=4
ARC-refinement@th0.4 B=20 s=0 K4_gap_duration_negative_barrier_selected_expand nonnegative duration,PASS,segments=4
ARC-refinement@th0.4 B=20 s=0 K4_gap_duration_negative_barrier_selected_expand duration cap,PASS,D_seg_max=60.0
ARC-refinement@th0.4 B=20 s=0 K4_gap_duration_negative_barrier_selected_expand negative barrier,PASS,negatives=16
ARC-refinement@th0.4 B=20 s=0 K4 expansion no unconfirmed seed,PASS,every segment contains queried positive anchor
ARC-refinement@th0.5 B=20 s=0 oracle order,PASS,calls=20
ARC-refinement@th0.5 B=20 s=0 calls <= budget,PASS,calls=20 budget=20
ARC-refinement@th0.5 B=20 s=0 C6_full_EVENT_MATERIALIZE confirmed anchor,PASS,segments=3
ARC-refinement@th0.5 B=20 s=0 C6_full_EVENT_MATERIALIZE no NaN,PASS,segments=3
ARC-refinement@th0.5 B=20 s=0 C6_full_EVENT_MATERIALIZE nonnegative duration,PASS,segments=3
ARC-refinement@th0.5 B=20 s=0 C6_full_EVENT_MATERIALIZE duration cap,PASS,D_seg_max=60.0
ARC-refinement@th0.5 B=20 s=0 C6_full_EVENT_MATERIALIZE negative barrier,PASS,negatives=13
ARC-refinement@th0.5 B=20 s=0 K0_naive_merge confirmed anchor,PASS,segments=1
ARC-refinement@th0.5 B=20 s=0 K0_naive_merge no NaN,PASS,segments=1
ARC-refinement@th0.5 B=20 s=0 K0_naive_merge nonnegative duration,PASS,segments=1
ARC-refinement@th0.5 B=20 s=0 K1_gap_limited confirmed anchor,PASS,segments=2
ARC-refinement@th0.5 B=20 s=0 K1_gap_limited no NaN,PASS,segments=2
ARC-refinement@th0.5 B=20 s=0 K1_gap_limited nonnegative duration,PASS,segments=2
ARC-refinement@th0.5 B=20 s=0 K2_gap_duration confirmed anchor,PASS,segments=3
ARC-refinement@th0.5 B=20 s=0 K2_gap_duration no NaN,PASS,segments=3
ARC-refinement@th0.5 B=20 s=0 K2_gap_duration nonnegative duration,PASS,segments=3
ARC-refinement@th0.5 B=20 s=0 K2_gap_duration duration cap,PASS,D_seg_max=60.0
ARC-refinement@th0.5 B=20 s=0 K3_gap_duration_negative_barrier confirmed anchor,PASS,segments=3
ARC-refinement@th0.5 B=20 s=0 K3_gap_duration_negative_barrier no NaN,PASS,segments=3
ARC-refinement@th0.5 B=20 s=0 K3_gap_duration_negative_barrier nonnegative duration,PASS,segments=3
ARC-refinement@th0.5 B=20 s=0 K3_gap_duration_negative_barrier duration cap,PASS,D_seg_max=60.0
ARC-refinement@th0.5 B=20 s=0 K3_gap_duration_negative_barrier negative barrier,PASS,negatives=13
ARC-refinement@th0.5 B=20 s=0 K4_gap_duration_negative_barrier_selected_expand confirmed anchor,PASS,segments=3
ARC-refinement@th0.5 B=20 s=0 K4_gap_duration_negative_barrier_selected_expand no NaN,PASS,segments=3
ARC-refinement@th0.5 B=20 s=0 K4_gap_duration_negative_barrier_selected_expand nonnegative duration,PASS,segments=3
ARC-refinement@th0.5 B=20 s=0 K4_gap_duration_negative_barrier_selected_expand duration cap,PASS,D_seg_max=60.0
ARC-refinement@th0.5 B=20 s=0 K4_gap_duration_negative_barrier_selected_expand negative barrier,PASS,negatives=13
ARC-refinement@th0.5 B=20 s=0 K4 expansion no unconfirmed seed,PASS,every segment contains queried positive anchor
ARC-refinement@th0.1 B=20 s=1 oracle order,PASS,calls=1
ARC-refinement@th0.1 B=20 s=1 calls <= budget,PASS,calls=1 budget=20
ARC-refinement@th0.1 B=20 s=1 C6_full_EVENT_MATERIALIZE confirmed anchor,PASS,segments=1
ARC-refinement@th0.1 B=20 s=1 C6_full_EVENT_MATERIALIZE no NaN,PASS,segments=1
ARC-refinement@th0.1 B=20 s=1 C6_full_EVENT_MATERIALIZE nonnegative duration,PASS,segments=1
ARC-refinement@th0.1 B=20 s=1 C6_full_EVENT_MATERIALIZE duration cap,PASS,D_seg_max=60.0
ARC-refinement@th0.1 B=20 s=1 C6_full_EVENT_MATERIALIZE negative barrier,PASS,negatives=0
ARC-refinement@th0.1 B=20 s=1 K0_naive_merge confirmed anchor,PASS,segments=1
ARC-refinement@th0.1 B=20 s=1 K0_naive_merge no NaN,PASS,segments=1
ARC-refinement@th0.1 B=20 s=1 K0_naive_merge nonnegative duration,PASS,segments=1
ARC-refinement@th0.1 B=20 s=1 K1_gap_limited confirmed anchor,PASS,segments=1
ARC-refinement@th0.1 B=20 s=1 K1_gap_limited no NaN,PASS,segments=1
ARC-refinement@th0.1 B=20 s=1 K1_gap_limited nonnegative duration,PASS,segments=1
ARC-refinement@th0.1 B=20 s=1 K2_gap_duration confirmed anchor,PASS,segments=1
ARC-refinement@th0.1 B=20 s=1 K2_gap_duration no NaN,PASS,segments=1
ARC-refinement@th0.1 B=20 s=1 K2_gap_duration nonnegative duration,PASS,segments=1
ARC-refinement@th0.1 B=20 s=1 K2_gap_duration duration cap,PASS,D_seg_max=60.0
ARC-refinement@th0.1 B=20 s=1 K3_gap_duration_negative_barrier confirmed anchor,PASS,segments=1
ARC-refinement@th0.1 B=20 s=1 K3_gap_duration_negative_barrier no NaN,PASS,segments=1
ARC-refinement@th0.1 B=20 s=1 K3_gap_duration_negative_barrier nonnegative duration,PASS,segments=1
ARC-refinement@th0.1 B=20 s=1 K3_gap_duration_negative_barrier duration cap,PASS,D_seg_max=60.0
ARC-refinement@th0.1 B=20 s=1 K3_gap_duration_negative_barrier negative barrier,PASS,negatives=0
ARC-refinement@th0.1 B=20 s=1 K4_gap_duration_negative_barrier_selected_expand confirmed anchor,PASS,segments=1
ARC-refinement@th0.1 B=20 s=1 K4_gap_duration_negative_barrier_selected_expand no NaN,PASS,segments=1
ARC-refinement@th0.1 B=20 s=1 K4_gap_duration_negative_barrier_selected_expand nonnegative duration,PASS,segments=1
ARC-refinement@th0.1 B=20 s=1 K4_gap_duration_negative_barrier_selected_expand duration cap,PASS,D_seg_max=60.0
ARC-refinement@th0.1 B=20 s=1 K4_gap_duration_negative_barrier_selected_expand negative barrier,PASS,negatives=0
ARC-refinement@th0.1 B=20 s=1 K4 expansion no unconfirmed seed,PASS,every segment contains queried positive anchor
ARC-refinement@th0.2 B=20 s=1 oracle order,PASS,calls=1
ARC-refinement@th0.2 B=20 s=1 calls <= budget,PASS,calls=1 budget=20
ARC-refinement@th0.2 B=20 s=1 C6_full_EVENT_MATERIALIZE confirmed anchor,PASS,segments=0
ARC-refinement@th0.2 B=20 s=1 C6_full_EVENT_MATERIALIZE no NaN,PASS,segments=0
ARC-refinement@th0.2 B=20 s=1 C6_full_EVENT_MATERIALIZE nonnegative duration,PASS,segments=0
ARC-refinement@th0.2 B=20 s=1 C6_full_EVENT_MATERIALIZE duration cap,PASS,D_seg_max=60.0
ARC-refinement@th0.2 B=20 s=1 C6_full_EVENT_MATERIALIZE negative barrier,PASS,negatives=1
ARC-refinement@th0.2 B=20 s=1 K0_naive_merge confirmed anchor,PASS,segments=0
ARC-refinement@th0.2 B=20 s=1 K0_naive_merge no NaN,PASS,segments=0
ARC-refinement@th0.2 B=20 s=1 K0_naive_merge nonnegative duration,PASS,segments=0
ARC-refinement@th0.2 B=20 s=1 K1_gap_limited confirmed anchor,PASS,segments=0
ARC-refinement@th0.2 B=20 s=1 K1_gap_limited no NaN,PASS,segments=0
ARC-refinement@th0.2 B=20 s=1 K1_gap_limited nonnegative duration,PASS,segments=0
ARC-refinement@th0.2 B=20 s=1 K2_gap_duration confirmed anchor,PASS,segments=0
ARC-refinement@th0.2 B=20 s=1 K2_gap_duration no NaN,PASS,segments=0
ARC-refinement@th0.2 B=20 s=1 K2_gap_duration nonnegative duration,PASS,segments=0
ARC-refinement@th0.2 B=20 s=1 K2_gap_duration duration cap,PASS,D_seg_max=60.0
ARC-refinement@th0.2 B=20 s=1 K3_gap_duration_negative_barrier confirmed anchor,PASS,segments=0
ARC-refinement@th0.2 B=20 s=1 K3_gap_duration_negative_barrier no NaN,PASS,segments=0
ARC-refinement@th0.2 B=20 s=1 K3_gap_duration_negative_barrier nonnegative duration,PASS,segments=0
ARC-refinement@th0.2 B=20 s=1 K3_gap_duration_negative_barrier duration cap,PASS,D_seg_max=60.0
ARC-refinement@th0.2 B=20 s=1 K3_gap_duration_negative_barrier negative barrier,PASS,negatives=1
ARC-refinement@th0.2 B=20 s=1 K4_gap_duration_negative_barrier_selected_expand confirmed anchor,PASS,segments=0
ARC-refinement@th0.2 B=20 s=1 K4_gap_duration_negative_barrier_selected_expand no NaN,PASS,segments=0
ARC-refinement@th0.2 B=20 s=1 K4_gap_duration_negative_barrier_selected_expand nonnegative duration,PASS,segments=0
ARC-refinement@th0.2 B=20 s=1 K4_gap_duration_negative_barrier_selected_expand duration cap,PASS,D_seg_max=60.0
ARC-refinement@th0.2 B=20 s=1 K4_gap_duration_negative_barrier_selected_expand negative barrier,PASS,negatives=1
ARC-refinement@th0.2 B=20 s=1 K4 expansion no unconfirmed seed,PASS,every segment contains queried positive anchor
ARC-refinement@th0.3 B=20 s=1 oracle order,PASS,calls=20
ARC-refinement@th0.3 B=20 s=1 calls <= budget,PASS,calls=20 budget=20
ARC-refinement@th0.3 B=20 s=1 C6_full_EVENT_MATERIALIZE confirmed anchor,PASS,segments=3
ARC-refinement@th0.3 B=20 s=1 C6_full_EVENT_MATERIALIZE no NaN,PASS,segments=3
ARC-refinement@th0.3 B=20 s=1 C6_full_EVENT_MATERIALIZE nonnegative duration,PASS,segments=3
ARC-refinement@th0.3 B=20 s=1 C6_full_EVENT_MATERIALIZE duration cap,PASS,D_seg_max=60.0
ARC-refinement@th0.3 B=20 s=1 C6_full_EVENT_MATERIALIZE negative barrier,PASS,negatives=17
ARC-refinement@th0.3 B=20 s=1 K0_naive_merge confirmed anchor,PASS,segments=1
ARC-refinement@th0.3 B=20 s=1 K0_naive_merge no NaN,PASS,segments=1
ARC-refinement@th0.3 B=20 s=1 K0_naive_merge nonnegative duration,PASS,segments=1
ARC-refinement@th0.3 B=20 s=1 K1_gap_limited confirmed anchor,PASS,segments=3
ARC-refinement@th0.3 B=20 s=1 K1_gap_limited no NaN,PASS,segments=3
ARC-refinement@th0.3 B=20 s=1 K1_gap_limited nonnegative duration,PASS,segments=3
ARC-refinement@th0.3 B=20 s=1 K2_gap_duration confirmed anchor,PASS,segments=3
ARC-refinement@th0.3 B=20 s=1 K2_gap_duration no NaN,PASS,segments=3
ARC-refinement@th0.3 B=20 s=1 K2_gap_duration nonnegative duration,PASS,segments=3
ARC-refinement@th0.3 B=20 s=1 K2_gap_duration duration cap,PASS,D_seg_max=60.0
ARC-refinement@th0.3 B=20 s=1 K3_gap_duration_negative_barrier confirmed anchor,PASS,segments=3
ARC-refinement@th0.3 B=20 s=1 K3_gap_duration_negative_barrier no NaN,PASS,segments=3
ARC-refinement@th0.3 B=20 s=1 K3_gap_duration_negative_barrier nonnegative duration,PASS,segments=3
ARC-refinement@th0.3 B=20 s=1 K3_gap_duration_negative_barrier duration cap,PASS,D_seg_max=60.0
ARC-refinement@th0.3 B=20 s=1 K3_gap_duration_negative_barrier negative barrier,PASS,negatives=17
ARC-refinement@th0.3 B=20 s=1 K4_gap_duration_negative_barrier_selected_expand confirmed anchor,PASS,segments=3
ARC-refinement@th0.3 B=20 s=1 K4_gap_duration_negative_barrier_selected_expand no NaN,PASS,segments=3
ARC-refinement@th0.3 B=20 s=1 K4_gap_duration_negative_barrier_selected_expand nonnegative duration,PASS,segments=3
ARC-refinement@th0.3 B=20 s=1 K4_gap_duration_negative_barrier_selected_expand duration cap,PASS,D_seg_max=60.0
ARC-refinement@th0.3 B=20 s=1 K4_gap_duration_negative_barrier_selected_expand negative barrier,PASS,negatives=17
ARC-refinement@th0.3 B=20 s=1 K4 expansion no unconfirmed seed,PASS,every segment contains queried positive anchor
ARC-refinement@th0.4 B=20 s=1 oracle order,PASS,calls=20
ARC-refinement@th0.4 B=20 s=1 calls <= budget,PASS,calls=20 budget=20
ARC-refinement@th0.4 B=20 s=1 C6_full_EVENT_MATERIALIZE confirmed anchor,PASS,segments=5
ARC-refinement@th0.4 B=20 s=1 C6_full_EVENT_MATERIALIZE no NaN,PASS,segments=5
ARC-refinement@th0.4 B=20 s=1 C6_full_EVENT_MATERIALIZE nonnegative duration,PASS,segments=5
ARC-refinement@th0.4 B=20 s=1 C6_full_EVENT_MATERIALIZE duration cap,PASS,D_seg_max=60.0
ARC-refinement@th0.4 B=20 s=1 C6_full_EVENT_MATERIALIZE negative barrier,PASS,negatives=15
ARC-refinement@th0.4 B=20 s=1 K0_naive_merge confirmed anchor,PASS,segments=1
ARC-refinement@th0.4 B=20 s=1 K0_naive_merge no NaN,PASS,segments=1
ARC-refinement@th0.4 B=20 s=1 K0_naive_merge nonnegative duration,PASS,segments=1
ARC-refinement@th0.4 B=20 s=1 K1_gap_limited confirmed anchor,PASS,segments=5
ARC-refinement@th0.4 B=20 s=1 K1_gap_limited no NaN,PASS,segments=5
ARC-refinement@th0.4 B=20 s=1 K1_gap_limited nonnegative duration,PASS,segments=5
ARC-refinement@th0.4 B=20 s=1 K2_gap_duration confirmed anchor,PASS,segments=5
ARC-refinement@th0.4 B=20 s=1 K2_gap_duration no NaN,PASS,segments=5
ARC-refinement@th0.4 B=20 s=1 K2_gap_duration nonnegative duration,PASS,segments=5
ARC-refinement@th0.4 B=20 s=1 K2_gap_duration duration cap,PASS,D_seg_max=60.0
ARC-refinement@th0.4 B=20 s=1 K3_gap_duration_negative_barrier confirmed anchor,PASS,segments=5
ARC-refinement@th0.4 B=20 s=1 K3_gap_duration_negative_barrier no NaN,PASS,segments=5
ARC-refinement@th0.4 B=20 s=1 K3_gap_duration_negative_barrier nonnegative duration,PASS,segments=5
ARC-refinement@th0.4 B=20 s=1 K3_gap_duration_negative_barrier duration cap,PASS,D_seg_max=60.0
ARC-refinement@th0.4 B=20 s=1 K3_gap_duration_negative_barrier negative barrier,PASS,negatives=15
ARC-refinement@th0.4 B=20 s=1 K4_gap_duration_negative_barrier_selected_expand confirmed anchor,PASS,segments=5
ARC-refinement@th0.4 B=20 s=1 K4_gap_duration_negative_barrier_selected_expand no NaN,PASS,segments=5
ARC-refinement@th0.4 B=20 s=1 K4_gap_duration_negative_barrier_selected_expand nonnegative duration,PASS,segments=5
ARC-refinement@th0.4 B=20 s=1 K4_gap_duration_negative_barrier_selected_expand duration cap,PASS,D_seg_max=60.0
ARC-refinement@th0.4 B=20 s=1 K4_gap_duration_negative_barrier_selected_expand negative barrier,PASS,negatives=15
ARC-refinement@th0.4 B=20 s=1 K4 expansion no unconfirmed seed,PASS,every segment contains queried positive anchor
ARC-refinement@th0.5 B=20 s=1 oracle order,PASS,calls=6
ARC-refinement@th0.5 B=20 s=1 calls <= budget,PASS,calls=6 budget=20
ARC-refinement@th0.5 B=20 s=1 C6_full_EVENT_MATERIALIZE confirmed anchor,PASS,segments=1
ARC-refinement@th0.5 B=20 s=1 C6_full_EVENT_MATERIALIZE no NaN,PASS,segments=1
ARC-refinement@th0.5 B=20 s=1 C6_full_EVENT_MATERIALIZE nonnegative duration,PASS,segments=1
ARC-refinement@th0.5 B=20 s=1 C6_full_EVENT_MATERIALIZE duration cap,PASS,D_seg_max=60.0
ARC-refinement@th0.5 B=20 s=1 C6_full_EVENT_MATERIALIZE negative barrier,PASS,negatives=2
ARC-refinement@th0.5 B=20 s=1 K0_naive_merge confirmed anchor,PASS,segments=1
ARC-refinement@th0.5 B=20 s=1 K0_naive_merge no NaN,PASS,segments=1
ARC-refinement@th0.5 B=20 s=1 K0_naive_merge nonnegative duration,PASS,segments=1
ARC-refinement@th0.5 B=20 s=1 K1_gap_limited confirmed anchor,PASS,segments=1
ARC-refinement@th0.5 B=20 s=1 K1_gap_limited no NaN,PASS,segments=1
ARC-refinement@th0.5 B=20 s=1 K1_gap_limited nonnegative duration,PASS,segments=1
ARC-refinement@th0.5 B=20 s=1 K2_gap_duration confirmed anchor,PASS,segments=1
ARC-refinement@th0.5 B=20 s=1 K2_gap_duration no NaN,PASS,segments=1
ARC-refinement@th0.5 B=20 s=1 K2_gap_duration nonnegative duration,PASS,segments=1
ARC-refinement@th0.5 B=20 s=1 K2_gap_duration duration cap,PASS,D_seg_max=60.0
ARC-refinement@th0.5 B=20 s=1 K3_gap_duration_negative_barrier confirmed anchor,PASS,segments=1
ARC-refinement@th0.5 B=20 s=1 K3_gap_duration_negative_barrier no NaN,PASS,segments=1
ARC-refinement@th0.5 B=20 s=1 K3_gap_duration_negative_barrier nonnegative duration,PASS,segments=1
ARC-refinement@th0.5 B=20 s=1 K3_gap_duration_negative_barrier duration cap,PASS,D_seg_max=60.0
ARC-refinement@th0.5 B=20 s=1 K3_gap_duration_negative_barrier negative barrier,PASS,negatives=2
ARC-refinement@th0.5 B=20 s=1 K4_gap_duration_negative_barrier_selected_expand confirmed anchor,PASS,segments=1
ARC-refinement@th0.5 B=20 s=1 K4_gap_duration_negative_barrier_selected_expand no NaN,PASS,segments=1
ARC-refinement@th0.5 B=20 s=1 K4_gap_duration_negative_barrier_selected_expand nonnegative duration,PASS,segments=1
ARC-refinement@th0.5 B=20 s=1 K4_gap_duration_negative_barrier_selected_expand duration cap,PASS,D_seg_max=60.0
ARC-refinement@th0.5 B=20 s=1 K4_gap_duration_negative_barrier_selected_expand negative barrier,PASS,negatives=2
ARC-refinement@th0.5 B=20 s=1 K4 expansion no unconfirmed seed,PASS,every segment contains queried positive anchor
ARC-refinement@th0.1 B=20 s=2 oracle order,PASS,calls=2
ARC-refinement@th0.1 B=20 s=2 calls <= budget,PASS,calls=2 budget=20
ARC-refinement@th0.1 B=20 s=2 C6_full_EVENT_MATERIALIZE confirmed anchor,PASS,segments=1
ARC-refinement@th0.1 B=20 s=2 C6_full_EVENT_MATERIALIZE no NaN,PASS,segments=1
ARC-refinement@th0.1 B=20 s=2 C6_full_EVENT_MATERIALIZE nonnegative duration,PASS,segments=1
ARC-refinement@th0.1 B=20 s=2 C6_full_EVENT_MATERIALIZE duration cap,PASS,D_seg_max=60.0
ARC-refinement@th0.1 B=20 s=2 C6_full_EVENT_MATERIALIZE negative barrier,PASS,negatives=0
ARC-refinement@th0.1 B=20 s=2 K0_naive_merge confirmed anchor,PASS,segments=1
ARC-refinement@th0.1 B=20 s=2 K0_naive_merge no NaN,PASS,segments=1
ARC-refinement@th0.1 B=20 s=2 K0_naive_merge nonnegative duration,PASS,segments=1
ARC-refinement@th0.1 B=20 s=2 K1_gap_limited confirmed anchor,PASS,segments=1
ARC-refinement@th0.1 B=20 s=2 K1_gap_limited no NaN,PASS,segments=1
ARC-refinement@th0.1 B=20 s=2 K1_gap_limited nonnegative duration,PASS,segments=1
ARC-refinement@th0.1 B=20 s=2 K2_gap_duration confirmed anchor,PASS,segments=1
ARC-refinement@th0.1 B=20 s=2 K2_gap_duration no NaN,PASS,segments=1
ARC-refinement@th0.1 B=20 s=2 K2_gap_duration nonnegative duration,PASS,segments=1
ARC-refinement@th0.1 B=20 s=2 K2_gap_duration duration cap,PASS,D_seg_max=60.0
ARC-refinement@th0.1 B=20 s=2 K3_gap_duration_negative_barrier confirmed anchor,PASS,segments=1
ARC-refinement@th0.1 B=20 s=2 K3_gap_duration_negative_barrier no NaN,PASS,segments=1
ARC-refinement@th0.1 B=20 s=2 K3_gap_duration_negative_barrier nonnegative duration,PASS,segments=1
ARC-refinement@th0.1 B=20 s=2 K3_gap_duration_negative_barrier duration cap,PASS,D_seg_max=60.0
ARC-refinement@th0.1 B=20 s=2 K3_gap_duration_negative_barrier negative barrier,PASS,negatives=0
ARC-refinement@th0.1 B=20 s=2 K4_gap_duration_negative_barrier_selected_expand confirmed anchor,PASS,segments=1
ARC-refinement@th0.1 B=20 s=2 K4_gap_duration_negative_barrier_selected_expand no NaN,PASS,segments=1
ARC-refinement@th0.1 B=20 s=2 K4_gap_duration_negative_barrier_selected_expand nonnegative duration,PASS,segments=1
ARC-refinement@th0.1 B=20 s=2 K4_gap_duration_negative_barrier_selected_expand duration cap,PASS,D_seg_max=60.0
ARC-refinement@th0.1 B=20 s=2 K4_gap_duration_negative_barrier_selected_expand negative barrier,PASS,negatives=0
ARC-refinement@th0.1 B=20 s=2 K4 expansion no unconfirmed seed,PASS,every segment contains queried positive anchor
ARC-refinement@th0.2 B=20 s=2 oracle order,PASS,calls=2
ARC-refinement@th0.2 B=20 s=2 calls <= budget,PASS,calls=2 budget=20
ARC-refinement@th0.2 B=20 s=2 C6_full_EVENT_MATERIALIZE confirmed anchor,PASS,segments=0
ARC-refinement@th0.2 B=20 s=2 C6_full_EVENT_MATERIALIZE no NaN,PASS,segments=0
ARC-refinement@th0.2 B=20 s=2 C6_full_EVENT_MATERIALIZE nonnegative duration,PASS,segments=0
ARC-refinement@th0.2 B=20 s=2 C6_full_EVENT_MATERIALIZE duration cap,PASS,D_seg_max=60.0
ARC-refinement@th0.2 B=20 s=2 C6_full_EVENT_MATERIALIZE negative barrier,PASS,negatives=2
ARC-refinement@th0.2 B=20 s=2 K0_naive_merge confirmed anchor,PASS,segments=0
ARC-refinement@th0.2 B=20 s=2 K0_naive_merge no NaN,PASS,segments=0
ARC-refinement@th0.2 B=20 s=2 K0_naive_merge nonnegative duration,PASS,segments=0
ARC-refinement@th0.2 B=20 s=2 K1_gap_limited confirmed anchor,PASS,segments=0
ARC-refinement@th0.2 B=20 s=2 K1_gap_limited no NaN,PASS,segments=0
ARC-refinement@th0.2 B=20 s=2 K1_gap_limited nonnegative duration,PASS,segments=0
ARC-refinement@th0.2 B=20 s=2 K2_gap_duration confirmed anchor,PASS,segments=0
ARC-refinement@th0.2 B=20 s=2 K2_gap_duration no NaN,PASS,segments=0
ARC-refinement@th0.2 B=20 s=2 K2_gap_duration nonnegative duration,PASS,segments=0
ARC-refinement@th0.2 B=20 s=2 K2_gap_duration duration cap,PASS,D_seg_max=60.0
ARC-refinement@th0.2 B=20 s=2 K3_gap_duration_negative_barrier confirmed anchor,PASS,segments=0
ARC-refinement@th0.2 B=20 s=2 K3_gap_duration_negative_barrier no NaN,PASS,segments=0
ARC-refinement@th0.2 B=20 s=2 K3_gap_duration_negative_barrier nonnegative duration,PASS,segments=0
ARC-refinement@th0.2 B=20 s=2 K3_gap_duration_negative_barrier duration cap,PASS,D_seg_max=60.0
ARC-refinement@th0.2 B=20 s=2 K3_gap_duration_negative_barrier negative barrier,PASS,negatives=2
ARC-refinement@th0.2 B=20 s=2 K4_gap_duration_negative_barrier_selected_expand confirmed anchor,PASS,segments=0
ARC-refinement@th0.2 B=20 s=2 K4_gap_duration_negative_barrier_selected_expand no NaN,PASS,segments=0
ARC-refinement@th0.2 B=20 s=2 K4_gap_duration_negative_barrier_selected_expand nonnegative duration,PASS,segments=0
ARC-refinement@th0.2 B=20 s=2 K4_gap_duration_negative_barrier_selected_expand duration cap,PASS,D_seg_max=60.0
ARC-refinement@th0.2 B=20 s=2 K4_gap_duration_negative_barrier_selected_expand negative barrier,PASS,negatives=2
ARC-refinement@th0.2 B=20 s=2 K4 expansion no unconfirmed seed,PASS,every segment contains queried positive anchor
ARC-refinement@th0.3 B=20 s=2 oracle order,PASS,calls=20
ARC-refinement@th0.3 B=20 s=2 calls <= budget,PASS,calls=20 budget=20
ARC-refinement@th0.3 B=20 s=2 C6_full_EVENT_MATERIALIZE confirmed anchor,PASS,segments=4
ARC-refinement@th0.3 B=20 s=2 C6_full_EVENT_MATERIALIZE no NaN,PASS,segments=4
ARC-refinement@th0.3 B=20 s=2 C6_full_EVENT_MATERIALIZE nonnegative duration,PASS,segments=4
ARC-refinement@th0.3 B=20 s=2 C6_full_EVENT_MATERIALIZE duration cap,PASS,D_seg_max=60.0
ARC-refinement@th0.3 B=20 s=2 C6_full_EVENT_MATERIALIZE negative barrier,PASS,negatives=16
ARC-refinement@th0.3 B=20 s=2 K0_naive_merge confirmed anchor,PASS,segments=1
ARC-refinement@th0.3 B=20 s=2 K0_naive_merge no NaN,PASS,segments=1
ARC-refinement@th0.3 B=20 s=2 K0_naive_merge nonnegative duration,PASS,segments=1
ARC-refinement@th0.3 B=20 s=2 K1_gap_limited confirmed anchor,PASS,segments=4
ARC-refinement@th0.3 B=20 s=2 K1_gap_limited no NaN,PASS,segments=4
ARC-refinement@th0.3 B=20 s=2 K1_gap_limited nonnegative duration,PASS,segments=4
ARC-refinement@th0.3 B=20 s=2 K2_gap_duration confirmed anchor,PASS,segments=4
ARC-refinement@th0.3 B=20 s=2 K2_gap_duration no NaN,PASS,segments=4
ARC-refinement@th0.3 B=20 s=2 K2_gap_duration nonnegative duration,PASS,segments=4
ARC-refinement@th0.3 B=20 s=2 K2_gap_duration duration cap,PASS,D_seg_max=60.0
ARC-refinement@th0.3 B=20 s=2 K3_gap_duration_negative_barrier confirmed anchor,PASS,segments=4
ARC-refinement@th0.3 B=20 s=2 K3_gap_duration_negative_barrier no NaN,PASS,segments=4
ARC-refinement@th0.3 B=20 s=2 K3_gap_duration_negative_barrier nonnegative duration,PASS,segments=4
ARC-refinement@th0.3 B=20 s=2 K3_gap_duration_negative_barrier duration cap,PASS,D_seg_max=60.0
ARC-refinement@th0.3 B=20 s=2 K3_gap_duration_negative_barrier negative barrier,PASS,negatives=16
ARC-refinement@th0.3 B=20 s=2 K4_gap_duration_negative_barrier_selected_expand confirmed anchor,PASS,segments=4
ARC-refinement@th0.3 B=20 s=2 K4_gap_duration_negative_barrier_selected_expand no NaN,PASS,segments=4
ARC-refinement@th0.3 B=20 s=2 K4_gap_duration_negative_barrier_selected_expand nonnegative duration,PASS,segments=4
ARC-refinement@th0.3 B=20 s=2 K4_gap_duration_negative_barrier_selected_expand duration cap,PASS,D_seg_max=60.0
ARC-refinement@th0.3 B=20 s=2 K4_gap_duration_negative_barrier_selected_expand negative barrier,PASS,negatives=16
ARC-refinement@th0.3 B=20 s=2 K4 expansion no unconfirmed seed,PASS,every segment contains queried positive anchor
ARC-refinement@th0.4 B=20 s=2 oracle order,PASS,calls=20
ARC-refinement@th0.4 B=20 s=2 calls <= budget,PASS,calls=20 budget=20
ARC-refinement@th0.4 B=20 s=2 C6_full_EVENT_MATERIALIZE confirmed anchor,PASS,segments=5
ARC-refinement@th0.4 B=20 s=2 C6_full_EVENT_MATERIALIZE no NaN,PASS,segments=5
ARC-refinement@th0.4 B=20 s=2 C6_full_EVENT_MATERIALIZE nonnegative duration,PASS,segments=5
ARC-refinement@th0.4 B=20 s=2 C6_full_EVENT_MATERIALIZE duration cap,PASS,D_seg_max=60.0
ARC-refinement@th0.4 B=20 s=2 C6_full_EVENT_MATERIALIZE negative barrier,PASS,negatives=13
ARC-refinement@th0.4 B=20 s=2 K0_naive_merge confirmed anchor,PASS,segments=1
ARC-refinement@th0.4 B=20 s=2 K0_naive_merge no NaN,PASS,segments=1
ARC-refinement@th0.4 B=20 s=2 K0_naive_merge nonnegative duration,PASS,segments=1
ARC-refinement@th0.4 B=20 s=2 K1_gap_limited confirmed anchor,PASS,segments=5
ARC-refinement@th0.4 B=20 s=2 K1_gap_limited no NaN,PASS,segments=5
ARC-refinement@th0.4 B=20 s=2 K1_gap_limited nonnegative duration,PASS,segments=5
ARC-refinement@th0.4 B=20 s=2 K2_gap_duration confirmed anchor,PASS,segments=5
ARC-refinement@th0.4 B=20 s=2 K2_gap_duration no NaN,PASS,segments=5
ARC-refinement@th0.4 B=20 s=2 K2_gap_duration nonnegative duration,PASS,segments=5
ARC-refinement@th0.4 B=20 s=2 K2_gap_duration duration cap,PASS,D_seg_max=60.0
ARC-refinement@th0.4 B=20 s=2 K3_gap_duration_negative_barrier confirmed anchor,PASS,segments=5
ARC-refinement@th0.4 B=20 s=2 K3_gap_duration_negative_barrier no NaN,PASS,segments=5
ARC-refinement@th0.4 B=20 s=2 K3_gap_duration_negative_barrier nonnegative duration,PASS,segments=5
ARC-refinement@th0.4 B=20 s=2 K3_gap_duration_negative_barrier duration cap,PASS,D_seg_max=60.0
ARC-refinement@th0.4 B=20 s=2 K3_gap_duration_negative_barrier negative barrier,PASS,negatives=13
ARC-refinement@th0.4 B=20 s=2 K4_gap_duration_negative_barrier_selected_expand confirmed anchor,PASS,segments=5
ARC-refinement@th0.4 B=20 s=2 K4_gap_duration_negative_barrier_selected_expand no NaN,PASS,segments=5
ARC-refinement@th0.4 B=20 s=2 K4_gap_duration_negative_barrier_selected_expand nonnegative duration,PASS,segments=5
ARC-refinement@th0.4 B=20 s=2 K4_gap_duration_negative_barrier_selected_expand duration cap,PASS,D_seg_max=60.0
ARC-refinement@th0.4 B=20 s=2 K4_gap_duration_negative_barrier_selected_expand negative barrier,PASS,negatives=13
ARC-refinement@th0.4 B=20 s=2 K4 expansion no unconfirmed seed,PASS,every segment contains queried positive anchor
ARC-refinement@th0.5 B=20 s=2 oracle order,PASS,calls=6
ARC-refinement@th0.5 B=20 s=2 calls <= budget,PASS,calls=6 budget=20
ARC-refinement@th0.5 B=20 s=2 C6_full_EVENT_MATERIALIZE confirmed anchor,PASS,segments=1
ARC-refinement@th0.5 B=20 s=2 C6_full_EVENT_MATERIALIZE no NaN,PASS,segments=1
ARC-refinement@th0.5 B=20 s=2 C6_full_EVENT_MATERIALIZE nonnegative duration,PASS,segments=1
ARC-refinement@th0.5 B=20 s=2 C6_full_EVENT_MATERIALIZE duration cap,PASS,D_seg_max=60.0
ARC-refinement@th0.5 B=20 s=2 C6_full_EVENT_MATERIALIZE negative barrier,PASS,negatives=2
ARC-refinement@th0.5 B=20 s=2 K0_naive_merge confirmed anchor,PASS,segments=1
ARC-refinement@th0.5 B=20 s=2 K0_naive_merge no NaN,PASS,segments=1
ARC-refinement@th0.5 B=20 s=2 K0_naive_merge nonnegative duration,PASS,segments=1
ARC-refinement@th0.5 B=20 s=2 K1_gap_limited confirmed anchor,PASS,segments=1
ARC-refinement@th0.5 B=20 s=2 K1_gap_limited no NaN,PASS,segments=1
ARC-refinement@th0.5 B=20 s=2 K1_gap_limited nonnegative duration,PASS,segments=1
ARC-refinement@th0.5 B=20 s=2 K2_gap_duration confirmed anchor,PASS,segments=1
ARC-refinement@th0.5 B=20 s=2 K2_gap_duration no NaN,PASS,segments=1
ARC-refinement@th0.5 B=20 s=2 K2_gap_duration nonnegative duration,PASS,segments=1
ARC-refinement@th0.5 B=20 s=2 K2_gap_duration duration cap,PASS,D_seg_max=60.0
ARC-refinement@th0.5 B=20 s=2 K3_gap_duration_negative_barrier confirmed anchor,PASS,segments=1
ARC-refinement@th0.5 B=20 s=2 K3_gap_duration_negative_barrier no NaN,PASS,segments=1
ARC-refinement@th0.5 B=20 s=2 K3_gap_duration_negative_barrier nonnegative duration,PASS,segments=1
ARC-refinement@th0.5 B=20 s=2 K3_gap_duration_negative_barrier duration cap,PASS,D_seg_max=60.0
ARC-refinement@th0.5 B=20 s=2 K3_gap_duration_negative_barrier negative barrier,PASS,negatives=2
ARC-refinement@th0.5 B=20 s=2 K4_gap_duration_negative_barrier_selected_expand confirmed anchor,PASS,segments=1
ARC-refinement@th0.5 B=20 s=2 K4_gap_duration_negative_barrier_selected_expand no NaN,PASS,segments=1
ARC-refinement@th0.5 B=20 s=2 K4_gap_duration_negative_barrier_selected_expand nonnegative duration,PASS,segments=1
ARC-refinement@th0.5 B=20 s=2 K4_gap_duration_negative_barrier_selected_expand duration cap,PASS,D_seg_max=60.0
ARC-refinement@th0.5 B=20 s=2 K4_gap_duration_negative_barrier_selected_expand negative barrier,PASS,negatives=2
ARC-refinement@th0.5 B=20 s=2 K4 expansion no unconfirmed seed,PASS,every segment contains queried positive anchor
ARC-refinement@th0.1 B=20 s=3 oracle order,PASS,calls=0
ARC-refinement@th0.1 B=20 s=3 calls <= budget,PASS,calls=0 budget=20
ARC-refinement@th0.1 B=20 s=3 C6_full_EVENT_MATERIALIZE confirmed anchor,PASS,segments=0
ARC-refinement@th0.1 B=20 s=3 C6_full_EVENT_MATERIALIZE no NaN,PASS,segments=0
ARC-refinement@th0.1 B=20 s=3 C6_full_EVENT_MATERIALIZE nonnegative duration,PASS,segments=0
ARC-refinement@th0.1 B=20 s=3 C6_full_EVENT_MATERIALIZE duration cap,PASS,D_seg_max=60.0
ARC-refinement@th0.1 B=20 s=3 C6_full_EVENT_MATERIALIZE negative barrier,PASS,negatives=0
ARC-refinement@th0.1 B=20 s=3 K0_naive_merge confirmed anchor,PASS,segments=0
ARC-refinement@th0.1 B=20 s=3 K0_naive_merge no NaN,PASS,segments=0
ARC-refinement@th0.1 B=20 s=3 K0_naive_merge nonnegative duration,PASS,segments=0
ARC-refinement@th0.1 B=20 s=3 K1_gap_limited confirmed anchor,PASS,segments=0
ARC-refinement@th0.1 B=20 s=3 K1_gap_limited no NaN,PASS,segments=0
ARC-refinement@th0.1 B=20 s=3 K1_gap_limited nonnegative duration,PASS,segments=0
ARC-refinement@th0.1 B=20 s=3 K2_gap_duration confirmed anchor,PASS,segments=0
ARC-refinement@th0.1 B=20 s=3 K2_gap_duration no NaN,PASS,segments=0
ARC-refinement@th0.1 B=20 s=3 K2_gap_duration nonnegative duration,PASS,segments=0
ARC-refinement@th0.1 B=20 s=3 K2_gap_duration duration cap,PASS,D_seg_max=60.0
ARC-refinement@th0.1 B=20 s=3 K3_gap_duration_negative_barrier confirmed anchor,PASS,segments=0
ARC-refinement@th0.1 B=20 s=3 K3_gap_duration_negative_barrier no NaN,PASS,segments=0
ARC-refinement@th0.1 B=20 s=3 K3_gap_duration_negative_barrier nonnegative duration,PASS,segments=0
ARC-refinement@th0.1 B=20 s=3 K3_gap_duration_negative_barrier duration cap,PASS,D_seg_max=60.0
ARC-refinement@th0.1 B=20 s=3 K3_gap_duration_negative_barrier negative barrier,PASS,negatives=0
ARC-refinement@th0.1 B=20 s=3 K4_gap_duration_negative_barrier_selected_expand confirmed anchor,PASS,segments=0
ARC-refinement@th0.1 B=20 s=3 K4_gap_duration_negative_barrier_selected_expand no NaN,PASS,segments=0
ARC-refinement@th0.1 B=20 s=3 K4_gap_duration_negative_barrier_selected_expand nonnegative duration,PASS,segments=0
ARC-refinement@th0.1 B=20 s=3 K4_gap_duration_negative_barrier_selected_expand duration cap,PASS,D_seg_max=60.0
ARC-refinement@th0.1 B=20 s=3 K4_gap_duration_negative_barrier_selected_expand negative barrier,PASS,negatives=0
ARC-refinement@th0.1 B=20 s=3 K4 expansion no unconfirmed seed,PASS,every segment contains queried positive anchor
ARC-refinement@th0.2 B=20 s=3 oracle order,PASS,calls=0
ARC-refinement@th0.2 B=20 s=3 calls <= budget,PASS,calls=0 budget=20
ARC-refinement@th0.2 B=20 s=3 C6_full_EVENT_MATERIALIZE confirmed anchor,PASS,segments=0
ARC-refinement@th0.2 B=20 s=3 C6_full_EVENT_MATERIALIZE no NaN,PASS,segments=0
ARC-refinement@th0.2 B=20 s=3 C6_full_EVENT_MATERIALIZE nonnegative duration,PASS,segments=0
ARC-refinement@th0.2 B=20 s=3 C6_full_EVENT_MATERIALIZE duration cap,PASS,D_seg_max=60.0
ARC-refinement@th0.2 B=20 s=3 C6_full_EVENT_MATERIALIZE negative barrier,PASS,negatives=0
ARC-refinement@th0.2 B=20 s=3 K0_naive_merge confirmed anchor,PASS,segments=0
ARC-refinement@th0.2 B=20 s=3 K0_naive_merge no NaN,PASS,segments=0
ARC-refinement@th0.2 B=20 s=3 K0_naive_merge nonnegative duration,PASS,segments=0
ARC-refinement@th0.2 B=20 s=3 K1_gap_limited confirmed anchor,PASS,segments=0
ARC-refinement@th0.2 B=20 s=3 K1_gap_limited no NaN,PASS,segments=0
ARC-refinement@th0.2 B=20 s=3 K1_gap_limited nonnegative duration,PASS,segments=0
ARC-refinement@th0.2 B=20 s=3 K2_gap_duration confirmed anchor,PASS,segments=0
ARC-refinement@th0.2 B=20 s=3 K2_gap_duration no NaN,PASS,segments=0
ARC-refinement@th0.2 B=20 s=3 K2_gap_duration nonnegative duration,PASS,segments=0
ARC-refinement@th0.2 B=20 s=3 K2_gap_duration duration cap,PASS,D_seg_max=60.0
ARC-refinement@th0.2 B=20 s=3 K3_gap_duration_negative_barrier confirmed anchor,PASS,segments=0
ARC-refinement@th0.2 B=20 s=3 K3_gap_duration_negative_barrier no NaN,PASS,segments=0
ARC-refinement@th0.2 B=20 s=3 K3_gap_duration_negative_barrier nonnegative duration,PASS,segments=0
ARC-refinement@th0.2 B=20 s=3 K3_gap_duration_negative_barrier duration cap,PASS,D_seg_max=60.0
ARC-refinement@th0.2 B=20 s=3 K3_gap_duration_negative_barrier negative barrier,PASS,negatives=0
ARC-refinement@th0.2 B=20 s=3 K4_gap_duration_negative_barrier_selected_expand confirmed anchor,PASS,segments=0
ARC-refinement@th0.2 B=20 s=3 K4_gap_duration_negative_barrier_selected_expand no NaN,PASS,segments=0
ARC-refinement@th0.2 B=20 s=3 K4_gap_duration_negative_barrier_selected_expand nonnegative duration,PASS,segments=0
ARC-refinement@th0.2 B=20 s=3 K4_gap_duration_negative_barrier_selected_expand duration cap,PASS,D_seg_max=60.0
ARC-refinement@th0.2 B=20 s=3 K4_gap_duration_negative_barrier_selected_expand negative barrier,PASS,negatives=0
ARC-refinement@th0.2 B=20 s=3 K4 expansion no unconfirmed seed,PASS,every segment contains queried positive anchor
ARC-refinement@th0.3 B=20 s=3 oracle order,PASS,calls=20
ARC-refinement@th0.3 B=20 s=3 calls <= budget,PASS,calls=20 budget=20
ARC-refinement@th0.3 B=20 s=3 C6_full_EVENT_MATERIALIZE confirmed anchor,PASS,segments=2
ARC-refinement@th0.3 B=20 s=3 C6_full_EVENT_MATERIALIZE no NaN,PASS,segments=2
ARC-refinement@th0.3 B=20 s=3 C6_full_EVENT_MATERIALIZE nonnegative duration,PASS,segments=2
ARC-refinement@th0.3 B=20 s=3 C6_full_EVENT_MATERIALIZE duration cap,PASS,D_seg_max=60.0
ARC-refinement@th0.3 B=20 s=3 C6_full_EVENT_MATERIALIZE negative barrier,PASS,negatives=18
ARC-refinement@th0.3 B=20 s=3 K0_naive_merge confirmed anchor,PASS,segments=1
ARC-refinement@th0.3 B=20 s=3 K0_naive_merge no NaN,PASS,segments=1
ARC-refinement@th0.3 B=20 s=3 K0_naive_merge nonnegative duration,PASS,segments=1
ARC-refinement@th0.3 B=20 s=3 K1_gap_limited confirmed anchor,PASS,segments=2
ARC-refinement@th0.3 B=20 s=3 K1_gap_limited no NaN,PASS,segments=2
ARC-refinement@th0.3 B=20 s=3 K1_gap_limited nonnegative duration,PASS,segments=2
ARC-refinement@th0.3 B=20 s=3 K2_gap_duration confirmed anchor,PASS,segments=2
ARC-refinement@th0.3 B=20 s=3 K2_gap_duration no NaN,PASS,segments=2
ARC-refinement@th0.3 B=20 s=3 K2_gap_duration nonnegative duration,PASS,segments=2
ARC-refinement@th0.3 B=20 s=3 K2_gap_duration duration cap,PASS,D_seg_max=60.0
ARC-refinement@th0.3 B=20 s=3 K3_gap_duration_negative_barrier confirmed anchor,PASS,segments=2
ARC-refinement@th0.3 B=20 s=3 K3_gap_duration_negative_barrier no NaN,PASS,segments=2
ARC-refinement@th0.3 B=20 s=3 K3_gap_duration_negative_barrier nonnegative duration,PASS,segments=2
ARC-refinement@th0.3 B=20 s=3 K3_gap_duration_negative_barrier duration cap,PASS,D_seg_max=60.0
ARC-refinement@th0.3 B=20 s=3 K3_gap_duration_negative_barrier negative barrier,PASS,negatives=18
ARC-refinement@th0.3 B=20 s=3 K4_gap_duration_negative_barrier_selected_expand confirmed anchor,PASS,segments=2
ARC-refinement@th0.3 B=20 s=3 K4_gap_duration_negative_barrier_selected_expand no NaN,PASS,segments=2
ARC-refinement@th0.3 B=20 s=3 K4_gap_duration_negative_barrier_selected_expand nonnegative duration,PASS,segments=2
ARC-refinement@th0.3 B=20 s=3 K4_gap_duration_negative_barrier_selected_expand duration cap,PASS,D_seg_max=60.0
ARC-refinement@th0.3 B=20 s=3 K4_gap_duration_negative_barrier_selected_expand negative barrier,PASS,negatives=18
ARC-refinement@th0.3 B=20 s=3 K4 expansion no unconfirmed seed,PASS,every segment contains queried positive anchor
ARC-refinement@th0.4 B=20 s=3 oracle order,PASS,calls=20
ARC-refinement@th0.4 B=20 s=3 calls <= budget,PASS,calls=20 budget=20
ARC-refinement@th0.4 B=20 s=3 C6_full_EVENT_MATERIALIZE confirmed anchor,PASS,segments=3
ARC-refinement@th0.4 B=20 s=3 C6_full_EVENT_MATERIALIZE no NaN,PASS,segments=3
ARC-refinement@th0.4 B=20 s=3 C6_full_EVENT_MATERIALIZE nonnegative duration,PASS,segments=3
ARC-refinement@th0.4 B=20 s=3 C6_full_EVENT_MATERIALIZE duration cap,PASS,D_seg_max=60.0
ARC-refinement@th0.4 B=20 s=3 C6_full_EVENT_MATERIALIZE negative barrier,PASS,negatives=17
ARC-refinement@th0.4 B=20 s=3 K0_naive_merge confirmed anchor,PASS,segments=1
ARC-refinement@th0.4 B=20 s=3 K0_naive_merge no NaN,PASS,segments=1
ARC-refinement@th0.4 B=20 s=3 K0_naive_merge nonnegative duration,PASS,segments=1
ARC-refinement@th0.4 B=20 s=3 K1_gap_limited confirmed anchor,PASS,segments=3
ARC-refinement@th0.4 B=20 s=3 K1_gap_limited no NaN,PASS,segments=3
ARC-refinement@th0.4 B=20 s=3 K1_gap_limited nonnegative duration,PASS,segments=3
ARC-refinement@th0.4 B=20 s=3 K2_gap_duration confirmed anchor,PASS,segments=3
ARC-refinement@th0.4 B=20 s=3 K2_gap_duration no NaN,PASS,segments=3
ARC-refinement@th0.4 B=20 s=3 K2_gap_duration nonnegative duration,PASS,segments=3
ARC-refinement@th0.4 B=20 s=3 K2_gap_duration duration cap,PASS,D_seg_max=60.0
ARC-refinement@th0.4 B=20 s=3 K3_gap_duration_negative_barrier confirmed anchor,PASS,segments=3
ARC-refinement@th0.4 B=20 s=3 K3_gap_duration_negative_barrier no NaN,PASS,segments=3
ARC-refinement@th0.4 B=20 s=3 K3_gap_duration_negative_barrier nonnegative duration,PASS,segments=3
ARC-refinement@th0.4 B=20 s=3 K3_gap_duration_negative_barrier duration cap,PASS,D_seg_max=60.0
ARC-refinement@th0.4 B=20 s=3 K3_gap_duration_negative_barrier negative barrier,PASS,negatives=17
ARC-refinement@th0.4 B=20 s=3 K4_gap_duration_negative_barrier_selected_expand confirmed anchor,PASS,segments=3
ARC-refinement@th0.4 B=20 s=3 K4_gap_duration_negative_barrier_selected_expand no NaN,PASS,segments=3
ARC-refinement@th0.4 B=20 s=3 K4_gap_duration_negative_barrier_selected_expand nonnegative duration,PASS,segments=3
ARC-refinement@th0.4 B=20 s=3 K4_gap_duration_negative_barrier_selected_expand duration cap,PASS,D_seg_max=60.0
ARC-refinement@th0.4 B=20 s=3 K4_gap_duration_negative_barrier_selected_expand negative barrier,PASS,negatives=17
ARC-refinement@th0.4 B=20 s=3 K4 expansion no unconfirmed seed,PASS,every segment contains queried positive anchor
ARC-refinement@th0.5 B=20 s=3 oracle order,PASS,calls=8
ARC-refinement@th0.5 B=20 s=3 calls <= budget,PASS,calls=8 budget=20
ARC-refinement@th0.5 B=20 s=3 C6_full_EVENT_MATERIALIZE confirmed anchor,PASS,segments=1
ARC-refinement@th0.5 B=20 s=3 C6_full_EVENT_MATERIALIZE no NaN,PASS,segments=1
ARC-refinement@th0.5 B=20 s=3 C6_full_EVENT_MATERIALIZE nonnegative duration,PASS,segments=1
ARC-refinement@th0.5 B=20 s=3 C6_full_EVENT_MATERIALIZE duration cap,PASS,D_seg_max=60.0
ARC-refinement@th0.5 B=20 s=3 C6_full_EVENT_MATERIALIZE negative barrier,PASS,negatives=4
ARC-refinement@th0.5 B=20 s=3 K0_naive_merge confirmed anchor,PASS,segments=1
ARC-refinement@th0.5 B=20 s=3 K0_naive_merge no NaN,PASS,segments=1
ARC-refinement@th0.5 B=20 s=3 K0_naive_merge nonnegative duration,PASS,segments=1
ARC-refinement@th0.5 B=20 s=3 K1_gap_limited confirmed anchor,PASS,segments=1
ARC-refinement@th0.5 B=20 s=3 K1_gap_limited no NaN,PASS,segments=1
ARC-refinement@th0.5 B=20 s=3 K1_gap_limited nonnegative duration,PASS,segments=1
ARC-refinement@th0.5 B=20 s=3 K2_gap_duration confirmed anchor,PASS,segments=1
ARC-refinement@th0.5 B=20 s=3 K2_gap_duration no NaN,PASS,segments=1
ARC-refinement@th0.5 B=20 s=3 K2_gap_duration nonnegative duration,PASS,segments=1
ARC-refinement@th0.5 B=20 s=3 K2_gap_duration duration cap,PASS,D_seg_max=60.0
ARC-refinement@th0.5 B=20 s=3 K3_gap_duration_negative_barrier confirmed anchor,PASS,segments=1
ARC-refinement@th0.5 B=20 s=3 K3_gap_duration_negative_barrier no NaN,PASS,segments=1
ARC-refinement@th0.5 B=20 s=3 K3_gap_duration_negative_barrier nonnegative duration,PASS,segments=1
ARC-refinement@th0.5 B=20 s=3 K3_gap_duration_negative_barrier duration cap,PASS,D_seg_max=60.0
ARC-refinement@th0.5 B=20 s=3 K3_gap_duration_negative_barrier negative barrier,PASS,negatives=4
ARC-refinement@th0.5 B=20 s=3 K4_gap_duration_negative_barrier_selected_expand confirmed anchor,PASS,segments=1
ARC-refinement@th0.5 B=20 s=3 K4_gap_duration_negative_barrier_selected_expand no NaN,PASS,segments=1
ARC-refinement@th0.5 B=20 s=3 K4_gap_duration_negative_barrier_selected_expand nonnegative duration,PASS,segments=1
ARC-refinement@th0.5 B=20 s=3 K4_gap_duration_negative_barrier_selected_expand duration cap,PASS,D_seg_max=60.0
ARC-refinement@th0.5 B=20 s=3 K4_gap_duration_negative_barrier_selected_expand negative barrier,PASS,negatives=4
ARC-refinement@th0.5 B=20 s=3 K4 expansion no unconfirmed seed,PASS,every segment contains queried positive anchor
ARC-refinement@th0.1 B=20 s=4 oracle order,PASS,calls=0
ARC-refinement@th0.1 B=20 s=4 calls <= budget,PASS,calls=0 budget=20
ARC-refinement@th0.1 B=20 s=4 C6_full_EVENT_MATERIALIZE confirmed anchor,PASS,segments=0
ARC-refinement@th0.1 B=20 s=4 C6_full_EVENT_MATERIALIZE no NaN,PASS,segments=0
ARC-refinement@th0.1 B=20 s=4 C6_full_EVENT_MATERIALIZE nonnegative duration,PASS,segments=0
ARC-refinement@th0.1 B=20 s=4 C6_full_EVENT_MATERIALIZE duration cap,PASS,D_seg_max=60.0
ARC-refinement@th0.1 B=20 s=4 C6_full_EVENT_MATERIALIZE negative barrier,PASS,negatives=0
ARC-refinement@th0.1 B=20 s=4 K0_naive_merge confirmed anchor,PASS,segments=0
ARC-refinement@th0.1 B=20 s=4 K0_naive_merge no NaN,PASS,segments=0
ARC-refinement@th0.1 B=20 s=4 K0_naive_merge nonnegative duration,PASS,segments=0
ARC-refinement@th0.1 B=20 s=4 K1_gap_limited confirmed anchor,PASS,segments=0
ARC-refinement@th0.1 B=20 s=4 K1_gap_limited no NaN,PASS,segments=0
ARC-refinement@th0.1 B=20 s=4 K1_gap_limited nonnegative duration,PASS,segments=0
ARC-refinement@th0.1 B=20 s=4 K2_gap_duration confirmed anchor,PASS,segments=0
ARC-refinement@th0.1 B=20 s=4 K2_gap_duration no NaN,PASS,segments=0
ARC-refinement@th0.1 B=20 s=4 K2_gap_duration nonnegative duration,PASS,segments=0
ARC-refinement@th0.1 B=20 s=4 K2_gap_duration duration cap,PASS,D_seg_max=60.0
ARC-refinement@th0.1 B=20 s=4 K3_gap_duration_negative_barrier confirmed anchor,PASS,segments=0
ARC-refinement@th0.1 B=20 s=4 K3_gap_duration_negative_barrier no NaN,PASS,segments=0
ARC-refinement@th0.1 B=20 s=4 K3_gap_duration_negative_barrier nonnegative duration,PASS,segments=0
ARC-refinement@th0.1 B=20 s=4 K3_gap_duration_negative_barrier duration cap,PASS,D_seg_max=60.0
ARC-refinement@th0.1 B=20 s=4 K3_gap_duration_negative_barrier negative barrier,PASS,negatives=0
ARC-refinement@th0.1 B=20 s=4 K4_gap_duration_negative_barrier_selected_expand confirmed anchor,PASS,segments=0
ARC-refinement@th0.1 B=20 s=4 K4_gap_duration_negative_barrier_selected_expand no NaN,PASS,segments=0
ARC-refinement@th0.1 B=20 s=4 K4_gap_duration_negative_barrier_selected_expand nonnegative duration,PASS,segments=0
ARC-refinement@th0.1 B=20 s=4 K4_gap_duration_negative_barrier_selected_expand duration cap,PASS,D_seg_max=60.0
ARC-refinement@th0.1 B=20 s=4 K4_gap_duration_negative_barrier_selected_expand negative barrier,PASS,negatives=0
ARC-refinement@th0.1 B=20 s=4 K4 expansion no unconfirmed seed,PASS,every segment contains queried positive anchor
ARC-refinement@th0.2 B=20 s=4 oracle order,PASS,calls=0
ARC-refinement@th0.2 B=20 s=4 calls <= budget,PASS,calls=0 budget=20
ARC-refinement@th0.2 B=20 s=4 C6_full_EVENT_MATERIALIZE confirmed anchor,PASS,segments=0
ARC-refinement@th0.2 B=20 s=4 C6_full_EVENT_MATERIALIZE no NaN,PASS,segments=0
ARC-refinement@th0.2 B=20 s=4 C6_full_EVENT_MATERIALIZE nonnegative duration,PASS,segments=0
ARC-refinement@th0.2 B=20 s=4 C6_full_EVENT_MATERIALIZE duration cap,PASS,D_seg_max=60.0
ARC-refinement@th0.2 B=20 s=4 C6_full_EVENT_MATERIALIZE negative barrier,PASS,negatives=0
ARC-refinement@th0.2 B=20 s=4 K0_naive_merge confirmed anchor,PASS,segments=0
ARC-refinement@th0.2 B=20 s=4 K0_naive_merge no NaN,PASS,segments=0
ARC-refinement@th0.2 B=20 s=4 K0_naive_merge nonnegative duration,PASS,segments=0
ARC-refinement@th0.2 B=20 s=4 K1_gap_limited confirmed anchor,PASS,segments=0
ARC-refinement@th0.2 B=20 s=4 K1_gap_limited no NaN,PASS,segments=0
ARC-refinement@th0.2 B=20 s=4 K1_gap_limited nonnegative duration,PASS,segments=0
ARC-refinement@th0.2 B=20 s=4 K2_gap_duration confirmed anchor,PASS,segments=0
ARC-refinement@th0.2 B=20 s=4 K2_gap_duration no NaN,PASS,segments=0
ARC-refinement@th0.2 B=20 s=4 K2_gap_duration nonnegative duration,PASS,segments=0
ARC-refinement@th0.2 B=20 s=4 K2_gap_duration duration cap,PASS,D_seg_max=60.0
ARC-refinement@th0.2 B=20 s=4 K3_gap_duration_negative_barrier confirmed anchor,PASS,segments=0
ARC-refinement@th0.2 B=20 s=4 K3_gap_duration_negative_barrier no NaN,PASS,segments=0
ARC-refinement@th0.2 B=20 s=4 K3_gap_duration_negative_barrier nonnegative duration,PASS,segments=0
ARC-refinement@th0.2 B=20 s=4 K3_gap_duration_negative_barrier duration cap,PASS,D_seg_max=60.0
ARC-refinement@th0.2 B=20 s=4 K3_gap_duration_negative_barrier negative barrier,PASS,negatives=0
ARC-refinement@th0.2 B=20 s=4 K4_gap_duration_negative_barrier_selected_expand confirmed anchor,PASS,segments=0
ARC-refinement@th0.2 B=20 s=4 K4_gap_duration_negative_barrier_selected_expand no NaN,PASS,segments=0
ARC-refinement@th0.2 B=20 s=4 K4_gap_duration_negative_barrier_selected_expand nonnegative duration,PASS,segments=0
ARC-refinement@th0.2 B=20 s=4 K4_gap_duration_negative_barrier_selected_expand duration cap,PASS,D_seg_max=60.0
ARC-refinement@th0.2 B=20 s=4 K4_gap_duration_negative_barrier_selected_expand negative barrier,PASS,negatives=0
ARC-refinement@th0.2 B=20 s=4 K4 expansion no unconfirmed seed,PASS,every segment contains queried positive anchor
ARC-refinement@th0.3 B=20 s=4 oracle order,PASS,calls=20
ARC-refinement@th0.3 B=20 s=4 calls <= budget,PASS,calls=20 budget=20
ARC-refinement@th0.3 B=20 s=4 C6_full_EVENT_MATERIALIZE confirmed anchor,PASS,segments=2
ARC-refinement@th0.3 B=20 s=4 C6_full_EVENT_MATERIALIZE no NaN,PASS,segments=2
ARC-refinement@th0.3 B=20 s=4 C6_full_EVENT_MATERIALIZE nonnegative duration,PASS,segments=2
ARC-refinement@th0.3 B=20 s=4 C6_full_EVENT_MATERIALIZE duration cap,PASS,D_seg_max=60.0
ARC-refinement@th0.3 B=20 s=4 C6_full_EVENT_MATERIALIZE negative barrier,PASS,negatives=18
ARC-refinement@th0.3 B=20 s=4 K0_naive_merge confirmed anchor,PASS,segments=1
ARC-refinement@th0.3 B=20 s=4 K0_naive_merge no NaN,PASS,segments=1
ARC-refinement@th0.3 B=20 s=4 K0_naive_merge nonnegative duration,PASS,segments=1
ARC-refinement@th0.3 B=20 s=4 K1_gap_limited confirmed anchor,PASS,segments=2
ARC-refinement@th0.3 B=20 s=4 K1_gap_limited no NaN,PASS,segments=2
ARC-refinement@th0.3 B=20 s=4 K1_gap_limited nonnegative duration,PASS,segments=2
ARC-refinement@th0.3 B=20 s=4 K2_gap_duration confirmed anchor,PASS,segments=2
ARC-refinement@th0.3 B=20 s=4 K2_gap_duration no NaN,PASS,segments=2
ARC-refinement@th0.3 B=20 s=4 K2_gap_duration nonnegative duration,PASS,segments=2
ARC-refinement@th0.3 B=20 s=4 K2_gap_duration duration cap,PASS,D_seg_max=60.0
ARC-refinement@th0.3 B=20 s=4 K3_gap_duration_negative_barrier confirmed anchor,PASS,segments=2
ARC-refinement@th0.3 B=20 s=4 K3_gap_duration_negative_barrier no NaN,PASS,segments=2
ARC-refinement@th0.3 B=20 s=4 K3_gap_duration_negative_barrier nonnegative duration,PASS,segments=2
ARC-refinement@th0.3 B=20 s=4 K3_gap_duration_negative_barrier duration cap,PASS,D_seg_max=60.0
ARC-refinement@th0.3 B=20 s=4 K3_gap_duration_negative_barrier negative barrier,PASS,negatives=18
ARC-refinement@th0.3 B=20 s=4 K4_gap_duration_negative_barrier_selected_expand confirmed anchor,PASS,segments=2
ARC-refinement@th0.3 B=20 s=4 K4_gap_duration_negative_barrier_selected_expand no NaN,PASS,segments=2
ARC-refinement@th0.3 B=20 s=4 K4_gap_duration_negative_barrier_selected_expand nonnegative duration,PASS,segments=2
ARC-refinement@th0.3 B=20 s=4 K4_gap_duration_negative_barrier_selected_expand duration cap,PASS,D_seg_max=60.0
ARC-refinement@th0.3 B=20 s=4 K4_gap_duration_negative_barrier_selected_expand negative barrier,PASS,negatives=18
ARC-refinement@th0.3 B=20 s=4 K4 expansion no unconfirmed seed,PASS,every segment contains queried positive anchor
ARC-refinement@th0.4 B=20 s=4 oracle order,PASS,calls=20
ARC-refinement@th0.4 B=20 s=4 calls <= budget,PASS,calls=20 budget=20
ARC-refinement@th0.4 B=20 s=4 C6_full_EVENT_MATERIALIZE confirmed anchor,PASS,segments=4
ARC-refinement@th0.4 B=20 s=4 C6_full_EVENT_MATERIALIZE no NaN,PASS,segments=4
ARC-refinement@th0.4 B=20 s=4 C6_full_EVENT_MATERIALIZE nonnegative duration,PASS,segments=4
ARC-refinement@th0.4 B=20 s=4 C6_full_EVENT_MATERIALIZE duration cap,PASS,D_seg_max=60.0
ARC-refinement@th0.4 B=20 s=4 C6_full_EVENT_MATERIALIZE negative barrier,PASS,negatives=16
ARC-refinement@th0.4 B=20 s=4 K0_naive_merge confirmed anchor,PASS,segments=1
ARC-refinement@th0.4 B=20 s=4 K0_naive_merge no NaN,PASS,segments=1
ARC-refinement@th0.4 B=20 s=4 K0_naive_merge nonnegative duration,PASS,segments=1
ARC-refinement@th0.4 B=20 s=4 K1_gap_limited confirmed anchor,PASS,segments=4
ARC-refinement@th0.4 B=20 s=4 K1_gap_limited no NaN,PASS,segments=4
ARC-refinement@th0.4 B=20 s=4 K1_gap_limited nonnegative duration,PASS,segments=4
ARC-refinement@th0.4 B=20 s=4 K2_gap_duration confirmed anchor,PASS,segments=4
ARC-refinement@th0.4 B=20 s=4 K2_gap_duration no NaN,PASS,segments=4
ARC-refinement@th0.4 B=20 s=4 K2_gap_duration nonnegative duration,PASS,segments=4
ARC-refinement@th0.4 B=20 s=4 K2_gap_duration duration cap,PASS,D_seg_max=60.0
ARC-refinement@th0.4 B=20 s=4 K3_gap_duration_negative_barrier confirmed anchor,PASS,segments=4
ARC-refinement@th0.4 B=20 s=4 K3_gap_duration_negative_barrier no NaN,PASS,segments=4
ARC-refinement@th0.4 B=20 s=4 K3_gap_duration_negative_barrier nonnegative duration,PASS,segments=4
ARC-refinement@th0.4 B=20 s=4 K3_gap_duration_negative_barrier duration cap,PASS,D_seg_max=60.0
ARC-refinement@th0.4 B=20 s=4 K3_gap_duration_negative_barrier negative barrier,PASS,negatives=16
ARC-refinement@th0.4 B=20 s=4 K4_gap_duration_negative_barrier_selected_expand confirmed anchor,PASS,segments=4
ARC-refinement@th0.4 B=20 s=4 K4_gap_duration_negative_barrier_selected_expand no NaN,PASS,segments=4
ARC-refinement@th0.4 B=20 s=4 K4_gap_duration_negative_barrier_selected_expand nonnegative duration,PASS,segments=4
ARC-refinement@th0.4 B=20 s=4 K4_gap_duration_negative_barrier_selected_expand duration cap,PASS,D_seg_max=60.0
ARC-refinement@th0.4 B=20 s=4 K4_gap_duration_negative_barrier_selected_expand negative barrier,PASS,negatives=16
ARC-refinement@th0.4 B=20 s=4 K4 expansion no unconfirmed seed,PASS,every segment contains queried positive anchor
ARC-refinement@th0.5 B=20 s=4 oracle order,PASS,calls=20
ARC-refinement@th0.5 B=20 s=4 calls <= budget,PASS,calls=20 budget=20
ARC-refinement@th0.5 B=20 s=4 C6_full_EVENT_MATERIALIZE confirmed anchor,PASS,segments=3
ARC-refinement@th0.5 B=20 s=4 C6_full_EVENT_MATERIALIZE no NaN,PASS,segments=3
ARC-refinement@th0.5 B=20 s=4 C6_full_EVENT_MATERIALIZE nonnegative duration,PASS,segments=3
ARC-refinement@th0.5 B=20 s=4 C6_full_EVENT_MATERIALIZE duration cap,PASS,D_seg_max=60.0
ARC-refinement@th0.5 B=20 s=4 C6_full_EVENT_MATERIALIZE negative barrier,PASS,negatives=13
ARC-refinement@th0.5 B=20 s=4 K0_naive_merge confirmed anchor,PASS,segments=1
ARC-refinement@th0.5 B=20 s=4 K0_naive_merge no NaN,PASS,segments=1
ARC-refinement@th0.5 B=20 s=4 K0_naive_merge nonnegative duration,PASS,segments=1
ARC-refinement@th0.5 B=20 s=4 K1_gap_limited confirmed anchor,PASS,segments=2
ARC-refinement@th0.5 B=20 s=4 K1_gap_limited no NaN,PASS,segments=2
ARC-refinement@th0.5 B=20 s=4 K1_gap_limited nonnegative duration,PASS,segments=2
ARC-refinement@th0.5 B=20 s=4 K2_gap_duration confirmed anchor,PASS,segments=3
ARC-refinement@th0.5 B=20 s=4 K2_gap_duration no NaN,PASS,segments=3
ARC-refinement@th0.5 B=20 s=4 K2_gap_duration nonnegative duration,PASS,segments=3
ARC-refinement@th0.5 B=20 s=4 K2_gap_duration duration cap,PASS,D_seg_max=60.0
ARC-refinement@th0.5 B=20 s=4 K3_gap_duration_negative_barrier confirmed anchor,PASS,segments=3
ARC-refinement@th0.5 B=20 s=4 K3_gap_duration_negative_barrier no NaN,PASS,segments=3
ARC-refinement@th0.5 B=20 s=4 K3_gap_duration_negative_barrier nonnegative duration,PASS,segments=3
ARC-refinement@th0.5 B=20 s=4 K3_gap_duration_negative_barrier duration cap,PASS,D_seg_max=60.0
ARC-refinement@th0.5 B=20 s=4 K3_gap_duration_negative_barrier negative barrier,PASS,negatives=13
ARC-refinement@th0.5 B=20 s=4 K4_gap_duration_negative_barrier_selected_expand confirmed anchor,PASS,segments=3
ARC-refinement@th0.5 B=20 s=4 K4_gap_duration_negative_barrier_selected_expand no NaN,PASS,segments=3
ARC-refinement@th0.5 B=20 s=4 K4_gap_duration_negative_barrier_selected_expand nonnegative duration,PASS,segments=3
ARC-refinement@th0.5 B=20 s=4 K4_gap_duration_negative_barrier_selected_expand duration cap,PASS,D_seg_max=60.0
ARC-refinement@th0.5 B=20 s=4 K4_gap_duration_negative_barrier_selected_expand negative barrier,PASS,negatives=13
ARC-refinement@th0.5 B=20 s=4 K4 expansion no unconfirmed seed,PASS,every segment contains queried positive anchor
ARC-refinement@th0.1 B=50 s=0 oracle order,PASS,calls=0
ARC-refinement@th0.1 B=50 s=0 calls <= budget,PASS,calls=0 budget=50
ARC-refinement@th0.1 B=50 s=0 C6_full_EVENT_MATERIALIZE confirmed anchor,PASS,segments=0
ARC-refinement@th0.1 B=50 s=0 C6_full_EVENT_MATERIALIZE no NaN,PASS,segments=0
ARC-refinement@th0.1 B=50 s=0 C6_full_EVENT_MATERIALIZE nonnegative duration,PASS,segments=0
ARC-refinement@th0.1 B=50 s=0 C6_full_EVENT_MATERIALIZE duration cap,PASS,D_seg_max=60.0
ARC-refinement@th0.1 B=50 s=0 C6_full_EVENT_MATERIALIZE negative barrier,PASS,negatives=0
ARC-refinement@th0.1 B=50 s=0 K0_naive_merge confirmed anchor,PASS,segments=0
ARC-refinement@th0.1 B=50 s=0 K0_naive_merge no NaN,PASS,segments=0
ARC-refinement@th0.1 B=50 s=0 K0_naive_merge nonnegative duration,PASS,segments=0
ARC-refinement@th0.1 B=50 s=0 K1_gap_limited confirmed anchor,PASS,segments=0
ARC-refinement@th0.1 B=50 s=0 K1_gap_limited no NaN,PASS,segments=0
ARC-refinement@th0.1 B=50 s=0 K1_gap_limited nonnegative duration,PASS,segments=0
ARC-refinement@th0.1 B=50 s=0 K2_gap_duration confirmed anchor,PASS,segments=0
ARC-refinement@th0.1 B=50 s=0 K2_gap_duration no NaN,PASS,segments=0
ARC-refinement@th0.1 B=50 s=0 K2_gap_duration nonnegative duration,PASS,segments=0
ARC-refinement@th0.1 B=50 s=0 K2_gap_duration duration cap,PASS,D_seg_max=60.0
ARC-refinement@th0.1 B=50 s=0 K3_gap_duration_negative_barrier confirmed anchor,PASS,segments=0
ARC-refinement@th0.1 B=50 s=0 K3_gap_duration_negative_barrier no NaN,PASS,segments=0
ARC-refinement@th0.1 B=50 s=0 K3_gap_duration_negative_barrier nonnegative duration,PASS,segments=0
ARC-refinement@th0.1 B=50 s=0 K3_gap_duration_negative_barrier duration cap,PASS,D_seg_max=60.0
ARC-refinement@th0.1 B=50 s=0 K3_gap_duration_negative_barrier negative barrier,PASS,negatives=0
ARC-refinement@th0.1 B=50 s=0 K4_gap_duration_negative_barrier_selected_expand confirmed anchor,PASS,segments=0
ARC-refinement@th0.1 B=50 s=0 K4_gap_duration_negative_barrier_selected_expand no NaN,PASS,segments=0
ARC-refinement@th0.1 B=50 s=0 K4_gap_duration_negative_barrier_selected_expand nonnegative duration,PASS,segments=0
ARC-refinement@th0.1 B=50 s=0 K4_gap_duration_negative_barrier_selected_expand duration cap,PASS,D_seg_max=60.0
ARC-refinement@th0.1 B=50 s=0 K4_gap_duration_negative_barrier_selected_expand negative barrier,PASS,negatives=0
ARC-refinement@th0.1 B=50 s=0 K4 expansion no unconfirmed seed,PASS,every segment contains queried positive anchor
ARC-refinement@th0.2 B=50 s=0 oracle order,PASS,calls=0
ARC-refinement@th0.2 B=50 s=0 calls <= budget,PASS,calls=0 budget=50
ARC-refinement@th0.2 B=50 s=0 C6_full_EVENT_MATERIALIZE confirmed anchor,PASS,segments=0
ARC-refinement@th0.2 B=50 s=0 C6_full_EVENT_MATERIALIZE no NaN,PASS,segments=0
ARC-refinement@th0.2 B=50 s=0 C6_full_EVENT_MATERIALIZE nonnegative duration,PASS,segments=0
ARC-refinement@th0.2 B=50 s=0 C6_full_EVENT_MATERIALIZE duration cap,PASS,D_seg_max=60.0
ARC-refinement@th0.2 B=50 s=0 C6_full_EVENT_MATERIALIZE negative barrier,PASS,negatives=0
ARC-refinement@th0.2 B=50 s=0 K0_naive_merge confirmed anchor,PASS,segments=0
ARC-refinement@th0.2 B=50 s=0 K0_naive_merge no NaN,PASS,segments=0
ARC-refinement@th0.2 B=50 s=0 K0_naive_merge nonnegative duration,PASS,segments=0
ARC-refinement@th0.2 B=50 s=0 K1_gap_limited confirmed anchor,PASS,segments=0
ARC-refinement@th0.2 B=50 s=0 K1_gap_limited no NaN,PASS,segments=0
ARC-refinement@th0.2 B=50 s=0 K1_gap_limited nonnegative duration,PASS,segments=0
ARC-refinement@th0.2 B=50 s=0 K2_gap_duration confirmed anchor,PASS,segments=0
ARC-refinement@th0.2 B=50 s=0 K2_gap_duration no NaN,PASS,segments=0
ARC-refinement@th0.2 B=50 s=0 K2_gap_duration nonnegative duration,PASS,segments=0
ARC-refinement@th0.2 B=50 s=0 K2_gap_duration duration cap,PASS,D_seg_max=60.0
ARC-refinement@th0.2 B=50 s=0 K3_gap_duration_negative_barrier confirmed anchor,PASS,segments=0
ARC-refinement@th0.2 B=50 s=0 K3_gap_duration_negative_barrier no NaN,PASS,segments=0
ARC-refinement@th0.2 B=50 s=0 K3_gap_duration_negative_barrier nonnegative duration,PASS,segments=0
ARC-refinement@th0.2 B=50 s=0 K3_gap_duration_negative_barrier duration cap,PASS,D_seg_max=60.0
ARC-refinement@th0.2 B=50 s=0 K3_gap_duration_negative_barrier negative barrier,PASS,negatives=0
ARC-refinement@th0.2 B=50 s=0 K4_gap_duration_negative_barrier_selected_expand confirmed anchor,PASS,segments=0
ARC-refinement@th0.2 B=50 s=0 K4_gap_duration_negative_barrier_selected_expand no NaN,PASS,segments=0
ARC-refinement@th0.2 B=50 s=0 K4_gap_duration_negative_barrier_selected_expand nonnegative duration,PASS,segments=0
ARC-refinement@th0.2 B=50 s=0 K4_gap_duration_negative_barrier_selected_expand duration cap,PASS,D_seg_max=60.0
ARC-refinement@th0.2 B=50 s=0 K4_gap_duration_negative_barrier_selected_expand negative barrier,PASS,negatives=0
ARC-refinement@th0.2 B=50 s=0 K4 expansion no unconfirmed seed,PASS,every segment contains queried positive anchor
ARC-refinement@th0.3 B=50 s=0 oracle order,PASS,calls=44
ARC-refinement@th0.3 B=50 s=0 calls <= budget,PASS,calls=44 budget=50
ARC-refinement@th0.3 B=50 s=0 C6_full_EVENT_MATERIALIZE confirmed anchor,PASS,segments=5
ARC-refinement@th0.3 B=50 s=0 C6_full_EVENT_MATERIALIZE no NaN,PASS,segments=5
ARC-refinement@th0.3 B=50 s=0 C6_full_EVENT_MATERIALIZE nonnegative duration,PASS,segments=5
ARC-refinement@th0.3 B=50 s=0 C6_full_EVENT_MATERIALIZE duration cap,PASS,D_seg_max=60.0
ARC-refinement@th0.3 B=50 s=0 C6_full_EVENT_MATERIALIZE negative barrier,PASS,negatives=39
ARC-refinement@th0.3 B=50 s=0 K0_naive_merge confirmed anchor,PASS,segments=1
ARC-refinement@th0.3 B=50 s=0 K0_naive_merge no NaN,PASS,segments=1
ARC-refinement@th0.3 B=50 s=0 K0_naive_merge nonnegative duration,PASS,segments=1
ARC-refinement@th0.3 B=50 s=0 K1_gap_limited confirmed anchor,PASS,segments=5
ARC-refinement@th0.3 B=50 s=0 K1_gap_limited no NaN,PASS,segments=5
ARC-refinement@th0.3 B=50 s=0 K1_gap_limited nonnegative duration,PASS,segments=5
ARC-refinement@th0.3 B=50 s=0 K2_gap_duration confirmed anchor,PASS,segments=5
ARC-refinement@th0.3 B=50 s=0 K2_gap_duration no NaN,PASS,segments=5
ARC-refinement@th0.3 B=50 s=0 K2_gap_duration nonnegative duration,PASS,segments=5
ARC-refinement@th0.3 B=50 s=0 K2_gap_duration duration cap,PASS,D_seg_max=60.0
ARC-refinement@th0.3 B=50 s=0 K3_gap_duration_negative_barrier confirmed anchor,PASS,segments=5
ARC-refinement@th0.3 B=50 s=0 K3_gap_duration_negative_barrier no NaN,PASS,segments=5
ARC-refinement@th0.3 B=50 s=0 K3_gap_duration_negative_barrier nonnegative duration,PASS,segments=5
ARC-refinement@th0.3 B=50 s=0 K3_gap_duration_negative_barrier duration cap,PASS,D_seg_max=60.0
ARC-refinement@th0.3 B=50 s=0 K3_gap_duration_negative_barrier negative barrier,PASS,negatives=39
ARC-refinement@th0.3 B=50 s=0 K4_gap_duration_negative_barrier_selected_expand confirmed anchor,PASS,segments=5
ARC-refinement@th0.3 B=50 s=0 K4_gap_duration_negative_barrier_selected_expand no NaN,PASS,segments=5
ARC-refinement@th0.3 B=50 s=0 K4_gap_duration_negative_barrier_selected_expand nonnegative duration,PASS,segments=5
ARC-refinement@th0.3 B=50 s=0 K4_gap_duration_negative_barrier_selected_expand duration cap,PASS,D_seg_max=60.0
ARC-refinement@th0.3 B=50 s=0 K4_gap_duration_negative_barrier_selected_expand negative barrier,PASS,negatives=39
ARC-refinement@th0.3 B=50 s=0 K4 expansion no unconfirmed seed,PASS,every segment contains queried positive anchor
ARC-refinement@th0.4 B=50 s=0 oracle order,PASS,calls=50
ARC-refinement@th0.4 B=50 s=0 calls <= budget,PASS,calls=50 budget=50
ARC-refinement@th0.4 B=50 s=0 C6_full_EVENT_MATERIALIZE confirmed anchor,PASS,segments=13
ARC-refinement@th0.4 B=50 s=0 C6_full_EVENT_MATERIALIZE no NaN,PASS,segments=13
ARC-refinement@th0.4 B=50 s=0 C6_full_EVENT_MATERIALIZE nonnegative duration,PASS,segments=13
ARC-refinement@th0.4 B=50 s=0 C6_full_EVENT_MATERIALIZE duration cap,PASS,D_seg_max=60.0
ARC-refinement@th0.4 B=50 s=0 C6_full_EVENT_MATERIALIZE negative barrier,PASS,negatives=33
ARC-refinement@th0.4 B=50 s=0 K0_naive_merge confirmed anchor,PASS,segments=1
ARC-refinement@th0.4 B=50 s=0 K0_naive_merge no NaN,PASS,segments=1
ARC-refinement@th0.4 B=50 s=0 K0_naive_merge nonnegative duration,PASS,segments=1
ARC-refinement@th0.4 B=50 s=0 K1_gap_limited confirmed anchor,PASS,segments=9
ARC-refinement@th0.4 B=50 s=0 K1_gap_limited no NaN,PASS,segments=9
ARC-refinement@th0.4 B=50 s=0 K1_gap_limited nonnegative duration,PASS,segments=9
ARC-refinement@th0.4 B=50 s=0 K2_gap_duration confirmed anchor,PASS,segments=11
ARC-refinement@th0.4 B=50 s=0 K2_gap_duration no NaN,PASS,segments=11
ARC-refinement@th0.4 B=50 s=0 K2_gap_duration nonnegative duration,PASS,segments=11
ARC-refinement@th0.4 B=50 s=0 K2_gap_duration duration cap,PASS,D_seg_max=60.0
ARC-refinement@th0.4 B=50 s=0 K3_gap_duration_negative_barrier confirmed anchor,PASS,segments=13
ARC-refinement@th0.4 B=50 s=0 K3_gap_duration_negative_barrier no NaN,PASS,segments=13
ARC-refinement@th0.4 B=50 s=0 K3_gap_duration_negative_barrier nonnegative duration,PASS,segments=13
ARC-refinement@th0.4 B=50 s=0 K3_gap_duration_negative_barrier duration cap,PASS,D_seg_max=60.0
ARC-refinement@th0.4 B=50 s=0 K3_gap_duration_negative_barrier negative barrier,PASS,negatives=33
ARC-refinement@th0.4 B=50 s=0 K4_gap_duration_negative_barrier_selected_expand confirmed anchor,PASS,segments=13
ARC-refinement@th0.4 B=50 s=0 K4_gap_duration_negative_barrier_selected_expand no NaN,PASS,segments=13
ARC-refinement@th0.4 B=50 s=0 K4_gap_duration_negative_barrier_selected_expand nonnegative duration,PASS,segments=13
ARC-refinement@th0.4 B=50 s=0 K4_gap_duration_negative_barrier_selected_expand duration cap,PASS,D_seg_max=60.0
ARC-refinement@th0.4 B=50 s=0 K4_gap_duration_negative_barrier_selected_expand negative barrier,PASS,negatives=33
ARC-refinement@th0.4 B=50 s=0 K4 expansion no unconfirmed seed,PASS,every segment contains queried positive anchor
ARC-refinement@th0.5 B=50 s=0 oracle order,PASS,calls=50
ARC-refinement@th0.5 B=50 s=0 calls <= budget,PASS,calls=50 budget=50
ARC-refinement@th0.5 B=50 s=0 C6_full_EVENT_MATERIALIZE confirmed anchor,PASS,segments=9
ARC-refinement@th0.5 B=50 s=0 C6_full_EVENT_MATERIALIZE no NaN,PASS,segments=9
ARC-refinement@th0.5 B=50 s=0 C6_full_EVENT_MATERIALIZE nonnegative duration,PASS,segments=9
ARC-refinement@th0.5 B=50 s=0 C6_full_EVENT_MATERIALIZE duration cap,PASS,D_seg_max=60.0
ARC-refinement@th0.5 B=50 s=0 C6_full_EVENT_MATERIALIZE negative barrier,PASS,negatives=34
ARC-refinement@th0.5 B=50 s=0 K0_naive_merge confirmed anchor,PASS,segments=1
ARC-refinement@th0.5 B=50 s=0 K0_naive_merge no NaN,PASS,segments=1
ARC-refinement@th0.5 B=50 s=0 K0_naive_merge nonnegative duration,PASS,segments=1
ARC-refinement@th0.5 B=50 s=0 K1_gap_limited confirmed anchor,PASS,segments=6
ARC-refinement@th0.5 B=50 s=0 K1_gap_limited no NaN,PASS,segments=6
ARC-refinement@th0.5 B=50 s=0 K1_gap_limited nonnegative duration,PASS,segments=6
ARC-refinement@th0.5 B=50 s=0 K2_gap_duration confirmed anchor,PASS,segments=8
ARC-refinement@th0.5 B=50 s=0 K2_gap_duration no NaN,PASS,segments=8
ARC-refinement@th0.5 B=50 s=0 K2_gap_duration nonnegative duration,PASS,segments=8
ARC-refinement@th0.5 B=50 s=0 K2_gap_duration duration cap,PASS,D_seg_max=60.0
ARC-refinement@th0.5 B=50 s=0 K3_gap_duration_negative_barrier confirmed anchor,PASS,segments=9
ARC-refinement@th0.5 B=50 s=0 K3_gap_duration_negative_barrier no NaN,PASS,segments=9
ARC-refinement@th0.5 B=50 s=0 K3_gap_duration_negative_barrier nonnegative duration,PASS,segments=9
ARC-refinement@th0.5 B=50 s=0 K3_gap_duration_negative_barrier duration cap,PASS,D_seg_max=60.0
ARC-refinement@th0.5 B=50 s=0 K3_gap_duration_negative_barrier negative barrier,PASS,negatives=34
ARC-refinement@th0.5 B=50 s=0 K4_gap_duration_negative_barrier_selected_expand confirmed anchor,PASS,segments=9
ARC-refinement@th0.5 B=50 s=0 K4_gap_duration_negative_barrier_selected_expand no NaN,PASS,segments=9
ARC-refinement@th0.5 B=50 s=0 K4_gap_duration_negative_barrier_selected_expand nonnegative duration,PASS,segments=9
ARC-refinement@th0.5 B=50 s=0 K4_gap_duration_negative_barrier_selected_expand duration cap,PASS,D_seg_max=60.0
ARC-refinement@th0.5 B=50 s=0 K4_gap_duration_negative_barrier_selected_expand negative barrier,PASS,negatives=34
ARC-refinement@th0.5 B=50 s=0 K4 expansion no unconfirmed seed,PASS,every segment contains queried positive anchor
ARC-refinement@th0.1 B=50 s=1 oracle order,PASS,calls=1
ARC-refinement@th0.1 B=50 s=1 calls <= budget,PASS,calls=1 budget=50
ARC-refinement@th0.1 B=50 s=1 C6_full_EVENT_MATERIALIZE confirmed anchor,PASS,segments=1
ARC-refinement@th0.1 B=50 s=1 C6_full_EVENT_MATERIALIZE no NaN,PASS,segments=1
ARC-refinement@th0.1 B=50 s=1 C6_full_EVENT_MATERIALIZE nonnegative duration,PASS,segments=1
ARC-refinement@th0.1 B=50 s=1 C6_full_EVENT_MATERIALIZE duration cap,PASS,D_seg_max=60.0
ARC-refinement@th0.1 B=50 s=1 C6_full_EVENT_MATERIALIZE negative barrier,PASS,negatives=0
ARC-refinement@th0.1 B=50 s=1 K0_naive_merge confirmed anchor,PASS,segments=1
ARC-refinement@th0.1 B=50 s=1 K0_naive_merge no NaN,PASS,segments=1
ARC-refinement@th0.1 B=50 s=1 K0_naive_merge nonnegative duration,PASS,segments=1
ARC-refinement@th0.1 B=50 s=1 K1_gap_limited confirmed anchor,PASS,segments=1
ARC-refinement@th0.1 B=50 s=1 K1_gap_limited no NaN,PASS,segments=1
ARC-refinement@th0.1 B=50 s=1 K1_gap_limited nonnegative duration,PASS,segments=1
ARC-refinement@th0.1 B=50 s=1 K2_gap_duration confirmed anchor,PASS,segments=1
ARC-refinement@th0.1 B=50 s=1 K2_gap_duration no NaN,PASS,segments=1
ARC-refinement@th0.1 B=50 s=1 K2_gap_duration nonnegative duration,PASS,segments=1
ARC-refinement@th0.1 B=50 s=1 K2_gap_duration duration cap,PASS,D_seg_max=60.0
ARC-refinement@th0.1 B=50 s=1 K3_gap_duration_negative_barrier confirmed anchor,PASS,segments=1
ARC-refinement@th0.1 B=50 s=1 K3_gap_duration_negative_barrier no NaN,PASS,segments=1
ARC-refinement@th0.1 B=50 s=1 K3_gap_duration_negative_barrier nonnegative duration,PASS,segments=1
ARC-refinement@th0.1 B=50 s=1 K3_gap_duration_negative_barrier duration cap,PASS,D_seg_max=60.0
ARC-refinement@th0.1 B=50 s=1 K3_gap_duration_negative_barrier negative barrier,PASS,negatives=0
ARC-refinement@th0.1 B=50 s=1 K4_gap_duration_negative_barrier_selected_expand confirmed anchor,PASS,segments=1
ARC-refinement@th0.1 B=50 s=1 K4_gap_duration_negative_barrier_selected_expand no NaN,PASS,segments=1
ARC-refinement@th0.1 B=50 s=1 K4_gap_duration_negative_barrier_selected_expand nonnegative duration,PASS,segments=1
ARC-refinement@th0.1 B=50 s=1 K4_gap_duration_negative_barrier_selected_expand duration cap,PASS,D_seg_max=60.0
ARC-refinement@th0.1 B=50 s=1 K4_gap_duration_negative_barrier_selected_expand negative barrier,PASS,negatives=0
ARC-refinement@th0.1 B=50 s=1 K4 expansion no unconfirmed seed,PASS,every segment contains queried positive anchor
ARC-refinement@th0.2 B=50 s=1 oracle order,PASS,calls=1
ARC-refinement@th0.2 B=50 s=1 calls <= budget,PASS,calls=1 budget=50
ARC-refinement@th0.2 B=50 s=1 C6_full_EVENT_MATERIALIZE confirmed anchor,PASS,segments=0
ARC-refinement@th0.2 B=50 s=1 C6_full_EVENT_MATERIALIZE no NaN,PASS,segments=0
ARC-refinement@th0.2 B=50 s=1 C6_full_EVENT_MATERIALIZE nonnegative duration,PASS,segments=0
ARC-refinement@th0.2 B=50 s=1 C6_full_EVENT_MATERIALIZE duration cap,PASS,D_seg_max=60.0
ARC-refinement@th0.2 B=50 s=1 C6_full_EVENT_MATERIALIZE negative barrier,PASS,negatives=1
ARC-refinement@th0.2 B=50 s=1 K0_naive_merge confirmed anchor,PASS,segments=0
ARC-refinement@th0.2 B=50 s=1 K0_naive_merge no NaN,PASS,segments=0
ARC-refinement@th0.2 B=50 s=1 K0_naive_merge nonnegative duration,PASS,segments=0
ARC-refinement@th0.2 B=50 s=1 K1_gap_limited confirmed anchor,PASS,segments=0
ARC-refinement@th0.2 B=50 s=1 K1_gap_limited no NaN,PASS,segments=0
ARC-refinement@th0.2 B=50 s=1 K1_gap_limited nonnegative duration,PASS,segments=0
ARC-refinement@th0.2 B=50 s=1 K2_gap_duration confirmed anchor,PASS,segments=0
ARC-refinement@th0.2 B=50 s=1 K2_gap_duration no NaN,PASS,segments=0
ARC-refinement@th0.2 B=50 s=1 K2_gap_duration nonnegative duration,PASS,segments=0
ARC-refinement@th0.2 B=50 s=1 K2_gap_duration duration cap,PASS,D_seg_max=60.0
ARC-refinement@th0.2 B=50 s=1 K3_gap_duration_negative_barrier confirmed anchor,PASS,segments=0
ARC-refinement@th0.2 B=50 s=1 K3_gap_duration_negative_barrier no NaN,PASS,segments=0
ARC-refinement@th0.2 B=50 s=1 K3_gap_duration_negative_barrier nonnegative duration,PASS,segments=0
ARC-refinement@th0.2 B=50 s=1 K3_gap_duration_negative_barrier duration cap,PASS,D_seg_max=60.0
ARC-refinement@th0.2 B=50 s=1 K3_gap_duration_negative_barrier negative barrier,PASS,negatives=1
ARC-refinement@th0.2 B=50 s=1 K4_gap_duration_negative_barrier_selected_expand confirmed anchor,PASS,segments=0
ARC-refinement@th0.2 B=50 s=1 K4_gap_duration_negative_barrier_selected_expand no NaN,PASS,segments=0
ARC-refinement@th0.2 B=50 s=1 K4_gap_duration_negative_barrier_selected_expand nonnegative duration,PASS,segments=0
ARC-refinement@th0.2 B=50 s=1 K4_gap_duration_negative_barrier_selected_expand duration cap,PASS,D_seg_max=60.0
ARC-refinement@th0.2 B=50 s=1 K4_gap_duration_negative_barrier_selected_expand negative barrier,PASS,negatives=1
ARC-refinement@th0.2 B=50 s=1 K4 expansion no unconfirmed seed,PASS,every segment contains queried positive anchor
ARC-refinement@th0.3 B=50 s=1 oracle order,PASS,calls=46
ARC-refinement@th0.3 B=50 s=1 calls <= budget,PASS,calls=46 budget=50
ARC-refinement@th0.3 B=50 s=1 C6_full_EVENT_MATERIALIZE confirmed anchor,PASS,segments=6
ARC-refinement@th0.3 B=50 s=1 C6_full_EVENT_MATERIALIZE no NaN,PASS,segments=6
ARC-refinement@th0.3 B=50 s=1 C6_full_EVENT_MATERIALIZE nonnegative duration,PASS,segments=6
ARC-refinement@th0.3 B=50 s=1 C6_full_EVENT_MATERIALIZE duration cap,PASS,D_seg_max=60.0
ARC-refinement@th0.3 B=50 s=1 C6_full_EVENT_MATERIALIZE negative barrier,PASS,negatives=38
ARC-refinement@th0.3 B=50 s=1 K0_naive_merge confirmed anchor,PASS,segments=1
ARC-refinement@th0.3 B=50 s=1 K0_naive_merge no NaN,PASS,segments=1
ARC-refinement@th0.3 B=50 s=1 K0_naive_merge nonnegative duration,PASS,segments=1
ARC-refinement@th0.3 B=50 s=1 K1_gap_limited confirmed anchor,PASS,segments=6
ARC-refinement@th0.3 B=50 s=1 K1_gap_limited no NaN,PASS,segments=6
ARC-refinement@th0.3 B=50 s=1 K1_gap_limited nonnegative duration,PASS,segments=6
ARC-refinement@th0.3 B=50 s=1 K2_gap_duration confirmed anchor,PASS,segments=6
ARC-refinement@th0.3 B=50 s=1 K2_gap_duration no NaN,PASS,segments=6
ARC-refinement@th0.3 B=50 s=1 K2_gap_duration nonnegative duration,PASS,segments=6
ARC-refinement@th0.3 B=50 s=1 K2_gap_duration duration cap,PASS,D_seg_max=60.0
ARC-refinement@th0.3 B=50 s=1 K3_gap_duration_negative_barrier confirmed anchor,PASS,segments=6
ARC-refinement@th0.3 B=50 s=1 K3_gap_duration_negative_barrier no NaN,PASS,segments=6
ARC-refinement@th0.3 B=50 s=1 K3_gap_duration_negative_barrier nonnegative duration,PASS,segments=6
ARC-refinement@th0.3 B=50 s=1 K3_gap_duration_negative_barrier duration cap,PASS,D_seg_max=60.0
ARC-refinement@th0.3 B=50 s=1 K3_gap_duration_negative_barrier negative barrier,PASS,negatives=38
ARC-refinement@th0.3 B=50 s=1 K4_gap_duration_negative_barrier_selected_expand confirmed anchor,PASS,segments=6
ARC-refinement@th0.3 B=50 s=1 K4_gap_duration_negative_barrier_selected_expand no NaN,PASS,segments=6
ARC-refinement@th0.3 B=50 s=1 K4_gap_duration_negative_barrier_selected_expand nonnegative duration,PASS,segments=6
ARC-refinement@th0.3 B=50 s=1 K4_gap_duration_negative_barrier_selected_expand duration cap,PASS,D_seg_max=60.0
ARC-refinement@th0.3 B=50 s=1 K4_gap_duration_negative_barrier_selected_expand negative barrier,PASS,negatives=38
ARC-refinement@th0.3 B=50 s=1 K4 expansion no unconfirmed seed,PASS,every segment contains queried positive anchor
ARC-refinement@th0.4 B=50 s=1 oracle order,PASS,calls=50
ARC-refinement@th0.4 B=50 s=1 calls <= budget,PASS,calls=50 budget=50
ARC-refinement@th0.4 B=50 s=1 C6_full_EVENT_MATERIALIZE confirmed anchor,PASS,segments=10
ARC-refinement@th0.4 B=50 s=1 C6_full_EVENT_MATERIALIZE no NaN,PASS,segments=10
ARC-refinement@th0.4 B=50 s=1 C6_full_EVENT_MATERIALIZE nonnegative duration,PASS,segments=10
ARC-refinement@th0.4 B=50 s=1 C6_full_EVENT_MATERIALIZE duration cap,PASS,D_seg_max=60.0
ARC-refinement@th0.4 B=50 s=1 C6_full_EVENT_MATERIALIZE negative barrier,PASS,negatives=35
ARC-refinement@th0.4 B=50 s=1 K0_naive_merge confirmed anchor,PASS,segments=1
ARC-refinement@th0.4 B=50 s=1 K0_naive_merge no NaN,PASS,segments=1
ARC-refinement@th0.4 B=50 s=1 K0_naive_merge nonnegative duration,PASS,segments=1
ARC-refinement@th0.4 B=50 s=1 K1_gap_limited confirmed anchor,PASS,segments=6
ARC-refinement@th0.4 B=50 s=1 K1_gap_limited no NaN,PASS,segments=6
ARC-refinement@th0.4 B=50 s=1 K1_gap_limited nonnegative duration,PASS,segments=6
ARC-refinement@th0.4 B=50 s=1 K2_gap_duration confirmed anchor,PASS,segments=8
ARC-refinement@th0.4 B=50 s=1 K2_gap_duration no NaN,PASS,segments=8
ARC-refinement@th0.4 B=50 s=1 K2_gap_duration nonnegative duration,PASS,segments=8
ARC-refinement@th0.4 B=50 s=1 K2_gap_duration duration cap,PASS,D_seg_max=60.0
ARC-refinement@th0.4 B=50 s=1 K3_gap_duration_negative_barrier confirmed anchor,PASS,segments=10
ARC-refinement@th0.4 B=50 s=1 K3_gap_duration_negative_barrier no NaN,PASS,segments=10
ARC-refinement@th0.4 B=50 s=1 K3_gap_duration_negative_barrier nonnegative duration,PASS,segments=10
ARC-refinement@th0.4 B=50 s=1 K3_gap_duration_negative_barrier duration cap,PASS,D_seg_max=60.0
ARC-refinement@th0.4 B=50 s=1 K3_gap_duration_negative_barrier negative barrier,PASS,negatives=35
ARC-refinement@th0.4 B=50 s=1 K4_gap_duration_negative_barrier_selected_expand confirmed anchor,PASS,segments=10
ARC-refinement@th0.4 B=50 s=1 K4_gap_duration_negative_barrier_selected_expand no NaN,PASS,segments=10
ARC-refinement@th0.4 B=50 s=1 K4_gap_duration_negative_barrier_selected_expand nonnegative duration,PASS,segments=10
ARC-refinement@th0.4 B=50 s=1 K4_gap_duration_negative_barrier_selected_expand duration cap,PASS,D_seg_max=60.0
ARC-refinement@th0.4 B=50 s=1 K4_gap_duration_negative_barrier_selected_expand negative barrier,PASS,negatives=35
ARC-refinement@th0.4 B=50 s=1 K4 expansion no unconfirmed seed,PASS,every segment contains queried positive anchor
ARC-refinement@th0.5 B=50 s=1 oracle order,PASS,calls=6
ARC-refinement@th0.5 B=50 s=1 calls <= budget,PASS,calls=6 budget=50
ARC-refinement@th0.5 B=50 s=1 C6_full_EVENT_MATERIALIZE confirmed anchor,PASS,segments=1
ARC-refinement@th0.5 B=50 s=1 C6_full_EVENT_MATERIALIZE no NaN,PASS,segments=1
ARC-refinement@th0.5 B=50 s=1 C6_full_EVENT_MATERIALIZE nonnegative duration,PASS,segments=1
ARC-refinement@th0.5 B=50 s=1 C6_full_EVENT_MATERIALIZE duration cap,PASS,D_seg_max=60.0
ARC-refinement@th0.5 B=50 s=1 C6_full_EVENT_MATERIALIZE negative barrier,PASS,negatives=2
ARC-refinement@th0.5 B=50 s=1 K0_naive_merge confirmed anchor,PASS,segments=1
ARC-refinement@th0.5 B=50 s=1 K0_naive_merge no NaN,PASS,segments=1
ARC-refinement@th0.5 B=50 s=1 K0_naive_merge nonnegative duration,PASS,segments=1
ARC-refinement@th0.5 B=50 s=1 K1_gap_limited confirmed anchor,PASS,segments=1
ARC-refinement@th0.5 B=50 s=1 K1_gap_limited no NaN,PASS,segments=1
ARC-refinement@th0.5 B=50 s=1 K1_gap_limited nonnegative duration,PASS,segments=1
ARC-refinement@th0.5 B=50 s=1 K2_gap_duration confirmed anchor,PASS,segments=1
ARC-refinement@th0.5 B=50 s=1 K2_gap_duration no NaN,PASS,segments=1
ARC-refinement@th0.5 B=50 s=1 K2_gap_duration nonnegative duration,PASS,segments=1
ARC-refinement@th0.5 B=50 s=1 K2_gap_duration duration cap,PASS,D_seg_max=60.0
ARC-refinement@th0.5 B=50 s=1 K3_gap_duration_negative_barrier confirmed anchor,PASS,segments=1
ARC-refinement@th0.5 B=50 s=1 K3_gap_duration_negative_barrier no NaN,PASS,segments=1
ARC-refinement@th0.5 B=50 s=1 K3_gap_duration_negative_barrier nonnegative duration,PASS,segments=1
ARC-refinement@th0.5 B=50 s=1 K3_gap_duration_negative_barrier duration cap,PASS,D_seg_max=60.0
ARC-refinement@th0.5 B=50 s=1 K3_gap_duration_negative_barrier negative barrier,PASS,negatives=2
ARC-refinement@th0.5 B=50 s=1 K4_gap_duration_negative_barrier_selected_expand confirmed anchor,PASS,segments=1
ARC-refinement@th0.5 B=50 s=1 K4_gap_duration_negative_barrier_selected_expand no NaN,PASS,segments=1
ARC-refinement@th0.5 B=50 s=1 K4_gap_duration_negative_barrier_selected_expand nonnegative duration,PASS,segments=1
ARC-refinement@th0.5 B=50 s=1 K4_gap_duration_negative_barrier_selected_expand duration cap,PASS,D_seg_max=60.0
ARC-refinement@th0.5 B=50 s=1 K4_gap_duration_negative_barrier_selected_expand negative barrier,PASS,negatives=2
ARC-refinement@th0.5 B=50 s=1 K4 expansion no unconfirmed seed,PASS,every segment contains queried positive anchor
ARC-refinement@th0.1 B=50 s=2 oracle order,PASS,calls=2
ARC-refinement@th0.1 B=50 s=2 calls <= budget,PASS,calls=2 budget=50
ARC-refinement@th0.1 B=50 s=2 C6_full_EVENT_MATERIALIZE confirmed anchor,PASS,segments=1
ARC-refinement@th0.1 B=50 s=2 C6_full_EVENT_MATERIALIZE no NaN,PASS,segments=1
ARC-refinement@th0.1 B=50 s=2 C6_full_EVENT_MATERIALIZE nonnegative duration,PASS,segments=1
ARC-refinement@th0.1 B=50 s=2 C6_full_EVENT_MATERIALIZE duration cap,PASS,D_seg_max=60.0
ARC-refinement@th0.1 B=50 s=2 C6_full_EVENT_MATERIALIZE negative barrier,PASS,negatives=0
ARC-refinement@th0.1 B=50 s=2 K0_naive_merge confirmed anchor,PASS,segments=1
ARC-refinement@th0.1 B=50 s=2 K0_naive_merge no NaN,PASS,segments=1
ARC-refinement@th0.1 B=50 s=2 K0_naive_merge nonnegative duration,PASS,segments=1
ARC-refinement@th0.1 B=50 s=2 K1_gap_limited confirmed anchor,PASS,segments=1
ARC-refinement@th0.1 B=50 s=2 K1_gap_limited no NaN,PASS,segments=1
ARC-refinement@th0.1 B=50 s=2 K1_gap_limited nonnegative duration,PASS,segments=1
ARC-refinement@th0.1 B=50 s=2 K2_gap_duration confirmed anchor,PASS,segments=1
ARC-refinement@th0.1 B=50 s=2 K2_gap_duration no NaN,PASS,segments=1
ARC-refinement@th0.1 B=50 s=2 K2_gap_duration nonnegative duration,PASS,segments=1
ARC-refinement@th0.1 B=50 s=2 K2_gap_duration duration cap,PASS,D_seg_max=60.0
ARC-refinement@th0.1 B=50 s=2 K3_gap_duration_negative_barrier confirmed anchor,PASS,segments=1
ARC-refinement@th0.1 B=50 s=2 K3_gap_duration_negative_barrier no NaN,PASS,segments=1
ARC-refinement@th0.1 B=50 s=2 K3_gap_duration_negative_barrier nonnegative duration,PASS,segments=1
ARC-refinement@th0.1 B=50 s=2 K3_gap_duration_negative_barrier duration cap,PASS,D_seg_max=60.0
ARC-refinement@th0.1 B=50 s=2 K3_gap_duration_negative_barrier negative barrier,PASS,negatives=0
ARC-refinement@th0.1 B=50 s=2 K4_gap_duration_negative_barrier_selected_expand confirmed anchor,PASS,segments=1
ARC-refinement@th0.1 B=50 s=2 K4_gap_duration_negative_barrier_selected_expand no NaN,PASS,segments=1
ARC-refinement@th0.1 B=50 s=2 K4_gap_duration_negative_barrier_selected_expand nonnegative duration,PASS,segments=1
ARC-refinement@th0.1 B=50 s=2 K4_gap_duration_negative_barrier_selected_expand duration cap,PASS,D_seg_max=60.0
ARC-refinement@th0.1 B=50 s=2 K4_gap_duration_negative_barrier_selected_expand negative barrier,PASS,negatives=0
ARC-refinement@th0.1 B=50 s=2 K4 expansion no unconfirmed seed,PASS,every segment contains queried positive anchor
ARC-refinement@th0.2 B=50 s=2 oracle order,PASS,calls=2
ARC-refinement@th0.2 B=50 s=2 calls <= budget,PASS,calls=2 budget=50
ARC-refinement@th0.2 B=50 s=2 C6_full_EVENT_MATERIALIZE confirmed anchor,PASS,segments=0
ARC-refinement@th0.2 B=50 s=2 C6_full_EVENT_MATERIALIZE no NaN,PASS,segments=0
ARC-refinement@th0.2 B=50 s=2 C6_full_EVENT_MATERIALIZE nonnegative duration,PASS,segments=0
ARC-refinement@th0.2 B=50 s=2 C6_full_EVENT_MATERIALIZE duration cap,PASS,D_seg_max=60.0
ARC-refinement@th0.2 B=50 s=2 C6_full_EVENT_MATERIALIZE negative barrier,PASS,negatives=2
ARC-refinement@th0.2 B=50 s=2 K0_naive_merge confirmed anchor,PASS,segments=0
ARC-refinement@th0.2 B=50 s=2 K0_naive_merge no NaN,PASS,segments=0
ARC-refinement@th0.2 B=50 s=2 K0_naive_merge nonnegative duration,PASS,segments=0
ARC-refinement@th0.2 B=50 s=2 K1_gap_limited confirmed anchor,PASS,segments=0
ARC-refinement@th0.2 B=50 s=2 K1_gap_limited no NaN,PASS,segments=0
ARC-refinement@th0.2 B=50 s=2 K1_gap_limited nonnegative duration,PASS,segments=0
ARC-refinement@th0.2 B=50 s=2 K2_gap_duration confirmed anchor,PASS,segments=0
ARC-refinement@th0.2 B=50 s=2 K2_gap_duration no NaN,PASS,segments=0
ARC-refinement@th0.2 B=50 s=2 K2_gap_duration nonnegative duration,PASS,segments=0
ARC-refinement@th0.2 B=50 s=2 K2_gap_duration duration cap,PASS,D_seg_max=60.0
ARC-refinement@th0.2 B=50 s=2 K3_gap_duration_negative_barrier confirmed anchor,PASS,segments=0
ARC-refinement@th0.2 B=50 s=2 K3_gap_duration_negative_barrier no NaN,PASS,segments=0
ARC-refinement@th0.2 B=50 s=2 K3_gap_duration_negative_barrier nonnegative duration,PASS,segments=0
ARC-refinement@th0.2 B=50 s=2 K3_gap_duration_negative_barrier duration cap,PASS,D_seg_max=60.0
ARC-refinement@th0.2 B=50 s=2 K3_gap_duration_negative_barrier negative barrier,PASS,negatives=2
ARC-refinement@th0.2 B=50 s=2 K4_gap_duration_negative_barrier_selected_expand confirmed anchor,PASS,segments=0
ARC-refinement@th0.2 B=50 s=2 K4_gap_duration_negative_barrier_selected_expand no NaN,PASS,segments=0
ARC-refinement@th0.2 B=50 s=2 K4_gap_duration_negative_barrier_selected_expand nonnegative duration,PASS,segments=0
ARC-refinement@th0.2 B=50 s=2 K4_gap_duration_negative_barrier_selected_expand duration cap,PASS,D_seg_max=60.0
ARC-refinement@th0.2 B=50 s=2 K4_gap_duration_negative_barrier_selected_expand negative barrier,PASS,negatives=2
ARC-refinement@th0.2 B=50 s=2 K4 expansion no unconfirmed seed,PASS,every segment contains queried positive anchor
ARC-refinement@th0.3 B=50 s=2 oracle order,PASS,calls=50
ARC-refinement@th0.3 B=50 s=2 calls <= budget,PASS,calls=50 budget=50
ARC-refinement@th0.3 B=50 s=2 C6_full_EVENT_MATERIALIZE confirmed anchor,PASS,segments=8
ARC-refinement@th0.3 B=50 s=2 C6_full_EVENT_MATERIALIZE no NaN,PASS,segments=8
ARC-refinement@th0.3 B=50 s=2 C6_full_EVENT_MATERIALIZE nonnegative duration,PASS,segments=8
ARC-refinement@th0.3 B=50 s=2 C6_full_EVENT_MATERIALIZE duration cap,PASS,D_seg_max=60.0
ARC-refinement@th0.3 B=50 s=2 C6_full_EVENT_MATERIALIZE negative barrier,PASS,negatives=39
ARC-refinement@th0.3 B=50 s=2 K0_naive_merge confirmed anchor,PASS,segments=1
ARC-refinement@th0.3 B=50 s=2 K0_naive_merge no NaN,PASS,segments=1
ARC-refinement@th0.3 B=50 s=2 K0_naive_merge nonnegative duration,PASS,segments=1
ARC-refinement@th0.3 B=50 s=2 K1_gap_limited confirmed anchor,PASS,segments=7
ARC-refinement@th0.3 B=50 s=2 K1_gap_limited no NaN,PASS,segments=7
ARC-refinement@th0.3 B=50 s=2 K1_gap_limited nonnegative duration,PASS,segments=7
ARC-refinement@th0.3 B=50 s=2 K2_gap_duration confirmed anchor,PASS,segments=8
ARC-refinement@th0.3 B=50 s=2 K2_gap_duration no NaN,PASS,segments=8
ARC-refinement@th0.3 B=50 s=2 K2_gap_duration nonnegative duration,PASS,segments=8
ARC-refinement@th0.3 B=50 s=2 K2_gap_duration duration cap,PASS,D_seg_max=60.0
ARC-refinement@th0.3 B=50 s=2 K3_gap_duration_negative_barrier confirmed anchor,PASS,segments=8
ARC-refinement@th0.3 B=50 s=2 K3_gap_duration_negative_barrier no NaN,PASS,segments=8
ARC-refinement@th0.3 B=50 s=2 K3_gap_duration_negative_barrier nonnegative duration,PASS,segments=8
ARC-refinement@th0.3 B=50 s=2 K3_gap_duration_negative_barrier duration cap,PASS,D_seg_max=60.0
ARC-refinement@th0.3 B=50 s=2 K3_gap_duration_negative_barrier negative barrier,PASS,negatives=39
ARC-refinement@th0.3 B=50 s=2 K4_gap_duration_negative_barrier_selected_expand confirmed anchor,PASS,segments=8
ARC-refinement@th0.3 B=50 s=2 K4_gap_duration_negative_barrier_selected_expand no NaN,PASS,segments=8
ARC-refinement@th0.3 B=50 s=2 K4_gap_duration_negative_barrier_selected_expand nonnegative duration,PASS,segments=8
ARC-refinement@th0.3 B=50 s=2 K4_gap_duration_negative_barrier_selected_expand duration cap,PASS,D_seg_max=60.0
ARC-refinement@th0.3 B=50 s=2 K4_gap_duration_negative_barrier_selected_expand negative barrier,PASS,negatives=39
ARC-refinement@th0.3 B=50 s=2 K4 expansion no unconfirmed seed,PASS,every segment contains queried positive anchor
ARC-refinement@th0.4 B=50 s=2 oracle order,PASS,calls=50
ARC-refinement@th0.4 B=50 s=2 calls <= budget,PASS,calls=50 budget=50
ARC-refinement@th0.4 B=50 s=2 C6_full_EVENT_MATERIALIZE confirmed anchor,PASS,segments=11
ARC-refinement@th0.4 B=50 s=2 C6_full_EVENT_MATERIALIZE no NaN,PASS,segments=11
ARC-refinement@th0.4 B=50 s=2 C6_full_EVENT_MATERIALIZE nonnegative duration,PASS,segments=11
ARC-refinement@th0.4 B=50 s=2 C6_full_EVENT_MATERIALIZE duration cap,PASS,D_seg_max=60.0
ARC-refinement@th0.4 B=50 s=2 C6_full_EVENT_MATERIALIZE negative barrier,PASS,negatives=33
ARC-refinement@th0.4 B=50 s=2 K0_naive_merge confirmed anchor,PASS,segments=1
ARC-refinement@th0.4 B=50 s=2 K0_naive_merge no NaN,PASS,segments=1
ARC-refinement@th0.4 B=50 s=2 K0_naive_merge nonnegative duration,PASS,segments=1
ARC-refinement@th0.4 B=50 s=2 K1_gap_limited confirmed anchor,PASS,segments=8
ARC-refinement@th0.4 B=50 s=2 K1_gap_limited no NaN,PASS,segments=8
ARC-refinement@th0.4 B=50 s=2 K1_gap_limited nonnegative duration,PASS,segments=8
ARC-refinement@th0.4 B=50 s=2 K2_gap_duration confirmed anchor,PASS,segments=10
ARC-refinement@th0.4 B=50 s=2 K2_gap_duration no NaN,PASS,segments=10
ARC-refinement@th0.4 B=50 s=2 K2_gap_duration nonnegative duration,PASS,segments=10
ARC-refinement@th0.4 B=50 s=2 K2_gap_duration duration cap,PASS,D_seg_max=60.0
ARC-refinement@th0.4 B=50 s=2 K3_gap_duration_negative_barrier confirmed anchor,PASS,segments=11
ARC-refinement@th0.4 B=50 s=2 K3_gap_duration_negative_barrier no NaN,PASS,segments=11
ARC-refinement@th0.4 B=50 s=2 K3_gap_duration_negative_barrier nonnegative duration,PASS,segments=11
ARC-refinement@th0.4 B=50 s=2 K3_gap_duration_negative_barrier duration cap,PASS,D_seg_max=60.0
ARC-refinement@th0.4 B=50 s=2 K3_gap_duration_negative_barrier negative barrier,PASS,negatives=33
ARC-refinement@th0.4 B=50 s=2 K4_gap_duration_negative_barrier_selected_expand confirmed anchor,PASS,segments=11
ARC-refinement@th0.4 B=50 s=2 K4_gap_duration_negative_barrier_selected_expand no NaN,PASS,segments=11
ARC-refinement@th0.4 B=50 s=2 K4_gap_duration_negative_barrier_selected_expand nonnegative duration,PASS,segments=11
ARC-refinement@th0.4 B=50 s=2 K4_gap_duration_negative_barrier_selected_expand duration cap,PASS,D_seg_max=60.0
ARC-refinement@th0.4 B=50 s=2 K4_gap_duration_negative_barrier_selected_expand negative barrier,PASS,negatives=33
ARC-refinement@th0.4 B=50 s=2 K4 expansion no unconfirmed seed,PASS,every segment contains queried positive anchor
ARC-refinement@th0.5 B=50 s=2 oracle order,PASS,calls=6
ARC-refinement@th0.5 B=50 s=2 calls <= budget,PASS,calls=6 budget=50
ARC-refinement@th0.5 B=50 s=2 C6_full_EVENT_MATERIALIZE confirmed anchor,PASS,segments=1
ARC-refinement@th0.5 B=50 s=2 C6_full_EVENT_MATERIALIZE no NaN,PASS,segments=1
ARC-refinement@th0.5 B=50 s=2 C6_full_EVENT_MATERIALIZE nonnegative duration,PASS,segments=1
ARC-refinement@th0.5 B=50 s=2 C6_full_EVENT_MATERIALIZE duration cap,PASS,D_seg_max=60.0
ARC-refinement@th0.5 B=50 s=2 C6_full_EVENT_MATERIALIZE negative barrier,PASS,negatives=2
ARC-refinement@th0.5 B=50 s=2 K0_naive_merge confirmed anchor,PASS,segments=1
ARC-refinement@th0.5 B=50 s=2 K0_naive_merge no NaN,PASS,segments=1
ARC-refinement@th0.5 B=50 s=2 K0_naive_merge nonnegative duration,PASS,segments=1
ARC-refinement@th0.5 B=50 s=2 K1_gap_limited confirmed anchor,PASS,segments=1
ARC-refinement@th0.5 B=50 s=2 K1_gap_limited no NaN,PASS,segments=1
ARC-refinement@th0.5 B=50 s=2 K1_gap_limited nonnegative duration,PASS,segments=1
ARC-refinement@th0.5 B=50 s=2 K2_gap_duration confirmed anchor,PASS,segments=1
ARC-refinement@th0.5 B=50 s=2 K2_gap_duration no NaN,PASS,segments=1
ARC-refinement@th0.5 B=50 s=2 K2_gap_duration nonnegative duration,PASS,segments=1
ARC-refinement@th0.5 B=50 s=2 K2_gap_duration duration cap,PASS,D_seg_max=60.0
ARC-refinement@th0.5 B=50 s=2 K3_gap_duration_negative_barrier confirmed anchor,PASS,segments=1
ARC-refinement@th0.5 B=50 s=2 K3_gap_duration_negative_barrier no NaN,PASS,segments=1
ARC-refinement@th0.5 B=50 s=2 K3_gap_duration_negative_barrier nonnegative duration,PASS,segments=1
ARC-refinement@th0.5 B=50 s=2 K3_gap_duration_negative_barrier duration cap,PASS,D_seg_max=60.0
ARC-refinement@th0.5 B=50 s=2 K3_gap_duration_negative_barrier negative barrier,PASS,negatives=2
ARC-refinement@th0.5 B=50 s=2 K4_gap_duration_negative_barrier_selected_expand confirmed anchor,PASS,segments=1
ARC-refinement@th0.5 B=50 s=2 K4_gap_duration_negative_barrier_selected_expand no NaN,PASS,segments=1
ARC-refinement@th0.5 B=50 s=2 K4_gap_duration_negative_barrier_selected_expand nonnegative duration,PASS,segments=1
ARC-refinement@th0.5 B=50 s=2 K4_gap_duration_negative_barrier_selected_expand duration cap,PASS,D_seg_max=60.0
ARC-refinement@th0.5 B=50 s=2 K4_gap_duration_negative_barrier_selected_expand negative barrier,PASS,negatives=2
ARC-refinement@th0.5 B=50 s=2 K4 expansion no unconfirmed seed,PASS,every segment contains queried positive anchor
ARC-refinement@th0.1 B=50 s=3 oracle order,PASS,calls=0
ARC-refinement@th0.1 B=50 s=3 calls <= budget,PASS,calls=0 budget=50
ARC-refinement@th0.1 B=50 s=3 C6_full_EVENT_MATERIALIZE confirmed anchor,PASS,segments=0
ARC-refinement@th0.1 B=50 s=3 C6_full_EVENT_MATERIALIZE no NaN,PASS,segments=0
ARC-refinement@th0.1 B=50 s=3 C6_full_EVENT_MATERIALIZE nonnegative duration,PASS,segments=0
ARC-refinement@th0.1 B=50 s=3 C6_full_EVENT_MATERIALIZE duration cap,PASS,D_seg_max=60.0
ARC-refinement@th0.1 B=50 s=3 C6_full_EVENT_MATERIALIZE negative barrier,PASS,negatives=0
ARC-refinement@th0.1 B=50 s=3 K0_naive_merge confirmed anchor,PASS,segments=0
ARC-refinement@th0.1 B=50 s=3 K0_naive_merge no NaN,PASS,segments=0
ARC-refinement@th0.1 B=50 s=3 K0_naive_merge nonnegative duration,PASS,segments=0
ARC-refinement@th0.1 B=50 s=3 K1_gap_limited confirmed anchor,PASS,segments=0
ARC-refinement@th0.1 B=50 s=3 K1_gap_limited no NaN,PASS,segments=0
ARC-refinement@th0.1 B=50 s=3 K1_gap_limited nonnegative duration,PASS,segments=0
ARC-refinement@th0.1 B=50 s=3 K2_gap_duration confirmed anchor,PASS,segments=0
ARC-refinement@th0.1 B=50 s=3 K2_gap_duration no NaN,PASS,segments=0
ARC-refinement@th0.1 B=50 s=3 K2_gap_duration nonnegative duration,PASS,segments=0
ARC-refinement@th0.1 B=50 s=3 K2_gap_duration duration cap,PASS,D_seg_max=60.0
ARC-refinement@th0.1 B=50 s=3 K3_gap_duration_negative_barrier confirmed anchor,PASS,segments=0
ARC-refinement@th0.1 B=50 s=3 K3_gap_duration_negative_barrier no NaN,PASS,segments=0
ARC-refinement@th0.1 B=50 s=3 K3_gap_duration_negative_barrier nonnegative duration,PASS,segments=0
ARC-refinement@th0.1 B=50 s=3 K3_gap_duration_negative_barrier duration cap,PASS,D_seg_max=60.0
ARC-refinement@th0.1 B=50 s=3 K3_gap_duration_negative_barrier negative barrier,PASS,negatives=0
ARC-refinement@th0.1 B=50 s=3 K4_gap_duration_negative_barrier_selected_expand confirmed anchor,PASS,segments=0
ARC-refinement@th0.1 B=50 s=3 K4_gap_duration_negative_barrier_selected_expand no NaN,PASS,segments=0
ARC-refinement@th0.1 B=50 s=3 K4_gap_duration_negative_barrier_selected_expand nonnegative duration,PASS,segments=0
ARC-refinement@th0.1 B=50 s=3 K4_gap_duration_negative_barrier_selected_expand duration cap,PASS,D_seg_max=60.0
ARC-refinement@th0.1 B=50 s=3 K4_gap_duration_negative_barrier_selected_expand negative barrier,PASS,negatives=0
ARC-refinement@th0.1 B=50 s=3 K4 expansion no unconfirmed seed,PASS,every segment contains queried positive anchor
ARC-refinement@th0.2 B=50 s=3 oracle order,PASS,calls=0
ARC-refinement@th0.2 B=50 s=3 calls <= budget,PASS,calls=0 budget=50
ARC-refinement@th0.2 B=50 s=3 C6_full_EVENT_MATERIALIZE confirmed anchor,PASS,segments=0
ARC-refinement@th0.2 B=50 s=3 C6_full_EVENT_MATERIALIZE no NaN,PASS,segments=0
ARC-refinement@th0.2 B=50 s=3 C6_full_EVENT_MATERIALIZE nonnegative duration,PASS,segments=0
ARC-refinement@th0.2 B=50 s=3 C6_full_EVENT_MATERIALIZE duration cap,PASS,D_seg_max=60.0
ARC-refinement@th0.2 B=50 s=3 C6_full_EVENT_MATERIALIZE negative barrier,PASS,negatives=0
ARC-refinement@th0.2 B=50 s=3 K0_naive_merge confirmed anchor,PASS,segments=0
ARC-refinement@th0.2 B=50 s=3 K0_naive_merge no NaN,PASS,segments=0
ARC-refinement@th0.2 B=50 s=3 K0_naive_merge nonnegative duration,PASS,segments=0
ARC-refinement@th0.2 B=50 s=3 K1_gap_limited confirmed anchor,PASS,segments=0
ARC-refinement@th0.2 B=50 s=3 K1_gap_limited no NaN,PASS,segments=0
ARC-refinement@th0.2 B=50 s=3 K1_gap_limited nonnegative duration,PASS,segments=0
ARC-refinement@th0.2 B=50 s=3 K2_gap_duration confirmed anchor,PASS,segments=0
ARC-refinement@th0.2 B=50 s=3 K2_gap_duration no NaN,PASS,segments=0
ARC-refinement@th0.2 B=50 s=3 K2_gap_duration nonnegative duration,PASS,segments=0
ARC-refinement@th0.2 B=50 s=3 K2_gap_duration duration cap,PASS,D_seg_max=60.0
ARC-refinement@th0.2 B=50 s=3 K3_gap_duration_negative_barrier confirmed anchor,PASS,segments=0
ARC-refinement@th0.2 B=50 s=3 K3_gap_duration_negative_barrier no NaN,PASS,segments=0
ARC-refinement@th0.2 B=50 s=3 K3_gap_duration_negative_barrier nonnegative duration,PASS,segments=0
ARC-refinement@th0.2 B=50 s=3 K3_gap_duration_negative_barrier duration cap,PASS,D_seg_max=60.0
ARC-refinement@th0.2 B=50 s=3 K3_gap_duration_negative_barrier negative barrier,PASS,negatives=0
ARC-refinement@th0.2 B=50 s=3 K4_gap_duration_negative_barrier_selected_expand confirmed anchor,PASS,segments=0
ARC-refinement@th0.2 B=50 s=3 K4_gap_duration_negative_barrier_selected_expand no NaN,PASS,segments=0
ARC-refinement@th0.2 B=50 s=3 K4_gap_duration_negative_barrier_selected_expand nonnegative duration,PASS,segments=0
ARC-refinement@th0.2 B=50 s=3 K4_gap_duration_negative_barrier_selected_expand duration cap,PASS,D_seg_max=60.0
ARC-refinement@th0.2 B=50 s=3 K4_gap_duration_negative_barrier_selected_expand negative barrier,PASS,negatives=0
ARC-refinement@th0.2 B=50 s=3 K4 expansion no unconfirmed seed,PASS,every segment contains queried positive anchor
ARC-refinement@th0.3 B=50 s=3 oracle order,PASS,calls=50
ARC-refinement@th0.3 B=50 s=3 calls <= budget,PASS,calls=50 budget=50
ARC-refinement@th0.3 B=50 s=3 C6_full_EVENT_MATERIALIZE confirmed anchor,PASS,segments=10
ARC-refinement@th0.3 B=50 s=3 C6_full_EVENT_MATERIALIZE no NaN,PASS,segments=10
ARC-refinement@th0.3 B=50 s=3 C6_full_EVENT_MATERIALIZE nonnegative duration,PASS,segments=10
ARC-refinement@th0.3 B=50 s=3 C6_full_EVENT_MATERIALIZE duration cap,PASS,D_seg_max=60.0
ARC-refinement@th0.3 B=50 s=3 C6_full_EVENT_MATERIALIZE negative barrier,PASS,negatives=36
ARC-refinement@th0.3 B=50 s=3 K0_naive_merge confirmed anchor,PASS,segments=1
ARC-refinement@th0.3 B=50 s=3 K0_naive_merge no NaN,PASS,segments=1
ARC-refinement@th0.3 B=50 s=3 K0_naive_merge nonnegative duration,PASS,segments=1
ARC-refinement@th0.3 B=50 s=3 K1_gap_limited confirmed anchor,PASS,segments=5
ARC-refinement@th0.3 B=50 s=3 K1_gap_limited no NaN,PASS,segments=5
ARC-refinement@th0.3 B=50 s=3 K1_gap_limited nonnegative duration,PASS,segments=5
ARC-refinement@th0.3 B=50 s=3 K2_gap_duration confirmed anchor,PASS,segments=7
ARC-refinement@th0.3 B=50 s=3 K2_gap_duration no NaN,PASS,segments=7
ARC-refinement@th0.3 B=50 s=3 K2_gap_duration nonnegative duration,PASS,segments=7
ARC-refinement@th0.3 B=50 s=3 K2_gap_duration duration cap,PASS,D_seg_max=60.0
ARC-refinement@th0.3 B=50 s=3 K3_gap_duration_negative_barrier confirmed anchor,PASS,segments=10
ARC-refinement@th0.3 B=50 s=3 K3_gap_duration_negative_barrier no NaN,PASS,segments=10
ARC-refinement@th0.3 B=50 s=3 K3_gap_duration_negative_barrier nonnegative duration,PASS,segments=10
ARC-refinement@th0.3 B=50 s=3 K3_gap_duration_negative_barrier duration cap,PASS,D_seg_max=60.0
ARC-refinement@th0.3 B=50 s=3 K3_gap_duration_negative_barrier negative barrier,PASS,negatives=36
ARC-refinement@th0.3 B=50 s=3 K4_gap_duration_negative_barrier_selected_expand confirmed anchor,PASS,segments=10
ARC-refinement@th0.3 B=50 s=3 K4_gap_duration_negative_barrier_selected_expand no NaN,PASS,segments=10
ARC-refinement@th0.3 B=50 s=3 K4_gap_duration_negative_barrier_selected_expand nonnegative duration,PASS,segments=10
ARC-refinement@th0.3 B=50 s=3 K4_gap_duration_negative_barrier_selected_expand duration cap,PASS,D_seg_max=60.0
ARC-refinement@th0.3 B=50 s=3 K4_gap_duration_negative_barrier_selected_expand negative barrier,PASS,negatives=36
ARC-refinement@th0.3 B=50 s=3 K4 expansion no unconfirmed seed,PASS,every segment contains queried positive anchor
ARC-refinement@th0.4 B=50 s=3 oracle order,PASS,calls=50
ARC-refinement@th0.4 B=50 s=3 calls <= budget,PASS,calls=50 budget=50
ARC-refinement@th0.4 B=50 s=3 C6_full_EVENT_MATERIALIZE confirmed anchor,PASS,segments=11
ARC-refinement@th0.4 B=50 s=3 C6_full_EVENT_MATERIALIZE no NaN,PASS,segments=11
ARC-refinement@th0.4 B=50 s=3 C6_full_EVENT_MATERIALIZE nonnegative duration,PASS,segments=11
ARC-refinement@th0.4 B=50 s=3 C6_full_EVENT_MATERIALIZE duration cap,PASS,D_seg_max=60.0
ARC-refinement@th0.4 B=50 s=3 C6_full_EVENT_MATERIALIZE negative barrier,PASS,negatives=33
ARC-refinement@th0.4 B=50 s=3 K0_naive_merge confirmed anchor,PASS,segments=1
ARC-refinement@th0.4 B=50 s=3 K0_naive_merge no NaN,PASS,segments=1
ARC-refinement@th0.4 B=50 s=3 K0_naive_merge nonnegative duration,PASS,segments=1
ARC-refinement@th0.4 B=50 s=3 K1_gap_limited confirmed anchor,PASS,segments=7
ARC-refinement@th0.4 B=50 s=3 K1_gap_limited no NaN,PASS,segments=7
ARC-refinement@th0.4 B=50 s=3 K1_gap_limited nonnegative duration,PASS,segments=7
ARC-refinement@th0.4 B=50 s=3 K2_gap_duration confirmed anchor,PASS,segments=9
ARC-refinement@th0.4 B=50 s=3 K2_gap_duration no NaN,PASS,segments=9
ARC-refinement@th0.4 B=50 s=3 K2_gap_duration nonnegative duration,PASS,segments=9
ARC-refinement@th0.4 B=50 s=3 K2_gap_duration duration cap,PASS,D_seg_max=60.0
ARC-refinement@th0.4 B=50 s=3 K3_gap_duration_negative_barrier confirmed anchor,PASS,segments=11
ARC-refinement@th0.4 B=50 s=3 K3_gap_duration_negative_barrier no NaN,PASS,segments=11
ARC-refinement@th0.4 B=50 s=3 K3_gap_duration_negative_barrier nonnegative duration,PASS,segments=11
ARC-refinement@th0.4 B=50 s=3 K3_gap_duration_negative_barrier duration cap,PASS,D_seg_max=60.0
ARC-refinement@th0.4 B=50 s=3 K3_gap_duration_negative_barrier negative barrier,PASS,negatives=33
ARC-refinement@th0.4 B=50 s=3 K4_gap_duration_negative_barrier_selected_expand confirmed anchor,PASS,segments=11
ARC-refinement@th0.4 B=50 s=3 K4_gap_duration_negative_barrier_selected_expand no NaN,PASS,segments=11
ARC-refinement@th0.4 B=50 s=3 K4_gap_duration_negative_barrier_selected_expand nonnegative duration,PASS,segments=11
ARC-refinement@th0.4 B=50 s=3 K4_gap_duration_negative_barrier_selected_expand duration cap,PASS,D_seg_max=60.0
ARC-refinement@th0.4 B=50 s=3 K4_gap_duration_negative_barrier_selected_expand negative barrier,PASS,negatives=33
ARC-refinement@th0.4 B=50 s=3 K4 expansion no unconfirmed seed,PASS,every segment contains queried positive anchor
ARC-refinement@th0.5 B=50 s=3 oracle order,PASS,calls=8
ARC-refinement@th0.5 B=50 s=3 calls <= budget,PASS,calls=8 budget=50
ARC-refinement@th0.5 B=50 s=3 C6_full_EVENT_MATERIALIZE confirmed anchor,PASS,segments=1
ARC-refinement@th0.5 B=50 s=3 C6_full_EVENT_MATERIALIZE no NaN,PASS,segments=1
ARC-refinement@th0.5 B=50 s=3 C6_full_EVENT_MATERIALIZE nonnegative duration,PASS,segments=1
ARC-refinement@th0.5 B=50 s=3 C6_full_EVENT_MATERIALIZE duration cap,PASS,D_seg_max=60.0
ARC-refinement@th0.5 B=50 s=3 C6_full_EVENT_MATERIALIZE negative barrier,PASS,negatives=4
ARC-refinement@th0.5 B=50 s=3 K0_naive_merge confirmed anchor,PASS,segments=1
ARC-refinement@th0.5 B=50 s=3 K0_naive_merge no NaN,PASS,segments=1
ARC-refinement@th0.5 B=50 s=3 K0_naive_merge nonnegative duration,PASS,segments=1
ARC-refinement@th0.5 B=50 s=3 K1_gap_limited confirmed anchor,PASS,segments=1
ARC-refinement@th0.5 B=50 s=3 K1_gap_limited no NaN,PASS,segments=1
ARC-refinement@th0.5 B=50 s=3 K1_gap_limited nonnegative duration,PASS,segments=1
ARC-refinement@th0.5 B=50 s=3 K2_gap_duration confirmed anchor,PASS,segments=1
ARC-refinement@th0.5 B=50 s=3 K2_gap_duration no NaN,PASS,segments=1
ARC-refinement@th0.5 B=50 s=3 K2_gap_duration nonnegative duration,PASS,segments=1
ARC-refinement@th0.5 B=50 s=3 K2_gap_duration duration cap,PASS,D_seg_max=60.0
ARC-refinement@th0.5 B=50 s=3 K3_gap_duration_negative_barrier confirmed anchor,PASS,segments=1
ARC-refinement@th0.5 B=50 s=3 K3_gap_duration_negative_barrier no NaN,PASS,segments=1
ARC-refinement@th0.5 B=50 s=3 K3_gap_duration_negative_barrier nonnegative duration,PASS,segments=1
ARC-refinement@th0.5 B=50 s=3 K3_gap_duration_negative_barrier duration cap,PASS,D_seg_max=60.0
ARC-refinement@th0.5 B=50 s=3 K3_gap_duration_negative_barrier negative barrier,PASS,negatives=4
ARC-refinement@th0.5 B=50 s=3 K4_gap_duration_negative_barrier_selected_expand confirmed anchor,PASS,segments=1
ARC-refinement@th0.5 B=50 s=3 K4_gap_duration_negative_barrier_selected_expand no NaN,PASS,segments=1
ARC-refinement@th0.5 B=50 s=3 K4_gap_duration_negative_barrier_selected_expand nonnegative duration,PASS,segments=1
ARC-refinement@th0.5 B=50 s=3 K4_gap_duration_negative_barrier_selected_expand duration cap,PASS,D_seg_max=60.0
ARC-refinement@th0.5 B=50 s=3 K4_gap_duration_negative_barrier_selected_expand negative barrier,PASS,negatives=4
ARC-refinement@th0.5 B=50 s=3 K4 expansion no unconfirmed seed,PASS,every segment contains queried positive anchor
ARC-refinement@th0.1 B=50 s=4 oracle order,PASS,calls=0
ARC-refinement@th0.1 B=50 s=4 calls <= budget,PASS,calls=0 budget=50
ARC-refinement@th0.1 B=50 s=4 C6_full_EVENT_MATERIALIZE confirmed anchor,PASS,segments=0
ARC-refinement@th0.1 B=50 s=4 C6_full_EVENT_MATERIALIZE no NaN,PASS,segments=0
ARC-refinement@th0.1 B=50 s=4 C6_full_EVENT_MATERIALIZE nonnegative duration,PASS,segments=0
ARC-refinement@th0.1 B=50 s=4 C6_full_EVENT_MATERIALIZE duration cap,PASS,D_seg_max=60.0
ARC-refinement@th0.1 B=50 s=4 C6_full_EVENT_MATERIALIZE negative barrier,PASS,negatives=0
ARC-refinement@th0.1 B=50 s=4 K0_naive_merge confirmed anchor,PASS,segments=0
ARC-refinement@th0.1 B=50 s=4 K0_naive_merge no NaN,PASS,segments=0
ARC-refinement@th0.1 B=50 s=4 K0_naive_merge nonnegative duration,PASS,segments=0
ARC-refinement@th0.1 B=50 s=4 K1_gap_limited confirmed anchor,PASS,segments=0
ARC-refinement@th0.1 B=50 s=4 K1_gap_limited no NaN,PASS,segments=0
ARC-refinement@th0.1 B=50 s=4 K1_gap_limited nonnegative duration,PASS,segments=0
ARC-refinement@th0.1 B=50 s=4 K2_gap_duration confirmed anchor,PASS,segments=0
ARC-refinement@th0.1 B=50 s=4 K2_gap_duration no NaN,PASS,segments=0
ARC-refinement@th0.1 B=50 s=4 K2_gap_duration nonnegative duration,PASS,segments=0
ARC-refinement@th0.1 B=50 s=4 K2_gap_duration duration cap,PASS,D_seg_max=60.0
ARC-refinement@th0.1 B=50 s=4 K3_gap_duration_negative_barrier confirmed anchor,PASS,segments=0
ARC-refinement@th0.1 B=50 s=4 K3_gap_duration_negative_barrier no NaN,PASS,segments=0
ARC-refinement@th0.1 B=50 s=4 K3_gap_duration_negative_barrier nonnegative duration,PASS,segments=0
ARC-refinement@th0.1 B=50 s=4 K3_gap_duration_negative_barrier duration cap,PASS,D_seg_max=60.0
ARC-refinement@th0.1 B=50 s=4 K3_gap_duration_negative_barrier negative barrier,PASS,negatives=0
ARC-refinement@th0.1 B=50 s=4 K4_gap_duration_negative_barrier_selected_expand confirmed anchor,PASS,segments=0
ARC-refinement@th0.1 B=50 s=4 K4_gap_duration_negative_barrier_selected_expand no NaN,PASS,segments=0
ARC-refinement@th0.1 B=50 s=4 K4_gap_duration_negative_barrier_selected_expand nonnegative duration,PASS,segments=0
ARC-refinement@th0.1 B=50 s=4 K4_gap_duration_negative_barrier_selected_expand duration cap,PASS,D_seg_max=60.0
ARC-refinement@th0.1 B=50 s=4 K4_gap_duration_negative_barrier_selected_expand negative barrier,PASS,negatives=0
ARC-refinement@th0.1 B=50 s=4 K4 expansion no unconfirmed seed,PASS,every segment contains queried positive anchor
ARC-refinement@th0.2 B=50 s=4 oracle order,PASS,calls=0
ARC-refinement@th0.2 B=50 s=4 calls <= budget,PASS,calls=0 budget=50
ARC-refinement@th0.2 B=50 s=4 C6_full_EVENT_MATERIALIZE confirmed anchor,PASS,segments=0
ARC-refinement@th0.2 B=50 s=4 C6_full_EVENT_MATERIALIZE no NaN,PASS,segments=0
ARC-refinement@th0.2 B=50 s=4 C6_full_EVENT_MATERIALIZE nonnegative duration,PASS,segments=0
ARC-refinement@th0.2 B=50 s=4 C6_full_EVENT_MATERIALIZE duration cap,PASS,D_seg_max=60.0
ARC-refinement@th0.2 B=50 s=4 C6_full_EVENT_MATERIALIZE negative barrier,PASS,negatives=0
ARC-refinement@th0.2 B=50 s=4 K0_naive_merge confirmed anchor,PASS,segments=0
ARC-refinement@th0.2 B=50 s=4 K0_naive_merge no NaN,PASS,segments=0
ARC-refinement@th0.2 B=50 s=4 K0_naive_merge nonnegative duration,PASS,segments=0
ARC-refinement@th0.2 B=50 s=4 K1_gap_limited confirmed anchor,PASS,segments=0
ARC-refinement@th0.2 B=50 s=4 K1_gap_limited no NaN,PASS,segments=0
ARC-refinement@th0.2 B=50 s=4 K1_gap_limited nonnegative duration,PASS,segments=0
ARC-refinement@th0.2 B=50 s=4 K2_gap_duration confirmed anchor,PASS,segments=0
ARC-refinement@th0.2 B=50 s=4 K2_gap_duration no NaN,PASS,segments=0
ARC-refinement@th0.2 B=50 s=4 K2_gap_duration nonnegative duration,PASS,segments=0
ARC-refinement@th0.2 B=50 s=4 K2_gap_duration duration cap,PASS,D_seg_max=60.0
ARC-refinement@th0.2 B=50 s=4 K3_gap_duration_negative_barrier confirmed anchor,PASS,segments=0
ARC-refinement@th0.2 B=50 s=4 K3_gap_duration_negative_barrier no NaN,PASS,segments=0
ARC-refinement@th0.2 B=50 s=4 K3_gap_duration_negative_barrier nonnegative duration,PASS,segments=0
ARC-refinement@th0.2 B=50 s=4 K3_gap_duration_negative_barrier duration cap,PASS,D_seg_max=60.0
ARC-refinement@th0.2 B=50 s=4 K3_gap_duration_negative_barrier negative barrier,PASS,negatives=0
ARC-refinement@th0.2 B=50 s=4 K4_gap_duration_negative_barrier_selected_expand confirmed anchor,PASS,segments=0
ARC-refinement@th0.2 B=50 s=4 K4_gap_duration_negative_barrier_selected_expand no NaN,PASS,segments=0
ARC-refinement@th0.2 B=50 s=4 K4_gap_duration_negative_barrier_selected_expand nonnegative duration,PASS,segments=0
ARC-refinement@th0.2 B=50 s=4 K4_gap_duration_negative_barrier_selected_expand duration cap,PASS,D_seg_max=60.0
ARC-refinement@th0.2 B=50 s=4 K4_gap_duration_negative_barrier_selected_expand negative barrier,PASS,negatives=0
ARC-refinement@th0.2 B=50 s=4 K4 expansion no unconfirmed seed,PASS,every segment contains queried positive anchor
ARC-refinement@th0.3 B=50 s=4 oracle order,PASS,calls=35
ARC-refinement@th0.3 B=50 s=4 calls <= budget,PASS,calls=35 budget=50
ARC-refinement@th0.3 B=50 s=4 C6_full_EVENT_MATERIALIZE confirmed anchor,PASS,segments=4
ARC-refinement@th0.3 B=50 s=4 C6_full_EVENT_MATERIALIZE no NaN,PASS,segments=4
ARC-refinement@th0.3 B=50 s=4 C6_full_EVENT_MATERIALIZE nonnegative duration,PASS,segments=4
ARC-refinement@th0.3 B=50 s=4 C6_full_EVENT_MATERIALIZE duration cap,PASS,D_seg_max=60.0
ARC-refinement@th0.3 B=50 s=4 C6_full_EVENT_MATERIALIZE negative barrier,PASS,negatives=31
ARC-refinement@th0.3 B=50 s=4 K0_naive_merge confirmed anchor,PASS,segments=1
ARC-refinement@th0.3 B=50 s=4 K0_naive_merge no NaN,PASS,segments=1
ARC-refinement@th0.3 B=50 s=4 K0_naive_merge nonnegative duration,PASS,segments=1
ARC-refinement@th0.3 B=50 s=4 K1_gap_limited confirmed anchor,PASS,segments=4
ARC-refinement@th0.3 B=50 s=4 K1_gap_limited no NaN,PASS,segments=4
ARC-refinement@th0.3 B=50 s=4 K1_gap_limited nonnegative duration,PASS,segments=4
ARC-refinement@th0.3 B=50 s=4 K2_gap_duration confirmed anchor,PASS,segments=4
ARC-refinement@th0.3 B=50 s=4 K2_gap_duration no NaN,PASS,segments=4
ARC-refinement@th0.3 B=50 s=4 K2_gap_duration nonnegative duration,PASS,segments=4
ARC-refinement@th0.3 B=50 s=4 K2_gap_duration duration cap,PASS,D_seg_max=60.0
ARC-refinement@th0.3 B=50 s=4 K3_gap_duration_negative_barrier confirmed anchor,PASS,segments=4
ARC-refinement@th0.3 B=50 s=4 K3_gap_duration_negative_barrier no NaN,PASS,segments=4
ARC-refinement@th0.3 B=50 s=4 K3_gap_duration_negative_barrier nonnegative duration,PASS,segments=4
ARC-refinement@th0.3 B=50 s=4 K3_gap_duration_negative_barrier duration cap,PASS,D_seg_max=60.0
ARC-refinement@th0.3 B=50 s=4 K3_gap_duration_negative_barrier negative barrier,PASS,negatives=31
ARC-refinement@th0.3 B=50 s=4 K4_gap_duration_negative_barrier_selected_expand confirmed anchor,PASS,segments=4
ARC-refinement@th0.3 B=50 s=4 K4_gap_duration_negative_barrier_selected_expand no NaN,PASS,segments=4
ARC-refinement@th0.3 B=50 s=4 K4_gap_duration_negative_barrier_selected_expand nonnegative duration,PASS,segments=4
ARC-refinement@th0.3 B=50 s=4 K4_gap_duration_negative_barrier_selected_expand duration cap,PASS,D_seg_max=60.0
ARC-refinement@th0.3 B=50 s=4 K4_gap_duration_negative_barrier_selected_expand negative barrier,PASS,negatives=31
ARC-refinement@th0.3 B=50 s=4 K4 expansion no unconfirmed seed,PASS,every segment contains queried positive anchor
ARC-refinement@th0.4 B=50 s=4 oracle order,PASS,calls=50
ARC-refinement@th0.4 B=50 s=4 calls <= budget,PASS,calls=50 budget=50
ARC-refinement@th0.4 B=50 s=4 C6_full_EVENT_MATERIALIZE confirmed anchor,PASS,segments=9
ARC-refinement@th0.4 B=50 s=4 C6_full_EVENT_MATERIALIZE no NaN,PASS,segments=9
ARC-refinement@th0.4 B=50 s=4 C6_full_EVENT_MATERIALIZE nonnegative duration,PASS,segments=9
ARC-refinement@th0.4 B=50 s=4 C6_full_EVENT_MATERIALIZE duration cap,PASS,D_seg_max=60.0
ARC-refinement@th0.4 B=50 s=4 C6_full_EVENT_MATERIALIZE negative barrier,PASS,negatives=38
ARC-refinement@th0.4 B=50 s=4 K0_naive_merge confirmed anchor,PASS,segments=1
ARC-refinement@th0.4 B=50 s=4 K0_naive_merge no NaN,PASS,segments=1
ARC-refinement@th0.4 B=50 s=4 K0_naive_merge nonnegative duration,PASS,segments=1
ARC-refinement@th0.4 B=50 s=4 K1_gap_limited confirmed anchor,PASS,segments=8
ARC-refinement@th0.4 B=50 s=4 K1_gap_limited no NaN,PASS,segments=8
ARC-refinement@th0.4 B=50 s=4 K1_gap_limited nonnegative duration,PASS,segments=8
ARC-refinement@th0.4 B=50 s=4 K2_gap_duration confirmed anchor,PASS,segments=8
ARC-refinement@th0.4 B=50 s=4 K2_gap_duration no NaN,PASS,segments=8
ARC-refinement@th0.4 B=50 s=4 K2_gap_duration nonnegative duration,PASS,segments=8
ARC-refinement@th0.4 B=50 s=4 K2_gap_duration duration cap,PASS,D_seg_max=60.0
ARC-refinement@th0.4 B=50 s=4 K3_gap_duration_negative_barrier confirmed anchor,PASS,segments=9
ARC-refinement@th0.4 B=50 s=4 K3_gap_duration_negative_barrier no NaN,PASS,segments=9
ARC-refinement@th0.4 B=50 s=4 K3_gap_duration_negative_barrier nonnegative duration,PASS,segments=9
ARC-refinement@th0.4 B=50 s=4 K3_gap_duration_negative_barrier duration cap,PASS,D_seg_max=60.0
ARC-refinement@th0.4 B=50 s=4 K3_gap_duration_negative_barrier negative barrier,PASS,negatives=38
ARC-refinement@th0.4 B=50 s=4 K4_gap_duration_negative_barrier_selected_expand confirmed anchor,PASS,segments=9
ARC-refinement@th0.4 B=50 s=4 K4_gap_duration_negative_barrier_selected_expand no NaN,PASS,segments=9
ARC-refinement@th0.4 B=50 s=4 K4_gap_duration_negative_barrier_selected_expand nonnegative duration,PASS,segments=9
ARC-refinement@th0.4 B=50 s=4 K4_gap_duration_negative_barrier_selected_expand duration cap,PASS,D_seg_max=60.0
ARC-refinement@th0.4 B=50 s=4 K4_gap_duration_negative_barrier_selected_expand negative barrier,PASS,negatives=38
ARC-refinement@th0.4 B=50 s=4 K4 expansion no unconfirmed seed,PASS,every segment contains queried positive anchor
ARC-refinement@th0.5 B=50 s=4 oracle order,PASS,calls=50
ARC-refinement@th0.5 B=50 s=4 calls <= budget,PASS,calls=50 budget=50
ARC-refinement@th0.5 B=50 s=4 C6_full_EVENT_MATERIALIZE confirmed anchor,PASS,segments=11
ARC-refinement@th0.5 B=50 s=4 C6_full_EVENT_MATERIALIZE no NaN,PASS,segments=11
ARC-refinement@th0.5 B=50 s=4 C6_full_EVENT_MATERIALIZE nonnegative duration,PASS,segments=11
ARC-refinement@th0.5 B=50 s=4 C6_full_EVENT_MATERIALIZE duration cap,PASS,D_seg_max=60.0
ARC-refinement@th0.5 B=50 s=4 C6_full_EVENT_MATERIALIZE negative barrier,PASS,negatives=35
ARC-refinement@th0.5 B=50 s=4 K0_naive_merge confirmed anchor,PASS,segments=1
ARC-refinement@th0.5 B=50 s=4 K0_naive_merge no NaN,PASS,segments=1
ARC-refinement@th0.5 B=50 s=4 K0_naive_merge nonnegative duration,PASS,segments=1
ARC-refinement@th0.5 B=50 s=4 K1_gap_limited confirmed anchor,PASS,segments=8
ARC-refinement@th0.5 B=50 s=4 K1_gap_limited no NaN,PASS,segments=8
ARC-refinement@th0.5 B=50 s=4 K1_gap_limited nonnegative duration,PASS,segments=8
ARC-refinement@th0.5 B=50 s=4 K2_gap_duration confirmed anchor,PASS,segments=10
ARC-refinement@th0.5 B=50 s=4 K2_gap_duration no NaN,PASS,segments=10
ARC-refinement@th0.5 B=50 s=4 K2_gap_duration nonnegative duration,PASS,segments=10
ARC-refinement@th0.5 B=50 s=4 K2_gap_duration duration cap,PASS,D_seg_max=60.0
ARC-refinement@th0.5 B=50 s=4 K3_gap_duration_negative_barrier confirmed anchor,PASS,segments=11
ARC-refinement@th0.5 B=50 s=4 K3_gap_duration_negative_barrier no NaN,PASS,segments=11
ARC-refinement@th0.5 B=50 s=4 K3_gap_duration_negative_barrier nonnegative duration,PASS,segments=11
ARC-refinement@th0.5 B=50 s=4 K3_gap_duration_negative_barrier duration cap,PASS,D_seg_max=60.0
ARC-refinement@th0.5 B=50 s=4 K3_gap_duration_negative_barrier negative barrier,PASS,negatives=35
ARC-refinement@th0.5 B=50 s=4 K4_gap_duration_negative_barrier_selected_expand confirmed anchor,PASS,segments=11
ARC-refinement@th0.5 B=50 s=4 K4_gap_duration_negative_barrier_selected_expand no NaN,PASS,segments=11
ARC-refinement@th0.5 B=50 s=4 K4_gap_duration_negative_barrier_selected_expand nonnegative duration,PASS,segments=11
ARC-refinement@th0.5 B=50 s=4 K4_gap_duration_negative_barrier_selected_expand duration cap,PASS,D_seg_max=60.0
ARC-refinement@th0.5 B=50 s=4 K4_gap_duration_negative_barrier_selected_expand negative barrier,PASS,negatives=35
ARC-refinement@th0.5 B=50 s=4 K4 expansion no unconfirmed seed,PASS,every segment contains queried positive anchor
ARC-refinement@th0.1 B=5 s=0 oracle order,PASS,calls=0
ARC-refinement@th0.1 B=5 s=0 calls <= budget,PASS,calls=0 budget=5
ARC-refinement@th0.1 B=5 s=0 C6_full_EVENT_MATERIALIZE confirmed anchor,PASS,segments=0
ARC-refinement@th0.1 B=5 s=0 C6_full_EVENT_MATERIALIZE no NaN,PASS,segments=0
ARC-refinement@th0.1 B=5 s=0 C6_full_EVENT_MATERIALIZE nonnegative duration,PASS,segments=0
ARC-refinement@th0.1 B=5 s=0 C6_full_EVENT_MATERIALIZE duration cap,PASS,D_seg_max=60.0
ARC-refinement@th0.1 B=5 s=0 C6_full_EVENT_MATERIALIZE negative barrier,PASS,negatives=0
ARC-refinement@th0.1 B=5 s=0 K0_naive_merge confirmed anchor,PASS,segments=0
ARC-refinement@th0.1 B=5 s=0 K0_naive_merge no NaN,PASS,segments=0
ARC-refinement@th0.1 B=5 s=0 K0_naive_merge nonnegative duration,PASS,segments=0
ARC-refinement@th0.1 B=5 s=0 K1_gap_limited confirmed anchor,PASS,segments=0
ARC-refinement@th0.1 B=5 s=0 K1_gap_limited no NaN,PASS,segments=0
ARC-refinement@th0.1 B=5 s=0 K1_gap_limited nonnegative duration,PASS,segments=0
ARC-refinement@th0.1 B=5 s=0 K2_gap_duration confirmed anchor,PASS,segments=0
ARC-refinement@th0.1 B=5 s=0 K2_gap_duration no NaN,PASS,segments=0
ARC-refinement@th0.1 B=5 s=0 K2_gap_duration nonnegative duration,PASS,segments=0
ARC-refinement@th0.1 B=5 s=0 K2_gap_duration duration cap,PASS,D_seg_max=60.0
ARC-refinement@th0.1 B=5 s=0 K3_gap_duration_negative_barrier confirmed anchor,PASS,segments=0
ARC-refinement@th0.1 B=5 s=0 K3_gap_duration_negative_barrier no NaN,PASS,segments=0
ARC-refinement@th0.1 B=5 s=0 K3_gap_duration_negative_barrier nonnegative duration,PASS,segments=0
ARC-refinement@th0.1 B=5 s=0 K3_gap_duration_negative_barrier duration cap,PASS,D_seg_max=60.0
ARC-refinement@th0.1 B=5 s=0 K3_gap_duration_negative_barrier negative barrier,PASS,negatives=0
ARC-refinement@th0.1 B=5 s=0 K4_gap_duration_negative_barrier_selected_expand confirmed anchor,PASS,segments=0
ARC-refinement@th0.1 B=5 s=0 K4_gap_duration_negative_barrier_selected_expand no NaN,PASS,segments=0
ARC-refinement@th0.1 B=5 s=0 K4_gap_duration_negative_barrier_selected_expand nonnegative duration,PASS,segments=0
ARC-refinement@th0.1 B=5 s=0 K4_gap_duration_negative_barrier_selected_expand duration cap,PASS,D_seg_max=60.0
ARC-refinement@th0.1 B=5 s=0 K4_gap_duration_negative_barrier_selected_expand negative barrier,PASS,negatives=0
ARC-refinement@th0.1 B=5 s=0 K4 expansion no unconfirmed seed,PASS,every segment contains queried positive anchor
ARC-refinement@th0.2 B=5 s=0 oracle order,PASS,calls=0
ARC-refinement@th0.2 B=5 s=0 calls <= budget,PASS,calls=0 budget=5
ARC-refinement@th0.2 B=5 s=0 C6_full_EVENT_MATERIALIZE confirmed anchor,PASS,segments=0
ARC-refinement@th0.2 B=5 s=0 C6_full_EVENT_MATERIALIZE no NaN,PASS,segments=0
ARC-refinement@th0.2 B=5 s=0 C6_full_EVENT_MATERIALIZE nonnegative duration,PASS,segments=0
ARC-refinement@th0.2 B=5 s=0 C6_full_EVENT_MATERIALIZE duration cap,PASS,D_seg_max=60.0
ARC-refinement@th0.2 B=5 s=0 C6_full_EVENT_MATERIALIZE negative barrier,PASS,negatives=0
ARC-refinement@th0.2 B=5 s=0 K0_naive_merge confirmed anchor,PASS,segments=0
ARC-refinement@th0.2 B=5 s=0 K0_naive_merge no NaN,PASS,segments=0
ARC-refinement@th0.2 B=5 s=0 K0_naive_merge nonnegative duration,PASS,segments=0
ARC-refinement@th0.2 B=5 s=0 K1_gap_limited confirmed anchor,PASS,segments=0
ARC-refinement@th0.2 B=5 s=0 K1_gap_limited no NaN,PASS,segments=0
ARC-refinement@th0.2 B=5 s=0 K1_gap_limited nonnegative duration,PASS,segments=0
ARC-refinement@th0.2 B=5 s=0 K2_gap_duration confirmed anchor,PASS,segments=0
ARC-refinement@th0.2 B=5 s=0 K2_gap_duration no NaN,PASS,segments=0
ARC-refinement@th0.2 B=5 s=0 K2_gap_duration nonnegative duration,PASS,segments=0
ARC-refinement@th0.2 B=5 s=0 K2_gap_duration duration cap,PASS,D_seg_max=60.0
ARC-refinement@th0.2 B=5 s=0 K3_gap_duration_negative_barrier confirmed anchor,PASS,segments=0
ARC-refinement@th0.2 B=5 s=0 K3_gap_duration_negative_barrier no NaN,PASS,segments=0
ARC-refinement@th0.2 B=5 s=0 K3_gap_duration_negative_barrier nonnegative duration,PASS,segments=0
ARC-refinement@th0.2 B=5 s=0 K3_gap_duration_negative_barrier duration cap,PASS,D_seg_max=60.0
ARC-refinement@th0.2 B=5 s=0 K3_gap_duration_negative_barrier negative barrier,PASS,negatives=0
ARC-refinement@th0.2 B=5 s=0 K4_gap_duration_negative_barrier_selected_expand confirmed anchor,PASS,segments=0
ARC-refinement@th0.2 B=5 s=0 K4_gap_duration_negative_barrier_selected_expand no NaN,PASS,segments=0
ARC-refinement@th0.2 B=5 s=0 K4_gap_duration_negative_barrier_selected_expand nonnegative duration,PASS,segments=0
ARC-refinement@th0.2 B=5 s=0 K4_gap_duration_negative_barrier_selected_expand duration cap,PASS,D_seg_max=60.0
ARC-refinement@th0.2 B=5 s=0 K4_gap_duration_negative_barrier_selected_expand negative barrier,PASS,negatives=0
ARC-refinement@th0.2 B=5 s=0 K4 expansion no unconfirmed seed,PASS,every segment contains queried positive anchor
ARC-refinement@th0.3 B=5 s=0 oracle order,PASS,calls=5
ARC-refinement@th0.3 B=5 s=0 calls <= budget,PASS,calls=5 budget=5
ARC-refinement@th0.3 B=5 s=0 C6_full_EVENT_MATERIALIZE confirmed anchor,PASS,segments=1
ARC-refinement@th0.3 B=5 s=0 C6_full_EVENT_MATERIALIZE no NaN,PASS,segments=1
ARC-refinement@th0.3 B=5 s=0 C6_full_EVENT_MATERIALIZE nonnegative duration,PASS,segments=1
ARC-refinement@th0.3 B=5 s=0 C6_full_EVENT_MATERIALIZE duration cap,PASS,D_seg_max=60.0
ARC-refinement@th0.3 B=5 s=0 C6_full_EVENT_MATERIALIZE negative barrier,PASS,negatives=4
ARC-refinement@th0.3 B=5 s=0 K0_naive_merge confirmed anchor,PASS,segments=1
ARC-refinement@th0.3 B=5 s=0 K0_naive_merge no NaN,PASS,segments=1
ARC-refinement@th0.3 B=5 s=0 K0_naive_merge nonnegative duration,PASS,segments=1
ARC-refinement@th0.3 B=5 s=0 K1_gap_limited confirmed anchor,PASS,segments=1
ARC-refinement@th0.3 B=5 s=0 K1_gap_limited no NaN,PASS,segments=1
ARC-refinement@th0.3 B=5 s=0 K1_gap_limited nonnegative duration,PASS,segments=1
ARC-refinement@th0.3 B=5 s=0 K2_gap_duration confirmed anchor,PASS,segments=1
ARC-refinement@th0.3 B=5 s=0 K2_gap_duration no NaN,PASS,segments=1
ARC-refinement@th0.3 B=5 s=0 K2_gap_duration nonnegative duration,PASS,segments=1
ARC-refinement@th0.3 B=5 s=0 K2_gap_duration duration cap,PASS,D_seg_max=60.0
ARC-refinement@th0.3 B=5 s=0 K3_gap_duration_negative_barrier confirmed anchor,PASS,segments=1
ARC-refinement@th0.3 B=5 s=0 K3_gap_duration_negative_barrier no NaN,PASS,segments=1
ARC-refinement@th0.3 B=5 s=0 K3_gap_duration_negative_barrier nonnegative duration,PASS,segments=1
ARC-refinement@th0.3 B=5 s=0 K3_gap_duration_negative_barrier duration cap,PASS,D_seg_max=60.0
ARC-refinement@th0.3 B=5 s=0 K3_gap_duration_negative_barrier negative barrier,PASS,negatives=4
ARC-refinement@th0.3 B=5 s=0 K4_gap_duration_negative_barrier_selected_expand confirmed anchor,PASS,segments=1
ARC-refinement@th0.3 B=5 s=0 K4_gap_duration_negative_barrier_selected_expand no NaN,PASS,segments=1
ARC-refinement@th0.3 B=5 s=0 K4_gap_duration_negative_barrier_selected_expand nonnegative duration,PASS,segments=1
ARC-refinement@th0.3 B=5 s=0 K4_gap_duration_negative_barrier_selected_expand duration cap,PASS,D_seg_max=60.0
ARC-refinement@th0.3 B=5 s=0 K4_gap_duration_negative_barrier_selected_expand negative barrier,PASS,negatives=4
ARC-refinement@th0.3 B=5 s=0 K4 expansion no unconfirmed seed,PASS,every segment contains queried positive anchor
ARC-refinement@th0.4 B=5 s=0 oracle order,PASS,calls=5
ARC-refinement@th0.4 B=5 s=0 calls <= budget,PASS,calls=5 budget=5
ARC-refinement@th0.4 B=5 s=0 C6_full_EVENT_MATERIALIZE confirmed anchor,PASS,segments=1
ARC-refinement@th0.4 B=5 s=0 C6_full_EVENT_MATERIALIZE no NaN,PASS,segments=1
ARC-refinement@th0.4 B=5 s=0 C6_full_EVENT_MATERIALIZE nonnegative duration,PASS,segments=1
ARC-refinement@th0.4 B=5 s=0 C6_full_EVENT_MATERIALIZE duration cap,PASS,D_seg_max=60.0
ARC-refinement@th0.4 B=5 s=0 C6_full_EVENT_MATERIALIZE negative barrier,PASS,negatives=4
ARC-refinement@th0.4 B=5 s=0 K0_naive_merge confirmed anchor,PASS,segments=1
ARC-refinement@th0.4 B=5 s=0 K0_naive_merge no NaN,PASS,segments=1
ARC-refinement@th0.4 B=5 s=0 K0_naive_merge nonnegative duration,PASS,segments=1
ARC-refinement@th0.4 B=5 s=0 K1_gap_limited confirmed anchor,PASS,segments=1
ARC-refinement@th0.4 B=5 s=0 K1_gap_limited no NaN,PASS,segments=1
ARC-refinement@th0.4 B=5 s=0 K1_gap_limited nonnegative duration,PASS,segments=1
ARC-refinement@th0.4 B=5 s=0 K2_gap_duration confirmed anchor,PASS,segments=1
ARC-refinement@th0.4 B=5 s=0 K2_gap_duration no NaN,PASS,segments=1
ARC-refinement@th0.4 B=5 s=0 K2_gap_duration nonnegative duration,PASS,segments=1
ARC-refinement@th0.4 B=5 s=0 K2_gap_duration duration cap,PASS,D_seg_max=60.0
ARC-refinement@th0.4 B=5 s=0 K3_gap_duration_negative_barrier confirmed anchor,PASS,segments=1
ARC-refinement@th0.4 B=5 s=0 K3_gap_duration_negative_barrier no NaN,PASS,segments=1
ARC-refinement@th0.4 B=5 s=0 K3_gap_duration_negative_barrier nonnegative duration,PASS,segments=1
ARC-refinement@th0.4 B=5 s=0 K3_gap_duration_negative_barrier duration cap,PASS,D_seg_max=60.0
ARC-refinement@th0.4 B=5 s=0 K3_gap_duration_negative_barrier negative barrier,PASS,negatives=4
ARC-refinement@th0.4 B=5 s=0 K4_gap_duration_negative_barrier_selected_expand confirmed anchor,PASS,segments=1
ARC-refinement@th0.4 B=5 s=0 K4_gap_duration_negative_barrier_selected_expand no NaN,PASS,segments=1
ARC-refinement@th0.4 B=5 s=0 K4_gap_duration_negative_barrier_selected_expand nonnegative duration,PASS,segments=1
ARC-refinement@th0.4 B=5 s=0 K4_gap_duration_negative_barrier_selected_expand duration cap,PASS,D_seg_max=60.0
ARC-refinement@th0.4 B=5 s=0 K4_gap_duration_negative_barrier_selected_expand negative barrier,PASS,negatives=4
ARC-refinement@th0.4 B=5 s=0 K4 expansion no unconfirmed seed,PASS,every segment contains queried positive anchor
ARC-refinement@th0.5 B=5 s=0 oracle order,PASS,calls=5
ARC-refinement@th0.5 B=5 s=0 calls <= budget,PASS,calls=5 budget=5
ARC-refinement@th0.5 B=5 s=0 C6_full_EVENT_MATERIALIZE confirmed anchor,PASS,segments=1
ARC-refinement@th0.5 B=5 s=0 C6_full_EVENT_MATERIALIZE no NaN,PASS,segments=1
ARC-refinement@th0.5 B=5 s=0 C6_full_EVENT_MATERIALIZE nonnegative duration,PASS,segments=1
ARC-refinement@th0.5 B=5 s=0 C6_full_EVENT_MATERIALIZE duration cap,PASS,D_seg_max=60.0
ARC-refinement@th0.5 B=5 s=0 C6_full_EVENT_MATERIALIZE negative barrier,PASS,negatives=4
ARC-refinement@th0.5 B=5 s=0 K0_naive_merge confirmed anchor,PASS,segments=1
ARC-refinement@th0.5 B=5 s=0 K0_naive_merge no NaN,PASS,segments=1
ARC-refinement@th0.5 B=5 s=0 K0_naive_merge nonnegative duration,PASS,segments=1
ARC-refinement@th0.5 B=5 s=0 K1_gap_limited confirmed anchor,PASS,segments=1
ARC-refinement@th0.5 B=5 s=0 K1_gap_limited no NaN,PASS,segments=1
ARC-refinement@th0.5 B=5 s=0 K1_gap_limited nonnegative duration,PASS,segments=1
ARC-refinement@th0.5 B=5 s=0 K2_gap_duration confirmed anchor,PASS,segments=1
ARC-refinement@th0.5 B=5 s=0 K2_gap_duration no NaN,PASS,segments=1
ARC-refinement@th0.5 B=5 s=0 K2_gap_duration nonnegative duration,PASS,segments=1
ARC-refinement@th0.5 B=5 s=0 K2_gap_duration duration cap,PASS,D_seg_max=60.0
ARC-refinement@th0.5 B=5 s=0 K3_gap_duration_negative_barrier confirmed anchor,PASS,segments=1
ARC-refinement@th0.5 B=5 s=0 K3_gap_duration_negative_barrier no NaN,PASS,segments=1
ARC-refinement@th0.5 B=5 s=0 K3_gap_duration_negative_barrier nonnegative duration,PASS,segments=1
ARC-refinement@th0.5 B=5 s=0 K3_gap_duration_negative_barrier duration cap,PASS,D_seg_max=60.0
ARC-refinement@th0.5 B=5 s=0 K3_gap_duration_negative_barrier negative barrier,PASS,negatives=4
ARC-refinement@th0.5 B=5 s=0 K4_gap_duration_negative_barrier_selected_expand confirmed anchor,PASS,segments=1
ARC-refinement@th0.5 B=5 s=0 K4_gap_duration_negative_barrier_selected_expand no NaN,PASS,segments=1
ARC-refinement@th0.5 B=5 s=0 K4_gap_duration_negative_barrier_selected_expand nonnegative duration,PASS,segments=1
ARC-refinement@th0.5 B=5 s=0 K4_gap_duration_negative_barrier_selected_expand duration cap,PASS,D_seg_max=60.0
ARC-refinement@th0.5 B=5 s=0 K4_gap_duration_negative_barrier_selected_expand negative barrier,PASS,negatives=4
ARC-refinement@th0.5 B=5 s=0 K4 expansion no unconfirmed seed,PASS,every segment contains queried positive anchor
ARC-refinement@th0.1 B=5 s=1 oracle order,PASS,calls=1
ARC-refinement@th0.1 B=5 s=1 calls <= budget,PASS,calls=1 budget=5
ARC-refinement@th0.1 B=5 s=1 C6_full_EVENT_MATERIALIZE confirmed anchor,PASS,segments=1
ARC-refinement@th0.1 B=5 s=1 C6_full_EVENT_MATERIALIZE no NaN,PASS,segments=1
ARC-refinement@th0.1 B=5 s=1 C6_full_EVENT_MATERIALIZE nonnegative duration,PASS,segments=1
ARC-refinement@th0.1 B=5 s=1 C6_full_EVENT_MATERIALIZE duration cap,PASS,D_seg_max=60.0
ARC-refinement@th0.1 B=5 s=1 C6_full_EVENT_MATERIALIZE negative barrier,PASS,negatives=0
ARC-refinement@th0.1 B=5 s=1 K0_naive_merge confirmed anchor,PASS,segments=1
ARC-refinement@th0.1 B=5 s=1 K0_naive_merge no NaN,PASS,segments=1
ARC-refinement@th0.1 B=5 s=1 K0_naive_merge nonnegative duration,PASS,segments=1
ARC-refinement@th0.1 B=5 s=1 K1_gap_limited confirmed anchor,PASS,segments=1
ARC-refinement@th0.1 B=5 s=1 K1_gap_limited no NaN,PASS,segments=1
ARC-refinement@th0.1 B=5 s=1 K1_gap_limited nonnegative duration,PASS,segments=1
ARC-refinement@th0.1 B=5 s=1 K2_gap_duration confirmed anchor,PASS,segments=1
ARC-refinement@th0.1 B=5 s=1 K2_gap_duration no NaN,PASS,segments=1
ARC-refinement@th0.1 B=5 s=1 K2_gap_duration nonnegative duration,PASS,segments=1
ARC-refinement@th0.1 B=5 s=1 K2_gap_duration duration cap,PASS,D_seg_max=60.0
ARC-refinement@th0.1 B=5 s=1 K3_gap_duration_negative_barrier confirmed anchor,PASS,segments=1
ARC-refinement@th0.1 B=5 s=1 K3_gap_duration_negative_barrier no NaN,PASS,segments=1
ARC-refinement@th0.1 B=5 s=1 K3_gap_duration_negative_barrier nonnegative duration,PASS,segments=1
ARC-refinement@th0.1 B=5 s=1 K3_gap_duration_negative_barrier duration cap,PASS,D_seg_max=60.0
ARC-refinement@th0.1 B=5 s=1 K3_gap_duration_negative_barrier negative barrier,PASS,negatives=0
ARC-refinement@th0.1 B=5 s=1 K4_gap_duration_negative_barrier_selected_expand confirmed anchor,PASS,segments=1
ARC-refinement@th0.1 B=5 s=1 K4_gap_duration_negative_barrier_selected_expand no NaN,PASS,segments=1
ARC-refinement@th0.1 B=5 s=1 K4_gap_duration_negative_barrier_selected_expand nonnegative duration,PASS,segments=1
ARC-refinement@th0.1 B=5 s=1 K4_gap_duration_negative_barrier_selected_expand duration cap,PASS,D_seg_max=60.0
ARC-refinement@th0.1 B=5 s=1 K4_gap_duration_negative_barrier_selected_expand negative barrier,PASS,negatives=0
ARC-refinement@th0.1 B=5 s=1 K4 expansion no unconfirmed seed,PASS,every segment contains queried positive anchor
ARC-refinement@th0.2 B=5 s=1 oracle order,PASS,calls=1
ARC-refinement@th0.2 B=5 s=1 calls <= budget,PASS,calls=1 budget=5
ARC-refinement@th0.2 B=5 s=1 C6_full_EVENT_MATERIALIZE confirmed anchor,PASS,segments=0
ARC-refinement@th0.2 B=5 s=1 C6_full_EVENT_MATERIALIZE no NaN,PASS,segments=0
ARC-refinement@th0.2 B=5 s=1 C6_full_EVENT_MATERIALIZE nonnegative duration,PASS,segments=0
ARC-refinement@th0.2 B=5 s=1 C6_full_EVENT_MATERIALIZE duration cap,PASS,D_seg_max=60.0
ARC-refinement@th0.2 B=5 s=1 C6_full_EVENT_MATERIALIZE negative barrier,PASS,negatives=1
ARC-refinement@th0.2 B=5 s=1 K0_naive_merge confirmed anchor,PASS,segments=0
ARC-refinement@th0.2 B=5 s=1 K0_naive_merge no NaN,PASS,segments=0
ARC-refinement@th0.2 B=5 s=1 K0_naive_merge nonnegative duration,PASS,segments=0
ARC-refinement@th0.2 B=5 s=1 K1_gap_limited confirmed anchor,PASS,segments=0
ARC-refinement@th0.2 B=5 s=1 K1_gap_limited no NaN,PASS,segments=0
ARC-refinement@th0.2 B=5 s=1 K1_gap_limited nonnegative duration,PASS,segments=0
ARC-refinement@th0.2 B=5 s=1 K2_gap_duration confirmed anchor,PASS,segments=0
ARC-refinement@th0.2 B=5 s=1 K2_gap_duration no NaN,PASS,segments=0
ARC-refinement@th0.2 B=5 s=1 K2_gap_duration nonnegative duration,PASS,segments=0
ARC-refinement@th0.2 B=5 s=1 K2_gap_duration duration cap,PASS,D_seg_max=60.0
ARC-refinement@th0.2 B=5 s=1 K3_gap_duration_negative_barrier confirmed anchor,PASS,segments=0
ARC-refinement@th0.2 B=5 s=1 K3_gap_duration_negative_barrier no NaN,PASS,segments=0
ARC-refinement@th0.2 B=5 s=1 K3_gap_duration_negative_barrier nonnegative duration,PASS,segments=0
ARC-refinement@th0.2 B=5 s=1 K3_gap_duration_negative_barrier duration cap,PASS,D_seg_max=60.0
ARC-refinement@th0.2 B=5 s=1 K3_gap_duration_negative_barrier negative barrier,PASS,negatives=1
ARC-refinement@th0.2 B=5 s=1 K4_gap_duration_negative_barrier_selected_expand confirmed anchor,PASS,segments=0
ARC-refinement@th0.2 B=5 s=1 K4_gap_duration_negative_barrier_selected_expand no NaN,PASS,segments=0
ARC-refinement@th0.2 B=5 s=1 K4_gap_duration_negative_barrier_selected_expand nonnegative duration,PASS,segments=0
ARC-refinement@th0.2 B=5 s=1 K4_gap_duration_negative_barrier_selected_expand duration cap,PASS,D_seg_max=60.0
ARC-refinement@th0.2 B=5 s=1 K4_gap_duration_negative_barrier_selected_expand negative barrier,PASS,negatives=1
ARC-refinement@th0.2 B=5 s=1 K4 expansion no unconfirmed seed,PASS,every segment contains queried positive anchor
ARC-refinement@th0.3 B=5 s=1 oracle order,PASS,calls=5
ARC-refinement@th0.3 B=5 s=1 calls <= budget,PASS,calls=5 budget=5
ARC-refinement@th0.3 B=5 s=1 C6_full_EVENT_MATERIALIZE confirmed anchor,PASS,segments=2
ARC-refinement@th0.3 B=5 s=1 C6_full_EVENT_MATERIALIZE no NaN,PASS,segments=2
ARC-refinement@th0.3 B=5 s=1 C6_full_EVENT_MATERIALIZE nonnegative duration,PASS,segments=2
ARC-refinement@th0.3 B=5 s=1 C6_full_EVENT_MATERIALIZE duration cap,PASS,D_seg_max=60.0
ARC-refinement@th0.3 B=5 s=1 C6_full_EVENT_MATERIALIZE negative barrier,PASS,negatives=3
ARC-refinement@th0.3 B=5 s=1 K0_naive_merge confirmed anchor,PASS,segments=1
ARC-refinement@th0.3 B=5 s=1 K0_naive_merge no NaN,PASS,segments=1
ARC-refinement@th0.3 B=5 s=1 K0_naive_merge nonnegative duration,PASS,segments=1
ARC-refinement@th0.3 B=5 s=1 K1_gap_limited confirmed anchor,PASS,segments=2
ARC-refinement@th0.3 B=5 s=1 K1_gap_limited no NaN,PASS,segments=2
ARC-refinement@th0.3 B=5 s=1 K1_gap_limited nonnegative duration,PASS,segments=2
ARC-refinement@th0.3 B=5 s=1 K2_gap_duration confirmed anchor,PASS,segments=2
ARC-refinement@th0.3 B=5 s=1 K2_gap_duration no NaN,PASS,segments=2
ARC-refinement@th0.3 B=5 s=1 K2_gap_duration nonnegative duration,PASS,segments=2
ARC-refinement@th0.3 B=5 s=1 K2_gap_duration duration cap,PASS,D_seg_max=60.0
ARC-refinement@th0.3 B=5 s=1 K3_gap_duration_negative_barrier confirmed anchor,PASS,segments=2
ARC-refinement@th0.3 B=5 s=1 K3_gap_duration_negative_barrier no NaN,PASS,segments=2
ARC-refinement@th0.3 B=5 s=1 K3_gap_duration_negative_barrier nonnegative duration,PASS,segments=2
ARC-refinement@th0.3 B=5 s=1 K3_gap_duration_negative_barrier duration cap,PASS,D_seg_max=60.0
ARC-refinement@th0.3 B=5 s=1 K3_gap_duration_negative_barrier negative barrier,PASS,negatives=3
ARC-refinement@th0.3 B=5 s=1 K4_gap_duration_negative_barrier_selected_expand confirmed anchor,PASS,segments=2
ARC-refinement@th0.3 B=5 s=1 K4_gap_duration_negative_barrier_selected_expand no NaN,PASS,segments=2
ARC-refinement@th0.3 B=5 s=1 K4_gap_duration_negative_barrier_selected_expand nonnegative duration,PASS,segments=2
ARC-refinement@th0.3 B=5 s=1 K4_gap_duration_negative_barrier_selected_expand duration cap,PASS,D_seg_max=60.0
ARC-refinement@th0.3 B=5 s=1 K4_gap_duration_negative_barrier_selected_expand negative barrier,PASS,negatives=3
ARC-refinement@th0.3 B=5 s=1 K4 expansion no unconfirmed seed,PASS,every segment contains queried positive anchor
ARC-refinement@th0.4 B=5 s=1 oracle order,PASS,calls=5
ARC-refinement@th0.4 B=5 s=1 calls <= budget,PASS,calls=5 budget=5
ARC-refinement@th0.4 B=5 s=1 C6_full_EVENT_MATERIALIZE confirmed anchor,PASS,segments=1
ARC-refinement@th0.4 B=5 s=1 C6_full_EVENT_MATERIALIZE no NaN,PASS,segments=1
ARC-refinement@th0.4 B=5 s=1 C6_full_EVENT_MATERIALIZE nonnegative duration,PASS,segments=1
ARC-refinement@th0.4 B=5 s=1 C6_full_EVENT_MATERIALIZE duration cap,PASS,D_seg_max=60.0
ARC-refinement@th0.4 B=5 s=1 C6_full_EVENT_MATERIALIZE negative barrier,PASS,negatives=4
ARC-refinement@th0.4 B=5 s=1 K0_naive_merge confirmed anchor,PASS,segments=1
ARC-refinement@th0.4 B=5 s=1 K0_naive_merge no NaN,PASS,segments=1
ARC-refinement@th0.4 B=5 s=1 K0_naive_merge nonnegative duration,PASS,segments=1
ARC-refinement@th0.4 B=5 s=1 K1_gap_limited confirmed anchor,PASS,segments=1
ARC-refinement@th0.4 B=5 s=1 K1_gap_limited no NaN,PASS,segments=1
ARC-refinement@th0.4 B=5 s=1 K1_gap_limited nonnegative duration,PASS,segments=1
ARC-refinement@th0.4 B=5 s=1 K2_gap_duration confirmed anchor,PASS,segments=1
ARC-refinement@th0.4 B=5 s=1 K2_gap_duration no NaN,PASS,segments=1
ARC-refinement@th0.4 B=5 s=1 K2_gap_duration nonnegative duration,PASS,segments=1
ARC-refinement@th0.4 B=5 s=1 K2_gap_duration duration cap,PASS,D_seg_max=60.0
ARC-refinement@th0.4 B=5 s=1 K3_gap_duration_negative_barrier confirmed anchor,PASS,segments=1
ARC-refinement@th0.4 B=5 s=1 K3_gap_duration_negative_barrier no NaN,PASS,segments=1
ARC-refinement@th0.4 B=5 s=1 K3_gap_duration_negative_barrier nonnegative duration,PASS,segments=1
ARC-refinement@th0.4 B=5 s=1 K3_gap_duration_negative_barrier duration cap,PASS,D_seg_max=60.0
ARC-refinement@th0.4 B=5 s=1 K3_gap_duration_negative_barrier negative barrier,PASS,negatives=4
ARC-refinement@th0.4 B=5 s=1 K4_gap_duration_negative_barrier_selected_expand confirmed anchor,PASS,segments=1
ARC-refinement@th0.4 B=5 s=1 K4_gap_duration_negative_barrier_selected_expand no NaN,PASS,segments=1
ARC-refinement@th0.4 B=5 s=1 K4_gap_duration_negative_barrier_selected_expand nonnegative duration,PASS,segments=1
ARC-refinement@th0.4 B=5 s=1 K4_gap_duration_negative_barrier_selected_expand duration cap,PASS,D_seg_max=60.0
ARC-refinement@th0.4 B=5 s=1 K4_gap_duration_negative_barrier_selected_expand negative barrier,PASS,negatives=4
ARC-refinement@th0.4 B=5 s=1 K4 expansion no unconfirmed seed,PASS,every segment contains queried positive anchor
ARC-refinement@th0.5 B=5 s=1 oracle order,PASS,calls=5
ARC-refinement@th0.5 B=5 s=1 calls <= budget,PASS,calls=5 budget=5
ARC-refinement@th0.5 B=5 s=1 C6_full_EVENT_MATERIALIZE confirmed anchor,PASS,segments=1
ARC-refinement@th0.5 B=5 s=1 C6_full_EVENT_MATERIALIZE no NaN,PASS,segments=1
ARC-refinement@th0.5 B=5 s=1 C6_full_EVENT_MATERIALIZE nonnegative duration,PASS,segments=1
ARC-refinement@th0.5 B=5 s=1 C6_full_EVENT_MATERIALIZE duration cap,PASS,D_seg_max=60.0
ARC-refinement@th0.5 B=5 s=1 C6_full_EVENT_MATERIALIZE negative barrier,PASS,negatives=2
ARC-refinement@th0.5 B=5 s=1 K0_naive_merge confirmed anchor,PASS,segments=1
ARC-refinement@th0.5 B=5 s=1 K0_naive_merge no NaN,PASS,segments=1
ARC-refinement@th0.5 B=5 s=1 K0_naive_merge nonnegative duration,PASS,segments=1
ARC-refinement@th0.5 B=5 s=1 K1_gap_limited confirmed anchor,PASS,segments=1
ARC-refinement@th0.5 B=5 s=1 K1_gap_limited no NaN,PASS,segments=1
ARC-refinement@th0.5 B=5 s=1 K1_gap_limited nonnegative duration,PASS,segments=1
ARC-refinement@th0.5 B=5 s=1 K2_gap_duration confirmed anchor,PASS,segments=1
ARC-refinement@th0.5 B=5 s=1 K2_gap_duration no NaN,PASS,segments=1
ARC-refinement@th0.5 B=5 s=1 K2_gap_duration nonnegative duration,PASS,segments=1
ARC-refinement@th0.5 B=5 s=1 K2_gap_duration duration cap,PASS,D_seg_max=60.0
ARC-refinement@th0.5 B=5 s=1 K3_gap_duration_negative_barrier confirmed anchor,PASS,segments=1
ARC-refinement@th0.5 B=5 s=1 K3_gap_duration_negative_barrier no NaN,PASS,segments=1
ARC-refinement@th0.5 B=5 s=1 K3_gap_duration_negative_barrier nonnegative duration,PASS,segments=1
ARC-refinement@th0.5 B=5 s=1 K3_gap_duration_negative_barrier duration cap,PASS,D_seg_max=60.0
ARC-refinement@th0.5 B=5 s=1 K3_gap_duration_negative_barrier negative barrier,PASS,negatives=2
ARC-refinement@th0.5 B=5 s=1 K4_gap_duration_negative_barrier_selected_expand confirmed anchor,PASS,segments=1
ARC-refinement@th0.5 B=5 s=1 K4_gap_duration_negative_barrier_selected_expand no NaN,PASS,segments=1
ARC-refinement@th0.5 B=5 s=1 K4_gap_duration_negative_barrier_selected_expand nonnegative duration,PASS,segments=1
ARC-refinement@th0.5 B=5 s=1 K4_gap_duration_negative_barrier_selected_expand duration cap,PASS,D_seg_max=60.0
ARC-refinement@th0.5 B=5 s=1 K4_gap_duration_negative_barrier_selected_expand negative barrier,PASS,negatives=2
ARC-refinement@th0.5 B=5 s=1 K4 expansion no unconfirmed seed,PASS,every segment contains queried positive anchor
ARC-refinement@th0.1 B=5 s=2 oracle order,PASS,calls=2
ARC-refinement@th0.1 B=5 s=2 calls <= budget,PASS,calls=2 budget=5
ARC-refinement@th0.1 B=5 s=2 C6_full_EVENT_MATERIALIZE confirmed anchor,PASS,segments=1
ARC-refinement@th0.1 B=5 s=2 C6_full_EVENT_MATERIALIZE no NaN,PASS,segments=1
ARC-refinement@th0.1 B=5 s=2 C6_full_EVENT_MATERIALIZE nonnegative duration,PASS,segments=1
ARC-refinement@th0.1 B=5 s=2 C6_full_EVENT_MATERIALIZE duration cap,PASS,D_seg_max=60.0
ARC-refinement@th0.1 B=5 s=2 C6_full_EVENT_MATERIALIZE negative barrier,PASS,negatives=0
ARC-refinement@th0.1 B=5 s=2 K0_naive_merge confirmed anchor,PASS,segments=1
ARC-refinement@th0.1 B=5 s=2 K0_naive_merge no NaN,PASS,segments=1
ARC-refinement@th0.1 B=5 s=2 K0_naive_merge nonnegative duration,PASS,segments=1
ARC-refinement@th0.1 B=5 s=2 K1_gap_limited confirmed anchor,PASS,segments=1
ARC-refinement@th0.1 B=5 s=2 K1_gap_limited no NaN,PASS,segments=1
ARC-refinement@th0.1 B=5 s=2 K1_gap_limited nonnegative duration,PASS,segments=1
ARC-refinement@th0.1 B=5 s=2 K2_gap_duration confirmed anchor,PASS,segments=1
ARC-refinement@th0.1 B=5 s=2 K2_gap_duration no NaN,PASS,segments=1
ARC-refinement@th0.1 B=5 s=2 K2_gap_duration nonnegative duration,PASS,segments=1
ARC-refinement@th0.1 B=5 s=2 K2_gap_duration duration cap,PASS,D_seg_max=60.0
ARC-refinement@th0.1 B=5 s=2 K3_gap_duration_negative_barrier confirmed anchor,PASS,segments=1
ARC-refinement@th0.1 B=5 s=2 K3_gap_duration_negative_barrier no NaN,PASS,segments=1
ARC-refinement@th0.1 B=5 s=2 K3_gap_duration_negative_barrier nonnegative duration,PASS,segments=1
ARC-refinement@th0.1 B=5 s=2 K3_gap_duration_negative_barrier duration cap,PASS,D_seg_max=60.0
ARC-refinement@th0.1 B=5 s=2 K3_gap_duration_negative_barrier negative barrier,PASS,negatives=0
ARC-refinement@th0.1 B=5 s=2 K4_gap_duration_negative_barrier_selected_expand confirmed anchor,PASS,segments=1
ARC-refinement@th0.1 B=5 s=2 K4_gap_duration_negative_barrier_selected_expand no NaN,PASS,segments=1
ARC-refinement@th0.1 B=5 s=2 K4_gap_duration_negative_barrier_selected_expand nonnegative duration,PASS,segments=1
ARC-refinement@th0.1 B=5 s=2 K4_gap_duration_negative_barrier_selected_expand duration cap,PASS,D_seg_max=60.0
ARC-refinement@th0.1 B=5 s=2 K4_gap_duration_negative_barrier_selected_expand negative barrier,PASS,negatives=0
ARC-refinement@th0.1 B=5 s=2 K4 expansion no unconfirmed seed,PASS,every segment contains queried positive anchor
ARC-refinement@th0.2 B=5 s=2 oracle order,PASS,calls=2
ARC-refinement@th0.2 B=5 s=2 calls <= budget,PASS,calls=2 budget=5
ARC-refinement@th0.2 B=5 s=2 C6_full_EVENT_MATERIALIZE confirmed anchor,PASS,segments=0
ARC-refinement@th0.2 B=5 s=2 C6_full_EVENT_MATERIALIZE no NaN,PASS,segments=0
ARC-refinement@th0.2 B=5 s=2 C6_full_EVENT_MATERIALIZE nonnegative duration,PASS,segments=0
ARC-refinement@th0.2 B=5 s=2 C6_full_EVENT_MATERIALIZE duration cap,PASS,D_seg_max=60.0
ARC-refinement@th0.2 B=5 s=2 C6_full_EVENT_MATERIALIZE negative barrier,PASS,negatives=2
ARC-refinement@th0.2 B=5 s=2 K0_naive_merge confirmed anchor,PASS,segments=0
ARC-refinement@th0.2 B=5 s=2 K0_naive_merge no NaN,PASS,segments=0
ARC-refinement@th0.2 B=5 s=2 K0_naive_merge nonnegative duration,PASS,segments=0
ARC-refinement@th0.2 B=5 s=2 K1_gap_limited confirmed anchor,PASS,segments=0
ARC-refinement@th0.2 B=5 s=2 K1_gap_limited no NaN,PASS,segments=0
ARC-refinement@th0.2 B=5 s=2 K1_gap_limited nonnegative duration,PASS,segments=0
ARC-refinement@th0.2 B=5 s=2 K2_gap_duration confirmed anchor,PASS,segments=0
ARC-refinement@th0.2 B=5 s=2 K2_gap_duration no NaN,PASS,segments=0
ARC-refinement@th0.2 B=5 s=2 K2_gap_duration nonnegative duration,PASS,segments=0
ARC-refinement@th0.2 B=5 s=2 K2_gap_duration duration cap,PASS,D_seg_max=60.0
ARC-refinement@th0.2 B=5 s=2 K3_gap_duration_negative_barrier confirmed anchor,PASS,segments=0
ARC-refinement@th0.2 B=5 s=2 K3_gap_duration_negative_barrier no NaN,PASS,segments=0
ARC-refinement@th0.2 B=5 s=2 K3_gap_duration_negative_barrier nonnegative duration,PASS,segments=0
ARC-refinement@th0.2 B=5 s=2 K3_gap_duration_negative_barrier duration cap,PASS,D_seg_max=60.0
ARC-refinement@th0.2 B=5 s=2 K3_gap_duration_negative_barrier negative barrier,PASS,negatives=2
ARC-refinement@th0.2 B=5 s=2 K4_gap_duration_negative_barrier_selected_expand confirmed anchor,PASS,segments=0
ARC-refinement@th0.2 B=5 s=2 K4_gap_duration_negative_barrier_selected_expand no NaN,PASS,segments=0
ARC-refinement@th0.2 B=5 s=2 K4_gap_duration_negative_barrier_selected_expand nonnegative duration,PASS,segments=0
ARC-refinement@th0.2 B=5 s=2 K4_gap_duration_negative_barrier_selected_expand duration cap,PASS,D_seg_max=60.0
ARC-refinement@th0.2 B=5 s=2 K4_gap_duration_negative_barrier_selected_expand negative barrier,PASS,negatives=2
ARC-refinement@th0.2 B=5 s=2 K4 expansion no unconfirmed seed,PASS,every segment contains queried positive anchor
ARC-refinement@th0.3 B=5 s=2 oracle order,PASS,calls=5
ARC-refinement@th0.3 B=5 s=2 calls <= budget,PASS,calls=5 budget=5
ARC-refinement@th0.3 B=5 s=2 C6_full_EVENT_MATERIALIZE confirmed anchor,PASS,segments=2
ARC-refinement@th0.3 B=5 s=2 C6_full_EVENT_MATERIALIZE no NaN,PASS,segments=2
ARC-refinement@th0.3 B=5 s=2 C6_full_EVENT_MATERIALIZE nonnegative duration,PASS,segments=2
ARC-refinement@th0.3 B=5 s=2 C6_full_EVENT_MATERIALIZE duration cap,PASS,D_seg_max=60.0
ARC-refinement@th0.3 B=5 s=2 C6_full_EVENT_MATERIALIZE negative barrier,PASS,negatives=3
ARC-refinement@th0.3 B=5 s=2 K0_naive_merge confirmed anchor,PASS,segments=1
ARC-refinement@th0.3 B=5 s=2 K0_naive_merge no NaN,PASS,segments=1
ARC-refinement@th0.3 B=5 s=2 K0_naive_merge nonnegative duration,PASS,segments=1
ARC-refinement@th0.3 B=5 s=2 K1_gap_limited confirmed anchor,PASS,segments=2
ARC-refinement@th0.3 B=5 s=2 K1_gap_limited no NaN,PASS,segments=2
ARC-refinement@th0.3 B=5 s=2 K1_gap_limited nonnegative duration,PASS,segments=2
ARC-refinement@th0.3 B=5 s=2 K2_gap_duration confirmed anchor,PASS,segments=2
ARC-refinement@th0.3 B=5 s=2 K2_gap_duration no NaN,PASS,segments=2
ARC-refinement@th0.3 B=5 s=2 K2_gap_duration nonnegative duration,PASS,segments=2
ARC-refinement@th0.3 B=5 s=2 K2_gap_duration duration cap,PASS,D_seg_max=60.0
ARC-refinement@th0.3 B=5 s=2 K3_gap_duration_negative_barrier confirmed anchor,PASS,segments=2
ARC-refinement@th0.3 B=5 s=2 K3_gap_duration_negative_barrier no NaN,PASS,segments=2
ARC-refinement@th0.3 B=5 s=2 K3_gap_duration_negative_barrier nonnegative duration,PASS,segments=2
ARC-refinement@th0.3 B=5 s=2 K3_gap_duration_negative_barrier duration cap,PASS,D_seg_max=60.0
ARC-refinement@th0.3 B=5 s=2 K3_gap_duration_negative_barrier negative barrier,PASS,negatives=3
ARC-refinement@th0.3 B=5 s=2 K4_gap_duration_negative_barrier_selected_expand confirmed anchor,PASS,segments=2
ARC-refinement@th0.3 B=5 s=2 K4_gap_duration_negative_barrier_selected_expand no NaN,PASS,segments=2
ARC-refinement@th0.3 B=5 s=2 K4_gap_duration_negative_barrier_selected_expand nonnegative duration,PASS,segments=2
ARC-refinement@th0.3 B=5 s=2 K4_gap_duration_negative_barrier_selected_expand duration cap,PASS,D_seg_max=60.0
ARC-refinement@th0.3 B=5 s=2 K4_gap_duration_negative_barrier_selected_expand negative barrier,PASS,negatives=3
ARC-refinement@th0.3 B=5 s=2 K4 expansion no unconfirmed seed,PASS,every segment contains queried positive anchor
ARC-refinement@th0.4 B=5 s=2 oracle order,PASS,calls=5
ARC-refinement@th0.4 B=5 s=2 calls <= budget,PASS,calls=5 budget=5
ARC-refinement@th0.4 B=5 s=2 C6_full_EVENT_MATERIALIZE confirmed anchor,PASS,segments=1
ARC-refinement@th0.4 B=5 s=2 C6_full_EVENT_MATERIALIZE no NaN,PASS,segments=1
ARC-refinement@th0.4 B=5 s=2 C6_full_EVENT_MATERIALIZE nonnegative duration,PASS,segments=1
ARC-refinement@th0.4 B=5 s=2 C6_full_EVENT_MATERIALIZE duration cap,PASS,D_seg_max=60.0
ARC-refinement@th0.4 B=5 s=2 C6_full_EVENT_MATERIALIZE negative barrier,PASS,negatives=4
ARC-refinement@th0.4 B=5 s=2 K0_naive_merge confirmed anchor,PASS,segments=1
ARC-refinement@th0.4 B=5 s=2 K0_naive_merge no NaN,PASS,segments=1
ARC-refinement@th0.4 B=5 s=2 K0_naive_merge nonnegative duration,PASS,segments=1
ARC-refinement@th0.4 B=5 s=2 K1_gap_limited confirmed anchor,PASS,segments=1
ARC-refinement@th0.4 B=5 s=2 K1_gap_limited no NaN,PASS,segments=1
ARC-refinement@th0.4 B=5 s=2 K1_gap_limited nonnegative duration,PASS,segments=1
ARC-refinement@th0.4 B=5 s=2 K2_gap_duration confirmed anchor,PASS,segments=1
ARC-refinement@th0.4 B=5 s=2 K2_gap_duration no NaN,PASS,segments=1
ARC-refinement@th0.4 B=5 s=2 K2_gap_duration nonnegative duration,PASS,segments=1
ARC-refinement@th0.4 B=5 s=2 K2_gap_duration duration cap,PASS,D_seg_max=60.0
ARC-refinement@th0.4 B=5 s=2 K3_gap_duration_negative_barrier confirmed anchor,PASS,segments=1
ARC-refinement@th0.4 B=5 s=2 K3_gap_duration_negative_barrier no NaN,PASS,segments=1
ARC-refinement@th0.4 B=5 s=2 K3_gap_duration_negative_barrier nonnegative duration,PASS,segments=1
ARC-refinement@th0.4 B=5 s=2 K3_gap_duration_negative_barrier duration cap,PASS,D_seg_max=60.0
ARC-refinement@th0.4 B=5 s=2 K3_gap_duration_negative_barrier negative barrier,PASS,negatives=4
ARC-refinement@th0.4 B=5 s=2 K4_gap_duration_negative_barrier_selected_expand confirmed anchor,PASS,segments=1
ARC-refinement@th0.4 B=5 s=2 K4_gap_duration_negative_barrier_selected_expand no NaN,PASS,segments=1
ARC-refinement@th0.4 B=5 s=2 K4_gap_duration_negative_barrier_selected_expand nonnegative duration,PASS,segments=1
ARC-refinement@th0.4 B=5 s=2 K4_gap_duration_negative_barrier_selected_expand duration cap,PASS,D_seg_max=60.0
ARC-refinement@th0.4 B=5 s=2 K4_gap_duration_negative_barrier_selected_expand negative barrier,PASS,negatives=4
ARC-refinement@th0.4 B=5 s=2 K4 expansion no unconfirmed seed,PASS,every segment contains queried positive anchor
ARC-refinement@th0.5 B=5 s=2 oracle order,PASS,calls=5
ARC-refinement@th0.5 B=5 s=2 calls <= budget,PASS,calls=5 budget=5
ARC-refinement@th0.5 B=5 s=2 C6_full_EVENT_MATERIALIZE confirmed anchor,PASS,segments=1
ARC-refinement@th0.5 B=5 s=2 C6_full_EVENT_MATERIALIZE no NaN,PASS,segments=1
ARC-refinement@th0.5 B=5 s=2 C6_full_EVENT_MATERIALIZE nonnegative duration,PASS,segments=1
ARC-refinement@th0.5 B=5 s=2 C6_full_EVENT_MATERIALIZE duration cap,PASS,D_seg_max=60.0
ARC-refinement@th0.5 B=5 s=2 C6_full_EVENT_MATERIALIZE negative barrier,PASS,negatives=2
ARC-refinement@th0.5 B=5 s=2 K0_naive_merge confirmed anchor,PASS,segments=1
ARC-refinement@th0.5 B=5 s=2 K0_naive_merge no NaN,PASS,segments=1
ARC-refinement@th0.5 B=5 s=2 K0_naive_merge nonnegative duration,PASS,segments=1
ARC-refinement@th0.5 B=5 s=2 K1_gap_limited confirmed anchor,PASS,segments=1
ARC-refinement@th0.5 B=5 s=2 K1_gap_limited no NaN,PASS,segments=1
ARC-refinement@th0.5 B=5 s=2 K1_gap_limited nonnegative duration,PASS,segments=1
ARC-refinement@th0.5 B=5 s=2 K2_gap_duration confirmed anchor,PASS,segments=1
ARC-refinement@th0.5 B=5 s=2 K2_gap_duration no NaN,PASS,segments=1
ARC-refinement@th0.5 B=5 s=2 K2_gap_duration nonnegative duration,PASS,segments=1
ARC-refinement@th0.5 B=5 s=2 K2_gap_duration duration cap,PASS,D_seg_max=60.0
ARC-refinement@th0.5 B=5 s=2 K3_gap_duration_negative_barrier confirmed anchor,PASS,segments=1
ARC-refinement@th0.5 B=5 s=2 K3_gap_duration_negative_barrier no NaN,PASS,segments=1
ARC-refinement@th0.5 B=5 s=2 K3_gap_duration_negative_barrier nonnegative duration,PASS,segments=1
ARC-refinement@th0.5 B=5 s=2 K3_gap_duration_negative_barrier duration cap,PASS,D_seg_max=60.0
ARC-refinement@th0.5 B=5 s=2 K3_gap_duration_negative_barrier negative barrier,PASS,negatives=2
ARC-refinement@th0.5 B=5 s=2 K4_gap_duration_negative_barrier_selected_expand confirmed anchor,PASS,segments=1
ARC-refinement@th0.5 B=5 s=2 K4_gap_duration_negative_barrier_selected_expand no NaN,PASS,segments=1
ARC-refinement@th0.5 B=5 s=2 K4_gap_duration_negative_barrier_selected_expand nonnegative duration,PASS,segments=1
ARC-refinement@th0.5 B=5 s=2 K4_gap_duration_negative_barrier_selected_expand duration cap,PASS,D_seg_max=60.0
ARC-refinement@th0.5 B=5 s=2 K4_gap_duration_negative_barrier_selected_expand negative barrier,PASS,negatives=2
ARC-refinement@th0.5 B=5 s=2 K4 expansion no unconfirmed seed,PASS,every segment contains queried positive anchor
ARC-refinement@th0.1 B=5 s=3 oracle order,PASS,calls=0
ARC-refinement@th0.1 B=5 s=3 calls <= budget,PASS,calls=0 budget=5
ARC-refinement@th0.1 B=5 s=3 C6_full_EVENT_MATERIALIZE confirmed anchor,PASS,segments=0
ARC-refinement@th0.1 B=5 s=3 C6_full_EVENT_MATERIALIZE no NaN,PASS,segments=0
ARC-refinement@th0.1 B=5 s=3 C6_full_EVENT_MATERIALIZE nonnegative duration,PASS,segments=0
ARC-refinement@th0.1 B=5 s=3 C6_full_EVENT_MATERIALIZE duration cap,PASS,D_seg_max=60.0
ARC-refinement@th0.1 B=5 s=3 C6_full_EVENT_MATERIALIZE negative barrier,PASS,negatives=0
ARC-refinement@th0.1 B=5 s=3 K0_naive_merge confirmed anchor,PASS,segments=0
ARC-refinement@th0.1 B=5 s=3 K0_naive_merge no NaN,PASS,segments=0
ARC-refinement@th0.1 B=5 s=3 K0_naive_merge nonnegative duration,PASS,segments=0
ARC-refinement@th0.1 B=5 s=3 K1_gap_limited confirmed anchor,PASS,segments=0
ARC-refinement@th0.1 B=5 s=3 K1_gap_limited no NaN,PASS,segments=0
ARC-refinement@th0.1 B=5 s=3 K1_gap_limited nonnegative duration,PASS,segments=0
ARC-refinement@th0.1 B=5 s=3 K2_gap_duration confirmed anchor,PASS,segments=0
ARC-refinement@th0.1 B=5 s=3 K2_gap_duration no NaN,PASS,segments=0
ARC-refinement@th0.1 B=5 s=3 K2_gap_duration nonnegative duration,PASS,segments=0
ARC-refinement@th0.1 B=5 s=3 K2_gap_duration duration cap,PASS,D_seg_max=60.0
ARC-refinement@th0.1 B=5 s=3 K3_gap_duration_negative_barrier confirmed anchor,PASS,segments=0
ARC-refinement@th0.1 B=5 s=3 K3_gap_duration_negative_barrier no NaN,PASS,segments=0
ARC-refinement@th0.1 B=5 s=3 K3_gap_duration_negative_barrier nonnegative duration,PASS,segments=0
ARC-refinement@th0.1 B=5 s=3 K3_gap_duration_negative_barrier duration cap,PASS,D_seg_max=60.0
ARC-refinement@th0.1 B=5 s=3 K3_gap_duration_negative_barrier negative barrier,PASS,negatives=0
ARC-refinement@th0.1 B=5 s=3 K4_gap_duration_negative_barrier_selected_expand confirmed anchor,PASS,segments=0
ARC-refinement@th0.1 B=5 s=3 K4_gap_duration_negative_barrier_selected_expand no NaN,PASS,segments=0
ARC-refinement@th0.1 B=5 s=3 K4_gap_duration_negative_barrier_selected_expand nonnegative duration,PASS,segments=0
ARC-refinement@th0.1 B=5 s=3 K4_gap_duration_negative_barrier_selected_expand duration cap,PASS,D_seg_max=60.0
ARC-refinement@th0.1 B=5 s=3 K4_gap_duration_negative_barrier_selected_expand negative barrier,PASS,negatives=0
ARC-refinement@th0.1 B=5 s=3 K4 expansion no unconfirmed seed,PASS,every segment contains queried positive anchor
ARC-refinement@th0.2 B=5 s=3 oracle order,PASS,calls=0
ARC-refinement@th0.2 B=5 s=3 calls <= budget,PASS,calls=0 budget=5
ARC-refinement@th0.2 B=5 s=3 C6_full_EVENT_MATERIALIZE confirmed anchor,PASS,segments=0
ARC-refinement@th0.2 B=5 s=3 C6_full_EVENT_MATERIALIZE no NaN,PASS,segments=0
ARC-refinement@th0.2 B=5 s=3 C6_full_EVENT_MATERIALIZE nonnegative duration,PASS,segments=0
ARC-refinement@th0.2 B=5 s=3 C6_full_EVENT_MATERIALIZE duration cap,PASS,D_seg_max=60.0
ARC-refinement@th0.2 B=5 s=3 C6_full_EVENT_MATERIALIZE negative barrier,PASS,negatives=0
ARC-refinement@th0.2 B=5 s=3 K0_naive_merge confirmed anchor,PASS,segments=0
ARC-refinement@th0.2 B=5 s=3 K0_naive_merge no NaN,PASS,segments=0
ARC-refinement@th0.2 B=5 s=3 K0_naive_merge nonnegative duration,PASS,segments=0
ARC-refinement@th0.2 B=5 s=3 K1_gap_limited confirmed anchor,PASS,segments=0
ARC-refinement@th0.2 B=5 s=3 K1_gap_limited no NaN,PASS,segments=0
ARC-refinement@th0.2 B=5 s=3 K1_gap_limited nonnegative duration,PASS,segments=0
ARC-refinement@th0.2 B=5 s=3 K2_gap_duration confirmed anchor,PASS,segments=0
ARC-refinement@th0.2 B=5 s=3 K2_gap_duration no NaN,PASS,segments=0
ARC-refinement@th0.2 B=5 s=3 K2_gap_duration nonnegative duration,PASS,segments=0
ARC-refinement@th0.2 B=5 s=3 K2_gap_duration duration cap,PASS,D_seg_max=60.0
ARC-refinement@th0.2 B=5 s=3 K3_gap_duration_negative_barrier confirmed anchor,PASS,segments=0
ARC-refinement@th0.2 B=5 s=3 K3_gap_duration_negative_barrier no NaN,PASS,segments=0
ARC-refinement@th0.2 B=5 s=3 K3_gap_duration_negative_barrier nonnegative duration,PASS,segments=0
ARC-refinement@th0.2 B=5 s=3 K3_gap_duration_negative_barrier duration cap,PASS,D_seg_max=60.0
ARC-refinement@th0.2 B=5 s=3 K3_gap_duration_negative_barrier negative barrier,PASS,negatives=0
ARC-refinement@th0.2 B=5 s=3 K4_gap_duration_negative_barrier_selected_expand confirmed anchor,PASS,segments=0
ARC-refinement@th0.2 B=5 s=3 K4_gap_duration_negative_barrier_selected_expand no NaN,PASS,segments=0
ARC-refinement@th0.2 B=5 s=3 K4_gap_duration_negative_barrier_selected_expand nonnegative duration,PASS,segments=0
ARC-refinement@th0.2 B=5 s=3 K4_gap_duration_negative_barrier_selected_expand duration cap,PASS,D_seg_max=60.0
ARC-refinement@th0.2 B=5 s=3 K4_gap_duration_negative_barrier_selected_expand negative barrier,PASS,negatives=0
ARC-refinement@th0.2 B=5 s=3 K4 expansion no unconfirmed seed,PASS,every segment contains queried positive anchor
ARC-refinement@th0.3 B=5 s=3 oracle order,PASS,calls=5
ARC-refinement@th0.3 B=5 s=3 calls <= budget,PASS,calls=5 budget=5
ARC-refinement@th0.3 B=5 s=3 C6_full_EVENT_MATERIALIZE confirmed anchor,PASS,segments=0
ARC-refinement@th0.3 B=5 s=3 C6_full_EVENT_MATERIALIZE no NaN,PASS,segments=0
ARC-refinement@th0.3 B=5 s=3 C6_full_EVENT_MATERIALIZE nonnegative duration,PASS,segments=0
ARC-refinement@th0.3 B=5 s=3 C6_full_EVENT_MATERIALIZE duration cap,PASS,D_seg_max=60.0
ARC-refinement@th0.3 B=5 s=3 C6_full_EVENT_MATERIALIZE negative barrier,PASS,negatives=5
ARC-refinement@th0.3 B=5 s=3 K0_naive_merge confirmed anchor,PASS,segments=0
ARC-refinement@th0.3 B=5 s=3 K0_naive_merge no NaN,PASS,segments=0
ARC-refinement@th0.3 B=5 s=3 K0_naive_merge nonnegative duration,PASS,segments=0
ARC-refinement@th0.3 B=5 s=3 K1_gap_limited confirmed anchor,PASS,segments=0
ARC-refinement@th0.3 B=5 s=3 K1_gap_limited no NaN,PASS,segments=0
ARC-refinement@th0.3 B=5 s=3 K1_gap_limited nonnegative duration,PASS,segments=0
ARC-refinement@th0.3 B=5 s=3 K2_gap_duration confirmed anchor,PASS,segments=0
ARC-refinement@th0.3 B=5 s=3 K2_gap_duration no NaN,PASS,segments=0
ARC-refinement@th0.3 B=5 s=3 K2_gap_duration nonnegative duration,PASS,segments=0
ARC-refinement@th0.3 B=5 s=3 K2_gap_duration duration cap,PASS,D_seg_max=60.0
ARC-refinement@th0.3 B=5 s=3 K3_gap_duration_negative_barrier confirmed anchor,PASS,segments=0
ARC-refinement@th0.3 B=5 s=3 K3_gap_duration_negative_barrier no NaN,PASS,segments=0
ARC-refinement@th0.3 B=5 s=3 K3_gap_duration_negative_barrier nonnegative duration,PASS,segments=0
ARC-refinement@th0.3 B=5 s=3 K3_gap_duration_negative_barrier duration cap,PASS,D_seg_max=60.0
ARC-refinement@th0.3 B=5 s=3 K3_gap_duration_negative_barrier negative barrier,PASS,negatives=5
ARC-refinement@th0.3 B=5 s=3 K4_gap_duration_negative_barrier_selected_expand confirmed anchor,PASS,segments=0
ARC-refinement@th0.3 B=5 s=3 K4_gap_duration_negative_barrier_selected_expand no NaN,PASS,segments=0
ARC-refinement@th0.3 B=5 s=3 K4_gap_duration_negative_barrier_selected_expand nonnegative duration,PASS,segments=0
ARC-refinement@th0.3 B=5 s=3 K4_gap_duration_negative_barrier_selected_expand duration cap,PASS,D_seg_max=60.0
ARC-refinement@th0.3 B=5 s=3 K4_gap_duration_negative_barrier_selected_expand negative barrier,PASS,negatives=5
ARC-refinement@th0.3 B=5 s=3 K4 expansion no unconfirmed seed,PASS,every segment contains queried positive anchor
ARC-refinement@th0.4 B=5 s=3 oracle order,PASS,calls=5
ARC-refinement@th0.4 B=5 s=3 calls <= budget,PASS,calls=5 budget=5
ARC-refinement@th0.4 B=5 s=3 C6_full_EVENT_MATERIALIZE confirmed anchor,PASS,segments=1
ARC-refinement@th0.4 B=5 s=3 C6_full_EVENT_MATERIALIZE no NaN,PASS,segments=1
ARC-refinement@th0.4 B=5 s=3 C6_full_EVENT_MATERIALIZE nonnegative duration,PASS,segments=1
ARC-refinement@th0.4 B=5 s=3 C6_full_EVENT_MATERIALIZE duration cap,PASS,D_seg_max=60.0
ARC-refinement@th0.4 B=5 s=3 C6_full_EVENT_MATERIALIZE negative barrier,PASS,negatives=4
ARC-refinement@th0.4 B=5 s=3 K0_naive_merge confirmed anchor,PASS,segments=1
ARC-refinement@th0.4 B=5 s=3 K0_naive_merge no NaN,PASS,segments=1
ARC-refinement@th0.4 B=5 s=3 K0_naive_merge nonnegative duration,PASS,segments=1
ARC-refinement@th0.4 B=5 s=3 K1_gap_limited confirmed anchor,PASS,segments=1
ARC-refinement@th0.4 B=5 s=3 K1_gap_limited no NaN,PASS,segments=1
ARC-refinement@th0.4 B=5 s=3 K1_gap_limited nonnegative duration,PASS,segments=1
ARC-refinement@th0.4 B=5 s=3 K2_gap_duration confirmed anchor,PASS,segments=1
ARC-refinement@th0.4 B=5 s=3 K2_gap_duration no NaN,PASS,segments=1
ARC-refinement@th0.4 B=5 s=3 K2_gap_duration nonnegative duration,PASS,segments=1
ARC-refinement@th0.4 B=5 s=3 K2_gap_duration duration cap,PASS,D_seg_max=60.0
ARC-refinement@th0.4 B=5 s=3 K3_gap_duration_negative_barrier confirmed anchor,PASS,segments=1
ARC-refinement@th0.4 B=5 s=3 K3_gap_duration_negative_barrier no NaN,PASS,segments=1
ARC-refinement@th0.4 B=5 s=3 K3_gap_duration_negative_barrier nonnegative duration,PASS,segments=1
ARC-refinement@th0.4 B=5 s=3 K3_gap_duration_negative_barrier duration cap,PASS,D_seg_max=60.0
ARC-refinement@th0.4 B=5 s=3 K3_gap_duration_negative_barrier negative barrier,PASS,negatives=4
ARC-refinement@th0.4 B=5 s=3 K4_gap_duration_negative_barrier_selected_expand confirmed anchor,PASS,segments=1
ARC-refinement@th0.4 B=5 s=3 K4_gap_duration_negative_barrier_selected_expand no NaN,PASS,segments=1
ARC-refinement@th0.4 B=5 s=3 K4_gap_duration_negative_barrier_selected_expand nonnegative duration,PASS,segments=1
ARC-refinement@th0.4 B=5 s=3 K4_gap_duration_negative_barrier_selected_expand duration cap,PASS,D_seg_max=60.0
ARC-refinement@th0.4 B=5 s=3 K4_gap_duration_negative_barrier_selected_expand negative barrier,PASS,negatives=4
ARC-refinement@th0.4 B=5 s=3 K4 expansion no unconfirmed seed,PASS,every segment contains queried positive anchor
ARC-refinement@th0.5 B=5 s=3 oracle order,PASS,calls=5
ARC-refinement@th0.5 B=5 s=3 calls <= budget,PASS,calls=5 budget=5
ARC-refinement@th0.5 B=5 s=3 C6_full_EVENT_MATERIALIZE confirmed anchor,PASS,segments=1
ARC-refinement@th0.5 B=5 s=3 C6_full_EVENT_MATERIALIZE no NaN,PASS,segments=1
ARC-refinement@th0.5 B=5 s=3 C6_full_EVENT_MATERIALIZE nonnegative duration,PASS,segments=1
ARC-refinement@th0.5 B=5 s=3 C6_full_EVENT_MATERIALIZE duration cap,PASS,D_seg_max=60.0
ARC-refinement@th0.5 B=5 s=3 C6_full_EVENT_MATERIALIZE negative barrier,PASS,negatives=4
ARC-refinement@th0.5 B=5 s=3 K0_naive_merge confirmed anchor,PASS,segments=1
ARC-refinement@th0.5 B=5 s=3 K0_naive_merge no NaN,PASS,segments=1
ARC-refinement@th0.5 B=5 s=3 K0_naive_merge nonnegative duration,PASS,segments=1
ARC-refinement@th0.5 B=5 s=3 K1_gap_limited confirmed anchor,PASS,segments=1
ARC-refinement@th0.5 B=5 s=3 K1_gap_limited no NaN,PASS,segments=1
ARC-refinement@th0.5 B=5 s=3 K1_gap_limited nonnegative duration,PASS,segments=1
ARC-refinement@th0.5 B=5 s=3 K2_gap_duration confirmed anchor,PASS,segments=1
ARC-refinement@th0.5 B=5 s=3 K2_gap_duration no NaN,PASS,segments=1
ARC-refinement@th0.5 B=5 s=3 K2_gap_duration nonnegative duration,PASS,segments=1
ARC-refinement@th0.5 B=5 s=3 K2_gap_duration duration cap,PASS,D_seg_max=60.0
ARC-refinement@th0.5 B=5 s=3 K3_gap_duration_negative_barrier confirmed anchor,PASS,segments=1
ARC-refinement@th0.5 B=5 s=3 K3_gap_duration_negative_barrier no NaN,PASS,segments=1
ARC-refinement@th0.5 B=5 s=3 K3_gap_duration_negative_barrier nonnegative duration,PASS,segments=1
ARC-refinement@th0.5 B=5 s=3 K3_gap_duration_negative_barrier duration cap,PASS,D_seg_max=60.0
ARC-refinement@th0.5 B=5 s=3 K3_gap_duration_negative_barrier negative barrier,PASS,negatives=4
ARC-refinement@th0.5 B=5 s=3 K4_gap_duration_negative_barrier_selected_expand confirmed anchor,PASS,segments=1
ARC-refinement@th0.5 B=5 s=3 K4_gap_duration_negative_barrier_selected_expand no NaN,PASS,segments=1
ARC-refinement@th0.5 B=5 s=3 K4_gap_duration_negative_barrier_selected_expand nonnegative duration,PASS,segments=1
ARC-refinement@th0.5 B=5 s=3 K4_gap_duration_negative_barrier_selected_expand duration cap,PASS,D_seg_max=60.0
ARC-refinement@th0.5 B=5 s=3 K4_gap_duration_negative_barrier_selected_expand negative barrier,PASS,negatives=4
ARC-refinement@th0.5 B=5 s=3 K4 expansion no unconfirmed seed,PASS,every segment contains queried positive anchor
ARC-refinement@th0.1 B=5 s=4 oracle order,PASS,calls=0
ARC-refinement@th0.1 B=5 s=4 calls <= budget,PASS,calls=0 budget=5
ARC-refinement@th0.1 B=5 s=4 C6_full_EVENT_MATERIALIZE confirmed anchor,PASS,segments=0
ARC-refinement@th0.1 B=5 s=4 C6_full_EVENT_MATERIALIZE no NaN,PASS,segments=0
ARC-refinement@th0.1 B=5 s=4 C6_full_EVENT_MATERIALIZE nonnegative duration,PASS,segments=0
ARC-refinement@th0.1 B=5 s=4 C6_full_EVENT_MATERIALIZE duration cap,PASS,D_seg_max=60.0
ARC-refinement@th0.1 B=5 s=4 C6_full_EVENT_MATERIALIZE negative barrier,PASS,negatives=0
ARC-refinement@th0.1 B=5 s=4 K0_naive_merge confirmed anchor,PASS,segments=0
ARC-refinement@th0.1 B=5 s=4 K0_naive_merge no NaN,PASS,segments=0
ARC-refinement@th0.1 B=5 s=4 K0_naive_merge nonnegative duration,PASS,segments=0
ARC-refinement@th0.1 B=5 s=4 K1_gap_limited confirmed anchor,PASS,segments=0
ARC-refinement@th0.1 B=5 s=4 K1_gap_limited no NaN,PASS,segments=0
ARC-refinement@th0.1 B=5 s=4 K1_gap_limited nonnegative duration,PASS,segments=0
ARC-refinement@th0.1 B=5 s=4 K2_gap_duration confirmed anchor,PASS,segments=0
ARC-refinement@th0.1 B=5 s=4 K2_gap_duration no NaN,PASS,segments=0
ARC-refinement@th0.1 B=5 s=4 K2_gap_duration nonnegative duration,PASS,segments=0
ARC-refinement@th0.1 B=5 s=4 K2_gap_duration duration cap,PASS,D_seg_max=60.0
ARC-refinement@th0.1 B=5 s=4 K3_gap_duration_negative_barrier confirmed anchor,PASS,segments=0
ARC-refinement@th0.1 B=5 s=4 K3_gap_duration_negative_barrier no NaN,PASS,segments=0
ARC-refinement@th0.1 B=5 s=4 K3_gap_duration_negative_barrier nonnegative duration,PASS,segments=0
ARC-refinement@th0.1 B=5 s=4 K3_gap_duration_negative_barrier duration cap,PASS,D_seg_max=60.0
ARC-refinement@th0.1 B=5 s=4 K3_gap_duration_negative_barrier negative barrier,PASS,negatives=0
ARC-refinement@th0.1 B=5 s=4 K4_gap_duration_negative_barrier_selected_expand confirmed anchor,PASS,segments=0
ARC-refinement@th0.1 B=5 s=4 K4_gap_duration_negative_barrier_selected_expand no NaN,PASS,segments=0
ARC-refinement@th0.1 B=5 s=4 K4_gap_duration_negative_barrier_selected_expand nonnegative duration,PASS,segments=0
ARC-refinement@th0.1 B=5 s=4 K4_gap_duration_negative_barrier_selected_expand duration cap,PASS,D_seg_max=60.0
ARC-refinement@th0.1 B=5 s=4 K4_gap_duration_negative_barrier_selected_expand negative barrier,PASS,negatives=0
ARC-refinement@th0.1 B=5 s=4 K4 expansion no unconfirmed seed,PASS,every segment contains queried positive anchor
ARC-refinement@th0.2 B=5 s=4 oracle order,PASS,calls=0
ARC-refinement@th0.2 B=5 s=4 calls <= budget,PASS,calls=0 budget=5
ARC-refinement@th0.2 B=5 s=4 C6_full_EVENT_MATERIALIZE confirmed anchor,PASS,segments=0
ARC-refinement@th0.2 B=5 s=4 C6_full_EVENT_MATERIALIZE no NaN,PASS,segments=0
ARC-refinement@th0.2 B=5 s=4 C6_full_EVENT_MATERIALIZE nonnegative duration,PASS,segments=0
ARC-refinement@th0.2 B=5 s=4 C6_full_EVENT_MATERIALIZE duration cap,PASS,D_seg_max=60.0
ARC-refinement@th0.2 B=5 s=4 C6_full_EVENT_MATERIALIZE negative barrier,PASS,negatives=0
ARC-refinement@th0.2 B=5 s=4 K0_naive_merge confirmed anchor,PASS,segments=0
ARC-refinement@th0.2 B=5 s=4 K0_naive_merge no NaN,PASS,segments=0
ARC-refinement@th0.2 B=5 s=4 K0_naive_merge nonnegative duration,PASS,segments=0
ARC-refinement@th0.2 B=5 s=4 K1_gap_limited confirmed anchor,PASS,segments=0
ARC-refinement@th0.2 B=5 s=4 K1_gap_limited no NaN,PASS,segments=0
ARC-refinement@th0.2 B=5 s=4 K1_gap_limited nonnegative duration,PASS,segments=0
ARC-refinement@th0.2 B=5 s=4 K2_gap_duration confirmed anchor,PASS,segments=0
ARC-refinement@th0.2 B=5 s=4 K2_gap_duration no NaN,PASS,segments=0
ARC-refinement@th0.2 B=5 s=4 K2_gap_duration nonnegative duration,PASS,segments=0
ARC-refinement@th0.2 B=5 s=4 K2_gap_duration duration cap,PASS,D_seg_max=60.0
ARC-refinement@th0.2 B=5 s=4 K3_gap_duration_negative_barrier confirmed anchor,PASS,segments=0
ARC-refinement@th0.2 B=5 s=4 K3_gap_duration_negative_barrier no NaN,PASS,segments=0
ARC-refinement@th0.2 B=5 s=4 K3_gap_duration_negative_barrier nonnegative duration,PASS,segments=0
ARC-refinement@th0.2 B=5 s=4 K3_gap_duration_negative_barrier duration cap,PASS,D_seg_max=60.0
ARC-refinement@th0.2 B=5 s=4 K3_gap_duration_negative_barrier negative barrier,PASS,negatives=0
ARC-refinement@th0.2 B=5 s=4 K4_gap_duration_negative_barrier_selected_expand confirmed anchor,PASS,segments=0
ARC-refinement@th0.2 B=5 s=4 K4_gap_duration_negative_barrier_selected_expand no NaN,PASS,segments=0
ARC-refinement@th0.2 B=5 s=4 K4_gap_duration_negative_barrier_selected_expand nonnegative duration,PASS,segments=0
ARC-refinement@th0.2 B=5 s=4 K4_gap_duration_negative_barrier_selected_expand duration cap,PASS,D_seg_max=60.0
ARC-refinement@th0.2 B=5 s=4 K4_gap_duration_negative_barrier_selected_expand negative barrier,PASS,negatives=0
ARC-refinement@th0.2 B=5 s=4 K4 expansion no unconfirmed seed,PASS,every segment contains queried positive anchor
ARC-refinement@th0.3 B=5 s=4 oracle order,PASS,calls=5
ARC-refinement@th0.3 B=5 s=4 calls <= budget,PASS,calls=5 budget=5
ARC-refinement@th0.3 B=5 s=4 C6_full_EVENT_MATERIALIZE confirmed anchor,PASS,segments=1
ARC-refinement@th0.3 B=5 s=4 C6_full_EVENT_MATERIALIZE no NaN,PASS,segments=1
ARC-refinement@th0.3 B=5 s=4 C6_full_EVENT_MATERIALIZE nonnegative duration,PASS,segments=1
ARC-refinement@th0.3 B=5 s=4 C6_full_EVENT_MATERIALIZE duration cap,PASS,D_seg_max=60.0
ARC-refinement@th0.3 B=5 s=4 C6_full_EVENT_MATERIALIZE negative barrier,PASS,negatives=4
ARC-refinement@th0.3 B=5 s=4 K0_naive_merge confirmed anchor,PASS,segments=1
ARC-refinement@th0.3 B=5 s=4 K0_naive_merge no NaN,PASS,segments=1
ARC-refinement@th0.3 B=5 s=4 K0_naive_merge nonnegative duration,PASS,segments=1
ARC-refinement@th0.3 B=5 s=4 K1_gap_limited confirmed anchor,PASS,segments=1
ARC-refinement@th0.3 B=5 s=4 K1_gap_limited no NaN,PASS,segments=1
ARC-refinement@th0.3 B=5 s=4 K1_gap_limited nonnegative duration,PASS,segments=1
ARC-refinement@th0.3 B=5 s=4 K2_gap_duration confirmed anchor,PASS,segments=1
ARC-refinement@th0.3 B=5 s=4 K2_gap_duration no NaN,PASS,segments=1
ARC-refinement@th0.3 B=5 s=4 K2_gap_duration nonnegative duration,PASS,segments=1
ARC-refinement@th0.3 B=5 s=4 K2_gap_duration duration cap,PASS,D_seg_max=60.0
ARC-refinement@th0.3 B=5 s=4 K3_gap_duration_negative_barrier confirmed anchor,PASS,segments=1
ARC-refinement@th0.3 B=5 s=4 K3_gap_duration_negative_barrier no NaN,PASS,segments=1
ARC-refinement@th0.3 B=5 s=4 K3_gap_duration_negative_barrier nonnegative duration,PASS,segments=1
ARC-refinement@th0.3 B=5 s=4 K3_gap_duration_negative_barrier duration cap,PASS,D_seg_max=60.0
ARC-refinement@th0.3 B=5 s=4 K3_gap_duration_negative_barrier negative barrier,PASS,negatives=4
ARC-refinement@th0.3 B=5 s=4 K4_gap_duration_negative_barrier_selected_expand confirmed anchor,PASS,segments=1
ARC-refinement@th0.3 B=5 s=4 K4_gap_duration_negative_barrier_selected_expand no NaN,PASS,segments=1
ARC-refinement@th0.3 B=5 s=4 K4_gap_duration_negative_barrier_selected_expand nonnegative duration,PASS,segments=1
ARC-refinement@th0.3 B=5 s=4 K4_gap_duration_negative_barrier_selected_expand duration cap,PASS,D_seg_max=60.0
ARC-refinement@th0.3 B=5 s=4 K4_gap_duration_negative_barrier_selected_expand negative barrier,PASS,negatives=4
ARC-refinement@th0.3 B=5 s=4 K4 expansion no unconfirmed seed,PASS,every segment contains queried positive anchor
ARC-refinement@th0.4 B=5 s=4 oracle order,PASS,calls=5
ARC-refinement@th0.4 B=5 s=4 calls <= budget,PASS,calls=5 budget=5
ARC-refinement@th0.4 B=5 s=4 C6_full_EVENT_MATERIALIZE confirmed anchor,PASS,segments=1
ARC-refinement@th0.4 B=5 s=4 C6_full_EVENT_MATERIALIZE no NaN,PASS,segments=1
ARC-refinement@th0.4 B=5 s=4 C6_full_EVENT_MATERIALIZE nonnegative duration,PASS,segments=1
ARC-refinement@th0.4 B=5 s=4 C6_full_EVENT_MATERIALIZE duration cap,PASS,D_seg_max=60.0
ARC-refinement@th0.4 B=5 s=4 C6_full_EVENT_MATERIALIZE negative barrier,PASS,negatives=4
ARC-refinement@th0.4 B=5 s=4 K0_naive_merge confirmed anchor,PASS,segments=1
ARC-refinement@th0.4 B=5 s=4 K0_naive_merge no NaN,PASS,segments=1
ARC-refinement@th0.4 B=5 s=4 K0_naive_merge nonnegative duration,PASS,segments=1
ARC-refinement@th0.4 B=5 s=4 K1_gap_limited confirmed anchor,PASS,segments=1
ARC-refinement@th0.4 B=5 s=4 K1_gap_limited no NaN,PASS,segments=1
ARC-refinement@th0.4 B=5 s=4 K1_gap_limited nonnegative duration,PASS,segments=1
ARC-refinement@th0.4 B=5 s=4 K2_gap_duration confirmed anchor,PASS,segments=1
ARC-refinement@th0.4 B=5 s=4 K2_gap_duration no NaN,PASS,segments=1
ARC-refinement@th0.4 B=5 s=4 K2_gap_duration nonnegative duration,PASS,segments=1
ARC-refinement@th0.4 B=5 s=4 K2_gap_duration duration cap,PASS,D_seg_max=60.0
ARC-refinement@th0.4 B=5 s=4 K3_gap_duration_negative_barrier confirmed anchor,PASS,segments=1
ARC-refinement@th0.4 B=5 s=4 K3_gap_duration_negative_barrier no NaN,PASS,segments=1
ARC-refinement@th0.4 B=5 s=4 K3_gap_duration_negative_barrier nonnegative duration,PASS,segments=1
ARC-refinement@th0.4 B=5 s=4 K3_gap_duration_negative_barrier duration cap,PASS,D_seg_max=60.0
ARC-refinement@th0.4 B=5 s=4 K3_gap_duration_negative_barrier negative barrier,PASS,negatives=4
ARC-refinement@th0.4 B=5 s=4 K4_gap_duration_negative_barrier_selected_expand confirmed anchor,PASS,segments=1
ARC-refinement@th0.4 B=5 s=4 K4_gap_duration_negative_barrier_selected_expand no NaN,PASS,segments=1
ARC-refinement@th0.4 B=5 s=4 K4_gap_duration_negative_barrier_selected_expand nonnegative duration,PASS,segments=1
ARC-refinement@th0.4 B=5 s=4 K4_gap_duration_negative_barrier_selected_expand duration cap,PASS,D_seg_max=60.0
ARC-refinement@th0.4 B=5 s=4 K4_gap_duration_negative_barrier_selected_expand negative barrier,PASS,negatives=4
ARC-refinement@th0.4 B=5 s=4 K4 expansion no unconfirmed seed,PASS,every segment contains queried positive anchor
ARC-refinement@th0.5 B=5 s=4 oracle order,PASS,calls=5
ARC-refinement@th0.5 B=5 s=4 calls <= budget,PASS,calls=5 budget=5
ARC-refinement@th0.5 B=5 s=4 C6_full_EVENT_MATERIALIZE confirmed anchor,PASS,segments=1
ARC-refinement@th0.5 B=5 s=4 C6_full_EVENT_MATERIALIZE no NaN,PASS,segments=1
ARC-refinement@th0.5 B=5 s=4 C6_full_EVENT_MATERIALIZE nonnegative duration,PASS,segments=1
ARC-refinement@th0.5 B=5 s=4 C6_full_EVENT_MATERIALIZE duration cap,PASS,D_seg_max=60.0
ARC-refinement@th0.5 B=5 s=4 C6_full_EVENT_MATERIALIZE negative barrier,PASS,negatives=4
ARC-refinement@th0.5 B=5 s=4 K0_naive_merge confirmed anchor,PASS,segments=1
ARC-refinement@th0.5 B=5 s=4 K0_naive_merge no NaN,PASS,segments=1
ARC-refinement@th0.5 B=5 s=4 K0_naive_merge nonnegative duration,PASS,segments=1
ARC-refinement@th0.5 B=5 s=4 K1_gap_limited confirmed anchor,PASS,segments=1
ARC-refinement@th0.5 B=5 s=4 K1_gap_limited no NaN,PASS,segments=1
ARC-refinement@th0.5 B=5 s=4 K1_gap_limited nonnegative duration,PASS,segments=1
ARC-refinement@th0.5 B=5 s=4 K2_gap_duration confirmed anchor,PASS,segments=1
ARC-refinement@th0.5 B=5 s=4 K2_gap_duration no NaN,PASS,segments=1
ARC-refinement@th0.5 B=5 s=4 K2_gap_duration nonnegative duration,PASS,segments=1
ARC-refinement@th0.5 B=5 s=4 K2_gap_duration duration cap,PASS,D_seg_max=60.0
ARC-refinement@th0.5 B=5 s=4 K3_gap_duration_negative_barrier confirmed anchor,PASS,segments=1
ARC-refinement@th0.5 B=5 s=4 K3_gap_duration_negative_barrier no NaN,PASS,segments=1
ARC-refinement@th0.5 B=5 s=4 K3_gap_duration_negative_barrier nonnegative duration,PASS,segments=1
ARC-refinement@th0.5 B=5 s=4 K3_gap_duration_negative_barrier duration cap,PASS,D_seg_max=60.0
ARC-refinement@th0.5 B=5 s=4 K3_gap_duration_negative_barrier negative barrier,PASS,negatives=4
ARC-refinement@th0.5 B=5 s=4 K4_gap_duration_negative_barrier_selected_expand confirmed anchor,PASS,segments=1
ARC-refinement@th0.5 B=5 s=4 K4_gap_duration_negative_barrier_selected_expand no NaN,PASS,segments=1
ARC-refinement@th0.5 B=5 s=4 K4_gap_duration_negative_barrier_selected_expand nonnegative duration,PASS,segments=1
ARC-refinement@th0.5 B=5 s=4 K4_gap_duration_negative_barrier_selected_expand duration cap,PASS,D_seg_max=60.0
ARC-refinement@th0.5 B=5 s=4 K4_gap_duration_negative_barrier_selected_expand negative barrier,PASS,negatives=4
ARC-refinement@th0.5 B=5 s=4 K4 expansion no unconfirmed seed,PASS,every segment contains queried positive anchor
ARC-refinement@th0.1 B=80 s=0 oracle order,PASS,calls=0
ARC-refinement@th0.1 B=80 s=0 calls <= budget,PASS,calls=0 budget=80
ARC-refinement@th0.1 B=80 s=0 C6_full_EVENT_MATERIALIZE confirmed anchor,PASS,segments=0
ARC-refinement@th0.1 B=80 s=0 C6_full_EVENT_MATERIALIZE no NaN,PASS,segments=0
ARC-refinement@th0.1 B=80 s=0 C6_full_EVENT_MATERIALIZE nonnegative duration,PASS,segments=0
ARC-refinement@th0.1 B=80 s=0 C6_full_EVENT_MATERIALIZE duration cap,PASS,D_seg_max=60.0
ARC-refinement@th0.1 B=80 s=0 C6_full_EVENT_MATERIALIZE negative barrier,PASS,negatives=0
ARC-refinement@th0.1 B=80 s=0 K0_naive_merge confirmed anchor,PASS,segments=0
ARC-refinement@th0.1 B=80 s=0 K0_naive_merge no NaN,PASS,segments=0
ARC-refinement@th0.1 B=80 s=0 K0_naive_merge nonnegative duration,PASS,segments=0
ARC-refinement@th0.1 B=80 s=0 K1_gap_limited confirmed anchor,PASS,segments=0
ARC-refinement@th0.1 B=80 s=0 K1_gap_limited no NaN,PASS,segments=0
ARC-refinement@th0.1 B=80 s=0 K1_gap_limited nonnegative duration,PASS,segments=0
ARC-refinement@th0.1 B=80 s=0 K2_gap_duration confirmed anchor,PASS,segments=0
ARC-refinement@th0.1 B=80 s=0 K2_gap_duration no NaN,PASS,segments=0
ARC-refinement@th0.1 B=80 s=0 K2_gap_duration nonnegative duration,PASS,segments=0
ARC-refinement@th0.1 B=80 s=0 K2_gap_duration duration cap,PASS,D_seg_max=60.0
ARC-refinement@th0.1 B=80 s=0 K3_gap_duration_negative_barrier confirmed anchor,PASS,segments=0
ARC-refinement@th0.1 B=80 s=0 K3_gap_duration_negative_barrier no NaN,PASS,segments=0
ARC-refinement@th0.1 B=80 s=0 K3_gap_duration_negative_barrier nonnegative duration,PASS,segments=0
ARC-refinement@th0.1 B=80 s=0 K3_gap_duration_negative_barrier duration cap,PASS,D_seg_max=60.0
ARC-refinement@th0.1 B=80 s=0 K3_gap_duration_negative_barrier negative barrier,PASS,negatives=0
ARC-refinement@th0.1 B=80 s=0 K4_gap_duration_negative_barrier_selected_expand confirmed anchor,PASS,segments=0
ARC-refinement@th0.1 B=80 s=0 K4_gap_duration_negative_barrier_selected_expand no NaN,PASS,segments=0
ARC-refinement@th0.1 B=80 s=0 K4_gap_duration_negative_barrier_selected_expand nonnegative duration,PASS,segments=0
ARC-refinement@th0.1 B=80 s=0 K4_gap_duration_negative_barrier_selected_expand duration cap,PASS,D_seg_max=60.0
ARC-refinement@th0.1 B=80 s=0 K4_gap_duration_negative_barrier_selected_expand negative barrier,PASS,negatives=0
ARC-refinement@th0.1 B=80 s=0 K4 expansion no unconfirmed seed,PASS,every segment contains queried positive anchor
ARC-refinement@th0.2 B=80 s=0 oracle order,PASS,calls=0
ARC-refinement@th0.2 B=80 s=0 calls <= budget,PASS,calls=0 budget=80
ARC-refinement@th0.2 B=80 s=0 C6_full_EVENT_MATERIALIZE confirmed anchor,PASS,segments=0
ARC-refinement@th0.2 B=80 s=0 C6_full_EVENT_MATERIALIZE no NaN,PASS,segments=0
ARC-refinement@th0.2 B=80 s=0 C6_full_EVENT_MATERIALIZE nonnegative duration,PASS,segments=0
ARC-refinement@th0.2 B=80 s=0 C6_full_EVENT_MATERIALIZE duration cap,PASS,D_seg_max=60.0
ARC-refinement@th0.2 B=80 s=0 C6_full_EVENT_MATERIALIZE negative barrier,PASS,negatives=0
ARC-refinement@th0.2 B=80 s=0 K0_naive_merge confirmed anchor,PASS,segments=0
ARC-refinement@th0.2 B=80 s=0 K0_naive_merge no NaN,PASS,segments=0
ARC-refinement@th0.2 B=80 s=0 K0_naive_merge nonnegative duration,PASS,segments=0
ARC-refinement@th0.2 B=80 s=0 K1_gap_limited confirmed anchor,PASS,segments=0
ARC-refinement@th0.2 B=80 s=0 K1_gap_limited no NaN,PASS,segments=0
ARC-refinement@th0.2 B=80 s=0 K1_gap_limited nonnegative duration,PASS,segments=0
ARC-refinement@th0.2 B=80 s=0 K2_gap_duration confirmed anchor,PASS,segments=0
ARC-refinement@th0.2 B=80 s=0 K2_gap_duration no NaN,PASS,segments=0
ARC-refinement@th0.2 B=80 s=0 K2_gap_duration nonnegative duration,PASS,segments=0
ARC-refinement@th0.2 B=80 s=0 K2_gap_duration duration cap,PASS,D_seg_max=60.0
ARC-refinement@th0.2 B=80 s=0 K3_gap_duration_negative_barrier confirmed anchor,PASS,segments=0
ARC-refinement@th0.2 B=80 s=0 K3_gap_duration_negative_barrier no NaN,PASS,segments=0
ARC-refinement@th0.2 B=80 s=0 K3_gap_duration_negative_barrier nonnegative duration,PASS,segments=0
ARC-refinement@th0.2 B=80 s=0 K3_gap_duration_negative_barrier duration cap,PASS,D_seg_max=60.0
ARC-refinement@th0.2 B=80 s=0 K3_gap_duration_negative_barrier negative barrier,PASS,negatives=0
ARC-refinement@th0.2 B=80 s=0 K4_gap_duration_negative_barrier_selected_expand confirmed anchor,PASS,segments=0
ARC-refinement@th0.2 B=80 s=0 K4_gap_duration_negative_barrier_selected_expand no NaN,PASS,segments=0
ARC-refinement@th0.2 B=80 s=0 K4_gap_duration_negative_barrier_selected_expand nonnegative duration,PASS,segments=0
ARC-refinement@th0.2 B=80 s=0 K4_gap_duration_negative_barrier_selected_expand duration cap,PASS,D_seg_max=60.0
ARC-refinement@th0.2 B=80 s=0 K4_gap_duration_negative_barrier_selected_expand negative barrier,PASS,negatives=0
ARC-refinement@th0.2 B=80 s=0 K4 expansion no unconfirmed seed,PASS,every segment contains queried positive anchor
ARC-refinement@th0.3 B=80 s=0 oracle order,PASS,calls=44
ARC-refinement@th0.3 B=80 s=0 calls <= budget,PASS,calls=44 budget=80
ARC-refinement@th0.3 B=80 s=0 C6_full_EVENT_MATERIALIZE confirmed anchor,PASS,segments=5
ARC-refinement@th0.3 B=80 s=0 C6_full_EVENT_MATERIALIZE no NaN,PASS,segments=5
ARC-refinement@th0.3 B=80 s=0 C6_full_EVENT_MATERIALIZE nonnegative duration,PASS,segments=5
ARC-refinement@th0.3 B=80 s=0 C6_full_EVENT_MATERIALIZE duration cap,PASS,D_seg_max=60.0
ARC-refinement@th0.3 B=80 s=0 C6_full_EVENT_MATERIALIZE negative barrier,PASS,negatives=39
ARC-refinement@th0.3 B=80 s=0 K0_naive_merge confirmed anchor,PASS,segments=1
ARC-refinement@th0.3 B=80 s=0 K0_naive_merge no NaN,PASS,segments=1
ARC-refinement@th0.3 B=80 s=0 K0_naive_merge nonnegative duration,PASS,segments=1
ARC-refinement@th0.3 B=80 s=0 K1_gap_limited confirmed anchor,PASS,segments=5
ARC-refinement@th0.3 B=80 s=0 K1_gap_limited no NaN,PASS,segments=5
ARC-refinement@th0.3 B=80 s=0 K1_gap_limited nonnegative duration,PASS,segments=5
ARC-refinement@th0.3 B=80 s=0 K2_gap_duration confirmed anchor,PASS,segments=5
ARC-refinement@th0.3 B=80 s=0 K2_gap_duration no NaN,PASS,segments=5
ARC-refinement@th0.3 B=80 s=0 K2_gap_duration nonnegative duration,PASS,segments=5
ARC-refinement@th0.3 B=80 s=0 K2_gap_duration duration cap,PASS,D_seg_max=60.0
ARC-refinement@th0.3 B=80 s=0 K3_gap_duration_negative_barrier confirmed anchor,PASS,segments=5
ARC-refinement@th0.3 B=80 s=0 K3_gap_duration_negative_barrier no NaN,PASS,segments=5
ARC-refinement@th0.3 B=80 s=0 K3_gap_duration_negative_barrier nonnegative duration,PASS,segments=5
ARC-refinement@th0.3 B=80 s=0 K3_gap_duration_negative_barrier duration cap,PASS,D_seg_max=60.0
ARC-refinement@th0.3 B=80 s=0 K3_gap_duration_negative_barrier negative barrier,PASS,negatives=39
ARC-refinement@th0.3 B=80 s=0 K4_gap_duration_negative_barrier_selected_expand confirmed anchor,PASS,segments=5
ARC-refinement@th0.3 B=80 s=0 K4_gap_duration_negative_barrier_selected_expand no NaN,PASS,segments=5
ARC-refinement@th0.3 B=80 s=0 K4_gap_duration_negative_barrier_selected_expand nonnegative duration,PASS,segments=5
ARC-refinement@th0.3 B=80 s=0 K4_gap_duration_negative_barrier_selected_expand duration cap,PASS,D_seg_max=60.0
ARC-refinement@th0.3 B=80 s=0 K4_gap_duration_negative_barrier_selected_expand negative barrier,PASS,negatives=39
ARC-refinement@th0.3 B=80 s=0 K4 expansion no unconfirmed seed,PASS,every segment contains queried positive anchor
ARC-refinement@th0.4 B=80 s=0 oracle order,PASS,calls=80
ARC-refinement@th0.4 B=80 s=0 calls <= budget,PASS,calls=80 budget=80
ARC-refinement@th0.4 B=80 s=0 C6_full_EVENT_MATERIALIZE confirmed anchor,PASS,segments=15
ARC-refinement@th0.4 B=80 s=0 C6_full_EVENT_MATERIALIZE no NaN,PASS,segments=15
ARC-refinement@th0.4 B=80 s=0 C6_full_EVENT_MATERIALIZE nonnegative duration,PASS,segments=15
ARC-refinement@th0.4 B=80 s=0 C6_full_EVENT_MATERIALIZE duration cap,PASS,D_seg_max=60.0
ARC-refinement@th0.4 B=80 s=0 C6_full_EVENT_MATERIALIZE negative barrier,PASS,negatives=58
ARC-refinement@th0.4 B=80 s=0 K0_naive_merge confirmed anchor,PASS,segments=1
ARC-refinement@th0.4 B=80 s=0 K0_naive_merge no NaN,PASS,segments=1
ARC-refinement@th0.4 B=80 s=0 K0_naive_merge nonnegative duration,PASS,segments=1
ARC-refinement@th0.4 B=80 s=0 K1_gap_limited confirmed anchor,PASS,segments=9
ARC-refinement@th0.4 B=80 s=0 K1_gap_limited no NaN,PASS,segments=9
ARC-refinement@th0.4 B=80 s=0 K1_gap_limited nonnegative duration,PASS,segments=9
ARC-refinement@th0.4 B=80 s=0 K2_gap_duration confirmed anchor,PASS,segments=12
ARC-refinement@th0.4 B=80 s=0 K2_gap_duration no NaN,PASS,segments=12
ARC-refinement@th0.4 B=80 s=0 K2_gap_duration nonnegative duration,PASS,segments=12
ARC-refinement@th0.4 B=80 s=0 K2_gap_duration duration cap,PASS,D_seg_max=60.0
ARC-refinement@th0.4 B=80 s=0 K3_gap_duration_negative_barrier confirmed anchor,PASS,segments=15
ARC-refinement@th0.4 B=80 s=0 K3_gap_duration_negative_barrier no NaN,PASS,segments=15
ARC-refinement@th0.4 B=80 s=0 K3_gap_duration_negative_barrier nonnegative duration,PASS,segments=15
ARC-refinement@th0.4 B=80 s=0 K3_gap_duration_negative_barrier duration cap,PASS,D_seg_max=60.0
ARC-refinement@th0.4 B=80 s=0 K3_gap_duration_negative_barrier negative barrier,PASS,negatives=58
ARC-refinement@th0.4 B=80 s=0 K4_gap_duration_negative_barrier_selected_expand confirmed anchor,PASS,segments=15
ARC-refinement@th0.4 B=80 s=0 K4_gap_duration_negative_barrier_selected_expand no NaN,PASS,segments=15
ARC-refinement@th0.4 B=80 s=0 K4_gap_duration_negative_barrier_selected_expand nonnegative duration,PASS,segments=15
ARC-refinement@th0.4 B=80 s=0 K4_gap_duration_negative_barrier_selected_expand duration cap,PASS,D_seg_max=60.0
ARC-refinement@th0.4 B=80 s=0 K4_gap_duration_negative_barrier_selected_expand negative barrier,PASS,negatives=58
ARC-refinement@th0.4 B=80 s=0 K4 expansion no unconfirmed seed,PASS,every segment contains queried positive anchor
ARC-refinement@th0.5 B=80 s=0 oracle order,PASS,calls=62
ARC-refinement@th0.5 B=80 s=0 calls <= budget,PASS,calls=62 budget=80
ARC-refinement@th0.5 B=80 s=0 C6_full_EVENT_MATERIALIZE confirmed anchor,PASS,segments=10
ARC-refinement@th0.5 B=80 s=0 C6_full_EVENT_MATERIALIZE no NaN,PASS,segments=10
ARC-refinement@th0.5 B=80 s=0 C6_full_EVENT_MATERIALIZE nonnegative duration,PASS,segments=10
ARC-refinement@th0.5 B=80 s=0 C6_full_EVENT_MATERIALIZE duration cap,PASS,D_seg_max=60.0
ARC-refinement@th0.5 B=80 s=0 C6_full_EVENT_MATERIALIZE negative barrier,PASS,negatives=44
ARC-refinement@th0.5 B=80 s=0 K0_naive_merge confirmed anchor,PASS,segments=1
ARC-refinement@th0.5 B=80 s=0 K0_naive_merge no NaN,PASS,segments=1
ARC-refinement@th0.5 B=80 s=0 K0_naive_merge nonnegative duration,PASS,segments=1
ARC-refinement@th0.5 B=80 s=0 K1_gap_limited confirmed anchor,PASS,segments=6
ARC-refinement@th0.5 B=80 s=0 K1_gap_limited no NaN,PASS,segments=6
ARC-refinement@th0.5 B=80 s=0 K1_gap_limited nonnegative duration,PASS,segments=6
ARC-refinement@th0.5 B=80 s=0 K2_gap_duration confirmed anchor,PASS,segments=9
ARC-refinement@th0.5 B=80 s=0 K2_gap_duration no NaN,PASS,segments=9
ARC-refinement@th0.5 B=80 s=0 K2_gap_duration nonnegative duration,PASS,segments=9
ARC-refinement@th0.5 B=80 s=0 K2_gap_duration duration cap,PASS,D_seg_max=60.0
ARC-refinement@th0.5 B=80 s=0 K3_gap_duration_negative_barrier confirmed anchor,PASS,segments=10
ARC-refinement@th0.5 B=80 s=0 K3_gap_duration_negative_barrier no NaN,PASS,segments=10
ARC-refinement@th0.5 B=80 s=0 K3_gap_duration_negative_barrier nonnegative duration,PASS,segments=10
ARC-refinement@th0.5 B=80 s=0 K3_gap_duration_negative_barrier duration cap,PASS,D_seg_max=60.0
ARC-refinement@th0.5 B=80 s=0 K3_gap_duration_negative_barrier negative barrier,PASS,negatives=44
ARC-refinement@th0.5 B=80 s=0 K4_gap_duration_negative_barrier_selected_expand confirmed anchor,PASS,segments=10
ARC-refinement@th0.5 B=80 s=0 K4_gap_duration_negative_barrier_selected_expand no NaN,PASS,segments=10
ARC-refinement@th0.5 B=80 s=0 K4_gap_duration_negative_barrier_selected_expand nonnegative duration,PASS,segments=10
ARC-refinement@th0.5 B=80 s=0 K4_gap_duration_negative_barrier_selected_expand duration cap,PASS,D_seg_max=60.0
ARC-refinement@th0.5 B=80 s=0 K4_gap_duration_negative_barrier_selected_expand negative barrier,PASS,negatives=44
ARC-refinement@th0.5 B=80 s=0 K4 expansion no unconfirmed seed,PASS,every segment contains queried positive anchor
ARC-refinement@th0.1 B=80 s=1 oracle order,PASS,calls=1
ARC-refinement@th0.1 B=80 s=1 calls <= budget,PASS,calls=1 budget=80
ARC-refinement@th0.1 B=80 s=1 C6_full_EVENT_MATERIALIZE confirmed anchor,PASS,segments=1
ARC-refinement@th0.1 B=80 s=1 C6_full_EVENT_MATERIALIZE no NaN,PASS,segments=1
ARC-refinement@th0.1 B=80 s=1 C6_full_EVENT_MATERIALIZE nonnegative duration,PASS,segments=1
ARC-refinement@th0.1 B=80 s=1 C6_full_EVENT_MATERIALIZE duration cap,PASS,D_seg_max=60.0
ARC-refinement@th0.1 B=80 s=1 C6_full_EVENT_MATERIALIZE negative barrier,PASS,negatives=0
ARC-refinement@th0.1 B=80 s=1 K0_naive_merge confirmed anchor,PASS,segments=1
ARC-refinement@th0.1 B=80 s=1 K0_naive_merge no NaN,PASS,segments=1
ARC-refinement@th0.1 B=80 s=1 K0_naive_merge nonnegative duration,PASS,segments=1
ARC-refinement@th0.1 B=80 s=1 K1_gap_limited confirmed anchor,PASS,segments=1
ARC-refinement@th0.1 B=80 s=1 K1_gap_limited no NaN,PASS,segments=1
ARC-refinement@th0.1 B=80 s=1 K1_gap_limited nonnegative duration,PASS,segments=1
ARC-refinement@th0.1 B=80 s=1 K2_gap_duration confirmed anchor,PASS,segments=1
ARC-refinement@th0.1 B=80 s=1 K2_gap_duration no NaN,PASS,segments=1
ARC-refinement@th0.1 B=80 s=1 K2_gap_duration nonnegative duration,PASS,segments=1
ARC-refinement@th0.1 B=80 s=1 K2_gap_duration duration cap,PASS,D_seg_max=60.0
ARC-refinement@th0.1 B=80 s=1 K3_gap_duration_negative_barrier confirmed anchor,PASS,segments=1
ARC-refinement@th0.1 B=80 s=1 K3_gap_duration_negative_barrier no NaN,PASS,segments=1
ARC-refinement@th0.1 B=80 s=1 K3_gap_duration_negative_barrier nonnegative duration,PASS,segments=1
ARC-refinement@th0.1 B=80 s=1 K3_gap_duration_negative_barrier duration cap,PASS,D_seg_max=60.0
ARC-refinement@th0.1 B=80 s=1 K3_gap_duration_negative_barrier negative barrier,PASS,negatives=0
ARC-refinement@th0.1 B=80 s=1 K4_gap_duration_negative_barrier_selected_expand confirmed anchor,PASS,segments=1
ARC-refinement@th0.1 B=80 s=1 K4_gap_duration_negative_barrier_selected_expand no NaN,PASS,segments=1
ARC-refinement@th0.1 B=80 s=1 K4_gap_duration_negative_barrier_selected_expand nonnegative duration,PASS,segments=1
ARC-refinement@th0.1 B=80 s=1 K4_gap_duration_negative_barrier_selected_expand duration cap,PASS,D_seg_max=60.0
ARC-refinement@th0.1 B=80 s=1 K4_gap_duration_negative_barrier_selected_expand negative barrier,PASS,negatives=0
ARC-refinement@th0.1 B=80 s=1 K4 expansion no unconfirmed seed,PASS,every segment contains queried positive anchor
ARC-refinement@th0.2 B=80 s=1 oracle order,PASS,calls=1
ARC-refinement@th0.2 B=80 s=1 calls <= budget,PASS,calls=1 budget=80
ARC-refinement@th0.2 B=80 s=1 C6_full_EVENT_MATERIALIZE confirmed anchor,PASS,segments=0
ARC-refinement@th0.2 B=80 s=1 C6_full_EVENT_MATERIALIZE no NaN,PASS,segments=0
ARC-refinement@th0.2 B=80 s=1 C6_full_EVENT_MATERIALIZE nonnegative duration,PASS,segments=0
ARC-refinement@th0.2 B=80 s=1 C6_full_EVENT_MATERIALIZE duration cap,PASS,D_seg_max=60.0
ARC-refinement@th0.2 B=80 s=1 C6_full_EVENT_MATERIALIZE negative barrier,PASS,negatives=1
ARC-refinement@th0.2 B=80 s=1 K0_naive_merge confirmed anchor,PASS,segments=0
ARC-refinement@th0.2 B=80 s=1 K0_naive_merge no NaN,PASS,segments=0
ARC-refinement@th0.2 B=80 s=1 K0_naive_merge nonnegative duration,PASS,segments=0
ARC-refinement@th0.2 B=80 s=1 K1_gap_limited confirmed anchor,PASS,segments=0
ARC-refinement@th0.2 B=80 s=1 K1_gap_limited no NaN,PASS,segments=0
ARC-refinement@th0.2 B=80 s=1 K1_gap_limited nonnegative duration,PASS,segments=0
ARC-refinement@th0.2 B=80 s=1 K2_gap_duration confirmed anchor,PASS,segments=0
ARC-refinement@th0.2 B=80 s=1 K2_gap_duration no NaN,PASS,segments=0
ARC-refinement@th0.2 B=80 s=1 K2_gap_duration nonnegative duration,PASS,segments=0
ARC-refinement@th0.2 B=80 s=1 K2_gap_duration duration cap,PASS,D_seg_max=60.0
ARC-refinement@th0.2 B=80 s=1 K3_gap_duration_negative_barrier confirmed anchor,PASS,segments=0
ARC-refinement@th0.2 B=80 s=1 K3_gap_duration_negative_barrier no NaN,PASS,segments=0
ARC-refinement@th0.2 B=80 s=1 K3_gap_duration_negative_barrier nonnegative duration,PASS,segments=0
ARC-refinement@th0.2 B=80 s=1 K3_gap_duration_negative_barrier duration cap,PASS,D_seg_max=60.0
ARC-refinement@th0.2 B=80 s=1 K3_gap_duration_negative_barrier negative barrier,PASS,negatives=1
ARC-refinement@th0.2 B=80 s=1 K4_gap_duration_negative_barrier_selected_expand confirmed anchor,PASS,segments=0
ARC-refinement@th0.2 B=80 s=1 K4_gap_duration_negative_barrier_selected_expand no NaN,PASS,segments=0
ARC-refinement@th0.2 B=80 s=1 K4_gap_duration_negative_barrier_selected_expand nonnegative duration,PASS,segments=0
ARC-refinement@th0.2 B=80 s=1 K4_gap_duration_negative_barrier_selected_expand duration cap,PASS,D_seg_max=60.0
ARC-refinement@th0.2 B=80 s=1 K4_gap_duration_negative_barrier_selected_expand negative barrier,PASS,negatives=1
ARC-refinement@th0.2 B=80 s=1 K4 expansion no unconfirmed seed,PASS,every segment contains queried positive anchor
ARC-refinement@th0.3 B=80 s=1 oracle order,PASS,calls=46
ARC-refinement@th0.3 B=80 s=1 calls <= budget,PASS,calls=46 budget=80
ARC-refinement@th0.3 B=80 s=1 C6_full_EVENT_MATERIALIZE confirmed anchor,PASS,segments=6
ARC-refinement@th0.3 B=80 s=1 C6_full_EVENT_MATERIALIZE no NaN,PASS,segments=6
ARC-refinement@th0.3 B=80 s=1 C6_full_EVENT_MATERIALIZE nonnegative duration,PASS,segments=6
ARC-refinement@th0.3 B=80 s=1 C6_full_EVENT_MATERIALIZE duration cap,PASS,D_seg_max=60.0
ARC-refinement@th0.3 B=80 s=1 C6_full_EVENT_MATERIALIZE negative barrier,PASS,negatives=38
ARC-refinement@th0.3 B=80 s=1 K0_naive_merge confirmed anchor,PASS,segments=1
ARC-refinement@th0.3 B=80 s=1 K0_naive_merge no NaN,PASS,segments=1
ARC-refinement@th0.3 B=80 s=1 K0_naive_merge nonnegative duration,PASS,segments=1
ARC-refinement@th0.3 B=80 s=1 K1_gap_limited confirmed anchor,PASS,segments=6
ARC-refinement@th0.3 B=80 s=1 K1_gap_limited no NaN,PASS,segments=6
ARC-refinement@th0.3 B=80 s=1 K1_gap_limited nonnegative duration,PASS,segments=6
ARC-refinement@th0.3 B=80 s=1 K2_gap_duration confirmed anchor,PASS,segments=6
ARC-refinement@th0.3 B=80 s=1 K2_gap_duration no NaN,PASS,segments=6
ARC-refinement@th0.3 B=80 s=1 K2_gap_duration nonnegative duration,PASS,segments=6
ARC-refinement@th0.3 B=80 s=1 K2_gap_duration duration cap,PASS,D_seg_max=60.0
ARC-refinement@th0.3 B=80 s=1 K3_gap_duration_negative_barrier confirmed anchor,PASS,segments=6
ARC-refinement@th0.3 B=80 s=1 K3_gap_duration_negative_barrier no NaN,PASS,segments=6
ARC-refinement@th0.3 B=80 s=1 K3_gap_duration_negative_barrier nonnegative duration,PASS,segments=6
ARC-refinement@th0.3 B=80 s=1 K3_gap_duration_negative_barrier duration cap,PASS,D_seg_max=60.0
ARC-refinement@th0.3 B=80 s=1 K3_gap_duration_negative_barrier negative barrier,PASS,negatives=38
ARC-refinement@th0.3 B=80 s=1 K4_gap_duration_negative_barrier_selected_expand confirmed anchor,PASS,segments=6
ARC-refinement@th0.3 B=80 s=1 K4_gap_duration_negative_barrier_selected_expand no NaN,PASS,segments=6
ARC-refinement@th0.3 B=80 s=1 K4_gap_duration_negative_barrier_selected_expand nonnegative duration,PASS,segments=6
ARC-refinement@th0.3 B=80 s=1 K4_gap_duration_negative_barrier_selected_expand duration cap,PASS,D_seg_max=60.0
ARC-refinement@th0.3 B=80 s=1 K4_gap_duration_negative_barrier_selected_expand negative barrier,PASS,negatives=38
ARC-refinement@th0.3 B=80 s=1 K4 expansion no unconfirmed seed,PASS,every segment contains queried positive anchor
ARC-refinement@th0.4 B=80 s=1 oracle order,PASS,calls=80
ARC-refinement@th0.4 B=80 s=1 calls <= budget,PASS,calls=80 budget=80
ARC-refinement@th0.4 B=80 s=1 C6_full_EVENT_MATERIALIZE confirmed anchor,PASS,segments=13
ARC-refinement@th0.4 B=80 s=1 C6_full_EVENT_MATERIALIZE no NaN,PASS,segments=13
ARC-refinement@th0.4 B=80 s=1 C6_full_EVENT_MATERIALIZE nonnegative duration,PASS,segments=13
ARC-refinement@th0.4 B=80 s=1 C6_full_EVENT_MATERIALIZE duration cap,PASS,D_seg_max=60.0
ARC-refinement@th0.4 B=80 s=1 C6_full_EVENT_MATERIALIZE negative barrier,PASS,negatives=59
ARC-refinement@th0.4 B=80 s=1 K0_naive_merge confirmed anchor,PASS,segments=1
ARC-refinement@th0.4 B=80 s=1 K0_naive_merge no NaN,PASS,segments=1
ARC-refinement@th0.4 B=80 s=1 K0_naive_merge nonnegative duration,PASS,segments=1
ARC-refinement@th0.4 B=80 s=1 K1_gap_limited confirmed anchor,PASS,segments=9
ARC-refinement@th0.4 B=80 s=1 K1_gap_limited no NaN,PASS,segments=9
ARC-refinement@th0.4 B=80 s=1 K1_gap_limited nonnegative duration,PASS,segments=9
ARC-refinement@th0.4 B=80 s=1 K2_gap_duration confirmed anchor,PASS,segments=11
ARC-refinement@th0.4 B=80 s=1 K2_gap_duration no NaN,PASS,segments=11
ARC-refinement@th0.4 B=80 s=1 K2_gap_duration nonnegative duration,PASS,segments=11
ARC-refinement@th0.4 B=80 s=1 K2_gap_duration duration cap,PASS,D_seg_max=60.0
ARC-refinement@th0.4 B=80 s=1 K3_gap_duration_negative_barrier confirmed anchor,PASS,segments=13
ARC-refinement@th0.4 B=80 s=1 K3_gap_duration_negative_barrier no NaN,PASS,segments=13
ARC-refinement@th0.4 B=80 s=1 K3_gap_duration_negative_barrier nonnegative duration,PASS,segments=13
ARC-refinement@th0.4 B=80 s=1 K3_gap_duration_negative_barrier duration cap,PASS,D_seg_max=60.0
ARC-refinement@th0.4 B=80 s=1 K3_gap_duration_negative_barrier negative barrier,PASS,negatives=59
ARC-refinement@th0.4 B=80 s=1 K4_gap_duration_negative_barrier_selected_expand confirmed anchor,PASS,segments=13
ARC-refinement@th0.4 B=80 s=1 K4_gap_duration_negative_barrier_selected_expand no NaN,PASS,segments=13
ARC-refinement@th0.4 B=80 s=1 K4_gap_duration_negative_barrier_selected_expand nonnegative duration,PASS,segments=13
ARC-refinement@th0.4 B=80 s=1 K4_gap_duration_negative_barrier_selected_expand duration cap,PASS,D_seg_max=60.0
ARC-refinement@th0.4 B=80 s=1 K4_gap_duration_negative_barrier_selected_expand negative barrier,PASS,negatives=59
ARC-refinement@th0.4 B=80 s=1 K4 expansion no unconfirmed seed,PASS,every segment contains queried positive anchor
ARC-refinement@th0.5 B=80 s=1 oracle order,PASS,calls=6
ARC-refinement@th0.5 B=80 s=1 calls <= budget,PASS,calls=6 budget=80
ARC-refinement@th0.5 B=80 s=1 C6_full_EVENT_MATERIALIZE confirmed anchor,PASS,segments=1
ARC-refinement@th0.5 B=80 s=1 C6_full_EVENT_MATERIALIZE no NaN,PASS,segments=1
ARC-refinement@th0.5 B=80 s=1 C6_full_EVENT_MATERIALIZE nonnegative duration,PASS,segments=1
ARC-refinement@th0.5 B=80 s=1 C6_full_EVENT_MATERIALIZE duration cap,PASS,D_seg_max=60.0
ARC-refinement@th0.5 B=80 s=1 C6_full_EVENT_MATERIALIZE negative barrier,PASS,negatives=2
ARC-refinement@th0.5 B=80 s=1 K0_naive_merge confirmed anchor,PASS,segments=1
ARC-refinement@th0.5 B=80 s=1 K0_naive_merge no NaN,PASS,segments=1
ARC-refinement@th0.5 B=80 s=1 K0_naive_merge nonnegative duration,PASS,segments=1
ARC-refinement@th0.5 B=80 s=1 K1_gap_limited confirmed anchor,PASS,segments=1
ARC-refinement@th0.5 B=80 s=1 K1_gap_limited no NaN,PASS,segments=1
ARC-refinement@th0.5 B=80 s=1 K1_gap_limited nonnegative duration,PASS,segments=1
ARC-refinement@th0.5 B=80 s=1 K2_gap_duration confirmed anchor,PASS,segments=1
ARC-refinement@th0.5 B=80 s=1 K2_gap_duration no NaN,PASS,segments=1
ARC-refinement@th0.5 B=80 s=1 K2_gap_duration nonnegative duration,PASS,segments=1
ARC-refinement@th0.5 B=80 s=1 K2_gap_duration duration cap,PASS,D_seg_max=60.0
ARC-refinement@th0.5 B=80 s=1 K3_gap_duration_negative_barrier confirmed anchor,PASS,segments=1
ARC-refinement@th0.5 B=80 s=1 K3_gap_duration_negative_barrier no NaN,PASS,segments=1
ARC-refinement@th0.5 B=80 s=1 K3_gap_duration_negative_barrier nonnegative duration,PASS,segments=1
ARC-refinement@th0.5 B=80 s=1 K3_gap_duration_negative_barrier duration cap,PASS,D_seg_max=60.0
ARC-refinement@th0.5 B=80 s=1 K3_gap_duration_negative_barrier negative barrier,PASS,negatives=2
ARC-refinement@th0.5 B=80 s=1 K4_gap_duration_negative_barrier_selected_expand confirmed anchor,PASS,segments=1
ARC-refinement@th0.5 B=80 s=1 K4_gap_duration_negative_barrier_selected_expand no NaN,PASS,segments=1
ARC-refinement@th0.5 B=80 s=1 K4_gap_duration_negative_barrier_selected_expand nonnegative duration,PASS,segments=1
ARC-refinement@th0.5 B=80 s=1 K4_gap_duration_negative_barrier_selected_expand duration cap,PASS,D_seg_max=60.0
ARC-refinement@th0.5 B=80 s=1 K4_gap_duration_negative_barrier_selected_expand negative barrier,PASS,negatives=2
ARC-refinement@th0.5 B=80 s=1 K4 expansion no unconfirmed seed,PASS,every segment contains queried positive anchor
ARC-refinement@th0.1 B=80 s=2 oracle order,PASS,calls=2
ARC-refinement@th0.1 B=80 s=2 calls <= budget,PASS,calls=2 budget=80
ARC-refinement@th0.1 B=80 s=2 C6_full_EVENT_MATERIALIZE confirmed anchor,PASS,segments=1
ARC-refinement@th0.1 B=80 s=2 C6_full_EVENT_MATERIALIZE no NaN,PASS,segments=1
ARC-refinement@th0.1 B=80 s=2 C6_full_EVENT_MATERIALIZE nonnegative duration,PASS,segments=1
ARC-refinement@th0.1 B=80 s=2 C6_full_EVENT_MATERIALIZE duration cap,PASS,D_seg_max=60.0
ARC-refinement@th0.1 B=80 s=2 C6_full_EVENT_MATERIALIZE negative barrier,PASS,negatives=0
ARC-refinement@th0.1 B=80 s=2 K0_naive_merge confirmed anchor,PASS,segments=1
ARC-refinement@th0.1 B=80 s=2 K0_naive_merge no NaN,PASS,segments=1
ARC-refinement@th0.1 B=80 s=2 K0_naive_merge nonnegative duration,PASS,segments=1
ARC-refinement@th0.1 B=80 s=2 K1_gap_limited confirmed anchor,PASS,segments=1
ARC-refinement@th0.1 B=80 s=2 K1_gap_limited no NaN,PASS,segments=1
ARC-refinement@th0.1 B=80 s=2 K1_gap_limited nonnegative duration,PASS,segments=1
ARC-refinement@th0.1 B=80 s=2 K2_gap_duration confirmed anchor,PASS,segments=1
ARC-refinement@th0.1 B=80 s=2 K2_gap_duration no NaN,PASS,segments=1
ARC-refinement@th0.1 B=80 s=2 K2_gap_duration nonnegative duration,PASS,segments=1
ARC-refinement@th0.1 B=80 s=2 K2_gap_duration duration cap,PASS,D_seg_max=60.0
ARC-refinement@th0.1 B=80 s=2 K3_gap_duration_negative_barrier confirmed anchor,PASS,segments=1
ARC-refinement@th0.1 B=80 s=2 K3_gap_duration_negative_barrier no NaN,PASS,segments=1
ARC-refinement@th0.1 B=80 s=2 K3_gap_duration_negative_barrier nonnegative duration,PASS,segments=1
ARC-refinement@th0.1 B=80 s=2 K3_gap_duration_negative_barrier duration cap,PASS,D_seg_max=60.0
ARC-refinement@th0.1 B=80 s=2 K3_gap_duration_negative_barrier negative barrier,PASS,negatives=0
ARC-refinement@th0.1 B=80 s=2 K4_gap_duration_negative_barrier_selected_expand confirmed anchor,PASS,segments=1
ARC-refinement@th0.1 B=80 s=2 K4_gap_duration_negative_barrier_selected_expand no NaN,PASS,segments=1
ARC-refinement@th0.1 B=80 s=2 K4_gap_duration_negative_barrier_selected_expand nonnegative duration,PASS,segments=1
ARC-refinement@th0.1 B=80 s=2 K4_gap_duration_negative_barrier_selected_expand duration cap,PASS,D_seg_max=60.0
ARC-refinement@th0.1 B=80 s=2 K4_gap_duration_negative_barrier_selected_expand negative barrier,PASS,negatives=0
ARC-refinement@th0.1 B=80 s=2 K4 expansion no unconfirmed seed,PASS,every segment contains queried positive anchor
ARC-refinement@th0.2 B=80 s=2 oracle order,PASS,calls=2
ARC-refinement@th0.2 B=80 s=2 calls <= budget,PASS,calls=2 budget=80
ARC-refinement@th0.2 B=80 s=2 C6_full_EVENT_MATERIALIZE confirmed anchor,PASS,segments=0
ARC-refinement@th0.2 B=80 s=2 C6_full_EVENT_MATERIALIZE no NaN,PASS,segments=0
ARC-refinement@th0.2 B=80 s=2 C6_full_EVENT_MATERIALIZE nonnegative duration,PASS,segments=0
ARC-refinement@th0.2 B=80 s=2 C6_full_EVENT_MATERIALIZE duration cap,PASS,D_seg_max=60.0
ARC-refinement@th0.2 B=80 s=2 C6_full_EVENT_MATERIALIZE negative barrier,PASS,negatives=2
ARC-refinement@th0.2 B=80 s=2 K0_naive_merge confirmed anchor,PASS,segments=0
ARC-refinement@th0.2 B=80 s=2 K0_naive_merge no NaN,PASS,segments=0
ARC-refinement@th0.2 B=80 s=2 K0_naive_merge nonnegative duration,PASS,segments=0
ARC-refinement@th0.2 B=80 s=2 K1_gap_limited confirmed anchor,PASS,segments=0
ARC-refinement@th0.2 B=80 s=2 K1_gap_limited no NaN,PASS,segments=0
ARC-refinement@th0.2 B=80 s=2 K1_gap_limited nonnegative duration,PASS,segments=0
ARC-refinement@th0.2 B=80 s=2 K2_gap_duration confirmed anchor,PASS,segments=0
ARC-refinement@th0.2 B=80 s=2 K2_gap_duration no NaN,PASS,segments=0
ARC-refinement@th0.2 B=80 s=2 K2_gap_duration nonnegative duration,PASS,segments=0
ARC-refinement@th0.2 B=80 s=2 K2_gap_duration duration cap,PASS,D_seg_max=60.0
ARC-refinement@th0.2 B=80 s=2 K3_gap_duration_negative_barrier confirmed anchor,PASS,segments=0
ARC-refinement@th0.2 B=80 s=2 K3_gap_duration_negative_barrier no NaN,PASS,segments=0
ARC-refinement@th0.2 B=80 s=2 K3_gap_duration_negative_barrier nonnegative duration,PASS,segments=0
ARC-refinement@th0.2 B=80 s=2 K3_gap_duration_negative_barrier duration cap,PASS,D_seg_max=60.0
ARC-refinement@th0.2 B=80 s=2 K3_gap_duration_negative_barrier negative barrier,PASS,negatives=2
ARC-refinement@th0.2 B=80 s=2 K4_gap_duration_negative_barrier_selected_expand confirmed anchor,PASS,segments=0
ARC-refinement@th0.2 B=80 s=2 K4_gap_duration_negative_barrier_selected_expand no NaN,PASS,segments=0
ARC-refinement@th0.2 B=80 s=2 K4_gap_duration_negative_barrier_selected_expand nonnegative duration,PASS,segments=0
ARC-refinement@th0.2 B=80 s=2 K4_gap_duration_negative_barrier_selected_expand duration cap,PASS,D_seg_max=60.0
ARC-refinement@th0.2 B=80 s=2 K4_gap_duration_negative_barrier_selected_expand negative barrier,PASS,negatives=2
ARC-refinement@th0.2 B=80 s=2 K4 expansion no unconfirmed seed,PASS,every segment contains queried positive anchor
ARC-refinement@th0.3 B=80 s=2 oracle order,PASS,calls=56
ARC-refinement@th0.3 B=80 s=2 calls <= budget,PASS,calls=56 budget=80
ARC-refinement@th0.3 B=80 s=2 C6_full_EVENT_MATERIALIZE confirmed anchor,PASS,segments=10
ARC-refinement@th0.3 B=80 s=2 C6_full_EVENT_MATERIALIZE no NaN,PASS,segments=10
ARC-refinement@th0.3 B=80 s=2 C6_full_EVENT_MATERIALIZE nonnegative duration,PASS,segments=10
ARC-refinement@th0.3 B=80 s=2 C6_full_EVENT_MATERIALIZE duration cap,PASS,D_seg_max=60.0
ARC-refinement@th0.3 B=80 s=2 C6_full_EVENT_MATERIALIZE negative barrier,PASS,negatives=42
ARC-refinement@th0.3 B=80 s=2 K0_naive_merge confirmed anchor,PASS,segments=1
ARC-refinement@th0.3 B=80 s=2 K0_naive_merge no NaN,PASS,segments=1
ARC-refinement@th0.3 B=80 s=2 K0_naive_merge nonnegative duration,PASS,segments=1
ARC-refinement@th0.3 B=80 s=2 K1_gap_limited confirmed anchor,PASS,segments=6
ARC-refinement@th0.3 B=80 s=2 K1_gap_limited no NaN,PASS,segments=6
ARC-refinement@th0.3 B=80 s=2 K1_gap_limited nonnegative duration,PASS,segments=6
ARC-refinement@th0.3 B=80 s=2 K2_gap_duration confirmed anchor,PASS,segments=8
ARC-refinement@th0.3 B=80 s=2 K2_gap_duration no NaN,PASS,segments=8
ARC-refinement@th0.3 B=80 s=2 K2_gap_duration nonnegative duration,PASS,segments=8
ARC-refinement@th0.3 B=80 s=2 K2_gap_duration duration cap,PASS,D_seg_max=60.0
ARC-refinement@th0.3 B=80 s=2 K3_gap_duration_negative_barrier confirmed anchor,PASS,segments=10
ARC-refinement@th0.3 B=80 s=2 K3_gap_duration_negative_barrier no NaN,PASS,segments=10
ARC-refinement@th0.3 B=80 s=2 K3_gap_duration_negative_barrier nonnegative duration,PASS,segments=10
ARC-refinement@th0.3 B=80 s=2 K3_gap_duration_negative_barrier duration cap,PASS,D_seg_max=60.0
ARC-refinement@th0.3 B=80 s=2 K3_gap_duration_negative_barrier negative barrier,PASS,negatives=42
ARC-refinement@th0.3 B=80 s=2 K4_gap_duration_negative_barrier_selected_expand confirmed anchor,PASS,segments=10
ARC-refinement@th0.3 B=80 s=2 K4_gap_duration_negative_barrier_selected_expand no NaN,PASS,segments=10
ARC-refinement@th0.3 B=80 s=2 K4_gap_duration_negative_barrier_selected_expand nonnegative duration,PASS,segments=10
ARC-refinement@th0.3 B=80 s=2 K4_gap_duration_negative_barrier_selected_expand duration cap,PASS,D_seg_max=60.0
ARC-refinement@th0.3 B=80 s=2 K4_gap_duration_negative_barrier_selected_expand negative barrier,PASS,negatives=42
ARC-refinement@th0.3 B=80 s=2 K4 expansion no unconfirmed seed,PASS,every segment contains queried positive anchor
ARC-refinement@th0.4 B=80 s=2 oracle order,PASS,calls=80
ARC-refinement@th0.4 B=80 s=2 calls <= budget,PASS,calls=80 budget=80
ARC-refinement@th0.4 B=80 s=2 C6_full_EVENT_MATERIALIZE confirmed anchor,PASS,segments=17
ARC-refinement@th0.4 B=80 s=2 C6_full_EVENT_MATERIALIZE no NaN,PASS,segments=17
ARC-refinement@th0.4 B=80 s=2 C6_full_EVENT_MATERIALIZE nonnegative duration,PASS,segments=17
ARC-refinement@th0.4 B=80 s=2 C6_full_EVENT_MATERIALIZE duration cap,PASS,D_seg_max=60.0
ARC-refinement@th0.4 B=80 s=2 C6_full_EVENT_MATERIALIZE negative barrier,PASS,negatives=53
ARC-refinement@th0.4 B=80 s=2 K0_naive_merge confirmed anchor,PASS,segments=1
ARC-refinement@th0.4 B=80 s=2 K0_naive_merge no NaN,PASS,segments=1
ARC-refinement@th0.4 B=80 s=2 K0_naive_merge nonnegative duration,PASS,segments=1
ARC-refinement@th0.4 B=80 s=2 K1_gap_limited confirmed anchor,PASS,segments=11
ARC-refinement@th0.4 B=80 s=2 K1_gap_limited no NaN,PASS,segments=11
ARC-refinement@th0.4 B=80 s=2 K1_gap_limited nonnegative duration,PASS,segments=11
ARC-refinement@th0.4 B=80 s=2 K2_gap_duration confirmed anchor,PASS,segments=13
ARC-refinement@th0.4 B=80 s=2 K2_gap_duration no NaN,PASS,segments=13
ARC-refinement@th0.4 B=80 s=2 K2_gap_duration nonnegative duration,PASS,segments=13
ARC-refinement@th0.4 B=80 s=2 K2_gap_duration duration cap,PASS,D_seg_max=60.0
ARC-refinement@th0.4 B=80 s=2 K3_gap_duration_negative_barrier confirmed anchor,PASS,segments=17
ARC-refinement@th0.4 B=80 s=2 K3_gap_duration_negative_barrier no NaN,PASS,segments=17
ARC-refinement@th0.4 B=80 s=2 K3_gap_duration_negative_barrier nonnegative duration,PASS,segments=17
ARC-refinement@th0.4 B=80 s=2 K3_gap_duration_negative_barrier duration cap,PASS,D_seg_max=60.0
ARC-refinement@th0.4 B=80 s=2 K3_gap_duration_negative_barrier negative barrier,PASS,negatives=53
ARC-refinement@th0.4 B=80 s=2 K4_gap_duration_negative_barrier_selected_expand confirmed anchor,PASS,segments=17
ARC-refinement@th0.4 B=80 s=2 K4_gap_duration_negative_barrier_selected_expand no NaN,PASS,segments=17
ARC-refinement@th0.4 B=80 s=2 K4_gap_duration_negative_barrier_selected_expand nonnegative duration,PASS,segments=17
ARC-refinement@th0.4 B=80 s=2 K4_gap_duration_negative_barrier_selected_expand duration cap,PASS,D_seg_max=60.0
ARC-refinement@th0.4 B=80 s=2 K4_gap_duration_negative_barrier_selected_expand negative barrier,PASS,negatives=53
ARC-refinement@th0.4 B=80 s=2 K4 expansion no unconfirmed seed,PASS,every segment contains queried positive anchor
ARC-refinement@th0.5 B=80 s=2 oracle order,PASS,calls=6
ARC-refinement@th0.5 B=80 s=2 calls <= budget,PASS,calls=6 budget=80
ARC-refinement@th0.5 B=80 s=2 C6_full_EVENT_MATERIALIZE confirmed anchor,PASS,segments=1
ARC-refinement@th0.5 B=80 s=2 C6_full_EVENT_MATERIALIZE no NaN,PASS,segments=1
ARC-refinement@th0.5 B=80 s=2 C6_full_EVENT_MATERIALIZE nonnegative duration,PASS,segments=1
ARC-refinement@th0.5 B=80 s=2 C6_full_EVENT_MATERIALIZE duration cap,PASS,D_seg_max=60.0
ARC-refinement@th0.5 B=80 s=2 C6_full_EVENT_MATERIALIZE negative barrier,PASS,negatives=2
ARC-refinement@th0.5 B=80 s=2 K0_naive_merge confirmed anchor,PASS,segments=1
ARC-refinement@th0.5 B=80 s=2 K0_naive_merge no NaN,PASS,segments=1
ARC-refinement@th0.5 B=80 s=2 K0_naive_merge nonnegative duration,PASS,segments=1
ARC-refinement@th0.5 B=80 s=2 K1_gap_limited confirmed anchor,PASS,segments=1
ARC-refinement@th0.5 B=80 s=2 K1_gap_limited no NaN,PASS,segments=1
ARC-refinement@th0.5 B=80 s=2 K1_gap_limited nonnegative duration,PASS,segments=1
ARC-refinement@th0.5 B=80 s=2 K2_gap_duration confirmed anchor,PASS,segments=1
ARC-refinement@th0.5 B=80 s=2 K2_gap_duration no NaN,PASS,segments=1
ARC-refinement@th0.5 B=80 s=2 K2_gap_duration nonnegative duration,PASS,segments=1
ARC-refinement@th0.5 B=80 s=2 K2_gap_duration duration cap,PASS,D_seg_max=60.0
ARC-refinement@th0.5 B=80 s=2 K3_gap_duration_negative_barrier confirmed anchor,PASS,segments=1
ARC-refinement@th0.5 B=80 s=2 K3_gap_duration_negative_barrier no NaN,PASS,segments=1
ARC-refinement@th0.5 B=80 s=2 K3_gap_duration_negative_barrier nonnegative duration,PASS,segments=1
ARC-refinement@th0.5 B=80 s=2 K3_gap_duration_negative_barrier duration cap,PASS,D_seg_max=60.0
ARC-refinement@th0.5 B=80 s=2 K3_gap_duration_negative_barrier negative barrier,PASS,negatives=2
ARC-refinement@th0.5 B=80 s=2 K4_gap_duration_negative_barrier_selected_expand confirmed anchor,PASS,segments=1
ARC-refinement@th0.5 B=80 s=2 K4_gap_duration_negative_barrier_selected_expand no NaN,PASS,segments=1
ARC-refinement@th0.5 B=80 s=2 K4_gap_duration_negative_barrier_selected_expand nonnegative duration,PASS,segments=1
ARC-refinement@th0.5 B=80 s=2 K4_gap_duration_negative_barrier_selected_expand duration cap,PASS,D_seg_max=60.0
ARC-refinement@th0.5 B=80 s=2 K4_gap_duration_negative_barrier_selected_expand negative barrier,PASS,negatives=2
ARC-refinement@th0.5 B=80 s=2 K4 expansion no unconfirmed seed,PASS,every segment contains queried positive anchor
ARC-refinement@th0.1 B=80 s=3 oracle order,PASS,calls=0
ARC-refinement@th0.1 B=80 s=3 calls <= budget,PASS,calls=0 budget=80
ARC-refinement@th0.1 B=80 s=3 C6_full_EVENT_MATERIALIZE confirmed anchor,PASS,segments=0
ARC-refinement@th0.1 B=80 s=3 C6_full_EVENT_MATERIALIZE no NaN,PASS,segments=0
ARC-refinement@th0.1 B=80 s=3 C6_full_EVENT_MATERIALIZE nonnegative duration,PASS,segments=0
ARC-refinement@th0.1 B=80 s=3 C6_full_EVENT_MATERIALIZE duration cap,PASS,D_seg_max=60.0
ARC-refinement@th0.1 B=80 s=3 C6_full_EVENT_MATERIALIZE negative barrier,PASS,negatives=0
ARC-refinement@th0.1 B=80 s=3 K0_naive_merge confirmed anchor,PASS,segments=0
ARC-refinement@th0.1 B=80 s=3 K0_naive_merge no NaN,PASS,segments=0
ARC-refinement@th0.1 B=80 s=3 K0_naive_merge nonnegative duration,PASS,segments=0
ARC-refinement@th0.1 B=80 s=3 K1_gap_limited confirmed anchor,PASS,segments=0
ARC-refinement@th0.1 B=80 s=3 K1_gap_limited no NaN,PASS,segments=0
ARC-refinement@th0.1 B=80 s=3 K1_gap_limited nonnegative duration,PASS,segments=0
ARC-refinement@th0.1 B=80 s=3 K2_gap_duration confirmed anchor,PASS,segments=0
ARC-refinement@th0.1 B=80 s=3 K2_gap_duration no NaN,PASS,segments=0
ARC-refinement@th0.1 B=80 s=3 K2_gap_duration nonnegative duration,PASS,segments=0
ARC-refinement@th0.1 B=80 s=3 K2_gap_duration duration cap,PASS,D_seg_max=60.0
ARC-refinement@th0.1 B=80 s=3 K3_gap_duration_negative_barrier confirmed anchor,PASS,segments=0
ARC-refinement@th0.1 B=80 s=3 K3_gap_duration_negative_barrier no NaN,PASS,segments=0
ARC-refinement@th0.1 B=80 s=3 K3_gap_duration_negative_barrier nonnegative duration,PASS,segments=0
ARC-refinement@th0.1 B=80 s=3 K3_gap_duration_negative_barrier duration cap,PASS,D_seg_max=60.0
ARC-refinement@th0.1 B=80 s=3 K3_gap_duration_negative_barrier negative barrier,PASS,negatives=0
ARC-refinement@th0.1 B=80 s=3 K4_gap_duration_negative_barrier_selected_expand confirmed anchor,PASS,segments=0
ARC-refinement@th0.1 B=80 s=3 K4_gap_duration_negative_barrier_selected_expand no NaN,PASS,segments=0
ARC-refinement@th0.1 B=80 s=3 K4_gap_duration_negative_barrier_selected_expand nonnegative duration,PASS,segments=0
ARC-refinement@th0.1 B=80 s=3 K4_gap_duration_negative_barrier_selected_expand duration cap,PASS,D_seg_max=60.0
ARC-refinement@th0.1 B=80 s=3 K4_gap_duration_negative_barrier_selected_expand negative barrier,PASS,negatives=0
ARC-refinement@th0.1 B=80 s=3 K4 expansion no unconfirmed seed,PASS,every segment contains queried positive anchor
ARC-refinement@th0.2 B=80 s=3 oracle order,PASS,calls=0
ARC-refinement@th0.2 B=80 s=3 calls <= budget,PASS,calls=0 budget=80
ARC-refinement@th0.2 B=80 s=3 C6_full_EVENT_MATERIALIZE confirmed anchor,PASS,segments=0
ARC-refinement@th0.2 B=80 s=3 C6_full_EVENT_MATERIALIZE no NaN,PASS,segments=0
ARC-refinement@th0.2 B=80 s=3 C6_full_EVENT_MATERIALIZE nonnegative duration,PASS,segments=0
ARC-refinement@th0.2 B=80 s=3 C6_full_EVENT_MATERIALIZE duration cap,PASS,D_seg_max=60.0
ARC-refinement@th0.2 B=80 s=3 C6_full_EVENT_MATERIALIZE negative barrier,PASS,negatives=0
ARC-refinement@th0.2 B=80 s=3 K0_naive_merge confirmed anchor,PASS,segments=0
ARC-refinement@th0.2 B=80 s=3 K0_naive_merge no NaN,PASS,segments=0
ARC-refinement@th0.2 B=80 s=3 K0_naive_merge nonnegative duration,PASS,segments=0
ARC-refinement@th0.2 B=80 s=3 K1_gap_limited confirmed anchor,PASS,segments=0
ARC-refinement@th0.2 B=80 s=3 K1_gap_limited no NaN,PASS,segments=0
ARC-refinement@th0.2 B=80 s=3 K1_gap_limited nonnegative duration,PASS,segments=0
ARC-refinement@th0.2 B=80 s=3 K2_gap_duration confirmed anchor,PASS,segments=0
ARC-refinement@th0.2 B=80 s=3 K2_gap_duration no NaN,PASS,segments=0
ARC-refinement@th0.2 B=80 s=3 K2_gap_duration nonnegative duration,PASS,segments=0
ARC-refinement@th0.2 B=80 s=3 K2_gap_duration duration cap,PASS,D_seg_max=60.0
ARC-refinement@th0.2 B=80 s=3 K3_gap_duration_negative_barrier confirmed anchor,PASS,segments=0
ARC-refinement@th0.2 B=80 s=3 K3_gap_duration_negative_barrier no NaN,PASS,segments=0
ARC-refinement@th0.2 B=80 s=3 K3_gap_duration_negative_barrier nonnegative duration,PASS,segments=0
ARC-refinement@th0.2 B=80 s=3 K3_gap_duration_negative_barrier duration cap,PASS,D_seg_max=60.0
ARC-refinement@th0.2 B=80 s=3 K3_gap_duration_negative_barrier negative barrier,PASS,negatives=0
ARC-refinement@th0.2 B=80 s=3 K4_gap_duration_negative_barrier_selected_expand confirmed anchor,PASS,segments=0
ARC-refinement@th0.2 B=80 s=3 K4_gap_duration_negative_barrier_selected_expand no NaN,PASS,segments=0
ARC-refinement@th0.2 B=80 s=3 K4_gap_duration_negative_barrier_selected_expand nonnegative duration,PASS,segments=0
ARC-refinement@th0.2 B=80 s=3 K4_gap_duration_negative_barrier_selected_expand duration cap,PASS,D_seg_max=60.0
ARC-refinement@th0.2 B=80 s=3 K4_gap_duration_negative_barrier_selected_expand negative barrier,PASS,negatives=0
ARC-refinement@th0.2 B=80 s=3 K4 expansion no unconfirmed seed,PASS,every segment contains queried positive anchor
ARC-refinement@th0.3 B=80 s=3 oracle order,PASS,calls=66
ARC-refinement@th0.3 B=80 s=3 calls <= budget,PASS,calls=66 budget=80
ARC-refinement@th0.3 B=80 s=3 C6_full_EVENT_MATERIALIZE confirmed anchor,PASS,segments=12
ARC-refinement@th0.3 B=80 s=3 C6_full_EVENT_MATERIALIZE no NaN,PASS,segments=12
ARC-refinement@th0.3 B=80 s=3 C6_full_EVENT_MATERIALIZE nonnegative duration,PASS,segments=12
ARC-refinement@th0.3 B=80 s=3 C6_full_EVENT_MATERIALIZE duration cap,PASS,D_seg_max=60.0
ARC-refinement@th0.3 B=80 s=3 C6_full_EVENT_MATERIALIZE negative barrier,PASS,negatives=49
ARC-refinement@th0.3 B=80 s=3 K0_naive_merge confirmed anchor,PASS,segments=1
ARC-refinement@th0.3 B=80 s=3 K0_naive_merge no NaN,PASS,segments=1
ARC-refinement@th0.3 B=80 s=3 K0_naive_merge nonnegative duration,PASS,segments=1
ARC-refinement@th0.3 B=80 s=3 K1_gap_limited confirmed anchor,PASS,segments=7
ARC-refinement@th0.3 B=80 s=3 K1_gap_limited no NaN,PASS,segments=7
ARC-refinement@th0.3 B=80 s=3 K1_gap_limited nonnegative duration,PASS,segments=7
ARC-refinement@th0.3 B=80 s=3 K2_gap_duration confirmed anchor,PASS,segments=9
ARC-refinement@th0.3 B=80 s=3 K2_gap_duration no NaN,PASS,segments=9
ARC-refinement@th0.3 B=80 s=3 K2_gap_duration nonnegative duration,PASS,segments=9
ARC-refinement@th0.3 B=80 s=3 K2_gap_duration duration cap,PASS,D_seg_max=60.0
ARC-refinement@th0.3 B=80 s=3 K3_gap_duration_negative_barrier confirmed anchor,PASS,segments=12
ARC-refinement@th0.3 B=80 s=3 K3_gap_duration_negative_barrier no NaN,PASS,segments=12
ARC-refinement@th0.3 B=80 s=3 K3_gap_duration_negative_barrier nonnegative duration,PASS,segments=12
ARC-refinement@th0.3 B=80 s=3 K3_gap_duration_negative_barrier duration cap,PASS,D_seg_max=60.0
ARC-refinement@th0.3 B=80 s=3 K3_gap_duration_negative_barrier negative barrier,PASS,negatives=49
ARC-refinement@th0.3 B=80 s=3 K4_gap_duration_negative_barrier_selected_expand confirmed anchor,PASS,segments=12
ARC-refinement@th0.3 B=80 s=3 K4_gap_duration_negative_barrier_selected_expand no NaN,PASS,segments=12
ARC-refinement@th0.3 B=80 s=3 K4_gap_duration_negative_barrier_selected_expand nonnegative duration,PASS,segments=12
ARC-refinement@th0.3 B=80 s=3 K4_gap_duration_negative_barrier_selected_expand duration cap,PASS,D_seg_max=60.0
ARC-refinement@th0.3 B=80 s=3 K4_gap_duration_negative_barrier_selected_expand negative barrier,PASS,negatives=49
ARC-refinement@th0.3 B=80 s=3 K4 expansion no unconfirmed seed,PASS,every segment contains queried positive anchor
ARC-refinement@th0.4 B=80 s=3 oracle order,PASS,calls=80
ARC-refinement@th0.4 B=80 s=3 calls <= budget,PASS,calls=80 budget=80
ARC-refinement@th0.4 B=80 s=3 C6_full_EVENT_MATERIALIZE confirmed anchor,PASS,segments=15
ARC-refinement@th0.4 B=80 s=3 C6_full_EVENT_MATERIALIZE no NaN,PASS,segments=15
ARC-refinement@th0.4 B=80 s=3 C6_full_EVENT_MATERIALIZE nonnegative duration,PASS,segments=15
ARC-refinement@th0.4 B=80 s=3 C6_full_EVENT_MATERIALIZE duration cap,PASS,D_seg_max=60.0
ARC-refinement@th0.4 B=80 s=3 C6_full_EVENT_MATERIALIZE negative barrier,PASS,negatives=56
ARC-refinement@th0.4 B=80 s=3 K0_naive_merge confirmed anchor,PASS,segments=1
ARC-refinement@th0.4 B=80 s=3 K0_naive_merge no NaN,PASS,segments=1
ARC-refinement@th0.4 B=80 s=3 K0_naive_merge nonnegative duration,PASS,segments=1
ARC-refinement@th0.4 B=80 s=3 K1_gap_limited confirmed anchor,PASS,segments=10
ARC-refinement@th0.4 B=80 s=3 K1_gap_limited no NaN,PASS,segments=10
ARC-refinement@th0.4 B=80 s=3 K1_gap_limited nonnegative duration,PASS,segments=10
ARC-refinement@th0.4 B=80 s=3 K2_gap_duration confirmed anchor,PASS,segments=12
ARC-refinement@th0.4 B=80 s=3 K2_gap_duration no NaN,PASS,segments=12
ARC-refinement@th0.4 B=80 s=3 K2_gap_duration nonnegative duration,PASS,segments=12
ARC-refinement@th0.4 B=80 s=3 K2_gap_duration duration cap,PASS,D_seg_max=60.0
ARC-refinement@th0.4 B=80 s=3 K3_gap_duration_negative_barrier confirmed anchor,PASS,segments=15
ARC-refinement@th0.4 B=80 s=3 K3_gap_duration_negative_barrier no NaN,PASS,segments=15
ARC-refinement@th0.4 B=80 s=3 K3_gap_duration_negative_barrier nonnegative duration,PASS,segments=15
ARC-refinement@th0.4 B=80 s=3 K3_gap_duration_negative_barrier duration cap,PASS,D_seg_max=60.0
ARC-refinement@th0.4 B=80 s=3 K3_gap_duration_negative_barrier negative barrier,PASS,negatives=56
ARC-refinement@th0.4 B=80 s=3 K4_gap_duration_negative_barrier_selected_expand confirmed anchor,PASS,segments=15
ARC-refinement@th0.4 B=80 s=3 K4_gap_duration_negative_barrier_selected_expand no NaN,PASS,segments=15
ARC-refinement@th0.4 B=80 s=3 K4_gap_duration_negative_barrier_selected_expand nonnegative duration,PASS,segments=15
ARC-refinement@th0.4 B=80 s=3 K4_gap_duration_negative_barrier_selected_expand duration cap,PASS,D_seg_max=60.0
ARC-refinement@th0.4 B=80 s=3 K4_gap_duration_negative_barrier_selected_expand negative barrier,PASS,negatives=56
ARC-refinement@th0.4 B=80 s=3 K4 expansion no unconfirmed seed,PASS,every segment contains queried positive anchor
ARC-refinement@th0.5 B=80 s=3 oracle order,PASS,calls=8
ARC-refinement@th0.5 B=80 s=3 calls <= budget,PASS,calls=8 budget=80
ARC-refinement@th0.5 B=80 s=3 C6_full_EVENT_MATERIALIZE confirmed anchor,PASS,segments=1
ARC-refinement@th0.5 B=80 s=3 C6_full_EVENT_MATERIALIZE no NaN,PASS,segments=1
ARC-refinement@th0.5 B=80 s=3 C6_full_EVENT_MATERIALIZE nonnegative duration,PASS,segments=1
ARC-refinement@th0.5 B=80 s=3 C6_full_EVENT_MATERIALIZE duration cap,PASS,D_seg_max=60.0
ARC-refinement@th0.5 B=80 s=3 C6_full_EVENT_MATERIALIZE negative barrier,PASS,negatives=4
ARC-refinement@th0.5 B=80 s=3 K0_naive_merge confirmed anchor,PASS,segments=1
ARC-refinement@th0.5 B=80 s=3 K0_naive_merge no NaN,PASS,segments=1
ARC-refinement@th0.5 B=80 s=3 K0_naive_merge nonnegative duration,PASS,segments=1
ARC-refinement@th0.5 B=80 s=3 K1_gap_limited confirmed anchor,PASS,segments=1
ARC-refinement@th0.5 B=80 s=3 K1_gap_limited no NaN,PASS,segments=1
ARC-refinement@th0.5 B=80 s=3 K1_gap_limited nonnegative duration,PASS,segments=1
ARC-refinement@th0.5 B=80 s=3 K2_gap_duration confirmed anchor,PASS,segments=1
ARC-refinement@th0.5 B=80 s=3 K2_gap_duration no NaN,PASS,segments=1
ARC-refinement@th0.5 B=80 s=3 K2_gap_duration nonnegative duration,PASS,segments=1
ARC-refinement@th0.5 B=80 s=3 K2_gap_duration duration cap,PASS,D_seg_max=60.0
ARC-refinement@th0.5 B=80 s=3 K3_gap_duration_negative_barrier confirmed anchor,PASS,segments=1
ARC-refinement@th0.5 B=80 s=3 K3_gap_duration_negative_barrier no NaN,PASS,segments=1
ARC-refinement@th0.5 B=80 s=3 K3_gap_duration_negative_barrier nonnegative duration,PASS,segments=1
ARC-refinement@th0.5 B=80 s=3 K3_gap_duration_negative_barrier duration cap,PASS,D_seg_max=60.0
ARC-refinement@th0.5 B=80 s=3 K3_gap_duration_negative_barrier negative barrier,PASS,negatives=4
ARC-refinement@th0.5 B=80 s=3 K4_gap_duration_negative_barrier_selected_expand confirmed anchor,PASS,segments=1
ARC-refinement@th0.5 B=80 s=3 K4_gap_duration_negative_barrier_selected_expand no NaN,PASS,segments=1
ARC-refinement@th0.5 B=80 s=3 K4_gap_duration_negative_barrier_selected_expand nonnegative duration,PASS,segments=1
ARC-refinement@th0.5 B=80 s=3 K4_gap_duration_negative_barrier_selected_expand duration cap,PASS,D_seg_max=60.0
ARC-refinement@th0.5 B=80 s=3 K4_gap_duration_negative_barrier_selected_expand negative barrier,PASS,negatives=4
ARC-refinement@th0.5 B=80 s=3 K4 expansion no unconfirmed seed,PASS,every segment contains queried positive anchor
ARC-refinement@th0.1 B=80 s=4 oracle order,PASS,calls=0
ARC-refinement@th0.1 B=80 s=4 calls <= budget,PASS,calls=0 budget=80
ARC-refinement@th0.1 B=80 s=4 C6_full_EVENT_MATERIALIZE confirmed anchor,PASS,segments=0
ARC-refinement@th0.1 B=80 s=4 C6_full_EVENT_MATERIALIZE no NaN,PASS,segments=0
ARC-refinement@th0.1 B=80 s=4 C6_full_EVENT_MATERIALIZE nonnegative duration,PASS,segments=0
ARC-refinement@th0.1 B=80 s=4 C6_full_EVENT_MATERIALIZE duration cap,PASS,D_seg_max=60.0
ARC-refinement@th0.1 B=80 s=4 C6_full_EVENT_MATERIALIZE negative barrier,PASS,negatives=0
ARC-refinement@th0.1 B=80 s=4 K0_naive_merge confirmed anchor,PASS,segments=0
ARC-refinement@th0.1 B=80 s=4 K0_naive_merge no NaN,PASS,segments=0
ARC-refinement@th0.1 B=80 s=4 K0_naive_merge nonnegative duration,PASS,segments=0
ARC-refinement@th0.1 B=80 s=4 K1_gap_limited confirmed anchor,PASS,segments=0
ARC-refinement@th0.1 B=80 s=4 K1_gap_limited no NaN,PASS,segments=0
ARC-refinement@th0.1 B=80 s=4 K1_gap_limited nonnegative duration,PASS,segments=0
ARC-refinement@th0.1 B=80 s=4 K2_gap_duration confirmed anchor,PASS,segments=0
ARC-refinement@th0.1 B=80 s=4 K2_gap_duration no NaN,PASS,segments=0
ARC-refinement@th0.1 B=80 s=4 K2_gap_duration nonnegative duration,PASS,segments=0
ARC-refinement@th0.1 B=80 s=4 K2_gap_duration duration cap,PASS,D_seg_max=60.0
ARC-refinement@th0.1 B=80 s=4 K3_gap_duration_negative_barrier confirmed anchor,PASS,segments=0
ARC-refinement@th0.1 B=80 s=4 K3_gap_duration_negative_barrier no NaN,PASS,segments=0
ARC-refinement@th0.1 B=80 s=4 K3_gap_duration_negative_barrier nonnegative duration,PASS,segments=0
ARC-refinement@th0.1 B=80 s=4 K3_gap_duration_negative_barrier duration cap,PASS,D_seg_max=60.0
ARC-refinement@th0.1 B=80 s=4 K3_gap_duration_negative_barrier negative barrier,PASS,negatives=0
ARC-refinement@th0.1 B=80 s=4 K4_gap_duration_negative_barrier_selected_expand confirmed anchor,PASS,segments=0
ARC-refinement@th0.1 B=80 s=4 K4_gap_duration_negative_barrier_selected_expand no NaN,PASS,segments=0
ARC-refinement@th0.1 B=80 s=4 K4_gap_duration_negative_barrier_selected_expand nonnegative duration,PASS,segments=0
ARC-refinement@th0.1 B=80 s=4 K4_gap_duration_negative_barrier_selected_expand duration cap,PASS,D_seg_max=60.0
ARC-refinement@th0.1 B=80 s=4 K4_gap_duration_negative_barrier_selected_expand negative barrier,PASS,negatives=0
ARC-refinement@th0.1 B=80 s=4 K4 expansion no unconfirmed seed,PASS,every segment contains queried positive anchor
ARC-refinement@th0.2 B=80 s=4 oracle order,PASS,calls=0
ARC-refinement@th0.2 B=80 s=4 calls <= budget,PASS,calls=0 budget=80
ARC-refinement@th0.2 B=80 s=4 C6_full_EVENT_MATERIALIZE confirmed anchor,PASS,segments=0
ARC-refinement@th0.2 B=80 s=4 C6_full_EVENT_MATERIALIZE no NaN,PASS,segments=0
ARC-refinement@th0.2 B=80 s=4 C6_full_EVENT_MATERIALIZE nonnegative duration,PASS,segments=0
ARC-refinement@th0.2 B=80 s=4 C6_full_EVENT_MATERIALIZE duration cap,PASS,D_seg_max=60.0
ARC-refinement@th0.2 B=80 s=4 C6_full_EVENT_MATERIALIZE negative barrier,PASS,negatives=0
ARC-refinement@th0.2 B=80 s=4 K0_naive_merge confirmed anchor,PASS,segments=0
ARC-refinement@th0.2 B=80 s=4 K0_naive_merge no NaN,PASS,segments=0
ARC-refinement@th0.2 B=80 s=4 K0_naive_merge nonnegative duration,PASS,segments=0
ARC-refinement@th0.2 B=80 s=4 K1_gap_limited confirmed anchor,PASS,segments=0
ARC-refinement@th0.2 B=80 s=4 K1_gap_limited no NaN,PASS,segments=0
ARC-refinement@th0.2 B=80 s=4 K1_gap_limited nonnegative duration,PASS,segments=0
ARC-refinement@th0.2 B=80 s=4 K2_gap_duration confirmed anchor,PASS,segments=0
ARC-refinement@th0.2 B=80 s=4 K2_gap_duration no NaN,PASS,segments=0
ARC-refinement@th0.2 B=80 s=4 K2_gap_duration nonnegative duration,PASS,segments=0
ARC-refinement@th0.2 B=80 s=4 K2_gap_duration duration cap,PASS,D_seg_max=60.0
ARC-refinement@th0.2 B=80 s=4 K3_gap_duration_negative_barrier confirmed anchor,PASS,segments=0
ARC-refinement@th0.2 B=80 s=4 K3_gap_duration_negative_barrier no NaN,PASS,segments=0
ARC-refinement@th0.2 B=80 s=4 K3_gap_duration_negative_barrier nonnegative duration,PASS,segments=0
ARC-refinement@th0.2 B=80 s=4 K3_gap_duration_negative_barrier duration cap,PASS,D_seg_max=60.0
ARC-refinement@th0.2 B=80 s=4 K3_gap_duration_negative_barrier negative barrier,PASS,negatives=0
ARC-refinement@th0.2 B=80 s=4 K4_gap_duration_negative_barrier_selected_expand confirmed anchor,PASS,segments=0
ARC-refinement@th0.2 B=80 s=4 K4_gap_duration_negative_barrier_selected_expand no NaN,PASS,segments=0
ARC-refinement@th0.2 B=80 s=4 K4_gap_duration_negative_barrier_selected_expand nonnegative duration,PASS,segments=0
ARC-refinement@th0.2 B=80 s=4 K4_gap_duration_negative_barrier_selected_expand duration cap,PASS,D_seg_max=60.0
ARC-refinement@th0.2 B=80 s=4 K4_gap_duration_negative_barrier_selected_expand negative barrier,PASS,negatives=0
ARC-refinement@th0.2 B=80 s=4 K4 expansion no unconfirmed seed,PASS,every segment contains queried positive anchor
ARC-refinement@th0.3 B=80 s=4 oracle order,PASS,calls=35
ARC-refinement@th0.3 B=80 s=4 calls <= budget,PASS,calls=35 budget=80
ARC-refinement@th0.3 B=80 s=4 C6_full_EVENT_MATERIALIZE confirmed anchor,PASS,segments=4
ARC-refinement@th0.3 B=80 s=4 C6_full_EVENT_MATERIALIZE no NaN,PASS,segments=4
ARC-refinement@th0.3 B=80 s=4 C6_full_EVENT_MATERIALIZE nonnegative duration,PASS,segments=4
ARC-refinement@th0.3 B=80 s=4 C6_full_EVENT_MATERIALIZE duration cap,PASS,D_seg_max=60.0
ARC-refinement@th0.3 B=80 s=4 C6_full_EVENT_MATERIALIZE negative barrier,PASS,negatives=31
ARC-refinement@th0.3 B=80 s=4 K0_naive_merge confirmed anchor,PASS,segments=1
ARC-refinement@th0.3 B=80 s=4 K0_naive_merge no NaN,PASS,segments=1
ARC-refinement@th0.3 B=80 s=4 K0_naive_merge nonnegative duration,PASS,segments=1
ARC-refinement@th0.3 B=80 s=4 K1_gap_limited confirmed anchor,PASS,segments=4
ARC-refinement@th0.3 B=80 s=4 K1_gap_limited no NaN,PASS,segments=4
ARC-refinement@th0.3 B=80 s=4 K1_gap_limited nonnegative duration,PASS,segments=4
ARC-refinement@th0.3 B=80 s=4 K2_gap_duration confirmed anchor,PASS,segments=4
ARC-refinement@th0.3 B=80 s=4 K2_gap_duration no NaN,PASS,segments=4
ARC-refinement@th0.3 B=80 s=4 K2_gap_duration nonnegative duration,PASS,segments=4
ARC-refinement@th0.3 B=80 s=4 K2_gap_duration duration cap,PASS,D_seg_max=60.0
ARC-refinement@th0.3 B=80 s=4 K3_gap_duration_negative_barrier confirmed anchor,PASS,segments=4
ARC-refinement@th0.3 B=80 s=4 K3_gap_duration_negative_barrier no NaN,PASS,segments=4
ARC-refinement@th0.3 B=80 s=4 K3_gap_duration_negative_barrier nonnegative duration,PASS,segments=4
ARC-refinement@th0.3 B=80 s=4 K3_gap_duration_negative_barrier duration cap,PASS,D_seg_max=60.0
ARC-refinement@th0.3 B=80 s=4 K3_gap_duration_negative_barrier negative barrier,PASS,negatives=31
ARC-refinement@th0.3 B=80 s=4 K4_gap_duration_negative_barrier_selected_expand confirmed anchor,PASS,segments=4
ARC-refinement@th0.3 B=80 s=4 K4_gap_duration_negative_barrier_selected_expand no NaN,PASS,segments=4
ARC-refinement@th0.3 B=80 s=4 K4_gap_duration_negative_barrier_selected_expand nonnegative duration,PASS,segments=4
ARC-refinement@th0.3 B=80 s=4 K4_gap_duration_negative_barrier_selected_expand duration cap,PASS,D_seg_max=60.0
ARC-refinement@th0.3 B=80 s=4 K4_gap_duration_negative_barrier_selected_expand negative barrier,PASS,negatives=31
ARC-refinement@th0.3 B=80 s=4 K4 expansion no unconfirmed seed,PASS,every segment contains queried positive anchor
ARC-refinement@th0.4 B=80 s=4 oracle order,PASS,calls=80
ARC-refinement@th0.4 B=80 s=4 calls <= budget,PASS,calls=80 budget=80
ARC-refinement@th0.4 B=80 s=4 C6_full_EVENT_MATERIALIZE confirmed anchor,PASS,segments=16
ARC-refinement@th0.4 B=80 s=4 C6_full_EVENT_MATERIALIZE no NaN,PASS,segments=16
ARC-refinement@th0.4 B=80 s=4 C6_full_EVENT_MATERIALIZE nonnegative duration,PASS,segments=16
ARC-refinement@th0.4 B=80 s=4 C6_full_EVENT_MATERIALIZE duration cap,PASS,D_seg_max=60.0
ARC-refinement@th0.4 B=80 s=4 C6_full_EVENT_MATERIALIZE negative barrier,PASS,negatives=55
ARC-refinement@th0.4 B=80 s=4 K0_naive_merge confirmed anchor,PASS,segments=1
ARC-refinement@th0.4 B=80 s=4 K0_naive_merge no NaN,PASS,segments=1
ARC-refinement@th0.4 B=80 s=4 K0_naive_merge nonnegative duration,PASS,segments=1
ARC-refinement@th0.4 B=80 s=4 K1_gap_limited confirmed anchor,PASS,segments=10
ARC-refinement@th0.4 B=80 s=4 K1_gap_limited no NaN,PASS,segments=10
ARC-refinement@th0.4 B=80 s=4 K1_gap_limited nonnegative duration,PASS,segments=10
ARC-refinement@th0.4 B=80 s=4 K2_gap_duration confirmed anchor,PASS,segments=13
ARC-refinement@th0.4 B=80 s=4 K2_gap_duration no NaN,PASS,segments=13
ARC-refinement@th0.4 B=80 s=4 K2_gap_duration nonnegative duration,PASS,segments=13
ARC-refinement@th0.4 B=80 s=4 K2_gap_duration duration cap,PASS,D_seg_max=60.0
ARC-refinement@th0.4 B=80 s=4 K3_gap_duration_negative_barrier confirmed anchor,PASS,segments=16
ARC-refinement@th0.4 B=80 s=4 K3_gap_duration_negative_barrier no NaN,PASS,segments=16
ARC-refinement@th0.4 B=80 s=4 K3_gap_duration_negative_barrier nonnegative duration,PASS,segments=16
ARC-refinement@th0.4 B=80 s=4 K3_gap_duration_negative_barrier duration cap,PASS,D_seg_max=60.0
ARC-refinement@th0.4 B=80 s=4 K3_gap_duration_negative_barrier negative barrier,PASS,negatives=55
ARC-refinement@th0.4 B=80 s=4 K4_gap_duration_negative_barrier_selected_expand confirmed anchor,PASS,segments=16
ARC-refinement@th0.4 B=80 s=4 K4_gap_duration_negative_barrier_selected_expand no NaN,PASS,segments=16
ARC-refinement@th0.4 B=80 s=4 K4_gap_duration_negative_barrier_selected_expand nonnegative duration,PASS,segments=16
ARC-refinement@th0.4 B=80 s=4 K4_gap_duration_negative_barrier_selected_expand duration cap,PASS,D_seg_max=60.0
ARC-refinement@th0.4 B=80 s=4 K4_gap_duration_negative_barrier_selected_expand negative barrier,PASS,negatives=55
ARC-refinement@th0.4 B=80 s=4 K4 expansion no unconfirmed seed,PASS,every segment contains queried positive anchor
ARC-refinement@th0.5 B=80 s=4 oracle order,PASS,calls=80
ARC-refinement@th0.5 B=80 s=4 calls <= budget,PASS,calls=80 budget=80
ARC-refinement@th0.5 B=80 s=4 C6_full_EVENT_MATERIALIZE confirmed anchor,PASS,segments=13
ARC-refinement@th0.5 B=80 s=4 C6_full_EVENT_MATERIALIZE no NaN,PASS,segments=13
ARC-refinement@th0.5 B=80 s=4 C6_full_EVENT_MATERIALIZE nonnegative duration,PASS,segments=13
ARC-refinement@th0.5 B=80 s=4 C6_full_EVENT_MATERIALIZE duration cap,PASS,D_seg_max=60.0
ARC-refinement@th0.5 B=80 s=4 C6_full_EVENT_MATERIALIZE negative barrier,PASS,negatives=58
ARC-refinement@th0.5 B=80 s=4 K0_naive_merge confirmed anchor,PASS,segments=1
ARC-refinement@th0.5 B=80 s=4 K0_naive_merge no NaN,PASS,segments=1
ARC-refinement@th0.5 B=80 s=4 K0_naive_merge nonnegative duration,PASS,segments=1
ARC-refinement@th0.5 B=80 s=4 K1_gap_limited confirmed anchor,PASS,segments=9
ARC-refinement@th0.5 B=80 s=4 K1_gap_limited no NaN,PASS,segments=9
ARC-refinement@th0.5 B=80 s=4 K1_gap_limited nonnegative duration,PASS,segments=9
ARC-refinement@th0.5 B=80 s=4 K2_gap_duration confirmed anchor,PASS,segments=11
ARC-refinement@th0.5 B=80 s=4 K2_gap_duration no NaN,PASS,segments=11
ARC-refinement@th0.5 B=80 s=4 K2_gap_duration nonnegative duration,PASS,segments=11
ARC-refinement@th0.5 B=80 s=4 K2_gap_duration duration cap,PASS,D_seg_max=60.0
ARC-refinement@th0.5 B=80 s=4 K3_gap_duration_negative_barrier confirmed anchor,PASS,segments=13
ARC-refinement@th0.5 B=80 s=4 K3_gap_duration_negative_barrier no NaN,PASS,segments=13
ARC-refinement@th0.5 B=80 s=4 K3_gap_duration_negative_barrier nonnegative duration,PASS,segments=13
ARC-refinement@th0.5 B=80 s=4 K3_gap_duration_negative_barrier duration cap,PASS,D_seg_max=60.0
ARC-refinement@th0.5 B=80 s=4 K3_gap_duration_negative_barrier negative barrier,PASS,negatives=58
ARC-refinement@th0.5 B=80 s=4 K4_gap_duration_negative_barrier_selected_expand confirmed anchor,PASS,segments=13
ARC-refinement@th0.5 B=80 s=4 K4_gap_duration_negative_barrier_selected_expand no NaN,PASS,segments=13
ARC-refinement@th0.5 B=80 s=4 K4_gap_duration_negative_barrier_selected_expand nonnegative duration,PASS,segments=13
ARC-refinement@th0.5 B=80 s=4 K4_gap_duration_negative_barrier_selected_expand duration cap,PASS,D_seg_max=60.0
ARC-refinement@th0.5 B=80 s=4 K4_gap_duration_negative_barrier_selected_expand negative barrier,PASS,negatives=58
ARC-refinement@th0.5 B=80 s=4 K4 expansion no unconfirmed seed,PASS,every segment contains queried positive anchor
SUPG-RT-all-selected B=100 s=0 oracle order,PASS,calls=67
SUPG-RT-all-selected B=100 s=0 calls <= budget,PASS,calls=67 budget=100
SUPG-RT-all-selected B=100 s=0 C6_full_EVENT_MATERIALIZE confirmed anchor,PASS,segments=15
SUPG-RT-all-selected B=100 s=0 C6_full_EVENT_MATERIALIZE no NaN,PASS,segments=15
SUPG-RT-all-selected B=100 s=0 C6_full_EVENT_MATERIALIZE nonnegative duration,PASS,segments=15
SUPG-RT-all-selected B=100 s=0 C6_full_EVENT_MATERIALIZE duration cap,PASS,D_seg_max=60.0
SUPG-RT-all-selected B=100 s=0 C6_full_EVENT_MATERIALIZE negative barrier,PASS,negatives=49
SUPG-RT-all-selected B=100 s=0 K0_naive_merge confirmed anchor,PASS,segments=1
SUPG-RT-all-selected B=100 s=0 K0_naive_merge no NaN,PASS,segments=1
SUPG-RT-all-selected B=100 s=0 K0_naive_merge nonnegative duration,PASS,segments=1
SUPG-RT-all-selected B=100 s=0 K1_gap_limited confirmed anchor,PASS,segments=13
SUPG-RT-all-selected B=100 s=0 K1_gap_limited no NaN,PASS,segments=13
SUPG-RT-all-selected B=100 s=0 K1_gap_limited nonnegative duration,PASS,segments=13
SUPG-RT-all-selected B=100 s=0 K2_gap_duration confirmed anchor,PASS,segments=13
SUPG-RT-all-selected B=100 s=0 K2_gap_duration no NaN,PASS,segments=13
SUPG-RT-all-selected B=100 s=0 K2_gap_duration nonnegative duration,PASS,segments=13
SUPG-RT-all-selected B=100 s=0 K2_gap_duration duration cap,PASS,D_seg_max=60.0
SUPG-RT-all-selected B=100 s=0 K3_gap_duration_negative_barrier confirmed anchor,PASS,segments=15
SUPG-RT-all-selected B=100 s=0 K3_gap_duration_negative_barrier no NaN,PASS,segments=15
SUPG-RT-all-selected B=100 s=0 K3_gap_duration_negative_barrier nonnegative duration,PASS,segments=15
SUPG-RT-all-selected B=100 s=0 K3_gap_duration_negative_barrier duration cap,PASS,D_seg_max=60.0
SUPG-RT-all-selected B=100 s=0 K3_gap_duration_negative_barrier negative barrier,PASS,negatives=49
SUPG-RT-all-selected B=100 s=0 K4_gap_duration_negative_barrier_selected_expand confirmed anchor,PASS,segments=15
SUPG-RT-all-selected B=100 s=0 K4_gap_duration_negative_barrier_selected_expand no NaN,PASS,segments=15
SUPG-RT-all-selected B=100 s=0 K4_gap_duration_negative_barrier_selected_expand nonnegative duration,PASS,segments=15
SUPG-RT-all-selected B=100 s=0 K4_gap_duration_negative_barrier_selected_expand duration cap,PASS,D_seg_max=60.0
SUPG-RT-all-selected B=100 s=0 K4_gap_duration_negative_barrier_selected_expand negative barrier,PASS,negatives=49
SUPG-RT-all-selected B=100 s=0 K4 expansion no unconfirmed seed,PASS,every segment contains queried positive anchor
SUPG-RT-all-selected B=100 s=1 oracle order,PASS,calls=65
SUPG-RT-all-selected B=100 s=1 calls <= budget,PASS,calls=65 budget=100
SUPG-RT-all-selected B=100 s=1 C6_full_EVENT_MATERIALIZE confirmed anchor,PASS,segments=12
SUPG-RT-all-selected B=100 s=1 C6_full_EVENT_MATERIALIZE no NaN,PASS,segments=12
SUPG-RT-all-selected B=100 s=1 C6_full_EVENT_MATERIALIZE nonnegative duration,PASS,segments=12
SUPG-RT-all-selected B=100 s=1 C6_full_EVENT_MATERIALIZE duration cap,PASS,D_seg_max=60.0
SUPG-RT-all-selected B=100 s=1 C6_full_EVENT_MATERIALIZE negative barrier,PASS,negatives=44
SUPG-RT-all-selected B=100 s=1 K0_naive_merge confirmed anchor,PASS,segments=1
SUPG-RT-all-selected B=100 s=1 K0_naive_merge no NaN,PASS,segments=1
SUPG-RT-all-selected B=100 s=1 K0_naive_merge nonnegative duration,PASS,segments=1
SUPG-RT-all-selected B=100 s=1 K1_gap_limited confirmed anchor,PASS,segments=10
SUPG-RT-all-selected B=100 s=1 K1_gap_limited no NaN,PASS,segments=10
SUPG-RT-all-selected B=100 s=1 K1_gap_limited nonnegative duration,PASS,segments=10
SUPG-RT-all-selected B=100 s=1 K2_gap_duration confirmed anchor,PASS,segments=11
SUPG-RT-all-selected B=100 s=1 K2_gap_duration no NaN,PASS,segments=11
SUPG-RT-all-selected B=100 s=1 K2_gap_duration nonnegative duration,PASS,segments=11
SUPG-RT-all-selected B=100 s=1 K2_gap_duration duration cap,PASS,D_seg_max=60.0
SUPG-RT-all-selected B=100 s=1 K3_gap_duration_negative_barrier confirmed anchor,PASS,segments=12
SUPG-RT-all-selected B=100 s=1 K3_gap_duration_negative_barrier no NaN,PASS,segments=12
SUPG-RT-all-selected B=100 s=1 K3_gap_duration_negative_barrier nonnegative duration,PASS,segments=12
SUPG-RT-all-selected B=100 s=1 K3_gap_duration_negative_barrier duration cap,PASS,D_seg_max=60.0
SUPG-RT-all-selected B=100 s=1 K3_gap_duration_negative_barrier negative barrier,PASS,negatives=44
SUPG-RT-all-selected B=100 s=1 K4_gap_duration_negative_barrier_selected_expand confirmed anchor,PASS,segments=12
SUPG-RT-all-selected B=100 s=1 K4_gap_duration_negative_barrier_selected_expand no NaN,PASS,segments=12
SUPG-RT-all-selected B=100 s=1 K4_gap_duration_negative_barrier_selected_expand nonnegative duration,PASS,segments=12
SUPG-RT-all-selected B=100 s=1 K4_gap_duration_negative_barrier_selected_expand duration cap,PASS,D_seg_max=60.0
SUPG-RT-all-selected B=100 s=1 K4_gap_duration_negative_barrier_selected_expand negative barrier,PASS,negatives=44
SUPG-RT-all-selected B=100 s=1 K4 expansion no unconfirmed seed,PASS,every segment contains queried positive anchor
SUPG-RT-all-selected B=100 s=2 oracle order,PASS,calls=69
SUPG-RT-all-selected B=100 s=2 calls <= budget,PASS,calls=69 budget=100
SUPG-RT-all-selected B=100 s=2 C6_full_EVENT_MATERIALIZE confirmed anchor,PASS,segments=14
SUPG-RT-all-selected B=100 s=2 C6_full_EVENT_MATERIALIZE no NaN,PASS,segments=14
SUPG-RT-all-selected B=100 s=2 C6_full_EVENT_MATERIALIZE nonnegative duration,PASS,segments=14
SUPG-RT-all-selected B=100 s=2 C6_full_EVENT_MATERIALIZE duration cap,PASS,D_seg_max=60.0
SUPG-RT-all-selected B=100 s=2 C6_full_EVENT_MATERIALIZE negative barrier,PASS,negatives=46
SUPG-RT-all-selected B=100 s=2 K0_naive_merge confirmed anchor,PASS,segments=1
SUPG-RT-all-selected B=100 s=2 K0_naive_merge no NaN,PASS,segments=1
SUPG-RT-all-selected B=100 s=2 K0_naive_merge nonnegative duration,PASS,segments=1
SUPG-RT-all-selected B=100 s=2 K1_gap_limited confirmed anchor,PASS,segments=10
SUPG-RT-all-selected B=100 s=2 K1_gap_limited no NaN,PASS,segments=10
SUPG-RT-all-selected B=100 s=2 K1_gap_limited nonnegative duration,PASS,segments=10
SUPG-RT-all-selected B=100 s=2 K2_gap_duration confirmed anchor,PASS,segments=13
SUPG-RT-all-selected B=100 s=2 K2_gap_duration no NaN,PASS,segments=13
SUPG-RT-all-selected B=100 s=2 K2_gap_duration nonnegative duration,PASS,segments=13
SUPG-RT-all-selected B=100 s=2 K2_gap_duration duration cap,PASS,D_seg_max=60.0
SUPG-RT-all-selected B=100 s=2 K3_gap_duration_negative_barrier confirmed anchor,PASS,segments=14
SUPG-RT-all-selected B=100 s=2 K3_gap_duration_negative_barrier no NaN,PASS,segments=14
SUPG-RT-all-selected B=100 s=2 K3_gap_duration_negative_barrier nonnegative duration,PASS,segments=14
SUPG-RT-all-selected B=100 s=2 K3_gap_duration_negative_barrier duration cap,PASS,D_seg_max=60.0
SUPG-RT-all-selected B=100 s=2 K3_gap_duration_negative_barrier negative barrier,PASS,negatives=46
SUPG-RT-all-selected B=100 s=2 K4_gap_duration_negative_barrier_selected_expand confirmed anchor,PASS,segments=14
SUPG-RT-all-selected B=100 s=2 K4_gap_duration_negative_barrier_selected_expand no NaN,PASS,segments=14
SUPG-RT-all-selected B=100 s=2 K4_gap_duration_negative_barrier_selected_expand nonnegative duration,PASS,segments=14
SUPG-RT-all-selected B=100 s=2 K4_gap_duration_negative_barrier_selected_expand duration cap,PASS,D_seg_max=60.0
SUPG-RT-all-selected B=100 s=2 K4_gap_duration_negative_barrier_selected_expand negative barrier,PASS,negatives=46
SUPG-RT-all-selected B=100 s=2 K4 expansion no unconfirmed seed,PASS,every segment contains queried positive anchor
SUPG-RT-all-selected B=100 s=3 oracle order,PASS,calls=64
SUPG-RT-all-selected B=100 s=3 calls <= budget,PASS,calls=64 budget=100
SUPG-RT-all-selected B=100 s=3 C6_full_EVENT_MATERIALIZE confirmed anchor,PASS,segments=11
SUPG-RT-all-selected B=100 s=3 C6_full_EVENT_MATERIALIZE no NaN,PASS,segments=11
SUPG-RT-all-selected B=100 s=3 C6_full_EVENT_MATERIALIZE nonnegative duration,PASS,segments=11
SUPG-RT-all-selected B=100 s=3 C6_full_EVENT_MATERIALIZE duration cap,PASS,D_seg_max=60.0
SUPG-RT-all-selected B=100 s=3 C6_full_EVENT_MATERIALIZE negative barrier,PASS,negatives=50
SUPG-RT-all-selected B=100 s=3 K0_naive_merge confirmed anchor,PASS,segments=1
SUPG-RT-all-selected B=100 s=3 K0_naive_merge no NaN,PASS,segments=1
SUPG-RT-all-selected B=100 s=3 K0_naive_merge nonnegative duration,PASS,segments=1
SUPG-RT-all-selected B=100 s=3 K1_gap_limited confirmed anchor,PASS,segments=11
SUPG-RT-all-selected B=100 s=3 K1_gap_limited no NaN,PASS,segments=11
SUPG-RT-all-selected B=100 s=3 K1_gap_limited nonnegative duration,PASS,segments=11
SUPG-RT-all-selected B=100 s=3 K2_gap_duration confirmed anchor,PASS,segments=11
SUPG-RT-all-selected B=100 s=3 K2_gap_duration no NaN,PASS,segments=11
SUPG-RT-all-selected B=100 s=3 K2_gap_duration nonnegative duration,PASS,segments=11
SUPG-RT-all-selected B=100 s=3 K2_gap_duration duration cap,PASS,D_seg_max=60.0
SUPG-RT-all-selected B=100 s=3 K3_gap_duration_negative_barrier confirmed anchor,PASS,segments=11
SUPG-RT-all-selected B=100 s=3 K3_gap_duration_negative_barrier no NaN,PASS,segments=11
SUPG-RT-all-selected B=100 s=3 K3_gap_duration_negative_barrier nonnegative duration,PASS,segments=11
SUPG-RT-all-selected B=100 s=3 K3_gap_duration_negative_barrier duration cap,PASS,D_seg_max=60.0
SUPG-RT-all-selected B=100 s=3 K3_gap_duration_negative_barrier negative barrier,PASS,negatives=50
SUPG-RT-all-selected B=100 s=3 K4_gap_duration_negative_barrier_selected_expand confirmed anchor,PASS,segments=11
SUPG-RT-all-selected B=100 s=3 K4_gap_duration_negative_barrier_selected_expand no NaN,PASS,segments=11
SUPG-RT-all-selected B=100 s=3 K4_gap_duration_negative_barrier_selected_expand nonnegative duration,PASS,segments=11
SUPG-RT-all-selected B=100 s=3 K4_gap_duration_negative_barrier_selected_expand duration cap,PASS,D_seg_max=60.0
SUPG-RT-all-selected B=100 s=3 K4_gap_duration_negative_barrier_selected_expand negative barrier,PASS,negatives=50
SUPG-RT-all-selected B=100 s=3 K4 expansion no unconfirmed seed,PASS,every segment contains queried positive anchor
SUPG-RT-all-selected B=100 s=4 oracle order,PASS,calls=66
SUPG-RT-all-selected B=100 s=4 calls <= budget,PASS,calls=66 budget=100
SUPG-RT-all-selected B=100 s=4 C6_full_EVENT_MATERIALIZE confirmed anchor,PASS,segments=10
SUPG-RT-all-selected B=100 s=4 C6_full_EVENT_MATERIALIZE no NaN,PASS,segments=10
SUPG-RT-all-selected B=100 s=4 C6_full_EVENT_MATERIALIZE nonnegative duration,PASS,segments=10
SUPG-RT-all-selected B=100 s=4 C6_full_EVENT_MATERIALIZE duration cap,PASS,D_seg_max=60.0
SUPG-RT-all-selected B=100 s=4 C6_full_EVENT_MATERIALIZE negative barrier,PASS,negatives=50
SUPG-RT-all-selected B=100 s=4 K0_naive_merge confirmed anchor,PASS,segments=1
SUPG-RT-all-selected B=100 s=4 K0_naive_merge no NaN,PASS,segments=1
SUPG-RT-all-selected B=100 s=4 K0_naive_merge nonnegative duration,PASS,segments=1
SUPG-RT-all-selected B=100 s=4 K1_gap_limited confirmed anchor,PASS,segments=8
SUPG-RT-all-selected B=100 s=4 K1_gap_limited no NaN,PASS,segments=8
SUPG-RT-all-selected B=100 s=4 K1_gap_limited nonnegative duration,PASS,segments=8
SUPG-RT-all-selected B=100 s=4 K2_gap_duration confirmed anchor,PASS,segments=10
SUPG-RT-all-selected B=100 s=4 K2_gap_duration no NaN,PASS,segments=10
SUPG-RT-all-selected B=100 s=4 K2_gap_duration nonnegative duration,PASS,segments=10
SUPG-RT-all-selected B=100 s=4 K2_gap_duration duration cap,PASS,D_seg_max=60.0
SUPG-RT-all-selected B=100 s=4 K3_gap_duration_negative_barrier confirmed anchor,PASS,segments=10
SUPG-RT-all-selected B=100 s=4 K3_gap_duration_negative_barrier no NaN,PASS,segments=10
SUPG-RT-all-selected B=100 s=4 K3_gap_duration_negative_barrier nonnegative duration,PASS,segments=10
SUPG-RT-all-selected B=100 s=4 K3_gap_duration_negative_barrier duration cap,PASS,D_seg_max=60.0
SUPG-RT-all-selected B=100 s=4 K3_gap_duration_negative_barrier negative barrier,PASS,negatives=50
SUPG-RT-all-selected B=100 s=4 K4_gap_duration_negative_barrier_selected_expand confirmed anchor,PASS,segments=10
SUPG-RT-all-selected B=100 s=4 K4_gap_duration_negative_barrier_selected_expand no NaN,PASS,segments=10
SUPG-RT-all-selected B=100 s=4 K4_gap_duration_negative_barrier_selected_expand nonnegative duration,PASS,segments=10
SUPG-RT-all-selected B=100 s=4 K4_gap_duration_negative_barrier_selected_expand duration cap,PASS,D_seg_max=60.0
SUPG-RT-all-selected B=100 s=4 K4_gap_duration_negative_barrier_selected_expand negative barrier,PASS,negatives=50
SUPG-RT-all-selected B=100 s=4 K4 expansion no unconfirmed seed,PASS,every segment contains queried positive anchor
SUPG-RT-all-selected B=10 s=0 oracle order,PASS,calls=10
SUPG-RT-all-selected B=10 s=0 calls <= budget,PASS,calls=10 budget=10
SUPG-RT-all-selected B=10 s=0 C6_full_EVENT_MATERIALIZE confirmed anchor,PASS,segments=0
SUPG-RT-all-selected B=10 s=0 C6_full_EVENT_MATERIALIZE no NaN,PASS,segments=0
SUPG-RT-all-selected B=10 s=0 C6_full_EVENT_MATERIALIZE nonnegative duration,PASS,segments=0
SUPG-RT-all-selected B=10 s=0 C6_full_EVENT_MATERIALIZE duration cap,PASS,D_seg_max=60.0
SUPG-RT-all-selected B=10 s=0 C6_full_EVENT_MATERIALIZE negative barrier,PASS,negatives=10
SUPG-RT-all-selected B=10 s=0 K0_naive_merge confirmed anchor,PASS,segments=0
SUPG-RT-all-selected B=10 s=0 K0_naive_merge no NaN,PASS,segments=0
SUPG-RT-all-selected B=10 s=0 K0_naive_merge nonnegative duration,PASS,segments=0
SUPG-RT-all-selected B=10 s=0 K1_gap_limited confirmed anchor,PASS,segments=0
SUPG-RT-all-selected B=10 s=0 K1_gap_limited no NaN,PASS,segments=0
SUPG-RT-all-selected B=10 s=0 K1_gap_limited nonnegative duration,PASS,segments=0
SUPG-RT-all-selected B=10 s=0 K2_gap_duration confirmed anchor,PASS,segments=0
SUPG-RT-all-selected B=10 s=0 K2_gap_duration no NaN,PASS,segments=0
SUPG-RT-all-selected B=10 s=0 K2_gap_duration nonnegative duration,PASS,segments=0
SUPG-RT-all-selected B=10 s=0 K2_gap_duration duration cap,PASS,D_seg_max=60.0
SUPG-RT-all-selected B=10 s=0 K3_gap_duration_negative_barrier confirmed anchor,PASS,segments=0
SUPG-RT-all-selected B=10 s=0 K3_gap_duration_negative_barrier no NaN,PASS,segments=0
SUPG-RT-all-selected B=10 s=0 K3_gap_duration_negative_barrier nonnegative duration,PASS,segments=0
SUPG-RT-all-selected B=10 s=0 K3_gap_duration_negative_barrier duration cap,PASS,D_seg_max=60.0
SUPG-RT-all-selected B=10 s=0 K3_gap_duration_negative_barrier negative barrier,PASS,negatives=10
SUPG-RT-all-selected B=10 s=0 K4_gap_duration_negative_barrier_selected_expand confirmed anchor,PASS,segments=0
SUPG-RT-all-selected B=10 s=0 K4_gap_duration_negative_barrier_selected_expand no NaN,PASS,segments=0
SUPG-RT-all-selected B=10 s=0 K4_gap_duration_negative_barrier_selected_expand nonnegative duration,PASS,segments=0
SUPG-RT-all-selected B=10 s=0 K4_gap_duration_negative_barrier_selected_expand duration cap,PASS,D_seg_max=60.0
SUPG-RT-all-selected B=10 s=0 K4_gap_duration_negative_barrier_selected_expand negative barrier,PASS,negatives=10
SUPG-RT-all-selected B=10 s=0 K4 expansion no unconfirmed seed,PASS,every segment contains queried positive anchor
SUPG-RT-all-selected B=10 s=1 oracle order,PASS,calls=10
SUPG-RT-all-selected B=10 s=1 calls <= budget,PASS,calls=10 budget=10
SUPG-RT-all-selected B=10 s=1 C6_full_EVENT_MATERIALIZE confirmed anchor,PASS,segments=4
SUPG-RT-all-selected B=10 s=1 C6_full_EVENT_MATERIALIZE no NaN,PASS,segments=4
SUPG-RT-all-selected B=10 s=1 C6_full_EVENT_MATERIALIZE nonnegative duration,PASS,segments=4
SUPG-RT-all-selected B=10 s=1 C6_full_EVENT_MATERIALIZE duration cap,PASS,D_seg_max=60.0
SUPG-RT-all-selected B=10 s=1 C6_full_EVENT_MATERIALIZE negative barrier,PASS,negatives=5
SUPG-RT-all-selected B=10 s=1 K0_naive_merge confirmed anchor,PASS,segments=1
SUPG-RT-all-selected B=10 s=1 K0_naive_merge no NaN,PASS,segments=1
SUPG-RT-all-selected B=10 s=1 K0_naive_merge nonnegative duration,PASS,segments=1
SUPG-RT-all-selected B=10 s=1 K1_gap_limited confirmed anchor,PASS,segments=4
SUPG-RT-all-selected B=10 s=1 K1_gap_limited no NaN,PASS,segments=4
SUPG-RT-all-selected B=10 s=1 K1_gap_limited nonnegative duration,PASS,segments=4
SUPG-RT-all-selected B=10 s=1 K2_gap_duration confirmed anchor,PASS,segments=4
SUPG-RT-all-selected B=10 s=1 K2_gap_duration no NaN,PASS,segments=4
SUPG-RT-all-selected B=10 s=1 K2_gap_duration nonnegative duration,PASS,segments=4
SUPG-RT-all-selected B=10 s=1 K2_gap_duration duration cap,PASS,D_seg_max=60.0
SUPG-RT-all-selected B=10 s=1 K3_gap_duration_negative_barrier confirmed anchor,PASS,segments=4
SUPG-RT-all-selected B=10 s=1 K3_gap_duration_negative_barrier no NaN,PASS,segments=4
SUPG-RT-all-selected B=10 s=1 K3_gap_duration_negative_barrier nonnegative duration,PASS,segments=4
SUPG-RT-all-selected B=10 s=1 K3_gap_duration_negative_barrier duration cap,PASS,D_seg_max=60.0
SUPG-RT-all-selected B=10 s=1 K3_gap_duration_negative_barrier negative barrier,PASS,negatives=5
SUPG-RT-all-selected B=10 s=1 K4_gap_duration_negative_barrier_selected_expand confirmed anchor,PASS,segments=4
SUPG-RT-all-selected B=10 s=1 K4_gap_duration_negative_barrier_selected_expand no NaN,PASS,segments=4
SUPG-RT-all-selected B=10 s=1 K4_gap_duration_negative_barrier_selected_expand nonnegative duration,PASS,segments=4
SUPG-RT-all-selected B=10 s=1 K4_gap_duration_negative_barrier_selected_expand duration cap,PASS,D_seg_max=60.0
SUPG-RT-all-selected B=10 s=1 K4_gap_duration_negative_barrier_selected_expand negative barrier,PASS,negatives=5
SUPG-RT-all-selected B=10 s=1 K4 expansion no unconfirmed seed,PASS,every segment contains queried positive anchor
SUPG-RT-all-selected B=10 s=2 oracle order,PASS,calls=9
SUPG-RT-all-selected B=10 s=2 calls <= budget,PASS,calls=9 budget=10
SUPG-RT-all-selected B=10 s=2 C6_full_EVENT_MATERIALIZE confirmed anchor,PASS,segments=3
SUPG-RT-all-selected B=10 s=2 C6_full_EVENT_MATERIALIZE no NaN,PASS,segments=3
SUPG-RT-all-selected B=10 s=2 C6_full_EVENT_MATERIALIZE nonnegative duration,PASS,segments=3
SUPG-RT-all-selected B=10 s=2 C6_full_EVENT_MATERIALIZE duration cap,PASS,D_seg_max=60.0
SUPG-RT-all-selected B=10 s=2 C6_full_EVENT_MATERIALIZE negative barrier,PASS,negatives=6
SUPG-RT-all-selected B=10 s=2 K0_naive_merge confirmed anchor,PASS,segments=1
SUPG-RT-all-selected B=10 s=2 K0_naive_merge no NaN,PASS,segments=1
SUPG-RT-all-selected B=10 s=2 K0_naive_merge nonnegative duration,PASS,segments=1
SUPG-RT-all-selected B=10 s=2 K1_gap_limited confirmed anchor,PASS,segments=3
SUPG-RT-all-selected B=10 s=2 K1_gap_limited no NaN,PASS,segments=3
SUPG-RT-all-selected B=10 s=2 K1_gap_limited nonnegative duration,PASS,segments=3
SUPG-RT-all-selected B=10 s=2 K2_gap_duration confirmed anchor,PASS,segments=3
SUPG-RT-all-selected B=10 s=2 K2_gap_duration no NaN,PASS,segments=3
SUPG-RT-all-selected B=10 s=2 K2_gap_duration nonnegative duration,PASS,segments=3
SUPG-RT-all-selected B=10 s=2 K2_gap_duration duration cap,PASS,D_seg_max=60.0
SUPG-RT-all-selected B=10 s=2 K3_gap_duration_negative_barrier confirmed anchor,PASS,segments=3
SUPG-RT-all-selected B=10 s=2 K3_gap_duration_negative_barrier no NaN,PASS,segments=3
SUPG-RT-all-selected B=10 s=2 K3_gap_duration_negative_barrier nonnegative duration,PASS,segments=3
SUPG-RT-all-selected B=10 s=2 K3_gap_duration_negative_barrier duration cap,PASS,D_seg_max=60.0
SUPG-RT-all-selected B=10 s=2 K3_gap_duration_negative_barrier negative barrier,PASS,negatives=6
SUPG-RT-all-selected B=10 s=2 K4_gap_duration_negative_barrier_selected_expand confirmed anchor,PASS,segments=3
SUPG-RT-all-selected B=10 s=2 K4_gap_duration_negative_barrier_selected_expand no NaN,PASS,segments=3
SUPG-RT-all-selected B=10 s=2 K4_gap_duration_negative_barrier_selected_expand nonnegative duration,PASS,segments=3
SUPG-RT-all-selected B=10 s=2 K4_gap_duration_negative_barrier_selected_expand duration cap,PASS,D_seg_max=60.0
SUPG-RT-all-selected B=10 s=2 K4_gap_duration_negative_barrier_selected_expand negative barrier,PASS,negatives=6
SUPG-RT-all-selected B=10 s=2 K4 expansion no unconfirmed seed,PASS,every segment contains queried positive anchor
SUPG-RT-all-selected B=10 s=3 oracle order,PASS,calls=10
SUPG-RT-all-selected B=10 s=3 calls <= budget,PASS,calls=10 budget=10
SUPG-RT-all-selected B=10 s=3 C6_full_EVENT_MATERIALIZE confirmed anchor,PASS,segments=2
SUPG-RT-all-selected B=10 s=3 C6_full_EVENT_MATERIALIZE no NaN,PASS,segments=2
SUPG-RT-all-selected B=10 s=3 C6_full_EVENT_MATERIALIZE nonnegative duration,PASS,segments=2
SUPG-RT-all-selected B=10 s=3 C6_full_EVENT_MATERIALIZE duration cap,PASS,D_seg_max=60.0
SUPG-RT-all-selected B=10 s=3 C6_full_EVENT_MATERIALIZE negative barrier,PASS,negatives=8
SUPG-RT-all-selected B=10 s=3 K0_naive_merge confirmed anchor,PASS,segments=1
SUPG-RT-all-selected B=10 s=3 K0_naive_merge no NaN,PASS,segments=1
SUPG-RT-all-selected B=10 s=3 K0_naive_merge nonnegative duration,PASS,segments=1
SUPG-RT-all-selected B=10 s=3 K1_gap_limited confirmed anchor,PASS,segments=2
SUPG-RT-all-selected B=10 s=3 K1_gap_limited no NaN,PASS,segments=2
SUPG-RT-all-selected B=10 s=3 K1_gap_limited nonnegative duration,PASS,segments=2
SUPG-RT-all-selected B=10 s=3 K2_gap_duration confirmed anchor,PASS,segments=2
SUPG-RT-all-selected B=10 s=3 K2_gap_duration no NaN,PASS,segments=2
SUPG-RT-all-selected B=10 s=3 K2_gap_duration nonnegative duration,PASS,segments=2
SUPG-RT-all-selected B=10 s=3 K2_gap_duration duration cap,PASS,D_seg_max=60.0
SUPG-RT-all-selected B=10 s=3 K3_gap_duration_negative_barrier confirmed anchor,PASS,segments=2
SUPG-RT-all-selected B=10 s=3 K3_gap_duration_negative_barrier no NaN,PASS,segments=2
SUPG-RT-all-selected B=10 s=3 K3_gap_duration_negative_barrier nonnegative duration,PASS,segments=2
SUPG-RT-all-selected B=10 s=3 K3_gap_duration_negative_barrier duration cap,PASS,D_seg_max=60.0
SUPG-RT-all-selected B=10 s=3 K3_gap_duration_negative_barrier negative barrier,PASS,negatives=8
SUPG-RT-all-selected B=10 s=3 K4_gap_duration_negative_barrier_selected_expand confirmed anchor,PASS,segments=2
SUPG-RT-all-selected B=10 s=3 K4_gap_duration_negative_barrier_selected_expand no NaN,PASS,segments=2
SUPG-RT-all-selected B=10 s=3 K4_gap_duration_negative_barrier_selected_expand nonnegative duration,PASS,segments=2
SUPG-RT-all-selected B=10 s=3 K4_gap_duration_negative_barrier_selected_expand duration cap,PASS,D_seg_max=60.0
SUPG-RT-all-selected B=10 s=3 K4_gap_duration_negative_barrier_selected_expand negative barrier,PASS,negatives=8
SUPG-RT-all-selected B=10 s=3 K4 expansion no unconfirmed seed,PASS,every segment contains queried positive anchor
SUPG-RT-all-selected B=10 s=4 oracle order,PASS,calls=9
SUPG-RT-all-selected B=10 s=4 calls <= budget,PASS,calls=9 budget=10
SUPG-RT-all-selected B=10 s=4 C6_full_EVENT_MATERIALIZE confirmed anchor,PASS,segments=0
SUPG-RT-all-selected B=10 s=4 C6_full_EVENT_MATERIALIZE no NaN,PASS,segments=0
SUPG-RT-all-selected B=10 s=4 C6_full_EVENT_MATERIALIZE nonnegative duration,PASS,segments=0
SUPG-RT-all-selected B=10 s=4 C6_full_EVENT_MATERIALIZE duration cap,PASS,D_seg_max=60.0
SUPG-RT-all-selected B=10 s=4 C6_full_EVENT_MATERIALIZE negative barrier,PASS,negatives=9
SUPG-RT-all-selected B=10 s=4 K0_naive_merge confirmed anchor,PASS,segments=0
SUPG-RT-all-selected B=10 s=4 K0_naive_merge no NaN,PASS,segments=0
SUPG-RT-all-selected B=10 s=4 K0_naive_merge nonnegative duration,PASS,segments=0
SUPG-RT-all-selected B=10 s=4 K1_gap_limited confirmed anchor,PASS,segments=0
SUPG-RT-all-selected B=10 s=4 K1_gap_limited no NaN,PASS,segments=0
SUPG-RT-all-selected B=10 s=4 K1_gap_limited nonnegative duration,PASS,segments=0
SUPG-RT-all-selected B=10 s=4 K2_gap_duration confirmed anchor,PASS,segments=0
SUPG-RT-all-selected B=10 s=4 K2_gap_duration no NaN,PASS,segments=0
SUPG-RT-all-selected B=10 s=4 K2_gap_duration nonnegative duration,PASS,segments=0
SUPG-RT-all-selected B=10 s=4 K2_gap_duration duration cap,PASS,D_seg_max=60.0
SUPG-RT-all-selected B=10 s=4 K3_gap_duration_negative_barrier confirmed anchor,PASS,segments=0
SUPG-RT-all-selected B=10 s=4 K3_gap_duration_negative_barrier no NaN,PASS,segments=0
SUPG-RT-all-selected B=10 s=4 K3_gap_duration_negative_barrier nonnegative duration,PASS,segments=0
SUPG-RT-all-selected B=10 s=4 K3_gap_duration_negative_barrier duration cap,PASS,D_seg_max=60.0
SUPG-RT-all-selected B=10 s=4 K3_gap_duration_negative_barrier negative barrier,PASS,negatives=9
SUPG-RT-all-selected B=10 s=4 K4_gap_duration_negative_barrier_selected_expand confirmed anchor,PASS,segments=0
SUPG-RT-all-selected B=10 s=4 K4_gap_duration_negative_barrier_selected_expand no NaN,PASS,segments=0
SUPG-RT-all-selected B=10 s=4 K4_gap_duration_negative_barrier_selected_expand nonnegative duration,PASS,segments=0
SUPG-RT-all-selected B=10 s=4 K4_gap_duration_negative_barrier_selected_expand duration cap,PASS,D_seg_max=60.0
SUPG-RT-all-selected B=10 s=4 K4_gap_duration_negative_barrier_selected_expand negative barrier,PASS,negatives=9
SUPG-RT-all-selected B=10 s=4 K4 expansion no unconfirmed seed,PASS,every segment contains queried positive anchor
SUPG-RT-all-selected B=20 s=0 oracle order,PASS,calls=20
SUPG-RT-all-selected B=20 s=0 calls <= budget,PASS,calls=20 budget=20
SUPG-RT-all-selected B=20 s=0 C6_full_EVENT_MATERIALIZE confirmed anchor,PASS,segments=5
SUPG-RT-all-selected B=20 s=0 C6_full_EVENT_MATERIALIZE no NaN,PASS,segments=5
SUPG-RT-all-selected B=20 s=0 C6_full_EVENT_MATERIALIZE nonnegative duration,PASS,segments=5
SUPG-RT-all-selected B=20 s=0 C6_full_EVENT_MATERIALIZE duration cap,PASS,D_seg_max=60.0
SUPG-RT-all-selected B=20 s=0 C6_full_EVENT_MATERIALIZE negative barrier,PASS,negatives=15
SUPG-RT-all-selected B=20 s=0 K0_naive_merge confirmed anchor,PASS,segments=1
SUPG-RT-all-selected B=20 s=0 K0_naive_merge no NaN,PASS,segments=1
SUPG-RT-all-selected B=20 s=0 K0_naive_merge nonnegative duration,PASS,segments=1
SUPG-RT-all-selected B=20 s=0 K1_gap_limited confirmed anchor,PASS,segments=5
SUPG-RT-all-selected B=20 s=0 K1_gap_limited no NaN,PASS,segments=5
SUPG-RT-all-selected B=20 s=0 K1_gap_limited nonnegative duration,PASS,segments=5
SUPG-RT-all-selected B=20 s=0 K2_gap_duration confirmed anchor,PASS,segments=5
SUPG-RT-all-selected B=20 s=0 K2_gap_duration no NaN,PASS,segments=5
SUPG-RT-all-selected B=20 s=0 K2_gap_duration nonnegative duration,PASS,segments=5
SUPG-RT-all-selected B=20 s=0 K2_gap_duration duration cap,PASS,D_seg_max=60.0
SUPG-RT-all-selected B=20 s=0 K3_gap_duration_negative_barrier confirmed anchor,PASS,segments=5
SUPG-RT-all-selected B=20 s=0 K3_gap_duration_negative_barrier no NaN,PASS,segments=5
SUPG-RT-all-selected B=20 s=0 K3_gap_duration_negative_barrier nonnegative duration,PASS,segments=5
SUPG-RT-all-selected B=20 s=0 K3_gap_duration_negative_barrier duration cap,PASS,D_seg_max=60.0
SUPG-RT-all-selected B=20 s=0 K3_gap_duration_negative_barrier negative barrier,PASS,negatives=15
SUPG-RT-all-selected B=20 s=0 K4_gap_duration_negative_barrier_selected_expand confirmed anchor,PASS,segments=5
SUPG-RT-all-selected B=20 s=0 K4_gap_duration_negative_barrier_selected_expand no NaN,PASS,segments=5
SUPG-RT-all-selected B=20 s=0 K4_gap_duration_negative_barrier_selected_expand nonnegative duration,PASS,segments=5
SUPG-RT-all-selected B=20 s=0 K4_gap_duration_negative_barrier_selected_expand duration cap,PASS,D_seg_max=60.0
SUPG-RT-all-selected B=20 s=0 K4_gap_duration_negative_barrier_selected_expand negative barrier,PASS,negatives=15
SUPG-RT-all-selected B=20 s=0 K4 expansion no unconfirmed seed,PASS,every segment contains queried positive anchor
SUPG-RT-all-selected B=20 s=1 oracle order,PASS,calls=18
SUPG-RT-all-selected B=20 s=1 calls <= budget,PASS,calls=18 budget=20
SUPG-RT-all-selected B=20 s=1 C6_full_EVENT_MATERIALIZE confirmed anchor,PASS,segments=8
SUPG-RT-all-selected B=20 s=1 C6_full_EVENT_MATERIALIZE no NaN,PASS,segments=8
SUPG-RT-all-selected B=20 s=1 C6_full_EVENT_MATERIALIZE nonnegative duration,PASS,segments=8
SUPG-RT-all-selected B=20 s=1 C6_full_EVENT_MATERIALIZE duration cap,PASS,D_seg_max=60.0
SUPG-RT-all-selected B=20 s=1 C6_full_EVENT_MATERIALIZE negative barrier,PASS,negatives=9
SUPG-RT-all-selected B=20 s=1 K0_naive_merge confirmed anchor,PASS,segments=1
SUPG-RT-all-selected B=20 s=1 K0_naive_merge no NaN,PASS,segments=1
SUPG-RT-all-selected B=20 s=1 K0_naive_merge nonnegative duration,PASS,segments=1
SUPG-RT-all-selected B=20 s=1 K1_gap_limited confirmed anchor,PASS,segments=8
SUPG-RT-all-selected B=20 s=1 K1_gap_limited no NaN,PASS,segments=8
SUPG-RT-all-selected B=20 s=1 K1_gap_limited nonnegative duration,PASS,segments=8
SUPG-RT-all-selected B=20 s=1 K2_gap_duration confirmed anchor,PASS,segments=8
SUPG-RT-all-selected B=20 s=1 K2_gap_duration no NaN,PASS,segments=8
SUPG-RT-all-selected B=20 s=1 K2_gap_duration nonnegative duration,PASS,segments=8
SUPG-RT-all-selected B=20 s=1 K2_gap_duration duration cap,PASS,D_seg_max=60.0
SUPG-RT-all-selected B=20 s=1 K3_gap_duration_negative_barrier confirmed anchor,PASS,segments=8
SUPG-RT-all-selected B=20 s=1 K3_gap_duration_negative_barrier no NaN,PASS,segments=8
SUPG-RT-all-selected B=20 s=1 K3_gap_duration_negative_barrier nonnegative duration,PASS,segments=8
SUPG-RT-all-selected B=20 s=1 K3_gap_duration_negative_barrier duration cap,PASS,D_seg_max=60.0
SUPG-RT-all-selected B=20 s=1 K3_gap_duration_negative_barrier negative barrier,PASS,negatives=9
SUPG-RT-all-selected B=20 s=1 K4_gap_duration_negative_barrier_selected_expand confirmed anchor,PASS,segments=8
SUPG-RT-all-selected B=20 s=1 K4_gap_duration_negative_barrier_selected_expand no NaN,PASS,segments=8
SUPG-RT-all-selected B=20 s=1 K4_gap_duration_negative_barrier_selected_expand nonnegative duration,PASS,segments=8
SUPG-RT-all-selected B=20 s=1 K4_gap_duration_negative_barrier_selected_expand duration cap,PASS,D_seg_max=60.0
SUPG-RT-all-selected B=20 s=1 K4_gap_duration_negative_barrier_selected_expand negative barrier,PASS,negatives=9
SUPG-RT-all-selected B=20 s=1 K4 expansion no unconfirmed seed,PASS,every segment contains queried positive anchor
SUPG-RT-all-selected B=20 s=2 oracle order,PASS,calls=18
SUPG-RT-all-selected B=20 s=2 calls <= budget,PASS,calls=18 budget=20
SUPG-RT-all-selected B=20 s=2 C6_full_EVENT_MATERIALIZE confirmed anchor,PASS,segments=6
SUPG-RT-all-selected B=20 s=2 C6_full_EVENT_MATERIALIZE no NaN,PASS,segments=6
SUPG-RT-all-selected B=20 s=2 C6_full_EVENT_MATERIALIZE nonnegative duration,PASS,segments=6
SUPG-RT-all-selected B=20 s=2 C6_full_EVENT_MATERIALIZE duration cap,PASS,D_seg_max=60.0
SUPG-RT-all-selected B=20 s=2 C6_full_EVENT_MATERIALIZE negative barrier,PASS,negatives=12
SUPG-RT-all-selected B=20 s=2 K0_naive_merge confirmed anchor,PASS,segments=1
SUPG-RT-all-selected B=20 s=2 K0_naive_merge no NaN,PASS,segments=1
SUPG-RT-all-selected B=20 s=2 K0_naive_merge nonnegative duration,PASS,segments=1
SUPG-RT-all-selected B=20 s=2 K1_gap_limited confirmed anchor,PASS,segments=6
SUPG-RT-all-selected B=20 s=2 K1_gap_limited no NaN,PASS,segments=6
SUPG-RT-all-selected B=20 s=2 K1_gap_limited nonnegative duration,PASS,segments=6
SUPG-RT-all-selected B=20 s=2 K2_gap_duration confirmed anchor,PASS,segments=6
SUPG-RT-all-selected B=20 s=2 K2_gap_duration no NaN,PASS,segments=6
SUPG-RT-all-selected B=20 s=2 K2_gap_duration nonnegative duration,PASS,segments=6
SUPG-RT-all-selected B=20 s=2 K2_gap_duration duration cap,PASS,D_seg_max=60.0
SUPG-RT-all-selected B=20 s=2 K3_gap_duration_negative_barrier confirmed anchor,PASS,segments=6
SUPG-RT-all-selected B=20 s=2 K3_gap_duration_negative_barrier no NaN,PASS,segments=6
SUPG-RT-all-selected B=20 s=2 K3_gap_duration_negative_barrier nonnegative duration,PASS,segments=6
SUPG-RT-all-selected B=20 s=2 K3_gap_duration_negative_barrier duration cap,PASS,D_seg_max=60.0
SUPG-RT-all-selected B=20 s=2 K3_gap_duration_negative_barrier negative barrier,PASS,negatives=12
SUPG-RT-all-selected B=20 s=2 K4_gap_duration_negative_barrier_selected_expand confirmed anchor,PASS,segments=6
SUPG-RT-all-selected B=20 s=2 K4_gap_duration_negative_barrier_selected_expand no NaN,PASS,segments=6
SUPG-RT-all-selected B=20 s=2 K4_gap_duration_negative_barrier_selected_expand nonnegative duration,PASS,segments=6
SUPG-RT-all-selected B=20 s=2 K4_gap_duration_negative_barrier_selected_expand duration cap,PASS,D_seg_max=60.0
SUPG-RT-all-selected B=20 s=2 K4_gap_duration_negative_barrier_selected_expand negative barrier,PASS,negatives=12
SUPG-RT-all-selected B=20 s=2 K4 expansion no unconfirmed seed,PASS,every segment contains queried positive anchor
SUPG-RT-all-selected B=20 s=3 oracle order,PASS,calls=19
SUPG-RT-all-selected B=20 s=3 calls <= budget,PASS,calls=19 budget=20
SUPG-RT-all-selected B=20 s=3 C6_full_EVENT_MATERIALIZE confirmed anchor,PASS,segments=4
SUPG-RT-all-selected B=20 s=3 C6_full_EVENT_MATERIALIZE no NaN,PASS,segments=4
SUPG-RT-all-selected B=20 s=3 C6_full_EVENT_MATERIALIZE nonnegative duration,PASS,segments=4
SUPG-RT-all-selected B=20 s=3 C6_full_EVENT_MATERIALIZE duration cap,PASS,D_seg_max=60.0
SUPG-RT-all-selected B=20 s=3 C6_full_EVENT_MATERIALIZE negative barrier,PASS,negatives=14
SUPG-RT-all-selected B=20 s=3 K0_naive_merge confirmed anchor,PASS,segments=1
SUPG-RT-all-selected B=20 s=3 K0_naive_merge no NaN,PASS,segments=1
SUPG-RT-all-selected B=20 s=3 K0_naive_merge nonnegative duration,PASS,segments=1
SUPG-RT-all-selected B=20 s=3 K1_gap_limited confirmed anchor,PASS,segments=4
SUPG-RT-all-selected B=20 s=3 K1_gap_limited no NaN,PASS,segments=4
SUPG-RT-all-selected B=20 s=3 K1_gap_limited nonnegative duration,PASS,segments=4
SUPG-RT-all-selected B=20 s=3 K2_gap_duration confirmed anchor,PASS,segments=4
SUPG-RT-all-selected B=20 s=3 K2_gap_duration no NaN,PASS,segments=4
SUPG-RT-all-selected B=20 s=3 K2_gap_duration nonnegative duration,PASS,segments=4
SUPG-RT-all-selected B=20 s=3 K2_gap_duration duration cap,PASS,D_seg_max=60.0
SUPG-RT-all-selected B=20 s=3 K3_gap_duration_negative_barrier confirmed anchor,PASS,segments=4
SUPG-RT-all-selected B=20 s=3 K3_gap_duration_negative_barrier no NaN,PASS,segments=4
SUPG-RT-all-selected B=20 s=3 K3_gap_duration_negative_barrier nonnegative duration,PASS,segments=4
SUPG-RT-all-selected B=20 s=3 K3_gap_duration_negative_barrier duration cap,PASS,D_seg_max=60.0
SUPG-RT-all-selected B=20 s=3 K3_gap_duration_negative_barrier negative barrier,PASS,negatives=14
SUPG-RT-all-selected B=20 s=3 K4_gap_duration_negative_barrier_selected_expand confirmed anchor,PASS,segments=4
SUPG-RT-all-selected B=20 s=3 K4_gap_duration_negative_barrier_selected_expand no NaN,PASS,segments=4
SUPG-RT-all-selected B=20 s=3 K4_gap_duration_negative_barrier_selected_expand nonnegative duration,PASS,segments=4
SUPG-RT-all-selected B=20 s=3 K4_gap_duration_negative_barrier_selected_expand duration cap,PASS,D_seg_max=60.0
SUPG-RT-all-selected B=20 s=3 K4_gap_duration_negative_barrier_selected_expand negative barrier,PASS,negatives=14
SUPG-RT-all-selected B=20 s=3 K4 expansion no unconfirmed seed,PASS,every segment contains queried positive anchor
SUPG-RT-all-selected B=20 s=4 oracle order,PASS,calls=18
SUPG-RT-all-selected B=20 s=4 calls <= budget,PASS,calls=18 budget=20
SUPG-RT-all-selected B=20 s=4 C6_full_EVENT_MATERIALIZE confirmed anchor,PASS,segments=2
SUPG-RT-all-selected B=20 s=4 C6_full_EVENT_MATERIALIZE no NaN,PASS,segments=2
SUPG-RT-all-selected B=20 s=4 C6_full_EVENT_MATERIALIZE nonnegative duration,PASS,segments=2
SUPG-RT-all-selected B=20 s=4 C6_full_EVENT_MATERIALIZE duration cap,PASS,D_seg_max=60.0
SUPG-RT-all-selected B=20 s=4 C6_full_EVENT_MATERIALIZE negative barrier,PASS,negatives=15
SUPG-RT-all-selected B=20 s=4 K0_naive_merge confirmed anchor,PASS,segments=1
SUPG-RT-all-selected B=20 s=4 K0_naive_merge no NaN,PASS,segments=1
SUPG-RT-all-selected B=20 s=4 K0_naive_merge nonnegative duration,PASS,segments=1
SUPG-RT-all-selected B=20 s=4 K1_gap_limited confirmed anchor,PASS,segments=2
SUPG-RT-all-selected B=20 s=4 K1_gap_limited no NaN,PASS,segments=2
SUPG-RT-all-selected B=20 s=4 K1_gap_limited nonnegative duration,PASS,segments=2
SUPG-RT-all-selected B=20 s=4 K2_gap_duration confirmed anchor,PASS,segments=2
SUPG-RT-all-selected B=20 s=4 K2_gap_duration no NaN,PASS,segments=2
SUPG-RT-all-selected B=20 s=4 K2_gap_duration nonnegative duration,PASS,segments=2
SUPG-RT-all-selected B=20 s=4 K2_gap_duration duration cap,PASS,D_seg_max=60.0
SUPG-RT-all-selected B=20 s=4 K3_gap_duration_negative_barrier confirmed anchor,PASS,segments=2
SUPG-RT-all-selected B=20 s=4 K3_gap_duration_negative_barrier no NaN,PASS,segments=2
SUPG-RT-all-selected B=20 s=4 K3_gap_duration_negative_barrier nonnegative duration,PASS,segments=2
SUPG-RT-all-selected B=20 s=4 K3_gap_duration_negative_barrier duration cap,PASS,D_seg_max=60.0
SUPG-RT-all-selected B=20 s=4 K3_gap_duration_negative_barrier negative barrier,PASS,negatives=15
SUPG-RT-all-selected B=20 s=4 K4_gap_duration_negative_barrier_selected_expand confirmed anchor,PASS,segments=2
SUPG-RT-all-selected B=20 s=4 K4_gap_duration_negative_barrier_selected_expand no NaN,PASS,segments=2
SUPG-RT-all-selected B=20 s=4 K4_gap_duration_negative_barrier_selected_expand nonnegative duration,PASS,segments=2
SUPG-RT-all-selected B=20 s=4 K4_gap_duration_negative_barrier_selected_expand duration cap,PASS,D_seg_max=60.0
SUPG-RT-all-selected B=20 s=4 K4_gap_duration_negative_barrier_selected_expand negative barrier,PASS,negatives=15
SUPG-RT-all-selected B=20 s=4 K4 expansion no unconfirmed seed,PASS,every segment contains queried positive anchor
SUPG-RT-all-selected B=50 s=0 oracle order,PASS,calls=44
SUPG-RT-all-selected B=50 s=0 calls <= budget,PASS,calls=44 budget=50
SUPG-RT-all-selected B=50 s=0 C6_full_EVENT_MATERIALIZE confirmed anchor,PASS,segments=11
SUPG-RT-all-selected B=50 s=0 C6_full_EVENT_MATERIALIZE no NaN,PASS,segments=11
SUPG-RT-all-selected B=50 s=0 C6_full_EVENT_MATERIALIZE nonnegative duration,PASS,segments=11
SUPG-RT-all-selected B=50 s=0 C6_full_EVENT_MATERIALIZE duration cap,PASS,D_seg_max=60.0
SUPG-RT-all-selected B=50 s=0 C6_full_EVENT_MATERIALIZE negative barrier,PASS,negatives=31
SUPG-RT-all-selected B=50 s=0 K0_naive_merge confirmed anchor,PASS,segments=1
SUPG-RT-all-selected B=50 s=0 K0_naive_merge no NaN,PASS,segments=1
SUPG-RT-all-selected B=50 s=0 K0_naive_merge nonnegative duration,PASS,segments=1
SUPG-RT-all-selected B=50 s=0 K1_gap_limited confirmed anchor,PASS,segments=10
SUPG-RT-all-selected B=50 s=0 K1_gap_limited no NaN,PASS,segments=10
SUPG-RT-all-selected B=50 s=0 K1_gap_limited nonnegative duration,PASS,segments=10
SUPG-RT-all-selected B=50 s=0 K2_gap_duration confirmed anchor,PASS,segments=10
SUPG-RT-all-selected B=50 s=0 K2_gap_duration no NaN,PASS,segments=10
SUPG-RT-all-selected B=50 s=0 K2_gap_duration nonnegative duration,PASS,segments=10
SUPG-RT-all-selected B=50 s=0 K2_gap_duration duration cap,PASS,D_seg_max=60.0
SUPG-RT-all-selected B=50 s=0 K3_gap_duration_negative_barrier confirmed anchor,PASS,segments=11
SUPG-RT-all-selected B=50 s=0 K3_gap_duration_negative_barrier no NaN,PASS,segments=11
SUPG-RT-all-selected B=50 s=0 K3_gap_duration_negative_barrier nonnegative duration,PASS,segments=11
SUPG-RT-all-selected B=50 s=0 K3_gap_duration_negative_barrier duration cap,PASS,D_seg_max=60.0
SUPG-RT-all-selected B=50 s=0 K3_gap_duration_negative_barrier negative barrier,PASS,negatives=31
SUPG-RT-all-selected B=50 s=0 K4_gap_duration_negative_barrier_selected_expand confirmed anchor,PASS,segments=11
SUPG-RT-all-selected B=50 s=0 K4_gap_duration_negative_barrier_selected_expand no NaN,PASS,segments=11
SUPG-RT-all-selected B=50 s=0 K4_gap_duration_negative_barrier_selected_expand nonnegative duration,PASS,segments=11
SUPG-RT-all-selected B=50 s=0 K4_gap_duration_negative_barrier_selected_expand duration cap,PASS,D_seg_max=60.0
SUPG-RT-all-selected B=50 s=0 K4_gap_duration_negative_barrier_selected_expand negative barrier,PASS,negatives=31
SUPG-RT-all-selected B=50 s=0 K4 expansion no unconfirmed seed,PASS,every segment contains queried positive anchor
SUPG-RT-all-selected B=50 s=1 oracle order,PASS,calls=39
SUPG-RT-all-selected B=50 s=1 calls <= budget,PASS,calls=39 budget=50
SUPG-RT-all-selected B=50 s=1 C6_full_EVENT_MATERIALIZE confirmed anchor,PASS,segments=12
SUPG-RT-all-selected B=50 s=1 C6_full_EVENT_MATERIALIZE no NaN,PASS,segments=12
SUPG-RT-all-selected B=50 s=1 C6_full_EVENT_MATERIALIZE nonnegative duration,PASS,segments=12
SUPG-RT-all-selected B=50 s=1 C6_full_EVENT_MATERIALIZE duration cap,PASS,D_seg_max=60.0
SUPG-RT-all-selected B=50 s=1 C6_full_EVENT_MATERIALIZE negative barrier,PASS,negatives=23
SUPG-RT-all-selected B=50 s=1 K0_naive_merge confirmed anchor,PASS,segments=1
SUPG-RT-all-selected B=50 s=1 K0_naive_merge no NaN,PASS,segments=1
SUPG-RT-all-selected B=50 s=1 K0_naive_merge nonnegative duration,PASS,segments=1
SUPG-RT-all-selected B=50 s=1 K1_gap_limited confirmed anchor,PASS,segments=11
SUPG-RT-all-selected B=50 s=1 K1_gap_limited no NaN,PASS,segments=11
SUPG-RT-all-selected B=50 s=1 K1_gap_limited nonnegative duration,PASS,segments=11
SUPG-RT-all-selected B=50 s=1 K2_gap_duration confirmed anchor,PASS,segments=11
SUPG-RT-all-selected B=50 s=1 K2_gap_duration no NaN,PASS,segments=11
SUPG-RT-all-selected B=50 s=1 K2_gap_duration nonnegative duration,PASS,segments=11
SUPG-RT-all-selected B=50 s=1 K2_gap_duration duration cap,PASS,D_seg_max=60.0
SUPG-RT-all-selected B=50 s=1 K3_gap_duration_negative_barrier confirmed anchor,PASS,segments=12
SUPG-RT-all-selected B=50 s=1 K3_gap_duration_negative_barrier no NaN,PASS,segments=12
SUPG-RT-all-selected B=50 s=1 K3_gap_duration_negative_barrier nonnegative duration,PASS,segments=12
SUPG-RT-all-selected B=50 s=1 K3_gap_duration_negative_barrier duration cap,PASS,D_seg_max=60.0
SUPG-RT-all-selected B=50 s=1 K3_gap_duration_negative_barrier negative barrier,PASS,negatives=23
SUPG-RT-all-selected B=50 s=1 K4_gap_duration_negative_barrier_selected_expand confirmed anchor,PASS,segments=12
SUPG-RT-all-selected B=50 s=1 K4_gap_duration_negative_barrier_selected_expand no NaN,PASS,segments=12
SUPG-RT-all-selected B=50 s=1 K4_gap_duration_negative_barrier_selected_expand nonnegative duration,PASS,segments=12
SUPG-RT-all-selected B=50 s=1 K4_gap_duration_negative_barrier_selected_expand duration cap,PASS,D_seg_max=60.0
SUPG-RT-all-selected B=50 s=1 K4_gap_duration_negative_barrier_selected_expand negative barrier,PASS,negatives=23
SUPG-RT-all-selected B=50 s=1 K4 expansion no unconfirmed seed,PASS,every segment contains queried positive anchor
SUPG-RT-all-selected B=50 s=2 oracle order,PASS,calls=43
SUPG-RT-all-selected B=50 s=2 calls <= budget,PASS,calls=43 budget=50
SUPG-RT-all-selected B=50 s=2 C6_full_EVENT_MATERIALIZE confirmed anchor,PASS,segments=10
SUPG-RT-all-selected B=50 s=2 C6_full_EVENT_MATERIALIZE no NaN,PASS,segments=10
SUPG-RT-all-selected B=50 s=2 C6_full_EVENT_MATERIALIZE nonnegative duration,PASS,segments=10
SUPG-RT-all-selected B=50 s=2 C6_full_EVENT_MATERIALIZE duration cap,PASS,D_seg_max=60.0
SUPG-RT-all-selected B=50 s=2 C6_full_EVENT_MATERIALIZE negative barrier,PASS,negatives=29
SUPG-RT-all-selected B=50 s=2 K0_naive_merge confirmed anchor,PASS,segments=1
SUPG-RT-all-selected B=50 s=2 K0_naive_merge no NaN,PASS,segments=1
SUPG-RT-all-selected B=50 s=2 K0_naive_merge nonnegative duration,PASS,segments=1
SUPG-RT-all-selected B=50 s=2 K1_gap_limited confirmed anchor,PASS,segments=9
SUPG-RT-all-selected B=50 s=2 K1_gap_limited no NaN,PASS,segments=9
SUPG-RT-all-selected B=50 s=2 K1_gap_limited nonnegative duration,PASS,segments=9
SUPG-RT-all-selected B=50 s=2 K2_gap_duration confirmed anchor,PASS,segments=10
SUPG-RT-all-selected B=50 s=2 K2_gap_duration no NaN,PASS,segments=10
SUPG-RT-all-selected B=50 s=2 K2_gap_duration nonnegative duration,PASS,segments=10
SUPG-RT-all-selected B=50 s=2 K2_gap_duration duration cap,PASS,D_seg_max=60.0
SUPG-RT-all-selected B=50 s=2 K3_gap_duration_negative_barrier confirmed anchor,PASS,segments=10
SUPG-RT-all-selected B=50 s=2 K3_gap_duration_negative_barrier no NaN,PASS,segments=10
SUPG-RT-all-selected B=50 s=2 K3_gap_duration_negative_barrier nonnegative duration,PASS,segments=10
SUPG-RT-all-selected B=50 s=2 K3_gap_duration_negative_barrier duration cap,PASS,D_seg_max=60.0
SUPG-RT-all-selected B=50 s=2 K3_gap_duration_negative_barrier negative barrier,PASS,negatives=29
SUPG-RT-all-selected B=50 s=2 K4_gap_duration_negative_barrier_selected_expand confirmed anchor,PASS,segments=10
SUPG-RT-all-selected B=50 s=2 K4_gap_duration_negative_barrier_selected_expand no NaN,PASS,segments=10
SUPG-RT-all-selected B=50 s=2 K4_gap_duration_negative_barrier_selected_expand nonnegative duration,PASS,segments=10
SUPG-RT-all-selected B=50 s=2 K4_gap_duration_negative_barrier_selected_expand duration cap,PASS,D_seg_max=60.0
SUPG-RT-all-selected B=50 s=2 K4_gap_duration_negative_barrier_selected_expand negative barrier,PASS,negatives=29
SUPG-RT-all-selected B=50 s=2 K4 expansion no unconfirmed seed,PASS,every segment contains queried positive anchor
SUPG-RT-all-selected B=50 s=3 oracle order,PASS,calls=38
SUPG-RT-all-selected B=50 s=3 calls <= budget,PASS,calls=38 budget=50
SUPG-RT-all-selected B=50 s=3 C6_full_EVENT_MATERIALIZE confirmed anchor,PASS,segments=7
SUPG-RT-all-selected B=50 s=3 C6_full_EVENT_MATERIALIZE no NaN,PASS,segments=7
SUPG-RT-all-selected B=50 s=3 C6_full_EVENT_MATERIALIZE nonnegative duration,PASS,segments=7
SUPG-RT-all-selected B=50 s=3 C6_full_EVENT_MATERIALIZE duration cap,PASS,D_seg_max=60.0
SUPG-RT-all-selected B=50 s=3 C6_full_EVENT_MATERIALIZE negative barrier,PASS,negatives=29
SUPG-RT-all-selected B=50 s=3 K0_naive_merge confirmed anchor,PASS,segments=1
SUPG-RT-all-selected B=50 s=3 K0_naive_merge no NaN,PASS,segments=1
SUPG-RT-all-selected B=50 s=3 K0_naive_merge nonnegative duration,PASS,segments=1
SUPG-RT-all-selected B=50 s=3 K1_gap_limited confirmed anchor,PASS,segments=7
SUPG-RT-all-selected B=50 s=3 K1_gap_limited no NaN,PASS,segments=7
SUPG-RT-all-selected B=50 s=3 K1_gap_limited nonnegative duration,PASS,segments=7
SUPG-RT-all-selected B=50 s=3 K2_gap_duration confirmed anchor,PASS,segments=7
SUPG-RT-all-selected B=50 s=3 K2_gap_duration no NaN,PASS,segments=7
SUPG-RT-all-selected B=50 s=3 K2_gap_duration nonnegative duration,PASS,segments=7
SUPG-RT-all-selected B=50 s=3 K2_gap_duration duration cap,PASS,D_seg_max=60.0
SUPG-RT-all-selected B=50 s=3 K3_gap_duration_negative_barrier confirmed anchor,PASS,segments=7
SUPG-RT-all-selected B=50 s=3 K3_gap_duration_negative_barrier no NaN,PASS,segments=7
SUPG-RT-all-selected B=50 s=3 K3_gap_duration_negative_barrier nonnegative duration,PASS,segments=7
SUPG-RT-all-selected B=50 s=3 K3_gap_duration_negative_barrier duration cap,PASS,D_seg_max=60.0
SUPG-RT-all-selected B=50 s=3 K3_gap_duration_negative_barrier negative barrier,PASS,negatives=29
SUPG-RT-all-selected B=50 s=3 K4_gap_duration_negative_barrier_selected_expand confirmed anchor,PASS,segments=7
SUPG-RT-all-selected B=50 s=3 K4_gap_duration_negative_barrier_selected_expand no NaN,PASS,segments=7
SUPG-RT-all-selected B=50 s=3 K4_gap_duration_negative_barrier_selected_expand nonnegative duration,PASS,segments=7
SUPG-RT-all-selected B=50 s=3 K4_gap_duration_negative_barrier_selected_expand duration cap,PASS,D_seg_max=60.0
SUPG-RT-all-selected B=50 s=3 K4_gap_duration_negative_barrier_selected_expand negative barrier,PASS,negatives=29
SUPG-RT-all-selected B=50 s=3 K4 expansion no unconfirmed seed,PASS,every segment contains queried positive anchor
SUPG-RT-all-selected B=50 s=4 oracle order,PASS,calls=38
SUPG-RT-all-selected B=50 s=4 calls <= budget,PASS,calls=38 budget=50
SUPG-RT-all-selected B=50 s=4 C6_full_EVENT_MATERIALIZE confirmed anchor,PASS,segments=7
SUPG-RT-all-selected B=50 s=4 C6_full_EVENT_MATERIALIZE no NaN,PASS,segments=7
SUPG-RT-all-selected B=50 s=4 C6_full_EVENT_MATERIALIZE nonnegative duration,PASS,segments=7
SUPG-RT-all-selected B=50 s=4 C6_full_EVENT_MATERIALIZE duration cap,PASS,D_seg_max=60.0
SUPG-RT-all-selected B=50 s=4 C6_full_EVENT_MATERIALIZE negative barrier,PASS,negatives=28
SUPG-RT-all-selected B=50 s=4 K0_naive_merge confirmed anchor,PASS,segments=1
SUPG-RT-all-selected B=50 s=4 K0_naive_merge no NaN,PASS,segments=1
SUPG-RT-all-selected B=50 s=4 K0_naive_merge nonnegative duration,PASS,segments=1
SUPG-RT-all-selected B=50 s=4 K1_gap_limited confirmed anchor,PASS,segments=6
SUPG-RT-all-selected B=50 s=4 K1_gap_limited no NaN,PASS,segments=6
SUPG-RT-all-selected B=50 s=4 K1_gap_limited nonnegative duration,PASS,segments=6
SUPG-RT-all-selected B=50 s=4 K2_gap_duration confirmed anchor,PASS,segments=7
SUPG-RT-all-selected B=50 s=4 K2_gap_duration no NaN,PASS,segments=7
SUPG-RT-all-selected B=50 s=4 K2_gap_duration nonnegative duration,PASS,segments=7
SUPG-RT-all-selected B=50 s=4 K2_gap_duration duration cap,PASS,D_seg_max=60.0
SUPG-RT-all-selected B=50 s=4 K3_gap_duration_negative_barrier confirmed anchor,PASS,segments=7
SUPG-RT-all-selected B=50 s=4 K3_gap_duration_negative_barrier no NaN,PASS,segments=7
SUPG-RT-all-selected B=50 s=4 K3_gap_duration_negative_barrier nonnegative duration,PASS,segments=7
SUPG-RT-all-selected B=50 s=4 K3_gap_duration_negative_barrier duration cap,PASS,D_seg_max=60.0
SUPG-RT-all-selected B=50 s=4 K3_gap_duration_negative_barrier negative barrier,PASS,negatives=28
SUPG-RT-all-selected B=50 s=4 K4_gap_duration_negative_barrier_selected_expand confirmed anchor,PASS,segments=7
SUPG-RT-all-selected B=50 s=4 K4_gap_duration_negative_barrier_selected_expand no NaN,PASS,segments=7
SUPG-RT-all-selected B=50 s=4 K4_gap_duration_negative_barrier_selected_expand nonnegative duration,PASS,segments=7
SUPG-RT-all-selected B=50 s=4 K4_gap_duration_negative_barrier_selected_expand duration cap,PASS,D_seg_max=60.0
SUPG-RT-all-selected B=50 s=4 K4_gap_duration_negative_barrier_selected_expand negative barrier,PASS,negatives=28
SUPG-RT-all-selected B=50 s=4 K4 expansion no unconfirmed seed,PASS,every segment contains queried positive anchor
SUPG-RT-all-selected B=5 s=0 oracle order,PASS,calls=5
SUPG-RT-all-selected B=5 s=0 calls <= budget,PASS,calls=5 budget=5
SUPG-RT-all-selected B=5 s=0 C6_full_EVENT_MATERIALIZE confirmed anchor,PASS,segments=0
SUPG-RT-all-selected B=5 s=0 C6_full_EVENT_MATERIALIZE no NaN,PASS,segments=0
SUPG-RT-all-selected B=5 s=0 C6_full_EVENT_MATERIALIZE nonnegative duration,PASS,segments=0
SUPG-RT-all-selected B=5 s=0 C6_full_EVENT_MATERIALIZE duration cap,PASS,D_seg_max=60.0
SUPG-RT-all-selected B=5 s=0 C6_full_EVENT_MATERIALIZE negative barrier,PASS,negatives=5
SUPG-RT-all-selected B=5 s=0 K0_naive_merge confirmed anchor,PASS,segments=0
SUPG-RT-all-selected B=5 s=0 K0_naive_merge no NaN,PASS,segments=0
SUPG-RT-all-selected B=5 s=0 K0_naive_merge nonnegative duration,PASS,segments=0
SUPG-RT-all-selected B=5 s=0 K1_gap_limited confirmed anchor,PASS,segments=0
SUPG-RT-all-selected B=5 s=0 K1_gap_limited no NaN,PASS,segments=0
SUPG-RT-all-selected B=5 s=0 K1_gap_limited nonnegative duration,PASS,segments=0
SUPG-RT-all-selected B=5 s=0 K2_gap_duration confirmed anchor,PASS,segments=0
SUPG-RT-all-selected B=5 s=0 K2_gap_duration no NaN,PASS,segments=0
SUPG-RT-all-selected B=5 s=0 K2_gap_duration nonnegative duration,PASS,segments=0
SUPG-RT-all-selected B=5 s=0 K2_gap_duration duration cap,PASS,D_seg_max=60.0
SUPG-RT-all-selected B=5 s=0 K3_gap_duration_negative_barrier confirmed anchor,PASS,segments=0
SUPG-RT-all-selected B=5 s=0 K3_gap_duration_negative_barrier no NaN,PASS,segments=0
SUPG-RT-all-selected B=5 s=0 K3_gap_duration_negative_barrier nonnegative duration,PASS,segments=0
SUPG-RT-all-selected B=5 s=0 K3_gap_duration_negative_barrier duration cap,PASS,D_seg_max=60.0
SUPG-RT-all-selected B=5 s=0 K3_gap_duration_negative_barrier negative barrier,PASS,negatives=5
SUPG-RT-all-selected B=5 s=0 K4_gap_duration_negative_barrier_selected_expand confirmed anchor,PASS,segments=0
SUPG-RT-all-selected B=5 s=0 K4_gap_duration_negative_barrier_selected_expand no NaN,PASS,segments=0
SUPG-RT-all-selected B=5 s=0 K4_gap_duration_negative_barrier_selected_expand nonnegative duration,PASS,segments=0
SUPG-RT-all-selected B=5 s=0 K4_gap_duration_negative_barrier_selected_expand duration cap,PASS,D_seg_max=60.0
SUPG-RT-all-selected B=5 s=0 K4_gap_duration_negative_barrier_selected_expand negative barrier,PASS,negatives=5
SUPG-RT-all-selected B=5 s=0 K4 expansion no unconfirmed seed,PASS,every segment contains queried positive anchor
SUPG-RT-all-selected B=5 s=1 oracle order,PASS,calls=5
SUPG-RT-all-selected B=5 s=1 calls <= budget,PASS,calls=5 budget=5
SUPG-RT-all-selected B=5 s=1 C6_full_EVENT_MATERIALIZE confirmed anchor,PASS,segments=2
SUPG-RT-all-selected B=5 s=1 C6_full_EVENT_MATERIALIZE no NaN,PASS,segments=2
SUPG-RT-all-selected B=5 s=1 C6_full_EVENT_MATERIALIZE nonnegative duration,PASS,segments=2
SUPG-RT-all-selected B=5 s=1 C6_full_EVENT_MATERIALIZE duration cap,PASS,D_seg_max=60.0
SUPG-RT-all-selected B=5 s=1 C6_full_EVENT_MATERIALIZE negative barrier,PASS,negatives=3
SUPG-RT-all-selected B=5 s=1 K0_naive_merge confirmed anchor,PASS,segments=1
SUPG-RT-all-selected B=5 s=1 K0_naive_merge no NaN,PASS,segments=1
SUPG-RT-all-selected B=5 s=1 K0_naive_merge nonnegative duration,PASS,segments=1
SUPG-RT-all-selected B=5 s=1 K1_gap_limited confirmed anchor,PASS,segments=2
SUPG-RT-all-selected B=5 s=1 K1_gap_limited no NaN,PASS,segments=2
SUPG-RT-all-selected B=5 s=1 K1_gap_limited nonnegative duration,PASS,segments=2
SUPG-RT-all-selected B=5 s=1 K2_gap_duration confirmed anchor,PASS,segments=2
SUPG-RT-all-selected B=5 s=1 K2_gap_duration no NaN,PASS,segments=2
SUPG-RT-all-selected B=5 s=1 K2_gap_duration nonnegative duration,PASS,segments=2
SUPG-RT-all-selected B=5 s=1 K2_gap_duration duration cap,PASS,D_seg_max=60.0
SUPG-RT-all-selected B=5 s=1 K3_gap_duration_negative_barrier confirmed anchor,PASS,segments=2
SUPG-RT-all-selected B=5 s=1 K3_gap_duration_negative_barrier no NaN,PASS,segments=2
SUPG-RT-all-selected B=5 s=1 K3_gap_duration_negative_barrier nonnegative duration,PASS,segments=2
SUPG-RT-all-selected B=5 s=1 K3_gap_duration_negative_barrier duration cap,PASS,D_seg_max=60.0
SUPG-RT-all-selected B=5 s=1 K3_gap_duration_negative_barrier negative barrier,PASS,negatives=3
SUPG-RT-all-selected B=5 s=1 K4_gap_duration_negative_barrier_selected_expand confirmed anchor,PASS,segments=2
SUPG-RT-all-selected B=5 s=1 K4_gap_duration_negative_barrier_selected_expand no NaN,PASS,segments=2
SUPG-RT-all-selected B=5 s=1 K4_gap_duration_negative_barrier_selected_expand nonnegative duration,PASS,segments=2
SUPG-RT-all-selected B=5 s=1 K4_gap_duration_negative_barrier_selected_expand duration cap,PASS,D_seg_max=60.0
SUPG-RT-all-selected B=5 s=1 K4_gap_duration_negative_barrier_selected_expand negative barrier,PASS,negatives=3
SUPG-RT-all-selected B=5 s=1 K4 expansion no unconfirmed seed,PASS,every segment contains queried positive anchor
SUPG-RT-all-selected B=5 s=2 oracle order,PASS,calls=4
SUPG-RT-all-selected B=5 s=2 calls <= budget,PASS,calls=4 budget=5
SUPG-RT-all-selected B=5 s=2 C6_full_EVENT_MATERIALIZE confirmed anchor,PASS,segments=1
SUPG-RT-all-selected B=5 s=2 C6_full_EVENT_MATERIALIZE no NaN,PASS,segments=1
SUPG-RT-all-selected B=5 s=2 C6_full_EVENT_MATERIALIZE nonnegative duration,PASS,segments=1
SUPG-RT-all-selected B=5 s=2 C6_full_EVENT_MATERIALIZE duration cap,PASS,D_seg_max=60.0
SUPG-RT-all-selected B=5 s=2 C6_full_EVENT_MATERIALIZE negative barrier,PASS,negatives=3
SUPG-RT-all-selected B=5 s=2 K0_naive_merge confirmed anchor,PASS,segments=1
SUPG-RT-all-selected B=5 s=2 K0_naive_merge no NaN,PASS,segments=1
SUPG-RT-all-selected B=5 s=2 K0_naive_merge nonnegative duration,PASS,segments=1
SUPG-RT-all-selected B=5 s=2 K1_gap_limited confirmed anchor,PASS,segments=1
SUPG-RT-all-selected B=5 s=2 K1_gap_limited no NaN,PASS,segments=1
SUPG-RT-all-selected B=5 s=2 K1_gap_limited nonnegative duration,PASS,segments=1
SUPG-RT-all-selected B=5 s=2 K2_gap_duration confirmed anchor,PASS,segments=1
SUPG-RT-all-selected B=5 s=2 K2_gap_duration no NaN,PASS,segments=1
SUPG-RT-all-selected B=5 s=2 K2_gap_duration nonnegative duration,PASS,segments=1
SUPG-RT-all-selected B=5 s=2 K2_gap_duration duration cap,PASS,D_seg_max=60.0
SUPG-RT-all-selected B=5 s=2 K3_gap_duration_negative_barrier confirmed anchor,PASS,segments=1
SUPG-RT-all-selected B=5 s=2 K3_gap_duration_negative_barrier no NaN,PASS,segments=1
SUPG-RT-all-selected B=5 s=2 K3_gap_duration_negative_barrier nonnegative duration,PASS,segments=1
SUPG-RT-all-selected B=5 s=2 K3_gap_duration_negative_barrier duration cap,PASS,D_seg_max=60.0
SUPG-RT-all-selected B=5 s=2 K3_gap_duration_negative_barrier negative barrier,PASS,negatives=3
SUPG-RT-all-selected B=5 s=2 K4_gap_duration_negative_barrier_selected_expand confirmed anchor,PASS,segments=1
SUPG-RT-all-selected B=5 s=2 K4_gap_duration_negative_barrier_selected_expand no NaN,PASS,segments=1
SUPG-RT-all-selected B=5 s=2 K4_gap_duration_negative_barrier_selected_expand nonnegative duration,PASS,segments=1
SUPG-RT-all-selected B=5 s=2 K4_gap_duration_negative_barrier_selected_expand duration cap,PASS,D_seg_max=60.0
SUPG-RT-all-selected B=5 s=2 K4_gap_duration_negative_barrier_selected_expand negative barrier,PASS,negatives=3
SUPG-RT-all-selected B=5 s=2 K4 expansion no unconfirmed seed,PASS,every segment contains queried positive anchor
SUPG-RT-all-selected B=5 s=3 oracle order,PASS,calls=5
SUPG-RT-all-selected B=5 s=3 calls <= budget,PASS,calls=5 budget=5
SUPG-RT-all-selected B=5 s=3 C6_full_EVENT_MATERIALIZE confirmed anchor,PASS,segments=0
SUPG-RT-all-selected B=5 s=3 C6_full_EVENT_MATERIALIZE no NaN,PASS,segments=0
SUPG-RT-all-selected B=5 s=3 C6_full_EVENT_MATERIALIZE nonnegative duration,PASS,segments=0
SUPG-RT-all-selected B=5 s=3 C6_full_EVENT_MATERIALIZE duration cap,PASS,D_seg_max=60.0
SUPG-RT-all-selected B=5 s=3 C6_full_EVENT_MATERIALIZE negative barrier,PASS,negatives=5
SUPG-RT-all-selected B=5 s=3 K0_naive_merge confirmed anchor,PASS,segments=0
SUPG-RT-all-selected B=5 s=3 K0_naive_merge no NaN,PASS,segments=0
SUPG-RT-all-selected B=5 s=3 K0_naive_merge nonnegative duration,PASS,segments=0
SUPG-RT-all-selected B=5 s=3 K1_gap_limited confirmed anchor,PASS,segments=0
SUPG-RT-all-selected B=5 s=3 K1_gap_limited no NaN,PASS,segments=0
SUPG-RT-all-selected B=5 s=3 K1_gap_limited nonnegative duration,PASS,segments=0
SUPG-RT-all-selected B=5 s=3 K2_gap_duration confirmed anchor,PASS,segments=0
SUPG-RT-all-selected B=5 s=3 K2_gap_duration no NaN,PASS,segments=0
SUPG-RT-all-selected B=5 s=3 K2_gap_duration nonnegative duration,PASS,segments=0
SUPG-RT-all-selected B=5 s=3 K2_gap_duration duration cap,PASS,D_seg_max=60.0
SUPG-RT-all-selected B=5 s=3 K3_gap_duration_negative_barrier confirmed anchor,PASS,segments=0
SUPG-RT-all-selected B=5 s=3 K3_gap_duration_negative_barrier no NaN,PASS,segments=0
SUPG-RT-all-selected B=5 s=3 K3_gap_duration_negative_barrier nonnegative duration,PASS,segments=0
SUPG-RT-all-selected B=5 s=3 K3_gap_duration_negative_barrier duration cap,PASS,D_seg_max=60.0
SUPG-RT-all-selected B=5 s=3 K3_gap_duration_negative_barrier negative barrier,PASS,negatives=5
SUPG-RT-all-selected B=5 s=3 K4_gap_duration_negative_barrier_selected_expand confirmed anchor,PASS,segments=0
SUPG-RT-all-selected B=5 s=3 K4_gap_duration_negative_barrier_selected_expand no NaN,PASS,segments=0
SUPG-RT-all-selected B=5 s=3 K4_gap_duration_negative_barrier_selected_expand nonnegative duration,PASS,segments=0
SUPG-RT-all-selected B=5 s=3 K4_gap_duration_negative_barrier_selected_expand duration cap,PASS,D_seg_max=60.0
SUPG-RT-all-selected B=5 s=3 K4_gap_duration_negative_barrier_selected_expand negative barrier,PASS,negatives=5
SUPG-RT-all-selected B=5 s=3 K4 expansion no unconfirmed seed,PASS,every segment contains queried positive anchor
SUPG-RT-all-selected B=5 s=4 oracle order,PASS,calls=5
SUPG-RT-all-selected B=5 s=4 calls <= budget,PASS,calls=5 budget=5
SUPG-RT-all-selected B=5 s=4 C6_full_EVENT_MATERIALIZE confirmed anchor,PASS,segments=0
SUPG-RT-all-selected B=5 s=4 C6_full_EVENT_MATERIALIZE no NaN,PASS,segments=0
SUPG-RT-all-selected B=5 s=4 C6_full_EVENT_MATERIALIZE nonnegative duration,PASS,segments=0
SUPG-RT-all-selected B=5 s=4 C6_full_EVENT_MATERIALIZE duration cap,PASS,D_seg_max=60.0
SUPG-RT-all-selected B=5 s=4 C6_full_EVENT_MATERIALIZE negative barrier,PASS,negatives=5
SUPG-RT-all-selected B=5 s=4 K0_naive_merge confirmed anchor,PASS,segments=0
SUPG-RT-all-selected B=5 s=4 K0_naive_merge no NaN,PASS,segments=0
SUPG-RT-all-selected B=5 s=4 K0_naive_merge nonnegative duration,PASS,segments=0
SUPG-RT-all-selected B=5 s=4 K1_gap_limited confirmed anchor,PASS,segments=0
SUPG-RT-all-selected B=5 s=4 K1_gap_limited no NaN,PASS,segments=0
SUPG-RT-all-selected B=5 s=4 K1_gap_limited nonnegative duration,PASS,segments=0
SUPG-RT-all-selected B=5 s=4 K2_gap_duration confirmed anchor,PASS,segments=0
SUPG-RT-all-selected B=5 s=4 K2_gap_duration no NaN,PASS,segments=0
SUPG-RT-all-selected B=5 s=4 K2_gap_duration nonnegative duration,PASS,segments=0
SUPG-RT-all-selected B=5 s=4 K2_gap_duration duration cap,PASS,D_seg_max=60.0
SUPG-RT-all-selected B=5 s=4 K3_gap_duration_negative_barrier confirmed anchor,PASS,segments=0
SUPG-RT-all-selected B=5 s=4 K3_gap_duration_negative_barrier no NaN,PASS,segments=0
SUPG-RT-all-selected B=5 s=4 K3_gap_duration_negative_barrier nonnegative duration,PASS,segments=0
SUPG-RT-all-selected B=5 s=4 K3_gap_duration_negative_barrier duration cap,PASS,D_seg_max=60.0
SUPG-RT-all-selected B=5 s=4 K3_gap_duration_negative_barrier negative barrier,PASS,negatives=5
SUPG-RT-all-selected B=5 s=4 K4_gap_duration_negative_barrier_selected_expand confirmed anchor,PASS,segments=0
SUPG-RT-all-selected B=5 s=4 K4_gap_duration_negative_barrier_selected_expand no NaN,PASS,segments=0
SUPG-RT-all-selected B=5 s=4 K4_gap_duration_negative_barrier_selected_expand nonnegative duration,PASS,segments=0
SUPG-RT-all-selected B=5 s=4 K4_gap_duration_negative_barrier_selected_expand duration cap,PASS,D_seg_max=60.0
SUPG-RT-all-selected B=5 s=4 K4_gap_duration_negative_barrier_selected_expand negative barrier,PASS,negatives=5
SUPG-RT-all-selected B=5 s=4 K4 expansion no unconfirmed seed,PASS,every segment contains queried positive anchor
SUPG-RT-all-selected B=80 s=0 oracle order,PASS,calls=59
SUPG-RT-all-selected B=80 s=0 calls <= budget,PASS,calls=59 budget=80
SUPG-RT-all-selected B=80 s=0 C6_full_EVENT_MATERIALIZE confirmed anchor,PASS,segments=14
SUPG-RT-all-selected B=80 s=0 C6_full_EVENT_MATERIALIZE no NaN,PASS,segments=14
SUPG-RT-all-selected B=80 s=0 C6_full_EVENT_MATERIALIZE nonnegative duration,PASS,segments=14
SUPG-RT-all-selected B=80 s=0 C6_full_EVENT_MATERIALIZE duration cap,PASS,D_seg_max=60.0
SUPG-RT-all-selected B=80 s=0 C6_full_EVENT_MATERIALIZE negative barrier,PASS,negatives=42
SUPG-RT-all-selected B=80 s=0 K0_naive_merge confirmed anchor,PASS,segments=1
SUPG-RT-all-selected B=80 s=0 K0_naive_merge no NaN,PASS,segments=1
SUPG-RT-all-selected B=80 s=0 K0_naive_merge nonnegative duration,PASS,segments=1
SUPG-RT-all-selected B=80 s=0 K1_gap_limited confirmed anchor,PASS,segments=12
SUPG-RT-all-selected B=80 s=0 K1_gap_limited no NaN,PASS,segments=12
SUPG-RT-all-selected B=80 s=0 K1_gap_limited nonnegative duration,PASS,segments=12
SUPG-RT-all-selected B=80 s=0 K2_gap_duration confirmed anchor,PASS,segments=12
SUPG-RT-all-selected B=80 s=0 K2_gap_duration no NaN,PASS,segments=12
SUPG-RT-all-selected B=80 s=0 K2_gap_duration nonnegative duration,PASS,segments=12
SUPG-RT-all-selected B=80 s=0 K2_gap_duration duration cap,PASS,D_seg_max=60.0
SUPG-RT-all-selected B=80 s=0 K3_gap_duration_negative_barrier confirmed anchor,PASS,segments=14
SUPG-RT-all-selected B=80 s=0 K3_gap_duration_negative_barrier no NaN,PASS,segments=14
SUPG-RT-all-selected B=80 s=0 K3_gap_duration_negative_barrier nonnegative duration,PASS,segments=14
SUPG-RT-all-selected B=80 s=0 K3_gap_duration_negative_barrier duration cap,PASS,D_seg_max=60.0
SUPG-RT-all-selected B=80 s=0 K3_gap_duration_negative_barrier negative barrier,PASS,negatives=42
SUPG-RT-all-selected B=80 s=0 K4_gap_duration_negative_barrier_selected_expand confirmed anchor,PASS,segments=14
SUPG-RT-all-selected B=80 s=0 K4_gap_duration_negative_barrier_selected_expand no NaN,PASS,segments=14
SUPG-RT-all-selected B=80 s=0 K4_gap_duration_negative_barrier_selected_expand nonnegative duration,PASS,segments=14
SUPG-RT-all-selected B=80 s=0 K4_gap_duration_negative_barrier_selected_expand duration cap,PASS,D_seg_max=60.0
SUPG-RT-all-selected B=80 s=0 K4_gap_duration_negative_barrier_selected_expand negative barrier,PASS,negatives=42
SUPG-RT-all-selected B=80 s=0 K4 expansion no unconfirmed seed,PASS,every segment contains queried positive anchor
SUPG-RT-all-selected B=80 s=1 oracle order,PASS,calls=56
SUPG-RT-all-selected B=80 s=1 calls <= budget,PASS,calls=56 budget=80
SUPG-RT-all-selected B=80 s=1 C6_full_EVENT_MATERIALIZE confirmed anchor,PASS,segments=12
SUPG-RT-all-selected B=80 s=1 C6_full_EVENT_MATERIALIZE no NaN,PASS,segments=12
SUPG-RT-all-selected B=80 s=1 C6_full_EVENT_MATERIALIZE nonnegative duration,PASS,segments=12
SUPG-RT-all-selected B=80 s=1 C6_full_EVENT_MATERIALIZE duration cap,PASS,D_seg_max=60.0
SUPG-RT-all-selected B=80 s=1 C6_full_EVENT_MATERIALIZE negative barrier,PASS,negatives=37
SUPG-RT-all-selected B=80 s=1 K0_naive_merge confirmed anchor,PASS,segments=1
SUPG-RT-all-selected B=80 s=1 K0_naive_merge no NaN,PASS,segments=1
SUPG-RT-all-selected B=80 s=1 K0_naive_merge nonnegative duration,PASS,segments=1
SUPG-RT-all-selected B=80 s=1 K1_gap_limited confirmed anchor,PASS,segments=10
SUPG-RT-all-selected B=80 s=1 K1_gap_limited no NaN,PASS,segments=10
SUPG-RT-all-selected B=80 s=1 K1_gap_limited nonnegative duration,PASS,segments=10
SUPG-RT-all-selected B=80 s=1 K2_gap_duration confirmed anchor,PASS,segments=11
SUPG-RT-all-selected B=80 s=1 K2_gap_duration no NaN,PASS,segments=11
SUPG-RT-all-selected B=80 s=1 K2_gap_duration nonnegative duration,PASS,segments=11
SUPG-RT-all-selected B=80 s=1 K2_gap_duration duration cap,PASS,D_seg_max=60.0
SUPG-RT-all-selected B=80 s=1 K3_gap_duration_negative_barrier confirmed anchor,PASS,segments=12
SUPG-RT-all-selected B=80 s=1 K3_gap_duration_negative_barrier no NaN,PASS,segments=12
SUPG-RT-all-selected B=80 s=1 K3_gap_duration_negative_barrier nonnegative duration,PASS,segments=12
SUPG-RT-all-selected B=80 s=1 K3_gap_duration_negative_barrier duration cap,PASS,D_seg_max=60.0
SUPG-RT-all-selected B=80 s=1 K3_gap_duration_negative_barrier negative barrier,PASS,negatives=37
SUPG-RT-all-selected B=80 s=1 K4_gap_duration_negative_barrier_selected_expand confirmed anchor,PASS,segments=12
SUPG-RT-all-selected B=80 s=1 K4_gap_duration_negative_barrier_selected_expand no NaN,PASS,segments=12
SUPG-RT-all-selected B=80 s=1 K4_gap_duration_negative_barrier_selected_expand nonnegative duration,PASS,segments=12
SUPG-RT-all-selected B=80 s=1 K4_gap_duration_negative_barrier_selected_expand duration cap,PASS,D_seg_max=60.0
SUPG-RT-all-selected B=80 s=1 K4_gap_duration_negative_barrier_selected_expand negative barrier,PASS,negatives=37
SUPG-RT-all-selected B=80 s=1 K4 expansion no unconfirmed seed,PASS,every segment contains queried positive anchor
SUPG-RT-all-selected B=80 s=2 oracle order,PASS,calls=63
SUPG-RT-all-selected B=80 s=2 calls <= budget,PASS,calls=63 budget=80
SUPG-RT-all-selected B=80 s=2 C6_full_EVENT_MATERIALIZE confirmed anchor,PASS,segments=13
SUPG-RT-all-selected B=80 s=2 C6_full_EVENT_MATERIALIZE no NaN,PASS,segments=13
SUPG-RT-all-selected B=80 s=2 C6_full_EVENT_MATERIALIZE nonnegative duration,PASS,segments=13
SUPG-RT-all-selected B=80 s=2 C6_full_EVENT_MATERIALIZE duration cap,PASS,D_seg_max=60.0
SUPG-RT-all-selected B=80 s=2 C6_full_EVENT_MATERIALIZE negative barrier,PASS,negatives=41
SUPG-RT-all-selected B=80 s=2 K0_naive_merge confirmed anchor,PASS,segments=1
SUPG-RT-all-selected B=80 s=2 K0_naive_merge no NaN,PASS,segments=1
SUPG-RT-all-selected B=80 s=2 K0_naive_merge nonnegative duration,PASS,segments=1
SUPG-RT-all-selected B=80 s=2 K1_gap_limited confirmed anchor,PASS,segments=9
SUPG-RT-all-selected B=80 s=2 K1_gap_limited no NaN,PASS,segments=9
SUPG-RT-all-selected B=80 s=2 K1_gap_limited nonnegative duration,PASS,segments=9
SUPG-RT-all-selected B=80 s=2 K2_gap_duration confirmed anchor,PASS,segments=12
SUPG-RT-all-selected B=80 s=2 K2_gap_duration no NaN,PASS,segments=12
SUPG-RT-all-selected B=80 s=2 K2_gap_duration nonnegative duration,PASS,segments=12
SUPG-RT-all-selected B=80 s=2 K2_gap_duration duration cap,PASS,D_seg_max=60.0
SUPG-RT-all-selected B=80 s=2 K3_gap_duration_negative_barrier confirmed anchor,PASS,segments=13
SUPG-RT-all-selected B=80 s=2 K3_gap_duration_negative_barrier no NaN,PASS,segments=13
SUPG-RT-all-selected B=80 s=2 K3_gap_duration_negative_barrier nonnegative duration,PASS,segments=13
SUPG-RT-all-selected B=80 s=2 K3_gap_duration_negative_barrier duration cap,PASS,D_seg_max=60.0
SUPG-RT-all-selected B=80 s=2 K3_gap_duration_negative_barrier negative barrier,PASS,negatives=41
SUPG-RT-all-selected B=80 s=2 K4_gap_duration_negative_barrier_selected_expand confirmed anchor,PASS,segments=13
SUPG-RT-all-selected B=80 s=2 K4_gap_duration_negative_barrier_selected_expand no NaN,PASS,segments=13
SUPG-RT-all-selected B=80 s=2 K4_gap_duration_negative_barrier_selected_expand nonnegative duration,PASS,segments=13
SUPG-RT-all-selected B=80 s=2 K4_gap_duration_negative_barrier_selected_expand duration cap,PASS,D_seg_max=60.0
SUPG-RT-all-selected B=80 s=2 K4_gap_duration_negative_barrier_selected_expand negative barrier,PASS,negatives=41
SUPG-RT-all-selected B=80 s=2 K4 expansion no unconfirmed seed,PASS,every segment contains queried positive anchor
SUPG-RT-all-selected B=80 s=3 oracle order,PASS,calls=54
SUPG-RT-all-selected B=80 s=3 calls <= budget,PASS,calls=54 budget=80
SUPG-RT-all-selected B=80 s=3 C6_full_EVENT_MATERIALIZE confirmed anchor,PASS,segments=10
SUPG-RT-all-selected B=80 s=3 C6_full_EVENT_MATERIALIZE no NaN,PASS,segments=10
SUPG-RT-all-selected B=80 s=3 C6_full_EVENT_MATERIALIZE nonnegative duration,PASS,segments=10
SUPG-RT-all-selected B=80 s=3 C6_full_EVENT_MATERIALIZE duration cap,PASS,D_seg_max=60.0
SUPG-RT-all-selected B=80 s=3 C6_full_EVENT_MATERIALIZE negative barrier,PASS,negatives=41
SUPG-RT-all-selected B=80 s=3 K0_naive_merge confirmed anchor,PASS,segments=1
SUPG-RT-all-selected B=80 s=3 K0_naive_merge no NaN,PASS,segments=1
SUPG-RT-all-selected B=80 s=3 K0_naive_merge nonnegative duration,PASS,segments=1
SUPG-RT-all-selected B=80 s=3 K1_gap_limited confirmed anchor,PASS,segments=10
SUPG-RT-all-selected B=80 s=3 K1_gap_limited no NaN,PASS,segments=10
SUPG-RT-all-selected B=80 s=3 K1_gap_limited nonnegative duration,PASS,segments=10
SUPG-RT-all-selected B=80 s=3 K2_gap_duration confirmed anchor,PASS,segments=10
SUPG-RT-all-selected B=80 s=3 K2_gap_duration no NaN,PASS,segments=10
SUPG-RT-all-selected B=80 s=3 K2_gap_duration nonnegative duration,PASS,segments=10
SUPG-RT-all-selected B=80 s=3 K2_gap_duration duration cap,PASS,D_seg_max=60.0
SUPG-RT-all-selected B=80 s=3 K3_gap_duration_negative_barrier confirmed anchor,PASS,segments=10
SUPG-RT-all-selected B=80 s=3 K3_gap_duration_negative_barrier no NaN,PASS,segments=10
SUPG-RT-all-selected B=80 s=3 K3_gap_duration_negative_barrier nonnegative duration,PASS,segments=10
SUPG-RT-all-selected B=80 s=3 K3_gap_duration_negative_barrier duration cap,PASS,D_seg_max=60.0
SUPG-RT-all-selected B=80 s=3 K3_gap_duration_negative_barrier negative barrier,PASS,negatives=41
SUPG-RT-all-selected B=80 s=3 K4_gap_duration_negative_barrier_selected_expand confirmed anchor,PASS,segments=10
SUPG-RT-all-selected B=80 s=3 K4_gap_duration_negative_barrier_selected_expand no NaN,PASS,segments=10
SUPG-RT-all-selected B=80 s=3 K4_gap_duration_negative_barrier_selected_expand nonnegative duration,PASS,segments=10
SUPG-RT-all-selected B=80 s=3 K4_gap_duration_negative_barrier_selected_expand duration cap,PASS,D_seg_max=60.0
SUPG-RT-all-selected B=80 s=3 K4_gap_duration_negative_barrier_selected_expand negative barrier,PASS,negatives=41
SUPG-RT-all-selected B=80 s=3 K4 expansion no unconfirmed seed,PASS,every segment contains queried positive anchor
SUPG-RT-all-selected B=80 s=4 oracle order,PASS,calls=56
SUPG-RT-all-selected B=80 s=4 calls <= budget,PASS,calls=56 budget=80
SUPG-RT-all-selected B=80 s=4 C6_full_EVENT_MATERIALIZE confirmed anchor,PASS,segments=10
SUPG-RT-all-selected B=80 s=4 C6_full_EVENT_MATERIALIZE no NaN,PASS,segments=10
SUPG-RT-all-selected B=80 s=4 C6_full_EVENT_MATERIALIZE nonnegative duration,PASS,segments=10
SUPG-RT-all-selected B=80 s=4 C6_full_EVENT_MATERIALIZE duration cap,PASS,D_seg_max=60.0
SUPG-RT-all-selected B=80 s=4 C6_full_EVENT_MATERIALIZE negative barrier,PASS,negatives=41
SUPG-RT-all-selected B=80 s=4 K0_naive_merge confirmed anchor,PASS,segments=1
SUPG-RT-all-selected B=80 s=4 K0_naive_merge no NaN,PASS,segments=1
SUPG-RT-all-selected B=80 s=4 K0_naive_merge nonnegative duration,PASS,segments=1
SUPG-RT-all-selected B=80 s=4 K1_gap_limited confirmed anchor,PASS,segments=8
SUPG-RT-all-selected B=80 s=4 K1_gap_limited no NaN,PASS,segments=8
SUPG-RT-all-selected B=80 s=4 K1_gap_limited nonnegative duration,PASS,segments=8
SUPG-RT-all-selected B=80 s=4 K2_gap_duration confirmed anchor,PASS,segments=10
SUPG-RT-all-selected B=80 s=4 K2_gap_duration no NaN,PASS,segments=10
SUPG-RT-all-selected B=80 s=4 K2_gap_duration nonnegative duration,PASS,segments=10
SUPG-RT-all-selected B=80 s=4 K2_gap_duration duration cap,PASS,D_seg_max=60.0
SUPG-RT-all-selected B=80 s=4 K3_gap_duration_negative_barrier confirmed anchor,PASS,segments=10
SUPG-RT-all-selected B=80 s=4 K3_gap_duration_negative_barrier no NaN,PASS,segments=10
SUPG-RT-all-selected B=80 s=4 K3_gap_duration_negative_barrier nonnegative duration,PASS,segments=10
SUPG-RT-all-selected B=80 s=4 K3_gap_duration_negative_barrier duration cap,PASS,D_seg_max=60.0
SUPG-RT-all-selected B=80 s=4 K3_gap_duration_negative_barrier negative barrier,PASS,negatives=41
SUPG-RT-all-selected B=80 s=4 K4_gap_duration_negative_barrier_selected_expand confirmed anchor,PASS,segments=10
SUPG-RT-all-selected B=80 s=4 K4_gap_duration_negative_barrier_selected_expand no NaN,PASS,segments=10
SUPG-RT-all-selected B=80 s=4 K4_gap_duration_negative_barrier_selected_expand nonnegative duration,PASS,segments=10
SUPG-RT-all-selected B=80 s=4 K4_gap_duration_negative_barrier_selected_expand duration cap,PASS,D_seg_max=60.0
SUPG-RT-all-selected B=80 s=4 K4_gap_duration_negative_barrier_selected_expand negative barrier,PASS,negatives=41
SUPG-RT-all-selected B=80 s=4 K4 expansion no unconfirmed seed,PASS,every segment contains queried positive anchor
SUPG-RT-confirmed-only B=100 s=0 oracle order,PASS,calls=67
SUPG-RT-confirmed-only B=100 s=0 calls <= budget,PASS,calls=67 budget=100
SUPG-RT-confirmed-only B=100 s=0 C6_full_EVENT_MATERIALIZE confirmed anchor,PASS,segments=15
SUPG-RT-confirmed-only B=100 s=0 C6_full_EVENT_MATERIALIZE no NaN,PASS,segments=15
SUPG-RT-confirmed-only B=100 s=0 C6_full_EVENT_MATERIALIZE nonnegative duration,PASS,segments=15
SUPG-RT-confirmed-only B=100 s=0 C6_full_EVENT_MATERIALIZE duration cap,PASS,D_seg_max=60.0
SUPG-RT-confirmed-only B=100 s=0 C6_full_EVENT_MATERIALIZE negative barrier,PASS,negatives=49
SUPG-RT-confirmed-only B=100 s=0 K0_naive_merge confirmed anchor,PASS,segments=1
SUPG-RT-confirmed-only B=100 s=0 K0_naive_merge no NaN,PASS,segments=1
SUPG-RT-confirmed-only B=100 s=0 K0_naive_merge nonnegative duration,PASS,segments=1
SUPG-RT-confirmed-only B=100 s=0 K1_gap_limited confirmed anchor,PASS,segments=13
SUPG-RT-confirmed-only B=100 s=0 K1_gap_limited no NaN,PASS,segments=13
SUPG-RT-confirmed-only B=100 s=0 K1_gap_limited nonnegative duration,PASS,segments=13
SUPG-RT-confirmed-only B=100 s=0 K2_gap_duration confirmed anchor,PASS,segments=13
SUPG-RT-confirmed-only B=100 s=0 K2_gap_duration no NaN,PASS,segments=13
SUPG-RT-confirmed-only B=100 s=0 K2_gap_duration nonnegative duration,PASS,segments=13
SUPG-RT-confirmed-only B=100 s=0 K2_gap_duration duration cap,PASS,D_seg_max=60.0
SUPG-RT-confirmed-only B=100 s=0 K3_gap_duration_negative_barrier confirmed anchor,PASS,segments=15
SUPG-RT-confirmed-only B=100 s=0 K3_gap_duration_negative_barrier no NaN,PASS,segments=15
SUPG-RT-confirmed-only B=100 s=0 K3_gap_duration_negative_barrier nonnegative duration,PASS,segments=15
SUPG-RT-confirmed-only B=100 s=0 K3_gap_duration_negative_barrier duration cap,PASS,D_seg_max=60.0
SUPG-RT-confirmed-only B=100 s=0 K3_gap_duration_negative_barrier negative barrier,PASS,negatives=49
SUPG-RT-confirmed-only B=100 s=0 K4_gap_duration_negative_barrier_selected_expand confirmed anchor,PASS,segments=15
SUPG-RT-confirmed-only B=100 s=0 K4_gap_duration_negative_barrier_selected_expand no NaN,PASS,segments=15
SUPG-RT-confirmed-only B=100 s=0 K4_gap_duration_negative_barrier_selected_expand nonnegative duration,PASS,segments=15
SUPG-RT-confirmed-only B=100 s=0 K4_gap_duration_negative_barrier_selected_expand duration cap,PASS,D_seg_max=60.0
SUPG-RT-confirmed-only B=100 s=0 K4_gap_duration_negative_barrier_selected_expand negative barrier,PASS,negatives=49
SUPG-RT-confirmed-only B=100 s=0 K4 expansion no unconfirmed seed,PASS,every segment contains queried positive anchor
SUPG-RT-confirmed-only B=100 s=1 oracle order,PASS,calls=65
SUPG-RT-confirmed-only B=100 s=1 calls <= budget,PASS,calls=65 budget=100
SUPG-RT-confirmed-only B=100 s=1 C6_full_EVENT_MATERIALIZE confirmed anchor,PASS,segments=12
SUPG-RT-confirmed-only B=100 s=1 C6_full_EVENT_MATERIALIZE no NaN,PASS,segments=12
SUPG-RT-confirmed-only B=100 s=1 C6_full_EVENT_MATERIALIZE nonnegative duration,PASS,segments=12
SUPG-RT-confirmed-only B=100 s=1 C6_full_EVENT_MATERIALIZE duration cap,PASS,D_seg_max=60.0
SUPG-RT-confirmed-only B=100 s=1 C6_full_EVENT_MATERIALIZE negative barrier,PASS,negatives=44
SUPG-RT-confirmed-only B=100 s=1 K0_naive_merge confirmed anchor,PASS,segments=1
SUPG-RT-confirmed-only B=100 s=1 K0_naive_merge no NaN,PASS,segments=1
SUPG-RT-confirmed-only B=100 s=1 K0_naive_merge nonnegative duration,PASS,segments=1
SUPG-RT-confirmed-only B=100 s=1 K1_gap_limited confirmed anchor,PASS,segments=10
SUPG-RT-confirmed-only B=100 s=1 K1_gap_limited no NaN,PASS,segments=10
SUPG-RT-confirmed-only B=100 s=1 K1_gap_limited nonnegative duration,PASS,segments=10
SUPG-RT-confirmed-only B=100 s=1 K2_gap_duration confirmed anchor,PASS,segments=11
SUPG-RT-confirmed-only B=100 s=1 K2_gap_duration no NaN,PASS,segments=11
SUPG-RT-confirmed-only B=100 s=1 K2_gap_duration nonnegative duration,PASS,segments=11
SUPG-RT-confirmed-only B=100 s=1 K2_gap_duration duration cap,PASS,D_seg_max=60.0
SUPG-RT-confirmed-only B=100 s=1 K3_gap_duration_negative_barrier confirmed anchor,PASS,segments=12
SUPG-RT-confirmed-only B=100 s=1 K3_gap_duration_negative_barrier no NaN,PASS,segments=12
SUPG-RT-confirmed-only B=100 s=1 K3_gap_duration_negative_barrier nonnegative duration,PASS,segments=12
SUPG-RT-confirmed-only B=100 s=1 K3_gap_duration_negative_barrier duration cap,PASS,D_seg_max=60.0
SUPG-RT-confirmed-only B=100 s=1 K3_gap_duration_negative_barrier negative barrier,PASS,negatives=44
SUPG-RT-confirmed-only B=100 s=1 K4_gap_duration_negative_barrier_selected_expand confirmed anchor,PASS,segments=12
SUPG-RT-confirmed-only B=100 s=1 K4_gap_duration_negative_barrier_selected_expand no NaN,PASS,segments=12
SUPG-RT-confirmed-only B=100 s=1 K4_gap_duration_negative_barrier_selected_expand nonnegative duration,PASS,segments=12
SUPG-RT-confirmed-only B=100 s=1 K4_gap_duration_negative_barrier_selected_expand duration cap,PASS,D_seg_max=60.0
SUPG-RT-confirmed-only B=100 s=1 K4_gap_duration_negative_barrier_selected_expand negative barrier,PASS,negatives=44
SUPG-RT-confirmed-only B=100 s=1 K4 expansion no unconfirmed seed,PASS,every segment contains queried positive anchor
SUPG-RT-confirmed-only B=100 s=2 oracle order,PASS,calls=69
SUPG-RT-confirmed-only B=100 s=2 calls <= budget,PASS,calls=69 budget=100
SUPG-RT-confirmed-only B=100 s=2 C6_full_EVENT_MATERIALIZE confirmed anchor,PASS,segments=14
SUPG-RT-confirmed-only B=100 s=2 C6_full_EVENT_MATERIALIZE no NaN,PASS,segments=14
SUPG-RT-confirmed-only B=100 s=2 C6_full_EVENT_MATERIALIZE nonnegative duration,PASS,segments=14
SUPG-RT-confirmed-only B=100 s=2 C6_full_EVENT_MATERIALIZE duration cap,PASS,D_seg_max=60.0
SUPG-RT-confirmed-only B=100 s=2 C6_full_EVENT_MATERIALIZE negative barrier,PASS,negatives=46
SUPG-RT-confirmed-only B=100 s=2 K0_naive_merge confirmed anchor,PASS,segments=1
SUPG-RT-confirmed-only B=100 s=2 K0_naive_merge no NaN,PASS,segments=1
SUPG-RT-confirmed-only B=100 s=2 K0_naive_merge nonnegative duration,PASS,segments=1
SUPG-RT-confirmed-only B=100 s=2 K1_gap_limited confirmed anchor,PASS,segments=10
SUPG-RT-confirmed-only B=100 s=2 K1_gap_limited no NaN,PASS,segments=10
SUPG-RT-confirmed-only B=100 s=2 K1_gap_limited nonnegative duration,PASS,segments=10
SUPG-RT-confirmed-only B=100 s=2 K2_gap_duration confirmed anchor,PASS,segments=13
SUPG-RT-confirmed-only B=100 s=2 K2_gap_duration no NaN,PASS,segments=13
SUPG-RT-confirmed-only B=100 s=2 K2_gap_duration nonnegative duration,PASS,segments=13
SUPG-RT-confirmed-only B=100 s=2 K2_gap_duration duration cap,PASS,D_seg_max=60.0
SUPG-RT-confirmed-only B=100 s=2 K3_gap_duration_negative_barrier confirmed anchor,PASS,segments=14
SUPG-RT-confirmed-only B=100 s=2 K3_gap_duration_negative_barrier no NaN,PASS,segments=14
SUPG-RT-confirmed-only B=100 s=2 K3_gap_duration_negative_barrier nonnegative duration,PASS,segments=14
SUPG-RT-confirmed-only B=100 s=2 K3_gap_duration_negative_barrier duration cap,PASS,D_seg_max=60.0
SUPG-RT-confirmed-only B=100 s=2 K3_gap_duration_negative_barrier negative barrier,PASS,negatives=46
SUPG-RT-confirmed-only B=100 s=2 K4_gap_duration_negative_barrier_selected_expand confirmed anchor,PASS,segments=14
SUPG-RT-confirmed-only B=100 s=2 K4_gap_duration_negative_barrier_selected_expand no NaN,PASS,segments=14
SUPG-RT-confirmed-only B=100 s=2 K4_gap_duration_negative_barrier_selected_expand nonnegative duration,PASS,segments=14
SUPG-RT-confirmed-only B=100 s=2 K4_gap_duration_negative_barrier_selected_expand duration cap,PASS,D_seg_max=60.0
SUPG-RT-confirmed-only B=100 s=2 K4_gap_duration_negative_barrier_selected_expand negative barrier,PASS,negatives=46
SUPG-RT-confirmed-only B=100 s=2 K4 expansion no unconfirmed seed,PASS,every segment contains queried positive anchor
SUPG-RT-confirmed-only B=100 s=3 oracle order,PASS,calls=64
SUPG-RT-confirmed-only B=100 s=3 calls <= budget,PASS,calls=64 budget=100
SUPG-RT-confirmed-only B=100 s=3 C6_full_EVENT_MATERIALIZE confirmed anchor,PASS,segments=11
SUPG-RT-confirmed-only B=100 s=3 C6_full_EVENT_MATERIALIZE no NaN,PASS,segments=11
SUPG-RT-confirmed-only B=100 s=3 C6_full_EVENT_MATERIALIZE nonnegative duration,PASS,segments=11
SUPG-RT-confirmed-only B=100 s=3 C6_full_EVENT_MATERIALIZE duration cap,PASS,D_seg_max=60.0
SUPG-RT-confirmed-only B=100 s=3 C6_full_EVENT_MATERIALIZE negative barrier,PASS,negatives=50
SUPG-RT-confirmed-only B=100 s=3 K0_naive_merge confirmed anchor,PASS,segments=1
SUPG-RT-confirmed-only B=100 s=3 K0_naive_merge no NaN,PASS,segments=1
SUPG-RT-confirmed-only B=100 s=3 K0_naive_merge nonnegative duration,PASS,segments=1
SUPG-RT-confirmed-only B=100 s=3 K1_gap_limited confirmed anchor,PASS,segments=11
SUPG-RT-confirmed-only B=100 s=3 K1_gap_limited no NaN,PASS,segments=11
SUPG-RT-confirmed-only B=100 s=3 K1_gap_limited nonnegative duration,PASS,segments=11
SUPG-RT-confirmed-only B=100 s=3 K2_gap_duration confirmed anchor,PASS,segments=11
SUPG-RT-confirmed-only B=100 s=3 K2_gap_duration no NaN,PASS,segments=11
SUPG-RT-confirmed-only B=100 s=3 K2_gap_duration nonnegative duration,PASS,segments=11
SUPG-RT-confirmed-only B=100 s=3 K2_gap_duration duration cap,PASS,D_seg_max=60.0
SUPG-RT-confirmed-only B=100 s=3 K3_gap_duration_negative_barrier confirmed anchor,PASS,segments=11
SUPG-RT-confirmed-only B=100 s=3 K3_gap_duration_negative_barrier no NaN,PASS,segments=11
SUPG-RT-confirmed-only B=100 s=3 K3_gap_duration_negative_barrier nonnegative duration,PASS,segments=11
SUPG-RT-confirmed-only B=100 s=3 K3_gap_duration_negative_barrier duration cap,PASS,D_seg_max=60.0
SUPG-RT-confirmed-only B=100 s=3 K3_gap_duration_negative_barrier negative barrier,PASS,negatives=50
SUPG-RT-confirmed-only B=100 s=3 K4_gap_duration_negative_barrier_selected_expand confirmed anchor,PASS,segments=11
SUPG-RT-confirmed-only B=100 s=3 K4_gap_duration_negative_barrier_selected_expand no NaN,PASS,segments=11
SUPG-RT-confirmed-only B=100 s=3 K4_gap_duration_negative_barrier_selected_expand nonnegative duration,PASS,segments=11
SUPG-RT-confirmed-only B=100 s=3 K4_gap_duration_negative_barrier_selected_expand duration cap,PASS,D_seg_max=60.0
SUPG-RT-confirmed-only B=100 s=3 K4_gap_duration_negative_barrier_selected_expand negative barrier,PASS,negatives=50
SUPG-RT-confirmed-only B=100 s=3 K4 expansion no unconfirmed seed,PASS,every segment contains queried positive anchor
SUPG-RT-confirmed-only B=100 s=4 oracle order,PASS,calls=66
SUPG-RT-confirmed-only B=100 s=4 calls <= budget,PASS,calls=66 budget=100
SUPG-RT-confirmed-only B=100 s=4 C6_full_EVENT_MATERIALIZE confirmed anchor,PASS,segments=10
SUPG-RT-confirmed-only B=100 s=4 C6_full_EVENT_MATERIALIZE no NaN,PASS,segments=10
SUPG-RT-confirmed-only B=100 s=4 C6_full_EVENT_MATERIALIZE nonnegative duration,PASS,segments=10
SUPG-RT-confirmed-only B=100 s=4 C6_full_EVENT_MATERIALIZE duration cap,PASS,D_seg_max=60.0
SUPG-RT-confirmed-only B=100 s=4 C6_full_EVENT_MATERIALIZE negative barrier,PASS,negatives=50
SUPG-RT-confirmed-only B=100 s=4 K0_naive_merge confirmed anchor,PASS,segments=1
SUPG-RT-confirmed-only B=100 s=4 K0_naive_merge no NaN,PASS,segments=1
SUPG-RT-confirmed-only B=100 s=4 K0_naive_merge nonnegative duration,PASS,segments=1
SUPG-RT-confirmed-only B=100 s=4 K1_gap_limited confirmed anchor,PASS,segments=8
SUPG-RT-confirmed-only B=100 s=4 K1_gap_limited no NaN,PASS,segments=8
SUPG-RT-confirmed-only B=100 s=4 K1_gap_limited nonnegative duration,PASS,segments=8
SUPG-RT-confirmed-only B=100 s=4 K2_gap_duration confirmed anchor,PASS,segments=10
SUPG-RT-confirmed-only B=100 s=4 K2_gap_duration no NaN,PASS,segments=10
SUPG-RT-confirmed-only B=100 s=4 K2_gap_duration nonnegative duration,PASS,segments=10
SUPG-RT-confirmed-only B=100 s=4 K2_gap_duration duration cap,PASS,D_seg_max=60.0
SUPG-RT-confirmed-only B=100 s=4 K3_gap_duration_negative_barrier confirmed anchor,PASS,segments=10
SUPG-RT-confirmed-only B=100 s=4 K3_gap_duration_negative_barrier no NaN,PASS,segments=10
SUPG-RT-confirmed-only B=100 s=4 K3_gap_duration_negative_barrier nonnegative duration,PASS,segments=10
SUPG-RT-confirmed-only B=100 s=4 K3_gap_duration_negative_barrier duration cap,PASS,D_seg_max=60.0
SUPG-RT-confirmed-only B=100 s=4 K3_gap_duration_negative_barrier negative barrier,PASS,negatives=50
SUPG-RT-confirmed-only B=100 s=4 K4_gap_duration_negative_barrier_selected_expand confirmed anchor,PASS,segments=10
SUPG-RT-confirmed-only B=100 s=4 K4_gap_duration_negative_barrier_selected_expand no NaN,PASS,segments=10
SUPG-RT-confirmed-only B=100 s=4 K4_gap_duration_negative_barrier_selected_expand nonnegative duration,PASS,segments=10
SUPG-RT-confirmed-only B=100 s=4 K4_gap_duration_negative_barrier_selected_expand duration cap,PASS,D_seg_max=60.0
SUPG-RT-confirmed-only B=100 s=4 K4_gap_duration_negative_barrier_selected_expand negative barrier,PASS,negatives=50
SUPG-RT-confirmed-only B=100 s=4 K4 expansion no unconfirmed seed,PASS,every segment contains queried positive anchor
SUPG-RT-confirmed-only B=10 s=0 oracle order,PASS,calls=10
SUPG-RT-confirmed-only B=10 s=0 calls <= budget,PASS,calls=10 budget=10
SUPG-RT-confirmed-only B=10 s=0 C6_full_EVENT_MATERIALIZE confirmed anchor,PASS,segments=0
SUPG-RT-confirmed-only B=10 s=0 C6_full_EVENT_MATERIALIZE no NaN,PASS,segments=0
SUPG-RT-confirmed-only B=10 s=0 C6_full_EVENT_MATERIALIZE nonnegative duration,PASS,segments=0
SUPG-RT-confirmed-only B=10 s=0 C6_full_EVENT_MATERIALIZE duration cap,PASS,D_seg_max=60.0
SUPG-RT-confirmed-only B=10 s=0 C6_full_EVENT_MATERIALIZE negative barrier,PASS,negatives=10
SUPG-RT-confirmed-only B=10 s=0 K0_naive_merge confirmed anchor,PASS,segments=0
SUPG-RT-confirmed-only B=10 s=0 K0_naive_merge no NaN,PASS,segments=0
SUPG-RT-confirmed-only B=10 s=0 K0_naive_merge nonnegative duration,PASS,segments=0
SUPG-RT-confirmed-only B=10 s=0 K1_gap_limited confirmed anchor,PASS,segments=0
SUPG-RT-confirmed-only B=10 s=0 K1_gap_limited no NaN,PASS,segments=0
SUPG-RT-confirmed-only B=10 s=0 K1_gap_limited nonnegative duration,PASS,segments=0
SUPG-RT-confirmed-only B=10 s=0 K2_gap_duration confirmed anchor,PASS,segments=0
SUPG-RT-confirmed-only B=10 s=0 K2_gap_duration no NaN,PASS,segments=0
SUPG-RT-confirmed-only B=10 s=0 K2_gap_duration nonnegative duration,PASS,segments=0
SUPG-RT-confirmed-only B=10 s=0 K2_gap_duration duration cap,PASS,D_seg_max=60.0
SUPG-RT-confirmed-only B=10 s=0 K3_gap_duration_negative_barrier confirmed anchor,PASS,segments=0
SUPG-RT-confirmed-only B=10 s=0 K3_gap_duration_negative_barrier no NaN,PASS,segments=0
SUPG-RT-confirmed-only B=10 s=0 K3_gap_duration_negative_barrier nonnegative duration,PASS,segments=0
SUPG-RT-confirmed-only B=10 s=0 K3_gap_duration_negative_barrier duration cap,PASS,D_seg_max=60.0
SUPG-RT-confirmed-only B=10 s=0 K3_gap_duration_negative_barrier negative barrier,PASS,negatives=10
SUPG-RT-confirmed-only B=10 s=0 K4_gap_duration_negative_barrier_selected_expand confirmed anchor,PASS,segments=0
SUPG-RT-confirmed-only B=10 s=0 K4_gap_duration_negative_barrier_selected_expand no NaN,PASS,segments=0
SUPG-RT-confirmed-only B=10 s=0 K4_gap_duration_negative_barrier_selected_expand nonnegative duration,PASS,segments=0
SUPG-RT-confirmed-only B=10 s=0 K4_gap_duration_negative_barrier_selected_expand duration cap,PASS,D_seg_max=60.0
SUPG-RT-confirmed-only B=10 s=0 K4_gap_duration_negative_barrier_selected_expand negative barrier,PASS,negatives=10
SUPG-RT-confirmed-only B=10 s=0 K4 expansion no unconfirmed seed,PASS,every segment contains queried positive anchor
SUPG-RT-confirmed-only B=10 s=1 oracle order,PASS,calls=10
SUPG-RT-confirmed-only B=10 s=1 calls <= budget,PASS,calls=10 budget=10
SUPG-RT-confirmed-only B=10 s=1 C6_full_EVENT_MATERIALIZE confirmed anchor,PASS,segments=4
SUPG-RT-confirmed-only B=10 s=1 C6_full_EVENT_MATERIALIZE no NaN,PASS,segments=4
SUPG-RT-confirmed-only B=10 s=1 C6_full_EVENT_MATERIALIZE nonnegative duration,PASS,segments=4
SUPG-RT-confirmed-only B=10 s=1 C6_full_EVENT_MATERIALIZE duration cap,PASS,D_seg_max=60.0
SUPG-RT-confirmed-only B=10 s=1 C6_full_EVENT_MATERIALIZE negative barrier,PASS,negatives=5
SUPG-RT-confirmed-only B=10 s=1 K0_naive_merge confirmed anchor,PASS,segments=1
SUPG-RT-confirmed-only B=10 s=1 K0_naive_merge no NaN,PASS,segments=1
SUPG-RT-confirmed-only B=10 s=1 K0_naive_merge nonnegative duration,PASS,segments=1
SUPG-RT-confirmed-only B=10 s=1 K1_gap_limited confirmed anchor,PASS,segments=4
SUPG-RT-confirmed-only B=10 s=1 K1_gap_limited no NaN,PASS,segments=4
SUPG-RT-confirmed-only B=10 s=1 K1_gap_limited nonnegative duration,PASS,segments=4
SUPG-RT-confirmed-only B=10 s=1 K2_gap_duration confirmed anchor,PASS,segments=4
SUPG-RT-confirmed-only B=10 s=1 K2_gap_duration no NaN,PASS,segments=4
SUPG-RT-confirmed-only B=10 s=1 K2_gap_duration nonnegative duration,PASS,segments=4
SUPG-RT-confirmed-only B=10 s=1 K2_gap_duration duration cap,PASS,D_seg_max=60.0
SUPG-RT-confirmed-only B=10 s=1 K3_gap_duration_negative_barrier confirmed anchor,PASS,segments=4
SUPG-RT-confirmed-only B=10 s=1 K3_gap_duration_negative_barrier no NaN,PASS,segments=4
SUPG-RT-confirmed-only B=10 s=1 K3_gap_duration_negative_barrier nonnegative duration,PASS,segments=4
SUPG-RT-confirmed-only B=10 s=1 K3_gap_duration_negative_barrier duration cap,PASS,D_seg_max=60.0
SUPG-RT-confirmed-only B=10 s=1 K3_gap_duration_negative_barrier negative barrier,PASS,negatives=5
SUPG-RT-confirmed-only B=10 s=1 K4_gap_duration_negative_barrier_selected_expand confirmed anchor,PASS,segments=4
SUPG-RT-confirmed-only B=10 s=1 K4_gap_duration_negative_barrier_selected_expand no NaN,PASS,segments=4
SUPG-RT-confirmed-only B=10 s=1 K4_gap_duration_negative_barrier_selected_expand nonnegative duration,PASS,segments=4
SUPG-RT-confirmed-only B=10 s=1 K4_gap_duration_negative_barrier_selected_expand duration cap,PASS,D_seg_max=60.0
SUPG-RT-confirmed-only B=10 s=1 K4_gap_duration_negative_barrier_selected_expand negative barrier,PASS,negatives=5
SUPG-RT-confirmed-only B=10 s=1 K4 expansion no unconfirmed seed,PASS,every segment contains queried positive anchor
SUPG-RT-confirmed-only B=10 s=2 oracle order,PASS,calls=9
SUPG-RT-confirmed-only B=10 s=2 calls <= budget,PASS,calls=9 budget=10
SUPG-RT-confirmed-only B=10 s=2 C6_full_EVENT_MATERIALIZE confirmed anchor,PASS,segments=3
SUPG-RT-confirmed-only B=10 s=2 C6_full_EVENT_MATERIALIZE no NaN,PASS,segments=3
SUPG-RT-confirmed-only B=10 s=2 C6_full_EVENT_MATERIALIZE nonnegative duration,PASS,segments=3
SUPG-RT-confirmed-only B=10 s=2 C6_full_EVENT_MATERIALIZE duration cap,PASS,D_seg_max=60.0
SUPG-RT-confirmed-only B=10 s=2 C6_full_EVENT_MATERIALIZE negative barrier,PASS,negatives=6
SUPG-RT-confirmed-only B=10 s=2 K0_naive_merge confirmed anchor,PASS,segments=1
SUPG-RT-confirmed-only B=10 s=2 K0_naive_merge no NaN,PASS,segments=1
SUPG-RT-confirmed-only B=10 s=2 K0_naive_merge nonnegative duration,PASS,segments=1
SUPG-RT-confirmed-only B=10 s=2 K1_gap_limited confirmed anchor,PASS,segments=3
SUPG-RT-confirmed-only B=10 s=2 K1_gap_limited no NaN,PASS,segments=3
SUPG-RT-confirmed-only B=10 s=2 K1_gap_limited nonnegative duration,PASS,segments=3
SUPG-RT-confirmed-only B=10 s=2 K2_gap_duration confirmed anchor,PASS,segments=3
SUPG-RT-confirmed-only B=10 s=2 K2_gap_duration no NaN,PASS,segments=3
SUPG-RT-confirmed-only B=10 s=2 K2_gap_duration nonnegative duration,PASS,segments=3
SUPG-RT-confirmed-only B=10 s=2 K2_gap_duration duration cap,PASS,D_seg_max=60.0
SUPG-RT-confirmed-only B=10 s=2 K3_gap_duration_negative_barrier confirmed anchor,PASS,segments=3
SUPG-RT-confirmed-only B=10 s=2 K3_gap_duration_negative_barrier no NaN,PASS,segments=3
SUPG-RT-confirmed-only B=10 s=2 K3_gap_duration_negative_barrier nonnegative duration,PASS,segments=3
SUPG-RT-confirmed-only B=10 s=2 K3_gap_duration_negative_barrier duration cap,PASS,D_seg_max=60.0
SUPG-RT-confirmed-only B=10 s=2 K3_gap_duration_negative_barrier negative barrier,PASS,negatives=6
SUPG-RT-confirmed-only B=10 s=2 K4_gap_duration_negative_barrier_selected_expand confirmed anchor,PASS,segments=3
SUPG-RT-confirmed-only B=10 s=2 K4_gap_duration_negative_barrier_selected_expand no NaN,PASS,segments=3
SUPG-RT-confirmed-only B=10 s=2 K4_gap_duration_negative_barrier_selected_expand nonnegative duration,PASS,segments=3
SUPG-RT-confirmed-only B=10 s=2 K4_gap_duration_negative_barrier_selected_expand duration cap,PASS,D_seg_max=60.0
SUPG-RT-confirmed-only B=10 s=2 K4_gap_duration_negative_barrier_selected_expand negative barrier,PASS,negatives=6
SUPG-RT-confirmed-only B=10 s=2 K4 expansion no unconfirmed seed,PASS,every segment contains queried positive anchor
SUPG-RT-confirmed-only B=10 s=3 oracle order,PASS,calls=10
SUPG-RT-confirmed-only B=10 s=3 calls <= budget,PASS,calls=10 budget=10
SUPG-RT-confirmed-only B=10 s=3 C6_full_EVENT_MATERIALIZE confirmed anchor,PASS,segments=2
SUPG-RT-confirmed-only B=10 s=3 C6_full_EVENT_MATERIALIZE no NaN,PASS,segments=2
SUPG-RT-confirmed-only B=10 s=3 C6_full_EVENT_MATERIALIZE nonnegative duration,PASS,segments=2
SUPG-RT-confirmed-only B=10 s=3 C6_full_EVENT_MATERIALIZE duration cap,PASS,D_seg_max=60.0
SUPG-RT-confirmed-only B=10 s=3 C6_full_EVENT_MATERIALIZE negative barrier,PASS,negatives=8
SUPG-RT-confirmed-only B=10 s=3 K0_naive_merge confirmed anchor,PASS,segments=1
SUPG-RT-confirmed-only B=10 s=3 K0_naive_merge no NaN,PASS,segments=1
SUPG-RT-confirmed-only B=10 s=3 K0_naive_merge nonnegative duration,PASS,segments=1
SUPG-RT-confirmed-only B=10 s=3 K1_gap_limited confirmed anchor,PASS,segments=2
SUPG-RT-confirmed-only B=10 s=3 K1_gap_limited no NaN,PASS,segments=2
SUPG-RT-confirmed-only B=10 s=3 K1_gap_limited nonnegative duration,PASS,segments=2
SUPG-RT-confirmed-only B=10 s=3 K2_gap_duration confirmed anchor,PASS,segments=2
SUPG-RT-confirmed-only B=10 s=3 K2_gap_duration no NaN,PASS,segments=2
SUPG-RT-confirmed-only B=10 s=3 K2_gap_duration nonnegative duration,PASS,segments=2
SUPG-RT-confirmed-only B=10 s=3 K2_gap_duration duration cap,PASS,D_seg_max=60.0
SUPG-RT-confirmed-only B=10 s=3 K3_gap_duration_negative_barrier confirmed anchor,PASS,segments=2
SUPG-RT-confirmed-only B=10 s=3 K3_gap_duration_negative_barrier no NaN,PASS,segments=2
SUPG-RT-confirmed-only B=10 s=3 K3_gap_duration_negative_barrier nonnegative duration,PASS,segments=2
SUPG-RT-confirmed-only B=10 s=3 K3_gap_duration_negative_barrier duration cap,PASS,D_seg_max=60.0
SUPG-RT-confirmed-only B=10 s=3 K3_gap_duration_negative_barrier negative barrier,PASS,negatives=8
SUPG-RT-confirmed-only B=10 s=3 K4_gap_duration_negative_barrier_selected_expand confirmed anchor,PASS,segments=2
SUPG-RT-confirmed-only B=10 s=3 K4_gap_duration_negative_barrier_selected_expand no NaN,PASS,segments=2
SUPG-RT-confirmed-only B=10 s=3 K4_gap_duration_negative_barrier_selected_expand nonnegative duration,PASS,segments=2
SUPG-RT-confirmed-only B=10 s=3 K4_gap_duration_negative_barrier_selected_expand duration cap,PASS,D_seg_max=60.0
SUPG-RT-confirmed-only B=10 s=3 K4_gap_duration_negative_barrier_selected_expand negative barrier,PASS,negatives=8
SUPG-RT-confirmed-only B=10 s=3 K4 expansion no unconfirmed seed,PASS,every segment contains queried positive anchor
SUPG-RT-confirmed-only B=10 s=4 oracle order,PASS,calls=9
SUPG-RT-confirmed-only B=10 s=4 calls <= budget,PASS,calls=9 budget=10
SUPG-RT-confirmed-only B=10 s=4 C6_full_EVENT_MATERIALIZE confirmed anchor,PASS,segments=0
SUPG-RT-confirmed-only B=10 s=4 C6_full_EVENT_MATERIALIZE no NaN,PASS,segments=0
SUPG-RT-confirmed-only B=10 s=4 C6_full_EVENT_MATERIALIZE nonnegative duration,PASS,segments=0
SUPG-RT-confirmed-only B=10 s=4 C6_full_EVENT_MATERIALIZE duration cap,PASS,D_seg_max=60.0
SUPG-RT-confirmed-only B=10 s=4 C6_full_EVENT_MATERIALIZE negative barrier,PASS,negatives=9
SUPG-RT-confirmed-only B=10 s=4 K0_naive_merge confirmed anchor,PASS,segments=0
SUPG-RT-confirmed-only B=10 s=4 K0_naive_merge no NaN,PASS,segments=0
SUPG-RT-confirmed-only B=10 s=4 K0_naive_merge nonnegative duration,PASS,segments=0
SUPG-RT-confirmed-only B=10 s=4 K1_gap_limited confirmed anchor,PASS,segments=0
SUPG-RT-confirmed-only B=10 s=4 K1_gap_limited no NaN,PASS,segments=0
SUPG-RT-confirmed-only B=10 s=4 K1_gap_limited nonnegative duration,PASS,segments=0
SUPG-RT-confirmed-only B=10 s=4 K2_gap_duration confirmed anchor,PASS,segments=0
SUPG-RT-confirmed-only B=10 s=4 K2_gap_duration no NaN,PASS,segments=0
SUPG-RT-confirmed-only B=10 s=4 K2_gap_duration nonnegative duration,PASS,segments=0
SUPG-RT-confirmed-only B=10 s=4 K2_gap_duration duration cap,PASS,D_seg_max=60.0
SUPG-RT-confirmed-only B=10 s=4 K3_gap_duration_negative_barrier confirmed anchor,PASS,segments=0
SUPG-RT-confirmed-only B=10 s=4 K3_gap_duration_negative_barrier no NaN,PASS,segments=0
SUPG-RT-confirmed-only B=10 s=4 K3_gap_duration_negative_barrier nonnegative duration,PASS,segments=0
SUPG-RT-confirmed-only B=10 s=4 K3_gap_duration_negative_barrier duration cap,PASS,D_seg_max=60.0
SUPG-RT-confirmed-only B=10 s=4 K3_gap_duration_negative_barrier negative barrier,PASS,negatives=9
SUPG-RT-confirmed-only B=10 s=4 K4_gap_duration_negative_barrier_selected_expand confirmed anchor,PASS,segments=0
SUPG-RT-confirmed-only B=10 s=4 K4_gap_duration_negative_barrier_selected_expand no NaN,PASS,segments=0
SUPG-RT-confirmed-only B=10 s=4 K4_gap_duration_negative_barrier_selected_expand nonnegative duration,PASS,segments=0
SUPG-RT-confirmed-only B=10 s=4 K4_gap_duration_negative_barrier_selected_expand duration cap,PASS,D_seg_max=60.0
SUPG-RT-confirmed-only B=10 s=4 K4_gap_duration_negative_barrier_selected_expand negative barrier,PASS,negatives=9
SUPG-RT-confirmed-only B=10 s=4 K4 expansion no unconfirmed seed,PASS,every segment contains queried positive anchor
SUPG-RT-confirmed-only B=20 s=0 oracle order,PASS,calls=20
SUPG-RT-confirmed-only B=20 s=0 calls <= budget,PASS,calls=20 budget=20
SUPG-RT-confirmed-only B=20 s=0 C6_full_EVENT_MATERIALIZE confirmed anchor,PASS,segments=5
SUPG-RT-confirmed-only B=20 s=0 C6_full_EVENT_MATERIALIZE no NaN,PASS,segments=5
SUPG-RT-confirmed-only B=20 s=0 C6_full_EVENT_MATERIALIZE nonnegative duration,PASS,segments=5
SUPG-RT-confirmed-only B=20 s=0 C6_full_EVENT_MATERIALIZE duration cap,PASS,D_seg_max=60.0
SUPG-RT-confirmed-only B=20 s=0 C6_full_EVENT_MATERIALIZE negative barrier,PASS,negatives=15
SUPG-RT-confirmed-only B=20 s=0 K0_naive_merge confirmed anchor,PASS,segments=1
SUPG-RT-confirmed-only B=20 s=0 K0_naive_merge no NaN,PASS,segments=1
SUPG-RT-confirmed-only B=20 s=0 K0_naive_merge nonnegative duration,PASS,segments=1
SUPG-RT-confirmed-only B=20 s=0 K1_gap_limited confirmed anchor,PASS,segments=5
SUPG-RT-confirmed-only B=20 s=0 K1_gap_limited no NaN,PASS,segments=5
SUPG-RT-confirmed-only B=20 s=0 K1_gap_limited nonnegative duration,PASS,segments=5
SUPG-RT-confirmed-only B=20 s=0 K2_gap_duration confirmed anchor,PASS,segments=5
SUPG-RT-confirmed-only B=20 s=0 K2_gap_duration no NaN,PASS,segments=5
SUPG-RT-confirmed-only B=20 s=0 K2_gap_duration nonnegative duration,PASS,segments=5
SUPG-RT-confirmed-only B=20 s=0 K2_gap_duration duration cap,PASS,D_seg_max=60.0
SUPG-RT-confirmed-only B=20 s=0 K3_gap_duration_negative_barrier confirmed anchor,PASS,segments=5
SUPG-RT-confirmed-only B=20 s=0 K3_gap_duration_negative_barrier no NaN,PASS,segments=5
SUPG-RT-confirmed-only B=20 s=0 K3_gap_duration_negative_barrier nonnegative duration,PASS,segments=5
SUPG-RT-confirmed-only B=20 s=0 K3_gap_duration_negative_barrier duration cap,PASS,D_seg_max=60.0
SUPG-RT-confirmed-only B=20 s=0 K3_gap_duration_negative_barrier negative barrier,PASS,negatives=15
SUPG-RT-confirmed-only B=20 s=0 K4_gap_duration_negative_barrier_selected_expand confirmed anchor,PASS,segments=5
SUPG-RT-confirmed-only B=20 s=0 K4_gap_duration_negative_barrier_selected_expand no NaN,PASS,segments=5
SUPG-RT-confirmed-only B=20 s=0 K4_gap_duration_negative_barrier_selected_expand nonnegative duration,PASS,segments=5
SUPG-RT-confirmed-only B=20 s=0 K4_gap_duration_negative_barrier_selected_expand duration cap,PASS,D_seg_max=60.0
SUPG-RT-confirmed-only B=20 s=0 K4_gap_duration_negative_barrier_selected_expand negative barrier,PASS,negatives=15
SUPG-RT-confirmed-only B=20 s=0 K4 expansion no unconfirmed seed,PASS,every segment contains queried positive anchor
SUPG-RT-confirmed-only B=20 s=1 oracle order,PASS,calls=18
SUPG-RT-confirmed-only B=20 s=1 calls <= budget,PASS,calls=18 budget=20
SUPG-RT-confirmed-only B=20 s=1 C6_full_EVENT_MATERIALIZE confirmed anchor,PASS,segments=8
SUPG-RT-confirmed-only B=20 s=1 C6_full_EVENT_MATERIALIZE no NaN,PASS,segments=8
SUPG-RT-confirmed-only B=20 s=1 C6_full_EVENT_MATERIALIZE nonnegative duration,PASS,segments=8
SUPG-RT-confirmed-only B=20 s=1 C6_full_EVENT_MATERIALIZE duration cap,PASS,D_seg_max=60.0
SUPG-RT-confirmed-only B=20 s=1 C6_full_EVENT_MATERIALIZE negative barrier,PASS,negatives=9
SUPG-RT-confirmed-only B=20 s=1 K0_naive_merge confirmed anchor,PASS,segments=1
SUPG-RT-confirmed-only B=20 s=1 K0_naive_merge no NaN,PASS,segments=1
SUPG-RT-confirmed-only B=20 s=1 K0_naive_merge nonnegative duration,PASS,segments=1
SUPG-RT-confirmed-only B=20 s=1 K1_gap_limited confirmed anchor,PASS,segments=8
SUPG-RT-confirmed-only B=20 s=1 K1_gap_limited no NaN,PASS,segments=8
SUPG-RT-confirmed-only B=20 s=1 K1_gap_limited nonnegative duration,PASS,segments=8
SUPG-RT-confirmed-only B=20 s=1 K2_gap_duration confirmed anchor,PASS,segments=8
SUPG-RT-confirmed-only B=20 s=1 K2_gap_duration no NaN,PASS,segments=8
SUPG-RT-confirmed-only B=20 s=1 K2_gap_duration nonnegative duration,PASS,segments=8
SUPG-RT-confirmed-only B=20 s=1 K2_gap_duration duration cap,PASS,D_seg_max=60.0
SUPG-RT-confirmed-only B=20 s=1 K3_gap_duration_negative_barrier confirmed anchor,PASS,segments=8
SUPG-RT-confirmed-only B=20 s=1 K3_gap_duration_negative_barrier no NaN,PASS,segments=8
SUPG-RT-confirmed-only B=20 s=1 K3_gap_duration_negative_barrier nonnegative duration,PASS,segments=8
SUPG-RT-confirmed-only B=20 s=1 K3_gap_duration_negative_barrier duration cap,PASS,D_seg_max=60.0
SUPG-RT-confirmed-only B=20 s=1 K3_gap_duration_negative_barrier negative barrier,PASS,negatives=9
SUPG-RT-confirmed-only B=20 s=1 K4_gap_duration_negative_barrier_selected_expand confirmed anchor,PASS,segments=8
SUPG-RT-confirmed-only B=20 s=1 K4_gap_duration_negative_barrier_selected_expand no NaN,PASS,segments=8
SUPG-RT-confirmed-only B=20 s=1 K4_gap_duration_negative_barrier_selected_expand nonnegative duration,PASS,segments=8
SUPG-RT-confirmed-only B=20 s=1 K4_gap_duration_negative_barrier_selected_expand duration cap,PASS,D_seg_max=60.0
SUPG-RT-confirmed-only B=20 s=1 K4_gap_duration_negative_barrier_selected_expand negative barrier,PASS,negatives=9
SUPG-RT-confirmed-only B=20 s=1 K4 expansion no unconfirmed seed,PASS,every segment contains queried positive anchor
SUPG-RT-confirmed-only B=20 s=2 oracle order,PASS,calls=18
SUPG-RT-confirmed-only B=20 s=2 calls <= budget,PASS,calls=18 budget=20
SUPG-RT-confirmed-only B=20 s=2 C6_full_EVENT_MATERIALIZE confirmed anchor,PASS,segments=6
SUPG-RT-confirmed-only B=20 s=2 C6_full_EVENT_MATERIALIZE no NaN,PASS,segments=6
SUPG-RT-confirmed-only B=20 s=2 C6_full_EVENT_MATERIALIZE nonnegative duration,PASS,segments=6
SUPG-RT-confirmed-only B=20 s=2 C6_full_EVENT_MATERIALIZE duration cap,PASS,D_seg_max=60.0
SUPG-RT-confirmed-only B=20 s=2 C6_full_EVENT_MATERIALIZE negative barrier,PASS,negatives=12
SUPG-RT-confirmed-only B=20 s=2 K0_naive_merge confirmed anchor,PASS,segments=1
SUPG-RT-confirmed-only B=20 s=2 K0_naive_merge no NaN,PASS,segments=1
SUPG-RT-confirmed-only B=20 s=2 K0_naive_merge nonnegative duration,PASS,segments=1
SUPG-RT-confirmed-only B=20 s=2 K1_gap_limited confirmed anchor,PASS,segments=6
SUPG-RT-confirmed-only B=20 s=2 K1_gap_limited no NaN,PASS,segments=6
SUPG-RT-confirmed-only B=20 s=2 K1_gap_limited nonnegative duration,PASS,segments=6
SUPG-RT-confirmed-only B=20 s=2 K2_gap_duration confirmed anchor,PASS,segments=6
SUPG-RT-confirmed-only B=20 s=2 K2_gap_duration no NaN,PASS,segments=6
SUPG-RT-confirmed-only B=20 s=2 K2_gap_duration nonnegative duration,PASS,segments=6
SUPG-RT-confirmed-only B=20 s=2 K2_gap_duration duration cap,PASS,D_seg_max=60.0
SUPG-RT-confirmed-only B=20 s=2 K3_gap_duration_negative_barrier confirmed anchor,PASS,segments=6
SUPG-RT-confirmed-only B=20 s=2 K3_gap_duration_negative_barrier no NaN,PASS,segments=6
SUPG-RT-confirmed-only B=20 s=2 K3_gap_duration_negative_barrier nonnegative duration,PASS,segments=6
SUPG-RT-confirmed-only B=20 s=2 K3_gap_duration_negative_barrier duration cap,PASS,D_seg_max=60.0
SUPG-RT-confirmed-only B=20 s=2 K3_gap_duration_negative_barrier negative barrier,PASS,negatives=12
SUPG-RT-confirmed-only B=20 s=2 K4_gap_duration_negative_barrier_selected_expand confirmed anchor,PASS,segments=6
SUPG-RT-confirmed-only B=20 s=2 K4_gap_duration_negative_barrier_selected_expand no NaN,PASS,segments=6
SUPG-RT-confirmed-only B=20 s=2 K4_gap_duration_negative_barrier_selected_expand nonnegative duration,PASS,segments=6
SUPG-RT-confirmed-only B=20 s=2 K4_gap_duration_negative_barrier_selected_expand duration cap,PASS,D_seg_max=60.0
SUPG-RT-confirmed-only B=20 s=2 K4_gap_duration_negative_barrier_selected_expand negative barrier,PASS,negatives=12
SUPG-RT-confirmed-only B=20 s=2 K4 expansion no unconfirmed seed,PASS,every segment contains queried positive anchor
SUPG-RT-confirmed-only B=20 s=3 oracle order,PASS,calls=19
SUPG-RT-confirmed-only B=20 s=3 calls <= budget,PASS,calls=19 budget=20
SUPG-RT-confirmed-only B=20 s=3 C6_full_EVENT_MATERIALIZE confirmed anchor,PASS,segments=4
SUPG-RT-confirmed-only B=20 s=3 C6_full_EVENT_MATERIALIZE no NaN,PASS,segments=4
SUPG-RT-confirmed-only B=20 s=3 C6_full_EVENT_MATERIALIZE nonnegative duration,PASS,segments=4
SUPG-RT-confirmed-only B=20 s=3 C6_full_EVENT_MATERIALIZE duration cap,PASS,D_seg_max=60.0
SUPG-RT-confirmed-only B=20 s=3 C6_full_EVENT_MATERIALIZE negative barrier,PASS,negatives=14
SUPG-RT-confirmed-only B=20 s=3 K0_naive_merge confirmed anchor,PASS,segments=1
SUPG-RT-confirmed-only B=20 s=3 K0_naive_merge no NaN,PASS,segments=1
SUPG-RT-confirmed-only B=20 s=3 K0_naive_merge nonnegative duration,PASS,segments=1
SUPG-RT-confirmed-only B=20 s=3 K1_gap_limited confirmed anchor,PASS,segments=4
SUPG-RT-confirmed-only B=20 s=3 K1_gap_limited no NaN,PASS,segments=4
SUPG-RT-confirmed-only B=20 s=3 K1_gap_limited nonnegative duration,PASS,segments=4
SUPG-RT-confirmed-only B=20 s=3 K2_gap_duration confirmed anchor,PASS,segments=4
SUPG-RT-confirmed-only B=20 s=3 K2_gap_duration no NaN,PASS,segments=4
SUPG-RT-confirmed-only B=20 s=3 K2_gap_duration nonnegative duration,PASS,segments=4
SUPG-RT-confirmed-only B=20 s=3 K2_gap_duration duration cap,PASS,D_seg_max=60.0
SUPG-RT-confirmed-only B=20 s=3 K3_gap_duration_negative_barrier confirmed anchor,PASS,segments=4
SUPG-RT-confirmed-only B=20 s=3 K3_gap_duration_negative_barrier no NaN,PASS,segments=4
SUPG-RT-confirmed-only B=20 s=3 K3_gap_duration_negative_barrier nonnegative duration,PASS,segments=4
SUPG-RT-confirmed-only B=20 s=3 K3_gap_duration_negative_barrier duration cap,PASS,D_seg_max=60.0
SUPG-RT-confirmed-only B=20 s=3 K3_gap_duration_negative_barrier negative barrier,PASS,negatives=14
SUPG-RT-confirmed-only B=20 s=3 K4_gap_duration_negative_barrier_selected_expand confirmed anchor,PASS,segments=4
SUPG-RT-confirmed-only B=20 s=3 K4_gap_duration_negative_barrier_selected_expand no NaN,PASS,segments=4
SUPG-RT-confirmed-only B=20 s=3 K4_gap_duration_negative_barrier_selected_expand nonnegative duration,PASS,segments=4
SUPG-RT-confirmed-only B=20 s=3 K4_gap_duration_negative_barrier_selected_expand duration cap,PASS,D_seg_max=60.0
SUPG-RT-confirmed-only B=20 s=3 K4_gap_duration_negative_barrier_selected_expand negative barrier,PASS,negatives=14
SUPG-RT-confirmed-only B=20 s=3 K4 expansion no unconfirmed seed,PASS,every segment contains queried positive anchor
SUPG-RT-confirmed-only B=20 s=4 oracle order,PASS,calls=18
SUPG-RT-confirmed-only B=20 s=4 calls <= budget,PASS,calls=18 budget=20
SUPG-RT-confirmed-only B=20 s=4 C6_full_EVENT_MATERIALIZE confirmed anchor,PASS,segments=2
SUPG-RT-confirmed-only B=20 s=4 C6_full_EVENT_MATERIALIZE no NaN,PASS,segments=2
SUPG-RT-confirmed-only B=20 s=4 C6_full_EVENT_MATERIALIZE nonnegative duration,PASS,segments=2
SUPG-RT-confirmed-only B=20 s=4 C6_full_EVENT_MATERIALIZE duration cap,PASS,D_seg_max=60.0
SUPG-RT-confirmed-only B=20 s=4 C6_full_EVENT_MATERIALIZE negative barrier,PASS,negatives=15
SUPG-RT-confirmed-only B=20 s=4 K0_naive_merge confirmed anchor,PASS,segments=1
SUPG-RT-confirmed-only B=20 s=4 K0_naive_merge no NaN,PASS,segments=1
SUPG-RT-confirmed-only B=20 s=4 K0_naive_merge nonnegative duration,PASS,segments=1
SUPG-RT-confirmed-only B=20 s=4 K1_gap_limited confirmed anchor,PASS,segments=2
SUPG-RT-confirmed-only B=20 s=4 K1_gap_limited no NaN,PASS,segments=2
SUPG-RT-confirmed-only B=20 s=4 K1_gap_limited nonnegative duration,PASS,segments=2
SUPG-RT-confirmed-only B=20 s=4 K2_gap_duration confirmed anchor,PASS,segments=2
SUPG-RT-confirmed-only B=20 s=4 K2_gap_duration no NaN,PASS,segments=2
SUPG-RT-confirmed-only B=20 s=4 K2_gap_duration nonnegative duration,PASS,segments=2
SUPG-RT-confirmed-only B=20 s=4 K2_gap_duration duration cap,PASS,D_seg_max=60.0
SUPG-RT-confirmed-only B=20 s=4 K3_gap_duration_negative_barrier confirmed anchor,PASS,segments=2
SUPG-RT-confirmed-only B=20 s=4 K3_gap_duration_negative_barrier no NaN,PASS,segments=2
SUPG-RT-confirmed-only B=20 s=4 K3_gap_duration_negative_barrier nonnegative duration,PASS,segments=2
SUPG-RT-confirmed-only B=20 s=4 K3_gap_duration_negative_barrier duration cap,PASS,D_seg_max=60.0
SUPG-RT-confirmed-only B=20 s=4 K3_gap_duration_negative_barrier negative barrier,PASS,negatives=15
SUPG-RT-confirmed-only B=20 s=4 K4_gap_duration_negative_barrier_selected_expand confirmed anchor,PASS,segments=2
SUPG-RT-confirmed-only B=20 s=4 K4_gap_duration_negative_barrier_selected_expand no NaN,PASS,segments=2
SUPG-RT-confirmed-only B=20 s=4 K4_gap_duration_negative_barrier_selected_expand nonnegative duration,PASS,segments=2
SUPG-RT-confirmed-only B=20 s=4 K4_gap_duration_negative_barrier_selected_expand duration cap,PASS,D_seg_max=60.0
SUPG-RT-confirmed-only B=20 s=4 K4_gap_duration_negative_barrier_selected_expand negative barrier,PASS,negatives=15
SUPG-RT-confirmed-only B=20 s=4 K4 expansion no unconfirmed seed,PASS,every segment contains queried positive anchor
SUPG-RT-confirmed-only B=50 s=0 oracle order,PASS,calls=44
SUPG-RT-confirmed-only B=50 s=0 calls <= budget,PASS,calls=44 budget=50
SUPG-RT-confirmed-only B=50 s=0 C6_full_EVENT_MATERIALIZE confirmed anchor,PASS,segments=11
SUPG-RT-confirmed-only B=50 s=0 C6_full_EVENT_MATERIALIZE no NaN,PASS,segments=11
SUPG-RT-confirmed-only B=50 s=0 C6_full_EVENT_MATERIALIZE nonnegative duration,PASS,segments=11
SUPG-RT-confirmed-only B=50 s=0 C6_full_EVENT_MATERIALIZE duration cap,PASS,D_seg_max=60.0
SUPG-RT-confirmed-only B=50 s=0 C6_full_EVENT_MATERIALIZE negative barrier,PASS,negatives=31
SUPG-RT-confirmed-only B=50 s=0 K0_naive_merge confirmed anchor,PASS,segments=1
SUPG-RT-confirmed-only B=50 s=0 K0_naive_merge no NaN,PASS,segments=1
SUPG-RT-confirmed-only B=50 s=0 K0_naive_merge nonnegative duration,PASS,segments=1
SUPG-RT-confirmed-only B=50 s=0 K1_gap_limited confirmed anchor,PASS,segments=10
SUPG-RT-confirmed-only B=50 s=0 K1_gap_limited no NaN,PASS,segments=10
SUPG-RT-confirmed-only B=50 s=0 K1_gap_limited nonnegative duration,PASS,segments=10
SUPG-RT-confirmed-only B=50 s=0 K2_gap_duration confirmed anchor,PASS,segments=10
SUPG-RT-confirmed-only B=50 s=0 K2_gap_duration no NaN,PASS,segments=10
SUPG-RT-confirmed-only B=50 s=0 K2_gap_duration nonnegative duration,PASS,segments=10
SUPG-RT-confirmed-only B=50 s=0 K2_gap_duration duration cap,PASS,D_seg_max=60.0
SUPG-RT-confirmed-only B=50 s=0 K3_gap_duration_negative_barrier confirmed anchor,PASS,segments=11
SUPG-RT-confirmed-only B=50 s=0 K3_gap_duration_negative_barrier no NaN,PASS,segments=11
SUPG-RT-confirmed-only B=50 s=0 K3_gap_duration_negative_barrier nonnegative duration,PASS,segments=11
SUPG-RT-confirmed-only B=50 s=0 K3_gap_duration_negative_barrier duration cap,PASS,D_seg_max=60.0
SUPG-RT-confirmed-only B=50 s=0 K3_gap_duration_negative_barrier negative barrier,PASS,negatives=31
SUPG-RT-confirmed-only B=50 s=0 K4_gap_duration_negative_barrier_selected_expand confirmed anchor,PASS,segments=11
SUPG-RT-confirmed-only B=50 s=0 K4_gap_duration_negative_barrier_selected_expand no NaN,PASS,segments=11
SUPG-RT-confirmed-only B=50 s=0 K4_gap_duration_negative_barrier_selected_expand nonnegative duration,PASS,segments=11
SUPG-RT-confirmed-only B=50 s=0 K4_gap_duration_negative_barrier_selected_expand duration cap,PASS,D_seg_max=60.0
SUPG-RT-confirmed-only B=50 s=0 K4_gap_duration_negative_barrier_selected_expand negative barrier,PASS,negatives=31
SUPG-RT-confirmed-only B=50 s=0 K4 expansion no unconfirmed seed,PASS,every segment contains queried positive anchor
SUPG-RT-confirmed-only B=50 s=1 oracle order,PASS,calls=39
SUPG-RT-confirmed-only B=50 s=1 calls <= budget,PASS,calls=39 budget=50
SUPG-RT-confirmed-only B=50 s=1 C6_full_EVENT_MATERIALIZE confirmed anchor,PASS,segments=12
SUPG-RT-confirmed-only B=50 s=1 C6_full_EVENT_MATERIALIZE no NaN,PASS,segments=12
SUPG-RT-confirmed-only B=50 s=1 C6_full_EVENT_MATERIALIZE nonnegative duration,PASS,segments=12
SUPG-RT-confirmed-only B=50 s=1 C6_full_EVENT_MATERIALIZE duration cap,PASS,D_seg_max=60.0
SUPG-RT-confirmed-only B=50 s=1 C6_full_EVENT_MATERIALIZE negative barrier,PASS,negatives=23
SUPG-RT-confirmed-only B=50 s=1 K0_naive_merge confirmed anchor,PASS,segments=1
SUPG-RT-confirmed-only B=50 s=1 K0_naive_merge no NaN,PASS,segments=1
SUPG-RT-confirmed-only B=50 s=1 K0_naive_merge nonnegative duration,PASS,segments=1
SUPG-RT-confirmed-only B=50 s=1 K1_gap_limited confirmed anchor,PASS,segments=11
SUPG-RT-confirmed-only B=50 s=1 K1_gap_limited no NaN,PASS,segments=11
SUPG-RT-confirmed-only B=50 s=1 K1_gap_limited nonnegative duration,PASS,segments=11
SUPG-RT-confirmed-only B=50 s=1 K2_gap_duration confirmed anchor,PASS,segments=11
SUPG-RT-confirmed-only B=50 s=1 K2_gap_duration no NaN,PASS,segments=11
SUPG-RT-confirmed-only B=50 s=1 K2_gap_duration nonnegative duration,PASS,segments=11
SUPG-RT-confirmed-only B=50 s=1 K2_gap_duration duration cap,PASS,D_seg_max=60.0
SUPG-RT-confirmed-only B=50 s=1 K3_gap_duration_negative_barrier confirmed anchor,PASS,segments=12
SUPG-RT-confirmed-only B=50 s=1 K3_gap_duration_negative_barrier no NaN,PASS,segments=12
SUPG-RT-confirmed-only B=50 s=1 K3_gap_duration_negative_barrier nonnegative duration,PASS,segments=12
SUPG-RT-confirmed-only B=50 s=1 K3_gap_duration_negative_barrier duration cap,PASS,D_seg_max=60.0
SUPG-RT-confirmed-only B=50 s=1 K3_gap_duration_negative_barrier negative barrier,PASS,negatives=23
SUPG-RT-confirmed-only B=50 s=1 K4_gap_duration_negative_barrier_selected_expand confirmed anchor,PASS,segments=12
SUPG-RT-confirmed-only B=50 s=1 K4_gap_duration_negative_barrier_selected_expand no NaN,PASS,segments=12
SUPG-RT-confirmed-only B=50 s=1 K4_gap_duration_negative_barrier_selected_expand nonnegative duration,PASS,segments=12
SUPG-RT-confirmed-only B=50 s=1 K4_gap_duration_negative_barrier_selected_expand duration cap,PASS,D_seg_max=60.0
SUPG-RT-confirmed-only B=50 s=1 K4_gap_duration_negative_barrier_selected_expand negative barrier,PASS,negatives=23
SUPG-RT-confirmed-only B=50 s=1 K4 expansion no unconfirmed seed,PASS,every segment contains queried positive anchor
SUPG-RT-confirmed-only B=50 s=2 oracle order,PASS,calls=43
SUPG-RT-confirmed-only B=50 s=2 calls <= budget,PASS,calls=43 budget=50
SUPG-RT-confirmed-only B=50 s=2 C6_full_EVENT_MATERIALIZE confirmed anchor,PASS,segments=10
SUPG-RT-confirmed-only B=50 s=2 C6_full_EVENT_MATERIALIZE no NaN,PASS,segments=10
SUPG-RT-confirmed-only B=50 s=2 C6_full_EVENT_MATERIALIZE nonnegative duration,PASS,segments=10
SUPG-RT-confirmed-only B=50 s=2 C6_full_EVENT_MATERIALIZE duration cap,PASS,D_seg_max=60.0
SUPG-RT-confirmed-only B=50 s=2 C6_full_EVENT_MATERIALIZE negative barrier,PASS,negatives=29
SUPG-RT-confirmed-only B=50 s=2 K0_naive_merge confirmed anchor,PASS,segments=1
SUPG-RT-confirmed-only B=50 s=2 K0_naive_merge no NaN,PASS,segments=1
SUPG-RT-confirmed-only B=50 s=2 K0_naive_merge nonnegative duration,PASS,segments=1
SUPG-RT-confirmed-only B=50 s=2 K1_gap_limited confirmed anchor,PASS,segments=9
SUPG-RT-confirmed-only B=50 s=2 K1_gap_limited no NaN,PASS,segments=9
SUPG-RT-confirmed-only B=50 s=2 K1_gap_limited nonnegative duration,PASS,segments=9
SUPG-RT-confirmed-only B=50 s=2 K2_gap_duration confirmed anchor,PASS,segments=10
SUPG-RT-confirmed-only B=50 s=2 K2_gap_duration no NaN,PASS,segments=10
SUPG-RT-confirmed-only B=50 s=2 K2_gap_duration nonnegative duration,PASS,segments=10
SUPG-RT-confirmed-only B=50 s=2 K2_gap_duration duration cap,PASS,D_seg_max=60.0
SUPG-RT-confirmed-only B=50 s=2 K3_gap_duration_negative_barrier confirmed anchor,PASS,segments=10
SUPG-RT-confirmed-only B=50 s=2 K3_gap_duration_negative_barrier no NaN,PASS,segments=10
SUPG-RT-confirmed-only B=50 s=2 K3_gap_duration_negative_barrier nonnegative duration,PASS,segments=10
SUPG-RT-confirmed-only B=50 s=2 K3_gap_duration_negative_barrier duration cap,PASS,D_seg_max=60.0
SUPG-RT-confirmed-only B=50 s=2 K3_gap_duration_negative_barrier negative barrier,PASS,negatives=29
SUPG-RT-confirmed-only B=50 s=2 K4_gap_duration_negative_barrier_selected_expand confirmed anchor,PASS,segments=10
SUPG-RT-confirmed-only B=50 s=2 K4_gap_duration_negative_barrier_selected_expand no NaN,PASS,segments=10
SUPG-RT-confirmed-only B=50 s=2 K4_gap_duration_negative_barrier_selected_expand nonnegative duration,PASS,segments=10
SUPG-RT-confirmed-only B=50 s=2 K4_gap_duration_negative_barrier_selected_expand duration cap,PASS,D_seg_max=60.0
SUPG-RT-confirmed-only B=50 s=2 K4_gap_duration_negative_barrier_selected_expand negative barrier,PASS,negatives=29
SUPG-RT-confirmed-only B=50 s=2 K4 expansion no unconfirmed seed,PASS,every segment contains queried positive anchor
SUPG-RT-confirmed-only B=50 s=3 oracle order,PASS,calls=38
SUPG-RT-confirmed-only B=50 s=3 calls <= budget,PASS,calls=38 budget=50
SUPG-RT-confirmed-only B=50 s=3 C6_full_EVENT_MATERIALIZE confirmed anchor,PASS,segments=7
SUPG-RT-confirmed-only B=50 s=3 C6_full_EVENT_MATERIALIZE no NaN,PASS,segments=7
SUPG-RT-confirmed-only B=50 s=3 C6_full_EVENT_MATERIALIZE nonnegative duration,PASS,segments=7
SUPG-RT-confirmed-only B=50 s=3 C6_full_EVENT_MATERIALIZE duration cap,PASS,D_seg_max=60.0
SUPG-RT-confirmed-only B=50 s=3 C6_full_EVENT_MATERIALIZE negative barrier,PASS,negatives=29
SUPG-RT-confirmed-only B=50 s=3 K0_naive_merge confirmed anchor,PASS,segments=1
SUPG-RT-confirmed-only B=50 s=3 K0_naive_merge no NaN,PASS,segments=1
SUPG-RT-confirmed-only B=50 s=3 K0_naive_merge nonnegative duration,PASS,segments=1
SUPG-RT-confirmed-only B=50 s=3 K1_gap_limited confirmed anchor,PASS,segments=7
SUPG-RT-confirmed-only B=50 s=3 K1_gap_limited no NaN,PASS,segments=7
SUPG-RT-confirmed-only B=50 s=3 K1_gap_limited nonnegative duration,PASS,segments=7
SUPG-RT-confirmed-only B=50 s=3 K2_gap_duration confirmed anchor,PASS,segments=7
SUPG-RT-confirmed-only B=50 s=3 K2_gap_duration no NaN,PASS,segments=7
SUPG-RT-confirmed-only B=50 s=3 K2_gap_duration nonnegative duration,PASS,segments=7
SUPG-RT-confirmed-only B=50 s=3 K2_gap_duration duration cap,PASS,D_seg_max=60.0
SUPG-RT-confirmed-only B=50 s=3 K3_gap_duration_negative_barrier confirmed anchor,PASS,segments=7
SUPG-RT-confirmed-only B=50 s=3 K3_gap_duration_negative_barrier no NaN,PASS,segments=7
SUPG-RT-confirmed-only B=50 s=3 K3_gap_duration_negative_barrier nonnegative duration,PASS,segments=7
SUPG-RT-confirmed-only B=50 s=3 K3_gap_duration_negative_barrier duration cap,PASS,D_seg_max=60.0
SUPG-RT-confirmed-only B=50 s=3 K3_gap_duration_negative_barrier negative barrier,PASS,negatives=29
SUPG-RT-confirmed-only B=50 s=3 K4_gap_duration_negative_barrier_selected_expand confirmed anchor,PASS,segments=7
SUPG-RT-confirmed-only B=50 s=3 K4_gap_duration_negative_barrier_selected_expand no NaN,PASS,segments=7
SUPG-RT-confirmed-only B=50 s=3 K4_gap_duration_negative_barrier_selected_expand nonnegative duration,PASS,segments=7
SUPG-RT-confirmed-only B=50 s=3 K4_gap_duration_negative_barrier_selected_expand duration cap,PASS,D_seg_max=60.0
SUPG-RT-confirmed-only B=50 s=3 K4_gap_duration_negative_barrier_selected_expand negative barrier,PASS,negatives=29
SUPG-RT-confirmed-only B=50 s=3 K4 expansion no unconfirmed seed,PASS,every segment contains queried positive anchor
SUPG-RT-confirmed-only B=50 s=4 oracle order,PASS,calls=38
SUPG-RT-confirmed-only B=50 s=4 calls <= budget,PASS,calls=38 budget=50
SUPG-RT-confirmed-only B=50 s=4 C6_full_EVENT_MATERIALIZE confirmed anchor,PASS,segments=7
SUPG-RT-confirmed-only B=50 s=4 C6_full_EVENT_MATERIALIZE no NaN,PASS,segments=7
SUPG-RT-confirmed-only B=50 s=4 C6_full_EVENT_MATERIALIZE nonnegative duration,PASS,segments=7
SUPG-RT-confirmed-only B=50 s=4 C6_full_EVENT_MATERIALIZE duration cap,PASS,D_seg_max=60.0
SUPG-RT-confirmed-only B=50 s=4 C6_full_EVENT_MATERIALIZE negative barrier,PASS,negatives=28
SUPG-RT-confirmed-only B=50 s=4 K0_naive_merge confirmed anchor,PASS,segments=1
SUPG-RT-confirmed-only B=50 s=4 K0_naive_merge no NaN,PASS,segments=1
SUPG-RT-confirmed-only B=50 s=4 K0_naive_merge nonnegative duration,PASS,segments=1
SUPG-RT-confirmed-only B=50 s=4 K1_gap_limited confirmed anchor,PASS,segments=6
SUPG-RT-confirmed-only B=50 s=4 K1_gap_limited no NaN,PASS,segments=6
SUPG-RT-confirmed-only B=50 s=4 K1_gap_limited nonnegative duration,PASS,segments=6
SUPG-RT-confirmed-only B=50 s=4 K2_gap_duration confirmed anchor,PASS,segments=7
SUPG-RT-confirmed-only B=50 s=4 K2_gap_duration no NaN,PASS,segments=7
SUPG-RT-confirmed-only B=50 s=4 K2_gap_duration nonnegative duration,PASS,segments=7
SUPG-RT-confirmed-only B=50 s=4 K2_gap_duration duration cap,PASS,D_seg_max=60.0
SUPG-RT-confirmed-only B=50 s=4 K3_gap_duration_negative_barrier confirmed anchor,PASS,segments=7
SUPG-RT-confirmed-only B=50 s=4 K3_gap_duration_negative_barrier no NaN,PASS,segments=7
SUPG-RT-confirmed-only B=50 s=4 K3_gap_duration_negative_barrier nonnegative duration,PASS,segments=7
SUPG-RT-confirmed-only B=50 s=4 K3_gap_duration_negative_barrier duration cap,PASS,D_seg_max=60.0
SUPG-RT-confirmed-only B=50 s=4 K3_gap_duration_negative_barrier negative barrier,PASS,negatives=28
SUPG-RT-confirmed-only B=50 s=4 K4_gap_duration_negative_barrier_selected_expand confirmed anchor,PASS,segments=7
SUPG-RT-confirmed-only B=50 s=4 K4_gap_duration_negative_barrier_selected_expand no NaN,PASS,segments=7
SUPG-RT-confirmed-only B=50 s=4 K4_gap_duration_negative_barrier_selected_expand nonnegative duration,PASS,segments=7
SUPG-RT-confirmed-only B=50 s=4 K4_gap_duration_negative_barrier_selected_expand duration cap,PASS,D_seg_max=60.0
SUPG-RT-confirmed-only B=50 s=4 K4_gap_duration_negative_barrier_selected_expand negative barrier,PASS,negatives=28
SUPG-RT-confirmed-only B=50 s=4 K4 expansion no unconfirmed seed,PASS,every segment contains queried positive anchor
SUPG-RT-confirmed-only B=5 s=0 oracle order,PASS,calls=5
SUPG-RT-confirmed-only B=5 s=0 calls <= budget,PASS,calls=5 budget=5
SUPG-RT-confirmed-only B=5 s=0 C6_full_EVENT_MATERIALIZE confirmed anchor,PASS,segments=0
SUPG-RT-confirmed-only B=5 s=0 C6_full_EVENT_MATERIALIZE no NaN,PASS,segments=0
SUPG-RT-confirmed-only B=5 s=0 C6_full_EVENT_MATERIALIZE nonnegative duration,PASS,segments=0
SUPG-RT-confirmed-only B=5 s=0 C6_full_EVENT_MATERIALIZE duration cap,PASS,D_seg_max=60.0
SUPG-RT-confirmed-only B=5 s=0 C6_full_EVENT_MATERIALIZE negative barrier,PASS,negatives=5
SUPG-RT-confirmed-only B=5 s=0 K0_naive_merge confirmed anchor,PASS,segments=0
SUPG-RT-confirmed-only B=5 s=0 K0_naive_merge no NaN,PASS,segments=0
SUPG-RT-confirmed-only B=5 s=0 K0_naive_merge nonnegative duration,PASS,segments=0
SUPG-RT-confirmed-only B=5 s=0 K1_gap_limited confirmed anchor,PASS,segments=0
SUPG-RT-confirmed-only B=5 s=0 K1_gap_limited no NaN,PASS,segments=0
SUPG-RT-confirmed-only B=5 s=0 K1_gap_limited nonnegative duration,PASS,segments=0
SUPG-RT-confirmed-only B=5 s=0 K2_gap_duration confirmed anchor,PASS,segments=0
SUPG-RT-confirmed-only B=5 s=0 K2_gap_duration no NaN,PASS,segments=0
SUPG-RT-confirmed-only B=5 s=0 K2_gap_duration nonnegative duration,PASS,segments=0
SUPG-RT-confirmed-only B=5 s=0 K2_gap_duration duration cap,PASS,D_seg_max=60.0
SUPG-RT-confirmed-only B=5 s=0 K3_gap_duration_negative_barrier confirmed anchor,PASS,segments=0
SUPG-RT-confirmed-only B=5 s=0 K3_gap_duration_negative_barrier no NaN,PASS,segments=0
SUPG-RT-confirmed-only B=5 s=0 K3_gap_duration_negative_barrier nonnegative duration,PASS,segments=0
SUPG-RT-confirmed-only B=5 s=0 K3_gap_duration_negative_barrier duration cap,PASS,D_seg_max=60.0
SUPG-RT-confirmed-only B=5 s=0 K3_gap_duration_negative_barrier negative barrier,PASS,negatives=5
SUPG-RT-confirmed-only B=5 s=0 K4_gap_duration_negative_barrier_selected_expand confirmed anchor,PASS,segments=0
SUPG-RT-confirmed-only B=5 s=0 K4_gap_duration_negative_barrier_selected_expand no NaN,PASS,segments=0
SUPG-RT-confirmed-only B=5 s=0 K4_gap_duration_negative_barrier_selected_expand nonnegative duration,PASS,segments=0
SUPG-RT-confirmed-only B=5 s=0 K4_gap_duration_negative_barrier_selected_expand duration cap,PASS,D_seg_max=60.0
SUPG-RT-confirmed-only B=5 s=0 K4_gap_duration_negative_barrier_selected_expand negative barrier,PASS,negatives=5
SUPG-RT-confirmed-only B=5 s=0 K4 expansion no unconfirmed seed,PASS,every segment contains queried positive anchor
SUPG-RT-confirmed-only B=5 s=1 oracle order,PASS,calls=5
SUPG-RT-confirmed-only B=5 s=1 calls <= budget,PASS,calls=5 budget=5
SUPG-RT-confirmed-only B=5 s=1 C6_full_EVENT_MATERIALIZE confirmed anchor,PASS,segments=2
SUPG-RT-confirmed-only B=5 s=1 C6_full_EVENT_MATERIALIZE no NaN,PASS,segments=2
SUPG-RT-confirmed-only B=5 s=1 C6_full_EVENT_MATERIALIZE nonnegative duration,PASS,segments=2
SUPG-RT-confirmed-only B=5 s=1 C6_full_EVENT_MATERIALIZE duration cap,PASS,D_seg_max=60.0
SUPG-RT-confirmed-only B=5 s=1 C6_full_EVENT_MATERIALIZE negative barrier,PASS,negatives=3
SUPG-RT-confirmed-only B=5 s=1 K0_naive_merge confirmed anchor,PASS,segments=1
SUPG-RT-confirmed-only B=5 s=1 K0_naive_merge no NaN,PASS,segments=1
SUPG-RT-confirmed-only B=5 s=1 K0_naive_merge nonnegative duration,PASS,segments=1
SUPG-RT-confirmed-only B=5 s=1 K1_gap_limited confirmed anchor,PASS,segments=2
SUPG-RT-confirmed-only B=5 s=1 K1_gap_limited no NaN,PASS,segments=2
SUPG-RT-confirmed-only B=5 s=1 K1_gap_limited nonnegative duration,PASS,segments=2
SUPG-RT-confirmed-only B=5 s=1 K2_gap_duration confirmed anchor,PASS,segments=2
SUPG-RT-confirmed-only B=5 s=1 K2_gap_duration no NaN,PASS,segments=2
SUPG-RT-confirmed-only B=5 s=1 K2_gap_duration nonnegative duration,PASS,segments=2
SUPG-RT-confirmed-only B=5 s=1 K2_gap_duration duration cap,PASS,D_seg_max=60.0
SUPG-RT-confirmed-only B=5 s=1 K3_gap_duration_negative_barrier confirmed anchor,PASS,segments=2
SUPG-RT-confirmed-only B=5 s=1 K3_gap_duration_negative_barrier no NaN,PASS,segments=2
SUPG-RT-confirmed-only B=5 s=1 K3_gap_duration_negative_barrier nonnegative duration,PASS,segments=2
SUPG-RT-confirmed-only B=5 s=1 K3_gap_duration_negative_barrier duration cap,PASS,D_seg_max=60.0
SUPG-RT-confirmed-only B=5 s=1 K3_gap_duration_negative_barrier negative barrier,PASS,negatives=3
SUPG-RT-confirmed-only B=5 s=1 K4_gap_duration_negative_barrier_selected_expand confirmed anchor,PASS,segments=2
SUPG-RT-confirmed-only B=5 s=1 K4_gap_duration_negative_barrier_selected_expand no NaN,PASS,segments=2
SUPG-RT-confirmed-only B=5 s=1 K4_gap_duration_negative_barrier_selected_expand nonnegative duration,PASS,segments=2
SUPG-RT-confirmed-only B=5 s=1 K4_gap_duration_negative_barrier_selected_expand duration cap,PASS,D_seg_max=60.0
SUPG-RT-confirmed-only B=5 s=1 K4_gap_duration_negative_barrier_selected_expand negative barrier,PASS,negatives=3
SUPG-RT-confirmed-only B=5 s=1 K4 expansion no unconfirmed seed,PASS,every segment contains queried positive anchor
SUPG-RT-confirmed-only B=5 s=2 oracle order,PASS,calls=4
SUPG-RT-confirmed-only B=5 s=2 calls <= budget,PASS,calls=4 budget=5
SUPG-RT-confirmed-only B=5 s=2 C6_full_EVENT_MATERIALIZE confirmed anchor,PASS,segments=1
SUPG-RT-confirmed-only B=5 s=2 C6_full_EVENT_MATERIALIZE no NaN,PASS,segments=1
SUPG-RT-confirmed-only B=5 s=2 C6_full_EVENT_MATERIALIZE nonnegative duration,PASS,segments=1
SUPG-RT-confirmed-only B=5 s=2 C6_full_EVENT_MATERIALIZE duration cap,PASS,D_seg_max=60.0
SUPG-RT-confirmed-only B=5 s=2 C6_full_EVENT_MATERIALIZE negative barrier,PASS,negatives=3
SUPG-RT-confirmed-only B=5 s=2 K0_naive_merge confirmed anchor,PASS,segments=1
SUPG-RT-confirmed-only B=5 s=2 K0_naive_merge no NaN,PASS,segments=1
SUPG-RT-confirmed-only B=5 s=2 K0_naive_merge nonnegative duration,PASS,segments=1
SUPG-RT-confirmed-only B=5 s=2 K1_gap_limited confirmed anchor,PASS,segments=1
SUPG-RT-confirmed-only B=5 s=2 K1_gap_limited no NaN,PASS,segments=1
SUPG-RT-confirmed-only B=5 s=2 K1_gap_limited nonnegative duration,PASS,segments=1
SUPG-RT-confirmed-only B=5 s=2 K2_gap_duration confirmed anchor,PASS,segments=1
SUPG-RT-confirmed-only B=5 s=2 K2_gap_duration no NaN,PASS,segments=1
SUPG-RT-confirmed-only B=5 s=2 K2_gap_duration nonnegative duration,PASS,segments=1
SUPG-RT-confirmed-only B=5 s=2 K2_gap_duration duration cap,PASS,D_seg_max=60.0
SUPG-RT-confirmed-only B=5 s=2 K3_gap_duration_negative_barrier confirmed anchor,PASS,segments=1
SUPG-RT-confirmed-only B=5 s=2 K3_gap_duration_negative_barrier no NaN,PASS,segments=1
SUPG-RT-confirmed-only B=5 s=2 K3_gap_duration_negative_barrier nonnegative duration,PASS,segments=1
SUPG-RT-confirmed-only B=5 s=2 K3_gap_duration_negative_barrier duration cap,PASS,D_seg_max=60.0
SUPG-RT-confirmed-only B=5 s=2 K3_gap_duration_negative_barrier negative barrier,PASS,negatives=3
SUPG-RT-confirmed-only B=5 s=2 K4_gap_duration_negative_barrier_selected_expand confirmed anchor,PASS,segments=1
SUPG-RT-confirmed-only B=5 s=2 K4_gap_duration_negative_barrier_selected_expand no NaN,PASS,segments=1
SUPG-RT-confirmed-only B=5 s=2 K4_gap_duration_negative_barrier_selected_expand nonnegative duration,PASS,segments=1
SUPG-RT-confirmed-only B=5 s=2 K4_gap_duration_negative_barrier_selected_expand duration cap,PASS,D_seg_max=60.0
SUPG-RT-confirmed-only B=5 s=2 K4_gap_duration_negative_barrier_selected_expand negative barrier,PASS,negatives=3
SUPG-RT-confirmed-only B=5 s=2 K4 expansion no unconfirmed seed,PASS,every segment contains queried positive anchor
SUPG-RT-confirmed-only B=5 s=3 oracle order,PASS,calls=5
SUPG-RT-confirmed-only B=5 s=3 calls <= budget,PASS,calls=5 budget=5
SUPG-RT-confirmed-only B=5 s=3 C6_full_EVENT_MATERIALIZE confirmed anchor,PASS,segments=0
SUPG-RT-confirmed-only B=5 s=3 C6_full_EVENT_MATERIALIZE no NaN,PASS,segments=0
SUPG-RT-confirmed-only B=5 s=3 C6_full_EVENT_MATERIALIZE nonnegative duration,PASS,segments=0
SUPG-RT-confirmed-only B=5 s=3 C6_full_EVENT_MATERIALIZE duration cap,PASS,D_seg_max=60.0
SUPG-RT-confirmed-only B=5 s=3 C6_full_EVENT_MATERIALIZE negative barrier,PASS,negatives=5
SUPG-RT-confirmed-only B=5 s=3 K0_naive_merge confirmed anchor,PASS,segments=0
SUPG-RT-confirmed-only B=5 s=3 K0_naive_merge no NaN,PASS,segments=0
SUPG-RT-confirmed-only B=5 s=3 K0_naive_merge nonnegative duration,PASS,segments=0
SUPG-RT-confirmed-only B=5 s=3 K1_gap_limited confirmed anchor,PASS,segments=0
SUPG-RT-confirmed-only B=5 s=3 K1_gap_limited no NaN,PASS,segments=0
SUPG-RT-confirmed-only B=5 s=3 K1_gap_limited nonnegative duration,PASS,segments=0
SUPG-RT-confirmed-only B=5 s=3 K2_gap_duration confirmed anchor,PASS,segments=0
SUPG-RT-confirmed-only B=5 s=3 K2_gap_duration no NaN,PASS,segments=0
SUPG-RT-confirmed-only B=5 s=3 K2_gap_duration nonnegative duration,PASS,segments=0
SUPG-RT-confirmed-only B=5 s=3 K2_gap_duration duration cap,PASS,D_seg_max=60.0
SUPG-RT-confirmed-only B=5 s=3 K3_gap_duration_negative_barrier confirmed anchor,PASS,segments=0
SUPG-RT-confirmed-only B=5 s=3 K3_gap_duration_negative_barrier no NaN,PASS,segments=0
SUPG-RT-confirmed-only B=5 s=3 K3_gap_duration_negative_barrier nonnegative duration,PASS,segments=0
SUPG-RT-confirmed-only B=5 s=3 K3_gap_duration_negative_barrier duration cap,PASS,D_seg_max=60.0
SUPG-RT-confirmed-only B=5 s=3 K3_gap_duration_negative_barrier negative barrier,PASS,negatives=5
SUPG-RT-confirmed-only B=5 s=3 K4_gap_duration_negative_barrier_selected_expand confirmed anchor,PASS,segments=0
SUPG-RT-confirmed-only B=5 s=3 K4_gap_duration_negative_barrier_selected_expand no NaN,PASS,segments=0
SUPG-RT-confirmed-only B=5 s=3 K4_gap_duration_negative_barrier_selected_expand nonnegative duration,PASS,segments=0
SUPG-RT-confirmed-only B=5 s=3 K4_gap_duration_negative_barrier_selected_expand duration cap,PASS,D_seg_max=60.0
SUPG-RT-confirmed-only B=5 s=3 K4_gap_duration_negative_barrier_selected_expand negative barrier,PASS,negatives=5
SUPG-RT-confirmed-only B=5 s=3 K4 expansion no unconfirmed seed,PASS,every segment contains queried positive anchor
SUPG-RT-confirmed-only B=5 s=4 oracle order,PASS,calls=5
SUPG-RT-confirmed-only B=5 s=4 calls <= budget,PASS,calls=5 budget=5
SUPG-RT-confirmed-only B=5 s=4 C6_full_EVENT_MATERIALIZE confirmed anchor,PASS,segments=0
SUPG-RT-confirmed-only B=5 s=4 C6_full_EVENT_MATERIALIZE no NaN,PASS,segments=0
SUPG-RT-confirmed-only B=5 s=4 C6_full_EVENT_MATERIALIZE nonnegative duration,PASS,segments=0
SUPG-RT-confirmed-only B=5 s=4 C6_full_EVENT_MATERIALIZE duration cap,PASS,D_seg_max=60.0
SUPG-RT-confirmed-only B=5 s=4 C6_full_EVENT_MATERIALIZE negative barrier,PASS,negatives=5
SUPG-RT-confirmed-only B=5 s=4 K0_naive_merge confirmed anchor,PASS,segments=0
SUPG-RT-confirmed-only B=5 s=4 K0_naive_merge no NaN,PASS,segments=0
SUPG-RT-confirmed-only B=5 s=4 K0_naive_merge nonnegative duration,PASS,segments=0
SUPG-RT-confirmed-only B=5 s=4 K1_gap_limited confirmed anchor,PASS,segments=0
SUPG-RT-confirmed-only B=5 s=4 K1_gap_limited no NaN,PASS,segments=0
SUPG-RT-confirmed-only B=5 s=4 K1_gap_limited nonnegative duration,PASS,segments=0
SUPG-RT-confirmed-only B=5 s=4 K2_gap_duration confirmed anchor,PASS,segments=0
SUPG-RT-confirmed-only B=5 s=4 K2_gap_duration no NaN,PASS,segments=0
SUPG-RT-confirmed-only B=5 s=4 K2_gap_duration nonnegative duration,PASS,segments=0
SUPG-RT-confirmed-only B=5 s=4 K2_gap_duration duration cap,PASS,D_seg_max=60.0
SUPG-RT-confirmed-only B=5 s=4 K3_gap_duration_negative_barrier confirmed anchor,PASS,segments=0
SUPG-RT-confirmed-only B=5 s=4 K3_gap_duration_negative_barrier no NaN,PASS,segments=0
SUPG-RT-confirmed-only B=5 s=4 K3_gap_duration_negative_barrier nonnegative duration,PASS,segments=0
SUPG-RT-confirmed-only B=5 s=4 K3_gap_duration_negative_barrier duration cap,PASS,D_seg_max=60.0
SUPG-RT-confirmed-only B=5 s=4 K3_gap_duration_negative_barrier negative barrier,PASS,negatives=5
SUPG-RT-confirmed-only B=5 s=4 K4_gap_duration_negative_barrier_selected_expand confirmed anchor,PASS,segments=0
SUPG-RT-confirmed-only B=5 s=4 K4_gap_duration_negative_barrier_selected_expand no NaN,PASS,segments=0
SUPG-RT-confirmed-only B=5 s=4 K4_gap_duration_negative_barrier_selected_expand nonnegative duration,PASS,segments=0
SUPG-RT-confirmed-only B=5 s=4 K4_gap_duration_negative_barrier_selected_expand duration cap,PASS,D_seg_max=60.0
SUPG-RT-confirmed-only B=5 s=4 K4_gap_duration_negative_barrier_selected_expand negative barrier,PASS,negatives=5
SUPG-RT-confirmed-only B=5 s=4 K4 expansion no unconfirmed seed,PASS,every segment contains queried positive anchor
SUPG-RT-confirmed-only B=80 s=0 oracle order,PASS,calls=59
SUPG-RT-confirmed-only B=80 s=0 calls <= budget,PASS,calls=59 budget=80
SUPG-RT-confirmed-only B=80 s=0 C6_full_EVENT_MATERIALIZE confirmed anchor,PASS,segments=14
SUPG-RT-confirmed-only B=80 s=0 C6_full_EVENT_MATERIALIZE no NaN,PASS,segments=14
SUPG-RT-confirmed-only B=80 s=0 C6_full_EVENT_MATERIALIZE nonnegative duration,PASS,segments=14
SUPG-RT-confirmed-only B=80 s=0 C6_full_EVENT_MATERIALIZE duration cap,PASS,D_seg_max=60.0
SUPG-RT-confirmed-only B=80 s=0 C6_full_EVENT_MATERIALIZE negative barrier,PASS,negatives=42
SUPG-RT-confirmed-only B=80 s=0 K0_naive_merge confirmed anchor,PASS,segments=1
SUPG-RT-confirmed-only B=80 s=0 K0_naive_merge no NaN,PASS,segments=1
SUPG-RT-confirmed-only B=80 s=0 K0_naive_merge nonnegative duration,PASS,segments=1
SUPG-RT-confirmed-only B=80 s=0 K1_gap_limited confirmed anchor,PASS,segments=12
SUPG-RT-confirmed-only B=80 s=0 K1_gap_limited no NaN,PASS,segments=12
SUPG-RT-confirmed-only B=80 s=0 K1_gap_limited nonnegative duration,PASS,segments=12
SUPG-RT-confirmed-only B=80 s=0 K2_gap_duration confirmed anchor,PASS,segments=12
SUPG-RT-confirmed-only B=80 s=0 K2_gap_duration no NaN,PASS,segments=12
SUPG-RT-confirmed-only B=80 s=0 K2_gap_duration nonnegative duration,PASS,segments=12
SUPG-RT-confirmed-only B=80 s=0 K2_gap_duration duration cap,PASS,D_seg_max=60.0
SUPG-RT-confirmed-only B=80 s=0 K3_gap_duration_negative_barrier confirmed anchor,PASS,segments=14
SUPG-RT-confirmed-only B=80 s=0 K3_gap_duration_negative_barrier no NaN,PASS,segments=14
SUPG-RT-confirmed-only B=80 s=0 K3_gap_duration_negative_barrier nonnegative duration,PASS,segments=14
SUPG-RT-confirmed-only B=80 s=0 K3_gap_duration_negative_barrier duration cap,PASS,D_seg_max=60.0
SUPG-RT-confirmed-only B=80 s=0 K3_gap_duration_negative_barrier negative barrier,PASS,negatives=42
SUPG-RT-confirmed-only B=80 s=0 K4_gap_duration_negative_barrier_selected_expand confirmed anchor,PASS,segments=14
SUPG-RT-confirmed-only B=80 s=0 K4_gap_duration_negative_barrier_selected_expand no NaN,PASS,segments=14
SUPG-RT-confirmed-only B=80 s=0 K4_gap_duration_negative_barrier_selected_expand nonnegative duration,PASS,segments=14
SUPG-RT-confirmed-only B=80 s=0 K4_gap_duration_negative_barrier_selected_expand duration cap,PASS,D_seg_max=60.0
SUPG-RT-confirmed-only B=80 s=0 K4_gap_duration_negative_barrier_selected_expand negative barrier,PASS,negatives=42
SUPG-RT-confirmed-only B=80 s=0 K4 expansion no unconfirmed seed,PASS,every segment contains queried positive anchor
SUPG-RT-confirmed-only B=80 s=1 oracle order,PASS,calls=56
SUPG-RT-confirmed-only B=80 s=1 calls <= budget,PASS,calls=56 budget=80
SUPG-RT-confirmed-only B=80 s=1 C6_full_EVENT_MATERIALIZE confirmed anchor,PASS,segments=12
SUPG-RT-confirmed-only B=80 s=1 C6_full_EVENT_MATERIALIZE no NaN,PASS,segments=12
SUPG-RT-confirmed-only B=80 s=1 C6_full_EVENT_MATERIALIZE nonnegative duration,PASS,segments=12
SUPG-RT-confirmed-only B=80 s=1 C6_full_EVENT_MATERIALIZE duration cap,PASS,D_seg_max=60.0
SUPG-RT-confirmed-only B=80 s=1 C6_full_EVENT_MATERIALIZE negative barrier,PASS,negatives=37
SUPG-RT-confirmed-only B=80 s=1 K0_naive_merge confirmed anchor,PASS,segments=1
SUPG-RT-confirmed-only B=80 s=1 K0_naive_merge no NaN,PASS,segments=1
SUPG-RT-confirmed-only B=80 s=1 K0_naive_merge nonnegative duration,PASS,segments=1
SUPG-RT-confirmed-only B=80 s=1 K1_gap_limited confirmed anchor,PASS,segments=10
SUPG-RT-confirmed-only B=80 s=1 K1_gap_limited no NaN,PASS,segments=10
SUPG-RT-confirmed-only B=80 s=1 K1_gap_limited nonnegative duration,PASS,segments=10
SUPG-RT-confirmed-only B=80 s=1 K2_gap_duration confirmed anchor,PASS,segments=11
SUPG-RT-confirmed-only B=80 s=1 K2_gap_duration no NaN,PASS,segments=11
SUPG-RT-confirmed-only B=80 s=1 K2_gap_duration nonnegative duration,PASS,segments=11
SUPG-RT-confirmed-only B=80 s=1 K2_gap_duration duration cap,PASS,D_seg_max=60.0
SUPG-RT-confirmed-only B=80 s=1 K3_gap_duration_negative_barrier confirmed anchor,PASS,segments=12
SUPG-RT-confirmed-only B=80 s=1 K3_gap_duration_negative_barrier no NaN,PASS,segments=12
SUPG-RT-confirmed-only B=80 s=1 K3_gap_duration_negative_barrier nonnegative duration,PASS,segments=12
SUPG-RT-confirmed-only B=80 s=1 K3_gap_duration_negative_barrier duration cap,PASS,D_seg_max=60.0
SUPG-RT-confirmed-only B=80 s=1 K3_gap_duration_negative_barrier negative barrier,PASS,negatives=37
SUPG-RT-confirmed-only B=80 s=1 K4_gap_duration_negative_barrier_selected_expand confirmed anchor,PASS,segments=12
SUPG-RT-confirmed-only B=80 s=1 K4_gap_duration_negative_barrier_selected_expand no NaN,PASS,segments=12
SUPG-RT-confirmed-only B=80 s=1 K4_gap_duration_negative_barrier_selected_expand nonnegative duration,PASS,segments=12
SUPG-RT-confirmed-only B=80 s=1 K4_gap_duration_negative_barrier_selected_expand duration cap,PASS,D_seg_max=60.0
SUPG-RT-confirmed-only B=80 s=1 K4_gap_duration_negative_barrier_selected_expand negative barrier,PASS,negatives=37
SUPG-RT-confirmed-only B=80 s=1 K4 expansion no unconfirmed seed,PASS,every segment contains queried positive anchor
SUPG-RT-confirmed-only B=80 s=2 oracle order,PASS,calls=63
SUPG-RT-confirmed-only B=80 s=2 calls <= budget,PASS,calls=63 budget=80
SUPG-RT-confirmed-only B=80 s=2 C6_full_EVENT_MATERIALIZE confirmed anchor,PASS,segments=13
SUPG-RT-confirmed-only B=80 s=2 C6_full_EVENT_MATERIALIZE no NaN,PASS,segments=13
SUPG-RT-confirmed-only B=80 s=2 C6_full_EVENT_MATERIALIZE nonnegative duration,PASS,segments=13
SUPG-RT-confirmed-only B=80 s=2 C6_full_EVENT_MATERIALIZE duration cap,PASS,D_seg_max=60.0
SUPG-RT-confirmed-only B=80 s=2 C6_full_EVENT_MATERIALIZE negative barrier,PASS,negatives=41
SUPG-RT-confirmed-only B=80 s=2 K0_naive_merge confirmed anchor,PASS,segments=1
SUPG-RT-confirmed-only B=80 s=2 K0_naive_merge no NaN,PASS,segments=1
SUPG-RT-confirmed-only B=80 s=2 K0_naive_merge nonnegative duration,PASS,segments=1
SUPG-RT-confirmed-only B=80 s=2 K1_gap_limited confirmed anchor,PASS,segments=9
SUPG-RT-confirmed-only B=80 s=2 K1_gap_limited no NaN,PASS,segments=9
SUPG-RT-confirmed-only B=80 s=2 K1_gap_limited nonnegative duration,PASS,segments=9
SUPG-RT-confirmed-only B=80 s=2 K2_gap_duration confirmed anchor,PASS,segments=12
SUPG-RT-confirmed-only B=80 s=2 K2_gap_duration no NaN,PASS,segments=12
SUPG-RT-confirmed-only B=80 s=2 K2_gap_duration nonnegative duration,PASS,segments=12
SUPG-RT-confirmed-only B=80 s=2 K2_gap_duration duration cap,PASS,D_seg_max=60.0
SUPG-RT-confirmed-only B=80 s=2 K3_gap_duration_negative_barrier confirmed anchor,PASS,segments=13
SUPG-RT-confirmed-only B=80 s=2 K3_gap_duration_negative_barrier no NaN,PASS,segments=13
SUPG-RT-confirmed-only B=80 s=2 K3_gap_duration_negative_barrier nonnegative duration,PASS,segments=13
SUPG-RT-confirmed-only B=80 s=2 K3_gap_duration_negative_barrier duration cap,PASS,D_seg_max=60.0
SUPG-RT-confirmed-only B=80 s=2 K3_gap_duration_negative_barrier negative barrier,PASS,negatives=41
SUPG-RT-confirmed-only B=80 s=2 K4_gap_duration_negative_barrier_selected_expand confirmed anchor,PASS,segments=13
SUPG-RT-confirmed-only B=80 s=2 K4_gap_duration_negative_barrier_selected_expand no NaN,PASS,segments=13
SUPG-RT-confirmed-only B=80 s=2 K4_gap_duration_negative_barrier_selected_expand nonnegative duration,PASS,segments=13
SUPG-RT-confirmed-only B=80 s=2 K4_gap_duration_negative_barrier_selected_expand duration cap,PASS,D_seg_max=60.0
SUPG-RT-confirmed-only B=80 s=2 K4_gap_duration_negative_barrier_selected_expand negative barrier,PASS,negatives=41
SUPG-RT-confirmed-only B=80 s=2 K4 expansion no unconfirmed seed,PASS,every segment contains queried positive anchor
SUPG-RT-confirmed-only B=80 s=3 oracle order,PASS,calls=54
SUPG-RT-confirmed-only B=80 s=3 calls <= budget,PASS,calls=54 budget=80
SUPG-RT-confirmed-only B=80 s=3 C6_full_EVENT_MATERIALIZE confirmed anchor,PASS,segments=10
SUPG-RT-confirmed-only B=80 s=3 C6_full_EVENT_MATERIALIZE no NaN,PASS,segments=10
SUPG-RT-confirmed-only B=80 s=3 C6_full_EVENT_MATERIALIZE nonnegative duration,PASS,segments=10
SUPG-RT-confirmed-only B=80 s=3 C6_full_EVENT_MATERIALIZE duration cap,PASS,D_seg_max=60.0
SUPG-RT-confirmed-only B=80 s=3 C6_full_EVENT_MATERIALIZE negative barrier,PASS,negatives=41
SUPG-RT-confirmed-only B=80 s=3 K0_naive_merge confirmed anchor,PASS,segments=1
SUPG-RT-confirmed-only B=80 s=3 K0_naive_merge no NaN,PASS,segments=1
SUPG-RT-confirmed-only B=80 s=3 K0_naive_merge nonnegative duration,PASS,segments=1
SUPG-RT-confirmed-only B=80 s=3 K1_gap_limited confirmed anchor,PASS,segments=10
SUPG-RT-confirmed-only B=80 s=3 K1_gap_limited no NaN,PASS,segments=10
SUPG-RT-confirmed-only B=80 s=3 K1_gap_limited nonnegative duration,PASS,segments=10
SUPG-RT-confirmed-only B=80 s=3 K2_gap_duration confirmed anchor,PASS,segments=10
SUPG-RT-confirmed-only B=80 s=3 K2_gap_duration no NaN,PASS,segments=10
SUPG-RT-confirmed-only B=80 s=3 K2_gap_duration nonnegative duration,PASS,segments=10
SUPG-RT-confirmed-only B=80 s=3 K2_gap_duration duration cap,PASS,D_seg_max=60.0
SUPG-RT-confirmed-only B=80 s=3 K3_gap_duration_negative_barrier confirmed anchor,PASS,segments=10
SUPG-RT-confirmed-only B=80 s=3 K3_gap_duration_negative_barrier no NaN,PASS,segments=10
SUPG-RT-confirmed-only B=80 s=3 K3_gap_duration_negative_barrier nonnegative duration,PASS,segments=10
SUPG-RT-confirmed-only B=80 s=3 K3_gap_duration_negative_barrier duration cap,PASS,D_seg_max=60.0
SUPG-RT-confirmed-only B=80 s=3 K3_gap_duration_negative_barrier negative barrier,PASS,negatives=41
SUPG-RT-confirmed-only B=80 s=3 K4_gap_duration_negative_barrier_selected_expand confirmed anchor,PASS,segments=10
SUPG-RT-confirmed-only B=80 s=3 K4_gap_duration_negative_barrier_selected_expand no NaN,PASS,segments=10
SUPG-RT-confirmed-only B=80 s=3 K4_gap_duration_negative_barrier_selected_expand nonnegative duration,PASS,segments=10
SUPG-RT-confirmed-only B=80 s=3 K4_gap_duration_negative_barrier_selected_expand duration cap,PASS,D_seg_max=60.0
SUPG-RT-confirmed-only B=80 s=3 K4_gap_duration_negative_barrier_selected_expand negative barrier,PASS,negatives=41
SUPG-RT-confirmed-only B=80 s=3 K4 expansion no unconfirmed seed,PASS,every segment contains queried positive anchor
SUPG-RT-confirmed-only B=80 s=4 oracle order,PASS,calls=56
SUPG-RT-confirmed-only B=80 s=4 calls <= budget,PASS,calls=56 budget=80
SUPG-RT-confirmed-only B=80 s=4 C6_full_EVENT_MATERIALIZE confirmed anchor,PASS,segments=10
SUPG-RT-confirmed-only B=80 s=4 C6_full_EVENT_MATERIALIZE no NaN,PASS,segments=10
SUPG-RT-confirmed-only B=80 s=4 C6_full_EVENT_MATERIALIZE nonnegative duration,PASS,segments=10
SUPG-RT-confirmed-only B=80 s=4 C6_full_EVENT_MATERIALIZE duration cap,PASS,D_seg_max=60.0
SUPG-RT-confirmed-only B=80 s=4 C6_full_EVENT_MATERIALIZE negative barrier,PASS,negatives=41
SUPG-RT-confirmed-only B=80 s=4 K0_naive_merge confirmed anchor,PASS,segments=1
SUPG-RT-confirmed-only B=80 s=4 K0_naive_merge no NaN,PASS,segments=1
SUPG-RT-confirmed-only B=80 s=4 K0_naive_merge nonnegative duration,PASS,segments=1
SUPG-RT-confirmed-only B=80 s=4 K1_gap_limited confirmed anchor,PASS,segments=8
SUPG-RT-confirmed-only B=80 s=4 K1_gap_limited no NaN,PASS,segments=8
SUPG-RT-confirmed-only B=80 s=4 K1_gap_limited nonnegative duration,PASS,segments=8
SUPG-RT-confirmed-only B=80 s=4 K2_gap_duration confirmed anchor,PASS,segments=10
SUPG-RT-confirmed-only B=80 s=4 K2_gap_duration no NaN,PASS,segments=10
SUPG-RT-confirmed-only B=80 s=4 K2_gap_duration nonnegative duration,PASS,segments=10
SUPG-RT-confirmed-only B=80 s=4 K2_gap_duration duration cap,PASS,D_seg_max=60.0
SUPG-RT-confirmed-only B=80 s=4 K3_gap_duration_negative_barrier confirmed anchor,PASS,segments=10
SUPG-RT-confirmed-only B=80 s=4 K3_gap_duration_negative_barrier no NaN,PASS,segments=10
SUPG-RT-confirmed-only B=80 s=4 K3_gap_duration_negative_barrier nonnegative duration,PASS,segments=10
SUPG-RT-confirmed-only B=80 s=4 K3_gap_duration_negative_barrier duration cap,PASS,D_seg_max=60.0
SUPG-RT-confirmed-only B=80 s=4 K3_gap_duration_negative_barrier negative barrier,PASS,negatives=41
SUPG-RT-confirmed-only B=80 s=4 K4_gap_duration_negative_barrier_selected_expand confirmed anchor,PASS,segments=10
SUPG-RT-confirmed-only B=80 s=4 K4_gap_duration_negative_barrier_selected_expand no NaN,PASS,segments=10
SUPG-RT-confirmed-only B=80 s=4 K4_gap_duration_negative_barrier_selected_expand nonnegative duration,PASS,segments=10
SUPG-RT-confirmed-only B=80 s=4 K4_gap_duration_negative_barrier_selected_expand duration cap,PASS,D_seg_max=60.0
SUPG-RT-confirmed-only B=80 s=4 K4_gap_duration_negative_barrier_selected_expand negative barrier,PASS,negatives=41
SUPG-RT-confirmed-only B=80 s=4 K4 expansion no unconfirmed seed,PASS,every segment contains queried positive anchor
Ours-Frozen-LATE-AQP-v1 B=100 s=0 oracle order,PASS,calls=100
Ours-Frozen-LATE-AQP-v1 B=100 s=0 calls <= budget,PASS,calls=100 budget=100
Ours-Frozen-LATE-AQP-v1 B=100 s=0 C6_full_EVENT_MATERIALIZE confirmed anchor,PASS,segments=21
Ours-Frozen-LATE-AQP-v1 B=100 s=0 C6_full_EVENT_MATERIALIZE no NaN,PASS,segments=21
Ours-Frozen-LATE-AQP-v1 B=100 s=0 C6_full_EVENT_MATERIALIZE nonnegative duration,PASS,segments=21
Ours-Frozen-LATE-AQP-v1 B=100 s=0 C6_full_EVENT_MATERIALIZE duration cap,PASS,D_seg_max=60.0
Ours-Frozen-LATE-AQP-v1 B=100 s=0 C6_full_EVENT_MATERIALIZE negative barrier,PASS,negatives=68
Ours-Frozen-LATE-AQP-v1 B=100 s=0 K0_naive_merge confirmed anchor,PASS,segments=1
Ours-Frozen-LATE-AQP-v1 B=100 s=0 K0_naive_merge no NaN,PASS,segments=1
Ours-Frozen-LATE-AQP-v1 B=100 s=0 K0_naive_merge nonnegative duration,PASS,segments=1
Ours-Frozen-LATE-AQP-v1 B=100 s=0 K1_gap_limited confirmed anchor,PASS,segments=13
Ours-Frozen-LATE-AQP-v1 B=100 s=0 K1_gap_limited no NaN,PASS,segments=13
Ours-Frozen-LATE-AQP-v1 B=100 s=0 K1_gap_limited nonnegative duration,PASS,segments=13
Ours-Frozen-LATE-AQP-v1 B=100 s=0 K2_gap_duration confirmed anchor,PASS,segments=16
Ours-Frozen-LATE-AQP-v1 B=100 s=0 K2_gap_duration no NaN,PASS,segments=16
Ours-Frozen-LATE-AQP-v1 B=100 s=0 K2_gap_duration nonnegative duration,PASS,segments=16
Ours-Frozen-LATE-AQP-v1 B=100 s=0 K2_gap_duration duration cap,PASS,D_seg_max=60.0
Ours-Frozen-LATE-AQP-v1 B=100 s=0 K3_gap_duration_negative_barrier confirmed anchor,PASS,segments=21
Ours-Frozen-LATE-AQP-v1 B=100 s=0 K3_gap_duration_negative_barrier no NaN,PASS,segments=21
Ours-Frozen-LATE-AQP-v1 B=100 s=0 K3_gap_duration_negative_barrier nonnegative duration,PASS,segments=21
Ours-Frozen-LATE-AQP-v1 B=100 s=0 K3_gap_duration_negative_barrier duration cap,PASS,D_seg_max=60.0
Ours-Frozen-LATE-AQP-v1 B=100 s=0 K3_gap_duration_negative_barrier negative barrier,PASS,negatives=68
Ours-Frozen-LATE-AQP-v1 B=100 s=0 K4_gap_duration_negative_barrier_selected_expand confirmed anchor,PASS,segments=21
Ours-Frozen-LATE-AQP-v1 B=100 s=0 K4_gap_duration_negative_barrier_selected_expand no NaN,PASS,segments=21
Ours-Frozen-LATE-AQP-v1 B=100 s=0 K4_gap_duration_negative_barrier_selected_expand nonnegative duration,PASS,segments=21
Ours-Frozen-LATE-AQP-v1 B=100 s=0 K4_gap_duration_negative_barrier_selected_expand duration cap,PASS,D_seg_max=60.0
Ours-Frozen-LATE-AQP-v1 B=100 s=0 K4_gap_duration_negative_barrier_selected_expand negative barrier,PASS,negatives=68
Ours-Frozen-LATE-AQP-v1 B=100 s=0 K4 expansion no unconfirmed seed,PASS,every segment contains queried positive anchor
Ours-Frozen-LATE-AQP-v1 B=100 s=1 oracle order,PASS,calls=100
Ours-Frozen-LATE-AQP-v1 B=100 s=1 calls <= budget,PASS,calls=100 budget=100
Ours-Frozen-LATE-AQP-v1 B=100 s=1 C6_full_EVENT_MATERIALIZE confirmed anchor,PASS,segments=21
Ours-Frozen-LATE-AQP-v1 B=100 s=1 C6_full_EVENT_MATERIALIZE no NaN,PASS,segments=21
Ours-Frozen-LATE-AQP-v1 B=100 s=1 C6_full_EVENT_MATERIALIZE nonnegative duration,PASS,segments=21
Ours-Frozen-LATE-AQP-v1 B=100 s=1 C6_full_EVENT_MATERIALIZE duration cap,PASS,D_seg_max=60.0
Ours-Frozen-LATE-AQP-v1 B=100 s=1 C6_full_EVENT_MATERIALIZE negative barrier,PASS,negatives=68
Ours-Frozen-LATE-AQP-v1 B=100 s=1 K0_naive_merge confirmed anchor,PASS,segments=1
Ours-Frozen-LATE-AQP-v1 B=100 s=1 K0_naive_merge no NaN,PASS,segments=1
Ours-Frozen-LATE-AQP-v1 B=100 s=1 K0_naive_merge nonnegative duration,PASS,segments=1
Ours-Frozen-LATE-AQP-v1 B=100 s=1 K1_gap_limited confirmed anchor,PASS,segments=13
Ours-Frozen-LATE-AQP-v1 B=100 s=1 K1_gap_limited no NaN,PASS,segments=13
Ours-Frozen-LATE-AQP-v1 B=100 s=1 K1_gap_limited nonnegative duration,PASS,segments=13
Ours-Frozen-LATE-AQP-v1 B=100 s=1 K2_gap_duration confirmed anchor,PASS,segments=16
Ours-Frozen-LATE-AQP-v1 B=100 s=1 K2_gap_duration no NaN,PASS,segments=16
Ours-Frozen-LATE-AQP-v1 B=100 s=1 K2_gap_duration nonnegative duration,PASS,segments=16
Ours-Frozen-LATE-AQP-v1 B=100 s=1 K2_gap_duration duration cap,PASS,D_seg_max=60.0
Ours-Frozen-LATE-AQP-v1 B=100 s=1 K3_gap_duration_negative_barrier confirmed anchor,PASS,segments=21
Ours-Frozen-LATE-AQP-v1 B=100 s=1 K3_gap_duration_negative_barrier no NaN,PASS,segments=21
Ours-Frozen-LATE-AQP-v1 B=100 s=1 K3_gap_duration_negative_barrier nonnegative duration,PASS,segments=21
Ours-Frozen-LATE-AQP-v1 B=100 s=1 K3_gap_duration_negative_barrier duration cap,PASS,D_seg_max=60.0
Ours-Frozen-LATE-AQP-v1 B=100 s=1 K3_gap_duration_negative_barrier negative barrier,PASS,negatives=68
Ours-Frozen-LATE-AQP-v1 B=100 s=1 K4_gap_duration_negative_barrier_selected_expand confirmed anchor,PASS,segments=21
Ours-Frozen-LATE-AQP-v1 B=100 s=1 K4_gap_duration_negative_barrier_selected_expand no NaN,PASS,segments=21
Ours-Frozen-LATE-AQP-v1 B=100 s=1 K4_gap_duration_negative_barrier_selected_expand nonnegative duration,PASS,segments=21
Ours-Frozen-LATE-AQP-v1 B=100 s=1 K4_gap_duration_negative_barrier_selected_expand duration cap,PASS,D_seg_max=60.0
Ours-Frozen-LATE-AQP-v1 B=100 s=1 K4_gap_duration_negative_barrier_selected_expand negative barrier,PASS,negatives=68
Ours-Frozen-LATE-AQP-v1 B=100 s=1 K4 expansion no unconfirmed seed,PASS,every segment contains queried positive anchor
Ours-Frozen-LATE-AQP-v1 B=100 s=2 oracle order,PASS,calls=100
Ours-Frozen-LATE-AQP-v1 B=100 s=2 calls <= budget,PASS,calls=100 budget=100
Ours-Frozen-LATE-AQP-v1 B=100 s=2 C6_full_EVENT_MATERIALIZE confirmed anchor,PASS,segments=21
Ours-Frozen-LATE-AQP-v1 B=100 s=2 C6_full_EVENT_MATERIALIZE no NaN,PASS,segments=21
Ours-Frozen-LATE-AQP-v1 B=100 s=2 C6_full_EVENT_MATERIALIZE nonnegative duration,PASS,segments=21
Ours-Frozen-LATE-AQP-v1 B=100 s=2 C6_full_EVENT_MATERIALIZE duration cap,PASS,D_seg_max=60.0
Ours-Frozen-LATE-AQP-v1 B=100 s=2 C6_full_EVENT_MATERIALIZE negative barrier,PASS,negatives=68
Ours-Frozen-LATE-AQP-v1 B=100 s=2 K0_naive_merge confirmed anchor,PASS,segments=1
Ours-Frozen-LATE-AQP-v1 B=100 s=2 K0_naive_merge no NaN,PASS,segments=1
Ours-Frozen-LATE-AQP-v1 B=100 s=2 K0_naive_merge nonnegative duration,PASS,segments=1
Ours-Frozen-LATE-AQP-v1 B=100 s=2 K1_gap_limited confirmed anchor,PASS,segments=13
Ours-Frozen-LATE-AQP-v1 B=100 s=2 K1_gap_limited no NaN,PASS,segments=13
Ours-Frozen-LATE-AQP-v1 B=100 s=2 K1_gap_limited nonnegative duration,PASS,segments=13
Ours-Frozen-LATE-AQP-v1 B=100 s=2 K2_gap_duration confirmed anchor,PASS,segments=16
Ours-Frozen-LATE-AQP-v1 B=100 s=2 K2_gap_duration no NaN,PASS,segments=16
Ours-Frozen-LATE-AQP-v1 B=100 s=2 K2_gap_duration nonnegative duration,PASS,segments=16
Ours-Frozen-LATE-AQP-v1 B=100 s=2 K2_gap_duration duration cap,PASS,D_seg_max=60.0
Ours-Frozen-LATE-AQP-v1 B=100 s=2 K3_gap_duration_negative_barrier confirmed anchor,PASS,segments=21
Ours-Frozen-LATE-AQP-v1 B=100 s=2 K3_gap_duration_negative_barrier no NaN,PASS,segments=21
Ours-Frozen-LATE-AQP-v1 B=100 s=2 K3_gap_duration_negative_barrier nonnegative duration,PASS,segments=21
Ours-Frozen-LATE-AQP-v1 B=100 s=2 K3_gap_duration_negative_barrier duration cap,PASS,D_seg_max=60.0
Ours-Frozen-LATE-AQP-v1 B=100 s=2 K3_gap_duration_negative_barrier negative barrier,PASS,negatives=68
Ours-Frozen-LATE-AQP-v1 B=100 s=2 K4_gap_duration_negative_barrier_selected_expand confirmed anchor,PASS,segments=21
Ours-Frozen-LATE-AQP-v1 B=100 s=2 K4_gap_duration_negative_barrier_selected_expand no NaN,PASS,segments=21
Ours-Frozen-LATE-AQP-v1 B=100 s=2 K4_gap_duration_negative_barrier_selected_expand nonnegative duration,PASS,segments=21
Ours-Frozen-LATE-AQP-v1 B=100 s=2 K4_gap_duration_negative_barrier_selected_expand duration cap,PASS,D_seg_max=60.0
Ours-Frozen-LATE-AQP-v1 B=100 s=2 K4_gap_duration_negative_barrier_selected_expand negative barrier,PASS,negatives=68
Ours-Frozen-LATE-AQP-v1 B=100 s=2 K4 expansion no unconfirmed seed,PASS,every segment contains queried positive anchor
Ours-Frozen-LATE-AQP-v1 B=100 s=3 oracle order,PASS,calls=100
Ours-Frozen-LATE-AQP-v1 B=100 s=3 calls <= budget,PASS,calls=100 budget=100
Ours-Frozen-LATE-AQP-v1 B=100 s=3 C6_full_EVENT_MATERIALIZE confirmed anchor,PASS,segments=21
Ours-Frozen-LATE-AQP-v1 B=100 s=3 C6_full_EVENT_MATERIALIZE no NaN,PASS,segments=21
Ours-Frozen-LATE-AQP-v1 B=100 s=3 C6_full_EVENT_MATERIALIZE nonnegative duration,PASS,segments=21
Ours-Frozen-LATE-AQP-v1 B=100 s=3 C6_full_EVENT_MATERIALIZE duration cap,PASS,D_seg_max=60.0
Ours-Frozen-LATE-AQP-v1 B=100 s=3 C6_full_EVENT_MATERIALIZE negative barrier,PASS,negatives=68
Ours-Frozen-LATE-AQP-v1 B=100 s=3 K0_naive_merge confirmed anchor,PASS,segments=1
Ours-Frozen-LATE-AQP-v1 B=100 s=3 K0_naive_merge no NaN,PASS,segments=1
Ours-Frozen-LATE-AQP-v1 B=100 s=3 K0_naive_merge nonnegative duration,PASS,segments=1
Ours-Frozen-LATE-AQP-v1 B=100 s=3 K1_gap_limited confirmed anchor,PASS,segments=13
Ours-Frozen-LATE-AQP-v1 B=100 s=3 K1_gap_limited no NaN,PASS,segments=13
Ours-Frozen-LATE-AQP-v1 B=100 s=3 K1_gap_limited nonnegative duration,PASS,segments=13
Ours-Frozen-LATE-AQP-v1 B=100 s=3 K2_gap_duration confirmed anchor,PASS,segments=16
Ours-Frozen-LATE-AQP-v1 B=100 s=3 K2_gap_duration no NaN,PASS,segments=16
Ours-Frozen-LATE-AQP-v1 B=100 s=3 K2_gap_duration nonnegative duration,PASS,segments=16
Ours-Frozen-LATE-AQP-v1 B=100 s=3 K2_gap_duration duration cap,PASS,D_seg_max=60.0
Ours-Frozen-LATE-AQP-v1 B=100 s=3 K3_gap_duration_negative_barrier confirmed anchor,PASS,segments=21
Ours-Frozen-LATE-AQP-v1 B=100 s=3 K3_gap_duration_negative_barrier no NaN,PASS,segments=21
Ours-Frozen-LATE-AQP-v1 B=100 s=3 K3_gap_duration_negative_barrier nonnegative duration,PASS,segments=21
Ours-Frozen-LATE-AQP-v1 B=100 s=3 K3_gap_duration_negative_barrier duration cap,PASS,D_seg_max=60.0
Ours-Frozen-LATE-AQP-v1 B=100 s=3 K3_gap_duration_negative_barrier negative barrier,PASS,negatives=68
Ours-Frozen-LATE-AQP-v1 B=100 s=3 K4_gap_duration_negative_barrier_selected_expand confirmed anchor,PASS,segments=21
Ours-Frozen-LATE-AQP-v1 B=100 s=3 K4_gap_duration_negative_barrier_selected_expand no NaN,PASS,segments=21
Ours-Frozen-LATE-AQP-v1 B=100 s=3 K4_gap_duration_negative_barrier_selected_expand nonnegative duration,PASS,segments=21
Ours-Frozen-LATE-AQP-v1 B=100 s=3 K4_gap_duration_negative_barrier_selected_expand duration cap,PASS,D_seg_max=60.0
Ours-Frozen-LATE-AQP-v1 B=100 s=3 K4_gap_duration_negative_barrier_selected_expand negative barrier,PASS,negatives=68
Ours-Frozen-LATE-AQP-v1 B=100 s=3 K4 expansion no unconfirmed seed,PASS,every segment contains queried positive anchor
Ours-Frozen-LATE-AQP-v1 B=100 s=4 oracle order,PASS,calls=100
Ours-Frozen-LATE-AQP-v1 B=100 s=4 calls <= budget,PASS,calls=100 budget=100
Ours-Frozen-LATE-AQP-v1 B=100 s=4 C6_full_EVENT_MATERIALIZE confirmed anchor,PASS,segments=21
Ours-Frozen-LATE-AQP-v1 B=100 s=4 C6_full_EVENT_MATERIALIZE no NaN,PASS,segments=21
Ours-Frozen-LATE-AQP-v1 B=100 s=4 C6_full_EVENT_MATERIALIZE nonnegative duration,PASS,segments=21
Ours-Frozen-LATE-AQP-v1 B=100 s=4 C6_full_EVENT_MATERIALIZE duration cap,PASS,D_seg_max=60.0
Ours-Frozen-LATE-AQP-v1 B=100 s=4 C6_full_EVENT_MATERIALIZE negative barrier,PASS,negatives=68
Ours-Frozen-LATE-AQP-v1 B=100 s=4 K0_naive_merge confirmed anchor,PASS,segments=1
Ours-Frozen-LATE-AQP-v1 B=100 s=4 K0_naive_merge no NaN,PASS,segments=1
Ours-Frozen-LATE-AQP-v1 B=100 s=4 K0_naive_merge nonnegative duration,PASS,segments=1
Ours-Frozen-LATE-AQP-v1 B=100 s=4 K1_gap_limited confirmed anchor,PASS,segments=13
Ours-Frozen-LATE-AQP-v1 B=100 s=4 K1_gap_limited no NaN,PASS,segments=13
Ours-Frozen-LATE-AQP-v1 B=100 s=4 K1_gap_limited nonnegative duration,PASS,segments=13
Ours-Frozen-LATE-AQP-v1 B=100 s=4 K2_gap_duration confirmed anchor,PASS,segments=16
Ours-Frozen-LATE-AQP-v1 B=100 s=4 K2_gap_duration no NaN,PASS,segments=16
Ours-Frozen-LATE-AQP-v1 B=100 s=4 K2_gap_duration nonnegative duration,PASS,segments=16
Ours-Frozen-LATE-AQP-v1 B=100 s=4 K2_gap_duration duration cap,PASS,D_seg_max=60.0
Ours-Frozen-LATE-AQP-v1 B=100 s=4 K3_gap_duration_negative_barrier confirmed anchor,PASS,segments=21
Ours-Frozen-LATE-AQP-v1 B=100 s=4 K3_gap_duration_negative_barrier no NaN,PASS,segments=21
Ours-Frozen-LATE-AQP-v1 B=100 s=4 K3_gap_duration_negative_barrier nonnegative duration,PASS,segments=21
Ours-Frozen-LATE-AQP-v1 B=100 s=4 K3_gap_duration_negative_barrier duration cap,PASS,D_seg_max=60.0
Ours-Frozen-LATE-AQP-v1 B=100 s=4 K3_gap_duration_negative_barrier negative barrier,PASS,negatives=68
Ours-Frozen-LATE-AQP-v1 B=100 s=4 K4_gap_duration_negative_barrier_selected_expand confirmed anchor,PASS,segments=21
Ours-Frozen-LATE-AQP-v1 B=100 s=4 K4_gap_duration_negative_barrier_selected_expand no NaN,PASS,segments=21
Ours-Frozen-LATE-AQP-v1 B=100 s=4 K4_gap_duration_negative_barrier_selected_expand nonnegative duration,PASS,segments=21
Ours-Frozen-LATE-AQP-v1 B=100 s=4 K4_gap_duration_negative_barrier_selected_expand duration cap,PASS,D_seg_max=60.0
Ours-Frozen-LATE-AQP-v1 B=100 s=4 K4_gap_duration_negative_barrier_selected_expand negative barrier,PASS,negatives=68
Ours-Frozen-LATE-AQP-v1 B=100 s=4 K4 expansion no unconfirmed seed,PASS,every segment contains queried positive anchor
Ours-Frozen-LATE-AQP-v1 B=10 s=0 oracle order,PASS,calls=10
Ours-Frozen-LATE-AQP-v1 B=10 s=0 calls <= budget,PASS,calls=10 budget=10
Ours-Frozen-LATE-AQP-v1 B=10 s=0 C6_full_EVENT_MATERIALIZE confirmed anchor,PASS,segments=3
Ours-Frozen-LATE-AQP-v1 B=10 s=0 C6_full_EVENT_MATERIALIZE no NaN,PASS,segments=3
Ours-Frozen-LATE-AQP-v1 B=10 s=0 C6_full_EVENT_MATERIALIZE nonnegative duration,PASS,segments=3
Ours-Frozen-LATE-AQP-v1 B=10 s=0 C6_full_EVENT_MATERIALIZE duration cap,PASS,D_seg_max=60.0
Ours-Frozen-LATE-AQP-v1 B=10 s=0 C6_full_EVENT_MATERIALIZE negative barrier,PASS,negatives=5
Ours-Frozen-LATE-AQP-v1 B=10 s=0 K0_naive_merge confirmed anchor,PASS,segments=1
Ours-Frozen-LATE-AQP-v1 B=10 s=0 K0_naive_merge no NaN,PASS,segments=1
Ours-Frozen-LATE-AQP-v1 B=10 s=0 K0_naive_merge nonnegative duration,PASS,segments=1
Ours-Frozen-LATE-AQP-v1 B=10 s=0 K1_gap_limited confirmed anchor,PASS,segments=3
Ours-Frozen-LATE-AQP-v1 B=10 s=0 K1_gap_limited no NaN,PASS,segments=3
Ours-Frozen-LATE-AQP-v1 B=10 s=0 K1_gap_limited nonnegative duration,PASS,segments=3
Ours-Frozen-LATE-AQP-v1 B=10 s=0 K2_gap_duration confirmed anchor,PASS,segments=3
Ours-Frozen-LATE-AQP-v1 B=10 s=0 K2_gap_duration no NaN,PASS,segments=3
Ours-Frozen-LATE-AQP-v1 B=10 s=0 K2_gap_duration nonnegative duration,PASS,segments=3
Ours-Frozen-LATE-AQP-v1 B=10 s=0 K2_gap_duration duration cap,PASS,D_seg_max=60.0
Ours-Frozen-LATE-AQP-v1 B=10 s=0 K3_gap_duration_negative_barrier confirmed anchor,PASS,segments=3
Ours-Frozen-LATE-AQP-v1 B=10 s=0 K3_gap_duration_negative_barrier no NaN,PASS,segments=3
Ours-Frozen-LATE-AQP-v1 B=10 s=0 K3_gap_duration_negative_barrier nonnegative duration,PASS,segments=3
Ours-Frozen-LATE-AQP-v1 B=10 s=0 K3_gap_duration_negative_barrier duration cap,PASS,D_seg_max=60.0
Ours-Frozen-LATE-AQP-v1 B=10 s=0 K3_gap_duration_negative_barrier negative barrier,PASS,negatives=5
Ours-Frozen-LATE-AQP-v1 B=10 s=0 K4_gap_duration_negative_barrier_selected_expand confirmed anchor,PASS,segments=3
Ours-Frozen-LATE-AQP-v1 B=10 s=0 K4_gap_duration_negative_barrier_selected_expand no NaN,PASS,segments=3
Ours-Frozen-LATE-AQP-v1 B=10 s=0 K4_gap_duration_negative_barrier_selected_expand nonnegative duration,PASS,segments=3
Ours-Frozen-LATE-AQP-v1 B=10 s=0 K4_gap_duration_negative_barrier_selected_expand duration cap,PASS,D_seg_max=60.0
Ours-Frozen-LATE-AQP-v1 B=10 s=0 K4_gap_duration_negative_barrier_selected_expand negative barrier,PASS,negatives=5
Ours-Frozen-LATE-AQP-v1 B=10 s=0 K4 expansion no unconfirmed seed,PASS,every segment contains queried positive anchor
Ours-Frozen-LATE-AQP-v1 B=10 s=1 oracle order,PASS,calls=10
Ours-Frozen-LATE-AQP-v1 B=10 s=1 calls <= budget,PASS,calls=10 budget=10
Ours-Frozen-LATE-AQP-v1 B=10 s=1 C6_full_EVENT_MATERIALIZE confirmed anchor,PASS,segments=3
Ours-Frozen-LATE-AQP-v1 B=10 s=1 C6_full_EVENT_MATERIALIZE no NaN,PASS,segments=3
Ours-Frozen-LATE-AQP-v1 B=10 s=1 C6_full_EVENT_MATERIALIZE nonnegative duration,PASS,segments=3
Ours-Frozen-LATE-AQP-v1 B=10 s=1 C6_full_EVENT_MATERIALIZE duration cap,PASS,D_seg_max=60.0
Ours-Frozen-LATE-AQP-v1 B=10 s=1 C6_full_EVENT_MATERIALIZE negative barrier,PASS,negatives=5
Ours-Frozen-LATE-AQP-v1 B=10 s=1 K0_naive_merge confirmed anchor,PASS,segments=1
Ours-Frozen-LATE-AQP-v1 B=10 s=1 K0_naive_merge no NaN,PASS,segments=1
Ours-Frozen-LATE-AQP-v1 B=10 s=1 K0_naive_merge nonnegative duration,PASS,segments=1
Ours-Frozen-LATE-AQP-v1 B=10 s=1 K1_gap_limited confirmed anchor,PASS,segments=3
Ours-Frozen-LATE-AQP-v1 B=10 s=1 K1_gap_limited no NaN,PASS,segments=3
Ours-Frozen-LATE-AQP-v1 B=10 s=1 K1_gap_limited nonnegative duration,PASS,segments=3
Ours-Frozen-LATE-AQP-v1 B=10 s=1 K2_gap_duration confirmed anchor,PASS,segments=3
Ours-Frozen-LATE-AQP-v1 B=10 s=1 K2_gap_duration no NaN,PASS,segments=3
Ours-Frozen-LATE-AQP-v1 B=10 s=1 K2_gap_duration nonnegative duration,PASS,segments=3
Ours-Frozen-LATE-AQP-v1 B=10 s=1 K2_gap_duration duration cap,PASS,D_seg_max=60.0
Ours-Frozen-LATE-AQP-v1 B=10 s=1 K3_gap_duration_negative_barrier confirmed anchor,PASS,segments=3
Ours-Frozen-LATE-AQP-v1 B=10 s=1 K3_gap_duration_negative_barrier no NaN,PASS,segments=3
Ours-Frozen-LATE-AQP-v1 B=10 s=1 K3_gap_duration_negative_barrier nonnegative duration,PASS,segments=3
Ours-Frozen-LATE-AQP-v1 B=10 s=1 K3_gap_duration_negative_barrier duration cap,PASS,D_seg_max=60.0
Ours-Frozen-LATE-AQP-v1 B=10 s=1 K3_gap_duration_negative_barrier negative barrier,PASS,negatives=5
Ours-Frozen-LATE-AQP-v1 B=10 s=1 K4_gap_duration_negative_barrier_selected_expand confirmed anchor,PASS,segments=3
Ours-Frozen-LATE-AQP-v1 B=10 s=1 K4_gap_duration_negative_barrier_selected_expand no NaN,PASS,segments=3
Ours-Frozen-LATE-AQP-v1 B=10 s=1 K4_gap_duration_negative_barrier_selected_expand nonnegative duration,PASS,segments=3
Ours-Frozen-LATE-AQP-v1 B=10 s=1 K4_gap_duration_negative_barrier_selected_expand duration cap,PASS,D_seg_max=60.0
Ours-Frozen-LATE-AQP-v1 B=10 s=1 K4_gap_duration_negative_barrier_selected_expand negative barrier,PASS,negatives=5
Ours-Frozen-LATE-AQP-v1 B=10 s=1 K4 expansion no unconfirmed seed,PASS,every segment contains queried positive anchor
Ours-Frozen-LATE-AQP-v1 B=10 s=2 oracle order,PASS,calls=10
Ours-Frozen-LATE-AQP-v1 B=10 s=2 calls <= budget,PASS,calls=10 budget=10
Ours-Frozen-LATE-AQP-v1 B=10 s=2 C6_full_EVENT_MATERIALIZE confirmed anchor,PASS,segments=3
Ours-Frozen-LATE-AQP-v1 B=10 s=2 C6_full_EVENT_MATERIALIZE no NaN,PASS,segments=3
Ours-Frozen-LATE-AQP-v1 B=10 s=2 C6_full_EVENT_MATERIALIZE nonnegative duration,PASS,segments=3
Ours-Frozen-LATE-AQP-v1 B=10 s=2 C6_full_EVENT_MATERIALIZE duration cap,PASS,D_seg_max=60.0
Ours-Frozen-LATE-AQP-v1 B=10 s=2 C6_full_EVENT_MATERIALIZE negative barrier,PASS,negatives=5
Ours-Frozen-LATE-AQP-v1 B=10 s=2 K0_naive_merge confirmed anchor,PASS,segments=1
Ours-Frozen-LATE-AQP-v1 B=10 s=2 K0_naive_merge no NaN,PASS,segments=1
Ours-Frozen-LATE-AQP-v1 B=10 s=2 K0_naive_merge nonnegative duration,PASS,segments=1
Ours-Frozen-LATE-AQP-v1 B=10 s=2 K1_gap_limited confirmed anchor,PASS,segments=3
Ours-Frozen-LATE-AQP-v1 B=10 s=2 K1_gap_limited no NaN,PASS,segments=3
Ours-Frozen-LATE-AQP-v1 B=10 s=2 K1_gap_limited nonnegative duration,PASS,segments=3
Ours-Frozen-LATE-AQP-v1 B=10 s=2 K2_gap_duration confirmed anchor,PASS,segments=3
Ours-Frozen-LATE-AQP-v1 B=10 s=2 K2_gap_duration no NaN,PASS,segments=3
Ours-Frozen-LATE-AQP-v1 B=10 s=2 K2_gap_duration nonnegative duration,PASS,segments=3
Ours-Frozen-LATE-AQP-v1 B=10 s=2 K2_gap_duration duration cap,PASS,D_seg_max=60.0
Ours-Frozen-LATE-AQP-v1 B=10 s=2 K3_gap_duration_negative_barrier confirmed anchor,PASS,segments=3
Ours-Frozen-LATE-AQP-v1 B=10 s=2 K3_gap_duration_negative_barrier no NaN,PASS,segments=3
Ours-Frozen-LATE-AQP-v1 B=10 s=2 K3_gap_duration_negative_barrier nonnegative duration,PASS,segments=3
Ours-Frozen-LATE-AQP-v1 B=10 s=2 K3_gap_duration_negative_barrier duration cap,PASS,D_seg_max=60.0
Ours-Frozen-LATE-AQP-v1 B=10 s=2 K3_gap_duration_negative_barrier negative barrier,PASS,negatives=5
Ours-Frozen-LATE-AQP-v1 B=10 s=2 K4_gap_duration_negative_barrier_selected_expand confirmed anchor,PASS,segments=3
Ours-Frozen-LATE-AQP-v1 B=10 s=2 K4_gap_duration_negative_barrier_selected_expand no NaN,PASS,segments=3
Ours-Frozen-LATE-AQP-v1 B=10 s=2 K4_gap_duration_negative_barrier_selected_expand nonnegative duration,PASS,segments=3
Ours-Frozen-LATE-AQP-v1 B=10 s=2 K4_gap_duration_negative_barrier_selected_expand duration cap,PASS,D_seg_max=60.0
Ours-Frozen-LATE-AQP-v1 B=10 s=2 K4_gap_duration_negative_barrier_selected_expand negative barrier,PASS,negatives=5
Ours-Frozen-LATE-AQP-v1 B=10 s=2 K4 expansion no unconfirmed seed,PASS,every segment contains queried positive anchor
Ours-Frozen-LATE-AQP-v1 B=10 s=3 oracle order,PASS,calls=10
Ours-Frozen-LATE-AQP-v1 B=10 s=3 calls <= budget,PASS,calls=10 budget=10
Ours-Frozen-LATE-AQP-v1 B=10 s=3 C6_full_EVENT_MATERIALIZE confirmed anchor,PASS,segments=2
Ours-Frozen-LATE-AQP-v1 B=10 s=3 C6_full_EVENT_MATERIALIZE no NaN,PASS,segments=2
Ours-Frozen-LATE-AQP-v1 B=10 s=3 C6_full_EVENT_MATERIALIZE nonnegative duration,PASS,segments=2
Ours-Frozen-LATE-AQP-v1 B=10 s=3 C6_full_EVENT_MATERIALIZE duration cap,PASS,D_seg_max=60.0
Ours-Frozen-LATE-AQP-v1 B=10 s=3 C6_full_EVENT_MATERIALIZE negative barrier,PASS,negatives=6
Ours-Frozen-LATE-AQP-v1 B=10 s=3 K0_naive_merge confirmed anchor,PASS,segments=1
Ours-Frozen-LATE-AQP-v1 B=10 s=3 K0_naive_merge no NaN,PASS,segments=1
Ours-Frozen-LATE-AQP-v1 B=10 s=3 K0_naive_merge nonnegative duration,PASS,segments=1
Ours-Frozen-LATE-AQP-v1 B=10 s=3 K1_gap_limited confirmed anchor,PASS,segments=2
Ours-Frozen-LATE-AQP-v1 B=10 s=3 K1_gap_limited no NaN,PASS,segments=2
Ours-Frozen-LATE-AQP-v1 B=10 s=3 K1_gap_limited nonnegative duration,PASS,segments=2
Ours-Frozen-LATE-AQP-v1 B=10 s=3 K2_gap_duration confirmed anchor,PASS,segments=2
Ours-Frozen-LATE-AQP-v1 B=10 s=3 K2_gap_duration no NaN,PASS,segments=2
Ours-Frozen-LATE-AQP-v1 B=10 s=3 K2_gap_duration nonnegative duration,PASS,segments=2
Ours-Frozen-LATE-AQP-v1 B=10 s=3 K2_gap_duration duration cap,PASS,D_seg_max=60.0
Ours-Frozen-LATE-AQP-v1 B=10 s=3 K3_gap_duration_negative_barrier confirmed anchor,PASS,segments=2
Ours-Frozen-LATE-AQP-v1 B=10 s=3 K3_gap_duration_negative_barrier no NaN,PASS,segments=2
Ours-Frozen-LATE-AQP-v1 B=10 s=3 K3_gap_duration_negative_barrier nonnegative duration,PASS,segments=2
Ours-Frozen-LATE-AQP-v1 B=10 s=3 K3_gap_duration_negative_barrier duration cap,PASS,D_seg_max=60.0
Ours-Frozen-LATE-AQP-v1 B=10 s=3 K3_gap_duration_negative_barrier negative barrier,PASS,negatives=6
Ours-Frozen-LATE-AQP-v1 B=10 s=3 K4_gap_duration_negative_barrier_selected_expand confirmed anchor,PASS,segments=2
Ours-Frozen-LATE-AQP-v1 B=10 s=3 K4_gap_duration_negative_barrier_selected_expand no NaN,PASS,segments=2
Ours-Frozen-LATE-AQP-v1 B=10 s=3 K4_gap_duration_negative_barrier_selected_expand nonnegative duration,PASS,segments=2
Ours-Frozen-LATE-AQP-v1 B=10 s=3 K4_gap_duration_negative_barrier_selected_expand duration cap,PASS,D_seg_max=60.0
Ours-Frozen-LATE-AQP-v1 B=10 s=3 K4_gap_duration_negative_barrier_selected_expand negative barrier,PASS,negatives=6
Ours-Frozen-LATE-AQP-v1 B=10 s=3 K4 expansion no unconfirmed seed,PASS,every segment contains queried positive anchor
Ours-Frozen-LATE-AQP-v1 B=10 s=4 oracle order,PASS,calls=10
Ours-Frozen-LATE-AQP-v1 B=10 s=4 calls <= budget,PASS,calls=10 budget=10
Ours-Frozen-LATE-AQP-v1 B=10 s=4 C6_full_EVENT_MATERIALIZE confirmed anchor,PASS,segments=3
Ours-Frozen-LATE-AQP-v1 B=10 s=4 C6_full_EVENT_MATERIALIZE no NaN,PASS,segments=3
Ours-Frozen-LATE-AQP-v1 B=10 s=4 C6_full_EVENT_MATERIALIZE nonnegative duration,PASS,segments=3
Ours-Frozen-LATE-AQP-v1 B=10 s=4 C6_full_EVENT_MATERIALIZE duration cap,PASS,D_seg_max=60.0
Ours-Frozen-LATE-AQP-v1 B=10 s=4 C6_full_EVENT_MATERIALIZE negative barrier,PASS,negatives=5
Ours-Frozen-LATE-AQP-v1 B=10 s=4 K0_naive_merge confirmed anchor,PASS,segments=1
Ours-Frozen-LATE-AQP-v1 B=10 s=4 K0_naive_merge no NaN,PASS,segments=1
Ours-Frozen-LATE-AQP-v1 B=10 s=4 K0_naive_merge nonnegative duration,PASS,segments=1
Ours-Frozen-LATE-AQP-v1 B=10 s=4 K1_gap_limited confirmed anchor,PASS,segments=3
Ours-Frozen-LATE-AQP-v1 B=10 s=4 K1_gap_limited no NaN,PASS,segments=3
Ours-Frozen-LATE-AQP-v1 B=10 s=4 K1_gap_limited nonnegative duration,PASS,segments=3
Ours-Frozen-LATE-AQP-v1 B=10 s=4 K2_gap_duration confirmed anchor,PASS,segments=3
Ours-Frozen-LATE-AQP-v1 B=10 s=4 K2_gap_duration no NaN,PASS,segments=3
Ours-Frozen-LATE-AQP-v1 B=10 s=4 K2_gap_duration nonnegative duration,PASS,segments=3
Ours-Frozen-LATE-AQP-v1 B=10 s=4 K2_gap_duration duration cap,PASS,D_seg_max=60.0
Ours-Frozen-LATE-AQP-v1 B=10 s=4 K3_gap_duration_negative_barrier confirmed anchor,PASS,segments=3
Ours-Frozen-LATE-AQP-v1 B=10 s=4 K3_gap_duration_negative_barrier no NaN,PASS,segments=3
Ours-Frozen-LATE-AQP-v1 B=10 s=4 K3_gap_duration_negative_barrier nonnegative duration,PASS,segments=3
Ours-Frozen-LATE-AQP-v1 B=10 s=4 K3_gap_duration_negative_barrier duration cap,PASS,D_seg_max=60.0
Ours-Frozen-LATE-AQP-v1 B=10 s=4 K3_gap_duration_negative_barrier negative barrier,PASS,negatives=5
Ours-Frozen-LATE-AQP-v1 B=10 s=4 K4_gap_duration_negative_barrier_selected_expand confirmed anchor,PASS,segments=3
Ours-Frozen-LATE-AQP-v1 B=10 s=4 K4_gap_duration_negative_barrier_selected_expand no NaN,PASS,segments=3
Ours-Frozen-LATE-AQP-v1 B=10 s=4 K4_gap_duration_negative_barrier_selected_expand nonnegative duration,PASS,segments=3
Ours-Frozen-LATE-AQP-v1 B=10 s=4 K4_gap_duration_negative_barrier_selected_expand duration cap,PASS,D_seg_max=60.0
Ours-Frozen-LATE-AQP-v1 B=10 s=4 K4_gap_duration_negative_barrier_selected_expand negative barrier,PASS,negatives=5
Ours-Frozen-LATE-AQP-v1 B=10 s=4 K4 expansion no unconfirmed seed,PASS,every segment contains queried positive anchor
Ours-Frozen-LATE-AQP-v1 B=20 s=0 oracle order,PASS,calls=20
Ours-Frozen-LATE-AQP-v1 B=20 s=0 calls <= budget,PASS,calls=20 budget=20
Ours-Frozen-LATE-AQP-v1 B=20 s=0 C6_full_EVENT_MATERIALIZE confirmed anchor,PASS,segments=5
Ours-Frozen-LATE-AQP-v1 B=20 s=0 C6_full_EVENT_MATERIALIZE no NaN,PASS,segments=5
Ours-Frozen-LATE-AQP-v1 B=20 s=0 C6_full_EVENT_MATERIALIZE nonnegative duration,PASS,segments=5
Ours-Frozen-LATE-AQP-v1 B=20 s=0 C6_full_EVENT_MATERIALIZE duration cap,PASS,D_seg_max=60.0
Ours-Frozen-LATE-AQP-v1 B=20 s=0 C6_full_EVENT_MATERIALIZE negative barrier,PASS,negatives=11
Ours-Frozen-LATE-AQP-v1 B=20 s=0 K0_naive_merge confirmed anchor,PASS,segments=1
Ours-Frozen-LATE-AQP-v1 B=20 s=0 K0_naive_merge no NaN,PASS,segments=1
Ours-Frozen-LATE-AQP-v1 B=20 s=0 K0_naive_merge nonnegative duration,PASS,segments=1
Ours-Frozen-LATE-AQP-v1 B=20 s=0 K1_gap_limited confirmed anchor,PASS,segments=4
Ours-Frozen-LATE-AQP-v1 B=20 s=0 K1_gap_limited no NaN,PASS,segments=4
Ours-Frozen-LATE-AQP-v1 B=20 s=0 K1_gap_limited nonnegative duration,PASS,segments=4
Ours-Frozen-LATE-AQP-v1 B=20 s=0 K2_gap_duration confirmed anchor,PASS,segments=5
Ours-Frozen-LATE-AQP-v1 B=20 s=0 K2_gap_duration no NaN,PASS,segments=5
Ours-Frozen-LATE-AQP-v1 B=20 s=0 K2_gap_duration nonnegative duration,PASS,segments=5
Ours-Frozen-LATE-AQP-v1 B=20 s=0 K2_gap_duration duration cap,PASS,D_seg_max=60.0
Ours-Frozen-LATE-AQP-v1 B=20 s=0 K3_gap_duration_negative_barrier confirmed anchor,PASS,segments=5
Ours-Frozen-LATE-AQP-v1 B=20 s=0 K3_gap_duration_negative_barrier no NaN,PASS,segments=5
Ours-Frozen-LATE-AQP-v1 B=20 s=0 K3_gap_duration_negative_barrier nonnegative duration,PASS,segments=5
Ours-Frozen-LATE-AQP-v1 B=20 s=0 K3_gap_duration_negative_barrier duration cap,PASS,D_seg_max=60.0
Ours-Frozen-LATE-AQP-v1 B=20 s=0 K3_gap_duration_negative_barrier negative barrier,PASS,negatives=11
Ours-Frozen-LATE-AQP-v1 B=20 s=0 K4_gap_duration_negative_barrier_selected_expand confirmed anchor,PASS,segments=5
Ours-Frozen-LATE-AQP-v1 B=20 s=0 K4_gap_duration_negative_barrier_selected_expand no NaN,PASS,segments=5
Ours-Frozen-LATE-AQP-v1 B=20 s=0 K4_gap_duration_negative_barrier_selected_expand nonnegative duration,PASS,segments=5
Ours-Frozen-LATE-AQP-v1 B=20 s=0 K4_gap_duration_negative_barrier_selected_expand duration cap,PASS,D_seg_max=60.0
Ours-Frozen-LATE-AQP-v1 B=20 s=0 K4_gap_duration_negative_barrier_selected_expand negative barrier,PASS,negatives=11
Ours-Frozen-LATE-AQP-v1 B=20 s=0 K4 expansion no unconfirmed seed,PASS,every segment contains queried positive anchor
Ours-Frozen-LATE-AQP-v1 B=20 s=1 oracle order,PASS,calls=20
Ours-Frozen-LATE-AQP-v1 B=20 s=1 calls <= budget,PASS,calls=20 budget=20
Ours-Frozen-LATE-AQP-v1 B=20 s=1 C6_full_EVENT_MATERIALIZE confirmed anchor,PASS,segments=5
Ours-Frozen-LATE-AQP-v1 B=20 s=1 C6_full_EVENT_MATERIALIZE no NaN,PASS,segments=5
Ours-Frozen-LATE-AQP-v1 B=20 s=1 C6_full_EVENT_MATERIALIZE nonnegative duration,PASS,segments=5
Ours-Frozen-LATE-AQP-v1 B=20 s=1 C6_full_EVENT_MATERIALIZE duration cap,PASS,D_seg_max=60.0
Ours-Frozen-LATE-AQP-v1 B=20 s=1 C6_full_EVENT_MATERIALIZE negative barrier,PASS,negatives=11
Ours-Frozen-LATE-AQP-v1 B=20 s=1 K0_naive_merge confirmed anchor,PASS,segments=1
Ours-Frozen-LATE-AQP-v1 B=20 s=1 K0_naive_merge no NaN,PASS,segments=1
Ours-Frozen-LATE-AQP-v1 B=20 s=1 K0_naive_merge nonnegative duration,PASS,segments=1
Ours-Frozen-LATE-AQP-v1 B=20 s=1 K1_gap_limited confirmed anchor,PASS,segments=4
Ours-Frozen-LATE-AQP-v1 B=20 s=1 K1_gap_limited no NaN,PASS,segments=4
Ours-Frozen-LATE-AQP-v1 B=20 s=1 K1_gap_limited nonnegative duration,PASS,segments=4
Ours-Frozen-LATE-AQP-v1 B=20 s=1 K2_gap_duration confirmed anchor,PASS,segments=5
Ours-Frozen-LATE-AQP-v1 B=20 s=1 K2_gap_duration no NaN,PASS,segments=5
Ours-Frozen-LATE-AQP-v1 B=20 s=1 K2_gap_duration nonnegative duration,PASS,segments=5
Ours-Frozen-LATE-AQP-v1 B=20 s=1 K2_gap_duration duration cap,PASS,D_seg_max=60.0
Ours-Frozen-LATE-AQP-v1 B=20 s=1 K3_gap_duration_negative_barrier confirmed anchor,PASS,segments=5
Ours-Frozen-LATE-AQP-v1 B=20 s=1 K3_gap_duration_negative_barrier no NaN,PASS,segments=5
Ours-Frozen-LATE-AQP-v1 B=20 s=1 K3_gap_duration_negative_barrier nonnegative duration,PASS,segments=5
Ours-Frozen-LATE-AQP-v1 B=20 s=1 K3_gap_duration_negative_barrier duration cap,PASS,D_seg_max=60.0
Ours-Frozen-LATE-AQP-v1 B=20 s=1 K3_gap_duration_negative_barrier negative barrier,PASS,negatives=11
Ours-Frozen-LATE-AQP-v1 B=20 s=1 K4_gap_duration_negative_barrier_selected_expand confirmed anchor,PASS,segments=5
Ours-Frozen-LATE-AQP-v1 B=20 s=1 K4_gap_duration_negative_barrier_selected_expand no NaN,PASS,segments=5
Ours-Frozen-LATE-AQP-v1 B=20 s=1 K4_gap_duration_negative_barrier_selected_expand nonnegative duration,PASS,segments=5
Ours-Frozen-LATE-AQP-v1 B=20 s=1 K4_gap_duration_negative_barrier_selected_expand duration cap,PASS,D_seg_max=60.0
Ours-Frozen-LATE-AQP-v1 B=20 s=1 K4_gap_duration_negative_barrier_selected_expand negative barrier,PASS,negatives=11
Ours-Frozen-LATE-AQP-v1 B=20 s=1 K4 expansion no unconfirmed seed,PASS,every segment contains queried positive anchor
Ours-Frozen-LATE-AQP-v1 B=20 s=2 oracle order,PASS,calls=20
Ours-Frozen-LATE-AQP-v1 B=20 s=2 calls <= budget,PASS,calls=20 budget=20
Ours-Frozen-LATE-AQP-v1 B=20 s=2 C6_full_EVENT_MATERIALIZE confirmed anchor,PASS,segments=5
Ours-Frozen-LATE-AQP-v1 B=20 s=2 C6_full_EVENT_MATERIALIZE no NaN,PASS,segments=5
Ours-Frozen-LATE-AQP-v1 B=20 s=2 C6_full_EVENT_MATERIALIZE nonnegative duration,PASS,segments=5
Ours-Frozen-LATE-AQP-v1 B=20 s=2 C6_full_EVENT_MATERIALIZE duration cap,PASS,D_seg_max=60.0
Ours-Frozen-LATE-AQP-v1 B=20 s=2 C6_full_EVENT_MATERIALIZE negative barrier,PASS,negatives=11
Ours-Frozen-LATE-AQP-v1 B=20 s=2 K0_naive_merge confirmed anchor,PASS,segments=1
Ours-Frozen-LATE-AQP-v1 B=20 s=2 K0_naive_merge no NaN,PASS,segments=1
Ours-Frozen-LATE-AQP-v1 B=20 s=2 K0_naive_merge nonnegative duration,PASS,segments=1
Ours-Frozen-LATE-AQP-v1 B=20 s=2 K1_gap_limited confirmed anchor,PASS,segments=4
Ours-Frozen-LATE-AQP-v1 B=20 s=2 K1_gap_limited no NaN,PASS,segments=4
Ours-Frozen-LATE-AQP-v1 B=20 s=2 K1_gap_limited nonnegative duration,PASS,segments=4
Ours-Frozen-LATE-AQP-v1 B=20 s=2 K2_gap_duration confirmed anchor,PASS,segments=5
Ours-Frozen-LATE-AQP-v1 B=20 s=2 K2_gap_duration no NaN,PASS,segments=5
Ours-Frozen-LATE-AQP-v1 B=20 s=2 K2_gap_duration nonnegative duration,PASS,segments=5
Ours-Frozen-LATE-AQP-v1 B=20 s=2 K2_gap_duration duration cap,PASS,D_seg_max=60.0
Ours-Frozen-LATE-AQP-v1 B=20 s=2 K3_gap_duration_negative_barrier confirmed anchor,PASS,segments=5
Ours-Frozen-LATE-AQP-v1 B=20 s=2 K3_gap_duration_negative_barrier no NaN,PASS,segments=5
Ours-Frozen-LATE-AQP-v1 B=20 s=2 K3_gap_duration_negative_barrier nonnegative duration,PASS,segments=5
Ours-Frozen-LATE-AQP-v1 B=20 s=2 K3_gap_duration_negative_barrier duration cap,PASS,D_seg_max=60.0
Ours-Frozen-LATE-AQP-v1 B=20 s=2 K3_gap_duration_negative_barrier negative barrier,PASS,negatives=11
Ours-Frozen-LATE-AQP-v1 B=20 s=2 K4_gap_duration_negative_barrier_selected_expand confirmed anchor,PASS,segments=5
Ours-Frozen-LATE-AQP-v1 B=20 s=2 K4_gap_duration_negative_barrier_selected_expand no NaN,PASS,segments=5
Ours-Frozen-LATE-AQP-v1 B=20 s=2 K4_gap_duration_negative_barrier_selected_expand nonnegative duration,PASS,segments=5
Ours-Frozen-LATE-AQP-v1 B=20 s=2 K4_gap_duration_negative_barrier_selected_expand duration cap,PASS,D_seg_max=60.0
Ours-Frozen-LATE-AQP-v1 B=20 s=2 K4_gap_duration_negative_barrier_selected_expand negative barrier,PASS,negatives=11
Ours-Frozen-LATE-AQP-v1 B=20 s=2 K4 expansion no unconfirmed seed,PASS,every segment contains queried positive anchor
Ours-Frozen-LATE-AQP-v1 B=20 s=3 oracle order,PASS,calls=20
Ours-Frozen-LATE-AQP-v1 B=20 s=3 calls <= budget,PASS,calls=20 budget=20
Ours-Frozen-LATE-AQP-v1 B=20 s=3 C6_full_EVENT_MATERIALIZE confirmed anchor,PASS,segments=5
Ours-Frozen-LATE-AQP-v1 B=20 s=3 C6_full_EVENT_MATERIALIZE no NaN,PASS,segments=5
Ours-Frozen-LATE-AQP-v1 B=20 s=3 C6_full_EVENT_MATERIALIZE nonnegative duration,PASS,segments=5
Ours-Frozen-LATE-AQP-v1 B=20 s=3 C6_full_EVENT_MATERIALIZE duration cap,PASS,D_seg_max=60.0
Ours-Frozen-LATE-AQP-v1 B=20 s=3 C6_full_EVENT_MATERIALIZE negative barrier,PASS,negatives=11
Ours-Frozen-LATE-AQP-v1 B=20 s=3 K0_naive_merge confirmed anchor,PASS,segments=1
Ours-Frozen-LATE-AQP-v1 B=20 s=3 K0_naive_merge no NaN,PASS,segments=1
Ours-Frozen-LATE-AQP-v1 B=20 s=3 K0_naive_merge nonnegative duration,PASS,segments=1
Ours-Frozen-LATE-AQP-v1 B=20 s=3 K1_gap_limited confirmed anchor,PASS,segments=4
Ours-Frozen-LATE-AQP-v1 B=20 s=3 K1_gap_limited no NaN,PASS,segments=4
Ours-Frozen-LATE-AQP-v1 B=20 s=3 K1_gap_limited nonnegative duration,PASS,segments=4
Ours-Frozen-LATE-AQP-v1 B=20 s=3 K2_gap_duration confirmed anchor,PASS,segments=5
Ours-Frozen-LATE-AQP-v1 B=20 s=3 K2_gap_duration no NaN,PASS,segments=5
Ours-Frozen-LATE-AQP-v1 B=20 s=3 K2_gap_duration nonnegative duration,PASS,segments=5
Ours-Frozen-LATE-AQP-v1 B=20 s=3 K2_gap_duration duration cap,PASS,D_seg_max=60.0
Ours-Frozen-LATE-AQP-v1 B=20 s=3 K3_gap_duration_negative_barrier confirmed anchor,PASS,segments=5
Ours-Frozen-LATE-AQP-v1 B=20 s=3 K3_gap_duration_negative_barrier no NaN,PASS,segments=5
Ours-Frozen-LATE-AQP-v1 B=20 s=3 K3_gap_duration_negative_barrier nonnegative duration,PASS,segments=5
Ours-Frozen-LATE-AQP-v1 B=20 s=3 K3_gap_duration_negative_barrier duration cap,PASS,D_seg_max=60.0
Ours-Frozen-LATE-AQP-v1 B=20 s=3 K3_gap_duration_negative_barrier negative barrier,PASS,negatives=11
Ours-Frozen-LATE-AQP-v1 B=20 s=3 K4_gap_duration_negative_barrier_selected_expand confirmed anchor,PASS,segments=5
Ours-Frozen-LATE-AQP-v1 B=20 s=3 K4_gap_duration_negative_barrier_selected_expand no NaN,PASS,segments=5
Ours-Frozen-LATE-AQP-v1 B=20 s=3 K4_gap_duration_negative_barrier_selected_expand nonnegative duration,PASS,segments=5
Ours-Frozen-LATE-AQP-v1 B=20 s=3 K4_gap_duration_negative_barrier_selected_expand duration cap,PASS,D_seg_max=60.0
Ours-Frozen-LATE-AQP-v1 B=20 s=3 K4_gap_duration_negative_barrier_selected_expand negative barrier,PASS,negatives=11
Ours-Frozen-LATE-AQP-v1 B=20 s=3 K4 expansion no unconfirmed seed,PASS,every segment contains queried positive anchor
Ours-Frozen-LATE-AQP-v1 B=20 s=4 oracle order,PASS,calls=20
Ours-Frozen-LATE-AQP-v1 B=20 s=4 calls <= budget,PASS,calls=20 budget=20
Ours-Frozen-LATE-AQP-v1 B=20 s=4 C6_full_EVENT_MATERIALIZE confirmed anchor,PASS,segments=5
Ours-Frozen-LATE-AQP-v1 B=20 s=4 C6_full_EVENT_MATERIALIZE no NaN,PASS,segments=5
Ours-Frozen-LATE-AQP-v1 B=20 s=4 C6_full_EVENT_MATERIALIZE nonnegative duration,PASS,segments=5
Ours-Frozen-LATE-AQP-v1 B=20 s=4 C6_full_EVENT_MATERIALIZE duration cap,PASS,D_seg_max=60.0
Ours-Frozen-LATE-AQP-v1 B=20 s=4 C6_full_EVENT_MATERIALIZE negative barrier,PASS,negatives=11
Ours-Frozen-LATE-AQP-v1 B=20 s=4 K0_naive_merge confirmed anchor,PASS,segments=1
Ours-Frozen-LATE-AQP-v1 B=20 s=4 K0_naive_merge no NaN,PASS,segments=1
Ours-Frozen-LATE-AQP-v1 B=20 s=4 K0_naive_merge nonnegative duration,PASS,segments=1
Ours-Frozen-LATE-AQP-v1 B=20 s=4 K1_gap_limited confirmed anchor,PASS,segments=4
Ours-Frozen-LATE-AQP-v1 B=20 s=4 K1_gap_limited no NaN,PASS,segments=4
Ours-Frozen-LATE-AQP-v1 B=20 s=4 K1_gap_limited nonnegative duration,PASS,segments=4
Ours-Frozen-LATE-AQP-v1 B=20 s=4 K2_gap_duration confirmed anchor,PASS,segments=5
Ours-Frozen-LATE-AQP-v1 B=20 s=4 K2_gap_duration no NaN,PASS,segments=5
Ours-Frozen-LATE-AQP-v1 B=20 s=4 K2_gap_duration nonnegative duration,PASS,segments=5
Ours-Frozen-LATE-AQP-v1 B=20 s=4 K2_gap_duration duration cap,PASS,D_seg_max=60.0
Ours-Frozen-LATE-AQP-v1 B=20 s=4 K3_gap_duration_negative_barrier confirmed anchor,PASS,segments=5
Ours-Frozen-LATE-AQP-v1 B=20 s=4 K3_gap_duration_negative_barrier no NaN,PASS,segments=5
Ours-Frozen-LATE-AQP-v1 B=20 s=4 K3_gap_duration_negative_barrier nonnegative duration,PASS,segments=5
Ours-Frozen-LATE-AQP-v1 B=20 s=4 K3_gap_duration_negative_barrier duration cap,PASS,D_seg_max=60.0
Ours-Frozen-LATE-AQP-v1 B=20 s=4 K3_gap_duration_negative_barrier negative barrier,PASS,negatives=11
Ours-Frozen-LATE-AQP-v1 B=20 s=4 K4_gap_duration_negative_barrier_selected_expand confirmed anchor,PASS,segments=5
Ours-Frozen-LATE-AQP-v1 B=20 s=4 K4_gap_duration_negative_barrier_selected_expand no NaN,PASS,segments=5
Ours-Frozen-LATE-AQP-v1 B=20 s=4 K4_gap_duration_negative_barrier_selected_expand nonnegative duration,PASS,segments=5
Ours-Frozen-LATE-AQP-v1 B=20 s=4 K4_gap_duration_negative_barrier_selected_expand duration cap,PASS,D_seg_max=60.0
Ours-Frozen-LATE-AQP-v1 B=20 s=4 K4_gap_duration_negative_barrier_selected_expand negative barrier,PASS,negatives=11
Ours-Frozen-LATE-AQP-v1 B=20 s=4 K4 expansion no unconfirmed seed,PASS,every segment contains queried positive anchor
Ours-Frozen-LATE-AQP-v1 B=50 s=0 oracle order,PASS,calls=50
Ours-Frozen-LATE-AQP-v1 B=50 s=0 calls <= budget,PASS,calls=50 budget=50
Ours-Frozen-LATE-AQP-v1 B=50 s=0 C6_full_EVENT_MATERIALIZE confirmed anchor,PASS,segments=14
Ours-Frozen-LATE-AQP-v1 B=50 s=0 C6_full_EVENT_MATERIALIZE no NaN,PASS,segments=14
Ours-Frozen-LATE-AQP-v1 B=50 s=0 C6_full_EVENT_MATERIALIZE nonnegative duration,PASS,segments=14
Ours-Frozen-LATE-AQP-v1 B=50 s=0 C6_full_EVENT_MATERIALIZE duration cap,PASS,D_seg_max=60.0
Ours-Frozen-LATE-AQP-v1 B=50 s=0 C6_full_EVENT_MATERIALIZE negative barrier,PASS,negatives=29
Ours-Frozen-LATE-AQP-v1 B=50 s=0 K0_naive_merge confirmed anchor,PASS,segments=1
Ours-Frozen-LATE-AQP-v1 B=50 s=0 K0_naive_merge no NaN,PASS,segments=1
Ours-Frozen-LATE-AQP-v1 B=50 s=0 K0_naive_merge nonnegative duration,PASS,segments=1
Ours-Frozen-LATE-AQP-v1 B=50 s=0 K1_gap_limited confirmed anchor,PASS,segments=11
Ours-Frozen-LATE-AQP-v1 B=50 s=0 K1_gap_limited no NaN,PASS,segments=11
Ours-Frozen-LATE-AQP-v1 B=50 s=0 K1_gap_limited nonnegative duration,PASS,segments=11
Ours-Frozen-LATE-AQP-v1 B=50 s=0 K2_gap_duration confirmed anchor,PASS,segments=13
Ours-Frozen-LATE-AQP-v1 B=50 s=0 K2_gap_duration no NaN,PASS,segments=13
Ours-Frozen-LATE-AQP-v1 B=50 s=0 K2_gap_duration nonnegative duration,PASS,segments=13
Ours-Frozen-LATE-AQP-v1 B=50 s=0 K2_gap_duration duration cap,PASS,D_seg_max=60.0
Ours-Frozen-LATE-AQP-v1 B=50 s=0 K3_gap_duration_negative_barrier confirmed anchor,PASS,segments=14
Ours-Frozen-LATE-AQP-v1 B=50 s=0 K3_gap_duration_negative_barrier no NaN,PASS,segments=14
Ours-Frozen-LATE-AQP-v1 B=50 s=0 K3_gap_duration_negative_barrier nonnegative duration,PASS,segments=14
Ours-Frozen-LATE-AQP-v1 B=50 s=0 K3_gap_duration_negative_barrier duration cap,PASS,D_seg_max=60.0
Ours-Frozen-LATE-AQP-v1 B=50 s=0 K3_gap_duration_negative_barrier negative barrier,PASS,negatives=29
Ours-Frozen-LATE-AQP-v1 B=50 s=0 K4_gap_duration_negative_barrier_selected_expand confirmed anchor,PASS,segments=14
Ours-Frozen-LATE-AQP-v1 B=50 s=0 K4_gap_duration_negative_barrier_selected_expand no NaN,PASS,segments=14
Ours-Frozen-LATE-AQP-v1 B=50 s=0 K4_gap_duration_negative_barrier_selected_expand nonnegative duration,PASS,segments=14
Ours-Frozen-LATE-AQP-v1 B=50 s=0 K4_gap_duration_negative_barrier_selected_expand duration cap,PASS,D_seg_max=60.0
Ours-Frozen-LATE-AQP-v1 B=50 s=0 K4_gap_duration_negative_barrier_selected_expand negative barrier,PASS,negatives=29
Ours-Frozen-LATE-AQP-v1 B=50 s=0 K4 expansion no unconfirmed seed,PASS,every segment contains queried positive anchor
Ours-Frozen-LATE-AQP-v1 B=50 s=1 oracle order,PASS,calls=50
Ours-Frozen-LATE-AQP-v1 B=50 s=1 calls <= budget,PASS,calls=50 budget=50
Ours-Frozen-LATE-AQP-v1 B=50 s=1 C6_full_EVENT_MATERIALIZE confirmed anchor,PASS,segments=15
Ours-Frozen-LATE-AQP-v1 B=50 s=1 C6_full_EVENT_MATERIALIZE no NaN,PASS,segments=15
Ours-Frozen-LATE-AQP-v1 B=50 s=1 C6_full_EVENT_MATERIALIZE nonnegative duration,PASS,segments=15
Ours-Frozen-LATE-AQP-v1 B=50 s=1 C6_full_EVENT_MATERIALIZE duration cap,PASS,D_seg_max=60.0
Ours-Frozen-LATE-AQP-v1 B=50 s=1 C6_full_EVENT_MATERIALIZE negative barrier,PASS,negatives=29
Ours-Frozen-LATE-AQP-v1 B=50 s=1 K0_naive_merge confirmed anchor,PASS,segments=1
Ours-Frozen-LATE-AQP-v1 B=50 s=1 K0_naive_merge no NaN,PASS,segments=1
Ours-Frozen-LATE-AQP-v1 B=50 s=1 K0_naive_merge nonnegative duration,PASS,segments=1
Ours-Frozen-LATE-AQP-v1 B=50 s=1 K1_gap_limited confirmed anchor,PASS,segments=11
Ours-Frozen-LATE-AQP-v1 B=50 s=1 K1_gap_limited no NaN,PASS,segments=11
Ours-Frozen-LATE-AQP-v1 B=50 s=1 K1_gap_limited nonnegative duration,PASS,segments=11
Ours-Frozen-LATE-AQP-v1 B=50 s=1 K2_gap_duration confirmed anchor,PASS,segments=13
Ours-Frozen-LATE-AQP-v1 B=50 s=1 K2_gap_duration no NaN,PASS,segments=13
Ours-Frozen-LATE-AQP-v1 B=50 s=1 K2_gap_duration nonnegative duration,PASS,segments=13
Ours-Frozen-LATE-AQP-v1 B=50 s=1 K2_gap_duration duration cap,PASS,D_seg_max=60.0
Ours-Frozen-LATE-AQP-v1 B=50 s=1 K3_gap_duration_negative_barrier confirmed anchor,PASS,segments=15
Ours-Frozen-LATE-AQP-v1 B=50 s=1 K3_gap_duration_negative_barrier no NaN,PASS,segments=15
Ours-Frozen-LATE-AQP-v1 B=50 s=1 K3_gap_duration_negative_barrier nonnegative duration,PASS,segments=15
Ours-Frozen-LATE-AQP-v1 B=50 s=1 K3_gap_duration_negative_barrier duration cap,PASS,D_seg_max=60.0
Ours-Frozen-LATE-AQP-v1 B=50 s=1 K3_gap_duration_negative_barrier negative barrier,PASS,negatives=29
Ours-Frozen-LATE-AQP-v1 B=50 s=1 K4_gap_duration_negative_barrier_selected_expand confirmed anchor,PASS,segments=15
Ours-Frozen-LATE-AQP-v1 B=50 s=1 K4_gap_duration_negative_barrier_selected_expand no NaN,PASS,segments=15
Ours-Frozen-LATE-AQP-v1 B=50 s=1 K4_gap_duration_negative_barrier_selected_expand nonnegative duration,PASS,segments=15
Ours-Frozen-LATE-AQP-v1 B=50 s=1 K4_gap_duration_negative_barrier_selected_expand duration cap,PASS,D_seg_max=60.0
Ours-Frozen-LATE-AQP-v1 B=50 s=1 K4_gap_duration_negative_barrier_selected_expand negative barrier,PASS,negatives=29
Ours-Frozen-LATE-AQP-v1 B=50 s=1 K4 expansion no unconfirmed seed,PASS,every segment contains queried positive anchor
Ours-Frozen-LATE-AQP-v1 B=50 s=2 oracle order,PASS,calls=50
Ours-Frozen-LATE-AQP-v1 B=50 s=2 calls <= budget,PASS,calls=50 budget=50
Ours-Frozen-LATE-AQP-v1 B=50 s=2 C6_full_EVENT_MATERIALIZE confirmed anchor,PASS,segments=13
Ours-Frozen-LATE-AQP-v1 B=50 s=2 C6_full_EVENT_MATERIALIZE no NaN,PASS,segments=13
Ours-Frozen-LATE-AQP-v1 B=50 s=2 C6_full_EVENT_MATERIALIZE nonnegative duration,PASS,segments=13
Ours-Frozen-LATE-AQP-v1 B=50 s=2 C6_full_EVENT_MATERIALIZE duration cap,PASS,D_seg_max=60.0
Ours-Frozen-LATE-AQP-v1 B=50 s=2 C6_full_EVENT_MATERIALIZE negative barrier,PASS,negatives=29
Ours-Frozen-LATE-AQP-v1 B=50 s=2 K0_naive_merge confirmed anchor,PASS,segments=1
Ours-Frozen-LATE-AQP-v1 B=50 s=2 K0_naive_merge no NaN,PASS,segments=1
Ours-Frozen-LATE-AQP-v1 B=50 s=2 K0_naive_merge nonnegative duration,PASS,segments=1
Ours-Frozen-LATE-AQP-v1 B=50 s=2 K1_gap_limited confirmed anchor,PASS,segments=10
Ours-Frozen-LATE-AQP-v1 B=50 s=2 K1_gap_limited no NaN,PASS,segments=10
Ours-Frozen-LATE-AQP-v1 B=50 s=2 K1_gap_limited nonnegative duration,PASS,segments=10
Ours-Frozen-LATE-AQP-v1 B=50 s=2 K2_gap_duration confirmed anchor,PASS,segments=12
Ours-Frozen-LATE-AQP-v1 B=50 s=2 K2_gap_duration no NaN,PASS,segments=12
Ours-Frozen-LATE-AQP-v1 B=50 s=2 K2_gap_duration nonnegative duration,PASS,segments=12
Ours-Frozen-LATE-AQP-v1 B=50 s=2 K2_gap_duration duration cap,PASS,D_seg_max=60.0
Ours-Frozen-LATE-AQP-v1 B=50 s=2 K3_gap_duration_negative_barrier confirmed anchor,PASS,segments=13
Ours-Frozen-LATE-AQP-v1 B=50 s=2 K3_gap_duration_negative_barrier no NaN,PASS,segments=13
Ours-Frozen-LATE-AQP-v1 B=50 s=2 K3_gap_duration_negative_barrier nonnegative duration,PASS,segments=13
Ours-Frozen-LATE-AQP-v1 B=50 s=2 K3_gap_duration_negative_barrier duration cap,PASS,D_seg_max=60.0
Ours-Frozen-LATE-AQP-v1 B=50 s=2 K3_gap_duration_negative_barrier negative barrier,PASS,negatives=29
Ours-Frozen-LATE-AQP-v1 B=50 s=2 K4_gap_duration_negative_barrier_selected_expand confirmed anchor,PASS,segments=13
Ours-Frozen-LATE-AQP-v1 B=50 s=2 K4_gap_duration_negative_barrier_selected_expand no NaN,PASS,segments=13
Ours-Frozen-LATE-AQP-v1 B=50 s=2 K4_gap_duration_negative_barrier_selected_expand nonnegative duration,PASS,segments=13
Ours-Frozen-LATE-AQP-v1 B=50 s=2 K4_gap_duration_negative_barrier_selected_expand duration cap,PASS,D_seg_max=60.0
Ours-Frozen-LATE-AQP-v1 B=50 s=2 K4_gap_duration_negative_barrier_selected_expand negative barrier,PASS,negatives=29
Ours-Frozen-LATE-AQP-v1 B=50 s=2 K4 expansion no unconfirmed seed,PASS,every segment contains queried positive anchor
Ours-Frozen-LATE-AQP-v1 B=50 s=3 oracle order,PASS,calls=50
Ours-Frozen-LATE-AQP-v1 B=50 s=3 calls <= budget,PASS,calls=50 budget=50
Ours-Frozen-LATE-AQP-v1 B=50 s=3 C6_full_EVENT_MATERIALIZE confirmed anchor,PASS,segments=14
Ours-Frozen-LATE-AQP-v1 B=50 s=3 C6_full_EVENT_MATERIALIZE no NaN,PASS,segments=14
Ours-Frozen-LATE-AQP-v1 B=50 s=3 C6_full_EVENT_MATERIALIZE nonnegative duration,PASS,segments=14
Ours-Frozen-LATE-AQP-v1 B=50 s=3 C6_full_EVENT_MATERIALIZE duration cap,PASS,D_seg_max=60.0
Ours-Frozen-LATE-AQP-v1 B=50 s=3 C6_full_EVENT_MATERIALIZE negative barrier,PASS,negatives=30
Ours-Frozen-LATE-AQP-v1 B=50 s=3 K0_naive_merge confirmed anchor,PASS,segments=1
Ours-Frozen-LATE-AQP-v1 B=50 s=3 K0_naive_merge no NaN,PASS,segments=1
Ours-Frozen-LATE-AQP-v1 B=50 s=3 K0_naive_merge nonnegative duration,PASS,segments=1
Ours-Frozen-LATE-AQP-v1 B=50 s=3 K1_gap_limited confirmed anchor,PASS,segments=11
Ours-Frozen-LATE-AQP-v1 B=50 s=3 K1_gap_limited no NaN,PASS,segments=11
Ours-Frozen-LATE-AQP-v1 B=50 s=3 K1_gap_limited nonnegative duration,PASS,segments=11
Ours-Frozen-LATE-AQP-v1 B=50 s=3 K2_gap_duration confirmed anchor,PASS,segments=13
Ours-Frozen-LATE-AQP-v1 B=50 s=3 K2_gap_duration no NaN,PASS,segments=13
Ours-Frozen-LATE-AQP-v1 B=50 s=3 K2_gap_duration nonnegative duration,PASS,segments=13
Ours-Frozen-LATE-AQP-v1 B=50 s=3 K2_gap_duration duration cap,PASS,D_seg_max=60.0
Ours-Frozen-LATE-AQP-v1 B=50 s=3 K3_gap_duration_negative_barrier confirmed anchor,PASS,segments=14
Ours-Frozen-LATE-AQP-v1 B=50 s=3 K3_gap_duration_negative_barrier no NaN,PASS,segments=14
Ours-Frozen-LATE-AQP-v1 B=50 s=3 K3_gap_duration_negative_barrier nonnegative duration,PASS,segments=14
Ours-Frozen-LATE-AQP-v1 B=50 s=3 K3_gap_duration_negative_barrier duration cap,PASS,D_seg_max=60.0
Ours-Frozen-LATE-AQP-v1 B=50 s=3 K3_gap_duration_negative_barrier negative barrier,PASS,negatives=30
Ours-Frozen-LATE-AQP-v1 B=50 s=3 K4_gap_duration_negative_barrier_selected_expand confirmed anchor,PASS,segments=14
Ours-Frozen-LATE-AQP-v1 B=50 s=3 K4_gap_duration_negative_barrier_selected_expand no NaN,PASS,segments=14
Ours-Frozen-LATE-AQP-v1 B=50 s=3 K4_gap_duration_negative_barrier_selected_expand nonnegative duration,PASS,segments=14
Ours-Frozen-LATE-AQP-v1 B=50 s=3 K4_gap_duration_negative_barrier_selected_expand duration cap,PASS,D_seg_max=60.0
Ours-Frozen-LATE-AQP-v1 B=50 s=3 K4_gap_duration_negative_barrier_selected_expand negative barrier,PASS,negatives=30
Ours-Frozen-LATE-AQP-v1 B=50 s=3 K4 expansion no unconfirmed seed,PASS,every segment contains queried positive anchor
Ours-Frozen-LATE-AQP-v1 B=50 s=4 oracle order,PASS,calls=50
Ours-Frozen-LATE-AQP-v1 B=50 s=4 calls <= budget,PASS,calls=50 budget=50
Ours-Frozen-LATE-AQP-v1 B=50 s=4 C6_full_EVENT_MATERIALIZE confirmed anchor,PASS,segments=13
Ours-Frozen-LATE-AQP-v1 B=50 s=4 C6_full_EVENT_MATERIALIZE no NaN,PASS,segments=13
Ours-Frozen-LATE-AQP-v1 B=50 s=4 C6_full_EVENT_MATERIALIZE nonnegative duration,PASS,segments=13
Ours-Frozen-LATE-AQP-v1 B=50 s=4 C6_full_EVENT_MATERIALIZE duration cap,PASS,D_seg_max=60.0
Ours-Frozen-LATE-AQP-v1 B=50 s=4 C6_full_EVENT_MATERIALIZE negative barrier,PASS,negatives=29
Ours-Frozen-LATE-AQP-v1 B=50 s=4 K0_naive_merge confirmed anchor,PASS,segments=1
Ours-Frozen-LATE-AQP-v1 B=50 s=4 K0_naive_merge no NaN,PASS,segments=1
Ours-Frozen-LATE-AQP-v1 B=50 s=4 K0_naive_merge nonnegative duration,PASS,segments=1
Ours-Frozen-LATE-AQP-v1 B=50 s=4 K1_gap_limited confirmed anchor,PASS,segments=10
Ours-Frozen-LATE-AQP-v1 B=50 s=4 K1_gap_limited no NaN,PASS,segments=10
Ours-Frozen-LATE-AQP-v1 B=50 s=4 K1_gap_limited nonnegative duration,PASS,segments=10
Ours-Frozen-LATE-AQP-v1 B=50 s=4 K2_gap_duration confirmed anchor,PASS,segments=12
Ours-Frozen-LATE-AQP-v1 B=50 s=4 K2_gap_duration no NaN,PASS,segments=12
Ours-Frozen-LATE-AQP-v1 B=50 s=4 K2_gap_duration nonnegative duration,PASS,segments=12
Ours-Frozen-LATE-AQP-v1 B=50 s=4 K2_gap_duration duration cap,PASS,D_seg_max=60.0
Ours-Frozen-LATE-AQP-v1 B=50 s=4 K3_gap_duration_negative_barrier confirmed anchor,PASS,segments=13
Ours-Frozen-LATE-AQP-v1 B=50 s=4 K3_gap_duration_negative_barrier no NaN,PASS,segments=13
Ours-Frozen-LATE-AQP-v1 B=50 s=4 K3_gap_duration_negative_barrier nonnegative duration,PASS,segments=13
Ours-Frozen-LATE-AQP-v1 B=50 s=4 K3_gap_duration_negative_barrier duration cap,PASS,D_seg_max=60.0
Ours-Frozen-LATE-AQP-v1 B=50 s=4 K3_gap_duration_negative_barrier negative barrier,PASS,negatives=29
Ours-Frozen-LATE-AQP-v1 B=50 s=4 K4_gap_duration_negative_barrier_selected_expand confirmed anchor,PASS,segments=13
Ours-Frozen-LATE-AQP-v1 B=50 s=4 K4_gap_duration_negative_barrier_selected_expand no NaN,PASS,segments=13
Ours-Frozen-LATE-AQP-v1 B=50 s=4 K4_gap_duration_negative_barrier_selected_expand nonnegative duration,PASS,segments=13
Ours-Frozen-LATE-AQP-v1 B=50 s=4 K4_gap_duration_negative_barrier_selected_expand duration cap,PASS,D_seg_max=60.0
Ours-Frozen-LATE-AQP-v1 B=50 s=4 K4_gap_duration_negative_barrier_selected_expand negative barrier,PASS,negatives=29
Ours-Frozen-LATE-AQP-v1 B=50 s=4 K4 expansion no unconfirmed seed,PASS,every segment contains queried positive anchor
Ours-Frozen-LATE-AQP-v1 B=5 s=0 oracle order,PASS,calls=5
Ours-Frozen-LATE-AQP-v1 B=5 s=0 calls <= budget,PASS,calls=5 budget=5
Ours-Frozen-LATE-AQP-v1 B=5 s=0 C6_full_EVENT_MATERIALIZE confirmed anchor,PASS,segments=1
Ours-Frozen-LATE-AQP-v1 B=5 s=0 C6_full_EVENT_MATERIALIZE no NaN,PASS,segments=1
Ours-Frozen-LATE-AQP-v1 B=5 s=0 C6_full_EVENT_MATERIALIZE nonnegative duration,PASS,segments=1
Ours-Frozen-LATE-AQP-v1 B=5 s=0 C6_full_EVENT_MATERIALIZE duration cap,PASS,D_seg_max=60.0
Ours-Frozen-LATE-AQP-v1 B=5 s=0 C6_full_EVENT_MATERIALIZE negative barrier,PASS,negatives=3
Ours-Frozen-LATE-AQP-v1 B=5 s=0 K0_naive_merge confirmed anchor,PASS,segments=1
Ours-Frozen-LATE-AQP-v1 B=5 s=0 K0_naive_merge no NaN,PASS,segments=1
Ours-Frozen-LATE-AQP-v1 B=5 s=0 K0_naive_merge nonnegative duration,PASS,segments=1
Ours-Frozen-LATE-AQP-v1 B=5 s=0 K1_gap_limited confirmed anchor,PASS,segments=1
Ours-Frozen-LATE-AQP-v1 B=5 s=0 K1_gap_limited no NaN,PASS,segments=1
Ours-Frozen-LATE-AQP-v1 B=5 s=0 K1_gap_limited nonnegative duration,PASS,segments=1
Ours-Frozen-LATE-AQP-v1 B=5 s=0 K2_gap_duration confirmed anchor,PASS,segments=1
Ours-Frozen-LATE-AQP-v1 B=5 s=0 K2_gap_duration no NaN,PASS,segments=1
Ours-Frozen-LATE-AQP-v1 B=5 s=0 K2_gap_duration nonnegative duration,PASS,segments=1
Ours-Frozen-LATE-AQP-v1 B=5 s=0 K2_gap_duration duration cap,PASS,D_seg_max=60.0
Ours-Frozen-LATE-AQP-v1 B=5 s=0 K3_gap_duration_negative_barrier confirmed anchor,PASS,segments=1
Ours-Frozen-LATE-AQP-v1 B=5 s=0 K3_gap_duration_negative_barrier no NaN,PASS,segments=1
Ours-Frozen-LATE-AQP-v1 B=5 s=0 K3_gap_duration_negative_barrier nonnegative duration,PASS,segments=1
Ours-Frozen-LATE-AQP-v1 B=5 s=0 K3_gap_duration_negative_barrier duration cap,PASS,D_seg_max=60.0
Ours-Frozen-LATE-AQP-v1 B=5 s=0 K3_gap_duration_negative_barrier negative barrier,PASS,negatives=3
Ours-Frozen-LATE-AQP-v1 B=5 s=0 K4_gap_duration_negative_barrier_selected_expand confirmed anchor,PASS,segments=1
Ours-Frozen-LATE-AQP-v1 B=5 s=0 K4_gap_duration_negative_barrier_selected_expand no NaN,PASS,segments=1
Ours-Frozen-LATE-AQP-v1 B=5 s=0 K4_gap_duration_negative_barrier_selected_expand nonnegative duration,PASS,segments=1
Ours-Frozen-LATE-AQP-v1 B=5 s=0 K4_gap_duration_negative_barrier_selected_expand duration cap,PASS,D_seg_max=60.0
Ours-Frozen-LATE-AQP-v1 B=5 s=0 K4_gap_duration_negative_barrier_selected_expand negative barrier,PASS,negatives=3
Ours-Frozen-LATE-AQP-v1 B=5 s=0 K4 expansion no unconfirmed seed,PASS,every segment contains queried positive anchor
Ours-Frozen-LATE-AQP-v1 B=5 s=1 oracle order,PASS,calls=5
Ours-Frozen-LATE-AQP-v1 B=5 s=1 calls <= budget,PASS,calls=5 budget=5
Ours-Frozen-LATE-AQP-v1 B=5 s=1 C6_full_EVENT_MATERIALIZE confirmed anchor,PASS,segments=1
Ours-Frozen-LATE-AQP-v1 B=5 s=1 C6_full_EVENT_MATERIALIZE no NaN,PASS,segments=1
Ours-Frozen-LATE-AQP-v1 B=5 s=1 C6_full_EVENT_MATERIALIZE nonnegative duration,PASS,segments=1
Ours-Frozen-LATE-AQP-v1 B=5 s=1 C6_full_EVENT_MATERIALIZE duration cap,PASS,D_seg_max=60.0
Ours-Frozen-LATE-AQP-v1 B=5 s=1 C6_full_EVENT_MATERIALIZE negative barrier,PASS,negatives=3
Ours-Frozen-LATE-AQP-v1 B=5 s=1 K0_naive_merge confirmed anchor,PASS,segments=1
Ours-Frozen-LATE-AQP-v1 B=5 s=1 K0_naive_merge no NaN,PASS,segments=1
Ours-Frozen-LATE-AQP-v1 B=5 s=1 K0_naive_merge nonnegative duration,PASS,segments=1
Ours-Frozen-LATE-AQP-v1 B=5 s=1 K1_gap_limited confirmed anchor,PASS,segments=1
Ours-Frozen-LATE-AQP-v1 B=5 s=1 K1_gap_limited no NaN,PASS,segments=1
Ours-Frozen-LATE-AQP-v1 B=5 s=1 K1_gap_limited nonnegative duration,PASS,segments=1
Ours-Frozen-LATE-AQP-v1 B=5 s=1 K2_gap_duration confirmed anchor,PASS,segments=1
Ours-Frozen-LATE-AQP-v1 B=5 s=1 K2_gap_duration no NaN,PASS,segments=1
Ours-Frozen-LATE-AQP-v1 B=5 s=1 K2_gap_duration nonnegative duration,PASS,segments=1
Ours-Frozen-LATE-AQP-v1 B=5 s=1 K2_gap_duration duration cap,PASS,D_seg_max=60.0
Ours-Frozen-LATE-AQP-v1 B=5 s=1 K3_gap_duration_negative_barrier confirmed anchor,PASS,segments=1
Ours-Frozen-LATE-AQP-v1 B=5 s=1 K3_gap_duration_negative_barrier no NaN,PASS,segments=1
Ours-Frozen-LATE-AQP-v1 B=5 s=1 K3_gap_duration_negative_barrier nonnegative duration,PASS,segments=1
Ours-Frozen-LATE-AQP-v1 B=5 s=1 K3_gap_duration_negative_barrier duration cap,PASS,D_seg_max=60.0
Ours-Frozen-LATE-AQP-v1 B=5 s=1 K3_gap_duration_negative_barrier negative barrier,PASS,negatives=3
Ours-Frozen-LATE-AQP-v1 B=5 s=1 K4_gap_duration_negative_barrier_selected_expand confirmed anchor,PASS,segments=1
Ours-Frozen-LATE-AQP-v1 B=5 s=1 K4_gap_duration_negative_barrier_selected_expand no NaN,PASS,segments=1
Ours-Frozen-LATE-AQP-v1 B=5 s=1 K4_gap_duration_negative_barrier_selected_expand nonnegative duration,PASS,segments=1
Ours-Frozen-LATE-AQP-v1 B=5 s=1 K4_gap_duration_negative_barrier_selected_expand duration cap,PASS,D_seg_max=60.0
Ours-Frozen-LATE-AQP-v1 B=5 s=1 K4_gap_duration_negative_barrier_selected_expand negative barrier,PASS,negatives=3
Ours-Frozen-LATE-AQP-v1 B=5 s=1 K4 expansion no unconfirmed seed,PASS,every segment contains queried positive anchor
Ours-Frozen-LATE-AQP-v1 B=5 s=2 oracle order,PASS,calls=5
Ours-Frozen-LATE-AQP-v1 B=5 s=2 calls <= budget,PASS,calls=5 budget=5
Ours-Frozen-LATE-AQP-v1 B=5 s=2 C6_full_EVENT_MATERIALIZE confirmed anchor,PASS,segments=1
Ours-Frozen-LATE-AQP-v1 B=5 s=2 C6_full_EVENT_MATERIALIZE no NaN,PASS,segments=1
Ours-Frozen-LATE-AQP-v1 B=5 s=2 C6_full_EVENT_MATERIALIZE nonnegative duration,PASS,segments=1
Ours-Frozen-LATE-AQP-v1 B=5 s=2 C6_full_EVENT_MATERIALIZE duration cap,PASS,D_seg_max=60.0
Ours-Frozen-LATE-AQP-v1 B=5 s=2 C6_full_EVENT_MATERIALIZE negative barrier,PASS,negatives=3
Ours-Frozen-LATE-AQP-v1 B=5 s=2 K0_naive_merge confirmed anchor,PASS,segments=1
Ours-Frozen-LATE-AQP-v1 B=5 s=2 K0_naive_merge no NaN,PASS,segments=1
Ours-Frozen-LATE-AQP-v1 B=5 s=2 K0_naive_merge nonnegative duration,PASS,segments=1
Ours-Frozen-LATE-AQP-v1 B=5 s=2 K1_gap_limited confirmed anchor,PASS,segments=1
Ours-Frozen-LATE-AQP-v1 B=5 s=2 K1_gap_limited no NaN,PASS,segments=1
Ours-Frozen-LATE-AQP-v1 B=5 s=2 K1_gap_limited nonnegative duration,PASS,segments=1
Ours-Frozen-LATE-AQP-v1 B=5 s=2 K2_gap_duration confirmed anchor,PASS,segments=1
Ours-Frozen-LATE-AQP-v1 B=5 s=2 K2_gap_duration no NaN,PASS,segments=1
Ours-Frozen-LATE-AQP-v1 B=5 s=2 K2_gap_duration nonnegative duration,PASS,segments=1
Ours-Frozen-LATE-AQP-v1 B=5 s=2 K2_gap_duration duration cap,PASS,D_seg_max=60.0
Ours-Frozen-LATE-AQP-v1 B=5 s=2 K3_gap_duration_negative_barrier confirmed anchor,PASS,segments=1
Ours-Frozen-LATE-AQP-v1 B=5 s=2 K3_gap_duration_negative_barrier no NaN,PASS,segments=1
Ours-Frozen-LATE-AQP-v1 B=5 s=2 K3_gap_duration_negative_barrier nonnegative duration,PASS,segments=1
Ours-Frozen-LATE-AQP-v1 B=5 s=2 K3_gap_duration_negative_barrier duration cap,PASS,D_seg_max=60.0
Ours-Frozen-LATE-AQP-v1 B=5 s=2 K3_gap_duration_negative_barrier negative barrier,PASS,negatives=3
Ours-Frozen-LATE-AQP-v1 B=5 s=2 K4_gap_duration_negative_barrier_selected_expand confirmed anchor,PASS,segments=1
Ours-Frozen-LATE-AQP-v1 B=5 s=2 K4_gap_duration_negative_barrier_selected_expand no NaN,PASS,segments=1
Ours-Frozen-LATE-AQP-v1 B=5 s=2 K4_gap_duration_negative_barrier_selected_expand nonnegative duration,PASS,segments=1
Ours-Frozen-LATE-AQP-v1 B=5 s=2 K4_gap_duration_negative_barrier_selected_expand duration cap,PASS,D_seg_max=60.0
Ours-Frozen-LATE-AQP-v1 B=5 s=2 K4_gap_duration_negative_barrier_selected_expand negative barrier,PASS,negatives=3
Ours-Frozen-LATE-AQP-v1 B=5 s=2 K4 expansion no unconfirmed seed,PASS,every segment contains queried positive anchor
Ours-Frozen-LATE-AQP-v1 B=5 s=3 oracle order,PASS,calls=5
Ours-Frozen-LATE-AQP-v1 B=5 s=3 calls <= budget,PASS,calls=5 budget=5
Ours-Frozen-LATE-AQP-v1 B=5 s=3 C6_full_EVENT_MATERIALIZE confirmed anchor,PASS,segments=2
Ours-Frozen-LATE-AQP-v1 B=5 s=3 C6_full_EVENT_MATERIALIZE no NaN,PASS,segments=2
Ours-Frozen-LATE-AQP-v1 B=5 s=3 C6_full_EVENT_MATERIALIZE nonnegative duration,PASS,segments=2
Ours-Frozen-LATE-AQP-v1 B=5 s=3 C6_full_EVENT_MATERIALIZE duration cap,PASS,D_seg_max=60.0
Ours-Frozen-LATE-AQP-v1 B=5 s=3 C6_full_EVENT_MATERIALIZE negative barrier,PASS,negatives=3
Ours-Frozen-LATE-AQP-v1 B=5 s=3 K0_naive_merge confirmed anchor,PASS,segments=1
Ours-Frozen-LATE-AQP-v1 B=5 s=3 K0_naive_merge no NaN,PASS,segments=1
Ours-Frozen-LATE-AQP-v1 B=5 s=3 K0_naive_merge nonnegative duration,PASS,segments=1
Ours-Frozen-LATE-AQP-v1 B=5 s=3 K1_gap_limited confirmed anchor,PASS,segments=2
Ours-Frozen-LATE-AQP-v1 B=5 s=3 K1_gap_limited no NaN,PASS,segments=2
Ours-Frozen-LATE-AQP-v1 B=5 s=3 K1_gap_limited nonnegative duration,PASS,segments=2
Ours-Frozen-LATE-AQP-v1 B=5 s=3 K2_gap_duration confirmed anchor,PASS,segments=2
Ours-Frozen-LATE-AQP-v1 B=5 s=3 K2_gap_duration no NaN,PASS,segments=2
Ours-Frozen-LATE-AQP-v1 B=5 s=3 K2_gap_duration nonnegative duration,PASS,segments=2
Ours-Frozen-LATE-AQP-v1 B=5 s=3 K2_gap_duration duration cap,PASS,D_seg_max=60.0
Ours-Frozen-LATE-AQP-v1 B=5 s=3 K3_gap_duration_negative_barrier confirmed anchor,PASS,segments=2
Ours-Frozen-LATE-AQP-v1 B=5 s=3 K3_gap_duration_negative_barrier no NaN,PASS,segments=2
Ours-Frozen-LATE-AQP-v1 B=5 s=3 K3_gap_duration_negative_barrier nonnegative duration,PASS,segments=2
Ours-Frozen-LATE-AQP-v1 B=5 s=3 K3_gap_duration_negative_barrier duration cap,PASS,D_seg_max=60.0
Ours-Frozen-LATE-AQP-v1 B=5 s=3 K3_gap_duration_negative_barrier negative barrier,PASS,negatives=3
Ours-Frozen-LATE-AQP-v1 B=5 s=3 K4_gap_duration_negative_barrier_selected_expand confirmed anchor,PASS,segments=2
Ours-Frozen-LATE-AQP-v1 B=5 s=3 K4_gap_duration_negative_barrier_selected_expand no NaN,PASS,segments=2
Ours-Frozen-LATE-AQP-v1 B=5 s=3 K4_gap_duration_negative_barrier_selected_expand nonnegative duration,PASS,segments=2
Ours-Frozen-LATE-AQP-v1 B=5 s=3 K4_gap_duration_negative_barrier_selected_expand duration cap,PASS,D_seg_max=60.0
Ours-Frozen-LATE-AQP-v1 B=5 s=3 K4_gap_duration_negative_barrier_selected_expand negative barrier,PASS,negatives=3
Ours-Frozen-LATE-AQP-v1 B=5 s=3 K4 expansion no unconfirmed seed,PASS,every segment contains queried positive anchor
Ours-Frozen-LATE-AQP-v1 B=5 s=4 oracle order,PASS,calls=5
Ours-Frozen-LATE-AQP-v1 B=5 s=4 calls <= budget,PASS,calls=5 budget=5
Ours-Frozen-LATE-AQP-v1 B=5 s=4 C6_full_EVENT_MATERIALIZE confirmed anchor,PASS,segments=1
Ours-Frozen-LATE-AQP-v1 B=5 s=4 C6_full_EVENT_MATERIALIZE no NaN,PASS,segments=1
Ours-Frozen-LATE-AQP-v1 B=5 s=4 C6_full_EVENT_MATERIALIZE nonnegative duration,PASS,segments=1
Ours-Frozen-LATE-AQP-v1 B=5 s=4 C6_full_EVENT_MATERIALIZE duration cap,PASS,D_seg_max=60.0
Ours-Frozen-LATE-AQP-v1 B=5 s=4 C6_full_EVENT_MATERIALIZE negative barrier,PASS,negatives=3
Ours-Frozen-LATE-AQP-v1 B=5 s=4 K0_naive_merge confirmed anchor,PASS,segments=1
Ours-Frozen-LATE-AQP-v1 B=5 s=4 K0_naive_merge no NaN,PASS,segments=1
Ours-Frozen-LATE-AQP-v1 B=5 s=4 K0_naive_merge nonnegative duration,PASS,segments=1
Ours-Frozen-LATE-AQP-v1 B=5 s=4 K1_gap_limited confirmed anchor,PASS,segments=1
Ours-Frozen-LATE-AQP-v1 B=5 s=4 K1_gap_limited no NaN,PASS,segments=1
Ours-Frozen-LATE-AQP-v1 B=5 s=4 K1_gap_limited nonnegative duration,PASS,segments=1
Ours-Frozen-LATE-AQP-v1 B=5 s=4 K2_gap_duration confirmed anchor,PASS,segments=1
Ours-Frozen-LATE-AQP-v1 B=5 s=4 K2_gap_duration no NaN,PASS,segments=1
Ours-Frozen-LATE-AQP-v1 B=5 s=4 K2_gap_duration nonnegative duration,PASS,segments=1
Ours-Frozen-LATE-AQP-v1 B=5 s=4 K2_gap_duration duration cap,PASS,D_seg_max=60.0
Ours-Frozen-LATE-AQP-v1 B=5 s=4 K3_gap_duration_negative_barrier confirmed anchor,PASS,segments=1
Ours-Frozen-LATE-AQP-v1 B=5 s=4 K3_gap_duration_negative_barrier no NaN,PASS,segments=1
Ours-Frozen-LATE-AQP-v1 B=5 s=4 K3_gap_duration_negative_barrier nonnegative duration,PASS,segments=1
Ours-Frozen-LATE-AQP-v1 B=5 s=4 K3_gap_duration_negative_barrier duration cap,PASS,D_seg_max=60.0
Ours-Frozen-LATE-AQP-v1 B=5 s=4 K3_gap_duration_negative_barrier negative barrier,PASS,negatives=3
Ours-Frozen-LATE-AQP-v1 B=5 s=4 K4_gap_duration_negative_barrier_selected_expand confirmed anchor,PASS,segments=1
Ours-Frozen-LATE-AQP-v1 B=5 s=4 K4_gap_duration_negative_barrier_selected_expand no NaN,PASS,segments=1
Ours-Frozen-LATE-AQP-v1 B=5 s=4 K4_gap_duration_negative_barrier_selected_expand nonnegative duration,PASS,segments=1
Ours-Frozen-LATE-AQP-v1 B=5 s=4 K4_gap_duration_negative_barrier_selected_expand duration cap,PASS,D_seg_max=60.0
Ours-Frozen-LATE-AQP-v1 B=5 s=4 K4_gap_duration_negative_barrier_selected_expand negative barrier,PASS,negatives=3
Ours-Frozen-LATE-AQP-v1 B=5 s=4 K4 expansion no unconfirmed seed,PASS,every segment contains queried positive anchor
Ours-Frozen-LATE-AQP-v1 B=80 s=0 oracle order,PASS,calls=80
Ours-Frozen-LATE-AQP-v1 B=80 s=0 calls <= budget,PASS,calls=80 budget=80
Ours-Frozen-LATE-AQP-v1 B=80 s=0 C6_full_EVENT_MATERIALIZE confirmed anchor,PASS,segments=16
Ours-Frozen-LATE-AQP-v1 B=80 s=0 C6_full_EVENT_MATERIALIZE no NaN,PASS,segments=16
Ours-Frozen-LATE-AQP-v1 B=80 s=0 C6_full_EVENT_MATERIALIZE nonnegative duration,PASS,segments=16
Ours-Frozen-LATE-AQP-v1 B=80 s=0 C6_full_EVENT_MATERIALIZE duration cap,PASS,D_seg_max=60.0
Ours-Frozen-LATE-AQP-v1 B=80 s=0 C6_full_EVENT_MATERIALIZE negative barrier,PASS,negatives=55
Ours-Frozen-LATE-AQP-v1 B=80 s=0 K0_naive_merge confirmed anchor,PASS,segments=1
Ours-Frozen-LATE-AQP-v1 B=80 s=0 K0_naive_merge no NaN,PASS,segments=1
Ours-Frozen-LATE-AQP-v1 B=80 s=0 K0_naive_merge nonnegative duration,PASS,segments=1
Ours-Frozen-LATE-AQP-v1 B=80 s=0 K1_gap_limited confirmed anchor,PASS,segments=11
Ours-Frozen-LATE-AQP-v1 B=80 s=0 K1_gap_limited no NaN,PASS,segments=11
Ours-Frozen-LATE-AQP-v1 B=80 s=0 K1_gap_limited nonnegative duration,PASS,segments=11
Ours-Frozen-LATE-AQP-v1 B=80 s=0 K2_gap_duration confirmed anchor,PASS,segments=13
Ours-Frozen-LATE-AQP-v1 B=80 s=0 K2_gap_duration no NaN,PASS,segments=13
Ours-Frozen-LATE-AQP-v1 B=80 s=0 K2_gap_duration nonnegative duration,PASS,segments=13
Ours-Frozen-LATE-AQP-v1 B=80 s=0 K2_gap_duration duration cap,PASS,D_seg_max=60.0
Ours-Frozen-LATE-AQP-v1 B=80 s=0 K3_gap_duration_negative_barrier confirmed anchor,PASS,segments=16
Ours-Frozen-LATE-AQP-v1 B=80 s=0 K3_gap_duration_negative_barrier no NaN,PASS,segments=16
Ours-Frozen-LATE-AQP-v1 B=80 s=0 K3_gap_duration_negative_barrier nonnegative duration,PASS,segments=16
Ours-Frozen-LATE-AQP-v1 B=80 s=0 K3_gap_duration_negative_barrier duration cap,PASS,D_seg_max=60.0
Ours-Frozen-LATE-AQP-v1 B=80 s=0 K3_gap_duration_negative_barrier negative barrier,PASS,negatives=55
Ours-Frozen-LATE-AQP-v1 B=80 s=0 K4_gap_duration_negative_barrier_selected_expand confirmed anchor,PASS,segments=16
Ours-Frozen-LATE-AQP-v1 B=80 s=0 K4_gap_duration_negative_barrier_selected_expand no NaN,PASS,segments=16
Ours-Frozen-LATE-AQP-v1 B=80 s=0 K4_gap_duration_negative_barrier_selected_expand nonnegative duration,PASS,segments=16
Ours-Frozen-LATE-AQP-v1 B=80 s=0 K4_gap_duration_negative_barrier_selected_expand duration cap,PASS,D_seg_max=60.0
Ours-Frozen-LATE-AQP-v1 B=80 s=0 K4_gap_duration_negative_barrier_selected_expand negative barrier,PASS,negatives=55
Ours-Frozen-LATE-AQP-v1 B=80 s=0 K4 expansion no unconfirmed seed,PASS,every segment contains queried positive anchor
Ours-Frozen-LATE-AQP-v1 B=80 s=1 oracle order,PASS,calls=80
Ours-Frozen-LATE-AQP-v1 B=80 s=1 calls <= budget,PASS,calls=80 budget=80
Ours-Frozen-LATE-AQP-v1 B=80 s=1 C6_full_EVENT_MATERIALIZE confirmed anchor,PASS,segments=17
Ours-Frozen-LATE-AQP-v1 B=80 s=1 C6_full_EVENT_MATERIALIZE no NaN,PASS,segments=17
Ours-Frozen-LATE-AQP-v1 B=80 s=1 C6_full_EVENT_MATERIALIZE nonnegative duration,PASS,segments=17
Ours-Frozen-LATE-AQP-v1 B=80 s=1 C6_full_EVENT_MATERIALIZE duration cap,PASS,D_seg_max=60.0
Ours-Frozen-LATE-AQP-v1 B=80 s=1 C6_full_EVENT_MATERIALIZE negative barrier,PASS,negatives=54
Ours-Frozen-LATE-AQP-v1 B=80 s=1 K0_naive_merge confirmed anchor,PASS,segments=1
Ours-Frozen-LATE-AQP-v1 B=80 s=1 K0_naive_merge no NaN,PASS,segments=1
Ours-Frozen-LATE-AQP-v1 B=80 s=1 K0_naive_merge nonnegative duration,PASS,segments=1
Ours-Frozen-LATE-AQP-v1 B=80 s=1 K1_gap_limited confirmed anchor,PASS,segments=12
Ours-Frozen-LATE-AQP-v1 B=80 s=1 K1_gap_limited no NaN,PASS,segments=12
Ours-Frozen-LATE-AQP-v1 B=80 s=1 K1_gap_limited nonnegative duration,PASS,segments=12
Ours-Frozen-LATE-AQP-v1 B=80 s=1 K2_gap_duration confirmed anchor,PASS,segments=14
Ours-Frozen-LATE-AQP-v1 B=80 s=1 K2_gap_duration no NaN,PASS,segments=14
Ours-Frozen-LATE-AQP-v1 B=80 s=1 K2_gap_duration nonnegative duration,PASS,segments=14
Ours-Frozen-LATE-AQP-v1 B=80 s=1 K2_gap_duration duration cap,PASS,D_seg_max=60.0
Ours-Frozen-LATE-AQP-v1 B=80 s=1 K3_gap_duration_negative_barrier confirmed anchor,PASS,segments=17
Ours-Frozen-LATE-AQP-v1 B=80 s=1 K3_gap_duration_negative_barrier no NaN,PASS,segments=17
Ours-Frozen-LATE-AQP-v1 B=80 s=1 K3_gap_duration_negative_barrier nonnegative duration,PASS,segments=17
Ours-Frozen-LATE-AQP-v1 B=80 s=1 K3_gap_duration_negative_barrier duration cap,PASS,D_seg_max=60.0
Ours-Frozen-LATE-AQP-v1 B=80 s=1 K3_gap_duration_negative_barrier negative barrier,PASS,negatives=54
Ours-Frozen-LATE-AQP-v1 B=80 s=1 K4_gap_duration_negative_barrier_selected_expand confirmed anchor,PASS,segments=17
Ours-Frozen-LATE-AQP-v1 B=80 s=1 K4_gap_duration_negative_barrier_selected_expand no NaN,PASS,segments=17
Ours-Frozen-LATE-AQP-v1 B=80 s=1 K4_gap_duration_negative_barrier_selected_expand nonnegative duration,PASS,segments=17
Ours-Frozen-LATE-AQP-v1 B=80 s=1 K4_gap_duration_negative_barrier_selected_expand duration cap,PASS,D_seg_max=60.0
Ours-Frozen-LATE-AQP-v1 B=80 s=1 K4_gap_duration_negative_barrier_selected_expand negative barrier,PASS,negatives=54
Ours-Frozen-LATE-AQP-v1 B=80 s=1 K4 expansion no unconfirmed seed,PASS,every segment contains queried positive anchor
Ours-Frozen-LATE-AQP-v1 B=80 s=2 oracle order,PASS,calls=80
Ours-Frozen-LATE-AQP-v1 B=80 s=2 calls <= budget,PASS,calls=80 budget=80
Ours-Frozen-LATE-AQP-v1 B=80 s=2 C6_full_EVENT_MATERIALIZE confirmed anchor,PASS,segments=17
Ours-Frozen-LATE-AQP-v1 B=80 s=2 C6_full_EVENT_MATERIALIZE no NaN,PASS,segments=17
Ours-Frozen-LATE-AQP-v1 B=80 s=2 C6_full_EVENT_MATERIALIZE nonnegative duration,PASS,segments=17
Ours-Frozen-LATE-AQP-v1 B=80 s=2 C6_full_EVENT_MATERIALIZE duration cap,PASS,D_seg_max=60.0
Ours-Frozen-LATE-AQP-v1 B=80 s=2 C6_full_EVENT_MATERIALIZE negative barrier,PASS,negatives=54
Ours-Frozen-LATE-AQP-v1 B=80 s=2 K0_naive_merge confirmed anchor,PASS,segments=1
Ours-Frozen-LATE-AQP-v1 B=80 s=2 K0_naive_merge no NaN,PASS,segments=1
Ours-Frozen-LATE-AQP-v1 B=80 s=2 K0_naive_merge nonnegative duration,PASS,segments=1
Ours-Frozen-LATE-AQP-v1 B=80 s=2 K1_gap_limited confirmed anchor,PASS,segments=11
Ours-Frozen-LATE-AQP-v1 B=80 s=2 K1_gap_limited no NaN,PASS,segments=11
Ours-Frozen-LATE-AQP-v1 B=80 s=2 K1_gap_limited nonnegative duration,PASS,segments=11
Ours-Frozen-LATE-AQP-v1 B=80 s=2 K2_gap_duration confirmed anchor,PASS,segments=13
Ours-Frozen-LATE-AQP-v1 B=80 s=2 K2_gap_duration no NaN,PASS,segments=13
Ours-Frozen-LATE-AQP-v1 B=80 s=2 K2_gap_duration nonnegative duration,PASS,segments=13
Ours-Frozen-LATE-AQP-v1 B=80 s=2 K2_gap_duration duration cap,PASS,D_seg_max=60.0
Ours-Frozen-LATE-AQP-v1 B=80 s=2 K3_gap_duration_negative_barrier confirmed anchor,PASS,segments=17
Ours-Frozen-LATE-AQP-v1 B=80 s=2 K3_gap_duration_negative_barrier no NaN,PASS,segments=17
Ours-Frozen-LATE-AQP-v1 B=80 s=2 K3_gap_duration_negative_barrier nonnegative duration,PASS,segments=17
Ours-Frozen-LATE-AQP-v1 B=80 s=2 K3_gap_duration_negative_barrier duration cap,PASS,D_seg_max=60.0
Ours-Frozen-LATE-AQP-v1 B=80 s=2 K3_gap_duration_negative_barrier negative barrier,PASS,negatives=54
Ours-Frozen-LATE-AQP-v1 B=80 s=2 K4_gap_duration_negative_barrier_selected_expand confirmed anchor,PASS,segments=17
Ours-Frozen-LATE-AQP-v1 B=80 s=2 K4_gap_duration_negative_barrier_selected_expand no NaN,PASS,segments=17
Ours-Frozen-LATE-AQP-v1 B=80 s=2 K4_gap_duration_negative_barrier_selected_expand nonnegative duration,PASS,segments=17
Ours-Frozen-LATE-AQP-v1 B=80 s=2 K4_gap_duration_negative_barrier_selected_expand duration cap,PASS,D_seg_max=60.0
Ours-Frozen-LATE-AQP-v1 B=80 s=2 K4_gap_duration_negative_barrier_selected_expand negative barrier,PASS,negatives=54
Ours-Frozen-LATE-AQP-v1 B=80 s=2 K4 expansion no unconfirmed seed,PASS,every segment contains queried positive anchor
Ours-Frozen-LATE-AQP-v1 B=80 s=3 oracle order,PASS,calls=80
Ours-Frozen-LATE-AQP-v1 B=80 s=3 calls <= budget,PASS,calls=80 budget=80
Ours-Frozen-LATE-AQP-v1 B=80 s=3 C6_full_EVENT_MATERIALIZE confirmed anchor,PASS,segments=16
Ours-Frozen-LATE-AQP-v1 B=80 s=3 C6_full_EVENT_MATERIALIZE no NaN,PASS,segments=16
Ours-Frozen-LATE-AQP-v1 B=80 s=3 C6_full_EVENT_MATERIALIZE nonnegative duration,PASS,segments=16
Ours-Frozen-LATE-AQP-v1 B=80 s=3 C6_full_EVENT_MATERIALIZE duration cap,PASS,D_seg_max=60.0
Ours-Frozen-LATE-AQP-v1 B=80 s=3 C6_full_EVENT_MATERIALIZE negative barrier,PASS,negatives=55
Ours-Frozen-LATE-AQP-v1 B=80 s=3 K0_naive_merge confirmed anchor,PASS,segments=1
Ours-Frozen-LATE-AQP-v1 B=80 s=3 K0_naive_merge no NaN,PASS,segments=1
Ours-Frozen-LATE-AQP-v1 B=80 s=3 K0_naive_merge nonnegative duration,PASS,segments=1
Ours-Frozen-LATE-AQP-v1 B=80 s=3 K1_gap_limited confirmed anchor,PASS,segments=11
Ours-Frozen-LATE-AQP-v1 B=80 s=3 K1_gap_limited no NaN,PASS,segments=11
Ours-Frozen-LATE-AQP-v1 B=80 s=3 K1_gap_limited nonnegative duration,PASS,segments=11
Ours-Frozen-LATE-AQP-v1 B=80 s=3 K2_gap_duration confirmed anchor,PASS,segments=13
Ours-Frozen-LATE-AQP-v1 B=80 s=3 K2_gap_duration no NaN,PASS,segments=13
Ours-Frozen-LATE-AQP-v1 B=80 s=3 K2_gap_duration nonnegative duration,PASS,segments=13
Ours-Frozen-LATE-AQP-v1 B=80 s=3 K2_gap_duration duration cap,PASS,D_seg_max=60.0
Ours-Frozen-LATE-AQP-v1 B=80 s=3 K3_gap_duration_negative_barrier confirmed anchor,PASS,segments=16
Ours-Frozen-LATE-AQP-v1 B=80 s=3 K3_gap_duration_negative_barrier no NaN,PASS,segments=16
Ours-Frozen-LATE-AQP-v1 B=80 s=3 K3_gap_duration_negative_barrier nonnegative duration,PASS,segments=16
Ours-Frozen-LATE-AQP-v1 B=80 s=3 K3_gap_duration_negative_barrier duration cap,PASS,D_seg_max=60.0
Ours-Frozen-LATE-AQP-v1 B=80 s=3 K3_gap_duration_negative_barrier negative barrier,PASS,negatives=55
Ours-Frozen-LATE-AQP-v1 B=80 s=3 K4_gap_duration_negative_barrier_selected_expand confirmed anchor,PASS,segments=16
Ours-Frozen-LATE-AQP-v1 B=80 s=3 K4_gap_duration_negative_barrier_selected_expand no NaN,PASS,segments=16
Ours-Frozen-LATE-AQP-v1 B=80 s=3 K4_gap_duration_negative_barrier_selected_expand nonnegative duration,PASS,segments=16
Ours-Frozen-LATE-AQP-v1 B=80 s=3 K4_gap_duration_negative_barrier_selected_expand duration cap,PASS,D_seg_max=60.0
Ours-Frozen-LATE-AQP-v1 B=80 s=3 K4_gap_duration_negative_barrier_selected_expand negative barrier,PASS,negatives=55
Ours-Frozen-LATE-AQP-v1 B=80 s=3 K4 expansion no unconfirmed seed,PASS,every segment contains queried positive anchor
Ours-Frozen-LATE-AQP-v1 B=80 s=4 oracle order,PASS,calls=80
Ours-Frozen-LATE-AQP-v1 B=80 s=4 calls <= budget,PASS,calls=80 budget=80
Ours-Frozen-LATE-AQP-v1 B=80 s=4 C6_full_EVENT_MATERIALIZE confirmed anchor,PASS,segments=16
Ours-Frozen-LATE-AQP-v1 B=80 s=4 C6_full_EVENT_MATERIALIZE no NaN,PASS,segments=16
Ours-Frozen-LATE-AQP-v1 B=80 s=4 C6_full_EVENT_MATERIALIZE nonnegative duration,PASS,segments=16
Ours-Frozen-LATE-AQP-v1 B=80 s=4 C6_full_EVENT_MATERIALIZE duration cap,PASS,D_seg_max=60.0
Ours-Frozen-LATE-AQP-v1 B=80 s=4 C6_full_EVENT_MATERIALIZE negative barrier,PASS,negatives=55
Ours-Frozen-LATE-AQP-v1 B=80 s=4 K0_naive_merge confirmed anchor,PASS,segments=1
Ours-Frozen-LATE-AQP-v1 B=80 s=4 K0_naive_merge no NaN,PASS,segments=1
Ours-Frozen-LATE-AQP-v1 B=80 s=4 K0_naive_merge nonnegative duration,PASS,segments=1
Ours-Frozen-LATE-AQP-v1 B=80 s=4 K1_gap_limited confirmed anchor,PASS,segments=11
Ours-Frozen-LATE-AQP-v1 B=80 s=4 K1_gap_limited no NaN,PASS,segments=11
Ours-Frozen-LATE-AQP-v1 B=80 s=4 K1_gap_limited nonnegative duration,PASS,segments=11
Ours-Frozen-LATE-AQP-v1 B=80 s=4 K2_gap_duration confirmed anchor,PASS,segments=13
Ours-Frozen-LATE-AQP-v1 B=80 s=4 K2_gap_duration no NaN,PASS,segments=13
Ours-Frozen-LATE-AQP-v1 B=80 s=4 K2_gap_duration nonnegative duration,PASS,segments=13
Ours-Frozen-LATE-AQP-v1 B=80 s=4 K2_gap_duration duration cap,PASS,D_seg_max=60.0
Ours-Frozen-LATE-AQP-v1 B=80 s=4 K3_gap_duration_negative_barrier confirmed anchor,PASS,segments=16
Ours-Frozen-LATE-AQP-v1 B=80 s=4 K3_gap_duration_negative_barrier no NaN,PASS,segments=16
Ours-Frozen-LATE-AQP-v1 B=80 s=4 K3_gap_duration_negative_barrier nonnegative duration,PASS,segments=16
Ours-Frozen-LATE-AQP-v1 B=80 s=4 K3_gap_duration_negative_barrier duration cap,PASS,D_seg_max=60.0
Ours-Frozen-LATE-AQP-v1 B=80 s=4 K3_gap_duration_negative_barrier negative barrier,PASS,negatives=55
Ours-Frozen-LATE-AQP-v1 B=80 s=4 K4_gap_duration_negative_barrier_selected_expand confirmed anchor,PASS,segments=16
Ours-Frozen-LATE-AQP-v1 B=80 s=4 K4_gap_duration_negative_barrier_selected_expand no NaN,PASS,segments=16
Ours-Frozen-LATE-AQP-v1 B=80 s=4 K4_gap_duration_negative_barrier_selected_expand nonnegative duration,PASS,segments=16
Ours-Frozen-LATE-AQP-v1 B=80 s=4 K4_gap_duration_negative_barrier_selected_expand duration cap,PASS,D_seg_max=60.0
Ours-Frozen-LATE-AQP-v1 B=80 s=4 K4_gap_duration_negative_barrier_selected_expand negative barrier,PASS,negatives=55
Ours-Frozen-LATE-AQP-v1 B=80 s=4 K4 expansion no unconfirmed seed,PASS,every segment contains queried positive anchor
evaluator read newly generated segments,PASS,rows=1620
C6 B=100 Ours reproduces Stage 0.6,PASS,"stage06=0.975610, stage07=0.975610"
no unqueried oracle_label read,PASS,unit records drop oracle_label; materialization labels come from oracle_log only
