run_id,segment_id,method,budget_config,seed,global_step,eligible_node_count,eligible_node_ids,eventful_eligible_count,eventful_eligible_ids,chosen_source,chosen_node_id,chosen_bin_idx,chosen_stagmix_strategy,chosen_stagmix_strategy_position,chosen_node_remaining_true_pos,chosen_node_remaining_true_pos_ids,best_ranked_eventful_candidate_rank,stagmix_budget_used,stagmix_budget_cap
HTS-EC-safe-StagRepMix-force,dataset3_0_1200,HTS-EC-safe-StagRepMix-force,0.1,0,0,0,[],0,[],tree,d0_n0,72.0,,,7,"[50, 57, 60, 68, 69, 75, 83]",,0,1
HTS-EC-safe-StagRepMix-force,dataset3_0_1200,HTS-EC-safe-StagRepMix-force,0.1,0,1,0,[],0,[],tree,d0_n0,73.0,,,7,"[50, 57, 60, 68, 69, 75, 83]",,0,1
HTS-EC-safe-StagRepMix-force,dataset3_0_1200,HTS-EC-safe-StagRepMix-force,0.1,0,2,0,[],0,[],tree,d0_n0,4.0,,,7,"[50, 57, 60, 68, 69, 75, 83]",,0,1
HTS-EC-safe-StagRepMix-force,dataset3_0_1200,HTS-EC-safe-StagRepMix-force,0.1,0,3,0,[],0,[],tree,d0_n0,71.0,,,7,"[50, 57, 60, 68, 69, 75, 83]",,0,1
HTS-EC-safe-StagRepMix-force,dataset3_0_1200,HTS-EC-safe-StagRepMix-force,0.1,0,4,1,['d0_n0'],1,['d0_n0'],stagmix,d0_n0,1.0,,,7,"[50, 57, 60, 68, 69, 75, 83]",0.0,0,1
HTS-EC-safe-StagRepMix-force,dataset3_0_1200,HTS-EC-safe-StagRepMix-force,0.1,0,5,0,[],0,[],tree,d0_n0,96.0,,,7,"[50, 57, 60, 68, 69, 75, 83]",,1,1
HTS-EC-safe-StagRepMix-force,dataset3_0_1200,HTS-EC-safe-StagRepMix-force,0.1,0,6,0,[],0,[],tree,d0_n0,0.0,,,7,"[50, 57, 60, 68, 69, 75, 83]",,1,1
HTS-EC-safe-StagRepMix-force,dataset3_0_1200,HTS-EC-safe-StagRepMix-force,0.1,0,7,0,[],0,[],,,,,,0,[],,1,1
HTS-EC-safe-StagRepMix-force,dataset3_0_1200,HTS-EC-safe-StagRepMix-force,0.1,1,0,0,[],0,[],tree,d0_n0,72.0,,,7,"[50, 57, 60, 68, 69, 75, 83]",,0,1
HTS-EC-safe-StagRepMix-force,dataset3_0_1200,HTS-EC-safe-StagRepMix-force,0.1,1,1,0,[],0,[],tree,d0_n0,73.0,,,7,"[50, 57, 60, 68, 69, 75, 83]",,0,1
HTS-EC-safe-StagRepMix-force,dataset3_0_1200,HTS-EC-safe-StagRepMix-force,0.1,1,2,0,[],0,[],tree,d0_n0,4.0,,,7,"[50, 57, 60, 68, 69, 75, 83]",,0,1
HTS-EC-safe-StagRepMix-force,dataset3_0_1200,HTS-EC-safe-StagRepMix-force,0.1,1,3,0,[],0,[],tree,d0_n0,96.0,,,7,"[50, 57, 60, 68, 69, 75, 83]",,0,1
HTS-EC-safe-StagRepMix-force,dataset3_0_1200,HTS-EC-safe-StagRepMix-force,0.1,1,4,1,['d0_n0'],1,['d0_n0'],stagmix,d0_n0,59.0,,,7,"[50, 57, 60, 68, 69, 75, 83]",0.0,0,1
HTS-EC-safe-StagRepMix-force,dataset3_0_1200,HTS-EC-safe-StagRepMix-force,0.1,1,5,0,[],0,[],tree,d0_n0,71.0,,,7,"[50, 57, 60, 68, 69, 75, 83]",,1,1
HTS-EC-safe-StagRepMix-force,dataset3_0_1200,HTS-EC-safe-StagRepMix-force,0.1,1,6,0,[],0,[],tree,d0_n0,35.0,,,7,"[50, 57, 60, 68, 69, 75, 83]",,1,1
HTS-EC-safe-StagRepMix-force,dataset3_0_1200,HTS-EC-safe-StagRepMix-force,0.1,1,7,0,[],0,[],,,,,,0,[],,1,1
HTS-EC-safe-StagRepMix-force,dataset3_0_1200,HTS-EC-safe-StagRepMix-force,0.1,2,0,0,[],0,[],tree,d0_n0,72.0,,,7,"[50, 57, 60, 68, 69, 75, 83]",,0,1
HTS-EC-safe-StagRepMix-force,dataset3_0_1200,HTS-EC-safe-StagRepMix-force,0.1,2,1,0,[],0,[],tree,d0_n0,73.0,,,7,"[50, 57, 60, 68, 69, 75, 83]",,0,1
HTS-EC-safe-StagRepMix-force,dataset3_0_1200,HTS-EC-safe-StagRepMix-force,0.1,2,2,0,[],0,[],tree,d0_n0,4.0,,,7,"[50, 57, 60, 68, 69, 75, 83]",,0,1
HTS-EC-safe-StagRepMix-force,dataset3_0_1200,HTS-EC-safe-StagRepMix-force,0.1,2,3,0,[],0,[],tree,d0_n0,96.0,,,7,"[50, 57, 60, 68, 69, 75, 83]",,0,1
HTS-EC-safe-StagRepMix-force,dataset3_0_1200,HTS-EC-safe-StagRepMix-force,0.1,2,4,1,['d0_n0'],1,['d0_n0'],stagmix,d0_n0,38.0,,,7,"[50, 57, 60, 68, 69, 75, 83]",0.0,0,1
HTS-EC-safe-StagRepMix-force,dataset3_0_1200,HTS-EC-safe-StagRepMix-force,0.1,2,5,0,[],0,[],tree,d0_n0,17.0,,,7,"[50, 57, 60, 68, 69, 75, 83]",,1,1
HTS-EC-safe-StagRepMix-force,dataset3_0_1200,HTS-EC-safe-StagRepMix-force,0.1,2,6,0,[],0,[],tree,d0_n0,98.0,,,7,"[50, 57, 60, 68, 69, 75, 83]",,1,1
HTS-EC-safe-StagRepMix-force,dataset3_0_1200,HTS-EC-safe-StagRepMix-force,0.1,2,7,0,[],0,[],,,,,,0,[],,1,1
HTS-EC-safe-StagRepMix-force,dataset3_0_1200,HTS-EC-safe-StagRepMix-force,0.2,0,0,0,[],0,[],tree,d0_n0,72.0,,,7,"[50, 57, 60, 68, 69, 75, 83]",,0,3
HTS-EC-safe-StagRepMix-force,dataset3_0_1200,HTS-EC-safe-StagRepMix-force,0.2,0,1,0,[],0,[],tree,d0_n0,73.0,,,7,"[50, 57, 60, 68, 69, 75, 83]",,0,3
HTS-EC-safe-StagRepMix-force,dataset3_0_1200,HTS-EC-safe-StagRepMix-force,0.2,0,2,0,[],0,[],tree,d0_n0,4.0,,,7,"[50, 57, 60, 68, 69, 75, 83]",,0,3
HTS-EC-safe-StagRepMix-force,dataset3_0_1200,HTS-EC-safe-StagRepMix-force,0.2,0,3,0,[],0,[],tree,d0_n0,71.0,,,7,"[50, 57, 60, 68, 69, 75, 83]",,0,3
HTS-EC-safe-StagRepMix-force,dataset3_0_1200,HTS-EC-safe-StagRepMix-force,0.2,0,4,1,['d0_n0'],1,['d0_n0'],stagmix,d0_n0,1.0,,,7,"[50, 57, 60, 68, 69, 75, 83]",0.0,0,3
HTS-EC-safe-StagRepMix-force,dataset3_0_1200,HTS-EC-safe-StagRepMix-force,0.2,0,5,1,['d0_n0'],1,['d0_n0'],stagmix,d0_n0,59.0,low_proxy_diverse,0.0,7,"[50, 57, 60, 68, 69, 75, 83]",0.0,1,3
HTS-EC-safe-StagRepMix-force,dataset3_0_1200,HTS-EC-safe-StagRepMix-force,0.2,0,6,0,[],0,[],tree,d0_n0,0.0,,,7,"[50, 57, 60, 68, 69, 75, 83]",,2,3
HTS-EC-safe-StagRepMix-force,dataset3_0_1200,HTS-EC-safe-StagRepMix-force,0.2,0,7,0,[],0,[],,,,,,0,[],,2,3
HTS-EC-safe-StagRepMix-force,dataset3_0_1200,HTS-EC-safe-StagRepMix-force,0.2,1,0,0,[],0,[],tree,d0_n0,72.0,,,7,"[50, 57, 60, 68, 69, 75, 83]",,0,3
HTS-EC-safe-StagRepMix-force,dataset3_0_1200,HTS-EC-safe-StagRepMix-force,0.2,1,1,0,[],0,[],tree,d0_n0,73.0,,,7,"[50, 57, 60, 68, 69, 75, 83]",,0,3
HTS-EC-safe-StagRepMix-force,dataset3_0_1200,HTS-EC-safe-StagRepMix-force,0.2,1,2,0,[],0,[],tree,d0_n0,4.0,,,7,"[50, 57, 60, 68, 69, 75, 83]",,0,3
HTS-EC-safe-StagRepMix-force,dataset3_0_1200,HTS-EC-safe-StagRepMix-force,0.2,1,3,0,[],0,[],tree,d0_n0,96.0,,,7,"[50, 57, 60, 68, 69, 75, 83]",,0,3
HTS-EC-safe-StagRepMix-force,dataset3_0_1200,HTS-EC-safe-StagRepMix-force,0.2,1,4,1,['d0_n0'],1,['d0_n0'],stagmix,d0_n0,59.0,,,7,"[50, 57, 60, 68, 69, 75, 83]",0.0,0,3
HTS-EC-safe-StagRepMix-force,dataset3_0_1200,HTS-EC-safe-StagRepMix-force,0.2,1,5,1,['d0_n0'],1,['d0_n0'],stagmix,d0_n0,31.0,temporal_center,0.0,7,"[50, 57, 60, 68, 69, 75, 83]",0.0,1,3
HTS-EC-safe-StagRepMix-force,dataset3_0_1200,HTS-EC-safe-StagRepMix-force,0.2,1,6,0,[],0,[],tree,d0_n0,71.0,,,7,"[50, 57, 60, 68, 69, 75, 83]",,2,3
HTS-EC-safe-StagRepMix-force,dataset3_0_1200,HTS-EC-safe-StagRepMix-force,0.2,1,7,0,[],0,[],,,,,,0,[],,2,3
HTS-EC-safe-StagRepMix-force,dataset3_0_1200,HTS-EC-safe-StagRepMix-force,0.2,2,0,0,[],0,[],tree,d0_n0,72.0,,,7,"[50, 57, 60, 68, 69, 75, 83]",,0,3
HTS-EC-safe-StagRepMix-force,dataset3_0_1200,HTS-EC-safe-StagRepMix-force,0.2,2,1,0,[],0,[],tree,d0_n0,73.0,,,7,"[50, 57, 60, 68, 69, 75, 83]",,0,3
HTS-EC-safe-StagRepMix-force,dataset3_0_1200,HTS-EC-safe-StagRepMix-force,0.2,2,2,0,[],0,[],tree,d0_n0,4.0,,,7,"[50, 57, 60, 68, 69, 75, 83]",,0,3
HTS-EC-safe-StagRepMix-force,dataset3_0_1200,HTS-EC-safe-StagRepMix-force,0.2,2,3,0,[],0,[],tree,d0_n0,96.0,,,7,"[50, 57, 60, 68, 69, 75, 83]",,0,3
HTS-EC-safe-StagRepMix-force,dataset3_0_1200,HTS-EC-safe-StagRepMix-force,0.2,2,4,1,['d0_n0'],1,['d0_n0'],stagmix,d0_n0,38.0,,,7,"[50, 57, 60, 68, 69, 75, 83]",0.0,0,3
HTS-EC-safe-StagRepMix-force,dataset3_0_1200,HTS-EC-safe-StagRepMix-force,0.2,2,5,1,['d0_n0'],1,['d0_n0'],stagmix,d0_n0,99.0,farthest_unqueried,0.0,7,"[50, 57, 60, 68, 69, 75, 83]",0.0,1,3
HTS-EC-safe-StagRepMix-force,dataset3_0_1200,HTS-EC-safe-StagRepMix-force,0.2,2,6,0,[],0,[],tree,d0_n0,35.0,,,7,"[50, 57, 60, 68, 69, 75, 83]",,2,3
HTS-EC-safe-StagRepMix-force,dataset3_0_1200,HTS-EC-safe-StagRepMix-force,0.2,2,7,0,[],0,[],,,,,,0,[],,2,3
HTS-EC-safe-StagRepMix-force,dataset3_0_1200,HTS-EC-safe-StagRepMix-force,0.3,0,0,0,[],0,[],tree,d0_n0,72.0,,,7,"[50, 57, 60, 68, 69, 75, 83]",,0,5
HTS-EC-safe-StagRepMix-force,dataset3_0_1200,HTS-EC-safe-StagRepMix-force,0.3,0,1,0,[],0,[],tree,d0_n0,73.0,,,7,"[50, 57, 60, 68, 69, 75, 83]",,0,5
HTS-EC-safe-StagRepMix-force,dataset3_0_1200,HTS-EC-safe-StagRepMix-force,0.3,0,2,0,[],0,[],tree,d0_n0,4.0,,,7,"[50, 57, 60, 68, 69, 75, 83]",,0,5
HTS-EC-safe-StagRepMix-force,dataset3_0_1200,HTS-EC-safe-StagRepMix-force,0.3,0,3,0,[],0,[],tree,d0_n0,71.0,,,7,"[50, 57, 60, 68, 69, 75, 83]",,0,5
HTS-EC-safe-StagRepMix-force,dataset3_0_1200,HTS-EC-safe-StagRepMix-force,0.3,0,4,1,['d0_n0'],1,['d0_n0'],stagmix,d0_n0,1.0,,,7,"[50, 57, 60, 68, 69, 75, 83]",0.0,0,5
HTS-EC-safe-StagRepMix-force,dataset3_0_1200,HTS-EC-safe-StagRepMix-force,0.3,0,5,1,['d0_n0'],1,['d0_n0'],stagmix,d0_n0,59.0,low_proxy_diverse,0.0,7,"[50, 57, 60, 68, 69, 75, 83]",0.0,1,5
HTS-EC-safe-StagRepMix-force,dataset3_0_1200,HTS-EC-safe-StagRepMix-force,0.3,0,6,0,[],0,[],tree,d0_n0,0.0,,,7,"[50, 57, 60, 68, 69, 75, 83]",,2,5
HTS-EC-safe-StagRepMix-force,dataset3_0_1200,HTS-EC-safe-StagRepMix-force,0.3,0,7,0,[],0,[],,,,,,0,[],,2,5
HTS-EC-safe-StagRepMix-force,dataset3_0_1200,HTS-EC-safe-StagRepMix-force,0.3,1,0,0,[],0,[],tree,d0_n0,72.0,,,7,"[50, 57, 60, 68, 69, 75, 83]",,0,5
HTS-EC-safe-StagRepMix-force,dataset3_0_1200,HTS-EC-safe-StagRepMix-force,0.3,1,1,0,[],0,[],tree,d0_n0,73.0,,,7,"[50, 57, 60, 68, 69, 75, 83]",,0,5
HTS-EC-safe-StagRepMix-force,dataset3_0_1200,HTS-EC-safe-StagRepMix-force,0.3,1,2,0,[],0,[],tree,d0_n0,4.0,,,7,"[50, 57, 60, 68, 69, 75, 83]",,0,5
HTS-EC-safe-StagRepMix-force,dataset3_0_1200,HTS-EC-safe-StagRepMix-force,0.3,1,3,0,[],0,[],tree,d0_n0,96.0,,,7,"[50, 57, 60, 68, 69, 75, 83]",,0,5
HTS-EC-safe-StagRepMix-force,dataset3_0_1200,HTS-EC-safe-StagRepMix-force,0.3,1,4,1,['d0_n0'],1,['d0_n0'],stagmix,d0_n0,59.0,,,7,"[50, 57, 60, 68, 69, 75, 83]",0.0,0,5
HTS-EC-safe-StagRepMix-force,dataset3_0_1200,HTS-EC-safe-StagRepMix-force,0.3,1,5,1,['d0_n0'],1,['d0_n0'],stagmix,d0_n0,31.0,temporal_center,0.0,7,"[50, 57, 60, 68, 69, 75, 83]",0.0,1,5
HTS-EC-safe-StagRepMix-force,dataset3_0_1200,HTS-EC-safe-StagRepMix-force,0.3,1,6,0,[],0,[],tree,d0_n0,71.0,,,7,"[50, 57, 60, 68, 69, 75, 83]",,2,5
HTS-EC-safe-StagRepMix-force,dataset3_0_1200,HTS-EC-safe-StagRepMix-force,0.3,1,7,0,[],0,[],,,,,,0,[],,2,5
HTS-EC-safe-StagRepMix-force,dataset3_0_1200,HTS-EC-safe-StagRepMix-force,0.3,2,0,0,[],0,[],tree,d0_n0,72.0,,,7,"[50, 57, 60, 68, 69, 75, 83]",,0,5
HTS-EC-safe-StagRepMix-force,dataset3_0_1200,HTS-EC-safe-StagRepMix-force,0.3,2,1,0,[],0,[],tree,d0_n0,73.0,,,7,"[50, 57, 60, 68, 69, 75, 83]",,0,5
HTS-EC-safe-StagRepMix-force,dataset3_0_1200,HTS-EC-safe-StagRepMix-force,0.3,2,2,0,[],0,[],tree,d0_n0,4.0,,,7,"[50, 57, 60, 68, 69, 75, 83]",,0,5
HTS-EC-safe-StagRepMix-force,dataset3_0_1200,HTS-EC-safe-StagRepMix-force,0.3,2,3,0,[],0,[],tree,d0_n0,96.0,,,7,"[50, 57, 60, 68, 69, 75, 83]",,0,5
HTS-EC-safe-StagRepMix-force,dataset3_0_1200,HTS-EC-safe-StagRepMix-force,0.3,2,4,1,['d0_n0'],1,['d0_n0'],stagmix,d0_n0,38.0,,,7,"[50, 57, 60, 68, 69, 75, 83]",0.0,0,5
HTS-EC-safe-StagRepMix-force,dataset3_0_1200,HTS-EC-safe-StagRepMix-force,0.3,2,5,1,['d0_n0'],1,['d0_n0'],stagmix,d0_n0,99.0,farthest_unqueried,0.0,7,"[50, 57, 60, 68, 69, 75, 83]",0.0,1,5
HTS-EC-safe-StagRepMix-force,dataset3_0_1200,HTS-EC-safe-StagRepMix-force,0.3,2,6,0,[],0,[],tree,d0_n0,35.0,,,7,"[50, 57, 60, 68, 69, 75, 83]",,2,5
HTS-EC-safe-StagRepMix-force,dataset3_0_1200,HTS-EC-safe-StagRepMix-force,0.3,2,7,0,[],0,[],,,,,,0,[],,2,5
HTS-EC-safe-shadow-stag,dataset3_0_1200,HTS-EC-safe-shadow-stag,0.1,0,0,0,[],0,[],tree,d0_n0,72.0,,,7,"[50, 57, 60, 68, 69, 75, 83]",,0,1
HTS-EC-safe-shadow-stag,dataset3_0_1200,HTS-EC-safe-shadow-stag,0.1,0,1,0,[],0,[],tree,d0_n0,73.0,,,7,"[50, 57, 60, 68, 69, 75, 83]",,0,1
HTS-EC-safe-shadow-stag,dataset3_0_1200,HTS-EC-safe-shadow-stag,0.1,0,2,0,[],0,[],tree,d0_n0,4.0,,,7,"[50, 57, 60, 68, 69, 75, 83]",,0,1
HTS-EC-safe-shadow-stag,dataset3_0_1200,HTS-EC-safe-shadow-stag,0.1,0,3,0,[],0,[],tree,d0_n0,71.0,,,7,"[50, 57, 60, 68, 69, 75, 83]",,0,1
HTS-EC-safe-shadow-stag,dataset3_0_1200,HTS-EC-safe-shadow-stag,0.1,0,4,1,['d0_n0'],1,['d0_n0'],tree,d0_n0,35.0,,,7,"[50, 57, 60, 68, 69, 75, 83]",0.0,0,1
HTS-EC-safe-shadow-stag,dataset3_0_1200,HTS-EC-safe-shadow-stag,0.1,0,5,1,['d0_n0'],1,['d0_n0'],tree,d0_n0,17.0,,,7,"[50, 57, 60, 68, 69, 75, 83]",0.0,0,1
HTS-EC-safe-shadow-stag,dataset3_0_1200,HTS-EC-safe-shadow-stag,0.1,0,6,1,['d0_n0'],1,['d0_n0'],tree,d0_n0,0.0,,,7,"[50, 57, 60, 68, 69, 75, 83]",0.0,0,1
HTS-EC-safe-shadow-stag,dataset3_0_1200,HTS-EC-safe-shadow-stag,0.1,0,7,0,[],0,[],,,,,,0,[],,0,1
HTS-EC-safe-shadow-stag,dataset3_0_1200,HTS-EC-safe-shadow-stag,0.1,1,0,0,[],0,[],tree,d0_n0,72.0,,,7,"[50, 57, 60, 68, 69, 75, 83]",,0,1
HTS-EC-safe-shadow-stag,dataset3_0_1200,HTS-EC-safe-shadow-stag,0.1,1,1,0,[],0,[],tree,d0_n0,73.0,,,7,"[50, 57, 60, 68, 69, 75, 83]",,0,1
HTS-EC-safe-shadow-stag,dataset3_0_1200,HTS-EC-safe-shadow-stag,0.1,1,2,0,[],0,[],tree,d0_n0,4.0,,,7,"[50, 57, 60, 68, 69, 75, 83]",,0,1
HTS-EC-safe-shadow-stag,dataset3_0_1200,HTS-EC-safe-shadow-stag,0.1,1,3,0,[],0,[],tree,d0_n0,96.0,,,7,"[50, 57, 60, 68, 69, 75, 83]",,0,1
HTS-EC-safe-shadow-stag,dataset3_0_1200,HTS-EC-safe-shadow-stag,0.1,1,4,1,['d0_n0'],1,['d0_n0'],tree,d0_n0,71.0,,,7,"[50, 57, 60, 68, 69, 75, 83]",0.0,0,1
HTS-EC-safe-shadow-stag,dataset3_0_1200,HTS-EC-safe-shadow-stag,0.1,1,5,1,['d0_n0'],1,['d0_n0'],tree,d0_n0,0.0,,,7,"[50, 57, 60, 68, 69, 75, 83]",0.0,0,1
HTS-EC-safe-shadow-stag,dataset3_0_1200,HTS-EC-safe-shadow-stag,0.1,1,6,1,['d0_n0'],1,['d0_n0'],tree,d0_n0,17.0,,,7,"[50, 57, 60, 68, 69, 75, 83]",0.0,0,1
HTS-EC-safe-shadow-stag,dataset3_0_1200,HTS-EC-safe-shadow-stag,0.1,1,7,0,[],0,[],,,,,,0,[],,0,1
HTS-EC-safe-shadow-stag,dataset3_0_1200,HTS-EC-safe-shadow-stag,0.1,2,0,0,[],0,[],tree,d0_n0,72.0,,,7,"[50, 57, 60, 68, 69, 75, 83]",,0,1
HTS-EC-safe-shadow-stag,dataset3_0_1200,HTS-EC-safe-shadow-stag,0.1,2,1,0,[],0,[],tree,d0_n0,73.0,,,7,"[50, 57, 60, 68, 69, 75, 83]",,0,1
HTS-EC-safe-shadow-stag,dataset3_0_1200,HTS-EC-safe-shadow-stag,0.1,2,2,0,[],0,[],tree,d0_n0,4.0,,,7,"[50, 57, 60, 68, 69, 75, 83]",,0,1
HTS-EC-safe-shadow-stag,dataset3_0_1200,HTS-EC-safe-shadow-stag,0.1,2,3,0,[],0,[],tree,d0_n0,96.0,,,7,"[50, 57, 60, 68, 69, 75, 83]",,0,1
HTS-EC-safe-shadow-stag,dataset3_0_1200,HTS-EC-safe-shadow-stag,0.1,2,4,1,['d0_n0'],1,['d0_n0'],tree,d0_n0,35.0,,,7,"[50, 57, 60, 68, 69, 75, 83]",0.0,0,1
HTS-EC-safe-shadow-stag,dataset3_0_1200,HTS-EC-safe-shadow-stag,0.1,2,5,1,['d0_n0'],1,['d0_n0'],tree,d0_n0,17.0,,,7,"[50, 57, 60, 68, 69, 75, 83]",0.0,0,1
HTS-EC-safe-shadow-stag,dataset3_0_1200,HTS-EC-safe-shadow-stag,0.1,2,6,1,['d0_n0'],1,['d0_n0'],tree,d0_n0,98.0,,,7,"[50, 57, 60, 68, 69, 75, 83]",0.0,0,1
HTS-EC-safe-shadow-stag,dataset3_0_1200,HTS-EC-safe-shadow-stag,0.1,2,7,0,[],0,[],,,,,,0,[],,0,1
HTS-EC-safe-shadow-stag,dataset3_0_1200,HTS-EC-safe-shadow-stag,0.2,0,0,0,[],0,[],tree,d0_n0,72.0,,,7,"[50, 57, 60, 68, 69, 75, 83]",,0,3
HTS-EC-safe-shadow-stag,dataset3_0_1200,HTS-EC-safe-shadow-stag,0.2,0,1,0,[],0,[],tree,d0_n0,73.0,,,7,"[50, 57, 60, 68, 69, 75, 83]",,0,3
HTS-EC-safe-shadow-stag,dataset3_0_1200,HTS-EC-safe-shadow-stag,0.2,0,2,0,[],0,[],tree,d0_n0,4.0,,,7,"[50, 57, 60, 68, 69, 75, 83]",,0,3
HTS-EC-safe-shadow-stag,dataset3_0_1200,HTS-EC-safe-shadow-stag,0.2,0,3,0,[],0,[],tree,d0_n0,71.0,,,7,"[50, 57, 60, 68, 69, 75, 83]",,0,3
HTS-EC-safe-shadow-stag,dataset3_0_1200,HTS-EC-safe-shadow-stag,0.2,0,4,1,['d0_n0'],1,['d0_n0'],tree,d0_n0,35.0,,,7,"[50, 57, 60, 68, 69, 75, 83]",0.0,0,3
HTS-EC-safe-shadow-stag,dataset3_0_1200,HTS-EC-safe-shadow-stag,0.2,0,5,1,['d0_n0'],1,['d0_n0'],tree,d0_n0,17.0,,,7,"[50, 57, 60, 68, 69, 75, 83]",0.0,0,3
HTS-EC-safe-shadow-stag,dataset3_0_1200,HTS-EC-safe-shadow-stag,0.2,0,6,1,['d0_n0'],1,['d0_n0'],tree,d0_n0,0.0,,,7,"[50, 57, 60, 68, 69, 75, 83]",0.0,0,3
HTS-EC-safe-shadow-stag,dataset3_0_1200,HTS-EC-safe-shadow-stag,0.2,0,7,0,[],0,[],,,,,,0,[],,0,3
HTS-EC-safe-shadow-stag,dataset3_0_1200,HTS-EC-safe-shadow-stag,0.2,1,0,0,[],0,[],tree,d0_n0,72.0,,,7,"[50, 57, 60, 68, 69, 75, 83]",,0,3
HTS-EC-safe-shadow-stag,dataset3_0_1200,HTS-EC-safe-shadow-stag,0.2,1,1,0,[],0,[],tree,d0_n0,73.0,,,7,"[50, 57, 60, 68, 69, 75, 83]",,0,3
HTS-EC-safe-shadow-stag,dataset3_0_1200,HTS-EC-safe-shadow-stag,0.2,1,2,0,[],0,[],tree,d0_n0,4.0,,,7,"[50, 57, 60, 68, 69, 75, 83]",,0,3
HTS-EC-safe-shadow-stag,dataset3_0_1200,HTS-EC-safe-shadow-stag,0.2,1,3,0,[],0,[],tree,d0_n0,96.0,,,7,"[50, 57, 60, 68, 69, 75, 83]",,0,3
HTS-EC-safe-shadow-stag,dataset3_0_1200,HTS-EC-safe-shadow-stag,0.2,1,4,1,['d0_n0'],1,['d0_n0'],tree,d0_n0,71.0,,,7,"[50, 57, 60, 68, 69, 75, 83]",0.0,0,3
HTS-EC-safe-shadow-stag,dataset3_0_1200,HTS-EC-safe-shadow-stag,0.2,1,5,1,['d0_n0'],1,['d0_n0'],tree,d0_n0,0.0,,,7,"[50, 57, 60, 68, 69, 75, 83]",0.0,0,3
HTS-EC-safe-shadow-stag,dataset3_0_1200,HTS-EC-safe-shadow-stag,0.2,1,6,1,['d0_n0'],1,['d0_n0'],tree,d0_n0,17.0,,,7,"[50, 57, 60, 68, 69, 75, 83]",0.0,0,3
HTS-EC-safe-shadow-stag,dataset3_0_1200,HTS-EC-safe-shadow-stag,0.2,1,7,0,[],0,[],,,,,,0,[],,0,3
HTS-EC-safe-shadow-stag,dataset3_0_1200,HTS-EC-safe-shadow-stag,0.2,2,0,0,[],0,[],tree,d0_n0,72.0,,,7,"[50, 57, 60, 68, 69, 75, 83]",,0,3
HTS-EC-safe-shadow-stag,dataset3_0_1200,HTS-EC-safe-shadow-stag,0.2,2,1,0,[],0,[],tree,d0_n0,73.0,,,7,"[50, 57, 60, 68, 69, 75, 83]",,0,3
HTS-EC-safe-shadow-stag,dataset3_0_1200,HTS-EC-safe-shadow-stag,0.2,2,2,0,[],0,[],tree,d0_n0,4.0,,,7,"[50, 57, 60, 68, 69, 75, 83]",,0,3
HTS-EC-safe-shadow-stag,dataset3_0_1200,HTS-EC-safe-shadow-stag,0.2,2,3,0,[],0,[],tree,d0_n0,96.0,,,7,"[50, 57, 60, 68, 69, 75, 83]",,0,3
HTS-EC-safe-shadow-stag,dataset3_0_1200,HTS-EC-safe-shadow-stag,0.2,2,4,1,['d0_n0'],1,['d0_n0'],tree,d0_n0,35.0,,,7,"[50, 57, 60, 68, 69, 75, 83]",0.0,0,3
HTS-EC-safe-shadow-stag,dataset3_0_1200,HTS-EC-safe-shadow-stag,0.2,2,5,1,['d0_n0'],1,['d0_n0'],tree,d0_n0,17.0,,,7,"[50, 57, 60, 68, 69, 75, 83]",0.0,0,3
HTS-EC-safe-shadow-stag,dataset3_0_1200,HTS-EC-safe-shadow-stag,0.2,2,6,1,['d0_n0'],1,['d0_n0'],tree,d0_n0,98.0,,,7,"[50, 57, 60, 68, 69, 75, 83]",0.0,0,3
HTS-EC-safe-shadow-stag,dataset3_0_1200,HTS-EC-safe-shadow-stag,0.2,2,7,0,[],0,[],,,,,,0,[],,0,3
HTS-EC-safe-shadow-stag,dataset3_0_1200,HTS-EC-safe-shadow-stag,0.3,0,0,0,[],0,[],tree,d0_n0,72.0,,,7,"[50, 57, 60, 68, 69, 75, 83]",,0,5
HTS-EC-safe-shadow-stag,dataset3_0_1200,HTS-EC-safe-shadow-stag,0.3,0,1,0,[],0,[],tree,d0_n0,73.0,,,7,"[50, 57, 60, 68, 69, 75, 83]",,0,5
HTS-EC-safe-shadow-stag,dataset3_0_1200,HTS-EC-safe-shadow-stag,0.3,0,2,0,[],0,[],tree,d0_n0,4.0,,,7,"[50, 57, 60, 68, 69, 75, 83]",,0,5
HTS-EC-safe-shadow-stag,dataset3_0_1200,HTS-EC-safe-shadow-stag,0.3,0,3,0,[],0,[],tree,d0_n0,71.0,,,7,"[50, 57, 60, 68, 69, 75, 83]",,0,5
HTS-EC-safe-shadow-stag,dataset3_0_1200,HTS-EC-safe-shadow-stag,0.3,0,4,1,['d0_n0'],1,['d0_n0'],tree,d0_n0,35.0,,,7,"[50, 57, 60, 68, 69, 75, 83]",0.0,0,5
HTS-EC-safe-shadow-stag,dataset3_0_1200,HTS-EC-safe-shadow-stag,0.3,0,5,1,['d0_n0'],1,['d0_n0'],tree,d0_n0,17.0,,,7,"[50, 57, 60, 68, 69, 75, 83]",0.0,0,5
HTS-EC-safe-shadow-stag,dataset3_0_1200,HTS-EC-safe-shadow-stag,0.3,0,6,1,['d0_n0'],1,['d0_n0'],tree,d0_n0,0.0,,,7,"[50, 57, 60, 68, 69, 75, 83]",0.0,0,5
HTS-EC-safe-shadow-stag,dataset3_0_1200,HTS-EC-safe-shadow-stag,0.3,0,7,0,[],0,[],,,,,,0,[],,0,5
HTS-EC-safe-shadow-stag,dataset3_0_1200,HTS-EC-safe-shadow-stag,0.3,1,0,0,[],0,[],tree,d0_n0,72.0,,,7,"[50, 57, 60, 68, 69, 75, 83]",,0,5
HTS-EC-safe-shadow-stag,dataset3_0_1200,HTS-EC-safe-shadow-stag,0.3,1,1,0,[],0,[],tree,d0_n0,73.0,,,7,"[50, 57, 60, 68, 69, 75, 83]",,0,5
HTS-EC-safe-shadow-stag,dataset3_0_1200,HTS-EC-safe-shadow-stag,0.3,1,2,0,[],0,[],tree,d0_n0,4.0,,,7,"[50, 57, 60, 68, 69, 75, 83]",,0,5
HTS-EC-safe-shadow-stag,dataset3_0_1200,HTS-EC-safe-shadow-stag,0.3,1,3,0,[],0,[],tree,d0_n0,96.0,,,7,"[50, 57, 60, 68, 69, 75, 83]",,0,5
HTS-EC-safe-shadow-stag,dataset3_0_1200,HTS-EC-safe-shadow-stag,0.3,1,4,1,['d0_n0'],1,['d0_n0'],tree,d0_n0,71.0,,,7,"[50, 57, 60, 68, 69, 75, 83]",0.0,0,5
HTS-EC-safe-shadow-stag,dataset3_0_1200,HTS-EC-safe-shadow-stag,0.3,1,5,1,['d0_n0'],1,['d0_n0'],tree,d0_n0,0.0,,,7,"[50, 57, 60, 68, 69, 75, 83]",0.0,0,5
HTS-EC-safe-shadow-stag,dataset3_0_1200,HTS-EC-safe-shadow-stag,0.3,1,6,1,['d0_n0'],1,['d0_n0'],tree,d0_n0,17.0,,,7,"[50, 57, 60, 68, 69, 75, 83]",0.0,0,5
HTS-EC-safe-shadow-stag,dataset3_0_1200,HTS-EC-safe-shadow-stag,0.3,1,7,0,[],0,[],,,,,,0,[],,0,5
HTS-EC-safe-shadow-stag,dataset3_0_1200,HTS-EC-safe-shadow-stag,0.3,2,0,0,[],0,[],tree,d0_n0,72.0,,,7,"[50, 57, 60, 68, 69, 75, 83]",,0,5
HTS-EC-safe-shadow-stag,dataset3_0_1200,HTS-EC-safe-shadow-stag,0.3,2,1,0,[],0,[],tree,d0_n0,73.0,,,7,"[50, 57, 60, 68, 69, 75, 83]",,0,5
HTS-EC-safe-shadow-stag,dataset3_0_1200,HTS-EC-safe-shadow-stag,0.3,2,2,0,[],0,[],tree,d0_n0,4.0,,,7,"[50, 57, 60, 68, 69, 75, 83]",,0,5
HTS-EC-safe-shadow-stag,dataset3_0_1200,HTS-EC-safe-shadow-stag,0.3,2,3,0,[],0,[],tree,d0_n0,96.0,,,7,"[50, 57, 60, 68, 69, 75, 83]",,0,5
HTS-EC-safe-shadow-stag,dataset3_0_1200,HTS-EC-safe-shadow-stag,0.3,2,4,1,['d0_n0'],1,['d0_n0'],tree,d0_n0,35.0,,,7,"[50, 57, 60, 68, 69, 75, 83]",0.0,0,5
HTS-EC-safe-shadow-stag,dataset3_0_1200,HTS-EC-safe-shadow-stag,0.3,2,5,1,['d0_n0'],1,['d0_n0'],tree,d0_n0,17.0,,,7,"[50, 57, 60, 68, 69, 75, 83]",0.0,0,5
HTS-EC-safe-shadow-stag,dataset3_0_1200,HTS-EC-safe-shadow-stag,0.3,2,6,1,['d0_n0'],1,['d0_n0'],tree,d0_n0,98.0,,,7,"[50, 57, 60, 68, 69, 75, 83]",0.0,0,5
HTS-EC-safe-shadow-stag,dataset3_0_1200,HTS-EC-safe-shadow-stag,0.3,2,7,0,[],0,[],,,,,,0,[],,0,5
HTS-EC-safe-StagRepMix-force,dataset3_1200_2400,HTS-EC-safe-StagRepMix-force,0.1,0,0,0,[],0,[],tree,d0_n0,27.0,,,21,"[8, 9, 12, 41, 44, 51, 52, 53, 54, 55, 56, 57, 58, 59, 63, 65, 75, 77, 97, 99, 104]",,0,1
HTS-EC-safe-StagRepMix-force,dataset3_1200_2400,HTS-EC-safe-StagRepMix-force,0.1,0,1,0,[],0,[],tree,d0_n0,86.0,,,21,"[8, 9, 12, 41, 44, 51, 52, 53, 54, 55, 56, 57, 58, 59, 63, 65, 75, 77, 97, 99, 104]",,0,1
HTS-EC-safe-StagRepMix-force,dataset3_1200_2400,HTS-EC-safe-StagRepMix-force,0.1,0,2,0,[],0,[],tree,d0_n0,38.0,,,21,"[8, 9, 12, 41, 44, 51, 52, 53, 54, 55, 56, 57, 58, 59, 63, 65, 75, 77, 97, 99, 104]",,0,1
HTS-EC-safe-StagRepMix-force,dataset3_1200_2400,HTS-EC-safe-StagRepMix-force,0.1,0,3,0,[],0,[],tree,d0_n0,3.0,,,21,"[8, 9, 12, 41, 44, 51, 52, 53, 54, 55, 56, 57, 58, 59, 63, 65, 75, 77, 97, 99, 104]",,0,1
HTS-EC-safe-StagRepMix-force,dataset3_1200_2400,HTS-EC-safe-StagRepMix-force,0.1,0,4,1,['d0_n0'],1,['d0_n0'],stagmix,d0_n0,119.0,,,21,"[8, 9, 12, 41, 44, 51, 52, 53, 54, 55, 56, 57, 58, 59, 63, 65, 75, 77, 97, 99, 104]",0.0,0,1
HTS-EC-safe-StagRepMix-force,dataset3_1200_2400,HTS-EC-safe-StagRepMix-force,0.1,0,5,0,[],0,[],tree,d0_n0,32.0,,,21,"[8, 9, 12, 41, 44, 51, 52, 53, 54, 55, 56, 57, 58, 59, 63, 65, 75, 77, 97, 99, 104]",,1,1
HTS-EC-safe-StagRepMix-force,dataset3_1200_2400,HTS-EC-safe-StagRepMix-force,0.1,0,6,0,[],0,[],tree,d0_n0,89.0,,,21,"[8, 9, 12, 41, 44, 51, 52, 53, 54, 55, 56, 57, 58, 59, 63, 65, 75, 77, 97, 99, 104]",,1,1
HTS-EC-safe-StagRepMix-force,dataset3_1200_2400,HTS-EC-safe-StagRepMix-force,0.1,0,7,0,[],0,[],tree,d0_n0,51.0,,,21,"[8, 9, 12, 41, 44, 51, 52, 53, 54, 55, 56, 57, 58, 59, 63, 65, 75, 77, 97, 99, 104]",,1,1
HTS-EC-safe-StagRepMix-force,dataset3_1200_2400,HTS-EC-safe-StagRepMix-force,0.1,0,8,0,[],0,[],tree,d0_n0,111.0,,,20,"[8, 9, 12, 41, 44, 52, 53, 54, 55, 56, 57, 58, 59, 63, 65, 75, 77, 97, 99, 104]",,1,1
HTS-EC-safe-StagRepMix-force,dataset3_1200_2400,HTS-EC-safe-StagRepMix-force,0.1,0,9,0,[],0,[],tree,d0_n0,34.0,,,20,"[8, 9, 12, 41, 44, 52, 53, 54, 55, 56, 57, 58, 59, 63, 65, 75, 77, 97, 99, 104]",,1,1
HTS-EC-safe-StagRepMix-force,dataset3_1200_2400,HTS-EC-safe-StagRepMix-force,0.1,0,10,0,[],0,[],tree,d0_n0,31.0,,,20,"[8, 9, 12, 41, 44, 52, 53, 54, 55, 56, 57, 58, 59, 63, 65, 75, 77, 97, 99, 104]",,1,1
HTS-EC-safe-StagRepMix-force,dataset3_1200_2400,HTS-EC-safe-StagRepMix-force,0.1,0,11,0,[],0,[],tree,d0_n0,18.0,,,20,"[8, 9, 12, 41, 44, 52, 53, 54, 55, 56, 57, 58, 59, 63, 65, 75, 77, 97, 99, 104]",,1,1
HTS-EC-safe-StagRepMix-force,dataset3_1200_2400,HTS-EC-safe-StagRepMix-force,0.1,1,0,0,[],0,[],tree,d0_n0,27.0,,,21,"[8, 9, 12, 41, 44, 51, 52, 53, 54, 55, 56, 57, 58, 59, 63, 65, 75, 77, 97, 99, 104]",,0,1
HTS-EC-safe-StagRepMix-force,dataset3_1200_2400,HTS-EC-safe-StagRepMix-force,0.1,1,1,0,[],0,[],tree,d0_n0,86.0,,,21,"[8, 9, 12, 41, 44, 51, 52, 53, 54, 55, 56, 57, 58, 59, 63, 65, 75, 77, 97, 99, 104]",,0,1
HTS-EC-safe-StagRepMix-force,dataset3_1200_2400,HTS-EC-safe-StagRepMix-force,0.1,1,2,0,[],0,[],tree,d0_n0,38.0,,,21,"[8, 9, 12, 41, 44, 51, 52, 53, 54, 55, 56, 57, 58, 59, 63, 65, 75, 77, 97, 99, 104]",,0,1
HTS-EC-safe-StagRepMix-force,dataset3_1200_2400,HTS-EC-safe-StagRepMix-force,0.1,1,3,0,[],0,[],tree,d0_n0,3.0,,,21,"[8, 9, 12, 41, 44, 51, 52, 53, 54, 55, 56, 57, 58, 59, 63, 65, 75, 77, 97, 99, 104]",,0,1
HTS-EC-safe-StagRepMix-force,dataset3_1200_2400,HTS-EC-safe-StagRepMix-force,0.1,1,4,1,['d0_n0'],1,['d0_n0'],stagmix,d0_n0,61.0,,,21,"[8, 9, 12, 41, 44, 51, 52, 53, 54, 55, 56, 57, 58, 59, 63, 65, 75, 77, 97, 99, 104]",0.0,0,1
HTS-EC-safe-StagRepMix-force,dataset3_1200_2400,HTS-EC-safe-StagRepMix-force,0.1,1,5,0,[],0,[],tree,d0_n0,32.0,,,21,"[8, 9, 12, 41, 44, 51, 52, 53, 54, 55, 56, 57, 58, 59, 63, 65, 75, 77, 97, 99, 104]",,1,1
HTS-EC-safe-StagRepMix-force,dataset3_1200_2400,HTS-EC-safe-StagRepMix-force,0.1,1,6,0,[],0,[],tree,d0_n0,89.0,,,21,"[8, 9, 12, 41, 44, 51, 52, 53, 54, 55, 56, 57, 58, 59, 63, 65, 75, 77, 97, 99, 104]",,1,1
HTS-EC-safe-StagRepMix-force,dataset3_1200_2400,HTS-EC-safe-StagRepMix-force,0.1,1,7,0,[],0,[],tree,d0_n0,51.0,,,21,"[8, 9, 12, 41, 44, 51, 52, 53, 54, 55, 56, 57, 58, 59, 63, 65, 75, 77, 97, 99, 104]",,1,1
HTS-EC-safe-StagRepMix-force,dataset3_1200_2400,HTS-EC-safe-StagRepMix-force,0.1,1,8,0,[],0,[],tree,d0_n0,111.0,,,20,"[8, 9, 12, 41, 44, 52, 53, 54, 55, 56, 57, 58, 59, 63, 65, 75, 77, 97, 99, 104]",,1,1
HTS-EC-safe-StagRepMix-force,dataset3_1200_2400,HTS-EC-safe-StagRepMix-force,0.1,1,9,0,[],0,[],tree,d0_n0,34.0,,,20,"[8, 9, 12, 41, 44, 52, 53, 54, 55, 56, 57, 58, 59, 63, 65, 75, 77, 97, 99, 104]",,1,1
HTS-EC-safe-StagRepMix-force,dataset3_1200_2400,HTS-EC-safe-StagRepMix-force,0.1,1,10,0,[],0,[],tree,d0_n0,31.0,,,20,"[8, 9, 12, 41, 44, 52, 53, 54, 55, 56, 57, 58, 59, 63, 65, 75, 77, 97, 99, 104]",,1,1
HTS-EC-safe-StagRepMix-force,dataset3_1200_2400,HTS-EC-safe-StagRepMix-force,0.1,1,11,0,[],0,[],tree,d0_n0,118.0,,,20,"[8, 9, 12, 41, 44, 52, 53, 54, 55, 56, 57, 58, 59, 63, 65, 75, 77, 97, 99, 104]",,1,1
HTS-EC-safe-StagRepMix-force,dataset3_1200_2400,HTS-EC-safe-StagRepMix-force,0.1,2,0,0,[],0,[],tree,d0_n0,27.0,,,21,"[8, 9, 12, 41, 44, 51, 52, 53, 54, 55, 56, 57, 58, 59, 63, 65, 75, 77, 97, 99, 104]",,0,1
HTS-EC-safe-StagRepMix-force,dataset3_1200_2400,HTS-EC-safe-StagRepMix-force,0.1,2,1,0,[],0,[],tree,d0_n0,38.0,,,21,"[8, 9, 12, 41, 44, 51, 52, 53, 54, 55, 56, 57, 58, 59, 63, 65, 75, 77, 97, 99, 104]",,0,1
HTS-EC-safe-StagRepMix-force,dataset3_1200_2400,HTS-EC-safe-StagRepMix-force,0.1,2,2,0,[],0,[],tree,d0_n0,86.0,,,21,"[8, 9, 12, 41, 44, 51, 52, 53, 54, 55, 56, 57, 58, 59, 63, 65, 75, 77, 97, 99, 104]",,0,1
HTS-EC-safe-StagRepMix-force,dataset3_1200_2400,HTS-EC-safe-StagRepMix-force,0.1,2,3,0,[],0,[],tree,d0_n0,3.0,,,21,"[8, 9, 12, 41, 44, 51, 52, 53, 54, 55, 56, 57, 58, 59, 63, 65, 75, 77, 97, 99, 104]",,0,1
HTS-EC-safe-StagRepMix-force,dataset3_1200_2400,HTS-EC-safe-StagRepMix-force,0.1,2,4,1,['d0_n0'],1,['d0_n0'],stagmix,d0_n0,61.0,,,21,"[8, 9, 12, 41, 44, 51, 52, 53, 54, 55, 56, 57, 58, 59, 63, 65, 75, 77, 97, 99, 104]",0.0,0,1
HTS-EC-safe-StagRepMix-force,dataset3_1200_2400,HTS-EC-safe-StagRepMix-force,0.1,2,5,0,[],0,[],tree,d0_n0,89.0,,,21,"[8, 9, 12, 41, 44, 51, 52, 53, 54, 55, 56, 57, 58, 59, 63, 65, 75, 77, 97, 99, 104]",,1,1
HTS-EC-safe-StagRepMix-force,dataset3_1200_2400,HTS-EC-safe-StagRepMix-force,0.1,2,6,0,[],0,[],tree,d0_n0,32.0,,,21,"[8, 9, 12, 41, 44, 51, 52, 53, 54, 55, 56, 57, 58, 59, 63, 65, 75, 77, 97, 99, 104]",,1,1
HTS-EC-safe-StagRepMix-force,dataset3_1200_2400,HTS-EC-safe-StagRepMix-force,0.1,2,7,0,[],0,[],tree,d0_n0,51.0,,,21,"[8, 9, 12, 41, 44, 51, 52, 53, 54, 55, 56, 57, 58, 59, 63, 65, 75, 77, 97, 99, 104]",,1,1
HTS-EC-safe-StagRepMix-force,dataset3_1200_2400,HTS-EC-safe-StagRepMix-force,0.1,2,8,0,[],0,[],tree,d0_n0,111.0,,,20,"[8, 9, 12, 41, 44, 52, 53, 54, 55, 56, 57, 58, 59, 63, 65, 75, 77, 97, 99, 104]",,1,1
HTS-EC-safe-StagRepMix-force,dataset3_1200_2400,HTS-EC-safe-StagRepMix-force,0.1,2,9,0,[],0,[],tree,d0_n0,34.0,,,20,"[8, 9, 12, 41, 44, 52, 53, 54, 55, 56, 57, 58, 59, 63, 65, 75, 77, 97, 99, 104]",,1,1
HTS-EC-safe-StagRepMix-force,dataset3_1200_2400,HTS-EC-safe-StagRepMix-force,0.1,2,10,0,[],0,[],tree,d0_n0,31.0,,,20,"[8, 9, 12, 41, 44, 52, 53, 54, 55, 56, 57, 58, 59, 63, 65, 75, 77, 97, 99, 104]",,1,1
HTS-EC-safe-StagRepMix-force,dataset3_1200_2400,HTS-EC-safe-StagRepMix-force,0.1,2,11,0,[],0,[],tree,d0_n0,118.0,,,20,"[8, 9, 12, 41, 44, 52, 53, 54, 55, 56, 57, 58, 59, 63, 65, 75, 77, 97, 99, 104]",,1,1
HTS-EC-safe-StagRepMix-force,dataset3_1200_2400,HTS-EC-safe-StagRepMix-force,0.2,0,0,0,[],0,[],tree,d0_n0,27.0,,,21,"[8, 9, 12, 41, 44, 51, 52, 53, 54, 55, 56, 57, 58, 59, 63, 65, 75, 77, 97, 99, 104]",,0,3
HTS-EC-safe-StagRepMix-force,dataset3_1200_2400,HTS-EC-safe-StagRepMix-force,0.2,0,1,0,[],0,[],tree,d0_n0,86.0,,,21,"[8, 9, 12, 41, 44, 51, 52, 53, 54, 55, 56, 57, 58, 59, 63, 65, 75, 77, 97, 99, 104]",,0,3
HTS-EC-safe-StagRepMix-force,dataset3_1200_2400,HTS-EC-safe-StagRepMix-force,0.2,0,2,0,[],0,[],tree,d0_n0,38.0,,,21,"[8, 9, 12, 41, 44, 51, 52, 53, 54, 55, 56, 57, 58, 59, 63, 65, 75, 77, 97, 99, 104]",,0,3
HTS-EC-safe-StagRepMix-force,dataset3_1200_2400,HTS-EC-safe-StagRepMix-force,0.2,0,3,0,[],0,[],tree,d0_n0,3.0,,,21,"[8, 9, 12, 41, 44, 51, 52, 53, 54, 55, 56, 57, 58, 59, 63, 65, 75, 77, 97, 99, 104]",,0,3
HTS-EC-safe-StagRepMix-force,dataset3_1200_2400,HTS-EC-safe-StagRepMix-force,0.2,0,4,1,['d0_n0'],1,['d0_n0'],stagmix,d0_n0,119.0,,,21,"[8, 9, 12, 41, 44, 51, 52, 53, 54, 55, 56, 57, 58, 59, 63, 65, 75, 77, 97, 99, 104]",0.0,0,3
HTS-EC-safe-StagRepMix-force,dataset3_1200_2400,HTS-EC-safe-StagRepMix-force,0.2,0,5,1,['d0_n0'],1,['d0_n0'],stagmix,d0_n0,80.0,farthest_unqueried,0.0,21,"[8, 9, 12, 41, 44, 51, 52, 53, 54, 55, 56, 57, 58, 59, 63, 65, 75, 77, 97, 99, 104]",0.0,1,3
HTS-EC-safe-StagRepMix-force,dataset3_1200_2400,HTS-EC-safe-StagRepMix-force,0.2,0,6,0,[],0,[],tree,d0_n0,89.0,,,21,"[8, 9, 12, 41, 44, 51, 52, 53, 54, 55, 56, 57, 58, 59, 63, 65, 75, 77, 97, 99, 104]",,2,3
HTS-EC-safe-StagRepMix-force,dataset3_1200_2400,HTS-EC-safe-StagRepMix-force,0.2,0,7,0,[],0,[],tree,d0_n0,32.0,,,21,"[8, 9, 12, 41, 44, 51, 52, 53, 54, 55, 56, 57, 58, 59, 63, 65, 75, 77, 97, 99, 104]",,2,3
HTS-EC-safe-StagRepMix-force,dataset3_1200_2400,HTS-EC-safe-StagRepMix-force,0.2,0,8,0,[],0,[],tree,d0_n0,111.0,,,21,"[8, 9, 12, 41, 44, 51, 52, 53, 54, 55, 56, 57, 58, 59, 63, 65, 75, 77, 97, 99, 104]",,2,3
HTS-EC-safe-StagRepMix-force,dataset3_1200_2400,HTS-EC-safe-StagRepMix-force,0.2,0,9,0,[],0,[],,,,,,0,[],,2,3
HTS-EC-safe-StagRepMix-force,dataset3_1200_2400,HTS-EC-safe-StagRepMix-force,0.2,1,0,0,[],0,[],tree,d0_n0,27.0,,,21,"[8, 9, 12, 41, 44, 51, 52, 53, 54, 55, 56, 57, 58, 59, 63, 65, 75, 77, 97, 99, 104]",,0,3
HTS-EC-safe-StagRepMix-force,dataset3_1200_2400,HTS-EC-safe-StagRepMix-force,0.2,1,1,0,[],0,[],tree,d0_n0,86.0,,,21,"[8, 9, 12, 41, 44, 51, 52, 53, 54, 55, 56, 57, 58, 59, 63, 65, 75, 77, 97, 99, 104]",,0,3
HTS-EC-safe-StagRepMix-force,dataset3_1200_2400,HTS-EC-safe-StagRepMix-force,0.2,1,2,0,[],0,[],tree,d0_n0,38.0,,,21,"[8, 9, 12, 41, 44, 51, 52, 53, 54, 55, 56, 57, 58, 59, 63, 65, 75, 77, 97, 99, 104]",,0,3
HTS-EC-safe-StagRepMix-force,dataset3_1200_2400,HTS-EC-safe-StagRepMix-force,0.2,1,3,0,[],0,[],tree,d0_n0,3.0,,,21,"[8, 9, 12, 41, 44, 51, 52, 53, 54, 55, 56, 57, 58, 59, 63, 65, 75, 77, 97, 99, 104]",,0,3
HTS-EC-safe-StagRepMix-force,dataset3_1200_2400,HTS-EC-safe-StagRepMix-force,0.2,1,4,1,['d0_n0'],1,['d0_n0'],stagmix,d0_n0,61.0,,,21,"[8, 9, 12, 41, 44, 51, 52, 53, 54, 55, 56, 57, 58, 59, 63, 65, 75, 77, 97, 99, 104]",0.0,0,3
HTS-EC-safe-StagRepMix-force,dataset3_1200_2400,HTS-EC-safe-StagRepMix-force,0.2,1,5,1,['d0_n0'],1,['d0_n0'],stagmix,d0_n0,119.0,temporal_center,0.0,21,"[8, 9, 12, 41, 44, 51, 52, 53, 54, 55, 56, 57, 58, 59, 63, 65, 75, 77, 97, 99, 104]",0.0,1,3
HTS-EC-safe-StagRepMix-force,dataset3_1200_2400,HTS-EC-safe-StagRepMix-force,0.2,1,6,0,[],0,[],tree,d0_n0,32.0,,,21,"[8, 9, 12, 41, 44, 51, 52, 53, 54, 55, 56, 57, 58, 59, 63, 65, 75, 77, 97, 99, 104]",,2,3
HTS-EC-safe-StagRepMix-force,dataset3_1200_2400,HTS-EC-safe-StagRepMix-force,0.2,1,7,0,[],0,[],tree,d0_n0,89.0,,,21,"[8, 9, 12, 41, 44, 51, 52, 53, 54, 55, 56, 57, 58, 59, 63, 65, 75, 77, 97, 99, 104]",,2,3
HTS-EC-safe-StagRepMix-force,dataset3_1200_2400,HTS-EC-safe-StagRepMix-force,0.2,1,8,0,[],0,[],tree,d0_n0,111.0,,,21,"[8, 9, 12, 41, 44, 51, 52, 53, 54, 55, 56, 57, 58, 59, 63, 65, 75, 77, 97, 99, 104]",,2,3
HTS-EC-safe-StagRepMix-force,dataset3_1200_2400,HTS-EC-safe-StagRepMix-force,0.2,1,9,0,[],0,[],,,,,,0,[],,2,3
HTS-EC-safe-StagRepMix-force,dataset3_1200_2400,HTS-EC-safe-StagRepMix-force,0.2,2,0,0,[],0,[],tree,d0_n0,27.0,,,21,"[8, 9, 12, 41, 44, 51, 52, 53, 54, 55, 56, 57, 58, 59, 63, 65, 75, 77, 97, 99, 104]",,0,3
HTS-EC-safe-StagRepMix-force,dataset3_1200_2400,HTS-EC-safe-StagRepMix-force,0.2,2,1,0,[],0,[],tree,d0_n0,38.0,,,21,"[8, 9, 12, 41, 44, 51, 52, 53, 54, 55, 56, 57, 58, 59, 63, 65, 75, 77, 97, 99, 104]",,0,3
HTS-EC-safe-StagRepMix-force,dataset3_1200_2400,HTS-EC-safe-StagRepMix-force,0.2,2,2,0,[],0,[],tree,d0_n0,86.0,,,21,"[8, 9, 12, 41, 44, 51, 52, 53, 54, 55, 56, 57, 58, 59, 63, 65, 75, 77, 97, 99, 104]",,0,3
HTS-EC-safe-StagRepMix-force,dataset3_1200_2400,HTS-EC-safe-StagRepMix-force,0.2,2,3,0,[],0,[],tree,d0_n0,3.0,,,21,"[8, 9, 12, 41, 44, 51, 52, 53, 54, 55, 56, 57, 58, 59, 63, 65, 75, 77, 97, 99, 104]",,0,3
HTS-EC-safe-StagRepMix-force,dataset3_1200_2400,HTS-EC-safe-StagRepMix-force,0.2,2,4,1,['d0_n0'],1,['d0_n0'],stagmix,d0_n0,61.0,,,21,"[8, 9, 12, 41, 44, 51, 52, 53, 54, 55, 56, 57, 58, 59, 63, 65, 75, 77, 97, 99, 104]",0.0,0,3
HTS-EC-safe-StagRepMix-force,dataset3_1200_2400,HTS-EC-safe-StagRepMix-force,0.2,2,5,1,['d0_n0'],1,['d0_n0'],stagmix,d0_n0,119.0,temporal_center,0.0,21,"[8, 9, 12, 41, 44, 51, 52, 53, 54, 55, 56, 57, 58, 59, 63, 65, 75, 77, 97, 99, 104]",0.0,1,3
HTS-EC-safe-StagRepMix-force,dataset3_1200_2400,HTS-EC-safe-StagRepMix-force,0.2,2,6,0,[],0,[],tree,d0_n0,89.0,,,21,"[8, 9, 12, 41, 44, 51, 52, 53, 54, 55, 56, 57, 58, 59, 63, 65, 75, 77, 97, 99, 104]",,2,3
HTS-EC-safe-StagRepMix-force,dataset3_1200_2400,HTS-EC-safe-StagRepMix-force,0.2,2,7,0,[],0,[],tree,d0_n0,32.0,,,21,"[8, 9, 12, 41, 44, 51, 52, 53, 54, 55, 56, 57, 58, 59, 63, 65, 75, 77, 97, 99, 104]",,2,3
HTS-EC-safe-StagRepMix-force,dataset3_1200_2400,HTS-EC-safe-StagRepMix-force,0.2,2,8,0,[],0,[],tree,d0_n0,51.0,,,21,"[8, 9, 12, 41, 44, 51, 52, 53, 54, 55, 56, 57, 58, 59, 63, 65, 75, 77, 97, 99, 104]",,2,3
HTS-EC-safe-StagRepMix-force,dataset3_1200_2400,HTS-EC-safe-StagRepMix-force,0.2,2,9,0,[],0,[],tree,d0_n0,111.0,,,20,"[8, 9, 12, 41, 44, 52, 53, 54, 55, 56, 57, 58, 59, 63, 65, 75, 77, 97, 99, 104]",,2,3
HTS-EC-safe-StagRepMix-force,dataset3_1200_2400,HTS-EC-safe-StagRepMix-force,0.2,2,10,0,[],0,[],tree,d0_n0,31.0,,,20,"[8, 9, 12, 41, 44, 52, 53, 54, 55, 56, 57, 58, 59, 63, 65, 75, 77, 97, 99, 104]",,2,3
HTS-EC-safe-StagRepMix-force,dataset3_1200_2400,HTS-EC-safe-StagRepMix-force,0.2,2,11,0,[],0,[],tree,d0_n0,34.0,,,20,"[8, 9, 12, 41, 44, 52, 53, 54, 55, 56, 57, 58, 59, 63, 65, 75, 77, 97, 99, 104]",,2,3
HTS-EC-safe-StagRepMix-force,dataset3_1200_2400,HTS-EC-safe-StagRepMix-force,0.2,2,12,0,[],0,[],tree,d0_n0,48.0,,,20,"[8, 9, 12, 41, 44, 52, 53, 54, 55, 56, 57, 58, 59, 63, 65, 75, 77, 97, 99, 104]",,2,3
HTS-EC-safe-StagRepMix-force,dataset3_1200_2400,HTS-EC-safe-StagRepMix-force,0.2,2,13,0,[],0,[],tree,d0_n0,118.0,,,20,"[8, 9, 12, 41, 44, 52, 53, 54, 55, 56, 57, 58, 59, 63, 65, 75, 77, 97, 99, 104]",,2,3
HTS-EC-safe-StagRepMix-force,dataset3_1200_2400,HTS-EC-safe-StagRepMix-force,0.2,2,14,0,[],0,[],tree,d0_n0,22.0,,,20,"[8, 9, 12, 41, 44, 52, 53, 54, 55, 56, 57, 58, 59, 63, 65, 75, 77, 97, 99, 104]",,2,3
HTS-EC-safe-StagRepMix-force,dataset3_1200_2400,HTS-EC-safe-StagRepMix-force,0.2,2,15,0,[],0,[],,,,,,0,[],,2,3
HTS-EC-safe-StagRepMix-force,dataset3_1200_2400,HTS-EC-safe-StagRepMix-force,0.3,0,0,0,[],0,[],tree,d0_n0,27.0,,,21,"[8, 9, 12, 41, 44, 51, 52, 53, 54, 55, 56, 57, 58, 59, 63, 65, 75, 77, 97, 99, 104]",,0,5
HTS-EC-safe-StagRepMix-force,dataset3_1200_2400,HTS-EC-safe-StagRepMix-force,0.3,0,1,0,[],0,[],tree,d0_n0,86.0,,,21,"[8, 9, 12, 41, 44, 51, 52, 53, 54, 55, 56, 57, 58, 59, 63, 65, 75, 77, 97, 99, 104]",,0,5
HTS-EC-safe-StagRepMix-force,dataset3_1200_2400,HTS-EC-safe-StagRepMix-force,0.3,0,2,0,[],0,[],tree,d0_n0,38.0,,,21,"[8, 9, 12, 41, 44, 51, 52, 53, 54, 55, 56, 57, 58, 59, 63, 65, 75, 77, 97, 99, 104]",,0,5
HTS-EC-safe-StagRepMix-force,dataset3_1200_2400,HTS-EC-safe-StagRepMix-force,0.3,0,3,0,[],0,[],tree,d0_n0,3.0,,,21,"[8, 9, 12, 41, 44, 51, 52, 53, 54, 55, 56, 57, 58, 59, 63, 65, 75, 77, 97, 99, 104]",,0,5
HTS-EC-safe-StagRepMix-force,dataset3_1200_2400,HTS-EC-safe-StagRepMix-force,0.3,0,4,1,['d0_n0'],1,['d0_n0'],stagmix,d0_n0,119.0,,,21,"[8, 9, 12, 41, 44, 51, 52, 53, 54, 55, 56, 57, 58, 59, 63, 65, 75, 77, 97, 99, 104]",0.0,0,5
HTS-EC-safe-StagRepMix-force,dataset3_1200_2400,HTS-EC-safe-StagRepMix-force,0.3,0,5,1,['d0_n0'],1,['d0_n0'],stagmix,d0_n0,80.0,farthest_unqueried,0.0,21,"[8, 9, 12, 41, 44, 51, 52, 53, 54, 55, 56, 57, 58, 59, 63, 65, 75, 77, 97, 99, 104]",0.0,1,5
HTS-EC-safe-StagRepMix-force,dataset3_1200_2400,HTS-EC-safe-StagRepMix-force,0.3,0,6,0,[],0,[],tree,d0_n0,89.0,,,21,"[8, 9, 12, 41, 44, 51, 52, 53, 54, 55, 56, 57, 58, 59, 63, 65, 75, 77, 97, 99, 104]",,2,5
HTS-EC-safe-StagRepMix-force,dataset3_1200_2400,HTS-EC-safe-StagRepMix-force,0.3,0,7,0,[],0,[],tree,d0_n0,32.0,,,21,"[8, 9, 12, 41, 44, 51, 52, 53, 54, 55, 56, 57, 58, 59, 63, 65, 75, 77, 97, 99, 104]",,2,5
HTS-EC-safe-StagRepMix-force,dataset3_1200_2400,HTS-EC-safe-StagRepMix-force,0.3,0,8,0,[],0,[],tree,d0_n0,111.0,,,21,"[8, 9, 12, 41, 44, 51, 52, 53, 54, 55, 56, 57, 58, 59, 63, 65, 75, 77, 97, 99, 104]",,2,5
HTS-EC-safe-StagRepMix-force,dataset3_1200_2400,HTS-EC-safe-StagRepMix-force,0.3,0,9,0,[],0,[],,,,,,0,[],,2,5
HTS-EC-safe-StagRepMix-force,dataset3_1200_2400,HTS-EC-safe-StagRepMix-force,0.3,1,0,0,[],0,[],tree,d0_n0,27.0,,,21,"[8, 9, 12, 41, 44, 51, 52, 53, 54, 55, 56, 57, 58, 59, 63, 65, 75, 77, 97, 99, 104]",,0,5
HTS-EC-safe-StagRepMix-force,dataset3_1200_2400,HTS-EC-safe-StagRepMix-force,0.3,1,1,0,[],0,[],tree,d0_n0,86.0,,,21,"[8, 9, 12, 41, 44, 51, 52, 53, 54, 55, 56, 57, 58, 59, 63, 65, 75, 77, 97, 99, 104]",,0,5
HTS-EC-safe-StagRepMix-force,dataset3_1200_2400,HTS-EC-safe-StagRepMix-force,0.3,1,2,0,[],0,[],tree,d0_n0,38.0,,,21,"[8, 9, 12, 41, 44, 51, 52, 53, 54, 55, 56, 57, 58, 59, 63, 65, 75, 77, 97, 99, 104]",,0,5
HTS-EC-safe-StagRepMix-force,dataset3_1200_2400,HTS-EC-safe-StagRepMix-force,0.3,1,3,0,[],0,[],tree,d0_n0,3.0,,,21,"[8, 9, 12, 41, 44, 51, 52, 53, 54, 55, 56, 57, 58, 59, 63, 65, 75, 77, 97, 99, 104]",,0,5
HTS-EC-safe-StagRepMix-force,dataset3_1200_2400,HTS-EC-safe-StagRepMix-force,0.3,1,4,1,['d0_n0'],1,['d0_n0'],stagmix,d0_n0,61.0,,,21,"[8, 9, 12, 41, 44, 51, 52, 53, 54, 55, 56, 57, 58, 59, 63, 65, 75, 77, 97, 99, 104]",0.0,0,5
HTS-EC-safe-StagRepMix-force,dataset3_1200_2400,HTS-EC-safe-StagRepMix-force,0.3,1,5,1,['d0_n0'],1,['d0_n0'],stagmix,d0_n0,119.0,temporal_center,0.0,21,"[8, 9, 12, 41, 44, 51, 52, 53, 54, 55, 56, 57, 58, 59, 63, 65, 75, 77, 97, 99, 104]",0.0,1,5
HTS-EC-safe-StagRepMix-force,dataset3_1200_2400,HTS-EC-safe-StagRepMix-force,0.3,1,6,0,[],0,[],tree,d0_n0,32.0,,,21,"[8, 9, 12, 41, 44, 51, 52, 53, 54, 55, 56, 57, 58, 59, 63, 65, 75, 77, 97, 99, 104]",,2,5
HTS-EC-safe-StagRepMix-force,dataset3_1200_2400,HTS-EC-safe-StagRepMix-force,0.3,1,7,0,[],0,[],tree,d0_n0,89.0,,,21,"[8, 9, 12, 41, 44, 51, 52, 53, 54, 55, 56, 57, 58, 59, 63, 65, 75, 77, 97, 99, 104]",,2,5
HTS-EC-safe-StagRepMix-force,dataset3_1200_2400,HTS-EC-safe-StagRepMix-force,0.3,1,8,0,[],0,[],tree,d0_n0,111.0,,,21,"[8, 9, 12, 41, 44, 51, 52, 53, 54, 55, 56, 57, 58, 59, 63, 65, 75, 77, 97, 99, 104]",,2,5
HTS-EC-safe-StagRepMix-force,dataset3_1200_2400,HTS-EC-safe-StagRepMix-force,0.3,1,9,0,[],0,[],,,,,,0,[],,2,5
HTS-EC-safe-StagRepMix-force,dataset3_1200_2400,HTS-EC-safe-StagRepMix-force,0.3,2,0,0,[],0,[],tree,d0_n0,27.0,,,21,"[8, 9, 12, 41, 44, 51, 52, 53, 54, 55, 56, 57, 58, 59, 63, 65, 75, 77, 97, 99, 104]",,0,5
HTS-EC-safe-StagRepMix-force,dataset3_1200_2400,HTS-EC-safe-StagRepMix-force,0.3,2,1,0,[],0,[],tree,d0_n0,38.0,,,21,"[8, 9, 12, 41, 44, 51, 52, 53, 54, 55, 56, 57, 58, 59, 63, 65, 75, 77, 97, 99, 104]",,0,5
HTS-EC-safe-StagRepMix-force,dataset3_1200_2400,HTS-EC-safe-StagRepMix-force,0.3,2,2,0,[],0,[],tree,d0_n0,86.0,,,21,"[8, 9, 12, 41, 44, 51, 52, 53, 54, 55, 56, 57, 58, 59, 63, 65, 75, 77, 97, 99, 104]",,0,5
HTS-EC-safe-StagRepMix-force,dataset3_1200_2400,HTS-EC-safe-StagRepMix-force,0.3,2,3,0,[],0,[],tree,d0_n0,3.0,,,21,"[8, 9, 12, 41, 44, 51, 52, 53, 54, 55, 56, 57, 58, 59, 63, 65, 75, 77, 97, 99, 104]",,0,5
HTS-EC-safe-StagRepMix-force,dataset3_1200_2400,HTS-EC-safe-StagRepMix-force,0.3,2,4,1,['d0_n0'],1,['d0_n0'],stagmix,d0_n0,61.0,,,21,"[8, 9, 12, 41, 44, 51, 52, 53, 54, 55, 56, 57, 58, 59, 63, 65, 75, 77, 97, 99, 104]",0.0,0,5
HTS-EC-safe-StagRepMix-force,dataset3_1200_2400,HTS-EC-safe-StagRepMix-force,0.3,2,5,1,['d0_n0'],1,['d0_n0'],stagmix,d0_n0,119.0,temporal_center,0.0,21,"[8, 9, 12, 41, 44, 51, 52, 53, 54, 55, 56, 57, 58, 59, 63, 65, 75, 77, 97, 99, 104]",0.0,1,5
HTS-EC-safe-StagRepMix-force,dataset3_1200_2400,HTS-EC-safe-StagRepMix-force,0.3,2,6,0,[],0,[],tree,d0_n0,89.0,,,21,"[8, 9, 12, 41, 44, 51, 52, 53, 54, 55, 56, 57, 58, 59, 63, 65, 75, 77, 97, 99, 104]",,2,5
HTS-EC-safe-StagRepMix-force,dataset3_1200_2400,HTS-EC-safe-StagRepMix-force,0.3,2,7,0,[],0,[],tree,d0_n0,32.0,,,21,"[8, 9, 12, 41, 44, 51, 52, 53, 54, 55, 56, 57, 58, 59, 63, 65, 75, 77, 97, 99, 104]",,2,5
HTS-EC-safe-StagRepMix-force,dataset3_1200_2400,HTS-EC-safe-StagRepMix-force,0.3,2,8,0,[],0,[],tree,d0_n0,51.0,,,21,"[8, 9, 12, 41, 44, 51, 52, 53, 54, 55, 56, 57, 58, 59, 63, 65, 75, 77, 97, 99, 104]",,2,5
HTS-EC-safe-StagRepMix-force,dataset3_1200_2400,HTS-EC-safe-StagRepMix-force,0.3,2,9,0,[],0,[],tree,d0_n0,111.0,,,20,"[8, 9, 12, 41, 44, 52, 53, 54, 55, 56, 57, 58, 59, 63, 65, 75, 77, 97, 99, 104]",,2,5
HTS-EC-safe-StagRepMix-force,dataset3_1200_2400,HTS-EC-safe-StagRepMix-force,0.3,2,10,0,[],0,[],tree,d0_n0,31.0,,,20,"[8, 9, 12, 41, 44, 52, 53, 54, 55, 56, 57, 58, 59, 63, 65, 75, 77, 97, 99, 104]",,2,5
HTS-EC-safe-StagRepMix-force,dataset3_1200_2400,HTS-EC-safe-StagRepMix-force,0.3,2,11,0,[],0,[],tree,d0_n0,34.0,,,20,"[8, 9, 12, 41, 44, 52, 53, 54, 55, 56, 57, 58, 59, 63, 65, 75, 77, 97, 99, 104]",,2,5
HTS-EC-safe-StagRepMix-force,dataset3_1200_2400,HTS-EC-safe-StagRepMix-force,0.3,2,12,0,[],0,[],tree,d0_n0,48.0,,,20,"[8, 9, 12, 41, 44, 52, 53, 54, 55, 56, 57, 58, 59, 63, 65, 75, 77, 97, 99, 104]",,2,5
HTS-EC-safe-StagRepMix-force,dataset3_1200_2400,HTS-EC-safe-StagRepMix-force,0.3,2,13,0,[],0,[],tree,d0_n0,118.0,,,20,"[8, 9, 12, 41, 44, 52, 53, 54, 55, 56, 57, 58, 59, 63, 65, 75, 77, 97, 99, 104]",,2,5
HTS-EC-safe-StagRepMix-force,dataset3_1200_2400,HTS-EC-safe-StagRepMix-force,0.3,2,14,0,[],0,[],tree,d0_n0,22.0,,,20,"[8, 9, 12, 41, 44, 52, 53, 54, 55, 56, 57, 58, 59, 63, 65, 75, 77, 97, 99, 104]",,2,5
HTS-EC-safe-StagRepMix-force,dataset3_1200_2400,HTS-EC-safe-StagRepMix-force,0.3,2,15,0,[],0,[],,,,,,0,[],,2,5
HTS-EC-safe-shadow-stag,dataset3_1200_2400,HTS-EC-safe-shadow-stag,0.1,0,0,0,[],0,[],tree,d0_n0,27.0,,,21,"[8, 9, 12, 41, 44, 51, 52, 53, 54, 55, 56, 57, 58, 59, 63, 65, 75, 77, 97, 99, 104]",,0,1
HTS-EC-safe-shadow-stag,dataset3_1200_2400,HTS-EC-safe-shadow-stag,0.1,0,1,0,[],0,[],tree,d0_n0,86.0,,,21,"[8, 9, 12, 41, 44, 51, 52, 53, 54, 55, 56, 57, 58, 59, 63, 65, 75, 77, 97, 99, 104]",,0,1
HTS-EC-safe-shadow-stag,dataset3_1200_2400,HTS-EC-safe-shadow-stag,0.1,0,2,0,[],0,[],tree,d0_n0,38.0,,,21,"[8, 9, 12, 41, 44, 51, 52, 53, 54, 55, 56, 57, 58, 59, 63, 65, 75, 77, 97, 99, 104]",,0,1
HTS-EC-safe-shadow-stag,dataset3_1200_2400,HTS-EC-safe-shadow-stag,0.1,0,3,0,[],0,[],tree,d0_n0,3.0,,,21,"[8, 9, 12, 41, 44, 51, 52, 53, 54, 55, 56, 57, 58, 59, 63, 65, 75, 77, 97, 99, 104]",,0,1
HTS-EC-safe-shadow-stag,dataset3_1200_2400,HTS-EC-safe-shadow-stag,0.1,0,4,1,['d0_n0'],1,['d0_n0'],tree,d0_n0,32.0,,,21,"[8, 9, 12, 41, 44, 51, 52, 53, 54, 55, 56, 57, 58, 59, 63, 65, 75, 77, 97, 99, 104]",0.0,0,1
HTS-EC-safe-shadow-stag,dataset3_1200_2400,HTS-EC-safe-shadow-stag,0.1,0,5,1,['d0_n0'],1,['d0_n0'],tree,d0_n0,89.0,,,21,"[8, 9, 12, 41, 44, 51, 52, 53, 54, 55, 56, 57, 58, 59, 63, 65, 75, 77, 97, 99, 104]",0.0,0,1
HTS-EC-safe-shadow-stag,dataset3_1200_2400,HTS-EC-safe-shadow-stag,0.1,0,6,1,['d0_n0'],1,['d0_n0'],tree,d0_n0,111.0,,,21,"[8, 9, 12, 41, 44, 51, 52, 53, 54, 55, 56, 57, 58, 59, 63, 65, 75, 77, 97, 99, 104]",0.0,0,1
HTS-EC-safe-shadow-stag,dataset3_1200_2400,HTS-EC-safe-shadow-stag,0.1,0,7,1,['d0_n0'],1,['d0_n0'],tree,d0_n0,51.0,,,21,"[8, 9, 12, 41, 44, 51, 52, 53, 54, 55, 56, 57, 58, 59, 63, 65, 75, 77, 97, 99, 104]",0.0,0,1
HTS-EC-safe-shadow-stag,dataset3_1200_2400,HTS-EC-safe-shadow-stag,0.1,0,8,0,[],0,[],tree,d0_n0,34.0,,,20,"[8, 9, 12, 41, 44, 52, 53, 54, 55, 56, 57, 58, 59, 63, 65, 75, 77, 97, 99, 104]",,0,1
HTS-EC-safe-shadow-stag,dataset3_1200_2400,HTS-EC-safe-shadow-stag,0.1,0,9,0,[],0,[],tree,d0_n0,31.0,,,20,"[8, 9, 12, 41, 44, 52, 53, 54, 55, 56, 57, 58, 59, 63, 65, 75, 77, 97, 99, 104]",,0,1
HTS-EC-safe-shadow-stag,dataset3_1200_2400,HTS-EC-safe-shadow-stag,0.1,0,10,0,[],0,[],tree,d0_n0,33.0,,,20,"[8, 9, 12, 41, 44, 52, 53, 54, 55, 56, 57, 58, 59, 63, 65, 75, 77, 97, 99, 104]",,0,1
HTS-EC-safe-shadow-stag,dataset3_1200_2400,HTS-EC-safe-shadow-stag,0.1,0,11,0,[],0,[],tree,d0_n0,18.0,,,20,"[8, 9, 12, 41, 44, 52, 53, 54, 55, 56, 57, 58, 59, 63, 65, 75, 77, 97, 99, 104]",,0,1
HTS-EC-safe-shadow-stag,dataset3_1200_2400,HTS-EC-safe-shadow-stag,0.1,1,0,0,[],0,[],tree,d0_n0,27.0,,,21,"[8, 9, 12, 41, 44, 51, 52, 53, 54, 55, 56, 57, 58, 59, 63, 65, 75, 77, 97, 99, 104]",,0,1
HTS-EC-safe-shadow-stag,dataset3_1200_2400,HTS-EC-safe-shadow-stag,0.1,1,1,0,[],0,[],tree,d0_n0,86.0,,,21,"[8, 9, 12, 41, 44, 51, 52, 53, 54, 55, 56, 57, 58, 59, 63, 65, 75, 77, 97, 99, 104]",,0,1
HTS-EC-safe-shadow-stag,dataset3_1200_2400,HTS-EC-safe-shadow-stag,0.1,1,2,0,[],0,[],tree,d0_n0,38.0,,,21,"[8, 9, 12, 41, 44, 51, 52, 53, 54, 55, 56, 57, 58, 59, 63, 65, 75, 77, 97, 99, 104]",,0,1
HTS-EC-safe-shadow-stag,dataset3_1200_2400,HTS-EC-safe-shadow-stag,0.1,1,3,0,[],0,[],tree,d0_n0,3.0,,,21,"[8, 9, 12, 41, 44, 51, 52, 53, 54, 55, 56, 57, 58, 59, 63, 65, 75, 77, 97, 99, 104]",,0,1
HTS-EC-safe-shadow-stag,dataset3_1200_2400,HTS-EC-safe-shadow-stag,0.1,1,4,1,['d0_n0'],1,['d0_n0'],tree,d0_n0,89.0,,,21,"[8, 9, 12, 41, 44, 51, 52, 53, 54, 55, 56, 57, 58, 59, 63, 65, 75, 77, 97, 99, 104]",0.0,0,1
HTS-EC-safe-shadow-stag,dataset3_1200_2400,HTS-EC-safe-shadow-stag,0.1,1,5,1,['d0_n0'],1,['d0_n0'],tree,d0_n0,32.0,,,21,"[8, 9, 12, 41, 44, 51, 52, 53, 54, 55, 56, 57, 58, 59, 63, 65, 75, 77, 97, 99, 104]",0.0,0,1
HTS-EC-safe-shadow-stag,dataset3_1200_2400,HTS-EC-safe-shadow-stag,0.1,1,6,1,['d0_n0'],1,['d0_n0'],tree,d0_n0,111.0,,,21,"[8, 9, 12, 41, 44, 51, 52, 53, 54, 55, 56, 57, 58, 59, 63, 65, 75, 77, 97, 99, 104]",0.0,0,1
HTS-EC-safe-shadow-stag,dataset3_1200_2400,HTS-EC-safe-shadow-stag,0.1,1,7,1,['d0_n0'],1,['d0_n0'],tree,d0_n0,51.0,,,21,"[8, 9, 12, 41, 44, 51, 52, 53, 54, 55, 56, 57, 58, 59, 63, 65, 75, 77, 97, 99, 104]",0.0,0,1
HTS-EC-safe-shadow-stag,dataset3_1200_2400,HTS-EC-safe-shadow-stag,0.1,1,8,0,[],0,[],tree,d0_n0,31.0,,,20,"[8, 9, 12, 41, 44, 52, 53, 54, 55, 56, 57, 58, 59, 63, 65, 75, 77, 97, 99, 104]",,0,1
HTS-EC-safe-shadow-stag,dataset3_1200_2400,HTS-EC-safe-shadow-stag,0.1,1,9,0,[],0,[],tree,d0_n0,34.0,,,20,"[8, 9, 12, 41, 44, 52, 53, 54, 55, 56, 57, 58, 59, 63, 65, 75, 77, 97, 99, 104]",,0,1
HTS-EC-safe-shadow-stag,dataset3_1200_2400,HTS-EC-safe-shadow-stag,0.1,1,10,0,[],0,[],tree,d0_n0,48.0,,,20,"[8, 9, 12, 41, 44, 52, 53, 54, 55, 56, 57, 58, 59, 63, 65, 75, 77, 97, 99, 104]",,0,1
HTS-EC-safe-shadow-stag,dataset3_1200_2400,HTS-EC-safe-shadow-stag,0.1,1,11,0,[],0,[],tree,d0_n0,118.0,,,20,"[8, 9, 12, 41, 44, 52, 53, 54, 55, 56, 57, 58, 59, 63, 65, 75, 77, 97, 99, 104]",,0,1
HTS-EC-safe-shadow-stag,dataset3_1200_2400,HTS-EC-safe-shadow-stag,0.1,2,0,0,[],0,[],tree,d0_n0,27.0,,,21,"[8, 9, 12, 41, 44, 51, 52, 53, 54, 55, 56, 57, 58, 59, 63, 65, 75, 77, 97, 99, 104]",,0,1
HTS-EC-safe-shadow-stag,dataset3_1200_2400,HTS-EC-safe-shadow-stag,0.1,2,1,0,[],0,[],tree,d0_n0,38.0,,,21,"[8, 9, 12, 41, 44, 51, 52, 53, 54, 55, 56, 57, 58, 59, 63, 65, 75, 77, 97, 99, 104]",,0,1
HTS-EC-safe-shadow-stag,dataset3_1200_2400,HTS-EC-safe-shadow-stag,0.1,2,2,0,[],0,[],tree,d0_n0,86.0,,,21,"[8, 9, 12, 41, 44, 51, 52, 53, 54, 55, 56, 57, 58, 59, 63, 65, 75, 77, 97, 99, 104]",,0,1
HTS-EC-safe-shadow-stag,dataset3_1200_2400,HTS-EC-safe-shadow-stag,0.1,2,3,0,[],0,[],tree,d0_n0,3.0,,,21,"[8, 9, 12, 41, 44, 51, 52, 53, 54, 55, 56, 57, 58, 59, 63, 65, 75, 77, 97, 99, 104]",,0,1
HTS-EC-safe-shadow-stag,dataset3_1200_2400,HTS-EC-safe-shadow-stag,0.1,2,4,1,['d0_n0'],1,['d0_n0'],tree,d0_n0,89.0,,,21,"[8, 9, 12, 41, 44, 51, 52, 53, 54, 55, 56, 57, 58, 59, 63, 65, 75, 77, 97, 99, 104]",0.0,0,1
HTS-EC-safe-shadow-stag,dataset3_1200_2400,HTS-EC-safe-shadow-stag,0.1,2,5,1,['d0_n0'],1,['d0_n0'],tree,d0_n0,32.0,,,21,"[8, 9, 12, 41, 44, 51, 52, 53, 54, 55, 56, 57, 58, 59, 63, 65, 75, 77, 97, 99, 104]",0.0,0,1
HTS-EC-safe-shadow-stag,dataset3_1200_2400,HTS-EC-safe-shadow-stag,0.1,2,6,1,['d0_n0'],1,['d0_n0'],tree,d0_n0,111.0,,,21,"[8, 9, 12, 41, 44, 51, 52, 53, 54, 55, 56, 57, 58, 59, 63, 65, 75, 77, 97, 99, 104]",0.0,0,1
HTS-EC-safe-shadow-stag,dataset3_1200_2400,HTS-EC-safe-shadow-stag,0.1,2,7,1,['d0_n0'],1,['d0_n0'],tree,d0_n0,51.0,,,21,"[8, 9, 12, 41, 44, 51, 52, 53, 54, 55, 56, 57, 58, 59, 63, 65, 75, 77, 97, 99, 104]",0.0,0,1
HTS-EC-safe-shadow-stag,dataset3_1200_2400,HTS-EC-safe-shadow-stag,0.1,2,8,0,[],0,[],tree,d0_n0,34.0,,,20,"[8, 9, 12, 41, 44, 52, 53, 54, 55, 56, 57, 58, 59, 63, 65, 75, 77, 97, 99, 104]",,0,1
HTS-EC-safe-shadow-stag,dataset3_1200_2400,HTS-EC-safe-shadow-stag,0.1,2,9,0,[],0,[],tree,d0_n0,31.0,,,20,"[8, 9, 12, 41, 44, 52, 53, 54, 55, 56, 57, 58, 59, 63, 65, 75, 77, 97, 99, 104]",,0,1
HTS-EC-safe-shadow-stag,dataset3_1200_2400,HTS-EC-safe-shadow-stag,0.1,2,10,0,[],0,[],tree,d0_n0,33.0,,,20,"[8, 9, 12, 41, 44, 52, 53, 54, 55, 56, 57, 58, 59, 63, 65, 75, 77, 97, 99, 104]",,0,1
HTS-EC-safe-shadow-stag,dataset3_1200_2400,HTS-EC-safe-shadow-stag,0.1,2,11,0,[],0,[],tree,d0_n0,118.0,,,20,"[8, 9, 12, 41, 44, 52, 53, 54, 55, 56, 57, 58, 59, 63, 65, 75, 77, 97, 99, 104]",,0,1
HTS-EC-safe-shadow-stag,dataset3_1200_2400,HTS-EC-safe-shadow-stag,0.2,0,0,0,[],0,[],tree,d0_n0,27.0,,,21,"[8, 9, 12, 41, 44, 51, 52, 53, 54, 55, 56, 57, 58, 59, 63, 65, 75, 77, 97, 99, 104]",,0,3
HTS-EC-safe-shadow-stag,dataset3_1200_2400,HTS-EC-safe-shadow-stag,0.2,0,1,0,[],0,[],tree,d0_n0,86.0,,,21,"[8, 9, 12, 41, 44, 51, 52, 53, 54, 55, 56, 57, 58, 59, 63, 65, 75, 77, 97, 99, 104]",,0,3
HTS-EC-safe-shadow-stag,dataset3_1200_2400,HTS-EC-safe-shadow-stag,0.2,0,2,0,[],0,[],tree,d0_n0,38.0,,,21,"[8, 9, 12, 41, 44, 51, 52, 53, 54, 55, 56, 57, 58, 59, 63, 65, 75, 77, 97, 99, 104]",,0,3
HTS-EC-safe-shadow-stag,dataset3_1200_2400,HTS-EC-safe-shadow-stag,0.2,0,3,0,[],0,[],tree,d0_n0,3.0,,,21,"[8, 9, 12, 41, 44, 51, 52, 53, 54, 55, 56, 57, 58, 59, 63, 65, 75, 77, 97, 99, 104]",,0,3
HTS-EC-safe-shadow-stag,dataset3_1200_2400,HTS-EC-safe-shadow-stag,0.2,0,4,1,['d0_n0'],1,['d0_n0'],tree,d0_n0,32.0,,,21,"[8, 9, 12, 41, 44, 51, 52, 53, 54, 55, 56, 57, 58, 59, 63, 65, 75, 77, 97, 99, 104]",0.0,0,3
HTS-EC-safe-shadow-stag,dataset3_1200_2400,HTS-EC-safe-shadow-stag,0.2,0,5,1,['d0_n0'],1,['d0_n0'],tree,d0_n0,89.0,,,21,"[8, 9, 12, 41, 44, 51, 52, 53, 54, 55, 56, 57, 58, 59, 63, 65, 75, 77, 97, 99, 104]",0.0,0,3
HTS-EC-safe-shadow-stag,dataset3_1200_2400,HTS-EC-safe-shadow-stag,0.2,0,6,1,['d0_n0'],1,['d0_n0'],tree,d0_n0,111.0,,,21,"[8, 9, 12, 41, 44, 51, 52, 53, 54, 55, 56, 57, 58, 59, 63, 65, 75, 77, 97, 99, 104]",0.0,0,3
HTS-EC-safe-shadow-stag,dataset3_1200_2400,HTS-EC-safe-shadow-stag,0.2,0,7,1,['d0_n0'],1,['d0_n0'],tree,d0_n0,51.0,,,21,"[8, 9, 12, 41, 44, 51, 52, 53, 54, 55, 56, 57, 58, 59, 63, 65, 75, 77, 97, 99, 104]",0.0,0,3
HTS-EC-safe-shadow-stag,dataset3_1200_2400,HTS-EC-safe-shadow-stag,0.2,0,8,0,[],0,[],tree,d0_n0,34.0,,,20,"[8, 9, 12, 41, 44, 52, 53, 54, 55, 56, 57, 58, 59, 63, 65, 75, 77, 97, 99, 104]",,0,3
HTS-EC-safe-shadow-stag,dataset3_1200_2400,HTS-EC-safe-shadow-stag,0.2,0,9,0,[],0,[],tree,d0_n0,31.0,,,20,"[8, 9, 12, 41, 44, 52, 53, 54, 55, 56, 57, 58, 59, 63, 65, 75, 77, 97, 99, 104]",,0,3
HTS-EC-safe-shadow-stag,dataset3_1200_2400,HTS-EC-safe-shadow-stag,0.2,0,10,0,[],0,[],tree,d0_n0,33.0,,,20,"[8, 9, 12, 41, 44, 52, 53, 54, 55, 56, 57, 58, 59, 63, 65, 75, 77, 97, 99, 104]",,0,3
HTS-EC-safe-shadow-stag,dataset3_1200_2400,HTS-EC-safe-shadow-stag,0.2,0,11,0,[],0,[],tree,d0_n0,18.0,,,20,"[8, 9, 12, 41, 44, 52, 53, 54, 55, 56, 57, 58, 59, 63, 65, 75, 77, 97, 99, 104]",,0,3
HTS-EC-safe-shadow-stag,dataset3_1200_2400,HTS-EC-safe-shadow-stag,0.2,0,12,0,[],0,[],tree,d0_n0,118.0,,,20,"[8, 9, 12, 41, 44, 52, 53, 54, 55, 56, 57, 58, 59, 63, 65, 75, 77, 97, 99, 104]",,0,3
HTS-EC-safe-shadow-stag,dataset3_1200_2400,HTS-EC-safe-shadow-stag,0.2,0,13,0,[],0,[],tree,d0_n0,22.0,,,20,"[8, 9, 12, 41, 44, 52, 53, 54, 55, 56, 57, 58, 59, 63, 65, 75, 77, 97, 99, 104]",,0,3
HTS-EC-safe-shadow-stag,dataset3_1200_2400,HTS-EC-safe-shadow-stag,0.2,0,14,0,[],0,[],tree,d0_n0,44.0,,,20,"[8, 9, 12, 41, 44, 52, 53, 54, 55, 56, 57, 58, 59, 63, 65, 75, 77, 97, 99, 104]",,0,3
HTS-EC-safe-shadow-stag,dataset3_1200_2400,HTS-EC-safe-shadow-stag,0.2,0,15,0,[],0,[],tree,d0_n0,48.0,,,19,"[8, 9, 12, 41, 52, 53, 54, 55, 56, 57, 58, 59, 63, 65, 75, 77, 97, 99, 104]",,0,3
HTS-EC-safe-shadow-stag,dataset3_1200_2400,HTS-EC-safe-shadow-stag,0.2,0,16,0,[],0,[],tree,d0_n0,45.0,,,19,"[8, 9, 12, 41, 52, 53, 54, 55, 56, 57, 58, 59, 63, 65, 75, 77, 97, 99, 104]",,0,3
HTS-EC-safe-shadow-stag,dataset3_1200_2400,HTS-EC-safe-shadow-stag,0.2,0,17,0,[],0,[],tree,d0_n0,35.0,,,19,"[8, 9, 12, 41, 52, 53, 54, 55, 56, 57, 58, 59, 63, 65, 75, 77, 97, 99, 104]",,0,3
HTS-EC-safe-shadow-stag,dataset3_1200_2400,HTS-EC-safe-shadow-stag,0.2,0,18,0,[],0,[],tree,d0_n0,50.0,,,19,"[8, 9, 12, 41, 52, 53, 54, 55, 56, 57, 58, 59, 63, 65, 75, 77, 97, 99, 104]",,0,3
HTS-EC-safe-shadow-stag,dataset3_1200_2400,HTS-EC-safe-shadow-stag,0.2,0,19,0,[],0,[],tree,d0_n0,39.0,,,19,"[8, 9, 12, 41, 52, 53, 54, 55, 56, 57, 58, 59, 63, 65, 75, 77, 97, 99, 104]",,0,3
HTS-EC-safe-shadow-stag,dataset3_1200_2400,HTS-EC-safe-shadow-stag,0.2,0,20,0,[],0,[],tree,d0_n0,52.0,,,19,"[8, 9, 12, 41, 52, 53, 54, 55, 56, 57, 58, 59, 63, 65, 75, 77, 97, 99, 104]",,0,3
HTS-EC-safe-shadow-stag,dataset3_1200_2400,HTS-EC-safe-shadow-stag,0.2,0,21,0,[],0,[],tree,d0_n0,21.0,,,18,"[8, 9, 12, 41, 53, 54, 55, 56, 57, 58, 59, 63, 65, 75, 77, 97, 99, 104]",,0,3
HTS-EC-safe-shadow-stag,dataset3_1200_2400,HTS-EC-safe-shadow-stag,0.2,0,22,0,[],0,[],tree,d0_n0,87.0,,,18,"[8, 9, 12, 41, 53, 54, 55, 56, 57, 58, 59, 63, 65, 75, 77, 97, 99, 104]",,0,3
HTS-EC-safe-shadow-stag,dataset3_1200_2400,HTS-EC-safe-shadow-stag,0.2,0,23,0,[],0,[],tree,d0_n0,55.0,,,18,"[8, 9, 12, 41, 53, 54, 55, 56, 57, 58, 59, 63, 65, 75, 77, 97, 99, 104]",,0,3
HTS-EC-safe-shadow-stag,dataset3_1200_2400,HTS-EC-safe-shadow-stag,0.2,1,0,0,[],0,[],tree,d0_n0,27.0,,,21,"[8, 9, 12, 41, 44, 51, 52, 53, 54, 55, 56, 57, 58, 59, 63, 65, 75, 77, 97, 99, 104]",,0,3
HTS-EC-safe-shadow-stag,dataset3_1200_2400,HTS-EC-safe-shadow-stag,0.2,1,1,0,[],0,[],tree,d0_n0,86.0,,,21,"[8, 9, 12, 41, 44, 51, 52, 53, 54, 55, 56, 57, 58, 59, 63, 65, 75, 77, 97, 99, 104]",,0,3
HTS-EC-safe-shadow-stag,dataset3_1200_2400,HTS-EC-safe-shadow-stag,0.2,1,2,0,[],0,[],tree,d0_n0,38.0,,,21,"[8, 9, 12, 41, 44, 51, 52, 53, 54, 55, 56, 57, 58, 59, 63, 65, 75, 77, 97, 99, 104]",,0,3
HTS-EC-safe-shadow-stag,dataset3_1200_2400,HTS-EC-safe-shadow-stag,0.2,1,3,0,[],0,[],tree,d0_n0,3.0,,,21,"[8, 9, 12, 41, 44, 51, 52, 53, 54, 55, 56, 57, 58, 59, 63, 65, 75, 77, 97, 99, 104]",,0,3
HTS-EC-safe-shadow-stag,dataset3_1200_2400,HTS-EC-safe-shadow-stag,0.2,1,4,1,['d0_n0'],1,['d0_n0'],tree,d0_n0,89.0,,,21,"[8, 9, 12, 41, 44, 51, 52, 53, 54, 55, 56, 57, 58, 59, 63, 65, 75, 77, 97, 99, 104]",0.0,0,3
HTS-EC-safe-shadow-stag,dataset3_1200_2400,HTS-EC-safe-shadow-stag,0.2,1,5,1,['d0_n0'],1,['d0_n0'],tree,d0_n0,32.0,,,21,"[8, 9, 12, 41, 44, 51, 52, 53, 54, 55, 56, 57, 58, 59, 63, 65, 75, 77, 97, 99, 104]",0.0,0,3
HTS-EC-safe-shadow-stag,dataset3_1200_2400,HTS-EC-safe-shadow-stag,0.2,1,6,1,['d0_n0'],1,['d0_n0'],tree,d0_n0,111.0,,,21,"[8, 9, 12, 41, 44, 51, 52, 53, 54, 55, 56, 57, 58, 59, 63, 65, 75, 77, 97, 99, 104]",0.0,0,3
HTS-EC-safe-shadow-stag,dataset3_1200_2400,HTS-EC-safe-shadow-stag,0.2,1,7,1,['d0_n0'],1,['d0_n0'],tree,d0_n0,51.0,,,21,"[8, 9, 12, 41, 44, 51, 52, 53, 54, 55, 56, 57, 58, 59, 63, 65, 75, 77, 97, 99, 104]",0.0,0,3
HTS-EC-safe-shadow-stag,dataset3_1200_2400,HTS-EC-safe-shadow-stag,0.2,1,8,0,[],0,[],tree,d0_n0,31.0,,,20,"[8, 9, 12, 41, 44, 52, 53, 54, 55, 56, 57, 58, 59, 63, 65, 75, 77, 97, 99, 104]",,0,3
HTS-EC-safe-shadow-stag,dataset3_1200_2400,HTS-EC-safe-shadow-stag,0.2,1,9,0,[],0,[],tree,d0_n0,34.0,,,20,"[8, 9, 12, 41, 44, 52, 53, 54, 55, 56, 57, 58, 59, 63, 65, 75, 77, 97, 99, 104]",,0,3
HTS-EC-safe-shadow-stag,dataset3_1200_2400,HTS-EC-safe-shadow-stag,0.2,1,10,0,[],0,[],tree,d0_n0,48.0,,,20,"[8, 9, 12, 41, 44, 52, 53, 54, 55, 56, 57, 58, 59, 63, 65, 75, 77, 97, 99, 104]",,0,3
HTS-EC-safe-shadow-stag,dataset3_1200_2400,HTS-EC-safe-shadow-stag,0.2,1,11,0,[],0,[],tree,d0_n0,118.0,,,20,"[8, 9, 12, 41, 44, 52, 53, 54, 55, 56, 57, 58, 59, 63, 65, 75, 77, 97, 99, 104]",,0,3
HTS-EC-safe-shadow-stag,dataset3_1200_2400,HTS-EC-safe-shadow-stag,0.2,1,12,0,[],0,[],tree,d0_n0,18.0,,,20,"[8, 9, 12, 41, 44, 52, 53, 54, 55, 56, 57, 58, 59, 63, 65, 75, 77, 97, 99, 104]",,0,3
HTS-EC-safe-shadow-stag,dataset3_1200_2400,HTS-EC-safe-shadow-stag,0.2,1,13,0,[],0,[],tree,d0_n0,33.0,,,20,"[8, 9, 12, 41, 44, 52, 53, 54, 55, 56, 57, 58, 59, 63, 65, 75, 77, 97, 99, 104]",,0,3
HTS-EC-safe-shadow-stag,dataset3_1200_2400,HTS-EC-safe-shadow-stag,0.2,1,14,0,[],0,[],tree,d0_n0,22.0,,,20,"[8, 9, 12, 41, 44, 52, 53, 54, 55, 56, 57, 58, 59, 63, 65, 75, 77, 97, 99, 104]",,0,3
HTS-EC-safe-shadow-stag,dataset3_1200_2400,HTS-EC-safe-shadow-stag,0.2,1,15,0,[],0,[],,,,,,0,[],,0,3
HTS-EC-safe-shadow-stag,dataset3_1200_2400,HTS-EC-safe-shadow-stag,0.2,2,0,0,[],0,[],tree,d0_n0,27.0,,,21,"[8, 9, 12, 41, 44, 51, 52, 53, 54, 55, 56, 57, 58, 59, 63, 65, 75, 77, 97, 99, 104]",,0,3
HTS-EC-safe-shadow-stag,dataset3_1200_2400,HTS-EC-safe-shadow-stag,0.2,2,1,0,[],0,[],tree,d0_n0,38.0,,,21,"[8, 9, 12, 41, 44, 51, 52, 53, 54, 55, 56, 57, 58, 59, 63, 65, 75, 77, 97, 99, 104]",,0,3
HTS-EC-safe-shadow-stag,dataset3_1200_2400,HTS-EC-safe-shadow-stag,0.2,2,2,0,[],0,[],tree,d0_n0,86.0,,,21,"[8, 9, 12, 41, 44, 51, 52, 53, 54, 55, 56, 57, 58, 59, 63, 65, 75, 77, 97, 99, 104]",,0,3
HTS-EC-safe-shadow-stag,dataset3_1200_2400,HTS-EC-safe-shadow-stag,0.2,2,3,0,[],0,[],tree,d0_n0,3.0,,,21,"[8, 9, 12, 41, 44, 51, 52, 53, 54, 55, 56, 57, 58, 59, 63, 65, 75, 77, 97, 99, 104]",,0,3
HTS-EC-safe-shadow-stag,dataset3_1200_2400,HTS-EC-safe-shadow-stag,0.2,2,4,1,['d0_n0'],1,['d0_n0'],tree,d0_n0,89.0,,,21,"[8, 9, 12, 41, 44, 51, 52, 53, 54, 55, 56, 57, 58, 59, 63, 65, 75, 77, 97, 99, 104]",0.0,0,3
HTS-EC-safe-shadow-stag,dataset3_1200_2400,HTS-EC-safe-shadow-stag,0.2,2,5,1,['d0_n0'],1,['d0_n0'],tree,d0_n0,32.0,,,21,"[8, 9, 12, 41, 44, 51, 52, 53, 54, 55, 56, 57, 58, 59, 63, 65, 75, 77, 97, 99, 104]",0.0,0,3
HTS-EC-safe-shadow-stag,dataset3_1200_2400,HTS-EC-safe-shadow-stag,0.2,2,6,1,['d0_n0'],1,['d0_n0'],tree,d0_n0,111.0,,,21,"[8, 9, 12, 41, 44, 51, 52, 53, 54, 55, 56, 57, 58, 59, 63, 65, 75, 77, 97, 99, 104]",0.0,0,3
HTS-EC-safe-shadow-stag,dataset3_1200_2400,HTS-EC-safe-shadow-stag,0.2,2,7,1,['d0_n0'],1,['d0_n0'],tree,d0_n0,51.0,,,21,"[8, 9, 12, 41, 44, 51, 52, 53, 54, 55, 56, 57, 58, 59, 63, 65, 75, 77, 97, 99, 104]",0.0,0,3
HTS-EC-safe-shadow-stag,dataset3_1200_2400,HTS-EC-safe-shadow-stag,0.2,2,8,0,[],0,[],tree,d0_n0,34.0,,,20,"[8, 9, 12, 41, 44, 52, 53, 54, 55, 56, 57, 58, 59, 63, 65, 75, 77, 97, 99, 104]",,0,3
HTS-EC-safe-shadow-stag,dataset3_1200_2400,HTS-EC-safe-shadow-stag,0.2,2,9,0,[],0,[],tree,d0_n0,31.0,,,20,"[8, 9, 12, 41, 44, 52, 53, 54, 55, 56, 57, 58, 59, 63, 65, 75, 77, 97, 99, 104]",,0,3
HTS-EC-safe-shadow-stag,dataset3_1200_2400,HTS-EC-safe-shadow-stag,0.2,2,10,0,[],0,[],tree,d0_n0,33.0,,,20,"[8, 9, 12, 41, 44, 52, 53, 54, 55, 56, 57, 58, 59, 63, 65, 75, 77, 97, 99, 104]",,0,3
HTS-EC-safe-shadow-stag,dataset3_1200_2400,HTS-EC-safe-shadow-stag,0.2,2,11,0,[],0,[],tree,d0_n0,118.0,,,20,"[8, 9, 12, 41, 44, 52, 53, 54, 55, 56, 57, 58, 59, 63, 65, 75, 77, 97, 99, 104]",,0,3
HTS-EC-safe-shadow-stag,dataset3_1200_2400,HTS-EC-safe-shadow-stag,0.2,2,12,0,[],0,[],tree,d0_n0,48.0,,,20,"[8, 9, 12, 41, 44, 52, 53, 54, 55, 56, 57, 58, 59, 63, 65, 75, 77, 97, 99, 104]",,0,3
HTS-EC-safe-shadow-stag,dataset3_1200_2400,HTS-EC-safe-shadow-stag,0.2,2,13,0,[],0,[],tree,d0_n0,44.0,,,20,"[8, 9, 12, 41, 44, 52, 53, 54, 55, 56, 57, 58, 59, 63, 65, 75, 77, 97, 99, 104]",,0,3
HTS-EC-safe-shadow-stag,dataset3_1200_2400,HTS-EC-safe-shadow-stag,0.2,2,14,0,[],0,[],tree,d0_n0,22.0,,,19,"[8, 9, 12, 41, 52, 53, 54, 55, 56, 57, 58, 59, 63, 65, 75, 77, 97, 99, 104]",,0,3
HTS-EC-safe-shadow-stag,dataset3_1200_2400,HTS-EC-safe-shadow-stag,0.2,2,15,0,[],0,[],tree,d0_n0,18.0,,,19,"[8, 9, 12, 41, 52, 53, 54, 55, 56, 57, 58, 59, 63, 65, 75, 77, 97, 99, 104]",,0,3
HTS-EC-safe-shadow-stag,dataset3_1200_2400,HTS-EC-safe-shadow-stag,0.2,2,16,0,[],0,[],tree,d0_n0,45.0,,,19,"[8, 9, 12, 41, 52, 53, 54, 55, 56, 57, 58, 59, 63, 65, 75, 77, 97, 99, 104]",,0,3
HTS-EC-safe-shadow-stag,dataset3_1200_2400,HTS-EC-safe-shadow-stag,0.2,2,17,0,[],0,[],tree,d0_n0,50.0,,,19,"[8, 9, 12, 41, 52, 53, 54, 55, 56, 57, 58, 59, 63, 65, 75, 77, 97, 99, 104]",,0,3
HTS-EC-safe-shadow-stag,dataset3_1200_2400,HTS-EC-safe-shadow-stag,0.2,2,18,0,[],0,[],tree,d0_n0,35.0,,,19,"[8, 9, 12, 41, 52, 53, 54, 55, 56, 57, 58, 59, 63, 65, 75, 77, 97, 99, 104]",,0,3
HTS-EC-safe-shadow-stag,dataset3_1200_2400,HTS-EC-safe-shadow-stag,0.2,2,19,0,[],0,[],tree,d0_n0,52.0,,,19,"[8, 9, 12, 41, 52, 53, 54, 55, 56, 57, 58, 59, 63, 65, 75, 77, 97, 99, 104]",,0,3
HTS-EC-safe-shadow-stag,dataset3_1200_2400,HTS-EC-safe-shadow-stag,0.2,2,20,0,[],0,[],tree,d0_n0,39.0,,,18,"[8, 9, 12, 41, 53, 54, 55, 56, 57, 58, 59, 63, 65, 75, 77, 97, 99, 104]",,0,3
HTS-EC-safe-shadow-stag,dataset3_1200_2400,HTS-EC-safe-shadow-stag,0.2,2,21,0,[],0,[],tree,d0_n0,114.0,,,18,"[8, 9, 12, 41, 53, 54, 55, 56, 57, 58, 59, 63, 65, 75, 77, 97, 99, 104]",,0,3
HTS-EC-safe-shadow-stag,dataset3_1200_2400,HTS-EC-safe-shadow-stag,0.2,2,22,0,[],0,[],tree,d0_n0,21.0,,,18,"[8, 9, 12, 41, 53, 54, 55, 56, 57, 58, 59, 63, 65, 75, 77, 97, 99, 104]",,0,3
HTS-EC-safe-shadow-stag,dataset3_1200_2400,HTS-EC-safe-shadow-stag,0.2,2,23,0,[],0,[],tree,d0_n0,117.0,,,18,"[8, 9, 12, 41, 53, 54, 55, 56, 57, 58, 59, 63, 65, 75, 77, 97, 99, 104]",,0,3
HTS-EC-safe-shadow-stag,dataset3_1200_2400,HTS-EC-safe-shadow-stag,0.3,0,0,0,[],0,[],tree,d0_n0,27.0,,,21,"[8, 9, 12, 41, 44, 51, 52, 53, 54, 55, 56, 57, 58, 59, 63, 65, 75, 77, 97, 99, 104]",,0,5
HTS-EC-safe-shadow-stag,dataset3_1200_2400,HTS-EC-safe-shadow-stag,0.3,0,1,0,[],0,[],tree,d0_n0,86.0,,,21,"[8, 9, 12, 41, 44, 51, 52, 53, 54, 55, 56, 57, 58, 59, 63, 65, 75, 77, 97, 99, 104]",,0,5
HTS-EC-safe-shadow-stag,dataset3_1200_2400,HTS-EC-safe-shadow-stag,0.3,0,2,0,[],0,[],tree,d0_n0,38.0,,,21,"[8, 9, 12, 41, 44, 51, 52, 53, 54, 55, 56, 57, 58, 59, 63, 65, 75, 77, 97, 99, 104]",,0,5
HTS-EC-safe-shadow-stag,dataset3_1200_2400,HTS-EC-safe-shadow-stag,0.3,0,3,0,[],0,[],tree,d0_n0,3.0,,,21,"[8, 9, 12, 41, 44, 51, 52, 53, 54, 55, 56, 57, 58, 59, 63, 65, 75, 77, 97, 99, 104]",,0,5
HTS-EC-safe-shadow-stag,dataset3_1200_2400,HTS-EC-safe-shadow-stag,0.3,0,4,1,['d0_n0'],1,['d0_n0'],tree,d0_n0,32.0,,,21,"[8, 9, 12, 41, 44, 51, 52, 53, 54, 55, 56, 57, 58, 59, 63, 65, 75, 77, 97, 99, 104]",0.0,0,5
HTS-EC-safe-shadow-stag,dataset3_1200_2400,HTS-EC-safe-shadow-stag,0.3,0,5,1,['d0_n0'],1,['d0_n0'],tree,d0_n0,89.0,,,21,"[8, 9, 12, 41, 44, 51, 52, 53, 54, 55, 56, 57, 58, 59, 63, 65, 75, 77, 97, 99, 104]",0.0,0,5
HTS-EC-safe-shadow-stag,dataset3_1200_2400,HTS-EC-safe-shadow-stag,0.3,0,6,1,['d0_n0'],1,['d0_n0'],tree,d0_n0,111.0,,,21,"[8, 9, 12, 41, 44, 51, 52, 53, 54, 55, 56, 57, 58, 59, 63, 65, 75, 77, 97, 99, 104]",0.0,0,5
HTS-EC-safe-shadow-stag,dataset3_1200_2400,HTS-EC-safe-shadow-stag,0.3,0,7,1,['d0_n0'],1,['d0_n0'],tree,d0_n0,51.0,,,21,"[8, 9, 12, 41, 44, 51, 52, 53, 54, 55, 56, 57, 58, 59, 63, 65, 75, 77, 97, 99, 104]",0.0,0,5
HTS-EC-safe-shadow-stag,dataset3_1200_2400,HTS-EC-safe-shadow-stag,0.3,0,8,0,[],0,[],tree,d0_n0,34.0,,,20,"[8, 9, 12, 41, 44, 52, 53, 54, 55, 56, 57, 58, 59, 63, 65, 75, 77, 97, 99, 104]",,0,5
HTS-EC-safe-shadow-stag,dataset3_1200_2400,HTS-EC-safe-shadow-stag,0.3,0,9,0,[],0,[],tree,d0_n0,31.0,,,20,"[8, 9, 12, 41, 44, 52, 53, 54, 55, 56, 57, 58, 59, 63, 65, 75, 77, 97, 99, 104]",,0,5
HTS-EC-safe-shadow-stag,dataset3_1200_2400,HTS-EC-safe-shadow-stag,0.3,0,10,0,[],0,[],tree,d0_n0,33.0,,,20,"[8, 9, 12, 41, 44, 52, 53, 54, 55, 56, 57, 58, 59, 63, 65, 75, 77, 97, 99, 104]",,0,5
HTS-EC-safe-shadow-stag,dataset3_1200_2400,HTS-EC-safe-shadow-stag,0.3,0,11,0,[],0,[],tree,d0_n0,18.0,,,20,"[8, 9, 12, 41, 44, 52, 53, 54, 55, 56, 57, 58, 59, 63, 65, 75, 77, 97, 99, 104]",,0,5
HTS-EC-safe-shadow-stag,dataset3_1200_2400,HTS-EC-safe-shadow-stag,0.3,0,12,0,[],0,[],tree,d0_n0,118.0,,,20,"[8, 9, 12, 41, 44, 52, 53, 54, 55, 56, 57, 58, 59, 63, 65, 75, 77, 97, 99, 104]",,0,5
HTS-EC-safe-shadow-stag,dataset3_1200_2400,HTS-EC-safe-shadow-stag,0.3,0,13,0,[],0,[],tree,d0_n0,22.0,,,20,"[8, 9, 12, 41, 44, 52, 53, 54, 55, 56, 57, 58, 59, 63, 65, 75, 77, 97, 99, 104]",,0,5
HTS-EC-safe-shadow-stag,dataset3_1200_2400,HTS-EC-safe-shadow-stag,0.3,0,14,0,[],0,[],tree,d0_n0,44.0,,,20,"[8, 9, 12, 41, 44, 52, 53, 54, 55, 56, 57, 58, 59, 63, 65, 75, 77, 97, 99, 104]",,0,5
HTS-EC-safe-shadow-stag,dataset3_1200_2400,HTS-EC-safe-shadow-stag,0.3,0,15,0,[],0,[],tree,d0_n0,48.0,,,19,"[8, 9, 12, 41, 52, 53, 54, 55, 56, 57, 58, 59, 63, 65, 75, 77, 97, 99, 104]",,0,5
HTS-EC-safe-shadow-stag,dataset3_1200_2400,HTS-EC-safe-shadow-stag,0.3,0,16,0,[],0,[],tree,d0_n0,45.0,,,19,"[8, 9, 12, 41, 52, 53, 54, 55, 56, 57, 58, 59, 63, 65, 75, 77, 97, 99, 104]",,0,5
HTS-EC-safe-shadow-stag,dataset3_1200_2400,HTS-EC-safe-shadow-stag,0.3,0,17,0,[],0,[],tree,d0_n0,35.0,,,19,"[8, 9, 12, 41, 52, 53, 54, 55, 56, 57, 58, 59, 63, 65, 75, 77, 97, 99, 104]",,0,5
HTS-EC-safe-shadow-stag,dataset3_1200_2400,HTS-EC-safe-shadow-stag,0.3,0,18,0,[],0,[],tree,d0_n0,50.0,,,19,"[8, 9, 12, 41, 52, 53, 54, 55, 56, 57, 58, 59, 63, 65, 75, 77, 97, 99, 104]",,0,5
HTS-EC-safe-shadow-stag,dataset3_1200_2400,HTS-EC-safe-shadow-stag,0.3,0,19,0,[],0,[],tree,d0_n0,39.0,,,19,"[8, 9, 12, 41, 52, 53, 54, 55, 56, 57, 58, 59, 63, 65, 75, 77, 97, 99, 104]",,0,5
HTS-EC-safe-shadow-stag,dataset3_1200_2400,HTS-EC-safe-shadow-stag,0.3,0,20,0,[],0,[],tree,d0_n0,52.0,,,19,"[8, 9, 12, 41, 52, 53, 54, 55, 56, 57, 58, 59, 63, 65, 75, 77, 97, 99, 104]",,0,5
HTS-EC-safe-shadow-stag,dataset3_1200_2400,HTS-EC-safe-shadow-stag,0.3,0,21,0,[],0,[],tree,d0_n0,21.0,,,18,"[8, 9, 12, 41, 53, 54, 55, 56, 57, 58, 59, 63, 65, 75, 77, 97, 99, 104]",,0,5
HTS-EC-safe-shadow-stag,dataset3_1200_2400,HTS-EC-safe-shadow-stag,0.3,0,22,0,[],0,[],tree,d0_n0,87.0,,,18,"[8, 9, 12, 41, 53, 54, 55, 56, 57, 58, 59, 63, 65, 75, 77, 97, 99, 104]",,0,5
HTS-EC-safe-shadow-stag,dataset3_1200_2400,HTS-EC-safe-shadow-stag,0.3,0,23,0,[],0,[],tree,d0_n0,55.0,,,18,"[8, 9, 12, 41, 53, 54, 55, 56, 57, 58, 59, 63, 65, 75, 77, 97, 99, 104]",,0,5
HTS-EC-safe-shadow-stag,dataset3_1200_2400,HTS-EC-safe-shadow-stag,0.3,0,24,0,[],0,[],tree,d0_n0,47.0,,,17,"[8, 9, 12, 41, 53, 54, 56, 57, 58, 59, 63, 65, 75, 77, 97, 99, 104]",,0,5
HTS-EC-safe-shadow-stag,dataset3_1200_2400,HTS-EC-safe-shadow-stag,0.3,0,25,0,[],0,[],tree,d0_n0,117.0,,,17,"[8, 9, 12, 41, 53, 54, 56, 57, 58, 59, 63, 65, 75, 77, 97, 99, 104]",,0,5
HTS-EC-safe-shadow-stag,dataset3_1200_2400,HTS-EC-safe-shadow-stag,0.3,0,26,0,[],0,[],tree,d0_n0,90.0,,,17,"[8, 9, 12, 41, 53, 54, 56, 57, 58, 59, 63, 65, 75, 77, 97, 99, 104]",,0,5
HTS-EC-safe-shadow-stag,dataset3_1200_2400,HTS-EC-safe-shadow-stag,0.3,0,27,0,[],0,[],tree,d0_n0,114.0,,,17,"[8, 9, 12, 41, 53, 54, 56, 57, 58, 59, 63, 65, 75, 77, 97, 99, 104]",,0,5
HTS-EC-safe-shadow-stag,dataset3_1200_2400,HTS-EC-safe-shadow-stag,0.3,0,28,0,[],0,[],tree,d0_n0,88.0,,,17,"[8, 9, 12, 41, 53, 54, 56, 57, 58, 59, 63, 65, 75, 77, 97, 99, 104]",,0,5
HTS-EC-safe-shadow-stag,dataset3_1200_2400,HTS-EC-safe-shadow-stag,0.3,0,29,0,[],0,[],tree,d0_n0,62.0,,,17,"[8, 9, 12, 41, 53, 54, 56, 57, 58, 59, 63, 65, 75, 77, 97, 99, 104]",,0,5
HTS-EC-safe-shadow-stag,dataset3_1200_2400,HTS-EC-safe-shadow-stag,0.3,0,30,0,[],0,[],tree,d0_n0,28.0,,,17,"[8, 9, 12, 41, 53, 54, 56, 57, 58, 59, 63, 65, 75, 77, 97, 99, 104]",,0,5
HTS-EC-safe-shadow-stag,dataset3_1200_2400,HTS-EC-safe-shadow-stag,0.3,0,31,0,[],0,[],tree,d0_n0,1.0,,,17,"[8, 9, 12, 41, 53, 54, 56, 57, 58, 59, 63, 65, 75, 77, 97, 99, 104]",,0,5
HTS-EC-safe-shadow-stag,dataset3_1200_2400,HTS-EC-safe-shadow-stag,0.3,0,32,0,[],0,[],tree,d0_n0,83.0,,,17,"[8, 9, 12, 41, 53, 54, 56, 57, 58, 59, 63, 65, 75, 77, 97, 99, 104]",,0,5
HTS-EC-safe-shadow-stag,dataset3_1200_2400,HTS-EC-safe-shadow-stag,0.3,0,33,0,[],0,[],tree,d0_n0,119.0,,,17,"[8, 9, 12, 41, 53, 54, 56, 57, 58, 59, 63, 65, 75, 77, 97, 99, 104]",,0,5
HTS-EC-safe-shadow-stag,dataset3_1200_2400,HTS-EC-safe-shadow-stag,0.3,0,34,0,[],0,[],tree,d0_n0,116.0,,,17,"[8, 9, 12, 41, 53, 54, 56, 57, 58, 59, 63, 65, 75, 77, 97, 99, 104]",,0,5
HTS-EC-safe-shadow-stag,dataset3_1200_2400,HTS-EC-safe-shadow-stag,0.3,0,35,0,[],0,[],,,,,,0,[],,0,5
HTS-EC-safe-shadow-stag,dataset3_1200_2400,HTS-EC-safe-shadow-stag,0.3,1,0,0,[],0,[],tree,d0_n0,27.0,,,21,"[8, 9, 12, 41, 44, 51, 52, 53, 54, 55, 56, 57, 58, 59, 63, 65, 75, 77, 97, 99, 104]",,0,5
HTS-EC-safe-shadow-stag,dataset3_1200_2400,HTS-EC-safe-shadow-stag,0.3,1,1,0,[],0,[],tree,d0_n0,86.0,,,21,"[8, 9, 12, 41, 44, 51, 52, 53, 54, 55, 56, 57, 58, 59, 63, 65, 75, 77, 97, 99, 104]",,0,5
HTS-EC-safe-shadow-stag,dataset3_1200_2400,HTS-EC-safe-shadow-stag,0.3,1,2,0,[],0,[],tree,d0_n0,38.0,,,21,"[8, 9, 12, 41, 44, 51, 52, 53, 54, 55, 56, 57, 58, 59, 63, 65, 75, 77, 97, 99, 104]",,0,5
HTS-EC-safe-shadow-stag,dataset3_1200_2400,HTS-EC-safe-shadow-stag,0.3,1,3,0,[],0,[],tree,d0_n0,3.0,,,21,"[8, 9, 12, 41, 44, 51, 52, 53, 54, 55, 56, 57, 58, 59, 63, 65, 75, 77, 97, 99, 104]",,0,5
HTS-EC-safe-shadow-stag,dataset3_1200_2400,HTS-EC-safe-shadow-stag,0.3,1,4,1,['d0_n0'],1,['d0_n0'],tree,d0_n0,89.0,,,21,"[8, 9, 12, 41, 44, 51, 52, 53, 54, 55, 56, 57, 58, 59, 63, 65, 75, 77, 97, 99, 104]",0.0,0,5
HTS-EC-safe-shadow-stag,dataset3_1200_2400,HTS-EC-safe-shadow-stag,0.3,1,5,1,['d0_n0'],1,['d0_n0'],tree,d0_n0,32.0,,,21,"[8, 9, 12, 41, 44, 51, 52, 53, 54, 55, 56, 57, 58, 59, 63, 65, 75, 77, 97, 99, 104]",0.0,0,5
HTS-EC-safe-shadow-stag,dataset3_1200_2400,HTS-EC-safe-shadow-stag,0.3,1,6,1,['d0_n0'],1,['d0_n0'],tree,d0_n0,111.0,,,21,"[8, 9, 12, 41, 44, 51, 52, 53, 54, 55, 56, 57, 58, 59, 63, 65, 75, 77, 97, 99, 104]",0.0,0,5
HTS-EC-safe-shadow-stag,dataset3_1200_2400,HTS-EC-safe-shadow-stag,0.3,1,7,1,['d0_n0'],1,['d0_n0'],tree,d0_n0,51.0,,,21,"[8, 9, 12, 41, 44, 51, 52, 53, 54, 55, 56, 57, 58, 59, 63, 65, 75, 77, 97, 99, 104]",0.0,0,5
HTS-EC-safe-shadow-stag,dataset3_1200_2400,HTS-EC-safe-shadow-stag,0.3,1,8,0,[],0,[],tree,d0_n0,31.0,,,20,"[8, 9, 12, 41, 44, 52, 53, 54, 55, 56, 57, 58, 59, 63, 65, 75, 77, 97, 99, 104]",,0,5
HTS-EC-safe-shadow-stag,dataset3_1200_2400,HTS-EC-safe-shadow-stag,0.3,1,9,0,[],0,[],tree,d0_n0,34.0,,,20,"[8, 9, 12, 41, 44, 52, 53, 54, 55, 56, 57, 58, 59, 63, 65, 75, 77, 97, 99, 104]",,0,5
HTS-EC-safe-shadow-stag,dataset3_1200_2400,HTS-EC-safe-shadow-stag,0.3,1,10,0,[],0,[],tree,d0_n0,48.0,,,20,"[8, 9, 12, 41, 44, 52, 53, 54, 55, 56, 57, 58, 59, 63, 65, 75, 77, 97, 99, 104]",,0,5
HTS-EC-safe-shadow-stag,dataset3_1200_2400,HTS-EC-safe-shadow-stag,0.3,1,11,0,[],0,[],tree,d0_n0,118.0,,,20,"[8, 9, 12, 41, 44, 52, 53, 54, 55, 56, 57, 58, 59, 63, 65, 75, 77, 97, 99, 104]",,0,5
HTS-EC-safe-shadow-stag,dataset3_1200_2400,HTS-EC-safe-shadow-stag,0.3,1,12,0,[],0,[],tree,d0_n0,18.0,,,20,"[8, 9, 12, 41, 44, 52, 53, 54, 55, 56, 57, 58, 59, 63, 65, 75, 77, 97, 99, 104]",,0,5
HTS-EC-safe-shadow-stag,dataset3_1200_2400,HTS-EC-safe-shadow-stag,0.3,1,13,0,[],0,[],tree,d0_n0,33.0,,,20,"[8, 9, 12, 41, 44, 52, 53, 54, 55, 56, 57, 58, 59, 63, 65, 75, 77, 97, 99, 104]",,0,5
HTS-EC-safe-shadow-stag,dataset3_1200_2400,HTS-EC-safe-shadow-stag,0.3,1,14,0,[],0,[],tree,d0_n0,22.0,,,20,"[8, 9, 12, 41, 44, 52, 53, 54, 55, 56, 57, 58, 59, 63, 65, 75, 77, 97, 99, 104]",,0,5
HTS-EC-safe-shadow-stag,dataset3_1200_2400,HTS-EC-safe-shadow-stag,0.3,1,15,0,[],0,[],,,,,,0,[],,0,5
HTS-EC-safe-shadow-stag,dataset3_1200_2400,HTS-EC-safe-shadow-stag,0.3,2,0,0,[],0,[],tree,d0_n0,27.0,,,21,"[8, 9, 12, 41, 44, 51, 52, 53, 54, 55, 56, 57, 58, 59, 63, 65, 75, 77, 97, 99, 104]",,0,5
HTS-EC-safe-shadow-stag,dataset3_1200_2400,HTS-EC-safe-shadow-stag,0.3,2,1,0,[],0,[],tree,d0_n0,38.0,,,21,"[8, 9, 12, 41, 44, 51, 52, 53, 54, 55, 56, 57, 58, 59, 63, 65, 75, 77, 97, 99, 104]",,0,5
HTS-EC-safe-shadow-stag,dataset3_1200_2400,HTS-EC-safe-shadow-stag,0.3,2,2,0,[],0,[],tree,d0_n0,86.0,,,21,"[8, 9, 12, 41, 44, 51, 52, 53, 54, 55, 56, 57, 58, 59, 63, 65, 75, 77, 97, 99, 104]",,0,5
HTS-EC-safe-shadow-stag,dataset3_1200_2400,HTS-EC-safe-shadow-stag,0.3,2,3,0,[],0,[],tree,d0_n0,3.0,,,21,"[8, 9, 12, 41, 44, 51, 52, 53, 54, 55, 56, 57, 58, 59, 63, 65, 75, 77, 97, 99, 104]",,0,5
HTS-EC-safe-shadow-stag,dataset3_1200_2400,HTS-EC-safe-shadow-stag,0.3,2,4,1,['d0_n0'],1,['d0_n0'],tree,d0_n0,89.0,,,21,"[8, 9, 12, 41, 44, 51, 52, 53, 54, 55, 56, 57, 58, 59, 63, 65, 75, 77, 97, 99, 104]",0.0,0,5
HTS-EC-safe-shadow-stag,dataset3_1200_2400,HTS-EC-safe-shadow-stag,0.3,2,5,1,['d0_n0'],1,['d0_n0'],tree,d0_n0,32.0,,,21,"[8, 9, 12, 41, 44, 51, 52, 53, 54, 55, 56, 57, 58, 59, 63, 65, 75, 77, 97, 99, 104]",0.0,0,5
HTS-EC-safe-shadow-stag,dataset3_1200_2400,HTS-EC-safe-shadow-stag,0.3,2,6,1,['d0_n0'],1,['d0_n0'],tree,d0_n0,111.0,,,21,"[8, 9, 12, 41, 44, 51, 52, 53, 54, 55, 56, 57, 58, 59, 63, 65, 75, 77, 97, 99, 104]",0.0,0,5
HTS-EC-safe-shadow-stag,dataset3_1200_2400,HTS-EC-safe-shadow-stag,0.3,2,7,1,['d0_n0'],1,['d0_n0'],tree,d0_n0,51.0,,,21,"[8, 9, 12, 41, 44, 51, 52, 53, 54, 55, 56, 57, 58, 59, 63, 65, 75, 77, 97, 99, 104]",0.0,0,5
HTS-EC-safe-shadow-stag,dataset3_1200_2400,HTS-EC-safe-shadow-stag,0.3,2,8,0,[],0,[],tree,d0_n0,34.0,,,20,"[8, 9, 12, 41, 44, 52, 53, 54, 55, 56, 57, 58, 59, 63, 65, 75, 77, 97, 99, 104]",,0,5
HTS-EC-safe-shadow-stag,dataset3_1200_2400,HTS-EC-safe-shadow-stag,0.3,2,9,0,[],0,[],tree,d0_n0,31.0,,,20,"[8, 9, 12, 41, 44, 52, 53, 54, 55, 56, 57, 58, 59, 63, 65, 75, 77, 97, 99, 104]",,0,5
HTS-EC-safe-shadow-stag,dataset3_1200_2400,HTS-EC-safe-shadow-stag,0.3,2,10,0,[],0,[],tree,d0_n0,33.0,,,20,"[8, 9, 12, 41, 44, 52, 53, 54, 55, 56, 57, 58, 59, 63, 65, 75, 77, 97, 99, 104]",,0,5
HTS-EC-safe-shadow-stag,dataset3_1200_2400,HTS-EC-safe-shadow-stag,0.3,2,11,0,[],0,[],tree,d0_n0,118.0,,,20,"[8, 9, 12, 41, 44, 52, 53, 54, 55, 56, 57, 58, 59, 63, 65, 75, 77, 97, 99, 104]",,0,5
HTS-EC-safe-shadow-stag,dataset3_1200_2400,HTS-EC-safe-shadow-stag,0.3,2,12,0,[],0,[],tree,d0_n0,48.0,,,20,"[8, 9, 12, 41, 44, 52, 53, 54, 55, 56, 57, 58, 59, 63, 65, 75, 77, 97, 99, 104]",,0,5
HTS-EC-safe-shadow-stag,dataset3_1200_2400,HTS-EC-safe-shadow-stag,0.3,2,13,0,[],0,[],tree,d0_n0,44.0,,,20,"[8, 9, 12, 41, 44, 52, 53, 54, 55, 56, 57, 58, 59, 63, 65, 75, 77, 97, 99, 104]",,0,5
HTS-EC-safe-shadow-stag,dataset3_1200_2400,HTS-EC-safe-shadow-stag,0.3,2,14,0,[],0,[],tree,d0_n0,22.0,,,19,"[8, 9, 12, 41, 52, 53, 54, 55, 56, 57, 58, 59, 63, 65, 75, 77, 97, 99, 104]",,0,5
HTS-EC-safe-shadow-stag,dataset3_1200_2400,HTS-EC-safe-shadow-stag,0.3,2,15,0,[],0,[],tree,d0_n0,18.0,,,19,"[8, 9, 12, 41, 52, 53, 54, 55, 56, 57, 58, 59, 63, 65, 75, 77, 97, 99, 104]",,0,5
HTS-EC-safe-shadow-stag,dataset3_1200_2400,HTS-EC-safe-shadow-stag,0.3,2,16,0,[],0,[],tree,d0_n0,45.0,,,19,"[8, 9, 12, 41, 52, 53, 54, 55, 56, 57, 58, 59, 63, 65, 75, 77, 97, 99, 104]",,0,5
HTS-EC-safe-shadow-stag,dataset3_1200_2400,HTS-EC-safe-shadow-stag,0.3,2,17,0,[],0,[],tree,d0_n0,50.0,,,19,"[8, 9, 12, 41, 52, 53, 54, 55, 56, 57, 58, 59, 63, 65, 75, 77, 97, 99, 104]",,0,5
HTS-EC-safe-shadow-stag,dataset3_1200_2400,HTS-EC-safe-shadow-stag,0.3,2,18,0,[],0,[],tree,d0_n0,35.0,,,19,"[8, 9, 12, 41, 52, 53, 54, 55, 56, 57, 58, 59, 63, 65, 75, 77, 97, 99, 104]",,0,5
HTS-EC-safe-shadow-stag,dataset3_1200_2400,HTS-EC-safe-shadow-stag,0.3,2,19,0,[],0,[],tree,d0_n0,52.0,,,19,"[8, 9, 12, 41, 52, 53, 54, 55, 56, 57, 58, 59, 63, 65, 75, 77, 97, 99, 104]",,0,5
HTS-EC-safe-shadow-stag,dataset3_1200_2400,HTS-EC-safe-shadow-stag,0.3,2,20,0,[],0,[],tree,d0_n0,39.0,,,18,"[8, 9, 12, 41, 53, 54, 55, 56, 57, 58, 59, 63, 65, 75, 77, 97, 99, 104]",,0,5
HTS-EC-safe-shadow-stag,dataset3_1200_2400,HTS-EC-safe-shadow-stag,0.3,2,21,0,[],0,[],tree,d0_n0,114.0,,,18,"[8, 9, 12, 41, 53, 54, 55, 56, 57, 58, 59, 63, 65, 75, 77, 97, 99, 104]",,0,5
HTS-EC-safe-shadow-stag,dataset3_1200_2400,HTS-EC-safe-shadow-stag,0.3,2,22,0,[],0,[],tree,d0_n0,21.0,,,18,"[8, 9, 12, 41, 53, 54, 55, 56, 57, 58, 59, 63, 65, 75, 77, 97, 99, 104]",,0,5
HTS-EC-safe-shadow-stag,dataset3_1200_2400,HTS-EC-safe-shadow-stag,0.3,2,23,0,[],0,[],tree,d0_n0,117.0,,,18,"[8, 9, 12, 41, 53, 54, 55, 56, 57, 58, 59, 63, 65, 75, 77, 97, 99, 104]",,0,5
HTS-EC-safe-shadow-stag,dataset3_1200_2400,HTS-EC-safe-shadow-stag,0.3,2,24,0,[],0,[],tree,d0_n0,55.0,,,18,"[8, 9, 12, 41, 53, 54, 55, 56, 57, 58, 59, 63, 65, 75, 77, 97, 99, 104]",,0,5
HTS-EC-safe-shadow-stag,dataset3_1200_2400,HTS-EC-safe-shadow-stag,0.3,2,25,0,[],0,[],tree,d0_n0,87.0,,,17,"[8, 9, 12, 41, 53, 54, 56, 57, 58, 59, 63, 65, 75, 77, 97, 99, 104]",,0,5
HTS-EC-safe-shadow-stag,dataset3_1200_2400,HTS-EC-safe-shadow-stag,0.3,2,26,0,[],0,[],tree,d0_n0,90.0,,,17,"[8, 9, 12, 41, 53, 54, 56, 57, 58, 59, 63, 65, 75, 77, 97, 99, 104]",,0,5
HTS-EC-safe-shadow-stag,dataset3_1200_2400,HTS-EC-safe-shadow-stag,0.3,2,27,0,[],0,[],tree,d0_n0,47.0,,,17,"[8, 9, 12, 41, 53, 54, 56, 57, 58, 59, 63, 65, 75, 77, 97, 99, 104]",,0,5
HTS-EC-safe-shadow-stag,dataset3_1200_2400,HTS-EC-safe-shadow-stag,0.3,2,28,0,[],0,[],tree,d0_n0,62.0,,,17,"[8, 9, 12, 41, 53, 54, 56, 57, 58, 59, 63, 65, 75, 77, 97, 99, 104]",,0,5
HTS-EC-safe-shadow-stag,dataset3_1200_2400,HTS-EC-safe-shadow-stag,0.3,2,29,0,[],0,[],tree,d0_n0,28.0,,,17,"[8, 9, 12, 41, 53, 54, 56, 57, 58, 59, 63, 65, 75, 77, 97, 99, 104]",,0,5
HTS-EC-safe-shadow-stag,dataset3_1200_2400,HTS-EC-safe-shadow-stag,0.3,2,30,0,[],0,[],tree,d0_n0,1.0,,,17,"[8, 9, 12, 41, 53, 54, 56, 57, 58, 59, 63, 65, 75, 77, 97, 99, 104]",,0,5
HTS-EC-safe-shadow-stag,dataset3_1200_2400,HTS-EC-safe-shadow-stag,0.3,2,31,0,[],0,[],tree,d0_n0,99.0,,,17,"[8, 9, 12, 41, 53, 54, 56, 57, 58, 59, 63, 65, 75, 77, 97, 99, 104]",,0,5
HTS-EC-safe-shadow-stag,dataset3_1200_2400,HTS-EC-safe-shadow-stag,0.3,2,32,0,[],0,[],tree,d0_n0,116.0,,,16,"[8, 9, 12, 41, 53, 54, 56, 57, 58, 59, 63, 65, 75, 77, 97, 104]",,0,5
HTS-EC-safe-shadow-stag,dataset3_1200_2400,HTS-EC-safe-shadow-stag,0.3,2,33,0,[],0,[],tree,d0_n0,83.0,,,16,"[8, 9, 12, 41, 53, 54, 56, 57, 58, 59, 63, 65, 75, 77, 97, 104]",,0,5
HTS-EC-safe-shadow-stag,dataset3_1200_2400,HTS-EC-safe-shadow-stag,0.3,2,34,0,[],0,[],tree,d0_n0,88.0,,,16,"[8, 9, 12, 41, 53, 54, 56, 57, 58, 59, 63, 65, 75, 77, 97, 104]",,0,5
HTS-EC-safe-shadow-stag,dataset3_1200_2400,HTS-EC-safe-shadow-stag,0.3,2,35,0,[],0,[],tree,d0_n0,119.0,,,16,"[8, 9, 12, 41, 53, 54, 56, 57, 58, 59, 63, 65, 75, 77, 97, 104]",,0,5
HTS-EC-safe-StagRepMix-force,dataset3_2400_3462,HTS-EC-safe-StagRepMix-force,0.1,0,0,0,[],0,[],tree,d0_n0,11.0,,,12,"[6, 7, 13, 14, 36, 43, 56, 57, 77, 82, 85, 91]",,0,1
HTS-EC-safe-StagRepMix-force,dataset3_2400_3462,HTS-EC-safe-StagRepMix-force,0.1,0,1,0,[],0,[],tree,d0_n0,7.0,,,12,"[6, 7, 13, 14, 36, 43, 56, 57, 77, 82, 85, 91]",,0,1
HTS-EC-safe-StagRepMix-force,dataset3_2400_3462,HTS-EC-safe-StagRepMix-force,0.1,0,2,0,[],0,[],tree,d1_n107,77.0,,,3,"[56, 57, 77]",,0,1
HTS-EC-safe-StagRepMix-force,dataset3_2400_3462,HTS-EC-safe-StagRepMix-force,0.1,0,3,0,[],0,[],tree,d1_n158,104.0,,,3,"[82, 85, 91]",,0,1
HTS-EC-safe-StagRepMix-force,dataset3_2400_3462,HTS-EC-safe-StagRepMix-force,0.1,0,4,0,[],0,[],tree,d1_n54,27.0,,,2,"[36, 43]",,0,1
HTS-EC-safe-StagRepMix-force,dataset3_2400_3462,HTS-EC-safe-StagRepMix-force,0.1,0,5,0,[],0,[],tree,d1_n107,66.0,,,2,"[56, 57]",,0,1
HTS-EC-safe-StagRepMix-force,dataset3_2400_3462,HTS-EC-safe-StagRepMix-force,0.1,0,6,0,[],0,[],tree,d2_n133,76.0,,,0,[],,0,1
HTS-EC-safe-StagRepMix-force,dataset3_2400_3462,HTS-EC-safe-StagRepMix-force,0.1,0,7,0,[],0,[],tree,d3_n145,78.0,,,0,[],,0,1
HTS-EC-safe-StagRepMix-force,dataset3_2400_3462,HTS-EC-safe-StagRepMix-force,0.1,0,8,0,[],0,[],tree,d4_n153,79.0,,,0,[],,0,1
HTS-EC-safe-StagRepMix-force,dataset3_2400_3462,HTS-EC-safe-StagRepMix-force,0.1,0,9,0,[],0,[],,,,,,0,[],,0,1
HTS-EC-safe-StagRepMix-force,dataset3_2400_3462,HTS-EC-safe-StagRepMix-force,0.1,0,9,0,[],0,[],,,,,,0,[],,0,1
HTS-EC-safe-StagRepMix-force,dataset3_2400_3462,HTS-EC-safe-StagRepMix-force,0.1,0,9,0,[],0,[],tree,d4_n146,75.0,,,0,[],,0,1
HTS-EC-safe-StagRepMix-force,dataset3_2400_3462,HTS-EC-safe-StagRepMix-force,0.1,0,10,0,[],0,[],,,,,,0,[],,0,1
HTS-EC-safe-StagRepMix-force,dataset3_2400_3462,HTS-EC-safe-StagRepMix-force,0.1,0,10,0,[],0,[],tree,d5_n147,73.0,,,0,[],,0,1
HTS-EC-safe-StagRepMix-force,dataset3_2400_3462,HTS-EC-safe-StagRepMix-force,0.1,1,0,0,[],0,[],tree,d0_n0,11.0,,,12,"[6, 7, 13, 14, 36, 43, 56, 57, 77, 82, 85, 91]",,0,1
HTS-EC-safe-StagRepMix-force,dataset3_2400_3462,HTS-EC-safe-StagRepMix-force,0.1,1,1,0,[],0,[],tree,d0_n0,16.0,,,12,"[6, 7, 13, 14, 36, 43, 56, 57, 77, 82, 85, 91]",,0,1
HTS-EC-safe-StagRepMix-force,dataset3_2400_3462,HTS-EC-safe-StagRepMix-force,0.1,1,2,0,[],0,[],tree,d0_n0,7.0,,,12,"[6, 7, 13, 14, 36, 43, 56, 57, 77, 82, 85, 91]",,0,1
HTS-EC-safe-StagRepMix-force,dataset3_2400_3462,HTS-EC-safe-StagRepMix-force,0.1,1,3,0,[],0,[],tree,d0_n0,77.0,,,11,"[6, 13, 14, 36, 43, 56, 57, 77, 82, 85, 91]",,0,1
HTS-EC-safe-StagRepMix-force,dataset3_2400_3462,HTS-EC-safe-StagRepMix-force,0.1,1,4,0,[],0,[],tree,d1_n158,99.0,,,3,"[82, 85, 91]",,0,1
HTS-EC-safe-StagRepMix-force,dataset3_2400_3462,HTS-EC-safe-StagRepMix-force,0.1,1,5,0,[],0,[],tree,d1_n54,27.0,,,2,"[36, 43]",,0,1
HTS-EC-safe-StagRepMix-force,dataset3_2400_3462,HTS-EC-safe-StagRepMix-force,0.1,1,6,0,[],0,[],tree,d1_n107,66.0,,,2,"[56, 57]",,0,1
HTS-EC-safe-StagRepMix-force,dataset3_2400_3462,HTS-EC-safe-StagRepMix-force,0.1,1,7,0,[],0,[],tree,d2_n133,76.0,,,0,[],,0,1
HTS-EC-safe-StagRepMix-force,dataset3_2400_3462,HTS-EC-safe-StagRepMix-force,0.1,1,8,0,[],0,[],tree,d3_n145,79.0,,,0,[],,0,1
HTS-EC-safe-StagRepMix-force,dataset3_2400_3462,HTS-EC-safe-StagRepMix-force,0.1,1,9,0,[],0,[],tree,d4_n153,78.0,,,0,[],,0,1
HTS-EC-safe-StagRepMix-force,dataset3_2400_3462,HTS-EC-safe-StagRepMix-force,0.1,1,10,0,[],0,[],,,,,,0,[],,0,1
HTS-EC-safe-StagRepMix-force,dataset3_2400_3462,HTS-EC-safe-StagRepMix-force,0.1,1,10,0,[],0,[],,,,,,0,[],,0,1
HTS-EC-safe-StagRepMix-force,dataset3_2400_3462,HTS-EC-safe-StagRepMix-force,0.1,1,10,0,[],0,[],tree,d4_n146,75.0,,,0,[],,0,1
HTS-EC-safe-StagRepMix-force,dataset3_2400_3462,HTS-EC-safe-StagRepMix-force,0.1,2,0,0,[],0,[],tree,d0_n0,11.0,,,12,"[6, 7, 13, 14, 36, 43, 56, 57, 77, 82, 85, 91]",,0,1
HTS-EC-safe-StagRepMix-force,dataset3_2400_3462,HTS-EC-safe-StagRepMix-force,0.1,2,1,0,[],0,[],tree,d0_n0,16.0,,,12,"[6, 7, 13, 14, 36, 43, 56, 57, 77, 82, 85, 91]",,0,1
HTS-EC-safe-StagRepMix-force,dataset3_2400_3462,HTS-EC-safe-StagRepMix-force,0.1,2,2,0,[],0,[],tree,d0_n0,7.0,,,12,"[6, 7, 13, 14, 36, 43, 56, 57, 77, 82, 85, 91]",,0,1
HTS-EC-safe-StagRepMix-force,dataset3_2400_3462,HTS-EC-safe-StagRepMix-force,0.1,2,3,0,[],0,[],tree,d0_n0,66.0,,,11,"[6, 13, 14, 36, 43, 56, 57, 77, 82, 85, 91]",,0,1
HTS-EC-safe-StagRepMix-force,dataset3_2400_3462,HTS-EC-safe-StagRepMix-force,0.1,2,4,0,[],0,[],tree,d0_n0,77.0,,,11,"[6, 13, 14, 36, 43, 56, 57, 77, 82, 85, 91]",,0,1
HTS-EC-safe-StagRepMix-force,dataset3_2400_3462,HTS-EC-safe-StagRepMix-force,0.1,2,5,0,[],0,[],tree,d0_n0,10.0,,,10,"[6, 13, 14, 36, 43, 56, 57, 82, 85, 91]",,0,1
HTS-EC-safe-StagRepMix-force,dataset3_2400_3462,HTS-EC-safe-StagRepMix-force,0.1,2,6,0,[],0,[],tree,d0_n0,76.0,,,10,"[6, 13, 14, 36, 43, 56, 57, 82, 85, 91]",,0,1
HTS-EC-safe-StagRepMix-force,dataset3_2400_3462,HTS-EC-safe-StagRepMix-force,0.1,2,7,0,[],0,[],tree,d0_n0,27.0,,,10,"[6, 13, 14, 36, 43, 56, 57, 82, 85, 91]",,0,1
HTS-EC-safe-StagRepMix-force,dataset3_2400_3462,HTS-EC-safe-StagRepMix-force,0.1,2,8,0,[],0,[],tree,d0_n0,62.0,,,10,"[6, 13, 14, 36, 43, 56, 57, 82, 85, 91]",,0,1
HTS-EC-safe-StagRepMix-force,dataset3_2400_3462,HTS-EC-safe-StagRepMix-force,0.1,2,9,0,[],0,[],tree,d0_n0,65.0,,,10,"[6, 13, 14, 36, 43, 56, 57, 82, 85, 91]",,0,1
HTS-EC-safe-StagRepMix-force,dataset3_2400_3462,HTS-EC-safe-StagRepMix-force,0.1,2,10,0,[],0,[],tree,d0_n0,99.0,,,10,"[6, 13, 14, 36, 43, 56, 57, 82, 85, 91]",,0,1
HTS-EC-safe-StagRepMix-force,dataset3_2400_3462,HTS-EC-safe-StagRepMix-force,0.2,0,0,0,[],0,[],tree,d0_n0,11.0,,,12,"[6, 7, 13, 14, 36, 43, 56, 57, 77, 82, 85, 91]",,0,3
HTS-EC-safe-StagRepMix-force,dataset3_2400_3462,HTS-EC-safe-StagRepMix-force,0.2,0,1,0,[],0,[],tree,d0_n0,7.0,,,12,"[6, 7, 13, 14, 36, 43, 56, 57, 77, 82, 85, 91]",,0,3
HTS-EC-safe-StagRepMix-force,dataset3_2400_3462,HTS-EC-safe-StagRepMix-force,0.2,0,2,0,[],0,[],tree,d1_n107,77.0,,,3,"[56, 57, 77]",,0,3
HTS-EC-safe-StagRepMix-force,dataset3_2400_3462,HTS-EC-safe-StagRepMix-force,0.2,0,3,0,[],0,[],tree,d1_n158,104.0,,,3,"[82, 85, 91]",,0,3
HTS-EC-safe-StagRepMix-force,dataset3_2400_3462,HTS-EC-safe-StagRepMix-force,0.2,0,4,0,[],0,[],tree,d1_n54,27.0,,,2,"[36, 43]",,0,3
HTS-EC-safe-StagRepMix-force,dataset3_2400_3462,HTS-EC-safe-StagRepMix-force,0.2,0,5,0,[],0,[],tree,d1_n107,66.0,,,2,"[56, 57]",,0,3
HTS-EC-safe-StagRepMix-force,dataset3_2400_3462,HTS-EC-safe-StagRepMix-force,0.2,0,6,0,[],0,[],tree,d2_n133,76.0,,,0,[],,0,3
HTS-EC-safe-StagRepMix-force,dataset3_2400_3462,HTS-EC-safe-StagRepMix-force,0.2,0,7,0,[],0,[],tree,d3_n145,78.0,,,0,[],,0,3
HTS-EC-safe-StagRepMix-force,dataset3_2400_3462,HTS-EC-safe-StagRepMix-force,0.2,0,8,0,[],0,[],tree,d4_n153,79.0,,,0,[],,0,3
HTS-EC-safe-StagRepMix-force,dataset3_2400_3462,HTS-EC-safe-StagRepMix-force,0.2,0,9,0,[],0,[],,,,,,0,[],,0,3
HTS-EC-safe-StagRepMix-force,dataset3_2400_3462,HTS-EC-safe-StagRepMix-force,0.2,0,9,0,[],0,[],,,,,,0,[],,0,3
HTS-EC-safe-StagRepMix-force,dataset3_2400_3462,HTS-EC-safe-StagRepMix-force,0.2,0,9,0,[],0,[],tree,d4_n146,75.0,,,0,[],,0,3
HTS-EC-safe-StagRepMix-force,dataset3_2400_3462,HTS-EC-safe-StagRepMix-force,0.2,0,10,0,[],0,[],,,,,,0,[],,0,3
HTS-EC-safe-StagRepMix-force,dataset3_2400_3462,HTS-EC-safe-StagRepMix-force,0.2,0,10,0,[],0,[],tree,d5_n147,73.0,,,0,[],,0,3
HTS-EC-safe-StagRepMix-force,dataset3_2400_3462,HTS-EC-safe-StagRepMix-force,0.2,0,11,0,[],0,[],tree,d1_n1,16.0,,,3,"[6, 13, 14]",,0,3
HTS-EC-safe-StagRepMix-force,dataset3_2400_3462,HTS-EC-safe-StagRepMix-force,0.2,0,12,0,[],0,[],tree,d2_n2,10.0,,,2,"[6, 13]",,0,3
HTS-EC-safe-StagRepMix-force,dataset3_2400_3462,HTS-EC-safe-StagRepMix-force,0.2,0,13,0,[],0,[],tree,d3_n3,4.0,,,1,[6],,0,3
HTS-EC-safe-StagRepMix-force,dataset3_2400_3462,HTS-EC-safe-StagRepMix-force,0.2,0,14,0,[],0,[],tree,d3_n16,12.0,,,1,[13],,0,3
HTS-EC-safe-StagRepMix-force,dataset3_2400_3462,HTS-EC-safe-StagRepMix-force,0.2,0,15,0,[],0,[],tree,d4_n17,9.0,,,0,[],,0,3
HTS-EC-safe-StagRepMix-force,dataset3_2400_3462,HTS-EC-safe-StagRepMix-force,0.2,0,16,0,[],0,[],tree,d5_n18,8.0,,,0,[],,0,3
HTS-EC-safe-StagRepMix-force,dataset3_2400_3462,HTS-EC-safe-StagRepMix-force,0.2,0,17,0,[],0,[],,,,,,0,[],,0,3
HTS-EC-safe-StagRepMix-force,dataset3_2400_3462,HTS-EC-safe-StagRepMix-force,0.2,0,17,0,[],0,[],tree,d4_n24,13.0,,,1,[13],,0,3
HTS-EC-safe-StagRepMix-force,dataset3_2400_3462,HTS-EC-safe-StagRepMix-force,0.2,0,18,0,[],0,[],,,,,,0,[],,0,3
HTS-EC-safe-StagRepMix-force,dataset3_2400_3462,HTS-EC-safe-StagRepMix-force,0.2,0,18,0,[],0,[],,,,,,0,[],,0,3
HTS-EC-safe-StagRepMix-force,dataset3_2400_3462,HTS-EC-safe-StagRepMix-force,0.2,0,18,0,[],0,[],,,,,,0,[],,0,3
HTS-EC-safe-StagRepMix-force,dataset3_2400_3462,HTS-EC-safe-StagRepMix-force,0.2,0,18,0,[],0,[],,,,,,0,[],,0,3
HTS-EC-safe-StagRepMix-force,dataset3_2400_3462,HTS-EC-safe-StagRepMix-force,0.2,0,18,0,[],0,[],tree,d3_n134,67.0,,,0,[],,0,3
HTS-EC-safe-StagRepMix-force,dataset3_2400_3462,HTS-EC-safe-StagRepMix-force,0.2,0,19,0,[],0,[],tree,d3_n3,6.0,,,1,[6],,0,3
HTS-EC-safe-StagRepMix-force,dataset3_2400_3462,HTS-EC-safe-StagRepMix-force,0.2,0,20,0,[],0,[],tree,d4_n11,5.0,,,0,[],,0,3
HTS-EC-safe-StagRepMix-force,dataset3_2400_3462,HTS-EC-safe-StagRepMix-force,0.2,1,0,0,[],0,[],tree,d0_n0,11.0,,,12,"[6, 7, 13, 14, 36, 43, 56, 57, 77, 82, 85, 91]",,0,3
HTS-EC-safe-StagRepMix-force,dataset3_2400_3462,HTS-EC-safe-StagRepMix-force,0.2,1,1,0,[],0,[],tree,d0_n0,16.0,,,12,"[6, 7, 13, 14, 36, 43, 56, 57, 77, 82, 85, 91]",,0,3
HTS-EC-safe-StagRepMix-force,dataset3_2400_3462,HTS-EC-safe-StagRepMix-force,0.2,1,2,0,[],0,[],tree,d0_n0,7.0,,,12,"[6, 7, 13, 14, 36, 43, 56, 57, 77, 82, 85, 91]",,0,3
HTS-EC-safe-StagRepMix-force,dataset3_2400_3462,HTS-EC-safe-StagRepMix-force,0.2,1,3,0,[],0,[],tree,d0_n0,77.0,,,11,"[6, 13, 14, 36, 43, 56, 57, 77, 82, 85, 91]",,0,3
HTS-EC-safe-StagRepMix-force,dataset3_2400_3462,HTS-EC-safe-StagRepMix-force,0.2,1,4,0,[],0,[],tree,d1_n158,99.0,,,3,"[82, 85, 91]",,0,3
HTS-EC-safe-StagRepMix-force,dataset3_2400_3462,HTS-EC-safe-StagRepMix-force,0.2,1,5,0,[],0,[],tree,d1_n54,27.0,,,2,"[36, 43]",,0,3
HTS-EC-safe-StagRepMix-force,dataset3_2400_3462,HTS-EC-safe-StagRepMix-force,0.2,1,6,0,[],0,[],tree,d1_n107,66.0,,,2,"[56, 57]",,0,3
HTS-EC-safe-StagRepMix-force,dataset3_2400_3462,HTS-EC-safe-StagRepMix-force,0.2,1,7,0,[],0,[],tree,d2_n133,76.0,,,0,[],,0,3
HTS-EC-safe-StagRepMix-force,dataset3_2400_3462,HTS-EC-safe-StagRepMix-force,0.2,1,8,0,[],0,[],tree,d3_n145,79.0,,,0,[],,0,3
HTS-EC-safe-StagRepMix-force,dataset3_2400_3462,HTS-EC-safe-StagRepMix-force,0.2,1,9,0,[],0,[],tree,d4_n153,78.0,,,0,[],,0,3
HTS-EC-safe-StagRepMix-force,dataset3_2400_3462,HTS-EC-safe-StagRepMix-force,0.2,1,10,0,[],0,[],,,,,,0,[],,0,3
HTS-EC-safe-StagRepMix-force,dataset3_2400_3462,HTS-EC-safe-StagRepMix-force,0.2,1,10,0,[],0,[],,,,,,0,[],,0,3
HTS-EC-safe-StagRepMix-force,dataset3_2400_3462,HTS-EC-safe-StagRepMix-force,0.2,1,10,0,[],0,[],tree,d4_n146,75.0,,,0,[],,0,3
HTS-EC-safe-StagRepMix-force,dataset3_2400_3462,HTS-EC-safe-StagRepMix-force,0.2,1,11,0,[],0,[],,,,,,0,[],,0,3
HTS-EC-safe-StagRepMix-force,dataset3_2400_3462,HTS-EC-safe-StagRepMix-force,0.2,1,11,0,[],0,[],tree,d5_n147,73.0,,,0,[],,0,3
HTS-EC-safe-StagRepMix-force,dataset3_2400_3462,HTS-EC-safe-StagRepMix-force,0.2,1,12,0,[],0,[],tree,d3_n134,67.0,,,0,[],,0,3
HTS-EC-safe-StagRepMix-force,dataset3_2400_3462,HTS-EC-safe-StagRepMix-force,0.2,1,13,0,[],0,[],tree,d1_n158,104.0,,,3,"[82, 85, 91]",,0,3
HTS-EC-safe-StagRepMix-force,dataset3_2400_3462,HTS-EC-safe-StagRepMix-force,0.2,1,14,0,[],0,[],tree,d2_n108,62.0,,,2,"[56, 57]",,0,3
HTS-EC-safe-StagRepMix-force,dataset3_2400_3462,HTS-EC-safe-StagRepMix-force,0.2,1,15,0,[],0,[],tree,d1_n54,40.0,,,2,"[36, 43]",,0,3
HTS-EC-safe-StagRepMix-force,dataset3_2400_3462,HTS-EC-safe-StagRepMix-force,0.2,1,16,0,[],0,[],tree,d1_n1,10.0,,,3,"[6, 13, 14]",,0,3
HTS-EC-safe-StagRepMix-force,dataset3_2400_3462,HTS-EC-safe-StagRepMix-force,0.2,1,17,0,[],0,[],tree,d2_n2,4.0,,,2,"[6, 13]",,0,3
HTS-EC-safe-StagRepMix-force,dataset3_2400_3462,HTS-EC-safe-StagRepMix-force,0.2,1,18,0,[],0,[],tree,d3_n16,12.0,,,1,[13],,0,3
HTS-EC-safe-StagRepMix-force,dataset3_2400_3462,HTS-EC-safe-StagRepMix-force,0.2,1,19,0,[],0,[],tree,d4_n17,8.0,,,0,[],,0,3
HTS-EC-safe-StagRepMix-force,dataset3_2400_3462,HTS-EC-safe-StagRepMix-force,0.2,1,20,0,[],0,[],tree,d5_n21,9.0,,,0,[],,0,3
HTS-EC-safe-StagRepMix-force,dataset3_2400_3462,HTS-EC-safe-StagRepMix-force,0.2,2,0,0,[],0,[],tree,d0_n0,11.0,,,12,"[6, 7, 13, 14, 36, 43, 56, 57, 77, 82, 85, 91]",,0,3
HTS-EC-safe-StagRepMix-force,dataset3_2400_3462,HTS-EC-safe-StagRepMix-force,0.2,2,1,0,[],0,[],tree,d0_n0,16.0,,,12,"[6, 7, 13, 14, 36, 43, 56, 57, 77, 82, 85, 91]",,0,3
HTS-EC-safe-StagRepMix-force,dataset3_2400_3462,HTS-EC-safe-StagRepMix-force,0.2,2,2,0,[],0,[],tree,d0_n0,7.0,,,12,"[6, 7, 13, 14, 36, 43, 56, 57, 77, 82, 85, 91]",,0,3
HTS-EC-safe-StagRepMix-force,dataset3_2400_3462,HTS-EC-safe-StagRepMix-force,0.2,2,3,0,[],0,[],tree,d0_n0,66.0,,,11,"[6, 13, 14, 36, 43, 56, 57, 77, 82, 85, 91]",,0,3
HTS-EC-safe-StagRepMix-force,dataset3_2400_3462,HTS-EC-safe-StagRepMix-force,0.2,2,4,0,[],0,[],tree,d0_n0,77.0,,,11,"[6, 13, 14, 36, 43, 56, 57, 77, 82, 85, 91]",,0,3
HTS-EC-safe-StagRepMix-force,dataset3_2400_3462,HTS-EC-safe-StagRepMix-force,0.2,2,5,0,[],0,[],tree,d0_n0,10.0,,,10,"[6, 13, 14, 36, 43, 56, 57, 82, 85, 91]",,0,3
HTS-EC-safe-StagRepMix-force,dataset3_2400_3462,HTS-EC-safe-StagRepMix-force,0.2,2,6,0,[],0,[],tree,d0_n0,76.0,,,10,"[6, 13, 14, 36, 43, 56, 57, 82, 85, 91]",,0,3
HTS-EC-safe-StagRepMix-force,dataset3_2400_3462,HTS-EC-safe-StagRepMix-force,0.2,2,7,0,[],0,[],tree,d0_n0,27.0,,,10,"[6, 13, 14, 36, 43, 56, 57, 82, 85, 91]",,0,3
HTS-EC-safe-StagRepMix-force,dataset3_2400_3462,HTS-EC-safe-StagRepMix-force,0.2,2,8,0,[],0,[],tree,d0_n0,62.0,,,10,"[6, 13, 14, 36, 43, 56, 57, 82, 85, 91]",,0,3
HTS-EC-safe-StagRepMix-force,dataset3_2400_3462,HTS-EC-safe-StagRepMix-force,0.2,2,9,0,[],0,[],tree,d0_n0,65.0,,,10,"[6, 13, 14, 36, 43, 56, 57, 82, 85, 91]",,0,3
HTS-EC-safe-StagRepMix-force,dataset3_2400_3462,HTS-EC-safe-StagRepMix-force,0.2,2,10,0,[],0,[],tree,d0_n0,99.0,,,10,"[6, 13, 14, 36, 43, 56, 57, 82, 85, 91]",,0,3
HTS-EC-safe-StagRepMix-force,dataset3_2400_3462,HTS-EC-safe-StagRepMix-force,0.2,2,11,0,[],0,[],tree,d0_n0,104.0,,,10,"[6, 13, 14, 36, 43, 56, 57, 82, 85, 91]",,0,3
HTS-EC-safe-StagRepMix-force,dataset3_2400_3462,HTS-EC-safe-StagRepMix-force,0.2,2,12,0,[],0,[],tree,d0_n0,78.0,,,10,"[6, 13, 14, 36, 43, 56, 57, 82, 85, 91]",,0,3
HTS-EC-safe-StagRepMix-force,dataset3_2400_3462,HTS-EC-safe-StagRepMix-force,0.2,2,13,0,[],0,[],tree,d0_n0,40.0,,,10,"[6, 13, 14, 36, 43, 56, 57, 82, 85, 91]",,0,3
HTS-EC-safe-StagRepMix-force,dataset3_2400_3462,HTS-EC-safe-StagRepMix-force,0.2,2,14,0,[],0,[],tree,d0_n0,79.0,,,10,"[6, 13, 14, 36, 43, 56, 57, 82, 85, 91]",,0,3
HTS-EC-safe-StagRepMix-force,dataset3_2400_3462,HTS-EC-safe-StagRepMix-force,0.2,2,15,0,[],0,[],tree,d0_n0,36.0,,,10,"[6, 13, 14, 36, 43, 56, 57, 82, 85, 91]",,0,3
HTS-EC-safe-StagRepMix-force,dataset3_2400_3462,HTS-EC-safe-StagRepMix-force,0.2,2,16,0,[],0,[],tree,d0_n0,4.0,,,9,"[6, 13, 14, 43, 56, 57, 82, 85, 91]",,0,3
HTS-EC-safe-StagRepMix-force,dataset3_2400_3462,HTS-EC-safe-StagRepMix-force,0.2,2,17,0,[],0,[],tree,d0_n0,81.0,,,9,"[6, 13, 14, 43, 56, 57, 82, 85, 91]",,0,3
HTS-EC-safe-StagRepMix-force,dataset3_2400_3462,HTS-EC-safe-StagRepMix-force,0.2,2,18,0,[],0,[],tree,d0_n0,93.0,,,9,"[6, 13, 14, 43, 56, 57, 82, 85, 91]",,0,3
HTS-EC-safe-StagRepMix-force,dataset3_2400_3462,HTS-EC-safe-StagRepMix-force,0.2,2,19,0,[],0,[],tree,d0_n0,28.0,,,9,"[6, 13, 14, 43, 56, 57, 82, 85, 91]",,0,3
HTS-EC-safe-StagRepMix-force,dataset3_2400_3462,HTS-EC-safe-StagRepMix-force,0.2,2,20,0,[],0,[],tree,d0_n0,31.0,,,9,"[6, 13, 14, 43, 56, 57, 82, 85, 91]",,0,3
HTS-EC-safe-StagRepMix-force,dataset3_2400_3462,HTS-EC-safe-StagRepMix-force,0.3,0,0,0,[],0,[],tree,d0_n0,11.0,,,12,"[6, 7, 13, 14, 36, 43, 56, 57, 77, 82, 85, 91]",,0,4
HTS-EC-safe-StagRepMix-force,dataset3_2400_3462,HTS-EC-safe-StagRepMix-force,0.3,0,1,0,[],0,[],tree,d0_n0,7.0,,,12,"[6, 7, 13, 14, 36, 43, 56, 57, 77, 82, 85, 91]",,0,4
HTS-EC-safe-StagRepMix-force,dataset3_2400_3462,HTS-EC-safe-StagRepMix-force,0.3,0,2,0,[],0,[],tree,d1_n107,77.0,,,3,"[56, 57, 77]",,0,4
HTS-EC-safe-StagRepMix-force,dataset3_2400_3462,HTS-EC-safe-StagRepMix-force,0.3,0,3,0,[],0,[],tree,d1_n158,104.0,,,3,"[82, 85, 91]",,0,4
HTS-EC-safe-StagRepMix-force,dataset3_2400_3462,HTS-EC-safe-StagRepMix-force,0.3,0,4,0,[],0,[],tree,d1_n54,27.0,,,2,"[36, 43]",,0,4
HTS-EC-safe-StagRepMix-force,dataset3_2400_3462,HTS-EC-safe-StagRepMix-force,0.3,0,5,0,[],0,[],tree,d1_n107,66.0,,,2,"[56, 57]",,0,4
HTS-EC-safe-StagRepMix-force,dataset3_2400_3462,HTS-EC-safe-StagRepMix-force,0.3,0,6,0,[],0,[],tree,d2_n133,76.0,,,0,[],,0,4
HTS-EC-safe-StagRepMix-force,dataset3_2400_3462,HTS-EC-safe-StagRepMix-force,0.3,0,7,0,[],0,[],tree,d3_n145,78.0,,,0,[],,0,4
HTS-EC-safe-StagRepMix-force,dataset3_2400_3462,HTS-EC-safe-StagRepMix-force,0.3,0,8,0,[],0,[],tree,d4_n153,79.0,,,0,[],,0,4
HTS-EC-safe-StagRepMix-force,dataset3_2400_3462,HTS-EC-safe-StagRepMix-force,0.3,0,9,0,[],0,[],,,,,,0,[],,0,4
HTS-EC-safe-StagRepMix-force,dataset3_2400_3462,HTS-EC-safe-StagRepMix-force,0.3,0,9,0,[],0,[],,,,,,0,[],,0,4
HTS-EC-safe-StagRepMix-force,dataset3_2400_3462,HTS-EC-safe-StagRepMix-force,0.3,0,9,0,[],0,[],tree,d4_n146,75.0,,,0,[],,0,4
HTS-EC-safe-StagRepMix-force,dataset3_2400_3462,HTS-EC-safe-StagRepMix-force,0.3,0,10,0,[],0,[],,,,,,0,[],,0,4
HTS-EC-safe-StagRepMix-force,dataset3_2400_3462,HTS-EC-safe-StagRepMix-force,0.3,0,10,0,[],0,[],tree,d5_n147,73.0,,,0,[],,0,4
HTS-EC-safe-StagRepMix-force,dataset3_2400_3462,HTS-EC-safe-StagRepMix-force,0.3,0,11,0,[],0,[],tree,d1_n1,16.0,,,3,"[6, 13, 14]",,0,4
HTS-EC-safe-StagRepMix-force,dataset3_2400_3462,HTS-EC-safe-StagRepMix-force,0.3,0,12,0,[],0,[],tree,d2_n2,10.0,,,2,"[6, 13]",,0,4
HTS-EC-safe-StagRepMix-force,dataset3_2400_3462,HTS-EC-safe-StagRepMix-force,0.3,0,13,0,[],0,[],tree,d3_n3,4.0,,,1,[6],,0,4
HTS-EC-safe-StagRepMix-force,dataset3_2400_3462,HTS-EC-safe-StagRepMix-force,0.3,0,14,0,[],0,[],tree,d3_n16,12.0,,,1,[13],,0,4
HTS-EC-safe-StagRepMix-force,dataset3_2400_3462,HTS-EC-safe-StagRepMix-force,0.3,0,15,0,[],0,[],tree,d4_n17,9.0,,,0,[],,0,4
HTS-EC-safe-StagRepMix-force,dataset3_2400_3462,HTS-EC-safe-StagRepMix-force,0.3,0,16,0,[],0,[],tree,d5_n18,8.0,,,0,[],,0,4
HTS-EC-safe-StagRepMix-force,dataset3_2400_3462,HTS-EC-safe-StagRepMix-force,0.3,0,17,0,[],0,[],,,,,,0,[],,0,4
HTS-EC-safe-StagRepMix-force,dataset3_2400_3462,HTS-EC-safe-StagRepMix-force,0.3,0,17,0,[],0,[],tree,d4_n24,13.0,,,1,[13],,0,4
HTS-EC-safe-StagRepMix-force,dataset3_2400_3462,HTS-EC-safe-StagRepMix-force,0.3,0,18,0,[],0,[],,,,,,0,[],,0,4
HTS-EC-safe-StagRepMix-force,dataset3_2400_3462,HTS-EC-safe-StagRepMix-force,0.3,0,18,0,[],0,[],,,,,,0,[],,0,4
HTS-EC-safe-StagRepMix-force,dataset3_2400_3462,HTS-EC-safe-StagRepMix-force,0.3,0,18,0,[],0,[],,,,,,0,[],,0,4
HTS-EC-safe-StagRepMix-force,dataset3_2400_3462,HTS-EC-safe-StagRepMix-force,0.3,0,18,0,[],0,[],,,,,,0,[],,0,4
HTS-EC-safe-StagRepMix-force,dataset3_2400_3462,HTS-EC-safe-StagRepMix-force,0.3,0,18,0,[],0,[],tree,d3_n134,67.0,,,0,[],,0,4
HTS-EC-safe-StagRepMix-force,dataset3_2400_3462,HTS-EC-safe-StagRepMix-force,0.3,0,19,0,[],0,[],tree,d3_n3,6.0,,,1,[6],,0,4
HTS-EC-safe-StagRepMix-force,dataset3_2400_3462,HTS-EC-safe-StagRepMix-force,0.3,0,20,0,[],0,[],tree,d4_n11,5.0,,,0,[],,0,4
HTS-EC-safe-StagRepMix-force,dataset3_2400_3462,HTS-EC-safe-StagRepMix-force,0.3,0,21,0,[],0,[],,,,,,0,[],,0,4
HTS-EC-safe-StagRepMix-force,dataset3_2400_3462,HTS-EC-safe-StagRepMix-force,0.3,0,21,0,[],0,[],tree,d4_n4,2.0,,,0,[],,0,4
HTS-EC-safe-StagRepMix-force,dataset3_2400_3462,HTS-EC-safe-StagRepMix-force,0.3,0,22,0,[],0,[],,,,,,0,[],,0,4
HTS-EC-safe-StagRepMix-force,dataset3_2400_3462,HTS-EC-safe-StagRepMix-force,0.3,0,22,0,[],0,[],tree,d2_n29,17.0,,,1,[14],,0,4
HTS-EC-safe-StagRepMix-force,dataset3_2400_3462,HTS-EC-safe-StagRepMix-force,0.3,0,23,0,[],0,[],tree,d1_n158,99.0,,,3,"[82, 85, 91]",,0,4
HTS-EC-safe-StagRepMix-force,dataset3_2400_3462,HTS-EC-safe-StagRepMix-force,0.3,0,24,0,[],0,[],tree,d2_n108,62.0,,,2,"[56, 57]",,0,4
HTS-EC-safe-StagRepMix-force,dataset3_2400_3462,HTS-EC-safe-StagRepMix-force,0.3,0,25,0,[],0,[],tree,d1_n54,40.0,,,2,"[36, 43]",,0,4
HTS-EC-safe-StagRepMix-force,dataset3_2400_3462,HTS-EC-safe-StagRepMix-force,0.3,0,26,0,[],0,[],tree,d5_n147,74.0,,,0,[],,0,4
HTS-EC-safe-StagRepMix-force,dataset3_2400_3462,HTS-EC-safe-StagRepMix-force,0.3,0,27,0,[],0,[],tree,d4_n4,3.0,,,0,[],,0,4
HTS-EC-safe-StagRepMix-force,dataset3_2400_3462,HTS-EC-safe-StagRepMix-force,0.3,0,28,0,[],0,[],tree,d2_n29,19.0,,,1,[14],,0,4
HTS-EC-safe-StagRepMix-force,dataset3_2400_3462,HTS-EC-safe-StagRepMix-force,0.3,0,29,0,[],0,[],tree,d1_n158,81.0,,,3,"[82, 85, 91]",,0,4
HTS-EC-safe-StagRepMix-force,dataset3_2400_3462,HTS-EC-safe-StagRepMix-force,0.3,0,30,0,[],0,[],tree,d2_n108,65.0,,,2,"[56, 57]",,0,4
HTS-EC-safe-StagRepMix-force,dataset3_2400_3462,HTS-EC-safe-StagRepMix-force,0.3,0,31,0,[],0,[],tree,d1_n54,31.0,,,2,"[36, 43]",,0,4
HTS-EC-safe-StagRepMix-force,dataset3_2400_3462,HTS-EC-safe-StagRepMix-force,0.3,1,0,0,[],0,[],tree,d0_n0,11.0,,,12,"[6, 7, 13, 14, 36, 43, 56, 57, 77, 82, 85, 91]",,0,4
HTS-EC-safe-StagRepMix-force,dataset3_2400_3462,HTS-EC-safe-StagRepMix-force,0.3,1,1,0,[],0,[],tree,d0_n0,16.0,,,12,"[6, 7, 13, 14, 36, 43, 56, 57, 77, 82, 85, 91]",,0,4
HTS-EC-safe-StagRepMix-force,dataset3_2400_3462,HTS-EC-safe-StagRepMix-force,0.3,1,2,0,[],0,[],tree,d0_n0,7.0,,,12,"[6, 7, 13, 14, 36, 43, 56, 57, 77, 82, 85, 91]",,0,4
HTS-EC-safe-StagRepMix-force,dataset3_2400_3462,HTS-EC-safe-StagRepMix-force,0.3,1,3,0,[],0,[],tree,d0_n0,77.0,,,11,"[6, 13, 14, 36, 43, 56, 57, 77, 82, 85, 91]",,0,4
HTS-EC-safe-StagRepMix-force,dataset3_2400_3462,HTS-EC-safe-StagRepMix-force,0.3,1,4,0,[],0,[],tree,d1_n158,99.0,,,3,"[82, 85, 91]",,0,4
HTS-EC-safe-StagRepMix-force,dataset3_2400_3462,HTS-EC-safe-StagRepMix-force,0.3,1,5,0,[],0,[],tree,d1_n54,27.0,,,2,"[36, 43]",,0,4
HTS-EC-safe-StagRepMix-force,dataset3_2400_3462,HTS-EC-safe-StagRepMix-force,0.3,1,6,0,[],0,[],tree,d1_n107,66.0,,,2,"[56, 57]",,0,4
HTS-EC-safe-StagRepMix-force,dataset3_2400_3462,HTS-EC-safe-StagRepMix-force,0.3,1,7,0,[],0,[],tree,d2_n133,76.0,,,0,[],,0,4
HTS-EC-safe-StagRepMix-force,dataset3_2400_3462,HTS-EC-safe-StagRepMix-force,0.3,1,8,0,[],0,[],tree,d3_n145,79.0,,,0,[],,0,4
HTS-EC-safe-StagRepMix-force,dataset3_2400_3462,HTS-EC-safe-StagRepMix-force,0.3,1,9,0,[],0,[],tree,d4_n153,78.0,,,0,[],,0,4
HTS-EC-safe-StagRepMix-force,dataset3_2400_3462,HTS-EC-safe-StagRepMix-force,0.3,1,10,0,[],0,[],,,,,,0,[],,0,4
HTS-EC-safe-StagRepMix-force,dataset3_2400_3462,HTS-EC-safe-StagRepMix-force,0.3,1,10,0,[],0,[],,,,,,0,[],,0,4
HTS-EC-safe-StagRepMix-force,dataset3_2400_3462,HTS-EC-safe-StagRepMix-force,0.3,1,10,0,[],0,[],tree,d4_n146,75.0,,,0,[],,0,4
HTS-EC-safe-StagRepMix-force,dataset3_2400_3462,HTS-EC-safe-StagRepMix-force,0.3,1,11,0,[],0,[],,,,,,0,[],,0,4
HTS-EC-safe-StagRepMix-force,dataset3_2400_3462,HTS-EC-safe-StagRepMix-force,0.3,1,11,0,[],0,[],tree,d5_n147,73.0,,,0,[],,0,4
HTS-EC-safe-StagRepMix-force,dataset3_2400_3462,HTS-EC-safe-StagRepMix-force,0.3,1,12,0,[],0,[],tree,d3_n134,67.0,,,0,[],,0,4
HTS-EC-safe-StagRepMix-force,dataset3_2400_3462,HTS-EC-safe-StagRepMix-force,0.3,1,13,0,[],0,[],tree,d1_n158,104.0,,,3,"[82, 85, 91]",,0,4
HTS-EC-safe-StagRepMix-force,dataset3_2400_3462,HTS-EC-safe-StagRepMix-force,0.3,1,14,0,[],0,[],tree,d2_n108,62.0,,,2,"[56, 57]",,0,4
HTS-EC-safe-StagRepMix-force,dataset3_2400_3462,HTS-EC-safe-StagRepMix-force,0.3,1,15,0,[],0,[],tree,d1_n54,40.0,,,2,"[36, 43]",,0,4
HTS-EC-safe-StagRepMix-force,dataset3_2400_3462,HTS-EC-safe-StagRepMix-force,0.3,1,16,0,[],0,[],tree,d1_n1,10.0,,,3,"[6, 13, 14]",,0,4
HTS-EC-safe-StagRepMix-force,dataset3_2400_3462,HTS-EC-safe-StagRepMix-force,0.3,1,17,0,[],0,[],tree,d2_n2,4.0,,,2,"[6, 13]",,0,4
HTS-EC-safe-StagRepMix-force,dataset3_2400_3462,HTS-EC-safe-StagRepMix-force,0.3,1,18,0,[],0,[],tree,d3_n16,12.0,,,1,[13],,0,4
HTS-EC-safe-StagRepMix-force,dataset3_2400_3462,HTS-EC-safe-StagRepMix-force,0.3,1,19,0,[],0,[],tree,d4_n17,8.0,,,0,[],,0,4
HTS-EC-safe-StagRepMix-force,dataset3_2400_3462,HTS-EC-safe-StagRepMix-force,0.3,1,20,0,[],0,[],tree,d5_n21,9.0,,,0,[],,0,4
HTS-EC-safe-StagRepMix-force,dataset3_2400_3462,HTS-EC-safe-StagRepMix-force,0.3,1,21,0,[],0,[],,,,,,0,[],,0,4
HTS-EC-safe-StagRepMix-force,dataset3_2400_3462,HTS-EC-safe-StagRepMix-force,0.3,1,21,0,[],0,[],,,,,,0,[],,0,4
HTS-EC-safe-StagRepMix-force,dataset3_2400_3462,HTS-EC-safe-StagRepMix-force,0.3,1,21,0,[],0,[],tree,d4_n24,13.0,,,1,[13],,0,4
HTS-EC-safe-StagRepMix-force,dataset3_2400_3462,HTS-EC-safe-StagRepMix-force,0.3,1,22,0,[],0,[],,,,,,0,[],,0,4
HTS-EC-safe-StagRepMix-force,dataset3_2400_3462,HTS-EC-safe-StagRepMix-force,0.3,1,22,0,[],0,[],,,,,,0,[],,0,4
HTS-EC-safe-StagRepMix-force,dataset3_2400_3462,HTS-EC-safe-StagRepMix-force,0.3,1,22,0,[],0,[],,,,,,0,[],,0,4
HTS-EC-safe-StagRepMix-force,dataset3_2400_3462,HTS-EC-safe-StagRepMix-force,0.3,1,22,0,[],0,[],tree,d3_n3,6.0,,,1,[6],,0,4
HTS-EC-safe-StagRepMix-force,dataset3_2400_3462,HTS-EC-safe-StagRepMix-force,0.3,1,23,0,[],0,[],tree,d4_n11,5.0,,,0,[],,0,4
HTS-EC-safe-StagRepMix-force,dataset3_2400_3462,HTS-EC-safe-StagRepMix-force,0.3,1,24,0,[],0,[],,,,,,0,[],,0,4
HTS-EC-safe-StagRepMix-force,dataset3_2400_3462,HTS-EC-safe-StagRepMix-force,0.3,1,24,0,[],0,[],tree,d4_n4,2.0,,,0,[],,0,4
HTS-EC-safe-StagRepMix-force,dataset3_2400_3462,HTS-EC-safe-StagRepMix-force,0.3,1,25,0,[],0,[],,,,,,0,[],,0,4
HTS-EC-safe-StagRepMix-force,dataset3_2400_3462,HTS-EC-safe-StagRepMix-force,0.3,1,25,0,[],0,[],tree,d2_n29,17.0,,,1,[14],,0,4
HTS-EC-safe-StagRepMix-force,dataset3_2400_3462,HTS-EC-safe-StagRepMix-force,0.3,1,26,0,[],0,[],tree,d5_n147,74.0,,,0,[],,0,4
HTS-EC-safe-StagRepMix-force,dataset3_2400_3462,HTS-EC-safe-StagRepMix-force,0.3,1,27,0,[],0,[],tree,d4_n4,1.0,,,0,[],,0,4
HTS-EC-safe-StagRepMix-force,dataset3_2400_3462,HTS-EC-safe-StagRepMix-force,0.3,1,28,0,[],0,[],tree,d2_n29,19.0,,,1,[14],,0,4
HTS-EC-safe-StagRepMix-force,dataset3_2400_3462,HTS-EC-safe-StagRepMix-force,0.3,1,29,0,[],0,[],tree,d1_n158,81.0,,,3,"[82, 85, 91]",,0,4
HTS-EC-safe-StagRepMix-force,dataset3_2400_3462,HTS-EC-safe-StagRepMix-force,0.3,1,30,0,[],0,[],tree,d2_n108,65.0,,,2,"[56, 57]",,0,4
HTS-EC-safe-StagRepMix-force,dataset3_2400_3462,HTS-EC-safe-StagRepMix-force,0.3,1,31,0,[],0,[],tree,d1_n54,36.0,,,2,"[36, 43]",,0,4
HTS-EC-safe-StagRepMix-force,dataset3_2400_3462,HTS-EC-safe-StagRepMix-force,0.3,2,0,0,[],0,[],tree,d0_n0,11.0,,,12,"[6, 7, 13, 14, 36, 43, 56, 57, 77, 82, 85, 91]",,0,4
HTS-EC-safe-StagRepMix-force,dataset3_2400_3462,HTS-EC-safe-StagRepMix-force,0.3,2,1,0,[],0,[],tree,d0_n0,16.0,,,12,"[6, 7, 13, 14, 36, 43, 56, 57, 77, 82, 85, 91]",,0,4
HTS-EC-safe-StagRepMix-force,dataset3_2400_3462,HTS-EC-safe-StagRepMix-force,0.3,2,2,0,[],0,[],tree,d0_n0,7.0,,,12,"[6, 7, 13, 14, 36, 43, 56, 57, 77, 82, 85, 91]",,0,4
HTS-EC-safe-StagRepMix-force,dataset3_2400_3462,HTS-EC-safe-StagRepMix-force,0.3,2,3,0,[],0,[],tree,d0_n0,66.0,,,11,"[6, 13, 14, 36, 43, 56, 57, 77, 82, 85, 91]",,0,4
HTS-EC-safe-StagRepMix-force,dataset3_2400_3462,HTS-EC-safe-StagRepMix-force,0.3,2,4,0,[],0,[],tree,d0_n0,77.0,,,11,"[6, 13, 14, 36, 43, 56, 57, 77, 82, 85, 91]",,0,4
HTS-EC-safe-StagRepMix-force,dataset3_2400_3462,HTS-EC-safe-StagRepMix-force,0.3,2,5,0,[],0,[],tree,d0_n0,10.0,,,10,"[6, 13, 14, 36, 43, 56, 57, 82, 85, 91]",,0,4
HTS-EC-safe-StagRepMix-force,dataset3_2400_3462,HTS-EC-safe-StagRepMix-force,0.3,2,6,0,[],0,[],tree,d0_n0,76.0,,,10,"[6, 13, 14, 36, 43, 56, 57, 82, 85, 91]",,0,4
HTS-EC-safe-StagRepMix-force,dataset3_2400_3462,HTS-EC-safe-StagRepMix-force,0.3,2,7,0,[],0,[],tree,d0_n0,27.0,,,10,"[6, 13, 14, 36, 43, 56, 57, 82, 85, 91]",,0,4
HTS-EC-safe-StagRepMix-force,dataset3_2400_3462,HTS-EC-safe-StagRepMix-force,0.3,2,8,0,[],0,[],tree,d0_n0,62.0,,,10,"[6, 13, 14, 36, 43, 56, 57, 82, 85, 91]",,0,4
HTS-EC-safe-StagRepMix-force,dataset3_2400_3462,HTS-EC-safe-StagRepMix-force,0.3,2,9,0,[],0,[],tree,d0_n0,65.0,,,10,"[6, 13, 14, 36, 43, 56, 57, 82, 85, 91]",,0,4
HTS-EC-safe-StagRepMix-force,dataset3_2400_3462,HTS-EC-safe-StagRepMix-force,0.3,2,10,0,[],0,[],tree,d0_n0,99.0,,,10,"[6, 13, 14, 36, 43, 56, 57, 82, 85, 91]",,0,4
HTS-EC-safe-StagRepMix-force,dataset3_2400_3462,HTS-EC-safe-StagRepMix-force,0.3,2,11,0,[],0,[],tree,d0_n0,104.0,,,10,"[6, 13, 14, 36, 43, 56, 57, 82, 85, 91]",,0,4
HTS-EC-safe-StagRepMix-force,dataset3_2400_3462,HTS-EC-safe-StagRepMix-force,0.3,2,12,0,[],0,[],tree,d0_n0,78.0,,,10,"[6, 13, 14, 36, 43, 56, 57, 82, 85, 91]",,0,4
HTS-EC-safe-StagRepMix-force,dataset3_2400_3462,HTS-EC-safe-StagRepMix-force,0.3,2,13,0,[],0,[],tree,d0_n0,40.0,,,10,"[6, 13, 14, 36, 43, 56, 57, 82, 85, 91]",,0,4
HTS-EC-safe-StagRepMix-force,dataset3_2400_3462,HTS-EC-safe-StagRepMix-force,0.3,2,14,0,[],0,[],tree,d0_n0,79.0,,,10,"[6, 13, 14, 36, 43, 56, 57, 82, 85, 91]",,0,4
HTS-EC-safe-StagRepMix-force,dataset3_2400_3462,HTS-EC-safe-StagRepMix-force,0.3,2,15,0,[],0,[],tree,d0_n0,36.0,,,10,"[6, 13, 14, 36, 43, 56, 57, 82, 85, 91]",,0,4
HTS-EC-safe-StagRepMix-force,dataset3_2400_3462,HTS-EC-safe-StagRepMix-force,0.3,2,16,0,[],0,[],tree,d0_n0,4.0,,,9,"[6, 13, 14, 43, 56, 57, 82, 85, 91]",,0,4
HTS-EC-safe-StagRepMix-force,dataset3_2400_3462,HTS-EC-safe-StagRepMix-force,0.3,2,17,0,[],0,[],tree,d0_n0,81.0,,,9,"[6, 13, 14, 43, 56, 57, 82, 85, 91]",,0,4
HTS-EC-safe-StagRepMix-force,dataset3_2400_3462,HTS-EC-safe-StagRepMix-force,0.3,2,18,0,[],0,[],tree,d0_n0,93.0,,,9,"[6, 13, 14, 43, 56, 57, 82, 85, 91]",,0,4
HTS-EC-safe-StagRepMix-force,dataset3_2400_3462,HTS-EC-safe-StagRepMix-force,0.3,2,19,0,[],0,[],tree,d0_n0,28.0,,,9,"[6, 13, 14, 43, 56, 57, 82, 85, 91]",,0,4
HTS-EC-safe-StagRepMix-force,dataset3_2400_3462,HTS-EC-safe-StagRepMix-force,0.3,2,20,0,[],0,[],tree,d0_n0,31.0,,,9,"[6, 13, 14, 43, 56, 57, 82, 85, 91]",,0,4
HTS-EC-safe-StagRepMix-force,dataset3_2400_3462,HTS-EC-safe-StagRepMix-force,0.3,2,21,0,[],0,[],tree,d0_n0,17.0,,,9,"[6, 13, 14, 43, 56, 57, 82, 85, 91]",,0,4
HTS-EC-safe-StagRepMix-force,dataset3_2400_3462,HTS-EC-safe-StagRepMix-force,0.3,2,22,0,[],0,[],tree,d0_n0,75.0,,,9,"[6, 13, 14, 43, 56, 57, 82, 85, 91]",,0,4
HTS-EC-safe-StagRepMix-force,dataset3_2400_3462,HTS-EC-safe-StagRepMix-force,0.3,2,23,0,[],0,[],tree,d0_n0,12.0,,,9,"[6, 13, 14, 43, 56, 57, 82, 85, 91]",,0,4
HTS-EC-safe-StagRepMix-force,dataset3_2400_3462,HTS-EC-safe-StagRepMix-force,0.3,2,24,0,[],0,[],tree,d0_n0,95.0,,,9,"[6, 13, 14, 43, 56, 57, 82, 85, 91]",,0,4
HTS-EC-safe-StagRepMix-force,dataset3_2400_3462,HTS-EC-safe-StagRepMix-force,0.3,2,25,0,[],0,[],tree,d0_n0,9.0,,,9,"[6, 13, 14, 43, 56, 57, 82, 85, 91]",,0,4
HTS-EC-safe-StagRepMix-force,dataset3_2400_3462,HTS-EC-safe-StagRepMix-force,0.3,2,26,0,[],0,[],tree,d0_n0,80.0,,,9,"[6, 13, 14, 43, 56, 57, 82, 85, 91]",,0,4
HTS-EC-safe-StagRepMix-force,dataset3_2400_3462,HTS-EC-safe-StagRepMix-force,0.3,2,27,0,[],0,[],tree,d0_n0,102.0,,,9,"[6, 13, 14, 43, 56, 57, 82, 85, 91]",,0,4
HTS-EC-safe-StagRepMix-force,dataset3_2400_3462,HTS-EC-safe-StagRepMix-force,0.3,2,28,0,[],0,[],tree,d0_n0,8.0,,,9,"[6, 13, 14, 43, 56, 57, 82, 85, 91]",,0,4
HTS-EC-safe-StagRepMix-force,dataset3_2400_3462,HTS-EC-safe-StagRepMix-force,0.3,2,29,0,[],0,[],tree,d0_n0,19.0,,,9,"[6, 13, 14, 43, 56, 57, 82, 85, 91]",,0,4
HTS-EC-safe-StagRepMix-force,dataset3_2400_3462,HTS-EC-safe-StagRepMix-force,0.3,2,30,0,[],0,[],tree,d0_n0,103.0,,,9,"[6, 13, 14, 43, 56, 57, 82, 85, 91]",,0,4
HTS-EC-safe-StagRepMix-force,dataset3_2400_3462,HTS-EC-safe-StagRepMix-force,0.3,2,31,0,[],0,[],tree,d0_n0,6.0,,,9,"[6, 13, 14, 43, 56, 57, 82, 85, 91]",,0,4
HTS-EC-safe-shadow-stag,dataset3_2400_3462,HTS-EC-safe-shadow-stag,0.1,0,0,0,[],0,[],tree,d0_n0,11.0,,,12,"[6, 7, 13, 14, 36, 43, 56, 57, 77, 82, 85, 91]",,0,1
HTS-EC-safe-shadow-stag,dataset3_2400_3462,HTS-EC-safe-shadow-stag,0.1,0,1,0,[],0,[],tree,d0_n0,7.0,,,12,"[6, 7, 13, 14, 36, 43, 56, 57, 77, 82, 85, 91]",,0,1
HTS-EC-safe-shadow-stag,dataset3_2400_3462,HTS-EC-safe-shadow-stag,0.1,0,2,0,[],0,[],tree,d1_n107,77.0,,,3,"[56, 57, 77]",,0,1
HTS-EC-safe-shadow-stag,dataset3_2400_3462,HTS-EC-safe-shadow-stag,0.1,0,3,0,[],0,[],tree,d1_n158,104.0,,,3,"[82, 85, 91]",,0,1
HTS-EC-safe-shadow-stag,dataset3_2400_3462,HTS-EC-safe-shadow-stag,0.1,0,4,0,[],0,[],tree,d1_n54,27.0,,,2,"[36, 43]",,0,1
HTS-EC-safe-shadow-stag,dataset3_2400_3462,HTS-EC-safe-shadow-stag,0.1,0,5,0,[],0,[],tree,d1_n107,66.0,,,2,"[56, 57]",,0,1
HTS-EC-safe-shadow-stag,dataset3_2400_3462,HTS-EC-safe-shadow-stag,0.1,0,6,0,[],0,[],tree,d2_n133,76.0,,,0,[],,0,1
HTS-EC-safe-shadow-stag,dataset3_2400_3462,HTS-EC-safe-shadow-stag,0.1,0,7,0,[],0,[],tree,d3_n145,78.0,,,0,[],,0,1
HTS-EC-safe-shadow-stag,dataset3_2400_3462,HTS-EC-safe-shadow-stag,0.1,0,8,0,[],0,[],tree,d4_n153,79.0,,,0,[],,0,1
HTS-EC-safe-shadow-stag,dataset3_2400_3462,HTS-EC-safe-shadow-stag,0.1,0,9,0,[],0,[],,,,,,0,[],,0,1
HTS-EC-safe-shadow-stag,dataset3_2400_3462,HTS-EC-safe-shadow-stag,0.1,0,9,0,[],0,[],,,,,,0,[],,0,1
HTS-EC-safe-shadow-stag,dataset3_2400_3462,HTS-EC-safe-shadow-stag,0.1,0,9,0,[],0,[],tree,d4_n146,75.0,,,0,[],,0,1
HTS-EC-safe-shadow-stag,dataset3_2400_3462,HTS-EC-safe-shadow-stag,0.1,0,10,0,[],0,[],,,,,,0,[],,0,1
HTS-EC-safe-shadow-stag,dataset3_2400_3462,HTS-EC-safe-shadow-stag,0.1,0,10,0,[],0,[],tree,d5_n147,73.0,,,0,[],,0,1
HTS-EC-safe-shadow-stag,dataset3_2400_3462,HTS-EC-safe-shadow-stag,0.1,1,0,0,[],0,[],tree,d0_n0,11.0,,,12,"[6, 7, 13, 14, 36, 43, 56, 57, 77, 82, 85, 91]",,0,1
HTS-EC-safe-shadow-stag,dataset3_2400_3462,HTS-EC-safe-shadow-stag,0.1,1,1,0,[],0,[],tree,d0_n0,16.0,,,12,"[6, 7, 13, 14, 36, 43, 56, 57, 77, 82, 85, 91]",,0,1
HTS-EC-safe-shadow-stag,dataset3_2400_3462,HTS-EC-safe-shadow-stag,0.1,1,2,0,[],0,[],tree,d0_n0,7.0,,,12,"[6, 7, 13, 14, 36, 43, 56, 57, 77, 82, 85, 91]",,0,1
HTS-EC-safe-shadow-stag,dataset3_2400_3462,HTS-EC-safe-shadow-stag,0.1,1,3,0,[],0,[],tree,d0_n0,77.0,,,11,"[6, 13, 14, 36, 43, 56, 57, 77, 82, 85, 91]",,0,1
HTS-EC-safe-shadow-stag,dataset3_2400_3462,HTS-EC-safe-shadow-stag,0.1,1,4,0,[],0,[],tree,d1_n158,99.0,,,3,"[82, 85, 91]",,0,1
HTS-EC-safe-shadow-stag,dataset3_2400_3462,HTS-EC-safe-shadow-stag,0.1,1,5,0,[],0,[],tree,d1_n54,27.0,,,2,"[36, 43]",,0,1
HTS-EC-safe-shadow-stag,dataset3_2400_3462,HTS-EC-safe-shadow-stag,0.1,1,6,0,[],0,[],tree,d1_n107,66.0,,,2,"[56, 57]",,0,1
HTS-EC-safe-shadow-stag,dataset3_2400_3462,HTS-EC-safe-shadow-stag,0.1,1,7,0,[],0,[],tree,d2_n133,76.0,,,0,[],,0,1
HTS-EC-safe-shadow-stag,dataset3_2400_3462,HTS-EC-safe-shadow-stag,0.1,1,8,0,[],0,[],tree,d3_n145,79.0,,,0,[],,0,1
HTS-EC-safe-shadow-stag,dataset3_2400_3462,HTS-EC-safe-shadow-stag,0.1,1,9,0,[],0,[],tree,d4_n153,78.0,,,0,[],,0,1
HTS-EC-safe-shadow-stag,dataset3_2400_3462,HTS-EC-safe-shadow-stag,0.1,1,10,0,[],0,[],,,,,,0,[],,0,1
HTS-EC-safe-shadow-stag,dataset3_2400_3462,HTS-EC-safe-shadow-stag,0.1,1,10,0,[],0,[],,,,,,0,[],,0,1
HTS-EC-safe-shadow-stag,dataset3_2400_3462,HTS-EC-safe-shadow-stag,0.1,1,10,0,[],0,[],tree,d4_n146,75.0,,,0,[],,0,1
HTS-EC-safe-shadow-stag,dataset3_2400_3462,HTS-EC-safe-shadow-stag,0.1,2,0,0,[],0,[],tree,d0_n0,11.0,,,12,"[6, 7, 13, 14, 36, 43, 56, 57, 77, 82, 85, 91]",,0,1
HTS-EC-safe-shadow-stag,dataset3_2400_3462,HTS-EC-safe-shadow-stag,0.1,2,1,0,[],0,[],tree,d0_n0,16.0,,,12,"[6, 7, 13, 14, 36, 43, 56, 57, 77, 82, 85, 91]",,0,1
HTS-EC-safe-shadow-stag,dataset3_2400_3462,HTS-EC-safe-shadow-stag,0.1,2,2,0,[],0,[],tree,d0_n0,7.0,,,12,"[6, 7, 13, 14, 36, 43, 56, 57, 77, 82, 85, 91]",,0,1
HTS-EC-safe-shadow-stag,dataset3_2400_3462,HTS-EC-safe-shadow-stag,0.1,2,3,0,[],0,[],tree,d0_n0,66.0,,,11,"[6, 13, 14, 36, 43, 56, 57, 77, 82, 85, 91]",,0,1
HTS-EC-safe-shadow-stag,dataset3_2400_3462,HTS-EC-safe-shadow-stag,0.1,2,4,0,[],0,[],tree,d0_n0,77.0,,,11,"[6, 13, 14, 36, 43, 56, 57, 77, 82, 85, 91]",,0,1
HTS-EC-safe-shadow-stag,dataset3_2400_3462,HTS-EC-safe-shadow-stag,0.1,2,5,0,[],0,[],tree,d0_n0,10.0,,,10,"[6, 13, 14, 36, 43, 56, 57, 82, 85, 91]",,0,1
HTS-EC-safe-shadow-stag,dataset3_2400_3462,HTS-EC-safe-shadow-stag,0.1,2,6,0,[],0,[],tree,d0_n0,76.0,,,10,"[6, 13, 14, 36, 43, 56, 57, 82, 85, 91]",,0,1
HTS-EC-safe-shadow-stag,dataset3_2400_3462,HTS-EC-safe-shadow-stag,0.1,2,7,0,[],0,[],tree,d0_n0,27.0,,,10,"[6, 13, 14, 36, 43, 56, 57, 82, 85, 91]",,0,1
HTS-EC-safe-shadow-stag,dataset3_2400_3462,HTS-EC-safe-shadow-stag,0.1,2,8,0,[],0,[],tree,d0_n0,62.0,,,10,"[6, 13, 14, 36, 43, 56, 57, 82, 85, 91]",,0,1
HTS-EC-safe-shadow-stag,dataset3_2400_3462,HTS-EC-safe-shadow-stag,0.1,2,9,0,[],0,[],tree,d0_n0,65.0,,,10,"[6, 13, 14, 36, 43, 56, 57, 82, 85, 91]",,0,1
HTS-EC-safe-shadow-stag,dataset3_2400_3462,HTS-EC-safe-shadow-stag,0.1,2,10,0,[],0,[],tree,d0_n0,99.0,,,10,"[6, 13, 14, 36, 43, 56, 57, 82, 85, 91]",,0,1
HTS-EC-safe-shadow-stag,dataset3_2400_3462,HTS-EC-safe-shadow-stag,0.2,0,0,0,[],0,[],tree,d0_n0,11.0,,,12,"[6, 7, 13, 14, 36, 43, 56, 57, 77, 82, 85, 91]",,0,3
HTS-EC-safe-shadow-stag,dataset3_2400_3462,HTS-EC-safe-shadow-stag,0.2,0,1,0,[],0,[],tree,d0_n0,7.0,,,12,"[6, 7, 13, 14, 36, 43, 56, 57, 77, 82, 85, 91]",,0,3
HTS-EC-safe-shadow-stag,dataset3_2400_3462,HTS-EC-safe-shadow-stag,0.2,0,2,0,[],0,[],tree,d1_n107,77.0,,,3,"[56, 57, 77]",,0,3
HTS-EC-safe-shadow-stag,dataset3_2400_3462,HTS-EC-safe-shadow-stag,0.2,0,3,0,[],0,[],tree,d1_n158,104.0,,,3,"[82, 85, 91]",,0,3
HTS-EC-safe-shadow-stag,dataset3_2400_3462,HTS-EC-safe-shadow-stag,0.2,0,4,0,[],0,[],tree,d1_n54,27.0,,,2,"[36, 43]",,0,3
HTS-EC-safe-shadow-stag,dataset3_2400_3462,HTS-EC-safe-shadow-stag,0.2,0,5,0,[],0,[],tree,d1_n107,66.0,,,2,"[56, 57]",,0,3
HTS-EC-safe-shadow-stag,dataset3_2400_3462,HTS-EC-safe-shadow-stag,0.2,0,6,0,[],0,[],tree,d2_n133,76.0,,,0,[],,0,3
HTS-EC-safe-shadow-stag,dataset3_2400_3462,HTS-EC-safe-shadow-stag,0.2,0,7,0,[],0,[],tree,d3_n145,78.0,,,0,[],,0,3
HTS-EC-safe-shadow-stag,dataset3_2400_3462,HTS-EC-safe-shadow-stag,0.2,0,8,0,[],0,[],tree,d4_n153,79.0,,,0,[],,0,3
HTS-EC-safe-shadow-stag,dataset3_2400_3462,HTS-EC-safe-shadow-stag,0.2,0,9,0,[],0,[],,,,,,0,[],,0,3
HTS-EC-safe-shadow-stag,dataset3_2400_3462,HTS-EC-safe-shadow-stag,0.2,0,9,0,[],0,[],,,,,,0,[],,0,3
HTS-EC-safe-shadow-stag,dataset3_2400_3462,HTS-EC-safe-shadow-stag,0.2,0,9,0,[],0,[],tree,d4_n146,75.0,,,0,[],,0,3
HTS-EC-safe-shadow-stag,dataset3_2400_3462,HTS-EC-safe-shadow-stag,0.2,0,10,0,[],0,[],,,,,,0,[],,0,3
HTS-EC-safe-shadow-stag,dataset3_2400_3462,HTS-EC-safe-shadow-stag,0.2,0,10,0,[],0,[],tree,d5_n147,73.0,,,0,[],,0,3
HTS-EC-safe-shadow-stag,dataset3_2400_3462,HTS-EC-safe-shadow-stag,0.2,0,11,0,[],0,[],tree,d1_n1,16.0,,,3,"[6, 13, 14]",,0,3
HTS-EC-safe-shadow-stag,dataset3_2400_3462,HTS-EC-safe-shadow-stag,0.2,0,12,0,[],0,[],tree,d2_n2,10.0,,,2,"[6, 13]",,0,3
HTS-EC-safe-shadow-stag,dataset3_2400_3462,HTS-EC-safe-shadow-stag,0.2,0,13,0,[],0,[],tree,d3_n3,4.0,,,1,[6],,0,3
HTS-EC-safe-shadow-stag,dataset3_2400_3462,HTS-EC-safe-shadow-stag,0.2,0,14,0,[],0,[],tree,d3_n16,12.0,,,1,[13],,0,3
HTS-EC-safe-shadow-stag,dataset3_2400_3462,HTS-EC-safe-shadow-stag,0.2,0,15,0,[],0,[],tree,d4_n17,9.0,,,0,[],,0,3
HTS-EC-safe-shadow-stag,dataset3_2400_3462,HTS-EC-safe-shadow-stag,0.2,0,16,0,[],0,[],tree,d5_n18,8.0,,,0,[],,0,3
HTS-EC-safe-shadow-stag,dataset3_2400_3462,HTS-EC-safe-shadow-stag,0.2,0,17,0,[],0,[],,,,,,0,[],,0,3
HTS-EC-safe-shadow-stag,dataset3_2400_3462,HTS-EC-safe-shadow-stag,0.2,0,17,0,[],0,[],tree,d4_n24,13.0,,,1,[13],,0,3
HTS-EC-safe-shadow-stag,dataset3_2400_3462,HTS-EC-safe-shadow-stag,0.2,0,18,0,[],0,[],,,,,,0,[],,0,3
HTS-EC-safe-shadow-stag,dataset3_2400_3462,HTS-EC-safe-shadow-stag,0.2,0,18,0,[],0,[],,,,,,0,[],,0,3
HTS-EC-safe-shadow-stag,dataset3_2400_3462,HTS-EC-safe-shadow-stag,0.2,0,18,0,[],0,[],,,,,,0,[],,0,3
HTS-EC-safe-shadow-stag,dataset3_2400_3462,HTS-EC-safe-shadow-stag,0.2,0,18,0,[],0,[],,,,,,0,[],,0,3
HTS-EC-safe-shadow-stag,dataset3_2400_3462,HTS-EC-safe-shadow-stag,0.2,0,18,0,[],0,[],tree,d3_n134,67.0,,,0,[],,0,3
HTS-EC-safe-shadow-stag,dataset3_2400_3462,HTS-EC-safe-shadow-stag,0.2,0,19,0,[],0,[],tree,d3_n3,6.0,,,1,[6],,0,3
HTS-EC-safe-shadow-stag,dataset3_2400_3462,HTS-EC-safe-shadow-stag,0.2,0,20,0,[],0,[],tree,d4_n11,5.0,,,0,[],,0,3
HTS-EC-safe-shadow-stag,dataset3_2400_3462,HTS-EC-safe-shadow-stag,0.2,1,0,0,[],0,[],tree,d0_n0,11.0,,,12,"[6, 7, 13, 14, 36, 43, 56, 57, 77, 82, 85, 91]",,0,3
HTS-EC-safe-shadow-stag,dataset3_2400_3462,HTS-EC-safe-shadow-stag,0.2,1,1,0,[],0,[],tree,d0_n0,16.0,,,12,"[6, 7, 13, 14, 36, 43, 56, 57, 77, 82, 85, 91]",,0,3
HTS-EC-safe-shadow-stag,dataset3_2400_3462,HTS-EC-safe-shadow-stag,0.2,1,2,0,[],0,[],tree,d0_n0,7.0,,,12,"[6, 7, 13, 14, 36, 43, 56, 57, 77, 82, 85, 91]",,0,3
HTS-EC-safe-shadow-stag,dataset3_2400_3462,HTS-EC-safe-shadow-stag,0.2,1,3,0,[],0,[],tree,d0_n0,77.0,,,11,"[6, 13, 14, 36, 43, 56, 57, 77, 82, 85, 91]",,0,3
HTS-EC-safe-shadow-stag,dataset3_2400_3462,HTS-EC-safe-shadow-stag,0.2,1,4,0,[],0,[],tree,d1_n158,99.0,,,3,"[82, 85, 91]",,0,3
HTS-EC-safe-shadow-stag,dataset3_2400_3462,HTS-EC-safe-shadow-stag,0.2,1,5,0,[],0,[],tree,d1_n54,27.0,,,2,"[36, 43]",,0,3
HTS-EC-safe-shadow-stag,dataset3_2400_3462,HTS-EC-safe-shadow-stag,0.2,1,6,0,[],0,[],tree,d1_n107,66.0,,,2,"[56, 57]",,0,3
HTS-EC-safe-shadow-stag,dataset3_2400_3462,HTS-EC-safe-shadow-stag,0.2,1,7,0,[],0,[],tree,d2_n133,76.0,,,0,[],,0,3
HTS-EC-safe-shadow-stag,dataset3_2400_3462,HTS-EC-safe-shadow-stag,0.2,1,8,0,[],0,[],tree,d3_n145,79.0,,,0,[],,0,3
HTS-EC-safe-shadow-stag,dataset3_2400_3462,HTS-EC-safe-shadow-stag,0.2,1,9,0,[],0,[],tree,d4_n153,78.0,,,0,[],,0,3
HTS-EC-safe-shadow-stag,dataset3_2400_3462,HTS-EC-safe-shadow-stag,0.2,1,10,0,[],0,[],,,,,,0,[],,0,3
HTS-EC-safe-shadow-stag,dataset3_2400_3462,HTS-EC-safe-shadow-stag,0.2,1,10,0,[],0,[],,,,,,0,[],,0,3
HTS-EC-safe-shadow-stag,dataset3_2400_3462,HTS-EC-safe-shadow-stag,0.2,1,10,0,[],0,[],tree,d4_n146,75.0,,,0,[],,0,3
HTS-EC-safe-shadow-stag,dataset3_2400_3462,HTS-EC-safe-shadow-stag,0.2,1,11,0,[],0,[],,,,,,0,[],,0,3
HTS-EC-safe-shadow-stag,dataset3_2400_3462,HTS-EC-safe-shadow-stag,0.2,1,11,0,[],0,[],tree,d5_n147,73.0,,,0,[],,0,3
HTS-EC-safe-shadow-stag,dataset3_2400_3462,HTS-EC-safe-shadow-stag,0.2,1,12,0,[],0,[],tree,d3_n134,67.0,,,0,[],,0,3
HTS-EC-safe-shadow-stag,dataset3_2400_3462,HTS-EC-safe-shadow-stag,0.2,1,13,0,[],0,[],tree,d1_n158,104.0,,,3,"[82, 85, 91]",,0,3
HTS-EC-safe-shadow-stag,dataset3_2400_3462,HTS-EC-safe-shadow-stag,0.2,1,14,0,[],0,[],tree,d2_n108,62.0,,,2,"[56, 57]",,0,3
HTS-EC-safe-shadow-stag,dataset3_2400_3462,HTS-EC-safe-shadow-stag,0.2,1,15,0,[],0,[],tree,d1_n54,40.0,,,2,"[36, 43]",,0,3
HTS-EC-safe-shadow-stag,dataset3_2400_3462,HTS-EC-safe-shadow-stag,0.2,1,16,0,[],0,[],tree,d1_n1,10.0,,,3,"[6, 13, 14]",,0,3
HTS-EC-safe-shadow-stag,dataset3_2400_3462,HTS-EC-safe-shadow-stag,0.2,1,17,0,[],0,[],tree,d2_n2,4.0,,,2,"[6, 13]",,0,3
HTS-EC-safe-shadow-stag,dataset3_2400_3462,HTS-EC-safe-shadow-stag,0.2,1,18,0,[],0,[],tree,d3_n16,12.0,,,1,[13],,0,3
HTS-EC-safe-shadow-stag,dataset3_2400_3462,HTS-EC-safe-shadow-stag,0.2,1,19,0,[],0,[],tree,d4_n17,8.0,,,0,[],,0,3
HTS-EC-safe-shadow-stag,dataset3_2400_3462,HTS-EC-safe-shadow-stag,0.2,1,20,0,[],0,[],tree,d5_n21,9.0,,,0,[],,0,3
HTS-EC-safe-shadow-stag,dataset3_2400_3462,HTS-EC-safe-shadow-stag,0.2,2,0,0,[],0,[],tree,d0_n0,11.0,,,12,"[6, 7, 13, 14, 36, 43, 56, 57, 77, 82, 85, 91]",,0,3
HTS-EC-safe-shadow-stag,dataset3_2400_3462,HTS-EC-safe-shadow-stag,0.2,2,1,0,[],0,[],tree,d0_n0,16.0,,,12,"[6, 7, 13, 14, 36, 43, 56, 57, 77, 82, 85, 91]",,0,3
HTS-EC-safe-shadow-stag,dataset3_2400_3462,HTS-EC-safe-shadow-stag,0.2,2,2,0,[],0,[],tree,d0_n0,7.0,,,12,"[6, 7, 13, 14, 36, 43, 56, 57, 77, 82, 85, 91]",,0,3
HTS-EC-safe-shadow-stag,dataset3_2400_3462,HTS-EC-safe-shadow-stag,0.2,2,3,0,[],0,[],tree,d0_n0,66.0,,,11,"[6, 13, 14, 36, 43, 56, 57, 77, 82, 85, 91]",,0,3
HTS-EC-safe-shadow-stag,dataset3_2400_3462,HTS-EC-safe-shadow-stag,0.2,2,4,0,[],0,[],tree,d0_n0,77.0,,,11,"[6, 13, 14, 36, 43, 56, 57, 77, 82, 85, 91]",,0,3
HTS-EC-safe-shadow-stag,dataset3_2400_3462,HTS-EC-safe-shadow-stag,0.2,2,5,0,[],0,[],tree,d0_n0,10.0,,,10,"[6, 13, 14, 36, 43, 56, 57, 82, 85, 91]",,0,3
HTS-EC-safe-shadow-stag,dataset3_2400_3462,HTS-EC-safe-shadow-stag,0.2,2,6,0,[],0,[],tree,d0_n0,76.0,,,10,"[6, 13, 14, 36, 43, 56, 57, 82, 85, 91]",,0,3
HTS-EC-safe-shadow-stag,dataset3_2400_3462,HTS-EC-safe-shadow-stag,0.2,2,7,0,[],0,[],tree,d0_n0,27.0,,,10,"[6, 13, 14, 36, 43, 56, 57, 82, 85, 91]",,0,3
HTS-EC-safe-shadow-stag,dataset3_2400_3462,HTS-EC-safe-shadow-stag,0.2,2,8,0,[],0,[],tree,d0_n0,62.0,,,10,"[6, 13, 14, 36, 43, 56, 57, 82, 85, 91]",,0,3
HTS-EC-safe-shadow-stag,dataset3_2400_3462,HTS-EC-safe-shadow-stag,0.2,2,9,0,[],0,[],tree,d0_n0,65.0,,,10,"[6, 13, 14, 36, 43, 56, 57, 82, 85, 91]",,0,3
HTS-EC-safe-shadow-stag,dataset3_2400_3462,HTS-EC-safe-shadow-stag,0.2,2,10,0,[],0,[],tree,d0_n0,99.0,,,10,"[6, 13, 14, 36, 43, 56, 57, 82, 85, 91]",,0,3
HTS-EC-safe-shadow-stag,dataset3_2400_3462,HTS-EC-safe-shadow-stag,0.2,2,11,0,[],0,[],tree,d0_n0,104.0,,,10,"[6, 13, 14, 36, 43, 56, 57, 82, 85, 91]",,0,3
HTS-EC-safe-shadow-stag,dataset3_2400_3462,HTS-EC-safe-shadow-stag,0.2,2,12,0,[],0,[],tree,d0_n0,78.0,,,10,"[6, 13, 14, 36, 43, 56, 57, 82, 85, 91]",,0,3
HTS-EC-safe-shadow-stag,dataset3_2400_3462,HTS-EC-safe-shadow-stag,0.2,2,13,0,[],0,[],tree,d0_n0,40.0,,,10,"[6, 13, 14, 36, 43, 56, 57, 82, 85, 91]",,0,3
HTS-EC-safe-shadow-stag,dataset3_2400_3462,HTS-EC-safe-shadow-stag,0.2,2,14,0,[],0,[],tree,d0_n0,79.0,,,10,"[6, 13, 14, 36, 43, 56, 57, 82, 85, 91]",,0,3
HTS-EC-safe-shadow-stag,dataset3_2400_3462,HTS-EC-safe-shadow-stag,0.2,2,15,0,[],0,[],tree,d0_n0,36.0,,,10,"[6, 13, 14, 36, 43, 56, 57, 82, 85, 91]",,0,3
HTS-EC-safe-shadow-stag,dataset3_2400_3462,HTS-EC-safe-shadow-stag,0.2,2,16,0,[],0,[],tree,d0_n0,4.0,,,9,"[6, 13, 14, 43, 56, 57, 82, 85, 91]",,0,3
HTS-EC-safe-shadow-stag,dataset3_2400_3462,HTS-EC-safe-shadow-stag,0.2,2,17,0,[],0,[],tree,d0_n0,81.0,,,9,"[6, 13, 14, 43, 56, 57, 82, 85, 91]",,0,3
HTS-EC-safe-shadow-stag,dataset3_2400_3462,HTS-EC-safe-shadow-stag,0.2,2,18,0,[],0,[],tree,d0_n0,93.0,,,9,"[6, 13, 14, 43, 56, 57, 82, 85, 91]",,0,3
HTS-EC-safe-shadow-stag,dataset3_2400_3462,HTS-EC-safe-shadow-stag,0.2,2,19,0,[],0,[],tree,d0_n0,28.0,,,9,"[6, 13, 14, 43, 56, 57, 82, 85, 91]",,0,3
HTS-EC-safe-shadow-stag,dataset3_2400_3462,HTS-EC-safe-shadow-stag,0.2,2,20,0,[],0,[],tree,d0_n0,31.0,,,9,"[6, 13, 14, 43, 56, 57, 82, 85, 91]",,0,3
HTS-EC-safe-shadow-stag,dataset3_2400_3462,HTS-EC-safe-shadow-stag,0.3,0,0,0,[],0,[],tree,d0_n0,11.0,,,12,"[6, 7, 13, 14, 36, 43, 56, 57, 77, 82, 85, 91]",,0,4
HTS-EC-safe-shadow-stag,dataset3_2400_3462,HTS-EC-safe-shadow-stag,0.3,0,1,0,[],0,[],tree,d0_n0,7.0,,,12,"[6, 7, 13, 14, 36, 43, 56, 57, 77, 82, 85, 91]",,0,4
HTS-EC-safe-shadow-stag,dataset3_2400_3462,HTS-EC-safe-shadow-stag,0.3,0,2,0,[],0,[],tree,d1_n107,77.0,,,3,"[56, 57, 77]",,0,4
HTS-EC-safe-shadow-stag,dataset3_2400_3462,HTS-EC-safe-shadow-stag,0.3,0,3,0,[],0,[],tree,d1_n158,104.0,,,3,"[82, 85, 91]",,0,4
HTS-EC-safe-shadow-stag,dataset3_2400_3462,HTS-EC-safe-shadow-stag,0.3,0,4,0,[],0,[],tree,d1_n54,27.0,,,2,"[36, 43]",,0,4
HTS-EC-safe-shadow-stag,dataset3_2400_3462,HTS-EC-safe-shadow-stag,0.3,0,5,0,[],0,[],tree,d1_n107,66.0,,,2,"[56, 57]",,0,4
HTS-EC-safe-shadow-stag,dataset3_2400_3462,HTS-EC-safe-shadow-stag,0.3,0,6,0,[],0,[],tree,d2_n133,76.0,,,0,[],,0,4
HTS-EC-safe-shadow-stag,dataset3_2400_3462,HTS-EC-safe-shadow-stag,0.3,0,7,0,[],0,[],tree,d3_n145,78.0,,,0,[],,0,4
HTS-EC-safe-shadow-stag,dataset3_2400_3462,HTS-EC-safe-shadow-stag,0.3,0,8,0,[],0,[],tree,d4_n153,79.0,,,0,[],,0,4
HTS-EC-safe-shadow-stag,dataset3_2400_3462,HTS-EC-safe-shadow-stag,0.3,0,9,0,[],0,[],,,,,,0,[],,0,4
HTS-EC-safe-shadow-stag,dataset3_2400_3462,HTS-EC-safe-shadow-stag,0.3,0,9,0,[],0,[],,,,,,0,[],,0,4
HTS-EC-safe-shadow-stag,dataset3_2400_3462,HTS-EC-safe-shadow-stag,0.3,0,9,0,[],0,[],tree,d4_n146,75.0,,,0,[],,0,4
HTS-EC-safe-shadow-stag,dataset3_2400_3462,HTS-EC-safe-shadow-stag,0.3,0,10,0,[],0,[],,,,,,0,[],,0,4
HTS-EC-safe-shadow-stag,dataset3_2400_3462,HTS-EC-safe-shadow-stag,0.3,0,10,0,[],0,[],tree,d5_n147,73.0,,,0,[],,0,4
HTS-EC-safe-shadow-stag,dataset3_2400_3462,HTS-EC-safe-shadow-stag,0.3,0,11,0,[],0,[],tree,d1_n1,16.0,,,3,"[6, 13, 14]",,0,4
HTS-EC-safe-shadow-stag,dataset3_2400_3462,HTS-EC-safe-shadow-stag,0.3,0,12,0,[],0,[],tree,d2_n2,10.0,,,2,"[6, 13]",,0,4
HTS-EC-safe-shadow-stag,dataset3_2400_3462,HTS-EC-safe-shadow-stag,0.3,0,13,0,[],0,[],tree,d3_n3,4.0,,,1,[6],,0,4
HTS-EC-safe-shadow-stag,dataset3_2400_3462,HTS-EC-safe-shadow-stag,0.3,0,14,0,[],0,[],tree,d3_n16,12.0,,,1,[13],,0,4
HTS-EC-safe-shadow-stag,dataset3_2400_3462,HTS-EC-safe-shadow-stag,0.3,0,15,0,[],0,[],tree,d4_n17,9.0,,,0,[],,0,4
HTS-EC-safe-shadow-stag,dataset3_2400_3462,HTS-EC-safe-shadow-stag,0.3,0,16,0,[],0,[],tree,d5_n18,8.0,,,0,[],,0,4
HTS-EC-safe-shadow-stag,dataset3_2400_3462,HTS-EC-safe-shadow-stag,0.3,0,17,0,[],0,[],,,,,,0,[],,0,4
HTS-EC-safe-shadow-stag,dataset3_2400_3462,HTS-EC-safe-shadow-stag,0.3,0,17,0,[],0,[],tree,d4_n24,13.0,,,1,[13],,0,4
HTS-EC-safe-shadow-stag,dataset3_2400_3462,HTS-EC-safe-shadow-stag,0.3,0,18,0,[],0,[],,,,,,0,[],,0,4
HTS-EC-safe-shadow-stag,dataset3_2400_3462,HTS-EC-safe-shadow-stag,0.3,0,18,0,[],0,[],,,,,,0,[],,0,4
HTS-EC-safe-shadow-stag,dataset3_2400_3462,HTS-EC-safe-shadow-stag,0.3,0,18,0,[],0,[],,,,,,0,[],,0,4
HTS-EC-safe-shadow-stag,dataset3_2400_3462,HTS-EC-safe-shadow-stag,0.3,0,18,0,[],0,[],,,,,,0,[],,0,4
HTS-EC-safe-shadow-stag,dataset3_2400_3462,HTS-EC-safe-shadow-stag,0.3,0,18,0,[],0,[],tree,d3_n134,67.0,,,0,[],,0,4
HTS-EC-safe-shadow-stag,dataset3_2400_3462,HTS-EC-safe-shadow-stag,0.3,0,19,0,[],0,[],tree,d3_n3,6.0,,,1,[6],,0,4
HTS-EC-safe-shadow-stag,dataset3_2400_3462,HTS-EC-safe-shadow-stag,0.3,0,20,0,[],0,[],tree,d4_n11,5.0,,,0,[],,0,4
HTS-EC-safe-shadow-stag,dataset3_2400_3462,HTS-EC-safe-shadow-stag,0.3,0,21,0,[],0,[],,,,,,0,[],,0,4
HTS-EC-safe-shadow-stag,dataset3_2400_3462,HTS-EC-safe-shadow-stag,0.3,0,21,0,[],0,[],tree,d4_n4,2.0,,,0,[],,0,4
HTS-EC-safe-shadow-stag,dataset3_2400_3462,HTS-EC-safe-shadow-stag,0.3,0,22,0,[],0,[],,,,,,0,[],,0,4
HTS-EC-safe-shadow-stag,dataset3_2400_3462,HTS-EC-safe-shadow-stag,0.3,0,22,0,[],0,[],tree,d2_n29,17.0,,,1,[14],,0,4
HTS-EC-safe-shadow-stag,dataset3_2400_3462,HTS-EC-safe-shadow-stag,0.3,0,23,0,[],0,[],tree,d1_n158,99.0,,,3,"[82, 85, 91]",,0,4
HTS-EC-safe-shadow-stag,dataset3_2400_3462,HTS-EC-safe-shadow-stag,0.3,0,24,0,[],0,[],tree,d2_n108,62.0,,,2,"[56, 57]",,0,4
HTS-EC-safe-shadow-stag,dataset3_2400_3462,HTS-EC-safe-shadow-stag,0.3,0,25,0,[],0,[],tree,d1_n54,40.0,,,2,"[36, 43]",,0,4
HTS-EC-safe-shadow-stag,dataset3_2400_3462,HTS-EC-safe-shadow-stag,0.3,0,26,0,[],0,[],tree,d5_n147,74.0,,,0,[],,0,4
HTS-EC-safe-shadow-stag,dataset3_2400_3462,HTS-EC-safe-shadow-stag,0.3,0,27,0,[],0,[],tree,d4_n4,3.0,,,0,[],,0,4
HTS-EC-safe-shadow-stag,dataset3_2400_3462,HTS-EC-safe-shadow-stag,0.3,0,28,0,[],0,[],tree,d2_n29,19.0,,,1,[14],,0,4
HTS-EC-safe-shadow-stag,dataset3_2400_3462,HTS-EC-safe-shadow-stag,0.3,0,29,0,[],0,[],tree,d1_n158,81.0,,,3,"[82, 85, 91]",,0,4
HTS-EC-safe-shadow-stag,dataset3_2400_3462,HTS-EC-safe-shadow-stag,0.3,0,30,0,[],0,[],tree,d2_n108,65.0,,,2,"[56, 57]",,0,4
HTS-EC-safe-shadow-stag,dataset3_2400_3462,HTS-EC-safe-shadow-stag,0.3,0,31,0,[],0,[],tree,d1_n54,31.0,,,2,"[36, 43]",,0,4
HTS-EC-safe-shadow-stag,dataset3_2400_3462,HTS-EC-safe-shadow-stag,0.3,1,0,0,[],0,[],tree,d0_n0,11.0,,,12,"[6, 7, 13, 14, 36, 43, 56, 57, 77, 82, 85, 91]",,0,4
HTS-EC-safe-shadow-stag,dataset3_2400_3462,HTS-EC-safe-shadow-stag,0.3,1,1,0,[],0,[],tree,d0_n0,16.0,,,12,"[6, 7, 13, 14, 36, 43, 56, 57, 77, 82, 85, 91]",,0,4
HTS-EC-safe-shadow-stag,dataset3_2400_3462,HTS-EC-safe-shadow-stag,0.3,1,2,0,[],0,[],tree,d0_n0,7.0,,,12,"[6, 7, 13, 14, 36, 43, 56, 57, 77, 82, 85, 91]",,0,4
HTS-EC-safe-shadow-stag,dataset3_2400_3462,HTS-EC-safe-shadow-stag,0.3,1,3,0,[],0,[],tree,d0_n0,77.0,,,11,"[6, 13, 14, 36, 43, 56, 57, 77, 82, 85, 91]",,0,4
HTS-EC-safe-shadow-stag,dataset3_2400_3462,HTS-EC-safe-shadow-stag,0.3,1,4,0,[],0,[],tree,d1_n158,99.0,,,3,"[82, 85, 91]",,0,4
HTS-EC-safe-shadow-stag,dataset3_2400_3462,HTS-EC-safe-shadow-stag,0.3,1,5,0,[],0,[],tree,d1_n54,27.0,,,2,"[36, 43]",,0,4
HTS-EC-safe-shadow-stag,dataset3_2400_3462,HTS-EC-safe-shadow-stag,0.3,1,6,0,[],0,[],tree,d1_n107,66.0,,,2,"[56, 57]",,0,4
HTS-EC-safe-shadow-stag,dataset3_2400_3462,HTS-EC-safe-shadow-stag,0.3,1,7,0,[],0,[],tree,d2_n133,76.0,,,0,[],,0,4
HTS-EC-safe-shadow-stag,dataset3_2400_3462,HTS-EC-safe-shadow-stag,0.3,1,8,0,[],0,[],tree,d3_n145,79.0,,,0,[],,0,4
HTS-EC-safe-shadow-stag,dataset3_2400_3462,HTS-EC-safe-shadow-stag,0.3,1,9,0,[],0,[],tree,d4_n153,78.0,,,0,[],,0,4
HTS-EC-safe-shadow-stag,dataset3_2400_3462,HTS-EC-safe-shadow-stag,0.3,1,10,0,[],0,[],,,,,,0,[],,0,4
HTS-EC-safe-shadow-stag,dataset3_2400_3462,HTS-EC-safe-shadow-stag,0.3,1,10,0,[],0,[],,,,,,0,[],,0,4
HTS-EC-safe-shadow-stag,dataset3_2400_3462,HTS-EC-safe-shadow-stag,0.3,1,10,0,[],0,[],tree,d4_n146,75.0,,,0,[],,0,4
HTS-EC-safe-shadow-stag,dataset3_2400_3462,HTS-EC-safe-shadow-stag,0.3,1,11,0,[],0,[],,,,,,0,[],,0,4
HTS-EC-safe-shadow-stag,dataset3_2400_3462,HTS-EC-safe-shadow-stag,0.3,1,11,0,[],0,[],tree,d5_n147,73.0,,,0,[],,0,4
HTS-EC-safe-shadow-stag,dataset3_2400_3462,HTS-EC-safe-shadow-stag,0.3,1,12,0,[],0,[],tree,d3_n134,67.0,,,0,[],,0,4
HTS-EC-safe-shadow-stag,dataset3_2400_3462,HTS-EC-safe-shadow-stag,0.3,1,13,0,[],0,[],tree,d1_n158,104.0,,,3,"[82, 85, 91]",,0,4
HTS-EC-safe-shadow-stag,dataset3_2400_3462,HTS-EC-safe-shadow-stag,0.3,1,14,0,[],0,[],tree,d2_n108,62.0,,,2,"[56, 57]",,0,4
HTS-EC-safe-shadow-stag,dataset3_2400_3462,HTS-EC-safe-shadow-stag,0.3,1,15,0,[],0,[],tree,d1_n54,40.0,,,2,"[36, 43]",,0,4
HTS-EC-safe-shadow-stag,dataset3_2400_3462,HTS-EC-safe-shadow-stag,0.3,1,16,0,[],0,[],tree,d1_n1,10.0,,,3,"[6, 13, 14]",,0,4
HTS-EC-safe-shadow-stag,dataset3_2400_3462,HTS-EC-safe-shadow-stag,0.3,1,17,0,[],0,[],tree,d2_n2,4.0,,,2,"[6, 13]",,0,4
HTS-EC-safe-shadow-stag,dataset3_2400_3462,HTS-EC-safe-shadow-stag,0.3,1,18,0,[],0,[],tree,d3_n16,12.0,,,1,[13],,0,4
HTS-EC-safe-shadow-stag,dataset3_2400_3462,HTS-EC-safe-shadow-stag,0.3,1,19,0,[],0,[],tree,d4_n17,8.0,,,0,[],,0,4
HTS-EC-safe-shadow-stag,dataset3_2400_3462,HTS-EC-safe-shadow-stag,0.3,1,20,0,[],0,[],tree,d5_n21,9.0,,,0,[],,0,4
HTS-EC-safe-shadow-stag,dataset3_2400_3462,HTS-EC-safe-shadow-stag,0.3,1,21,0,[],0,[],,,,,,0,[],,0,4
HTS-EC-safe-shadow-stag,dataset3_2400_3462,HTS-EC-safe-shadow-stag,0.3,1,21,0,[],0,[],,,,,,0,[],,0,4
HTS-EC-safe-shadow-stag,dataset3_2400_3462,HTS-EC-safe-shadow-stag,0.3,1,21,0,[],0,[],tree,d4_n24,13.0,,,1,[13],,0,4
HTS-EC-safe-shadow-stag,dataset3_2400_3462,HTS-EC-safe-shadow-stag,0.3,1,22,0,[],0,[],,,,,,0,[],,0,4
HTS-EC-safe-shadow-stag,dataset3_2400_3462,HTS-EC-safe-shadow-stag,0.3,1,22,0,[],0,[],,,,,,0,[],,0,4
HTS-EC-safe-shadow-stag,dataset3_2400_3462,HTS-EC-safe-shadow-stag,0.3,1,22,0,[],0,[],,,,,,0,[],,0,4
HTS-EC-safe-shadow-stag,dataset3_2400_3462,HTS-EC-safe-shadow-stag,0.3,1,22,0,[],0,[],tree,d3_n3,6.0,,,1,[6],,0,4
HTS-EC-safe-shadow-stag,dataset3_2400_3462,HTS-EC-safe-shadow-stag,0.3,1,23,0,[],0,[],tree,d4_n11,5.0,,,0,[],,0,4
HTS-EC-safe-shadow-stag,dataset3_2400_3462,HTS-EC-safe-shadow-stag,0.3,1,24,0,[],0,[],,,,,,0,[],,0,4
HTS-EC-safe-shadow-stag,dataset3_2400_3462,HTS-EC-safe-shadow-stag,0.3,1,24,0,[],0,[],tree,d4_n4,2.0,,,0,[],,0,4
HTS-EC-safe-shadow-stag,dataset3_2400_3462,HTS-EC-safe-shadow-stag,0.3,1,25,0,[],0,[],,,,,,0,[],,0,4
HTS-EC-safe-shadow-stag,dataset3_2400_3462,HTS-EC-safe-shadow-stag,0.3,1,25,0,[],0,[],tree,d2_n29,17.0,,,1,[14],,0,4
HTS-EC-safe-shadow-stag,dataset3_2400_3462,HTS-EC-safe-shadow-stag,0.3,1,26,0,[],0,[],tree,d5_n147,74.0,,,0,[],,0,4
HTS-EC-safe-shadow-stag,dataset3_2400_3462,HTS-EC-safe-shadow-stag,0.3,1,27,0,[],0,[],tree,d4_n4,1.0,,,0,[],,0,4
HTS-EC-safe-shadow-stag,dataset3_2400_3462,HTS-EC-safe-shadow-stag,0.3,1,28,0,[],0,[],tree,d2_n29,19.0,,,1,[14],,0,4
HTS-EC-safe-shadow-stag,dataset3_2400_3462,HTS-EC-safe-shadow-stag,0.3,1,29,0,[],0,[],tree,d1_n158,81.0,,,3,"[82, 85, 91]",,0,4
HTS-EC-safe-shadow-stag,dataset3_2400_3462,HTS-EC-safe-shadow-stag,0.3,1,30,0,[],0,[],tree,d2_n108,65.0,,,2,"[56, 57]",,0,4
HTS-EC-safe-shadow-stag,dataset3_2400_3462,HTS-EC-safe-shadow-stag,0.3,1,31,0,[],0,[],tree,d1_n54,36.0,,,2,"[36, 43]",,0,4
HTS-EC-safe-shadow-stag,dataset3_2400_3462,HTS-EC-safe-shadow-stag,0.3,2,0,0,[],0,[],tree,d0_n0,11.0,,,12,"[6, 7, 13, 14, 36, 43, 56, 57, 77, 82, 85, 91]",,0,4
HTS-EC-safe-shadow-stag,dataset3_2400_3462,HTS-EC-safe-shadow-stag,0.3,2,1,0,[],0,[],tree,d0_n0,16.0,,,12,"[6, 7, 13, 14, 36, 43, 56, 57, 77, 82, 85, 91]",,0,4
HTS-EC-safe-shadow-stag,dataset3_2400_3462,HTS-EC-safe-shadow-stag,0.3,2,2,0,[],0,[],tree,d0_n0,7.0,,,12,"[6, 7, 13, 14, 36, 43, 56, 57, 77, 82, 85, 91]",,0,4
HTS-EC-safe-shadow-stag,dataset3_2400_3462,HTS-EC-safe-shadow-stag,0.3,2,3,0,[],0,[],tree,d0_n0,66.0,,,11,"[6, 13, 14, 36, 43, 56, 57, 77, 82, 85, 91]",,0,4
HTS-EC-safe-shadow-stag,dataset3_2400_3462,HTS-EC-safe-shadow-stag,0.3,2,4,0,[],0,[],tree,d0_n0,77.0,,,11,"[6, 13, 14, 36, 43, 56, 57, 77, 82, 85, 91]",,0,4
HTS-EC-safe-shadow-stag,dataset3_2400_3462,HTS-EC-safe-shadow-stag,0.3,2,5,0,[],0,[],tree,d0_n0,10.0,,,10,"[6, 13, 14, 36, 43, 56, 57, 82, 85, 91]",,0,4
HTS-EC-safe-shadow-stag,dataset3_2400_3462,HTS-EC-safe-shadow-stag,0.3,2,6,0,[],0,[],tree,d0_n0,76.0,,,10,"[6, 13, 14, 36, 43, 56, 57, 82, 85, 91]",,0,4
HTS-EC-safe-shadow-stag,dataset3_2400_3462,HTS-EC-safe-shadow-stag,0.3,2,7,0,[],0,[],tree,d0_n0,27.0,,,10,"[6, 13, 14, 36, 43, 56, 57, 82, 85, 91]",,0,4
HTS-EC-safe-shadow-stag,dataset3_2400_3462,HTS-EC-safe-shadow-stag,0.3,2,8,0,[],0,[],tree,d0_n0,62.0,,,10,"[6, 13, 14, 36, 43, 56, 57, 82, 85, 91]",,0,4
HTS-EC-safe-shadow-stag,dataset3_2400_3462,HTS-EC-safe-shadow-stag,0.3,2,9,0,[],0,[],tree,d0_n0,65.0,,,10,"[6, 13, 14, 36, 43, 56, 57, 82, 85, 91]",,0,4
HTS-EC-safe-shadow-stag,dataset3_2400_3462,HTS-EC-safe-shadow-stag,0.3,2,10,0,[],0,[],tree,d0_n0,99.0,,,10,"[6, 13, 14, 36, 43, 56, 57, 82, 85, 91]",,0,4
HTS-EC-safe-shadow-stag,dataset3_2400_3462,HTS-EC-safe-shadow-stag,0.3,2,11,0,[],0,[],tree,d0_n0,104.0,,,10,"[6, 13, 14, 36, 43, 56, 57, 82, 85, 91]",,0,4
HTS-EC-safe-shadow-stag,dataset3_2400_3462,HTS-EC-safe-shadow-stag,0.3,2,12,0,[],0,[],tree,d0_n0,78.0,,,10,"[6, 13, 14, 36, 43, 56, 57, 82, 85, 91]",,0,4
HTS-EC-safe-shadow-stag,dataset3_2400_3462,HTS-EC-safe-shadow-stag,0.3,2,13,0,[],0,[],tree,d0_n0,40.0,,,10,"[6, 13, 14, 36, 43, 56, 57, 82, 85, 91]",,0,4
HTS-EC-safe-shadow-stag,dataset3_2400_3462,HTS-EC-safe-shadow-stag,0.3,2,14,0,[],0,[],tree,d0_n0,79.0,,,10,"[6, 13, 14, 36, 43, 56, 57, 82, 85, 91]",,0,4
HTS-EC-safe-shadow-stag,dataset3_2400_3462,HTS-EC-safe-shadow-stag,0.3,2,15,0,[],0,[],tree,d0_n0,36.0,,,10,"[6, 13, 14, 36, 43, 56, 57, 82, 85, 91]",,0,4
HTS-EC-safe-shadow-stag,dataset3_2400_3462,HTS-EC-safe-shadow-stag,0.3,2,16,0,[],0,[],tree,d0_n0,4.0,,,9,"[6, 13, 14, 43, 56, 57, 82, 85, 91]",,0,4
HTS-EC-safe-shadow-stag,dataset3_2400_3462,HTS-EC-safe-shadow-stag,0.3,2,17,0,[],0,[],tree,d0_n0,81.0,,,9,"[6, 13, 14, 43, 56, 57, 82, 85, 91]",,0,4
HTS-EC-safe-shadow-stag,dataset3_2400_3462,HTS-EC-safe-shadow-stag,0.3,2,18,0,[],0,[],tree,d0_n0,93.0,,,9,"[6, 13, 14, 43, 56, 57, 82, 85, 91]",,0,4
HTS-EC-safe-shadow-stag,dataset3_2400_3462,HTS-EC-safe-shadow-stag,0.3,2,19,0,[],0,[],tree,d0_n0,28.0,,,9,"[6, 13, 14, 43, 56, 57, 82, 85, 91]",,0,4
HTS-EC-safe-shadow-stag,dataset3_2400_3462,HTS-EC-safe-shadow-stag,0.3,2,20,0,[],0,[],tree,d0_n0,31.0,,,9,"[6, 13, 14, 43, 56, 57, 82, 85, 91]",,0,4
HTS-EC-safe-shadow-stag,dataset3_2400_3462,HTS-EC-safe-shadow-stag,0.3,2,21,0,[],0,[],tree,d0_n0,17.0,,,9,"[6, 13, 14, 43, 56, 57, 82, 85, 91]",,0,4
HTS-EC-safe-shadow-stag,dataset3_2400_3462,HTS-EC-safe-shadow-stag,0.3,2,22,0,[],0,[],tree,d0_n0,75.0,,,9,"[6, 13, 14, 43, 56, 57, 82, 85, 91]",,0,4
HTS-EC-safe-shadow-stag,dataset3_2400_3462,HTS-EC-safe-shadow-stag,0.3,2,23,0,[],0,[],tree,d0_n0,12.0,,,9,"[6, 13, 14, 43, 56, 57, 82, 85, 91]",,0,4
HTS-EC-safe-shadow-stag,dataset3_2400_3462,HTS-EC-safe-shadow-stag,0.3,2,24,0,[],0,[],tree,d0_n0,95.0,,,9,"[6, 13, 14, 43, 56, 57, 82, 85, 91]",,0,4
HTS-EC-safe-shadow-stag,dataset3_2400_3462,HTS-EC-safe-shadow-stag,0.3,2,25,0,[],0,[],tree,d0_n0,9.0,,,9,"[6, 13, 14, 43, 56, 57, 82, 85, 91]",,0,4
HTS-EC-safe-shadow-stag,dataset3_2400_3462,HTS-EC-safe-shadow-stag,0.3,2,26,0,[],0,[],tree,d0_n0,80.0,,,9,"[6, 13, 14, 43, 56, 57, 82, 85, 91]",,0,4
HTS-EC-safe-shadow-stag,dataset3_2400_3462,HTS-EC-safe-shadow-stag,0.3,2,27,0,[],0,[],tree,d0_n0,102.0,,,9,"[6, 13, 14, 43, 56, 57, 82, 85, 91]",,0,4
HTS-EC-safe-shadow-stag,dataset3_2400_3462,HTS-EC-safe-shadow-stag,0.3,2,28,0,[],0,[],tree,d0_n0,8.0,,,9,"[6, 13, 14, 43, 56, 57, 82, 85, 91]",,0,4
HTS-EC-safe-shadow-stag,dataset3_2400_3462,HTS-EC-safe-shadow-stag,0.3,2,29,0,[],0,[],tree,d0_n0,19.0,,,9,"[6, 13, 14, 43, 56, 57, 82, 85, 91]",,0,4
HTS-EC-safe-shadow-stag,dataset3_2400_3462,HTS-EC-safe-shadow-stag,0.3,2,30,0,[],0,[],tree,d0_n0,103.0,,,9,"[6, 13, 14, 43, 56, 57, 82, 85, 91]",,0,4
HTS-EC-safe-shadow-stag,dataset3_2400_3462,HTS-EC-safe-shadow-stag,0.3,2,31,0,[],0,[],tree,d0_n0,6.0,,,9,"[6, 13, 14, 43, 56, 57, 82, 85, 91]",,0,4
HTS-EC-safe-StagRepMix-force,realcartest_0_1570,HTS-EC-safe-StagRepMix-force,0.1,0,0,0,[],0,[],tree,d0_n0,99.0,,,44,"[1, 2, 3, 4, 5, 6, 7, 8, 9, 10, 16, 26, 28, 50, 53, 55, 56, 57, 58, 70, 73, 74, 76, 84, 85, 92, 98, 101, 105, 106, 107, 108, 111, 112, 113, 114, 115, 117, 118, 119, 121, 122, 125, 150]",,0,2
HTS-EC-safe-StagRepMix-force,realcartest_0_1570,HTS-EC-safe-StagRepMix-force,0.1,0,1,0,[],0,[],tree,d0_n0,9.0,,,44,"[1, 2, 3, 4, 5, 6, 7, 8, 9, 10, 16, 26, 28, 50, 53, 55, 56, 57, 58, 70, 73, 74, 76, 84, 85, 92, 98, 101, 105, 106, 107, 108, 111, 112, 113, 114, 115, 117, 118, 119, 121, 122, 125, 150]",,0,2
HTS-EC-safe-StagRepMix-force,realcartest_0_1570,HTS-EC-safe-StagRepMix-force,0.1,0,2,0,[],0,[],tree,d1_n78,69.0,,,10,"[50, 53, 55, 56, 57, 58, 70, 73, 74, 76]",,0,2
HTS-EC-safe-StagRepMix-force,realcartest_0_1570,HTS-EC-safe-StagRepMix-force,0.1,0,3,0,[],0,[],tree,d1_n234,123.0,,,6,"[118, 119, 121, 122, 125, 150]",,0,2
HTS-EC-safe-StagRepMix-force,realcartest_0_1570,HTS-EC-safe-StagRepMix-force,0.1,0,4,0,[],0,[],tree,d1_n1,7.0,,,12,"[1, 2, 3, 4, 5, 6, 7, 8, 10, 16, 26, 28]",,0,2
HTS-EC-safe-StagRepMix-force,realcartest_0_1570,HTS-EC-safe-StagRepMix-force,0.1,0,5,0,[],0,[],tree,d2_n41,37.0,,,2,"[26, 28]",,0,2
HTS-EC-safe-StagRepMix-force,realcartest_0_1570,HTS-EC-safe-StagRepMix-force,0.1,0,6,0,[],0,[],tree,d2_n2,5.0,,,9,"[1, 2, 3, 4, 5, 6, 8, 10, 16]",,0,2
HTS-EC-safe-StagRepMix-force,realcartest_0_1570,HTS-EC-safe-StagRepMix-force,0.1,0,7,0,[],0,[],tree,d3_n22,10.0,,,2,"[10, 16]",,0,2
HTS-EC-safe-StagRepMix-force,realcartest_0_1570,HTS-EC-safe-StagRepMix-force,0.1,0,8,0,[],0,[],tree,d3_n3,8.0,,,6,"[1, 2, 3, 4, 6, 8]",,0,2
HTS-EC-safe-StagRepMix-force,realcartest_0_1570,HTS-EC-safe-StagRepMix-force,0.1,0,9,0,[],0,[],tree,d4_n4,1.0,,,4,"[1, 2, 3, 4]",,0,2
HTS-EC-safe-StagRepMix-force,realcartest_0_1570,HTS-EC-safe-StagRepMix-force,0.1,0,10,0,[],0,[],tree,d4_n4,3.0,,,3,"[2, 3, 4]",,0,2
HTS-EC-safe-StagRepMix-force,realcartest_0_1570,HTS-EC-safe-StagRepMix-force,0.1,0,11,0,[],0,[],tree,d5_n5,0.0,,,0,[],,0,2
HTS-EC-safe-StagRepMix-force,realcartest_0_1570,HTS-EC-safe-StagRepMix-force,0.1,0,12,0,[],0,[],,,,,,0,[],,0,2
HTS-EC-safe-StagRepMix-force,realcartest_0_1570,HTS-EC-safe-StagRepMix-force,0.1,0,12,0,[],0,[],tree,d5_n8,2.0,,,2,"[2, 4]",,0,2
HTS-EC-safe-StagRepMix-force,realcartest_0_1570,HTS-EC-safe-StagRepMix-force,0.1,0,13,0,[],0,[],tree,d6_n12,4.0,,,1,[4],,0,2
HTS-EC-safe-StagRepMix-force,realcartest_0_1570,HTS-EC-safe-StagRepMix-force,0.1,0,14,0,[],0,[],,,,,,0,[],,0,2
HTS-EC-safe-StagRepMix-force,realcartest_0_1570,HTS-EC-safe-StagRepMix-force,0.1,0,14,0,[],0,[],,,,,,0,[],,0,2
HTS-EC-safe-StagRepMix-force,realcartest_0_1570,HTS-EC-safe-StagRepMix-force,0.1,0,14,0,[],0,[],,,,,,0,[],,0,2
HTS-EC-safe-StagRepMix-force,realcartest_0_1570,HTS-EC-safe-StagRepMix-force,0.1,0,14,0,[],0,[],tree,d3_n22,19.0,,,1,[16],,0,2
HTS-EC-safe-StagRepMix-force,realcartest_0_1570,HTS-EC-safe-StagRepMix-force,0.1,0,15,0,[],0,[],tree,d4_n23,11.0,,,0,[],,0,2
HTS-EC-safe-StagRepMix-force,realcartest_0_1570,HTS-EC-safe-StagRepMix-force,0.1,1,0,0,[],0,[],tree,d0_n0,2.0,,,44,"[1, 2, 3, 4, 5, 6, 7, 8, 9, 10, 16, 26, 28, 50, 53, 55, 56, 57, 58, 70, 73, 74, 76, 84, 85, 92, 98, 101, 105, 106, 107, 108, 111, 112, 113, 114, 115, 117, 118, 119, 121, 122, 125, 150]",,0,2
HTS-EC-safe-StagRepMix-force,realcartest_0_1570,HTS-EC-safe-StagRepMix-force,0.1,1,1,0,[],0,[],tree,d0_n0,80.0,,,43,"[1, 3, 4, 5, 6, 7, 8, 9, 10, 16, 26, 28, 50, 53, 55, 56, 57, 58, 70, 73, 74, 76, 84, 85, 92, 98, 101, 105, 106, 107, 108, 111, 112, 113, 114, 115, 117, 118, 119, 121, 122, 125, 150]",,0,2
HTS-EC-safe-StagRepMix-force,realcartest_0_1570,HTS-EC-safe-StagRepMix-force,0.1,1,2,0,[],0,[],tree,d1_n78,51.0,,,10,"[50, 53, 55, 56, 57, 58, 70, 73, 74, 76]",,0,2
HTS-EC-safe-StagRepMix-force,realcartest_0_1570,HTS-EC-safe-StagRepMix-force,0.1,1,3,0,[],0,[],tree,d1_n234,145.0,,,6,"[118, 119, 121, 122, 125, 150]",,0,2
HTS-EC-safe-StagRepMix-force,realcartest_0_1570,HTS-EC-safe-StagRepMix-force,0.1,1,4,0,[],0,[],tree,d1_n1,3.0,,,12,"[1, 3, 4, 5, 6, 7, 8, 9, 10, 16, 26, 28]",,0,2
HTS-EC-safe-StagRepMix-force,realcartest_0_1570,HTS-EC-safe-StagRepMix-force,0.1,1,5,0,[],0,[],tree,d2_n41,37.0,,,2,"[26, 28]",,0,2
HTS-EC-safe-StagRepMix-force,realcartest_0_1570,HTS-EC-safe-StagRepMix-force,0.1,1,6,0,[],0,[],tree,d2_n2,0.0,,,9,"[1, 4, 5, 6, 7, 8, 9, 10, 16]",,0,2
HTS-EC-safe-StagRepMix-force,realcartest_0_1570,HTS-EC-safe-StagRepMix-force,0.1,1,7,0,[],0,[],tree,d3_n22,19.0,,,2,"[10, 16]",,0,2
HTS-EC-safe-StagRepMix-force,realcartest_0_1570,HTS-EC-safe-StagRepMix-force,0.1,1,8,0,[],0,[],tree,d3_n3,5.0,,,7,"[1, 4, 5, 6, 7, 8, 9]",,0,2
HTS-EC-safe-StagRepMix-force,realcartest_0_1570,HTS-EC-safe-StagRepMix-force,0.1,1,9,0,[],0,[],tree,d4_n13,9.0,,,4,"[6, 7, 8, 9]",,0,2
HTS-EC-safe-StagRepMix-force,realcartest_0_1570,HTS-EC-safe-StagRepMix-force,0.1,1,10,0,[],0,[],tree,d5_n14,6.0,,,1,[6],,0,2
HTS-EC-safe-StagRepMix-force,realcartest_0_1570,HTS-EC-safe-StagRepMix-force,0.1,1,11,0,[],0,[],tree,d5_n17,8.0,,,2,"[7, 8]",,0,2
HTS-EC-safe-StagRepMix-force,realcartest_0_1570,HTS-EC-safe-StagRepMix-force,0.1,1,12,0,[],0,[],,,,,,0,[],,0,2
HTS-EC-safe-StagRepMix-force,realcartest_0_1570,HTS-EC-safe-StagRepMix-force,0.1,1,12,0,[],0,[],,,,,,0,[],,0,2
HTS-EC-safe-StagRepMix-force,realcartest_0_1570,HTS-EC-safe-StagRepMix-force,0.1,1,12,0,[],0,[],tree,d6_n18,7.0,,,1,[7],,0,2
HTS-EC-safe-StagRepMix-force,realcartest_0_1570,HTS-EC-safe-StagRepMix-force,0.1,1,13,0,[],0,[],,,,,,0,[],,0,2
HTS-EC-safe-StagRepMix-force,realcartest_0_1570,HTS-EC-safe-StagRepMix-force,0.1,1,13,0,[],0,[],,,,,,0,[],,0,2
HTS-EC-safe-StagRepMix-force,realcartest_0_1570,HTS-EC-safe-StagRepMix-force,0.1,1,13,0,[],0,[],,,,,,0,[],,0,2
HTS-EC-safe-StagRepMix-force,realcartest_0_1570,HTS-EC-safe-StagRepMix-force,0.1,1,13,0,[],0,[],tree,d1_n155,113.0,,,15,"[84, 85, 92, 98, 101, 105, 106, 107, 108, 111, 112, 113, 114, 115, 117]",,0,2
HTS-EC-safe-StagRepMix-force,realcartest_0_1570,HTS-EC-safe-StagRepMix-force,0.1,1,14,0,[],0,[],tree,d2_n195,114.0,,,11,"[98, 101, 105, 106, 107, 108, 111, 112, 114, 115, 117]",,0,2
HTS-EC-safe-StagRepMix-force,realcartest_0_1570,HTS-EC-safe-StagRepMix-force,0.1,1,15,0,[],0,[],tree,d3_n196,99.0,,,5,"[98, 101, 105, 106, 107]",,0,2
HTS-EC-safe-StagRepMix-force,realcartest_0_1570,HTS-EC-safe-StagRepMix-force,0.1,2,0,0,[],0,[],tree,d0_n0,126.0,,,44,"[1, 2, 3, 4, 5, 6, 7, 8, 9, 10, 16, 26, 28, 50, 53, 55, 56, 57, 58, 70, 73, 74, 76, 84, 85, 92, 98, 101, 105, 106, 107, 108, 111, 112, 113, 114, 115, 117, 118, 119, 121, 122, 125, 150]",,0,2
HTS-EC-safe-StagRepMix-force,realcartest_0_1570,HTS-EC-safe-StagRepMix-force,0.1,2,1,0,[],0,[],tree,d0_n0,144.0,,,44,"[1, 2, 3, 4, 5, 6, 7, 8, 9, 10, 16, 26, 28, 50, 53, 55, 56, 57, 58, 70, 73, 74, 76, 84, 85, 92, 98, 101, 105, 106, 107, 108, 111, 112, 113, 114, 115, 117, 118, 119, 121, 122, 125, 150]",,0,2
HTS-EC-safe-StagRepMix-force,realcartest_0_1570,HTS-EC-safe-StagRepMix-force,0.1,2,2,0,[],0,[],tree,d0_n0,84.0,,,44,"[1, 2, 3, 4, 5, 6, 7, 8, 9, 10, 16, 26, 28, 50, 53, 55, 56, 57, 58, 70, 73, 74, 76, 84, 85, 92, 98, 101, 105, 106, 107, 108, 111, 112, 113, 114, 115, 117, 118, 119, 121, 122, 125, 150]",,0,2
HTS-EC-safe-StagRepMix-force,realcartest_0_1570,HTS-EC-safe-StagRepMix-force,0.1,2,3,0,[],0,[],tree,d1_n78,69.0,,,10,"[50, 53, 55, 56, 57, 58, 70, 73, 74, 76]",,0,2
HTS-EC-safe-StagRepMix-force,realcartest_0_1570,HTS-EC-safe-StagRepMix-force,0.1,2,4,0,[],0,[],tree,d1_n1,18.0,,,13,"[1, 2, 3, 4, 5, 6, 7, 8, 9, 10, 16, 26, 28]",,0,2
HTS-EC-safe-StagRepMix-force,realcartest_0_1570,HTS-EC-safe-StagRepMix-force,0.1,2,5,0,[],0,[],tree,d1_n155,113.0,,,14,"[85, 92, 98, 101, 105, 106, 107, 108, 111, 112, 113, 114, 115, 117]",,0,2
HTS-EC-safe-StagRepMix-force,realcartest_0_1570,HTS-EC-safe-StagRepMix-force,0.1,2,6,0,[],0,[],tree,d2_n195,115.0,,,11,"[98, 101, 105, 106, 107, 108, 111, 112, 114, 115, 117]",,0,2
HTS-EC-safe-StagRepMix-force,realcartest_0_1570,HTS-EC-safe-StagRepMix-force,0.1,2,7,0,[],0,[],tree,d3_n196,100.0,,,5,"[98, 101, 105, 106, 107]",,0,2
HTS-EC-safe-StagRepMix-force,realcartest_0_1570,HTS-EC-safe-StagRepMix-force,0.1,2,8,0,[],0,[],tree,d3_n215,108.0,,,5,"[108, 111, 112, 114, 117]",,0,2
HTS-EC-safe-StagRepMix-force,realcartest_0_1570,HTS-EC-safe-StagRepMix-force,0.1,2,9,0,[],0,[],tree,d4_n216,109.0,,,2,"[111, 112]",,0,2
HTS-EC-safe-StagRepMix-force,realcartest_0_1570,HTS-EC-safe-StagRepMix-force,0.1,2,10,0,[],0,[],tree,d5_n220,111.0,,,2,"[111, 112]",,0,2
HTS-EC-safe-StagRepMix-force,realcartest_0_1570,HTS-EC-safe-StagRepMix-force,0.1,2,11,0,[],0,[],tree,d5_n220,110.0,,,1,[112],,0,2
HTS-EC-safe-StagRepMix-force,realcartest_0_1570,HTS-EC-safe-StagRepMix-force,0.1,2,12,0,[],0,[],tree,d6_n224,112.0,,,1,[112],,0,2
HTS-EC-safe-StagRepMix-force,realcartest_0_1570,HTS-EC-safe-StagRepMix-force,0.1,2,13,0,[],0,[],,,,,,0,[],,0,2
HTS-EC-safe-StagRepMix-force,realcartest_0_1570,HTS-EC-safe-StagRepMix-force,0.1,2,13,0,[],0,[],tree,d4_n225,117.0,,,2,"[114, 117]",,0,2
HTS-EC-safe-StagRepMix-force,realcartest_0_1570,HTS-EC-safe-StagRepMix-force,0.1,2,14,0,[],0,[],tree,d5_n226,114.0,,,1,[114],,0,2
HTS-EC-safe-StagRepMix-force,realcartest_0_1570,HTS-EC-safe-StagRepMix-force,0.1,2,15,0,[],0,[],,,,,,0,[],,0,2
HTS-EC-safe-StagRepMix-force,realcartest_0_1570,HTS-EC-safe-StagRepMix-force,0.1,2,15,0,[],0,[],,,,,,0,[],,0,2
HTS-EC-safe-StagRepMix-force,realcartest_0_1570,HTS-EC-safe-StagRepMix-force,0.1,2,15,0,[],0,[],tree,d5_n229,116.0,,,0,[],,0,2
HTS-EC-safe-StagRepMix-force,realcartest_0_1570,HTS-EC-safe-StagRepMix-force,0.2,0,0,0,[],0,[],tree,d0_n0,99.0,,,44,"[1, 2, 3, 4, 5, 6, 7, 8, 9, 10, 16, 26, 28, 50, 53, 55, 56, 57, 58, 70, 73, 74, 76, 84, 85, 92, 98, 101, 105, 106, 107, 108, 111, 112, 113, 114, 115, 117, 118, 119, 121, 122, 125, 150]",,0,4
HTS-EC-safe-StagRepMix-force,realcartest_0_1570,HTS-EC-safe-StagRepMix-force,0.2,0,1,0,[],0,[],tree,d0_n0,9.0,,,44,"[1, 2, 3, 4, 5, 6, 7, 8, 9, 10, 16, 26, 28, 50, 53, 55, 56, 57, 58, 70, 73, 74, 76, 84, 85, 92, 98, 101, 105, 106, 107, 108, 111, 112, 113, 114, 115, 117, 118, 119, 121, 122, 125, 150]",,0,4
HTS-EC-safe-StagRepMix-force,realcartest_0_1570,HTS-EC-safe-StagRepMix-force,0.2,0,2,0,[],0,[],tree,d1_n78,69.0,,,10,"[50, 53, 55, 56, 57, 58, 70, 73, 74, 76]",,0,4
HTS-EC-safe-StagRepMix-force,realcartest_0_1570,HTS-EC-safe-StagRepMix-force,0.2,0,3,0,[],0,[],tree,d1_n234,123.0,,,6,"[118, 119, 121, 122, 125, 150]",,0,4
HTS-EC-safe-StagRepMix-force,realcartest_0_1570,HTS-EC-safe-StagRepMix-force,0.2,0,4,0,[],0,[],tree,d1_n1,7.0,,,12,"[1, 2, 3, 4, 5, 6, 7, 8, 10, 16, 26, 28]",,0,4
HTS-EC-safe-StagRepMix-force,realcartest_0_1570,HTS-EC-safe-StagRepMix-force,0.2,0,5,0,[],0,[],tree,d2_n41,37.0,,,2,"[26, 28]",,0,4
HTS-EC-safe-StagRepMix-force,realcartest_0_1570,HTS-EC-safe-StagRepMix-force,0.2,0,6,0,[],0,[],tree,d2_n2,5.0,,,9,"[1, 2, 3, 4, 5, 6, 8, 10, 16]",,0,4
HTS-EC-safe-StagRepMix-force,realcartest_0_1570,HTS-EC-safe-StagRepMix-force,0.2,0,7,0,[],0,[],tree,d3_n22,10.0,,,2,"[10, 16]",,0,4
HTS-EC-safe-StagRepMix-force,realcartest_0_1570,HTS-EC-safe-StagRepMix-force,0.2,0,8,0,[],0,[],tree,d3_n3,8.0,,,6,"[1, 2, 3, 4, 6, 8]",,0,4
HTS-EC-safe-StagRepMix-force,realcartest_0_1570,HTS-EC-safe-StagRepMix-force,0.2,0,9,0,[],0,[],tree,d4_n4,1.0,,,4,"[1, 2, 3, 4]",,0,4
HTS-EC-safe-StagRepMix-force,realcartest_0_1570,HTS-EC-safe-StagRepMix-force,0.2,0,10,0,[],0,[],tree,d4_n4,3.0,,,3,"[2, 3, 4]",,0,4
HTS-EC-safe-StagRepMix-force,realcartest_0_1570,HTS-EC-safe-StagRepMix-force,0.2,0,11,0,[],0,[],tree,d5_n5,0.0,,,0,[],,0,4
HTS-EC-safe-StagRepMix-force,realcartest_0_1570,HTS-EC-safe-StagRepMix-force,0.2,0,12,0,[],0,[],,,,,,0,[],,0,4
HTS-EC-safe-StagRepMix-force,realcartest_0_1570,HTS-EC-safe-StagRepMix-force,0.2,0,12,0,[],0,[],tree,d5_n8,2.0,,,2,"[2, 4]",,0,4
HTS-EC-safe-StagRepMix-force,realcartest_0_1570,HTS-EC-safe-StagRepMix-force,0.2,0,13,0,[],0,[],tree,d6_n12,4.0,,,1,[4],,0,4
HTS-EC-safe-StagRepMix-force,realcartest_0_1570,HTS-EC-safe-StagRepMix-force,0.2,0,14,0,[],0,[],,,,,,0,[],,0,4
HTS-EC-safe-StagRepMix-force,realcartest_0_1570,HTS-EC-safe-StagRepMix-force,0.2,0,14,0,[],0,[],,,,,,0,[],,0,4
HTS-EC-safe-StagRepMix-force,realcartest_0_1570,HTS-EC-safe-StagRepMix-force,0.2,0,14,0,[],0,[],,,,,,0,[],,0,4
HTS-EC-safe-StagRepMix-force,realcartest_0_1570,HTS-EC-safe-StagRepMix-force,0.2,0,14,0,[],0,[],tree,d3_n22,19.0,,,1,[16],,0,4
HTS-EC-safe-StagRepMix-force,realcartest_0_1570,HTS-EC-safe-StagRepMix-force,0.2,0,15,0,[],0,[],tree,d4_n23,11.0,,,0,[],,0,4
HTS-EC-safe-StagRepMix-force,realcartest_0_1570,HTS-EC-safe-StagRepMix-force,0.2,0,16,0,[],0,[],tree,d5_n27,12.0,,,0,[],,0,4
HTS-EC-safe-StagRepMix-force,realcartest_0_1570,HTS-EC-safe-StagRepMix-force,0.2,0,17,0,[],0,[],tree,d1_n155,107.0,,,15,"[84, 85, 92, 98, 101, 105, 106, 107, 108, 111, 112, 113, 114, 115, 117]",,0,4
HTS-EC-safe-StagRepMix-force,realcartest_0_1570,HTS-EC-safe-StagRepMix-force,0.2,0,18,0,[],0,[],tree,d2_n156,83.0,,,3,"[84, 85, 92]",,0,4
HTS-EC-safe-StagRepMix-force,realcartest_0_1570,HTS-EC-safe-StagRepMix-force,0.2,0,19,0,[],0,[],tree,d2_n195,115.0,,,11,"[98, 101, 105, 106, 108, 111, 112, 113, 114, 115, 117]",,0,4
HTS-EC-safe-StagRepMix-force,realcartest_0_1570,HTS-EC-safe-StagRepMix-force,0.2,0,20,0,[],0,[],tree,d3_n215,113.0,,,6,"[108, 111, 112, 113, 114, 117]",,0,4
HTS-EC-safe-StagRepMix-force,realcartest_0_1570,HTS-EC-safe-StagRepMix-force,0.2,0,21,0,[],0,[],tree,d4_n216,110.0,,,3,"[108, 111, 112]",,0,4
HTS-EC-safe-StagRepMix-force,realcartest_0_1570,HTS-EC-safe-StagRepMix-force,0.2,0,22,0,[],0,[],tree,d4_n225,114.0,,,2,"[114, 117]",,0,4
HTS-EC-safe-StagRepMix-force,realcartest_0_1570,HTS-EC-safe-StagRepMix-force,0.2,0,23,0,[],0,[],tree,d5_n229,117.0,,,1,[117],,0,4
HTS-EC-safe-StagRepMix-force,realcartest_0_1570,HTS-EC-safe-StagRepMix-force,0.2,0,24,0,[],0,[],tree,d6_n230,116.0,,,0,[],,0,4
HTS-EC-safe-StagRepMix-force,realcartest_0_1570,HTS-EC-safe-StagRepMix-force,0.2,0,25,0,[],0,[],,,,,,0,[],,0,4
HTS-EC-safe-StagRepMix-force,realcartest_0_1570,HTS-EC-safe-StagRepMix-force,0.2,0,25,0,[],0,[],,,,,,0,[],,0,4
HTS-EC-safe-StagRepMix-force,realcartest_0_1570,HTS-EC-safe-StagRepMix-force,0.2,0,25,0,[],0,[],,,,,,0,[],,0,4
HTS-EC-safe-StagRepMix-force,realcartest_0_1570,HTS-EC-safe-StagRepMix-force,0.2,0,25,0,[],0,[],tree,d4_n216,111.0,,,3,"[108, 111, 112]",,0,4
HTS-EC-safe-StagRepMix-force,realcartest_0_1570,HTS-EC-safe-StagRepMix-force,0.2,0,26,0,[],0,[],tree,d5_n217,109.0,,,1,[108],,0,4
HTS-EC-safe-StagRepMix-force,realcartest_0_1570,HTS-EC-safe-StagRepMix-force,0.2,0,27,0,[],0,[],,,,,,0,[],,0,4
HTS-EC-safe-StagRepMix-force,realcartest_0_1570,HTS-EC-safe-StagRepMix-force,0.2,0,27,0,[],0,[],tree,d5_n217,108.0,,,1,[108],,0,4
HTS-EC-safe-StagRepMix-force,realcartest_0_1570,HTS-EC-safe-StagRepMix-force,0.2,0,28,0,[],0,[],,,,,,0,[],,0,4
HTS-EC-safe-StagRepMix-force,realcartest_0_1570,HTS-EC-safe-StagRepMix-force,0.2,0,28,0,[],0,[],,,,,,0,[],,0,4
HTS-EC-safe-StagRepMix-force,realcartest_0_1570,HTS-EC-safe-StagRepMix-force,0.2,0,28,0,[],0,[],tree,d5_n220,112.0,,,1,[112],,0,4
HTS-EC-safe-StagRepMix-force,realcartest_0_1570,HTS-EC-safe-StagRepMix-force,0.2,0,29,0,[],0,[],,,,,,0,[],,0,4
HTS-EC-safe-StagRepMix-force,realcartest_0_1570,HTS-EC-safe-StagRepMix-force,0.2,0,29,0,[],0,[],,,,,,0,[],,0,4
HTS-EC-safe-StagRepMix-force,realcartest_0_1570,HTS-EC-safe-StagRepMix-force,0.2,0,29,0,[],0,[],tree,d3_n196,100.0,,,4,"[98, 101, 105, 106]",,0,4
HTS-EC-safe-StagRepMix-force,realcartest_0_1570,HTS-EC-safe-StagRepMix-force,0.2,0,30,0,[],0,[],tree,d4_n206,106.0,,,2,"[105, 106]",,0,4
HTS-EC-safe-StagRepMix-force,realcartest_0_1570,HTS-EC-safe-StagRepMix-force,0.2,1,0,0,[],0,[],tree,d0_n0,2.0,,,44,"[1, 2, 3, 4, 5, 6, 7, 8, 9, 10, 16, 26, 28, 50, 53, 55, 56, 57, 58, 70, 73, 74, 76, 84, 85, 92, 98, 101, 105, 106, 107, 108, 111, 112, 113, 114, 115, 117, 118, 119, 121, 122, 125, 150]",,0,4
HTS-EC-safe-StagRepMix-force,realcartest_0_1570,HTS-EC-safe-StagRepMix-force,0.2,1,1,0,[],0,[],tree,d0_n0,80.0,,,43,"[1, 3, 4, 5, 6, 7, 8, 9, 10, 16, 26, 28, 50, 53, 55, 56, 57, 58, 70, 73, 74, 76, 84, 85, 92, 98, 101, 105, 106, 107, 108, 111, 112, 113, 114, 115, 117, 118, 119, 121, 122, 125, 150]",,0,4
HTS-EC-safe-StagRepMix-force,realcartest_0_1570,HTS-EC-safe-StagRepMix-force,0.2,1,2,0,[],0,[],tree,d1_n78,51.0,,,10,"[50, 53, 55, 56, 57, 58, 70, 73, 74, 76]",,0,4
HTS-EC-safe-StagRepMix-force,realcartest_0_1570,HTS-EC-safe-StagRepMix-force,0.2,1,3,0,[],0,[],tree,d1_n234,145.0,,,6,"[118, 119, 121, 122, 125, 150]",,0,4
HTS-EC-safe-StagRepMix-force,realcartest_0_1570,HTS-EC-safe-StagRepMix-force,0.2,1,4,0,[],0,[],tree,d1_n1,3.0,,,12,"[1, 3, 4, 5, 6, 7, 8, 9, 10, 16, 26, 28]",,0,4
HTS-EC-safe-StagRepMix-force,realcartest_0_1570,HTS-EC-safe-StagRepMix-force,0.2,1,5,0,[],0,[],tree,d2_n41,37.0,,,2,"[26, 28]",,0,4
HTS-EC-safe-StagRepMix-force,realcartest_0_1570,HTS-EC-safe-StagRepMix-force,0.2,1,6,0,[],0,[],tree,d2_n2,0.0,,,9,"[1, 4, 5, 6, 7, 8, 9, 10, 16]",,0,4
HTS-EC-safe-StagRepMix-force,realcartest_0_1570,HTS-EC-safe-StagRepMix-force,0.2,1,7,0,[],0,[],tree,d3_n22,19.0,,,2,"[10, 16]",,0,4
HTS-EC-safe-StagRepMix-force,realcartest_0_1570,HTS-EC-safe-StagRepMix-force,0.2,1,8,0,[],0,[],tree,d3_n3,5.0,,,7,"[1, 4, 5, 6, 7, 8, 9]",,0,4
HTS-EC-safe-StagRepMix-force,realcartest_0_1570,HTS-EC-safe-StagRepMix-force,0.2,1,9,0,[],0,[],tree,d4_n13,9.0,,,4,"[6, 7, 8, 9]",,0,4
HTS-EC-safe-StagRepMix-force,realcartest_0_1570,HTS-EC-safe-StagRepMix-force,0.2,1,10,0,[],0,[],tree,d5_n14,6.0,,,1,[6],,0,4
HTS-EC-safe-StagRepMix-force,realcartest_0_1570,HTS-EC-safe-StagRepMix-force,0.2,1,11,0,[],0,[],tree,d5_n17,8.0,,,2,"[7, 8]",,0,4
HTS-EC-safe-StagRepMix-force,realcartest_0_1570,HTS-EC-safe-StagRepMix-force,0.2,1,12,0,[],0,[],,,,,,0,[],,0,4
HTS-EC-safe-StagRepMix-force,realcartest_0_1570,HTS-EC-safe-StagRepMix-force,0.2,1,12,0,[],0,[],,,,,,0,[],,0,4
HTS-EC-safe-StagRepMix-force,realcartest_0_1570,HTS-EC-safe-StagRepMix-force,0.2,1,12,0,[],0,[],tree,d6_n18,7.0,,,1,[7],,0,4
HTS-EC-safe-StagRepMix-force,realcartest_0_1570,HTS-EC-safe-StagRepMix-force,0.2,1,13,0,[],0,[],,,,,,0,[],,0,4
HTS-EC-safe-StagRepMix-force,realcartest_0_1570,HTS-EC-safe-StagRepMix-force,0.2,1,13,0,[],0,[],,,,,,0,[],,0,4
HTS-EC-safe-StagRepMix-force,realcartest_0_1570,HTS-EC-safe-StagRepMix-force,0.2,1,13,0,[],0,[],,,,,,0,[],,0,4
HTS-EC-safe-StagRepMix-force,realcartest_0_1570,HTS-EC-safe-StagRepMix-force,0.2,1,13,0,[],0,[],tree,d1_n155,113.0,,,15,"[84, 85, 92, 98, 101, 105, 106, 107, 108, 111, 112, 113, 114, 115, 117]",,0,4
HTS-EC-safe-StagRepMix-force,realcartest_0_1570,HTS-EC-safe-StagRepMix-force,0.2,1,14,0,[],0,[],tree,d2_n195,114.0,,,11,"[98, 101, 105, 106, 107, 108, 111, 112, 114, 115, 117]",,0,4
HTS-EC-safe-StagRepMix-force,realcartest_0_1570,HTS-EC-safe-StagRepMix-force,0.2,1,15,0,[],0,[],tree,d3_n196,99.0,,,5,"[98, 101, 105, 106, 107]",,0,4
HTS-EC-safe-StagRepMix-force,realcartest_0_1570,HTS-EC-safe-StagRepMix-force,0.2,1,16,0,[],0,[],tree,d3_n215,112.0,,,5,"[108, 111, 112, 115, 117]",,0,4
HTS-EC-safe-StagRepMix-force,realcartest_0_1570,HTS-EC-safe-StagRepMix-force,0.2,1,17,0,[],0,[],tree,d4_n216,110.0,,,2,"[108, 111]",,0,4
HTS-EC-safe-StagRepMix-force,realcartest_0_1570,HTS-EC-safe-StagRepMix-force,0.2,1,18,0,[],0,[],tree,d5_n217,109.0,,,1,[108],,0,4
HTS-EC-safe-StagRepMix-force,realcartest_0_1570,HTS-EC-safe-StagRepMix-force,0.2,1,19,0,[],0,[],tree,d4_n225,117.0,,,2,"[115, 117]",,0,4
HTS-EC-safe-StagRepMix-force,realcartest_0_1570,HTS-EC-safe-StagRepMix-force,0.2,1,20,0,[],0,[],tree,d5_n229,115.0,,,1,[115],,0,4
HTS-EC-safe-StagRepMix-force,realcartest_0_1570,HTS-EC-safe-StagRepMix-force,0.2,1,21,0,[],0,[],tree,d6_n230,116.0,,,0,[],,0,4
HTS-EC-safe-StagRepMix-force,realcartest_0_1570,HTS-EC-safe-StagRepMix-force,0.2,1,22,0,[],0,[],,,,,,0,[],,0,4
HTS-EC-safe-StagRepMix-force,realcartest_0_1570,HTS-EC-safe-StagRepMix-force,0.2,1,22,0,[],0,[],,,,,,0,[],,0,4
HTS-EC-safe-StagRepMix-force,realcartest_0_1570,HTS-EC-safe-StagRepMix-force,0.2,1,22,0,[],0,[],,,,,,0,[],,0,4
HTS-EC-safe-StagRepMix-force,realcartest_0_1570,HTS-EC-safe-StagRepMix-force,0.2,1,22,0,[],0,[],tree,d5_n217,108.0,,,1,[108],,0,4
HTS-EC-safe-StagRepMix-force,realcartest_0_1570,HTS-EC-safe-StagRepMix-force,0.2,1,23,0,[],0,[],,,,,,0,[],,0,4
HTS-EC-safe-StagRepMix-force,realcartest_0_1570,HTS-EC-safe-StagRepMix-force,0.2,1,23,0,[],0,[],,,,,,0,[],,0,4
HTS-EC-safe-StagRepMix-force,realcartest_0_1570,HTS-EC-safe-StagRepMix-force,0.2,1,23,0,[],0,[],,,,,,0,[],,0,4
HTS-EC-safe-StagRepMix-force,realcartest_0_1570,HTS-EC-safe-StagRepMix-force,0.2,1,23,0,[],0,[],tree,d3_n196,100.0,,,5,"[98, 101, 105, 106, 107]",,0,4
HTS-EC-safe-StagRepMix-force,realcartest_0_1570,HTS-EC-safe-StagRepMix-force,0.2,1,24,0,[],0,[],tree,d4_n206,107.0,,,3,"[105, 106, 107]",,0,4
HTS-EC-safe-StagRepMix-force,realcartest_0_1570,HTS-EC-safe-StagRepMix-force,0.2,1,25,0,[],0,[],tree,d4_n206,106.0,,,2,"[105, 106]",,0,4
HTS-EC-safe-StagRepMix-force,realcartest_0_1570,HTS-EC-safe-StagRepMix-force,0.2,1,26,0,[],0,[],tree,d5_n207,103.0,,,0,[],,0,4
HTS-EC-safe-StagRepMix-force,realcartest_0_1570,HTS-EC-safe-StagRepMix-force,0.2,1,27,0,[],0,[],tree,d5_n210,105.0,,,1,[105],,0,4
HTS-EC-safe-StagRepMix-force,realcartest_0_1570,HTS-EC-safe-StagRepMix-force,0.2,1,28,0,[],0,[],,,,,,0,[],,0,4
HTS-EC-safe-StagRepMix-force,realcartest_0_1570,HTS-EC-safe-StagRepMix-force,0.2,1,28,0,[],0,[],,,,,,0,[],,0,4
HTS-EC-safe-StagRepMix-force,realcartest_0_1570,HTS-EC-safe-StagRepMix-force,0.2,1,28,0,[],0,[],tree,d5_n207,104.0,,,0,[],,0,4
HTS-EC-safe-StagRepMix-force,realcartest_0_1570,HTS-EC-safe-StagRepMix-force,0.2,1,29,0,[],0,[],,,,,,0,[],,0,4
HTS-EC-safe-StagRepMix-force,realcartest_0_1570,HTS-EC-safe-StagRepMix-force,0.2,1,29,0,[],0,[],,,,,,0,[],,0,4
HTS-EC-safe-StagRepMix-force,realcartest_0_1570,HTS-EC-safe-StagRepMix-force,0.2,1,29,0,[],0,[],tree,d5_n220,111.0,,,1,[111],,0,4
HTS-EC-safe-StagRepMix-force,realcartest_0_1570,HTS-EC-safe-StagRepMix-force,0.2,1,30,0,[],0,[],,,,,,0,[],,0,4
HTS-EC-safe-StagRepMix-force,realcartest_0_1570,HTS-EC-safe-StagRepMix-force,0.2,1,30,0,[],0,[],,,,,,0,[],,0,4
HTS-EC-safe-StagRepMix-force,realcartest_0_1570,HTS-EC-safe-StagRepMix-force,0.2,1,30,0,[],0,[],tree,d1_n78,50.0,,,10,"[50, 53, 55, 56, 57, 58, 70, 73, 74, 76]",,0,4
HTS-EC-safe-StagRepMix-force,realcartest_0_1570,HTS-EC-safe-StagRepMix-force,0.2,2,0,0,[],0,[],tree,d0_n0,126.0,,,44,"[1, 2, 3, 4, 5, 6, 7, 8, 9, 10, 16, 26, 28, 50, 53, 55, 56, 57, 58, 70, 73, 74, 76, 84, 85, 92, 98, 101, 105, 106, 107, 108, 111, 112, 113, 114, 115, 117, 118, 119, 121, 122, 125, 150]",,0,4
HTS-EC-safe-StagRepMix-force,realcartest_0_1570,HTS-EC-safe-StagRepMix-force,0.2,2,1,0,[],0,[],tree,d0_n0,144.0,,,44,"[1, 2, 3, 4, 5, 6, 7, 8, 9, 10, 16, 26, 28, 50, 53, 55, 56, 57, 58, 70, 73, 74, 76, 84, 85, 92, 98, 101, 105, 106, 107, 108, 111, 112, 113, 114, 115, 117, 118, 119, 121, 122, 125, 150]",,0,4
HTS-EC-safe-StagRepMix-force,realcartest_0_1570,HTS-EC-safe-StagRepMix-force,0.2,2,2,0,[],0,[],tree,d0_n0,84.0,,,44,"[1, 2, 3, 4, 5, 6, 7, 8, 9, 10, 16, 26, 28, 50, 53, 55, 56, 57, 58, 70, 73, 74, 76, 84, 85, 92, 98, 101, 105, 106, 107, 108, 111, 112, 113, 114, 115, 117, 118, 119, 121, 122, 125, 150]",,0,4
HTS-EC-safe-StagRepMix-force,realcartest_0_1570,HTS-EC-safe-StagRepMix-force,0.2,2,3,0,[],0,[],tree,d1_n78,69.0,,,10,"[50, 53, 55, 56, 57, 58, 70, 73, 74, 76]",,0,4
HTS-EC-safe-StagRepMix-force,realcartest_0_1570,HTS-EC-safe-StagRepMix-force,0.2,2,4,0,[],0,[],tree,d1_n1,18.0,,,13,"[1, 2, 3, 4, 5, 6, 7, 8, 9, 10, 16, 26, 28]",,0,4
HTS-EC-safe-StagRepMix-force,realcartest_0_1570,HTS-EC-safe-StagRepMix-force,0.2,2,5,0,[],0,[],tree,d1_n155,113.0,,,14,"[85, 92, 98, 101, 105, 106, 107, 108, 111, 112, 113, 114, 115, 117]",,0,4
HTS-EC-safe-StagRepMix-force,realcartest_0_1570,HTS-EC-safe-StagRepMix-force,0.2,2,6,0,[],0,[],tree,d2_n195,115.0,,,11,"[98, 101, 105, 106, 107, 108, 111, 112, 114, 115, 117]",,0,4
HTS-EC-safe-StagRepMix-force,realcartest_0_1570,HTS-EC-safe-StagRepMix-force,0.2,2,7,0,[],0,[],tree,d3_n196,100.0,,,5,"[98, 101, 105, 106, 107]",,0,4
HTS-EC-safe-StagRepMix-force,realcartest_0_1570,HTS-EC-safe-StagRepMix-force,0.2,2,8,0,[],0,[],tree,d3_n215,108.0,,,5,"[108, 111, 112, 114, 117]",,0,4
HTS-EC-safe-StagRepMix-force,realcartest_0_1570,HTS-EC-safe-StagRepMix-force,0.2,2,9,0,[],0,[],tree,d4_n216,109.0,,,2,"[111, 112]",,0,4
HTS-EC-safe-StagRepMix-force,realcartest_0_1570,HTS-EC-safe-StagRepMix-force,0.2,2,10,0,[],0,[],tree,d5_n220,111.0,,,2,"[111, 112]",,0,4
HTS-EC-safe-StagRepMix-force,realcartest_0_1570,HTS-EC-safe-StagRepMix-force,0.2,2,11,0,[],0,[],tree,d5_n220,110.0,,,1,[112],,0,4
HTS-EC-safe-StagRepMix-force,realcartest_0_1570,HTS-EC-safe-StagRepMix-force,0.2,2,12,0,[],0,[],tree,d6_n224,112.0,,,1,[112],,0,4
HTS-EC-safe-StagRepMix-force,realcartest_0_1570,HTS-EC-safe-StagRepMix-force,0.2,2,13,0,[],0,[],,,,,,0,[],,0,4
HTS-EC-safe-StagRepMix-force,realcartest_0_1570,HTS-EC-safe-StagRepMix-force,0.2,2,13,0,[],0,[],tree,d4_n225,117.0,,,2,"[114, 117]",,0,4
HTS-EC-safe-StagRepMix-force,realcartest_0_1570,HTS-EC-safe-StagRepMix-force,0.2,2,14,0,[],0,[],tree,d5_n226,114.0,,,1,[114],,0,4
HTS-EC-safe-StagRepMix-force,realcartest_0_1570,HTS-EC-safe-StagRepMix-force,0.2,2,15,0,[],0,[],,,,,,0,[],,0,4
HTS-EC-safe-StagRepMix-force,realcartest_0_1570,HTS-EC-safe-StagRepMix-force,0.2,2,15,0,[],0,[],,,,,,0,[],,0,4
HTS-EC-safe-StagRepMix-force,realcartest_0_1570,HTS-EC-safe-StagRepMix-force,0.2,2,15,0,[],0,[],tree,d5_n229,116.0,,,0,[],,0,4
HTS-EC-safe-StagRepMix-force,realcartest_0_1570,HTS-EC-safe-StagRepMix-force,0.2,2,16,0,[],0,[],,,,,,0,[],,0,4
HTS-EC-safe-StagRepMix-force,realcartest_0_1570,HTS-EC-safe-StagRepMix-force,0.2,2,16,0,[],0,[],tree,d2_n156,80.0,,,2,"[85, 92]",,0,4
HTS-EC-safe-StagRepMix-force,realcartest_0_1570,HTS-EC-safe-StagRepMix-force,0.2,2,17,0,[],0,[],tree,d3_n176,96.0,,,1,[92],,0,4
HTS-EC-safe-StagRepMix-force,realcartest_0_1570,HTS-EC-safe-StagRepMix-force,0.2,2,18,0,[],0,[],tree,d3_n196,107.0,,,5,"[98, 101, 105, 106, 107]",,0,4
HTS-EC-safe-StagRepMix-force,realcartest_0_1570,HTS-EC-safe-StagRepMix-force,0.2,2,19,0,[],0,[],tree,d4_n206,106.0,,,2,"[105, 106]",,0,4
HTS-EC-safe-StagRepMix-force,realcartest_0_1570,HTS-EC-safe-StagRepMix-force,0.2,2,20,0,[],0,[],tree,d5_n207,103.0,,,0,[],,0,4
HTS-EC-safe-StagRepMix-force,realcartest_0_1570,HTS-EC-safe-StagRepMix-force,0.2,2,21,0,[],0,[],tree,d5_n210,105.0,,,1,[105],,0,4
HTS-EC-safe-StagRepMix-force,realcartest_0_1570,HTS-EC-safe-StagRepMix-force,0.2,2,22,0,[],0,[],,,,,,0,[],,0,4
HTS-EC-safe-StagRepMix-force,realcartest_0_1570,HTS-EC-safe-StagRepMix-force,0.2,2,22,0,[],0,[],,,,,,0,[],,0,4
HTS-EC-safe-StagRepMix-force,realcartest_0_1570,HTS-EC-safe-StagRepMix-force,0.2,2,22,0,[],0,[],tree,d5_n207,104.0,,,0,[],,0,4
HTS-EC-safe-StagRepMix-force,realcartest_0_1570,HTS-EC-safe-StagRepMix-force,0.2,2,23,0,[],0,[],,,,,,0,[],,0,4
HTS-EC-safe-StagRepMix-force,realcartest_0_1570,HTS-EC-safe-StagRepMix-force,0.2,2,23,0,[],0,[],,,,,,0,[],,0,4
HTS-EC-safe-StagRepMix-force,realcartest_0_1570,HTS-EC-safe-StagRepMix-force,0.2,2,23,0,[],0,[],tree,d4_n197,101.0,,,2,"[98, 101]",,0,4
HTS-EC-safe-StagRepMix-force,realcartest_0_1570,HTS-EC-safe-StagRepMix-force,0.2,2,24,0,[],0,[],tree,d5_n198,99.0,,,1,[98],,0,4
HTS-EC-safe-StagRepMix-force,realcartest_0_1570,HTS-EC-safe-StagRepMix-force,0.2,2,25,0,[],0,[],tree,d5_n198,98.0,,,1,[98],,0,4
HTS-EC-safe-StagRepMix-force,realcartest_0_1570,HTS-EC-safe-StagRepMix-force,0.2,2,26,0,[],0,[],,,,,,0,[],,0,4
HTS-EC-safe-StagRepMix-force,realcartest_0_1570,HTS-EC-safe-StagRepMix-force,0.2,2,26,0,[],0,[],,,,,,0,[],,0,4
HTS-EC-safe-StagRepMix-force,realcartest_0_1570,HTS-EC-safe-StagRepMix-force,0.2,2,26,0,[],0,[],,,,,,0,[],,0,4
HTS-EC-safe-StagRepMix-force,realcartest_0_1570,HTS-EC-safe-StagRepMix-force,0.2,2,26,0,[],0,[],,,,,,0,[],,0,4
HTS-EC-safe-StagRepMix-force,realcartest_0_1570,HTS-EC-safe-StagRepMix-force,0.2,2,26,0,[],0,[],,,,,,0,[],,0,4
HTS-EC-safe-StagRepMix-force,realcartest_0_1570,HTS-EC-safe-StagRepMix-force,0.2,2,26,0,[],0,[],tree,d5_n201,102.0,,,0,[],,0,4
HTS-EC-safe-StagRepMix-force,realcartest_0_1570,HTS-EC-safe-StagRepMix-force,0.2,2,27,0,[],0,[],,,,,,0,[],,0,4
HTS-EC-safe-StagRepMix-force,realcartest_0_1570,HTS-EC-safe-StagRepMix-force,0.2,2,27,0,[],0,[],,,,,,0,[],,0,4
HTS-EC-safe-StagRepMix-force,realcartest_0_1570,HTS-EC-safe-StagRepMix-force,0.2,2,27,0,[],0,[],tree,d1_n78,51.0,,,10,"[50, 53, 55, 56, 57, 58, 70, 73, 74, 76]",,0,4
HTS-EC-safe-StagRepMix-force,realcartest_0_1570,HTS-EC-safe-StagRepMix-force,0.2,2,28,0,[],0,[],tree,d1_n1,0.0,,,13,"[1, 2, 3, 4, 5, 6, 7, 8, 9, 10, 16, 26, 28]",,0,4
HTS-EC-safe-StagRepMix-force,realcartest_0_1570,HTS-EC-safe-StagRepMix-force,0.2,2,29,0,[],0,[],tree,d3_n176,89.0,,,1,[92],,0,4
HTS-EC-safe-StagRepMix-force,realcartest_0_1570,HTS-EC-safe-StagRepMix-force,0.2,2,30,0,[],0,[],tree,d3_n157,83.0,,,1,[85],,0,4
HTS-EC-safe-StagRepMix-force,realcartest_0_1570,HTS-EC-safe-StagRepMix-force,0.3,0,0,0,[],0,[],tree,d0_n0,99.0,,,44,"[1, 2, 3, 4, 5, 6, 7, 8, 9, 10, 16, 26, 28, 50, 53, 55, 56, 57, 58, 70, 73, 74, 76, 84, 85, 92, 98, 101, 105, 106, 107, 108, 111, 112, 113, 114, 115, 117, 118, 119, 121, 122, 125, 150]",,0,7
HTS-EC-safe-StagRepMix-force,realcartest_0_1570,HTS-EC-safe-StagRepMix-force,0.3,0,1,0,[],0,[],tree,d0_n0,9.0,,,44,"[1, 2, 3, 4, 5, 6, 7, 8, 9, 10, 16, 26, 28, 50, 53, 55, 56, 57, 58, 70, 73, 74, 76, 84, 85, 92, 98, 101, 105, 106, 107, 108, 111, 112, 113, 114, 115, 117, 118, 119, 121, 122, 125, 150]",,0,7
HTS-EC-safe-StagRepMix-force,realcartest_0_1570,HTS-EC-safe-StagRepMix-force,0.3,0,2,0,[],0,[],tree,d1_n78,69.0,,,10,"[50, 53, 55, 56, 57, 58, 70, 73, 74, 76]",,0,7
HTS-EC-safe-StagRepMix-force,realcartest_0_1570,HTS-EC-safe-StagRepMix-force,0.3,0,3,0,[],0,[],tree,d1_n234,123.0,,,6,"[118, 119, 121, 122, 125, 150]",,0,7
HTS-EC-safe-StagRepMix-force,realcartest_0_1570,HTS-EC-safe-StagRepMix-force,0.3,0,4,0,[],0,[],tree,d1_n1,7.0,,,12,"[1, 2, 3, 4, 5, 6, 7, 8, 10, 16, 26, 28]",,0,7
HTS-EC-safe-StagRepMix-force,realcartest_0_1570,HTS-EC-safe-StagRepMix-force,0.3,0,5,0,[],0,[],tree,d2_n41,37.0,,,2,"[26, 28]",,0,7
HTS-EC-safe-StagRepMix-force,realcartest_0_1570,HTS-EC-safe-StagRepMix-force,0.3,0,6,0,[],0,[],tree,d2_n2,5.0,,,9,"[1, 2, 3, 4, 5, 6, 8, 10, 16]",,0,7
HTS-EC-safe-StagRepMix-force,realcartest_0_1570,HTS-EC-safe-StagRepMix-force,0.3,0,7,0,[],0,[],tree,d3_n22,10.0,,,2,"[10, 16]",,0,7
HTS-EC-safe-StagRepMix-force,realcartest_0_1570,HTS-EC-safe-StagRepMix-force,0.3,0,8,0,[],0,[],tree,d3_n3,8.0,,,6,"[1, 2, 3, 4, 6, 8]",,0,7
HTS-EC-safe-StagRepMix-force,realcartest_0_1570,HTS-EC-safe-StagRepMix-force,0.3,0,9,0,[],0,[],tree,d4_n4,1.0,,,4,"[1, 2, 3, 4]",,0,7
HTS-EC-safe-StagRepMix-force,realcartest_0_1570,HTS-EC-safe-StagRepMix-force,0.3,0,10,0,[],0,[],tree,d4_n4,3.0,,,3,"[2, 3, 4]",,0,7
HTS-EC-safe-StagRepMix-force,realcartest_0_1570,HTS-EC-safe-StagRepMix-force,0.3,0,11,0,[],0,[],tree,d5_n5,0.0,,,0,[],,0,7
HTS-EC-safe-StagRepMix-force,realcartest_0_1570,HTS-EC-safe-StagRepMix-force,0.3,0,12,0,[],0,[],,,,,,0,[],,0,7
HTS-EC-safe-StagRepMix-force,realcartest_0_1570,HTS-EC-safe-StagRepMix-force,0.3,0,12,0,[],0,[],tree,d5_n8,2.0,,,2,"[2, 4]",,0,7
HTS-EC-safe-StagRepMix-force,realcartest_0_1570,HTS-EC-safe-StagRepMix-force,0.3,0,13,0,[],0,[],tree,d6_n12,4.0,,,1,[4],,0,7
HTS-EC-safe-StagRepMix-force,realcartest_0_1570,HTS-EC-safe-StagRepMix-force,0.3,0,14,0,[],0,[],,,,,,0,[],,0,7
HTS-EC-safe-StagRepMix-force,realcartest_0_1570,HTS-EC-safe-StagRepMix-force,0.3,0,14,0,[],0,[],,,,,,0,[],,0,7
HTS-EC-safe-StagRepMix-force,realcartest_0_1570,HTS-EC-safe-StagRepMix-force,0.3,0,14,0,[],0,[],,,,,,0,[],,0,7
HTS-EC-safe-StagRepMix-force,realcartest_0_1570,HTS-EC-safe-StagRepMix-force,0.3,0,14,0,[],0,[],tree,d3_n22,19.0,,,1,[16],,0,7
HTS-EC-safe-StagRepMix-force,realcartest_0_1570,HTS-EC-safe-StagRepMix-force,0.3,0,15,0,[],0,[],tree,d4_n23,11.0,,,0,[],,0,7
HTS-EC-safe-StagRepMix-force,realcartest_0_1570,HTS-EC-safe-StagRepMix-force,0.3,0,16,0,[],0,[],tree,d5_n27,12.0,,,0,[],,0,7
HTS-EC-safe-StagRepMix-force,realcartest_0_1570,HTS-EC-safe-StagRepMix-force,0.3,0,17,0,[],0,[],tree,d1_n155,107.0,,,15,"[84, 85, 92, 98, 101, 105, 106, 107, 108, 111, 112, 113, 114, 115, 117]",,0,7
HTS-EC-safe-StagRepMix-force,realcartest_0_1570,HTS-EC-safe-StagRepMix-force,0.3,0,18,0,[],0,[],tree,d2_n156,83.0,,,3,"[84, 85, 92]",,0,7
HTS-EC-safe-StagRepMix-force,realcartest_0_1570,HTS-EC-safe-StagRepMix-force,0.3,0,19,0,[],0,[],tree,d2_n195,115.0,,,11,"[98, 101, 105, 106, 108, 111, 112, 113, 114, 115, 117]",,0,7
HTS-EC-safe-StagRepMix-force,realcartest_0_1570,HTS-EC-safe-StagRepMix-force,0.3,0,20,0,[],0,[],tree,d3_n215,113.0,,,6,"[108, 111, 112, 113, 114, 117]",,0,7
HTS-EC-safe-StagRepMix-force,realcartest_0_1570,HTS-EC-safe-StagRepMix-force,0.3,0,21,0,[],0,[],tree,d4_n216,110.0,,,3,"[108, 111, 112]",,0,7
HTS-EC-safe-StagRepMix-force,realcartest_0_1570,HTS-EC-safe-StagRepMix-force,0.3,0,22,0,[],0,[],tree,d4_n225,114.0,,,2,"[114, 117]",,0,7
HTS-EC-safe-StagRepMix-force,realcartest_0_1570,HTS-EC-safe-StagRepMix-force,0.3,0,23,0,[],0,[],tree,d5_n229,117.0,,,1,[117],,0,7
HTS-EC-safe-StagRepMix-force,realcartest_0_1570,HTS-EC-safe-StagRepMix-force,0.3,0,24,0,[],0,[],tree,d6_n230,116.0,,,0,[],,0,7
HTS-EC-safe-StagRepMix-force,realcartest_0_1570,HTS-EC-safe-StagRepMix-force,0.3,0,25,0,[],0,[],,,,,,0,[],,0,7
HTS-EC-safe-StagRepMix-force,realcartest_0_1570,HTS-EC-safe-StagRepMix-force,0.3,0,25,0,[],0,[],,,,,,0,[],,0,7
HTS-EC-safe-StagRepMix-force,realcartest_0_1570,HTS-EC-safe-StagRepMix-force,0.3,0,25,0,[],0,[],,,,,,0,[],,0,7
HTS-EC-safe-StagRepMix-force,realcartest_0_1570,HTS-EC-safe-StagRepMix-force,0.3,0,25,0,[],0,[],tree,d4_n216,111.0,,,3,"[108, 111, 112]",,0,7
HTS-EC-safe-StagRepMix-force,realcartest_0_1570,HTS-EC-safe-StagRepMix-force,0.3,0,26,0,[],0,[],tree,d5_n217,109.0,,,1,[108],,0,7
HTS-EC-safe-StagRepMix-force,realcartest_0_1570,HTS-EC-safe-StagRepMix-force,0.3,0,27,0,[],0,[],,,,,,0,[],,0,7
HTS-EC-safe-StagRepMix-force,realcartest_0_1570,HTS-EC-safe-StagRepMix-force,0.3,0,27,0,[],0,[],tree,d5_n217,108.0,,,1,[108],,0,7
HTS-EC-safe-StagRepMix-force,realcartest_0_1570,HTS-EC-safe-StagRepMix-force,0.3,0,28,0,[],0,[],,,,,,0,[],,0,7
HTS-EC-safe-StagRepMix-force,realcartest_0_1570,HTS-EC-safe-StagRepMix-force,0.3,0,28,0,[],0,[],,,,,,0,[],,0,7
HTS-EC-safe-StagRepMix-force,realcartest_0_1570,HTS-EC-safe-StagRepMix-force,0.3,0,28,0,[],0,[],tree,d5_n220,112.0,,,1,[112],,0,7
HTS-EC-safe-StagRepMix-force,realcartest_0_1570,HTS-EC-safe-StagRepMix-force,0.3,0,29,0,[],0,[],,,,,,0,[],,0,7
HTS-EC-safe-StagRepMix-force,realcartest_0_1570,HTS-EC-safe-StagRepMix-force,0.3,0,29,0,[],0,[],,,,,,0,[],,0,7
HTS-EC-safe-StagRepMix-force,realcartest_0_1570,HTS-EC-safe-StagRepMix-force,0.3,0,29,0,[],0,[],tree,d3_n196,100.0,,,4,"[98, 101, 105, 106]",,0,7
HTS-EC-safe-StagRepMix-force,realcartest_0_1570,HTS-EC-safe-StagRepMix-force,0.3,0,30,0,[],0,[],tree,d4_n206,106.0,,,2,"[105, 106]",,0,7
HTS-EC-safe-StagRepMix-force,realcartest_0_1570,HTS-EC-safe-StagRepMix-force,0.3,0,31,0,[],0,[],tree,d5_n207,103.0,,,0,[],,0,7
HTS-EC-safe-StagRepMix-force,realcartest_0_1570,HTS-EC-safe-StagRepMix-force,0.3,0,32,0,[],0,[],tree,d5_n210,105.0,,,1,[105],,0,7
HTS-EC-safe-StagRepMix-force,realcartest_0_1570,HTS-EC-safe-StagRepMix-force,0.3,0,33,0,[],0,[],,,,,,0,[],,0,7
HTS-EC-safe-StagRepMix-force,realcartest_0_1570,HTS-EC-safe-StagRepMix-force,0.3,0,33,0,[],0,[],,,,,,0,[],,0,7
HTS-EC-safe-StagRepMix-force,realcartest_0_1570,HTS-EC-safe-StagRepMix-force,0.3,0,33,0,[],0,[],tree,d5_n207,104.0,,,0,[],,0,7
HTS-EC-safe-StagRepMix-force,realcartest_0_1570,HTS-EC-safe-StagRepMix-force,0.3,0,34,0,[],0,[],,,,,,0,[],,0,7
HTS-EC-safe-StagRepMix-force,realcartest_0_1570,HTS-EC-safe-StagRepMix-force,0.3,0,34,0,[],0,[],,,,,,0,[],,0,7
HTS-EC-safe-StagRepMix-force,realcartest_0_1570,HTS-EC-safe-StagRepMix-force,0.3,0,34,0,[],0,[],tree,d1_n78,51.0,,,10,"[50, 53, 55, 56, 57, 58, 70, 73, 74, 76]",,0,7
HTS-EC-safe-StagRepMix-force,realcartest_0_1570,HTS-EC-safe-StagRepMix-force,0.3,0,35,0,[],0,[],tree,d2_n156,80.0,,,3,"[84, 85, 92]",,0,7
HTS-EC-safe-StagRepMix-force,realcartest_0_1570,HTS-EC-safe-StagRepMix-force,0.3,0,36,0,[],0,[],tree,d1_n234,126.0,,,6,"[118, 119, 121, 122, 125, 150]",,0,7
HTS-EC-safe-StagRepMix-force,realcartest_0_1570,HTS-EC-safe-StagRepMix-force,0.3,0,37,0,[],0,[],tree,d4_n32,18.0,,,1,[16],,0,7
HTS-EC-safe-StagRepMix-force,realcartest_0_1570,HTS-EC-safe-StagRepMix-force,0.3,0,38,0,[],0,[],,,,,,0,[],,0,7
HTS-EC-safe-StagRepMix-force,realcartest_0_1570,HTS-EC-safe-StagRepMix-force,0.3,0,38,0,[],0,[],tree,d2_n41,38.0,,,2,"[26, 28]",,0,7
HTS-EC-safe-StagRepMix-force,realcartest_0_1570,HTS-EC-safe-StagRepMix-force,0.3,0,39,0,[],0,[],tree,d4_n197,101.0,,,2,"[98, 101]",,0,7
HTS-EC-safe-StagRepMix-force,realcartest_0_1570,HTS-EC-safe-StagRepMix-force,0.3,0,40,0,[],0,[],tree,d5_n198,98.0,,,1,[98],,0,7
HTS-EC-safe-StagRepMix-force,realcartest_0_1570,HTS-EC-safe-StagRepMix-force,0.3,0,41,0,[],0,[],,,,,,0,[],,0,7
HTS-EC-safe-StagRepMix-force,realcartest_0_1570,HTS-EC-safe-StagRepMix-force,0.3,0,41,0,[],0,[],,,,,,0,[],,0,7
HTS-EC-safe-StagRepMix-force,realcartest_0_1570,HTS-EC-safe-StagRepMix-force,0.3,0,41,0,[],0,[],tree,d5_n201,102.0,,,0,[],,0,7
HTS-EC-safe-StagRepMix-force,realcartest_0_1570,HTS-EC-safe-StagRepMix-force,0.3,0,42,0,[],0,[],,,,,,0,[],,0,7
HTS-EC-safe-StagRepMix-force,realcartest_0_1570,HTS-EC-safe-StagRepMix-force,0.3,0,42,0,[],0,[],,,,,,0,[],,0,7
HTS-EC-safe-StagRepMix-force,realcartest_0_1570,HTS-EC-safe-StagRepMix-force,0.3,0,42,0,[],0,[],tree,d5_n27,14.0,,,0,[],,0,7
HTS-EC-safe-StagRepMix-force,realcartest_0_1570,HTS-EC-safe-StagRepMix-force,0.3,0,43,0,[],0,[],tree,d1_n78,74.0,,,10,"[50, 53, 55, 56, 57, 58, 70, 73, 74, 76]",,0,7
HTS-EC-safe-StagRepMix-force,realcartest_0_1570,HTS-EC-safe-StagRepMix-force,0.3,0,44,0,[],0,[],tree,d2_n79,50.0,,,6,"[50, 53, 55, 56, 57, 58]",,0,7
HTS-EC-safe-StagRepMix-force,realcartest_0_1570,HTS-EC-safe-StagRepMix-force,0.3,0,45,0,[],0,[],tree,d3_n80,45.0,,,0,[],,0,7
HTS-EC-safe-StagRepMix-force,realcartest_0_1570,HTS-EC-safe-StagRepMix-force,0.3,0,46,0,[],0,[],tree,d3_n80,44.0,,,0,[],,0,7
HTS-EC-safe-StagRepMix-force,realcartest_0_1570,HTS-EC-safe-StagRepMix-force,0.3,1,0,0,[],0,[],tree,d0_n0,2.0,,,44,"[1, 2, 3, 4, 5, 6, 7, 8, 9, 10, 16, 26, 28, 50, 53, 55, 56, 57, 58, 70, 73, 74, 76, 84, 85, 92, 98, 101, 105, 106, 107, 108, 111, 112, 113, 114, 115, 117, 118, 119, 121, 122, 125, 150]",,0,7
HTS-EC-safe-StagRepMix-force,realcartest_0_1570,HTS-EC-safe-StagRepMix-force,0.3,1,1,0,[],0,[],tree,d0_n0,80.0,,,43,"[1, 3, 4, 5, 6, 7, 8, 9, 10, 16, 26, 28, 50, 53, 55, 56, 57, 58, 70, 73, 74, 76, 84, 85, 92, 98, 101, 105, 106, 107, 108, 111, 112, 113, 114, 115, 117, 118, 119, 121, 122, 125, 150]",,0,7
HTS-EC-safe-StagRepMix-force,realcartest_0_1570,HTS-EC-safe-StagRepMix-force,0.3,1,2,0,[],0,[],tree,d1_n78,51.0,,,10,"[50, 53, 55, 56, 57, 58, 70, 73, 74, 76]",,0,7
HTS-EC-safe-StagRepMix-force,realcartest_0_1570,HTS-EC-safe-StagRepMix-force,0.3,1,3,0,[],0,[],tree,d1_n234,145.0,,,6,"[118, 119, 121, 122, 125, 150]",,0,7
HTS-EC-safe-StagRepMix-force,realcartest_0_1570,HTS-EC-safe-StagRepMix-force,0.3,1,4,0,[],0,[],tree,d1_n1,3.0,,,12,"[1, 3, 4, 5, 6, 7, 8, 9, 10, 16, 26, 28]",,0,7
HTS-EC-safe-StagRepMix-force,realcartest_0_1570,HTS-EC-safe-StagRepMix-force,0.3,1,5,0,[],0,[],tree,d2_n41,37.0,,,2,"[26, 28]",,0,7
HTS-EC-safe-StagRepMix-force,realcartest_0_1570,HTS-EC-safe-StagRepMix-force,0.3,1,6,0,[],0,[],tree,d2_n2,0.0,,,9,"[1, 4, 5, 6, 7, 8, 9, 10, 16]",,0,7
HTS-EC-safe-StagRepMix-force,realcartest_0_1570,HTS-EC-safe-StagRepMix-force,0.3,1,7,0,[],0,[],tree,d3_n22,19.0,,,2,"[10, 16]",,0,7
HTS-EC-safe-StagRepMix-force,realcartest_0_1570,HTS-EC-safe-StagRepMix-force,0.3,1,8,0,[],0,[],tree,d3_n3,5.0,,,7,"[1, 4, 5, 6, 7, 8, 9]",,0,7
HTS-EC-safe-StagRepMix-force,realcartest_0_1570,HTS-EC-safe-StagRepMix-force,0.3,1,9,0,[],0,[],tree,d4_n13,9.0,,,4,"[6, 7, 8, 9]",,0,7
HTS-EC-safe-StagRepMix-force,realcartest_0_1570,HTS-EC-safe-StagRepMix-force,0.3,1,10,0,[],0,[],tree,d5_n14,6.0,,,1,[6],,0,7
HTS-EC-safe-StagRepMix-force,realcartest_0_1570,HTS-EC-safe-StagRepMix-force,0.3,1,11,0,[],0,[],tree,d5_n17,8.0,,,2,"[7, 8]",,0,7
HTS-EC-safe-StagRepMix-force,realcartest_0_1570,HTS-EC-safe-StagRepMix-force,0.3,1,12,0,[],0,[],,,,,,0,[],,0,7
HTS-EC-safe-StagRepMix-force,realcartest_0_1570,HTS-EC-safe-StagRepMix-force,0.3,1,12,0,[],0,[],,,,,,0,[],,0,7
HTS-EC-safe-StagRepMix-force,realcartest_0_1570,HTS-EC-safe-StagRepMix-force,0.3,1,12,0,[],0,[],tree,d6_n18,7.0,,,1,[7],,0,7
HTS-EC-safe-StagRepMix-force,realcartest_0_1570,HTS-EC-safe-StagRepMix-force,0.3,1,13,0,[],0,[],,,,,,0,[],,0,7
HTS-EC-safe-StagRepMix-force,realcartest_0_1570,HTS-EC-safe-StagRepMix-force,0.3,1,13,0,[],0,[],,,,,,0,[],,0,7
HTS-EC-safe-StagRepMix-force,realcartest_0_1570,HTS-EC-safe-StagRepMix-force,0.3,1,13,0,[],0,[],,,,,,0,[],,0,7
HTS-EC-safe-StagRepMix-force,realcartest_0_1570,HTS-EC-safe-StagRepMix-force,0.3,1,13,0,[],0,[],tree,d1_n155,113.0,,,15,"[84, 85, 92, 98, 101, 105, 106, 107, 108, 111, 112, 113, 114, 115, 117]",,0,7
HTS-EC-safe-StagRepMix-force,realcartest_0_1570,HTS-EC-safe-StagRepMix-force,0.3,1,14,0,[],0,[],tree,d2_n195,114.0,,,11,"[98, 101, 105, 106, 107, 108, 111, 112, 114, 115, 117]",,0,7
HTS-EC-safe-StagRepMix-force,realcartest_0_1570,HTS-EC-safe-StagRepMix-force,0.3,1,15,0,[],0,[],tree,d3_n196,99.0,,,5,"[98, 101, 105, 106, 107]",,0,7
HTS-EC-safe-StagRepMix-force,realcartest_0_1570,HTS-EC-safe-StagRepMix-force,0.3,1,16,0,[],0,[],tree,d3_n215,112.0,,,5,"[108, 111, 112, 115, 117]",,0,7
HTS-EC-safe-StagRepMix-force,realcartest_0_1570,HTS-EC-safe-StagRepMix-force,0.3,1,17,0,[],0,[],tree,d4_n216,110.0,,,2,"[108, 111]",,0,7
HTS-EC-safe-StagRepMix-force,realcartest_0_1570,HTS-EC-safe-StagRepMix-force,0.3,1,18,0,[],0,[],tree,d5_n217,109.0,,,1,[108],,0,7
HTS-EC-safe-StagRepMix-force,realcartest_0_1570,HTS-EC-safe-StagRepMix-force,0.3,1,19,0,[],0,[],tree,d4_n225,117.0,,,2,"[115, 117]",,0,7
HTS-EC-safe-StagRepMix-force,realcartest_0_1570,HTS-EC-safe-StagRepMix-force,0.3,1,20,0,[],0,[],tree,d5_n229,115.0,,,1,[115],,0,7
HTS-EC-safe-StagRepMix-force,realcartest_0_1570,HTS-EC-safe-StagRepMix-force,0.3,1,21,0,[],0,[],tree,d6_n230,116.0,,,0,[],,0,7
HTS-EC-safe-StagRepMix-force,realcartest_0_1570,HTS-EC-safe-StagRepMix-force,0.3,1,22,0,[],0,[],,,,,,0,[],,0,7
HTS-EC-safe-StagRepMix-force,realcartest_0_1570,HTS-EC-safe-StagRepMix-force,0.3,1,22,0,[],0,[],,,,,,0,[],,0,7
HTS-EC-safe-StagRepMix-force,realcartest_0_1570,HTS-EC-safe-StagRepMix-force,0.3,1,22,0,[],0,[],,,,,,0,[],,0,7
HTS-EC-safe-StagRepMix-force,realcartest_0_1570,HTS-EC-safe-StagRepMix-force,0.3,1,22,0,[],0,[],tree,d5_n217,108.0,,,1,[108],,0,7
HTS-EC-safe-StagRepMix-force,realcartest_0_1570,HTS-EC-safe-StagRepMix-force,0.3,1,23,0,[],0,[],,,,,,0,[],,0,7
HTS-EC-safe-StagRepMix-force,realcartest_0_1570,HTS-EC-safe-StagRepMix-force,0.3,1,23,0,[],0,[],,,,,,0,[],,0,7
HTS-EC-safe-StagRepMix-force,realcartest_0_1570,HTS-EC-safe-StagRepMix-force,0.3,1,23,0,[],0,[],,,,,,0,[],,0,7
HTS-EC-safe-StagRepMix-force,realcartest_0_1570,HTS-EC-safe-StagRepMix-force,0.3,1,23,0,[],0,[],tree,d3_n196,100.0,,,5,"[98, 101, 105, 106, 107]",,0,7
HTS-EC-safe-StagRepMix-force,realcartest_0_1570,HTS-EC-safe-StagRepMix-force,0.3,1,24,0,[],0,[],tree,d4_n206,107.0,,,3,"[105, 106, 107]",,0,7
HTS-EC-safe-StagRepMix-force,realcartest_0_1570,HTS-EC-safe-StagRepMix-force,0.3,1,25,0,[],0,[],tree,d4_n206,106.0,,,2,"[105, 106]",,0,7
HTS-EC-safe-StagRepMix-force,realcartest_0_1570,HTS-EC-safe-StagRepMix-force,0.3,1,26,0,[],0,[],tree,d5_n207,103.0,,,0,[],,0,7
HTS-EC-safe-StagRepMix-force,realcartest_0_1570,HTS-EC-safe-StagRepMix-force,0.3,1,27,0,[],0,[],tree,d5_n210,105.0,,,1,[105],,0,7
HTS-EC-safe-StagRepMix-force,realcartest_0_1570,HTS-EC-safe-StagRepMix-force,0.3,1,28,0,[],0,[],,,,,,0,[],,0,7
HTS-EC-safe-StagRepMix-force,realcartest_0_1570,HTS-EC-safe-StagRepMix-force,0.3,1,28,0,[],0,[],,,,,,0,[],,0,7
HTS-EC-safe-StagRepMix-force,realcartest_0_1570,HTS-EC-safe-StagRepMix-force,0.3,1,28,0,[],0,[],tree,d5_n207,104.0,,,0,[],,0,7
HTS-EC-safe-StagRepMix-force,realcartest_0_1570,HTS-EC-safe-StagRepMix-force,0.3,1,29,0,[],0,[],,,,,,0,[],,0,7
HTS-EC-safe-StagRepMix-force,realcartest_0_1570,HTS-EC-safe-StagRepMix-force,0.3,1,29,0,[],0,[],,,,,,0,[],,0,7
HTS-EC-safe-StagRepMix-force,realcartest_0_1570,HTS-EC-safe-StagRepMix-force,0.3,1,29,0,[],0,[],tree,d5_n220,111.0,,,1,[111],,0,7
HTS-EC-safe-StagRepMix-force,realcartest_0_1570,HTS-EC-safe-StagRepMix-force,0.3,1,30,0,[],0,[],,,,,,0,[],,0,7
HTS-EC-safe-StagRepMix-force,realcartest_0_1570,HTS-EC-safe-StagRepMix-force,0.3,1,30,0,[],0,[],,,,,,0,[],,0,7
HTS-EC-safe-StagRepMix-force,realcartest_0_1570,HTS-EC-safe-StagRepMix-force,0.3,1,30,0,[],0,[],tree,d1_n78,50.0,,,10,"[50, 53, 55, 56, 57, 58, 70, 73, 74, 76]",,0,7
HTS-EC-safe-StagRepMix-force,realcartest_0_1570,HTS-EC-safe-StagRepMix-force,0.3,1,31,0,[],0,[],tree,d2_n118,69.0,,,4,"[70, 73, 74, 76]",,0,7
HTS-EC-safe-StagRepMix-force,realcartest_0_1570,HTS-EC-safe-StagRepMix-force,0.3,1,32,0,[],0,[],tree,d4_n4,1.0,,,2,"[1, 4]",,0,7
HTS-EC-safe-StagRepMix-force,realcartest_0_1570,HTS-EC-safe-StagRepMix-force,0.3,1,33,0,[],0,[],tree,d5_n8,4.0,,,1,[4],,0,7
HTS-EC-safe-StagRepMix-force,realcartest_0_1570,HTS-EC-safe-StagRepMix-force,0.3,1,34,0,[],0,[],,,,,,0,[],,0,7
HTS-EC-safe-StagRepMix-force,realcartest_0_1570,HTS-EC-safe-StagRepMix-force,0.3,1,34,0,[],0,[],,,,,,0,[],,0,7
HTS-EC-safe-StagRepMix-force,realcartest_0_1570,HTS-EC-safe-StagRepMix-force,0.3,1,34,0,[],0,[],,,,,,0,[],,0,7
HTS-EC-safe-StagRepMix-force,realcartest_0_1570,HTS-EC-safe-StagRepMix-force,0.3,1,34,0,[],0,[],tree,d2_n118,74.0,,,4,"[70, 73, 74, 76]",,0,7
HTS-EC-safe-StagRepMix-force,realcartest_0_1570,HTS-EC-safe-StagRepMix-force,0.3,1,35,0,[],0,[],tree,d3_n119,59.0,,,0,[],,0,7
HTS-EC-safe-StagRepMix-force,realcartest_0_1570,HTS-EC-safe-StagRepMix-force,0.3,1,36,0,[],0,[],tree,d3_n138,75.0,,,3,"[70, 73, 76]",,0,7
HTS-EC-safe-StagRepMix-force,realcartest_0_1570,HTS-EC-safe-StagRepMix-force,0.3,1,37,0,[],0,[],tree,d4_n139,70.0,,,1,[70],,0,7
HTS-EC-safe-StagRepMix-force,realcartest_0_1570,HTS-EC-safe-StagRepMix-force,0.3,1,38,0,[],0,[],tree,d5_n143,71.0,,,0,[],,0,7
HTS-EC-safe-StagRepMix-force,realcartest_0_1570,HTS-EC-safe-StagRepMix-force,0.3,1,39,0,[],0,[],,,,,,0,[],,0,7
HTS-EC-safe-StagRepMix-force,realcartest_0_1570,HTS-EC-safe-StagRepMix-force,0.3,1,39,0,[],0,[],tree,d4_n146,73.0,,,2,"[73, 76]",,0,7
HTS-EC-safe-StagRepMix-force,realcartest_0_1570,HTS-EC-safe-StagRepMix-force,0.3,1,40,0,[],0,[],,,,,,0,[],,0,7
HTS-EC-safe-StagRepMix-force,realcartest_0_1570,HTS-EC-safe-StagRepMix-force,0.3,1,40,0,[],0,[],tree,d5_n150,76.0,,,1,[76],,0,7
HTS-EC-safe-StagRepMix-force,realcartest_0_1570,HTS-EC-safe-StagRepMix-force,0.3,1,41,0,[],0,[],tree,d6_n154,77.0,,,0,[],,0,7
HTS-EC-safe-StagRepMix-force,realcartest_0_1570,HTS-EC-safe-StagRepMix-force,0.3,1,42,0,[],0,[],,,,,,0,[],,0,7
HTS-EC-safe-StagRepMix-force,realcartest_0_1570,HTS-EC-safe-StagRepMix-force,0.3,1,42,0,[],0,[],,,,,,0,[],,0,7
HTS-EC-safe-StagRepMix-force,realcartest_0_1570,HTS-EC-safe-StagRepMix-force,0.3,1,42,0,[],0,[],tree,d2_n79,52.0,,,5,"[53, 55, 56, 57, 58]",,0,7
HTS-EC-safe-StagRepMix-force,realcartest_0_1570,HTS-EC-safe-StagRepMix-force,0.3,1,43,0,[],0,[],tree,d3_n80,45.0,,,0,[],,0,7
HTS-EC-safe-StagRepMix-force,realcartest_0_1570,HTS-EC-safe-StagRepMix-force,0.3,1,44,0,[],0,[],tree,d3_n80,44.0,,,0,[],,0,7
HTS-EC-safe-StagRepMix-force,realcartest_0_1570,HTS-EC-safe-StagRepMix-force,0.3,1,45,0,[],0,[],tree,d4_n81,40.0,,,0,[],,0,7
HTS-EC-safe-StagRepMix-force,realcartest_0_1570,HTS-EC-safe-StagRepMix-force,0.3,1,46,0,[],0,[],tree,d4_n81,42.0,,,0,[],,0,7
HTS-EC-safe-StagRepMix-force,realcartest_0_1570,HTS-EC-safe-StagRepMix-force,0.3,2,0,0,[],0,[],tree,d0_n0,126.0,,,44,"[1, 2, 3, 4, 5, 6, 7, 8, 9, 10, 16, 26, 28, 50, 53, 55, 56, 57, 58, 70, 73, 74, 76, 84, 85, 92, 98, 101, 105, 106, 107, 108, 111, 112, 113, 114, 115, 117, 118, 119, 121, 122, 125, 150]",,0,7
HTS-EC-safe-StagRepMix-force,realcartest_0_1570,HTS-EC-safe-StagRepMix-force,0.3,2,1,0,[],0,[],tree,d0_n0,144.0,,,44,"[1, 2, 3, 4, 5, 6, 7, 8, 9, 10, 16, 26, 28, 50, 53, 55, 56, 57, 58, 70, 73, 74, 76, 84, 85, 92, 98, 101, 105, 106, 107, 108, 111, 112, 113, 114, 115, 117, 118, 119, 121, 122, 125, 150]",,0,7
HTS-EC-safe-StagRepMix-force,realcartest_0_1570,HTS-EC-safe-StagRepMix-force,0.3,2,2,0,[],0,[],tree,d0_n0,84.0,,,44,"[1, 2, 3, 4, 5, 6, 7, 8, 9, 10, 16, 26, 28, 50, 53, 55, 56, 57, 58, 70, 73, 74, 76, 84, 85, 92, 98, 101, 105, 106, 107, 108, 111, 112, 113, 114, 115, 117, 118, 119, 121, 122, 125, 150]",,0,7
HTS-EC-safe-StagRepMix-force,realcartest_0_1570,HTS-EC-safe-StagRepMix-force,0.3,2,3,0,[],0,[],tree,d1_n78,69.0,,,10,"[50, 53, 55, 56, 57, 58, 70, 73, 74, 76]",,0,7
HTS-EC-safe-StagRepMix-force,realcartest_0_1570,HTS-EC-safe-StagRepMix-force,0.3,2,4,0,[],0,[],tree,d1_n1,18.0,,,13,"[1, 2, 3, 4, 5, 6, 7, 8, 9, 10, 16, 26, 28]",,0,7
HTS-EC-safe-StagRepMix-force,realcartest_0_1570,HTS-EC-safe-StagRepMix-force,0.3,2,5,0,[],0,[],tree,d1_n155,113.0,,,14,"[85, 92, 98, 101, 105, 106, 107, 108, 111, 112, 113, 114, 115, 117]",,0,7
HTS-EC-safe-StagRepMix-force,realcartest_0_1570,HTS-EC-safe-StagRepMix-force,0.3,2,6,0,[],0,[],tree,d2_n195,115.0,,,11,"[98, 101, 105, 106, 107, 108, 111, 112, 114, 115, 117]",,0,7
HTS-EC-safe-StagRepMix-force,realcartest_0_1570,HTS-EC-safe-StagRepMix-force,0.3,2,7,0,[],0,[],tree,d3_n196,100.0,,,5,"[98, 101, 105, 106, 107]",,0,7
HTS-EC-safe-StagRepMix-force,realcartest_0_1570,HTS-EC-safe-StagRepMix-force,0.3,2,8,0,[],0,[],tree,d3_n215,108.0,,,5,"[108, 111, 112, 114, 117]",,0,7
HTS-EC-safe-StagRepMix-force,realcartest_0_1570,HTS-EC-safe-StagRepMix-force,0.3,2,9,0,[],0,[],tree,d4_n216,109.0,,,2,"[111, 112]",,0,7
HTS-EC-safe-StagRepMix-force,realcartest_0_1570,HTS-EC-safe-StagRepMix-force,0.3,2,10,0,[],0,[],tree,d5_n220,111.0,,,2,"[111, 112]",,0,7
HTS-EC-safe-StagRepMix-force,realcartest_0_1570,HTS-EC-safe-StagRepMix-force,0.3,2,11,0,[],0,[],tree,d5_n220,110.0,,,1,[112],,0,7
HTS-EC-safe-StagRepMix-force,realcartest_0_1570,HTS-EC-safe-StagRepMix-force,0.3,2,12,0,[],0,[],tree,d6_n224,112.0,,,1,[112],,0,7
HTS-EC-safe-StagRepMix-force,realcartest_0_1570,HTS-EC-safe-StagRepMix-force,0.3,2,13,0,[],0,[],,,,,,0,[],,0,7
HTS-EC-safe-StagRepMix-force,realcartest_0_1570,HTS-EC-safe-StagRepMix-force,0.3,2,13,0,[],0,[],tree,d4_n225,117.0,,,2,"[114, 117]",,0,7
HTS-EC-safe-StagRepMix-force,realcartest_0_1570,HTS-EC-safe-StagRepMix-force,0.3,2,14,0,[],0,[],tree,d5_n226,114.0,,,1,[114],,0,7
HTS-EC-safe-StagRepMix-force,realcartest_0_1570,HTS-EC-safe-StagRepMix-force,0.3,2,15,0,[],0,[],,,,,,0,[],,0,7
HTS-EC-safe-StagRepMix-force,realcartest_0_1570,HTS-EC-safe-StagRepMix-force,0.3,2,15,0,[],0,[],,,,,,0,[],,0,7
HTS-EC-safe-StagRepMix-force,realcartest_0_1570,HTS-EC-safe-StagRepMix-force,0.3,2,15,0,[],0,[],tree,d5_n229,116.0,,,0,[],,0,7
HTS-EC-safe-StagRepMix-force,realcartest_0_1570,HTS-EC-safe-StagRepMix-force,0.3,2,16,0,[],0,[],,,,,,0,[],,0,7
HTS-EC-safe-StagRepMix-force,realcartest_0_1570,HTS-EC-safe-StagRepMix-force,0.3,2,16,0,[],0,[],tree,d2_n156,80.0,,,2,"[85, 92]",,0,7
HTS-EC-safe-StagRepMix-force,realcartest_0_1570,HTS-EC-safe-StagRepMix-force,0.3,2,17,0,[],0,[],tree,d3_n176,96.0,,,1,[92],,0,7
HTS-EC-safe-StagRepMix-force,realcartest_0_1570,HTS-EC-safe-StagRepMix-force,0.3,2,18,0,[],0,[],tree,d3_n196,107.0,,,5,"[98, 101, 105, 106, 107]",,0,7
HTS-EC-safe-StagRepMix-force,realcartest_0_1570,HTS-EC-safe-StagRepMix-force,0.3,2,19,0,[],0,[],tree,d4_n206,106.0,,,2,"[105, 106]",,0,7
HTS-EC-safe-StagRepMix-force,realcartest_0_1570,HTS-EC-safe-StagRepMix-force,0.3,2,20,0,[],0,[],tree,d5_n207,103.0,,,0,[],,0,7
HTS-EC-safe-StagRepMix-force,realcartest_0_1570,HTS-EC-safe-StagRepMix-force,0.3,2,21,0,[],0,[],tree,d5_n210,105.0,,,1,[105],,0,7
HTS-EC-safe-StagRepMix-force,realcartest_0_1570,HTS-EC-safe-StagRepMix-force,0.3,2,22,0,[],0,[],,,,,,0,[],,0,7
HTS-EC-safe-StagRepMix-force,realcartest_0_1570,HTS-EC-safe-StagRepMix-force,0.3,2,22,0,[],0,[],,,,,,0,[],,0,7
HTS-EC-safe-StagRepMix-force,realcartest_0_1570,HTS-EC-safe-StagRepMix-force,0.3,2,22,0,[],0,[],tree,d5_n207,104.0,,,0,[],,0,7
HTS-EC-safe-StagRepMix-force,realcartest_0_1570,HTS-EC-safe-StagRepMix-force,0.3,2,23,0,[],0,[],,,,,,0,[],,0,7
HTS-EC-safe-StagRepMix-force,realcartest_0_1570,HTS-EC-safe-StagRepMix-force,0.3,2,23,0,[],0,[],,,,,,0,[],,0,7
HTS-EC-safe-StagRepMix-force,realcartest_0_1570,HTS-EC-safe-StagRepMix-force,0.3,2,23,0,[],0,[],tree,d4_n197,101.0,,,2,"[98, 101]",,0,7
HTS-EC-safe-StagRepMix-force,realcartest_0_1570,HTS-EC-safe-StagRepMix-force,0.3,2,24,0,[],0,[],tree,d5_n198,99.0,,,1,[98],,0,7
HTS-EC-safe-StagRepMix-force,realcartest_0_1570,HTS-EC-safe-StagRepMix-force,0.3,2,25,0,[],0,[],tree,d5_n198,98.0,,,1,[98],,0,7
HTS-EC-safe-StagRepMix-force,realcartest_0_1570,HTS-EC-safe-StagRepMix-force,0.3,2,26,0,[],0,[],,,,,,0,[],,0,7
HTS-EC-safe-StagRepMix-force,realcartest_0_1570,HTS-EC-safe-StagRepMix-force,0.3,2,26,0,[],0,[],,,,,,0,[],,0,7
HTS-EC-safe-StagRepMix-force,realcartest_0_1570,HTS-EC-safe-StagRepMix-force,0.3,2,26,0,[],0,[],,,,,,0,[],,0,7
HTS-EC-safe-StagRepMix-force,realcartest_0_1570,HTS-EC-safe-StagRepMix-force,0.3,2,26,0,[],0,[],,,,,,0,[],,0,7
HTS-EC-safe-StagRepMix-force,realcartest_0_1570,HTS-EC-safe-StagRepMix-force,0.3,2,26,0,[],0,[],,,,,,0,[],,0,7
HTS-EC-safe-StagRepMix-force,realcartest_0_1570,HTS-EC-safe-StagRepMix-force,0.3,2,26,0,[],0,[],tree,d5_n201,102.0,,,0,[],,0,7
HTS-EC-safe-StagRepMix-force,realcartest_0_1570,HTS-EC-safe-StagRepMix-force,0.3,2,27,0,[],0,[],,,,,,0,[],,0,7
HTS-EC-safe-StagRepMix-force,realcartest_0_1570,HTS-EC-safe-StagRepMix-force,0.3,2,27,0,[],0,[],,,,,,0,[],,0,7
HTS-EC-safe-StagRepMix-force,realcartest_0_1570,HTS-EC-safe-StagRepMix-force,0.3,2,27,0,[],0,[],tree,d1_n78,51.0,,,10,"[50, 53, 55, 56, 57, 58, 70, 73, 74, 76]",,0,7
HTS-EC-safe-StagRepMix-force,realcartest_0_1570,HTS-EC-safe-StagRepMix-force,0.3,2,28,0,[],0,[],tree,d1_n1,0.0,,,13,"[1, 2, 3, 4, 5, 6, 7, 8, 9, 10, 16, 26, 28]",,0,7
HTS-EC-safe-StagRepMix-force,realcartest_0_1570,HTS-EC-safe-StagRepMix-force,0.3,2,29,0,[],0,[],tree,d3_n176,89.0,,,1,[92],,0,7
HTS-EC-safe-StagRepMix-force,realcartest_0_1570,HTS-EC-safe-StagRepMix-force,0.3,2,30,0,[],0,[],tree,d3_n157,83.0,,,1,[85],,0,7
HTS-EC-safe-StagRepMix-force,realcartest_0_1570,HTS-EC-safe-StagRepMix-force,0.3,2,31,0,[],0,[],tree,d4_n158,79.0,,,0,[],,0,7
HTS-EC-safe-StagRepMix-force,realcartest_0_1570,HTS-EC-safe-StagRepMix-force,0.3,2,32,0,[],0,[],tree,d4_n167,85.0,,,1,[85],,0,7
HTS-EC-safe-StagRepMix-force,realcartest_0_1570,HTS-EC-safe-StagRepMix-force,0.3,2,33,0,[],0,[],,,,,,0,[],,0,7
HTS-EC-safe-StagRepMix-force,realcartest_0_1570,HTS-EC-safe-StagRepMix-force,0.3,2,33,0,[],0,[],tree,d5_n171,86.0,,,0,[],,0,7
HTS-EC-safe-StagRepMix-force,realcartest_0_1570,HTS-EC-safe-StagRepMix-force,0.3,2,34,0,[],0,[],tree,d6_n175,87.0,,,0,[],,0,7
HTS-EC-safe-StagRepMix-force,realcartest_0_1570,HTS-EC-safe-StagRepMix-force,0.3,2,35,0,[],0,[],,,,,,0,[],,0,7
HTS-EC-safe-StagRepMix-force,realcartest_0_1570,HTS-EC-safe-StagRepMix-force,0.3,2,35,0,[],0,[],,,,,,0,[],,0,7
HTS-EC-safe-StagRepMix-force,realcartest_0_1570,HTS-EC-safe-StagRepMix-force,0.3,2,35,0,[],0,[],tree,d1_n78,50.0,,,10,"[50, 53, 55, 56, 57, 58, 70, 73, 74, 76]",,0,7
HTS-EC-safe-StagRepMix-force,realcartest_0_1570,HTS-EC-safe-StagRepMix-force,0.3,2,36,0,[],0,[],tree,d2_n118,74.0,,,4,"[70, 73, 74, 76]",,0,7
HTS-EC-safe-StagRepMix-force,realcartest_0_1570,HTS-EC-safe-StagRepMix-force,0.3,2,37,0,[],0,[],tree,d3_n119,59.0,,,0,[],,0,7
HTS-EC-safe-StagRepMix-force,realcartest_0_1570,HTS-EC-safe-StagRepMix-force,0.3,2,38,0,[],0,[],tree,d3_n138,75.0,,,3,"[70, 73, 76]",,0,7
HTS-EC-safe-StagRepMix-force,realcartest_0_1570,HTS-EC-safe-StagRepMix-force,0.3,2,39,0,[],0,[],tree,d4_n139,70.0,,,1,[70],,0,7
HTS-EC-safe-StagRepMix-force,realcartest_0_1570,HTS-EC-safe-StagRepMix-force,0.3,2,40,0,[],0,[],tree,d5_n143,71.0,,,0,[],,0,7
HTS-EC-safe-StagRepMix-force,realcartest_0_1570,HTS-EC-safe-StagRepMix-force,0.3,2,41,0,[],0,[],,,,,,0,[],,0,7
HTS-EC-safe-StagRepMix-force,realcartest_0_1570,HTS-EC-safe-StagRepMix-force,0.3,2,41,0,[],0,[],tree,d4_n146,73.0,,,2,"[73, 76]",,0,7
HTS-EC-safe-StagRepMix-force,realcartest_0_1570,HTS-EC-safe-StagRepMix-force,0.3,2,42,0,[],0,[],,,,,,0,[],,0,7
HTS-EC-safe-StagRepMix-force,realcartest_0_1570,HTS-EC-safe-StagRepMix-force,0.3,2,42,0,[],0,[],tree,d5_n150,76.0,,,1,[76],,0,7
HTS-EC-safe-StagRepMix-force,realcartest_0_1570,HTS-EC-safe-StagRepMix-force,0.3,2,43,0,[],0,[],tree,d6_n154,77.0,,,0,[],,0,7
HTS-EC-safe-StagRepMix-force,realcartest_0_1570,HTS-EC-safe-StagRepMix-force,0.3,2,44,0,[],0,[],,,,,,0,[],,0,7
HTS-EC-safe-StagRepMix-force,realcartest_0_1570,HTS-EC-safe-StagRepMix-force,0.3,2,44,0,[],0,[],,,,,,0,[],,0,7
HTS-EC-safe-StagRepMix-force,realcartest_0_1570,HTS-EC-safe-StagRepMix-force,0.3,2,44,0,[],0,[],tree,d2_n79,52.0,,,5,"[53, 55, 56, 57, 58]",,0,7
HTS-EC-safe-StagRepMix-force,realcartest_0_1570,HTS-EC-safe-StagRepMix-force,0.3,2,45,0,[],0,[],tree,d3_n80,44.0,,,0,[],,0,7
HTS-EC-safe-StagRepMix-force,realcartest_0_1570,HTS-EC-safe-StagRepMix-force,0.3,2,46,0,[],0,[],tree,d3_n80,45.0,,,0,[],,0,7
HTS-EC-safe-shadow-stag,realcartest_0_1570,HTS-EC-safe-shadow-stag,0.1,0,0,0,[],0,[],tree,d0_n0,99.0,,,44,"[1, 2, 3, 4, 5, 6, 7, 8, 9, 10, 16, 26, 28, 50, 53, 55, 56, 57, 58, 70, 73, 74, 76, 84, 85, 92, 98, 101, 105, 106, 107, 108, 111, 112, 113, 114, 115, 117, 118, 119, 121, 122, 125, 150]",,0,2
HTS-EC-safe-shadow-stag,realcartest_0_1570,HTS-EC-safe-shadow-stag,0.1,0,1,0,[],0,[],tree,d0_n0,9.0,,,44,"[1, 2, 3, 4, 5, 6, 7, 8, 9, 10, 16, 26, 28, 50, 53, 55, 56, 57, 58, 70, 73, 74, 76, 84, 85, 92, 98, 101, 105, 106, 107, 108, 111, 112, 113, 114, 115, 117, 118, 119, 121, 122, 125, 150]",,0,2
HTS-EC-safe-shadow-stag,realcartest_0_1570,HTS-EC-safe-shadow-stag,0.1,0,2,0,[],0,[],tree,d1_n78,69.0,,,10,"[50, 53, 55, 56, 57, 58, 70, 73, 74, 76]",,0,2
HTS-EC-safe-shadow-stag,realcartest_0_1570,HTS-EC-safe-shadow-stag,0.1,0,3,0,[],0,[],tree,d1_n234,123.0,,,6,"[118, 119, 121, 122, 125, 150]",,0,2
HTS-EC-safe-shadow-stag,realcartest_0_1570,HTS-EC-safe-shadow-stag,0.1,0,4,0,[],0,[],tree,d1_n1,7.0,,,12,"[1, 2, 3, 4, 5, 6, 7, 8, 10, 16, 26, 28]",,0,2
HTS-EC-safe-shadow-stag,realcartest_0_1570,HTS-EC-safe-shadow-stag,0.1,0,5,0,[],0,[],tree,d2_n41,37.0,,,2,"[26, 28]",,0,2
HTS-EC-safe-shadow-stag,realcartest_0_1570,HTS-EC-safe-shadow-stag,0.1,0,6,0,[],0,[],tree,d2_n2,5.0,,,9,"[1, 2, 3, 4, 5, 6, 8, 10, 16]",,0,2
HTS-EC-safe-shadow-stag,realcartest_0_1570,HTS-EC-safe-shadow-stag,0.1,0,7,0,[],0,[],tree,d3_n22,10.0,,,2,"[10, 16]",,0,2
HTS-EC-safe-shadow-stag,realcartest_0_1570,HTS-EC-safe-shadow-stag,0.1,0,8,0,[],0,[],tree,d3_n3,8.0,,,6,"[1, 2, 3, 4, 6, 8]",,0,2
HTS-EC-safe-shadow-stag,realcartest_0_1570,HTS-EC-safe-shadow-stag,0.1,0,9,0,[],0,[],tree,d4_n4,1.0,,,4,"[1, 2, 3, 4]",,0,2
HTS-EC-safe-shadow-stag,realcartest_0_1570,HTS-EC-safe-shadow-stag,0.1,0,10,0,[],0,[],tree,d4_n4,3.0,,,3,"[2, 3, 4]",,0,2
HTS-EC-safe-shadow-stag,realcartest_0_1570,HTS-EC-safe-shadow-stag,0.1,0,11,0,[],0,[],tree,d5_n5,0.0,,,0,[],,0,2
HTS-EC-safe-shadow-stag,realcartest_0_1570,HTS-EC-safe-shadow-stag,0.1,0,12,0,[],0,[],,,,,,0,[],,0,2
HTS-EC-safe-shadow-stag,realcartest_0_1570,HTS-EC-safe-shadow-stag,0.1,0,12,0,[],0,[],tree,d5_n8,2.0,,,2,"[2, 4]",,0,2
HTS-EC-safe-shadow-stag,realcartest_0_1570,HTS-EC-safe-shadow-stag,0.1,0,13,0,[],0,[],tree,d6_n12,4.0,,,1,[4],,0,2
HTS-EC-safe-shadow-stag,realcartest_0_1570,HTS-EC-safe-shadow-stag,0.1,0,14,0,[],0,[],,,,,,0,[],,0,2
HTS-EC-safe-shadow-stag,realcartest_0_1570,HTS-EC-safe-shadow-stag,0.1,0,14,0,[],0,[],,,,,,0,[],,0,2
HTS-EC-safe-shadow-stag,realcartest_0_1570,HTS-EC-safe-shadow-stag,0.1,0,14,0,[],0,[],,,,,,0,[],,0,2
HTS-EC-safe-shadow-stag,realcartest_0_1570,HTS-EC-safe-shadow-stag,0.1,0,14,0,[],0,[],tree,d3_n22,19.0,,,1,[16],,0,2
HTS-EC-safe-shadow-stag,realcartest_0_1570,HTS-EC-safe-shadow-stag,0.1,0,15,0,[],0,[],tree,d4_n23,11.0,,,0,[],,0,2
HTS-EC-safe-shadow-stag,realcartest_0_1570,HTS-EC-safe-shadow-stag,0.1,1,0,0,[],0,[],tree,d0_n0,2.0,,,44,"[1, 2, 3, 4, 5, 6, 7, 8, 9, 10, 16, 26, 28, 50, 53, 55, 56, 57, 58, 70, 73, 74, 76, 84, 85, 92, 98, 101, 105, 106, 107, 108, 111, 112, 113, 114, 115, 117, 118, 119, 121, 122, 125, 150]",,0,2
HTS-EC-safe-shadow-stag,realcartest_0_1570,HTS-EC-safe-shadow-stag,0.1,1,1,0,[],0,[],tree,d0_n0,80.0,,,43,"[1, 3, 4, 5, 6, 7, 8, 9, 10, 16, 26, 28, 50, 53, 55, 56, 57, 58, 70, 73, 74, 76, 84, 85, 92, 98, 101, 105, 106, 107, 108, 111, 112, 113, 114, 115, 117, 118, 119, 121, 122, 125, 150]",,0,2
HTS-EC-safe-shadow-stag,realcartest_0_1570,HTS-EC-safe-shadow-stag,0.1,1,2,0,[],0,[],tree,d1_n78,51.0,,,10,"[50, 53, 55, 56, 57, 58, 70, 73, 74, 76]",,0,2
HTS-EC-safe-shadow-stag,realcartest_0_1570,HTS-EC-safe-shadow-stag,0.1,1,3,0,[],0,[],tree,d1_n234,145.0,,,6,"[118, 119, 121, 122, 125, 150]",,0,2
HTS-EC-safe-shadow-stag,realcartest_0_1570,HTS-EC-safe-shadow-stag,0.1,1,4,0,[],0,[],tree,d1_n1,3.0,,,12,"[1, 3, 4, 5, 6, 7, 8, 9, 10, 16, 26, 28]",,0,2
HTS-EC-safe-shadow-stag,realcartest_0_1570,HTS-EC-safe-shadow-stag,0.1,1,5,0,[],0,[],tree,d2_n41,37.0,,,2,"[26, 28]",,0,2
HTS-EC-safe-shadow-stag,realcartest_0_1570,HTS-EC-safe-shadow-stag,0.1,1,6,0,[],0,[],tree,d2_n2,0.0,,,9,"[1, 4, 5, 6, 7, 8, 9, 10, 16]",,0,2
HTS-EC-safe-shadow-stag,realcartest_0_1570,HTS-EC-safe-shadow-stag,0.1,1,7,0,[],0,[],tree,d3_n22,19.0,,,2,"[10, 16]",,0,2
HTS-EC-safe-shadow-stag,realcartest_0_1570,HTS-EC-safe-shadow-stag,0.1,1,8,0,[],0,[],tree,d3_n3,5.0,,,7,"[1, 4, 5, 6, 7, 8, 9]",,0,2
HTS-EC-safe-shadow-stag,realcartest_0_1570,HTS-EC-safe-shadow-stag,0.1,1,9,0,[],0,[],tree,d4_n13,9.0,,,4,"[6, 7, 8, 9]",,0,2
HTS-EC-safe-shadow-stag,realcartest_0_1570,HTS-EC-safe-shadow-stag,0.1,1,10,0,[],0,[],tree,d5_n14,6.0,,,1,[6],,0,2
HTS-EC-safe-shadow-stag,realcartest_0_1570,HTS-EC-safe-shadow-stag,0.1,1,11,0,[],0,[],tree,d5_n17,8.0,,,2,"[7, 8]",,0,2
HTS-EC-safe-shadow-stag,realcartest_0_1570,HTS-EC-safe-shadow-stag,0.1,1,12,0,[],0,[],,,,,,0,[],,0,2
HTS-EC-safe-shadow-stag,realcartest_0_1570,HTS-EC-safe-shadow-stag,0.1,1,12,0,[],0,[],,,,,,0,[],,0,2
HTS-EC-safe-shadow-stag,realcartest_0_1570,HTS-EC-safe-shadow-stag,0.1,1,12,0,[],0,[],tree,d6_n18,7.0,,,1,[7],,0,2
HTS-EC-safe-shadow-stag,realcartest_0_1570,HTS-EC-safe-shadow-stag,0.1,1,13,0,[],0,[],,,,,,0,[],,0,2
HTS-EC-safe-shadow-stag,realcartest_0_1570,HTS-EC-safe-shadow-stag,0.1,1,13,0,[],0,[],,,,,,0,[],,0,2
HTS-EC-safe-shadow-stag,realcartest_0_1570,HTS-EC-safe-shadow-stag,0.1,1,13,0,[],0,[],,,,,,0,[],,0,2
HTS-EC-safe-shadow-stag,realcartest_0_1570,HTS-EC-safe-shadow-stag,0.1,1,13,0,[],0,[],tree,d1_n155,113.0,,,15,"[84, 85, 92, 98, 101, 105, 106, 107, 108, 111, 112, 113, 114, 115, 117]",,0,2
HTS-EC-safe-shadow-stag,realcartest_0_1570,HTS-EC-safe-shadow-stag,0.1,1,14,0,[],0,[],tree,d2_n195,114.0,,,11,"[98, 101, 105, 106, 107, 108, 111, 112, 114, 115, 117]",,0,2
HTS-EC-safe-shadow-stag,realcartest_0_1570,HTS-EC-safe-shadow-stag,0.1,1,15,0,[],0,[],tree,d3_n196,99.0,,,5,"[98, 101, 105, 106, 107]",,0,2
HTS-EC-safe-shadow-stag,realcartest_0_1570,HTS-EC-safe-shadow-stag,0.1,2,0,0,[],0,[],tree,d0_n0,126.0,,,44,"[1, 2, 3, 4, 5, 6, 7, 8, 9, 10, 16, 26, 28, 50, 53, 55, 56, 57, 58, 70, 73, 74, 76, 84, 85, 92, 98, 101, 105, 106, 107, 108, 111, 112, 113, 114, 115, 117, 118, 119, 121, 122, 125, 150]",,0,2
HTS-EC-safe-shadow-stag,realcartest_0_1570,HTS-EC-safe-shadow-stag,0.1,2,1,0,[],0,[],tree,d0_n0,144.0,,,44,"[1, 2, 3, 4, 5, 6, 7, 8, 9, 10, 16, 26, 28, 50, 53, 55, 56, 57, 58, 70, 73, 74, 76, 84, 85, 92, 98, 101, 105, 106, 107, 108, 111, 112, 113, 114, 115, 117, 118, 119, 121, 122, 125, 150]",,0,2
HTS-EC-safe-shadow-stag,realcartest_0_1570,HTS-EC-safe-shadow-stag,0.1,2,2,0,[],0,[],tree,d0_n0,84.0,,,44,"[1, 2, 3, 4, 5, 6, 7, 8, 9, 10, 16, 26, 28, 50, 53, 55, 56, 57, 58, 70, 73, 74, 76, 84, 85, 92, 98, 101, 105, 106, 107, 108, 111, 112, 113, 114, 115, 117, 118, 119, 121, 122, 125, 150]",,0,2
HTS-EC-safe-shadow-stag,realcartest_0_1570,HTS-EC-safe-shadow-stag,0.1,2,3,0,[],0,[],tree,d1_n78,69.0,,,10,"[50, 53, 55, 56, 57, 58, 70, 73, 74, 76]",,0,2
HTS-EC-safe-shadow-stag,realcartest_0_1570,HTS-EC-safe-shadow-stag,0.1,2,4,0,[],0,[],tree,d1_n1,18.0,,,13,"[1, 2, 3, 4, 5, 6, 7, 8, 9, 10, 16, 26, 28]",,0,2
HTS-EC-safe-shadow-stag,realcartest_0_1570,HTS-EC-safe-shadow-stag,0.1,2,5,0,[],0,[],tree,d1_n155,113.0,,,14,"[85, 92, 98, 101, 105, 106, 107, 108, 111, 112, 113, 114, 115, 117]",,0,2
HTS-EC-safe-shadow-stag,realcartest_0_1570,HTS-EC-safe-shadow-stag,0.1,2,6,0,[],0,[],tree,d2_n195,115.0,,,11,"[98, 101, 105, 106, 107, 108, 111, 112, 114, 115, 117]",,0,2
HTS-EC-safe-shadow-stag,realcartest_0_1570,HTS-EC-safe-shadow-stag,0.1,2,7,0,[],0,[],tree,d3_n196,100.0,,,5,"[98, 101, 105, 106, 107]",,0,2
HTS-EC-safe-shadow-stag,realcartest_0_1570,HTS-EC-safe-shadow-stag,0.1,2,8,0,[],0,[],tree,d3_n215,108.0,,,5,"[108, 111, 112, 114, 117]",,0,2
HTS-EC-safe-shadow-stag,realcartest_0_1570,HTS-EC-safe-shadow-stag,0.1,2,9,0,[],0,[],tree,d4_n216,109.0,,,2,"[111, 112]",,0,2
HTS-EC-safe-shadow-stag,realcartest_0_1570,HTS-EC-safe-shadow-stag,0.1,2,10,0,[],0,[],tree,d5_n220,111.0,,,2,"[111, 112]",,0,2
HTS-EC-safe-shadow-stag,realcartest_0_1570,HTS-EC-safe-shadow-stag,0.1,2,11,0,[],0,[],tree,d5_n220,110.0,,,1,[112],,0,2
HTS-EC-safe-shadow-stag,realcartest_0_1570,HTS-EC-safe-shadow-stag,0.1,2,12,0,[],0,[],tree,d6_n224,112.0,,,1,[112],,0,2
HTS-EC-safe-shadow-stag,realcartest_0_1570,HTS-EC-safe-shadow-stag,0.1,2,13,0,[],0,[],,,,,,0,[],,0,2
HTS-EC-safe-shadow-stag,realcartest_0_1570,HTS-EC-safe-shadow-stag,0.1,2,13,0,[],0,[],tree,d4_n225,117.0,,,2,"[114, 117]",,0,2
HTS-EC-safe-shadow-stag,realcartest_0_1570,HTS-EC-safe-shadow-stag,0.1,2,14,0,[],0,[],tree,d5_n226,114.0,,,1,[114],,0,2
HTS-EC-safe-shadow-stag,realcartest_0_1570,HTS-EC-safe-shadow-stag,0.1,2,15,0,[],0,[],,,,,,0,[],,0,2
HTS-EC-safe-shadow-stag,realcartest_0_1570,HTS-EC-safe-shadow-stag,0.1,2,15,0,[],0,[],,,,,,0,[],,0,2
HTS-EC-safe-shadow-stag,realcartest_0_1570,HTS-EC-safe-shadow-stag,0.1,2,15,0,[],0,[],tree,d5_n229,116.0,,,0,[],,0,2
HTS-EC-safe-shadow-stag,realcartest_0_1570,HTS-EC-safe-shadow-stag,0.2,0,0,0,[],0,[],tree,d0_n0,99.0,,,44,"[1, 2, 3, 4, 5, 6, 7, 8, 9, 10, 16, 26, 28, 50, 53, 55, 56, 57, 58, 70, 73, 74, 76, 84, 85, 92, 98, 101, 105, 106, 107, 108, 111, 112, 113, 114, 115, 117, 118, 119, 121, 122, 125, 150]",,0,4
HTS-EC-safe-shadow-stag,realcartest_0_1570,HTS-EC-safe-shadow-stag,0.2,0,1,0,[],0,[],tree,d0_n0,9.0,,,44,"[1, 2, 3, 4, 5, 6, 7, 8, 9, 10, 16, 26, 28, 50, 53, 55, 56, 57, 58, 70, 73, 74, 76, 84, 85, 92, 98, 101, 105, 106, 107, 108, 111, 112, 113, 114, 115, 117, 118, 119, 121, 122, 125, 150]",,0,4
HTS-EC-safe-shadow-stag,realcartest_0_1570,HTS-EC-safe-shadow-stag,0.2,0,2,0,[],0,[],tree,d1_n78,69.0,,,10,"[50, 53, 55, 56, 57, 58, 70, 73, 74, 76]",,0,4
HTS-EC-safe-shadow-stag,realcartest_0_1570,HTS-EC-safe-shadow-stag,0.2,0,3,0,[],0,[],tree,d1_n234,123.0,,,6,"[118, 119, 121, 122, 125, 150]",,0,4
HTS-EC-safe-shadow-stag,realcartest_0_1570,HTS-EC-safe-shadow-stag,0.2,0,4,0,[],0,[],tree,d1_n1,7.0,,,12,"[1, 2, 3, 4, 5, 6, 7, 8, 10, 16, 26, 28]",,0,4
HTS-EC-safe-shadow-stag,realcartest_0_1570,HTS-EC-safe-shadow-stag,0.2,0,5,0,[],0,[],tree,d2_n41,37.0,,,2,"[26, 28]",,0,4
HTS-EC-safe-shadow-stag,realcartest_0_1570,HTS-EC-safe-shadow-stag,0.2,0,6,0,[],0,[],tree,d2_n2,5.0,,,9,"[1, 2, 3, 4, 5, 6, 8, 10, 16]",,0,4
HTS-EC-safe-shadow-stag,realcartest_0_1570,HTS-EC-safe-shadow-stag,0.2,0,7,0,[],0,[],tree,d3_n22,10.0,,,2,"[10, 16]",,0,4
HTS-EC-safe-shadow-stag,realcartest_0_1570,HTS-EC-safe-shadow-stag,0.2,0,8,0,[],0,[],tree,d3_n3,8.0,,,6,"[1, 2, 3, 4, 6, 8]",,0,4
HTS-EC-safe-shadow-stag,realcartest_0_1570,HTS-EC-safe-shadow-stag,0.2,0,9,0,[],0,[],tree,d4_n4,1.0,,,4,"[1, 2, 3, 4]",,0,4
HTS-EC-safe-shadow-stag,realcartest_0_1570,HTS-EC-safe-shadow-stag,0.2,0,10,0,[],0,[],tree,d4_n4,3.0,,,3,"[2, 3, 4]",,0,4
HTS-EC-safe-shadow-stag,realcartest_0_1570,HTS-EC-safe-shadow-stag,0.2,0,11,0,[],0,[],tree,d5_n5,0.0,,,0,[],,0,4
HTS-EC-safe-shadow-stag,realcartest_0_1570,HTS-EC-safe-shadow-stag,0.2,0,12,0,[],0,[],,,,,,0,[],,0,4
HTS-EC-safe-shadow-stag,realcartest_0_1570,HTS-EC-safe-shadow-stag,0.2,0,12,0,[],0,[],tree,d5_n8,2.0,,,2,"[2, 4]",,0,4
HTS-EC-safe-shadow-stag,realcartest_0_1570,HTS-EC-safe-shadow-stag,0.2,0,13,0,[],0,[],tree,d6_n12,4.0,,,1,[4],,0,4
HTS-EC-safe-shadow-stag,realcartest_0_1570,HTS-EC-safe-shadow-stag,0.2,0,14,0,[],0,[],,,,,,0,[],,0,4
HTS-EC-safe-shadow-stag,realcartest_0_1570,HTS-EC-safe-shadow-stag,0.2,0,14,0,[],0,[],,,,,,0,[],,0,4
HTS-EC-safe-shadow-stag,realcartest_0_1570,HTS-EC-safe-shadow-stag,0.2,0,14,0,[],0,[],,,,,,0,[],,0,4
HTS-EC-safe-shadow-stag,realcartest_0_1570,HTS-EC-safe-shadow-stag,0.2,0,14,0,[],0,[],tree,d3_n22,19.0,,,1,[16],,0,4
HTS-EC-safe-shadow-stag,realcartest_0_1570,HTS-EC-safe-shadow-stag,0.2,0,15,0,[],0,[],tree,d4_n23,11.0,,,0,[],,0,4
HTS-EC-safe-shadow-stag,realcartest_0_1570,HTS-EC-safe-shadow-stag,0.2,0,16,0,[],0,[],tree,d5_n27,12.0,,,0,[],,0,4
HTS-EC-safe-shadow-stag,realcartest_0_1570,HTS-EC-safe-shadow-stag,0.2,0,17,0,[],0,[],tree,d1_n155,107.0,,,15,"[84, 85, 92, 98, 101, 105, 106, 107, 108, 111, 112, 113, 114, 115, 117]",,0,4
HTS-EC-safe-shadow-stag,realcartest_0_1570,HTS-EC-safe-shadow-stag,0.2,0,18,0,[],0,[],tree,d2_n156,83.0,,,3,"[84, 85, 92]",,0,4
HTS-EC-safe-shadow-stag,realcartest_0_1570,HTS-EC-safe-shadow-stag,0.2,0,19,0,[],0,[],tree,d2_n195,115.0,,,11,"[98, 101, 105, 106, 108, 111, 112, 113, 114, 115, 117]",,0,4
HTS-EC-safe-shadow-stag,realcartest_0_1570,HTS-EC-safe-shadow-stag,0.2,0,20,0,[],0,[],tree,d3_n215,113.0,,,6,"[108, 111, 112, 113, 114, 117]",,0,4
HTS-EC-safe-shadow-stag,realcartest_0_1570,HTS-EC-safe-shadow-stag,0.2,0,21,0,[],0,[],tree,d4_n216,110.0,,,3,"[108, 111, 112]",,0,4
HTS-EC-safe-shadow-stag,realcartest_0_1570,HTS-EC-safe-shadow-stag,0.2,0,22,0,[],0,[],tree,d4_n225,114.0,,,2,"[114, 117]",,0,4
HTS-EC-safe-shadow-stag,realcartest_0_1570,HTS-EC-safe-shadow-stag,0.2,0,23,0,[],0,[],tree,d5_n229,117.0,,,1,[117],,0,4
HTS-EC-safe-shadow-stag,realcartest_0_1570,HTS-EC-safe-shadow-stag,0.2,0,24,0,[],0,[],tree,d6_n230,116.0,,,0,[],,0,4
HTS-EC-safe-shadow-stag,realcartest_0_1570,HTS-EC-safe-shadow-stag,0.2,0,25,0,[],0,[],,,,,,0,[],,0,4
HTS-EC-safe-shadow-stag,realcartest_0_1570,HTS-EC-safe-shadow-stag,0.2,0,25,0,[],0,[],,,,,,0,[],,0,4
HTS-EC-safe-shadow-stag,realcartest_0_1570,HTS-EC-safe-shadow-stag,0.2,0,25,0,[],0,[],,,,,,0,[],,0,4
HTS-EC-safe-shadow-stag,realcartest_0_1570,HTS-EC-safe-shadow-stag,0.2,0,25,0,[],0,[],tree,d4_n216,111.0,,,3,"[108, 111, 112]",,0,4
HTS-EC-safe-shadow-stag,realcartest_0_1570,HTS-EC-safe-shadow-stag,0.2,0,26,0,[],0,[],tree,d5_n217,109.0,,,1,[108],,0,4
HTS-EC-safe-shadow-stag,realcartest_0_1570,HTS-EC-safe-shadow-stag,0.2,0,27,0,[],0,[],,,,,,0,[],,0,4
HTS-EC-safe-shadow-stag,realcartest_0_1570,HTS-EC-safe-shadow-stag,0.2,0,27,0,[],0,[],tree,d5_n217,108.0,,,1,[108],,0,4
HTS-EC-safe-shadow-stag,realcartest_0_1570,HTS-EC-safe-shadow-stag,0.2,0,28,0,[],0,[],,,,,,0,[],,0,4
HTS-EC-safe-shadow-stag,realcartest_0_1570,HTS-EC-safe-shadow-stag,0.2,0,28,0,[],0,[],,,,,,0,[],,0,4
HTS-EC-safe-shadow-stag,realcartest_0_1570,HTS-EC-safe-shadow-stag,0.2,0,28,0,[],0,[],tree,d5_n220,112.0,,,1,[112],,0,4
HTS-EC-safe-shadow-stag,realcartest_0_1570,HTS-EC-safe-shadow-stag,0.2,0,29,0,[],0,[],,,,,,0,[],,0,4
HTS-EC-safe-shadow-stag,realcartest_0_1570,HTS-EC-safe-shadow-stag,0.2,0,29,0,[],0,[],,,,,,0,[],,0,4
HTS-EC-safe-shadow-stag,realcartest_0_1570,HTS-EC-safe-shadow-stag,0.2,0,29,0,[],0,[],tree,d3_n196,100.0,,,4,"[98, 101, 105, 106]",,0,4
HTS-EC-safe-shadow-stag,realcartest_0_1570,HTS-EC-safe-shadow-stag,0.2,0,30,0,[],0,[],tree,d4_n206,106.0,,,2,"[105, 106]",,0,4
HTS-EC-safe-shadow-stag,realcartest_0_1570,HTS-EC-safe-shadow-stag,0.2,1,0,0,[],0,[],tree,d0_n0,2.0,,,44,"[1, 2, 3, 4, 5, 6, 7, 8, 9, 10, 16, 26, 28, 50, 53, 55, 56, 57, 58, 70, 73, 74, 76, 84, 85, 92, 98, 101, 105, 106, 107, 108, 111, 112, 113, 114, 115, 117, 118, 119, 121, 122, 125, 150]",,0,4
HTS-EC-safe-shadow-stag,realcartest_0_1570,HTS-EC-safe-shadow-stag,0.2,1,1,0,[],0,[],tree,d0_n0,80.0,,,43,"[1, 3, 4, 5, 6, 7, 8, 9, 10, 16, 26, 28, 50, 53, 55, 56, 57, 58, 70, 73, 74, 76, 84, 85, 92, 98, 101, 105, 106, 107, 108, 111, 112, 113, 114, 115, 117, 118, 119, 121, 122, 125, 150]",,0,4
HTS-EC-safe-shadow-stag,realcartest_0_1570,HTS-EC-safe-shadow-stag,0.2,1,2,0,[],0,[],tree,d1_n78,51.0,,,10,"[50, 53, 55, 56, 57, 58, 70, 73, 74, 76]",,0,4
HTS-EC-safe-shadow-stag,realcartest_0_1570,HTS-EC-safe-shadow-stag,0.2,1,3,0,[],0,[],tree,d1_n234,145.0,,,6,"[118, 119, 121, 122, 125, 150]",,0,4
HTS-EC-safe-shadow-stag,realcartest_0_1570,HTS-EC-safe-shadow-stag,0.2,1,4,0,[],0,[],tree,d1_n1,3.0,,,12,"[1, 3, 4, 5, 6, 7, 8, 9, 10, 16, 26, 28]",,0,4
HTS-EC-safe-shadow-stag,realcartest_0_1570,HTS-EC-safe-shadow-stag,0.2,1,5,0,[],0,[],tree,d2_n41,37.0,,,2,"[26, 28]",,0,4
HTS-EC-safe-shadow-stag,realcartest_0_1570,HTS-EC-safe-shadow-stag,0.2,1,6,0,[],0,[],tree,d2_n2,0.0,,,9,"[1, 4, 5, 6, 7, 8, 9, 10, 16]",,0,4
HTS-EC-safe-shadow-stag,realcartest_0_1570,HTS-EC-safe-shadow-stag,0.2,1,7,0,[],0,[],tree,d3_n22,19.0,,,2,"[10, 16]",,0,4
HTS-EC-safe-shadow-stag,realcartest_0_1570,HTS-EC-safe-shadow-stag,0.2,1,8,0,[],0,[],tree,d3_n3,5.0,,,7,"[1, 4, 5, 6, 7, 8, 9]",,0,4
HTS-EC-safe-shadow-stag,realcartest_0_1570,HTS-EC-safe-shadow-stag,0.2,1,9,0,[],0,[],tree,d4_n13,9.0,,,4,"[6, 7, 8, 9]",,0,4
HTS-EC-safe-shadow-stag,realcartest_0_1570,HTS-EC-safe-shadow-stag,0.2,1,10,0,[],0,[],tree,d5_n14,6.0,,,1,[6],,0,4
HTS-EC-safe-shadow-stag,realcartest_0_1570,HTS-EC-safe-shadow-stag,0.2,1,11,0,[],0,[],tree,d5_n17,8.0,,,2,"[7, 8]",,0,4
HTS-EC-safe-shadow-stag,realcartest_0_1570,HTS-EC-safe-shadow-stag,0.2,1,12,0,[],0,[],,,,,,0,[],,0,4
HTS-EC-safe-shadow-stag,realcartest_0_1570,HTS-EC-safe-shadow-stag,0.2,1,12,0,[],0,[],,,,,,0,[],,0,4
HTS-EC-safe-shadow-stag,realcartest_0_1570,HTS-EC-safe-shadow-stag,0.2,1,12,0,[],0,[],tree,d6_n18,7.0,,,1,[7],,0,4
HTS-EC-safe-shadow-stag,realcartest_0_1570,HTS-EC-safe-shadow-stag,0.2,1,13,0,[],0,[],,,,,,0,[],,0,4
HTS-EC-safe-shadow-stag,realcartest_0_1570,HTS-EC-safe-shadow-stag,0.2,1,13,0,[],0,[],,,,,,0,[],,0,4
HTS-EC-safe-shadow-stag,realcartest_0_1570,HTS-EC-safe-shadow-stag,0.2,1,13,0,[],0,[],,,,,,0,[],,0,4
HTS-EC-safe-shadow-stag,realcartest_0_1570,HTS-EC-safe-shadow-stag,0.2,1,13,0,[],0,[],tree,d1_n155,113.0,,,15,"[84, 85, 92, 98, 101, 105, 106, 107, 108, 111, 112, 113, 114, 115, 117]",,0,4
HTS-EC-safe-shadow-stag,realcartest_0_1570,HTS-EC-safe-shadow-stag,0.2,1,14,0,[],0,[],tree,d2_n195,114.0,,,11,"[98, 101, 105, 106, 107, 108, 111, 112, 114, 115, 117]",,0,4
HTS-EC-safe-shadow-stag,realcartest_0_1570,HTS-EC-safe-shadow-stag,0.2,1,15,0,[],0,[],tree,d3_n196,99.0,,,5,"[98, 101, 105, 106, 107]",,0,4
HTS-EC-safe-shadow-stag,realcartest_0_1570,HTS-EC-safe-shadow-stag,0.2,1,16,0,[],0,[],tree,d3_n215,112.0,,,5,"[108, 111, 112, 115, 117]",,0,4
HTS-EC-safe-shadow-stag,realcartest_0_1570,HTS-EC-safe-shadow-stag,0.2,1,17,0,[],0,[],tree,d4_n216,110.0,,,2,"[108, 111]",,0,4
HTS-EC-safe-shadow-stag,realcartest_0_1570,HTS-EC-safe-shadow-stag,0.2,1,18,0,[],0,[],tree,d5_n217,109.0,,,1,[108],,0,4
HTS-EC-safe-shadow-stag,realcartest_0_1570,HTS-EC-safe-shadow-stag,0.2,1,19,0,[],0,[],tree,d4_n225,117.0,,,2,"[115, 117]",,0,4
HTS-EC-safe-shadow-stag,realcartest_0_1570,HTS-EC-safe-shadow-stag,0.2,1,20,0,[],0,[],tree,d5_n229,115.0,,,1,[115],,0,4
HTS-EC-safe-shadow-stag,realcartest_0_1570,HTS-EC-safe-shadow-stag,0.2,1,21,0,[],0,[],tree,d6_n230,116.0,,,0,[],,0,4
HTS-EC-safe-shadow-stag,realcartest_0_1570,HTS-EC-safe-shadow-stag,0.2,1,22,0,[],0,[],,,,,,0,[],,0,4
HTS-EC-safe-shadow-stag,realcartest_0_1570,HTS-EC-safe-shadow-stag,0.2,1,22,0,[],0,[],,,,,,0,[],,0,4
HTS-EC-safe-shadow-stag,realcartest_0_1570,HTS-EC-safe-shadow-stag,0.2,1,22,0,[],0,[],,,,,,0,[],,0,4
HTS-EC-safe-shadow-stag,realcartest_0_1570,HTS-EC-safe-shadow-stag,0.2,1,22,0,[],0,[],tree,d5_n217,108.0,,,1,[108],,0,4
HTS-EC-safe-shadow-stag,realcartest_0_1570,HTS-EC-safe-shadow-stag,0.2,1,23,0,[],0,[],,,,,,0,[],,0,4
HTS-EC-safe-shadow-stag,realcartest_0_1570,HTS-EC-safe-shadow-stag,0.2,1,23,0,[],0,[],,,,,,0,[],,0,4
HTS-EC-safe-shadow-stag,realcartest_0_1570,HTS-EC-safe-shadow-stag,0.2,1,23,0,[],0,[],,,,,,0,[],,0,4
HTS-EC-safe-shadow-stag,realcartest_0_1570,HTS-EC-safe-shadow-stag,0.2,1,23,0,[],0,[],tree,d3_n196,100.0,,,5,"[98, 101, 105, 106, 107]",,0,4
HTS-EC-safe-shadow-stag,realcartest_0_1570,HTS-EC-safe-shadow-stag,0.2,1,24,0,[],0,[],tree,d4_n206,107.0,,,3,"[105, 106, 107]",,0,4
HTS-EC-safe-shadow-stag,realcartest_0_1570,HTS-EC-safe-shadow-stag,0.2,1,25,0,[],0,[],tree,d4_n206,106.0,,,2,"[105, 106]",,0,4
HTS-EC-safe-shadow-stag,realcartest_0_1570,HTS-EC-safe-shadow-stag,0.2,1,26,0,[],0,[],tree,d5_n207,103.0,,,0,[],,0,4
HTS-EC-safe-shadow-stag,realcartest_0_1570,HTS-EC-safe-shadow-stag,0.2,1,27,0,[],0,[],tree,d5_n210,105.0,,,1,[105],,0,4
HTS-EC-safe-shadow-stag,realcartest_0_1570,HTS-EC-safe-shadow-stag,0.2,1,28,0,[],0,[],,,,,,0,[],,0,4
HTS-EC-safe-shadow-stag,realcartest_0_1570,HTS-EC-safe-shadow-stag,0.2,1,28,0,[],0,[],,,,,,0,[],,0,4
HTS-EC-safe-shadow-stag,realcartest_0_1570,HTS-EC-safe-shadow-stag,0.2,1,28,0,[],0,[],tree,d5_n207,104.0,,,0,[],,0,4
HTS-EC-safe-shadow-stag,realcartest_0_1570,HTS-EC-safe-shadow-stag,0.2,1,29,0,[],0,[],,,,,,0,[],,0,4
HTS-EC-safe-shadow-stag,realcartest_0_1570,HTS-EC-safe-shadow-stag,0.2,1,29,0,[],0,[],,,,,,0,[],,0,4
HTS-EC-safe-shadow-stag,realcartest_0_1570,HTS-EC-safe-shadow-stag,0.2,1,29,0,[],0,[],tree,d5_n220,111.0,,,1,[111],,0,4
HTS-EC-safe-shadow-stag,realcartest_0_1570,HTS-EC-safe-shadow-stag,0.2,1,30,0,[],0,[],,,,,,0,[],,0,4
HTS-EC-safe-shadow-stag,realcartest_0_1570,HTS-EC-safe-shadow-stag,0.2,1,30,0,[],0,[],,,,,,0,[],,0,4
HTS-EC-safe-shadow-stag,realcartest_0_1570,HTS-EC-safe-shadow-stag,0.2,1,30,0,[],0,[],tree,d1_n78,50.0,,,10,"[50, 53, 55, 56, 57, 58, 70, 73, 74, 76]",,0,4
HTS-EC-safe-shadow-stag,realcartest_0_1570,HTS-EC-safe-shadow-stag,0.2,2,0,0,[],0,[],tree,d0_n0,126.0,,,44,"[1, 2, 3, 4, 5, 6, 7, 8, 9, 10, 16, 26, 28, 50, 53, 55, 56, 57, 58, 70, 73, 74, 76, 84, 85, 92, 98, 101, 105, 106, 107, 108, 111, 112, 113, 114, 115, 117, 118, 119, 121, 122, 125, 150]",,0,4
HTS-EC-safe-shadow-stag,realcartest_0_1570,HTS-EC-safe-shadow-stag,0.2,2,1,0,[],0,[],tree,d0_n0,144.0,,,44,"[1, 2, 3, 4, 5, 6, 7, 8, 9, 10, 16, 26, 28, 50, 53, 55, 56, 57, 58, 70, 73, 74, 76, 84, 85, 92, 98, 101, 105, 106, 107, 108, 111, 112, 113, 114, 115, 117, 118, 119, 121, 122, 125, 150]",,0,4
HTS-EC-safe-shadow-stag,realcartest_0_1570,HTS-EC-safe-shadow-stag,0.2,2,2,0,[],0,[],tree,d0_n0,84.0,,,44,"[1, 2, 3, 4, 5, 6, 7, 8, 9, 10, 16, 26, 28, 50, 53, 55, 56, 57, 58, 70, 73, 74, 76, 84, 85, 92, 98, 101, 105, 106, 107, 108, 111, 112, 113, 114, 115, 117, 118, 119, 121, 122, 125, 150]",,0,4
HTS-EC-safe-shadow-stag,realcartest_0_1570,HTS-EC-safe-shadow-stag,0.2,2,3,0,[],0,[],tree,d1_n78,69.0,,,10,"[50, 53, 55, 56, 57, 58, 70, 73, 74, 76]",,0,4
HTS-EC-safe-shadow-stag,realcartest_0_1570,HTS-EC-safe-shadow-stag,0.2,2,4,0,[],0,[],tree,d1_n1,18.0,,,13,"[1, 2, 3, 4, 5, 6, 7, 8, 9, 10, 16, 26, 28]",,0,4
HTS-EC-safe-shadow-stag,realcartest_0_1570,HTS-EC-safe-shadow-stag,0.2,2,5,0,[],0,[],tree,d1_n155,113.0,,,14,"[85, 92, 98, 101, 105, 106, 107, 108, 111, 112, 113, 114, 115, 117]",,0,4
HTS-EC-safe-shadow-stag,realcartest_0_1570,HTS-EC-safe-shadow-stag,0.2,2,6,0,[],0,[],tree,d2_n195,115.0,,,11,"[98, 101, 105, 106, 107, 108, 111, 112, 114, 115, 117]",,0,4
HTS-EC-safe-shadow-stag,realcartest_0_1570,HTS-EC-safe-shadow-stag,0.2,2,7,0,[],0,[],tree,d3_n196,100.0,,,5,"[98, 101, 105, 106, 107]",,0,4
HTS-EC-safe-shadow-stag,realcartest_0_1570,HTS-EC-safe-shadow-stag,0.2,2,8,0,[],0,[],tree,d3_n215,108.0,,,5,"[108, 111, 112, 114, 117]",,0,4
HTS-EC-safe-shadow-stag,realcartest_0_1570,HTS-EC-safe-shadow-stag,0.2,2,9,0,[],0,[],tree,d4_n216,109.0,,,2,"[111, 112]",,0,4
HTS-EC-safe-shadow-stag,realcartest_0_1570,HTS-EC-safe-shadow-stag,0.2,2,10,0,[],0,[],tree,d5_n220,111.0,,,2,"[111, 112]",,0,4
HTS-EC-safe-shadow-stag,realcartest_0_1570,HTS-EC-safe-shadow-stag,0.2,2,11,0,[],0,[],tree,d5_n220,110.0,,,1,[112],,0,4
HTS-EC-safe-shadow-stag,realcartest_0_1570,HTS-EC-safe-shadow-stag,0.2,2,12,0,[],0,[],tree,d6_n224,112.0,,,1,[112],,0,4
HTS-EC-safe-shadow-stag,realcartest_0_1570,HTS-EC-safe-shadow-stag,0.2,2,13,0,[],0,[],,,,,,0,[],,0,4
HTS-EC-safe-shadow-stag,realcartest_0_1570,HTS-EC-safe-shadow-stag,0.2,2,13,0,[],0,[],tree,d4_n225,117.0,,,2,"[114, 117]",,0,4
HTS-EC-safe-shadow-stag,realcartest_0_1570,HTS-EC-safe-shadow-stag,0.2,2,14,0,[],0,[],tree,d5_n226,114.0,,,1,[114],,0,4
HTS-EC-safe-shadow-stag,realcartest_0_1570,HTS-EC-safe-shadow-stag,0.2,2,15,0,[],0,[],,,,,,0,[],,0,4
HTS-EC-safe-shadow-stag,realcartest_0_1570,HTS-EC-safe-shadow-stag,0.2,2,15,0,[],0,[],,,,,,0,[],,0,4
HTS-EC-safe-shadow-stag,realcartest_0_1570,HTS-EC-safe-shadow-stag,0.2,2,15,0,[],0,[],tree,d5_n229,116.0,,,0,[],,0,4
HTS-EC-safe-shadow-stag,realcartest_0_1570,HTS-EC-safe-shadow-stag,0.2,2,16,0,[],0,[],,,,,,0,[],,0,4
HTS-EC-safe-shadow-stag,realcartest_0_1570,HTS-EC-safe-shadow-stag,0.2,2,16,0,[],0,[],tree,d2_n156,80.0,,,2,"[85, 92]",,0,4
HTS-EC-safe-shadow-stag,realcartest_0_1570,HTS-EC-safe-shadow-stag,0.2,2,17,0,[],0,[],tree,d3_n176,96.0,,,1,[92],,0,4
HTS-EC-safe-shadow-stag,realcartest_0_1570,HTS-EC-safe-shadow-stag,0.2,2,18,0,[],0,[],tree,d3_n196,107.0,,,5,"[98, 101, 105, 106, 107]",,0,4
HTS-EC-safe-shadow-stag,realcartest_0_1570,HTS-EC-safe-shadow-stag,0.2,2,19,0,[],0,[],tree,d4_n206,106.0,,,2,"[105, 106]",,0,4
HTS-EC-safe-shadow-stag,realcartest_0_1570,HTS-EC-safe-shadow-stag,0.2,2,20,0,[],0,[],tree,d5_n207,103.0,,,0,[],,0,4
HTS-EC-safe-shadow-stag,realcartest_0_1570,HTS-EC-safe-shadow-stag,0.2,2,21,0,[],0,[],tree,d5_n210,105.0,,,1,[105],,0,4
HTS-EC-safe-shadow-stag,realcartest_0_1570,HTS-EC-safe-shadow-stag,0.2,2,22,0,[],0,[],,,,,,0,[],,0,4
HTS-EC-safe-shadow-stag,realcartest_0_1570,HTS-EC-safe-shadow-stag,0.2,2,22,0,[],0,[],,,,,,0,[],,0,4
HTS-EC-safe-shadow-stag,realcartest_0_1570,HTS-EC-safe-shadow-stag,0.2,2,22,0,[],0,[],tree,d5_n207,104.0,,,0,[],,0,4
HTS-EC-safe-shadow-stag,realcartest_0_1570,HTS-EC-safe-shadow-stag,0.2,2,23,0,[],0,[],,,,,,0,[],,0,4
HTS-EC-safe-shadow-stag,realcartest_0_1570,HTS-EC-safe-shadow-stag,0.2,2,23,0,[],0,[],,,,,,0,[],,0,4
HTS-EC-safe-shadow-stag,realcartest_0_1570,HTS-EC-safe-shadow-stag,0.2,2,23,0,[],0,[],tree,d4_n197,101.0,,,2,"[98, 101]",,0,4
HTS-EC-safe-shadow-stag,realcartest_0_1570,HTS-EC-safe-shadow-stag,0.2,2,24,0,[],0,[],tree,d5_n198,99.0,,,1,[98],,0,4
HTS-EC-safe-shadow-stag,realcartest_0_1570,HTS-EC-safe-shadow-stag,0.2,2,25,0,[],0,[],tree,d5_n198,98.0,,,1,[98],,0,4
HTS-EC-safe-shadow-stag,realcartest_0_1570,HTS-EC-safe-shadow-stag,0.2,2,26,0,[],0,[],,,,,,0,[],,0,4
HTS-EC-safe-shadow-stag,realcartest_0_1570,HTS-EC-safe-shadow-stag,0.2,2,26,0,[],0,[],,,,,,0,[],,0,4
HTS-EC-safe-shadow-stag,realcartest_0_1570,HTS-EC-safe-shadow-stag,0.2,2,26,0,[],0,[],,,,,,0,[],,0,4
HTS-EC-safe-shadow-stag,realcartest_0_1570,HTS-EC-safe-shadow-stag,0.2,2,26,0,[],0,[],,,,,,0,[],,0,4
HTS-EC-safe-shadow-stag,realcartest_0_1570,HTS-EC-safe-shadow-stag,0.2,2,26,0,[],0,[],,,,,,0,[],,0,4
HTS-EC-safe-shadow-stag,realcartest_0_1570,HTS-EC-safe-shadow-stag,0.2,2,26,0,[],0,[],tree,d5_n201,102.0,,,0,[],,0,4
HTS-EC-safe-shadow-stag,realcartest_0_1570,HTS-EC-safe-shadow-stag,0.2,2,27,0,[],0,[],,,,,,0,[],,0,4
HTS-EC-safe-shadow-stag,realcartest_0_1570,HTS-EC-safe-shadow-stag,0.2,2,27,0,[],0,[],,,,,,0,[],,0,4
HTS-EC-safe-shadow-stag,realcartest_0_1570,HTS-EC-safe-shadow-stag,0.2,2,27,0,[],0,[],tree,d1_n78,51.0,,,10,"[50, 53, 55, 56, 57, 58, 70, 73, 74, 76]",,0,4
HTS-EC-safe-shadow-stag,realcartest_0_1570,HTS-EC-safe-shadow-stag,0.2,2,28,0,[],0,[],tree,d1_n1,0.0,,,13,"[1, 2, 3, 4, 5, 6, 7, 8, 9, 10, 16, 26, 28]",,0,4
HTS-EC-safe-shadow-stag,realcartest_0_1570,HTS-EC-safe-shadow-stag,0.2,2,29,0,[],0,[],tree,d3_n176,89.0,,,1,[92],,0,4
HTS-EC-safe-shadow-stag,realcartest_0_1570,HTS-EC-safe-shadow-stag,0.2,2,30,0,[],0,[],tree,d3_n157,83.0,,,1,[85],,0,4
HTS-EC-safe-shadow-stag,realcartest_0_1570,HTS-EC-safe-shadow-stag,0.3,0,0,0,[],0,[],tree,d0_n0,99.0,,,44,"[1, 2, 3, 4, 5, 6, 7, 8, 9, 10, 16, 26, 28, 50, 53, 55, 56, 57, 58, 70, 73, 74, 76, 84, 85, 92, 98, 101, 105, 106, 107, 108, 111, 112, 113, 114, 115, 117, 118, 119, 121, 122, 125, 150]",,0,7
HTS-EC-safe-shadow-stag,realcartest_0_1570,HTS-EC-safe-shadow-stag,0.3,0,1,0,[],0,[],tree,d0_n0,9.0,,,44,"[1, 2, 3, 4, 5, 6, 7, 8, 9, 10, 16, 26, 28, 50, 53, 55, 56, 57, 58, 70, 73, 74, 76, 84, 85, 92, 98, 101, 105, 106, 107, 108, 111, 112, 113, 114, 115, 117, 118, 119, 121, 122, 125, 150]",,0,7
HTS-EC-safe-shadow-stag,realcartest_0_1570,HTS-EC-safe-shadow-stag,0.3,0,2,0,[],0,[],tree,d1_n78,69.0,,,10,"[50, 53, 55, 56, 57, 58, 70, 73, 74, 76]",,0,7
HTS-EC-safe-shadow-stag,realcartest_0_1570,HTS-EC-safe-shadow-stag,0.3,0,3,0,[],0,[],tree,d1_n234,123.0,,,6,"[118, 119, 121, 122, 125, 150]",,0,7
HTS-EC-safe-shadow-stag,realcartest_0_1570,HTS-EC-safe-shadow-stag,0.3,0,4,0,[],0,[],tree,d1_n1,7.0,,,12,"[1, 2, 3, 4, 5, 6, 7, 8, 10, 16, 26, 28]",,0,7
HTS-EC-safe-shadow-stag,realcartest_0_1570,HTS-EC-safe-shadow-stag,0.3,0,5,0,[],0,[],tree,d2_n41,37.0,,,2,"[26, 28]",,0,7
HTS-EC-safe-shadow-stag,realcartest_0_1570,HTS-EC-safe-shadow-stag,0.3,0,6,0,[],0,[],tree,d2_n2,5.0,,,9,"[1, 2, 3, 4, 5, 6, 8, 10, 16]",,0,7
HTS-EC-safe-shadow-stag,realcartest_0_1570,HTS-EC-safe-shadow-stag,0.3,0,7,0,[],0,[],tree,d3_n22,10.0,,,2,"[10, 16]",,0,7
HTS-EC-safe-shadow-stag,realcartest_0_1570,HTS-EC-safe-shadow-stag,0.3,0,8,0,[],0,[],tree,d3_n3,8.0,,,6,"[1, 2, 3, 4, 6, 8]",,0,7
HTS-EC-safe-shadow-stag,realcartest_0_1570,HTS-EC-safe-shadow-stag,0.3,0,9,0,[],0,[],tree,d4_n4,1.0,,,4,"[1, 2, 3, 4]",,0,7
HTS-EC-safe-shadow-stag,realcartest_0_1570,HTS-EC-safe-shadow-stag,0.3,0,10,0,[],0,[],tree,d4_n4,3.0,,,3,"[2, 3, 4]",,0,7
HTS-EC-safe-shadow-stag,realcartest_0_1570,HTS-EC-safe-shadow-stag,0.3,0,11,0,[],0,[],tree,d5_n5,0.0,,,0,[],,0,7
HTS-EC-safe-shadow-stag,realcartest_0_1570,HTS-EC-safe-shadow-stag,0.3,0,12,0,[],0,[],,,,,,0,[],,0,7
HTS-EC-safe-shadow-stag,realcartest_0_1570,HTS-EC-safe-shadow-stag,0.3,0,12,0,[],0,[],tree,d5_n8,2.0,,,2,"[2, 4]",,0,7
HTS-EC-safe-shadow-stag,realcartest_0_1570,HTS-EC-safe-shadow-stag,0.3,0,13,0,[],0,[],tree,d6_n12,4.0,,,1,[4],,0,7
HTS-EC-safe-shadow-stag,realcartest_0_1570,HTS-EC-safe-shadow-stag,0.3,0,14,0,[],0,[],,,,,,0,[],,0,7
HTS-EC-safe-shadow-stag,realcartest_0_1570,HTS-EC-safe-shadow-stag,0.3,0,14,0,[],0,[],,,,,,0,[],,0,7
HTS-EC-safe-shadow-stag,realcartest_0_1570,HTS-EC-safe-shadow-stag,0.3,0,14,0,[],0,[],,,,,,0,[],,0,7
HTS-EC-safe-shadow-stag,realcartest_0_1570,HTS-EC-safe-shadow-stag,0.3,0,14,0,[],0,[],tree,d3_n22,19.0,,,1,[16],,0,7
HTS-EC-safe-shadow-stag,realcartest_0_1570,HTS-EC-safe-shadow-stag,0.3,0,15,0,[],0,[],tree,d4_n23,11.0,,,0,[],,0,7
HTS-EC-safe-shadow-stag,realcartest_0_1570,HTS-EC-safe-shadow-stag,0.3,0,16,0,[],0,[],tree,d5_n27,12.0,,,0,[],,0,7
HTS-EC-safe-shadow-stag,realcartest_0_1570,HTS-EC-safe-shadow-stag,0.3,0,17,0,[],0,[],tree,d1_n155,107.0,,,15,"[84, 85, 92, 98, 101, 105, 106, 107, 108, 111, 112, 113, 114, 115, 117]",,0,7
HTS-EC-safe-shadow-stag,realcartest_0_1570,HTS-EC-safe-shadow-stag,0.3,0,18,0,[],0,[],tree,d2_n156,83.0,,,3,"[84, 85, 92]",,0,7
HTS-EC-safe-shadow-stag,realcartest_0_1570,HTS-EC-safe-shadow-stag,0.3,0,19,0,[],0,[],tree,d2_n195,115.0,,,11,"[98, 101, 105, 106, 108, 111, 112, 113, 114, 115, 117]",,0,7
HTS-EC-safe-shadow-stag,realcartest_0_1570,HTS-EC-safe-shadow-stag,0.3,0,20,0,[],0,[],tree,d3_n215,113.0,,,6,"[108, 111, 112, 113, 114, 117]",,0,7
HTS-EC-safe-shadow-stag,realcartest_0_1570,HTS-EC-safe-shadow-stag,0.3,0,21,0,[],0,[],tree,d4_n216,110.0,,,3,"[108, 111, 112]",,0,7
HTS-EC-safe-shadow-stag,realcartest_0_1570,HTS-EC-safe-shadow-stag,0.3,0,22,0,[],0,[],tree,d4_n225,114.0,,,2,"[114, 117]",,0,7
HTS-EC-safe-shadow-stag,realcartest_0_1570,HTS-EC-safe-shadow-stag,0.3,0,23,0,[],0,[],tree,d5_n229,117.0,,,1,[117],,0,7
HTS-EC-safe-shadow-stag,realcartest_0_1570,HTS-EC-safe-shadow-stag,0.3,0,24,0,[],0,[],tree,d6_n230,116.0,,,0,[],,0,7
HTS-EC-safe-shadow-stag,realcartest_0_1570,HTS-EC-safe-shadow-stag,0.3,0,25,0,[],0,[],,,,,,0,[],,0,7
HTS-EC-safe-shadow-stag,realcartest_0_1570,HTS-EC-safe-shadow-stag,0.3,0,25,0,[],0,[],,,,,,0,[],,0,7
HTS-EC-safe-shadow-stag,realcartest_0_1570,HTS-EC-safe-shadow-stag,0.3,0,25,0,[],0,[],,,,,,0,[],,0,7
HTS-EC-safe-shadow-stag,realcartest_0_1570,HTS-EC-safe-shadow-stag,0.3,0,25,0,[],0,[],tree,d4_n216,111.0,,,3,"[108, 111, 112]",,0,7
HTS-EC-safe-shadow-stag,realcartest_0_1570,HTS-EC-safe-shadow-stag,0.3,0,26,0,[],0,[],tree,d5_n217,109.0,,,1,[108],,0,7
HTS-EC-safe-shadow-stag,realcartest_0_1570,HTS-EC-safe-shadow-stag,0.3,0,27,0,[],0,[],,,,,,0,[],,0,7
HTS-EC-safe-shadow-stag,realcartest_0_1570,HTS-EC-safe-shadow-stag,0.3,0,27,0,[],0,[],tree,d5_n217,108.0,,,1,[108],,0,7
HTS-EC-safe-shadow-stag,realcartest_0_1570,HTS-EC-safe-shadow-stag,0.3,0,28,0,[],0,[],,,,,,0,[],,0,7
HTS-EC-safe-shadow-stag,realcartest_0_1570,HTS-EC-safe-shadow-stag,0.3,0,28,0,[],0,[],,,,,,0,[],,0,7
HTS-EC-safe-shadow-stag,realcartest_0_1570,HTS-EC-safe-shadow-stag,0.3,0,28,0,[],0,[],tree,d5_n220,112.0,,,1,[112],,0,7
HTS-EC-safe-shadow-stag,realcartest_0_1570,HTS-EC-safe-shadow-stag,0.3,0,29,0,[],0,[],,,,,,0,[],,0,7
HTS-EC-safe-shadow-stag,realcartest_0_1570,HTS-EC-safe-shadow-stag,0.3,0,29,0,[],0,[],,,,,,0,[],,0,7
HTS-EC-safe-shadow-stag,realcartest_0_1570,HTS-EC-safe-shadow-stag,0.3,0,29,0,[],0,[],tree,d3_n196,100.0,,,4,"[98, 101, 105, 106]",,0,7
HTS-EC-safe-shadow-stag,realcartest_0_1570,HTS-EC-safe-shadow-stag,0.3,0,30,0,[],0,[],tree,d4_n206,106.0,,,2,"[105, 106]",,0,7
HTS-EC-safe-shadow-stag,realcartest_0_1570,HTS-EC-safe-shadow-stag,0.3,0,31,0,[],0,[],tree,d5_n207,103.0,,,0,[],,0,7
HTS-EC-safe-shadow-stag,realcartest_0_1570,HTS-EC-safe-shadow-stag,0.3,0,32,0,[],0,[],tree,d5_n210,105.0,,,1,[105],,0,7
HTS-EC-safe-shadow-stag,realcartest_0_1570,HTS-EC-safe-shadow-stag,0.3,0,33,0,[],0,[],,,,,,0,[],,0,7
HTS-EC-safe-shadow-stag,realcartest_0_1570,HTS-EC-safe-shadow-stag,0.3,0,33,0,[],0,[],,,,,,0,[],,0,7
HTS-EC-safe-shadow-stag,realcartest_0_1570,HTS-EC-safe-shadow-stag,0.3,0,33,0,[],0,[],tree,d5_n207,104.0,,,0,[],,0,7
HTS-EC-safe-shadow-stag,realcartest_0_1570,HTS-EC-safe-shadow-stag,0.3,0,34,0,[],0,[],,,,,,0,[],,0,7
HTS-EC-safe-shadow-stag,realcartest_0_1570,HTS-EC-safe-shadow-stag,0.3,0,34,0,[],0,[],,,,,,0,[],,0,7
HTS-EC-safe-shadow-stag,realcartest_0_1570,HTS-EC-safe-shadow-stag,0.3,0,34,0,[],0,[],tree,d1_n78,51.0,,,10,"[50, 53, 55, 56, 57, 58, 70, 73, 74, 76]",,0,7
HTS-EC-safe-shadow-stag,realcartest_0_1570,HTS-EC-safe-shadow-stag,0.3,0,35,0,[],0,[],tree,d2_n156,80.0,,,3,"[84, 85, 92]",,0,7
HTS-EC-safe-shadow-stag,realcartest_0_1570,HTS-EC-safe-shadow-stag,0.3,0,36,0,[],0,[],tree,d1_n234,126.0,,,6,"[118, 119, 121, 122, 125, 150]",,0,7
HTS-EC-safe-shadow-stag,realcartest_0_1570,HTS-EC-safe-shadow-stag,0.3,0,37,0,[],0,[],tree,d4_n32,18.0,,,1,[16],,0,7
HTS-EC-safe-shadow-stag,realcartest_0_1570,HTS-EC-safe-shadow-stag,0.3,0,38,0,[],0,[],,,,,,0,[],,0,7
HTS-EC-safe-shadow-stag,realcartest_0_1570,HTS-EC-safe-shadow-stag,0.3,0,38,0,[],0,[],tree,d2_n41,38.0,,,2,"[26, 28]",,0,7
HTS-EC-safe-shadow-stag,realcartest_0_1570,HTS-EC-safe-shadow-stag,0.3,0,39,0,[],0,[],tree,d4_n197,101.0,,,2,"[98, 101]",,0,7
HTS-EC-safe-shadow-stag,realcartest_0_1570,HTS-EC-safe-shadow-stag,0.3,0,40,0,[],0,[],tree,d5_n198,98.0,,,1,[98],,0,7
HTS-EC-safe-shadow-stag,realcartest_0_1570,HTS-EC-safe-shadow-stag,0.3,0,41,0,[],0,[],,,,,,0,[],,0,7
HTS-EC-safe-shadow-stag,realcartest_0_1570,HTS-EC-safe-shadow-stag,0.3,0,41,0,[],0,[],,,,,,0,[],,0,7
HTS-EC-safe-shadow-stag,realcartest_0_1570,HTS-EC-safe-shadow-stag,0.3,0,41,0,[],0,[],tree,d5_n201,102.0,,,0,[],,0,7
HTS-EC-safe-shadow-stag,realcartest_0_1570,HTS-EC-safe-shadow-stag,0.3,0,42,0,[],0,[],,,,,,0,[],,0,7
HTS-EC-safe-shadow-stag,realcartest_0_1570,HTS-EC-safe-shadow-stag,0.3,0,42,0,[],0,[],,,,,,0,[],,0,7
HTS-EC-safe-shadow-stag,realcartest_0_1570,HTS-EC-safe-shadow-stag,0.3,0,42,0,[],0,[],tree,d5_n27,14.0,,,0,[],,0,7
HTS-EC-safe-shadow-stag,realcartest_0_1570,HTS-EC-safe-shadow-stag,0.3,0,43,0,[],0,[],tree,d1_n78,74.0,,,10,"[50, 53, 55, 56, 57, 58, 70, 73, 74, 76]",,0,7
HTS-EC-safe-shadow-stag,realcartest_0_1570,HTS-EC-safe-shadow-stag,0.3,0,44,0,[],0,[],tree,d2_n79,50.0,,,6,"[50, 53, 55, 56, 57, 58]",,0,7
HTS-EC-safe-shadow-stag,realcartest_0_1570,HTS-EC-safe-shadow-stag,0.3,0,45,0,[],0,[],tree,d3_n80,45.0,,,0,[],,0,7
HTS-EC-safe-shadow-stag,realcartest_0_1570,HTS-EC-safe-shadow-stag,0.3,0,46,0,[],0,[],tree,d3_n80,44.0,,,0,[],,0,7
HTS-EC-safe-shadow-stag,realcartest_0_1570,HTS-EC-safe-shadow-stag,0.3,1,0,0,[],0,[],tree,d0_n0,2.0,,,44,"[1, 2, 3, 4, 5, 6, 7, 8, 9, 10, 16, 26, 28, 50, 53, 55, 56, 57, 58, 70, 73, 74, 76, 84, 85, 92, 98, 101, 105, 106, 107, 108, 111, 112, 113, 114, 115, 117, 118, 119, 121, 122, 125, 150]",,0,7
HTS-EC-safe-shadow-stag,realcartest_0_1570,HTS-EC-safe-shadow-stag,0.3,1,1,0,[],0,[],tree,d0_n0,80.0,,,43,"[1, 3, 4, 5, 6, 7, 8, 9, 10, 16, 26, 28, 50, 53, 55, 56, 57, 58, 70, 73, 74, 76, 84, 85, 92, 98, 101, 105, 106, 107, 108, 111, 112, 113, 114, 115, 117, 118, 119, 121, 122, 125, 150]",,0,7
HTS-EC-safe-shadow-stag,realcartest_0_1570,HTS-EC-safe-shadow-stag,0.3,1,2,0,[],0,[],tree,d1_n78,51.0,,,10,"[50, 53, 55, 56, 57, 58, 70, 73, 74, 76]",,0,7
HTS-EC-safe-shadow-stag,realcartest_0_1570,HTS-EC-safe-shadow-stag,0.3,1,3,0,[],0,[],tree,d1_n234,145.0,,,6,"[118, 119, 121, 122, 125, 150]",,0,7
HTS-EC-safe-shadow-stag,realcartest_0_1570,HTS-EC-safe-shadow-stag,0.3,1,4,0,[],0,[],tree,d1_n1,3.0,,,12,"[1, 3, 4, 5, 6, 7, 8, 9, 10, 16, 26, 28]",,0,7
HTS-EC-safe-shadow-stag,realcartest_0_1570,HTS-EC-safe-shadow-stag,0.3,1,5,0,[],0,[],tree,d2_n41,37.0,,,2,"[26, 28]",,0,7
HTS-EC-safe-shadow-stag,realcartest_0_1570,HTS-EC-safe-shadow-stag,0.3,1,6,0,[],0,[],tree,d2_n2,0.0,,,9,"[1, 4, 5, 6, 7, 8, 9, 10, 16]",,0,7
HTS-EC-safe-shadow-stag,realcartest_0_1570,HTS-EC-safe-shadow-stag,0.3,1,7,0,[],0,[],tree,d3_n22,19.0,,,2,"[10, 16]",,0,7
HTS-EC-safe-shadow-stag,realcartest_0_1570,HTS-EC-safe-shadow-stag,0.3,1,8,0,[],0,[],tree,d3_n3,5.0,,,7,"[1, 4, 5, 6, 7, 8, 9]",,0,7
HTS-EC-safe-shadow-stag,realcartest_0_1570,HTS-EC-safe-shadow-stag,0.3,1,9,0,[],0,[],tree,d4_n13,9.0,,,4,"[6, 7, 8, 9]",,0,7
HTS-EC-safe-shadow-stag,realcartest_0_1570,HTS-EC-safe-shadow-stag,0.3,1,10,0,[],0,[],tree,d5_n14,6.0,,,1,[6],,0,7
HTS-EC-safe-shadow-stag,realcartest_0_1570,HTS-EC-safe-shadow-stag,0.3,1,11,0,[],0,[],tree,d5_n17,8.0,,,2,"[7, 8]",,0,7
HTS-EC-safe-shadow-stag,realcartest_0_1570,HTS-EC-safe-shadow-stag,0.3,1,12,0,[],0,[],,,,,,0,[],,0,7
HTS-EC-safe-shadow-stag,realcartest_0_1570,HTS-EC-safe-shadow-stag,0.3,1,12,0,[],0,[],,,,,,0,[],,0,7
HTS-EC-safe-shadow-stag,realcartest_0_1570,HTS-EC-safe-shadow-stag,0.3,1,12,0,[],0,[],tree,d6_n18,7.0,,,1,[7],,0,7
HTS-EC-safe-shadow-stag,realcartest_0_1570,HTS-EC-safe-shadow-stag,0.3,1,13,0,[],0,[],,,,,,0,[],,0,7
HTS-EC-safe-shadow-stag,realcartest_0_1570,HTS-EC-safe-shadow-stag,0.3,1,13,0,[],0,[],,,,,,0,[],,0,7
HTS-EC-safe-shadow-stag,realcartest_0_1570,HTS-EC-safe-shadow-stag,0.3,1,13,0,[],0,[],,,,,,0,[],,0,7
HTS-EC-safe-shadow-stag,realcartest_0_1570,HTS-EC-safe-shadow-stag,0.3,1,13,0,[],0,[],tree,d1_n155,113.0,,,15,"[84, 85, 92, 98, 101, 105, 106, 107, 108, 111, 112, 113, 114, 115, 117]",,0,7
HTS-EC-safe-shadow-stag,realcartest_0_1570,HTS-EC-safe-shadow-stag,0.3,1,14,0,[],0,[],tree,d2_n195,114.0,,,11,"[98, 101, 105, 106, 107, 108, 111, 112, 114, 115, 117]",,0,7
HTS-EC-safe-shadow-stag,realcartest_0_1570,HTS-EC-safe-shadow-stag,0.3,1,15,0,[],0,[],tree,d3_n196,99.0,,,5,"[98, 101, 105, 106, 107]",,0,7
HTS-EC-safe-shadow-stag,realcartest_0_1570,HTS-EC-safe-shadow-stag,0.3,1,16,0,[],0,[],tree,d3_n215,112.0,,,5,"[108, 111, 112, 115, 117]",,0,7
HTS-EC-safe-shadow-stag,realcartest_0_1570,HTS-EC-safe-shadow-stag,0.3,1,17,0,[],0,[],tree,d4_n216,110.0,,,2,"[108, 111]",,0,7
HTS-EC-safe-shadow-stag,realcartest_0_1570,HTS-EC-safe-shadow-stag,0.3,1,18,0,[],0,[],tree,d5_n217,109.0,,,1,[108],,0,7
HTS-EC-safe-shadow-stag,realcartest_0_1570,HTS-EC-safe-shadow-stag,0.3,1,19,0,[],0,[],tree,d4_n225,117.0,,,2,"[115, 117]",,0,7
HTS-EC-safe-shadow-stag,realcartest_0_1570,HTS-EC-safe-shadow-stag,0.3,1,20,0,[],0,[],tree,d5_n229,115.0,,,1,[115],,0,7
HTS-EC-safe-shadow-stag,realcartest_0_1570,HTS-EC-safe-shadow-stag,0.3,1,21,0,[],0,[],tree,d6_n230,116.0,,,0,[],,0,7
HTS-EC-safe-shadow-stag,realcartest_0_1570,HTS-EC-safe-shadow-stag,0.3,1,22,0,[],0,[],,,,,,0,[],,0,7
HTS-EC-safe-shadow-stag,realcartest_0_1570,HTS-EC-safe-shadow-stag,0.3,1,22,0,[],0,[],,,,,,0,[],,0,7
HTS-EC-safe-shadow-stag,realcartest_0_1570,HTS-EC-safe-shadow-stag,0.3,1,22,0,[],0,[],,,,,,0,[],,0,7
HTS-EC-safe-shadow-stag,realcartest_0_1570,HTS-EC-safe-shadow-stag,0.3,1,22,0,[],0,[],tree,d5_n217,108.0,,,1,[108],,0,7
HTS-EC-safe-shadow-stag,realcartest_0_1570,HTS-EC-safe-shadow-stag,0.3,1,23,0,[],0,[],,,,,,0,[],,0,7
HTS-EC-safe-shadow-stag,realcartest_0_1570,HTS-EC-safe-shadow-stag,0.3,1,23,0,[],0,[],,,,,,0,[],,0,7
HTS-EC-safe-shadow-stag,realcartest_0_1570,HTS-EC-safe-shadow-stag,0.3,1,23,0,[],0,[],,,,,,0,[],,0,7
HTS-EC-safe-shadow-stag,realcartest_0_1570,HTS-EC-safe-shadow-stag,0.3,1,23,0,[],0,[],tree,d3_n196,100.0,,,5,"[98, 101, 105, 106, 107]",,0,7
HTS-EC-safe-shadow-stag,realcartest_0_1570,HTS-EC-safe-shadow-stag,0.3,1,24,0,[],0,[],tree,d4_n206,107.0,,,3,"[105, 106, 107]",,0,7
HTS-EC-safe-shadow-stag,realcartest_0_1570,HTS-EC-safe-shadow-stag,0.3,1,25,0,[],0,[],tree,d4_n206,106.0,,,2,"[105, 106]",,0,7
HTS-EC-safe-shadow-stag,realcartest_0_1570,HTS-EC-safe-shadow-stag,0.3,1,26,0,[],0,[],tree,d5_n207,103.0,,,0,[],,0,7
HTS-EC-safe-shadow-stag,realcartest_0_1570,HTS-EC-safe-shadow-stag,0.3,1,27,0,[],0,[],tree,d5_n210,105.0,,,1,[105],,0,7
HTS-EC-safe-shadow-stag,realcartest_0_1570,HTS-EC-safe-shadow-stag,0.3,1,28,0,[],0,[],,,,,,0,[],,0,7
HTS-EC-safe-shadow-stag,realcartest_0_1570,HTS-EC-safe-shadow-stag,0.3,1,28,0,[],0,[],,,,,,0,[],,0,7
HTS-EC-safe-shadow-stag,realcartest_0_1570,HTS-EC-safe-shadow-stag,0.3,1,28,0,[],0,[],tree,d5_n207,104.0,,,0,[],,0,7
HTS-EC-safe-shadow-stag,realcartest_0_1570,HTS-EC-safe-shadow-stag,0.3,1,29,0,[],0,[],,,,,,0,[],,0,7
HTS-EC-safe-shadow-stag,realcartest_0_1570,HTS-EC-safe-shadow-stag,0.3,1,29,0,[],0,[],,,,,,0,[],,0,7
HTS-EC-safe-shadow-stag,realcartest_0_1570,HTS-EC-safe-shadow-stag,0.3,1,29,0,[],0,[],tree,d5_n220,111.0,,,1,[111],,0,7
HTS-EC-safe-shadow-stag,realcartest_0_1570,HTS-EC-safe-shadow-stag,0.3,1,30,0,[],0,[],,,,,,0,[],,0,7
HTS-EC-safe-shadow-stag,realcartest_0_1570,HTS-EC-safe-shadow-stag,0.3,1,30,0,[],0,[],,,,,,0,[],,0,7
HTS-EC-safe-shadow-stag,realcartest_0_1570,HTS-EC-safe-shadow-stag,0.3,1,30,0,[],0,[],tree,d1_n78,50.0,,,10,"[50, 53, 55, 56, 57, 58, 70, 73, 74, 76]",,0,7
HTS-EC-safe-shadow-stag,realcartest_0_1570,HTS-EC-safe-shadow-stag,0.3,1,31,0,[],0,[],tree,d2_n118,69.0,,,4,"[70, 73, 74, 76]",,0,7
HTS-EC-safe-shadow-stag,realcartest_0_1570,HTS-EC-safe-shadow-stag,0.3,1,32,0,[],0,[],tree,d4_n4,1.0,,,2,"[1, 4]",,0,7
HTS-EC-safe-shadow-stag,realcartest_0_1570,HTS-EC-safe-shadow-stag,0.3,1,33,0,[],0,[],tree,d5_n8,4.0,,,1,[4],,0,7
HTS-EC-safe-shadow-stag,realcartest_0_1570,HTS-EC-safe-shadow-stag,0.3,1,34,0,[],0,[],,,,,,0,[],,0,7
HTS-EC-safe-shadow-stag,realcartest_0_1570,HTS-EC-safe-shadow-stag,0.3,1,34,0,[],0,[],,,,,,0,[],,0,7
HTS-EC-safe-shadow-stag,realcartest_0_1570,HTS-EC-safe-shadow-stag,0.3,1,34,0,[],0,[],,,,,,0,[],,0,7
HTS-EC-safe-shadow-stag,realcartest_0_1570,HTS-EC-safe-shadow-stag,0.3,1,34,0,[],0,[],tree,d2_n118,74.0,,,4,"[70, 73, 74, 76]",,0,7
HTS-EC-safe-shadow-stag,realcartest_0_1570,HTS-EC-safe-shadow-stag,0.3,1,35,0,[],0,[],tree,d3_n119,59.0,,,0,[],,0,7
HTS-EC-safe-shadow-stag,realcartest_0_1570,HTS-EC-safe-shadow-stag,0.3,1,36,0,[],0,[],tree,d3_n138,75.0,,,3,"[70, 73, 76]",,0,7
HTS-EC-safe-shadow-stag,realcartest_0_1570,HTS-EC-safe-shadow-stag,0.3,1,37,0,[],0,[],tree,d4_n139,70.0,,,1,[70],,0,7
HTS-EC-safe-shadow-stag,realcartest_0_1570,HTS-EC-safe-shadow-stag,0.3,1,38,0,[],0,[],tree,d5_n143,71.0,,,0,[],,0,7
HTS-EC-safe-shadow-stag,realcartest_0_1570,HTS-EC-safe-shadow-stag,0.3,1,39,0,[],0,[],,,,,,0,[],,0,7
HTS-EC-safe-shadow-stag,realcartest_0_1570,HTS-EC-safe-shadow-stag,0.3,1,39,0,[],0,[],tree,d4_n146,73.0,,,2,"[73, 76]",,0,7
HTS-EC-safe-shadow-stag,realcartest_0_1570,HTS-EC-safe-shadow-stag,0.3,1,40,0,[],0,[],,,,,,0,[],,0,7
HTS-EC-safe-shadow-stag,realcartest_0_1570,HTS-EC-safe-shadow-stag,0.3,1,40,0,[],0,[],tree,d5_n150,76.0,,,1,[76],,0,7
HTS-EC-safe-shadow-stag,realcartest_0_1570,HTS-EC-safe-shadow-stag,0.3,1,41,0,[],0,[],tree,d6_n154,77.0,,,0,[],,0,7
HTS-EC-safe-shadow-stag,realcartest_0_1570,HTS-EC-safe-shadow-stag,0.3,1,42,0,[],0,[],,,,,,0,[],,0,7
HTS-EC-safe-shadow-stag,realcartest_0_1570,HTS-EC-safe-shadow-stag,0.3,1,42,0,[],0,[],,,,,,0,[],,0,7
HTS-EC-safe-shadow-stag,realcartest_0_1570,HTS-EC-safe-shadow-stag,0.3,1,42,0,[],0,[],tree,d2_n79,52.0,,,5,"[53, 55, 56, 57, 58]",,0,7
HTS-EC-safe-shadow-stag,realcartest_0_1570,HTS-EC-safe-shadow-stag,0.3,1,43,0,[],0,[],tree,d3_n80,45.0,,,0,[],,0,7
HTS-EC-safe-shadow-stag,realcartest_0_1570,HTS-EC-safe-shadow-stag,0.3,1,44,0,[],0,[],tree,d3_n80,44.0,,,0,[],,0,7
HTS-EC-safe-shadow-stag,realcartest_0_1570,HTS-EC-safe-shadow-stag,0.3,1,45,0,[],0,[],tree,d4_n81,40.0,,,0,[],,0,7
HTS-EC-safe-shadow-stag,realcartest_0_1570,HTS-EC-safe-shadow-stag,0.3,1,46,0,[],0,[],tree,d4_n81,42.0,,,0,[],,0,7
HTS-EC-safe-shadow-stag,realcartest_0_1570,HTS-EC-safe-shadow-stag,0.3,2,0,0,[],0,[],tree,d0_n0,126.0,,,44,"[1, 2, 3, 4, 5, 6, 7, 8, 9, 10, 16, 26, 28, 50, 53, 55, 56, 57, 58, 70, 73, 74, 76, 84, 85, 92, 98, 101, 105, 106, 107, 108, 111, 112, 113, 114, 115, 117, 118, 119, 121, 122, 125, 150]",,0,7
HTS-EC-safe-shadow-stag,realcartest_0_1570,HTS-EC-safe-shadow-stag,0.3,2,1,0,[],0,[],tree,d0_n0,144.0,,,44,"[1, 2, 3, 4, 5, 6, 7, 8, 9, 10, 16, 26, 28, 50, 53, 55, 56, 57, 58, 70, 73, 74, 76, 84, 85, 92, 98, 101, 105, 106, 107, 108, 111, 112, 113, 114, 115, 117, 118, 119, 121, 122, 125, 150]",,0,7
HTS-EC-safe-shadow-stag,realcartest_0_1570,HTS-EC-safe-shadow-stag,0.3,2,2,0,[],0,[],tree,d0_n0,84.0,,,44,"[1, 2, 3, 4, 5, 6, 7, 8, 9, 10, 16, 26, 28, 50, 53, 55, 56, 57, 58, 70, 73, 74, 76, 84, 85, 92, 98, 101, 105, 106, 107, 108, 111, 112, 113, 114, 115, 117, 118, 119, 121, 122, 125, 150]",,0,7
HTS-EC-safe-shadow-stag,realcartest_0_1570,HTS-EC-safe-shadow-stag,0.3,2,3,0,[],0,[],tree,d1_n78,69.0,,,10,"[50, 53, 55, 56, 57, 58, 70, 73, 74, 76]",,0,7
HTS-EC-safe-shadow-stag,realcartest_0_1570,HTS-EC-safe-shadow-stag,0.3,2,4,0,[],0,[],tree,d1_n1,18.0,,,13,"[1, 2, 3, 4, 5, 6, 7, 8, 9, 10, 16, 26, 28]",,0,7
HTS-EC-safe-shadow-stag,realcartest_0_1570,HTS-EC-safe-shadow-stag,0.3,2,5,0,[],0,[],tree,d1_n155,113.0,,,14,"[85, 92, 98, 101, 105, 106, 107, 108, 111, 112, 113, 114, 115, 117]",,0,7
HTS-EC-safe-shadow-stag,realcartest_0_1570,HTS-EC-safe-shadow-stag,0.3,2,6,0,[],0,[],tree,d2_n195,115.0,,,11,"[98, 101, 105, 106, 107, 108, 111, 112, 114, 115, 117]",,0,7
HTS-EC-safe-shadow-stag,realcartest_0_1570,HTS-EC-safe-shadow-stag,0.3,2,7,0,[],0,[],tree,d3_n196,100.0,,,5,"[98, 101, 105, 106, 107]",,0,7
HTS-EC-safe-shadow-stag,realcartest_0_1570,HTS-EC-safe-shadow-stag,0.3,2,8,0,[],0,[],tree,d3_n215,108.0,,,5,"[108, 111, 112, 114, 117]",,0,7
HTS-EC-safe-shadow-stag,realcartest_0_1570,HTS-EC-safe-shadow-stag,0.3,2,9,0,[],0,[],tree,d4_n216,109.0,,,2,"[111, 112]",,0,7
HTS-EC-safe-shadow-stag,realcartest_0_1570,HTS-EC-safe-shadow-stag,0.3,2,10,0,[],0,[],tree,d5_n220,111.0,,,2,"[111, 112]",,0,7
HTS-EC-safe-shadow-stag,realcartest_0_1570,HTS-EC-safe-shadow-stag,0.3,2,11,0,[],0,[],tree,d5_n220,110.0,,,1,[112],,0,7
HTS-EC-safe-shadow-stag,realcartest_0_1570,HTS-EC-safe-shadow-stag,0.3,2,12,0,[],0,[],tree,d6_n224,112.0,,,1,[112],,0,7
HTS-EC-safe-shadow-stag,realcartest_0_1570,HTS-EC-safe-shadow-stag,0.3,2,13,0,[],0,[],,,,,,0,[],,0,7
HTS-EC-safe-shadow-stag,realcartest_0_1570,HTS-EC-safe-shadow-stag,0.3,2,13,0,[],0,[],tree,d4_n225,117.0,,,2,"[114, 117]",,0,7
HTS-EC-safe-shadow-stag,realcartest_0_1570,HTS-EC-safe-shadow-stag,0.3,2,14,0,[],0,[],tree,d5_n226,114.0,,,1,[114],,0,7
HTS-EC-safe-shadow-stag,realcartest_0_1570,HTS-EC-safe-shadow-stag,0.3,2,15,0,[],0,[],,,,,,0,[],,0,7
HTS-EC-safe-shadow-stag,realcartest_0_1570,HTS-EC-safe-shadow-stag,0.3,2,15,0,[],0,[],,,,,,0,[],,0,7
HTS-EC-safe-shadow-stag,realcartest_0_1570,HTS-EC-safe-shadow-stag,0.3,2,15,0,[],0,[],tree,d5_n229,116.0,,,0,[],,0,7
HTS-EC-safe-shadow-stag,realcartest_0_1570,HTS-EC-safe-shadow-stag,0.3,2,16,0,[],0,[],,,,,,0,[],,0,7
HTS-EC-safe-shadow-stag,realcartest_0_1570,HTS-EC-safe-shadow-stag,0.3,2,16,0,[],0,[],tree,d2_n156,80.0,,,2,"[85, 92]",,0,7
HTS-EC-safe-shadow-stag,realcartest_0_1570,HTS-EC-safe-shadow-stag,0.3,2,17,0,[],0,[],tree,d3_n176,96.0,,,1,[92],,0,7
HTS-EC-safe-shadow-stag,realcartest_0_1570,HTS-EC-safe-shadow-stag,0.3,2,18,0,[],0,[],tree,d3_n196,107.0,,,5,"[98, 101, 105, 106, 107]",,0,7
HTS-EC-safe-shadow-stag,realcartest_0_1570,HTS-EC-safe-shadow-stag,0.3,2,19,0,[],0,[],tree,d4_n206,106.0,,,2,"[105, 106]",,0,7
HTS-EC-safe-shadow-stag,realcartest_0_1570,HTS-EC-safe-shadow-stag,0.3,2,20,0,[],0,[],tree,d5_n207,103.0,,,0,[],,0,7
HTS-EC-safe-shadow-stag,realcartest_0_1570,HTS-EC-safe-shadow-stag,0.3,2,21,0,[],0,[],tree,d5_n210,105.0,,,1,[105],,0,7
HTS-EC-safe-shadow-stag,realcartest_0_1570,HTS-EC-safe-shadow-stag,0.3,2,22,0,[],0,[],,,,,,0,[],,0,7
HTS-EC-safe-shadow-stag,realcartest_0_1570,HTS-EC-safe-shadow-stag,0.3,2,22,0,[],0,[],,,,,,0,[],,0,7
HTS-EC-safe-shadow-stag,realcartest_0_1570,HTS-EC-safe-shadow-stag,0.3,2,22,0,[],0,[],tree,d5_n207,104.0,,,0,[],,0,7
HTS-EC-safe-shadow-stag,realcartest_0_1570,HTS-EC-safe-shadow-stag,0.3,2,23,0,[],0,[],,,,,,0,[],,0,7
HTS-EC-safe-shadow-stag,realcartest_0_1570,HTS-EC-safe-shadow-stag,0.3,2,23,0,[],0,[],,,,,,0,[],,0,7
HTS-EC-safe-shadow-stag,realcartest_0_1570,HTS-EC-safe-shadow-stag,0.3,2,23,0,[],0,[],tree,d4_n197,101.0,,,2,"[98, 101]",,0,7
HTS-EC-safe-shadow-stag,realcartest_0_1570,HTS-EC-safe-shadow-stag,0.3,2,24,0,[],0,[],tree,d5_n198,99.0,,,1,[98],,0,7
HTS-EC-safe-shadow-stag,realcartest_0_1570,HTS-EC-safe-shadow-stag,0.3,2,25,0,[],0,[],tree,d5_n198,98.0,,,1,[98],,0,7
HTS-EC-safe-shadow-stag,realcartest_0_1570,HTS-EC-safe-shadow-stag,0.3,2,26,0,[],0,[],,,,,,0,[],,0,7
HTS-EC-safe-shadow-stag,realcartest_0_1570,HTS-EC-safe-shadow-stag,0.3,2,26,0,[],0,[],,,,,,0,[],,0,7
HTS-EC-safe-shadow-stag,realcartest_0_1570,HTS-EC-safe-shadow-stag,0.3,2,26,0,[],0,[],,,,,,0,[],,0,7
HTS-EC-safe-shadow-stag,realcartest_0_1570,HTS-EC-safe-shadow-stag,0.3,2,26,0,[],0,[],,,,,,0,[],,0,7
HTS-EC-safe-shadow-stag,realcartest_0_1570,HTS-EC-safe-shadow-stag,0.3,2,26,0,[],0,[],,,,,,0,[],,0,7
HTS-EC-safe-shadow-stag,realcartest_0_1570,HTS-EC-safe-shadow-stag,0.3,2,26,0,[],0,[],tree,d5_n201,102.0,,,0,[],,0,7
HTS-EC-safe-shadow-stag,realcartest_0_1570,HTS-EC-safe-shadow-stag,0.3,2,27,0,[],0,[],,,,,,0,[],,0,7
HTS-EC-safe-shadow-stag,realcartest_0_1570,HTS-EC-safe-shadow-stag,0.3,2,27,0,[],0,[],,,,,,0,[],,0,7
HTS-EC-safe-shadow-stag,realcartest_0_1570,HTS-EC-safe-shadow-stag,0.3,2,27,0,[],0,[],tree,d1_n78,51.0,,,10,"[50, 53, 55, 56, 57, 58, 70, 73, 74, 76]",,0,7
HTS-EC-safe-shadow-stag,realcartest_0_1570,HTS-EC-safe-shadow-stag,0.3,2,28,0,[],0,[],tree,d1_n1,0.0,,,13,"[1, 2, 3, 4, 5, 6, 7, 8, 9, 10, 16, 26, 28]",,0,7
HTS-EC-safe-shadow-stag,realcartest_0_1570,HTS-EC-safe-shadow-stag,0.3,2,29,0,[],0,[],tree,d3_n176,89.0,,,1,[92],,0,7
HTS-EC-safe-shadow-stag,realcartest_0_1570,HTS-EC-safe-shadow-stag,0.3,2,30,0,[],0,[],tree,d3_n157,83.0,,,1,[85],,0,7
HTS-EC-safe-shadow-stag,realcartest_0_1570,HTS-EC-safe-shadow-stag,0.3,2,31,0,[],0,[],tree,d4_n158,79.0,,,0,[],,0,7
HTS-EC-safe-shadow-stag,realcartest_0_1570,HTS-EC-safe-shadow-stag,0.3,2,32,0,[],0,[],tree,d4_n167,85.0,,,1,[85],,0,7
HTS-EC-safe-shadow-stag,realcartest_0_1570,HTS-EC-safe-shadow-stag,0.3,2,33,0,[],0,[],,,,,,0,[],,0,7
HTS-EC-safe-shadow-stag,realcartest_0_1570,HTS-EC-safe-shadow-stag,0.3,2,33,0,[],0,[],tree,d5_n171,86.0,,,0,[],,0,7
HTS-EC-safe-shadow-stag,realcartest_0_1570,HTS-EC-safe-shadow-stag,0.3,2,34,0,[],0,[],tree,d6_n175,87.0,,,0,[],,0,7
HTS-EC-safe-shadow-stag,realcartest_0_1570,HTS-EC-safe-shadow-stag,0.3,2,35,0,[],0,[],,,,,,0,[],,0,7
HTS-EC-safe-shadow-stag,realcartest_0_1570,HTS-EC-safe-shadow-stag,0.3,2,35,0,[],0,[],,,,,,0,[],,0,7
HTS-EC-safe-shadow-stag,realcartest_0_1570,HTS-EC-safe-shadow-stag,0.3,2,35,0,[],0,[],tree,d1_n78,50.0,,,10,"[50, 53, 55, 56, 57, 58, 70, 73, 74, 76]",,0,7
HTS-EC-safe-shadow-stag,realcartest_0_1570,HTS-EC-safe-shadow-stag,0.3,2,36,0,[],0,[],tree,d2_n118,74.0,,,4,"[70, 73, 74, 76]",,0,7
HTS-EC-safe-shadow-stag,realcartest_0_1570,HTS-EC-safe-shadow-stag,0.3,2,37,0,[],0,[],tree,d3_n119,59.0,,,0,[],,0,7
HTS-EC-safe-shadow-stag,realcartest_0_1570,HTS-EC-safe-shadow-stag,0.3,2,38,0,[],0,[],tree,d3_n138,75.0,,,3,"[70, 73, 76]",,0,7
HTS-EC-safe-shadow-stag,realcartest_0_1570,HTS-EC-safe-shadow-stag,0.3,2,39,0,[],0,[],tree,d4_n139,70.0,,,1,[70],,0,7
HTS-EC-safe-shadow-stag,realcartest_0_1570,HTS-EC-safe-shadow-stag,0.3,2,40,0,[],0,[],tree,d5_n143,71.0,,,0,[],,0,7
HTS-EC-safe-shadow-stag,realcartest_0_1570,HTS-EC-safe-shadow-stag,0.3,2,41,0,[],0,[],,,,,,0,[],,0,7
HTS-EC-safe-shadow-stag,realcartest_0_1570,HTS-EC-safe-shadow-stag,0.3,2,41,0,[],0,[],tree,d4_n146,73.0,,,2,"[73, 76]",,0,7
HTS-EC-safe-shadow-stag,realcartest_0_1570,HTS-EC-safe-shadow-stag,0.3,2,42,0,[],0,[],,,,,,0,[],,0,7
HTS-EC-safe-shadow-stag,realcartest_0_1570,HTS-EC-safe-shadow-stag,0.3,2,42,0,[],0,[],tree,d5_n150,76.0,,,1,[76],,0,7
HTS-EC-safe-shadow-stag,realcartest_0_1570,HTS-EC-safe-shadow-stag,0.3,2,43,0,[],0,[],tree,d6_n154,77.0,,,0,[],,0,7
HTS-EC-safe-shadow-stag,realcartest_0_1570,HTS-EC-safe-shadow-stag,0.3,2,44,0,[],0,[],,,,,,0,[],,0,7
HTS-EC-safe-shadow-stag,realcartest_0_1570,HTS-EC-safe-shadow-stag,0.3,2,44,0,[],0,[],,,,,,0,[],,0,7
HTS-EC-safe-shadow-stag,realcartest_0_1570,HTS-EC-safe-shadow-stag,0.3,2,44,0,[],0,[],tree,d2_n79,52.0,,,5,"[53, 55, 56, 57, 58]",,0,7
HTS-EC-safe-shadow-stag,realcartest_0_1570,HTS-EC-safe-shadow-stag,0.3,2,45,0,[],0,[],tree,d3_n80,44.0,,,0,[],,0,7
HTS-EC-safe-shadow-stag,realcartest_0_1570,HTS-EC-safe-shadow-stag,0.3,2,46,0,[],0,[],tree,d3_n80,45.0,,,0,[],,0,7
HTS-EC-safe-StagRepMix-force,realcartest_2000_3200,HTS-EC-safe-StagRepMix-force,0.1,0,0,0,[],0,[],tree,d0_n0,105.0,,,32,"[3, 4, 5, 7, 9, 12, 25, 32, 38, 39, 40, 49, 50, 53, 56, 58, 70, 71, 76, 77, 79, 81, 83, 84, 85, 86, 87, 88, 96, 98, 106, 111]",,0,1
HTS-EC-safe-StagRepMix-force,realcartest_2000_3200,HTS-EC-safe-StagRepMix-force,0.1,0,1,0,[],0,[],tree,d0_n0,88.0,,,32,"[3, 4, 5, 7, 9, 12, 25, 32, 38, 39, 40, 49, 50, 53, 56, 58, 70, 71, 76, 77, 79, 81, 83, 84, 85, 86, 87, 88, 96, 98, 106, 111]",,0,1
HTS-EC-safe-StagRepMix-force,realcartest_2000_3200,HTS-EC-safe-StagRepMix-force,0.1,0,2,0,[],0,[],tree,d0_n0,87.0,,,31,"[3, 4, 5, 7, 9, 12, 25, 32, 38, 39, 40, 49, 50, 53, 56, 58, 70, 71, 76, 77, 79, 81, 83, 84, 85, 86, 87, 96, 98, 106, 111]",,0,1
HTS-EC-safe-StagRepMix-force,realcartest_2000_3200,HTS-EC-safe-StagRepMix-force,0.1,0,3,0,[],0,[],tree,d0_n0,102.0,,,30,"[3, 4, 5, 7, 9, 12, 25, 32, 38, 39, 40, 49, 50, 53, 56, 58, 70, 71, 76, 77, 79, 81, 83, 84, 85, 86, 96, 98, 106, 111]",,0,1
HTS-EC-safe-StagRepMix-force,realcartest_2000_3200,HTS-EC-safe-StagRepMix-force,0.1,0,4,0,[],0,[],fine,,86.0,,,0,[],,0,1
HTS-EC-safe-StagRepMix-force,realcartest_2000_3200,HTS-EC-safe-StagRepMix-force,0.1,0,5,0,[],0,[],fine,,93.0,,,0,[],,0,1
HTS-EC-safe-StagRepMix-force,realcartest_2000_3200,HTS-EC-safe-StagRepMix-force,0.1,0,6,0,[],0,[],fine,,49.0,,,0,[],,0,1
HTS-EC-safe-StagRepMix-force,realcartest_2000_3200,HTS-EC-safe-StagRepMix-force,0.1,0,7,0,[],0,[],fine,,81.0,,,0,[],,0,1
HTS-EC-safe-StagRepMix-force,realcartest_2000_3200,HTS-EC-safe-StagRepMix-force,0.1,0,8,0,[],0,[],fine,,51.0,,,0,[],,0,1
HTS-EC-safe-StagRepMix-force,realcartest_2000_3200,HTS-EC-safe-StagRepMix-force,0.1,0,9,0,[],0,[],fine,,36.0,,,0,[],,0,1
HTS-EC-safe-StagRepMix-force,realcartest_2000_3200,HTS-EC-safe-StagRepMix-force,0.1,0,10,0,[],0,[],fine,,103.0,,,0,[],,0,1
HTS-EC-safe-StagRepMix-force,realcartest_2000_3200,HTS-EC-safe-StagRepMix-force,0.1,0,11,0,[],0,[],fine,,85.0,,,0,[],,0,1
HTS-EC-safe-StagRepMix-force,realcartest_2000_3200,HTS-EC-safe-StagRepMix-force,0.1,1,0,0,[],0,[],tree,d0_n0,105.0,,,32,"[3, 4, 5, 7, 9, 12, 25, 32, 38, 39, 40, 49, 50, 53, 56, 58, 70, 71, 76, 77, 79, 81, 83, 84, 85, 86, 87, 88, 96, 98, 106, 111]",,0,1
HTS-EC-safe-StagRepMix-force,realcartest_2000_3200,HTS-EC-safe-StagRepMix-force,0.1,1,1,0,[],0,[],tree,d0_n0,88.0,,,32,"[3, 4, 5, 7, 9, 12, 25, 32, 38, 39, 40, 49, 50, 53, 56, 58, 70, 71, 76, 77, 79, 81, 83, 84, 85, 86, 87, 88, 96, 98, 106, 111]",,0,1
HTS-EC-safe-StagRepMix-force,realcartest_2000_3200,HTS-EC-safe-StagRepMix-force,0.1,1,2,0,[],0,[],tree,d0_n0,87.0,,,31,"[3, 4, 5, 7, 9, 12, 25, 32, 38, 39, 40, 49, 50, 53, 56, 58, 70, 71, 76, 77, 79, 81, 83, 84, 85, 86, 87, 96, 98, 106, 111]",,0,1
HTS-EC-safe-StagRepMix-force,realcartest_2000_3200,HTS-EC-safe-StagRepMix-force,0.1,1,3,0,[],0,[],tree,d0_n0,102.0,,,30,"[3, 4, 5, 7, 9, 12, 25, 32, 38, 39, 40, 49, 50, 53, 56, 58, 70, 71, 76, 77, 79, 81, 83, 84, 85, 86, 96, 98, 106, 111]",,0,1
HTS-EC-safe-StagRepMix-force,realcartest_2000_3200,HTS-EC-safe-StagRepMix-force,0.1,1,4,0,[],0,[],fine,,86.0,,,0,[],,0,1
HTS-EC-safe-StagRepMix-force,realcartest_2000_3200,HTS-EC-safe-StagRepMix-force,0.1,1,5,0,[],0,[],fine,,93.0,,,0,[],,0,1
HTS-EC-safe-StagRepMix-force,realcartest_2000_3200,HTS-EC-safe-StagRepMix-force,0.1,1,6,0,[],0,[],fine,,49.0,,,0,[],,0,1
HTS-EC-safe-StagRepMix-force,realcartest_2000_3200,HTS-EC-safe-StagRepMix-force,0.1,1,7,0,[],0,[],fine,,81.0,,,0,[],,0,1
HTS-EC-safe-StagRepMix-force,realcartest_2000_3200,HTS-EC-safe-StagRepMix-force,0.1,1,8,0,[],0,[],fine,,51.0,,,0,[],,0,1
HTS-EC-safe-StagRepMix-force,realcartest_2000_3200,HTS-EC-safe-StagRepMix-force,0.1,1,9,0,[],0,[],fine,,36.0,,,0,[],,0,1
HTS-EC-safe-StagRepMix-force,realcartest_2000_3200,HTS-EC-safe-StagRepMix-force,0.1,1,10,0,[],0,[],fine,,103.0,,,0,[],,0,1
HTS-EC-safe-StagRepMix-force,realcartest_2000_3200,HTS-EC-safe-StagRepMix-force,0.1,1,11,0,[],0,[],fine,,85.0,,,0,[],,0,1
HTS-EC-safe-StagRepMix-force,realcartest_2000_3200,HTS-EC-safe-StagRepMix-force,0.1,2,0,0,[],0,[],tree,d0_n0,105.0,,,32,"[3, 4, 5, 7, 9, 12, 25, 32, 38, 39, 40, 49, 50, 53, 56, 58, 70, 71, 76, 77, 79, 81, 83, 84, 85, 86, 87, 88, 96, 98, 106, 111]",,0,1
HTS-EC-safe-StagRepMix-force,realcartest_2000_3200,HTS-EC-safe-StagRepMix-force,0.1,2,1,0,[],0,[],tree,d0_n0,88.0,,,32,"[3, 4, 5, 7, 9, 12, 25, 32, 38, 39, 40, 49, 50, 53, 56, 58, 70, 71, 76, 77, 79, 81, 83, 84, 85, 86, 87, 88, 96, 98, 106, 111]",,0,1
HTS-EC-safe-StagRepMix-force,realcartest_2000_3200,HTS-EC-safe-StagRepMix-force,0.1,2,2,0,[],0,[],tree,d0_n0,87.0,,,31,"[3, 4, 5, 7, 9, 12, 25, 32, 38, 39, 40, 49, 50, 53, 56, 58, 70, 71, 76, 77, 79, 81, 83, 84, 85, 86, 87, 96, 98, 106, 111]",,0,1
HTS-EC-safe-StagRepMix-force,realcartest_2000_3200,HTS-EC-safe-StagRepMix-force,0.1,2,3,0,[],0,[],tree,d0_n0,102.0,,,30,"[3, 4, 5, 7, 9, 12, 25, 32, 38, 39, 40, 49, 50, 53, 56, 58, 70, 71, 76, 77, 79, 81, 83, 84, 85, 86, 96, 98, 106, 111]",,0,1
HTS-EC-safe-StagRepMix-force,realcartest_2000_3200,HTS-EC-safe-StagRepMix-force,0.1,2,4,0,[],0,[],fine,,86.0,,,0,[],,0,1
HTS-EC-safe-StagRepMix-force,realcartest_2000_3200,HTS-EC-safe-StagRepMix-force,0.1,2,5,0,[],0,[],fine,,93.0,,,0,[],,0,1
HTS-EC-safe-StagRepMix-force,realcartest_2000_3200,HTS-EC-safe-StagRepMix-force,0.1,2,6,0,[],0,[],fine,,49.0,,,0,[],,0,1
HTS-EC-safe-StagRepMix-force,realcartest_2000_3200,HTS-EC-safe-StagRepMix-force,0.1,2,7,0,[],0,[],fine,,81.0,,,0,[],,0,1
HTS-EC-safe-StagRepMix-force,realcartest_2000_3200,HTS-EC-safe-StagRepMix-force,0.1,2,8,0,[],0,[],fine,,51.0,,,0,[],,0,1
HTS-EC-safe-StagRepMix-force,realcartest_2000_3200,HTS-EC-safe-StagRepMix-force,0.1,2,9,0,[],0,[],fine,,36.0,,,0,[],,0,1
HTS-EC-safe-StagRepMix-force,realcartest_2000_3200,HTS-EC-safe-StagRepMix-force,0.1,2,10,0,[],0,[],fine,,103.0,,,0,[],,0,1
HTS-EC-safe-StagRepMix-force,realcartest_2000_3200,HTS-EC-safe-StagRepMix-force,0.1,2,11,0,[],0,[],fine,,85.0,,,0,[],,0,1
HTS-EC-safe-StagRepMix-force,realcartest_2000_3200,HTS-EC-safe-StagRepMix-force,0.2,0,0,0,[],0,[],tree,d0_n0,105.0,,,32,"[3, 4, 5, 7, 9, 12, 25, 32, 38, 39, 40, 49, 50, 53, 56, 58, 70, 71, 76, 77, 79, 81, 83, 84, 85, 86, 87, 88, 96, 98, 106, 111]",,0,3
HTS-EC-safe-StagRepMix-force,realcartest_2000_3200,HTS-EC-safe-StagRepMix-force,0.2,0,1,0,[],0,[],tree,d0_n0,88.0,,,32,"[3, 4, 5, 7, 9, 12, 25, 32, 38, 39, 40, 49, 50, 53, 56, 58, 70, 71, 76, 77, 79, 81, 83, 84, 85, 86, 87, 88, 96, 98, 106, 111]",,0,3
HTS-EC-safe-StagRepMix-force,realcartest_2000_3200,HTS-EC-safe-StagRepMix-force,0.2,0,2,0,[],0,[],tree,d0_n0,87.0,,,31,"[3, 4, 5, 7, 9, 12, 25, 32, 38, 39, 40, 49, 50, 53, 56, 58, 70, 71, 76, 77, 79, 81, 83, 84, 85, 86, 87, 96, 98, 106, 111]",,0,3
HTS-EC-safe-StagRepMix-force,realcartest_2000_3200,HTS-EC-safe-StagRepMix-force,0.2,0,3,0,[],0,[],tree,d0_n0,102.0,,,30,"[3, 4, 5, 7, 9, 12, 25, 32, 38, 39, 40, 49, 50, 53, 56, 58, 70, 71, 76, 77, 79, 81, 83, 84, 85, 86, 96, 98, 106, 111]",,0,3
HTS-EC-safe-StagRepMix-force,realcartest_2000_3200,HTS-EC-safe-StagRepMix-force,0.2,0,4,0,[],0,[],fine,,86.0,,,0,[],,0,3
HTS-EC-safe-StagRepMix-force,realcartest_2000_3200,HTS-EC-safe-StagRepMix-force,0.2,0,5,0,[],0,[],fine,,93.0,,,0,[],,0,3
HTS-EC-safe-StagRepMix-force,realcartest_2000_3200,HTS-EC-safe-StagRepMix-force,0.2,0,6,0,[],0,[],fine,,49.0,,,0,[],,0,3
HTS-EC-safe-StagRepMix-force,realcartest_2000_3200,HTS-EC-safe-StagRepMix-force,0.2,0,7,0,[],0,[],fine,,81.0,,,0,[],,0,3
HTS-EC-safe-StagRepMix-force,realcartest_2000_3200,HTS-EC-safe-StagRepMix-force,0.2,0,8,0,[],0,[],fine,,51.0,,,0,[],,0,3
HTS-EC-safe-StagRepMix-force,realcartest_2000_3200,HTS-EC-safe-StagRepMix-force,0.2,0,9,0,[],0,[],fine,,36.0,,,0,[],,0,3
HTS-EC-safe-StagRepMix-force,realcartest_2000_3200,HTS-EC-safe-StagRepMix-force,0.2,0,10,0,[],0,[],fine,,103.0,,,0,[],,0,3
HTS-EC-safe-StagRepMix-force,realcartest_2000_3200,HTS-EC-safe-StagRepMix-force,0.2,0,11,0,[],0,[],fine,,85.0,,,0,[],,0,3
HTS-EC-safe-StagRepMix-force,realcartest_2000_3200,HTS-EC-safe-StagRepMix-force,0.2,0,12,0,[],0,[],fine,,92.0,,,0,[],,0,3
HTS-EC-safe-StagRepMix-force,realcartest_2000_3200,HTS-EC-safe-StagRepMix-force,0.2,0,13,0,[],0,[],fine,,107.0,,,0,[],,0,3
HTS-EC-safe-StagRepMix-force,realcartest_2000_3200,HTS-EC-safe-StagRepMix-force,0.2,0,14,0,[],0,[],fine,,104.0,,,0,[],,0,3
HTS-EC-safe-StagRepMix-force,realcartest_2000_3200,HTS-EC-safe-StagRepMix-force,0.2,0,15,0,[],0,[],fine,,50.0,,,0,[],,0,3
HTS-EC-safe-StagRepMix-force,realcartest_2000_3200,HTS-EC-safe-StagRepMix-force,0.2,0,16,0,[],0,[],fine,,84.0,,,0,[],,0,3
HTS-EC-safe-StagRepMix-force,realcartest_2000_3200,HTS-EC-safe-StagRepMix-force,0.2,0,17,0,[],0,[],fine,,82.0,,,0,[],,0,3
HTS-EC-safe-StagRepMix-force,realcartest_2000_3200,HTS-EC-safe-StagRepMix-force,0.2,0,18,0,[],0,[],fine,,71.0,,,0,[],,0,3
HTS-EC-safe-StagRepMix-force,realcartest_2000_3200,HTS-EC-safe-StagRepMix-force,0.2,0,19,0,[],0,[],fine,,79.0,,,0,[],,0,3
HTS-EC-safe-StagRepMix-force,realcartest_2000_3200,HTS-EC-safe-StagRepMix-force,0.2,0,20,0,[],0,[],fine,,111.0,,,0,[],,0,3
HTS-EC-safe-StagRepMix-force,realcartest_2000_3200,HTS-EC-safe-StagRepMix-force,0.2,0,21,0,[],0,[],fine,,73.0,,,0,[],,0,3
HTS-EC-safe-StagRepMix-force,realcartest_2000_3200,HTS-EC-safe-StagRepMix-force,0.2,0,22,0,[],0,[],fine,,68.0,,,0,[],,0,3
HTS-EC-safe-StagRepMix-force,realcartest_2000_3200,HTS-EC-safe-StagRepMix-force,0.2,0,23,0,[],0,[],fine,,0.0,,,0,[],,0,3
HTS-EC-safe-StagRepMix-force,realcartest_2000_3200,HTS-EC-safe-StagRepMix-force,0.2,1,0,0,[],0,[],tree,d0_n0,105.0,,,32,"[3, 4, 5, 7, 9, 12, 25, 32, 38, 39, 40, 49, 50, 53, 56, 58, 70, 71, 76, 77, 79, 81, 83, 84, 85, 86, 87, 88, 96, 98, 106, 111]",,0,3
HTS-EC-safe-StagRepMix-force,realcartest_2000_3200,HTS-EC-safe-StagRepMix-force,0.2,1,1,0,[],0,[],tree,d0_n0,88.0,,,32,"[3, 4, 5, 7, 9, 12, 25, 32, 38, 39, 40, 49, 50, 53, 56, 58, 70, 71, 76, 77, 79, 81, 83, 84, 85, 86, 87, 88, 96, 98, 106, 111]",,0,3
HTS-EC-safe-StagRepMix-force,realcartest_2000_3200,HTS-EC-safe-StagRepMix-force,0.2,1,2,0,[],0,[],tree,d0_n0,87.0,,,31,"[3, 4, 5, 7, 9, 12, 25, 32, 38, 39, 40, 49, 50, 53, 56, 58, 70, 71, 76, 77, 79, 81, 83, 84, 85, 86, 87, 96, 98, 106, 111]",,0,3
HTS-EC-safe-StagRepMix-force,realcartest_2000_3200,HTS-EC-safe-StagRepMix-force,0.2,1,3,0,[],0,[],tree,d0_n0,102.0,,,30,"[3, 4, 5, 7, 9, 12, 25, 32, 38, 39, 40, 49, 50, 53, 56, 58, 70, 71, 76, 77, 79, 81, 83, 84, 85, 86, 96, 98, 106, 111]",,0,3
HTS-EC-safe-StagRepMix-force,realcartest_2000_3200,HTS-EC-safe-StagRepMix-force,0.2,1,4,0,[],0,[],fine,,86.0,,,0,[],,0,3
HTS-EC-safe-StagRepMix-force,realcartest_2000_3200,HTS-EC-safe-StagRepMix-force,0.2,1,5,0,[],0,[],fine,,93.0,,,0,[],,0,3
HTS-EC-safe-StagRepMix-force,realcartest_2000_3200,HTS-EC-safe-StagRepMix-force,0.2,1,6,0,[],0,[],fine,,49.0,,,0,[],,0,3
HTS-EC-safe-StagRepMix-force,realcartest_2000_3200,HTS-EC-safe-StagRepMix-force,0.2,1,7,0,[],0,[],fine,,81.0,,,0,[],,0,3
HTS-EC-safe-StagRepMix-force,realcartest_2000_3200,HTS-EC-safe-StagRepMix-force,0.2,1,8,0,[],0,[],fine,,51.0,,,0,[],,0,3
HTS-EC-safe-StagRepMix-force,realcartest_2000_3200,HTS-EC-safe-StagRepMix-force,0.2,1,9,0,[],0,[],fine,,36.0,,,0,[],,0,3
HTS-EC-safe-StagRepMix-force,realcartest_2000_3200,HTS-EC-safe-StagRepMix-force,0.2,1,10,0,[],0,[],fine,,103.0,,,0,[],,0,3
HTS-EC-safe-StagRepMix-force,realcartest_2000_3200,HTS-EC-safe-StagRepMix-force,0.2,1,11,0,[],0,[],fine,,85.0,,,0,[],,0,3
HTS-EC-safe-StagRepMix-force,realcartest_2000_3200,HTS-EC-safe-StagRepMix-force,0.2,1,12,0,[],0,[],fine,,92.0,,,0,[],,0,3
HTS-EC-safe-StagRepMix-force,realcartest_2000_3200,HTS-EC-safe-StagRepMix-force,0.2,1,13,0,[],0,[],fine,,107.0,,,0,[],,0,3
HTS-EC-safe-StagRepMix-force,realcartest_2000_3200,HTS-EC-safe-StagRepMix-force,0.2,1,14,0,[],0,[],fine,,104.0,,,0,[],,0,3
HTS-EC-safe-StagRepMix-force,realcartest_2000_3200,HTS-EC-safe-StagRepMix-force,0.2,1,15,0,[],0,[],fine,,50.0,,,0,[],,0,3
HTS-EC-safe-StagRepMix-force,realcartest_2000_3200,HTS-EC-safe-StagRepMix-force,0.2,1,16,0,[],0,[],fine,,84.0,,,0,[],,0,3
HTS-EC-safe-StagRepMix-force,realcartest_2000_3200,HTS-EC-safe-StagRepMix-force,0.2,1,17,0,[],0,[],fine,,82.0,,,0,[],,0,3
HTS-EC-safe-StagRepMix-force,realcartest_2000_3200,HTS-EC-safe-StagRepMix-force,0.2,1,18,0,[],0,[],fine,,71.0,,,0,[],,0,3
HTS-EC-safe-StagRepMix-force,realcartest_2000_3200,HTS-EC-safe-StagRepMix-force,0.2,1,19,0,[],0,[],fine,,79.0,,,0,[],,0,3
HTS-EC-safe-StagRepMix-force,realcartest_2000_3200,HTS-EC-safe-StagRepMix-force,0.2,1,20,0,[],0,[],fine,,111.0,,,0,[],,0,3
HTS-EC-safe-StagRepMix-force,realcartest_2000_3200,HTS-EC-safe-StagRepMix-force,0.2,1,21,0,[],0,[],fine,,73.0,,,0,[],,0,3
HTS-EC-safe-StagRepMix-force,realcartest_2000_3200,HTS-EC-safe-StagRepMix-force,0.2,1,22,0,[],0,[],fine,,68.0,,,0,[],,0,3
HTS-EC-safe-StagRepMix-force,realcartest_2000_3200,HTS-EC-safe-StagRepMix-force,0.2,1,23,0,[],0,[],fine,,0.0,,,0,[],,0,3
HTS-EC-safe-StagRepMix-force,realcartest_2000_3200,HTS-EC-safe-StagRepMix-force,0.2,2,0,0,[],0,[],tree,d0_n0,105.0,,,32,"[3, 4, 5, 7, 9, 12, 25, 32, 38, 39, 40, 49, 50, 53, 56, 58, 70, 71, 76, 77, 79, 81, 83, 84, 85, 86, 87, 88, 96, 98, 106, 111]",,0,3
HTS-EC-safe-StagRepMix-force,realcartest_2000_3200,HTS-EC-safe-StagRepMix-force,0.2,2,1,0,[],0,[],tree,d0_n0,88.0,,,32,"[3, 4, 5, 7, 9, 12, 25, 32, 38, 39, 40, 49, 50, 53, 56, 58, 70, 71, 76, 77, 79, 81, 83, 84, 85, 86, 87, 88, 96, 98, 106, 111]",,0,3
HTS-EC-safe-StagRepMix-force,realcartest_2000_3200,HTS-EC-safe-StagRepMix-force,0.2,2,2,0,[],0,[],tree,d0_n0,87.0,,,31,"[3, 4, 5, 7, 9, 12, 25, 32, 38, 39, 40, 49, 50, 53, 56, 58, 70, 71, 76, 77, 79, 81, 83, 84, 85, 86, 87, 96, 98, 106, 111]",,0,3
HTS-EC-safe-StagRepMix-force,realcartest_2000_3200,HTS-EC-safe-StagRepMix-force,0.2,2,3,0,[],0,[],tree,d0_n0,102.0,,,30,"[3, 4, 5, 7, 9, 12, 25, 32, 38, 39, 40, 49, 50, 53, 56, 58, 70, 71, 76, 77, 79, 81, 83, 84, 85, 86, 96, 98, 106, 111]",,0,3
HTS-EC-safe-StagRepMix-force,realcartest_2000_3200,HTS-EC-safe-StagRepMix-force,0.2,2,4,0,[],0,[],fine,,86.0,,,0,[],,0,3
HTS-EC-safe-StagRepMix-force,realcartest_2000_3200,HTS-EC-safe-StagRepMix-force,0.2,2,5,0,[],0,[],fine,,93.0,,,0,[],,0,3
HTS-EC-safe-StagRepMix-force,realcartest_2000_3200,HTS-EC-safe-StagRepMix-force,0.2,2,6,0,[],0,[],fine,,49.0,,,0,[],,0,3
HTS-EC-safe-StagRepMix-force,realcartest_2000_3200,HTS-EC-safe-StagRepMix-force,0.2,2,7,0,[],0,[],fine,,81.0,,,0,[],,0,3
HTS-EC-safe-StagRepMix-force,realcartest_2000_3200,HTS-EC-safe-StagRepMix-force,0.2,2,8,0,[],0,[],fine,,51.0,,,0,[],,0,3
HTS-EC-safe-StagRepMix-force,realcartest_2000_3200,HTS-EC-safe-StagRepMix-force,0.2,2,9,0,[],0,[],fine,,36.0,,,0,[],,0,3
HTS-EC-safe-StagRepMix-force,realcartest_2000_3200,HTS-EC-safe-StagRepMix-force,0.2,2,10,0,[],0,[],fine,,103.0,,,0,[],,0,3
HTS-EC-safe-StagRepMix-force,realcartest_2000_3200,HTS-EC-safe-StagRepMix-force,0.2,2,11,0,[],0,[],fine,,85.0,,,0,[],,0,3
HTS-EC-safe-StagRepMix-force,realcartest_2000_3200,HTS-EC-safe-StagRepMix-force,0.2,2,12,0,[],0,[],fine,,92.0,,,0,[],,0,3
HTS-EC-safe-StagRepMix-force,realcartest_2000_3200,HTS-EC-safe-StagRepMix-force,0.2,2,13,0,[],0,[],fine,,107.0,,,0,[],,0,3
HTS-EC-safe-StagRepMix-force,realcartest_2000_3200,HTS-EC-safe-StagRepMix-force,0.2,2,14,0,[],0,[],fine,,104.0,,,0,[],,0,3
HTS-EC-safe-StagRepMix-force,realcartest_2000_3200,HTS-EC-safe-StagRepMix-force,0.2,2,15,0,[],0,[],fine,,50.0,,,0,[],,0,3
HTS-EC-safe-StagRepMix-force,realcartest_2000_3200,HTS-EC-safe-StagRepMix-force,0.2,2,16,0,[],0,[],fine,,84.0,,,0,[],,0,3
HTS-EC-safe-StagRepMix-force,realcartest_2000_3200,HTS-EC-safe-StagRepMix-force,0.2,2,17,0,[],0,[],fine,,82.0,,,0,[],,0,3
HTS-EC-safe-StagRepMix-force,realcartest_2000_3200,HTS-EC-safe-StagRepMix-force,0.2,2,18,0,[],0,[],fine,,71.0,,,0,[],,0,3
HTS-EC-safe-StagRepMix-force,realcartest_2000_3200,HTS-EC-safe-StagRepMix-force,0.2,2,19,0,[],0,[],fine,,79.0,,,0,[],,0,3
HTS-EC-safe-StagRepMix-force,realcartest_2000_3200,HTS-EC-safe-StagRepMix-force,0.2,2,20,0,[],0,[],fine,,111.0,,,0,[],,0,3
HTS-EC-safe-StagRepMix-force,realcartest_2000_3200,HTS-EC-safe-StagRepMix-force,0.2,2,21,0,[],0,[],fine,,73.0,,,0,[],,0,3
HTS-EC-safe-StagRepMix-force,realcartest_2000_3200,HTS-EC-safe-StagRepMix-force,0.2,2,22,0,[],0,[],fine,,68.0,,,0,[],,0,3
HTS-EC-safe-StagRepMix-force,realcartest_2000_3200,HTS-EC-safe-StagRepMix-force,0.2,2,23,0,[],0,[],fine,,0.0,,,0,[],,0,3
HTS-EC-safe-StagRepMix-force,realcartest_2000_3200,HTS-EC-safe-StagRepMix-force,0.3,0,0,0,[],0,[],tree,d0_n0,105.0,,,32,"[3, 4, 5, 7, 9, 12, 25, 32, 38, 39, 40, 49, 50, 53, 56, 58, 70, 71, 76, 77, 79, 81, 83, 84, 85, 86, 87, 88, 96, 98, 106, 111]",,0,5
HTS-EC-safe-StagRepMix-force,realcartest_2000_3200,HTS-EC-safe-StagRepMix-force,0.3,0,1,0,[],0,[],tree,d0_n0,88.0,,,32,"[3, 4, 5, 7, 9, 12, 25, 32, 38, 39, 40, 49, 50, 53, 56, 58, 70, 71, 76, 77, 79, 81, 83, 84, 85, 86, 87, 88, 96, 98, 106, 111]",,0,5
HTS-EC-safe-StagRepMix-force,realcartest_2000_3200,HTS-EC-safe-StagRepMix-force,0.3,0,2,0,[],0,[],tree,d0_n0,87.0,,,31,"[3, 4, 5, 7, 9, 12, 25, 32, 38, 39, 40, 49, 50, 53, 56, 58, 70, 71, 76, 77, 79, 81, 83, 84, 85, 86, 87, 96, 98, 106, 111]",,0,5
HTS-EC-safe-StagRepMix-force,realcartest_2000_3200,HTS-EC-safe-StagRepMix-force,0.3,0,3,0,[],0,[],tree,d0_n0,102.0,,,30,"[3, 4, 5, 7, 9, 12, 25, 32, 38, 39, 40, 49, 50, 53, 56, 58, 70, 71, 76, 77, 79, 81, 83, 84, 85, 86, 96, 98, 106, 111]",,0,5
HTS-EC-safe-StagRepMix-force,realcartest_2000_3200,HTS-EC-safe-StagRepMix-force,0.3,0,4,0,[],0,[],fine,,86.0,,,0,[],,0,5
HTS-EC-safe-StagRepMix-force,realcartest_2000_3200,HTS-EC-safe-StagRepMix-force,0.3,0,5,0,[],0,[],fine,,93.0,,,0,[],,0,5
HTS-EC-safe-StagRepMix-force,realcartest_2000_3200,HTS-EC-safe-StagRepMix-force,0.3,0,6,0,[],0,[],fine,,49.0,,,0,[],,0,5
HTS-EC-safe-StagRepMix-force,realcartest_2000_3200,HTS-EC-safe-StagRepMix-force,0.3,0,7,0,[],0,[],fine,,81.0,,,0,[],,0,5
HTS-EC-safe-StagRepMix-force,realcartest_2000_3200,HTS-EC-safe-StagRepMix-force,0.3,0,8,0,[],0,[],fine,,51.0,,,0,[],,0,5
HTS-EC-safe-StagRepMix-force,realcartest_2000_3200,HTS-EC-safe-StagRepMix-force,0.3,0,9,0,[],0,[],fine,,36.0,,,0,[],,0,5
HTS-EC-safe-StagRepMix-force,realcartest_2000_3200,HTS-EC-safe-StagRepMix-force,0.3,0,10,0,[],0,[],fine,,103.0,,,0,[],,0,5
HTS-EC-safe-StagRepMix-force,realcartest_2000_3200,HTS-EC-safe-StagRepMix-force,0.3,0,11,0,[],0,[],fine,,85.0,,,0,[],,0,5
HTS-EC-safe-StagRepMix-force,realcartest_2000_3200,HTS-EC-safe-StagRepMix-force,0.3,0,12,0,[],0,[],fine,,92.0,,,0,[],,0,5
HTS-EC-safe-StagRepMix-force,realcartest_2000_3200,HTS-EC-safe-StagRepMix-force,0.3,0,13,0,[],0,[],fine,,107.0,,,0,[],,0,5
HTS-EC-safe-StagRepMix-force,realcartest_2000_3200,HTS-EC-safe-StagRepMix-force,0.3,0,14,0,[],0,[],fine,,104.0,,,0,[],,0,5
HTS-EC-safe-StagRepMix-force,realcartest_2000_3200,HTS-EC-safe-StagRepMix-force,0.3,0,15,0,[],0,[],fine,,50.0,,,0,[],,0,5
HTS-EC-safe-StagRepMix-force,realcartest_2000_3200,HTS-EC-safe-StagRepMix-force,0.3,0,16,0,[],0,[],fine,,84.0,,,0,[],,0,5
HTS-EC-safe-StagRepMix-force,realcartest_2000_3200,HTS-EC-safe-StagRepMix-force,0.3,0,17,0,[],0,[],fine,,82.0,,,0,[],,0,5
HTS-EC-safe-StagRepMix-force,realcartest_2000_3200,HTS-EC-safe-StagRepMix-force,0.3,0,18,0,[],0,[],fine,,71.0,,,0,[],,0,5
HTS-EC-safe-StagRepMix-force,realcartest_2000_3200,HTS-EC-safe-StagRepMix-force,0.3,0,19,0,[],0,[],fine,,79.0,,,0,[],,0,5
HTS-EC-safe-StagRepMix-force,realcartest_2000_3200,HTS-EC-safe-StagRepMix-force,0.3,0,20,0,[],0,[],fine,,111.0,,,0,[],,0,5
HTS-EC-safe-StagRepMix-force,realcartest_2000_3200,HTS-EC-safe-StagRepMix-force,0.3,0,21,0,[],0,[],fine,,73.0,,,0,[],,0,5
HTS-EC-safe-StagRepMix-force,realcartest_2000_3200,HTS-EC-safe-StagRepMix-force,0.3,0,22,0,[],0,[],fine,,68.0,,,0,[],,0,5
HTS-EC-safe-StagRepMix-force,realcartest_2000_3200,HTS-EC-safe-StagRepMix-force,0.3,0,23,0,[],0,[],fine,,0.0,,,0,[],,0,5
HTS-EC-safe-StagRepMix-force,realcartest_2000_3200,HTS-EC-safe-StagRepMix-force,0.3,0,24,0,[],0,[],fine,,76.0,,,0,[],,0,5
HTS-EC-safe-StagRepMix-force,realcartest_2000_3200,HTS-EC-safe-StagRepMix-force,0.3,0,25,0,[],0,[],fine,,95.0,,,0,[],,0,5
HTS-EC-safe-StagRepMix-force,realcartest_2000_3200,HTS-EC-safe-StagRepMix-force,0.3,0,26,0,[],0,[],fine,,55.0,,,0,[],,0,5
HTS-EC-safe-StagRepMix-force,realcartest_2000_3200,HTS-EC-safe-StagRepMix-force,0.3,0,27,0,[],0,[],fine,,99.0,,,0,[],,0,5
HTS-EC-safe-StagRepMix-force,realcartest_2000_3200,HTS-EC-safe-StagRepMix-force,0.3,0,28,0,[],0,[],fine,,98.0,,,0,[],,0,5
HTS-EC-safe-StagRepMix-force,realcartest_2000_3200,HTS-EC-safe-StagRepMix-force,0.3,0,29,0,[],0,[],fine,,27.0,,,0,[],,0,5
HTS-EC-safe-StagRepMix-force,realcartest_2000_3200,HTS-EC-safe-StagRepMix-force,0.3,0,30,0,[],0,[],fine,,56.0,,,0,[],,0,5
HTS-EC-safe-StagRepMix-force,realcartest_2000_3200,HTS-EC-safe-StagRepMix-force,0.3,0,31,0,[],0,[],fine,,106.0,,,0,[],,0,5
HTS-EC-safe-StagRepMix-force,realcartest_2000_3200,HTS-EC-safe-StagRepMix-force,0.3,0,32,0,[],0,[],fine,,80.0,,,0,[],,0,5
HTS-EC-safe-StagRepMix-force,realcartest_2000_3200,HTS-EC-safe-StagRepMix-force,0.3,0,33,0,[],0,[],fine,,59.0,,,0,[],,0,5
HTS-EC-safe-StagRepMix-force,realcartest_2000_3200,HTS-EC-safe-StagRepMix-force,0.3,0,34,0,[],0,[],fine,,118.0,,,0,[],,0,5
HTS-EC-safe-StagRepMix-force,realcartest_2000_3200,HTS-EC-safe-StagRepMix-force,0.3,0,35,0,[],0,[],fine,,70.0,,,0,[],,0,5
HTS-EC-safe-StagRepMix-force,realcartest_2000_3200,HTS-EC-safe-StagRepMix-force,0.3,1,0,0,[],0,[],tree,d0_n0,105.0,,,32,"[3, 4, 5, 7, 9, 12, 25, 32, 38, 39, 40, 49, 50, 53, 56, 58, 70, 71, 76, 77, 79, 81, 83, 84, 85, 86, 87, 88, 96, 98, 106, 111]",,0,5
HTS-EC-safe-StagRepMix-force,realcartest_2000_3200,HTS-EC-safe-StagRepMix-force,0.3,1,1,0,[],0,[],tree,d0_n0,88.0,,,32,"[3, 4, 5, 7, 9, 12, 25, 32, 38, 39, 40, 49, 50, 53, 56, 58, 70, 71, 76, 77, 79, 81, 83, 84, 85, 86, 87, 88, 96, 98, 106, 111]",,0,5
HTS-EC-safe-StagRepMix-force,realcartest_2000_3200,HTS-EC-safe-StagRepMix-force,0.3,1,2,0,[],0,[],tree,d0_n0,87.0,,,31,"[3, 4, 5, 7, 9, 12, 25, 32, 38, 39, 40, 49, 50, 53, 56, 58, 70, 71, 76, 77, 79, 81, 83, 84, 85, 86, 87, 96, 98, 106, 111]",,0,5
HTS-EC-safe-StagRepMix-force,realcartest_2000_3200,HTS-EC-safe-StagRepMix-force,0.3,1,3,0,[],0,[],tree,d0_n0,102.0,,,30,"[3, 4, 5, 7, 9, 12, 25, 32, 38, 39, 40, 49, 50, 53, 56, 58, 70, 71, 76, 77, 79, 81, 83, 84, 85, 86, 96, 98, 106, 111]",,0,5
HTS-EC-safe-StagRepMix-force,realcartest_2000_3200,HTS-EC-safe-StagRepMix-force,0.3,1,4,0,[],0,[],fine,,86.0,,,0,[],,0,5
HTS-EC-safe-StagRepMix-force,realcartest_2000_3200,HTS-EC-safe-StagRepMix-force,0.3,1,5,0,[],0,[],fine,,93.0,,,0,[],,0,5
HTS-EC-safe-StagRepMix-force,realcartest_2000_3200,HTS-EC-safe-StagRepMix-force,0.3,1,6,0,[],0,[],fine,,49.0,,,0,[],,0,5
HTS-EC-safe-StagRepMix-force,realcartest_2000_3200,HTS-EC-safe-StagRepMix-force,0.3,1,7,0,[],0,[],fine,,81.0,,,0,[],,0,5
HTS-EC-safe-StagRepMix-force,realcartest_2000_3200,HTS-EC-safe-StagRepMix-force,0.3,1,8,0,[],0,[],fine,,51.0,,,0,[],,0,5
HTS-EC-safe-StagRepMix-force,realcartest_2000_3200,HTS-EC-safe-StagRepMix-force,0.3,1,9,0,[],0,[],fine,,36.0,,,0,[],,0,5
HTS-EC-safe-StagRepMix-force,realcartest_2000_3200,HTS-EC-safe-StagRepMix-force,0.3,1,10,0,[],0,[],fine,,103.0,,,0,[],,0,5
HTS-EC-safe-StagRepMix-force,realcartest_2000_3200,HTS-EC-safe-StagRepMix-force,0.3,1,11,0,[],0,[],fine,,85.0,,,0,[],,0,5
HTS-EC-safe-StagRepMix-force,realcartest_2000_3200,HTS-EC-safe-StagRepMix-force,0.3,1,12,0,[],0,[],fine,,92.0,,,0,[],,0,5
HTS-EC-safe-StagRepMix-force,realcartest_2000_3200,HTS-EC-safe-StagRepMix-force,0.3,1,13,0,[],0,[],fine,,107.0,,,0,[],,0,5
HTS-EC-safe-StagRepMix-force,realcartest_2000_3200,HTS-EC-safe-StagRepMix-force,0.3,1,14,0,[],0,[],fine,,104.0,,,0,[],,0,5
HTS-EC-safe-StagRepMix-force,realcartest_2000_3200,HTS-EC-safe-StagRepMix-force,0.3,1,15,0,[],0,[],fine,,50.0,,,0,[],,0,5
HTS-EC-safe-StagRepMix-force,realcartest_2000_3200,HTS-EC-safe-StagRepMix-force,0.3,1,16,0,[],0,[],fine,,84.0,,,0,[],,0,5
HTS-EC-safe-StagRepMix-force,realcartest_2000_3200,HTS-EC-safe-StagRepMix-force,0.3,1,17,0,[],0,[],fine,,82.0,,,0,[],,0,5
HTS-EC-safe-StagRepMix-force,realcartest_2000_3200,HTS-EC-safe-StagRepMix-force,0.3,1,18,0,[],0,[],fine,,71.0,,,0,[],,0,5
HTS-EC-safe-StagRepMix-force,realcartest_2000_3200,HTS-EC-safe-StagRepMix-force,0.3,1,19,0,[],0,[],fine,,79.0,,,0,[],,0,5
HTS-EC-safe-StagRepMix-force,realcartest_2000_3200,HTS-EC-safe-StagRepMix-force,0.3,1,20,0,[],0,[],fine,,111.0,,,0,[],,0,5
HTS-EC-safe-StagRepMix-force,realcartest_2000_3200,HTS-EC-safe-StagRepMix-force,0.3,1,21,0,[],0,[],fine,,73.0,,,0,[],,0,5
HTS-EC-safe-StagRepMix-force,realcartest_2000_3200,HTS-EC-safe-StagRepMix-force,0.3,1,22,0,[],0,[],fine,,68.0,,,0,[],,0,5
HTS-EC-safe-StagRepMix-force,realcartest_2000_3200,HTS-EC-safe-StagRepMix-force,0.3,1,23,0,[],0,[],fine,,0.0,,,0,[],,0,5
HTS-EC-safe-StagRepMix-force,realcartest_2000_3200,HTS-EC-safe-StagRepMix-force,0.3,1,24,0,[],0,[],fine,,76.0,,,0,[],,0,5
HTS-EC-safe-StagRepMix-force,realcartest_2000_3200,HTS-EC-safe-StagRepMix-force,0.3,1,25,0,[],0,[],fine,,95.0,,,0,[],,0,5
HTS-EC-safe-StagRepMix-force,realcartest_2000_3200,HTS-EC-safe-StagRepMix-force,0.3,1,26,0,[],0,[],fine,,55.0,,,0,[],,0,5
HTS-EC-safe-StagRepMix-force,realcartest_2000_3200,HTS-EC-safe-StagRepMix-force,0.3,1,27,0,[],0,[],fine,,99.0,,,0,[],,0,5
HTS-EC-safe-StagRepMix-force,realcartest_2000_3200,HTS-EC-safe-StagRepMix-force,0.3,1,28,0,[],0,[],fine,,98.0,,,0,[],,0,5
HTS-EC-safe-StagRepMix-force,realcartest_2000_3200,HTS-EC-safe-StagRepMix-force,0.3,1,29,0,[],0,[],fine,,27.0,,,0,[],,0,5
HTS-EC-safe-StagRepMix-force,realcartest_2000_3200,HTS-EC-safe-StagRepMix-force,0.3,1,30,0,[],0,[],fine,,56.0,,,0,[],,0,5
HTS-EC-safe-StagRepMix-force,realcartest_2000_3200,HTS-EC-safe-StagRepMix-force,0.3,1,31,0,[],0,[],fine,,106.0,,,0,[],,0,5
HTS-EC-safe-StagRepMix-force,realcartest_2000_3200,HTS-EC-safe-StagRepMix-force,0.3,1,32,0,[],0,[],fine,,80.0,,,0,[],,0,5
HTS-EC-safe-StagRepMix-force,realcartest_2000_3200,HTS-EC-safe-StagRepMix-force,0.3,1,33,0,[],0,[],fine,,59.0,,,0,[],,0,5
HTS-EC-safe-StagRepMix-force,realcartest_2000_3200,HTS-EC-safe-StagRepMix-force,0.3,1,34,0,[],0,[],fine,,118.0,,,0,[],,0,5
HTS-EC-safe-StagRepMix-force,realcartest_2000_3200,HTS-EC-safe-StagRepMix-force,0.3,1,35,0,[],0,[],fine,,70.0,,,0,[],,0,5
HTS-EC-safe-StagRepMix-force,realcartest_2000_3200,HTS-EC-safe-StagRepMix-force,0.3,2,0,0,[],0,[],tree,d0_n0,105.0,,,32,"[3, 4, 5, 7, 9, 12, 25, 32, 38, 39, 40, 49, 50, 53, 56, 58, 70, 71, 76, 77, 79, 81, 83, 84, 85, 86, 87, 88, 96, 98, 106, 111]",,0,5
HTS-EC-safe-StagRepMix-force,realcartest_2000_3200,HTS-EC-safe-StagRepMix-force,0.3,2,1,0,[],0,[],tree,d0_n0,88.0,,,32,"[3, 4, 5, 7, 9, 12, 25, 32, 38, 39, 40, 49, 50, 53, 56, 58, 70, 71, 76, 77, 79, 81, 83, 84, 85, 86, 87, 88, 96, 98, 106, 111]",,0,5
HTS-EC-safe-StagRepMix-force,realcartest_2000_3200,HTS-EC-safe-StagRepMix-force,0.3,2,2,0,[],0,[],tree,d0_n0,87.0,,,31,"[3, 4, 5, 7, 9, 12, 25, 32, 38, 39, 40, 49, 50, 53, 56, 58, 70, 71, 76, 77, 79, 81, 83, 84, 85, 86, 87, 96, 98, 106, 111]",,0,5
HTS-EC-safe-StagRepMix-force,realcartest_2000_3200,HTS-EC-safe-StagRepMix-force,0.3,2,3,0,[],0,[],tree,d0_n0,102.0,,,30,"[3, 4, 5, 7, 9, 12, 25, 32, 38, 39, 40, 49, 50, 53, 56, 58, 70, 71, 76, 77, 79, 81, 83, 84, 85, 86, 96, 98, 106, 111]",,0,5
HTS-EC-safe-StagRepMix-force,realcartest_2000_3200,HTS-EC-safe-StagRepMix-force,0.3,2,4,0,[],0,[],fine,,86.0,,,0,[],,0,5
HTS-EC-safe-StagRepMix-force,realcartest_2000_3200,HTS-EC-safe-StagRepMix-force,0.3,2,5,0,[],0,[],fine,,93.0,,,0,[],,0,5
HTS-EC-safe-StagRepMix-force,realcartest_2000_3200,HTS-EC-safe-StagRepMix-force,0.3,2,6,0,[],0,[],fine,,49.0,,,0,[],,0,5
HTS-EC-safe-StagRepMix-force,realcartest_2000_3200,HTS-EC-safe-StagRepMix-force,0.3,2,7,0,[],0,[],fine,,81.0,,,0,[],,0,5
HTS-EC-safe-StagRepMix-force,realcartest_2000_3200,HTS-EC-safe-StagRepMix-force,0.3,2,8,0,[],0,[],fine,,51.0,,,0,[],,0,5
HTS-EC-safe-StagRepMix-force,realcartest_2000_3200,HTS-EC-safe-StagRepMix-force,0.3,2,9,0,[],0,[],fine,,36.0,,,0,[],,0,5
HTS-EC-safe-StagRepMix-force,realcartest_2000_3200,HTS-EC-safe-StagRepMix-force,0.3,2,10,0,[],0,[],fine,,103.0,,,0,[],,0,5
HTS-EC-safe-StagRepMix-force,realcartest_2000_3200,HTS-EC-safe-StagRepMix-force,0.3,2,11,0,[],0,[],fine,,85.0,,,0,[],,0,5
HTS-EC-safe-StagRepMix-force,realcartest_2000_3200,HTS-EC-safe-StagRepMix-force,0.3,2,12,0,[],0,[],fine,,92.0,,,0,[],,0,5
HTS-EC-safe-StagRepMix-force,realcartest_2000_3200,HTS-EC-safe-StagRepMix-force,0.3,2,13,0,[],0,[],fine,,107.0,,,0,[],,0,5
HTS-EC-safe-StagRepMix-force,realcartest_2000_3200,HTS-EC-safe-StagRepMix-force,0.3,2,14,0,[],0,[],fine,,104.0,,,0,[],,0,5
HTS-EC-safe-StagRepMix-force,realcartest_2000_3200,HTS-EC-safe-StagRepMix-force,0.3,2,15,0,[],0,[],fine,,50.0,,,0,[],,0,5
HTS-EC-safe-StagRepMix-force,realcartest_2000_3200,HTS-EC-safe-StagRepMix-force,0.3,2,16,0,[],0,[],fine,,84.0,,,0,[],,0,5
HTS-EC-safe-StagRepMix-force,realcartest_2000_3200,HTS-EC-safe-StagRepMix-force,0.3,2,17,0,[],0,[],fine,,82.0,,,0,[],,0,5
HTS-EC-safe-StagRepMix-force,realcartest_2000_3200,HTS-EC-safe-StagRepMix-force,0.3,2,18,0,[],0,[],fine,,71.0,,,0,[],,0,5
HTS-EC-safe-StagRepMix-force,realcartest_2000_3200,HTS-EC-safe-StagRepMix-force,0.3,2,19,0,[],0,[],fine,,79.0,,,0,[],,0,5
HTS-EC-safe-StagRepMix-force,realcartest_2000_3200,HTS-EC-safe-StagRepMix-force,0.3,2,20,0,[],0,[],fine,,111.0,,,0,[],,0,5
HTS-EC-safe-StagRepMix-force,realcartest_2000_3200,HTS-EC-safe-StagRepMix-force,0.3,2,21,0,[],0,[],fine,,73.0,,,0,[],,0,5
HTS-EC-safe-StagRepMix-force,realcartest_2000_3200,HTS-EC-safe-StagRepMix-force,0.3,2,22,0,[],0,[],fine,,68.0,,,0,[],,0,5
HTS-EC-safe-StagRepMix-force,realcartest_2000_3200,HTS-EC-safe-StagRepMix-force,0.3,2,23,0,[],0,[],fine,,0.0,,,0,[],,0,5
HTS-EC-safe-StagRepMix-force,realcartest_2000_3200,HTS-EC-safe-StagRepMix-force,0.3,2,24,0,[],0,[],fine,,76.0,,,0,[],,0,5
HTS-EC-safe-StagRepMix-force,realcartest_2000_3200,HTS-EC-safe-StagRepMix-force,0.3,2,25,0,[],0,[],fine,,95.0,,,0,[],,0,5
HTS-EC-safe-StagRepMix-force,realcartest_2000_3200,HTS-EC-safe-StagRepMix-force,0.3,2,26,0,[],0,[],fine,,55.0,,,0,[],,0,5
HTS-EC-safe-StagRepMix-force,realcartest_2000_3200,HTS-EC-safe-StagRepMix-force,0.3,2,27,0,[],0,[],fine,,99.0,,,0,[],,0,5
HTS-EC-safe-StagRepMix-force,realcartest_2000_3200,HTS-EC-safe-StagRepMix-force,0.3,2,28,0,[],0,[],fine,,98.0,,,0,[],,0,5
HTS-EC-safe-StagRepMix-force,realcartest_2000_3200,HTS-EC-safe-StagRepMix-force,0.3,2,29,0,[],0,[],fine,,27.0,,,0,[],,0,5
HTS-EC-safe-StagRepMix-force,realcartest_2000_3200,HTS-EC-safe-StagRepMix-force,0.3,2,30,0,[],0,[],fine,,56.0,,,0,[],,0,5
HTS-EC-safe-StagRepMix-force,realcartest_2000_3200,HTS-EC-safe-StagRepMix-force,0.3,2,31,0,[],0,[],fine,,106.0,,,0,[],,0,5
HTS-EC-safe-StagRepMix-force,realcartest_2000_3200,HTS-EC-safe-StagRepMix-force,0.3,2,32,0,[],0,[],fine,,80.0,,,0,[],,0,5
HTS-EC-safe-StagRepMix-force,realcartest_2000_3200,HTS-EC-safe-StagRepMix-force,0.3,2,33,0,[],0,[],fine,,59.0,,,0,[],,0,5
HTS-EC-safe-StagRepMix-force,realcartest_2000_3200,HTS-EC-safe-StagRepMix-force,0.3,2,34,0,[],0,[],fine,,118.0,,,0,[],,0,5
HTS-EC-safe-StagRepMix-force,realcartest_2000_3200,HTS-EC-safe-StagRepMix-force,0.3,2,35,0,[],0,[],fine,,70.0,,,0,[],,0,5
HTS-EC-safe-shadow-stag,realcartest_2000_3200,HTS-EC-safe-shadow-stag,0.1,0,0,0,[],0,[],tree,d0_n0,105.0,,,32,"[3, 4, 5, 7, 9, 12, 25, 32, 38, 39, 40, 49, 50, 53, 56, 58, 70, 71, 76, 77, 79, 81, 83, 84, 85, 86, 87, 88, 96, 98, 106, 111]",,0,1
HTS-EC-safe-shadow-stag,realcartest_2000_3200,HTS-EC-safe-shadow-stag,0.1,0,1,0,[],0,[],tree,d0_n0,88.0,,,32,"[3, 4, 5, 7, 9, 12, 25, 32, 38, 39, 40, 49, 50, 53, 56, 58, 70, 71, 76, 77, 79, 81, 83, 84, 85, 86, 87, 88, 96, 98, 106, 111]",,0,1
HTS-EC-safe-shadow-stag,realcartest_2000_3200,HTS-EC-safe-shadow-stag,0.1,0,2,0,[],0,[],tree,d0_n0,87.0,,,31,"[3, 4, 5, 7, 9, 12, 25, 32, 38, 39, 40, 49, 50, 53, 56, 58, 70, 71, 76, 77, 79, 81, 83, 84, 85, 86, 87, 96, 98, 106, 111]",,0,1
HTS-EC-safe-shadow-stag,realcartest_2000_3200,HTS-EC-safe-shadow-stag,0.1,0,3,0,[],0,[],tree,d0_n0,102.0,,,30,"[3, 4, 5, 7, 9, 12, 25, 32, 38, 39, 40, 49, 50, 53, 56, 58, 70, 71, 76, 77, 79, 81, 83, 84, 85, 86, 96, 98, 106, 111]",,0,1
HTS-EC-safe-shadow-stag,realcartest_2000_3200,HTS-EC-safe-shadow-stag,0.1,0,4,0,[],0,[],fine,,86.0,,,0,[],,0,1
HTS-EC-safe-shadow-stag,realcartest_2000_3200,HTS-EC-safe-shadow-stag,0.1,0,5,0,[],0,[],fine,,93.0,,,0,[],,0,1
HTS-EC-safe-shadow-stag,realcartest_2000_3200,HTS-EC-safe-shadow-stag,0.1,0,6,0,[],0,[],fine,,49.0,,,0,[],,0,1
HTS-EC-safe-shadow-stag,realcartest_2000_3200,HTS-EC-safe-shadow-stag,0.1,0,7,0,[],0,[],fine,,81.0,,,0,[],,0,1
HTS-EC-safe-shadow-stag,realcartest_2000_3200,HTS-EC-safe-shadow-stag,0.1,0,8,0,[],0,[],fine,,51.0,,,0,[],,0,1
HTS-EC-safe-shadow-stag,realcartest_2000_3200,HTS-EC-safe-shadow-stag,0.1,0,9,0,[],0,[],fine,,36.0,,,0,[],,0,1
HTS-EC-safe-shadow-stag,realcartest_2000_3200,HTS-EC-safe-shadow-stag,0.1,0,10,0,[],0,[],fine,,103.0,,,0,[],,0,1
HTS-EC-safe-shadow-stag,realcartest_2000_3200,HTS-EC-safe-shadow-stag,0.1,0,11,0,[],0,[],fine,,85.0,,,0,[],,0,1
HTS-EC-safe-shadow-stag,realcartest_2000_3200,HTS-EC-safe-shadow-stag,0.1,1,0,0,[],0,[],tree,d0_n0,105.0,,,32,"[3, 4, 5, 7, 9, 12, 25, 32, 38, 39, 40, 49, 50, 53, 56, 58, 70, 71, 76, 77, 79, 81, 83, 84, 85, 86, 87, 88, 96, 98, 106, 111]",,0,1
HTS-EC-safe-shadow-stag,realcartest_2000_3200,HTS-EC-safe-shadow-stag,0.1,1,1,0,[],0,[],tree,d0_n0,88.0,,,32,"[3, 4, 5, 7, 9, 12, 25, 32, 38, 39, 40, 49, 50, 53, 56, 58, 70, 71, 76, 77, 79, 81, 83, 84, 85, 86, 87, 88, 96, 98, 106, 111]",,0,1
HTS-EC-safe-shadow-stag,realcartest_2000_3200,HTS-EC-safe-shadow-stag,0.1,1,2,0,[],0,[],tree,d0_n0,87.0,,,31,"[3, 4, 5, 7, 9, 12, 25, 32, 38, 39, 40, 49, 50, 53, 56, 58, 70, 71, 76, 77, 79, 81, 83, 84, 85, 86, 87, 96, 98, 106, 111]",,0,1
HTS-EC-safe-shadow-stag,realcartest_2000_3200,HTS-EC-safe-shadow-stag,0.1,1,3,0,[],0,[],tree,d0_n0,102.0,,,30,"[3, 4, 5, 7, 9, 12, 25, 32, 38, 39, 40, 49, 50, 53, 56, 58, 70, 71, 76, 77, 79, 81, 83, 84, 85, 86, 96, 98, 106, 111]",,0,1
HTS-EC-safe-shadow-stag,realcartest_2000_3200,HTS-EC-safe-shadow-stag,0.1,1,4,0,[],0,[],fine,,86.0,,,0,[],,0,1
HTS-EC-safe-shadow-stag,realcartest_2000_3200,HTS-EC-safe-shadow-stag,0.1,1,5,0,[],0,[],fine,,93.0,,,0,[],,0,1
HTS-EC-safe-shadow-stag,realcartest_2000_3200,HTS-EC-safe-shadow-stag,0.1,1,6,0,[],0,[],fine,,49.0,,,0,[],,0,1
HTS-EC-safe-shadow-stag,realcartest_2000_3200,HTS-EC-safe-shadow-stag,0.1,1,7,0,[],0,[],fine,,81.0,,,0,[],,0,1
HTS-EC-safe-shadow-stag,realcartest_2000_3200,HTS-EC-safe-shadow-stag,0.1,1,8,0,[],0,[],fine,,51.0,,,0,[],,0,1
HTS-EC-safe-shadow-stag,realcartest_2000_3200,HTS-EC-safe-shadow-stag,0.1,1,9,0,[],0,[],fine,,36.0,,,0,[],,0,1
HTS-EC-safe-shadow-stag,realcartest_2000_3200,HTS-EC-safe-shadow-stag,0.1,1,10,0,[],0,[],fine,,103.0,,,0,[],,0,1
HTS-EC-safe-shadow-stag,realcartest_2000_3200,HTS-EC-safe-shadow-stag,0.1,1,11,0,[],0,[],fine,,85.0,,,0,[],,0,1
HTS-EC-safe-shadow-stag,realcartest_2000_3200,HTS-EC-safe-shadow-stag,0.1,2,0,0,[],0,[],tree,d0_n0,105.0,,,32,"[3, 4, 5, 7, 9, 12, 25, 32, 38, 39, 40, 49, 50, 53, 56, 58, 70, 71, 76, 77, 79, 81, 83, 84, 85, 86, 87, 88, 96, 98, 106, 111]",,0,1
HTS-EC-safe-shadow-stag,realcartest_2000_3200,HTS-EC-safe-shadow-stag,0.1,2,1,0,[],0,[],tree,d0_n0,88.0,,,32,"[3, 4, 5, 7, 9, 12, 25, 32, 38, 39, 40, 49, 50, 53, 56, 58, 70, 71, 76, 77, 79, 81, 83, 84, 85, 86, 87, 88, 96, 98, 106, 111]",,0,1
HTS-EC-safe-shadow-stag,realcartest_2000_3200,HTS-EC-safe-shadow-stag,0.1,2,2,0,[],0,[],tree,d0_n0,87.0,,,31,"[3, 4, 5, 7, 9, 12, 25, 32, 38, 39, 40, 49, 50, 53, 56, 58, 70, 71, 76, 77, 79, 81, 83, 84, 85, 86, 87, 96, 98, 106, 111]",,0,1
HTS-EC-safe-shadow-stag,realcartest_2000_3200,HTS-EC-safe-shadow-stag,0.1,2,3,0,[],0,[],tree,d0_n0,102.0,,,30,"[3, 4, 5, 7, 9, 12, 25, 32, 38, 39, 40, 49, 50, 53, 56, 58, 70, 71, 76, 77, 79, 81, 83, 84, 85, 86, 96, 98, 106, 111]",,0,1
HTS-EC-safe-shadow-stag,realcartest_2000_3200,HTS-EC-safe-shadow-stag,0.1,2,4,0,[],0,[],fine,,86.0,,,0,[],,0,1
HTS-EC-safe-shadow-stag,realcartest_2000_3200,HTS-EC-safe-shadow-stag,0.1,2,5,0,[],0,[],fine,,93.0,,,0,[],,0,1
HTS-EC-safe-shadow-stag,realcartest_2000_3200,HTS-EC-safe-shadow-stag,0.1,2,6,0,[],0,[],fine,,49.0,,,0,[],,0,1
HTS-EC-safe-shadow-stag,realcartest_2000_3200,HTS-EC-safe-shadow-stag,0.1,2,7,0,[],0,[],fine,,81.0,,,0,[],,0,1
HTS-EC-safe-shadow-stag,realcartest_2000_3200,HTS-EC-safe-shadow-stag,0.1,2,8,0,[],0,[],fine,,51.0,,,0,[],,0,1
HTS-EC-safe-shadow-stag,realcartest_2000_3200,HTS-EC-safe-shadow-stag,0.1,2,9,0,[],0,[],fine,,36.0,,,0,[],,0,1
HTS-EC-safe-shadow-stag,realcartest_2000_3200,HTS-EC-safe-shadow-stag,0.1,2,10,0,[],0,[],fine,,103.0,,,0,[],,0,1
HTS-EC-safe-shadow-stag,realcartest_2000_3200,HTS-EC-safe-shadow-stag,0.1,2,11,0,[],0,[],fine,,85.0,,,0,[],,0,1
HTS-EC-safe-shadow-stag,realcartest_2000_3200,HTS-EC-safe-shadow-stag,0.2,0,0,0,[],0,[],tree,d0_n0,105.0,,,32,"[3, 4, 5, 7, 9, 12, 25, 32, 38, 39, 40, 49, 50, 53, 56, 58, 70, 71, 76, 77, 79, 81, 83, 84, 85, 86, 87, 88, 96, 98, 106, 111]",,0,3
HTS-EC-safe-shadow-stag,realcartest_2000_3200,HTS-EC-safe-shadow-stag,0.2,0,1,0,[],0,[],tree,d0_n0,88.0,,,32,"[3, 4, 5, 7, 9, 12, 25, 32, 38, 39, 40, 49, 50, 53, 56, 58, 70, 71, 76, 77, 79, 81, 83, 84, 85, 86, 87, 88, 96, 98, 106, 111]",,0,3
HTS-EC-safe-shadow-stag,realcartest_2000_3200,HTS-EC-safe-shadow-stag,0.2,0,2,0,[],0,[],tree,d0_n0,87.0,,,31,"[3, 4, 5, 7, 9, 12, 25, 32, 38, 39, 40, 49, 50, 53, 56, 58, 70, 71, 76, 77, 79, 81, 83, 84, 85, 86, 87, 96, 98, 106, 111]",,0,3
HTS-EC-safe-shadow-stag,realcartest_2000_3200,HTS-EC-safe-shadow-stag,0.2,0,3,0,[],0,[],tree,d0_n0,102.0,,,30,"[3, 4, 5, 7, 9, 12, 25, 32, 38, 39, 40, 49, 50, 53, 56, 58, 70, 71, 76, 77, 79, 81, 83, 84, 85, 86, 96, 98, 106, 111]",,0,3
HTS-EC-safe-shadow-stag,realcartest_2000_3200,HTS-EC-safe-shadow-stag,0.2,0,4,0,[],0,[],fine,,86.0,,,0,[],,0,3
HTS-EC-safe-shadow-stag,realcartest_2000_3200,HTS-EC-safe-shadow-stag,0.2,0,5,0,[],0,[],fine,,93.0,,,0,[],,0,3
HTS-EC-safe-shadow-stag,realcartest_2000_3200,HTS-EC-safe-shadow-stag,0.2,0,6,0,[],0,[],fine,,49.0,,,0,[],,0,3
HTS-EC-safe-shadow-stag,realcartest_2000_3200,HTS-EC-safe-shadow-stag,0.2,0,7,0,[],0,[],fine,,81.0,,,0,[],,0,3
HTS-EC-safe-shadow-stag,realcartest_2000_3200,HTS-EC-safe-shadow-stag,0.2,0,8,0,[],0,[],fine,,51.0,,,0,[],,0,3
HTS-EC-safe-shadow-stag,realcartest_2000_3200,HTS-EC-safe-shadow-stag,0.2,0,9,0,[],0,[],fine,,36.0,,,0,[],,0,3
HTS-EC-safe-shadow-stag,realcartest_2000_3200,HTS-EC-safe-shadow-stag,0.2,0,10,0,[],0,[],fine,,103.0,,,0,[],,0,3
HTS-EC-safe-shadow-stag,realcartest_2000_3200,HTS-EC-safe-shadow-stag,0.2,0,11,0,[],0,[],fine,,85.0,,,0,[],,0,3
HTS-EC-safe-shadow-stag,realcartest_2000_3200,HTS-EC-safe-shadow-stag,0.2,0,12,0,[],0,[],fine,,92.0,,,0,[],,0,3
HTS-EC-safe-shadow-stag,realcartest_2000_3200,HTS-EC-safe-shadow-stag,0.2,0,13,0,[],0,[],fine,,107.0,,,0,[],,0,3
HTS-EC-safe-shadow-stag,realcartest_2000_3200,HTS-EC-safe-shadow-stag,0.2,0,14,0,[],0,[],fine,,104.0,,,0,[],,0,3
HTS-EC-safe-shadow-stag,realcartest_2000_3200,HTS-EC-safe-shadow-stag,0.2,0,15,0,[],0,[],fine,,50.0,,,0,[],,0,3
HTS-EC-safe-shadow-stag,realcartest_2000_3200,HTS-EC-safe-shadow-stag,0.2,0,16,0,[],0,[],fine,,84.0,,,0,[],,0,3
HTS-EC-safe-shadow-stag,realcartest_2000_3200,HTS-EC-safe-shadow-stag,0.2,0,17,0,[],0,[],fine,,82.0,,,0,[],,0,3
HTS-EC-safe-shadow-stag,realcartest_2000_3200,HTS-EC-safe-shadow-stag,0.2,0,18,0,[],0,[],fine,,71.0,,,0,[],,0,3
HTS-EC-safe-shadow-stag,realcartest_2000_3200,HTS-EC-safe-shadow-stag,0.2,0,19,0,[],0,[],fine,,79.0,,,0,[],,0,3
HTS-EC-safe-shadow-stag,realcartest_2000_3200,HTS-EC-safe-shadow-stag,0.2,0,20,0,[],0,[],fine,,111.0,,,0,[],,0,3
HTS-EC-safe-shadow-stag,realcartest_2000_3200,HTS-EC-safe-shadow-stag,0.2,0,21,0,[],0,[],fine,,73.0,,,0,[],,0,3
HTS-EC-safe-shadow-stag,realcartest_2000_3200,HTS-EC-safe-shadow-stag,0.2,0,22,0,[],0,[],fine,,68.0,,,0,[],,0,3
HTS-EC-safe-shadow-stag,realcartest_2000_3200,HTS-EC-safe-shadow-stag,0.2,0,23,0,[],0,[],fine,,0.0,,,0,[],,0,3
HTS-EC-safe-shadow-stag,realcartest_2000_3200,HTS-EC-safe-shadow-stag,0.2,1,0,0,[],0,[],tree,d0_n0,105.0,,,32,"[3, 4, 5, 7, 9, 12, 25, 32, 38, 39, 40, 49, 50, 53, 56, 58, 70, 71, 76, 77, 79, 81, 83, 84, 85, 86, 87, 88, 96, 98, 106, 111]",,0,3
HTS-EC-safe-shadow-stag,realcartest_2000_3200,HTS-EC-safe-shadow-stag,0.2,1,1,0,[],0,[],tree,d0_n0,88.0,,,32,"[3, 4, 5, 7, 9, 12, 25, 32, 38, 39, 40, 49, 50, 53, 56, 58, 70, 71, 76, 77, 79, 81, 83, 84, 85, 86, 87, 88, 96, 98, 106, 111]",,0,3
HTS-EC-safe-shadow-stag,realcartest_2000_3200,HTS-EC-safe-shadow-stag,0.2,1,2,0,[],0,[],tree,d0_n0,87.0,,,31,"[3, 4, 5, 7, 9, 12, 25, 32, 38, 39, 40, 49, 50, 53, 56, 58, 70, 71, 76, 77, 79, 81, 83, 84, 85, 86, 87, 96, 98, 106, 111]",,0,3
HTS-EC-safe-shadow-stag,realcartest_2000_3200,HTS-EC-safe-shadow-stag,0.2,1,3,0,[],0,[],tree,d0_n0,102.0,,,30,"[3, 4, 5, 7, 9, 12, 25, 32, 38, 39, 40, 49, 50, 53, 56, 58, 70, 71, 76, 77, 79, 81, 83, 84, 85, 86, 96, 98, 106, 111]",,0,3
HTS-EC-safe-shadow-stag,realcartest_2000_3200,HTS-EC-safe-shadow-stag,0.2,1,4,0,[],0,[],fine,,86.0,,,0,[],,0,3
HTS-EC-safe-shadow-stag,realcartest_2000_3200,HTS-EC-safe-shadow-stag,0.2,1,5,0,[],0,[],fine,,93.0,,,0,[],,0,3
HTS-EC-safe-shadow-stag,realcartest_2000_3200,HTS-EC-safe-shadow-stag,0.2,1,6,0,[],0,[],fine,,49.0,,,0,[],,0,3
HTS-EC-safe-shadow-stag,realcartest_2000_3200,HTS-EC-safe-shadow-stag,0.2,1,7,0,[],0,[],fine,,81.0,,,0,[],,0,3
HTS-EC-safe-shadow-stag,realcartest_2000_3200,HTS-EC-safe-shadow-stag,0.2,1,8,0,[],0,[],fine,,51.0,,,0,[],,0,3
HTS-EC-safe-shadow-stag,realcartest_2000_3200,HTS-EC-safe-shadow-stag,0.2,1,9,0,[],0,[],fine,,36.0,,,0,[],,0,3
HTS-EC-safe-shadow-stag,realcartest_2000_3200,HTS-EC-safe-shadow-stag,0.2,1,10,0,[],0,[],fine,,103.0,,,0,[],,0,3
HTS-EC-safe-shadow-stag,realcartest_2000_3200,HTS-EC-safe-shadow-stag,0.2,1,11,0,[],0,[],fine,,85.0,,,0,[],,0,3
HTS-EC-safe-shadow-stag,realcartest_2000_3200,HTS-EC-safe-shadow-stag,0.2,1,12,0,[],0,[],fine,,92.0,,,0,[],,0,3
HTS-EC-safe-shadow-stag,realcartest_2000_3200,HTS-EC-safe-shadow-stag,0.2,1,13,0,[],0,[],fine,,107.0,,,0,[],,0,3
HTS-EC-safe-shadow-stag,realcartest_2000_3200,HTS-EC-safe-shadow-stag,0.2,1,14,0,[],0,[],fine,,104.0,,,0,[],,0,3
HTS-EC-safe-shadow-stag,realcartest_2000_3200,HTS-EC-safe-shadow-stag,0.2,1,15,0,[],0,[],fine,,50.0,,,0,[],,0,3
HTS-EC-safe-shadow-stag,realcartest_2000_3200,HTS-EC-safe-shadow-stag,0.2,1,16,0,[],0,[],fine,,84.0,,,0,[],,0,3
HTS-EC-safe-shadow-stag,realcartest_2000_3200,HTS-EC-safe-shadow-stag,0.2,1,17,0,[],0,[],fine,,82.0,,,0,[],,0,3
HTS-EC-safe-shadow-stag,realcartest_2000_3200,HTS-EC-safe-shadow-stag,0.2,1,18,0,[],0,[],fine,,71.0,,,0,[],,0,3
HTS-EC-safe-shadow-stag,realcartest_2000_3200,HTS-EC-safe-shadow-stag,0.2,1,19,0,[],0,[],fine,,79.0,,,0,[],,0,3
HTS-EC-safe-shadow-stag,realcartest_2000_3200,HTS-EC-safe-shadow-stag,0.2,1,20,0,[],0,[],fine,,111.0,,,0,[],,0,3
HTS-EC-safe-shadow-stag,realcartest_2000_3200,HTS-EC-safe-shadow-stag,0.2,1,21,0,[],0,[],fine,,73.0,,,0,[],,0,3
HTS-EC-safe-shadow-stag,realcartest_2000_3200,HTS-EC-safe-shadow-stag,0.2,1,22,0,[],0,[],fine,,68.0,,,0,[],,0,3
HTS-EC-safe-shadow-stag,realcartest_2000_3200,HTS-EC-safe-shadow-stag,0.2,1,23,0,[],0,[],fine,,0.0,,,0,[],,0,3
HTS-EC-safe-shadow-stag,realcartest_2000_3200,HTS-EC-safe-shadow-stag,0.2,2,0,0,[],0,[],tree,d0_n0,105.0,,,32,"[3, 4, 5, 7, 9, 12, 25, 32, 38, 39, 40, 49, 50, 53, 56, 58, 70, 71, 76, 77, 79, 81, 83, 84, 85, 86, 87, 88, 96, 98, 106, 111]",,0,3
HTS-EC-safe-shadow-stag,realcartest_2000_3200,HTS-EC-safe-shadow-stag,0.2,2,1,0,[],0,[],tree,d0_n0,88.0,,,32,"[3, 4, 5, 7, 9, 12, 25, 32, 38, 39, 40, 49, 50, 53, 56, 58, 70, 71, 76, 77, 79, 81, 83, 84, 85, 86, 87, 88, 96, 98, 106, 111]",,0,3
HTS-EC-safe-shadow-stag,realcartest_2000_3200,HTS-EC-safe-shadow-stag,0.2,2,2,0,[],0,[],tree,d0_n0,87.0,,,31,"[3, 4, 5, 7, 9, 12, 25, 32, 38, 39, 40, 49, 50, 53, 56, 58, 70, 71, 76, 77, 79, 81, 83, 84, 85, 86, 87, 96, 98, 106, 111]",,0,3
HTS-EC-safe-shadow-stag,realcartest_2000_3200,HTS-EC-safe-shadow-stag,0.2,2,3,0,[],0,[],tree,d0_n0,102.0,,,30,"[3, 4, 5, 7, 9, 12, 25, 32, 38, 39, 40, 49, 50, 53, 56, 58, 70, 71, 76, 77, 79, 81, 83, 84, 85, 86, 96, 98, 106, 111]",,0,3
HTS-EC-safe-shadow-stag,realcartest_2000_3200,HTS-EC-safe-shadow-stag,0.2,2,4,0,[],0,[],fine,,86.0,,,0,[],,0,3
HTS-EC-safe-shadow-stag,realcartest_2000_3200,HTS-EC-safe-shadow-stag,0.2,2,5,0,[],0,[],fine,,93.0,,,0,[],,0,3
HTS-EC-safe-shadow-stag,realcartest_2000_3200,HTS-EC-safe-shadow-stag,0.2,2,6,0,[],0,[],fine,,49.0,,,0,[],,0,3
HTS-EC-safe-shadow-stag,realcartest_2000_3200,HTS-EC-safe-shadow-stag,0.2,2,7,0,[],0,[],fine,,81.0,,,0,[],,0,3
HTS-EC-safe-shadow-stag,realcartest_2000_3200,HTS-EC-safe-shadow-stag,0.2,2,8,0,[],0,[],fine,,51.0,,,0,[],,0,3
HTS-EC-safe-shadow-stag,realcartest_2000_3200,HTS-EC-safe-shadow-stag,0.2,2,9,0,[],0,[],fine,,36.0,,,0,[],,0,3
HTS-EC-safe-shadow-stag,realcartest_2000_3200,HTS-EC-safe-shadow-stag,0.2,2,10,0,[],0,[],fine,,103.0,,,0,[],,0,3
HTS-EC-safe-shadow-stag,realcartest_2000_3200,HTS-EC-safe-shadow-stag,0.2,2,11,0,[],0,[],fine,,85.0,,,0,[],,0,3
HTS-EC-safe-shadow-stag,realcartest_2000_3200,HTS-EC-safe-shadow-stag,0.2,2,12,0,[],0,[],fine,,92.0,,,0,[],,0,3
HTS-EC-safe-shadow-stag,realcartest_2000_3200,HTS-EC-safe-shadow-stag,0.2,2,13,0,[],0,[],fine,,107.0,,,0,[],,0,3
HTS-EC-safe-shadow-stag,realcartest_2000_3200,HTS-EC-safe-shadow-stag,0.2,2,14,0,[],0,[],fine,,104.0,,,0,[],,0,3
HTS-EC-safe-shadow-stag,realcartest_2000_3200,HTS-EC-safe-shadow-stag,0.2,2,15,0,[],0,[],fine,,50.0,,,0,[],,0,3
HTS-EC-safe-shadow-stag,realcartest_2000_3200,HTS-EC-safe-shadow-stag,0.2,2,16,0,[],0,[],fine,,84.0,,,0,[],,0,3
HTS-EC-safe-shadow-stag,realcartest_2000_3200,HTS-EC-safe-shadow-stag,0.2,2,17,0,[],0,[],fine,,82.0,,,0,[],,0,3
HTS-EC-safe-shadow-stag,realcartest_2000_3200,HTS-EC-safe-shadow-stag,0.2,2,18,0,[],0,[],fine,,71.0,,,0,[],,0,3
HTS-EC-safe-shadow-stag,realcartest_2000_3200,HTS-EC-safe-shadow-stag,0.2,2,19,0,[],0,[],fine,,79.0,,,0,[],,0,3
HTS-EC-safe-shadow-stag,realcartest_2000_3200,HTS-EC-safe-shadow-stag,0.2,2,20,0,[],0,[],fine,,111.0,,,0,[],,0,3
HTS-EC-safe-shadow-stag,realcartest_2000_3200,HTS-EC-safe-shadow-stag,0.2,2,21,0,[],0,[],fine,,73.0,,,0,[],,0,3
HTS-EC-safe-shadow-stag,realcartest_2000_3200,HTS-EC-safe-shadow-stag,0.2,2,22,0,[],0,[],fine,,68.0,,,0,[],,0,3
HTS-EC-safe-shadow-stag,realcartest_2000_3200,HTS-EC-safe-shadow-stag,0.2,2,23,0,[],0,[],fine,,0.0,,,0,[],,0,3
HTS-EC-safe-shadow-stag,realcartest_2000_3200,HTS-EC-safe-shadow-stag,0.3,0,0,0,[],0,[],tree,d0_n0,105.0,,,32,"[3, 4, 5, 7, 9, 12, 25, 32, 38, 39, 40, 49, 50, 53, 56, 58, 70, 71, 76, 77, 79, 81, 83, 84, 85, 86, 87, 88, 96, 98, 106, 111]",,0,5
HTS-EC-safe-shadow-stag,realcartest_2000_3200,HTS-EC-safe-shadow-stag,0.3,0,1,0,[],0,[],tree,d0_n0,88.0,,,32,"[3, 4, 5, 7, 9, 12, 25, 32, 38, 39, 40, 49, 50, 53, 56, 58, 70, 71, 76, 77, 79, 81, 83, 84, 85, 86, 87, 88, 96, 98, 106, 111]",,0,5
HTS-EC-safe-shadow-stag,realcartest_2000_3200,HTS-EC-safe-shadow-stag,0.3,0,2,0,[],0,[],tree,d0_n0,87.0,,,31,"[3, 4, 5, 7, 9, 12, 25, 32, 38, 39, 40, 49, 50, 53, 56, 58, 70, 71, 76, 77, 79, 81, 83, 84, 85, 86, 87, 96, 98, 106, 111]",,0,5
HTS-EC-safe-shadow-stag,realcartest_2000_3200,HTS-EC-safe-shadow-stag,0.3,0,3,0,[],0,[],tree,d0_n0,102.0,,,30,"[3, 4, 5, 7, 9, 12, 25, 32, 38, 39, 40, 49, 50, 53, 56, 58, 70, 71, 76, 77, 79, 81, 83, 84, 85, 86, 96, 98, 106, 111]",,0,5
HTS-EC-safe-shadow-stag,realcartest_2000_3200,HTS-EC-safe-shadow-stag,0.3,0,4,0,[],0,[],fine,,86.0,,,0,[],,0,5
HTS-EC-safe-shadow-stag,realcartest_2000_3200,HTS-EC-safe-shadow-stag,0.3,0,5,0,[],0,[],fine,,93.0,,,0,[],,0,5
HTS-EC-safe-shadow-stag,realcartest_2000_3200,HTS-EC-safe-shadow-stag,0.3,0,6,0,[],0,[],fine,,49.0,,,0,[],,0,5
HTS-EC-safe-shadow-stag,realcartest_2000_3200,HTS-EC-safe-shadow-stag,0.3,0,7,0,[],0,[],fine,,81.0,,,0,[],,0,5
HTS-EC-safe-shadow-stag,realcartest_2000_3200,HTS-EC-safe-shadow-stag,0.3,0,8,0,[],0,[],fine,,51.0,,,0,[],,0,5
HTS-EC-safe-shadow-stag,realcartest_2000_3200,HTS-EC-safe-shadow-stag,0.3,0,9,0,[],0,[],fine,,36.0,,,0,[],,0,5
HTS-EC-safe-shadow-stag,realcartest_2000_3200,HTS-EC-safe-shadow-stag,0.3,0,10,0,[],0,[],fine,,103.0,,,0,[],,0,5
HTS-EC-safe-shadow-stag,realcartest_2000_3200,HTS-EC-safe-shadow-stag,0.3,0,11,0,[],0,[],fine,,85.0,,,0,[],,0,5
HTS-EC-safe-shadow-stag,realcartest_2000_3200,HTS-EC-safe-shadow-stag,0.3,0,12,0,[],0,[],fine,,92.0,,,0,[],,0,5
HTS-EC-safe-shadow-stag,realcartest_2000_3200,HTS-EC-safe-shadow-stag,0.3,0,13,0,[],0,[],fine,,107.0,,,0,[],,0,5
HTS-EC-safe-shadow-stag,realcartest_2000_3200,HTS-EC-safe-shadow-stag,0.3,0,14,0,[],0,[],fine,,104.0,,,0,[],,0,5
HTS-EC-safe-shadow-stag,realcartest_2000_3200,HTS-EC-safe-shadow-stag,0.3,0,15,0,[],0,[],fine,,50.0,,,0,[],,0,5
HTS-EC-safe-shadow-stag,realcartest_2000_3200,HTS-EC-safe-shadow-stag,0.3,0,16,0,[],0,[],fine,,84.0,,,0,[],,0,5
HTS-EC-safe-shadow-stag,realcartest_2000_3200,HTS-EC-safe-shadow-stag,0.3,0,17,0,[],0,[],fine,,82.0,,,0,[],,0,5
HTS-EC-safe-shadow-stag,realcartest_2000_3200,HTS-EC-safe-shadow-stag,0.3,0,18,0,[],0,[],fine,,71.0,,,0,[],,0,5
HTS-EC-safe-shadow-stag,realcartest_2000_3200,HTS-EC-safe-shadow-stag,0.3,0,19,0,[],0,[],fine,,79.0,,,0,[],,0,5
HTS-EC-safe-shadow-stag,realcartest_2000_3200,HTS-EC-safe-shadow-stag,0.3,0,20,0,[],0,[],fine,,111.0,,,0,[],,0,5
HTS-EC-safe-shadow-stag,realcartest_2000_3200,HTS-EC-safe-shadow-stag,0.3,0,21,0,[],0,[],fine,,73.0,,,0,[],,0,5
HTS-EC-safe-shadow-stag,realcartest_2000_3200,HTS-EC-safe-shadow-stag,0.3,0,22,0,[],0,[],fine,,68.0,,,0,[],,0,5
HTS-EC-safe-shadow-stag,realcartest_2000_3200,HTS-EC-safe-shadow-stag,0.3,0,23,0,[],0,[],fine,,0.0,,,0,[],,0,5
HTS-EC-safe-shadow-stag,realcartest_2000_3200,HTS-EC-safe-shadow-stag,0.3,0,24,0,[],0,[],fine,,76.0,,,0,[],,0,5
HTS-EC-safe-shadow-stag,realcartest_2000_3200,HTS-EC-safe-shadow-stag,0.3,0,25,0,[],0,[],fine,,95.0,,,0,[],,0,5
HTS-EC-safe-shadow-stag,realcartest_2000_3200,HTS-EC-safe-shadow-stag,0.3,0,26,0,[],0,[],fine,,55.0,,,0,[],,0,5
HTS-EC-safe-shadow-stag,realcartest_2000_3200,HTS-EC-safe-shadow-stag,0.3,0,27,0,[],0,[],fine,,99.0,,,0,[],,0,5
HTS-EC-safe-shadow-stag,realcartest_2000_3200,HTS-EC-safe-shadow-stag,0.3,0,28,0,[],0,[],fine,,98.0,,,0,[],,0,5
HTS-EC-safe-shadow-stag,realcartest_2000_3200,HTS-EC-safe-shadow-stag,0.3,0,29,0,[],0,[],fine,,27.0,,,0,[],,0,5
HTS-EC-safe-shadow-stag,realcartest_2000_3200,HTS-EC-safe-shadow-stag,0.3,0,30,0,[],0,[],fine,,56.0,,,0,[],,0,5
HTS-EC-safe-shadow-stag,realcartest_2000_3200,HTS-EC-safe-shadow-stag,0.3,0,31,0,[],0,[],fine,,106.0,,,0,[],,0,5
HTS-EC-safe-shadow-stag,realcartest_2000_3200,HTS-EC-safe-shadow-stag,0.3,0,32,0,[],0,[],fine,,80.0,,,0,[],,0,5
HTS-EC-safe-shadow-stag,realcartest_2000_3200,HTS-EC-safe-shadow-stag,0.3,0,33,0,[],0,[],fine,,59.0,,,0,[],,0,5
HTS-EC-safe-shadow-stag,realcartest_2000_3200,HTS-EC-safe-shadow-stag,0.3,0,34,0,[],0,[],fine,,118.0,,,0,[],,0,5
HTS-EC-safe-shadow-stag,realcartest_2000_3200,HTS-EC-safe-shadow-stag,0.3,0,35,0,[],0,[],fine,,70.0,,,0,[],,0,5
HTS-EC-safe-shadow-stag,realcartest_2000_3200,HTS-EC-safe-shadow-stag,0.3,1,0,0,[],0,[],tree,d0_n0,105.0,,,32,"[3, 4, 5, 7, 9, 12, 25, 32, 38, 39, 40, 49, 50, 53, 56, 58, 70, 71, 76, 77, 79, 81, 83, 84, 85, 86, 87, 88, 96, 98, 106, 111]",,0,5
HTS-EC-safe-shadow-stag,realcartest_2000_3200,HTS-EC-safe-shadow-stag,0.3,1,1,0,[],0,[],tree,d0_n0,88.0,,,32,"[3, 4, 5, 7, 9, 12, 25, 32, 38, 39, 40, 49, 50, 53, 56, 58, 70, 71, 76, 77, 79, 81, 83, 84, 85, 86, 87, 88, 96, 98, 106, 111]",,0,5
HTS-EC-safe-shadow-stag,realcartest_2000_3200,HTS-EC-safe-shadow-stag,0.3,1,2,0,[],0,[],tree,d0_n0,87.0,,,31,"[3, 4, 5, 7, 9, 12, 25, 32, 38, 39, 40, 49, 50, 53, 56, 58, 70, 71, 76, 77, 79, 81, 83, 84, 85, 86, 87, 96, 98, 106, 111]",,0,5
HTS-EC-safe-shadow-stag,realcartest_2000_3200,HTS-EC-safe-shadow-stag,0.3,1,3,0,[],0,[],tree,d0_n0,102.0,,,30,"[3, 4, 5, 7, 9, 12, 25, 32, 38, 39, 40, 49, 50, 53, 56, 58, 70, 71, 76, 77, 79, 81, 83, 84, 85, 86, 96, 98, 106, 111]",,0,5
HTS-EC-safe-shadow-stag,realcartest_2000_3200,HTS-EC-safe-shadow-stag,0.3,1,4,0,[],0,[],fine,,86.0,,,0,[],,0,5
HTS-EC-safe-shadow-stag,realcartest_2000_3200,HTS-EC-safe-shadow-stag,0.3,1,5,0,[],0,[],fine,,93.0,,,0,[],,0,5
HTS-EC-safe-shadow-stag,realcartest_2000_3200,HTS-EC-safe-shadow-stag,0.3,1,6,0,[],0,[],fine,,49.0,,,0,[],,0,5
HTS-EC-safe-shadow-stag,realcartest_2000_3200,HTS-EC-safe-shadow-stag,0.3,1,7,0,[],0,[],fine,,81.0,,,0,[],,0,5
HTS-EC-safe-shadow-stag,realcartest_2000_3200,HTS-EC-safe-shadow-stag,0.3,1,8,0,[],0,[],fine,,51.0,,,0,[],,0,5
HTS-EC-safe-shadow-stag,realcartest_2000_3200,HTS-EC-safe-shadow-stag,0.3,1,9,0,[],0,[],fine,,36.0,,,0,[],,0,5
HTS-EC-safe-shadow-stag,realcartest_2000_3200,HTS-EC-safe-shadow-stag,0.3,1,10,0,[],0,[],fine,,103.0,,,0,[],,0,5
HTS-EC-safe-shadow-stag,realcartest_2000_3200,HTS-EC-safe-shadow-stag,0.3,1,11,0,[],0,[],fine,,85.0,,,0,[],,0,5
HTS-EC-safe-shadow-stag,realcartest_2000_3200,HTS-EC-safe-shadow-stag,0.3,1,12,0,[],0,[],fine,,92.0,,,0,[],,0,5
HTS-EC-safe-shadow-stag,realcartest_2000_3200,HTS-EC-safe-shadow-stag,0.3,1,13,0,[],0,[],fine,,107.0,,,0,[],,0,5
HTS-EC-safe-shadow-stag,realcartest_2000_3200,HTS-EC-safe-shadow-stag,0.3,1,14,0,[],0,[],fine,,104.0,,,0,[],,0,5
HTS-EC-safe-shadow-stag,realcartest_2000_3200,HTS-EC-safe-shadow-stag,0.3,1,15,0,[],0,[],fine,,50.0,,,0,[],,0,5
HTS-EC-safe-shadow-stag,realcartest_2000_3200,HTS-EC-safe-shadow-stag,0.3,1,16,0,[],0,[],fine,,84.0,,,0,[],,0,5
HTS-EC-safe-shadow-stag,realcartest_2000_3200,HTS-EC-safe-shadow-stag,0.3,1,17,0,[],0,[],fine,,82.0,,,0,[],,0,5
HTS-EC-safe-shadow-stag,realcartest_2000_3200,HTS-EC-safe-shadow-stag,0.3,1,18,0,[],0,[],fine,,71.0,,,0,[],,0,5
HTS-EC-safe-shadow-stag,realcartest_2000_3200,HTS-EC-safe-shadow-stag,0.3,1,19,0,[],0,[],fine,,79.0,,,0,[],,0,5
HTS-EC-safe-shadow-stag,realcartest_2000_3200,HTS-EC-safe-shadow-stag,0.3,1,20,0,[],0,[],fine,,111.0,,,0,[],,0,5
HTS-EC-safe-shadow-stag,realcartest_2000_3200,HTS-EC-safe-shadow-stag,0.3,1,21,0,[],0,[],fine,,73.0,,,0,[],,0,5
HTS-EC-safe-shadow-stag,realcartest_2000_3200,HTS-EC-safe-shadow-stag,0.3,1,22,0,[],0,[],fine,,68.0,,,0,[],,0,5
HTS-EC-safe-shadow-stag,realcartest_2000_3200,HTS-EC-safe-shadow-stag,0.3,1,23,0,[],0,[],fine,,0.0,,,0,[],,0,5
HTS-EC-safe-shadow-stag,realcartest_2000_3200,HTS-EC-safe-shadow-stag,0.3,1,24,0,[],0,[],fine,,76.0,,,0,[],,0,5
HTS-EC-safe-shadow-stag,realcartest_2000_3200,HTS-EC-safe-shadow-stag,0.3,1,25,0,[],0,[],fine,,95.0,,,0,[],,0,5
HTS-EC-safe-shadow-stag,realcartest_2000_3200,HTS-EC-safe-shadow-stag,0.3,1,26,0,[],0,[],fine,,55.0,,,0,[],,0,5
HTS-EC-safe-shadow-stag,realcartest_2000_3200,HTS-EC-safe-shadow-stag,0.3,1,27,0,[],0,[],fine,,99.0,,,0,[],,0,5
HTS-EC-safe-shadow-stag,realcartest_2000_3200,HTS-EC-safe-shadow-stag,0.3,1,28,0,[],0,[],fine,,98.0,,,0,[],,0,5
HTS-EC-safe-shadow-stag,realcartest_2000_3200,HTS-EC-safe-shadow-stag,0.3,1,29,0,[],0,[],fine,,27.0,,,0,[],,0,5
HTS-EC-safe-shadow-stag,realcartest_2000_3200,HTS-EC-safe-shadow-stag,0.3,1,30,0,[],0,[],fine,,56.0,,,0,[],,0,5
HTS-EC-safe-shadow-stag,realcartest_2000_3200,HTS-EC-safe-shadow-stag,0.3,1,31,0,[],0,[],fine,,106.0,,,0,[],,0,5
HTS-EC-safe-shadow-stag,realcartest_2000_3200,HTS-EC-safe-shadow-stag,0.3,1,32,0,[],0,[],fine,,80.0,,,0,[],,0,5
HTS-EC-safe-shadow-stag,realcartest_2000_3200,HTS-EC-safe-shadow-stag,0.3,1,33,0,[],0,[],fine,,59.0,,,0,[],,0,5
HTS-EC-safe-shadow-stag,realcartest_2000_3200,HTS-EC-safe-shadow-stag,0.3,1,34,0,[],0,[],fine,,118.0,,,0,[],,0,5
HTS-EC-safe-shadow-stag,realcartest_2000_3200,HTS-EC-safe-shadow-stag,0.3,1,35,0,[],0,[],fine,,70.0,,,0,[],,0,5
HTS-EC-safe-shadow-stag,realcartest_2000_3200,HTS-EC-safe-shadow-stag,0.3,2,0,0,[],0,[],tree,d0_n0,105.0,,,32,"[3, 4, 5, 7, 9, 12, 25, 32, 38, 39, 40, 49, 50, 53, 56, 58, 70, 71, 76, 77, 79, 81, 83, 84, 85, 86, 87, 88, 96, 98, 106, 111]",,0,5
HTS-EC-safe-shadow-stag,realcartest_2000_3200,HTS-EC-safe-shadow-stag,0.3,2,1,0,[],0,[],tree,d0_n0,88.0,,,32,"[3, 4, 5, 7, 9, 12, 25, 32, 38, 39, 40, 49, 50, 53, 56, 58, 70, 71, 76, 77, 79, 81, 83, 84, 85, 86, 87, 88, 96, 98, 106, 111]",,0,5
HTS-EC-safe-shadow-stag,realcartest_2000_3200,HTS-EC-safe-shadow-stag,0.3,2,2,0,[],0,[],tree,d0_n0,87.0,,,31,"[3, 4, 5, 7, 9, 12, 25, 32, 38, 39, 40, 49, 50, 53, 56, 58, 70, 71, 76, 77, 79, 81, 83, 84, 85, 86, 87, 96, 98, 106, 111]",,0,5
HTS-EC-safe-shadow-stag,realcartest_2000_3200,HTS-EC-safe-shadow-stag,0.3,2,3,0,[],0,[],tree,d0_n0,102.0,,,30,"[3, 4, 5, 7, 9, 12, 25, 32, 38, 39, 40, 49, 50, 53, 56, 58, 70, 71, 76, 77, 79, 81, 83, 84, 85, 86, 96, 98, 106, 111]",,0,5
HTS-EC-safe-shadow-stag,realcartest_2000_3200,HTS-EC-safe-shadow-stag,0.3,2,4,0,[],0,[],fine,,86.0,,,0,[],,0,5
HTS-EC-safe-shadow-stag,realcartest_2000_3200,HTS-EC-safe-shadow-stag,0.3,2,5,0,[],0,[],fine,,93.0,,,0,[],,0,5
HTS-EC-safe-shadow-stag,realcartest_2000_3200,HTS-EC-safe-shadow-stag,0.3,2,6,0,[],0,[],fine,,49.0,,,0,[],,0,5
HTS-EC-safe-shadow-stag,realcartest_2000_3200,HTS-EC-safe-shadow-stag,0.3,2,7,0,[],0,[],fine,,81.0,,,0,[],,0,5
HTS-EC-safe-shadow-stag,realcartest_2000_3200,HTS-EC-safe-shadow-stag,0.3,2,8,0,[],0,[],fine,,51.0,,,0,[],,0,5
HTS-EC-safe-shadow-stag,realcartest_2000_3200,HTS-EC-safe-shadow-stag,0.3,2,9,0,[],0,[],fine,,36.0,,,0,[],,0,5
HTS-EC-safe-shadow-stag,realcartest_2000_3200,HTS-EC-safe-shadow-stag,0.3,2,10,0,[],0,[],fine,,103.0,,,0,[],,0,5
HTS-EC-safe-shadow-stag,realcartest_2000_3200,HTS-EC-safe-shadow-stag,0.3,2,11,0,[],0,[],fine,,85.0,,,0,[],,0,5
HTS-EC-safe-shadow-stag,realcartest_2000_3200,HTS-EC-safe-shadow-stag,0.3,2,12,0,[],0,[],fine,,92.0,,,0,[],,0,5
HTS-EC-safe-shadow-stag,realcartest_2000_3200,HTS-EC-safe-shadow-stag,0.3,2,13,0,[],0,[],fine,,107.0,,,0,[],,0,5
HTS-EC-safe-shadow-stag,realcartest_2000_3200,HTS-EC-safe-shadow-stag,0.3,2,14,0,[],0,[],fine,,104.0,,,0,[],,0,5
HTS-EC-safe-shadow-stag,realcartest_2000_3200,HTS-EC-safe-shadow-stag,0.3,2,15,0,[],0,[],fine,,50.0,,,0,[],,0,5
HTS-EC-safe-shadow-stag,realcartest_2000_3200,HTS-EC-safe-shadow-stag,0.3,2,16,0,[],0,[],fine,,84.0,,,0,[],,0,5
HTS-EC-safe-shadow-stag,realcartest_2000_3200,HTS-EC-safe-shadow-stag,0.3,2,17,0,[],0,[],fine,,82.0,,,0,[],,0,5
HTS-EC-safe-shadow-stag,realcartest_2000_3200,HTS-EC-safe-shadow-stag,0.3,2,18,0,[],0,[],fine,,71.0,,,0,[],,0,5
HTS-EC-safe-shadow-stag,realcartest_2000_3200,HTS-EC-safe-shadow-stag,0.3,2,19,0,[],0,[],fine,,79.0,,,0,[],,0,5
HTS-EC-safe-shadow-stag,realcartest_2000_3200,HTS-EC-safe-shadow-stag,0.3,2,20,0,[],0,[],fine,,111.0,,,0,[],,0,5
HTS-EC-safe-shadow-stag,realcartest_2000_3200,HTS-EC-safe-shadow-stag,0.3,2,21,0,[],0,[],fine,,73.0,,,0,[],,0,5
HTS-EC-safe-shadow-stag,realcartest_2000_3200,HTS-EC-safe-shadow-stag,0.3,2,22,0,[],0,[],fine,,68.0,,,0,[],,0,5
HTS-EC-safe-shadow-stag,realcartest_2000_3200,HTS-EC-safe-shadow-stag,0.3,2,23,0,[],0,[],fine,,0.0,,,0,[],,0,5
HTS-EC-safe-shadow-stag,realcartest_2000_3200,HTS-EC-safe-shadow-stag,0.3,2,24,0,[],0,[],fine,,76.0,,,0,[],,0,5
HTS-EC-safe-shadow-stag,realcartest_2000_3200,HTS-EC-safe-shadow-stag,0.3,2,25,0,[],0,[],fine,,95.0,,,0,[],,0,5
HTS-EC-safe-shadow-stag,realcartest_2000_3200,HTS-EC-safe-shadow-stag,0.3,2,26,0,[],0,[],fine,,55.0,,,0,[],,0,5
HTS-EC-safe-shadow-stag,realcartest_2000_3200,HTS-EC-safe-shadow-stag,0.3,2,27,0,[],0,[],fine,,99.0,,,0,[],,0,5
HTS-EC-safe-shadow-stag,realcartest_2000_3200,HTS-EC-safe-shadow-stag,0.3,2,28,0,[],0,[],fine,,98.0,,,0,[],,0,5
HTS-EC-safe-shadow-stag,realcartest_2000_3200,HTS-EC-safe-shadow-stag,0.3,2,29,0,[],0,[],fine,,27.0,,,0,[],,0,5
HTS-EC-safe-shadow-stag,realcartest_2000_3200,HTS-EC-safe-shadow-stag,0.3,2,30,0,[],0,[],fine,,56.0,,,0,[],,0,5
HTS-EC-safe-shadow-stag,realcartest_2000_3200,HTS-EC-safe-shadow-stag,0.3,2,31,0,[],0,[],fine,,106.0,,,0,[],,0,5
HTS-EC-safe-shadow-stag,realcartest_2000_3200,HTS-EC-safe-shadow-stag,0.3,2,32,0,[],0,[],fine,,80.0,,,0,[],,0,5
HTS-EC-safe-shadow-stag,realcartest_2000_3200,HTS-EC-safe-shadow-stag,0.3,2,33,0,[],0,[],fine,,59.0,,,0,[],,0,5
HTS-EC-safe-shadow-stag,realcartest_2000_3200,HTS-EC-safe-shadow-stag,0.3,2,34,0,[],0,[],fine,,118.0,,,0,[],,0,5
HTS-EC-safe-shadow-stag,realcartest_2000_3200,HTS-EC-safe-shadow-stag,0.3,2,35,0,[],0,[],fine,,70.0,,,0,[],,0,5
HTS-EC-safe-StagRepMix-force,realcartest_3200_3830,HTS-EC-safe-StagRepMix-force,0.1,0,0,0,[],0,[],tree,d0_n0,24.0,,,13,"[0, 1, 2, 3, 16, 17, 37, 45, 48, 49, 51, 52, 58]",,0,0
HTS-EC-safe-StagRepMix-force,realcartest_3200_3830,HTS-EC-safe-StagRepMix-force,0.1,0,1,0,[],0,[],tree,d0_n0,25.0,,,13,"[0, 1, 2, 3, 16, 17, 37, 45, 48, 49, 51, 52, 58]",,0,0
HTS-EC-safe-StagRepMix-force,realcartest_3200_3830,HTS-EC-safe-StagRepMix-force,0.1,0,2,0,[],0,[],tree,d0_n0,1.0,,,13,"[0, 1, 2, 3, 16, 17, 37, 45, 48, 49, 51, 52, 58]",,0,0
HTS-EC-safe-StagRepMix-force,realcartest_3200_3830,HTS-EC-safe-StagRepMix-force,0.1,0,3,0,[],0,[],tree,d1_n63,40.0,,,2,"[37, 45]",,0,0
HTS-EC-safe-StagRepMix-force,realcartest_3200_3830,HTS-EC-safe-StagRepMix-force,0.1,0,4,0,[],0,[],tree,d1_n92,59.0,,,5,"[48, 49, 51, 52, 58]",,0,0
HTS-EC-safe-StagRepMix-force,realcartest_3200_3830,HTS-EC-safe-StagRepMix-force,0.1,0,5,0,[],0,[],tree,d1_n1,6.0,,,3,"[0, 2, 3]",,0,0
HTS-EC-safe-StagRepMix-force,realcartest_3200_3830,HTS-EC-safe-StagRepMix-force,0.1,1,0,0,[],0,[],tree,d0_n0,2.0,,,13,"[0, 1, 2, 3, 16, 17, 37, 45, 48, 49, 51, 52, 58]",,0,0
HTS-EC-safe-StagRepMix-force,realcartest_3200_3830,HTS-EC-safe-StagRepMix-force,0.1,1,1,0,[],0,[],tree,d0_n0,58.0,,,12,"[0, 1, 3, 16, 17, 37, 45, 48, 49, 51, 52, 58]",,0,0
HTS-EC-safe-StagRepMix-force,realcartest_3200_3830,HTS-EC-safe-StagRepMix-force,0.1,1,2,0,[],0,[],tree,d1_n32,24.0,,,2,"[16, 17]",,0,0
HTS-EC-safe-StagRepMix-force,realcartest_3200_3830,HTS-EC-safe-StagRepMix-force,0.1,1,3,0,[],0,[],tree,d1_n63,40.0,,,2,"[37, 45]",,0,0
HTS-EC-safe-StagRepMix-force,realcartest_3200_3830,HTS-EC-safe-StagRepMix-force,0.1,1,4,0,[],0,[],tree,d1_n1,5.0,,,3,"[0, 1, 3]",,0,0
HTS-EC-safe-StagRepMix-force,realcartest_3200_3830,HTS-EC-safe-StagRepMix-force,0.1,1,5,0,[],0,[],tree,d2_n17,9.0,,,0,[],,0,0
HTS-EC-safe-StagRepMix-force,realcartest_3200_3830,HTS-EC-safe-StagRepMix-force,0.1,2,0,0,[],0,[],tree,d0_n0,1.0,,,13,"[0, 1, 2, 3, 16, 17, 37, 45, 48, 49, 51, 52, 58]",,0,0
HTS-EC-safe-StagRepMix-force,realcartest_3200_3830,HTS-EC-safe-StagRepMix-force,0.1,2,1,0,[],0,[],tree,d0_n0,29.0,,,12,"[0, 2, 3, 16, 17, 37, 45, 48, 49, 51, 52, 58]",,0,0
HTS-EC-safe-StagRepMix-force,realcartest_3200_3830,HTS-EC-safe-StagRepMix-force,0.1,2,2,0,[],0,[],tree,d1_n63,39.0,,,2,"[37, 45]",,0,0
HTS-EC-safe-StagRepMix-force,realcartest_3200_3830,HTS-EC-safe-StagRepMix-force,0.1,2,3,0,[],0,[],tree,d1_n92,58.0,,,5,"[48, 49, 51, 52, 58]",,0,0
HTS-EC-safe-StagRepMix-force,realcartest_3200_3830,HTS-EC-safe-StagRepMix-force,0.1,2,4,0,[],0,[],tree,d1_n1,4.0,,,3,"[0, 2, 3]",,0,0
HTS-EC-safe-StagRepMix-force,realcartest_3200_3830,HTS-EC-safe-StagRepMix-force,0.1,2,5,0,[],0,[],tree,d2_n17,9.0,,,0,[],,0,0
HTS-EC-safe-StagRepMix-force,realcartest_3200_3830,HTS-EC-safe-StagRepMix-force,0.2,0,0,0,[],0,[],tree,d0_n0,24.0,,,13,"[0, 1, 2, 3, 16, 17, 37, 45, 48, 49, 51, 52, 58]",,0,1
HTS-EC-safe-StagRepMix-force,realcartest_3200_3830,HTS-EC-safe-StagRepMix-force,0.2,0,1,0,[],0,[],tree,d0_n0,25.0,,,13,"[0, 1, 2, 3, 16, 17, 37, 45, 48, 49, 51, 52, 58]",,0,1
HTS-EC-safe-StagRepMix-force,realcartest_3200_3830,HTS-EC-safe-StagRepMix-force,0.2,0,2,0,[],0,[],tree,d0_n0,1.0,,,13,"[0, 1, 2, 3, 16, 17, 37, 45, 48, 49, 51, 52, 58]",,0,1
HTS-EC-safe-StagRepMix-force,realcartest_3200_3830,HTS-EC-safe-StagRepMix-force,0.2,0,3,0,[],0,[],tree,d1_n63,40.0,,,2,"[37, 45]",,0,1
HTS-EC-safe-StagRepMix-force,realcartest_3200_3830,HTS-EC-safe-StagRepMix-force,0.2,0,4,0,[],0,[],tree,d1_n92,59.0,,,5,"[48, 49, 51, 52, 58]",,0,1
HTS-EC-safe-StagRepMix-force,realcartest_3200_3830,HTS-EC-safe-StagRepMix-force,0.2,0,5,0,[],0,[],tree,d1_n1,6.0,,,3,"[0, 2, 3]",,0,1
HTS-EC-safe-StagRepMix-force,realcartest_3200_3830,HTS-EC-safe-StagRepMix-force,0.2,0,6,0,[],0,[],tree,d2_n17,9.0,,,0,[],,0,1
HTS-EC-safe-StagRepMix-force,realcartest_3200_3830,HTS-EC-safe-StagRepMix-force,0.2,0,7,0,[],0,[],tree,d2_n2,2.0,,,3,"[0, 2, 3]",,0,1
HTS-EC-safe-StagRepMix-force,realcartest_3200_3830,HTS-EC-safe-StagRepMix-force,0.2,0,8,0,[],0,[],tree,d3_n3,3.0,,,2,"[0, 3]",,0,1
HTS-EC-safe-StagRepMix-force,realcartest_3200_3830,HTS-EC-safe-StagRepMix-force,0.2,0,9,0,[],0,[],tree,d4_n4,0.0,,,1,[0],,0,1
HTS-EC-safe-StagRepMix-force,realcartest_3200_3830,HTS-EC-safe-StagRepMix-force,0.2,0,10,0,[],0,[],,,,,,0,[],,0,1
HTS-EC-safe-StagRepMix-force,realcartest_3200_3830,HTS-EC-safe-StagRepMix-force,0.2,0,10,0,[],0,[],,,,,,0,[],,0,1
HTS-EC-safe-StagRepMix-force,realcartest_3200_3830,HTS-EC-safe-StagRepMix-force,0.2,0,10,0,[],0,[],,,,,,0,[],,0,1
HTS-EC-safe-StagRepMix-force,realcartest_3200_3830,HTS-EC-safe-StagRepMix-force,0.2,0,10,0,[],0,[],tree,d3_n10,5.0,,,0,[],,0,1
HTS-EC-safe-StagRepMix-force,realcartest_3200_3830,HTS-EC-safe-StagRepMix-force,0.2,0,11,0,[],0,[],tree,d4_n11,4.0,,,0,[],,0,1
HTS-EC-safe-StagRepMix-force,realcartest_3200_3830,HTS-EC-safe-StagRepMix-force,0.2,0,12,0,[],0,[],tree,d4_n14,7.0,,,0,[],,0,1
HTS-EC-safe-StagRepMix-force,realcartest_3200_3830,HTS-EC-safe-StagRepMix-force,0.2,1,0,0,[],0,[],tree,d0_n0,2.0,,,13,"[0, 1, 2, 3, 16, 17, 37, 45, 48, 49, 51, 52, 58]",,0,1
HTS-EC-safe-StagRepMix-force,realcartest_3200_3830,HTS-EC-safe-StagRepMix-force,0.2,1,1,0,[],0,[],tree,d0_n0,58.0,,,12,"[0, 1, 3, 16, 17, 37, 45, 48, 49, 51, 52, 58]",,0,1
HTS-EC-safe-StagRepMix-force,realcartest_3200_3830,HTS-EC-safe-StagRepMix-force,0.2,1,2,0,[],0,[],tree,d1_n32,24.0,,,2,"[16, 17]",,0,1
HTS-EC-safe-StagRepMix-force,realcartest_3200_3830,HTS-EC-safe-StagRepMix-force,0.2,1,3,0,[],0,[],tree,d1_n63,40.0,,,2,"[37, 45]",,0,1
HTS-EC-safe-StagRepMix-force,realcartest_3200_3830,HTS-EC-safe-StagRepMix-force,0.2,1,4,0,[],0,[],tree,d1_n1,5.0,,,3,"[0, 1, 3]",,0,1
HTS-EC-safe-StagRepMix-force,realcartest_3200_3830,HTS-EC-safe-StagRepMix-force,0.2,1,5,0,[],0,[],tree,d2_n17,9.0,,,0,[],,0,1
HTS-EC-safe-StagRepMix-force,realcartest_3200_3830,HTS-EC-safe-StagRepMix-force,0.2,1,6,0,[],0,[],tree,d1_n92,59.0,,,4,"[48, 49, 51, 52]",,0,1
HTS-EC-safe-StagRepMix-force,realcartest_3200_3830,HTS-EC-safe-StagRepMix-force,0.2,1,7,0,[],0,[],tree,d2_n93,50.0,,,4,"[48, 49, 51, 52]",,0,1
HTS-EC-safe-StagRepMix-force,realcartest_3200_3830,HTS-EC-safe-StagRepMix-force,0.2,1,8,0,[],0,[],tree,d2_n2,3.0,,,3,"[0, 1, 3]",,0,1
HTS-EC-safe-StagRepMix-force,realcartest_3200_3830,HTS-EC-safe-StagRepMix-force,0.2,1,9,0,[],0,[],tree,d3_n3,1.0,,,2,"[0, 1]",,0,1
HTS-EC-safe-StagRepMix-force,realcartest_3200_3830,HTS-EC-safe-StagRepMix-force,0.2,1,10,0,[],0,[],tree,d4_n4,0.0,,,1,[0],,0,1
HTS-EC-safe-StagRepMix-force,realcartest_3200_3830,HTS-EC-safe-StagRepMix-force,0.2,1,11,0,[],0,[],,,,,,0,[],,0,1
HTS-EC-safe-StagRepMix-force,realcartest_3200_3830,HTS-EC-safe-StagRepMix-force,0.2,1,11,0,[],0,[],,,,,,0,[],,0,1
HTS-EC-safe-StagRepMix-force,realcartest_3200_3830,HTS-EC-safe-StagRepMix-force,0.2,1,11,0,[],0,[],,,,,,0,[],,0,1
HTS-EC-safe-StagRepMix-force,realcartest_3200_3830,HTS-EC-safe-StagRepMix-force,0.2,1,11,0,[],0,[],tree,d3_n10,7.0,,,0,[],,0,1
HTS-EC-safe-StagRepMix-force,realcartest_3200_3830,HTS-EC-safe-StagRepMix-force,0.2,1,12,0,[],0,[],tree,d4_n11,4.0,,,0,[],,0,1
HTS-EC-safe-StagRepMix-force,realcartest_3200_3830,HTS-EC-safe-StagRepMix-force,0.2,2,0,0,[],0,[],tree,d0_n0,1.0,,,13,"[0, 1, 2, 3, 16, 17, 37, 45, 48, 49, 51, 52, 58]",,0,1
HTS-EC-safe-StagRepMix-force,realcartest_3200_3830,HTS-EC-safe-StagRepMix-force,0.2,2,1,0,[],0,[],tree,d0_n0,29.0,,,12,"[0, 2, 3, 16, 17, 37, 45, 48, 49, 51, 52, 58]",,0,1
HTS-EC-safe-StagRepMix-force,realcartest_3200_3830,HTS-EC-safe-StagRepMix-force,0.2,2,2,0,[],0,[],tree,d1_n63,39.0,,,2,"[37, 45]",,0,1
HTS-EC-safe-StagRepMix-force,realcartest_3200_3830,HTS-EC-safe-StagRepMix-force,0.2,2,3,0,[],0,[],tree,d1_n92,58.0,,,5,"[48, 49, 51, 52, 58]",,0,1
HTS-EC-safe-StagRepMix-force,realcartest_3200_3830,HTS-EC-safe-StagRepMix-force,0.2,2,4,0,[],0,[],tree,d1_n1,4.0,,,3,"[0, 2, 3]",,0,1
HTS-EC-safe-StagRepMix-force,realcartest_3200_3830,HTS-EC-safe-StagRepMix-force,0.2,2,5,0,[],0,[],tree,d2_n17,9.0,,,0,[],,0,1
HTS-EC-safe-StagRepMix-force,realcartest_3200_3830,HTS-EC-safe-StagRepMix-force,0.2,2,6,0,[],0,[],tree,d1_n92,59.0,,,4,"[48, 49, 51, 52]",,0,1
HTS-EC-safe-StagRepMix-force,realcartest_3200_3830,HTS-EC-safe-StagRepMix-force,0.2,2,7,0,[],0,[],tree,d2_n93,50.0,,,4,"[48, 49, 51, 52]",,0,1
HTS-EC-safe-StagRepMix-force,realcartest_3200_3830,HTS-EC-safe-StagRepMix-force,0.2,2,8,0,[],0,[],tree,d2_n2,2.0,,,3,"[0, 2, 3]",,0,1
HTS-EC-safe-StagRepMix-force,realcartest_3200_3830,HTS-EC-safe-StagRepMix-force,0.2,2,9,0,[],0,[],tree,d3_n3,3.0,,,2,"[0, 3]",,0,1
HTS-EC-safe-StagRepMix-force,realcartest_3200_3830,HTS-EC-safe-StagRepMix-force,0.2,2,10,0,[],0,[],tree,d4_n4,0.0,,,1,[0],,0,1
HTS-EC-safe-StagRepMix-force,realcartest_3200_3830,HTS-EC-safe-StagRepMix-force,0.2,2,11,0,[],0,[],,,,,,0,[],,0,1
HTS-EC-safe-StagRepMix-force,realcartest_3200_3830,HTS-EC-safe-StagRepMix-force,0.2,2,11,0,[],0,[],,,,,,0,[],,0,1
HTS-EC-safe-StagRepMix-force,realcartest_3200_3830,HTS-EC-safe-StagRepMix-force,0.2,2,11,0,[],0,[],,,,,,0,[],,0,1
HTS-EC-safe-StagRepMix-force,realcartest_3200_3830,HTS-EC-safe-StagRepMix-force,0.2,2,11,0,[],0,[],tree,d3_n10,6.0,,,0,[],,0,1
HTS-EC-safe-StagRepMix-force,realcartest_3200_3830,HTS-EC-safe-StagRepMix-force,0.2,2,12,0,[],0,[],tree,d4_n11,5.0,,,0,[],,0,1
HTS-EC-safe-StagRepMix-force,realcartest_3200_3830,HTS-EC-safe-StagRepMix-force,0.3,0,0,0,[],0,[],tree,d0_n0,24.0,,,13,"[0, 1, 2, 3, 16, 17, 37, 45, 48, 49, 51, 52, 58]",,0,2
HTS-EC-safe-StagRepMix-force,realcartest_3200_3830,HTS-EC-safe-StagRepMix-force,0.3,0,1,0,[],0,[],tree,d0_n0,25.0,,,13,"[0, 1, 2, 3, 16, 17, 37, 45, 48, 49, 51, 52, 58]",,0,2
HTS-EC-safe-StagRepMix-force,realcartest_3200_3830,HTS-EC-safe-StagRepMix-force,0.3,0,2,0,[],0,[],tree,d0_n0,1.0,,,13,"[0, 1, 2, 3, 16, 17, 37, 45, 48, 49, 51, 52, 58]",,0,2
HTS-EC-safe-StagRepMix-force,realcartest_3200_3830,HTS-EC-safe-StagRepMix-force,0.3,0,3,0,[],0,[],tree,d1_n63,40.0,,,2,"[37, 45]",,0,2
HTS-EC-safe-StagRepMix-force,realcartest_3200_3830,HTS-EC-safe-StagRepMix-force,0.3,0,4,0,[],0,[],tree,d1_n92,59.0,,,5,"[48, 49, 51, 52, 58]",,0,2
HTS-EC-safe-StagRepMix-force,realcartest_3200_3830,HTS-EC-safe-StagRepMix-force,0.3,0,5,0,[],0,[],tree,d1_n1,6.0,,,3,"[0, 2, 3]",,0,2
HTS-EC-safe-StagRepMix-force,realcartest_3200_3830,HTS-EC-safe-StagRepMix-force,0.3,0,6,0,[],0,[],tree,d2_n17,9.0,,,0,[],,0,2
HTS-EC-safe-StagRepMix-force,realcartest_3200_3830,HTS-EC-safe-StagRepMix-force,0.3,0,7,0,[],0,[],tree,d2_n2,2.0,,,3,"[0, 2, 3]",,0,2
HTS-EC-safe-StagRepMix-force,realcartest_3200_3830,HTS-EC-safe-StagRepMix-force,0.3,0,8,0,[],0,[],tree,d3_n3,3.0,,,2,"[0, 3]",,0,2
HTS-EC-safe-StagRepMix-force,realcartest_3200_3830,HTS-EC-safe-StagRepMix-force,0.3,0,9,0,[],0,[],tree,d4_n4,0.0,,,1,[0],,0,2
HTS-EC-safe-StagRepMix-force,realcartest_3200_3830,HTS-EC-safe-StagRepMix-force,0.3,0,10,0,[],0,[],,,,,,0,[],,0,2
HTS-EC-safe-StagRepMix-force,realcartest_3200_3830,HTS-EC-safe-StagRepMix-force,0.3,0,10,0,[],0,[],,,,,,0,[],,0,2
HTS-EC-safe-StagRepMix-force,realcartest_3200_3830,HTS-EC-safe-StagRepMix-force,0.3,0,10,0,[],0,[],,,,,,0,[],,0,2
HTS-EC-safe-StagRepMix-force,realcartest_3200_3830,HTS-EC-safe-StagRepMix-force,0.3,0,10,0,[],0,[],tree,d3_n10,5.0,,,0,[],,0,2
HTS-EC-safe-StagRepMix-force,realcartest_3200_3830,HTS-EC-safe-StagRepMix-force,0.3,0,11,0,[],0,[],tree,d4_n11,4.0,,,0,[],,0,2
HTS-EC-safe-StagRepMix-force,realcartest_3200_3830,HTS-EC-safe-StagRepMix-force,0.3,0,12,0,[],0,[],tree,d4_n14,7.0,,,0,[],,0,2
HTS-EC-safe-StagRepMix-force,realcartest_3200_3830,HTS-EC-safe-StagRepMix-force,0.3,0,13,0,[],0,[],,,,,,0,[],,0,2
HTS-EC-safe-StagRepMix-force,realcartest_3200_3830,HTS-EC-safe-StagRepMix-force,0.3,0,13,0,[],0,[],,,,,,0,[],,0,2
HTS-EC-safe-StagRepMix-force,realcartest_3200_3830,HTS-EC-safe-StagRepMix-force,0.3,0,13,0,[],0,[],,,,,,0,[],,0,2
HTS-EC-safe-StagRepMix-force,realcartest_3200_3830,HTS-EC-safe-StagRepMix-force,0.3,0,13,0,[],0,[],,,,,,0,[],,0,2
HTS-EC-safe-StagRepMix-force,realcartest_3200_3830,HTS-EC-safe-StagRepMix-force,0.3,0,13,0,[],0,[],tree,d1_n63,39.0,,,2,"[37, 45]",,0,2
HTS-EC-safe-StagRepMix-force,realcartest_3200_3830,HTS-EC-safe-StagRepMix-force,0.3,0,14,0,[],0,[],tree,d1_n92,58.0,,,5,"[48, 49, 51, 52, 58]",,0,2
HTS-EC-safe-StagRepMix-force,realcartest_3200_3830,HTS-EC-safe-StagRepMix-force,0.3,0,15,0,[],0,[],tree,d2_n93,51.0,,,4,"[48, 49, 51, 52]",,0,2
HTS-EC-safe-StagRepMix-force,realcartest_3200_3830,HTS-EC-safe-StagRepMix-force,0.3,0,16,0,[],0,[],tree,d2_n93,50.0,,,3,"[48, 49, 52]",,0,2
HTS-EC-safe-StagRepMix-force,realcartest_3200_3830,HTS-EC-safe-StagRepMix-force,0.3,0,17,0,[],0,[],tree,d3_n101,52.0,,,1,[52],,0,2
HTS-EC-safe-StagRepMix-force,realcartest_3200_3830,HTS-EC-safe-StagRepMix-force,0.3,0,18,0,[],0,[],tree,d4_n105,53.0,,,0,[],,0,2
HTS-EC-safe-StagRepMix-force,realcartest_3200_3830,HTS-EC-safe-StagRepMix-force,0.3,1,0,0,[],0,[],tree,d0_n0,2.0,,,13,"[0, 1, 2, 3, 16, 17, 37, 45, 48, 49, 51, 52, 58]",,0,2
HTS-EC-safe-StagRepMix-force,realcartest_3200_3830,HTS-EC-safe-StagRepMix-force,0.3,1,1,0,[],0,[],tree,d0_n0,58.0,,,12,"[0, 1, 3, 16, 17, 37, 45, 48, 49, 51, 52, 58]",,0,2
HTS-EC-safe-StagRepMix-force,realcartest_3200_3830,HTS-EC-safe-StagRepMix-force,0.3,1,2,0,[],0,[],tree,d1_n32,24.0,,,2,"[16, 17]",,0,2
HTS-EC-safe-StagRepMix-force,realcartest_3200_3830,HTS-EC-safe-StagRepMix-force,0.3,1,3,0,[],0,[],tree,d1_n63,40.0,,,2,"[37, 45]",,0,2
HTS-EC-safe-StagRepMix-force,realcartest_3200_3830,HTS-EC-safe-StagRepMix-force,0.3,1,4,0,[],0,[],tree,d1_n1,5.0,,,3,"[0, 1, 3]",,0,2
HTS-EC-safe-StagRepMix-force,realcartest_3200_3830,HTS-EC-safe-StagRepMix-force,0.3,1,5,0,[],0,[],tree,d2_n17,9.0,,,0,[],,0,2
HTS-EC-safe-StagRepMix-force,realcartest_3200_3830,HTS-EC-safe-StagRepMix-force,0.3,1,6,0,[],0,[],tree,d1_n92,59.0,,,4,"[48, 49, 51, 52]",,0,2
HTS-EC-safe-StagRepMix-force,realcartest_3200_3830,HTS-EC-safe-StagRepMix-force,0.3,1,7,0,[],0,[],tree,d2_n93,50.0,,,4,"[48, 49, 51, 52]",,0,2
HTS-EC-safe-StagRepMix-force,realcartest_3200_3830,HTS-EC-safe-StagRepMix-force,0.3,1,8,0,[],0,[],tree,d2_n2,3.0,,,3,"[0, 1, 3]",,0,2
HTS-EC-safe-StagRepMix-force,realcartest_3200_3830,HTS-EC-safe-StagRepMix-force,0.3,1,9,0,[],0,[],tree,d3_n3,1.0,,,2,"[0, 1]",,0,2
HTS-EC-safe-StagRepMix-force,realcartest_3200_3830,HTS-EC-safe-StagRepMix-force,0.3,1,10,0,[],0,[],tree,d4_n4,0.0,,,1,[0],,0,2
HTS-EC-safe-StagRepMix-force,realcartest_3200_3830,HTS-EC-safe-StagRepMix-force,0.3,1,11,0,[],0,[],,,,,,0,[],,0,2
HTS-EC-safe-StagRepMix-force,realcartest_3200_3830,HTS-EC-safe-StagRepMix-force,0.3,1,11,0,[],0,[],,,,,,0,[],,0,2
HTS-EC-safe-StagRepMix-force,realcartest_3200_3830,HTS-EC-safe-StagRepMix-force,0.3,1,11,0,[],0,[],,,,,,0,[],,0,2
HTS-EC-safe-StagRepMix-force,realcartest_3200_3830,HTS-EC-safe-StagRepMix-force,0.3,1,11,0,[],0,[],tree,d3_n10,7.0,,,0,[],,0,2
HTS-EC-safe-StagRepMix-force,realcartest_3200_3830,HTS-EC-safe-StagRepMix-force,0.3,1,12,0,[],0,[],tree,d4_n11,4.0,,,0,[],,0,2
HTS-EC-safe-StagRepMix-force,realcartest_3200_3830,HTS-EC-safe-StagRepMix-force,0.3,1,13,0,[],0,[],tree,d4_n14,6.0,,,0,[],,0,2
HTS-EC-safe-StagRepMix-force,realcartest_3200_3830,HTS-EC-safe-StagRepMix-force,0.3,1,14,0,[],0,[],,,,,,0,[],,0,2
HTS-EC-safe-StagRepMix-force,realcartest_3200_3830,HTS-EC-safe-StagRepMix-force,0.3,1,14,0,[],0,[],,,,,,0,[],,0,2
HTS-EC-safe-StagRepMix-force,realcartest_3200_3830,HTS-EC-safe-StagRepMix-force,0.3,1,14,0,[],0,[],,,,,,0,[],,0,2
HTS-EC-safe-StagRepMix-force,realcartest_3200_3830,HTS-EC-safe-StagRepMix-force,0.3,1,14,0,[],0,[],,,,,,0,[],,0,2
HTS-EC-safe-StagRepMix-force,realcartest_3200_3830,HTS-EC-safe-StagRepMix-force,0.3,1,14,0,[],0,[],tree,d1_n32,25.0,,,2,"[16, 17]",,0,2
HTS-EC-safe-StagRepMix-force,realcartest_3200_3830,HTS-EC-safe-StagRepMix-force,0.3,1,15,0,[],0,[],tree,d1_n63,39.0,,,2,"[37, 45]",,0,2
HTS-EC-safe-StagRepMix-force,realcartest_3200_3830,HTS-EC-safe-StagRepMix-force,0.3,1,16,0,[],0,[],tree,d2_n17,10.0,,,0,[],,0,2
HTS-EC-safe-StagRepMix-force,realcartest_3200_3830,HTS-EC-safe-StagRepMix-force,0.3,1,17,0,[],0,[],tree,d2_n93,51.0,,,4,"[48, 49, 51, 52]",,0,2
HTS-EC-safe-StagRepMix-force,realcartest_3200_3830,HTS-EC-safe-StagRepMix-force,0.3,1,18,0,[],0,[],tree,d3_n101,52.0,,,1,[52],,0,2
HTS-EC-safe-StagRepMix-force,realcartest_3200_3830,HTS-EC-safe-StagRepMix-force,0.3,2,0,0,[],0,[],tree,d0_n0,1.0,,,13,"[0, 1, 2, 3, 16, 17, 37, 45, 48, 49, 51, 52, 58]",,0,2
HTS-EC-safe-StagRepMix-force,realcartest_3200_3830,HTS-EC-safe-StagRepMix-force,0.3,2,1,0,[],0,[],tree,d0_n0,29.0,,,12,"[0, 2, 3, 16, 17, 37, 45, 48, 49, 51, 52, 58]",,0,2
HTS-EC-safe-StagRepMix-force,realcartest_3200_3830,HTS-EC-safe-StagRepMix-force,0.3,2,2,0,[],0,[],tree,d1_n63,39.0,,,2,"[37, 45]",,0,2
HTS-EC-safe-StagRepMix-force,realcartest_3200_3830,HTS-EC-safe-StagRepMix-force,0.3,2,3,0,[],0,[],tree,d1_n92,58.0,,,5,"[48, 49, 51, 52, 58]",,0,2
HTS-EC-safe-StagRepMix-force,realcartest_3200_3830,HTS-EC-safe-StagRepMix-force,0.3,2,4,0,[],0,[],tree,d1_n1,4.0,,,3,"[0, 2, 3]",,0,2
HTS-EC-safe-StagRepMix-force,realcartest_3200_3830,HTS-EC-safe-StagRepMix-force,0.3,2,5,0,[],0,[],tree,d2_n17,9.0,,,0,[],,0,2
HTS-EC-safe-StagRepMix-force,realcartest_3200_3830,HTS-EC-safe-StagRepMix-force,0.3,2,6,0,[],0,[],tree,d1_n92,59.0,,,4,"[48, 49, 51, 52]",,0,2
HTS-EC-safe-StagRepMix-force,realcartest_3200_3830,HTS-EC-safe-StagRepMix-force,0.3,2,7,0,[],0,[],tree,d2_n93,50.0,,,4,"[48, 49, 51, 52]",,0,2
HTS-EC-safe-StagRepMix-force,realcartest_3200_3830,HTS-EC-safe-StagRepMix-force,0.3,2,8,0,[],0,[],tree,d2_n2,2.0,,,3,"[0, 2, 3]",,0,2
HTS-EC-safe-StagRepMix-force,realcartest_3200_3830,HTS-EC-safe-StagRepMix-force,0.3,2,9,0,[],0,[],tree,d3_n3,3.0,,,2,"[0, 3]",,0,2
HTS-EC-safe-StagRepMix-force,realcartest_3200_3830,HTS-EC-safe-StagRepMix-force,0.3,2,10,0,[],0,[],tree,d4_n4,0.0,,,1,[0],,0,2
HTS-EC-safe-StagRepMix-force,realcartest_3200_3830,HTS-EC-safe-StagRepMix-force,0.3,2,11,0,[],0,[],,,,,,0,[],,0,2
HTS-EC-safe-StagRepMix-force,realcartest_3200_3830,HTS-EC-safe-StagRepMix-force,0.3,2,11,0,[],0,[],,,,,,0,[],,0,2
HTS-EC-safe-StagRepMix-force,realcartest_3200_3830,HTS-EC-safe-StagRepMix-force,0.3,2,11,0,[],0,[],,,,,,0,[],,0,2
HTS-EC-safe-StagRepMix-force,realcartest_3200_3830,HTS-EC-safe-StagRepMix-force,0.3,2,11,0,[],0,[],tree,d3_n10,6.0,,,0,[],,0,2
HTS-EC-safe-StagRepMix-force,realcartest_3200_3830,HTS-EC-safe-StagRepMix-force,0.3,2,12,0,[],0,[],tree,d4_n11,5.0,,,0,[],,0,2
HTS-EC-safe-StagRepMix-force,realcartest_3200_3830,HTS-EC-safe-StagRepMix-force,0.3,2,13,0,[],0,[],tree,d4_n14,7.0,,,0,[],,0,2
HTS-EC-safe-StagRepMix-force,realcartest_3200_3830,HTS-EC-safe-StagRepMix-force,0.3,2,14,0,[],0,[],,,,,,0,[],,0,2
HTS-EC-safe-StagRepMix-force,realcartest_3200_3830,HTS-EC-safe-StagRepMix-force,0.3,2,14,0,[],0,[],,,,,,0,[],,0,2
HTS-EC-safe-StagRepMix-force,realcartest_3200_3830,HTS-EC-safe-StagRepMix-force,0.3,2,14,0,[],0,[],,,,,,0,[],,0,2
HTS-EC-safe-StagRepMix-force,realcartest_3200_3830,HTS-EC-safe-StagRepMix-force,0.3,2,14,0,[],0,[],,,,,,0,[],,0,2
HTS-EC-safe-StagRepMix-force,realcartest_3200_3830,HTS-EC-safe-StagRepMix-force,0.3,2,14,0,[],0,[],tree,d1_n32,24.0,,,2,"[16, 17]",,0,2
HTS-EC-safe-StagRepMix-force,realcartest_3200_3830,HTS-EC-safe-StagRepMix-force,0.3,2,15,0,[],0,[],tree,d1_n63,40.0,,,2,"[37, 45]",,0,2
HTS-EC-safe-StagRepMix-force,realcartest_3200_3830,HTS-EC-safe-StagRepMix-force,0.3,2,16,0,[],0,[],tree,d2_n17,10.0,,,0,[],,0,2
HTS-EC-safe-StagRepMix-force,realcartest_3200_3830,HTS-EC-safe-StagRepMix-force,0.3,2,17,0,[],0,[],tree,d2_n93,51.0,,,4,"[48, 49, 51, 52]",,0,2
HTS-EC-safe-StagRepMix-force,realcartest_3200_3830,HTS-EC-safe-StagRepMix-force,0.3,2,18,0,[],0,[],tree,d3_n101,52.0,,,1,[52],,0,2
HTS-EC-safe-shadow-stag,realcartest_3200_3830,HTS-EC-safe-shadow-stag,0.1,0,0,0,[],0,[],tree,d0_n0,24.0,,,13,"[0, 1, 2, 3, 16, 17, 37, 45, 48, 49, 51, 52, 58]",,0,0
HTS-EC-safe-shadow-stag,realcartest_3200_3830,HTS-EC-safe-shadow-stag,0.1,0,1,0,[],0,[],tree,d0_n0,25.0,,,13,"[0, 1, 2, 3, 16, 17, 37, 45, 48, 49, 51, 52, 58]",,0,0
HTS-EC-safe-shadow-stag,realcartest_3200_3830,HTS-EC-safe-shadow-stag,0.1,0,2,0,[],0,[],tree,d0_n0,1.0,,,13,"[0, 1, 2, 3, 16, 17, 37, 45, 48, 49, 51, 52, 58]",,0,0
HTS-EC-safe-shadow-stag,realcartest_3200_3830,HTS-EC-safe-shadow-stag,0.1,0,3,0,[],0,[],tree,d1_n63,40.0,,,2,"[37, 45]",,0,0
HTS-EC-safe-shadow-stag,realcartest_3200_3830,HTS-EC-safe-shadow-stag,0.1,0,4,0,[],0,[],tree,d1_n92,59.0,,,5,"[48, 49, 51, 52, 58]",,0,0
HTS-EC-safe-shadow-stag,realcartest_3200_3830,HTS-EC-safe-shadow-stag,0.1,0,5,0,[],0,[],tree,d1_n1,6.0,,,3,"[0, 2, 3]",,0,0
HTS-EC-safe-shadow-stag,realcartest_3200_3830,HTS-EC-safe-shadow-stag,0.1,1,0,0,[],0,[],tree,d0_n0,2.0,,,13,"[0, 1, 2, 3, 16, 17, 37, 45, 48, 49, 51, 52, 58]",,0,0
HTS-EC-safe-shadow-stag,realcartest_3200_3830,HTS-EC-safe-shadow-stag,0.1,1,1,0,[],0,[],tree,d0_n0,58.0,,,12,"[0, 1, 3, 16, 17, 37, 45, 48, 49, 51, 52, 58]",,0,0
HTS-EC-safe-shadow-stag,realcartest_3200_3830,HTS-EC-safe-shadow-stag,0.1,1,2,0,[],0,[],tree,d1_n32,24.0,,,2,"[16, 17]",,0,0
HTS-EC-safe-shadow-stag,realcartest_3200_3830,HTS-EC-safe-shadow-stag,0.1,1,3,0,[],0,[],tree,d1_n63,40.0,,,2,"[37, 45]",,0,0
HTS-EC-safe-shadow-stag,realcartest_3200_3830,HTS-EC-safe-shadow-stag,0.1,1,4,0,[],0,[],tree,d1_n1,5.0,,,3,"[0, 1, 3]",,0,0
HTS-EC-safe-shadow-stag,realcartest_3200_3830,HTS-EC-safe-shadow-stag,0.1,1,5,0,[],0,[],tree,d2_n17,9.0,,,0,[],,0,0
HTS-EC-safe-shadow-stag,realcartest_3200_3830,HTS-EC-safe-shadow-stag,0.1,2,0,0,[],0,[],tree,d0_n0,1.0,,,13,"[0, 1, 2, 3, 16, 17, 37, 45, 48, 49, 51, 52, 58]",,0,0
HTS-EC-safe-shadow-stag,realcartest_3200_3830,HTS-EC-safe-shadow-stag,0.1,2,1,0,[],0,[],tree,d0_n0,29.0,,,12,"[0, 2, 3, 16, 17, 37, 45, 48, 49, 51, 52, 58]",,0,0
HTS-EC-safe-shadow-stag,realcartest_3200_3830,HTS-EC-safe-shadow-stag,0.1,2,2,0,[],0,[],tree,d1_n63,39.0,,,2,"[37, 45]",,0,0
HTS-EC-safe-shadow-stag,realcartest_3200_3830,HTS-EC-safe-shadow-stag,0.1,2,3,0,[],0,[],tree,d1_n92,58.0,,,5,"[48, 49, 51, 52, 58]",,0,0
HTS-EC-safe-shadow-stag,realcartest_3200_3830,HTS-EC-safe-shadow-stag,0.1,2,4,0,[],0,[],tree,d1_n1,4.0,,,3,"[0, 2, 3]",,0,0
HTS-EC-safe-shadow-stag,realcartest_3200_3830,HTS-EC-safe-shadow-stag,0.1,2,5,0,[],0,[],tree,d2_n17,9.0,,,0,[],,0,0
HTS-EC-safe-shadow-stag,realcartest_3200_3830,HTS-EC-safe-shadow-stag,0.2,0,0,0,[],0,[],tree,d0_n0,24.0,,,13,"[0, 1, 2, 3, 16, 17, 37, 45, 48, 49, 51, 52, 58]",,0,1
HTS-EC-safe-shadow-stag,realcartest_3200_3830,HTS-EC-safe-shadow-stag,0.2,0,1,0,[],0,[],tree,d0_n0,25.0,,,13,"[0, 1, 2, 3, 16, 17, 37, 45, 48, 49, 51, 52, 58]",,0,1
HTS-EC-safe-shadow-stag,realcartest_3200_3830,HTS-EC-safe-shadow-stag,0.2,0,2,0,[],0,[],tree,d0_n0,1.0,,,13,"[0, 1, 2, 3, 16, 17, 37, 45, 48, 49, 51, 52, 58]",,0,1
HTS-EC-safe-shadow-stag,realcartest_3200_3830,HTS-EC-safe-shadow-stag,0.2,0,3,0,[],0,[],tree,d1_n63,40.0,,,2,"[37, 45]",,0,1
HTS-EC-safe-shadow-stag,realcartest_3200_3830,HTS-EC-safe-shadow-stag,0.2,0,4,0,[],0,[],tree,d1_n92,59.0,,,5,"[48, 49, 51, 52, 58]",,0,1
HTS-EC-safe-shadow-stag,realcartest_3200_3830,HTS-EC-safe-shadow-stag,0.2,0,5,0,[],0,[],tree,d1_n1,6.0,,,3,"[0, 2, 3]",,0,1
HTS-EC-safe-shadow-stag,realcartest_3200_3830,HTS-EC-safe-shadow-stag,0.2,0,6,0,[],0,[],tree,d2_n17,9.0,,,0,[],,0,1
HTS-EC-safe-shadow-stag,realcartest_3200_3830,HTS-EC-safe-shadow-stag,0.2,0,7,0,[],0,[],tree,d2_n2,2.0,,,3,"[0, 2, 3]",,0,1
HTS-EC-safe-shadow-stag,realcartest_3200_3830,HTS-EC-safe-shadow-stag,0.2,0,8,0,[],0,[],tree,d3_n3,3.0,,,2,"[0, 3]",,0,1
HTS-EC-safe-shadow-stag,realcartest_3200_3830,HTS-EC-safe-shadow-stag,0.2,0,9,0,[],0,[],tree,d4_n4,0.0,,,1,[0],,0,1
HTS-EC-safe-shadow-stag,realcartest_3200_3830,HTS-EC-safe-shadow-stag,0.2,0,10,0,[],0,[],,,,,,0,[],,0,1
HTS-EC-safe-shadow-stag,realcartest_3200_3830,HTS-EC-safe-shadow-stag,0.2,0,10,0,[],0,[],,,,,,0,[],,0,1
HTS-EC-safe-shadow-stag,realcartest_3200_3830,HTS-EC-safe-shadow-stag,0.2,0,10,0,[],0,[],,,,,,0,[],,0,1
HTS-EC-safe-shadow-stag,realcartest_3200_3830,HTS-EC-safe-shadow-stag,0.2,0,10,0,[],0,[],tree,d3_n10,5.0,,,0,[],,0,1
HTS-EC-safe-shadow-stag,realcartest_3200_3830,HTS-EC-safe-shadow-stag,0.2,0,11,0,[],0,[],tree,d4_n11,4.0,,,0,[],,0,1
HTS-EC-safe-shadow-stag,realcartest_3200_3830,HTS-EC-safe-shadow-stag,0.2,0,12,0,[],0,[],tree,d4_n14,7.0,,,0,[],,0,1
HTS-EC-safe-shadow-stag,realcartest_3200_3830,HTS-EC-safe-shadow-stag,0.2,1,0,0,[],0,[],tree,d0_n0,2.0,,,13,"[0, 1, 2, 3, 16, 17, 37, 45, 48, 49, 51, 52, 58]",,0,1
HTS-EC-safe-shadow-stag,realcartest_3200_3830,HTS-EC-safe-shadow-stag,0.2,1,1,0,[],0,[],tree,d0_n0,58.0,,,12,"[0, 1, 3, 16, 17, 37, 45, 48, 49, 51, 52, 58]",,0,1
HTS-EC-safe-shadow-stag,realcartest_3200_3830,HTS-EC-safe-shadow-stag,0.2,1,2,0,[],0,[],tree,d1_n32,24.0,,,2,"[16, 17]",,0,1
HTS-EC-safe-shadow-stag,realcartest_3200_3830,HTS-EC-safe-shadow-stag,0.2,1,3,0,[],0,[],tree,d1_n63,40.0,,,2,"[37, 45]",,0,1
HTS-EC-safe-shadow-stag,realcartest_3200_3830,HTS-EC-safe-shadow-stag,0.2,1,4,0,[],0,[],tree,d1_n1,5.0,,,3,"[0, 1, 3]",,0,1
HTS-EC-safe-shadow-stag,realcartest_3200_3830,HTS-EC-safe-shadow-stag,0.2,1,5,0,[],0,[],tree,d2_n17,9.0,,,0,[],,0,1
HTS-EC-safe-shadow-stag,realcartest_3200_3830,HTS-EC-safe-shadow-stag,0.2,1,6,0,[],0,[],tree,d1_n92,59.0,,,4,"[48, 49, 51, 52]",,0,1
HTS-EC-safe-shadow-stag,realcartest_3200_3830,HTS-EC-safe-shadow-stag,0.2,1,7,0,[],0,[],tree,d2_n93,50.0,,,4,"[48, 49, 51, 52]",,0,1
HTS-EC-safe-shadow-stag,realcartest_3200_3830,HTS-EC-safe-shadow-stag,0.2,1,8,0,[],0,[],tree,d2_n2,3.0,,,3,"[0, 1, 3]",,0,1
HTS-EC-safe-shadow-stag,realcartest_3200_3830,HTS-EC-safe-shadow-stag,0.2,1,9,0,[],0,[],tree,d3_n3,1.0,,,2,"[0, 1]",,0,1
HTS-EC-safe-shadow-stag,realcartest_3200_3830,HTS-EC-safe-shadow-stag,0.2,1,10,0,[],0,[],tree,d4_n4,0.0,,,1,[0],,0,1
HTS-EC-safe-shadow-stag,realcartest_3200_3830,HTS-EC-safe-shadow-stag,0.2,1,11,0,[],0,[],,,,,,0,[],,0,1
HTS-EC-safe-shadow-stag,realcartest_3200_3830,HTS-EC-safe-shadow-stag,0.2,1,11,0,[],0,[],,,,,,0,[],,0,1
HTS-EC-safe-shadow-stag,realcartest_3200_3830,HTS-EC-safe-shadow-stag,0.2,1,11,0,[],0,[],,,,,,0,[],,0,1
HTS-EC-safe-shadow-stag,realcartest_3200_3830,HTS-EC-safe-shadow-stag,0.2,1,11,0,[],0,[],tree,d3_n10,7.0,,,0,[],,0,1
HTS-EC-safe-shadow-stag,realcartest_3200_3830,HTS-EC-safe-shadow-stag,0.2,1,12,0,[],0,[],tree,d4_n11,4.0,,,0,[],,0,1
HTS-EC-safe-shadow-stag,realcartest_3200_3830,HTS-EC-safe-shadow-stag,0.2,2,0,0,[],0,[],tree,d0_n0,1.0,,,13,"[0, 1, 2, 3, 16, 17, 37, 45, 48, 49, 51, 52, 58]",,0,1
HTS-EC-safe-shadow-stag,realcartest_3200_3830,HTS-EC-safe-shadow-stag,0.2,2,1,0,[],0,[],tree,d0_n0,29.0,,,12,"[0, 2, 3, 16, 17, 37, 45, 48, 49, 51, 52, 58]",,0,1
HTS-EC-safe-shadow-stag,realcartest_3200_3830,HTS-EC-safe-shadow-stag,0.2,2,2,0,[],0,[],tree,d1_n63,39.0,,,2,"[37, 45]",,0,1
HTS-EC-safe-shadow-stag,realcartest_3200_3830,HTS-EC-safe-shadow-stag,0.2,2,3,0,[],0,[],tree,d1_n92,58.0,,,5,"[48, 49, 51, 52, 58]",,0,1
HTS-EC-safe-shadow-stag,realcartest_3200_3830,HTS-EC-safe-shadow-stag,0.2,2,4,0,[],0,[],tree,d1_n1,4.0,,,3,"[0, 2, 3]",,0,1
HTS-EC-safe-shadow-stag,realcartest_3200_3830,HTS-EC-safe-shadow-stag,0.2,2,5,0,[],0,[],tree,d2_n17,9.0,,,0,[],,0,1
HTS-EC-safe-shadow-stag,realcartest_3200_3830,HTS-EC-safe-shadow-stag,0.2,2,6,0,[],0,[],tree,d1_n92,59.0,,,4,"[48, 49, 51, 52]",,0,1
HTS-EC-safe-shadow-stag,realcartest_3200_3830,HTS-EC-safe-shadow-stag,0.2,2,7,0,[],0,[],tree,d2_n93,50.0,,,4,"[48, 49, 51, 52]",,0,1
HTS-EC-safe-shadow-stag,realcartest_3200_3830,HTS-EC-safe-shadow-stag,0.2,2,8,0,[],0,[],tree,d2_n2,2.0,,,3,"[0, 2, 3]",,0,1
HTS-EC-safe-shadow-stag,realcartest_3200_3830,HTS-EC-safe-shadow-stag,0.2,2,9,0,[],0,[],tree,d3_n3,3.0,,,2,"[0, 3]",,0,1
HTS-EC-safe-shadow-stag,realcartest_3200_3830,HTS-EC-safe-shadow-stag,0.2,2,10,0,[],0,[],tree,d4_n4,0.0,,,1,[0],,0,1
HTS-EC-safe-shadow-stag,realcartest_3200_3830,HTS-EC-safe-shadow-stag,0.2,2,11,0,[],0,[],,,,,,0,[],,0,1
HTS-EC-safe-shadow-stag,realcartest_3200_3830,HTS-EC-safe-shadow-stag,0.2,2,11,0,[],0,[],,,,,,0,[],,0,1
HTS-EC-safe-shadow-stag,realcartest_3200_3830,HTS-EC-safe-shadow-stag,0.2,2,11,0,[],0,[],,,,,,0,[],,0,1
HTS-EC-safe-shadow-stag,realcartest_3200_3830,HTS-EC-safe-shadow-stag,0.2,2,11,0,[],0,[],tree,d3_n10,6.0,,,0,[],,0,1
HTS-EC-safe-shadow-stag,realcartest_3200_3830,HTS-EC-safe-shadow-stag,0.2,2,12,0,[],0,[],tree,d4_n11,5.0,,,0,[],,0,1
HTS-EC-safe-shadow-stag,realcartest_3200_3830,HTS-EC-safe-shadow-stag,0.3,0,0,0,[],0,[],tree,d0_n0,24.0,,,13,"[0, 1, 2, 3, 16, 17, 37, 45, 48, 49, 51, 52, 58]",,0,2
HTS-EC-safe-shadow-stag,realcartest_3200_3830,HTS-EC-safe-shadow-stag,0.3,0,1,0,[],0,[],tree,d0_n0,25.0,,,13,"[0, 1, 2, 3, 16, 17, 37, 45, 48, 49, 51, 52, 58]",,0,2
HTS-EC-safe-shadow-stag,realcartest_3200_3830,HTS-EC-safe-shadow-stag,0.3,0,2,0,[],0,[],tree,d0_n0,1.0,,,13,"[0, 1, 2, 3, 16, 17, 37, 45, 48, 49, 51, 52, 58]",,0,2
HTS-EC-safe-shadow-stag,realcartest_3200_3830,HTS-EC-safe-shadow-stag,0.3,0,3,0,[],0,[],tree,d1_n63,40.0,,,2,"[37, 45]",,0,2
HTS-EC-safe-shadow-stag,realcartest_3200_3830,HTS-EC-safe-shadow-stag,0.3,0,4,0,[],0,[],tree,d1_n92,59.0,,,5,"[48, 49, 51, 52, 58]",,0,2
HTS-EC-safe-shadow-stag,realcartest_3200_3830,HTS-EC-safe-shadow-stag,0.3,0,5,0,[],0,[],tree,d1_n1,6.0,,,3,"[0, 2, 3]",,0,2
HTS-EC-safe-shadow-stag,realcartest_3200_3830,HTS-EC-safe-shadow-stag,0.3,0,6,0,[],0,[],tree,d2_n17,9.0,,,0,[],,0,2
HTS-EC-safe-shadow-stag,realcartest_3200_3830,HTS-EC-safe-shadow-stag,0.3,0,7,0,[],0,[],tree,d2_n2,2.0,,,3,"[0, 2, 3]",,0,2
HTS-EC-safe-shadow-stag,realcartest_3200_3830,HTS-EC-safe-shadow-stag,0.3,0,8,0,[],0,[],tree,d3_n3,3.0,,,2,"[0, 3]",,0,2
HTS-EC-safe-shadow-stag,realcartest_3200_3830,HTS-EC-safe-shadow-stag,0.3,0,9,0,[],0,[],tree,d4_n4,0.0,,,1,[0],,0,2
HTS-EC-safe-shadow-stag,realcartest_3200_3830,HTS-EC-safe-shadow-stag,0.3,0,10,0,[],0,[],,,,,,0,[],,0,2
HTS-EC-safe-shadow-stag,realcartest_3200_3830,HTS-EC-safe-shadow-stag,0.3,0,10,0,[],0,[],,,,,,0,[],,0,2
HTS-EC-safe-shadow-stag,realcartest_3200_3830,HTS-EC-safe-shadow-stag,0.3,0,10,0,[],0,[],,,,,,0,[],,0,2
HTS-EC-safe-shadow-stag,realcartest_3200_3830,HTS-EC-safe-shadow-stag,0.3,0,10,0,[],0,[],tree,d3_n10,5.0,,,0,[],,0,2
HTS-EC-safe-shadow-stag,realcartest_3200_3830,HTS-EC-safe-shadow-stag,0.3,0,11,0,[],0,[],tree,d4_n11,4.0,,,0,[],,0,2
HTS-EC-safe-shadow-stag,realcartest_3200_3830,HTS-EC-safe-shadow-stag,0.3,0,12,0,[],0,[],tree,d4_n14,7.0,,,0,[],,0,2
HTS-EC-safe-shadow-stag,realcartest_3200_3830,HTS-EC-safe-shadow-stag,0.3,0,13,0,[],0,[],,,,,,0,[],,0,2
HTS-EC-safe-shadow-stag,realcartest_3200_3830,HTS-EC-safe-shadow-stag,0.3,0,13,0,[],0,[],,,,,,0,[],,0,2
HTS-EC-safe-shadow-stag,realcartest_3200_3830,HTS-EC-safe-shadow-stag,0.3,0,13,0,[],0,[],,,,,,0,[],,0,2
HTS-EC-safe-shadow-stag,realcartest_3200_3830,HTS-EC-safe-shadow-stag,0.3,0,13,0,[],0,[],,,,,,0,[],,0,2
HTS-EC-safe-shadow-stag,realcartest_3200_3830,HTS-EC-safe-shadow-stag,0.3,0,13,0,[],0,[],tree,d1_n63,39.0,,,2,"[37, 45]",,0,2
HTS-EC-safe-shadow-stag,realcartest_3200_3830,HTS-EC-safe-shadow-stag,0.3,0,14,0,[],0,[],tree,d1_n92,58.0,,,5,"[48, 49, 51, 52, 58]",,0,2
HTS-EC-safe-shadow-stag,realcartest_3200_3830,HTS-EC-safe-shadow-stag,0.3,0,15,0,[],0,[],tree,d2_n93,51.0,,,4,"[48, 49, 51, 52]",,0,2
HTS-EC-safe-shadow-stag,realcartest_3200_3830,HTS-EC-safe-shadow-stag,0.3,0,16,0,[],0,[],tree,d2_n93,50.0,,,3,"[48, 49, 52]",,0,2
HTS-EC-safe-shadow-stag,realcartest_3200_3830,HTS-EC-safe-shadow-stag,0.3,0,17,0,[],0,[],tree,d3_n101,52.0,,,1,[52],,0,2
HTS-EC-safe-shadow-stag,realcartest_3200_3830,HTS-EC-safe-shadow-stag,0.3,0,18,0,[],0,[],tree,d4_n105,53.0,,,0,[],,0,2
HTS-EC-safe-shadow-stag,realcartest_3200_3830,HTS-EC-safe-shadow-stag,0.3,1,0,0,[],0,[],tree,d0_n0,2.0,,,13,"[0, 1, 2, 3, 16, 17, 37, 45, 48, 49, 51, 52, 58]",,0,2
HTS-EC-safe-shadow-stag,realcartest_3200_3830,HTS-EC-safe-shadow-stag,0.3,1,1,0,[],0,[],tree,d0_n0,58.0,,,12,"[0, 1, 3, 16, 17, 37, 45, 48, 49, 51, 52, 58]",,0,2
HTS-EC-safe-shadow-stag,realcartest_3200_3830,HTS-EC-safe-shadow-stag,0.3,1,2,0,[],0,[],tree,d1_n32,24.0,,,2,"[16, 17]",,0,2
HTS-EC-safe-shadow-stag,realcartest_3200_3830,HTS-EC-safe-shadow-stag,0.3,1,3,0,[],0,[],tree,d1_n63,40.0,,,2,"[37, 45]",,0,2
HTS-EC-safe-shadow-stag,realcartest_3200_3830,HTS-EC-safe-shadow-stag,0.3,1,4,0,[],0,[],tree,d1_n1,5.0,,,3,"[0, 1, 3]",,0,2
HTS-EC-safe-shadow-stag,realcartest_3200_3830,HTS-EC-safe-shadow-stag,0.3,1,5,0,[],0,[],tree,d2_n17,9.0,,,0,[],,0,2
HTS-EC-safe-shadow-stag,realcartest_3200_3830,HTS-EC-safe-shadow-stag,0.3,1,6,0,[],0,[],tree,d1_n92,59.0,,,4,"[48, 49, 51, 52]",,0,2
HTS-EC-safe-shadow-stag,realcartest_3200_3830,HTS-EC-safe-shadow-stag,0.3,1,7,0,[],0,[],tree,d2_n93,50.0,,,4,"[48, 49, 51, 52]",,0,2
HTS-EC-safe-shadow-stag,realcartest_3200_3830,HTS-EC-safe-shadow-stag,0.3,1,8,0,[],0,[],tree,d2_n2,3.0,,,3,"[0, 1, 3]",,0,2
HTS-EC-safe-shadow-stag,realcartest_3200_3830,HTS-EC-safe-shadow-stag,0.3,1,9,0,[],0,[],tree,d3_n3,1.0,,,2,"[0, 1]",,0,2
HTS-EC-safe-shadow-stag,realcartest_3200_3830,HTS-EC-safe-shadow-stag,0.3,1,10,0,[],0,[],tree,d4_n4,0.0,,,1,[0],,0,2
HTS-EC-safe-shadow-stag,realcartest_3200_3830,HTS-EC-safe-shadow-stag,0.3,1,11,0,[],0,[],,,,,,0,[],,0,2
HTS-EC-safe-shadow-stag,realcartest_3200_3830,HTS-EC-safe-shadow-stag,0.3,1,11,0,[],0,[],,,,,,0,[],,0,2
HTS-EC-safe-shadow-stag,realcartest_3200_3830,HTS-EC-safe-shadow-stag,0.3,1,11,0,[],0,[],,,,,,0,[],,0,2
HTS-EC-safe-shadow-stag,realcartest_3200_3830,HTS-EC-safe-shadow-stag,0.3,1,11,0,[],0,[],tree,d3_n10,7.0,,,0,[],,0,2
HTS-EC-safe-shadow-stag,realcartest_3200_3830,HTS-EC-safe-shadow-stag,0.3,1,12,0,[],0,[],tree,d4_n11,4.0,,,0,[],,0,2
HTS-EC-safe-shadow-stag,realcartest_3200_3830,HTS-EC-safe-shadow-stag,0.3,1,13,0,[],0,[],tree,d4_n14,6.0,,,0,[],,0,2
HTS-EC-safe-shadow-stag,realcartest_3200_3830,HTS-EC-safe-shadow-stag,0.3,1,14,0,[],0,[],,,,,,0,[],,0,2
HTS-EC-safe-shadow-stag,realcartest_3200_3830,HTS-EC-safe-shadow-stag,0.3,1,14,0,[],0,[],,,,,,0,[],,0,2
HTS-EC-safe-shadow-stag,realcartest_3200_3830,HTS-EC-safe-shadow-stag,0.3,1,14,0,[],0,[],,,,,,0,[],,0,2
HTS-EC-safe-shadow-stag,realcartest_3200_3830,HTS-EC-safe-shadow-stag,0.3,1,14,0,[],0,[],,,,,,0,[],,0,2
HTS-EC-safe-shadow-stag,realcartest_3200_3830,HTS-EC-safe-shadow-stag,0.3,1,14,0,[],0,[],tree,d1_n32,25.0,,,2,"[16, 17]",,0,2
HTS-EC-safe-shadow-stag,realcartest_3200_3830,HTS-EC-safe-shadow-stag,0.3,1,15,0,[],0,[],tree,d1_n63,39.0,,,2,"[37, 45]",,0,2
HTS-EC-safe-shadow-stag,realcartest_3200_3830,HTS-EC-safe-shadow-stag,0.3,1,16,0,[],0,[],tree,d2_n17,10.0,,,0,[],,0,2
HTS-EC-safe-shadow-stag,realcartest_3200_3830,HTS-EC-safe-shadow-stag,0.3,1,17,0,[],0,[],tree,d2_n93,51.0,,,4,"[48, 49, 51, 52]",,0,2
HTS-EC-safe-shadow-stag,realcartest_3200_3830,HTS-EC-safe-shadow-stag,0.3,1,18,0,[],0,[],tree,d3_n101,52.0,,,1,[52],,0,2
HTS-EC-safe-shadow-stag,realcartest_3200_3830,HTS-EC-safe-shadow-stag,0.3,2,0,0,[],0,[],tree,d0_n0,1.0,,,13,"[0, 1, 2, 3, 16, 17, 37, 45, 48, 49, 51, 52, 58]",,0,2
HTS-EC-safe-shadow-stag,realcartest_3200_3830,HTS-EC-safe-shadow-stag,0.3,2,1,0,[],0,[],tree,d0_n0,29.0,,,12,"[0, 2, 3, 16, 17, 37, 45, 48, 49, 51, 52, 58]",,0,2
HTS-EC-safe-shadow-stag,realcartest_3200_3830,HTS-EC-safe-shadow-stag,0.3,2,2,0,[],0,[],tree,d1_n63,39.0,,,2,"[37, 45]",,0,2
HTS-EC-safe-shadow-stag,realcartest_3200_3830,HTS-EC-safe-shadow-stag,0.3,2,3,0,[],0,[],tree,d1_n92,58.0,,,5,"[48, 49, 51, 52, 58]",,0,2
HTS-EC-safe-shadow-stag,realcartest_3200_3830,HTS-EC-safe-shadow-stag,0.3,2,4,0,[],0,[],tree,d1_n1,4.0,,,3,"[0, 2, 3]",,0,2
HTS-EC-safe-shadow-stag,realcartest_3200_3830,HTS-EC-safe-shadow-stag,0.3,2,5,0,[],0,[],tree,d2_n17,9.0,,,0,[],,0,2
HTS-EC-safe-shadow-stag,realcartest_3200_3830,HTS-EC-safe-shadow-stag,0.3,2,6,0,[],0,[],tree,d1_n92,59.0,,,4,"[48, 49, 51, 52]",,0,2
HTS-EC-safe-shadow-stag,realcartest_3200_3830,HTS-EC-safe-shadow-stag,0.3,2,7,0,[],0,[],tree,d2_n93,50.0,,,4,"[48, 49, 51, 52]",,0,2
HTS-EC-safe-shadow-stag,realcartest_3200_3830,HTS-EC-safe-shadow-stag,0.3,2,8,0,[],0,[],tree,d2_n2,2.0,,,3,"[0, 2, 3]",,0,2
HTS-EC-safe-shadow-stag,realcartest_3200_3830,HTS-EC-safe-shadow-stag,0.3,2,9,0,[],0,[],tree,d3_n3,3.0,,,2,"[0, 3]",,0,2
HTS-EC-safe-shadow-stag,realcartest_3200_3830,HTS-EC-safe-shadow-stag,0.3,2,10,0,[],0,[],tree,d4_n4,0.0,,,1,[0],,0,2
HTS-EC-safe-shadow-stag,realcartest_3200_3830,HTS-EC-safe-shadow-stag,0.3,2,11,0,[],0,[],,,,,,0,[],,0,2
HTS-EC-safe-shadow-stag,realcartest_3200_3830,HTS-EC-safe-shadow-stag,0.3,2,11,0,[],0,[],,,,,,0,[],,0,2
HTS-EC-safe-shadow-stag,realcartest_3200_3830,HTS-EC-safe-shadow-stag,0.3,2,11,0,[],0,[],,,,,,0,[],,0,2
HTS-EC-safe-shadow-stag,realcartest_3200_3830,HTS-EC-safe-shadow-stag,0.3,2,11,0,[],0,[],tree,d3_n10,6.0,,,0,[],,0,2
HTS-EC-safe-shadow-stag,realcartest_3200_3830,HTS-EC-safe-shadow-stag,0.3,2,12,0,[],0,[],tree,d4_n11,5.0,,,0,[],,0,2
HTS-EC-safe-shadow-stag,realcartest_3200_3830,HTS-EC-safe-shadow-stag,0.3,2,13,0,[],0,[],tree,d4_n14,7.0,,,0,[],,0,2
HTS-EC-safe-shadow-stag,realcartest_3200_3830,HTS-EC-safe-shadow-stag,0.3,2,14,0,[],0,[],,,,,,0,[],,0,2
HTS-EC-safe-shadow-stag,realcartest_3200_3830,HTS-EC-safe-shadow-stag,0.3,2,14,0,[],0,[],,,,,,0,[],,0,2
HTS-EC-safe-shadow-stag,realcartest_3200_3830,HTS-EC-safe-shadow-stag,0.3,2,14,0,[],0,[],,,,,,0,[],,0,2
HTS-EC-safe-shadow-stag,realcartest_3200_3830,HTS-EC-safe-shadow-stag,0.3,2,14,0,[],0,[],,,,,,0,[],,0,2
HTS-EC-safe-shadow-stag,realcartest_3200_3830,HTS-EC-safe-shadow-stag,0.3,2,14,0,[],0,[],tree,d1_n32,24.0,,,2,"[16, 17]",,0,2
HTS-EC-safe-shadow-stag,realcartest_3200_3830,HTS-EC-safe-shadow-stag,0.3,2,15,0,[],0,[],tree,d1_n63,40.0,,,2,"[37, 45]",,0,2
HTS-EC-safe-shadow-stag,realcartest_3200_3830,HTS-EC-safe-shadow-stag,0.3,2,16,0,[],0,[],tree,d2_n17,10.0,,,0,[],,0,2
HTS-EC-safe-shadow-stag,realcartest_3200_3830,HTS-EC-safe-shadow-stag,0.3,2,17,0,[],0,[],tree,d2_n93,51.0,,,4,"[48, 49, 51, 52]",,0,2
HTS-EC-safe-shadow-stag,realcartest_3200_3830,HTS-EC-safe-shadow-stag,0.3,2,18,0,[],0,[],tree,d3_n101,52.0,,,1,[52],,0,2
