unit_id,video_id,local_t_start,local_t_end,absolute_t_start,absolute_t_end,window_seconds_each_side,probe_set_usage,yolo_vehicle_count,yolo_vehicle_count_neighborhood_mean,yolo_vehicle_count_contrast,yolo_vehicle_count_z,person_count,person_count_neighborhood_mean,person_count_contrast,person_count_z,bbox_area_mean,bbox_area_mean_neighborhood_mean,bbox_area_mean_contrast,bbox_area_mean_z,bbox_area_max,bbox_area_max_neighborhood_mean,bbox_area_max_contrast,bbox_area_max_z,bbox_size_change,bbox_size_change_neighborhood_mean,bbox_size_change_contrast,bbox_size_change_z,track_speed,track_speed_neighborhood_mean,track_speed_contrast,track_speed_z,track_acceleration,track_acceleration_neighborhood_mean,track_acceleration_contrast,track_acceleration_z,relative_motion_score,relative_motion_score_neighborhood_mean,relative_motion_score_contrast,relative_motion_score_z,motion_energy,motion_energy_neighborhood_mean,motion_energy_contrast,motion_energy_z,optical_flow_burst,optical_flow_burst_neighborhood_mean,optical_flow_burst_contrast,optical_flow_burst_z,object_density_change,object_density_change_neighborhood_mean,object_density_change_contrast,object_density_change_z,signal_disagreement,signal_disagreement_neighborhood_mean,signal_disagreement_contrast,signal_disagreement_z,cheap_fused_score,cheap_fused_score_neighborhood_mean,cheap_fused_score_contrast,cheap_fused_score_z,primary_signal_score,primary_signal_score_neighborhood_mean,primary_signal_score_contrast,primary_signal_score_z
u0000,realcartest,0.0,2.0,2000.0,2002.0,30.0,not_used,4.5,2.9388888888888887,1.5611111111111113,1.1849685708591435,0.25,0.05,0.2,1.4770978917519928,0.0030816148973914,0.040250778760647615,-0.037169163863256215,-0.39883339367458553,0.0061014732847818,0.07222452646318468,-0.06612305317840288,-0.4525837950719124,0.0007928220352416,0.022618035000377602,-0.021825212965136002,-0.37691462380588603,0.005956149734285,0.012901000905683933,-0.006944851171398933,-0.9182716455393228,0.0101999607489479,0.01704420858143197,-0.006844247832484071,-0.42051363513869267,0.0062807203147881,0.013698688404503912,-0.007417968089715812,-0.9263176862856726,0.1152132904931319,0.11275176842517644,0.0024615220679554684,0.025535831436153497,0.5,0.3277777777777777,0.17222222222222228,0.5646639604122563,1.75,1.1833333333333333,0.5666666666666667,0.8049733304776432,0.1703652466582824,0.16974659656904895,0.0006186500892334523,0.005889269014521848,0.1829318043307606,0.1914869470264436,-0.008555142695682999,-0.10062596720236752,0.2602739726027397,0.16377473363774733,0.09649923896499238,1.309001258824503
u0001,realcartest,2.0,4.0,2002.0,2004.0,30.0,not_used,3.0,3.052083333333333,-0.05208333333333304,-0.03861378038093955,0.0,0.046875,-0.046875,-0.35603449745815596,0.003129249805961,0.03834606848769549,-0.03521681868173449,-0.3889795406390348,0.0106340213586722,0.07076904193784937,-0.060135020579177176,-0.4247597817854584,0.0010877597917444,0.021302598265606834,-0.020214838473862434,-0.35907360748142775,0.0097877488841504,0.012646021348007056,-0.0028582724638566565,-0.38682324919886074,0.006740420182378,0.016617246080197236,-0.009876825897819236,-0.623316001853389,0.0100669589780689,0.013448604058323,-0.003381645080254101,-0.43276798571927805,0.0841371803457581,0.10797627027928217,-0.02383908993352407,-0.2505453320528904,0.25,0.30729166666666663,-0.05729166666666663,-0.18735791444611843,1.5,1.171875,0.328125,0.48038446141526137,0.1057628336272073,0.1656903012485007,-0.059927467621293404,-0.5822868687159035,0.1379788658804777,0.18917564157638184,-0.05119677569590414,-0.618282685418963,0.1643835616438356,0.16980593607305935,-0.0054223744292237475,-0.07219847662821459
u0002,realcartest,4.0,6.0,2004.0,2006.0,30.0,not_used,2.0,3.137254901960784,-1.1372549019607838,-0.841054604614483,0.0,0.04411764705882353,-0.04411764705882353,-0.3441236008058427,0.0063270352768045,0.0375151892506608,-0.0311881539738563,-0.35482980359100935,0.0107818149367489,0.07550403351246746,-0.06472221857571855,-0.46681337245789284,3.630929959062574e-05,0.020567755108524367,-0.020531445808933742,-0.37537830326762917,0.0267154037227957,0.01307358159662644,0.01364182212616926,1.8510784705604255,0.040471179900528,0.016671836049347452,0.02379934385118055,1.54801983704384,0.0269664757315092,0.014169849570835254,0.012796626160673947,1.577668909692104,0.0310873016913006,0.10736290036815183,-0.07627559867685123,-0.8260253708491088,0.0,0.31862745098039214,-0.31862745098039214,-1.0617287206253019,0.0,1.1764705882352942,-1.1764705882352942,-1.7747130188322275,0.1908310475652606,0.16450089420009234,0.026330153365168252,0.2634125378740146,0.1758310539180715,0.19291372229361023,-0.017082668375538734,-0.2090590926941114,0.1095890410958904,0.1743217835079237,-0.0647327424120333,-0.8623326781538247
u0003,realcartest,6.0,8.0,2006.0,2008.0,30.0,not_used,0.0,3.310185185185185,-3.310185185185185,-2.214089228305404,0.0,0.041666666666666664,-0.041666666666666664,-0.33333333333333337,0.3553934178786474,0.038382443011913236,0.3170109748667342,3.7079709372569476,0.4872130256505624,0.08568857206778334,0.40152445358277905,2.8450208453719252,0.2200449608369191,0.020058976936407916,0.1999859839005112,3.759438982915403,0.0,0.013663023666121883,-0.013663023666121883,-1.8065277472236387,0.0,0.017888995046761707,-0.017888995046761707,-1.1350019402112088,0.0,0.015138618029014192,-0.015138618029014192,-1.7131271117344649,0.3943077561439468,0.10522958962565035,0.28907816651829643,3.205963902399464,1.0,0.31481481481481477,0.6851851851851852,2.3459577123084934,1.5,1.1805555555555556,0.3194444444444444,0.4956850505095478,0.5046738724222157,0.16549329746074354,0.3391805749614722,3.4885173358504664,0.4,0.2000225445469947,0.19997745545300533,2.362499637782476,0.0,0.18366311516996447,-0.18366311516996447,-2.2263542624805264
u0004,realcartest,8.0,10.0,2008.0,2010.0,30.0,not_used,1.3333333333333333,3.5175438596491224,-2.1842105263157894,-1.2844952897730477,0.0,0.039473684210526314,-0.039473684210526314,-0.3234983196103152,0.1663141783608537,0.0386750852721617,0.12763909308869198,1.5336912751271663,0.3964449260988772,0.0944317589135108,0.3020131671853664,2.1225426893812496,0.0974409455589762,0.019370994323989647,0.07806995123498656,1.5054243459543675,0.0262492924122457,0.013561172533958768,0.012688119878286932,1.7206347628498613,0.0656579782958394,0.017695965842627816,0.047962012453211585,3.1219838352951865,0.0293370289029833,0.015131251585847064,0.014205777317136237,1.6516044356257338,0.2950474623261575,0.10270870984833991,0.19233875247781757,2.1754525693979163,0.6666666666666666,0.2982456140350877,0.3684210526315789,1.2580828842892617,2.0,1.1842105263157894,0.8157894736842106,1.3001589781690672,0.2885537181207906,0.16649855243333667,0.12205516568745395,1.2884454346773382,0.3937407179723588,0.2046043736921319,0.1891363442802269,2.234304616630884,0.0730593607305936,0.19490507089641912,-0.12184571016582552,-1.304666027275626
u0005,realcartest,10.0,12.0,2010.0,2012.0,30.0,not_used,3.25,3.6416666666666666,-0.3916666666666666,-0.2246490692465877,0.0,0.0375,-0.0375,-0.3144854510165755,0.0088712459545961,0.038577351420387054,-0.029706105465790954,-0.366211656582948,0.0222072665662805,0.09878112294019628,-0.07657385637391578,-0.5470523182928511,0.0019151429815536,0.018587434982289264,-0.016672292000735663,-0.32909351348122234,0.0157955556050176,0.01397308416750292,0.0018224714375146816,0.24600574466882164,0.0200561696225344,0.018176362082736337,0.0018798075397980646,0.12433091919115817,0.0179647885467996,0.015802717214829266,0.0021620713319703347,0.24348632407423584,0.0742988267380258,0.0997327377739325,-0.025433911035906698,-0.2918559874136285,0.25,0.2833333333333333,-0.033333333333333326,-0.11386818846191438,0.75,1.175,-0.42500000000000004,-0.6934444639808037,0.106390332354834,0.16651522697130994,-0.06012489461647594,-0.6511818052788849,0.1629435153639091,0.2081587867023659,-0.04521527133845679,-0.5385991989657516,0.1780821917808219,0.20159817351598175,-0.02351598173515984,-0.24601263654830718
u0006,realcartest,12.0,14.0,2012.0,2014.0,30.0,not_used,4.5,3.7420634920634916,0.7579365079365084,0.43072237655262463,0.0,0.03571428571428571,-0.03571428571428571,-0.3061862178478973,0.0055111965255075,0.037929334399351,-0.0324181378738435,-0.40924024590747643,0.0110611788730279,0.09785800497130225,-0.08679682609827434,-0.635109486579655,0.0009227280002057,0.017864967063769298,-0.016942239063563597,-0.3419511447004709,0.0177440331724183,0.01399927475257429,0.003744758419844011,0.5179000901155342,0.0122067525140293,0.017685150784335725,-0.0054783982703064255,-0.3672428007903716,0.018375075094659,0.015925929562900978,0.002449145531758023,0.2820574489690483,0.058318415146692,0.09674830040621284,-0.03842988525952084,-0.4464119115921989,0.0,0.2698412698412698,-0.2698412698412698,-0.9241655747779878,1.25,1.1547619047619047,0.09523809523809534,0.15743883520883054,0.1216453364341235,0.16452202997559295,-0.04287669354146946,-0.47353179302344406,0.1826169721798992,0.20806118599210585,-0.025444213812206656,-0.3105689859828054,0.2465753424657534,0.20700152207001524,0.039573820395738174,0.4106709780595658
u0007,realcartest,14.0,16.0,2014.0,2016.0,30.0,not_used,3.0,3.7196969696969693,-0.7196969696969693,-0.4178741886636131,0.5,0.03409090909090909,0.46590909090909094,4.079652479860956,0.0043938586115661,0.039438704083886486,-0.03504484547232038,-0.4510125284555809,0.0107001080084484,0.10770411801358785,-0.09700401000513946,-0.6882651868556903,0.0010824968643796,0.018486833733259652,-0.01740433686888005,-0.3589228783278004,0.0145355927548789,0.013856984245812172,0.0006786085090667287,0.09565353058359691,0.0098493363024078,0.017198657401685684,-0.0073493210992778835,-0.4984554571180921,0.0148710796384994,0.015780658863053153,-0.000909579224553753,-0.10688878983695814,0.1146714146783757,0.09755517687237479,0.01711623780600091,0.2033093774084616,0.5,0.2803030303030303,0.21969696969696972,0.7594850612744399,1.5,1.1704545454545454,0.3295454545454546,0.5535117231700727,0.1494444895602731,0.1654611180255162,-0.0160166284652431,-0.18083704290653596,0.1859844596281586,0.21019032053329595,-0.02420586090513735,-0.30018472259306067,0.1917808219178082,0.2056870070568701,-0.013906185139061888,-0.14740377063668036
u0008,realcartest,16.0,18.0,2016.0,2018.0,30.0,not_used,2.75,3.7427536231884058,-0.9927536231884058,-0.58816161914806,0.0,0.03260869565217391,-0.03260869565217391,-0.29138575870717914,0.0050246798520078,0.04384274362048862,-0.03881806376848082,-0.4929148655141958,0.009919134895619,0.11875324873805064,-0.10883411384243163,-0.7390486853046873,0.0005485017657266,0.018749583082576314,-0.018201081316849714,-0.3836602788625019,0.0150870405608315,0.013868673401321968,0.001218367159509532,0.17558964765775426,0.0237798470319138,0.01739939584346062,0.006380451188453182,0.4415290693373816,0.0160653585959548,0.01590651663216676,0.00015884196378804227,0.01903792809753323,0.0609338142525312,0.09573324222253675,-0.03479942797000555,-0.4203849940216386,0.25,0.2789855072463768,-0.028985507246376774,-0.10242950394631664,0.75,1.141304347826087,-0.3913043478260869,-0.6542211277663325,0.1131783505753556,0.16691157363980594,-0.053733223064450344,-0.6184099055940396,0.1440850101597137,0.21308113830325373,-0.06899612814354003,-0.8622228062381048,0.1506849315068493,0.2068691681556482,-0.0561842366487989,-0.6078337956436803
u0009,realcartest,18.0,20.0,2018.0,2020.0,30.0,not_used,1.75,3.763888888888889,-2.013888888888889,-1.2165131616804254,0.0,0.03125,-0.03125,-0.28474739872574967,0.0062201088870686,0.0463451321582676,-0.040125023271199,-0.5142754434973809,0.0104493799770177,0.12938545259989967,-0.11893607262288197,-0.777797993506952,0.003802869329652,0.018716634264368783,-0.014913764934716783,-0.3211264888121304,0.0193464614842476,0.013613192105130095,0.005733269379117504,0.8306385177004646,0.0183199457583071,0.01727063571815504,0.00104931004015206,0.07410373198715373,0.0200274446844164,0.015659327040036097,0.004368117644380304,0.5292532979825807,0.0531749200821576,0.09413816809817536,-0.040963248016017764,-0.5032511473532979,0.0,0.2673611111111111,-0.2673611111111111,-0.9461573069017613,0.75,1.125,-0.375,-0.6348110542727385,0.1041033761955036,0.16891828258973396,-0.06481490639423036,-0.7571607031787351,0.1355410136432199,0.21507432764282866,-0.07953331399960875,-1.0078039528594644,0.0958904109589041,0.20795281582952815,-0.11206240487062405,-1.2363940289076527
u0010,realcartest,20.0,22.0,2020.0,2022.0,30.0,not_used,4.5,3.763333333333333,0.7366666666666668,0.45416754618842115,0.0,0.03,-0.03,-0.2785430072655778,0.0038358609813048,0.04921287753152312,-0.04537701655021832,-0.5838052752014923,0.0110813249885298,0.1391931093111706,-0.1281117843226408,-0.8142349476276451,0.0022624925984621,0.018542719078562662,-0.016280226480100562,-0.35771532618122265,0.0156896032369383,0.01332164930406856,0.002367953932869739,0.3425876604423298,0.0225992431317932,0.016989695285304016,0.005609547846489184,0.40234812689335125,0.0166347311836964,0.015370375860855417,0.0012643553228409848,0.1540099214173232,0.1145357920602983,0.09244004765787847,0.022095744402419834,0.27555827170088637,0.5,0.26666666666666666,0.23333333333333334,0.8427009716003844,3.0,1.1,1.9,3.211586167968363,0.1976839353172316,0.17066837907087826,0.02701555624635335,0.3204307493186564,0.2183258359016359,0.21627597624757933,0.002049859654056574,0.026433853465331836,0.2465753424657534,0.20785388127853882,0.03872146118721459,0.43602020377234724
u0011,realcartest,22.0,24.0,2022.0,2024.0,30.0,not_used,4.75,3.849358974358974,0.900641025641026,0.5466212312021218,0.0,0.028846153846153848,-0.028846153846153848,-0.27272727272727276,0.0041886560842648,0.05030542034693032,-0.04611676426266552,-0.6035245368884925,0.0151085621571307,0.14746454775960655,-0.13235598560247586,-0.8286152155417462,0.0010663422469969,0.018500663879935285,-0.017434321632938385,-0.3906555584829238,0.0063763584622771,0.01362975258786562,-0.007253394125588519,-1.0435626462490502,0.0059933848669818,0.017306387714970714,-0.011313002847988914,-0.8220059999718384,0.0067617939502995,0.01574958911962905,-0.00898779516932955,-1.0867392708661405,0.0476090434476675,0.09274563008009831,-0.045136586632430815,-0.5739422777052593,0.0,0.266025641025641,-0.266025641025641,-0.9797304796397458,0.75,1.1057692307692308,-0.35576923076923084,-0.6125122691037999,0.1041461402712131,0.1714161854046545,-0.0672700451334414,-0.8128584906942332,0.1420411962608079,0.22112079318244415,-0.07907959692163624,-0.9908963360540083,0.2602739726027397,0.21250439058658238,0.04776958201615733,0.5299899252440206
u0012,realcartest,24.0,26.0,2024.0,2026.0,30.0,not_used,2.5,3.9104938271604937,-1.4104938271604937,-0.8565956481422606,0.0,0.027777777777777776,-0.027777777777777776,-0.26726124191242434,0.0095764913834684,0.051478562087554885,-0.04190207070408648,-0.5570436518333564,0.0199114732752463,0.15631311917429447,-0.13640164589904816,-0.8362547559453742,0.0030986599831697,0.018357221472088122,-0.015258561488918422,-0.34836714872140595,0.0034106134872677,0.013904643566737308,-0.010494030079469608,-1.5070671695158795,0.0050237551546939,0.01763251274419641,-0.01260875758950251,-0.9266103444164259,0.0039307277070809,0.01613336362495923,-0.012202635917878332,-1.4616718822254853,0.0706844791433984,0.09209427408075203,-0.021409794937353635,-0.27716947479679577,0.25,0.26543209876543206,-0.015432098765432056,-0.05791289963549589,0.75,1.1111111111111112,-0.36111111111111116,-0.6328300985646061,0.0840731666094523,0.1727133515258348,-0.08864018491638251,-1.0878860394922456,0.1007927293177385,0.22538719596802,-0.12459446665028151,-1.5329105506937382,0.136986301369863,0.21579570438017928,-0.07880940301031628,-0.8754049169219502
u0013,realcartest,26.0,28.0,2026.0,2028.0,30.0,not_used,2.25,3.958333333333333,-1.708333333333333,-1.044244100688095,0.0,0.026785714285714284,-0.026785714285714284,-0.26211121699831136,0.0114623667266475,0.05078942339547295,-0.03932705666882545,-0.5317807489984829,0.0272897507616729,0.1594671734029754,-0.1321774226413025,-0.820940638173183,0.0015040431845672,0.01821537208950472,-0.016711328904937522,-0.3884793710710507,0.0096416539984024,0.014481769955473182,-0.004840115957070781,-0.64824961705827,0.0062541039663844,0.017743685653440824,-0.011489581687056424,-0.8590545328173467,0.0104954286955187,0.01719694659269098,-0.0067015178971722815,-0.6778225912062235,0.116195760682631,0.09305513750664589,0.023140623175985114,0.3044151751947762,0.75,0.2738095238095238,0.4761904761904762,1.7951484354608012,0.5,1.1517857142857142,-0.6517857142857142,-1.0883406825112976,0.2136534104799945,0.17311996636190102,0.04053344411809348,0.5064213696153874,0.1700306829444334,0.22991665680281934,-0.05988597385838593,-0.7196723569063996,0.1232876712328767,0.21836268754076976,-0.09507501630789306,-1.0634242904755484
u0014,realcartest,28.0,30.0,2028.0,2030.0,30.0,not_used,4.0,4.011494252873563,-0.011494252873562871,-0.0070433670158267766,0.0,0.02586206896551724,-0.02586206896551724,-0.25724787771376323,0.0104317201836246,0.04939143154991497,-0.03895971136629037,-0.5333817395719264,0.0344644561151546,0.15589455508528824,-0.12143009897013364,-0.7621179923024425,0.0036644505284786,0.01764783605606053,-0.01398338552758193,-0.32998632265963135,0.0071795060695028,0.014451577524689077,-0.007272071455186277,-0.990972665408484,0.0085110512447406,0.01774033538579606,-0.009229284141055462,-0.7022700082934481,0.0077027140432845,0.01716825111913669,-0.009465537075852189,-0.9742155578644418,0.0610610691455742,0.09118983591293416,-0.030128766767359955,-0.3998836242185485,0.0,0.264367816091954,-0.264367816091954,-0.9961237887828661,1.0,1.1379310344827587,-0.13793103448275867,-0.2325935218518322,0.0916936923439968,0.1715185845522514,-0.07982489220825462,-1.00913798877638,0.1394603478954685,0.22864563966159035,-0.08918529176612186,-1.0870729649674324,0.2191780821917808,0.221225003936388,-0.0020469217446071886,-0.022961533067255502
u0015,realcartest,30.0,32.0,2030.0,2032.0,30.0,not_used,4.75,4.028735632183908,0.7212643678160919,0.4398975383803835,0.0,0.017241379310344827,-0.017241379310344827,-0.18898223650461357,0.0097754143934137,0.04991230324104719,-0.04013688884763349,-0.5516031992862385,0.0489367740578197,0.15912095719470565,-0.11018418313688594,-0.7009191343391875,0.0015710472440454,0.017777881009923106,-0.016206833765877705,-0.3828733684445601,0.0088213279828539,0.014937377450114421,-0.006116049467260522,-0.8464783297401741,0.0102128085616762,0.017988269250523364,-0.007775460688847163,-0.5951331229811316,0.0096973388656093,0.017744731078929918,-0.008047392213320619,-0.8428822921977848,0.0363437980908679,0.08891664565305267,-0.05257284756218477,-0.6956027289342835,0.0,0.24712643678160917,-0.24712643678160917,-0.9298519973442884,1.0,1.103448275862069,-0.10344827586206895,-0.1767000192161281,0.104845871440277,0.17001971368553617,-0.06517384224525917,-0.8195861741742684,0.1545060598254561,0.2299524194723644,-0.0754463596469083,-0.9245449622117048,0.2602739726027397,0.22169737049283575,0.03857660210990396,0.4315668316557306
u0016,realcartest,32.0,34.0,2032.0,2034.0,30.0,not_used,4.5,4.123563218390805,0.37643678160919514,0.2272053628396224,0.0,0.017241379310344827,-0.017241379310344827,-0.18898223650461357,0.0242211214581057,0.05023863060738829,-0.02601750914928259,-0.35849384416333413,0.1512638987063568,0.16184590225241907,-0.010582003546062285,-0.06815000951862535,0.0088102645952049,0.017886031710004965,-0.009075767114800065,-0.21460434391373934,0.0199145455745366,0.015518636348845826,0.004395909225690775,0.5891222381116957,0.0175452755557509,0.01852596364739951,-0.0009806880916486092,-0.0759571618111184,0.0257097777710313,0.018449651680157216,0.007260126090874085,0.7478576853458929,0.0975489817900663,0.08819601682465071,0.009352964965415586,0.12351963125397412,0.5,0.23850574712643677,0.2614942528735632,0.9700632594180274,1.25,1.0862068965517242,0.1637931034482758,0.2819847841678742,0.1454703814255585,0.17183635300852085,-0.02636597158296236,-0.335323369106943,0.2527230137692644,0.23439639447163835,0.01832661929762608,0.2291778440444514,0.2465753424657534,0.22689340261376165,0.019681939851991764,0.21801036009847316
u0017,realcartest,34.0,36.0,2034.0,2036.0,30.0,not_used,6.25,4.278735632183908,1.971264367816092,1.1865209615098222,0.0,0.017241379310344827,-0.017241379310344827,-0.18898223650461357,0.0531257569532046,0.05017625555123954,0.0029495014019650587,0.040619482072481033,0.2588257275081533,0.16200754279207488,0.09681818471607842,0.6241495112491197,0.0114097480104282,0.01792781200066754,-0.0065180639902393395,-0.15418744527247794,0.0236835388475444,0.015082225888942554,0.008601312958601845,1.201620413509562,0.038580698002804,0.017561285852318212,0.021019412150485785,1.7138731672716085,0.0316076818180561,0.01804264578012412,0.01356503603793198,1.414646513665766,0.0689633070031253,0.08858226402389006,-0.01961895702076477,-0.26000427427509665,0.25,0.23850574712643677,0.011494252873563232,0.04264014327112214,1.25,1.1206896551724137,0.1293103448275863,0.23776598435559068,0.1823641528918138,0.17029336582645854,0.012070787065355248,0.15341690923569656,0.320872522854531,0.23541152268265164,0.08546100017187935,1.076311082353946,0.3424657534246575,0.23539600062982208,0.10706975279483544,1.1838392748666982
u0018,realcartest,36.0,38.0,2036.0,2038.0,30.0,not_used,7.25,4.425287356321839,2.8247126436781613,1.9457908896767486,0.0,0.017241379310344827,-0.017241379310344827,-0.18898223650461357,0.0439426459566341,0.03814688580119882,0.00579576015543528,0.1302084539794004,0.251809122136605,0.14718941559540957,0.10461970654119543,0.7294061560513146,0.0069873073004608,0.010436321172667665,-0.003449013872206865,-0.18981280073252713,0.0117278521550227,0.015469549689647095,-0.0037416975346243955,-0.5656561672678807,0.0142214401682178,0.018012425229141794,-0.003790985060923995,-0.3200927495652094,0.0149986556088388,0.018446998147964334,-0.0034483425391255342,-0.380955250373749,0.0573328738567521,0.07610980610397228,-0.018776932247220178,-0.3814514787242786,0.0,0.2040229885057471,-0.2040229885057471,-0.8825495430404402,1.25,1.0862068965517242,0.1637931034482758,0.29760245759640325,0.1845931419400132,0.1562412675034401,0.028351874436573082,0.5883814524408962,0.2870772983046019,0.2268651381039429,0.060212160200658976,0.8092194055868436,0.3972602739726027,0.24342623208943473,0.153834041883168,1.952922284266576
u0019,realcartest,38.0,40.0,2038.0,2040.0,30.0,not_used,6.0,4.551724137931035,1.4482758620689653,1.087612178796693,0.0,0.017241379310344827,-0.017241379310344827,-0.18898223650461357,0.0367204082366688,0.03341081443654841,0.003309593800120386,0.08860159187166983,0.1814190394472205,0.14111795016488676,0.040301089282333724,0.29567672758912295,0.003699807489982,0.007645367691652814,-0.0039455602016708145,-0.49858770601187347,0.0217994052048418,0.015009387617597961,0.006790017587243839,1.076782883055271,0.0273038906447982,0.016273039996500406,0.011030850648297792,1.4332915163744635,0.0285605641654911,0.017994548650194703,0.010566015515296397,1.1978011158298378,0.0431892683601917,0.06982821514347538,-0.026638946783283685,-0.9554348457818733,0.0,0.1896551724137931,-0.1896551724137931,-0.8849697853800426,1.0,1.0775862068965518,-0.07758620689655182,-0.14426337681843798,0.1668320431928022,0.1509970527796712,0.015834990413130995,0.3835800966563071,0.2756926338968114,0.22212425816503292,0.0535683757317785,0.7912378670669451,0.3287671232876712,0.2503542749173358,0.07841284837033541,1.088624065867788
u0020,realcartest,40.0,42.0,2040.0,2042.0,30.0,not_used,5.75,4.586206896551724,1.1637931034482758,0.8882347881956881,0.0,0.017241379310344827,-0.017241379310344827,-0.18898223650461357,0.0249689939786298,0.03473519695440396,-0.009766202975774161,-0.2629537439308725,0.0793956455934218,0.14829654090820094,-0.06890089531477914,-0.5091396378643162,0.00341560869337,0.0077946288022984235,-0.0043790201089284235,-0.5582277126125333,0.0145230864540017,0.015063963597287662,-0.0005408771432859616,-0.08559211945094065,0.0078609248163235,0.016384851084135423,-0.008523926267811923,-1.0965389975952917,0.0183901765243352,0.01815778933821386,0.00023238718612134113,0.02622045685298499,0.0370595530518196,0.0682979279264868,-0.0312383748746672,-1.0847804738060907,0.0,0.1810344827586207,-0.1810344827586207,-0.8353351483845165,0.75,1.0689655172413792,-0.3189655172413792,-0.5853140973807076,0.1246580900612533,0.15268984171740407,-0.02803175165615078,-0.6935861076763765,0.2061091717869056,0.22458760394048122,-0.018478432153575614,-0.27663378140945355,0.3150684931506849,0.252243741143127,0.06282475200755794,0.8871399342032584
u0021,realcartest,42.0,44.0,2042.0,2044.0,30.0,not_used,3.25,4.577586206896552,-1.3275862068965516,-1.0121945252972104,0.0,0.017241379310344827,-0.017241379310344827,-0.18898223650461357,0.0711354674591317,0.035338360411621986,0.03579710704750971,0.9727112077865845,0.3144724919015856,0.15194932849353532,0.1625231634080503,1.222126913169876,0.0315460337925571,0.0079661712809021,0.023579862511654996,3.0440821026720624,0.0108688836038077,0.015119366339056028,-0.004250482735248329,-0.6694237639563233,0.0069822963660348,0.01654372880562402,-0.009561432439589219,-1.2363740822591016,0.0127299741662488,0.018406949989528923,-0.005676975823280124,-0.6331396203049907,0.1144995826617757,0.06744827394486737,0.04705130871690834,1.5984658193922834,0.5,0.1810344827586207,0.31896551724137934,1.4717809757251004,1.5,1.043103448275862,0.4568965517241379,0.8255091205449292,0.1851819670739043,0.15269582895623507,0.03248613811766923,0.8038916665889576,0.2549021458982879,0.22542877871732284,0.029473367180965077,0.4437681958464172,0.1780821917808219,0.2517713745866792,-0.07368918280585729,-1.0393534922336003
u0022,realcartest,44.0,46.0,2044.0,2046.0,30.0,not_used,4.25,4.603448275862069,-0.3534482758620694,-0.2745439962608555,0.0,0.0,0.0,0.0,0.1407316134257356,0.0357005710504891,0.10503104237524649,2.8739542834818184,0.3618341246762321,0.1537672824824613,0.2080668421937708,1.5835661314965317,0.0245300687675429,0.008072181019072717,0.016457887748470183,2.14522199195812,0.0141258348225375,0.015299184233847678,-0.0011733494113101775,-0.18322153599183008,0.0218156415625092,0.017068677776165306,0.004746963786343893,0.6103242495325889,0.0186753875526661,0.018767487331834226,-9.209977916812759e-05,-0.010202737730456343,0.0556506799260997,0.06794416528689255,-0.012293485360792854,-0.40526964012885774,0.25,0.1810344827586207,0.06896551724137931,0.318222913670292,0.5,1.0689655172413792,-0.5689655172413792,-0.9635293180817431,0.1988215971541804,0.15329296159171577,0.04552863556246464,1.1245385499087843,0.2766791292423251,0.22715072660222885,0.049528402640096225,0.7502337316811478,0.2328767123287671,0.25224374114312703,-0.01936702881435992,-0.2745439962608549
u0023,realcartest,46.0,48.0,2046.0,2048.0,30.0,not_used,4.25,4.672413793103448,-0.4224137931034484,-0.3409525898695916,0.0,0.0,0.0,0.0,0.1039000685271842,0.036549219925458135,0.06735084860172606,1.8653258020216614,0.3739261414224273,0.156882982319668,0.21704315910275931,1.6826003738840964,0.0179588114455956,0.00828020990684069,0.00967860153875491,1.2826463439338411,0.007737122292717,0.015573962442163974,-0.007836840149446973,-1.194987069874598,0.0143091528361267,0.01709915385341882,-0.002790001017292121,-0.3574316055612728,0.0099739664210309,0.019073157410950874,-0.009099190989919974,-1.002089387770318,0.0574514632378636,0.0692550515185437,-0.011803588280680108,-0.3829804910642729,0.0,0.1810344827586207,-0.1810344827586207,-0.8353351483845165,0.75,1.0862068965517242,-0.3362068965517242,-0.5715551222165355,0.2150725884380773,0.15363307504367413,0.06143951339440318,1.5287865318118086,0.2609176824530516,0.23060793467445465,0.030309747778596935,0.4722888544835421,0.2328767123287671,0.2560226735947094,-0.023145961265942316,-0.3409525898695907
u0024,realcartest,48.0,50.0,2048.0,2050.0,30.0,not_used,3.75,4.7844827586206895,-1.0344827586206895,-0.9321671276903168,0.0,0.0,0.0,0.0,0.1180387664896555,0.03748943901077477,0.08054932747888073,2.2590082415258306,0.3745768703816726,0.15979488746002968,0.2147819829216429,1.6967428089272936,0.0143687546192158,0.008262039725094306,0.006106714894121493,0.8080666432691314,0.0063246220785917,0.01577580969448286,-0.009451187615891157,-1.398491132973808,0.0102471248968795,0.01705394186497152,-0.006806816968092022,-0.8724131071175684,0.0084355475605191,0.019401422173126542,-0.010965874612607443,-1.181834204901704,0.0516851570907534,0.06805363401032129,-0.016368476919567887,-0.5102839168213064,0.25,0.1810344827586207,0.06896551724137931,0.318222913670292,0.5,1.0689655172413792,-0.5689655172413792,-0.9405565526628943,0.2126706946183418,0.1551167430319091,0.0575539515864327,1.4715045349060596,0.2451155427615947,0.2338852191469937,0.011230323614600995,0.18227081241707463,0.2054794520547945,0.2621634388285309,-0.05668398677373637,-0.9321671276903163
u0025,realcartest,50.0,52.0,2050.0,2052.0,30.0,not_used,6.0,4.810344827586207,1.1896551724137927,1.0702499058916042,0.0,0.0,0.0,0.0,0.0776189907321106,0.03823996895784137,0.039379021774269225,1.119791959059277,0.3542505089705055,0.16131981332762563,0.19293069564287985,1.542937668811867,0.0174492839142508,0.008263542408053113,0.009185741506197687,1.2156878660762482,0.0213323346827921,0.015723409644179537,0.005608925038612562,0.829172459578978,0.0252236984566382,0.01667978141509653,0.008543917041541668,1.0971254925559315,0.0252299205889699,0.01938884562285554,0.00584107496611436,0.6292445273163128,0.1003851906355942,0.06459418580425798,0.03579100483133622,1.1085327810232077,0.25,0.16379310344827586,0.08620689655172414,0.4096159602595203,1.25,0.9741379310344828,0.27586206896551724,0.5500913313380231,0.1901113437490599,0.15240440120280324,0.03770694254625667,0.9720188673704865,0.3422412165540647,0.23248701193386642,0.10975420462019828,1.7587232918695135,0.3287671232876712,0.26358053849787433,0.06518658478979689,1.0702499058916048
u0026,realcartest,52.0,54.0,2052.0,2054.0,30.0,not_used,5.5,4.818965517241379,0.681034482758621,0.6124215020342172,0.0,0.0,0.0,0.0,0.0819802473437933,0.03883184087982537,0.043148406463967934,1.2423949812836534,0.3863759759561799,0.1624223743346636,0.22395360162151629,1.8077881688598325,0.0146277188680619,0.008267093221132605,0.006360625646929295,0.8421720794033225,0.0210518090174012,0.015802508262964206,0.005249300754436994,0.7873036607225143,0.0261117635040644,0.016668435690612382,0.009443327813452019,1.210166074056303,0.0261115007635439,0.01949392313355648,0.006617577629987419,0.7227960457542923,0.0751590180977487,0.06336163207122608,0.011797386026522624,0.35144177976920926,0.25,0.16379310344827586,0.08620689655172414,0.4096159602595203,1.25,0.9568965517241379,0.2931034482758621,0.5666666666666668,0.2064396706765224,0.15248442231983927,0.05395524835668314,1.3943712024433343,0.3363136683929922,0.23271045440569504,0.10360321398729716,1.668538677520285,0.3013698630136986,0.26405290505432216,0.03731695795937645,0.6124215020342164
u0027,realcartest,54.0,56.0,2054.0,2056.0,30.0,not_used,5.25,4.879310344827586,0.3706896551724137,0.36026492817836353,0.0,0.0,0.0,0.0,0.032182678709261,0.03957797189687445,-0.00739529318761345,-0.21545831172343896,0.2446266375773605,0.16497339014131007,0.07965324743605043,0.6547007032219889,0.0143854387597529,0.00831167228798529,0.006073766471767611,0.8070621133851137,0.0300641824513418,0.015962832627681195,0.014101349823660604,2.196881479882838,0.0207453542030401,0.01676138345184337,0.00398397075119673,0.5188042547107,0.0459136867214483,0.0196726803294517,0.0262410063919966,2.9494649521325145,0.1189984500057803,0.06225961500118696,0.05673883500459334,1.6769976516221448,0.5,0.15517241379310345,0.3448275862068966,1.627576917542319,2.25,0.9482758620689655,1.3017241379310345,2.4905151959465095,0.1840985669356895,0.15274396272727178,0.03135460420841771,0.8195549451678256,0.3522120993424013,0.2345006049447634,0.11771149439763787,1.9974456324842151,0.2876712328767123,0.2673594709494568,0.020311761927255534,0.36026492817836336
u0028,realcartest,56.0,58.0,2056.0,2058.0,30.0,not_used,5.5,4.991379310344827,0.5086206896551726,0.5613195635516177,0.0,0.0,0.0,0.0,0.0102476598742914,0.04061873520133704,-0.030371075327045638,-0.8956285466691856,0.0558612421900474,0.16765791272616984,-0.11179667053612244,-0.9360503943853479,0.0017568271196232,0.008452271248592989,-0.006695444128969789,-0.9005528581304459,0.0136061894627341,0.016269439415505432,-0.002663249952771332,-0.4213232192183392,0.0176465278917427,0.017367666923575494,0.00027886096816720496,0.037092333981378886,0.0163647778596165,0.020077411294850543,-0.003712633435234043,-0.42499606650007576,0.0389613912890057,0.05942382722295077,-0.020462435933945068,-0.6273234075875611,0.0,0.12931034482758622,-0.12931034482758622,-0.7134772412317412,0.75,0.9482758620689655,-0.19827586206896552,-0.3793499967335743,0.1266798938820621,0.15018030190274573,-0.023500408020683622,-0.6430858084330233,0.1930571597071788,0.2363428470418202,-0.043285687334641415,-0.750065393878569,0.3013698630136986,0.27350023618327823,0.02786962683042038,0.5613195635516172
u0029,realcartest,58.0,60.0,2058.0,2060.0,30.0,not_used,5.0,4.991379310344827,0.008620689655172598,0.009513890907654738,0.0,0.008620689655172414,-0.008620689655172414,-0.18898223650461357,0.0181868939402256,0.04159371674589884,-0.023406822805673237,-0.7001429489806063,0.0996671344578858,0.16919877347014578,-0.06953163901225998,-0.5893230612829473,0.0045641256972563,0.008559314316732361,-0.003995188619476061,-0.5408180165823228,0.02004434757162,0.017137961700019907,0.0029063858716000916,0.4318754450971274,0.0173900428260396,0.017818645639520077,-0.0004286028134804776,-0.05820322271668565,0.0229986391487917,0.021176896244010607,0.0018217429047810915,0.20002377897362866,0.0492907729565688,0.05983908671741651,-0.010548313760847708,-0.32244669323001524,0.0,0.12931034482758622,-0.12931034482758622,-0.7134772412317412,0.75,0.9396551724137931,-0.18965517241379315,-0.36206941027214834,0.126897991523541,0.1523683342207592,-0.025470342697218207,-0.7311601663035275,0.220828418843207,0.24069726936432015,-0.019868850521113146,-0.36169887470752604,0.273972602739726,0.273972602739726,0.0,0.0
u0030,realcartest,60.0,62.0,2060.0,2062.0,30.0,not_used,5.75,5.008620689655173,0.7413793103448274,0.8181946180582897,0.0,0.017241379310344827,-0.017241379310344827,-0.2721655269759087,0.0125927434298529,0.04240734581153255,-0.02981460238167965,-0.9053770946815805,0.0896574280323621,0.1709786818123161,-0.081321253779954,-0.6978065029427588,0.0042241300941183,0.008704058584683889,-0.004479928490565588,-0.614578049412599,0.0266442569473611,0.017727085606140624,0.008917171341220477,1.3262394337537737,0.0223335576917862,0.018840158088532434,0.0034933996032537676,0.4239306967988241,0.0305096564136605,0.021854323327479098,0.008655333086181403,0.9662158399692661,0.0632389443221014,0.06192169363879327,0.0013172506833081382,0.039830028559899346,0.0,0.12931034482758622,-0.12931034482758622,-0.7134772412317412,1.0,0.9396551724137931,0.06034482758620685,0.11520390326841072,0.1584453739937628,0.15479666786517332,0.003648706128589474,0.10769645902695998,0.2668541408594236,0.24505057187240845,0.02180356898701516,0.4122159242937479,0.3150684931506849,0.2753897024090694,0.03967879074161551,0.8036897700169386
u0031,realcartest,62.0,64.0,2062.0,2064.0,30.0,not_used,6.5,5.068965517241379,1.431034482758621,1.5416700662156542,0.0,0.017241379310344827,-0.017241379310344827,-0.2721655269759087,0.0045181586484907,0.04295325801748255,-0.03843509936899185,-1.173399551374909,0.0154693905867666,0.1698689166203952,-0.15439952603362858,-1.321081181573694,0.0012479377288053,0.008455892359791068,-0.007207954630985768,-0.9736247489973017,0.0140595003856009,0.01755547261883482,-0.00349597223323392,-0.5195273698580293,0.0124955238431705,0.01867019942599179,-0.006174675582821289,-0.7425114237008024,0.0151633046305495,0.021574785189387116,-0.006411480558837616,-0.7155843719221507,0.0422884704692417,0.06019909098616285,-0.017910620516921147,-0.5516612539860263,0.0,0.1206896551724138,-0.1206896551724138,-0.7144345083117603,1.0,0.9051724137931034,0.09482758620689657,0.17723502299170502,0.1460844192854544,0.15442097350774098,-0.008336554222286574,-0.24489818467774155,0.2052697720374562,0.24429372665887783,-0.039023954621421636,-0.7371999018697205,0.3561643835616438,0.278696268304204,0.0774681152574398,1.533179050323083
u0032,realcartest,64.0,66.0,2064.0,2066.0,30.0,not_used,4.25,5.094827586206897,-0.8448275862068968,-0.8707070248262508,0.0,0.017241379310344827,-0.017241379310344827,-0.27216552697590873,0.0065416951274666,0.04270227225751719,-0.03616057713005059,-1.1056834381737723,0.0574873369472684,0.1674338844419759,-0.1099465474947075,-0.9500687185814787,0.0027917268249226,0.00837051706359771,-0.005578790238675109,-0.7556358937729288,0.0112323902204317,0.01723311098568746,-0.006000720765255761,-0.902184611232862,0.0130830419278839,0.017830695123041664,-0.004747653195157764,-0.6375225553508538,0.0117262186673662,0.02107439080345211,-0.009348172136085908,-1.0636120121197907,0.0326064764663306,0.05927525581131792,-0.02666877934498732,-0.8184341329161511,0.0,0.11206896551724138,-0.11206896551724138,-0.6651378631256463,0.5,0.8793103448275862,-0.3793103448275862,-0.7078383972965656,0.097163021054681,0.1537251730925475,-0.05656215203786649,-1.6800576684939925,0.1521548472174472,0.24230519557888255,-0.09015034836143535,-1.7651735801502253,0.2328767123287671,0.28011336797354747,-0.047236655644780356,-0.8942841169862038
u0033,realcartest,66.0,68.0,2066.0,2068.0,30.0,not_used,5.0,5.051724137931035,-0.0517241379310347,-0.057554122325751356,0.0,0.017241379310344827,-0.017241379310344827,-0.2721655269759087,0.0289681087859919,0.0434996818979062,-0.0145315731119143,-0.4402795442352016,0.2203724286137178,0.16781494415870604,0.052557484455011766,0.45300420930604146,0.0165032946095456,0.008267809633878657,0.008235484975666943,1.1095970543969362,0.0129045923228208,0.017509112927320606,-0.004604520604499805,-0.6994705096048772,0.0152158065492391,0.017726949961725302,-0.002511143412486202,-0.334052154197796,0.016215993467664,0.02143545552549346,-0.005219462057829461,-0.5967115532398859,0.1128813244717479,0.05838287403229537,0.05449845043945253,1.652565112946508,0.25,0.11206896551724138,0.13793103448275862,0.8186312161546414,1.75,0.853448275862069,0.896551724137931,1.6743730595542063,0.1364714911314924,0.1536169993472676,-0.017145508215775207,-0.5107033318170128,0.2562551997439705,0.24229311579481957,0.01396208394915091,0.27343870223259503,0.273972602739726,0.2777515351913084,-0.003778932451582395,-0.07725232952480124
u0034,realcartest,68.0,70.0,2068.0,2070.0,30.0,not_used,4.25,5.0344827586206895,-0.7844827586206895,-0.886382323993673,0.0,0.017241379310344827,-0.017241379310344827,-0.27216552697590873,0.047278338972407,0.044253655395886014,0.003024683576520984,0.09140367413755236,0.230386398122391,0.1705904831947469,0.059795914927644106,0.5099074129914858,0.0062437151902763,0.008870389296991315,-0.0026266741067150143,-0.33981505321706856,0.0173782590160189,0.0174386957799201,-6.043676390119976e-05,-0.009230618929976616,0.0232986911639499,0.01751193709905456,0.005786754064895337,0.7897864878351264,0.0226987684993553,0.021324269981765336,0.0013744985175899657,0.15842587348151296,0.0299204974453567,0.0595650179811741,-0.029644520535817398,-0.897593053291883,0.0,0.11206896551724138,-0.11206896551724138,-0.6651378631256463,0.5,0.8706896551724138,-0.3706896551724138,-0.6766830502314434,0.1554812115490876,0.15349737814700132,0.0019838334020862713,0.059163805594956514,0.2343805428519091,0.2428622296196442,-0.008481686767735114,-0.16462864569729926,0.2328767123287671,0.2768068020784128,-0.043930089749645684,-0.9117647058823521
u0035,realcartest,70.0,72.0,2070.0,2072.0,30.0,not_used,4.25,5.008620689655173,-0.7586206896551726,-0.8673424255926557,0.0,0.017241379310344827,-0.017241379310344827,-0.27216552697590873,0.0230029367848304,0.04458395683386899,-0.02158102004903859,-0.6550654494603125,0.1169920188477246,0.17338017265623548,-0.05638815380851088,-0.4860158925897483,0.0058974598797123,0.009029775142500715,-0.0031323152627884144,-0.4087603372295102,0.0193507126837009,0.01746534673405578,0.0018853659496451194,0.28841166991265216,0.0168142064371986,0.01767675864325299,-0.0008625522060543914,-0.12047009158436667,0.0256007339827956,0.02144165626859369,0.00415907771420191,0.48034666937453024,0.0336784496797289,0.05977841573802277,-0.026099966058293872,-0.7933041273023266,0.0,0.11206896551724138,-0.11206896551724138,-0.6651378631256462,0.5,0.8706896551724138,-0.3706896551724138,-0.6766830502314434,0.1218189663602216,0.15351997457112976,-0.031701008210908155,-0.9459606588865357,0.2070110407083058,0.2434153915859225,-0.036404350877616704,-0.7109154821077697,0.2328767123287671,0.27538970240906946,-0.04251299008030235,-0.8924461759630952
u0036,realcartest,72.0,74.0,2072.0,2074.0,30.0,not_used,3.75,4.991379310344827,-1.2413793103448274,-1.3593376939951913,0.0,0.017241379310344827,-0.017241379310344827,-0.27216552697590873,0.0148979671387124,0.04426910398879514,-0.02937113685008274,-0.8973075172193528,0.0634207736873015,0.17061711671187482,-0.10719634302457333,-0.9439943004370359,0.0041567792713275,0.009327448832790504,-0.005170669561463004,-0.5986277004397568,0.0197503117038367,0.017937225381802712,0.0018130863220339882,0.2773246522357946,0.0250728564481051,0.018147006757312595,0.006925849690792504,1.005992745342991,0.0253266625653533,0.022090991958625496,0.003235670606727803,0.3724783296687896,0.1290522635971056,0.059704928754245594,0.06934733484285999,2.1155263495607786,0.5,0.1206896551724138,0.3793103448275862,1.9677398201998146,2.25,0.8448275862068966,1.4051724137931034,2.6263007952407196,0.1667613359892142,0.15396429049708987,0.01279704549212432,0.3762672051138261,0.2359209482904338,0.24427790176316094,-0.008356953472727136,-0.16194691700925462,0.2054794520547945,0.2744449692961738,-0.06896551724137928,-1.3853962929532913
u0037,realcartest,74.0,76.0,2074.0,2076.0,30.0,not_used,4.75,4.948275862068965,-0.1982758620689653,-0.20343629105657268,0.0,0.017241379310344827,-0.017241379310344827,-0.27216552697590873,0.0296354972261097,0.042867877197651616,-0.013232379971541915,-0.45225694564502145,0.1002744301746133,0.17142210959796025,-0.07114767942334696,-0.618769136713972,0.0065813395109978,0.010012036816516915,-0.003430697305519115,-0.3292897697756378,0.0230556086020041,0.018347171107635684,0.004708437494368417,0.7072314554634128,0.0246636532722657,0.018808000744375976,0.005855652527889724,0.7292210523668667,0.0249297908903375,0.022587135023980093,0.002342655866357405,0.2636280065586506,0.0989495149704148,0.06237469581916844,0.036574819151246364,1.0334728667742101,0.25,0.13793103448275862,0.11206896551724138,0.5014858873767988,1.25,0.853448275862069,0.39655172413793105,0.7462185372015078,0.123041640682146,0.15562288261474896,-0.032581241932602964,-0.876250946562281,0.2443440442542616,0.24669368130321695,-0.0023496370489553553,-0.043021596714561676,0.2602739726027397,0.27208313651393484,-0.01180916391119513,-0.22196150207404047
u0038,realcartest,76.0,78.0,2076.0,2078.0,30.0,not_used,5.0,4.905172413793103,0.0948275862068968,0.09201236242522443,0.0,0.017241379310344827,-0.017241379310344827,-0.27216552697590873,0.033486462361251,0.04259613686456193,-0.009109674503310926,-0.3171658055681112,0.0948946290475066,0.1707630302735581,-0.0758684012260515,-0.6662759291588066,0.0032759340590069,0.009861406052383472,-0.006585471993376573,-0.637279569767888,0.0252000318014953,0.019078631060529344,0.006121400740965954,0.9251260182929573,0.0170087980933354,0.019081830339230353,-0.0020730322458949527,-0.2588930129343954,0.0295471227875108,0.023430694146506028,0.006116428641004774,0.6942891430136735,0.0183338123437073,0.061276786925779876,-0.04294297458207258,-1.1923873090969845,0.0,0.13793103448275862,-0.13793103448275862,-0.6172133998483676,0.25,0.8275862068965517,-0.5775862068965517,-1.0433150552727015,0.1471297478543182,0.15604911878150302,-0.008919370927184811,-0.23518427420826615,0.2305822633468523,0.24797948250032492,-0.017397219153472615,-0.3142063591636841,0.273972602739726,0.2697213037316958,0.004251299008030229,0.07548380813005058
u0039,realcartest,78.0,80.0,2078.0,2080.0,30.0,not_used,5.25,4.879310344827586,0.3706896551724137,0.34709036676350724,0.0,0.017241379310344827,-0.017241379310344827,-0.27216552697590873,0.0256012294462363,0.04124729093989563,-0.01564606149365933,-0.6033884370590746,0.0553041751488121,0.16697863450739034,-0.11167445935857824,-1.0269764154295196,0.0023060704042675,0.009508789982895668,-0.007202719578628168,-0.6960250192370029,0.0141700017781419,0.019565303443028235,-0.005395301664886335,-0.8752314372025471,0.0117485900854185,0.01927163041445753,-0.007523040329039029,-0.9571905358900329,0.0162700112258373,0.023991293688378604,-0.007721282462541303,-0.9255404916266892,0.0142117940844623,0.059812028030709063,-0.045600233946246765,-1.2252099577566316,0.0,0.12931034482758622,-0.12931034482758622,-0.577778411828509,0.25,0.8103448275862069,-0.5603448275862069,-0.9812508527886485,0.1190260222731619,0.1546813481910876,-0.03565532591792568,-0.9755594729738061,0.1777778267209442,0.24734213907140362,-0.06956431235045943,-1.2533144146254287,0.2876712328767123,0.2683042040623524,0.01936702881435992,0.33163880548628555
u0040,realcartest,80.0,82.0,2080.0,2082.0,30.0,not_used,5.0,4.793103448275862,0.2068965517241379,0.19247484374499205,0.0,0.017241379310344827,-0.017241379310344827,-0.27216552697590873,0.0213529418218008,0.040963879668660136,-0.019610937846859335,-0.7668397075410583,0.047082831361234,0.16359964014581274,-0.11651680878457873,-1.1171196092871,0.0011693158263022,0.009154595577938449,-0.007985279751636248,-0.7793712366732294,0.0086702184070326,0.01914850846867642,-0.010478290061643818,-1.628680343704334,0.0056643588569415,0.01871183325959931,-0.013047474402657811,-1.6324360643213693,0.0098090417606269,0.023489322031899865,-0.013680280271272965,-1.5753792312838855,0.0118649851897424,0.05710286919232725,-0.045237884002584855,-1.221810938487964,0.0,0.1206896551724138,-0.1206896551724138,-0.5392598510399418,0.25,0.7758620689655172,-0.5258620689655172,-0.9166974619118895,0.1064667526652583,0.1534029894067167,-0.0469362367414584,-1.3063204445032297,0.1485210279438389,0.2422029429703118,-0.09368191502647291,-1.756416125132734,0.273972602739726,0.26358053849787433,0.010392064241851684,0.17657160463684396
u0041,realcartest,82.0,84.0,2082.0,2084.0,30.0,not_used,4.25,4.698275862068965,-0.4482758620689653,-0.39728238624409096,0.0,0.017241379310344827,-0.017241379310344827,-0.27216552697590873,0.0312142908778918,0.040800362287488005,-0.009586071409596206,-0.3785238384051023,0.0938909316679928,0.158113528819423,-0.06422259715143021,-0.6667788688776163,0.0043914529218975,0.009164902939024938,-0.004773450017127439,-0.4656367076751022,0.0080600200640603,0.018601878864078675,-0.010541858800018376,-1.5267315104132906,0.0077192402303925,0.017978302160264935,-0.010259061929872436,-1.2432528685004394,0.0091146863880423,0.022812321572200814,-0.013697635184158514,-1.4884232497544707,0.038725984112264,0.05726668819437182,-0.01854070408210782,-0.49954475203536747,0.0,0.1206896551724138,-0.1206896551724138,-0.5392598510399419,0.5,0.7672413793103449,-0.26724137931034486,-0.47023703768001374,0.0915998384249951,0.15074907414539981,-0.059149235720404716,-1.7027624614590784,0.1527070949507203,0.2367442793016223,-0.08403718435090202,-1.6319557976938672,0.2328767123287671,0.2583845063769485,-0.025507794048181376,-0.41232187470252996
u0042,realcartest,84.0,86.0,2084.0,2086.0,30.0,not_used,5.5,4.586206896551724,0.9137931034482758,0.7458133974141092,0.0,0.017241379310344827,-0.017241379310344827,-0.2721655269759087,0.0416445025560626,0.04291924593361401,-0.0012747433775514086,-0.04716290934256586,0.105140905722607,0.15755083043375112,-0.052409924711144126,-0.546750073878376,0.0055814130421905,0.00881133540103129,-0.00322992235884079,-0.3153571186930267,0.0185332508453054,0.01779087808444601,0.0007423727608593909,0.1077132153703914,0.0238363246466161,0.017508438901138602,0.0063278857454774975,0.7474458076327836,0.022232626692085,0.021523183958341047,0.0007094427337439521,0.08380554208740024,0.0339579151137814,0.05337936588365313,-0.01942145076987173,-0.5344138586019627,0.0,0.10344827586206896,-0.10344827586206896,-0.48586579810734964,0.5,0.6896551724137931,-0.18965517241379315,-0.37091531299535213,0.1393072465687396,0.14936191772862475,-0.010054671159885148,-0.2941987495753074,0.2234557037590805,0.2295916463341597,-0.006135942575079212,-0.12441249504807664,0.3013698630136986,0.2522437411431271,0.049126121870571526,0.7304408287205991
u0043,realcartest,86.0,88.0,2086.0,2088.0,30.0,not_used,4.0,4.431034482758621,-0.431034482758621,-0.31338263160243784,0.25,0.017241379310344827,0.23275862068965517,3.674234614174767,0.0387061849759167,0.046489533008355156,-0.007783348032438457,-0.2663155366110942,0.0791494176904566,0.1633382207735689,-0.08418880308311232,-0.889933395904877,0.0067686995045204,0.009494489486951864,-0.0027257899824314645,-0.2618897316313851,0.0323666523204225,0.017571458496341865,0.014795193824080632,2.07815237578919,0.0215894340071334,0.017257520902258693,0.004331913104874706,0.505742562844261,0.0395877775689264,0.02137863690786734,0.018209140661059057,2.120521954293125,0.0731035944850808,0.05530700827791028,0.01779658620717052,0.48095921747507303,0.0,0.1206896551724138,-0.1206896551724138,-0.5392598510399419,0.75,0.6896551724137931,0.06034482758620685,0.11801850868033921,0.1551466295663874,0.15055710574964354,0.004589523816743851,0.1351140989093385,0.2657385952479663,0.22891399878712046,0.03682459646084582,0.7372634479135035,0.2328767123287671,0.2437411431270666,-0.01086443079829949,-0.14375000000000013
u0044,realcartest,88.0,90.0,2088.0,2090.0,30.0,not_used,5.25,4.293103448275862,0.9568965517241379,0.6354591550235142,0.25,0.017241379310344827,0.23275862068965517,3.674234614174767,0.0333706572967914,0.05059910920815789,-0.017228451911366488,-0.5207802067581371,0.10055411598076,0.16923182996568678,-0.06867771398492678,-0.7171278836409799,0.0057686310146397,0.01090435554625898,-0.00513572453161928,-0.41921321573509185,0.0259059212603547,0.01736179315871543,0.008544128101639271,1.1978303777591184,0.0398366695830346,0.017439837846176733,0.022396831736857865,2.597513728456265,0.0293427242861955,0.021400164898631294,0.007942559387564205,0.9244220816681193,0.0967393988107938,0.057797126630818374,0.03894227217997542,1.0012138875287675,0.0,0.13793103448275862,-0.13793103448275862,-0.5921865681580842,1.0,0.6810344827586207,0.31896551724137934,0.6225745690258597,0.1752675471282867,0.15218109389225573,0.02308645323603098,0.6805426803482735,0.280751832560017,0.2291160569007865,0.0516357756592305,1.0342377739128839,0.3013698630136986,0.23618327822390178,0.06518658478979683,0.7873511764136757
u0045,realcartest,90.0,92.0,2090.0,2092.0,30.0,not_used,6.25,4.163793103448276,2.086206896551724,1.358307886688438,0.0,0.017241379310344827,-0.017241379310344827,-0.2721655269759087,0.0400525754306556,0.05269427357842824,-0.012641698147772641,-0.3886403337743495,0.1190807081406496,0.17307676248669485,-0.05399605434604525,-0.5700087870020059,0.0016134440733131,0.011518871980911706,-0.009905427907598605,-0.8022571839698571,0.0149377689426682,0.01697350763419126,-0.0020357386915230615,-0.2941625964349688,0.0126164743420721,0.01721873942528345,-0.0046022650832113505,-0.5366338458737905,0.0176031717663638,0.02102346702808758,-0.003420295261723782,-0.40611103318632696,0.0475935048637841,0.057651135660594606,-0.010057630796810504,-0.2586686056539899,0.25,0.13793103448275862,0.11206896551724138,0.4811515866284435,0.25,0.6724137931034483,-0.4224137931034483,-0.8299126581034425,0.1345752450600192,0.150645371305893,-0.01607012624587381,-0.4643679794528804,0.2307745025768761,0.22623491519800987,0.004539587378866228,0.09065377029784627,0.3424657534246575,0.22909777987718474,0.11336797354747277,1.3414312042465442
u0046,realcartest,92.0,94.0,2092.0,2094.0,30.0,not_used,7.0,3.9913793103448274,3.0086206896551726,1.9478673666477428,0.0,0.017241379310344827,-0.017241379310344827,-0.2721655269759087,0.0458471699142091,0.05447687795144187,-0.008629708037232772,-0.2763309250595207,0.1882097943339936,0.17778135331098266,0.010428441023010937,0.11579829721293897,0.0089338644208208,0.012838660885923545,-0.003904796465102745,-0.29593020227419986,0.0143350514862711,0.017628875013452523,-0.003293823527181423,-0.43976567793179006,0.0142350732172505,0.01747444898301536,-0.0032393757657648604,-0.37922842518879446,0.017096244625941,0.021667639363305964,-0.004571394737364964,-0.5278586119415678,0.0421720869326224,0.06171784013978257,-0.01954575320716017,-0.45443580217370416,0.0,0.16379310344827586,-0.16379310344827586,-0.6383174836492261,0.5,0.6896551724137931,-0.18965517241379315,-0.3592584956081995,0.162185940851204,0.15254299723414488,0.009642943617059113,0.26941022432230294,0.2632051215346682,0.228760158469199,0.03444496306546918,0.6780972745728236,0.3835616438356164,0.21965044874822867,0.16391119508738775,1.9262920143371896
u0047,realcartest,94.0,96.0,2094.0,2096.0,30.0,not_used,6.0,3.956896551724138,2.043103448275862,1.318499189010222,0.0,0.017241379310344827,-0.017241379310344827,-0.2721655269759087,0.0670675255279156,0.05591635098145097,0.01115117454646463,0.37267931107730384,0.2628598539217785,0.18256233691492718,0.08029751700685134,0.9210741965808837,0.0040087918386083,0.013480905510739008,-0.009472113672130708,-0.7206681861559099,0.0197319084623839,0.01876069987615785,0.0009712085862260515,0.11032989685833533,0.0112128304900432,0.018495986569498853,-0.007283156079455653,-0.754364009147718,0.0254695325480381,0.02324813008120511,0.0022214024668329897,0.20849450165693093,0.0314538022650982,0.06413172695189584,-0.03267792468679764,-0.7551563313764525,0.0,0.1724137931034483,-0.1724137931034483,-0.6757373783994859,0.5,0.7068965517241379,-0.2068965517241379,-0.39067020803580715,0.1814561033268966,0.15666999984970206,0.024786103477194538,0.6872003823624905,0.2867269845667763,0.23560836959588433,0.051118614970891985,0.9585137299311353,0.3287671232876712,0.21776098252243745,0.11100614076523377,1.3000699196286956
u0048,realcartest,96.0,98.0,2096.0,2098.0,30.0,not_used,5.5,3.8448275862068964,1.6551724137931036,1.0428623850791086,0.0,0.05172413793103448,-0.05172413793103448,-0.2721655269759087,0.0585856396780833,0.05603068628791672,0.0025549533901665783,0.0856659120843414,0.2619096714924047,0.18011899849851673,0.08179067299388795,0.9392905904220469,0.021174617720249,0.013548360894083886,0.007626256826165113,0.5793329459519267,0.0197573079302271,0.01852883851139781,0.00122846941882929,0.13590259478242098,0.0210685176273468,0.01836102336487703,0.002707494262469773,0.27835704737620454,0.0253361833973755,0.022919631924644083,0.002416551472731416,0.21954162769743452,0.0774714428776749,0.06393891764897323,0.013532525228701672,0.31421746677875934,0.0,0.1810344827586207,-0.1810344827586207,-0.6915981680357235,1.5,0.7155172413793104,0.7844827586206896,1.4309874299685488,0.1633630283850807,0.15680542131156305,0.006557607073517657,0.18215854231493336,0.2921969348167256,0.23286573492587034,0.05933119989085525,1.0939395927682907,0.3013698630136986,0.21350968351440724,0.08786017949929137,1.027013192496072
u0049,realcartest,98.0,100.0,2098.0,2100.0,30.0,not_used,5.0,3.8275862068965516,1.1724137931034484,0.7395237171370239,0.0,0.06896551724137931,-0.06896551724137931,-0.3339135484518729,0.034547735680136,0.055610613608718606,-0.021062877928582607,-0.7013940339919715,0.1602966399765918,0.17850914766130682,-0.018212507684715024,-0.2103962301787712,0.0080377982131426,0.014251919103105849,-0.006214120889963249,-0.4672555111063303,0.0152959641239364,0.018773447833372908,-0.0034774837094365078,-0.38211319432201357,0.012640749598078,0.019146638360647603,-0.0065058887625696026,-0.5947762429774598,0.0217943788423572,0.02310066153918227,-0.0013062826968250688,-0.11826654610832511,0.0432480880004311,0.0664637788450542,-0.023215690844623098,-0.5380819762776289,0.0,0.1896551724137931,-0.1896551724137931,-0.7300956427599691,0.75,0.7413793103448276,0.008620689655172376,0.015530496895325787,0.1253133863609775,0.15683779918687207,-0.03152441282589458,-0.8757106023502292,0.2221508688089761,0.2342410790615733,-0.012090210252597183,-0.22078374477215645,0.273972602739726,0.21350968351440722,0.060462919225318795,0.7067617668790173
u0050,realcartest,100.0,102.0,2100.0,2102.0,30.0,not_used,2.75,3.853448275862069,-1.103448275862069,-0.6904710540174819,0.0,0.06896551724137931,-0.06896551724137931,-0.3339135484518729,0.0620047349519899,0.05506165646642662,0.006943078485563282,0.22573411664223964,0.2343438695151255,0.17622680868672436,0.05811706082840115,0.6530503418732567,0.040178570810961,0.014409506620757153,0.02576906419020385,1.9483437093448313,0.0245533643884687,0.01907051613718699,0.005482848251281709,0.5924857760607185,0.0206194916737633,0.019401155741222996,0.0012183359325403029,0.11109126946102617,0.0315607091771712,0.023273751468703342,0.008286957708467858,0.7450873894257248,0.1123684601322376,0.06824282508183553,0.04412563505040207,1.0305112982293572,0.75,0.20689655172413793,0.5431034482758621,2.0636336135533178,0.75,0.7672413793103449,-0.017241379310344862,-0.030751040267629565,0.1980671289267467,0.15848752168001476,0.03957960724673193,1.1165518778072931,0.2799149410382031,0.23604379065066627,0.043871150387536806,0.8021082506600703,0.1506849315068493,0.2149267831837506,-0.0642418516769013,-0.745297790768724
u0051,realcartest,102.0,104.0,2102.0,2104.0,30.0,not_used,3.0,3.8448275862068964,-0.8448275862068964,-0.5282424038165077,0.0,0.08620689655172414,-0.08620689655172414,-0.39103094350288753,0.1000960364825736,0.054650882471325817,0.04544515401124779,1.4489141825165517,0.3851789183727103,0.17433312473787332,0.21084579363483696,2.2940470471054644,0.0443831202956088,0.014373365001883565,0.030009755293725234,2.263946539546363,0.0260142608716937,0.018941603430940413,0.007072657440753288,0.762992189074391,0.0409844671873472,0.01891711848842911,0.022067348698918087,2.003275022809634,0.0330635364479493,0.02296423998663523,0.010099296461314071,0.9028995439352921,0.1330739248088621,0.0667714472988406,0.0663024775100215,1.6009523277601176,0.75,0.19827586206896552,0.5517241379310345,2.14287849658376,0.75,0.7241379310344828,0.025862068965517238,0.05295033822136558,0.2469207685662948,0.15612860247483187,0.09079216609146293,2.449964623384153,0.3467367359039481,0.23391501817990618,0.11282171772404193,2.0201788751029204,0.1643835616438356,0.2153991497401984,-0.05101558809636278,-0.5919608035858747
u0052,realcartest,104.0,106.0,2104.0,2106.0,30.0,not_used,3.0,3.793103448275862,-0.7931034482758621,-0.49772649422834647,0.0,0.08620689655172414,-0.08620689655172414,-0.3910309435028876,0.0960195988675831,0.05373272149642068,0.04228687737116242,1.3029540054452553,0.3548128410147641,0.17108079817170493,0.1837320428430592,1.9129061456872787,0.0135905192857258,0.014176034632518342,-0.0005855153467925426,-0.04365702882123039,0.0289494609266331,0.018315958222621977,0.010633502704011123,1.110199002634757,0.0222502110869037,0.01836753673618535,0.0038826743507183493,0.3494008021438033,0.0344371809742831,0.022277624686190826,0.012159556288092278,1.0441544461096286,0.0256121053295953,0.06749146175476728,-0.04187935642517198,-0.9937516044858371,0.0,0.20689655172413793,-0.20689655172413793,-0.786146138496502,0.0,0.7155172413793104,-0.7155172413793104,-1.4868918050925386,0.227433437273945,0.15739077539926744,0.07004266187467756,1.9174158607573053,0.2982059171691822,0.23076719882586857,0.06743871834331364,1.168531183015,0.1643835616438356,0.2125649504015116,-0.048181388757676,-0.5601859410879828
u0053,realcartest,106.0,108.0,2106.0,2108.0,30.0,not_used,3.0,3.6982758620689653,-0.6982758620689653,-0.4362537571236646,0.0,0.08620689655172414,-0.08620689655172414,-0.3910309435028876,0.078922234674333,0.052670845782634604,0.026251388891698396,0.7816678611842837,0.2648293931628076,0.16794548031620551,0.09688391284660211,0.9698908674906727,0.0041428886040694,0.014082202469052778,-0.009939313864983378,-0.7364151764129635,0.0204381211710596,0.01766090452432907,0.0027772166467305293,0.2853359173862771,0.0157513270784675,0.01797408231183675,-0.002222755233369251,-0.19578711810780425,0.0246929342748239,0.021484103082032083,0.003208831192791816,0.26955605637316643,0.0092071491336998,0.06994660386912992,-0.06073945473543012,-1.4716756072803212,0.0,0.21551724137931033,-0.21551724137931033,-0.8278327231656524,0.0,0.7327586206896551,-0.7327586206896551,-1.5487860987928828,0.1730053474962938,0.15546308278721038,0.017542264709083405,0.4562934688320551,0.2266325833228783,0.22664101872784825,-8.435404969947546e-06,-0.00013667937855117748,0.1643835616438356,0.20736891828058576,-0.042985356636750155,-0.49584102487831583
u0054,realcartest,108.0,110.0,2108.0,2110.0,30.0,not_used,3.5,3.586206896551724,-0.0862068965517242,-0.05381791481082256,0.0,0.08620689655172414,-0.08620689655172414,-0.39103094350288764,0.069400063866281,0.05187238970942164,0.017527674156859366,0.5083259161853861,0.2562596724847552,0.166142769692114,0.09011690279264117,0.8804814025039337,0.0071776461704915,0.014012798458626293,-0.0068351522881347935,-0.5039824442042982,0.0092452804265894,0.017519421614436835,-0.008274141187847434,-0.8432363898475691,0.0089895809657499,0.01813988681634181,-0.00915030585059191,-0.8100658783896943,0.0106727425510864,0.021280492794820978,-0.010607750243734579,-0.8809485768551967,0.0218195843225216,0.06955749552912566,-0.04773791120660406,-1.1408229542867763,0.0,0.21551724137931033,-0.21551724137931033,-0.8278327231656524,0.25,0.7241379310344828,-0.47413793103448276,-0.9796469373337575,0.1530389390023041,0.15422487847330485,-0.0011859394710007631,-0.029545352481367127,0.1932045296224022,0.223330504641696,-0.030125975019293788,-0.45214903937130557,0.1917808219178082,0.20122815304676434,-0.009447331128956127,-0.10847480063756812
u0055,realcartest,110.0,112.0,2110.0,2112.0,30.0,not_used,2.75,3.5,-0.75,-0.4715048943726634,0.0,0.08620689655172414,-0.08620689655172414,-0.39103094350288764,0.0772382432898015,0.051192677982025696,0.026045565307775805,0.7386394110177958,0.2272787474908788,0.16459675654146583,0.06268199094941299,0.6000956836351704,0.0149266323395701,0.013980118301781842,0.0009465140377882576,0.06962582589749125,0.0051995504840666,0.017427412328429325,-0.012227861844362725,-1.2342694517322663,0.0048393616233675,0.018166519471299745,-0.013327157847932244,-1.1828295320060436,0.0064784874322715,0.02115311836564662,-0.01467463093337512,-1.2047459382762309,0.0799097691570415,0.07059729126483694,0.00931247789220456,0.22847544774925357,0.25,0.21551724137931033,0.03448275862068967,0.13245323570650444,1.0,0.75,0.25,0.5230534443633628,0.1294761280983335,0.153038205150818,-0.023562077052484504,-0.5610072761618112,0.1780124220009954,0.22129935770063167,-0.043286935699636264,-0.6210036190510229,0.1506849315068493,0.19650448748228624,-0.04581955597543694,-0.5282829484127558
u0056,realcartest,112.0,114.0,2112.0,2114.0,30.0,not_used,2.0,3.4741379310344827,-1.4741379310344827,-0.9304477765560797,0.0,0.08620689655172414,-0.08620689655172414,-0.3910309435028877,0.0936303044469151,0.05016986871261187,0.04346043573430323,1.1991486169577537,0.2283083843928761,0.16145082542457662,0.06685755896829948,0.6198895686291084,0.0041319801579371,0.013833391133295445,-0.009701410975358343,-0.7071316535117441,0.0065451598419946,0.01739696574005636,-0.01085180589806176,-1.0920588357506549,0.0071193196883765,0.018221336680089413,-0.011102016991712912,-0.989485408103698,0.0085286959195151,0.021094044712463855,-0.012565348792948754,-1.0263358708477825,0.0062661029949382,0.07060028030503901,-0.06433417731010081,-1.578486625581487,0.0,0.21551724137931033,-0.21551724137931033,-0.8278327231656524,0.0,0.7672413793103449,-0.7672413793103449,-1.6062783983978643,0.1438710308492119,0.1529320057686889,-0.009060974919476994,-0.21492689752122401,0.1447857432859852,0.21993337067797494,-0.07514762739198974,-1.0524425899072298,0.1095890410958904,0.19508738781294288,-0.08549834671705248,-0.9888496060865368
u0057,realcartest,114.0,116.0,2114.0,2116.0,30.0,not_used,1.0,3.3793103448275863,-2.3793103448275863,-1.5430315704661224,0.0,0.08620689655172414,-0.08620689655172414,-0.3910309435028876,0.1137859850417848,0.04880221732631653,0.06498376771546827,1.7434839537396734,0.2236955620447622,0.15794186797632193,0.06575369406844028,0.5911434320079515,0.0215682956113199,0.013655168883404348,0.00791312672791555,0.5710030421136091,0.0072430214077139,0.016984716399770842,-0.009741694992056942,-0.961906391472253,0.0103699059242253,0.01765815035006444,-0.007288244425839141,-0.6430799309293841,0.0121729133958789,0.020558968463813304,-0.008386055067934405,-0.669947694713666,0.0948630207224631,0.0706083038669481,0.024254716855515,0.5952124512818505,0.5,0.21551724137931033,0.28448275862068967,1.0927391945786613,0.75,0.7758620689655172,-0.025862068965517238,-0.05444655064804707,0.1613403464916071,0.15051625197860308,0.010824094513004034,0.24163794491405943,0.1734053808430416,0.21540233279600413,-0.04199695195296252,-0.5591484781672063,0.0547945205479452,0.18989135569201696,-0.13509683514407175,-1.60023947866568
u0058,realcartest,116.0,118.0,2116.0,2118.0,30.0,not_used,1.0,3.3448275862068964,-2.3448275862068964,-1.5237198600010933,0.0,0.07758620689655173,-0.07758620689655173,-0.35464968280759523,0.1373646037345048,0.047554653768163424,0.08980994996634137,2.3520456943653802,0.2705818010293045,0.15536606323215588,0.11521573779714864,1.0119070725354125,0.0454502414171627,0.013425705587487322,0.03202453582967538,2.2834688656651823,0.0139640527804534,0.016150151953664166,-0.0021860991732107673,-0.22266192786792746,0.0226772341996628,0.017220174366071747,0.005457059833591054,0.47793238486670436,0.0236229508809464,0.01948386078206503,0.00413909009888137,0.3400758330091432,0.1215042051909036,0.06816594276947732,0.05333826242142628,1.2518611008373508,0.5,0.21551724137931033,0.28448275862068967,1.0927391945786613,0.5,0.75,-0.25,-0.5043668951391246,0.1739936476592941,0.14778827950071,0.026205368158584097,0.5600164282357298,0.2266881041395218,0.20935887598308325,0.01732922815643856,0.22269048976232048,0.0547945205479452,0.18752952290977798,-0.13273500236183278,-1.5774572451071955
u0059,realcartest,118.0,120.0,2118.0,2120.0,30.0,not_used,2.0,3.2844827586206895,-1.2844827586206895,-0.8581946995003702,0.0,0.06896551724137931,-0.06896551724137931,-0.31822291367029204,0.0733525101676932,0.04650912405806332,0.026843386109629885,0.6889111928370218,0.201160471141597,0.15206604499243834,0.049094426149158654,0.4205055946609345,0.0220451066990473,0.013244111535388445,0.008800995163658856,0.6217165538723127,0.0153839767361602,0.015481166121304747,-9.718938514454746e-05,-0.009925982892805378,0.015921703485881,0.016015786948139564,-9.408346225856304e-05,-0.00871631340685796,0.0195854181678928,0.018703067879516845,0.0008823502883759556,0.07208937296503812,0.0590052061856121,0.06592063738039002,-0.006915431194777916,-0.16173546924941898,0.0,0.21551724137931033,-0.21551724137931033,-0.8278327231656524,0.75,0.7413793103448276,0.008620689655172376,0.01747141394536523,0.113909418989244,0.1445186350013061,-0.030609216012062096,-0.6369580296700609,0.1833010314789018,0.20334963964506764,-0.020048608166165827,-0.25444030190560235,0.1095890410958904,0.18375059045819556,-0.07416154936230515,-0.9114975743043908
u0060,realcartest,120.0,122.0,2120.0,2122.0,30.0,not_used,1.5,3.146551724137931,-1.646551724137931,-1.177666901504939,0.0,0.06896551724137931,-0.06896551724137931,-0.31822291367029204,0.0562136854658858,0.045242099270364385,0.010971586195521417,0.2760570803442801,0.1519025244911123,0.14811996553878087,0.0037825589523314274,0.03160140371532788,0.0395218159741486,0.013204475800100124,0.02631734017404847,1.8546348613861807,0.0330651543841775,0.015084826701938336,0.017980327682239165,1.791764841475,0.0199111010173959,0.01569834728079265,0.00421275373660325,0.38220601929578313,0.0338443023518826,0.018219908474403572,0.015624393877479027,1.2453420012745493,0.1602229003656926,0.06503351698699306,0.09518938337869953,2.1937637074332335,0.75,0.20689655172413793,0.5431034482758621,2.0636336135533178,1.5,0.75,0.75,1.5403659541574115,0.2011155712047586,0.14165296300034064,0.059462608204417955,1.167001827510987,0.2785018269019422,0.19761599251759723,0.08088583438434496,0.9798302426761364,0.0821917808219178,0.17619272555503068,-0.09400094473311288,-1.2321568070575866
u0061,realcartest,122.0,124.0,2122.0,2124.0,30.0,not_used,3.25,2.9741379310344827,0.27586206896551735,0.22843161526734568,0.0,0.06896551724137931,-0.06896551724137931,-0.31822291367029204,0.0482864129977304,0.04378822003862024,0.004498192959110157,0.11117655639306295,0.1961358614616602,0.14180247307639787,0.05433338838526233,0.4445487895968009,0.021416820944571,0.012901205410982738,0.008515615533588263,0.5925596984341657,0.0440553112388862,0.014789250469377927,0.029266060769508273,2.87544245386085,0.0427076319359052,0.015378402222254119,0.027329229713651086,2.441554542744663,0.0575604494864415,0.017835058318051003,0.039725391168390495,3.1170759399839163,0.1026091940176155,0.06363662424883951,0.038972569768775986,0.8711751040899672,0.25,0.20689655172413793,0.04310344827586207,0.1637804455201046,1.0,0.7327586206896551,0.26724137931034486,0.5302438799877678,0.2168460969058388,0.13777245081212033,0.07907364609371847,1.4789767019279092,0.3507529698913206,0.19058449723946047,0.16016847265186013,1.8776368065304894,0.1780821917808219,0.1667453944260746,0.011336797354747297,0.17088885692048625
u0062,realcartest,124.0,126.0,2124.0,2126.0,30.0,not_used,1.75,2.836206896551724,-1.0862068965517242,-1.0101032042769136,1.0,0.06896551724137931,0.9310344827586207,4.296009334548942,0.0322838326734987,0.04162025120372142,-0.009336418530222719,-0.22862588916833818,0.1495156145378132,0.1329213093269303,0.016594305210882898,0.13550856330754016,0.0184595007265471,0.012772003309505774,0.0056874974170413265,0.3931416600122292,0.0061806127447795,0.014304662921553149,-0.008124050176773649,-0.7914136756948589,0.0113018736152062,0.015167817307743426,-0.0038659436925372256,-0.34132101566692113,0.0066895469273943,0.017166668172268147,-0.010477121244873848,-0.8163257176454072,0.1072898546869923,0.06261025012383602,0.04467960456315628,0.9757241055272963,0.5,0.20689655172413793,0.2931034482758621,1.1137070295367113,2.0,0.7155172413793104,1.2844827586206895,2.4703297071468198,0.1403987135254611,0.13322674791761596,0.007171965607845138,0.1300783940997115,0.1767187943135653,0.1827456456218072,-0.006026851308241904,-0.06963908701473588,0.1506849315068493,0.1591875295229098,-0.008502598016060486,-0.14267751605045673
u0063,realcartest,126.0,128.0,2126.0,2128.0,30.0,not_used,3.75,2.7327586206896552,1.0172413793103448,1.0693741645517603,0.5,0.06896551724137931,0.43103448275862066,1.988893210439325,0.0350962312756617,0.03973723628765556,-0.004641005011993861,-0.11245981859925051,0.1837007238433041,0.12408347442911405,0.059617249414190054,0.4883483429250021,0.0266469032519132,0.012091238794128044,0.014555664457785158,1.0024716648970136,0.0244719293532968,0.013849686678791,0.0106222426745058,1.0307050288539328,0.0460815260412964,0.014604583050831635,0.03147694299046477,2.7551712343280426,0.0279486273209627,0.016526081509519185,0.011422545811443516,0.8872370413817686,0.1031414721317043,0.06138173803587002,0.04175973409583428,0.9107126271502654,0.25,0.20689655172413793,0.04310344827586207,0.1637804455201046,1.25,0.6982758620689655,0.5517241379310345,1.0998576936355275,0.1564201699330494,0.1300173283576494,0.026402841575400016,0.47156067914564087,0.274265522787295,0.17583711150837586,0.09842841127891913,1.1509172451816316,0.2328767123287671,0.15351913084553612,0.079357581483231,1.4893523379881801
u0064,realcartest,128.0,130.0,2128.0,2130.0,30.0,not_used,5.0,2.6982758620689653,2.3017241379310347,2.603175159789969,0.0,0.06896551724137931,-0.06896551724137931,-0.31822291367029204,0.0070831796583628,0.03882646839086683,-0.031743288732504024,-0.761921172469762,0.0508041885848312,0.11980569168821556,-0.06900150310338436,-0.5614160771824412,0.0104674978916001,0.011893596991632716,-0.001426099100032616,-0.09759566254327043,0.0279656934943093,0.013602517056523935,0.014363176437785367,1.3872110381157094,0.0241952104738851,0.014660376507717388,0.009534833966167711,0.8350045830513548,0.0306203419389067,0.016090217430143536,0.014530124508763165,1.1261491794415956,0.0852707905463879,0.062316187823939495,0.02295460272244841,0.5017305996793434,0.5,0.21551724137931033,0.28448275862068967,1.0927391945786613,1.25,0.7241379310344828,0.5258620689655172,1.0063759718042415,0.1696609186613585,0.1294468375051912,0.040214081156167286,0.7165795082789712,0.2592896767920017,0.17340645740243832,0.08588321938956339,1.0083521875778387,0.273972602739726,0.1516296646197449,0.12234293811998112,2.454783329126472
u0065,realcartest,130.0,132.0,2130.0,2132.0,30.0,not_used,3.5,2.8017241379310347,0.6982758620689653,0.6681676534110127,0.5,0.06896551724137931,0.43103448275862066,1.9888932104393253,0.0029855212807895,0.03690944824681981,-0.03392392696603031,-0.8109904924904954,0.0085039391706231,0.11295665216549641,-0.10445271299487331,-0.8571367442172827,0.0031086723239935,0.010575931681802065,-0.007467259357808564,-0.545194256435018,0.0160118432226859,0.013269937065804314,0.0027419061568815847,0.2701441545152272,0.0110357761170824,0.01453995899140137,-0.0035041828743189694,-0.30809396240700604,0.0163508295853779,0.015551098720463176,0.0007997308649147234,0.06363697485191738,0.0863823078902529,0.06108591905868154,0.025296388831571363,0.5639040049880323,0.25,0.1896551724137931,0.060344827586206906,0.24873416908154555,1.0,0.7672413793103449,0.23275862068965514,0.4068554229082657,0.0983526790389108,0.12782744987057848,-0.029474770831667677,-0.5380812316636934,0.1741865466383908,0.17119100277085847,0.002995543867532341,0.03601062334147811,0.2191780821917808,0.15729806329711854,0.06188001889466227,1.0654985279167943
u0066,realcartest,132.0,134.0,2132.0,2134.0,30.0,not_used,3.25,2.913793103448276,0.3362068965517242,0.27559256767488327,0.0,0.06896551724137931,-0.06896551724137931,-0.31822291367029204,0.0030088289538607,0.03364516185256632,-0.030636332898705623,-0.7575256723517313,0.005956959755729,0.10018959110961671,-0.09423263135388771,-0.8440782448762152,0.0008587587994063,0.009075814246954453,-0.008217055447548154,-0.6727729305363981,0.0049118975607696,0.012779283902108883,-0.007867386341339284,-0.7977728921884413,0.0087257824571967,0.013662809563971449,-0.004937027106774749,-0.48292456572107884,0.0050179471774497,0.014844565963283011,-0.00982661878583331,-0.8100381958085765,0.1198299341922882,0.05882481119357273,0.061005122998715466,1.4260804513169896,0.5,0.16379310344827586,0.33620689655172414,1.5250206796612615,1.0,0.7931034482758621,0.2068965517241379,0.3521803625302495,0.159644655490777,0.12443532675810311,0.03520932873267389,0.702110915166572,0.1530572829871709,0.16627252338047102,-0.013215240393300132,-0.17248290599060015,0.1780821917808219,0.16343882853094,0.014643363249881913,0.21791036997087587
u0067,realcartest,134.0,136.0,2134.0,2136.0,30.0,not_used,2.25,3.043103448275862,-0.7931034482758621,-0.5638127120602889,0.0,0.06896551724137931,-0.06896551724137931,-0.31822291367029204,0.0026920666614547,0.030596274235522396,-0.027904207574067696,-0.7167798745463433,0.0039704112380234,0.08898820540774631,-0.08501779416972291,-0.8388321884997723,0.0005548013185055,0.008662479283474878,-0.008107677964969378,-0.6614903484465844,0.006203474551001,0.012470689728410717,-0.006267215177409718,-0.6608454828245349,0.0055986197872259,0.013750480489077293,-0.008151860701851393,-0.7909045194411264,0.0065349962669073,0.014393754570103605,-0.007858758303196305,-0.6759041593581807,0.0895329336602237,0.05922351384672185,0.030309419813501853,0.7128295220817732,0.25,0.16379310344827586,0.08620689655172414,0.3910309435028876,0.75,0.8103448275862069,-0.06034482758620685,-0.10567316876185438,0.0912266621046641,0.1224272720910342,-0.0312006099863701,-0.663084407478688,0.1109230405042638,0.16413537296995998,-0.05321233246569618,-0.7218436515510418,0.1232876712328767,0.1705243268776571,-0.047236655644780384,-0.613162391135988
u0068,realcartest,136.0,138.0,2136.0,2138.0,30.0,not_used,2.0,3.1982758620689653,-1.1982758620689653,-0.7375484400682801,0.0,0.06896551724137931,-0.06896551724137931,-0.31822291367029204,0.0024460033230602,0.02816923881099527,-0.02572323548793507,-0.6764828769271307,0.0030255670501598,0.08063509275749982,-0.07760952570734002,-0.8052762817955225,0.0002933541018995,0.008628710835363488,-0.008335356733463988,-0.6793043474652775,0.010066997391267,0.012531279855243459,-0.002464282463976458,-0.25831626649685124,0.0165569207160653,0.01385277955347964,0.0027041411625856604,0.2614963766533711,0.0103653128967152,0.014365968494852738,-0.004000655598137538,-0.34478532799889516,0.0029276522243387,0.06089591891972031,-0.057968266695381604,-1.3981623888112673,0.0,0.1724137931034483,-0.1724137931034483,-0.7881104062391009,0.0,0.853448275862069,-0.853448275862069,-1.5371484827602289,0.0831180971699009,0.12231067399520533,-0.03919257682530443,-0.8350873154934315,0.0817729182225278,0.16538246769779785,-0.08360954947527005,-1.1139367972753456,0.1095890410958904,0.17902692489371752,-0.06943788379782712,-0.7834903746737474
u0069,realcartest,138.0,140.0,2138.0,2140.0,30.0,not_used,2.5,3.293103448275862,-0.7931034482758621,-0.46187439466506747,0.0,0.06896551724137931,-0.06896551724137931,-0.31822291367029204,0.0016413017273188,0.026690112711115023,-0.025048810983796223,-0.6730280649847306,0.002248449992438,0.07427786345569594,-0.07202941346325793,-0.796062279010806,0.0002215912778132,0.00859011722066663,-0.00836852594285343,-0.6816596686633872,0.0060019491128148,0.01352328044453097,-0.007521331331716169,-0.7105659280027287,0.0064367058507216,0.014978686033732154,-0.008541980183010554,-0.7449514120059144,0.0061151833145705,0.0155598668389483,-0.0094446835243778,-0.7336477131594987,0.0420190615253701,0.0628945649537228,-0.020875503428352697,-0.5101295165114808,0.0,0.1724137931034483,-0.1724137931034483,-0.7881104062391008,1.0,0.9051724137931034,0.09482758620689657,0.16743720552569538,0.0720532263131401,0.12482854014270368,-0.05277531382956359,-1.0482169038310647,0.0896177666529736,0.17028988055407213,-0.08067211390109853,-0.9944341170003178,0.136986301369863,0.18422295701464336,-0.047236655644780356,-0.5051793806312219
u0070,realcartest,140.0,142.0,2140.0,2142.0,30.0,not_used,3.5,3.3275862068965516,0.1724137931034484,0.10047841139260633,0.0,0.06896551724137931,-0.06896551724137931,-0.31822291367029204,0.0015528220648906,0.025823235719904337,-0.02427041365501374,-0.6683785689342544,0.0026589292782052,0.07001681801188495,-0.06735788873367975,-0.7834690483130169,0.0001363650357919,0.008422922535398695,-0.008286557499606795,-0.6779949124397079,0.0071770690012443,0.01393684838026049,-0.00675977937901619,-0.6446774145904202,0.0093089392852928,0.0156981634225059,-0.006389224137213099,-0.5574115234579325,0.0074015504457422,0.016107729536004124,-0.008706179090261924,-0.6794592859755597,0.0388126662781238,0.06304714502586785,-0.02423447874774405,-0.5911812811408286,0.0,0.1810344827586207,-0.1810344827586207,-0.7994563370082249,1.0,0.9137931034482759,0.08620689655172409,0.15134153492150051,0.0885200563432521,0.12506746015590842,-0.03654740381265632,-0.7253539055234407,0.1130934712936753,0.17143844030604233,-0.058344969012367034,-0.71624125686319,0.1917808219178082,0.1861124232404346,0.005668398677373621,0.06071456536676831
u0071,realcartest,142.0,144.0,2142.0,2144.0,30.0,not_used,2.75,3.4051724137931036,-0.6551724137931036,-0.38426990548543555,0.0,0.06896551724137931,-0.06896551724137931,-0.31822291367029204,0.001982612353498,0.024518949001030858,-0.022536336647532858,-0.6534765932272212,0.0033811397232218,0.06569102606262917,-0.062309886339407365,-0.7701394343441109,0.0004129677953487,0.008539827842944839,-0.008126860047596138,-0.666314208383367,0.0065780199770254,0.014209100411737325,-0.0076310804347119255,-0.7343120540300225,0.007503921075892,0.015897403129856404,-0.008393482053964403,-0.7387827780460625,0.0067154154812191,0.016392234794116924,-0.009676819312897824,-0.7599616659568121,0.0341905984091446,0.06461182362434005,-0.030421225215195448,-0.7674414739687095,0.0,0.1810344827586207,-0.1810344827586207,-0.7994563370082249,0.75,0.9396551724137931,-0.18965517241379315,-0.3486358577742211,0.0692503866562516,0.12346674366717487,-0.05421635701092327,-1.0735899219230947,0.0920556051819272,0.17278560764265172,-0.08073000246072452,-0.9926108587486611,0.1506849315068493,0.19036372224846482,-0.03967879074161551,-0.42857142857142877
u0072,realcartest,144.0,146.0,2144.0,2146.0,30.0,not_used,3.0,3.5172413793103448,-0.5172413793103448,-0.31365073422390277,0.0,0.06896551724137931,-0.06896551724137931,-0.31822291367029204,0.0025268417894767,0.022445154786156454,-0.019918312996679753,-0.649831056816522,0.0044510801096395,0.060612723938413916,-0.056161643828774414,-0.746285897548259,0.0001142639229266,0.007864410407677675,-0.0077501464847510755,-0.6459926969351123,0.0081642833833289,0.014003368228339435,-0.005839084845010535,-0.5516230235013388,0.0088881304713453,0.015651083960733527,-0.0067629534893882265,-0.5853243745545881,0.0084096547982264,0.016023378166474,-0.007613723368247598,-0.585568640550708,0.0022751226584286,0.062011252848178905,-0.059736130189750304,-1.4918488293566718,0.0,0.16379310344827586,-0.16379310344827586,-0.7429587926554864,0.0,0.9224137931034483,-0.9224137931034483,-1.654595212742274,0.0760354277074885,0.12130255097220481,-0.04526712326471631,-0.9021958433951668,0.0904783476732598,0.17092179966284154,-0.08044345198958175,-0.9820638614152029,0.1643835616438356,0.19650448748228622,-0.03212092583845061,-0.35996475258210514
u0073,realcartest,146.0,148.0,2146.0,2148.0,30.0,not_used,3.5,3.646551724137931,-0.14655172413793105,-0.09201430057933005,0.0,0.06896551724137931,-0.06896551724137931,-0.31822291367029204,0.0030502957038882,0.019433854332269074,-0.016383558628380875,-0.7317413956773883,0.004853587028952,0.05392177681593682,-0.04906818978698482,-0.7656596640128304,0.0005024035037723,0.006428443336541542,-0.005926039832769242,-0.6121157792746095,0.0065053321219315,0.013577943893245091,-0.0070726117713135915,-0.6534465833157899,0.0049094344630013,0.014940091294850388,-0.010030656831849089,-0.8549116545512048,0.0066997301122981,0.015272121016808866,-0.008572390904510768,-0.6509130426016977,0.0316255425272615,0.05915219178725578,-0.027526649259994283,-0.7126316217644519,0.0,0.14655172413793102,-0.14655172413793102,-0.6883098806520787,0.75,0.9224137931034483,-0.1724137931034483,-0.3092701332228549,0.0804478566455722,0.11897301499043152,-0.03852515834485931,-0.7825007109298736,0.1064839787575664,0.16788336656913963,-0.061399387811573225,-0.754102436083935,0.1917808219178082,0.20358998582900328,-0.011809163911195075,-0.13764967215355894
u0074,realcartest,148.0,150.0,2148.0,2150.0,30.0,not_used,2.25,3.75,-1.5,-0.9495021875409649,0.0,0.06896551724137931,-0.06896551724137931,-0.31822291367029204,0.0033088565873865,0.01858146426563056,-0.015272607678244062,-0.7367431303065298,0.0046444039845826,0.04962295918354713,-0.04497855519896453,-0.7761193188888222,0.0004640077499517,0.00567345420296839,-0.00520944645301669,-0.5614037431061695,0.0034439257810423,0.01307848416656557,-0.009634558385523271,-0.8710944862651959,0.0034107239890116,0.014456040880307974,-0.011045316891296373,-0.922775611807937,0.003591549018079,0.014635200971892784,-0.011043651953813785,-0.824732723154132,0.0218670134552724,0.05713016257382499,-0.03526314911855259,-0.879628740648919,0.0,0.14655172413793102,-0.14655172413793102,-0.6883098806520787,0.5,0.896551724137931,-0.39655172413793105,-0.6816498108607268,0.0514707570320199,0.11910593343119266,-0.06763517639917277,-1.3740078753053946,0.0644987358802337,0.16596637324080354,-0.10146763736056984,-1.2421222925755164,0.1232876712328767,0.2092583845063769,-0.0859707132735002,-1.0135855282610853
u0075,realcartest,150.0,152.0,2150.0,2152.0,30.0,not_used,2.0,3.8706896551724137,-1.8706896551724137,-1.2176032906657075,0.0,0.07758620689655173,-0.07758620689655173,-0.3546496828075953,0.0036846721936288,0.01821887859676362,-0.014534206403134818,-0.721214110387033,0.0050025129248873,0.047019600342520076,-0.04201708741763278,-0.7651119729593053,0.0001390231364166,0.004468717495982769,-0.00432969435956617,-0.6440884473017506,0.0057633407420193,0.011968397046283406,-0.0062050563042641066,-0.5851214153560905,0.0049566665196331,0.01380435423771559,-0.00884768771808249,-0.7271417655754009,0.0059355900917165,0.01350280192568724,-0.0075672118339707405,-0.5774846417236396,0.0016621975261697,0.05320694496384306,-0.05154474743767336,-1.4702145885635338,0.0,0.1206896551724138,-0.1206896551724138,-0.6659120918162917,0.0,0.8620689655172413,-0.8620689655172413,-1.5004126702342762,0.049651087392816,0.11598842618408499,-0.06633733879126899,-1.419529835098221,0.0592917584687013,0.1615020539477366,-0.10221029547903529,-1.29532381114683,0.1095890410958904,0.21634388285309397,-0.10675484175720357,-1.2946666452167552
u0076,realcartest,152.0,154.0,2152.0,2154.0,30.0,not_used,2.0,3.896551724137931,-1.896551724137931,-1.237949321745209,0.0,0.08620689655172414,-0.08620689655172414,-0.3910309435028876,0.0041964293158498,0.018371467056494808,-0.014175037740645009,-0.6950320975293569,0.0053061051872188,0.042898421579628664,-0.03759231639240986,-0.7903615331410094,0.0002619308957764,0.0038224615258505516,-0.0035605306300741514,-0.6020415050757998,0.0056788695754653,0.010482951063021365,-0.004804081487556065,-0.5407855638148379,0.005105867969233,0.012392270365890435,-0.007286402396657434,-0.6589829548529453,0.0060862183203352,0.011558419230415336,-0.005472200910080136,-0.5309170270926135,0.0016889526399967,0.05012712025752271,-0.04843816761752601,-1.4038895788846784,0.0,0.11206896551724138,-0.11206896551724138,-0.6197506830096351,0.0,0.8362068965517241,-0.8362068965517241,-1.430497986334906,0.0496307193862704,0.11172186807586697,-0.062091148689596566,-1.4502925618481324,0.0594002876548319,0.1533736066816791,-0.09397331902684719,-1.3290218747832574,0.1095890410958904,0.21823334907888517,-0.10864430798299476,-1.3219264083811453
u0077,realcartest,154.0,156.0,2154.0,2156.0,30.0,not_used,2.5,4.008620689655173,-1.5086206896551726,-1.0130680976663828,0.0,0.07758620689655173,-0.07758620689655173,-0.4151390436129983,0.0039782071121735,0.018701001727941077,-0.014722794615767577,-0.7115222188121492,0.0056124594557331,0.04038932037127938,-0.034776860915546284,-0.7970955763021069,0.0014324467742948,0.0033847449058713066,-0.0019522981315765067,-0.37210296567125284,0.0065629968901248,0.010337285248229489,-0.003774288358104689,-0.4199762784656489,0.0047347241769049,0.012111708782311416,-0.007376984605406516,-0.6596222227632259,0.0067591701776557,0.011405661813057015,-0.004646491635401315,-0.4463312419752796,0.0418445923266613,0.04847885456517614,-0.006634262238514835,-0.20205417611328266,0.0,0.10344827586206896,-0.10344827586206896,-0.6172133998483675,1.0,0.8017241379310345,0.19827586206896552,0.3652174174061293,0.0702898611460496,0.11065241552357898,-0.04036255437752938,-0.9503975036951385,0.0918494455272182,0.1530393921021844,-0.061189946574966195,-0.8664633871708504,0.136986301369863,0.22390174775625885,-0.08691544638639584,-1.0472140015625606
u0078,realcartest,156.0,158.0,2156.0,2158.0,30.0,not_used,4.0,4.043103448275862,-0.0431034482758621,-0.028844447124627883,0.0,0.0603448275862069,-0.0603448275862069,-0.35629061899150133,0.0081354666732628,0.019218983103464923,-0.011083516430202122,-0.5209474994538396,0.0362409404905351,0.036704118634801726,-0.000463178144266628,-0.013220026909507179,0.0023061859407781,0.0026101641469511755,-0.00030397820617307546,-0.10557649562196514,0.0081280450781915,0.009592126005329115,-0.0014640809271376145,-0.1687800926112132,0.0142587598477648,0.010789403187674683,0.003469356660090118,0.3780995377681032,0.0091543205404633,0.010558538141605107,-0.0014042176011418075,-0.1401123842427441,0.0703471318544457,0.04606922896181662,0.02427790289262908,0.7766315083284244,0.25,0.09482758620689655,0.15517241379310345,0.9332565252573829,1.5,0.7758620689655172,0.7241379310344828,1.344043010064494,0.1087691516396898,0.10880451368568844,-3.536204599864645e-05,-0.0008501643789899603,0.1516618997367859,0.14840803364354285,0.0032538660932430463,0.048695863027719305,0.2191780821917808,0.2248464808691544,-0.005668398677373593,-0.0680895588411385
u0079,realcartest,158.0,160.0,2158.0,2160.0,30.0,not_used,5.75,4.025862068965517,1.724137931034483,1.1602052352546235,0.0,0.0603448275862069,-0.0603448275862069,-0.35629061899150133,0.0064111507746263,0.02074945262158989,-0.014338301846963589,-0.6537068406676592,0.0357217233562699,0.03760063546182029,-0.0018789121055503913,-0.05261356971843614,0.0019662768258722,0.0023945928578968452,-0.0004283160320246453,-0.17196763480814214,0.0149085446575997,0.008726307267090744,0.006182237390508955,0.7702542119222238,0.0171273837005988,0.010155147975347183,0.006972235725251618,0.7871662812551372,0.0159262665964408,0.009608804886453751,0.00631746170998705,0.6750134348046138,0.0766906659397571,0.04395934570585563,0.03273132023390147,1.0696032830638806,0.0,0.07758620689655173,-0.07758620689655173,-0.5231143743471868,2.0,0.75,1.25,2.34359216640273,0.1511048875229781,0.10635706079911006,0.04474782672386804,1.1187217473776936,0.2156667567223876,0.14397158915899233,0.07169516756339528,1.1290658211713789,0.3150684931506849,0.22390174775625885,0.09116674539442607,1.1005059194342597
u0080,realcartest,160.0,162.0,2160.0,2162.0,30.0,not_used,6.25,4.051724137931035,2.1982758620689653,1.4821073236360982,0.0,0.04310344827586207,-0.04310344827586207,-0.2916059217599022,0.0054317310492225,0.02248186991234443,-0.01705013886312193,-0.7597903105573182,0.0149341477521994,0.03994351401510768,-0.025009366262908277,-0.6955991236950159,0.000879714685028,0.002468028162745138,-0.0015883134777171378,-0.624944933616763,0.0117853191245262,0.008192943911822542,0.0035923752127036586,0.4469081456874397,0.0155471337918795,0.009816286758060223,0.005730847033819278,0.6364794489637471,0.0125740864897246,0.009067825655791863,0.003506260833932736,0.3727302040564067,0.0675017967207063,0.041927803978098026,0.025573992742608277,0.8622774624338362,0.0,0.06896551724137931,-0.06896551724137931,-0.4747126632775413,1.5,0.7327586206896551,0.7672413793103449,1.439232855860761,0.1485491983045091,0.10639442099707659,0.042154777307432514,1.0540781625120188,0.2041008335827129,0.14211567270918474,0.06198516087352815,0.9780582972798991,0.3424657534246575,0.22437411431270662,0.11809163911195089,1.425340440460842
u0081,realcartest,162.0,164.0,2162.0,2164.0,30.0,not_used,6.75,4.103448275862069,2.6465517241379306,1.7876049044743012,0.0,0.04310344827586207,-0.04310344827586207,-0.2916059217599022,0.0076018579733092,0.024025893941905508,-0.016424035968596307,-0.727127085983334,0.0299726556605222,0.04237524813186534,-0.012402592471343142,-0.34492260641417216,0.0016038053448182,0.0025330678577445863,-0.0009292625129263862,-0.3682316241793036,0.0200002298893863,0.008189620462450886,0.011810609426935412,1.4690432030997507,0.0247926679149732,0.00970473983961948,0.015087928075353719,1.6696142191214258,0.0213636505720802,0.009065770006712841,0.01229788056536736,1.3071923366235236,0.03717448227092,0.03830481825786455,-0.0011303359869445431,-0.04326098268910063,0.0,0.05172413793103448,-0.05172413793103448,-0.4285714285714286,0.5,0.7068965517241379,-0.2068965517241379,-0.3848012206769194,0.1691998519289467,0.10445674077319168,0.06474311115575503,1.6727020965258554,0.2362285552643616,0.14160805338734644,0.09462050187701515,1.4937325681668592,0.3698630136986301,0.22720831365139346,0.14265470004723665,1.7265319393473766
u0082,realcartest,164.0,166.0,2164.0,2166.0,30.0,not_used,7.5,4.198275862068965,3.3017241379310347,2.2826753396947836,0.0,0.04310344827586207,-0.04310344827586207,-0.2916059217599022,0.0085382073630463,0.025493137951763212,-0.016954930588716912,-0.7523473596632426,0.0225891263056594,0.044870138453059746,-0.022281012147400345,-0.6238455589141194,0.0031636036088391,0.002734284776063355,0.0004293188327757448,0.1657859569533819,0.0221952348492091,0.008033317783902183,0.014161917065306917,1.7439900549856864,0.0187179999461356,0.009602375540678994,0.009115624405456605,1.0017935499401205,0.0238871380925488,0.008905907873089598,0.014981230219459202,1.5788751232977853,0.0577068962506551,0.036396434139580186,0.021310462111074915,0.8779806989354114,0.25,0.04310344827586207,0.20689655172413793,1.7988760535900676,1.25,0.7068965517241379,0.5431034482758621,1.0101032042769138,0.1696240027172566,0.10512516963730167,0.06449883307995494,1.6692773089793043,0.2627983304301757,0.14268305435785292,0.12011527607232278,1.9042003903518823,0.410958904109589,0.23240434577231928,0.17855455833726974,2.2142019082695876
u0083,realcartest,166.0,168.0,2166.0,2168.0,30.0,not_used,6.25,4.310344827586207,1.9396551724137927,1.388624353738233,0.0,0.04310344827586207,-0.04310344827586207,-0.2916059217599022,0.0265054069697538,0.02690472358844347,-0.0003993166186896692,-0.0178830504667764,0.0719000227324429,0.04739983731124561,0.024500185421197293,0.6948967109159734,0.0060584313442826,0.003018220378902721,0.003040210965379879,1.1044566940561071,0.0380132975159272,0.007854297195365217,0.03015900032056198,3.7092182253467203,0.0416408688930728,0.009354063001724682,0.03228680589134812,3.585873906510345,0.0452957945298577,0.008722985566705055,0.036572808963152646,3.845819094728577,0.0797803193085937,0.03827101087830374,0.04150930843028995,1.7508869507685343,0.0,0.04310344827586207,-0.04310344827586207,-0.37476584449793077,1.75,0.75,1.0,1.8892407917549234,0.2260570572797565,0.1062247300146322,0.1198323272651243,3.1165657059093106,0.3355195024543571,0.14562282383322508,0.189896678621132,3.055373722527003,0.3424657534246575,0.23854511100614076,0.10392064241851676,1.3360104902630567
u0084,realcartest,168.0,170.0,2168.0,2170.0,30.0,not_used,3.75,4.370689655172414,-0.6206896551724137,-0.45825491756507697,0.0,0.04310344827586207,-0.04310344827586207,-0.2916059217599022,0.0520988105446917,0.028666304030462986,0.02343250651422871,1.051641098510691,0.1037084296203605,0.04994679668598289,0.053761632934377614,1.5553928129301786,0.0100779864668,0.0031033760212999862,0.0069746104455000145,2.5807180466838524,0.0171930206202227,0.007679281697683075,0.009513738922539625,1.156978890426318,0.0257042058978061,0.009352876687959607,0.016351329209846492,1.8159519329984022,0.0223665056468904,0.008548433903598267,0.013818071743292134,1.439077998339395,0.0843345912492476,0.03724293400150351,0.047091657247744084,1.9487707715807248,0.5,0.04310344827586207,0.4568965517241379,3.972517951678066,1.25,0.7241379310344828,0.5258620689655172,0.9833594673342206,0.1364048084812704,0.10715379138549858,0.029251017095771825,0.7710769274134469,0.2113206548081313,0.1465056848016506,0.0648149700064807,1.0534119932761672,0.2054794520547945,0.24185167690127535,-0.03637222484648084,-0.4824008435195782
u0085,realcartest,170.0,172.0,2170.0,2172.0,30.0,not_used,4.25,4.396551724137931,-0.1465517241379306,-0.10898331589369935,0.0,0.04310344827586207,-0.04310344827586207,-0.2916059217599022,0.055805989599584,0.030431419683909996,0.025374569915674005,1.148650933129204,0.1028604178644578,0.052485759504109844,0.05037465836034796,1.495192556540091,0.0075222340767752,0.0031911647402871586,0.004331069336488041,1.6371284800000825,0.0144404687548228,0.007448553981343416,0.006991914773479383,0.8396695155606515,0.0128972712015412,0.009062508838603597,0.003834762362937604,0.41975010638024424,0.0167793484047863,0.0083118749513997,0.0084674734533866,0.871923599299399,0.0516417823506325,0.03637699922193577,0.015264783128696731,0.622035239978254,0.0,0.04310344827586207,-0.04310344827586207,-0.37476584449793077,0.75,0.6982758620689655,0.051724137931034475,0.09597850322264757,0.0974502526759394,0.10758994086357748,-0.01013968818763808,-0.2683098150740021,0.1838535960476572,0.14656818088823984,0.03728541515941736,0.6063108157469663,0.2328767123287671,0.24326877657061874,-0.010392064241851628,-0.13887936880135957
u0086,realcartest,172.0,174.0,2172.0,2174.0,30.0,not_used,4.25,4.474137931034483,-0.2241379310344831,-0.17083833075754074,0.0,0.04310344827586207,-0.04310344827586207,-0.2916059217599022,0.0536459528104272,0.0319250978344059,0.021720854976021303,1.0067556885888544,0.0764248004425202,0.05500050394403577,0.02142429649848443,0.6564374821002688,0.0019811899885722,0.0031849399180086616,-0.0012037499294364614,-0.4538579296936619,0.0012767880891751,0.007497982359149437,-0.006221194269974337,-0.7472076398269307,0.0032266500196618,0.009101979651137338,-0.005875329631475538,-0.6434151893760085,0.0014760711942341,0.008367193213252239,-0.006891122019018139,-0.7099438953295957,0.0194464682137899,0.035279807772675524,-0.015833339558885624,-0.6255161216819429,0.0,0.04310344827586207,-0.04310344827586207,-0.3747658444979308,0.25,0.6724137931034483,-0.4224137931034483,-0.763021458333767,0.0985787583374751,0.109114370194085,-0.010535611856609894,-0.2839865646923973,0.1193549494285457,0.1485818569294794,-0.029226907500933694,-0.48207316872580197,0.2328767123287671,0.24752007557864902,-0.014643363249881913,-0.20079977707684998
u0087,realcartest,174.0,176.0,2174.0,2176.0,30.0,not_used,4.75,4.508620689655173,0.2413793103448274,0.18774618164010354,0.0,0.04310344827586207,-0.04310344827586207,-0.2916059217599022,0.0500368905717707,0.033765280862266725,0.016271609709503976,0.7652638779696096,0.076544334477469,0.057476833079721304,0.019067501397747696,0.6070679460498576,0.0038071963542148,0.003275256323762145,0.000531940030452655,0.20538035441253272,0.0016267470627175,0.0072299481205534135,-0.0056032010578359135,-0.665092765985927,0.0020584468890517,0.008814478957511555,-0.0067560320684598545,-0.7292802526322374,0.0018364935406575,0.008092613350238842,-0.006256119809581342,-0.6374997679017098,0.0385914344241329,0.03560372089859625,0.002987713525536652,0.11976981975164837,0.0,0.04310344827586207,-0.04310344827586207,-0.37476584449793077,0.5,0.6810344827586207,-0.18103448275862066,-0.3322052985133746,0.1064371041878677,0.10986640682508497,-0.003429302637217274,-0.09359704169094846,0.1385735444221668,0.14921307230900552,-0.010639527886838723,-0.17699385393664513,0.2602739726027397,0.24940954180444022,0.01086443079829949,0.15207463320070344
u0088,realcartest,176.0,178.0,2176.0,2178.0,30.0,not_used,5.0,4.525862068965517,0.4741379310344831,0.37177440912012133,0.0,0.04310344827586207,-0.04310344827586207,-0.2916059217599022,0.0486331982351764,0.035588189301986754,0.013045008933189647,0.6267823196663301,0.0764947598022954,0.05994664366459757,0.016548116137697834,0.5524035408834974,0.0001504218254259,0.003260590138384583,-0.0031101683129586832,-1.1930828330357155,0.000899644662454,0.007030777247855493,-0.006131132585401493,-0.7206875661330183,0.001884241464151,0.008689672039966755,-0.006805430575815755,-0.7286475013417436,0.0011147368653264,0.007890362051840193,-0.0067756251865137935,-0.6843924401734847,0.0003663589961193,0.0345202731056447,-0.034153914109525396,-1.3256640832614788,0.0,0.04310344827586207,-0.04310344827586207,-0.3747658444979308,0.0,0.6551724137931034,-0.6551724137931034,-1.1727054597118984,0.1177640537713174,0.1105669134613893,0.007197140309928102,0.19847547616363126,0.1277082249571543,0.1491988491270037,-0.0214906241698494,-0.3574468607565679,0.273972602739726,0.2503542749173358,0.023618327822390206,0.33334814913587607
u0089,realcartest,178.0,180.0,2178.0,2180.0,30.0,not_used,5.0,4.586206896551724,0.4137931034482758,0.34318998843609133,0.25,0.04310344827586207,0.20689655172413793,1.3997084244475304,0.0456987010687443,0.037400596135072475,0.008298104933671828,0.4107493222823851,0.0764051181013282,0.06242927106948852,0.013975847031839683,0.49555293774140596,0.0045844514715656,0.00324664775592522,0.0013378037156403797,0.5100697356650575,0.0008726278959948,0.006936359562489991,-0.006063731666495191,-0.7082439187108238,0.0010121883822167,0.008630041935595611,-0.007617853553378911,-0.812244930764446,0.0010047300119218,0.007793992561292421,-0.006789262549370621,-0.6819931234481413,0.0464495896762165,0.03377298876439407,0.012676600911822426,0.47970930306872067,0.0,0.04310344827586207,-0.04310344827586207,-0.37476584449793077,0.5,0.6379310344827587,-0.13793103448275867,-0.24164883733207085,0.1107078610386363,0.1122615638784744,-0.0015537028398381059,-0.04494418503606026,0.1490365674030006,0.15062912555045493,-0.0015925581474543204,-0.027193578652383425,0.2876712328767123,0.2536608408124705,0.034010392064241834,0.5077983187358371
u0090,realcartest,180.0,182.0,2180.0,2182.0,30.0,not_used,4.0,4.655172413793103,-0.6551724137931032,-0.5906933979203962,0.25,0.04310344827586207,0.20689655172413793,1.3997084244475304,0.0527114783299351,0.03920375774543858,0.013507720584496521,0.6951450489042523,0.0766216773378093,0.06490474139108839,0.011716935946720908,0.4484513503322071,0.0026753978107367,0.003242732674729145,-0.0005673348639924449,-0.21592173865758002,0.000977377724287,0.00675198925777118,-0.00577461153348418,-0.6681946586644629,0.0017571996529758,0.008503292607999625,-0.006746092955023825,-0.7137134782872295,0.0011733513235563,0.007605701012295221,-0.0064323496887389205,-0.6406926668830597,0.0132942775343254,0.033718641372302884,-0.020424363837977483,-0.770931231398372,0.0,0.04310344827586207,-0.04310344827586207,-0.3747658444979308,0.25,0.6379310344827587,-0.3879310344827587,-0.6796373549964491,0.093115911767516,0.11404229083145342,-0.02092637906393742,-0.6424877053824194,0.1150279991756548,0.15221096560637778,-0.03718296643072298,-0.6562003961053038,0.2328767123287671,0.25743977326405293,-0.02456306093528582,-0.39863424573307865
u0091,realcartest,182.0,184.0,2182.0,2184.0,30.0,not_used,5.0,4.724137931034483,0.2758620689655169,0.27625241578600634,0.75,0.04310344827586207,0.7068965517241379,4.782337116862395,0.0418403381454404,0.04098984339212522,0.0008504947533151813,0.04599928136933954,0.0767516794956841,0.06736909885899328,0.009382580636690813,0.3968586629370622,0.005765718747149,0.0032367431470973753,0.002528975600051625,0.9599528141282646,0.0019563041158151,0.006600470709500708,-0.0046441665936856075,-0.5339389787050113,0.0031655876914146,0.008389564416792861,-0.005223976725378261,-0.5492015412410786,0.002259581824003,0.007444457288918334,-0.005184875464915334,-0.5133459896049418,0.0594901496089416,0.0336745509011616,0.025815598707779996,0.9724347654953795,0.25,0.04310344827586207,0.20689655172413793,1.7988760535900674,1.0,0.6379310344827587,0.3620689655172413,0.6343281979966856,0.1093845895091098,0.11577505421420643,-0.006390464705096632,-0.21049182705869937,0.1670265715082185,0.15388071829738117,0.013145853210837333,0.2408563236796723,0.3150684931506849,0.2612187057156353,0.05384978743504959,0.9704324450649735
u0092,realcartest,184.0,186.0,2184.0,2186.0,30.0,not_used,4.75,4.775862068965517,-0.025862068965516904,-0.028184238144540158,0.0,0.04310344827586207,-0.04310344827586207,-0.2916059217599022,0.0501176911658533,0.04278225084242614,0.007335440323427166,0.4241266889334643,0.0768298734854518,0.0698143820275846,0.007015491457867201,0.3405624803882659,0.0041840612432294,0.0031880056727489493,0.000996055570480451,0.3716505413335336,0.0028623113091859,0.0063949265456617315,-0.0035326152364758313,-0.4029651792038216,0.0077346637968311,0.008262242931017134,-0.0005275791341860341,-0.055045303375519536,0.0033820408488574,0.007236086731352076,-0.0038540458824946762,-0.3788055353143029,0.0332623296342785,0.03223743982301626,0.001024889811262239,0.03769839771791795,0.0,0.04310344827586207,-0.04310344827586207,-0.3747658444979308,0.5,0.603448275862069,-0.10344827586206895,-0.17896499588156806,0.1028310166342237,0.11683745062537441,-0.014006433991150716,-0.478543701335801,0.139956127486689,0.15436019751344332,-0.014404070026754312,-0.266290852992794,0.2602739726027397,0.26405290505432216,-0.0037789324515824507,-0.07411220744806711
u0093,realcartest,186.0,188.0,2186.0,2188.0,30.0,not_used,4.5,4.775862068965517,-0.2758620689655169,-0.30063187354176524,0.0,0.04310344827586207,-0.04310344827586207,-0.2916059217599022,0.0514667956839868,0.04443234341277829,0.007034452271208511,0.4353978275179112,0.0768031765683697,0.0712020569338617,0.005601119634508003,0.2854267404379808,0.0042159305090245,0.0031106931931425166,0.0011052373158819836,0.4039372453658844,0.0028569500853966,0.006134540675134331,-0.0032775905897377312,-0.3714754696155056,0.0058018093163877,0.007800536211467472,-0.0019987268950797726,-0.2080502821012972,0.0030780775395174,0.0069430678802918835,-0.0038649903407744833,-0.3775542430494129,0.0240841761235192,0.029815791635878334,-0.005731615512359133,-0.21379255675726538,0.0,0.034482758620689655,-0.034482758620689655,-0.31822291367029204,0.5,0.5517241379310345,-0.051724137931034475,-0.09197090092274486,0.0986847849505848,0.11657820918419158,-0.017893424233606778,-0.6091938880771505,0.1306327867400378,0.15277311784297198,-0.022140331102934174,-0.4038900989975497,0.2465753424657534,0.26405290505432216,-0.01747756258856875,-0.3427689594473088
u0094,realcartest,188.0,190.0,2188.0,2190.0,30.0,not_used,4.25,4.7155172413793105,-0.4655172413793105,-0.5120841882223452,0.0,0.04310344827586207,-0.04310344827586207,-0.2916059217599022,0.0532256227126712,0.0461391374182718,0.007086485294399397,0.48577699307043687,0.0764474172159572,0.07261376819527651,0.003833649020680688,0.20769073190938142,0.005238296164594,0.0030439058094590913,0.0021943903551349085,0.787520170097108,0.000544305919908,0.0056298007689596355,-0.005085494849051636,-0.5828691781509403,0.0012088008157606,0.007240390394130023,-0.006031589578369423,-0.633572047521607,0.0006624318961832,0.006404857282063356,-0.005742425385880156,-0.5651722965516315,0.0274675977852825,0.027173815373167532,0.00029378241211496653,0.011379637238326194,0.0,0.034482758620689655,-0.034482758620689655,-0.31822291367029204,0.5,0.4827586206896552,0.017241379310344807,0.03450327796711767,0.0994361247799405,0.11487378767283667,-0.015437662892896165,-0.5370223470307768,0.120364969593971,0.148948076558121,-0.028583106964150007,-0.5277350240281146,0.2328767123287671,0.2607463391591875,-0.02786962683042038,-0.5498910120077117
u0095,realcartest,190.0,192.0,2190.0,2192.0,30.0,not_used,4.75,4.637931034482759,0.1120689655172411,0.1288202557345301,0.0,0.04310344827586207,-0.04310344827586207,-0.2916059217599022,0.0477855258111319,0.04788250667097259,-9.698085984068822e-05,-0.007765347334833281,0.0764772491417013,0.07474035176213362,0.001736897379567684,0.11656784443550729,0.0027449099543903,0.003015065167052359,-0.00027015521266205876,-0.09604119831835625,0.0048155175289916,0.005234661612397848,-0.0004191440834062487,-0.0481960549342034,0.0054909218224151,0.006718112222696783,-0.0012271904002816832,-0.12965235277392897,0.004958333354158,0.005984590301856801,-0.001026256947698801,-0.10112230245398494,0.0147633483055171,0.024850260210559923,-0.010086911905042822,-0.4017916583293502,0.0,0.034482758620689655,-0.034482758620689655,-0.31822291367029204,0.25,0.43103448275862066,-0.18103448275862066,-0.38651034126196293,0.1034519289981151,0.11326577930482085,-0.009813850306705743,-0.3490559858159385,0.1383363226538605,0.14553081010149624,-0.0071944874476357334,-0.13397906778522217,0.2602739726027397,0.25649504015115726,0.0037789324515824507,0.0774620876522124
u0096,realcartest,192.0,194.0,2192.0,2194.0,30.0,not_used,5.0,4.551724137931035,0.4482758620689653,0.5783492692901675,0.0,0.04310344827586207,-0.04310344827586207,-0.2916059217599022,0.0452421429473281,0.04947319261142007,-0.0042310496640919765,-0.4259394923605726,0.0763222305526609,0.0763488638628826,-2.6633310221707562e-05,-0.002171380142405193,0.0063900919497498,0.003026897541801073,0.0033631944079487272,1.1978616430793474,0.0016706968730886,0.004568442981782559,-0.002897746108693959,-0.35041223830586044,0.0026300551179519,0.0059044851551989744,-0.0032744300372470744,-0.36906958858324,0.0018989943918333,0.005274624312646211,-0.0033756299208129114,-0.3458380448817695,0.0341897942299771,0.0242379322951681,0.009951861934809004,0.3978650611227844,0.0,0.034482758620689655,-0.034482758620689655,-0.31822291367029204,0.75,0.4224137931034483,0.3275862068965517,0.6979824404521129,0.1106110991638542,0.11090436724556858,-0.00029326808171438457,-0.01122615607695286,0.1420980686489511,0.14144948628179638,0.0006485823671547319,0.012696312192722712,0.273972602739726,0.25177137458667925,0.02220122815304676,0.504880405048364
u0097,realcartest,194.0,196.0,2194.0,2196.0,30.0,not_used,5.25,4.448275862068965,0.8017241379310347,1.487666799951038,0.0,0.04310344827586207,-0.04310344827586207,-0.2916059217599022,0.0433819867867877,0.0509627153414731,-0.007580728554685397,-1.2162405377474244,0.0763868339375497,0.07820962759331168,-0.0018227936557619756,-0.26496638535141653,0.0085274865842411,0.00298263909554439,0.00554484748869671,1.9695634693204174,0.004875400323695,0.003816621390073424,0.0010587789336215757,0.13937649965981358,0.0093558570863902,0.005274436319338169,0.00408142076705203,0.4754744765683595,0.0050605660115634,0.004466826879509915,0.0005937391320534856,0.06498662553291161,0.0572903776473219,0.022913029855091437,0.034377347792230464,1.4199671639273317,0.0,0.02586206896551724,-0.02586206896551724,-0.25724787771376323,1.25,0.3879310344827586,0.8620689655172413,1.9447746039610347,0.1150053481124861,0.10871369329382052,0.0062916548186655735,0.2659785466877104,0.1670262330083211,0.13660613791775325,0.03042009509056784,0.6652539903421758,0.2876712328767123,0.24610297590930558,0.041568256967406736,1.2960811950677493
u0098,realcartest,196.0,198.0,2196.0,2198.0,30.0,not_used,4.25,4.379310344827586,-0.1293103448275863,-0.3090321162863736,0.0,0.04310344827586207,-0.04310344827586207,-0.2916059217599022,0.0527271345458848,0.05190393807420915,0.0008231964716756482,0.1961385608741967,0.0761102718598192,0.07837507893163635,-0.002264807071817157,-0.3339133594666121,0.0026911049073339,0.0028523093452304973,-0.00016120443789659732,-0.05847653935231326,0.0009264996800327,0.002557779685943507,-0.001631280005910807,-0.40804831764210214,0.0064023027515344,0.003935759678804201,0.0024665430727301993,0.4791895250508021,0.0010531850844736,0.002972340984469593,-0.001919155899995993,-0.3919623098490842,0.0122048320981632,0.020846160346316183,-0.008641328248152983,-0.398314247397972,0.0,0.02586206896551724,-0.02586206896551724,-0.25724787771376323,0.25,0.33620689655172414,-0.08620689655172414,-0.23863697995167385,0.0989960060682652,0.1043070736758832,-0.005311067607618,-0.638987908252939,0.1152207347373126,0.12919390216821455,-0.013973167430901948,-0.53563731010041,0.2328767123287671,0.24232404345772315,-0.009447331128956044,-0.35702902674724996
u0099,realcartest,198.0,200.0,2198.0,2200.0,30.0,not_used,4.25,4.422413793103448,-0.1724137931034484,-0.41469150651031833,0.0,0.04310344827586207,-0.04310344827586207,-0.2916059217599022,0.0527411760148539,0.05176817867504075,0.0009729973398131461,0.22884187599784375,0.0762888510038869,0.07741554501547415,-0.0011266940115872565,-0.23408238756635275,0.0026822378864199,0.002506165900762331,0.00017607198565756889,0.07216922578820088,0.0004859652273942,0.0019846758568518173,-0.0014987106294576174,-0.5169929463915837,0.0008882716539685,0.0030917744592039178,-0.002203502805235418,-0.7076792120533414,0.0005413408319838,0.002225094211537948,-0.0016837533795541482,-0.5165848322368364,0.0137005576706594,0.017942310870411166,-0.004241753199751766,-0.23070523260355016,0.0,0.008620689655172414,-0.008620689655172414,-0.18898223650461357,0.25,0.29310344827586204,-0.043103448275862044,-0.13382193189304722,0.1011683912075403,0.10368603667351645,-0.0025176454659761455,-0.3979970159391877,0.1149058578047636,0.1262671892946872,-0.01136133148992359,-0.5418478893583066,0.2328767123287671,0.24468587623996219,-0.011809163911195075,-0.45208621853167036
u0100,realcartest,200.0,202.0,2200.0,2202.0,30.0,not_used,5.0,4.448275862068965,0.5517241379310347,1.290889400161749,0.0,0.04310344827586207,-0.04310344827586207,-0.2916059217599022,0.0452992787178791,0.05148088949992893,-0.006181610782049825,-1.4542340766123028,0.0763087284810737,0.07649664687287788,-0.00018791839180418157,-0.8647443987107964,0.0002324479492723,0.002272774391724745,-0.002040326442452445,-0.9003020370424598,0.0080114429334,0.0015056159016725655,0.0065058270317274345,3.823365677277057,0.0086485746393706,0.0026790181476766557,0.005969556491693945,2.3650606753572716,0.0083196450749427,0.0016694102617781377,0.006650234813164562,3.7804425803506563,0.0023720463805974,0.016325526511612724,-0.013953480131015324,-0.8025761408597691,0.0,0.008620689655172414,-0.008620689655172414,-0.18898223650461357,0.0,0.2672413793103448,-0.2672413793103448,-0.8500331705159766,0.1134588372409698,0.10438753898565077,0.009071298255319035,1.3515826224426413,0.1504522103778743,0.12434694085428905,0.026105269523585245,1.4553954228036732,0.273972602739726,0.2461029759093056,0.027869626830420408,1.0495628987731098
u0101,realcartest,202.0,204.0,2202.0,2204.0,30.0,not_used,4.0,4.474137931034483,-0.4741379310344831,-1.084494134247012,0.0,0.04310344827586207,-0.04310344827586207,-0.2916059217599022,0.0558921495974406,0.05118296956181201,0.004709180035628591,1.0729269671716186,0.0762646250445201,0.0764984786647348,-0.00023385362021470513,-1.0780583681152331,0.0027334396897776,0.002212117630760779,0.0005213220590168208,0.22699743867455108,0.0003912904640442,0.0017338096307852654,-0.0013425191667410653,-0.6512922142838818,0.0005506103561975,0.002966386079931425,-0.002415775723733925,-0.8053536638407037,0.0004468387708379,0.0019027788761681276,-0.0014559401053302276,-0.6841242203452058,0.0116686033101296,0.01600009567607786,-0.004331492365948259,-0.24875469337913494,0.0,0.008620689655172414,-0.008620689655172414,-0.18898223650461357,0.25,0.25862068965517243,-0.008620689655172431,-0.027096390730170297,0.0978444900064873,0.10491345940376548,-0.007068969397278177,-1.0346388451018074,0.1087835936795172,0.1255195891614016,-0.016735995481884397,-0.8964646308834873,0.2191780821917808,0.24752007557864902,-0.028341993386868214,-1.0534424808309355
u0102,realcartest,204.0,206.0,2204.0,2206.0,30.0,not_used,4.0,4.474137931034483,-0.4741379310344831,-1.084494134247012,0.0,0.06896551724137931,-0.06896551724137931,-0.3521803625302495,0.0559146404557692,0.050878222858363575,0.005036417597405626,1.060285013628706,0.076478093990364,0.07649657920860733,-1.8485218243338708e-05,-0.08528265896795664,7.708412782300549e-05,0.0021454895015380927,-0.0020684053737150872,-0.9082693973165222,0.0007293768136918,0.0017643515718028277,-0.0010349747581110277,-0.5009413306311981,0.0012900338542021,0.003050599196321801,-0.001760565342119701,-0.585441165148181,0.0008344424587373,0.0019359022079397518,-0.0011014597492024518,-0.5160614393098389,0.0002055565316666,0.015773333824002905,-0.015567777292336304,-0.9073197273185363,0.0,0.008620689655172414,-0.008620689655172414,-0.18898223650461357,0.0,0.25,-0.25,-0.7939992333804207,0.1007625490983978,0.10472244586428159,-0.003959896765883791,-0.5768746649242964,0.1060715064795136,0.12595834144448176,-0.019886834964968153,-1.0403940675671834,0.2191780821917808,0.24893717524799247,-0.02975909305621166,-1.0416425184006126
u0103,realcartest,206.0,208.0,2206.0,2208.0,30.0,not_used,4.0,4.4655172413793105,-0.4655172413793105,-1.0847835949819162,0.0,0.08620689655172414,-0.08620689655172414,-0.40961596025952024,0.0558686547468725,0.05075020955532623,0.005118445191546271,1.0536888313050237,0.07664059872642,0.07650128828543137,0.00013931044098862422,0.6386265441950585,5.967865863017348e-05,0.0023039954183012583,-0.002244316759671085,-0.9788358562063239,0.0007058129054427,0.0018354879461669313,-0.0011296750407242314,-0.5455858902505014,0.0016814509622484,0.003139440710391397,-0.001457989748142997,-0.4844573054666907,0.0007968337921936,0.002013764264861859,-0.0012169304726682589,-0.5675597767461666,0.0001957675590043,0.016776463582856664,-0.016580696023852363,-0.9708746417363929,0.0,0.008620689655172414,-0.008620689655172414,-0.18898223650461357,0.0,0.2672413793103448,-0.2672413793103448,-0.8500331705159766,0.1006156191274872,0.10405181327847207,-0.003436194150984867,-0.528829039071787,0.1059767521603205,0.12661123211472505,-0.020634479954404553,-1.0590942191427066,0.2191780821917808,0.24940954180444025,-0.03023145961265944,-1.0393116839386103
u0104,realcartest,208.0,210.0,2208.0,2210.0,30.0,not_used,4.0,4.5,-0.5,-0.9914892069294688,0.0,0.07758620689655173,-0.07758620689655173,-0.3717865731474124,0.0559763588942457,0.05055461239467287,0.005421746499572833,1.0503620649020438,0.0767911522512835,0.07650391893951636,0.00028723331176713773,1.3210751381219006,2.5485781730420418e-05,0.0023257574124535755,-0.002300271630723155,-0.9926734669028688,0.0004166019051738,0.002078881620433538,-0.0016622797152597382,-0.7102660163416651,0.0012809360193496,0.003439231369672852,-0.002158295350323252,-0.6725552613416175,0.0004751351707977,0.0022690657363369894,-0.0017939305655392894,-0.7381024467705651,8.612315552511102e-05,0.01704182883257013,-0.01695570567704502,-0.9639811561375197,0.0,0.008620689655172414,-0.008620689655172414,-0.18898223650461357,0.0,0.28448275862068967,-0.28448275862068967,-0.8382008382012573,0.101292169029208,0.10452771995187403,-0.0032355509226660306,-0.43668832672666347,0.1051651200904636,0.12805288236657494,-0.022887762276111348,-1.021077702803817,0.2191780821917808,0.2508266414737837,-0.031648559282002886,-0.9954643275241318
u0105,realcartest,210.0,212.0,2210.0,2212.0,30.0,not_used,4.0,4.568965517241379,-0.568965517241379,-1.0081330490153724,0.0,0.06896551724137931,-0.06896551724137931,-0.33391354845187293,0.0559929130697626,0.0501182642396139,0.005874648830148696,1.07090132207999,0.0767724717564609,0.07649285845992508,0.0002796132965358217,1.2750119511762517,8.823459445507845e-05,0.0023670364974767654,-0.002278801903021687,-0.9764702015679656,0.0012848316756216,0.0022799945177433517,-0.0009951628421217516,-0.40074332725364115,0.0018077504242368,0.003609692711346376,-0.001801942287109576,-0.5550757737826689,0.0014101503424055,0.0024732219022261695,-0.0010630715598206695,-0.41296280886751036,0.0004103289768994,0.018158217243104142,-0.017747888266204742,-0.9683544788403735,0.0,0.008620689655172414,-0.008620689655172414,-0.18898223650461357,0.0,0.3017241379310345,-0.3017241379310345,-0.8626867522825367,0.0998808574861075,0.10560433422792857,-0.005723476741821068,-0.7223519797380318,0.1078231156939297,0.13041237319870444,-0.022589257504774737,-0.9246228838456759,0.2191780821917808,0.2541332073689183,-0.0349551251771375,-1.0098214160756314
u0106,realcartest,212.0,214.0,2212.0,2214.0,30.0,not_used,4.0,4.586206896551724,-0.5862068965517242,-1.0028233306265322,0.0,0.04310344827586207,-0.04310344827586207,-0.26650089544451305,0.0559580231709,0.050127689380623834,0.005830333790276164,1.0655450758430371,0.0765256713448813,0.07647649022243211,4.9181122449185044e-05,0.22656070628364977,1.9060018190460853e-05,0.0023096957740019,-0.002290635755811439,-1.0095201003317738,0.0006022161387945,0.0023478696534159965,-0.0017456535146214965,-0.6981610549775011,0.0010424010894088,0.003652710682857721,-0.002610309593448921,-0.8035691135983675,0.0007164240082342,0.0025449609307953867,-0.0018285369225611867,-0.7043136910271822,0.0001683710604466,0.017225915667676735,-0.017057544607230135,-1.0136418881140274,0.0,0.0,0.0,0.0,0.0,0.28448275862068967,-0.28448275862068967,-0.8714437594827462,0.1010993570699213,0.10585017622303565,-0.004750819153114344,-0.5833241669079616,0.1057543427930199,0.13012446304118963,-0.02437012024816973,-1.0135750315651828,0.2191780821917808,0.2536608408124705,-0.03448275862068967,-1.0182192435892994
u0107,realcartest,214.0,216.0,2214.0,2216.0,30.0,not_used,4.0,4.620689655172414,-0.6206896551724137,-0.9986524202175198,0.0,0.04310344827586207,-0.04310344827586207,-0.26650089544451305,0.0559881512134749,0.04977844752527403,0.006209703688200868,1.075097347474838,0.0764835127725705,0.07645912763546932,2.43851371011794e-05,0.11719831707515002,6.412403219154157e-05,0.002608910190574903,-0.0025447861583833614,-0.8589699744100466,0.0005768548328969,0.0024095816989434657,-0.0018327268660465656,-0.7232111319017732,0.0008692649808246,0.0036937370444332556,-0.0028244720636086554,-0.8541716154528394,0.0006567738597177,0.0026016960621679107,-0.0019449222024502106,-0.7390628575850786,0.0001193344274458,0.0190045017040296,-0.0188851672765838,-0.9119976327129812,0.0,0.008620689655172414,-0.008620689655172414,-0.18898223650461357,0.0,0.33620689655172414,-0.33620689655172414,-0.7447849321690091,0.101251149845388,0.10702404983735768,-0.005772899991969685,-0.5836685291408042,0.1056365892931177,0.13190231013400916,-0.02626572084089146,-0.9916466587472154,0.2191780821917808,0.25555030703826165,-0.03637222484648084,-1.0198899149400829
u0108,realcartest,216.0,218.0,2216.0,2218.0,30.0,not_used,4.0,4.629310344827586,-0.6293103448275863,-1.0125225927205412,0.0,0.04310344827586207,-0.04310344827586207,-0.26650089544451305,0.0559081769339383,0.04963747054040081,0.006270706393537488,1.0843522120533697,0.0766613499373003,0.07644224888618568,0.00021910105111461187,1.1002638739501152,2.9442699052865257e-05,0.0026474774719467513,-0.002618034772893886,-0.8754737522519364,0.0002710873785335,0.002343194030255079,-0.0020721066517215793,-0.8136280809258516,0.0008831549978128,0.0035209150161181345,-0.0026377600183053345,-0.7938085691750411,0.0003181592478135,0.002535770093300717,-0.002217610845487217,-0.839123709744354,7.33543211437191e-05,0.01906767369094016,-0.01899431936979644,-0.9164638836538432,0.0,0.008620689655172414,-0.008620689655172414,-0.18898223650461357,0.0,0.33620689655172414,-0.33620689655172414,-0.7447849321690092,0.1016766636936851,0.10733322761974418,-0.00565656392605908,-0.5792966685289034,0.1047405594617091,0.13193109417804255,-0.027190534716333453,-1.0265989557862287,0.2191780821917808,0.2560226735947094,-0.03684459140292862,-1.0340426916839327
u0109,realcartest,218.0,220.0,2218.0,2220.0,30.0,not_used,4.0,4.655172413793103,-0.6551724137931032,-1.0553519964840343,0.0,0.04310344827586207,-0.04310344827586207,-0.26650089544451305,0.0559894393775456,0.04936951947694422,0.00661991990060138,1.1432457977059336,0.076605071191055,0.07643110799661368,0.00017396319444132335,0.8387793753449624,4.333605523276773e-05,0.0024712436590913307,-0.002427907603858563,-0.8138790090462568,0.0003262835842344,0.002603744952744304,-0.0022774613685099037,-0.8344332719344744,0.0004010668203155,0.003798182014765997,-0.003397115194450497,-0.9842706060168708,0.0003863440637345,0.0028011271902993523,-0.002414783126564852,-0.8558096622001882,0.0001186970050857,0.018201591206236042,-0.01808289420115034,-0.8660078884287982,0.0,0.008620689655172414,-0.008620689655172414,-0.18898223650461357,0.0,0.31896551724137934,-0.31896551724137934,-0.7019975612165072,0.1019169556320505,0.10782735098467672,-0.005910395352626219,-0.6083876681471494,0.1050001063405946,0.13297703237471828,-0.027976926034123675,-1.0514768347971655,0.2191780821917808,0.25743977326405293,-0.03826169107227212,-1.0777987482100087
u0110,realcartest,220.0,222.0,2220.0,2222.0,30.0,not_used,4.25,4.629310344827586,-0.3793103448275863,-0.6003225739982001,0.0,0.04310344827586207,-0.04310344827586207,-0.26650089544451305,0.053731750246286,0.04965885671218175,0.004072893534104248,0.6888692541322191,0.0766195065822426,0.07641697761804093,0.00020252896420167033,0.9312129951437416,0.0019469442125309,0.0024722558426630375,-0.0005253116301321375,-0.17608829589892835,0.0006798896015429,0.002455599372764014,-0.0017757097712211138,-0.6523872085863972,0.0011974829575368,0.0036371719800496584,-0.0024396890225128584,-0.7015651222803561,0.0007746368849731,0.002651750754029504,-0.0018771138690564038,-0.6660818515709173,0.0194169727245571,0.018104723007309427,0.0013122497172476724,0.06277811693935267,0.0,0.008620689655172414,-0.008620689655172414,-0.18898223650461357,0.25,0.31896551724137934,-0.06896551724137934,-0.15178325647924484,0.1007189022106311,0.10761878831988997,-0.006899886109258874,-0.6990605404034406,0.1178701644930656,0.1319729789246419,-0.014102814431576308,-0.5236165700339461,0.2328767123287671,0.2560226735947095,-0.023145961265942372,-0.6398808296280736
u0111,realcartest,222.0,224.0,2222.0,2224.0,30.0,not_used,4.5,4.594827586206897,-0.0948275862068968,-0.14864864864864902,0.0,0.04310344827586207,-0.04310344827586207,-0.26650089544451305,0.0517343665345841,0.05003450258517376,0.0016998639494103449,0.2849390593847085,0.0765512744881023,0.07641223968650258,0.00013903480159971338,0.6292005098772605,0.0018801086673953,0.0022547338118862263,-0.00037462514449092634,-0.1283439735556471,0.0003924086896442,0.0024195023096054654,-0.0020270936199612653,-0.7401061978651673,0.0004465837061722,0.003569903402133866,-0.0031233196959616657,-0.8885710240980613,0.0004610125315962,0.0026129442405473107,-0.0021519317089511106,-0.7588088983950845,0.019284725488432,0.016932604048865353,0.0023521214395666457,0.1124277973293187,0.0,0.008620689655172414,-0.008620689655172414,-0.18898223650461357,0.25,0.29310344827586204,-0.043103448275862044,-0.09569487529386905,0.1060944581165632,0.10729584039357595,-0.001201382277012747,-0.12110552950424416,0.1223412278729252,0.13072250818001785,-0.008381280307092648,-0.3072989058435813,0.2465753424657534,0.2541332073689183,-0.0075578649031649014,-0.2064215432764444
u0112,realcartest,224.0,226.0,2224.0,2226.0,30.0,not_used,4.25,4.551724137931035,-0.3017241379310347,-0.4755856220488139,0.0,0.04310344827586207,-0.04310344827586207,-0.26650089544451305,0.0538008662190992,0.0504728385085699,0.0033280277105292994,0.561437584186675,0.0766981115438587,0.07642372205979461,0.00027438948406408037,1.2040161258851694,0.0022788685851797,0.0019655476957104196,0.0003133208894692805,0.11649565203874031,0.0015068880961596,0.0022797942730428938,-0.0007729061768832937,-0.28485842660186783,0.0028192463175877,0.0032883516966873516,-0.00046910537909965145,-0.13944758952929098,0.0019557035736884,0.002472573891517797,-0.0005168703178293969,-0.18381185684658258,0.0198411035541113,0.014967586722761434,0.004873516831349867,0.24766943352970414,0.0,0.008620689655172414,-0.008620689655172414,-0.18898223650461357,0.25,0.25,0.0,0.0,0.0982650883595736,0.10680391764527794,-0.008538829285704347,-0.864319385642612,0.1205646657177354,0.1286370609396471,-0.008072395221911707,-0.30205349879207183,0.2328767123287671,0.25177137458667925,-0.018894662257912143,-0.5164838673134575
u0113,realcartest,226.0,228.0,2226.0,2228.0,30.0,not_used,5.0,4.560344827586207,0.4396551724137927,0.6956989454511895,0.0,0.0603448275862069,-0.0603448275862069,-0.33220529851337466,0.0481617879688084,0.050267746987286824,-0.0021059590184784246,-0.3540022908808218,0.0758819460516571,0.07643720566901392,-0.0005552596173568208,-2.5193839696201543,3.982657722318046e-05,0.002244056223617951,-0.0022042296463947704,-0.703767005847633,0.0005730095765637,0.0025240086709920765,-0.0019509990944283765,-0.6743259135301111,0.0012286345293979,0.0033719637577141305,-0.0021433292283162307,-0.617873030281781,0.0006963492318727,0.0027769571703087728,-0.0020806079384360727,-0.670216705508655,0.0001229564480022,0.01862469410810598,-0.01850173766010378,-0.6794578093741965,0.0,0.02586206896551724,-0.02586206896551724,-0.25724787771376323,0.0,0.29310344827586204,-0.29310344827586204,-0.6186933464598131,0.1183947354126354,0.1081731676390891,0.010221567773546297,0.9009604767564087,0.1264459814758379,0.13179477772341935,-0.005348796247581444,-0.1774384997579815,0.273972602739726,0.2531884742560227,0.020784128483703312,0.5675647836977223
u0114,realcartest,228.0,230.0,2228.0,2230.0,30.0,not_used,5.0,4.629310344827586,0.3706896551724137,0.5296948473031279,0.0,0.0603448275862069,-0.0603448275862069,-0.33220529851337466,0.0474746035213409,0.049743301668785656,-0.0022686981474447573,-0.35650285476623544,0.0762123717291655,0.07647267417665249,-0.00026030244748698195,-0.9616160607894546,0.0007538803146852,0.0024060810959443263,-0.0016522007812591263,-0.5054054536896657,0.0005477300546245,0.0030684055680777833,-0.0025206755134532834,-0.6631006230338542,0.0009273381672506,0.003947834656848331,-0.003020496489597731,-0.7030469904063137,0.0006645138617518,0.003406981439344173,-0.002742467577592373,-0.6475896055173642,0.0047550359454776,0.021574075946454416,-0.016819040000976816,-0.5439658861912551,0.0,0.034482758620689655,-0.034482758620689655,-0.31822291367029204,0.0,0.3448275862068966,-0.3448275862068966,-0.6350006350009526,0.1177938197278342,0.10923455958528218,0.008559260142552025,0.7098607373313233,0.128166391276111,0.13627772927254314,-0.008111337996432127,-0.2232590181008232,0.273972602739726,0.2569674067076051,0.017005196032120917,0.42682079495223124
u0115,realcartest,230.0,232.0,2230.0,2232.0,30.0,not_used,5.0,4.681034482758621,0.318965517241379,0.4107562897913491,0.0,0.0603448275862069,-0.0603448275862069,-0.33220529851337466,0.0450062746050366,0.04920979447001914,-0.00420351986498254,-0.576263305324399,0.0764779224063709,0.07649203081258268,-1.4108406211785218e-05,-0.050705498828193286,0.0002221439206172,0.0025781774650096506,-0.002356033544392451,-0.7179864647017332,0.0078944062334434,0.0034012840801409135,0.004493122153302486,0.9841482751775735,0.0115603200550501,0.0045609036209161135,0.006999416434133987,1.1874373307869905,0.0082437610115438,0.0038451306769960035,0.004398630334547796,0.8370450571267734,0.0100089739832788,0.02369263767914323,-0.01368366369586443,-0.4326475746726375,0.0,0.034482758620689655,-0.034482758620689655,-0.31822291367029204,0.0,0.3879310344827586,-0.3879310344827586,-0.6888113717879554,0.1138304504628016,0.11065700623790375,0.003173444224897848,0.2169024180121133,0.1533617503348098,0.13956685998454174,0.013794890350268069,0.33299850170158607,0.273972602739726,0.25980160604629193,0.01417099669343408,0.3243669758177744
u0116,realcartest,232.0,234.0,2232.0,2234.0,30.0,not_used,4.75,4.75,0.0,0.0,0.75,0.0603448275862069,0.6896551724137931,3.796631983009996,0.0411992361717661,0.048471624541803024,-0.007272388370036922,-0.9500058936452112,0.0764892502497726,0.0765060322969338,-1.6782047161198466e-05,-0.06065983719157732,0.0018749806067569,0.0025997073562819954,-0.0007247267495250954,-0.22065454688313413,0.0025124633522268,0.004192288389133204,-0.0016798250369064035,-0.28979239078143526,0.0045006272643726,0.006085561296139249,-0.0015849340317666489,-0.16933460224823713,0.0027970701620346,0.004758702000898655,-0.001961631838864055,-0.2931582809633575,0.0320153407139593,0.024814735351840297,0.007200605362119,0.22673204035885716,0.0,0.034482758620689655,-0.034482758620689655,-0.31822291367029204,0.25,0.4051724137931034,-0.15517241379310343,-0.2739881544965923,0.1008977115428352,0.11420166281502216,-0.013303951272186962,-0.6104044544365499,0.1512973606314907,0.14476981060450053,0.006527550026990181,0.14065288722064204,0.3013698630136986,0.26358053849787433,0.037789324515824285,0.844683022879934
u0117,realcartest,234.0,236.0,2234.0,2236.0,30.0,not_used,4.75,4.801724137931035,-0.0517241379310347,-0.06467710607469672,0.5,0.0603448275862069,0.4396551724137931,2.420352889168872,0.0449208124470935,0.04791814318777391,-0.0029973307406804123,-0.3904212644358213,0.0766313230301926,0.0765974875466574,3.3835483535193944e-05,0.06120390259751212,0.0047470934115577,0.0029753255870226475,0.0017717678245350527,0.49439525834048653,0.002962599519013,0.0050620833807281,-0.0020994838617151004,-0.3006625109048054,0.0044606453721693,0.006815543879399416,-0.0023548985072301166,-0.2409431465865643,0.0033727365160675,0.005849625661845101,-0.0024768891457776013,-0.29703189601906205,0.0294571220028783,0.028464524520201803,0.0009925974826764973,0.028630751329061857,0.0,0.05172413793103448,-0.05172413793103448,-0.37647348308289513,0.5,0.46551724137931033,0.03448275862068967,0.05639959674432493,0.0983157087828412,0.11617171566040299,-0.017856006877561795,-0.7750636514378056,0.1466420543942106,0.15071564910024257,-0.004073594706031969,-0.07863723528344688,0.2876712328767123,0.2664147378365611,0.021256495040151202,0.47834460310746146
u0118,realcartest,236.0,238.0,2236.0,2238.0,30.0,not_used,6.0,4.9655172413793105,1.0344827586206895,0.9739695071153478,0.0,0.0603448275862069,-0.0603448275862069,-0.33220529851337466,0.0400263834097966,0.046708434716951366,-0.006682051307154768,-0.7439284595927236,0.0764814070697922,0.07659157611907436,-0.00011016904928215498,-0.19912854781102962,0.0052155493019828,0.003262415237745569,0.0019531340642372306,0.5320365484797736,0.0079310444497264,0.005420251631083951,0.0025107928186424494,0.35783955131766737,0.0097061175013789,0.007314323866485885,0.0023917936348930155,0.2423893511584003,0.0084084726847006,0.006269623220874841,0.002138849463825759,0.25522176009324005,0.054145181917907,0.03200994169121594,0.022135240226691062,0.6016777069687302,0.0,0.06896551724137931,-0.06896551724137931,-0.4325904563487001,1.0,0.5344827586206896,0.4655172413793104,0.6995898669028245,0.1245091545672936,0.11973972982329592,0.004769424743997677,0.17118960772173944,0.1908444247066472,0.1570038009496869,0.033840623756960286,0.5956251350750069,0.3287671232876712,0.2753897024090694,0.05337742087860181,0.9178199472668936
u0119,realcartest,238.0,240.0,2238.0,2240.0,30.0,not_used,6.0,5.025862068965517,0.9741379310344831,0.9231336057315684,0.0,0.0603448275862069,-0.0603448275862069,-0.33220529851337466,0.0400573818332251,0.04580032901999494,-0.005742947186769834,-0.6159342551752833,0.0763009234296623,0.07657618628583115,-0.0002752628561688564,-0.4971357896217829,0.0038724912764092,0.0034442615155889475,0.0004282297608202523,0.11775363730910578,0.0068096517462716,0.006070461657123272,0.0007391900891483283,0.10007115139486544,0.006700578561508,0.008019123223222065,-0.001318544661714065,-0.13006344149190222,0.0070938801343425,0.006968124808988372,0.00012575532535412815,0.01444444891614421,0.0456695414398117,0.03534438114929251,0.010325160290519192,0.2709776310939736,0.0,0.07758620689655173,-0.07758620689655173,-0.4783446031074604,0.75,0.603448275862069,0.14655172413793105,0.20679490177425175,0.1243377257730971,0.1209560818379486,0.00338164393514849,0.12164853713059581,0.1834532333074103,0.16181989407214353,0.02163333923526678,0.3722087077115673,0.3287671232876712,0.278696268304204,0.050070854983467195,0.8694367972753428
u0120,realcartest,240.0,242.0,2240.0,2242.0,30.0,not_used,5.5,5.137931034482759,0.3620689655172411,0.3257674222938611,0.0,0.0603448275862069,-0.0603448275862069,-0.33220529851337466,0.0421136672347287,0.0446399082022074,-0.0025262409674787004,-0.25138901094837557,0.0762770006083883,0.07656704614129141,-0.0002900455329031132,-0.5249041864829903,0.0041028377663779,0.0035206954917591277,0.0005821422746187725,0.16223382946488407,0.0039246830503218,0.006440749083581717,-0.0025160660332599174,-0.33970642490027114,0.0044131088652436,0.008511776123653244,-0.004098667258409645,-0.40297683050864036,0.0043400136525103,0.007364719519661852,-0.003024705867151552,-0.34743260837316314,0.0324534039215469,0.03682961234282714,-0.004376208421280239,-0.11654931252144612,0.0,0.07758620689655173,-0.07758620689655173,-0.4783446031074605,0.5,0.6379310344827587,-0.13793103448275867,-0.19626362416793333,0.1165140073672147,0.12283496889842592,-0.006320961531211214,-0.22454812587904047,0.158677176940289,0.16598144657442987,-0.007304269634140881,-0.1250172255594745,0.3013698630136986,0.2848370335380255,0.01653282947567314,0.2739731273497532
u0121,realcartest,242.0,244.0,2242.0,2244.0,30.0,not_used,5.75,5.2155172413793105,0.5344827586206895,0.48246470678231085,0.0,0.0603448275862069,-0.0603448275862069,-0.33220529851337466,0.039989677360709,0.04363394127896755,-0.0036442639182585543,-0.35304933594233573,0.0763263584635318,0.07656532155459878,-0.0002389630910669821,-0.43229879436547936,0.0128612793238465,0.0036370560439427917,0.009224223279903708,2.6152838088029853,0.0046519606294825,0.006850678371504531,-0.002198717742022031,-0.29708069440116724,0.0089244282825216,0.008956525159027437,-3.2096876505837216e-05,-0.0031727314026067602,0.0050273596586606,0.007817706729251769,-0.0027903470705911686,-0.32110170598861665,0.0848413246885115,0.03900673835212786,0.04583458633638363,1.2325106505204937,0.25,0.07758620689655173,0.1724137931034483,1.0629880069054678,2.0,0.6810344827586207,1.3189655172413794,1.8824443498401837,0.1368733514495629,0.12398708489848079,0.012886266551082104,0.4615538959353149,0.1915136931784546,0.16981964715523634,0.021694046023218255,0.3740479322433632,0.3150684931506849,0.28908833254605565,0.025980160604629265,0.4336493076142078
u0122,realcartest,244.0,246.0,2244.0,2246.0,30.0,not_used,4.75,5.275862068965517,-0.5258620689655169,-0.4835790190570686,0.0,0.0603448275862069,-0.0603448275862069,-0.33220529851337466,0.0473784631226632,0.042587271571766616,0.0047911915508965855,0.4540204405780686,0.0763136928391435,0.07658353852112736,-0.00026984568198386294,-0.4832024338704384,0.0053343816688081,0.0037969176346245724,0.0015374640341835276,0.44358268899305536,0.0009317076934334,0.007195272947210621,-0.00626356525377722,-0.8541287611428944,0.0007899704952492,0.009578058604792593,-0.008788088109543393,-0.8654679445188073,0.0011662244423688,0.0082050351935522,-0.0070388107511834,-0.817317673518282,0.0259161637439255,0.04094470105302141,-0.015028537309095907,-0.4109501369718215,0.0,0.07758620689655173,-0.07758620689655173,-0.4783446031074605,0.5,0.7155172413793104,-0.2155172413793104,-0.31196427140531263,0.107650940639794,0.1248801647046883,-0.0172292240648943,-0.6244725411961202,0.1314675240170059,0.17300316857558293,-0.04153564455857703,-0.7298318405329564,0.2602739726027397,0.2923948984411903,-0.03212092583845061,-0.5482088580407256
u0123,realcartest,246.0,248.0,2246.0,2248.0,30.0,not_used,5.0,5.422413793103448,-0.4224137931034484,-0.3557455875263763,0.0,0.0603448275862069,-0.0603448275862069,-0.33220529851337466,0.0454550418724305,0.041257245145627466,0.004197796726803031,0.3747754055048184,0.0761243314183687,0.07729201635460489,-0.001167684936236188,-0.30689821808172385,0.0001275155917868,0.003911190015224739,-0.003783674423437939,-1.114879864653247,0.0081002826720955,0.00769783754958008,0.0004024451225154192,0.054822073193627585,0.0092495437765486,0.010167567751618967,-0.0009180239750703669,-0.09063800652659026,0.0083577877091436,0.008762386120520618,-0.0004045984113770183,-0.04700996943053407,0.0023512057288632,0.0430338016785233,-0.040682595949660096,-1.1332182246752955,0.0,0.07758620689655173,-0.07758620689655173,-0.4783446031074605,0.0,0.75,-0.75,-1.1043668630596895,0.1137657023629827,0.12745148547280166,-0.013685783109818966,-0.4758982864900239,0.1506971772975674,0.17879652690651113,-0.028099349608943724,-0.48277282868204974,0.273972602739726,0.300425129900803,-0.02645252716107699,-0.41500841671012645
u0124,realcartest,248.0,250.0,2248.0,2250.0,30.0,not_used,4.0,5.551724137931035,-1.5517241379310347,-1.2626683121895543,0.0,0.0603448275862069,-0.0603448275862069,-0.33220529851337466,0.0561763056330199,0.04023537261864498,0.015940933014374922,1.4281555501737282,0.0760674681630916,0.08073834660348492,-0.004670878440393322,-0.252460379966437,0.0027742632779698,0.00414044088848071,-0.0013661776105109097,-0.40793240131585884,0.0005192957095632,0.008376855869848826,-0.007857560160285626,-1.0426974698226794,0.0008216308156413,0.010962432523269748,-0.010140801707628449,-0.9908192240622148,0.0006264167023324,0.009651046847770777,-0.009024630145438377,-1.000887200872306,0.0119541705366452,0.045496988858740144,-0.03354281832209494,-0.9497672494765235,0.0,0.08620689655172414,-0.08620689655172414,-0.5241424183609591,0.25,0.7931034482758621,-0.5431034482758621,-0.8108974484903693,0.0974036117193001,0.12967606824581906,-0.03227245652651896,-1.1056564722165358,0.1092187726016456,0.18581086584810502,-0.07659209324645942,-1.254079646388852,0.2191780821917808,0.30751062824752007,-0.08833254605573926,-1.3443847183113273
u0125,realcartest,250.0,252.0,2250.0,2252.0,30.0,not_used,4.0,5.689655172413793,-1.6896551724137927,-1.3021028369681198,0.0,0.0603448275862069,-0.0603448275862069,-0.33220529851337466,0.0561358732640962,0.03910315630763485,0.01703271695646135,1.4943278747311777,0.0761848305380489,0.0835740766823421,-0.007389246144293191,-0.3167818057004323,8.195305722227993e-05,0.004490137428022875,-0.004408184370800595,-1.2176591116943978,0.0006238820414907,0.00924238660926606,-0.008618504567775359,-1.0736255868554752,0.0006792663583939,0.012603208199671756,-0.011923941841277857,-0.9798564024030408,0.0007736055008497,0.010683599883505635,-0.009909994382655935,-1.0286059264301972,0.0001983444350989,0.050371809246549853,-0.050173464811450956,-1.232053214261934,0.0,0.11206896551724138,-0.11206896551724138,-0.5513228042919811,0.0,0.8793103448275862,-0.8793103448275862,-1.1718720300912737,0.1012456093007479,0.13505125910910343,-0.03380564980835553,-0.9201880991530249,0.1058344170548537,0.19513552692566555,-0.08930110987081184,-1.2760416199096576,0.2191780821917808,0.3150684931506849,-0.0958904109589041,-1.3857381680065937
u0126,realcartest,252.0,254.0,2252.0,2254.0,30.0,not_used,4.0,5.758620689655173,-1.7586206896551726,-1.3678650376636128,0.0,0.08620689655172414,-0.08620689655172414,-0.39103094350288753,0.0560937285652758,0.03741175656596839,0.018681971999307413,1.4443814346233412,0.076719822763019,0.08139368550755015,-0.004673862744531146,-0.17567421762363042,0.0001410892151427,0.004444873151097736,-0.004303783935955036,-1.1757223201652227,0.0008238672633804,0.009524149342405013,-0.008700282079024613,-1.1078342767190046,0.0011908576284413,0.012844797316551172,-0.011653939688109873,-0.9716790156272241,0.0009898258897075,0.010983946242185875,-0.009994120352478375,-1.0581464215001388,0.0003048751903082,0.05326783085985047,-0.05296295566954227,-1.2795909536973238,0.0,0.12931034482758622,-0.12931034482758622,-0.6043672230190352,0.0,0.9568965517241379,-0.9568965517241379,-1.2018450060315018,0.1007395884118436,0.13814833255183295,-0.03740874413998935,-0.9861931147436607,0.1065482630375706,0.19910641926351935,-0.09255815622594875,-1.3414232454076536,0.2191780821917808,0.32026452527161076,-0.10108644307982995,-1.4541345678437392
u0127,realcartest,254.0,256.0,2254.0,2256.0,30.0,not_used,4.5,5.75,-1.25,-0.964099154385678,0.5,0.08620689655172414,0.41379310344827586,1.8769485288138603,0.0467794804286756,0.03595861877944078,0.01082086164923482,0.8092679008745138,0.0765012965271792,0.08077570915556262,-0.00427441262838342,-0.15882024932511474,0.0107678522166523,0.004816631354031723,0.005951220862620577,1.5039251878228272,0.008008717220559,0.010479345097510773,-0.002470627876951773,-0.2913541382547636,0.008827052521311,0.014567328185933977,-0.005740275664622978,-0.41385161754610944,0.0098803001694119,0.012019305466301396,-0.0021390052968894967,-0.21333922105415457,0.1182609462731551,0.06066944468007843,0.057591501593076674,1.0977675005966165,0.5,0.15517241379310345,0.3448275862068966,1.4340694787641495,1.5,1.0344827586206897,0.4655172413793103,0.5592927768283806,0.1387042558887884,0.14416337287067627,-0.005459116981887863,-0.12292896209872699,0.2067945214667072,0.2065100509334757,0.0002844705332315234,0.0039706394599182925,0.273972602739726,0.3197921587151629,-0.04581955597543691,-0.6531431218449348
u0128,realcartest,256.0,258.0,2256.0,2258.0,30.0,not_used,6.25,5.612068965517241,0.6379310344827589,0.41002421580482173,0.0,0.08620689655172414,-0.08620689655172414,-0.3910309435028876,0.0375322617783199,0.03441717500748188,0.0031150867708380214,0.21615007769665098,0.0773174377254057,0.07846465709966746,-0.0011472193742617653,-0.03831513057723105,0.0073809591838848,0.004875422347889586,0.002505536835995214,0.6427844577585714,0.0162734752428797,0.010616361012423917,0.005657114230455784,0.6775196575785217,0.0175885277288603,0.014872344986201977,0.0027161827426583247,0.1987039319711219,0.0188120446340104,0.012156994646264274,0.006655049987746126,0.6724686922467625,0.099232630982764,0.06312787314690366,0.03610475783586034,0.7048495691360389,0.25,0.1724137931034483,0.07758620689655171,0.31467762057377946,1.75,1.0517241379310345,0.6982758620689655,0.8560053398408513,0.1319487576471398,0.1450371113697167,-0.013088353722576884,-0.2965084764522602,0.2449114527293536,0.20530973193723745,0.03960172079211616,0.540649122955688,0.3424657534246575,0.31223429381199813,0.030231459612659384,0.3559512769418662
u0129,realcartest,258.0,260.0,2258.0,2260.0,30.0,not_used,6.5,5.491379310344827,1.0086206896551726,0.5846493155844313,0.0,0.11206896551724138,-0.11206896551724138,-0.44694920671214383,0.0298275699536503,0.03283582850897126,-0.003008258555320959,-0.19564759631710898,0.0768700709230486,0.07592234725007706,0.0009477236729715371,0.02871982605075252,0.0052232426521667,0.004863900156575099,0.0003593424955916011,0.09188977503194153,0.0176649197832308,0.010744129706251621,0.0069207900769791796,0.8417336845611337,0.0264275745973363,0.014962917591392606,0.011464657005943695,0.8439053298116646,0.0210259729668458,0.012286965784878031,0.008739007181967767,0.8946031986063587,0.0638103366285729,0.0687167104507198,-0.004906373822146898,-0.09197030005236664,0.0,0.20689655172413793,-0.20689655172413793,-0.7216617351891164,1.25,1.1206896551724137,0.1293103448275863,0.15995507670457385,0.1547097901669957,0.1514006643609752,0.0033091258060204964,0.06326835249679273,0.2458370010258339,0.20743863727227024,0.03839836375356365,0.5343537803831309,0.3561643835616438,0.3070382616910722,0.04912612187057164,0.53706801267873
u0130,realcartest,260.0,262.0,2260.0,2262.0,30.0,not_used,6.0,5.353448275862069,0.6465517241379306,0.3386772561745449,0.0,0.13793103448275862,-0.13793103448275862,-0.5009794328681195,0.0344852216791732,0.03134118664317341,0.00314403503599979,0.19402145821769082,0.0766706680907022,0.07338063460888246,0.0032900334818197347,0.09243001913695349,0.0033578065366756,0.00487218002859882,-0.0015143734919232199,-0.38820258784894446,0.0233304154248206,0.010621516918331459,0.01270889850648914,1.5330614129991949,0.0447656829376684,0.01468107019761605,0.030084612740052353,2.190066304937813,0.0269404071640148,0.012156363965965152,0.01478404319804965,1.5014099659630646,0.0442094358183446,0.07217001943658415,-0.027960583618239547,-0.5308395527727906,0.0,0.22413793103448276,-0.22413793103448276,-0.7762058642344918,0.75,1.1551724137931034,-0.4051724137931034,-0.5189648880093803,0.2006395307429208,0.1527158074540653,0.047923723288855496,0.9248282506019389,0.2596691616583221,0.20632506287148775,0.053344098786834354,0.7314319476371985,0.3287671232876712,0.3008974964572509,0.027869626830420324,0.2811117865714194
u0131,realcartest,262.0,264.0,2262.0,2264.0,30.0,not_used,5.5,5.224137931034483,0.2758620689655169,0.13351890521622486,0.0,0.1206896551724138,-0.1206896551724138,-0.48076197382041164,0.039863681188925,0.03003203277036124,0.009831648418563758,0.5826162769060484,0.0791302962323485,0.07123219564612562,0.007898100586222881,0.21238830969180886,0.0109700128193019,0.004923773674057758,0.006046239145244142,1.5620194585770126,0.0259534315699438,0.010734761534021425,0.015218670035922375,1.855871682038261,0.022459528768747,0.014705661537060224,0.007753867231686775,0.5651823735424586,0.0324712286261842,0.012262536435280878,0.02020869219090332,2.0702413872191716,0.1060494424141504,0.07657076074365203,0.029478681670498372,0.541534312105473,0.5,0.25,0.25,0.8309489698388165,1.75,1.1637931034482758,0.5862068965517242,0.7593145616220408,0.1578940816144422,0.15708844134731295,0.0008056402671292595,0.015314558837005426,0.2785008228560324,0.20657093471256055,0.07192988814347184,0.988632798833769,0.3013698630136986,0.29286726499763815,0.008502598016060459,0.0788533780111291
u0132,realcartest,264.0,266.0,2264.0,2266.0,30.0,not_used,8.75,5.120689655172414,3.6293103448275863,1.6800799066715937,0.0,0.10344827586206896,-0.10344827586206896,-0.4285714285714286,0.0207871090930188,0.028508690270116422,-0.007721581177097623,-0.44258640871105803,0.0764691673265123,0.06862305476724545,0.007846112559266843,0.19959314693825714,0.0083852785295949,0.004762181732604684,0.003623096796990216,0.912320785071529,0.0110926921657624,0.010742174601737398,0.0003505175640250019,0.04278075815739049,0.016146070587756,0.01464138390993301,0.0015046866778229886,0.10926212162805268,0.0129767630040561,0.0122577589700538,0.0007190040340022998,0.07362395865401351,0.1030128655184142,0.07671049423986256,0.02630237127855163,0.4842165217892105,0.5,0.25,0.25,0.8309489698388165,2.0,1.1637931034482758,0.8362068965517242,1.083139889372617,0.2040880298513823,0.155281973041266,0.048806056810116294,0.8806939681767202,0.2883331557942068,0.20350208319736582,0.084831072596841,1.1020650922891633,0.4794520547945205,0.2862541332073689,0.1931979215871516,1.6996872832998804
u0133,realcartest,266.0,268.0,2266.0,2268.0,30.0,not_used,5.75,5.0,0.75,0.3401345165691099,0.0,0.10344827586206896,-0.10344827586206896,-0.4285714285714286,0.0296412936825093,0.027189735563773274,0.0024515581187360275,0.1364701509133107,0.0763448470872309,0.06630080035206663,0.010044046735164264,0.2465348067080261,0.0052990278391884,0.004623478123867288,0.0006755497153211115,0.16792402175523527,0.0192726926603141,0.01056223203014125,0.00871046063017285,1.0482423679537352,0.0217201173646988,0.014425564204650588,0.007294553160048211,0.5249585682342679,0.0207316812260901,0.012062787287812887,0.008668893938277213,0.8759669986511806,0.0967848674397456,0.0766506874119712,0.020134180027774395,0.3704867962831392,0.25,0.25,0.0,0.0,2.0,1.1551724137931034,0.8448275862068966,1.0898311255720514,0.1365663774541356,0.15328171341534572,-0.01671533596121011,-0.2907010262714447,0.244831820641705,0.19979841745754853,0.04503340318415647,0.5627884724387217,0.3150684931506849,0.27964100141709963,0.03542749173358528,0.30398522662293015
u0134,realcartest,268.0,270.0,2268.0,2270.0,30.0,not_used,7.25,4.850574712643678,2.3994252873563218,1.053393184180876,0.0,0.10344827586206896,-0.10344827586206896,-0.4285714285714286,0.022340709353924,0.025833440431046753,-0.0034927310771227515,-0.18961247613257842,0.0765074075648078,0.06370176308113719,0.012805644483670608,0.3020855960969636,0.0023048199033903,0.004540826934842753,-0.002236007031452453,-0.5504747217821597,0.0120231670429165,0.010436525857020516,0.0015866411858959841,0.18905321323195906,0.016094684536741,0.014255425525802333,0.0018392590109386677,0.1312005067373263,0.0129113969519364,0.011932434256941338,0.0009789626949950614,0.09803884997474221,0.0434820335894039,0.07752279156987871,-0.03404075798047481,-0.6298813812262894,0.0,0.2614942528735632,-0.2614942528735632,-0.8791552447502375,1.0,1.1637931034482758,-0.1637931034482758,-0.21216142162968776,0.15436858223995,0.1527294029694069,0.0016391792705431063,0.028334349928564654,0.2285081382602336,0.19647971588127314,0.032028422378960475,0.38783711684130023,0.3972602739726027,0.27145331443867105,0.12580695953393167,1.0392305170986231
u0135,realcartest,270.0,272.0,2270.0,2272.0,30.0,not_used,6.25,4.738505747126436,1.5114942528735638,0.6507748258186747,0.0,0.10344827586206896,-0.10344827586206896,-0.4285714285714286,0.0267849823969444,0.024438069366222497,0.0023469130307219033,0.12573665151267902,0.0764756583307947,0.06124671985556262,0.01522893847523208,0.34900903851568477,0.0033935160315167,0.0044200830585204125,-0.0010265670270037126,-0.24888017859294853,0.0124901654885561,0.01042290788576246,0.002067257602793639,0.24600157002320328,0.0139401231152604,0.01423189986421053,-0.0002917767489501299,-0.020788115860058545,0.0138530530863418,0.011915185284072457,0.001937867802269344,0.19380654957706778,0.0633050253301674,0.07764250085309919,-0.014337475522931797,-0.2657700507602396,0.0,0.2614942528735632,-0.2614942528735632,-0.8791552447502375,1.25,1.1637931034482758,0.0862068965517242,0.11166390612088842,0.1345107210715127,0.15056337391836733,-0.016052652846854615,-0.26625201909089735,0.2170621596364068,0.19346864378995032,0.02359351584645647,0.2761161183733997,0.3424657534246575,0.2653125492048496,0.07715320421980792,0.6228634629555705
u0136,realcartest,272.0,274.0,2272.0,2274.0,30.0,not_used,5.75,4.57471264367816,1.1752873563218396,0.48740928716937915,0.0,0.10344827586206896,-0.10344827586206896,-0.4285714285714286,0.0256347297046475,0.02308979229746954,0.0025449374071779586,0.13462494110247533,0.0770118048018991,0.05865026729398221,0.018361537507916893,0.4091010181662814,0.0047001101619632,0.00399610223677293,0.0007040079251902703,0.1824505367318447,0.0105700975283735,0.01057432881979667,-4.231291423170691e-06,-0.0005075082274153957,0.0188937349080141,0.01418887002381819,0.0047048648841959105,0.334773994245529,0.0118892993244302,0.012057397287604453,-0.0001680979631742529,-0.016929846898298156,0.0563202527533583,0.07626963367348963,-0.019949380920131328,-0.3677170950864452,0.0,0.2614942528735632,-0.2614942528735632,-0.8791552447502375,1.0,1.1120689655172413,-0.11206896551724133,-0.14659582431644944,0.1271504642254049,0.14847823107654592,-0.021327766851141017,-0.3453528833593753,0.1979587104831686,0.1895036689536719,0.008455041529496693,0.09599935857141777,0.3150684931506849,0.25633758463234135,0.05873090851834356,0.454395796362581
u0137,realcartest,274.0,276.0,2274.0,2276.0,30.0,not_used,8.25,4.445402298850575,3.804597701149425,1.5233997091136031,0.0,0.10344827586206896,-0.10344827586206896,-0.4285714285714286,0.0173374105759029,0.021488327576208947,-0.004150917000306047,-0.2214415788827703,0.0972072071081493,0.05605220370674588,0.04115500340140342,0.895591006270172,0.0033433417364577,0.0038132804746943074,-0.0004699387382366073,-0.12000301546380918,0.0148454608472478,0.01075367808460584,0.004091782762641959,0.5000630976807231,0.0179789202557777,0.01437567271784271,0.0036032475379349903,0.2590441772880661,0.0164813361298976,0.0122297822013651,0.004251553928532499,0.4346839238203142,0.0606572724606986,0.07545058067829424,-0.014793308217595641,-0.2681044793014198,0.0,0.2614942528735632,-0.2614942528735632,-0.8791552447502375,1.0,1.0948275862068966,-0.09482758620689657,-0.12103268323730697,0.1762449659689733,0.14612323124715637,0.030121734721816923,0.46693664471362284,0.2727479510586282,0.18636071001485485,0.08638724104377335,0.9426508281482749,0.4520547945205479,0.24925208628562429,0.20280270823492363,1.5092711398522316
u0138,realcartest,276.0,278.0,2276.0,2278.0,30.0,not_used,7.75,4.307471264367816,3.442528735632184,1.3382893845092396,0.0,0.10344827586206896,-0.10344827586206896,-0.4285714285714286,0.0263551360950536,0.019954733292296495,0.006400402802757107,0.3452285263992829,0.1765486484085758,0.053470370193155696,0.12307827821542008,2.627223729017742,0.0066916113796559,0.0038191613847268525,0.002872449994929047,0.734521230184695,0.020017814872028,0.010611932995604903,0.009405881876423097,1.138384430921634,0.0234521451981881,0.014324780955267218,0.00912736424292088,0.6551778079763104,0.0261575051539891,0.012082674401788588,0.014074830752200512,1.426078644592847,0.0715511252313743,0.07775114983329713,-0.0062000246019228294,-0.11600695154010444,0.25,0.278735632183908,-0.02873563218390801,-0.09699143118556527,1.25,1.0948275862068966,0.15517241379310343,0.19805348166104764,0.1664298560495547,0.1473049722970904,0.019124883752464322,0.29780761725886945,0.3084159356468184,0.1842000727053627,0.1242158629414557,1.3330181279777746,0.4246575342465753,0.24169422138245947,0.18296331286411585,1.3176347887057098
u0139,realcartest,278.0,280.0,2278.0,2280.0,30.0,not_used,8.25,4.212643678160919,4.037356321839081,1.53399637467124,0.0,0.10344827586206896,-0.10344827586206896,-0.4285714285714286,0.0208974772269921,0.018065034184522148,0.0028324430424699516,0.16170652919795717,0.1588556788691009,0.05090697873611687,0.10794870013298404,2.2693104918004106,0.0120881438592537,0.0037371347090178865,0.008351009150235813,2.1107704935208615,0.0257802810446427,0.010782505397065845,0.014997775647576856,1.8511508125401932,0.048779977573195,0.014573051280104454,0.03420692629309055,2.487547781443965,0.030718674921284,0.01225997086989041,0.01845870405139359,1.9015761162986453,0.1607867639710385,0.08081118089488797,0.07997558307615053,1.534617992390606,0.75,0.2959770114942528,0.4540229885057472,1.54383471439077,2.75,1.1120689655172413,1.6379310344827587,2.126924898488314,0.2565994372458779,0.14911685481430248,0.10748258243157544,1.6920285081962292,0.3882853357423186,0.1842491092580749,0.20403622648424372,2.190526783539403,0.4520547945205479,0.2364981892615336,0.21555660525901432,1.5139804206419698
u0140,realcartest,280.0,282.0,2280.0,2282.0,30.0,not_used,6.5,4.117816091954023,2.3821839080459766,0.886611239982424,0.75,0.11206896551724138,0.6379310344827587,2.6361408495526564,0.0026837740262568,0.016181843513046794,-0.013498069486789993,-0.8327723994091756,0.0133199304191361,0.04834435588501572,-0.03502442546587962,-0.7276058574455905,0.0005674446365663,0.003751351185480177,-0.0031839065489138773,-0.8072906208753887,0.0085635279506739,0.011067055983626142,-0.0025035280329522413,-0.3176255895661701,0.0074526680956753,0.014702560742911487,-0.007249892647236187,-0.5316334479599469,0.0091710569333232,0.012540984142651078,-0.003369927209327878,-0.35525627045346864,0.10326935227415,0.08365902381279738,0.01961032846135262,0.39348008281484975,0.5,0.30459770114942525,0.19540229885057475,0.676357478016512,2.5,1.1379310344827587,1.3620689655172413,1.829556801698412,0.195909587955719,0.14850781679548547,0.04740177116023353,0.7399432883786027,0.237497105670685,0.18411733606274733,0.053379769607937666,0.572386281018593,0.3972602739726027,0.2317745236970556,0.16548575027554713,1.1403398910423155
u0141,realcartest,282.0,284.0,2282.0,2284.0,30.0,not_used,4.0,4.040229885057472,-0.040229885057471826,-0.014782859346544084,0.0,0.11206896551724138,-0.11206896551724138,-0.4631058249214126,0.0116598704097986,0.014296891862088584,-0.002637021452289983,-0.1812226409065244,0.05877679733622,0.04576115407604117,0.01301564326017883,0.2680722425478616,0.0130598564702653,0.0037579560726063973,0.009301900397658904,2.3620602623017373,0.0292075649942266,0.011218204311490678,0.01798936068273592,2.3288436236286736,0.052772641529689,0.014985718510390957,0.03778692301929805,2.812090236293042,0.0319811210730384,0.012692750027651632,0.01928837104538677,2.0664918796836877,0.2344879043407225,0.085890203264635,0.1485977010760875,3.131826755028605,0.75,0.30459770114942525,0.44540229885057475,1.5416971925376375,2.5,1.1896551724137931,1.3103448275862069,1.8322564272579673,0.2727012576060292,0.1481398819541546,0.12456137565187461,1.9352472323156422,0.3352699841464713,0.1834929690145114,0.1517770151319599,1.617499219317177,0.2191780821917808,0.22752322468902536,-0.008345142497244551,-0.056685950928318705
u0142,realcartest,284.0,286.0,2284.0,2286.0,30.0,not_used,1.0,3.9425287356321843,-2.9425287356321843,-1.0685361533561828,0.0,0.09482758620689655,-0.09482758620689655,-0.40994579587496144,0.0034599185820004,0.012722972711451352,-0.009263054129450951,-0.6926395256690311,0.0088614364306973,0.04318577597002813,-0.03432433953933083,-0.7028798859501016,0.0017447653991012,0.003393650221601966,-0.0016488848225007663,-0.43885562552813795,0.0045464711090449,0.010980247930047485,-0.006433776821002586,-0.8119846877192387,0.0100741217371699,0.014757749951635844,-0.004683628214465944,-0.3445107691217642,0.0046893354507962,0.012390684370869612,-0.007701348920073412,-0.8056620594030003,0.0714173819859335,0.08420519789632132,-0.012787815910387815,-0.2713033392152332,0.5,0.29885057471264365,0.20114942528735635,0.7018271288986071,0.5,1.160919540229885,-0.6609195402298851,-0.9194264567806572,0.1437331518848085,0.14702328818020519,-0.0032901362953966784,-0.050775276690065714,0.0916367305849273,0.17910298813520625,-0.08746625755027895,-0.9148911952684361,0.0547945205479452,0.22122500393638797,-0.16643048338844277,-1.117046604118232
u0143,realcartest,286.0,288.0,2286.0,2288.0,30.0,not_used,1.5,3.813218390804598,-2.313218390804598,-0.8472238655451864,0.75,0.1206896551724138,0.6293103448275862,2.4252625537755983,0.0016155550645328,0.011493619088180546,-0.009878064023647746,-0.7805151484494646,0.0024853860910437,0.040624902134111206,-0.038139516043067506,-0.7795664859823774,0.0004197367665651,0.003149505212293929,-0.002729768445728829,-0.7337965097042937,0.0042530221756279,0.010554168270390197,-0.0063011460947622975,-0.7916442305052646,0.0035539437177789,0.014304076336057198,-0.0107501326182783,-0.7839947617970442,0.0044336768815508,0.011882773005267694,-0.007449096123716893,-0.7763039555915057,0.166831317756146,0.08542736864737424,0.08140394910877177,1.6973008398012455,1.0,0.3160919540229885,0.6839080459770115,2.295262330686117,2.0,1.17816091954023,0.8218390804597699,1.1128657408525022,0.3023368564743319,0.15056154704210825,0.15177530943222364,2.2770906234054817,0.1899046459920629,0.17670802908506375,0.013196616906999137,0.13921828346140558,0.1232876712328767,0.2155566052590143,-0.09226893402613759,-0.6260212170308567
u0144,realcartest,288.0,290.0,2288.0,2290.0,30.0,not_used,1.0,3.6925287356321843,-2.6925287356321843,-1.0024630290565038,0.75,0.1206896551724138,0.6293103448275862,2.4252625537755983,0.0016616604968991,0.010543169365640686,-0.008881508868741585,-0.7236952341683439,0.0027682558117279,0.038201565894955505,-0.03543331008322761,-0.7259580563091977,0.0004622602093051,0.0029850707936359463,-0.002522810584330846,-0.6763310589300657,0.0043386353837587,0.010115294512892973,-0.0057766591291342735,-0.730658809830017,0.0033867456355299,0.01357194842755519,-0.01018520279202529,-0.7482745888873534,0.0044563082630703,0.011342764708555483,-0.0068864564454851835,-0.7244262205544522,0.1101549345733444,0.08583045202523347,0.024324482548110926,0.5085996401455142,0.5,0.3247126436781609,0.17528735632183912,0.5997711602788542,1.0,1.17816091954023,-0.17816091954023006,-0.24125061514984342,0.1519696001624133,0.14872943094663285,0.0032401692157804363,0.04818698221465981,0.1210680927121175,0.17226435719499472,-0.051196264482877216,-0.5419544658843152,0.0958904109589041,0.2089434734687451,-0.11305306250984098,-0.7785019644029649
u0145,realcartest,290.0,292.0,2290.0,2292.0,30.0,not_used,1.0,3.563218390804598,-2.563218390804598,-0.9629382406756413,0.25,0.1206896551724138,0.1293103448275862,0.49834162063882154,0.0032337738602131,0.009549266252176352,-0.006315492391963252,-0.5524616234587401,0.0141845203298241,0.03611227022093257,-0.021927749891108475,-0.45293288684927624,0.0033711963250661,0.002927719508436812,0.000443476816629288,0.11867982647497863,0.0057965572072358,0.009671068263322025,-0.0038745110560862257,-0.5164142627622725,0.0052137761082537,0.012319049927246906,-0.007105273818993206,-0.5780980232252491,0.0058760717721907,0.010813062770242667,-0.004936990998051966,-0.5462069167003694,0.1596368386189284,0.08541833860804306,0.07421850001088535,1.5387489126890435,0.75,0.3247126436781609,0.4252873563218391,1.4551824872339412,0.5,1.17816091954023,-0.6781609195402301,-0.9183087931510162,0.2277040944470178,0.1440792490539961,0.0836248453930217,1.2271095695530632,0.1584276440226025,0.16672348598003797,-0.008295841957435462,-0.08835939737096417,0.0684931506849315,0.20185797512202802,-0.13336482443709652,-0.9248036596373762
u0146,realcartest,292.0,294.0,2292.0,2294.0,30.0,not_used,1.75,3.459770114942529,-1.709770114942529,-0.6469493619873377,0.0,0.1206896551724138,-0.1206896551724138,-0.46511884592956687,0.0007438799399939,0.008689830058574804,-0.007945950118580904,-0.7975700371450238,0.0009662375426678,0.035196578770533046,-0.034230341227865245,-0.7155438973311267,6.092710941858092e-05,0.002680982820724767,-0.002620055711306186,-0.7660047389050738,0.0031775784827762,0.009523400553222412,-0.006345822070446212,-0.8792247414349579,0.0025965941854801,0.011936041196633862,-0.009339447011153763,-0.7692511614118878,0.0032341900244823,0.010570873010959938,-0.007336682986477638,-0.8595810487786797,0.0335093933929836,0.0833207173014633,-0.0498113239084797,-1.0246832427055081,0.0,0.3074712643678161,-0.3074712643678161,-1.038296809035588,0.5,1.1436781609195403,-0.6436781609195403,-0.8765663142408385,0.0459281279074794,0.1422191279446975,-0.09629100003721808,-1.4061032487539298,0.0576453604535633,0.16286395937252332,-0.10521859891896002,-1.1501442401477786,0.0958904109589041,0.19618957644465435,-0.10029916548575024,-0.699366035567065
u0147,realcartest,294.0,296.0,2294.0,2296.0,30.0,not_used,2.5,3.2270114942528734,-0.7270114942528734,-0.2958475544116902,0.0,0.1206896551724138,-0.1206896551724138,-0.46511884592956687,0.0017766969258453,0.00991664661396312,-0.00813994968811782,-0.6223322046092228,0.0091360290296062,0.03739705453041178,-0.028261025500805583,-0.553636507080827,0.0011931446485983,0.0028584561359122503,-0.0016653114873139503,-0.43574414662243577,0.0027127098734381,0.010092765692150892,-0.007380055818712792,-0.9301205096246673,0.0034473460481887,0.012067308581019717,-0.008619962532831017,-0.7061970220078685,0.0027542938997141,0.011468491704683611,-0.008714197804969511,-0.8726044388698089,0.0524107839090573,0.08097582392104233,-0.02856504001198503,-0.5801065400311195,0.0,0.29022988505747127,-0.29022988505747127,-0.9707948907373505,0.75,1.0833333333333335,-0.3333333333333335,-0.45452116829801076,0.0665016254156052,0.1403329911558757,-0.0738313657402705,-1.0938476426152537,0.0834381182519456,0.16037236867510504,-0.07693425042315945,-0.864608768107372,0.136986301369863,0.18343567942056366,-0.04644937805070065,-0.34720975441409857
u0148,realcartest,296.0,298.0,2296.0,2298.0,30.0,not_used,1.6666666666666667,3.132183908045977,-1.4655172413793103,-0.6078928475404777,0.0,0.1206896551724138,-0.1206896551724138,-0.46511884592956687,0.000724822984156,0.010605564457652565,-0.009880741473496565,-0.6793395817138201,0.0009288425727087,0.03993876075856952,-0.039009918185860824,-0.7140570424105518,0.0014756067946977,0.0029253337820945983,-0.0014497269873968983,-0.3736018146482192,0.0031641727257703,0.009990072383458334,-0.006825899657688034,-0.8713539550545588,0.0017665568749086,0.011830659438939057,-0.010064102564030458,-0.8329393995105995,0.0033136422390676,0.01149224387777609,-0.008178601638708491,-0.8171067291038263,0.0709605620191296,0.07883256553918366,-0.007872003520054058,-0.1578976167730599,0.3333333333333333,0.28160919540229884,0.051724137931034475,0.1703885502741194,1.0,1.0229885057471264,-0.02298850574712641,-0.03160204456041135,0.1083207228408727,0.13935466782393655,-0.031033944983063846,-0.45806844086319076,0.0872108875954236,0.15813965103676086,-0.07092876344133726,-0.8093519966680913,0.091324200913242,0.17823964729963782,-0.08691544638639581,-0.6610953858896347
u0149,realcartest,298.0,300.0,2298.0,2300.0,30.0,not_used,2.25,2.9770114942528734,-0.7270114942528734,-0.31856199113597505,0.0,0.1206896551724138,-0.1206896551724138,-0.46511884592956687,0.0016479063548253,0.010992995042447731,-0.009345088687622431,-0.6232245234801128,0.0050807470667253,0.04035975085963364,-0.03527900379290834,-0.6419310962804053,0.00060126535303,0.0032145335896184703,-0.0026132682365884704,-0.6330574935568136,0.0035297618838382,0.010508546574168602,-0.006978784690330402,-0.8282209721372973,0.0037308646790813,0.011871776614645951,-0.00814091193556465,-0.6728530783920416,0.0038397934393126,0.012268994706085602,-0.008429201266773002,-0.7717873233791737,0.0359249731349406,0.07923538246267987,-0.043310409327739274,-0.8729390012383074,0.0,0.28160919540229884,-0.28160919540229884,-0.9276709959368724,0.5,1.0057471264367817,-0.5057471264367817,-0.6893326344269889,0.0536991648870661,0.1386119228809764,-0.08491275799391029,-1.2542697146179715,0.0713560862919275,0.1576461484610893,-0.0862900621691618,-0.9886760677401917,0.1232876712328767,0.16973704928357738,-0.04644937805070068,-0.3720763482114812
u0150,realcartest,300.0,302.0,2300.0,2302.0,30.0,not_used,1.0,2.9339080459770113,-1.9339080459770113,-0.8667658397722507,0.0,0.13793103448275862,-0.13793103448275862,-0.5158607041753289,0.0008896423668732,0.010591068756697478,-0.009701426389824278,-0.6590755435630445,0.0010292341777002,0.04137922646614753,-0.04034999228844733,-0.7220244945008902,0.0005658354931695,0.003221355967318853,-0.002655520474149353,-0.6432223042404756,0.0090431677164746,0.010418626546922827,-0.001375458830448227,-0.16338489377873497,0.0076765629111437,0.012106751767582549,-0.0044301888564388485,-0.36304969689676375,0.0091515077610886,0.012252843483553443,-0.0031013357224648434,-0.2840140774577025,0.0450281764798344,0.0803850360162239,-0.03535685953638951,-0.7125771138120107,0.25,0.29022988505747127,-0.04022988505747127,-0.13456562841903869,0.5,1.0316091954022988,-0.5316091954022988,-0.7043544234256794,0.0764042090367428,0.1382253468106636,-0.06182113777392079,-0.9124451691534704,0.0765294229263806,0.15767393509046393,-0.08114451216408333,-0.9295177161486256,0.0547945205479452,0.16831994961423397,-0.11352542906628876,-0.9222920454601715
u0151,realcartest,302.0,304.0,2302.0,2304.0,30.0,not_used,1.0,2.9683908045977008,-1.9683908045977008,-0.8627272453561227,0.0,0.13793103448275862,-0.13793103448275862,-0.5158607041753288,0.000935986206106,0.0104402440403708,-0.0095042578342648,-0.651572842423547,0.0009698488092895,0.04301071440914096,-0.042040865599851464,-0.7303036371569818,3.255056852806332e-05,0.003285632701206822,-0.0032530821326787586,-0.7809896596877478,0.0061328363728994,0.010452698459732257,-0.004319862086832858,-0.5129830390830292,0.0062072486219602,0.012043439793767832,-0.0058361911718076325,-0.47947466043265213,0.0061653869414275,0.01228856655104975,-0.00612317960962225,-0.5607255094990456,0.002163626883259,0.08190257449895466,-0.07973894761569567,-1.6098473559238906,0.0,0.3074712643678161,-0.3074712643678161,-1.038296809035588,0.0,1.0660919540229885,-1.0660919540229885,-1.375452103248433,0.0393559455874962,0.1398720580900468,-0.1005161125025506,-1.4772269166584244,0.0403217147913112,0.15979090147121247,-0.11946918667990128,-1.3426989345497065,0.0547945205479452,0.1702094158400252,-0.11541489529207999,-0.9180232104388194
u0152,realcartest,304.0,306.0,2304.0,2306.0,30.0,not_used,1.0,2.994252873563218,-1.9942528735632181,-0.8505400147059801,0.0,0.13793103448275862,-0.13793103448275862,-0.5158607041753288,0.0009808076389693,0.010373887665918905,-0.009393080026949606,-0.6451528848578773,0.001251159524254,0.043809268347433795,-0.04255810882317979,-0.7279103255760204,0.0002980619827306,0.0032654402062916735,-0.0029673782235610734,-0.7122123042144326,0.0039896750910683,0.010383339718595511,-0.006393664627527211,-0.7618005954952602,0.0077736826618594,0.011995199888418687,-0.004221517226559287,-0.3474159859747302,0.0040916615214248,0.012190883261766573,-0.008099221740341774,-0.7434025026288947,0.0690677112239469,0.08220438627931724,-0.013136675055370334,-0.2657730038387352,0.5,0.3074712643678161,0.19252873563218392,0.6501484692092,0.0,1.0919540229885059,-1.0919540229885059,-1.3912042558799134,0.14803619281107,0.140588946474731,0.007447246336339003,0.10866975113830873,0.0880386953222953,0.16046016105640515,-0.07242146573410985,-0.8056470704473071,0.0547945205479452,0.17162651550936864,-0.11683199496142344,-0.9051351953945733
u0153,realcartest,306.0,308.0,2306.0,2308.0,30.0,not_used,1.25,2.942528735632184,-1.6925287356321839,-0.7509005542469598,0.0,0.13793103448275862,-0.13793103448275862,-0.5158607041753288,0.0013750315075639,0.010212052697249573,-0.008837021189685674,-0.613417810806726,0.0017291159089654,0.04181983902941644,-0.04009072312045104,-0.7318362968659261,0.0003954896824098,0.003127375346843543,-0.002731885664433743,-0.6636197165716176,0.0054658953519305,0.010055660297209966,-0.004589764945279466,-0.5601772307481192,0.0080214702359211,0.011663854507432807,-0.0036423842715117075,-0.3044498317928437,0.0057680142772852,0.0116927339370494,-0.0059247196597642,-0.5605093523918738,0.1006950713227798,0.08122129985655023,0.01947377146622957,0.3901665052654563,0.5,0.29885057471264365,0.20114942528735635,0.6676666445019512,0.75,1.0833333333333335,-0.3333333333333335,-0.42490557431235493,0.1499482047184491,0.13958186993596486,0.010366334782484249,0.1516472086198478,0.110640832630299,0.1571835819529152,-0.046542749322616206,-0.5406229110820732,0.0684931506849315,0.16879231617068177,-0.10029916548575027,-0.8068865378371551
u0154,realcartest,308.0,310.0,2308.0,2310.0,30.0,not_used,1.25,2.9683908045977008,-1.7183908045977008,-0.7412807982218748,0.25,0.13793103448275862,0.11206896551724138,0.41913682214245457,0.0015233437913109,0.010006444976877762,-0.008483101185566862,-0.593458477568335,0.0018687678561157,0.0401559686301624,-0.0382872007740467,-0.738341733919852,0.0004942308746287,0.0029743329388081637,-0.0024801020641794635,-0.6433730892260033,0.0088758490517393,0.00950381578084452,-0.0006279667291052195,-0.08224091221196728,0.0044350407797979,0.010325508165052394,-0.005890467385254494,-0.6077576573772241,0.0089229904109091,0.011000515192390502,-0.002077524781481401,-0.20900348577296501,0.0827857890544717,0.08237410021651724,0.0004116888379544631,0.007905686510048936,0.25,0.29885057471264365,-0.048850574712643646,-0.16214761366475947,0.75,1.1178160919540232,-0.3678160919540232,-0.4209023621564643,0.0835835067550544,0.14079050391850906,-0.05720699716345466,-0.8093032917034474,0.1020129943903532,0.15601475542840862,-0.054001761038055415,-0.6496496810789909,0.0821917808219178,0.1702094158400252,-0.08801763501810739,-0.6891850141682374
u0155,realcartest,310.0,312.0,2310.0,2312.0,30.0,not_used,1.75,3.002873563218391,-1.2528735632183912,-0.527059215630132,0.0,0.1206896551724138,-0.1206896551724138,-0.4980976468753741,0.0014301306874877,0.01027097461957304,-0.00884084393208534,-0.6214038491789404,0.0018069703027571,0.04243254488301999,-0.04062557458026289,-0.7801165711452989,0.0003326309418031,0.0030491391907182604,-0.0027165082489151605,-0.7095734995054928,0.005207168771452,0.009938925474348421,-0.004731756702896421,-0.5971575802741611,0.0094024328853459,0.01069464607530646,-0.0012922131899605598,-0.13213958372650275,0.0053910365547235,0.01150542233208938,-0.00611438577736588,-0.599285077995721,0.0650090792935994,0.08390244599956334,-0.018893366705963935,-0.35446017343517083,0.0,0.3074712643678161,-0.3074712643678161,-0.9907407407407407,1.5,1.1264367816091954,0.37356321839080464,0.4204060745484725,0.0900694780132483,0.1422510349129254,-0.0521815568996771,-0.7224239953372807,0.0884416186387297,0.15931080125608132,-0.07086918261735163,-0.8049678821009824,0.0958904109589041,0.1711541489529208,-0.0752637379940167,-0.5812866024324027
u0156,realcartest,312.0,314.0,2312.0,2314.0,30.0,not_used,1.6666666666666667,3.0718390804597706,-1.4051724137931039,-0.5774577430672143,0.0,0.1206896551724138,-0.1206896551724138,-0.4980976468753741,0.0011358250601958,0.010073000311226958,-0.008937175251031158,-0.6273269339511353,0.001815331452801,0.041318539300195696,-0.039503207847394695,-0.7587974539752425,0.0002029825375238,0.0026366213785908085,-0.0024336388410670083,-0.728425882970621,0.0011079821587064,0.009516458154467401,-0.008408475995761,-1.1716555601841747,0.0022159643174128,0.00929062416476038,-0.00707465984734758,-1.2377303341184052,0.0011203961227333,0.011031108283860546,-0.009910712161127246,-1.0390815383803396,0.0693957905920581,0.07911555639137913,-0.009719765799321031,-0.215145920152661,0.3333333333333333,0.29022988505747127,0.043103448275862044,0.1441774590203985,0.6666666666666666,1.057471264367816,-0.3908045977011493,-0.4563758389261743,0.1063230364442566,0.1376562534504915,-0.03133321700623491,-0.4614966011554243,0.0794850759668577,0.15565437907255905,-0.07616930310570136,-0.9210791640404747,0.091324200913242,0.17493308140450325,-0.08360888049126125,-0.6315309552094164
u0157,realcartest,314.0,316.0,2314.0,2316.0,30.0,not_used,2.5,3.1839080459770117,-0.6839080459770117,-0.28376679483484835,0.75,0.1206896551724138,0.6293103448275862,2.5972234444215934,0.0018810067034666,0.010267737609115602,-0.008386730905649002,-0.590897348507908,0.003052096483815,0.04177115335450727,-0.03871905687069227,-0.7470007257967087,0.0003007539139517,0.002689266348985053,-0.0023885124350333533,-0.7154414776953266,0.0039171651128183,0.009994499934333614,-0.006077334821515314,-0.8336057652283478,0.0044319928770795,0.01019695821868832,-0.00576496534160882,-0.7629773243725212,0.0040826150315548,0.011578589708749653,-0.007495974677194853,-0.77972664926072,0.1346755827632989,0.0790913797798568,0.05558420298344212,1.23023295705606,0.75,0.28160919540229884,0.46839080459770116,1.5803657587932243,2.25,1.0747126436781609,1.1752873563218391,1.3827987938342094,0.2345582646423293,0.13803874235771038,0.09651952228461891,1.4202576136213472,0.1754576402752214,0.1593438154168248,0.016113824858396603,0.19616991463798775,0.1780821917808219,0.18107384663832468,-0.0029916548575027735,-0.022872615973794287
u0158,realcartest,316.0,318.0,2316.0,2318.0,30.0,not_used,3.0,3.2873563218390807,-0.28735632183908066,-0.11973326319967485,0.0,0.09482758620689655,-0.09482758620689655,-0.4475836523241377,0.0022645279999944,0.010761153463963951,-0.008496625463969551,-0.6012143381414732,0.0065933199875332,0.045162364685418496,-0.038569044697885295,-0.7365302658353744,0.0004546445110852,0.002806179435687932,-0.0023515349246027322,-0.7090875346210421,0.0049375808158113,0.010815229674056133,-0.005877648858244833,-0.742956227770729,0.0051958652507781,0.010708155545869824,-0.005512290295091724,-0.7262035053230984,0.0053657323621917,0.012570466853222937,-0.007204734491031237,-0.7004653674503366,0.0754997545864898,0.0742892850246945,0.0012104695617952965,0.028185446100672657,0.25,0.24712643678160917,0.002873563218390829,0.010739657990297463,1.25,1.014367816091954,0.23563218390804597,0.2791183093859517,0.1015784233982084,0.1329573696359059,-0.031378946237697505,-0.5178510682819565,0.116970516213832,0.16106056711637953,-0.04409005090254753,-0.5294487150023163,0.1643835616438356,0.1853251456463549,-0.020941584002519303,-0.1600394442833896
u0159,realcartest,318.0,320.0,2318.0,2320.0,30.0,not_used,2.25,3.35632183908046,-1.1063218390804601,-0.46844679149659857,0.0,0.06896551724137931,-0.06896551724137931,-0.39999999999999997,0.0056620313887075,0.01176374071595401,-0.00610170932724651,-0.42143453752843013,0.0160810935440369,0.050494938378490346,-0.03441384483445345,-0.6194650371009323,0.0016946192659007,0.003715180425591557,-0.002020561159690857,-0.36968934367775375,0.0104478541872632,0.011632235080609248,-0.0011843808933460487,-0.14086439416222626,0.0084316264287282,0.011255595251692292,-0.0028239688229640923,-0.3708313403090923,0.0115790509529431,0.013616344330223048,-0.0020372933772799477,-0.18640655246595308,0.0322581467198229,0.07472056657453324,-0.042462419854710345,-0.9791777970020568,0.0,0.2557471264367816,-0.2557471264367816,-0.9155332097750787,0.75,1.0229885057471264,-0.2729885057471264,-0.32295369176066424,0.0657842558564554,0.134538041940114,-0.0687537860836586,-1.1150753517271332,0.0989838964245759,0.16654413654799563,-0.06756024012341973,-0.7886754561668056,0.1232876712328767,0.1876869784285939,-0.06439930719571718,-0.49602328584216876
u0160,realcartest,320.0,322.0,2320.0,2322.0,30.0,not_used,2.5,3.4339080459770117,-0.9339080459770117,-0.40261951623582976,0.0,0.0603448275862069,-0.0603448275862069,-0.35629061899150133,0.0149400315744801,0.011768497863777662,0.0031715337107024386,0.21909444666978714,0.0525752441707623,0.05017464592869687,0.002400598242065427,0.04303008201924886,0.0038146488756526,0.003952323666190333,-0.0001376747905377329,-0.024614672548723574,0.0216710679770549,0.011635091123855352,0.01003597685319955,1.1939089365873277,0.0113522755809687,0.011206004610516735,0.00014627097045196574,0.019097975678486215,0.0254477256069851,0.01362347477382,0.011824250833165099,1.0823791124563165,0.0452184245233374,0.07213480852143687,-0.026916383998099473,-0.666970287856172,0.0,0.22988505747126434,-0.22988505747126434,-0.8615608930016512,0.75,1.057471264367816,-0.3074712643678159,-0.3644561305690409,0.1039505694447824,0.13024886582901504,-0.026298296384232644,-0.4434046841534694,0.1665745512381087,0.1654812549955529,0.0010932962425557746,0.012720470753804022,0.136986301369863,0.19146591088017634,-0.05447960951031333,-0.4259972609527426
u0161,realcartest,322.0,324.0,2322.0,2324.0,30.0,not_used,2.0,3.5114942528735638,-1.5114942528735638,-0.6573141296272319,0.0,0.0603448275862069,-0.0603448275862069,-0.35629061899150133,0.05636478919928,0.011834007181916012,0.04453078201736399,3.08602210261859,0.1402829643629957,0.05042631518119354,0.08985664918180217,1.616639537744494,0.0135320046700319,0.003992163110271123,0.009539841559760776,1.712901528412812,0.0276042811946883,0.011702089234087651,0.01590219196060065,1.9054048315901573,0.0199528247349458,0.011381033814503904,0.008571790920441896,1.1403344460082885,0.0390077051220426,0.013697306217124575,0.025310398904918027,2.330414138226316,0.0350109574862056,0.07313278718894352,-0.03812182970273792,-0.9592363557067599,0.0,0.22988505747126434,-0.22988505747126434,-0.8615608930016512,0.25,1.0833333333333333,-0.8333333333333333,-0.9948673741510325,0.1493900629755497,0.13221619799944145,0.017173864976108233,0.2992187816271441,0.2160770255690766,0.16795597213584473,0.048121053433231864,0.5741415600582396,0.1095890410958904,0.19571720988820654,-0.08612816879231613,-0.6798719800134969
u0162,realcartest,324.0,326.0,2324.0,2326.0,30.0,not_used,3.0,3.60632183908046,-0.6063218390804601,-0.26219334157601004,0.0,0.0603448275862069,-0.0603448275862069,-0.35629061899150133,0.0496199111495032,0.01189422617390891,0.03772568497559429,2.621417915464663,0.1500543277038054,0.05040972333005446,0.09964460437375093,1.7923381038471666,0.0072384795784765,0.003983404885474274,0.003255074693002226,0.5839749529415298,0.01629458670823,0.01202819910785118,0.0042663876003788195,0.5221284355942867,0.0148572922443597,0.011775697039690487,0.0030815952046692133,0.4170303672506755,0.021420494245772,0.014031410305312948,0.007389083940459054,0.6927427144153891,0.0346303743658445,0.07325879419842479,-0.038628419832580294,-0.9734568206173958,0.0,0.22988505747126434,-0.22988505747126434,-0.8615608930016512,0.25,1.0833333333333333,-0.8333333333333333,-0.9948673741510325,0.1081950008279004,0.13416935831413457,-0.025974357486234168,-0.4632095461805297,0.1800830091297246,0.17113057872214668,0.008952430407577927,0.10880172050773886,0.1643835616438356,0.2009132420091324,-0.0365296803652968,-0.28705573412625146
u0163,realcartest,326.0,328.0,2326.0,2328.0,30.0,not_used,2.75,3.67816091954023,-0.9281609195402298,-0.40649935736651593,0.0,0.0603448275862069,-0.0603448275862069,-0.35629061899150133,0.0335761963129838,0.012031727573386396,0.021544468739597405,1.5063186208884964,0.0887161204956673,0.05087820175127904,0.03783791874438826,0.6850738434058211,0.0106916143215826,0.0039531983538073886,0.006738415967775211,1.2054720867333106,0.0270589185735143,0.012253169920987078,0.014805748652527222,1.8478845069763603,0.0172870826322409,0.011991909668684101,0.005295172963556799,0.7372658473043631,0.0354371709729122,0.014274866061836427,0.02116230491107577,2.0157916292369484,0.0551637243707943,0.07309779816892034,-0.01793407379812604,-0.4517380394287339,0.0,0.21839080459770113,-0.21839080459770113,-0.8109925709433201,0.5,1.0660919540229885,-0.5660919540229885,-0.6704948048774869,0.1328289788941065,0.13351619919028476,-0.0006872202961782647,-0.012167310282963384,0.2141965635657563,0.1729587182999595,0.041237845265796796,0.5092612295918423,0.1506849315068493,0.2048496299795308,-0.05416469847268149,-0.4313853537575621
u0164,realcartest,328.0,330.0,2328.0,2330.0,30.0,not_used,5.0,3.704022988505747,1.2959770114942528,0.5706145934486604,0.5,0.08620689655172414,0.41379310344827586,1.966156609245697,0.015129120110187,0.012226105360807567,0.0029030147493794324,0.2044633967440831,0.1060404509196976,0.0516872543222281,0.054353196597469504,0.993212917797061,0.0035913649848278,0.004021078200802188,-0.0004297132159743881,-0.07727798447198954,0.0098824846984286,0.012502925142201289,-0.0026204404437726887,-0.3339140492524153,0.0207544025504217,0.012199915469416015,0.008554487081005684,1.217624434904415,0.0133846676329092,0.01455749346314226,-0.00117282583023306,-0.11361968246338634,0.0966449783829443,0.07596503601135585,0.020679942371588447,0.5181127671127115,0.25,0.24425287356321837,0.00574712643678163,0.020325791041189926,2.0,1.0919540229885056,0.9080459770114944,1.0835651534730573,0.1233000150324409,0.13874591462197666,-0.015445899589535766,-0.2764796181145002,0.2178679718882723,0.17739106558124892,0.040476906307023386,0.5137885222178237,0.3013698630136986,0.2076838293182176,0.09368603369548101,0.7518285709026666
u0165,realcartest,330.0,332.0,2330.0,2332.0,30.0,not_used,6.75,3.738505747126437,3.011494252873563,1.3460899873360945,0.0,0.09482758620689655,-0.09482758620689655,-0.4475836523241377,0.0212608129311738,0.012985840351752731,0.00827497257942107,0.5843619463078497,0.1243249551487086,0.054611958341459446,0.06971299680724916,1.2861446924375057,0.0065641354447143,0.004233953336535302,0.002330182108178998,0.4204281634406583,0.011558182999847,0.013054596935131446,-0.0014964139352844456,-0.18379265589529678,0.0170576876673873,0.012290464126215093,0.004767223541172207,0.6826441427279253,0.0129252682818231,0.015329956206025916,-0.002404687924202816,-0.22432873743401233,0.1003288687525506,0.07739822080075168,0.02293064795179893,0.5802045380129859,0.5,0.23563218390804597,0.26436781609195403,0.923609127171444,2.0,1.1091954022988504,0.8908045977011496,1.072260032517941,0.1749050913275178,0.14015000639798286,0.03475508492953494,0.6344133425154727,0.2593507355248757,0.1818405615346351,0.0775101739902406,1.0122527902133904,0.3698630136986301,0.2100456621004566,0.1598173515981735,1.3065649487879465
u0166,realcartest,332.0,334.0,2332.0,2334.0,30.0,not_used,9.0,3.7729885057471266,5.227011494252873,2.373569535191267,0.0,0.09482758620689655,-0.09482758620689655,-0.4475836523241377,0.015413075716798,0.017633948794602637,-0.0022208730778046377,-0.08433692909269416,0.1203652713186413,0.06679946348986561,0.053565807828775694,0.7039950361929963,0.0027577593839184,0.005570811388253465,-0.002813052004335065,-0.33736777885118835,0.0128340573542821,0.014858455131757608,-0.0020243977774755083,-0.1759166111426786,0.0165799630006525,0.014022597545505939,0.00255736545514656,0.24196940665671612,0.0136485207406855,0.01835646837067362,-0.004707947629988121,-0.26488144809815134,0.0694098140912137,0.07969790478624289,-0.010288090695029187,-0.2785647005124293,0.0,0.23563218390804597,-0.23563218390804597,-0.8232168307397653,1.75,1.117816091954023,0.632183908045977,0.7705318505286445,0.1970347291248145,0.15165167637277294,0.045383052752041575,0.6852151003362887,0.2921564790292155,0.19662546435606962,0.09553101467314587,1.081731687975945,0.4931506849315068,0.21193512832624783,0.281215556605259,2.337371998442423
u0167,realcartest,334.0,336.0,2334.0,2336.0,30.0,not_used,6.25,3.807471264367816,2.442528735632184,1.1276601870496115,0.0,0.09482758620689655,-0.09482758620689655,-0.4475836523241377,0.021661922003643,0.020683626396357017,0.0009782956072859825,0.03351022465625375,0.1188551981860727,0.07734261610998475,0.04151258207608795,0.4787180693896763,0.0026877304556601,0.007017548079316261,-0.004329817623656161,-0.40754057887109246,0.0105151116518472,0.015581647759681105,-0.005066536107833905,-0.4420731060564991,0.0138431291495976,0.014447921024416955,-0.0006047918748193545,-0.0572876445477335,0.0117111747371911,0.019659321857041268,-0.007948147119850169,-0.44002786047240533,0.0430416189711309,0.07996699830824502,-0.03692537933711412,-1.0011636210602302,0.0,0.23563218390804597,-0.23563218390804597,-0.8232168307397651,1.0,1.1350574712643677,-0.13505747126436773,-0.16843822579987228,0.1372246364253369,0.15299092925359944,-0.015766292828262557,-0.23695473201545805,0.21339514164561,0.20331878006281615,0.010076361582793847,0.11558382917083984,0.3424657534246575,0.21382459455203906,0.12864115887261846,1.0879435872987206
u0168,realcartest,336.0,338.0,2336.0,2338.0,30.0,not_used,9.0,3.798850574712644,5.2011494252873565,2.389522752651679,0.0,0.10344827586206896,-0.10344827586206896,-0.48586579810734964,0.0149348533362096,0.020822904180175888,-0.005888050843966288,-0.20226198231509993,0.1106034372907338,0.07753793450867218,0.03306550278206162,0.382031237060872,0.0076499140262277,0.0070655827593309375,0.0005843312668967629,0.05513949126840343,0.0097767900700448,0.015529502567079152,-0.005752712497034351,-0.4997970604903723,0.009967933644163,0.014275561489286796,-0.004307627845123795,-0.40256502890390616,0.010644331326176,0.01961253673072422,-0.008968205404548221,-0.4954682425277787,0.1942179744100817,0.07866839428332892,0.11554958012675279,3.140561236929219,0.75,0.23563218390804597,0.514367816091954,1.7970221061270486,3.75,1.1264367816091954,2.623563218390805,3.2500365527797035,0.2916498227396601,0.15269036076512127,0.13895946197453884,2.0874219270167367,0.3543893665316283,0.20261907555814102,0.15177029097348727,1.724729415045369,0.4931506849315068,0.21382459455203906,0.27932609037946776,2.362315696288777
u0169,realcartest,338.0,340.0,2338.0,2340.0,30.0,not_used,7.5,3.7902298850574714,3.7097701149425286,1.6961313631710024,0.25,0.09482758620689655,0.15517241379310345,0.7324096128940436,0.0103551336644199,0.021060510445930998,-0.010705376781511098,-0.3694012937374156,0.0793406417520061,0.07778678546589707,0.0015538562861090316,0.0179961043643505,0.0027368259419591,0.007091960172755769,-0.004355134230796669,-0.4115652922534548,0.021181709062287,0.015425656259230296,0.005756052803056702,0.49693915682472,0.0181576674930432,0.014352007807668255,0.0038056596853749437,0.35775511045583935,0.0238133639845906,0.019521651894496547,0.004291712090094053,0.23632219145838912,0.1475913799824871,0.07689399619184402,0.07069738379064307,1.871345796498686,0.75,0.23563218390804597,0.514367816091954,1.7970221061270486,2.75,1.1091954022988504,1.6408045977011496,2.0001748475647,0.2382649867937921,0.1521935872373654,0.0860713995564267,1.2820625306522433,0.3330824346731933,0.20121481297568544,0.13186762169750788,1.4669020533632504,0.4246575342465753,0.21287986143914348,0.21177767280743184,1.7737674067009424
u0170,realcartest,340.0,342.0,2340.0,2342.0,30.0,not_used,6.0,3.7729885057471266,2.2270114942528734,1.0099333766089063,0.0,0.09482758620689655,-0.09482758620689655,-0.4475836523241377,0.0059186154677622,0.021304791888160687,-0.015386176420398488,-0.5334387501128695,0.0264706354343151,0.07811601355576368,-0.05164537812144858,-0.6000289921971029,0.0010968399185692,0.007136220760628099,-0.006039380842058899,-0.5721186895246394,0.016956012717677,0.01548886565393504,0.0014671470637419599,0.1272243576132359,0.0120560061238527,0.014151616719449851,-0.002095610595597151,-0.19434914170745274,0.0182260136744023,0.019594170257317804,-0.001368156582915503,-0.0755554515960024,0.0956681057033801,0.07522445573851108,0.020443649964869012,0.5201128079962326,0.25,0.23563218390804597,0.014367816091954033,0.050196148215839384,0.5,1.0660919540229885,-0.5660919540229885,-0.6808665391330684,0.1394525951954473,0.15032765543306398,-0.010875060237616668,-0.15637538582469507,0.2292337408243245,0.20007895232873338,0.02915478849559111,0.31860812912632636,0.3287671232876712,0.21193512832624783,0.11683199496142338,0.9702024167050431
u0171,realcartest,342.0,344.0,2342.0,2344.0,30.0,not_used,4.25,3.7672413793103448,0.48275862068965525,0.21836383320975272,0.0,0.10344827586206896,-0.10344827586206896,-0.48586579810734964,0.0091073002207711,0.021653359446793915,-0.012546059226022815,-0.4377852959417331,0.0219872440057332,0.07853799056421785,-0.05655074655848465,-0.6596711304739903,0.0032714695405343,0.007244110448861955,-0.003972640908327656,-0.37832521708647376,0.0184096827251651,0.015582348975304906,0.002827333749860196,0.24745805832134443,0.0363578093010802,0.014246933274699853,0.022110876026380347,2.068643344899926,0.0205662967725802,0.019700516544406365,0.000865780228173834,0.04807766002964481,0.070716260251786,0.07509095590410035,-0.004374695652314353,-0.11122394087997588,0.25,0.23275862068965517,0.017241379310344834,0.060357164028345706,1.0,1.0775862068965518,-0.07758620689655182,-0.09368902438379333,0.1548253301941562,0.1493342357679276,0.00549109442622861,0.0780351070522637,0.1986303845686348,0.2002608718388441,-0.0016304872702093132,-0.017864096230885487,0.2328767123287671,0.21209258384506377,0.02078412848370334,0.17281899022262556
u0172,realcartest,344.0,346.0,2344.0,2346.0,30.0,not_used,4.5,3.7155172413793105,0.7844827586206895,0.347591655751318,0.0,0.08620689655172414,-0.08620689655172414,-0.4867923835112355,0.0159246148551349,0.022000236554024315,-0.006075621698889415,-0.21335262123755702,0.1008305146874691,0.07895268647042447,0.021877828217044634,0.25621688894697014,0.0038102162809486,0.00729979318454544,-0.0034895769035968405,-0.3333610217861931,0.028054184627581,0.015532806497204343,0.012521378130376657,1.0908101484782367,0.0183786662060425,0.01416369501994538,0.004214971186097122,0.39122570607365476,0.0331981140712761,0.01965234209025168,0.013545771981024416,0.7503965457201078,0.0275705698564395,0.07227775090572486,-0.04470718104928536,-1.180855409459122,0.0,0.21551724137931033,-0.21551724137931033,-0.8027016238349193,0.25,1.0086206896551724,-0.7586206896551724,-0.9357467021300495,0.154977047542001,0.14367094643602668,0.011306101105974325,0.16177586697109084,0.2396904452791493,0.19646271912968585,0.043227726149463436,0.45762534288586704,0.2465753424657534,0.2083136513934813,0.03826169107227212,0.31115665433393325
u0173,realcartest,346.0,348.0,2346.0,2348.0,30.0,not_used,3.0,3.6724137931034484,-0.6724137931034484,-0.2946649932652838,0.0,0.08620689655172414,-0.08620689655172414,-0.48679238351123555,0.0307366908046108,0.022901802992498776,0.007834887812112022,0.2773334533211666,0.1574128929108117,0.08130506866135277,0.07610782424945893,0.9028772320620879,0.0268232889165102,0.007767543247636769,0.019055745668873428,1.8227144661067303,0.028031792173799,0.016804839540267933,0.011226952633531066,0.9163173268063693,0.0192624971043815,0.01588585713630622,0.0033766399680752804,0.2603357954223704,0.0347867550960734,0.02118356672937596,0.013603188366697442,0.7294650374048803,0.1226620995186678,0.07146886650430223,0.05119323301436557,1.3460316741701053,0.75,0.21551724137931033,0.5344827586206897,1.9907000271106001,1.25,0.9741379310344828,0.27586206896551724,0.3360425120668347,0.1978090969844483,0.1490194735682794,0.04878962341616888,0.6743262683872265,0.280091606228985,0.2017778460557867,0.0783137601731983,0.8315800135818038,0.1643835616438356,0.2059518186112423,-0.04156825696740668,-0.33405305894852094
u0174,realcartest,348.0,350.0,2348.0,2350.0,30.0,not_used,3.25,3.6810344827586206,-0.43103448275862055,-0.1892961876767727,0.0,0.08620689655172414,-0.08620689655172414,-0.4867923835112355,0.003371731147099,0.023113189711672547,-0.019741458564573548,-0.7014514050445065,0.0048960392858134,0.08132032244550202,-0.07642428315968862,-0.9067579816770349,0.0102483503024306,0.0078014053348876835,0.002446944967542916,0.2344614949930482,0.0058793824613728,0.01711077382459785,-0.011231391363225051,-0.9205787266879698,0.0037756475141625,0.016304854709768092,-0.012529207195605591,-0.9698342747817718,0.0060828546365024,0.021511650797071572,-0.015428796160569172,-0.83130209006282,0.0846498550791339,0.07117394670108418,0.013475908378049725,0.35123411990731385,0.0,0.21551724137931033,-0.21551724137931033,-0.8027016238349193,1.5,0.9568965517241379,0.5431034482758621,0.6538422547506179,0.103317987225148,0.15064667865810144,-0.04732869143295344,-0.6667842627264872,0.1276040790017632,0.20322919486157273,-0.07562511585980952,-0.8140931669132684,0.1780821917808219,0.20642418516769007,-0.02834199338686816,-0.22829371072616972
u0175,realcartest,350.0,352.0,2350.0,2352.0,30.0,not_used,4.0,3.6982758620689653,0.3017241379310347,0.13292332004472274,0.0,0.08620689655172414,-0.08620689655172414,-0.4867923835112355,0.0026436501660061,0.02289295723371838,-0.02024930706771228,-0.7172548540969086,0.0082646458650713,0.08006573492738163,-0.07180108906231034,-0.8450215374291444,0.0012162709877615,0.007758288614580297,-0.006542017626818797,-0.6257074003727737,0.0051205236795129,0.016597900518872503,-0.011477376839359604,-0.9323618746682062,0.007672441101108,0.016034924062557143,-0.008362482961449143,-0.6383533136611645,0.005375301880315,0.02088930904195712,-0.01551400716164212,-0.8287715402954329,0.0624507747506761,0.07154968027197972,-0.009098905521303623,-0.23841529223119373,0.0,0.21551724137931033,-0.21551724137931033,-0.8027016238349193,1.25,0.9655172413793104,0.2844827586206896,0.3428582994058953,0.1029807608498457,0.149730888894451,-0.046750128044605294,-0.651621522019756,0.1294121575220273,0.20133402218539967,-0.07192186466337236,-0.7637029027789183,0.2191780821917808,0.20736891828058568,0.01180916391119513,0.0954518349764595
u0176,realcartest,352.0,354.0,2352.0,2354.0,30.0,not_used,5.25,3.7327586206896552,1.5172413793103448,0.6739190686066175,0.0,0.08620689655172414,-0.08620689655172414,-0.4867923835112355,0.0035230476936393,0.02110873354571663,-0.01758568585207733,-0.6350974990510466,0.008654865346573,0.07566517543714706,-0.06701031009057405,-0.7879716330123747,0.0009391561294897,0.007340234337964502,-0.006401078208474802,-0.6120423485943072,0.0121698962125804,0.015812791508883855,-0.003642895296303454,-0.2959524780302183,0.0148925795785997,0.015555368785583827,-0.0006627892069841265,-0.05020355486107018,0.012443312457177,0.019727488152865142,-0.007284175695688143,-0.39153974682322196,0.0560649871840141,0.07274990969069675,-0.016684922506682652,-0.4444772395629743,0.0,0.22413793103448276,-0.22413793103448276,-0.84444074320012,0.75,1.0,-0.25,-0.3048749218101055,0.1231432745417047,0.14796150867384633,-0.024818234132141626,-0.34297818270044783,0.1755017092547005,0.19784932297052854,-0.022347613715828052,-0.2341865752271084,0.2876712328767123,0.2092583845063769,0.07841284837033541,0.6394555482051014
u0177,realcartest,354.0,356.0,2354.0,2356.0,30.0,not_used,3.75,3.7327586206896552,0.01724137931034475,0.0076581712341660755,0.0,0.08620689655172414,-0.08620689655172414,-0.48679238351123555,0.0047123635690031,0.019841601344432976,-0.015129237775429877,-0.5563782629013363,0.0145147167882209,0.07300078017409675,-0.05848606338587585,-0.6973293837196127,0.000599617376358,0.007260425025210096,-0.0066608076488520965,-0.6363107663845518,0.0096883263067114,0.01598240053981129,-0.00629407423309989,-0.5097097365098838,0.0080367231157234,0.016389840311597705,-0.008353117195874305,-0.6018534324942317,0.0103738591782484,0.019835675613933106,-0.009461816435684707,-0.5080833336611342,0.0662916771635011,0.07337538337693812,-0.007083706213437027,-0.1912147112600148,0.0,0.22413793103448276,-0.22413793103448276,-0.8444407432001202,0.5,1.0086206896551724,-0.5086206896551724,-0.6253284915223305,0.0893791082492293,0.1498955468388011,-0.0605164385895718,-0.8402610305825039,0.140226935351996,0.19840045574348297,-0.05817352039148696,-0.609986915391486,0.2054794520547945,0.2092583845063769,-0.003778932451582395,-0.03081713485325762
u0178,realcartest,356.0,358.0,2356.0,2358.0,30.0,not_used,3.0,3.7672413793103448,-0.7672413793103448,-0.34195378129863474,0.75,0.08620689655172414,0.6637931034482758,3.7483013530365126,0.0072848621900392,0.01969768471991559,-0.01241282252987639,-0.45752683204873223,0.0285432716242481,0.07330844282994645,-0.04476517120569835,-0.5332683834123847,0.0025697809158792,0.0071145099211347715,-0.004544729005255571,-0.43496547664093654,0.0107726632990503,0.015755923079289386,-0.0049832597802390854,-0.4083805670269906,0.0097630329003068,0.01677689508813423,-0.00701386218782743,-0.4990643012039328,0.0120359880771818,0.019425972970939114,-0.007389984893757313,-0.40153707578756687,0.1190748705655699,0.07383950548671804,0.045235365078851855,1.2259313746251883,0.75,0.22413793103448276,0.5258620689655172,1.9811878975079742,1.25,1.0344827586206897,0.21551724137931028,0.26650089544451294,0.2053609124061305,0.1498458640975565,0.05551504830857398,0.7706864236491255,0.1998941574493203,0.19826021270240424,0.001633944746916055,0.017136620998842122,0.2054794520547945,0.21114785073216813,-0.005668398677373621,-0.046413416035066254
u0179,realcartest,358.0,360.0,2358.0,2360.0,30.0,not_used,2.0,3.7327586206896552,-1.7327586206896552,-0.7762758916062177,0.25,0.06896551724137931,0.1810344827586207,1.1355499479153375,0.022921957104283,0.02009385321004024,0.002828103894242758,0.10418685791202355,0.0858456507354096,0.07292809449331919,0.012917556242090414,0.15410947866254368,0.0067392144294298,0.007163396447357896,-0.000424182017928096,-0.040649182871359185,0.0250416497114491,0.01579049664793426,0.00925115306351484,0.7590870006521587,0.0103024739583169,0.01666241784358412,-0.006359943885267222,-0.4531595685241998,0.0315529273047146,0.019404407036217982,0.01214852026849662,0.6598271106397864,0.0865905353723134,0.07242021682652522,0.01417031854578818,0.38521278234795275,0.0,0.21551724137931033,-0.21551724137931033,-0.8027016238349194,1.0,1.0,0.0,0.0,0.1171228705409238,0.14900550818246006,-0.03188263764153626,-0.43988905612412227,0.2055648055745793,0.19652806884463983,0.00903673672993946,0.09469251892903324,0.1232876712328767,0.20831365139348132,-0.08502598016060461,-0.7029855666177534
u0180,realcartest,360.0,362.0,2360.0,2362.0,30.0,not_used,2.0,3.6982758620689653,-1.6982758620689653,-0.7745348031279259,0.0,0.06896551724137931,-0.06896551724137931,-0.4325904563487,0.1357311310487532,0.020234171620264727,0.11549695942848848,4.25235291846283,0.354407498113068,0.07401794616147868,0.2803895519515893,3.311053939885936,0.0388014340683548,0.007247842827968133,0.03155359124038666,3.022401129681968,0.0584447240750581,0.016080325461721445,0.04236439861333666,3.477321479071918,0.0564391177813947,0.016891172643956374,0.039547945137438326,2.8061745964587375,0.0939342397162109,0.019794690633680858,0.07413954908253004,4.0314836356939185,0.0688544624625047,0.07130905162452984,-0.0024545891620251364,-0.06741402669078642,0.0,0.19827586206896552,-0.19827586206896552,-0.7462185372015078,0.25,0.9655172413793104,-0.7155172413793104,-0.9354822459674609,0.3729043748564085,0.14805289708393596,0.22485147777247252,3.1093980486381025,0.4690838966129135,0.19659723240276525,0.2724866642101482,2.853901644679479,0.1095890410958904,0.20642418516769015,-0.09683514407179974,-0.8149692377947135
u0181,realcartest,362.0,364.0,2362.0,2364.0,30.0,not_used,2.0,3.586206896551724,-1.5862068965517242,-0.7959925076993554,0.0,0.06896551724137931,-0.06896551724137931,-0.4325904563487,0.0894214580898464,0.02105481669541607,0.06836664139443033,2.49864885750645,0.3070025855077094,0.07787666737173217,0.22912591813597727,2.5704303861449787,0.0422534260235517,0.007608697822193682,0.03464472820135801,3.312333357893436,0.0249622613008497,0.016817723839612716,0.008144537461236983,0.6461793931676729,0.0201080635502789,0.01743250301787253,0.002675560532406373,0.18619558870521274,0.0418744126260866,0.020870584385669882,0.021003828240416716,1.111044139485792,0.0768714233620082,0.07143338731291492,0.005438036049093278,0.149355079050056,0.5,0.19827586206896552,0.3017241379310345,1.1355499479153377,0.5,0.9568965517241379,-0.4568965517241379,-0.6032863269871273,0.1868745263550378,0.1482345590545227,0.03863996730051508,0.5333856689834796,0.2821448508179447,0.1985957177786917,0.08354913303925302,0.8522782188469276,0.1095890410958904,0.2002834199338687,-0.09069437883797829,-0.8401680504168061
u0182,realcartest,364.0,366.0,2364.0,2366.0,30.0,not_used,1.0,3.586206896551724,-2.586206896551724,-1.2978138712489489,0.25,0.06896551724137931,0.1810344827586207,1.1355499479153375,0.0054140872383112,0.020741123670390108,-0.015327036432078908,-0.5592829257822892,0.0073933494709005,0.07603015351186623,-0.06863680404096573,-0.7727176017175527,0.0017884954028354,0.007716291799417161,-0.005927796396581761,-0.5686612020068474,0.0039536847664739,0.017078064556322155,-0.013124379789848255,-1.0458402546753078,0.0030230437171465,0.01772280715563351,-0.01469976343848701,-1.0222925321257124,0.0044112456140908,0.021194799459943812,-0.016783553845853012,-0.8915482189273854,0.0630355546002126,0.07291116661365066,-0.009875612013438062,-0.273592005937676,0.5,0.20689655172413793,0.2931034482758621,1.1137070295367113,0.5,0.9913793103448276,-0.4913793103448276,-0.6292295347947024,0.1412317185525816,0.14862142042579152,-0.0073897018732099196,-0.1020494503598287,0.0903494019947197,0.19975836437598776,-0.10940896238126806,-1.1118997001580309,0.0684931506849315,0.2002834199338687,-0.1317902692489372,-1.2208691982619213
u0183,realcartest,366.0,368.0,2366.0,2368.0,30.0,not_used,1.0,3.5086206896551726,-2.5086206896551726,-1.381055989034792,0.0,0.06896551724137931,-0.06896551724137931,-0.4325904563487,0.0084139254982091,0.021060377247851505,-0.012646451749642405,-0.4617309448217458,0.0090854456156375,0.07631002427344535,-0.06722457865780786,-0.755787452398707,0.0012591758639488,0.007694285010457259,-0.006435109146508459,-0.6172815597657992,0.0058643061241224,0.017738999362048178,-0.011874693237925778,-0.93859927693426,0.0066519840128602,0.01858561893568592,-0.011933634922825719,-0.8153394063581596,0.0062873301603066,0.021964787145612785,-0.015677456985306183,-0.8323772686472557,0.0313282444014096,0.0677480660246795,-0.036419821623269906,-1.2902951203673603,0.25,0.1810344827586207,0.06896551724137931,0.28178798147053874,0.25,0.8879310344827587,-0.6379310344827587,-1.0960858199137784,0.0691770744501352,0.14527542713758904,-0.07609835268745384,-1.1220126385306142,0.0612893794991415,0.197873914487574,-0.13658453498843248,-1.42408082356013,0.0547945205479452,0.19603212092583847,-0.14123760037789326,-1.4363716378268165
u0184,realcartest,368.0,370.0,2368.0,2370.0,30.0,not_used,1.25,3.4655172413793105,-2.2155172413793105,-1.2775480772366583,0.0,0.0603448275862069,-0.0603448275862069,-0.386510341261963,0.0085142925121486,0.021429136314711397,-0.012914843802562798,-0.4728201212242706,0.0113545849088889,0.07617580158563036,-0.06482121667674147,-0.7287813520479596,0.0016161879901007,0.007665746532426254,-0.006049558542325554,-0.5794833974485235,0.0070402412178897,0.01769544824222641,-0.010655207024336711,-0.8428586251650466,0.0035910913270122,0.018673370781964297,-0.015082279454952097,-1.0301258711411017,0.0074940690765399,0.02196669383401207,-0.01447262475747217,-0.7684002868628763,0.0165924061469448,0.06424160245685877,-0.04764919630991397,-1.9767577280934843,0.0,0.15517241379310345,-0.15517241379310345,-0.6995898669028245,0.25,0.8189655172413793,-0.5689655172413793,-1.2268590536511992,0.0359574556885069,0.14220899871407428,-0.10625154302556739,-1.6216484915689304,0.0555016598771197,0.1946896913810108,-0.1391880315038911,-1.4990142934867037,0.0684931506849315,0.19319792158715163,-0.12470477090222012,-1.3449097779429675
u0185,realcartest,370.0,372.0,2370.0,2372.0,30.0,not_used,1.5,3.4827586206896552,-1.9827586206896552,-1.125559328125522,0.25,0.0603448275862069,0.1896551724137931,1.2147467868233122,0.0112442842605595,0.022364860000408354,-0.011120575739848855,-0.40836729425477153,0.0140526646979722,0.07955166083379633,-0.06549899613582413,-0.7371705189209196,0.0033317834963056,0.007944587253653997,-0.004612803757348396,-0.44490168898327315,0.0038189984784324,0.017750413779496203,-0.013931415301063803,-1.102005060482231,0.0049801444196629,0.019157972973443994,-0.014177828553781094,-0.9679859870391551,0.0042044384483015,0.022096469643933813,-0.01789203119563231,-0.9506173296001613,0.0655242953941468,0.06310071833545117,0.002423577058695628,0.10374090914478767,0.25,0.14655172413793102,0.10344827586206898,0.46429393952048226,1.0,0.8362068965517241,0.1637931034482759,0.3554041451194537,0.077513866155301,0.1426922080773638,-0.0651783419220628,-0.9943262898285963,0.0847607417600686,0.19574034525279435,-0.11097960349272575,-1.188107945865105,0.0958904109589041,0.19414265470004724,-0.09825224374114314,-1.0427145915065021
u0186,realcartest,372.0,374.0,2372.0,2374.0,30.0,not_used,1.0,3.5517241379310347,-2.5517241379310347,-1.3957916954171437,0.25,0.0603448275862069,0.1896551724137931,1.2147467868233122,0.0119404428131482,0.023003946607259764,-0.011063503794111564,-0.40778913394182165,0.0150782777638071,0.0814249120975121,-0.066346634333705,-0.7523257603336827,0.0019155532487728,0.007959768788739248,-0.006044215539966449,-0.5833279342150556,0.002480433247902,0.01767433956522331,-0.01519390631732131,-1.2016387546838974,0.0020180834891997,0.01859928332684506,-0.01658119983764536,-1.1607805264390265,0.002685555861069,0.02206302422052801,-0.01937746835945901,-1.0293455515978387,0.0530926378104098,0.061352167322861376,-0.008259529512451576,-0.3358668496981292,0.25,0.13793103448275862,0.11206896551724138,0.5014858873767988,0.25,0.8103448275862069,-0.5603448275862069,-1.187524154768038,0.0703228740172024,0.14243393783881758,-0.07211106382161518,-1.1006518516804265,0.0653112117096327,0.1963822329512139,-0.1310710212415812,-1.4019750814571532,0.0684931506849315,0.19792158715162964,-0.12942843646669813,-1.3229461431122325
u0187,realcartest,374.0,376.0,2374.0,2376.0,30.0,not_used,1.75,3.6293103448275863,-1.8793103448275863,-0.9826202025267204,0.0,0.0603448275862069,-0.0603448275862069,-0.386510341261963,0.0284099547157537,0.02352637469781925,0.004883580017934451,0.17997365925695996,0.074812403524454,0.08058018067025118,-0.005767777145797182,-0.06545658300243812,0.0140193963407337,0.007967619475431655,0.006051776865302045,0.584230280064462,0.0418265390646554,0.016985384217811803,0.0248411548468436,1.970857283895674,0.0551385666252426,0.018617895033958064,0.03652067159128454,2.556650323759324,0.0497712468967957,0.02125477319553566,0.028516473701260037,1.514193359318593,0.0520421069452332,0.06201476224325484,-0.009972655298021639,-0.4168769175708508,0.25,0.13793103448275862,0.11206896551724138,0.5014858873767988,0.25,0.8275862068965517,-0.5775862068965517,-1.255465579068068,0.2566857102335377,0.14209905671517592,0.11458665351836178,1.7500417197054432,0.2711091970707555,0.19527208783428135,0.07583710923647413,0.814052502721734,0.0958904109589041,0.20217288615965986,-0.10628247520075576,-1.0376489293220534
u0188,realcartest,376.0,378.0,2376.0,2378.0,30.0,not_used,2.5,3.793103448275862,-1.293103448275862,-0.6307533928789321,0.0,0.0603448275862069,-0.0603448275862069,-0.386510341261963,0.0117922462447468,0.023509178114483085,-0.011716931869736285,-0.43187219847355074,0.0165234532843654,0.07776430307900531,-0.06124084979463991,-0.7046277223920856,0.0026766197961772,0.007163467557473188,-0.0044868477612959885,-0.4601463370365788,0.0193199484328309,0.01607828939806089,0.0032416590347700107,0.25479455497486125,0.0205825560591224,0.018112079925292984,0.0024704761338294155,0.1702518554744704,0.0210934889161159,0.020122078012302473,0.0009714109038134258,0.051201945077135894,0.0237054724265,0.060310277498622035,-0.036604805072122035,-1.7315820634523194,0.0,0.1206896551724138,-0.1206896551724138,-0.6260990336999412,0.25,0.8362068965517241,-0.5862068965517241,-1.2469195398811657,0.1129732034612951,0.14125570070584514,-0.02828249724455005,-0.4357281777404698,0.1410730117923719,0.19317901420259598,-0.05210600241022409,-0.5669600225413346,0.136986301369863,0.21114785073216813,-0.07416154936230512,-0.6750830758794287
u0189,realcartest,378.0,380.0,2378.0,2380.0,30.0,not_used,3.0,3.9310344827586206,-0.9310344827586206,-0.43477048934729473,0.0,0.0603448275862069,-0.0603448275862069,-0.386510341261963,0.0085532897138093,0.024400914703115426,-0.015847624989306128,-0.5896169659288713,0.0161922061452706,0.08037778133065566,-0.06418557518538506,-0.7479574222386765,0.0025642639867384,0.006913428532067719,-0.004349164545329319,-0.44553955400155026,0.0067977421110197,0.015950900239776817,-0.009153158128757118,-0.712748709393082,0.0035242868118512,0.018061812679941572,-0.014537525868090371,-0.9982697476141291,0.0073998147086661,0.02007888374014218,-0.01267906903147608,-0.6671277328950139,0.0561146980793076,0.059205938182848264,-0.003091240103540664,-0.14954856147731493,0.0,0.1206896551724138,-0.1206896551724138,-0.6260990336999412,1.0,0.8103448275862069,0.18965517241379315,0.41845972129969344,0.0773926662989192,0.14309535956579295,-0.06570269326687375,-1.0176622443746097,0.1116145436290892,0.19582505385006083,-0.08421051022097163,-0.9245869387898636,0.1643835616438356,0.21870571563533303,-0.054322153991497424,-0.4733913457722648
u0190,realcartest,380.0,382.0,2380.0,2382.0,30.0,not_used,3.0,4.0,-1.0,-0.4598759295245425,0.0,0.0603448275862069,-0.0603448275862069,-0.386510341261963,0.0046223022472292,0.025995403232079505,-0.021373100984850305,-0.794203623859441,0.0126667391461928,0.08567081068592892,-0.07300407153973612,-0.8495059962323884,0.0014084306481739,0.007147818892916202,-0.005739388244742303,-0.5914828034187705,0.0048361199050176,0.01612874411508296,-0.011292624210065362,-0.887364531759949,0.0060457217027196,0.018196748754742836,-0.012151027052023236,-0.838942252312871,0.0053148993383751,0.02043533732014296,-0.015120437981767858,-0.8033213398845441,0.0698176106289995,0.05970075162589766,0.01011685900310183,0.4837694253320016,0.25,0.12931034482758622,0.12068965517241378,0.6260990336999411,1.25,0.8017241379310345,0.4482758620689655,1.0025988534636088,0.0980780365780136,0.14388825038023806,-0.045810213802224456,-0.7134984365475535,0.1150207483378144,0.1994782354464841,-0.08445748710866971,-0.9335973522000224,0.1643835616438356,0.22248464808691543,-0.05810108644307982,-0.4987406454555483
u0191,realcartest,382.0,384.0,2382.0,2384.0,30.0,not_used,3.0,4.043103448275862,-1.043103448275862,-0.4717931603821853,0.0,0.0603448275862069,-0.0603448275862069,-0.386510341261963,0.0128730773122772,0.02775905234963291,-0.014885975037355708,-0.550183611807072,0.0727868650753468,0.0908783589523813,-0.0180914938770345,-0.2111330255965672,0.0049240095085987,0.0074751551956833435,-0.002551145687084644,-0.26441171687097975,0.0212132486051256,0.015990057732735156,0.005223190872390444,0.4083755083741797,0.0390569664987622,0.017906257327444892,0.021150709171317304,1.445625440847624,0.024557930616743,0.02036261264961482,0.00419531796712818,0.22247850118296364,0.0527691112668441,0.061024380743709264,-0.008255269476865161,-0.3780754304793212,0.0,0.14655172413793102,-0.14655172413793102,-0.7235680511449364,0.5,0.8275862068965517,-0.3275862068965517,-0.7049134410651825,0.1642821076115898,0.1455022108175856,0.018779896794004186,0.29228699423612214,0.196065859545403,0.2020587938487895,-0.005992934303386488,-0.0659938214890299,0.1643835616438356,0.22484648086915449,-0.06046291922531888,-0.5103613088227068
u0192,realcartest,384.0,386.0,2384.0,2386.0,30.0,not_used,3.75,4.120689655172414,-0.3706896551724137,-0.1655905067364199,0.0,0.0603448275862069,-0.0603448275862069,-0.386510341261963,0.0294026142019796,0.029113194564152737,0.00028941963782686334,0.01077874370090995,0.0976383375153082,0.09487425476190205,0.002764082753406158,0.032622243878511634,0.0064600763033982,0.007471646520684861,-0.0010115702172866607,-0.10481613728438365,0.0204910722183791,0.015749552249268724,0.004741519969110375,0.365556091900955,0.0285116711518001,0.017928837894712085,0.010582833257088014,0.7240539152930658,0.0235557943260864,0.020117202006165538,0.0034385923199208614,0.1806828833364371,0.068623265554412,0.05877578074819037,0.009847484806221635,0.4038256547575276,0.0,0.14655172413793102,-0.14655172413793102,-0.7235680511449364,1.25,0.8103448275862069,0.43965517241379315,0.9058171624898697,0.1313881793980131,0.14741576332769907,-0.01602758392968598,-0.25291297760833553,0.210129515374473,0.20311953553973938,0.007009979834733615,0.07766422772688875,0.2054794520547945,0.2290977798771847,-0.023618327822390178,-0.196978668837908
u0193,realcartest,386.0,388.0,2386.0,2388.0,30.0,not_used,4.0,4.224137931034483,-0.2241379310344831,-0.0994542052613405,0.0,0.034482758620689655,-0.034482758620689655,-0.39999999999999997,0.026618006323802,0.030283425660627274,-0.0036654193368252756,-0.13773251279619397,0.0950103491575075,0.09851007226108013,-0.003499723103572633,-0.04163100589170349,0.0050090742452984,0.00752427724837773,-0.00251520300307933,-0.26123400207407776,0.01088511818913,0.01544973598382762,-0.0045646177946976185,-0.3463012226391864,0.0174345624584686,0.01768342917613744,-0.0002488667176688379,-0.016804422134366163,0.0127592555259964,0.019788411696686,-0.0070291561706895996,-0.36517026332850683,0.0554856072373526,0.05674191417015223,-0.001256306932799628,-0.058247533987966685,0.0,0.1206896551724138,-0.1206896551724138,-0.7144345083117603,1.0,0.8017241379310345,0.19827586206896552,0.41335896394651395,0.098929693494643,0.14523790862450822,-0.046308215129865216,-0.7418659584106377,0.1676358000131043,0.2028799730963099,-0.0352441730832056,-0.39039799631618877,0.2191780821917808,0.23334907888521492,-0.014170996693434107,-0.11695217633781758
u0194,realcartest,388.0,390.0,2388.0,2390.0,30.0,not_used,5.75,4.370689655172414,1.3793103448275863,0.6150935157394792,0.0,0.02586206896551724,-0.02586206896551724,-0.3396831102433787,0.0253300468276839,0.030768539610200676,-0.005438492782516777,-0.2044376834739929,0.1559306535253338,0.10017531391394649,0.05575533961138732,0.6615804144264769,0.0090130804824112,0.0073351123003510925,0.0016779681820601067,0.17306880794898316,0.0199632185996753,0.014665578287292395,0.005297640312382905,0.3994216543950247,0.0236915768781827,0.017434940063191743,0.006256636814990956,0.4173677415415989,0.0242434926082466,0.01879699454074325,0.005446498067503351,0.2813618819076746,0.0681050778946849,0.054122095623443875,0.01398298227124102,0.6247278405888456,0.0,0.1206896551724138,-0.1206896551724138,-0.7144345083117604,1.0,0.7758620689655172,0.22413793103448276,0.4589029312518351,0.1472793694703192,0.1462908334602364,0.00098853601008278,0.015894071617990172,0.2613564787105142,0.20197245810337852,0.059384020607135685,0.6570611899546619,0.3150684931506849,0.24090694378837976,0.07416154936230515,0.6133935760029567
u0195,realcartest,390.0,392.0,2390.0,2392.0,30.0,not_used,5.75,4.525862068965517,1.224137931034483,0.5492665090892237,0.0,0.02586206896551724,-0.02586206896551724,-0.3396831102433787,0.0392117828961869,0.02740337059356974,0.011808412302617165,0.6618440942753309,0.2322681864159919,0.09256441202849616,0.13970377438749573,2.005100954576428,0.0132225542164593,0.006004894468660882,0.007217659747798417,0.9331052296984159,0.034218610313129,0.012709922671752005,0.021508687641376992,2.0344776402075664,0.0322785438442208,0.015578077248840977,0.01670046659537982,1.257371568035729,0.0448494395483672,0.01563079215384511,0.029218647394522086,2.1801701898079155,0.0730155490543811,0.052124596849914266,0.02089095220446683,0.887698592251134,0.0,0.1206896551724138,-0.1206896551724138,-0.7144345083117603,1.5,0.7672413793103449,0.7327586206896551,1.4663893136025026,0.2023029262718307,0.13879782309360011,0.06350510317823058,1.4045534384827696,0.3501125549310816,0.19212208127928757,0.15799047365179406,2.1069584943959976,0.3150684931506849,0.2494095418044402,0.06565895134624472,0.5469898028303606
u0196,realcartest,392.0,394.0,2392.0,2394.0,30.0,not_used,6.25,4.681034482758621,1.568965517241379,0.7118940550776038,0.0,0.02586206896551724,-0.02586206896551724,-0.3396831102433787,0.0125648242778901,0.025555349417746856,-0.012990525139856756,-0.9557820184456515,0.0653062962499601,0.08650502419727628,-0.021198727947316184,-0.36993066225968535,0.005807955795141,0.00468693986845738,0.00112101592668362,0.3118748082733397,0.0180649924364209,0.011902016339868591,0.00616297609655231,0.5869564159558003,0.0222619491446662,0.014979931884454048,0.0072820172602121504,0.5412511294503795,0.021113411891135,0.014247844623375854,0.006865567267759148,0.5417933352499456,0.0858972186924674,0.05161617052576662,0.03428104816670078,1.480832570106441,0.25,0.10344827586206896,0.14655172413793105,0.9503288904374105,2.0,0.7931034482758621,1.206896551724138,2.3918522915734566,0.148443616192132,0.13767767365158565,0.010765942540546358,0.24245478562326522,0.2471118929671958,0.18937481794266364,0.05773707502453215,0.7901437460292557,0.3424657534246575,0.25791213982050065,0.08455361360415686,0.7131983541089989
u0197,realcartest,394.0,396.0,2394.0,2396.0,30.0,not_used,6.75,4.862068965517241,1.887931034482759,0.8957523479620056,0.0,0.017241379310344827,-0.017241379310344827,-0.2721655269759087,0.0241932070825901,0.02664701682238816,-0.002453809739798061,-0.1859572267991721,0.1187196893765293,0.09078091652205723,0.027938772854472063,0.5002482394580856,0.0070117171463905,0.004669106651567862,0.002342610494822638,0.6489177068143785,0.0289438994360994,0.011793251279412794,0.017150648156686606,1.618361171119809,0.0349894752656828,0.014926146920357056,0.020063328345325745,1.485648660921176,0.0329739742105761,0.014128119968512863,0.01884585424206324,1.4746088062044052,0.0444880573299181,0.04980129801907748,-0.005313240689159386,-0.2193585946659328,0.0,0.08620689655172414,-0.08620689655172414,-0.6350006350009525,0.75,0.7844827586206896,-0.03448275862068961,-0.06740084099924029,0.1946160173817878,0.13797313692079874,0.05664288046098906,1.2741604264841941,0.2997403197676284,0.1922495981853717,0.10749072158225667,1.5199189372972939,0.3698630136986301,0.2673594709494567,0.10250354274917339,0.8998650943663061
u0198,realcartest,396.0,398.0,2396.0,2398.0,30.0,not_used,6.25,5.0344827586206895,1.2155172413793105,0.6121530901151693,0.0,0.017241379310344827,-0.017241379310344827,-0.2721655269759087,0.0210491466033568,0.027678842875315083,-0.006629696271958283,-0.514089583022618,0.0754481838053713,0.09499288914555223,-0.019544705340180935,-0.3612123446343526,0.00190921007906,0.00462879484621451,-0.00271958476715451,-0.7442481564318792,0.0199187265874558,0.011630645685431016,0.008288080902024784,0.7729469737660505,0.0207024710351163,0.014742479860571927,0.0059599911745443716,0.43658257554541824,0.0238686579481699,0.013956413233697488,0.009912244714472414,0.7673710389638698,0.0459039365156852,0.048731014454210075,-0.002827077938524873,-0.1101851596057748,0.0,0.07758620689655173,-0.07758620689655173,-0.583383351196948,0.75,0.7758620689655172,-0.025862068965517238,-0.04949390025266761,0.1493385625118649,0.14069214403317518,0.008646418478689716,0.2032824368295864,0.2407399645828623,0.1958647354356639,0.04487522914719838,0.6749437438679529,0.3424657534246575,0.2768068020784128,0.06565895134624472,0.613389191335107
u0199,realcartest,398.0,400.0,2398.0,2400.0,30.0,not_used,6.5,5.224137931034483,1.275862068965517,0.6805766713786682,0.0,0.017241379310344827,-0.017241379310344827,-0.2721655269759087,0.0330546023529741,0.02862979833433055,0.004424804018643546,0.35520462247109097,0.1243705536311285,0.09921512514964738,0.025155428481481126,0.4822777984272109,0.0091832208341737,0.004658686102759249,0.004524534731414451,1.2454488193231847,0.018550013298501,0.011432687127995595,0.007117326170505403,0.6555057129699104,0.0261094696767639,0.014672073988381613,0.011437395688382288,0.833999228389296,0.0219895121621328,0.013750031649428875,0.008239480512703925,0.6306187559352384,0.0625824661825601,0.04951586541206049,0.013066600770499606,0.5226188587297429,0.0,0.07758620689655173,-0.07758620689655173,-0.583383351196948,1.0,0.7844827586206896,0.2155172413793104,0.4178289190405473,0.1534656667308426,0.1448539823150737,0.0086116844157689,0.2283415085829519,0.2597027031060475,0.20077108057302512,0.058931622533022365,0.9665790688234783,0.3561643835616438,0.28719886632026453,0.06896551724137928,0.6844585571702031
u0200,realcartest,400.0,402.0,2400.0,2402.0,30.0,not_used,6.25,5.387931034482759,0.8620689655172411,0.4939732433795931,0.0,0.008620689655172414,-0.008620689655172414,-0.18898223650461357,0.027640811819462,0.029482031378762825,-0.001841219559300826,-0.15244220429749,0.0763115306534907,0.10333613753543887,-0.027024606881948174,-0.5411167258708388,0.0037117340580066,0.004628249435818486,-0.0009165153778118865,-0.2512713604098507,0.0162035305112512,0.011358735332067552,0.004844795179183646,0.4438042828152709,0.020155809549711,0.014582298902507873,0.005573510647203126,0.40430521465704883,0.0195963794938119,0.013678355849657584,0.005918023644154318,0.4509502828846619,0.020008280886682,0.04822591013838872,-0.028217629251706722,-1.1238611593627847,0.0,0.06896551724137931,-0.06896551724137931,-0.5321520841901914,0.25,0.7672413793103449,-0.5172413793103449,-1.001112966399,0.1473354932763164,0.1472159736887353,0.00011951958758110726,0.0033664837576064706,0.2172451278228012,0.20418307704496796,0.013062050777833234,0.22906832532309687,0.3424657534246575,0.29570146433632494,0.04676428908833258,0.49504950742623816
u0201,realcartest,402.0,404.0,2402.0,2404.0,30.0,not_used,6.75,5.568965517241379,1.181034482758621,0.7664283192529029,0.0,0.0,0.0,0.0,0.0310750294813598,0.030304769304664303,0.0007702601766954968,0.06605641945102841,0.0763333032969024,0.1073514382292634,-0.031018134932360997,-0.6558313555898686,0.0040378861950284,0.004609607422834762,-0.0005717212278063622,-0.15609373345153693,0.0080744795526474,0.011327168862890832,-0.0032526893102434312,-0.2972275793955556,0.0189184057123196,0.014602690268282975,0.004315715444036623,0.31347741830423803,0.0097588343464981,0.013648089574078391,-0.003889255227580291,-0.2957663951794053,0.0467858225478502,0.047176632494652405,-0.000390809946802205,-0.01531688778957895,0.0,0.0603448275862069,-0.0603448275862069,-0.48076197382041175,0.75,0.7758620689655172,-0.025862068965517238,-0.05070925528371098,0.1452654949563933,0.14983445565452372,-0.004568960698130425,-0.1410184671976019,0.2074962368881068,0.2081528777714654,-0.0006566408833585946,-0.012902025515859979,0.3698630136986301,0.30514879546528095,0.06471421823334916,0.7664283192529037
u0202,realcartest,404.0,406.0,2404.0,2406.0,30.0,not_used,7.75,5.7155172413793105,2.0344827586206895,1.4931326801541756,0.0,0.0,0.0,0.0,0.0302379898878621,0.03056449969354642,-0.0003265098056843205,-0.0279083360874397,0.0757524427646808,0.10930487717866826,-0.03355243441398746,-0.7126531476353452,0.0035028832957147,0.0041816359394823525,-0.0006787526437676524,-0.2095729972948091,0.0017260424010224,0.0099149024148905,-0.0081888600138681,-0.8657921073695986,0.0045938589530941,0.012744771546608299,-0.0081509125935142,-0.7000580258475835,0.001938594782311,0.011965196057943451,-0.01002660127563245,-0.8772585099027245,0.0732320419243162,0.04687204764230529,0.026359994282010912,1.033409485512175,0.25,0.05172413793103448,0.19827586206896552,1.642857142857143,1.5,0.7931034482758621,0.7068965517241379,1.4129533094309343,0.1733517727138555,0.1459257770838851,0.02742599562997039,1.0822274116419504,0.2193924709101087,0.2050610597689358,0.014331411141172895,0.2884452229763888,0.4246575342465753,0.31317902692489363,0.11147850732168169,1.4931326801541764
u0203,realcartest,406.0,408.0,2406.0,2408.0,30.0,not_used,7.25,5.836206896551724,1.4137931034482758,1.1589020794533549,0.0,0.0,0.0,0.0,0.0292320922174371,0.03147060511999719,-0.0022385129025600907,-0.19954566010638833,0.0806869085836741,0.11333291096165886,-0.03264600237798476,-0.7443672754281377,0.002997218565672,0.004107376907108534,-0.0011101583414365344,-0.3367617329574472,0.0021850968711347,0.009292803409532934,-0.007107706538398234,-0.7551459022578637,0.0023178973989716,0.01210463864555896,-0.00978674124658736,-0.8361282052506237,0.004830220743854,0.011293391128392505,-0.006463170384538505,-0.5646791062379367,0.0526240149216948,0.04651530174781707,0.006108713173877733,0.23586993893385297,0.0,0.05172413793103448,-0.05172413793103448,-0.4285714285714286,0.75,0.7931034482758621,-0.0431034482758621,-0.08615568959944728,0.1566680941636338,0.14700924102808383,0.009658853135549983,0.3931143874348259,0.2043392287782432,0.20611645086068026,-0.0017772220824370522,-0.03654696458456431,0.3972602739726027,0.31979215871516287,0.07746811525743985,1.1589020794533562
u0204,realcartest,408.0,410.0,2408.0,2410.0,30.0,not_used,6.0,5.939655172413793,0.060344827586207295,0.055061810673813806,0.0,0.0,0.0,0.0,0.0488838175059643,0.032453897332062914,0.016429920173901387,1.5820838255722152,0.1617624971679955,0.11729867655048415,0.04446382061751136,1.1139092727861144,0.0080135914523675,0.004078892090845034,0.0039346993615224654,1.187544766915695,0.010277996063391,0.009087502612180678,0.0011904934512103216,0.12493692405625596,0.0115855872703448,0.012032042663841416,-0.0004464553934966156,-0.03795032884393341,0.0157124557003376,0.01107227990703172,0.004640175793305881,0.400707040101406,0.0768003645991082,0.04577902472804398,0.031021339871064223,1.1968670786501927,0.25,0.05172413793103448,0.19827586206896552,1.642857142857143,1.0,0.7844827586206896,0.2155172413793104,0.4320632061376773,0.1259745944687537,0.14927645994072128,-0.02330186547196758,-1.1211831137412405,0.235354423818303,0.20840143929675423,0.026952984521548762,0.5911187104702219,0.3287671232876712,0.3254605573925365,0.0033065658951347277,0.055061810673815166
u0205,realcartest,410.0,412.0,2410.0,2412.0,30.0,not_used,6.5,6.077586206896552,0.4224137931034484,0.4397139584732466,0.0,0.0,0.0,0.0,0.054668872102688,0.03342295043580764,0.021245921666880357,2.3723854414625984,0.159673765073692,0.12145293753050568,0.038220827543186314,1.100024992656068,0.0104319089097368,0.004194212391213472,0.006237696518523328,1.9038574030005198,0.008147991124494,0.008977394346368059,-0.0008294032218740584,-0.08643703321183654,0.0064683281869592,0.011907351083823485,-0.005439022896864285,-0.45914916634078345,0.0103342970118611,0.01095728169892146,-0.00062298468706036,-0.05346175091262876,0.0944502316005506,0.04542558547577712,0.04902464612477349,1.9107604535655252,0.5,0.05172413793103448,0.4482758620689655,3.7142857142857144,1.5,0.7931034482758621,0.7068965517241379,1.3892320025219793,0.1699481272247852,0.15158060394316014,0.018367523281625053,0.9893589981178759,0.2503379029215565,0.21179113200336305,0.038546770918193446,0.9168182634822372,0.3561643835616438,0.3330184222957014,0.023145961265942427,0.4397139584732475
u0206,realcartest,412.0,414.0,2412.0,2414.0,30.0,not_used,6.0,6.172413793103448,-0.1724137931034484,-0.2242806520081285,0.0,0.0,0.0,0.0,0.0439824877900781,0.03419216223040874,0.009790325559669362,1.2129046368140726,0.1303956952643218,0.12353359486478956,0.006862100399532237,0.20450243598223564,0.000497865801402,0.004129576028490062,-0.003631710227088062,-1.1072964785414767,0.0027136672861849,0.00839616614466017,-0.005682498858475269,-0.6081509957252038,0.008691559566472,0.010808203879301813,-0.0021166443128298133,-0.1978350614973623,0.0032569505182189,0.010279223917594888,-0.007022273399375988,-0.6153748640900292,0.0010822772934533,0.04513446525566815,-0.04405218796221485,-1.719443049032449,0.0,0.05172413793103448,-0.05172413793103448,-0.4285714285714286,0.0,0.8103448275862069,-0.8103448275862069,-1.5980479421574079,0.1448721310425194,0.15047305830436328,-0.0056009272618438855,-0.29900931016334426,0.1709884443895412,0.21148405194073885,-0.04049560755119766,-0.9598374190966016,0.3287671232876712,0.33821445441662723,-0.009447331128956016,-0.224280652008127
u0207,realcartest,414.0,416.0,2414.0,2416.0,30.0,not_used,6.0,6.241379310344827,-0.2413793103448274,-0.38651034126196265,0.0,0.0,0.0,0.0,0.0412215639878008,0.034386763822945136,0.006834800164855666,0.8520219415541668,0.133981979100413,0.12475319746167807,0.009228781638734945,0.2776997154212685,0.0040960720189724,0.00395914821158171,0.0001369238073906905,0.041710964248023404,0.0020779916012584,0.00775616553303246,-0.005678173931774061,-0.6221533052323452,0.0026461800616419,0.009954969791829285,-0.007308789730187386,-0.7144798489885578,0.0025010691022752,0.00954787596549096,-0.00704680686321576,-0.6283375941142864,0.0600927398024635,0.04316114872728669,0.016931591075176805,0.6528027169126855,0.0,0.05172413793103448,-0.05172413793103448,-0.4285714285714286,1.0,0.7758620689655172,0.22413793103448276,0.4394802124588287,0.1422031260135954,0.15069343636024937,-0.008490310346653984,-0.4578856791656618,0.1929468465898651,0.2100036379872954,-0.0170567913974303,-0.3970586522894397,0.3287671232876712,0.3419933868682097,-0.013226263580538467,-0.38651034126196204
u0208,realcartest,416.0,418.0,2416.0,2418.0,30.0,not_used,6.25,6.301724137931035,-0.0517241379310347,-0.10991149581709721,0.0,0.0,0.0,0.0,0.0369902616419116,0.034683536696174105,0.0023067249457374914,0.29247079223244843,0.1341376586685339,0.1260621571935661,0.0080755014749678,0.24635327863858306,0.0012534309366573,0.003889387611775465,-0.0026359566751181654,-0.8033700704311981,0.0023010765119276,0.007487861070598704,-0.005186784558671104,-0.5671672548722224,0.0030962896828919,0.009510227542864845,-0.006413937859972945,-0.6303689553250102,0.0028018297823749,0.009230454971909606,-0.006428625189534706,-0.5714419211143634,0.010615797517771,0.04202876280453549,-0.03141296528676449,-1.204005542437994,0.0,0.05172413793103448,-0.05172413793103448,-0.4285714285714286,0.25,0.7586206896551724,-0.5086206896551724,-0.9961442198434322,0.1476576907770412,0.15189316761449154,-0.004235476837450347,-0.26271442013112656,0.1792468707795702,0.21024246403648494,-0.030995593256914755,-0.7252067205810802,0.3424657534246575,0.34529995276334435,-0.002834199338686838,-0.10991149581709743
u0209,realcartest,418.0,420.0,2418.0,2420.0,30.0,not_used,6.5,6.2844827586206895,0.2155172413793105,0.4320632061376775,0.0,0.0,0.0,0.0,0.0381412295664558,0.03511805092628853,0.003023178640167268,0.3923784125264745,0.1336913434350086,0.12525971170509126,0.008431631729917344,0.260873331779649,0.0002251169493387,0.003674993857975041,-0.003449876908636341,-1.098898189513464,0.0017307112243868,0.006854374383755589,-0.005123663159368789,-0.5762277178125019,0.0025900961652225,0.00876828145643481,-0.00617818529121231,-0.6244145773855956,0.0021143704961648,0.008456712306578905,-0.006342341810414104,-0.578758823167004,0.0109269980301464,0.04045696891447398,-0.02952997088432758,-1.1426259471089335,0.0,0.05172413793103448,-0.05172413793103448,-0.4285714285714286,0.0,0.7413793103448276,-0.7413793103448276,-1.452006828924325,0.155607074223956,0.15121941004688536,0.004387664177070649,0.2627551065698347,0.1834229687142748,0.20672842531810484,-0.023305456603830044,-0.5473023991707481,0.3561643835616438,0.34435521965044874,0.011809163911195075,0.4320632061376768
u0210,realcartest,420.0,422.0,2420.0,2422.0,30.0,not_used,6.5,6.293103448275862,0.2068965517241379,0.4208583742991365,0.0,0.0,0.0,0.0,0.035828843990983,0.034938533236924516,0.0008903107540584876,0.11610972536876606,0.131280338402333,0.12182632678408838,0.00945401161824462,0.37373226284104594,0.0040327426176501,0.0033479419737520895,0.0006848006438980106,0.2664437411429814,0.0015329776762307,0.00572942440314041,-0.004196446726909711,-0.5768047332563708,0.0027618479830579,0.007757190323973269,-0.004995342340915369,-0.5620876739090598,0.0017689342424782,0.006971088246650489,-0.00520215400417229,-0.6057391970678196,0.0621270599617265,0.039356378196113165,0.022770681765613338,0.9070912573075411,0.0,0.05172413793103448,-0.05172413793103448,-0.4285714285714286,1.25,0.7155172413793104,0.5344827586206896,1.0905761943319525,0.1543901925366191,0.14909363393255473,0.005296558604064361,0.38609449864679707,0.2024742140558512,0.20095397795055986,0.0015202361052913393,0.046026097594395285,0.3561643835616438,0.3448275862068966,0.011336797354747241,0.42085837429913503
u0211,realcartest,422.0,424.0,2422.0,2424.0,30.0,not_used,6.25,6.267241379310345,-0.017241379310345195,-0.03364315551262516,0.0,0.0,0.0,0.0,0.037072441972909,0.035758901530538484,0.0013135404423705171,0.20531459859652518,0.1313942268895478,0.12415343703462843,0.007240789854919369,0.3149735290854548,0.0012713321130394,0.0032299753823468716,-0.0019586432693074717,-0.7733203442180804,0.0007994980132558,0.0052101434218971765,-0.004410645408641376,-0.6388249109978028,0.0014632797583337,0.0072330574836227185,-0.005769777725289018,-0.6825002830546775,0.0009392306230641,0.006362030257171161,-0.005422799634107061,-0.6629197506470524,0.0104042519062276,0.03718830446664373,-0.02678405256041613,-1.1318669363234435,0.0,0.04310344827586207,-0.04310344827586207,-0.3747658444979308,0.25,0.6637931034482759,-0.4137931034482759,-0.9693508700664235,0.1498001533597605,0.14841385163802315,0.001386301721737343,0.09753639727776031,0.1737180290332543,0.19825843658577638,-0.02454040755252207,-0.7589333079289965,0.3424657534246575,0.34341048653755313,-0.0009447331128956127,-0.03364315551262465
u0212,realcartest,424.0,426.0,2424.0,2426.0,30.0,not_used,6.0,6.232758620689655,-0.2327586206896548,-0.4541825994204292,0.0,0.0,0.0,0.0,0.0383368810330898,0.03612832694790866,0.0022085540851811414,0.3670411659541833,0.1312326516969924,0.12462933406560495,0.00660331763138744,0.28692623531378086,9.013350870159392e-05,0.003036082772888248,-0.002945949264186654,-1.202571873116066,0.0011487438986508,0.0042637158016085,-0.0031149719029576993,-0.5905200549734283,0.0013256392790915,0.006117405057293886,-0.004791765778202386,-0.7192366079956782,0.0013078348506607,0.005287087799010587,-0.003979252948349887,-0.6135981397983313,0.0002900210202549,0.03603987085028533,-0.03574984983003043,-1.4842668553166567,0.0,0.04310344827586207,-0.04310344827586207,-0.3747658444979308,0.0,0.646551724137931,-0.646551724137931,-1.492851428733812,0.1480282807090517,0.14648788665384882,0.0015403940552028705,0.1362016600425148,0.1661283597576151,0.19363621970825023,-0.027507859950635122,-1.0355271768719907,0.3287671232876712,0.34152102031176196,-0.012753897024090743,-0.45418259942043177
u0213,realcartest,426.0,428.0,2426.0,2428.0,30.0,not_used,6.75,6.224137931034483,0.5258620689655169,1.0226496242972576,0.0,0.0,0.0,0.0,0.0360920008235972,0.03656186120954437,-0.0004698603859471656,-0.08817631452836015,0.1337994290276482,0.12653132187351004,0.007268107154138143,0.34498680864236747,0.0024830344298981,0.003087631530775682,-0.000604597100877582,-0.2476673236063809,0.0012994430522626,0.0036559325471879657,-0.0023564894949253657,-0.5386525586231756,0.0015493210334931,0.0055708100465162525,-0.0040214890130231525,-0.6628565098028458,0.0015090031327501,0.004549140651717662,-0.0030401375189675617,-0.556163161427297,0.0393530839246065,0.035563147966883674,0.003789935957722826,0.15776514860575686,0.0,0.04310344827586207,-0.04310344827586207,-0.3747658444979308,0.5,0.646551724137931,-0.14655172413793105,-0.33837965717966406,0.1566507658635633,0.1461144542092538,0.010536311654309488,0.9252211266445477,0.1977856688605949,0.19154839675788485,0.006237272102710051,0.2482988085882031,0.3698630136986301,0.3410486537553141,0.028814359943315992,1.0226496242972576
u0214,realcartest,428.0,430.0,2428.0,2430.0,30.0,not_used,6.25,6.181034482758621,0.068965517241379,0.12748295776322732,0.0,0.0,0.0,0.0,0.0359590425490955,0.036715730301149226,-0.0007566877520537238,-0.1430565697745955,0.1335620238859261,0.12674313746296906,0.0068188864229570545,0.3235399550853792,0.0024491201550235,0.0029497497131000514,-0.0005006295580765514,-0.22825154173671053,0.0016743963965191,0.0030506755437255282,-0.0013762791472064283,-0.40821597037381324,0.0023766669293244,0.004710629178785396,-0.0023339622494609963,-0.495456878153525,0.0021258402549341,0.003828890396120241,-0.0017030501411861411,-0.3878336344600157,0.0281155924576657,0.03486165114302874,-0.006746058685363043,-0.28688243365714533,0.0,0.04310344827586207,-0.04310344827586207,-0.3747658444979308,0.5,0.6379310344827587,-0.13793103448275867,-0.3219374546342136,0.1460116159914878,0.14525045659296074,0.0007611593985270559,0.06482171451529056,0.1837086394464118,0.18828393821850847,-0.00457529877209667,-0.20787599526450606,0.3424657534246575,0.3386868209730751,0.003778932451582395,0.1274829577632268
u0215,realcartest,430.0,432.0,2430.0,2432.0,30.0,not_used,6.25,6.146551724137931,0.1034482758620694,0.1825319379608737,0.0,0.0,0.0,0.0,0.0357998426642908,0.03705667841622279,-0.0012568357519319867,-0.2511422413272585,0.1315219978847178,0.12861846852689296,0.002903529357824841,0.15442717078626442,0.0013749348722448,0.0028695585349742033,-0.0014946236627294033,-0.6773816841726906,0.0015650056417771,0.002528479403641052,-0.0009634737618639522,-0.41988655258741325,0.0026094330966776,0.004093300295447238,-0.0014838671987696382,-0.39955802617058594,0.0018078338692724,0.003193934600578369,-0.001386100731305969,-0.42678684679383505,0.0226635861420568,0.03455931268109075,-0.011895726539033948,-0.5006789430486671,0.0,0.04310344827586207,-0.04310344827586207,-0.3747658444979308,0.5,0.6379310344827587,-0.13793103448275867,-0.3219374546342136,0.146258851025067,0.1446487596835588,0.0016100913415081908,0.13347590825217737,0.1804354327780582,0.18607181539106585,-0.00563638261300764,-0.25376875846564445,0.3424657534246575,0.33679735474728395,0.005668398677373565,0.18253193796087047
u0216,realcartest,432.0,434.0,2432.0,2434.0,30.0,not_used,6.0,6.086206896551724,-0.0862068965517242,-0.14564822990048268,0.0,0.0,0.0,0.0,0.0359421359933353,0.03734304699326597,-0.0014009109999306643,-0.2864670196764235,0.1314621330571956,0.13056900889077544,0.0008931241664201506,0.0558122968602225,0.0016082233235138,0.0027355228838710824,-0.0011272995603572825,-0.501227076257544,0.0008708120726458,0.0022853721395418762,-0.0014145600668960764,-0.688311851306637,0.001258923696677,0.0035137676350870894,-0.0022548439384100895,-0.9195512657228689,0.0009673349288824,0.002900453384735711,-0.001933118455853311,-0.6406021607038149,0.0432091462271666,0.03295806870029228,0.01025107752687432,0.4195011044276924,0.0,0.04310344827586207,-0.04310344827586207,-0.3747658444979308,0.75,0.6120689655172413,0.13793103448275867,0.31116393663376574,0.1433340316850185,0.14411771741892665,-0.0007836857339081627,-0.06340865761153382,0.1814464749973966,0.1839193710570859,-0.0024728960596892835,-0.10733374692159514,0.3287671232876712,0.3334907888521493,-0.004723665564478063,-0.14564822990048346
u0217,realcartest,434.0,436.0,2434.0,2436.0,30.0,not_used,6.0,6.0,0.0,0.0,0.0,0.0,0.0,0.0,0.0380693036118192,0.03760798621977622,0.0004613173920429772,0.098095675986591,0.1333364329910923,0.13253298811428277,0.0008034448768095281,0.06587431500957738,0.0005231078573365,0.002664552942138186,-0.002141445084801686,-0.9491351915937458,0.0012790772774614,0.002250706038126383,-0.000971628760664983,-0.4687831073045265,0.0020187019286916,0.0033941912158358513,-0.0013754892871442512,-0.5544294665587574,0.0016111459591385,0.002863182606284528,-0.001252036647146028,-0.412406643887077,0.0133598414863417,0.030817062658011454,-0.017457221171669753,-0.7423356468837012,0.0,0.034482758620689655,-0.034482758620689655,-0.31822291367029204,0.25,0.5689655172413793,-0.31896551724137934,-0.7691659436816087,0.1443936578430571,0.14267879752422416,0.0017148603188329448,0.1524126076391712,0.1716793534529611,0.1816269166520642,-0.009947563199103115,-0.4382063751198069,0.3287671232876712,0.32876712328767127,-5.551115123125783e-17,-1.944092033668169e-15
u0218,realcartest,436.0,438.0,2436.0,2438.0,30.0,not_used,6.0,5.956896551724138,0.0431034482758621,0.09278370237815076,0.0,0.0,0.0,0.0,0.0370687638637152,0.03777402499440512,-0.0007052611306899159,-0.15728436819051972,0.1311994082212051,0.13433965616210794,-0.0031402479409028405,-0.4321053532592503,0.0017382043150969,0.0025634202900382125,-0.0008252159749413124,-0.35812805865803116,0.0008440189878043,0.0021977077869345003,-0.0013536887991302004,-0.6467047780478844,0.0014190033420425,0.0033473142094546725,-0.0019283108674121724,-0.767201915024349,0.0009875892892033,0.0027220734298435763,-0.0017344841406402762,-0.5712451167426629,0.0347626645058878,0.02900742232784245,0.0057552421780453535,0.2419536198425328,0.0,0.034482758620689655,-0.034482758620689655,-0.31822291367029204,0.75,0.5431034482758621,0.2068965517241379,0.48586579810734953,0.1431420147654058,0.14242012420871183,0.0007218905566939715,0.06556386770505464,0.1778792082752346,0.1802741259112522,-0.002394917636017596,-0.10656082688187087,0.3287671232876712,0.32640529050543227,0.0023618327822389484,0.09278370237814798
u0219,realcartest,438.0,440.0,2438.0,2440.0,30.0,not_used,7.0,5.905172413793103,1.0948275862068968,2.0462589018133217,0.0,0.0,0.0,0.0,0.0327248422558264,0.03757712939292773,-0.004852287137101334,-1.1832486980992456,0.1331403075668164,0.13335203363202255,-0.00021172606520614146,-0.04155626609263372,0.0047527193588586,0.0024035587580611435,0.0023491606007974564,1.1351682444202214,0.0016429801964517,0.001861041649653231,-0.00021806145320153107,-0.14996189279353878,0.0024296658821996,0.0029884193267726753,-0.0005587534445730753,-0.27900887986884,0.0019799513031776,0.0022003697112311475,-0.00022041840805354755,-0.12159669505139713,0.0595678723132609,0.027287949637869038,0.032279922675391856,1.4669250717353752,0.25,0.02586206896551724,0.22413793103448276,2.229481606852615,1.5,0.5258620689655172,0.9741379310344828,2.335987501430093,0.1648982126487404,0.14212053193397625,0.02277768071476416,1.9706498537132913,0.2133218368294702,0.17707616292611814,0.036245673903352066,1.729565723693127,0.3835616438356164,0.3235710911667454,0.059990552668871044,2.0462589018133213
u0220,realcartest,440.0,442.0,2440.0,2442.0,30.0,not_used,5.75,5.887931034482759,-0.1379310344827589,-0.2634659687755142,0.0,0.0,0.0,0.0,0.0351802193557092,0.03693338513538763,-0.001753165779678434,-0.6922067624779317,0.133125927769579,0.1324306166588149,0.0006953111107640964,0.6284908757902664,0.0030495549896198,0.0022311096777211784,0.0008184453118986216,0.5343162520849094,0.0043576307555967,0.0016451002222333138,0.0027125305333633863,3.2308589566213475,0.0071816975676337,0.002905213329731517,0.004276484237902183,2.2460247166879053,0.0048942549582724,0.0019185715812038383,0.002975683377068561,3.0937711774738816,0.0443266248836838,0.02543778667127961,0.018888838212404193,1.0373603322480625,0.0,0.008620689655172414,-0.008620689655172414,-0.18898223650461357,1.0,0.5,0.5,1.3257359305592338,0.1321632840864816,0.1410558321287447,-0.00889254804226311,-0.8633852531423014,0.1871605377293015,0.17476336320929273,0.012397174520008769,0.7839574449632473,0.3150684931506849,0.3226263580538498,-0.0075578649031649014,-0.2634659687755153
u0221,realcartest,442.0,444.0,2442.0,2444.0,30.0,not_used,5.75,5.905172413793103,-0.1551724137931032,-0.2900209467136986,0.0,0.0,0.0,0.0,0.0350460603855349,0.03657994300846587,-0.001533882622930971,-0.6908563008812323,0.1330068128250746,0.13252993678244368,0.00047687604263091377,0.45552716608938487,0.001517669613056,0.0023518334127973265,-0.0008341637997413265,-0.5457899826233358,0.0019310544811755,0.0016424847208546622,0.0002885697603208378,0.34503531956199385,0.0037678826150968,0.0027146438849818552,0.0010532387301149448,0.6747133817600014,0.0023467037150725,0.0019108005943550108,0.00043590312071748903,0.45795630386147584,0.0113970862313498,0.02691776715827691,-0.015520680926927112,-0.8665635765691225,0.0,0.008620689655172414,-0.008620689655172414,-0.18898223650461357,0.25,0.5344827586206896,-0.2844827586206896,-0.7574706955280661,0.1377791430187091,0.1412276401820511,-0.0034484971633420014,-0.33149401204929513,0.1671975107246126,0.17570293314429714,-0.008505422419684522,-0.519848317983741,0.3150684931506849,0.3235710911667454,-0.008502598016060459,-0.29002094671369893
u0222,realcartest,444.0,446.0,2444.0,2446.0,30.0,not_used,5.75,5.922413793103448,-0.1724137931034484,-0.31591201180328193,0.0,0.0,0.0,0.0,0.0352244196474421,0.03632296833596453,-0.0010985486885224313,-0.5241286208719176,0.1329701813822612,0.1325045105477138,0.000465670834547377,0.45658590868929344,0.0029860168509173,0.0022533380230026893,0.0007326788279146106,0.4869481306595612,0.0031042887785511,0.0016308180782773313,0.0014734707002737688,1.7698431053101498,0.0045370372384998,0.002763738126111897,0.0017732991123879027,1.1220857002993492,0.0035540467121372,0.0018926150404700935,0.0016614316716671064,1.757367396184585,0.0226464154775679,0.026404856158777447,-0.0037584406812095454,-0.21915033212303564,0.0,0.008620689655172414,-0.008620689655172414,-0.18898223650461357,0.5,0.5258620689655172,-0.025862068965517238,-0.07035975447302917,0.1337218998676664,0.14150070460348635,-0.007778804735819961,-0.7388616867875536,0.1745617554396014,0.17579745913815914,-0.001235703698557744,-0.07503540477638265,0.3150684931506849,0.32451582427964104,-0.009447331128956127,-0.3159120118032836
u0223,realcartest,446.0,448.0,2446.0,2448.0,30.0,not_used,5.25,5.922413793103448,-0.6724137931034484,-1.232056846032799,0.0,0.0,0.0,0.0,0.0379309595010025,0.0362152118006917,0.001715747700310799,0.8022131806228326,0.1326597343595629,0.1324621530847427,0.0001975812748201966,0.20249306061946576,0.0027956616221989,0.0022163238351077304,0.0005793377870911697,0.3758205943802566,0.001592104681225,0.001600306047599873,-8.20136637487293e-06,-0.009958119175224088,0.0021751403717117,0.0027314596432530965,-0.0005563192715413966,-0.3514789220738038,0.0018049553136562,0.0018515578453866311,-4.660253173043114e-05,-0.05006862227113528,0.0225230550829009,0.026464317934349092,-0.003941262851448191,-0.2305085283295397,0.0,0.008620689655172414,-0.008620689655172414,-0.18898223650461357,0.5,0.5258620689655172,-0.025862068965517238,-0.07035975447302917,0.1277404000097399,0.14154776343330663,-0.013807363423566726,-1.3076993914805541,0.1594493558774903,0.17571107929115926,-0.016261723413668966,-0.988162879192711,0.2876712328767123,0.324515824279641,-0.03684459140292867,-1.2320568460327987
u0224,realcartest,448.0,450.0,2448.0,2450.0,30.0,not_used,6.0,5.931034482758621,0.068965517241379,0.12388592261650164,0.0,0.0,0.0,0.0,0.0340057699046303,0.036024060282266616,-0.002018290377636317,-0.9154120401452595,0.1327000237069089,0.13243070576464278,0.0002693179422661174,0.28349949436294003,0.0037380495739937,0.0022751902846848407,0.0014628592893088594,0.9776532313438591,0.0015950608752888,0.001639048685680959,-4.3987810392159083e-05,-0.05146882374852759,0.0029569010028361,0.002804581039768265,0.00015231996306783483,0.09384823379132698,0.0017663418104432,0.001886995128208414,-0.00012065331776521396,-0.12578103581581426,0.0410984182219173,0.027568646818124466,0.013529771403792835,0.7915310358228106,0.0,0.008620689655172414,-0.008620689655172414,-0.18898223650461357,0.75,0.5603448275862069,0.18965517241379315,0.5217432059963739,0.1406554189562417,0.14149574914286375,-0.0008403301866220514,-0.08008761127808017,0.1826535812722773,0.17640229337460073,0.006251287897676566,0.3640529308733352,0.3287671232876712,0.3249881908360888,0.003778932451582395,0.12388592261650111
u0225,realcartest,450.0,452.0,2450.0,2452.0,30.0,not_used,5.5,5.931034482758621,-0.431034482758621,-0.7742870163531392,0.0,0.0,0.0,0.0,0.0363555047926952,0.03602757039436177,0.0003279343983334307,0.1487530084550202,0.132792493515622,0.13249404288873073,0.0002984506268912668,0.3201459233489358,0.0023869246443897,0.002225025536984361,0.00016189910740533903,0.11085258408172367,0.0030058439803671,0.0016675992235328312,0.0013382447568342686,1.5481718799300248,0.0070620967745002,0.0028784609398120136,0.004183635834688186,2.508820004575771,0.0034507301962345,0.001918016712610838,0.001532713483623662,1.5810847598121744,0.0230230805378537,0.026256145135045383,-0.0032330645971916823,-0.20460185646078602,0.0,0.008620689655172414,-0.008620689655172414,-0.18898223650461357,0.5,0.5258620689655172,-0.025862068965517238,-0.0753302941427738,0.1287299296507165,0.14134477827649408,-0.01261484862577758,-1.2204349501139446,0.1689411933884743,0.17594256488391696,-0.007001371495442665,-0.4208222417136921,0.3013698630136986,0.32498819083608876,-0.02361832782239015,-0.7742870163531379
u0226,realcartest,452.0,454.0,2452.0,2454.0,30.0,not_used,5.75,5.922413793103448,-0.1724137931034484,-0.31143732993215,0.0,0.0,0.0,0.0,0.0349065441863251,0.03655263780739551,-0.0016460936210704116,-0.4451046912518768,0.1325207032748486,0.13303066743488604,-0.0005099641600374294,-0.18316412317291086,0.0013888314720904,0.002566744108877668,-0.0011779126367872678,-0.5404152447260467,0.0014974984477278,0.0021894893867102035,-0.0006919909389824035,-0.25322985072124987,0.0026355549021467,0.004483252898828717,-0.0018476979966820174,-0.22029421577823485,0.0018006429239195,0.0026357831714151274,-0.0008351402474956273,-0.22352054553260928,0.0111834824555248,0.02662699861255905,-0.015443516157034251,-0.9931812917442705,0.0,0.008620689655172414,-0.008620689655172414,-0.18898223650461357,0.25,0.5172413793103449,-0.26724137931034486,-0.7567731508893748,0.1387630328407323,0.14355881779942367,-0.004795784958691374,-0.2858198304283295,0.1656960303193718,0.17857251202535784,-0.012876481705986043,-0.6011757153783441,0.3150684931506849,0.324515824279641,-0.009447331128956071,-0.31143732993214984
u0227,realcartest,454.0,456.0,2454.0,2456.0,30.0,not_used,6.0,5.896551724137931,0.1034482758620694,0.1825319379608737,0.0,0.0,0.0,0.0,0.0336216401907926,0.03708724185389565,-0.0034656016631030503,-0.7135797397600359,0.1306058302346184,0.1345646599115184,-0.003958829676900005,-0.479644437743727,0.0034041240577956,0.0028638403410434507,0.0005402837167521493,0.22529986382825667,0.0022930122092603,0.002671637527361783,-0.0003786253181014827,-0.10512134743061678,0.0048512157225649,0.00536622229680868,-0.0005150065742437803,-0.05534114124102596,0.002468190676675,0.003348343576991445,-0.0008801529003164446,-0.1716762919021462,0.0320789728970372,0.028636428570912482,0.0034425443261247163,0.21816135763013308,0.0,0.008620689655172414,-0.008620689655172414,-0.18898223650461357,0.75,0.5517241379310345,0.19827586206896552,0.5669084372142384,0.1385090216186099,0.14339665465232093,-0.004887633033711036,-0.29166349228974553,0.1801930990222645,0.1811458969216064,-0.0009527978993419117,-0.039557873948641575,0.3287671232876712,0.3230987246102976,0.005668398677373621,0.18253193796087228
u0228,realcartest,456.0,458.0,2456.0,2458.0,30.0,not_used,5.25,5.810344827586207,-0.5603448275862073,-0.9064572366626542,0.0,0.0,0.0,0.0,0.0375168060095146,0.037707825697771376,-0.00019101968825677856,-0.03318435362611103,0.1305132057254395,0.13454058895220403,-0.004027383226764519,-0.48776032963218835,0.0051846481215804,0.002995028972393096,0.0021896191491873043,0.8841845977419184,0.0009975601980903,0.002656916824297703,-0.001659356626207403,-0.45988008651025225,0.0011642245125691,0.005362215568802499,-0.004197991056233399,-0.451023364869943,0.0011022547498076,0.003334340302679555,-0.002232085552871955,-0.43490320354854656,0.0422390582907669,0.028669516872162862,0.013569541418604038,0.8586560145645526,0.0,0.008620689655172414,-0.008620689655172414,-0.18898223650461357,0.75,0.5517241379310345,0.19827586206896552,0.5669084372142384,0.1284097358583433,0.14188338945817702,-0.013473653599833713,-0.7717161966765613,0.1650334054641338,0.17929505760587816,-0.014261652141744352,-0.5753352748497392,0.2876712328767123,0.3183750590458196,-0.030703826169107273,-0.9064572366626551
u0229,realcartest,458.0,460.0,2458.0,2460.0,30.0,not_used,5.25,5.732758620689655,-0.4827586206896548,-0.695022351444908,0.0,0.0,0.0,0.0,0.0375283071565952,0.0381042543571573,-0.0005759472005621019,-0.09579314076723244,0.130696131507284,0.1345297250932865,-0.0038335935860024928,-0.4642066476688879,0.001386189892357,0.0029112722110808736,-0.0015250823187238736,-0.6018754365826564,0.0010598424488014,0.0026080113429609894,-0.0015481688941595894,-0.4264030378157125,0.0022532719329044,0.005299115673173766,-0.003045843740269366,-0.32632080032328525,0.0011826614230976,0.00327185381779449,-0.00208919239469689,-0.40506475443699713,0.0112404654904802,0.027701918716775825,-0.016461453226295625,-0.9890210384700692,0.0,0.008620689655172414,-0.008620689655172414,-0.18898223650461357,0.25,0.5344827586206896,-0.2844827586206896,-0.7817359599705714,0.1298862829036604,0.14086183542107147,-0.010975552517411086,-0.6082397476077264,0.1530935658269661,0.17717957955036753,-0.02408601372340144,-0.8969484499211358,0.2876712328767123,0.31412376003778936,-0.026452527161077044,-0.6950223514449099
u0230,realcartest,460.0,462.0,2460.0,2462.0,30.0,not_used,5.0,5.698275862068965,-0.6982758620689653,-1.0077870186317146,0.0,0.0,0.0,0.0,0.039379718215612,0.03846293531631513,0.000916782899296871,0.1485300734654693,0.132898973849495,0.13459106295341758,-0.0016920891039225727,-0.20529081672446015,0.0001508523130379,0.003155839095587584,-0.003004986782549684,-1.108869729499949,0.0010243688937713,0.0028404317033227035,-0.0018160628095514036,-0.4817607876520788,0.0021119585618753,0.005921197932757993,-0.003809239370882693,-0.39162277404298035,0.001247879087061,0.0035419175214139,-0.0022940384343529,-0.43467489411625754,0.0003497471046945,0.028480808903908944,-0.028131061799214443,-1.6629386112832307,0.0,0.008620689655172414,-0.008620689655172414,-0.18898223650461357,0.0,0.5431034482758621,-0.5431034482758621,-1.4840999694093682,0.1298652692820608,0.14013322343810342,-0.010267954156042619,-0.563006872956537,0.1450753512026884,0.17755287687273302,-0.03247752567004461,-1.204167345257346,0.273972602739726,0.31223429381199813,-0.03826169107227212,-1.007787018631716
u0231,realcartest,462.0,464.0,2462.0,2464.0,30.0,not_used,5.25,5.706896551724138,-0.4568965517241379,-0.6544706322503665,0.0,0.0,0.0,0.0,0.0379212274566597,0.03879599123522196,-0.0008747637785622639,-0.13914095045468772,0.1327078402463927,0.13425072852883593,-0.0015428882824432277,-0.18019908279834385,0.0014447549854607,0.0034048606380616218,-0.001960105652600922,-0.6799775112461326,0.0007207254599731,0.0033261091316515996,-0.0026053836716784995,-0.5992687401049536,0.0011261427948082,0.0063529473865885895,-0.005226804591780389,-0.5340029984000043,0.0008577422072267,0.004149547536083983,-0.0032918053288572826,-0.5559226630897162,0.0111428666981723,0.02974917174618906,-0.01860630504801676,-0.969165456997566,0.0,0.008620689655172414,-0.008620689655172414,-0.18898223650461357,0.25,0.5603448275862069,-0.31034482758620685,-0.8029795261418469,0.1316230957674826,0.1398241437583172,-0.008201047990834598,-0.4492054998462493,0.152911293164479,0.17977142716770816,-0.026860134003229175,-0.904159756036317,0.2876712328767123,0.31270666036844585,-0.025035427491733542,-0.6544706322503654
u0232,realcartest,464.0,466.0,2464.0,2466.0,30.0,not_used,6.0,5.793103448275862,0.2068965517241379,0.23954529549823703,0.0,0.0,0.0,0.0,0.0340472166816753,0.038917724067381206,-0.004870507385705908,-0.7723865784302346,0.1330802819706042,0.13750592799019723,-0.004425646019593027,-0.23194944384030405,6.43716547727765e-05,0.0039485255254384215,-0.003884153870665645,-1.059017534757335,0.0006481475865701,0.004427503726239148,-0.0037793561396690482,-0.5434775815445588,0.0009584642139174,0.007514939368078987,-0.006556475154161587,-0.589888965165551,0.0007380546270664,0.005431182914792944,-0.004693128287726544,-0.5435557373150153,0.0001444453467938,0.032787567332049065,-0.03264312198525526,-1.4213217713071622,0.0,0.017241379310344827,-0.017241379310344827,-0.2721655269759087,0.0,0.5862068965517241,-0.5862068965517241,-1.5033361401702985,0.1491665680137764,0.14186642040825476,0.00730014760552164,0.33717591048907136,0.1651082972946938,0.18753535156788587,-0.022427054273192054,-0.4535886675642917,0.3287671232876712,0.31743032593292386,0.011336797354747352,0.23954529549823853
u0233,realcartest,466.0,468.0,2466.0,2468.0,30.0,not_used,4.5,5.956896551724138,-1.456896551724138,-1.164603642052099,0.0,0.0,0.0,0.0,0.0431738450631198,0.0380514164099469,0.005122428653172903,0.6404025904889676,0.1331214437955188,0.1365164335683975,-0.0033949897728786926,-0.1689174990011577,0.0033776070250325,0.004004125814176129,-0.0006265187891436293,-0.17184088909379377,0.0005146780822342,0.00494766335622771,-0.004432985273993511,-0.6135284468614959,0.0011776356725669,0.0081257606504905,-0.0069481249779236,-0.617671526223512,0.0005830478605772,0.005980752156756783,-0.005397704296179582,-0.6106972151169433,0.0269356565898792,0.03344753221703433,-0.00651187562715513,-0.27963847398463787,0.0,0.017241379310344827,-0.017241379310344827,-0.2721655269759087,0.5,0.5862068965517241,-0.08620689655172409,-0.22107884414269083,0.1172864185014219,0.14483970825561587,-0.02755328975419398,-1.0240966699087022,0.1426134972494154,0.1927413669404196,-0.05012786969100419,-0.8998875478087328,0.2465753424657534,0.3264052905054321,-0.07982994803967869,-1.164603642052098
u0234,realcartest,468.0,470.0,2468.0,2470.0,30.0,not_used,6.0,6.137931034482759,-0.1379310344827589,-0.08155626168732591,0.0,0.0,0.0,0.0,0.0360002886340251,0.03790862860632112,-0.0019083399722960165,-0.2347719884698301,0.1329526728506697,0.14339576968521983,-0.010443096834550136,-0.25458805844215604,0.0054308855798778,0.004301960504197142,0.0011289250756806582,0.2802897278739296,0.0018856897293164,0.005677896727219555,-0.0037922069979031553,-0.4804085703184981,0.0040553542727656,0.009043424129621187,-0.004988069856855587,-0.42207787611359343,0.0021621512410691,0.0068656567912034824,-0.004703505550134383,-0.4878209016127324,0.0407955055694571,0.03540134654193908,0.005394159027518025,0.196805657971417,0.0,0.017241379310344827,-0.017241379310344827,-0.2721655269759087,0.75,0.603448275862069,0.14655172413793105,0.3345575248187646,0.1390718328730701,0.14851739868258404,-0.009445565809513945,-0.2671474046184048,0.1832667111336195,0.20171521275021417,-0.01844850161659467,-0.24377519051974475,0.3287671232876712,0.336324988190836,-0.00755786490316479,-0.08155626168732504
u0235,realcartest,470.0,472.0,2470.0,2472.0,30.0,not_used,6.5,6.310344827586207,0.1896551724137927,0.10053315939357764,0.0,0.0,0.0,0.0,0.0337326661093469,0.03699363063087093,-0.0032609645215240304,-0.3354386998752737,0.1332759788495569,0.1425679012048816,-0.009291922355324722,-0.22412628343875268,0.0039988541186103,0.004396669577136512,-0.00039781545852621194,-0.0987273284289095,0.002637817746204,0.006107313698127404,-0.0034694959519234038,-0.4259697298831261,0.0031650456687318,0.009306482181156966,-0.006141436512425166,-0.5178994581590453,0.0030315918996029,0.007331533846588207,-0.004299941946985307,-0.43613020984566575,0.0440017114163751,0.037675106550354345,0.006326604866020755,0.2067279030675829,0.0,0.034482758620689655,-0.034482758620689655,-0.31822291367029204,1.0,0.6637931034482759,0.3362068965517241,0.5751486749181579,0.1498545645884049,0.1524469019337517,-0.002592337345346807,-0.06576174730524337,0.1982359725046688,0.2077158641109356,-0.009479891606266805,-0.11703788523470986,0.3561643835616438,0.3457723193197921,0.01039206424185174,0.10053315939357843
u0236,realcartest,472.0,474.0,2472.0,2474.0,30.0,not_used,6.5,6.568965517241379,-0.068965517241379,-0.030414074023562693,0.0,0.0,0.0,0.0,0.0337692984852619,0.03614008742500715,-0.0023707889397452456,-0.21803542779985668,0.1332446182932471,0.1424671252337693,-0.009222506940522207,-0.2223089794328775,0.0012397057149279,0.004406349457144325,-0.0031666437422164253,-0.7871662103389224,0.0017396589665158,0.006702433131841452,-0.004962774165325652,-0.5877906479780579,0.0040699130544131,0.00992335492119342,-0.00585344186678032,-0.4870394233160435,0.0019736880396126,0.008003145200262006,-0.006029457160649406,-0.5936968865367618,0.0452183208169791,0.0414697955777334,0.003748525239245702,0.11100551413767752,0.0,0.05172413793103448,-0.05172413793103448,-0.37647348308289513,0.75,0.7413793103448276,0.008620689655172376,0.012907793367708415,0.150121994235218,0.1575110515524803,-0.007389057317262304,-0.16034907679631097,0.1956881004118639,0.21681538180524643,-0.02112728139338252,-0.23414428279384622,0.3561643835616438,0.35994331601322627,-0.0037789324515824507,-0.03041407402356301
u0237,realcartest,474.0,476.0,2474.0,2476.0,30.0,not_used,6.25,6.681034482758621,-0.431034482758621,-0.18705481322076514,0.0,0.0,0.0,0.0,0.0338653221189995,0.03515887806232613,-0.001293555943326627,-0.10669591727880785,0.1329092922423719,0.13888764358464611,-0.005978351342274202,-0.12899978283036542,0.0001800194877035,0.004364761277058963,-0.0041847417893554634,-1.0349332386651053,0.0014162276222813,0.0071249256115049,-0.0057086979892236,-0.6670408706033133,0.0021602136799867,0.010445831547365565,-0.008285617867378865,-0.6846511341167598,0.0016111711249545,0.008477422484861556,-0.006866251359907056,-0.6693829331272063,0.0123401890093488,0.0438662432360655,-0.0315260542267167,-0.9059668675489289,0.0,0.0603448275862069,-0.0603448275862069,-0.42600643361512924,0.25,0.7672413793103449,-0.5172413793103449,-0.7691043653569012,0.1490223968418297,0.15953268888960037,-0.01051029204777068,-0.2271087592457016,0.1767418552165723,0.22070250365401012,-0.04396064843743783,-0.4843909293409467,0.3424657534246575,0.3660840812470477,-0.023618327822390206,-0.18705481322076525
u0238,realcartest,476.0,478.0,2476.0,2478.0,30.0,not_used,6.75,6.887931034482759,-0.1379310344827589,-0.05670693451915729,0.0,0.0,0.0,0.0,0.0325978355321286,0.0341109908342191,-0.0015131553020905006,-0.11540323053771077,0.1327793711521102,0.13675211484614155,-0.003972743694031361,-0.08280055593209686,0.0019322439870749,0.004357013050291207,-0.0024247690632163066,-0.5991962107877676,0.0028542477287383,0.007662055137270948,-0.004807807408532648,-0.5537637875310913,0.0047106166641624,0.010983275985851807,-0.006272659321689407,-0.5197434823997987,0.0031420516979965,0.009071199503493986,-0.0059291478054974865,-0.5727479849104201,0.0429525356596322,0.04654062062913321,-0.0035880849695010056,-0.0996297360847388,0.0,0.07758620689655173,-0.07758620689655173,-0.4783446031074605,1.0,0.8275862068965517,0.1724137931034483,0.23863697995167382,0.154098659801112,0.16379407141601732,-0.009695411614905308,-0.1987691341180088,0.2034681771340775,0.22757223664577023,-0.024104059511692727,-0.2581823614793478,0.3698630136986301,0.37742087860179496,-0.007557864903164846,-0.05670693451915709
u0239,realcartest,478.0,480.0,2478.0,2480.0,30.0,not_used,6.5,7.043103448275862,-0.5431034482758621,-0.21612127364944678,0.0,0.017241379310344827,-0.017241379310344827,-0.18898223650461357,0.0359306372417423,0.03310726263778112,0.002823374603961183,0.19947213526422045,0.1331171150008837,0.13330199122218303,-0.00018487622129934045,-0.0035823724003363456,0.0025779649343362,0.004234986888376756,-0.0016570219540405565,-0.40255286339101154,0.002360943273935,0.008249401862285396,-0.005888458588350395,-0.66711929559143,0.0049043650843266,0.011552997505532226,-0.006648632421205626,-0.5510044316018446,0.0026685601901485,0.009688903958968332,-0.0070203437688198325,-0.6729666280035855,0.0240645111524331,0.04879938119534738,-0.02473487004291428,-0.6574858868960874,0.0,0.09482758620689655,-0.09482758620689655,-0.5304671043874534,0.25,0.8706896551724138,-0.6206896551724138,-0.8240554170467909,0.1500120374118991,0.16706530637449488,-0.017053268962595763,-0.33920730405537364,0.1891420878260236,0.23328787374966165,-0.04414578592363805,-0.46233071926546104,0.3561643835616438,0.38686820973075103,-0.030703826169107218,-0.2207643053863162
u0240,realcartest,480.0,482.0,2480.0,2482.0,30.0,not_used,6.0,7.103448275862069,-1.1034482758620694,-0.4420631711964303,0.0,0.02586206896551724,-0.02586206896551724,-0.25724787771376323,0.0522993969508875,0.03223825651231734,0.020061140438570157,1.365488594051806,0.1469563387280518,0.1351797050417714,0.011776633686280402,0.2241598136667804,0.0111811706979453,0.0044189867964270595,0.00676218390151824,1.629954212639017,0.0159343127453996,0.00857843850420713,0.007355874241192469,0.8356179429384545,0.0480022465698181,0.011642257581954423,0.036359988987863676,3.0193343755034783,0.0217544579283885,0.010035438342611676,0.011719019585776824,1.128372905703731,0.0211590027541239,0.05293872746470945,-0.03177972471058555,-0.7749639690150408,0.0,0.1206896551724138,-0.1206896551724138,-0.5640760748177662,0.0,0.9482758620689655,-0.9482758620689655,-1.151343383325662,0.214007299524718,0.17100478266826763,0.043002516856450373,0.8337883451994894,0.2499864961350402,0.23866618097303893,0.011320315162001271,0.11779716286845904,0.3287671232876712,0.3906471421823336,-0.06188001889466238,-0.4477854016635969
u0241,realcartest,482.0,484.0,2482.0,2484.0,30.0,not_used,5.25,7.060344827586207,-1.8103448275862073,-0.7156365281760547,0.0,0.02586206896551724,-0.02586206896551724,-0.25724787771376323,0.0538403983815938,0.031196861741087125,0.022643536640506678,1.4596582047858364,0.1757184335193309,0.130920648745718,0.0447977847736129,0.7809340634946409,0.0087059242415093,0.004579997031911925,0.004125927209597376,1.0018110160784963,0.0151310399775466,0.008971803160194384,0.006159236817352216,0.7053392192422436,0.0269317518205104,0.012030045079708476,0.014901706740801924,1.2494491438955824,0.0219720866123739,0.010436300184076227,0.011535786428297673,1.1217173792903383,0.0585634898125044,0.055055856847393184,0.0035076329651112167,0.08687060849360048,0.0,0.12931034482758622,-0.12931034482758622,-0.6043672230190352,1.0,1.0,0.0,0.0,0.1433255494430719,0.1704805266168247,-0.027154977173752787,-0.5224558016429479,0.2407565217488228,0.23890528865339852,0.0018512330954242873,0.01929841704397592,0.2876712328767123,0.38828530940009454,-0.10061407652338222,-0.71848838886679
u0242,realcartest,484.0,486.0,2484.0,2486.0,30.0,not_used,4.25,7.060344827586207,-2.8103448275862073,-1.1109405151685419,0.0,0.034482758620689655,-0.034482758620689655,-0.31822291367029204,0.0540889322959936,0.03014189452210776,0.023947037773885838,1.4663677105155797,0.1331013712075317,0.12668606061668378,0.0064153105908479335,0.10413278453925477,0.0062875047390378,0.004474839257613791,0.001812665481424009,0.4330784003394643,0.0008725426634043,0.0094240701681023,-0.008551527504698,-0.9813199547378185,0.0014331259213139,0.012504393816733857,-0.011071267895419956,-0.929951759401187,0.0011029081777053,0.010900282661856567,-0.009797374484151267,-0.9588915090034761,0.0403126446608675,0.05645806488631059,-0.01614542022544309,-0.4010157891498776,0.0,0.13793103448275862,-0.13793103448275862,-0.6457074498170093,0.5,1.0258620689655173,-0.5258620689655173,-0.6345222461413795,0.1127660752333901,0.17062404454023025,-0.057857969306840146,-1.1149507946598836,0.144111328704476,0.2400983713031533,-0.09598704259867732,-1.006124322269869,0.2328767123287671,0.3887576759565423,-0.1558809636277752,-1.1145723178476392
u0243,realcartest,486.0,488.0,2486.0,2488.0,30.0,not_used,4.0,7.0344827586206895,-3.0344827586206895,-1.189148473060331,0.0,0.04310344827586207,-0.04310344827586207,-0.3747658444979307,0.0474554736712871,0.029136183850918453,0.018319289820368647,1.0944284688826105,0.1332469719773184,0.12371157910128253,0.009535392876035886,0.15038501982161914,2.0174076969050464e-05,0.004438231676959022,-0.004418057599989971,-1.055988921001922,0.0002561374377544,0.010088187216572413,-0.009832049778818013,-1.1197661846158278,0.0005467699560911,0.013427740154901072,-0.012880970198809972,-1.0709476884602014,0.0003137321932672,0.011648396387965769,-0.01133466419469857,-1.1040176736966174,5.524595144164246e-05,0.056952468839006815,-0.05689722288756517,-1.4163544987216086,0.0,0.14655172413793102,-0.14655172413793102,-0.6883098806520787,0.0,1.043103448275862,-1.043103448275862,-1.2597334028517972,0.1163865489154271,0.17069632387675274,-0.054309774961325635,-1.0477347360914988,0.1223597758366029,0.24156234249440597,-0.11920256665780307,-1.2605800194122774,0.2191780821917808,0.38781294284364665,-0.16863486065186584,-1.199161954912824
u0244,realcartest,488.0,490.0,2488.0,2490.0,30.0,not_used,5.25,6.974137931034483,-1.724137931034483,-0.6597678421512637,0.0,0.04310344827586207,-0.04310344827586207,-0.37476584449793077,0.0462015904798678,0.028094557505132248,0.01810703297473555,1.0576795160751433,0.1333007958285182,0.12105333967861014,0.012247456149908062,0.18940877635392994,0.0084673745229394,0.004667321770341022,0.0038000527525983777,0.9064360060712426,0.0083051960922668,0.010805108829946671,-0.002499912737679872,-0.2820803111676471,0.0206498186246202,0.013714759637361367,0.006935058987258833,0.5849588001595144,0.0096396812742353,0.012430154624531583,-0.002790473350296283,-0.27083714259949976,0.0452514015689173,0.061681640939266445,-0.016430239370349146,-0.3864474130795593,0.0,0.1724137931034483,-0.1724137931034483,-0.7254762501100117,0.75,1.0775862068965518,-0.3275862068965518,-0.4019420298879775,0.1251291035189932,0.1735782999490839,-0.048449196430090685,-0.9351373644621789,0.1912610551266569,0.24494340155011288,-0.053682346423455984,-0.5767376559299829,0.2876712328767123,0.38450637694851203,-0.09683514407179972,-0.672329930736558
u0245,realcartest,490.0,492.0,2490.0,2492.0,30.0,not_used,6.25,7.181034482758621,-0.931034482758621,-0.3467170634693899,0.0,0.05172413793103448,-0.05172413793103448,-0.4285714285714286,0.0456007576416333,0.02726851480166912,0.01833224283996418,1.069992234179176,0.1215924347443276,0.12675090011826493,-0.0051584653739373265,-0.07136347101140769,0.0088298480552609,0.004991414940857408,0.0038384331144034915,0.9152394018058684,0.0149554574941838,0.011384743516282866,0.0035707139779009335,0.4079518114750948,0.0137796578577643,0.014341941789247166,-0.0005622839314828668,-0.04803635516089358,0.0185886053543148,0.01305730111708978,0.005531304237225022,0.5446412830883937,0.0799916686532899,0.06845439936065509,0.011537269292634808,0.2426231116924313,0.0,0.1896551724137931,-0.1896551724137931,-0.7817359599705715,1.25,1.2413793103448276,0.008620689655172376,0.00836358991473702,0.1343707209712176,0.17956070842222627,-0.04518998745100866,-0.8034711183443957,0.2457844335516746,0.25612656213805846,-0.010342128586383864,-0.10377553466002878,0.3424657534246575,0.3963155408597071,-0.05384978743504959,-0.36273739054353
u0246,realcartest,492.0,494.0,2492.0,2494.0,30.0,not_used,8.5,7.077586206896552,1.4224137931034484,0.5057544023558013,0.0,0.05172413793103448,-0.05172413793103448,-0.4285714285714286,0.0415995557444376,0.026065027357924958,0.01553452838651264,0.8845078349036878,0.2277372173705701,0.12233096554024975,0.10540625183032035,1.3937727174356196,0.0162893895912637,0.0050120768145682695,0.01127731277669543,2.699321260633504,0.0332195205205003,0.01165717093319412,0.021562349587306177,2.525777168356428,0.0357164693919131,0.014667452843944391,0.02104901654796871,1.8364064081282545,0.0387785719416984,0.013329998181142626,0.025448573760555773,2.563247455113669,0.1014733134762818,0.07286380234309844,0.028609511133183357,0.5965243383988514,0.25,0.19827586206896552,0.051724137931034475,0.2153874475853214,1.0,1.3103448275862069,-0.31034482758620685,-0.3015959793428207,0.2036196806912469,0.1799619068683332,0.023657773822913702,0.422907696899252,0.3968331610581157,0.25608761590359047,0.14074554515452525,1.4117021285389177,0.4657534246575342,0.39064714218233343,0.07510628247520079,0.4831019487079364
u0247,realcartest,494.0,496.0,2494.0,2496.0,30.0,not_used,10.75,6.982758620689655,3.767241379310345,1.3024539826653887,0.0,0.05172413793103448,-0.05172413793103448,-0.4285714285714286,0.0119458417981204,0.025103076346220603,-0.013157234548100203,-0.736653863542156,0.1025040699890127,0.11909068852981625,-0.016586618540803552,-0.21514409107674987,0.0033506126884904,0.005136458851667229,-0.001785846163176829,-0.43757256252383775,0.0159286482574726,0.011729976073519522,0.004198672183953077,0.496808314209856,0.0191328205319764,0.014764665741633416,0.004368154790342983,0.3846270117698572,0.0169250973061546,0.013405485386064446,0.0035196119200901557,0.357678349062885,0.0539016461704605,0.07765528910157114,-0.023753642931110645,-0.5011985924765707,0.0,0.21551724137931033,-0.21551724137931033,-0.8861015062604198,0.75,1.3620689655172413,-0.6120689655172413,-0.6126155371089814,0.2293673623388787,0.1806618106226514,0.048705551716227286,0.8747808889861904,0.3288536540787122,0.25607225570714887,0.07278139837156333,0.7299071436357164,0.589041095890411,0.3854511100614076,0.2035899858290034,1.2732102331045776
u0248,realcartest,496.0,498.0,2496.0,2498.0,30.0,not_used,12.25,6.9655172413793105,5.2844827586206895,1.8168406823880687,0.0,0.05172413793103448,-0.05172413793103448,-0.4285714285714286,0.0285839959506783,0.02391246425721123,0.0046715316934670716,0.2629316921674059,0.3326410549546644,0.1158501570094036,0.2167908979452608,2.7651371961373723,0.013389925369468,0.005124795927623984,0.008265129441844016,2.0224229194833954,0.0228197479552152,0.013090973941103872,0.009728774014111327,1.0101247343409854,0.0290419067769895,0.01569361523028627,0.01334829154670323,1.1803063873498196,0.0276421857021319,0.01483096664725695,0.01281121905487495,1.1835463972458589,0.1162284877354987,0.08011688457672086,0.03611160315877783,0.7758991064259195,0.25,0.22413793103448276,0.025862068965517238,0.10783277320343841,2.0,1.396551724137931,0.603448275862069,0.6120602396848352,0.2715512350308167,0.18308717444422135,0.08846406058659534,1.6267531216269642,0.4735633653135126,0.261067293331547,0.21249607198196563,2.1792603193714806,0.6712328767123288,0.38450637694851203,0.28672649976381676,1.7831359165604446
u0249,realcartest,498.0,500.0,2498.0,2500.0,30.0,not_used,10.75,6.870689655172414,3.8793103448275863,1.3007192878891565,0.0,0.05172413793103448,-0.05172413793103448,-0.4285714285714286,0.008645278067654,0.022795835038371955,-0.014150556970717956,-0.7866442552888178,0.1091177418397705,0.11150636817869887,-0.0023886263389283763,-0.029566977587326824,0.0057961181048615,0.004971402418637252,0.0008247156862242477,0.19847376824657437,0.0168107229119243,0.013755907295454234,0.0030548156164700666,0.32157832742785897,0.0148103810621713,0.0161720303936217,-0.0013616493314504013,-0.12269089424647474,0.0184046895644294,0.015514707543292027,0.002889982021137374,0.27194603613480584,0.1102656651277266,0.0794538393473139,0.030811825780412708,0.6523924530780787,0.5,0.22413793103448276,0.27586206896551724,1.150216247503343,2.75,1.3793103448275863,1.3706896551724137,1.3688597638430624,0.2461188783703444,0.18250158352010667,0.06361729485023773,1.1579385359730276,0.3611794271902227,0.26017337350261827,0.10100605368760446,1.0271853644278683,0.589041095890411,0.37931034482758613,0.20973075106282485,1.2718774151341041
u0250,realcartest,500.0,502.0,2500.0,2502.0,30.0,not_used,13.25,6.801724137931035,6.448275862068965,2.140027286761125,0.0,0.05172413793103448,-0.05172413793103448,-0.4285714285714286,0.0102933074154852,0.02191256602640609,-0.01161925861092089,-0.6434219706499391,0.1300843096628172,0.10818227702168012,0.021902032641137076,0.2677519421157658,0.0017983861332826,0.004949202032087278,-0.0031508158988046778,-0.7570184224691574,0.0191895180588829,0.014861905755482926,0.004327612303399975,0.43298473625591016,0.021657192076154,0.017359568218373856,0.0042976238577801425,0.37439414604220217,0.0218234329716127,0.016663982729608662,0.005159450242004038,0.46860681111741964,0.1214430680253425,0.08000902874117347,0.04143403928416903,0.883408565214418,0.5,0.23275862068965517,0.26724137931034486,1.1319599521773436,2.5,1.3793103448275863,1.1206896551724137,1.1191935176075352,0.2846394819618374,0.18387992647104068,0.10075955549079674,1.8452720949949555,0.4310835238596269,0.2624025016775051,0.16868102218212178,1.72769193187992,0.726027397260274,0.3755314123760037,0.3504959848842703,2.1034098535219625
u0251,realcartest,502.0,504.0,2502.0,2504.0,30.0,not_used,9.0,6.732758620689655,2.267241379310345,0.7453027175331343,0.0,0.05172413793103448,-0.05172413793103448,-0.4285714285714286,0.0067693481296927,0.02128564127865319,-0.01451629314896049,-0.8086486357240219,0.0291652135576899,0.10724554566354325,-0.07808033210585334,-0.9561312416618538,0.0017799596284418,0.0051412098255760675,-0.0033612501971342678,-0.8168782340264,0.0153565706887911,0.015718596402587565,-0.00036202571379646484,-0.03657700585928081,0.019688859397492,0.01820962197701924,0.001479237420472762,0.13003647955303216,0.0173080879655241,0.017636513494634486,-0.0003284255291103842,-0.030089830666521142,0.0921433975691987,0.08028761687437835,0.01185578069482035,0.25376990604430916,0.25,0.23275862068965517,0.017241379310344834,0.07302967433402219,1.25,1.3706896551724137,-0.1206896551724137,-0.11975877016879817,0.1923493826441483,0.18411481982995875,0.00823456281418955,0.15116794465597636,0.2872882890537495,0.2641096175424698,0.02317867151127967,0.23924584008436753,0.4931506849315068,0.3717524799244214,0.12139820500708542,0.7214775922691724
u0252,realcartest,504.0,506.0,2504.0,2506.0,30.0,not_used,11.25,6.681034482758621,4.568965517241379,1.4919104324864774,0.0,0.05172413793103448,-0.05172413793103448,-0.42857142857142855,0.0075422298858984,0.020996630425151763,-0.013454400539253362,-0.7552973924958941,0.0707294009429299,0.10656169402735892,-0.03583229308442902,-0.43950943055124714,0.002570963045934,0.005483937482648581,-0.002912974436714581,-0.7102821386310806,0.0171688609284404,0.01611926141850768,0.0010495995099327193,0.1100296818563137,0.0177610290878127,0.018420388327864766,-0.0006593592400520668,-0.05924045364070113,0.0190244888539967,0.01806353966020797,0.0009609491937887273,0.09139347940652469,0.1000799994818643,0.08262899007427649,0.017451009407587814,0.3884774210103359,0.5,0.2413793103448276,0.2586206896551724,1.1149412193707493,2.25,1.4224137931034482,0.8275862068965518,0.8383080631387854,0.2513204932758311,0.1828531017747788,0.06846739150105233,1.229625553562838,0.3586716126385334,0.26504110887260784,0.09363050376592558,0.9736448026513432,0.6164383561643836,0.3689182805857345,0.24752007557864908,1.4609766378414164
u0253,realcartest,506.0,508.0,2506.0,2508.0,30.0,not_used,10.5,6.603448275862069,3.8965517241379306,1.2617726404622207,0.5,0.05172413793103448,0.4482758620689655,3.714285714285714,0.004897652207929,0.020667324563101636,-0.015769672355172636,-0.8917645834939086,0.0326464386121118,0.10522656411242132,-0.07258012550030951,-0.8915974761740545,0.0001992908784746,0.0055549243029792035,-0.005355633424504604,-1.320215659472866,0.0186281159007078,0.016507722825340288,0.0021203930753675125,0.23010201506899466,0.0194788250735683,0.01886892712592314,0.0006098979476451584,0.0563330397041747,0.0196797710191992,0.01850673022588982,0.0011730407933093802,0.1156805871809345,0.106602474642128,0.08337881662597008,0.02322365801615793,0.5226806173624864,0.5,0.2413793103448276,0.2586206896551724,1.1149412193707493,2.0,1.4310344827586208,0.5689655172413792,0.5778811661010544,0.2355212327520915,0.18140117734925093,0.05412005540284057,0.950359317163798,0.3484070572851281,0.2646856404757908,0.08372141680933731,0.8683836471378041,0.6027397260273972,0.3646669815777043,0.23807274444969295,1.3931797930687722
u0254,realcartest,508.0,510.0,2508.0,2510.0,30.0,not_used,7.25,6.5,0.75,0.23887581045448822,0.25,0.05172413793103448,0.19827586206896552,1.6428571428571428,0.0111543271542457,0.02024979906941559,-0.00909547191516989,-0.5209352172972007,0.1872461942836849,0.10371737376734401,0.0835288205163409,1.0276785689826153,0.0077229219778485,0.005594409744813326,0.0021285122330351736,0.5277777765810567,0.0125479065960974,0.016751056419543112,-0.004203149823445712,-0.4708407342524829,0.009650638990744,0.01914836001842653,-0.00949772102768253,-0.8990640606646458,0.0135002273218915,0.018767298932170724,-0.005267071610279225,-0.5362466411290951,0.1430641223493541,0.08428638841033716,0.05877773393901693,1.352164056275262,0.75,0.25,0.5,2.19848432637882,2.75,1.4482758620689655,1.3017241379310345,1.3447880685217943,0.2429747421701253,0.17915276693051443,0.06382197523961086,1.0748561012338111,0.3249121028664171,0.2632055995719337,0.061706503294483406,0.630447742997021,0.410958904109589,0.3589985829003306,0.05196032120925842,0.2990102093218789
u0255,realcartest,510.0,512.0,2510.0,2512.0,30.0,not_used,4.5,6.448275862068965,-1.9482758620689653,-0.6165802418508586,0.0,0.05172413793103448,-0.05172413793103448,-0.42857142857142855,0.0047060958206487,0.01932584677086322,-0.014619750950214522,-0.8905109950700183,0.0090080706893005,0.10228428194707927,-0.09327621125777877,-1.1534168627849528,0.0060581283011515,0.005414131299422703,0.0006439970017287971,0.16539670929352354,0.0129050734713582,0.016717293948832767,-0.0038122204774745667,-0.4268153640406474,0.0138813923370142,0.018135193971934648,-0.004253801634920448,-0.4701183271270186,0.0134256363263915,0.018594425788198535,-0.005168789461807035,-0.5267758464983793,0.072580234553353,0.0864912920492342,-0.013911057495881202,-0.33279163405312906,0.25,0.2672413793103448,-0.017241379310344807,-0.07602859212697045,1.75,1.4913793103448276,0.2586206896551724,0.27820744203732856,0.1235596073488879,0.17666623747347068,-0.05310663012458278,-0.8944211019119661,0.1726301530498004,0.26197628545998797,-0.08934613241018757,-0.9092947590063711,0.2465753424657534,0.3561643835616438,-0.1095890410958904,-0.6265420907965905
u0256,realcartest,512.0,514.0,2512.0,2514.0,30.0,not_used,6.0,6.439655172413793,-0.4396551724137927,-0.13898160456277686,0.25,0.05172413793103448,0.19827586206896552,1.6428571428571428,0.0030275908403909,0.018598472930182013,-0.015570882089791113,-1.0176166584890471,0.0078027744926253,0.10620467096309222,-0.09840189647046692,-1.13277892535831,0.0003545486031497,0.006139528361418829,-0.005784979758269129,-0.9824847902261604,0.0154087554385898,0.01676266755075746,-0.0013539121121676594,-0.15166576004565258,0.0186073290963009,0.018080605132435028,0.0005267239638658723,0.05852635261937551,0.0159236825323048,0.018514963872212086,-0.002591281339907287,-0.2645848897362301,0.0727430060256418,0.08929209873023275,-0.016549092704590956,-0.3889290356651203,0.25,0.3017241379310345,-0.051724137931034475,-0.20089485905472748,1.5,1.5258620689655173,-0.02586206896551735,-0.027830319404224278,0.1426710413973719,0.18117538468684796,-0.03850434328947605,-0.6251107051083394,0.2147924958651529,0.26505761629309027,-0.050265120427937376,-0.5080174593746764,0.3424657534246575,0.35569201700519604,-0.013226263580538522,-0.07552961276302848
u0257,realcartest,514.0,516.0,2514.0,2516.0,30.0,not_used,4.5,6.405172413793103,-1.9051724137931032,-0.5967831257430333,0.25,0.05172413793103448,0.19827586206896552,1.6428571428571428,0.0083511965450247,0.016906394759102595,-0.008555198214077894,-0.6139223718456186,0.044253241778804,0.10196382249854619,-0.05771058071974219,-0.6525473742125079,0.0041230282825921,0.006552579153325065,-0.002429550870732965,-0.38623118538732615,0.0202569546037236,0.01725293360759261,0.00300402099613099,0.35691484863032996,0.0279412683194183,0.018516835689724502,0.009424432629693797,1.1122260407322884,0.0227975528069745,0.01903871030907605,0.00375884249789845,0.40684437872357415,0.0565767729189577,0.09006991104265377,-0.03349313812369607,-0.8003455497761334,0.25,0.3103448275862069,-0.060344827586206906,-0.24009801919951237,1.25,1.543103448275862,-0.2931034482758621,-0.3204696269621498,0.1305058366174951,0.1805259445991833,-0.05002010798168821,-0.8015037333232248,0.2074885700104612,0.2652150979456584,-0.0577265279351972,-0.5845457171468496,0.2602739726027397,0.3538025507794048,-0.0935285781766651,-0.5292566534396469
u0258,realcartest,516.0,518.0,2516.0,2518.0,30.0,not_used,3.5,6.413793103448276,-2.913793103448276,-0.9144960055865645,0.0,0.05172413793103448,-0.05172413793103448,-0.42857142857142855,0.0073211431287954,0.015966740779381684,-0.008645597650586284,-0.6803039013459545,0.0536071882497847,0.1066794141609394,-0.0530722259111547,-0.5677193846821335,0.008029802600435,0.00730684801526829,0.0007229545851667098,0.10700798416804905,0.0218505692366548,0.01759588711209056,0.00425468212456424,0.5382881755944091,0.010576836924253,0.01879088276412017,-0.008214045839867172,-1.0263265237607542,0.0238536502835062,0.01939729969372473,0.0044563505897814715,0.512764037961992,0.1483864563980094,0.09276023727658904,0.055626219121420364,1.4510387754255847,0.75,0.3275862068965517,0.4224137931034483,1.7132448231239108,1.25,1.5862068965517242,-0.3362068965517242,-0.38680275113608625,0.2134635890012641,0.18265581517105517,0.03080777383020894,0.5031869597349884,0.2511442784424654,0.26927529593922783,-0.018131017496762436,-0.19054694072693784,0.1917808219178082,0.3542749173358526,-0.16249409541804438,-0.9213022535674248
u0259,realcartest,518.0,520.0,2518.0,2520.0,30.0,not_used,11.0,6.318965517241379,4.681034482758621,1.4361059586803586,0.25,0.05172413793103448,0.19827586206896552,1.6428571428571428,0.0154244798151813,0.014593423608097914,0.000831056207083387,0.07253549413882412,0.2981282265994835,0.10240915075326713,0.1957190758462164,2.060505316987342,0.0095495542580131,0.007034428695905766,0.0025151255621073346,0.3665169572250946,0.017833774797521,0.017650268301346576,0.0001835064961744244,0.023390941937421722,0.0203002409665634,0.01855974728306436,0.0017404936834990378,0.21639819952893827,0.0194351273712487,0.019444248273834754,-9.120902586055857e-06,-0.0010554718706326112,0.196759741324965,0.09179793977212303,0.10496180155284196,2.6347953826025003,0.5,0.3275862068965517,0.1724137931034483,0.6992836012750656,4.75,1.5689655172413792,3.181034482758621,3.572938792958276,0.3033551150031905,0.1809527943539115,0.122402320649279,1.929166969458816,0.4693870082531096,0.26599430919749684,0.20339269905561275,2.0475535691019777,0.6164383561643836,0.3490788852149268,0.2673594709494568,1.4817667848492444
u0260,realcartest,520.0,522.0,2520.0,2522.0,30.0,not_used,2.25,6.232758620689655,-3.982758620689655,-1.2094240837696333,0.0,0.05172413793103448,-0.05172413793103448,-0.42857142857142855,0.003020091588079,0.013193161080641846,-0.010173069492562846,-1.0207218541563807,0.0045297374839522,0.09849400518957173,-0.09396426770561953,-0.9742951278556118,0.0020439493230757,0.00676684893849359,-0.004722899615417889,-0.6807408437450885,0.0086211205503995,0.017490426754596035,-0.008869306204196535,-1.1163299388341241,0.0105659633810278,0.01855456766404149,-0.007988604283013689,-0.9928495090326146,0.0087659570647592,0.019190657910373575,-0.010424700845614376,-1.1886935682453184,0.1390155531890299,0.09147450076654595,0.04754105242248394,1.1894423288545104,0.25,0.3275862068965517,-0.07758620689655171,-0.31467762057377946,2.25,1.5689655172413792,0.6810344827586208,0.764938115565593,0.1432578507045833,0.17993129532988308,-0.036673444625299784,-0.569277612702425,0.1517818523649065,0.2625734326119067,-0.1107915802470002,-1.089902527924527,0.1232876712328767,0.34435521965044874,-0.22106754841757204,-1.21247592204713
u0261,realcartest,522.0,524.0,2522.0,2524.0,30.0,not_used,3.25,6.008620689655173,-2.7586206896551726,-0.8230165211615649,0.0,0.05172413793103448,-0.05172413793103448,-0.42857142857142855,0.0061506373422491,0.01198185793226236,-0.005831220590013259,-0.6891442092275863,0.0391122486680332,0.09090020513434607,-0.05178795646631287,-0.5473220219913849,0.0036714507306426,0.00626167113992601,-0.00259022040928341,-0.38333154207460746,0.0027594966560067,0.017166404152875212,-0.014406907496868512,-1.9274334959133623,0.0037776382468991,0.01822317155099528,-0.01444553330409618,-1.9228158715728658,0.0029271835697992,0.01869600369970352,-0.01576882012990432,-1.965224260506171,0.1390975613425019,0.08986587724027476,0.04923168410222714,1.2164975978422992,0.5,0.31896551724137934,0.18103448275862066,0.7144345083117601,1.5,1.5603448275862069,-0.06034482758620685,-0.06727659899411556,0.169463776889004,0.1776269900792912,-0.008163213190287205,-0.12611777248109823,0.1646628515978868,0.2544827778687234,-0.08981992627083663,-0.8984856947201111,0.1780821917808219,0.3320736891828059,-0.15399149740198398,-0.8292454463864344
u0262,realcartest,524.0,526.0,2524.0,2526.0,30.0,not_used,4.0,5.801724137931035,-1.8017241379310347,-0.5567812799863676,0.0,0.0603448275862069,-0.0603448275862069,-0.48076197382041164,0.0086460944818479,0.013118997248240416,-0.004472902766392516,-0.43096002002477574,0.0391460297035519,0.09883027069169945,-0.05968424098814754,-0.5717261784221103,0.0030393822277784,0.008477109892060486,-0.005437727664282086,-0.41682307322063317,0.0399836162421804,0.017161855360341177,0.022821760881839223,3.052894332301627,0.0281171708434997,0.018461866490100693,0.009655304353399008,1.2626958138073685,0.0419220044351598,0.018908149318181418,0.023013855116978385,2.8568869841119042,0.098321925369221,0.09496573874150592,0.0033561866277150854,0.07506091676447889,0.25,0.35344827586206895,-0.10344827586206895,-0.37647348308289513,1.5,1.603448275862069,-0.10344827586206895,-0.11663134963363217,0.1876219693269505,0.17900065353063432,0.00862131579631617,0.13019994695002607,0.2874695883569619,0.2558407076842531,0.0316288806727088,0.3124499267072495,0.2191780821917808,0.32120925838450637,-0.10203117619272556,-0.568543121392189
u0263,realcartest,526.0,528.0,2526.0,2528.0,30.0,not_used,3.25,5.594827586206897,-2.344827586206897,-0.7815317585174404,0.0,0.0603448275862069,-0.0603448275862069,-0.48076197382041164,0.0036180412876862,0.012854258723609154,-0.009236217435922954,-0.9167887383328979,0.0069827967602328,0.09336829484248323,-0.08638549808225043,-0.9016557845845005,0.0009824738192626,0.008610360035415578,-0.007627886216152978,-0.581628663927145,0.0211687570054769,0.016677452162009783,0.004491304843467117,0.5950389318378195,0.0179293940094931,0.017830831955432787,9.856205406031174e-05,0.013139601966350547,0.0219906372260864,0.018321986332110997,0.003668650893975403,0.4576045637518731,0.0215671939166551,0.09419826800975103,-0.07263107409309594,-1.6309885426472794,0.0,0.3620689655172414,-0.3620689655172414,-1.3150710112788138,0.25,1.5775862068965518,-1.3275862068965518,-1.4984685737959416,0.1220896960737443,0.1754152429905694,-0.0533255469168251,-0.8347583272518754,0.1573430360946861,0.24815239026640887,-0.09080935417172276,-0.9818242065042333,0.1780821917808219,0.30987246102975907,-0.13179026924893716,-0.789453330497632
u0264,realcartest,528.0,530.0,2528.0,2530.0,30.0,not_used,4.5,5.396551724137931,-0.8965517241379306,-0.31583089073423476,0.0,0.0603448275862069,-0.0603448275862069,-0.48076197382041164,0.0081178647623368,0.01344667318317399,-0.005328808420837191,-0.5167612365610369,0.0368773352960124,0.09570438443864726,-0.05882704914263486,-0.606577582177964,0.003355042908661,0.009302674815707932,-0.0059476319070469325,-0.441451417611628,0.0347117730870361,0.016482306799546844,0.018229466287489258,2.3939488767442656,0.0376036425865443,0.0176568446862015,0.0199467979003428,2.6154070044842355,0.0363605723027853,0.01810628696500107,0.018254285337784226,2.254808746906392,0.0601022038383022,0.0938680201677654,-0.0337658163294632,-0.7596874411561603,0.25,0.35344827586206895,-0.10344827586206895,-0.3764734830828951,1.0,1.5,-0.5,-0.5692296077759089,0.18982651016549,0.17106336657746601,0.018763143588023973,0.2968296017910681,0.262880689576388,0.24355304256712712,0.019327647009260873,0.21465767590285698,0.2465753424657534,0.29900803023145955,-0.05243268776570614,-0.3309027662571695
u0265,realcartest,530.0,532.0,2530.0,2532.0,30.0,not_used,4.5,5.241379310344827,-0.7413793103448274,-0.2954855429563965,0.0,0.0603448275862069,-0.0603448275862069,-0.48076197382041164,0.0155884808004277,0.013563309279570421,0.0020251715208572784,0.19671937375785226,0.1060794089072783,0.10253171012210265,0.0035476987851756486,0.03355245020901277,0.0068079317261028,0.010082721471016161,-0.003274789744913361,-0.23957312172015824,0.0265836877325503,0.016276811122042198,0.010306876610508102,1.3527169188110044,0.028721472055129,0.01751899603695198,0.011202476018177018,1.4761199905109417,0.0301770802253614,0.018006746927445673,0.012170333297915729,1.5086392001708862,0.053297376679921,0.09509397371399046,-0.04179659703406946,-0.915301258015884,0.0,0.35344827586206895,-0.35344827586206895,-1.286284400533225,0.5,1.4913793103448276,-0.9913793103448276,-1.1398996415337261,0.1569339016438427,0.16933825059019056,-0.01240434894634787,-0.20427987489176452,0.2451944604958394,0.24219777005156712,0.002996690444272282,0.0342614033587541,0.2465753424657534,0.29050543221539915,-0.04393008974964574,-0.31164567900316253
u0266,realcartest,532.0,534.0,2532.0,2534.0,30.0,not_used,4.75,5.336206896551724,-0.5862068965517242,-0.21756463556702976,0.0,0.0603448275862069,-0.0603448275862069,-0.48076197382041164,0.0254840073674581,0.013713264454848807,0.011770742912609294,1.151047690905635,0.1130775947930265,0.10777214034590439,0.005305454447122104,0.05017647958718847,0.0101191215428064,0.010216387611621662,-9.726606881526115e-05,-0.007148639724185013,0.0130355130839646,0.01604610309208101,-0.003010590008116409,-0.3887625779455623,0.0082724378545072,0.017219008841721128,-0.008946570987213928,-1.1665954055339962,0.0139949299265856,0.01774887821819088,-0.0037539482916052816,-0.45759372267023374,0.0802400118063944,0.09654242805589602,-0.016302416249501628,-0.3527846876132499,0.25,0.3620689655172414,-0.11206896551724138,-0.40704578920534706,1.75,1.543103448275862,0.2068965517241379,0.23040737315391324,0.1124325732416105,0.17218056496053383,-0.059747991718923324,-0.9395202961207552,0.2037551037905767,0.24558891834717578,-0.04183381455659907,-0.4597948167507475,0.2602739726027397,0.295701464336325,-0.03542749173358528,-0.23497467527203758
u0267,realcartest,534.0,536.0,2534.0,2536.0,30.0,not_used,4.5,5.232758620689655,-0.7327586206896548,-0.29110954758755553,0.0,0.06896551724137931,-0.06896551724137931,-0.5321520841901914,0.0230479655326749,0.01411016033564928,0.008937805197025622,0.8760634747544813,0.0940606036189193,0.11098335462155094,-0.016922751002631645,-0.15968479593764554,0.0039908617766629,0.010465558112321274,-0.006474696335658374,-0.4785475007121726,0.014119628526884,0.016087376668111632,-0.001967748141227632,-0.2538017667781382,0.0177182418078552,0.017487471973334327,0.00023076983452087127,0.029517554514253485,0.0159945781027702,0.017790443025593586,-0.0017958649228233849,-0.21865921476018332,0.0646975056587463,0.09641526116614797,-0.031717755507401676,-0.686444844292939,0.0,0.3620689655172414,-0.3620689655172414,-1.3150710112788135,1.25,1.5,-0.25,-0.2799613872989959,0.1119928514608044,0.1699734502066935,-0.057980598745889095,-0.9367230819434836,0.1931595936263819,0.24434993773490563,-0.051190344108523717,-0.5708718016294805,0.2465753424657534,0.29050543221539915,-0.04393008974964574,-0.30943665046637037
u0268,realcartest,536.0,538.0,2536.0,2538.0,30.0,not_used,3.5,5.129310344827586,-1.6293103448275863,-0.6918668812015807,0.0,0.05172413793103448,-0.05172413793103448,-0.5107539184552492,0.023822397924847,0.014235395742872067,0.009587002181974932,0.9482452368972771,0.0893505949936419,0.11142625866444274,-0.02207566367080084,-0.20890333428677457,0.0037230427475258,0.010504323812312725,-0.006781281064786925,-0.5022425550547531,0.0094176175058169,0.015959127087022677,-0.006541509581205777,-0.8450740261590513,0.0130079189669249,0.0176788430788553,-0.004670924111930401,-0.5889038646383296,0.0102250526722947,0.017660889400885345,-0.007435836728590646,-0.9054969885374161,0.0503840928990786,0.09611612590277692,-0.04573203300369832,-0.9905788990694525,0.25,0.35344827586206895,-0.10344827586206895,-0.3764734830828951,0.75,1.4913793103448276,-0.7413793103448276,-0.8336558919680938,0.0848081352685407,0.16778816270587854,-0.08298002743733784,-1.3681634321238036,0.1462209016141691,0.2413372288875848,-0.09511632727341571,-1.0862144116214205,0.1917808219178082,0.2838923004251299,-0.09211147850732171,-0.7013299608424469
u0269,realcartest,538.0,540.0,2538.0,2540.0,30.0,not_used,4.5,5.077586206896552,-0.5775862068965516,-0.24852343256269874,0.0,0.04310344827586207,-0.04310344827586207,-0.45643546458763845,0.025504780292869,0.014748266502697572,0.010756513790171429,1.042691894828881,0.1053966759403745,0.11068646640179672,-0.005289790461422222,-0.05027611713025807,0.0059530957816172,0.010491453537451696,-0.0045383577558344955,-0.33605449344777005,0.0149552010947996,0.016278197258998168,-0.0013229961641985678,-0.1699602676139477,0.0186204312215535,0.01797479721227543,0.0006456340092780705,0.08293041861059786,0.016741136753195,0.01806803502333322,-0.0013268982701382208,-0.1601015208965342,0.0851012082821386,0.0942442360336687,-0.0091430277515301,-0.20175184705928265,0.5,0.3448275862068966,0.15517241379310343,0.5833833511969478,1.25,1.456896551724138,-0.2068965517241379,-0.2409415114360288,0.1418979452704479,0.16490686941182459,-0.023008924141376674,-0.3901675170113321,0.2143363868886138,0.23979441807147792,-0.025458031182864105,-0.2944214658686327,0.2465753424657534,0.28058573452999525,-0.034010392064241834,-0.2630576906048918
u0270,realcartest,540.0,542.0,2540.0,2542.0,30.0,not_used,5.0,5.112068965517241,-0.1120689655172411,-0.04825018372220307,0.0,0.04310344827586207,-0.04310344827586207,-0.4564354645876385,0.0327465570018386,0.015432167586475854,0.017314389415362747,1.683451016683587,0.2894097149837061,0.11447398091502725,0.17493573406867885,1.6910411460149193,0.029742439039397,0.010490618687774397,0.019251820351622602,1.4255220608919683,0.0164468744333626,0.01639954333539336,4.733109796923804e-05,0.006100936238909267,0.0253486754750214,0.018007153616139217,0.007341521858882181,0.9448420531526606,0.0196676910487669,0.018210750513209528,0.001456940535557373,0.1767661078602332,0.1397868835614625,0.096095935721251,0.04369094784021149,0.9604114133800191,1.0,0.3706896551724138,0.6293103448275862,2.163972458559946,2.0,1.456896551724138,0.5431034482758621,0.6324714675195757,0.2740908186310151,0.17005889083162576,0.10403192779938933,1.688764256458554,0.3301151159087901,0.2437668925961482,0.08634822331264191,1.0047999017892493,0.273972602739726,0.28247520075578647,-0.008502598016060459,-0.06582067814882102
u0271,realcartest,542.0,544.0,2542.0,2544.0,30.0,not_used,3.25,5.146551724137931,-1.8965517241379306,-0.8094802731224899,0.0,0.034482758620689655,-0.034482758620689655,-0.4,0.0050186653346904,0.016193511936738313,-0.011174846602047914,-1.1004273494367518,0.0101167657356967,0.12164127218660716,-0.11152450645091046,-1.0826665509817093,0.0182659777043186,0.011122135730788511,0.007143841973530088,0.531361222516038,0.0150902583116238,0.016486741094975655,-0.0013964827833518548,-0.17994543637068122,0.0140838120827087,0.018033767299042873,-0.003949955216334173,-0.5081350379082213,0.0162915548467603,0.018432243618898267,-0.0021406887721379664,-0.2590367434998117,0.0628692017210771,0.09751215565786388,-0.03464295393678678,-0.7633631241658824,0.25,0.3793103448275862,-0.1293103448275862,-0.44465187504656417,1.0,1.456896551724138,-0.4568965517241379,-0.5320791710878969,0.0939323126911141,0.17109677088688963,-0.07716445819577553,-1.2570492148702213,0.148678296628951,0.24723741842436595,-0.09855912179541496,-1.1364662593203658,0.1780821917808219,0.2838923004251299,-0.10581010864430801,-0.8136046377672059
u0272,realcartest,544.0,546.0,2544.0,2546.0,30.0,not_used,4.25,5.155172413793103,-0.9051724137931032,-0.3866623116012511,0.0,0.02586206896551724,-0.02586206896551724,-0.33968311024337877,0.0202055082593807,0.016563537776599933,0.003641970482780768,0.362113344296664,0.2699991301867218,0.12218452914523295,0.14781460104148883,1.4401208300296138,0.0218939710733226,0.011086062983511287,0.010807908089811313,0.8026944025545245,0.0102017890681949,0.01677394468516504,-0.006572155616970141,-0.8170506440206362,0.0084941351135655,0.01830837304998541,-0.00981423793641991,-1.1903345067373374,0.010712824348079,0.018805871963706686,-0.008093047615627685,-0.9316208801218057,0.0780747067355643,0.09844370806679371,-0.020369001331229417,-0.45460652902806775,0.5,0.3706896551724138,0.1293103448275862,0.4337361989746801,1.25,1.4655172413793103,-0.21551724137931028,-0.2512340779167616,0.1781527954997117,0.17281594611553894,0.005336849384172754,0.08760292894752655,0.2401055176501165,0.2492024655689286,-0.009096947918812104,-0.10523217392507063,0.2328767123287671,0.28389230042512986,-0.05101558809636275,-0.3922736646377597
u0273,realcartest,546.0,548.0,2546.0,2548.0,30.0,not_used,2.5,5.198275862068965,-2.6982758620689653,-1.162276484966523,0.0,0.02586206896551724,-0.02586206896551724,-0.33968311024337877,0.0063753925126384,0.017073012529640042,-0.010697620017001641,-1.075127147050506,0.009463157006022,0.12924965541735575,-0.11978649841133375,-1.1440092440704213,0.0005672142614262,0.011739866730533361,-0.011172652469107161,-0.8121191294138012,0.0098822505806913,0.016900667325649175,-0.007018416744957876,-0.8610530849475614,0.0139468896740018,0.018513807810164457,-0.004566918136162657,-0.562216496336456,0.0110011900974259,0.0189374319727523,-0.0079362418753264,-0.9027914529873087,0.0173447739394026,0.09548411398784651,-0.0781393400484439,-1.7662520262582433,0.0,0.35344827586206895,-0.35344827586206895,-1.2185985114694162,0.25,1.4396551724137931,-1.1896551724137931,-1.3594904507624483,0.0757414998218283,0.17083773302083954,-0.09509623319901124,-1.5718686333597538,0.0961124396164584,0.25037815085060133,-0.15426571123414293,-1.7793795105194192,0.136986301369863,0.2862541332073689,-0.14926783183750592,-1.1573461165677883
u0274,realcartest,548.0,550.0,2548.0,2550.0,30.0,not_used,3.75,4.913793103448276,-1.1637931034482758,-0.5576988941378936,0.0,0.017241379310344827,-0.017241379310344827,-0.27216552697590873,0.0049931443454074,0.016821516079009034,-0.011828371733601633,-1.1734596534427963,0.0080532133971616,0.11954312018173852,-0.11148990678457692,-1.0973018655783287,0.0010700350903078,0.011504588280941823,-0.010434553190634023,-0.7533495302171702,0.0103200526384179,0.017120184573183494,-0.006800131934765594,-0.8234438977175863,0.0136294489061011,0.01824789240256041,-0.004618443496459311,-0.5641740468283587,0.0112344848139405,0.01913280019227221,-0.007898315378331711,-0.891222614659422,0.0706119374915547,0.0911000310956909,-0.0204880936041362,-0.5110285171910558,0.0,0.3448275862068966,-0.3448275862068966,-1.1920399101642998,1.25,1.3189655172413792,-0.06896551724137923,-0.11268723396380208,0.104747249274393,0.16447026368464768,-0.05972301441025468,-1.071316989296252,0.1465790125695605,0.24039760025468454,-0.09381858768512405,-1.217938695185501,0.2054794520547945,0.27019367028814356,-0.06471421823334905,-0.5621840633569339
u0275,realcartest,550.0,552.0,2550.0,2552.0,30.0,not_used,2.0,4.922413793103448,-2.9224137931034484,-1.4075480811925665,0.0,0.017241379310344827,-0.017241379310344827,-0.27216552697590873,0.0064717644414325,0.017021525090769662,-0.010549760649337162,-1.0700416394635888,0.0075170157690256,0.12008070270874308,-0.11256368693971748,-1.1141238875260697,0.0016392334328039,0.011522106105246769,-0.009882872672442868,-0.7141206946181995,0.0238228650705965,0.017277127280537843,0.006545737790058657,0.8043902463953946,0.0261059821135728,0.01815993038759345,0.007946051725979349,0.9595029039609898,0.0244335998322668,0.01931026818459809,0.005123331647668712,0.588681410699221,0.0548232312144178,0.08772304936814311,-0.03289981815372531,-0.8217123107235528,0.0,0.33620689655172414,-0.33620689655172414,-1.1372630948636184,0.75,1.2672413793103448,-0.5172413793103448,-0.8703882797784892,0.1367948284240814,0.162060857469479,-0.025266029045397626,-0.4350702527025741,0.162204173505802,0.2392296790715033,-0.07702550556570131,-0.9798934157421731,0.1095890410958904,0.27066603684459134,-0.16107699574870094,-1.4063559722547814
u0276,realcartest,552.0,554.0,2552.0,2554.0,30.0,not_used,4.75,4.956896551724138,-0.2068965517241379,-0.10061146575604718,0.25,0.017241379310344827,0.23275862068965517,3.674234614174767,0.0449228819614841,0.01724702301843558,0.02767585894304852,2.858731718903052,0.3324759711522607,0.12169011174974839,0.2107858594025123,2.1057913078707924,0.0675983365003902,0.011558511450432999,0.0560398250499572,4.055011100861452,0.0157967332739856,0.017776727342189543,-0.0019799940682039448,-0.2584268663611944,0.0260549737660334,0.01856672946986931,0.007488244296164088,0.9547558654482109,0.0230773202420137,0.019877195850789325,0.0032001243912243744,0.3934116827677387,0.2017976297061638,0.08447039624973875,0.11732723345642505,2.9657253015212377,1.0,0.31896551724137934,0.6810344827586207,2.2692157090046328,2.0,1.2413793103448276,0.7586206896551724,1.2646497997737318,0.2692036024278296,0.15997446088381556,0.10922914154401403,1.8560073245165505,0.3682336187290714,0.24005234982755122,0.12818126890152018,1.644543981214515,0.273972602739726,0.27255550307038257,0.0014170996693434468,0.012492194816598011
u0277,realcartest,554.0,556.0,2554.0,2556.0,30.0,not_used,6.25,5.017241379310345,1.2327586206896548,0.6004376636006769,0.0,0.017241379310344827,-0.017241379310344827,-0.2721655269759087,0.0209065787363717,0.017872955604192813,0.003033623132178885,0.3130143111374491,0.1742437553273932,0.12582552518542423,0.04841823014196897,0.48870463119253293,0.0172541795267657,0.011902077635269324,0.005352101891496375,0.3898853718822575,0.0087720552036048,0.017296504413746687,-0.008524449210141886,-1.2875897871123054,0.0107419052716202,0.018731878246576246,-0.007989972974956046,-0.9877545266426688,0.0106434591060898,0.019457184807315165,-0.008813725701225366,-1.2153915935727042,0.0939718365146076,0.08338609417001974,0.010585742344587853,0.2673338755673916,0.5,0.3103448275862069,0.1896551724137931,0.6207659127814102,1.25,1.2155172413793103,0.034482758620689724,0.057061399001455154,0.1675743293689341,0.15942968378363243,0.008144645585301674,0.1388306298011902,0.2506021601960294,0.24002575936088572,0.010576400835143662,0.13572138181818175,0.3424657534246575,0.27586206896551724,0.06660368445914028,0.58820504316935
u0278,realcartest,556.0,558.0,2556.0,2558.0,30.0,not_used,5.0,5.103448275862069,-0.1034482758620694,-0.05097391440214048,0.0,0.017241379310344827,-0.017241379310344827,-0.2721655269759087,0.0258252973950343,0.018981255312477074,0.0068440420825572265,0.6958989738009744,0.176864340128528,0.1345366349986214,0.042327705129906606,0.42605516478616534,0.0258732467333397,0.012468728255404014,0.013404518477935687,0.9853702246402953,0.0111515074004991,0.017081328046849344,-0.005929820646350243,-0.8994844351220385,0.009764750254464,0.018947156891567344,-0.009182406637103345,-1.1269980955234584,0.0121494079182415,0.01929403187835043,-0.007144623960108931,-0.9859894151846296,0.100688477710143,0.08536808663863274,0.015320391071510259,0.40472648832768465,0.25,0.31896551724137934,-0.06896551724137934,-0.22979399584857052,0.5,1.2586206896551724,-0.7586206896551724,-1.3127019733549663,0.1199144623903463,0.1605846811815725,-0.04067021879122619,-0.6982278248624326,0.2277983439110533,0.24407385438280024,-0.01627551047174694,-0.21257318788984284,0.273972602739726,0.28058573452999525,-0.006613131790269233,-0.059096459923554
u0279,realcartest,558.0,560.0,2558.0,2560.0,30.0,not_used,8.75,5.112068965517241,3.637931034482759,1.794396749551233,0.0,0.017241379310344827,-0.017241379310344827,-0.27216552697590873,0.0136757542109816,0.019811647692619342,-0.006135893481637742,-0.6198523661979102,0.3280767544830235,0.13631110007362734,0.19176565440939614,1.9560193729129376,0.0244197391372213,0.012599333737082458,0.011820405400138841,0.8734240087726246,0.0132301434112481,0.016517117031471892,-0.003286973620223793,-0.5767563027191962,0.017659581247918,0.018273288656862806,-0.0006137074089448066,-0.08354964378776857,0.0189367718825061,0.018776427631247157,0.00016034425125894397,0.024641878282544792,0.1569957208658693,0.08592764830421115,0.07106807256165815,1.8903535041207142,0.5,0.31896551724137934,0.18103448275862066,0.6032092391024972,2.25,1.2672413793103448,0.9827586206896552,1.706632722283084,0.2346111183308488,0.15771938248048692,0.07689173585036188,1.3081236946018802,0.3917806209083863,0.24240135512601818,0.1493792657823681,1.94847102168254,0.4794520547945205,0.2810581010864431,0.19839395370807744,1.7747288627158908
u0280,realcartest,560.0,562.0,2560.0,2562.0,30.0,not_used,11.75,5.137931034482759,6.612068965517241,3.2665221917098846,0.0,0.017241379310344827,-0.017241379310344827,-0.2721655269759087,0.0111180482127659,0.02061165699394464,-0.00949360878117874,-0.9086866505499305,0.1811376900479404,0.13654123113980332,0.04459645890813707,0.4551805962559093,0.0056562777060013,0.01247149235675683,-0.006815214650755529,-0.5009405865833756,0.0086660378199166,0.016256721237943868,-0.007590683418027268,-1.4062763277424046,0.0109892307357973,0.017829720690718184,-0.006840489954920884,-0.9655071870688565,0.0098298953971351,0.018509216478721273,-0.008679321081586172,-1.4034126061207555,0.13414857348446,0.08486463807976823,0.04928393540469177,1.2664389829848413,0.5,0.31896551724137934,0.18103448275862066,0.6032092391024972,2.75,1.2672413793103448,1.4827586206896552,2.574919545900793,0.2747764993841037,0.15680839868649116,0.11796810069761254,1.9998107506709775,0.3856315896264007,0.24137853056570613,0.14425305906069458,1.8778429382879425,0.6438356164383562,0.2824752007557864,0.36136041568256977,3.2379230175491127
u0281,realcartest,562.0,564.0,2562.0,2564.0,30.0,not_used,8.25,5.112068965517241,3.137931034482759,1.5429270339557677,0.25,0.017241379310344827,0.23275862068965517,3.674234614174767,0.0190522104291121,0.020279140031385274,-0.001226929602273174,-0.11751407726782188,0.1638546149366798,0.13583412647238707,0.028020488464292725,0.2852951212215786,0.0097969075662228,0.012434859290779686,-0.002637951724556886,-0.19378822426655487,0.0183657946333286,0.01715991658539726,0.00120587804793134,0.17749258359102918,0.0255464599045954,0.01924569874394345,0.0063007611606519486,0.7076855636542619,0.0202298682686752,0.019658220098241783,0.0005716481704334184,0.07099204265650944,0.0963921596791701,0.08510154893072476,0.01129061074844534,0.29019184332738335,0.5,0.31896551724137934,0.18103448275862066,0.6032092391024971,1.0,1.2413793103448276,-0.24137931034482762,-0.42317514601265555,0.1873141654144605,0.16061945065013322,0.026694714764327276,0.4481468324310388,0.3227411748826981,0.2450560814759454,0.0776850934067527,1.002656358016561,0.4657534246575342,0.2810581010864431,0.18469532357109114,1.6470788237777911
u0282,realcartest,564.0,566.0,2564.0,2566.0,30.0,not_used,7.5,5.077586206896552,2.4224137931034484,1.180380564821849,0.0,0.017241379310344827,-0.017241379310344827,-0.2721655269759087,0.0085294790173899,0.019592039122982175,-0.011062560105592275,-1.0165734529988497,0.0454906558559741,0.13287210374546238,-0.08738144788948828,-0.8677838669024525,0.0013234961782267,0.012314650680418905,-0.010991154502192206,-0.8021753733004074,0.0149088780491281,0.01713819638379637,-0.0022293183346682715,-0.32761706706399946,0.0250285871336766,0.019072797384087358,0.005955789749589241,0.6632520385401734,0.0159227159026602,0.019589160544256405,-0.0036664446415962046,-0.4531005608659198,0.0979275520043677,0.08569722654546647,0.012230325458901237,0.3158474766433772,0.25,0.3275862068965517,-0.07758620689655171,-0.2635683356958402,1.75,1.2241379310344827,0.5258620689655173,0.9107521400161048,0.1721478952284586,0.16030543102830674,0.011842464200151864,0.197883086800479,0.261038500712824,0.24378487376213087,0.0172536269506931,0.21947150278805966,0.410958904109589,0.27916863486065185,0.13179026924893716,1.164665541270556
u0283,realcartest,566.0,568.0,2566.0,2568.0,30.0,not_used,5.75,5.172413793103448,0.5775862068965516,0.2830407652825321,0.0,0.017241379310344827,-0.017241379310344827,-0.2721655269759087,0.0260275791891853,0.01922718309667417,0.006800396092511131,0.623226896360878,0.1657922186669505,0.13743672037328095,0.028355498293669568,0.27904908418836355,0.0073496840068786,0.012494563671056004,-0.005144879664177405,-0.37769701247275367,0.0218009415833866,0.017225401028337223,0.0045755405550493775,0.680799563485719,0.0182333088599277,0.019219854435553397,-0.0009865455756256983,-0.11067582949972977,0.02530745037288,0.019676478507862704,0.005630971865017296,0.7035580984901975,0.088779316145216,0.08837291662148444,0.00040639952373155985,0.010455273054389503,0.5,0.3448275862068966,0.15517241379310343,0.5107539184552491,1.75,1.2586206896551724,0.4913793103448276,0.8502728691049214,0.1594172366425602,0.16524797748749592,-0.005830740844935733,-0.0982879664402135,0.2801705891993167,0.2490955304798153,0.03107505871950139,0.4034137869982994,0.3150684931506849,0.28436466698157764,0.030703826169107273,0.27296471340262995
u0284,realcartest,568.0,570.0,2568.0,2570.0,30.0,not_used,5.5,5.258620689655173,0.2413793103448274,0.11699822519217033,0.0,0.017241379310344827,-0.017241379310344827,-0.2721655269759087,0.0245392272502189,0.019206693990073347,0.005332533260145555,0.48920821341528775,0.118845991572986,0.1419367957699285,-0.023090804196942483,-0.2242332149009555,0.0060339176605098,0.012885063982325744,-0.0068511463218159435,-0.5040990159450776,0.0164241096868188,0.01756327150409217,-0.0011391618172733702,-0.16646174752184473,0.014819728049064,0.019648422540802873,-0.004828694491738873,-0.5265862655534681,0.0175643855328044,0.02008454835337639,-0.0025201628205719917,-0.30945204309064184,0.1262795254932391,0.08930376126693282,0.036975764226306274,0.9455913287890811,1.0,0.3448275862068966,0.6551724137931034,2.15651654458883,1.75,1.2672413793103448,0.48275862068965525,0.8329497642322216,0.2729682285231218,0.16669877642759054,0.10626945209553126,1.7936173791522638,0.2878319142652382,0.25355932165485556,0.034272592610382624,0.4359218744376138,0.3013698630136986,0.2890883325460557,0.01228153046764291,0.1080485803564718
u0285,realcartest,570.0,572.0,2570.0,2572.0,30.0,not_used,7.0,5.310344827586207,1.6896551724137927,0.8143934962204898,0.0,0.017241379310344827,-0.017241379310344827,-0.2721655269759087,0.0251065769980022,0.019363891704722747,0.005742685293279454,0.516195484437887,0.2156542213684426,0.13989182819176255,0.07576239317668004,0.7531876862187037,0.018668542850559,0.012868619312612038,0.005799923537946963,0.4273844455744892,0.0179374904664763,0.017882025757135704,5.54647093405948e-05,0.00792635117191461,0.0193791259005069,0.019504468771195427,-0.00012534287068852873,-0.01375614127925504,0.0223469825972781,0.02047897201211203,0.0018680105851660682,0.2227121529202998,0.113813384187416,0.09027354805174977,0.023539836135666237,0.578928682212593,0.5,0.33620689655172414,0.16379310344827586,0.5682411743268502,1.5,1.2844827586206897,0.21551724137931028,0.35454751737337464,0.172769563000024,0.16452289593480948,0.008246667065214514,0.14634025539407702,0.3154377448834691,0.254884915955135,0.06055282892833408,0.7549418519412485,0.3835616438356164,0.2919225318847426,0.09163911195087382,0.801899399086184
u0286,realcartest,572.0,574.0,2572.0,2574.0,30.0,not_used,4.75,5.405172413793103,-0.6551724137931032,-0.3210096112027644,0.0,0.017241379310344827,-0.017241379310344827,-0.2721655269759087,0.0190819459010117,0.02011321726030421,-0.0010312713592925127,-0.094940538227405,0.060007693578952,0.14450426998806992,-0.08449657640911792,-0.8661567208329463,0.0030769186115527,0.012491108460264876,-0.009414189848712175,-0.6938719154526715,0.0285858587192158,0.018405897675834212,0.010179961043381588,1.3888654603557968,0.0359048350967519,0.02042504716629898,0.015479787930452921,1.5735751797403525,0.0336327748064187,0.021210207807850427,0.012422566998568273,1.3958920842597244,0.0835917927779232,0.09101067208941517,-0.007418879311491974,-0.18386262354914568,0.0,0.33620689655172414,-0.33620689655172414,-1.1663897788814295,1.5,1.3017241379310345,0.19827586206896552,0.32684174311184266,0.1803619182483251,0.1675662267331959,0.012795691515129187,0.2334103308087786,0.2644749372027782,0.2606164589230567,0.0038584782797215222,0.04925849751037821,0.2602739726027397,0.29711856400566833,-0.03684459140292862,-0.32781791398837784
u0287,realcartest,574.0,576.0,2574.0,2576.0,30.0,not_used,4.75,5.413793103448276,-0.6637931034482758,-0.325931948071808,0.0,0.017241379310344827,-0.017241379310344827,-0.2721655269759087,0.0220959109669585,0.020890607847869804,0.001205303119088695,0.10371516590141087,0.2584958501413456,0.14441759111169594,0.11407825902964963,1.1707183244399308,0.0269901112640751,0.012286874154144242,0.014703237109930857,1.091655013650906,0.0255255258106946,0.01840718090893101,0.0071183449017635896,0.9713550950383231,0.0165344449694453,0.02056487234951898,-0.0040304273800736805,-0.41574194380749235,0.027668890545829,0.021284262616128653,0.006384627929700348,0.7238562197171449,0.0625582281085404,0.09133901891580916,-0.028780790807268752,-0.7144790149955904,0.25,0.3275862068965517,-0.07758620689655171,-0.27037879565674927,0.5,1.2844827586206897,-0.7844827586206897,-1.275756650559401,0.1560954092549818,0.16651769874889075,-0.010422289493908943,-0.18984544184121982,0.2852391516109753,0.26070498514932705,0.024534166461648244,0.3132976928511376,0.2602739726027397,0.2975909305621162,-0.03731695795937651,-0.3327385148781351
u0288,realcartest,576.0,578.0,2576.0,2578.0,30.0,not_used,2.75,5.543103448275862,-2.793103448275862,-1.4212166780593298,0.0,0.017241379310344827,-0.017241379310344827,-0.2721655269759087,0.008131082746882,0.021599639366817143,-0.013468556619935143,-1.1879278642279874,0.016638704766584,0.1462004172085716,-0.1295617124419876,-1.357957408158861,0.0027264792198585,0.012797686438243867,-0.010071207218385368,-0.7575541093884428,0.0241997749760163,0.018446258339941398,0.005753516636074901,0.7897110977028656,0.012588694146046,0.02073772729108781,-0.008149033145041812,-0.8471457847722142,0.0251008057373261,0.02139736208511401,0.0037034436522120906,0.4252905817157692,0.069621337452452,0.09485040195524184,-0.025229064502789847,-0.6629486594104725,0.25,0.3448275862068966,-0.09482758620689657,-0.3365945337491576,1.25,1.3448275862068966,-0.09482758620689657,-0.15910313488860225,0.1186985042536262,0.16968947674058646,-0.05099097248696026,-0.9777574610955674,0.1799510409715222,0.26573492493070405,-0.08578388395918185,-1.1913284812366522,0.1506849315068493,0.30467642890883323,-0.15399149740198392,-1.4231873273952358
u0289,realcartest,578.0,580.0,2578.0,2580.0,30.0,not_used,2.5,5.637931034482759,-3.137931034482759,-1.6152432361831104,0.0,0.017241379310344827,-0.017241379310344827,-0.2721655269759087,0.0088203529291373,0.02249200435557848,-0.01367165142644118,-1.241822165621007,0.0201196307670842,0.14820618863660778,-0.12808655786952358,-1.376289302110573,0.0025519662279191,0.012959245451944202,-0.010407279224025102,-0.7896962370072699,0.0131724590636756,0.018496594153672583,-0.005324135089996983,-0.7359734373610918,0.0080150649469861,0.020907377182267747,-0.012892312235281648,-1.3520249404094333,0.0139125288422097,0.02150422999016103,-0.007591701147951329,-0.8826520220567098,0.0410830830901443,0.09498494159885668,-0.053901858508712375,-1.4193394738459695,0.0,0.35344827586206895,-0.35344827586206895,-1.286284400533225,0.75,1.3275862068965518,-0.5775862068965518,-0.9536460783685332,0.0733850704646915,0.17066077741926292,-0.09727570695457141,-1.90044552904039,0.1179121380526509,0.26833772615991236,-0.15042558810726148,-2.1815924949239416,0.136986301369863,0.30987246102975907,-0.17288615965989607,-1.6169068492294332
u0290,realcartest,580.0,582.0,2580.0,2582.0,30.0,not_used,4.25,5.853448275862069,-1.6034482758620694,-0.8562795390721252,0.0,0.017241379310344827,-0.017241379310344827,-0.2721655269759087,0.0126900772445607,0.023079288497271696,-0.010389211252710995,-0.9814860612654608,0.0857851108571875,0.15006402326719118,-0.06427891241000368,-0.7083197280551019,0.0047272057410433,0.012943075304155964,-0.008215869563112665,-0.6227446922842181,0.0172478984439061,0.017939471247445462,-0.0006915728035393615,-0.09317645521854774,0.015574811632899,0.020418344714138524,-0.004843533081239524,-0.5035016262422141,0.019368085889345,0.020961461953197043,-0.0015933760638520422,-0.1792164160862166,0.0447706209087753,0.09486179905335326,-0.05009117814457796,-1.314304911244627,0.0,0.35344827586206895,-0.35344827586206895,-1.286284400533225,0.75,1.3275862068965518,-0.5775862068965518,-0.953646078368533,0.1089582759047641,0.1719125529582369,-0.0629542770534728,-1.2396347976139053,0.1885203035232751,0.27086060639459575,-0.08234030287132066,-1.2417362718140297,0.2328767123287671,0.32168162494095415,-0.08880491261218704,-0.862258324976409
u0291,realcartest,582.0,584.0,2582.0,2584.0,30.0,not_used,5.75,5.982758620689655,-0.2327586206896548,-0.12117984165964031,0.0,0.008620689655172414,-0.008620689655172414,-0.18898223650461357,0.0267981394688076,0.022386865732237745,0.004411273736569854,0.4520623043760929,0.1590730193381508,0.14070383065312966,0.01836918868502113,0.21538449714303884,0.0130028015880318,0.010705097256553435,0.002297704331478365,0.27529772523766544,0.0260571513173375,0.017964299944769568,0.008092851372567933,1.0912430817159724,0.0329064853680008,0.020355701779292464,0.012550783588708338,1.308920479720989,0.0297416841744092,0.02078374716432975,0.00895793701007945,1.0067101377590544,0.0668771650573692,0.08986494245322163,-0.022987777395852435,-0.6985323417301087,0.0,0.31896551724137934,-0.31896551724137934,-1.2587655622635776,0.75,1.293103448275862,-0.5431034482758621,-0.9131393811526062,0.1718234334216395,0.16907729271693414,0.0027461407047053576,0.057862084256389876,0.2866984648236633,0.2676194206032093,0.019079044220453978,0.2994274050322618,0.3150684931506849,0.32829475673122344,-0.013226263580538522,-0.12497260546861581
u0292,realcartest,584.0,586.0,2584.0,2586.0,30.0,not_used,5.75,6.0,-0.25,-0.12984785372226632,0.0,0.008620689655172414,-0.008620689655172414,-0.18898223650461357,0.0357587328279298,0.022603508078895086,0.013155224749034716,1.3433950404971904,0.2596049813429514,0.13680612426596528,0.12279885707698612,1.4238996836193782,0.0174153418031686,0.010200544934242231,0.007214796868926367,0.8612310801275834,0.014928642365454,0.017902513448971778,-0.002973871083517779,-0.3965426518201748,0.024172474714235,0.020223661812928034,0.003948812901306966,0.4052052732400339,0.017259202286109,0.02067226625944405,-0.0034130639733350523,-0.37739952482935174,0.0790449755064324,0.08802890440322025,-0.008983928896787854,-0.2635173214259264,0.25,0.3017241379310345,-0.051724137931034475,-0.20089485905472743,1.5,1.2758620689655173,0.22413793103448265,0.3717321502053869,0.155584620614005,0.16813713217276133,-0.012552511558756335,-0.26288129018102085,0.2747377917302074,0.2656996230746377,0.009038168655569723,0.13898995469399475,0.3150684931506849,0.329239489844119,-0.01417099669343408,-0.1335908676841866
u0293,realcartest,586.0,588.0,2586.0,2588.0,30.0,not_used,4.75,6.025862068965517,-1.275862068965517,-0.6656409835079863,0.0,0.008620689655172414,-0.008620689655172414,-0.18898223650461357,0.0321992437864626,0.022789700484751076,0.009409543301711523,0.9501976054860165,0.0883368224711847,0.13282260937666904,-0.04448578690548434,-0.5115431643607409,0.0071426018773359,0.009619334546785641,-0.002476732669449741,-0.31602819268916393,0.01834965364109,0.01765001989021052,0.0006996337508794817,0.08925996003629831,0.0180614637801128,0.020122399261158115,-0.0020609354810453145,-0.20885346428611987,0.0213500491367904,0.02039422694421343,0.0009558221925769703,0.10149312041910685,0.076329492140076,0.08883870039908301,-0.012509208259007004,-0.36093618548034784,0.25,0.31896551724137934,-0.06896551724137934,-0.2555506259999761,1.25,1.3275862068965518,-0.07758620689655182,-0.12963402043102756,0.1067328478340106,0.1719956846741701,-0.06526283684015949,-1.353554084810512,0.2143782111297083,0.2655975636682427,-0.05121935253853441,-0.7869102275259046,0.2602739726027397,0.33065658951346244,-0.07038261691072273,-0.6664815669406234
u0294,realcartest,588.0,590.0,2588.0,2590.0,30.0,not_used,5.25,5.982758620689655,-0.7327586206896548,-0.39217590621670473,0.0,0.008620689655172414,-0.008620689655172414,-0.18898223650461357,0.0387887505388614,0.023282370639234093,0.015506379899627304,1.5836046136417563,0.1127532098263812,0.1237185235981533,-0.010965313771772095,-0.13784114571409778,0.0031005316966595,0.00885853191233239,-0.005758000215672889,-0.7756604266991565,0.0190322097202376,0.017776498085260342,0.001255711634977258,0.16108586085531038,0.0158580010369349,0.020511176316086302,-0.004653175279151402,-0.4660364778749714,0.0224279568021107,0.02046792011542484,0.0019600366866858593,0.20819839796482098,0.0224700801710762,0.08493999430758814,-0.06246991413651194,-1.8875727438970695,0.0,0.3017241379310345,-0.3017241379310345,-1.1023963796102458,0.5,1.2758620689655173,-0.7758620689655173,-1.3351293654680851,0.1305153716179654,0.1700297563124303,-0.039514384694464916,-0.8449892220349654,0.2155325482467891,0.26089939089692654,-0.045366842650137434,-0.7489722384249676,0.2876712328767123,0.32829475673122344,-0.04062352385451112,-0.39447051228458924
u0295,realcartest,590.0,592.0,2590.0,2592.0,30.0,not_used,4.0,5.896551724137931,-1.8965517241379306,-1.153176683491138,0.0,0.008620689655172414,-0.008620689655172414,-0.18898223650461357,0.0158410154532363,0.023684751893622614,-0.007843736440386315,-0.8239512007550068,0.0925715594379559,0.11956693454643019,-0.026995375108474287,-0.33919305536305466,0.0090567626294693,0.008761687585140409,0.0002950750443288918,0.03943493496748216,0.039228178160113,0.017703854224267818,0.021524323935845184,2.7283600821158362,0.04933580139804,0.020533715026694203,0.0288020863713458,2.8906817747832987,0.0473160348926805,0.020398107924522013,0.026917926968158486,2.833460654936438,0.0871104264841336,0.08259320776143575,0.004517218722697849,0.14154047407676187,0.25,0.28448275862068967,-0.03448275862068967,-0.12475657231036114,1.0,1.2241379310344827,-0.22413793103448265,-0.43948021245882846,0.2229530801872304,0.1673378694875238,0.055615210699706596,1.301583496833579,0.3104040801875161,0.2565837678890885,0.0538203122984276,0.9644849718874814,0.2191780821917808,0.3235710911667454,-0.10439300897496456,-1.1493903548054387
u0296,realcartest,592.0,594.0,2592.0,2594.0,30.0,not_used,3.5,5.922413793103448,-2.4224137931034484,-1.4361054237307043,0.0,0.0,0.0,0.0,0.0031220391889851,0.02382412724403293,-0.020702088055047828,-2.183689936439317,0.0081619445381026,0.11605765039177524,-0.10789570585367264,-1.3520717651145655,0.0005048120762002,0.008501913078851982,-0.007997101002651783,-1.0560906559180059,0.0134897426804583,0.017187909533185247,-0.0036981668527269473,-0.4451794682847146,0.0127041023720284,0.019816432273234527,-0.007112329901206128,-0.6892147326448401,0.0139918510371941,0.019830467722057616,-0.005838616684863516,-0.5854345884174397,0.0819721564862557,0.08085611354917593,0.0011160429370797725,0.034358549765293275,0.25,0.2672413793103448,-0.017241379310344807,-0.06201736729460415,0.75,1.2241379310344827,-0.47413793103448265,-0.9296696802013681,0.1028862824278363,0.1675590818182546,-0.0646727993904183,-1.5093479650127992,0.1562945699257607,0.2536084540267951,-0.09731388410103439,-1.7862317737355096,0.1917808219178082,0.32451582427964104,-0.13273500236183283,-1.4361054237307047
u0297,realcartest,594.0,596.0,2594.0,2596.0,30.0,not_used,6.25,5.913793103448276,0.3362068965517242,0.20020280641812094,0.0,0.0,0.0,0.0,0.0132415731619148,0.02452230842577779,-0.01128073526386299,-1.2444711027859816,0.2217244772003808,0.11661570989812357,0.10510876730225722,1.324451655511059,0.0089405194760017,0.00858823263759401,0.00035228683840769076,0.046946536899132155,0.0119465521975015,0.016994472846097765,-0.005047920648596264,-0.5993400443560177,0.01727257345944,0.01928178227708037,-0.0020092088176403705,-0.19251628832222617,0.0127572736168775,0.019616491233475995,-0.006859217616598495,-0.6777773462666905,0.1279791051035998,0.0795651037327406,0.0484140013708592,1.4886503967703686,0.75,0.2672413793103448,0.4827586206896552,1.7364862842489186,1.75,1.206896551724138,0.5431034482758621,1.085561688953035,0.2281419825850265,0.1667518271541686,0.06139015543085788,1.4285267712780712,0.3002299464270184,0.25222599892251824,0.048003947504500155,0.8762764800030663,0.3424657534246575,0.32404345772319315,0.018422295701464364,0.2002028064181212
u0298,realcartest,596.0,598.0,2596.0,2598.0,30.0,not_used,7.0,6.017241379310345,0.9827586206896548,0.5594422477362273,0.0,0.0,0.0,0.0,0.0249105962014452,0.024600233199330468,0.000310363002114733,0.03415471665398979,0.2358988624431529,0.11614030730139711,0.11975855514175578,1.5139172699708696,0.0172776048084396,0.008626265601798789,0.00865133920664081,1.1534471493666487,0.0247534448916931,0.016352197027775926,0.008401247863917174,0.9617028729566782,0.0310489062737884,0.018792218203309403,0.012256688070478996,1.1347845037464708,0.0285751622730919,0.018861064210134178,0.009714098062957723,0.9270533990463031,0.1120957030001414,0.08051408623554537,0.03158161676459603,0.9520529973299092,0.5,0.2672413793103448,0.2327586206896552,0.8372344584771572,1.5,1.2241379310344827,0.27586206896551735,0.5238164835773211,0.1839711145331913,0.1690813841931323,0.014889730340058999,0.3359322695767319,0.3437863309647796,0.2525808235382886,0.09120550742649103,1.658447872172903,0.3835616438356164,0.3297118564005668,0.05384978743504959,0.5594422477362275
u0299,realcartest,598.0,600.0,2598.0,2600.0,30.0,not_used,6.5,6.120689655172414,0.3793103448275863,0.20948581100889357,0.0,0.0,0.0,0.0,0.0373052907266712,0.024649895161393664,0.012655395565277536,1.3921654849441258,0.2301056552168939,0.11415711944103372,0.11594853577586019,1.4542494161562816,0.0292655436176996,0.008523761313603506,0.020741782304096096,2.745342936061691,0.025690747771625,0.015919851094461635,0.009770896677163365,1.0824132393633472,0.0211740161564054,0.018443957210936116,0.002730058945469283,0.2463391788091481,0.0311059771521005,0.01840924996660203,0.012696727185498469,1.1753922010212265,0.1679107003211546,0.07842791834267784,0.08948278197847676,2.7864231770732037,0.75,0.2413793103448276,0.5086206896551724,2.109835692563847,2.5,1.206896551724138,1.293103448275862,2.5,0.2109902843403649,0.16595741927081759,0.04503286506954732,1.1297967018693686,0.3685573506168952,0.25075772638698035,0.11779962422991486,2.1546977360472304,0.3561643835616438,0.33538025507794045,0.020784128483703368,0.20948581100889366
u0300,realcartest,600.0,602.0,2600.0,2602.0,30.0,not_used,6.0,6.206896551724138,-0.2068965517241379,-0.10846965994999455,0.0,0.0,0.0,0.0,0.0267491064465528,0.02455548005615821,0.002193626390394589,0.24107320816485625,0.1438775778286098,0.10883536528215935,0.035042212546450444,0.4497875842077483,0.0073181629862509,0.007995376915964117,-0.0006772139297132173,-0.09200511805709873,0.0302825439538805,0.015489875904463213,0.014792668049417288,1.6051751407537176,0.0407805855407119,0.018040423939259132,0.022740161601452768,2.0208327672411666,0.0374973929231738,0.017840718310535818,0.01965667461263798,1.7850629822099318,0.0842457988133738,0.07643890941901327,0.007806889394360528,0.24671423713803273,0.25,0.22413793103448276,0.025862068965517238,0.1078327732034384,1.5,1.1982758620689655,0.3017241379310345,0.5866013327597419,0.1821889058443207,0.16700795521569292,0.015180950628627787,0.3755573189562306,0.3148930426986801,0.24876882496395217,0.06612421773472796,1.2402745350698576,0.3287671232876712,0.34010392064241846,-0.011336797354747241,-0.10846965994999416
u0301,realcartest,602.0,604.0,2602.0,2604.0,30.0,not_used,4.5,6.327586206896552,-1.8275862068965516,-0.9508351824869061,0.0,0.0,0.0,0.0,0.042749835298783,0.025422271334015763,0.017327563964767236,1.7839047580389358,0.2674854427718763,0.1122066883365268,0.1552787544353495,1.9949008926418246,0.0159711761958242,0.00839122048879979,0.007579955707024411,1.0251414299885246,0.0102390028280021,0.014566223311478103,-0.004327220483476004,-0.47039744616062057,0.0125490654269454,0.016917409514300367,-0.004368344087354967,-0.39579060947408684,0.0128604137881476,0.016752643173327718,-0.0038922293851801175,-0.3552477720522485,0.08759676470099,0.07817934780919182,0.009417416891798175,0.2825338752543568,0.25,0.25,0.0,0.0,0.75,1.2155172413793103,-0.4655172413793103,-0.8746157903288447,0.1477454839548616,0.1697227655910693,-0.021977281636207713,-0.502497353941888,0.2426727782119569,0.24980413359457557,-0.007131355382618665,-0.13231340895284918,0.2465753424657534,0.3467170524326877,-0.10014170996693428,-0.9508351824869057
u0302,realcartest,604.0,606.0,2604.0,2606.0,30.0,not_used,6.25,6.439655172413793,-0.1896551724137927,-0.0986973889033513,0.0,0.0,0.0,0.0,0.0269373065621112,0.025555648164596993,0.0013816583975142065,0.14253860102544247,0.0611651138154169,0.10541672455040288,-0.04425161073498598,-0.6042600358990842,0.0153807705003154,0.007729441279852051,0.007651329220463349,1.1761810107196047,0.0110154960799925,0.013787726253116868,-0.002772230173124368,-0.30152716487478354,0.0189596829794979,0.016488405792764994,0.002471277186732908,0.21903410821392955,0.0142810746980012,0.01590793879736377,-0.001626864099362569,-0.14754417330736216,0.1191748820829508,0.0778471477576333,0.0413277343253175,1.2324341625575679,0.5,0.2413793103448276,0.2586206896551724,1.0011129663989997,2.0,1.2241379310344827,0.7758620689655173,1.484817007580029,0.1677230615810037,0.17021159930782917,-0.002488537726825474,-0.05699781815928671,0.2419806932763913,0.2473817786842642,-0.005401085407872902,-0.10033783627479369,0.3424657534246575,0.35285781766650914,-0.010392064241851628,-0.09869738890335104
u0303,realcartest,606.0,608.0,2606.0,2608.0,30.0,not_used,6.5,6.629310344827586,-0.1293103448275863,-0.07118204024659894,0.0,0.0,0.0,0.0,0.0308717290194862,0.026310974332605996,0.004560754686880206,0.498776573185266,0.0662205848102112,0.11030357807090418,-0.04408299326069298,-0.6134471293033171,0.0057552464876175,0.007758387951486808,-0.0020031414638693084,-0.30890080911491075,0.0117797912366223,0.012989379395485967,-0.001209588158863668,-0.13062312605251358,0.0185492957503192,0.016123729601853196,0.002425566148466004,0.20964238395950135,0.014333654060304,0.015087422617707524,-0.0007537685574035245,-0.06732651064099265,0.0745135871563846,0.07916463865027942,-0.004651051493894817,-0.13706758243401243,0.25,0.25,0.0,0.0,0.75,1.25,-0.5,-0.9235481451827989,0.1329149689560099,0.17384590960568413,-0.04093094064967423,-0.938621036356764,0.222060248216602,0.2505815613416235,-0.028521313125021514,-0.5436118302615719,0.3561643835616438,0.3632498819083608,-0.007085498346717012,-0.07118204024659848
u0304,realcartest,608.0,610.0,2608.0,2610.0,30.0,not_used,8.25,6.801724137931035,1.4482758620689653,0.8800033923098647,0.0,0.0,0.0,0.0,0.0235030045505357,0.027144160847234554,-0.0036411562966988525,-0.4235555403670583,0.0613942200559432,0.11517477526806437,-0.05378055521212117,-0.7644180685028252,0.001170299146945,0.007900750358686547,-0.006730451211741547,-1.0493689730947153,0.00766630079001,0.012689648283959732,-0.005023347493949732,-0.5350169693403157,0.0119240405378253,0.016099393048318356,-0.004175352510493056,-0.3603238613059468,0.0086933267603113,0.01476990589379105,-0.00607657913347975,-0.5351933644441914,0.0512520973948187,0.08167597214767733,-0.030423874752858626,-0.9023698582108343,0.0,0.25862068965517243,-0.25862068965517243,-1.001112966399,0.75,1.3017241379310345,-0.5517241379310345,-0.9810229431759453,0.1730963190543279,0.1776437343313301,-0.004547415277002198,-0.11578837417494753,0.2353677003116194,0.2556307040792907,-0.020263003767671317,-0.43937931028438165,0.4520547945205479,0.3726972130373169,0.07935758148323102,0.8800033923098652
u0305,realcartest,610.0,612.0,2610.0,2612.0,30.0,not_used,8.5,6.974137931034483,1.525862068965517,0.9353956861402445,0.0,0.0,0.0,0.0,0.0248426217754997,0.02764887306811297,-0.0028062512926132696,-0.34426817187163816,0.0610303853444768,0.11773279324520156,-0.056702407900724755,-0.8032864581653801,0.0026969731199168,0.008030012698527496,-0.005333039578610695,-0.8350800123607245,0.0165167654963847,0.01221445167573411,0.0043023138206505895,0.4531350697742459,0.0242383286554977,0.015757718690568315,0.008480609964929386,0.7221692093329249,0.0179235913648622,0.014231375400342812,0.0036922159645193867,0.32126765553066294,0.0568887883023463,0.0839855577181232,-0.0270967694157769,-0.811258058107023,0.0,0.2672413793103448,-0.2672413793103448,-1.0534228823474063,1.0,1.3448275862068966,-0.3448275862068966,-0.608862565547983,0.1869810554300495,0.18116569427458717,0.005815361155462329,0.15509499438853613,0.2742392307788646,0.2593336490405106,0.01490558173835399,0.332160997417158,0.4657534246575342,0.382144544166273,0.0836088804912612,0.9353956861402445
u0306,realcartest,612.0,614.0,2612.0,2614.0,30.0,not_used,6.75,7.060344827586207,-0.3103448275862073,-0.190356326270452,0.0,0.0,0.0,0.0,0.0271892067894345,0.027606438692012535,-0.0004172319025780337,-0.05113843812858361,0.0612102700996264,0.11436588205015429,-0.053155611950527884,-0.7501077026109954,0.0026221621797409,0.007744673163592907,-0.005122510983852007,-0.8076597105125445,0.0069802468254687,0.01154267014794504,-0.004562423322476339,-0.49725663729162933,0.0069127462470518,0.015005194699231889,-0.008092448452180089,-0.7154171283904345,0.0074105128644045,0.013451991834801618,-0.006041478970397118,-0.5405560205757491,0.0407267330645678,0.08502404896859601,-0.04429731590402822,-1.3294138136571185,0.0,0.28448275862068967,-0.28448275862068967,-1.1292367528681058,0.75,1.3793103448275863,-0.6293103448275863,-1.1248087312344925,0.1403096735879226,0.18220974074254553,-0.04190006715462294,-1.1131184510631082,0.1949280318674539,0.25831375968844383,-0.06338572782098995,-1.421964865694157,0.3698630136986301,0.386868209730751,-0.01700519603212086,-0.19035632627045102
u0307,realcartest,614.0,616.0,2614.0,2616.0,30.0,not_used,5.75,7.163793103448276,-1.4137931034482758,-0.8625607601826758,0.0,0.0,0.0,0.0,0.031224877164858,0.027226803584133853,0.003998073580724147,0.4981551704987336,0.0613424083389367,0.10754189397632008,-0.04619948563738338,-0.7010105323742857,0.0090181454970985,0.007307816063594193,0.0017103294335043063,0.2807199437562073,0.0038291941964227,0.011177670750869772,-0.007348476554447071,-0.7949870418717337,0.0068281362531363,0.01434894821310184,-0.00752081195996554,-0.6648125318103529,0.0040862677765534,0.013013967985795145,-0.008927700209241746,-0.7923637962446648,0.1241725615901629,0.08520017119174562,0.03897239039841728,1.1702590125327497,0.75,0.28448275862068967,0.46551724137931033,1.847841959238718,2.0,1.3793103448275863,0.6206896551724137,1.109400392450458,0.2318124849312011,0.18337543683350516,0.048437048097695945,1.2978303628769776,0.2248386211255969,0.2574413486388173,-0.03260272751322038,-0.7327496386887045,0.3150684931506849,0.3925366084081247,-0.0774681152574398,-0.862560760182676
u0308,realcartest,616.0,618.0,2616.0,2618.0,30.0,not_used,7.5,7.301724137931035,0.1982758620689653,0.12408346094343889,0.0,0.0,0.0,0.0,0.0279631886909891,0.026976995219059174,0.0009861934719299255,0.12358758719888904,0.0640582669060677,0.10662606639652808,-0.042567799490460384,-0.6415867972646486,0.002356462738077,0.0072129156758899225,-0.004856452937812923,-0.794072948385647,0.016898011067693,0.010809362131808302,0.0060886489358847,0.664492830130734,0.0289341158408354,0.014072133755761074,0.014861982085074327,1.313282755094919,0.021073873847637,0.01254979026614246,0.008524083581494538,0.7616764482156689,0.0439332442125183,0.08566069085816663,-0.041727446645648335,-1.2542503412383499,0.0,0.28448275862068967,-0.28448275862068967,-1.1292367528681055,0.75,1.396551724137931,-0.646551724137931,-1.1485572971844167,0.1775991958403945,0.18611619815800579,-0.008517002317611294,-0.24761342736169212,0.2555336105402188,0.2590709313590978,-0.0035373208188790306,-0.08086085817927284,0.410958904109589,0.40009447331128956,0.010864430798299463,0.12408346094343885
u0309,realcartest,618.0,620.0,2618.0,2620.0,30.0,not_used,9.25,7.422413793103448,1.8275862068965516,1.1638166911413625,0.0,0.0,0.0,0.0,0.022787104590033,0.02647748593854433,-0.0036903813485113304,-0.48100991025434947,0.0607416075479704,0.10486934403338431,-0.04412773648541391,-0.6602503292074509,0.0028477922174338,0.00729618545374691,-0.00444839323631311,-0.7321703477447559,0.0065593658511335,0.010379220582382238,-0.003819854731248738,-0.42166664669135967,0.0116428533434264,0.013860821910263553,-0.0022179685668371526,-0.1956132707719023,0.0078053418609532,0.0120156129790723,-0.004210271118119101,-0.38012286348921465,0.0660917636460406,0.08964195530322908,-0.023550191657188482,-0.7276514069939087,0.0,0.3103448275862069,-0.3103448275862069,-1.1947019608799496,1.25,1.4741379310344827,-0.22413793103448265,-0.38087317795088077,0.1967117814618156,0.19088550863997178,0.005826272821843809,0.16223874160916466,0.2604785223990971,0.26193562144638016,-0.0014570990472830836,-0.03348082715353482,0.5068493150684932,0.40670760510155884,0.10014170996693433,1.1638166911413625
u0310,realcartest,620.0,622.0,2620.0,2622.0,30.0,not_used,9.0,7.543103448275862,1.456896551724138,1.0181092367437534,0.0,0.008620689655172414,-0.008620689655172414,-0.18898223650461357,0.0230940955910113,0.02685407556729536,-0.0037599799762840606,-0.5078193622575667,0.0620853744516864,0.10380627487063791,-0.04172090041895151,-0.6202393919738578,0.0022634468838585,0.007115384368831346,-0.004851937484972846,-0.7955931508530947,0.0034033985919339,0.009119597798541825,-0.005716199206607925,-0.7792261819612445,0.0047452600542648,0.012260460391664894,-0.007515200337400094,-0.8069706410234945,0.0037683023972076,0.01048281941456612,-0.006714517017358521,-0.7495458964805367,0.0460164275236351,0.08900678108787059,-0.042990353564235494,-1.3192043699161835,0.0,0.3017241379310345,-0.3017241379310345,-1.1355499479153377,1.0,1.4827586206896552,-0.48275862068965525,-0.8276565051516709,0.1937293230056532,0.1888456774842769,0.004883645521376295,0.13675159942518877,0.2364570728761887,0.25865389478109885,-0.022196821904910152,-0.5122780635949366,0.4931506849315068,0.41379310344827586,0.07935758148323097,1.011754504955042
u0311,realcartest,622.0,624.0,2622.0,2624.0,30.0,not_used,7.25,7.741379310344827,-0.4913793103448274,-0.3952999163361015,0.0,0.008620689655172414,-0.008620689655172414,-0.18898223650461357,0.0287767332879909,0.02751890881154108,0.0012578244764498217,0.2106873080438575,0.0616743815400749,0.10564161253431575,-0.04396723099424085,-0.6730087023251644,0.0038267633817455,0.00722236154253396,-0.0033955981607884595,-0.5651645266957084,0.0092992141235912,0.008726142598151247,0.0005730715254399533,0.07747837170234428,0.009523737245206,0.011991708860130904,-0.0024679716149249038,-0.2623229037736297,0.0097173977337932,0.01007820157994425,-0.0003608038461510501,-0.039846015524937155,0.0604882673277436,0.0887971585862776,-0.028308891258533996,-0.8669838077993984,0.25,0.3017241379310345,-0.051724137931034475,-0.19466570535691502,1.25,1.5086206896551724,-0.2586206896551724,-0.4564354645876384,0.1487375099699645,0.19230377469333193,-0.04356626472336744,-1.3670261530178747,0.2209473026887939,0.2618997916018397,-0.04095248891304579,-1.0545923362975254,0.3972602739726027,0.4246575342465753,-0.0273972602739726,-0.4025061157105039
u0312,realcartest,624.0,626.0,2624.0,2626.0,30.0,not_used,8.75,7.827586206896552,0.9224137931034484,0.7541197533707772,0.0,0.008620689655172414,-0.008620689655172414,-0.18898223650461357,0.0282873976222129,0.027879326903531648,0.00040807071868125336,0.07579288209939884,0.1520055433618836,0.1001173246407886,0.051888218721095,0.837356402317083,0.0084526399688172,0.006939547397112071,0.0015130925717051283,0.24753069219298873,0.0031749428520533,0.008371392574934682,-0.005196449722881382,-0.6947299844507426,0.0040359507205696,0.011497429967289979,-0.007461479246720379,-0.7859264817267049,0.0034000666959674,0.009700447491794746,-0.006300380795827346,-0.6875765529368073,0.1162998087265545,0.08500097589426955,0.03129883283228495,0.914175437979563,0.5,0.27586206896551724,0.22413793103448276,0.8715219801001883,2.25,1.456896551724138,0.7931034482758621,1.3021185892662854,0.2269743907725065,0.19103981302419862,0.03593457774830788,1.1539126538989821,0.2904605030566576,0.25893594518032625,0.03152455787633135,0.8068066587523948,0.4794520547945205,0.4293811998110534,0.05007085498346714,0.7479641092348246
u0313,realcartest,626.0,628.0,2626.0,2628.0,30.0,not_used,8.5,7.853448275862069,0.6465517241379306,0.5328941463780039,0.0,0.008620689655172414,-0.008620689655172414,-0.18898223650461357,0.0259794241500516,0.027935924075979716,-0.001956499925928116,-0.3649439280287703,0.061333543622448,0.09410653317045221,-0.032772989548004214,-0.5776204446018169,0.0030612933028465,0.006536105104810195,-0.0034748118019636946,-0.5996270897333666,0.0038860776207044,0.007609954332894418,-0.003723876712190018,-0.5418371497764124,0.0047201592702386,0.010590058590625392,-0.005869899320386791,-0.665893087146021,0.0044617724703722,0.008811216092623708,-0.004349443622251508,-0.5106887161107788,0.0657806566000806,0.08404926334595615,-0.01826860674587555,-0.5396567722886967,0.25,0.27586206896551724,-0.025862068965517238,-0.10056022847309863,1.25,1.456896551724138,-0.2068965517241379,-0.3396831102433787,0.1823732457759964,0.19161685162869796,-0.009243605852701564,-0.29664771797197864,0.2349620968772997,0.255021609757764,-0.020059512880464314,-0.5581851426560936,0.4657534246575342,0.43079829948039683,0.03495512517713739,0.526507055083161
u0314,realcartest,628.0,630.0,2628.0,2630.0,30.0,not_used,9.5,7.922413793103448,1.5775862068965516,1.324557684479551,0.0,0.008620689655172414,-0.008620689655172414,-0.18898223650461357,0.022368538946174,0.027745222860686636,-0.005376683914512636,-1.0507000687659156,0.0613233507610857,0.08904928208275405,-0.027725931321668347,-0.548008420323656,0.0033453953190168,0.00566906285391938,-0.0023236675349025803,-0.5956932193963919,0.0054682099565219,0.006997999962879541,-0.0015297900063576415,-0.25642853016116324,0.0076766610218745,0.010452475144200625,-0.0027758141223261246,-0.3198348853120607,0.0058595645713578,0.008059984984031744,-0.0022004204126739443,-0.2971346295621171,0.0561321254011431,0.08180724289079559,-0.02567511748965249,-0.8508019651225464,0.0,0.25862068965517243,-0.25862068965517243,-1.0727978097782274,1.25,1.4310344827586208,-0.18103448275862077,-0.3124252898742164,0.2032351054014085,0.19052099382180826,0.012714111579600229,0.40989318631157645,0.2577596036156532,0.2515815734152627,0.006178030200390483,0.21294902678675318,0.5205479452054794,0.43457723193197917,0.08597071327350025,1.319741782345534
u0315,realcartest,630.0,632.0,2630.0,2632.0,30.0,not_used,8.25,8.03448275862069,0.2155172413793096,0.1862252285709367,0.0,0.008620689655172414,-0.008620689655172414,-0.18898223650461357,0.0442188929588807,0.027957648797379723,0.016261244161500977,3.127947190438148,0.157776062155608,0.08970373879730559,0.0680723233583024,1.3239759776525246,0.0145563822237872,0.0056395650514714955,0.008916817172315704,2.2914044643844727,0.0017999335226477,0.006249984324572311,-0.004450050801924611,-1.0981052273810374,0.0033374167729478,0.009461593821843155,-0.0061241770488953545,-0.9370735440212994,0.0020785958273838,0.007142950381206018,-0.005064354553822217,-1.0253042263774155,0.1340645060931012,0.08259216030709107,0.05147234578601012,1.6862469518527354,0.75,0.25862068965517243,0.49137931034482757,2.0383158385786317,2.0,1.456896551724138,0.5431034482758621,0.9076264668011055,0.2590914191342404,0.1911821135510524,0.06790930558318797,2.1879556972936993,0.2944988874908557,0.25145992054285815,0.043038966947997526,1.4968887623637974,0.4520547945205479,0.4407179971658006,0.011336797354747297,0.17925428482379907
u0316,realcartest,632.0,634.0,2632.0,2634.0,30.0,not_used,8.0,8.258620689655173,-0.2586206896551726,-0.23996160921354326,0.0,0.008620689655172414,-0.008620689655172414,-0.18898223650461357,0.0259638390538143,0.027193675355880034,-0.001229836302065735,-0.2698729092134378,0.0615869003437519,0.08257201393979574,-0.02098511359604384,-0.5361706002814164,0.0077985142045907,0.0051696791980561044,0.0026288350065345953,0.7713211099721585,0.0029491111182188,0.006148840739415724,-0.003199729621196924,-0.8023905479473956,0.0040933370449194,0.0094454797743288,-0.005352142729409401,-0.8198285626004379,0.0031724636428745,0.006972651824821317,-0.003800188181946817,-0.7879182239176914,0.0529244266133431,0.08141686127152874,-0.028492434658185635,-0.9202238797242128,0.0,0.25,-0.25,-1.0177004891982149,0.75,1.4655172413793103,-0.7155172413793103,-1.2130044320787254,0.1702715870410177,0.19413523782403772,-0.023863650783020024,-0.7738387429132662,0.2149908592119457,0.2532723595478099,-0.03828150033586422,-1.2854977493873805,0.4383561643835616,0.45299952763344353,-0.014643363249881913,-0.24914269748502563
u0317,realcartest,634.0,636.0,2634.0,2636.0,30.0,not_used,8.25,8.482758620689655,-0.2327586206896548,-0.1802324494990274,0.0,0.008620689655172414,-0.008620689655172414,-0.18898223650461357,0.0300355416191431,0.026906648871181004,0.003128892747962096,0.6493067003878925,0.158357456861122,0.08256754784937778,0.0757899090117442,1.9363144012260556,0.0035659326972664,0.004709088090778456,-0.0011431553935120561,-0.40043599007903075,0.0010477161047201,0.005958136541785641,-0.00491042043706554,-1.2651588414349353,0.0020130846096039,0.009116686857023238,-0.007103602247419337,-1.1318398561568814,0.001305836527295,0.006687089997433519,-0.005381253470138519,-1.1640399623960298,0.1078285733391895,0.08000676018365577,0.02782181315553374,0.923367371910133,0.5,0.2413793103448276,0.2586206896551724,1.0727978097782271,2.0,1.456896551724138,0.5431034482758621,0.9303010781162074,0.2240935028914196,0.19773692944393353,0.02635657344748607,0.7861691229722285,0.2727447380349423,0.2565896190321621,0.016155119002780216,0.4827216247962201,0.4520547945205479,0.46528105810108644,-0.013226263580538522,-0.18774618164010404
u0318,realcartest,636.0,638.0,2636.0,2638.0,30.0,not_used,7.5,8.663793103448276,-1.1637931034482758,-0.8516036696650781,0.0,0.008620689655172414,-0.008620689655172414,-0.18898223650461357,0.0329827618533653,0.02652882027990715,0.00645394157345815,1.311356453824527,0.1613843494847296,0.08238970553589903,0.07899464394883057,2.01379183688048,0.0066804760367116,0.0046083219230260795,0.0020721541136855207,0.7226050898610988,0.0044802568294148,0.005709216524771244,-0.0012289596953564443,-0.32962198243461377,0.0073093048944758,0.008678617647823225,-0.0013693127533474254,-0.2266528091249091,0.004704543848632,0.006363403732265698,-0.0016588598836336978,-0.3770645296363027,0.1139117545146835,0.0801698868196514,0.033741867695032096,1.120492107126601,0.25,0.2413793103448276,0.008620689655172403,0.035759926992607535,2.25,1.4913793103448276,0.7586206896551724,1.3299790303254888,0.1835219875084234,0.20189486241771348,-0.01837287490929007,-0.5619452086018458,0.2643372774450002,0.2597645973937874,0.004572680051212807,0.1329460530044395,0.410958904109589,0.4752007557864903,-0.06424185167690127,-0.8620727341165033
u0319,realcartest,638.0,640.0,2638.0,2640.0,30.0,not_used,9.25,8.71551724137931,0.5344827586206904,0.3877879182298963,0.0,0.008620689655172414,-0.008620689655172414,-0.18898223650461357,0.0273267316500349,0.026527735851714095,0.0007989957983208056,0.16232339002567325,0.1599676321941661,0.08237845502426332,0.07758917716990278,1.9776567628861517,0.0084758135964308,0.0047186237015804525,0.003757189894850347,1.3448205121418637,0.0034671968053631,0.005578065684153396,-0.0021108688787902963,-0.5668080738215673,0.0056662552581478,0.008431640319973366,-0.002765385061825566,-0.4570789149656469,0.0037507015793461,0.0062054070300168246,-0.0024547054506707244,-0.5585010497016212,0.1117486024517059,0.08229783564424004,0.02945076680746586,0.9759957258501895,0.25,0.25862068965517243,-0.008620689655172431,-0.035759926992607646,2.0,1.5517241379310345,0.4482758620689655,0.7712383697439101,0.2110951142592199,0.20442815838922518,0.006666955869994717,0.20076512629395302,0.295905707398651,0.2616637172093899,0.03424199018926111,0.9920683771834253,0.5068493150684932,0.47803495512517713,0.028814359943316048,0.3834430955890635
u0320,realcartest,640.0,642.0,2640.0,2642.0,30.0,not_used,8.25,8.78448275862069,-0.5344827586206904,-0.37764181607450814,0.0,0.008620689655172414,-0.008620689655172414,-0.18898223650461357,0.0255675425618949,0.02641772621872859,-0.000850183656833689,-0.17024752225230166,0.0614325946817795,0.08238067952723005,-0.02094808484545055,-0.5339584660267794,0.0047279550749287,0.004714041824447252,1.391325048144803e-05,0.004973918781621431,0.0065754870114544,0.005158959795273745,0.0014165272161806549,0.45674432215223687,0.0110832896192444,0.007803699439722515,0.003279590179521885,0.6220839503880234,0.0071395607737146,0.005744777582603482,0.0013947831911111175,0.3667557566780908,0.0969934113210805,0.08226498513173787,0.014728426189342628,0.4876437923039665,0.5,0.25862068965517243,0.24137931034482757,1.001277955793012,1.75,1.5603448275862069,0.18965517241379315,0.32994226515495495,0.2021007809924322,0.20579571344885947,-0.003694932456427269,-0.11103355689766467,0.2571216736137294,0.2617349179322722,-0.00461324431854282,-0.1335479017081983,0.4520547945205479,0.4818138875767596,-0.02975909305621166,-0.3856693123233896
u0321,realcartest,642.0,644.0,2642.0,2644.0,30.0,not_used,8.75,8.89655172413793,-0.1465517241379306,-0.10635391200527496,0.0,0.008620689655172414,-0.008620689655172414,-0.18898223650461357,0.0247493146994482,0.026274033422623164,-0.0015247187231749657,-0.30316302832280323,0.0617093272017599,0.08237950834218735,-0.02067018114042745,-0.526866315551888,0.0047464859032059,0.004695825161655139,5.0660741550761015e-05,0.01801281302102729,0.0043436598502713,0.005134010618325124,-0.0007903507680538241,-0.2558189465585998,0.0051413266164636,0.007932529205179121,-0.0027912025887155212,-0.5272192390555674,0.0045565106649212,0.005722940300262758,-0.001166429635341558,-0.3073423544636507,0.0841525199777716,0.08246186768448316,0.001690652293288436,0.05645033185644299,0.25,0.25862068965517243,-0.008620689655172431,-0.035759926992607646,1.5,1.5689655172413792,-0.06896551724137923,-0.12219794533519657,0.1893898072518348,0.208272508509053,-0.018882701257218193,-0.6111017460087426,0.249437871291034,0.26422141246268804,-0.014783541171654035,-0.45971190180331517,0.4794520547945205,0.487954652810581,-0.008502598016060459,-0.11326804822365519
u0322,realcartest,644.0,646.0,2644.0,2646.0,30.0,not_used,8.75,9.060344827586206,-0.3103448275862064,-0.24388990103314864,0.0,0.017241379310344827,-0.017241379310344827,-0.2721655269759087,0.0249548011992967,0.025932514339379896,-0.0009777131400831966,-0.1948473870926188,0.0617778226572166,0.08237764866971006,-0.020599826012493466,-0.5250596577422093,0.0043904906339121,0.004438167635892483,-4.7677001980382314e-05,-0.01736115036910647,0.0076687036883074,0.005090920020271921,0.0025777836680354787,0.8272754434919041,0.0100338445172306,0.007856571833895348,0.002177272683335252,0.4088615046499384,0.0078888952668626,0.005678547007086669,0.002210348259775931,0.5783926560355843,0.0896845624662853,0.07999005386172078,0.009694508604564514,0.3302270665426614,0.25,0.23275862068965517,0.017241379310344834,0.07602859212697058,1.75,1.5258620689655173,0.22413793103448265,0.3881894367281756,0.1862149262445292,0.20804911432983464,-0.021834188085305434,-0.7100200580188792,0.2616361100178447,0.26589973891331853,-0.0042636288954738255,-0.1361389879653552,0.4794520547945205,0.49740198393953705,-0.01794992914501653,-0.2572858738912934
u0323,realcartest,646.0,648.0,2646.0,2648.0,30.0,not_used,8.75,9.155172413793103,-0.4051724137931032,-0.32284301384447706,0.0,0.017241379310344827,-0.017241379310344827,-0.2721655269759087,0.0243029814039311,0.026007665773244072,-0.0017046843693129705,-0.33664128308097363,0.0618082612952114,0.0856546932408325,-0.023846431945621097,-0.5750089253126454,0.0055153552545121,0.004524169027462079,0.000991186227050021,0.3645991870638665,0.0065581047868817,0.004602784974958648,0.001955319811923052,0.8874790335500242,0.0097299575175067,0.007005020032443337,0.002724937485063363,0.7627005043765434,0.0069368154770761,0.005054367631559678,0.0018824478455164214,0.7503400536564909,0.1379267490778871,0.0799312377054273,0.0579955113724598,1.9705657008352537,0.75,0.23275862068965517,0.5172413793103449,2.2808577638091165,2.75,1.5172413793103448,1.2327586206896552,2.087202060514164,0.2688253755949791,0.20982106200838663,0.05900431358659247,1.939359872872026,0.2986085607779785,0.2669561866699549,0.03165237410802357,1.0058881707484595,0.4794520547945205,0.502598016060463,-0.023145961265942427,-0.3367240341577193
u0324,realcartest,648.0,650.0,2648.0,2650.0,30.0,not_used,7.5,9.224137931034482,-1.7241379310344822,-1.3141410058272338,0.25,0.017241379310344827,0.23275862068965517,3.674234614174767,0.0267621146870162,0.02606133060194292,0.0007007840850732812,0.13911169188429606,0.0617425537183104,0.08906933386085261,-0.02732678014254221,-0.630880901092206,0.0038135311669179,0.004648030311283786,-0.0008344991443658863,-0.3066669028249512,0.002699117428741,0.004456259013922473,-0.001757141585181473,-0.7952580360123724,0.0029253173586789,0.00675371339345631,-0.0038283960347774097,-1.0959839622880476,0.0028650215220012,0.004877688149437403,-0.0020126666274362034,-0.8085673289209104,0.0686903742387374,0.08125657341439119,-0.012566199175653783,-0.42392549873426294,0.0,0.2413793103448276,-0.2413793103448276,-1.08497796160898,1.25,1.5517241379310345,-0.3017241379310345,-0.5003064038690189,0.1637979766720788,0.21183314982433002,-0.048035173152251226,-1.5295481887975342,0.2152340068943567,0.2694764188837416,-0.05424241198938487,-1.609792994888402,0.4246575342465753,0.5063769485120453,-0.08171941426546997,-1.1379608963978953
u0325,realcartest,650.0,652.0,2650.0,2652.0,30.0,not_used,9.25,9.25,0.0,0.0,0.0,0.017241379310344827,-0.017241379310344827,-0.2721655269759087,0.022402203272111,0.026060234590256342,-0.0036580313181453425,-0.7260572813805541,0.0613867367847598,0.08904418878013164,-0.027657451995371833,-0.6382811746400527,0.003607150113576,0.004642174505174279,-0.0010350243915982788,-0.3796174109031491,0.0020795418691315,0.004408307596173918,-0.0023287657270424176,-1.0365592180450662,0.0049103079575427,0.006723199125529545,-0.0018128911679868454,-0.5158574924403594,0.0022579338331599,0.004822123047511751,-0.0025641892143518506,-1.0131310069878732,0.0758931039400587,0.0814411120005671,-0.005548008060508397,-0.18846118275539386,0.25,0.2413793103448276,0.008620689655172403,0.03874921291460638,1.5,1.5517241379310345,-0.051724137931034475,-0.08576681209183178,0.2031711014904323,0.21246541650063058,-0.009294315010198284,-0.29772308526014907,0.2504255777272456,0.26996905719359315,-0.019543479466347546,-0.5866946162447565,0.5068493150684932,0.5077940481813887,-0.0009447331128955572,-0.013131775384373108
u0326,realcartest,652.0,654.0,2652.0,2654.0,30.0,not_used,8.75,9.431034482758621,-0.681034482758621,-0.4912426184532724,0.0,0.017241379310344827,-0.017241379310344827,-0.27216552697590873,0.0236936978296412,0.025938979355365672,-0.0022452815257244726,-0.44783545613993303,0.0615201282880935,0.09232643557828724,-0.030806307290193735,-0.6889245617577321,0.0007389092587669,0.004691022515880355,-0.003952113257113456,-1.4507768927982037,0.0016588015242211,0.004263920476889031,-0.0026051189526679307,-1.2683451154192313,0.0029384855670531,0.0066757117194912105,-0.0037372261524381105,-1.072267969431735,0.0018024050605418,0.00467786278327769,-0.00287545772273589,-1.2177087652546659,0.0178898070353674,0.08479870425438535,-0.06690889721901795,-2.073185624356037,0.0,0.25862068965517243,-0.25862068965517243,-1.0727978097782276,0.25,1.6379310344827587,-1.3879310344827587,-1.925143299317053,0.1914870941801603,0.2189600905044694,-0.027472996324309107,-0.7539334682185804,0.2142784002031273,0.27631454760918966,-0.062036147406062364,-1.54371975144812,0.4794520547945205,0.5177137458667926,-0.03826169107227212,-0.5051069105980681
u0327,realcartest,654.0,656.0,2654.0,2656.0,30.0,not_used,7.75,9.448275862068966,-1.6982758620689662,-1.2298575901720605,0.0,0.017241379310344827,-0.017241379310344827,-0.2721655269759087,0.0265519142024393,0.025804740843633364,0.0007471733588059366,0.14940313798974228,0.0615859098033979,0.08917879200741145,-0.027592882204013555,-0.632810293665741,0.0055777783316852,0.004606841282033776,0.0009709370496514243,0.36734666167415714,0.0026717358725255,0.0042617136426801655,-0.0015899777701546655,-0.7736538099031859,0.0047351363505154,0.006687194117682686,-0.0019520577671672864,-0.5613925839748631,0.0027874516971318,0.004676016830487159,-0.001888565133355359,-0.7994311479445527,0.0844960390990523,0.08499755306304572,-0.0005015139639934219,-0.015438786609805388,0.5,0.25,0.25,1.0561177090573832,1.5,1.646551724137931,-0.14655172413793105,-0.20084967475236185,0.2007052340636723,0.21876951810712797,-0.01806428404345567,-0.49611372168081197,0.2302706037104757,0.27585021390523595,-0.045579610194760256,-1.13671352588189,0.4246575342465753,0.5186584789796883,-0.09400094473311299,-1.2460886106517415
u0328,realcartest,656.0,658.0,2656.0,2658.0,30.0,not_used,8.5,9.577586206896552,-1.0775862068965516,-0.7383921548795095,0.0,0.017241379310344827,-0.017241379310344827,-0.2721655269759087,0.0317749554831718,0.025581661840416783,0.006193293642755018,1.207060657372561,0.0834453736736463,0.08916802474720742,-0.005722651073561125,-0.1312214674395583,0.004121318341866,0.004586293950265138,-0.00046497560839913864,-0.17497906041622951,0.0079440710411936,0.004305752255156759,0.0036383187860368404,1.7659086059136837,0.0171840962100871,0.006803350461212689,0.01038074574887441,2.9952242836811074,0.0093202750029336,0.004719044990533194,0.004601230012400407,1.9419016956890522,0.1028921071214987,0.08593694831793924,0.016955158803559453,0.5247951199773823,0.25,0.25,0.0,0.0,1.75,1.6810344827586208,0.06896551724137923,0.0939941372985232,0.1792104079405632,0.22172621066804546,-0.04251580272748226,-1.1548455000682025,0.2687962966843581,0.27925983812688887,-0.010463541442530755,-0.257242851247515,0.4657534246575342,0.5257439773264053,-0.0599905526688711,-0.7530232508447239
u0329,realcartest,658.0,660.0,2658.0,2660.0,30.0,not_used,9.25,9.637931034482758,-0.387931034482758,-0.2602243136583136,0.0,0.017241379310344827,-0.017241379310344827,-0.2721655269759087,0.0329094586106523,0.025539107879097137,0.007370350731555165,1.4277036221659525,0.162856822550605,0.08915609553250779,0.0737007270180972,1.6896747119584612,0.0064627267152622,0.004584465376579759,0.0018782613386824415,0.7065933419871162,0.0085900904429708,0.004478441412821521,0.004111649030149279,1.756190328468441,0.0120450271923454,0.007008484398916731,0.005036542793428669,1.3683397596849312,0.0109033894412277,0.004905479277447091,0.005997910163780608,2.264934835155847,0.1070084038859431,0.08732074327076189,0.019687660615181207,0.617977528587711,0.25,0.2672413793103448,-0.017241379310344807,-0.07302967433402208,2.25,1.7155172413793103,0.5344827586206897,0.7260530589648767,0.2013613779924002,0.22349736174864532,-0.02213598375624512,-0.5963802137671067,0.311365109398949,0.2818402337269184,0.029524875672030604,0.7098488100283613,0.5068493150684932,0.52905054322154,-0.022201228153046815,-0.2728962969977983
u0330,realcartest,660.0,662.0,2660.0,2662.0,30.0,not_used,11.0,9.706896551724139,1.2931034482758612,0.8790135580096783,0.0,0.017241379310344827,-0.017241379310344827,-0.2721655269759087,0.020594605495292,0.024771236388303985,-0.004176630893011984,-1.0978831755600456,0.0606654219040905,0.08582070487288598,-0.025155282968795482,-0.6002464665040448,0.0023444864467779,0.00417597120401758,-0.0018314847572396802,-0.9664404903318838,0.0073058388584611,0.004620795101999468,0.002685043756461632,1.167831569195717,0.0120817580490291,0.007189387352442434,0.004892370696586666,1.3498482205151756,0.0079217556529913,0.00505037522027032,0.0028713804327209803,1.1026332063167066,0.0535130926696819,0.08458967392553184,-0.031076581255849937,-0.9985969470576089,0.0,0.25,-0.25,-1.1481209945740989,1.0,1.6810344827586208,-0.6810344827586208,-0.9136764790669694,0.2333860878714365,0.22196249599984147,0.011423591871595029,0.3127243369808316,0.2952335093555553,0.28113047553996473,0.014103033815590582,0.33945004772500087,0.6027397260273972,0.5328294756731223,0.0699102503542749,0.87140272922139
u0331,realcartest,662.0,664.0,2662.0,2664.0,30.0,not_used,12.75,9.78448275862069,2.9655172413793096,2.0622848921580235,0.0,0.017241379310344827,-0.017241379310344827,-0.2721655269759087,0.0186135385058394,0.024653117724761316,-0.006039579218921915,-1.5816434325788753,0.0610355971932963,0.08582339153795304,-0.024787794344656743,-0.5914994768415671,0.0020236283892636,0.004009173917433066,-0.0019855455281694656,-1.11662530273581,0.0054850743487201,0.004815997128285689,0.0006690772204344109,0.2802343130802515,0.0094246883776366,0.007515201813874458,0.0019094865637621413,0.5086805259941405,0.005999781703755,0.00526587433035229,0.0007339073734027096,0.2721473958844942,0.0782819505346341,0.0854053955263673,-0.007123444991733202,-0.23290666470305027,0.25,0.25862068965517243,-0.008620689655172431,-0.04055535528269071,1.75,1.706896551724138,0.0431034482758621,0.05942283606769108,0.2721721185579818,0.22342261420626544,0.04874950435171635,1.3826476307543407,0.3381812183226065,0.2837730065624683,0.054408211760138214,1.3722217182347154,0.6986301369863014,0.5370807746811526,0.16154936230514882,2.061812838604636
u0332,realcartest,664.0,666.0,2664.0,2666.0,30.0,not_used,11.75,9.827586206896552,1.9224137931034484,1.3636147216803463,0.0,0.017241379310344827,-0.017241379310344827,-0.2721655269759087,0.0199146998725443,0.024474536021185066,-0.004559836148640764,-1.2386536539183914,0.0610631577193271,0.08249071936483651,-0.021427561645509415,-0.538439559730676,0.0028330276227986,0.0041164646283546515,-0.0012834370055560514,-0.6971618510128819,0.0045611107432048,0.004978345672700717,-0.0004172349294959167,-0.1827079199860781,0.0058452886835188,0.007804010037193095,-0.001958721353674295,-0.538134427337289,0.0049467523704372,0.00543913475722598,-0.0004923823867887802,-0.1896495968928021,0.0792442596002579,0.08728798463489074,-0.00804372503463284,-0.24044845042316468,0.25,0.25862068965517243,-0.008620689655172431,-0.04055535528269071,1.75,1.75,0.0,0.0,0.2534950251956287,0.22452676084853526,0.02896826434709346,0.8100833050926649,0.3141346207037348,0.28524545522423905,0.02888916547949577,0.7221545784093812,0.6438356164383562,0.5394426074633917,0.10439300897496451,1.3598004699546509
u0333,realcartest,666.0,668.0,2666.0,2668.0,30.0,not_used,9.75,9.939655172413794,-0.1896551724137936,-0.14067922527024618,0.0,0.017241379310344827,-0.017241379310344827,-0.2721655269759087,0.023471556132937,0.02407942874326497,-0.0006078726103279711,-0.18163990365931562,0.0610679552185077,0.07905974393387004,-0.01799178871536234,-0.4857440530524766,0.0043690507250218,0.0040332519799307345,0.00033579874509106523,0.18901386365470835,0.0038629264120924,0.004976145107771859,-0.0011132186956794585,-0.4873716925627422,0.0047616980301794,0.007838876800003924,-0.0030771787698245243,-0.8454313662854319,0.004111422395094,0.005447740053651821,-0.0013363176585578212,-0.51510987517438,0.1129626133078895,0.08742253068232961,0.025540082625559887,0.7608580920047315,0.5,0.2672413793103448,0.2327586206896552,1.072306985565876,2.5,1.7672413793103448,0.7327586206896552,0.923913043478261,0.2465619022281679,0.2273153554354442,0.019246546792723696,0.5405408526548742,0.2904421749640914,0.2870218659932695,0.003420308970821906,0.08512538139624522,0.5342465753424658,0.545583372697213,-0.011336797354747241,-0.15468105076354727
u0334,realcartest,668.0,670.0,2668.0,2670.0,30.0,not_used,10.5,9.913793103448276,0.5862068965517242,0.42846176293008403,0.0,0.017241379310344827,-0.017241379310344827,-0.2721655269759087,0.0216523424189201,0.024075561059039286,-0.0024232186401191846,-0.7248876926885315,0.0610948959305123,0.07566050056352162,-0.014565604633009321,-0.43037405841877274,0.002564098683054,0.003947506667366518,-0.001383407984312518,-0.857911738691475,0.0043626947188748,0.005019565610342862,-0.0006568708914680621,-0.28976192074756996,0.006028043128223,0.007896918838110134,-0.0018688757098871342,-0.5165464409297817,0.0045653373898753,0.005489519646685877,-0.0009241822568105771,-0.3587294539565573,0.055936123439783,0.08784117434208266,-0.03190505090229966,-0.9399910019219277,0.0,0.28448275862068967,-0.28448275862068967,-1.2147467868233122,1.25,1.7758620689655173,-0.5258620689655173,-0.6598548159925988,0.2266401521594431,0.22904754511484685,-0.0024073929554037365,-0.06688198427175898,0.2763040517424511,0.28649692054349835,-0.01019286880104725,-0.2538089809865514,0.5753424657534246,0.5441662730278696,0.031176192725555052,0.41894840894905894
u0335,realcartest,670.0,672.0,2670.0,2672.0,30.0,not_used,10.0,9.89655172413793,0.1034482758620694,0.07431801003475726,0.0,0.017241379310344827,-0.017241379310344827,-0.2721655269759087,0.0230221157023772,0.02420483935972171,-0.0011827236573445088,-0.3410164207042462,0.0611763057333882,0.07566564476761899,-0.014489339034230789,-0.42814783772106685,0.0020938789587696,0.003864909778061279,-0.001771030819291679,-1.085409509509954,0.0062567206939587,0.004935022490478789,0.0013216982034799105,0.5866379142212584,0.0106488094452934,0.007768096128448441,0.002880713316844959,0.8072744969118393,0.0067772316765235,0.005394104456434763,0.0013831272200887377,0.5393147600268721,0.0464363270941814,0.08593109114978394,-0.03949476405560254,-1.1310827450294056,0.0,0.2672413793103448,-0.2672413793103448,-1.1319599521773434,1.0,1.7413793103448276,-0.7413793103448276,-0.9056144338360742,0.2121367303335348,0.2277252910401915,-0.015588560706656707,-0.4142863400110593,0.2670363732495137,0.28481777606822073,-0.01778140281870705,-0.42023482713886834,0.547945205479452,0.543221539914974,0.004723665564478008,0.06236615384228604
u0336,realcartest,672.0,674.0,2672.0,2674.0,30.0,not_used,10.5,9.905172413793103,0.5948275862068968,0.4292924623965536,0.25,0.017241379310344827,0.23275862068965517,3.674234614174767,0.021320823750803,0.02427229045972456,-0.00295146670892156,-0.8439838574390579,0.0612884778370951,0.07566637172200484,-0.014377893884909738,-0.4248584878143767,0.0015460772499815,0.003768290291199976,-0.0022222130412184763,-1.3392213239394284,0.0025795668528798,0.005069773651296993,-0.0024902067984171935,-1.0691346092312286,0.0046253724859069,0.00794738445969787,-0.0033220119737909703,-0.9324753369534698,0.0027988622744468,0.005548232306850383,-0.002749370032403583,-1.0403436687532515,0.0524899607300541,0.08487021188863174,-0.032380251158577636,-0.9141968622349017,0.0,0.25862068965517243,-0.25862068965517243,-1.0727978097782276,0.75,1.7241379310344827,-0.9741379310344827,-1.1754264559668173,0.225334053733869,0.2277026943009449,-0.0023686405670758914,-0.06291091664362077,0.2735100881938805,0.2849842685570952,-0.011474180363214681,-0.27201103962733547,0.589041095890411,0.5436939064714218,0.04534718941898919,0.6015528828763207
u0337,realcartest,674.0,676.0,2674.0,2676.0,30.0,not_used,10.25,9.982758620689655,0.2672413793103452,0.19341031920890106,0.0,0.017241379310344827,-0.017241379310344827,-0.2721655269759087,0.0301425802730504,0.024215372091389194,0.005927208181661207,1.6940078859518644,0.1590925594686187,0.07740318343628969,0.08168937603232901,2.37658660694636,0.0048505030935953,0.0037170445581585585,0.0011334585354367413,0.6818735325714124,0.0027420947536081,0.005020979863296927,-0.002278885109688827,-0.995714325639943,0.0042391135987271,0.007910090798171553,-0.003670977199444453,-1.035197889542323,0.0029726719573543,0.005527626333924801,-0.002554954376570501,-0.9726853517281141,0.0422275756800077,0.08510201214692786,-0.042874436466920164,-1.2086822975646112,0.0,0.2672413793103448,-0.2672413793103448,-1.0905761943319525,0.5,1.7413793103448276,-1.2413793103448276,-1.487939987630724,0.2289856785184024,0.2300573100016044,-0.0010716314832019957,-0.02887416132175448,0.2861705954826747,0.28726568045624884,-0.0010950849735741341,-0.025679147618660088,0.5616438356164384,0.547945205479452,0.013698630136986356,0.18236469157692015
u0338,realcartest,676.0,678.0,2676.0,2678.0,30.0,not_used,11.25,9.956896551724139,1.2931034482758612,0.9162708326722886,0.0,0.017241379310344827,-0.017241379310344827,-0.2721655269759087,0.0243433846222995,0.024258290680915402,8.509394138409704e-05,0.024261531163325342,0.1597661855285534,0.07739805090999835,0.08236813461855505,2.396170634506779,0.0064397694482633,0.0036445468451889486,0.0027952226030743517,1.7172330438095533,0.0023101129810844,0.004966991939400673,-0.0026568789583162732,-1.1703338284536569,0.0043549608128026,0.007845711529275204,-0.0034907507164726034,-0.9890368948150436,0.0026816368794072,0.005481289975473359,-0.0027996530960661585,-1.071329119918618,0.1045264992059923,0.08262509379626348,0.02190140540972882,0.6407414176918451,0.25,0.25,0.0,0.0,2.25,1.6896551724137931,0.5603448275862069,0.6863049560899463,0.255062328124174,0.2266188724781518,0.028443455646022214,0.7490633353850193,0.3335652565989112,0.2848010813688938,0.04876417523001736,1.1092063687840026,0.6164383561643836,0.5465281058101087,0.0699102503542749,0.9107045676517932
u0339,realcartest,678.0,680.0,2678.0,2680.0,30.0,not_used,9.75,10.051724137931034,-0.3017241379310338,-0.2263109739078349,0.0,0.008620689655172414,-0.008620689655172414,-0.18898223650461357,0.0230623112521007,0.024325955780039637,-0.0012636445279389369,-0.3536330974514147,0.0613561671107783,0.08088755548669382,-0.019531388375915525,-0.5195326486154013,0.0020936285066828,0.003791544176215231,-0.0016979156695324312,-0.9340671341721322,0.0020128074772258,0.005267884557269608,-0.003255077080043808,-1.2943902925525417,0.0038603462843886,0.008160596597434662,-0.0043002503130460615,-1.234474707922815,0.0021569144413637,0.005856981422322287,-0.003700066980958587,-1.246209367659554,0.0513680465227366,0.08505365842662667,-0.03368561190389007,-0.9467990648545499,0.0,0.2672413793103448,-0.2672413793103448,-1.1784431779680435,1.0,1.75,-0.75,-0.8866479449664636,0.2120650566183691,0.22937394988333584,-0.017308893264966735,-0.4785453723277126,0.2507435838618836,0.28982177190580316,-0.03907818804391955,-0.8872218227427902,0.5342465753424658,0.5512517713745868,-0.017005196032121028,-0.2321373168788993
u0340,realcartest,680.0,682.0,2680.0,2682.0,30.0,not_used,12.5,10.060344827586206,2.4396551724137936,1.8359600099809255,0.0,0.008620689655172414,-0.008620689655172414,-0.18898223650461357,0.0252603314761615,0.02433719518578268,0.0009231362903788197,0.25874390201184805,0.1568595386865868,0.08468546053076961,0.0721740781558172,1.7666234055953411,0.0052433556922217,0.003920108439720711,0.0013232472525009894,0.6861024906297835,0.0051119876643295,0.005874905115794491,-0.0007629174514649905,-0.2134881089472253,0.0081466024700943,0.008616426720054379,-0.0004698242499600793,-0.12135161116750608,0.0055338500710054,0.006567025328550703,-0.0010331752575453027,-0.2447424961467316,0.1578584426884729,0.08472955591344883,0.07312888677502408,2.0482571633077913,0.75,0.25862068965517243,0.49137931034482757,2.1183883168044235,3.75,1.7327586206896552,2.0172413793103448,2.357032169774237,0.3370830560812902,0.2294978918888946,0.10758516419239558,2.9813657322144564,0.4049665247410922,0.2928913049413722,0.11207521979971996,2.5302479498357444,0.684931506849315,0.5517241379310345,0.13320736891828056,1.824488093139883
u0341,realcartest,682.0,684.0,2682.0,2684.0,30.0,not_used,9.25,10.051724137931034,-0.8017241379310338,-0.5991651172994611,0.0,0.008620689655172414,-0.008620689655172414,-0.18898223650461357,0.0243944807819759,0.02428740343828092,0.00010707734369497929,0.029856323330303032,0.060723879806486,0.08809238492320429,-0.02736850511671829,-0.6386871464839875,0.0060113841872664,0.004042529165107094,0.001968855022159306,1.0740331877895462,0.0031109446599962,0.006768019346916114,-0.003657074686919914,-0.6964422091666949,0.0043689402681224,0.009327260403933111,-0.004958320135810711,-1.0803217702233807,0.003346534065042,0.007656913869947851,-0.004310379804905852,-0.675685561999387,0.1220664241777056,0.0868262003564146,0.03524022382129101,1.0541754868344528,0.25,0.25862068965517243,-0.008620689655172431,-0.03716470731235839,2.5,1.7758620689655173,0.7241379310344827,0.8936170212765957,0.2214477912496048,0.2298669779362996,-0.008419186686694807,-0.23551250588462025,0.2769948256420012,0.29766468817022657,-0.02066986252822539,-0.4806347921674907,0.5068493150684932,0.5512517713745866,-0.04440245630609341,-0.6039554779010252
u0342,realcartest,684.0,686.0,2684.0,2686.0,30.0,not_used,12.25,10.094827586206897,2.155172413793103,1.6808455731272767,0.0,0.017241379310344827,-0.017241379310344827,-0.2721655269759087,0.0195101330567709,0.023670248494746273,-0.004160115437975374,-0.9136613812460758,0.0610212930765313,0.08799547593815948,-0.026974182861628185,-0.6285613860794993,0.002465420681556,0.003939676062601836,-0.0014742553810458358,-0.806579640067351,0.0051631973825256,0.00733920637238168,-0.00217600898985608,-0.3844905135011524,0.0080886932326087,0.009725716904850882,-0.0016370236722421817,-0.35020224896322794,0.0057095891117072,0.008291637793471855,-0.002582048681764655,-0.3815575134897647,0.0930231189919925,0.08753044583871725,0.005492673153275257,0.16353361994185836,0.25,0.25862068965517243,-0.008620689655172431,-0.03716470731235839,2.25,1.8103448275862069,0.43965517241379315,0.5367529016669959,0.2681173300426029,0.23034613427095668,0.03777119577164623,1.0655944154870658,0.3338411993052346,0.30084539977261876,0.03299579953261583,0.7993233013606531,0.6712328767123288,0.5540859707132735,0.1171469059990553,1.6714079846532957
u0343,realcartest,686.0,688.0,2686.0,2688.0,30.0,not_used,11.25,10.129310344827585,1.1206896551724146,0.8951690585765952,0.0,0.017241379310344827,-0.017241379310344827,-0.2721655269759087,0.0211344740679041,0.022987238035017427,-0.0018527639671133272,-0.38867690009726963,0.0609774035347961,0.09363697223152015,-0.032659568696724046,-0.6307066380245487,0.0032923666821408,0.004030162626464942,-0.0007377959443241417,-0.38869420222637935,0.0104761955288,0.007597324489240972,0.002878871039559027,0.4922244009877043,0.0136255452152917,0.00950508612083087,0.00412045909446083,0.9231431962542127,0.0112661588918608,0.008536017425331813,0.0027301414665289875,0.39418936275123323,0.0962621790330002,0.08768146474722567,0.008580714285774532,0.25487843051997006,0.5,0.2672413793103448,0.2327586206896552,0.9859006035092991,2.25,1.8362068965517242,0.4137931034482758,0.49940427815293487,0.2545984867388043,0.23229449544946595,0.022303991289338354,0.6538939982485622,0.3325910760165116,0.30417616933567326,0.028414906680838348,0.6695324384637191,0.6164383561643836,0.5559754369390647,0.06046291922531888,0.8839576642758257
u0344,realcartest,688.0,690.0,2688.0,2690.0,30.0,not_used,10.25,10.224137931034482,0.025862068965517793,0.02011928089431265,0.0,0.017241379310344827,-0.017241379310344827,-0.2721655269759087,0.0219506197258793,0.021984266783737553,-3.364705785825414e-05,-0.006044547278241076,0.0610497330265754,0.08877810571122736,-0.02772837268465196,-0.5366416401059223,0.002710051219484,0.004044727776573372,-0.001334676557089372,-0.6957731957256229,0.0059281905088082,0.0075428900831509835,-0.0016146995743427832,-0.27617994770350407,0.0085836024251932,0.00935849282742383,-0.000774890402230631,-0.17423188161618489,0.0062805781692575,0.008414144448397148,-0.002133566279139648,-0.3085720790082481,0.0548634950814296,0.09018700262304581,-0.035323507541616214,-0.9420377749546364,0.25,0.28448275862068967,-0.03448275862068967,-0.13687718216583106,1.0,1.9137931034482758,-0.9137931034482758,-0.9530616961166201,0.21458031241893,0.23779343907837064,-0.02321312665944064,-0.5680467845336471,0.2739159000691962,0.30668905736389374,-0.03277315729469754,-0.730262923419205,0.5616438356164384,0.5611714690599905,0.0004723665564478896,0.006731603264351388
u0345,realcartest,690.0,692.0,2690.0,2692.0,30.0,not_used,10.25,10.181034482758621,0.068965517241379,0.05389435943361858,0.0,0.21551724137931033,-0.21551724137931033,-0.20567947795363367,0.0225383978110769,0.021414391546530374,0.0011240062645465239,0.17413761973639866,0.0616648136306968,0.08764128146088435,-0.025976467830187547,-0.4935680704270055,0.0029613928936398,0.003999262825321656,-0.0010378699316818557,-0.5260710798209773,0.0086099698805192,0.007536264336543893,0.001073705543975306,0.1836360088916104,0.0135419564264481,0.009229220284912106,0.004312736141535994,0.9755477273164026,0.0094219378352516,0.008403459641992468,0.0010184781932591324,0.14727869238287283,0.0765803530375714,0.09305452414061562,-0.01647417110304422,-0.4362695762037669,0.25,0.3017241379310345,-0.051724137931034475,-0.20776300831933306,1.5,1.9741379310344827,-0.47413793103448265,-0.49676716338645427,0.2126150150273119,0.2404737601365296,-0.02785874510921771,-0.6481473711440853,0.2916242588645487,0.31116427001620833,-0.019540011151659653,-0.3929814282800508,0.5616438356164384,0.569674067076051,-0.008030231459612569,-0.09178066935549502
u0346,realcartest,692.0,694.0,2692.0,2694.0,30.0,not_used,9.5,9.96551724137931,-0.4655172413793096,-0.344053746431494,0.0,0.21551724137931033,-0.21551724137931033,-0.20567947795363367,0.0248566722154319,0.02100802691739585,0.003848645298036052,0.5522735329506354,0.0617099638407429,0.08707416299565768,-0.02536419915491478,-0.47856167754822554,0.0066773633139924,0.003981135884861404,0.002696227429130996,1.352679704085354,0.0057558238927559,0.007826805105733815,-0.002070981212977915,-0.34828211149648614,0.0103885230858444,0.009114964553316033,0.0012735585325283662,0.2857449240519674,0.006330388906632,0.008702569193305159,-0.002372180286673159,-0.33926848260244374,0.1624236574863688,0.09826709210453553,0.06415656538183327,1.4229967760086852,0.5,0.31896551724137934,0.18103448275862066,0.6915981680357234,3.25,2.086206896551724,1.1637931034482758,1.0569478009423556,0.2561137555172445,0.24235619737579128,0.013757558141453241,0.3026731027120226,0.3154457492262943,0.3109826408725825,0.004463108353711831,0.08992219818662356,0.5205479452054794,0.5578649031648559,-0.03731695795937651,-0.4044215501035587
u0347,realcartest,694.0,696.0,2694.0,2696.0,30.0,not_used,10.75,9.758620689655173,0.9913793103448274,0.6549969132259791,0.0,0.21551724137931033,-0.21551724137931033,-0.20567947795363367,0.0215246507936824,0.02082077666221575,0.0007038741314666502,0.09958824908940747,0.0618860619867013,0.08804440267693456,-0.026158340690233255,-0.4956774647261215,0.004267309232418,0.003996196538222404,0.0002711126941955964,0.136501306434496,0.0044164404464779,0.008511461452481425,-0.004095021006003525,-0.6172666309579206,0.0083204410159898,0.009443994183154062,-0.0011235531671642627,-0.2466858677706378,0.0049540974449814,0.0094508077948343,-0.004496710349852899,-0.5856983657803149,0.1178135898904105,0.09917277675571064,0.01864081313469987,0.41462795574846933,0.5,0.3275862068965517,0.1724137931034483,0.6544199910036885,2.75,2.0948275862068964,0.6551724137931036,0.5959363950254156,0.2643912305287831,0.23944718517990607,0.024944045348877036,0.5272554614528094,0.3158531897468836,0.30971268965020615,0.006140500096677437,0.12279559692646615,0.589041095890411,0.5465281058101086,0.042512990080302404,0.42169487098511044
u0348,realcartest,696.0,698.0,2696.0,2698.0,30.0,not_used,8.5,9.586206896551724,-1.0862068965517242,-0.6143345440100666,0.0,0.21551724137931033,-0.21551724137931033,-0.20567947795363367,0.0272145688074902,0.020346739987517678,0.006867828819972523,0.9369107161905371,0.0613895744540625,0.088520517627326,-0.027130943173263505,-0.5159019119616505,0.0059891995320685,0.0040062695611931655,0.0019829299708753346,0.9970689849276385,0.0047263913799222,0.009019124170904887,-0.004292732790982687,-0.6294629052705607,0.0073494743632279,0.009905976088372537,-0.002556501725144637,-0.5402320747448415,0.0049623097773337,0.009999795625702454,-0.005037485848368754,-0.6422489853513784,0.1238892685845445,0.09711079732207789,0.026778471262466616,0.5866781309571772,0.75,0.3103448275862069,0.4396551724137931,1.6408981028238563,2.25,2.0258620689655173,0.22413793103448265,0.19765149096742432,0.2613286149618972,0.2351484033534203,0.02618021160847689,0.5043598580633092,0.2806822893552872,0.306740289383967,-0.026058000028679806,-0.4870415551489777,0.4657534246575342,0.5370807746811526,-0.07132735002361834,-0.6281315387485198
u0349,realcartest,698.0,700.0,2698.0,2700.0,30.0,not_used,7.75,9.35344827586207,-1.6034482758620694,-0.7807548779940965,0.0,0.21551724137931033,-0.21551724137931033,-0.20567947795363367,0.0293166132816852,0.019802998399993135,0.009513614881692067,1.22219083736631,0.0615817766006027,0.08694358888785247,-0.025361812287249777,-0.4691997439531381,0.0023326452850768,0.003995226674722404,-0.0016625813896456042,-0.8322870705315538,0.0041237365353963,0.009446352541491232,-0.005322616006094932,-0.7711512583815388,0.0073474310390553,0.009981444216023747,-0.002634013176968446,-0.5619805686925048,0.0043725202564323,0.0104374227407743,-0.006064902484341999,-0.7694582293943851,0.0416009987444176,0.09977625758770572,-0.05817525884328813,-1.2808752667748624,0.0,0.33620689655172414,-0.33620689655172414,-1.2320568460327987,0.75,2.0344827586206895,-1.2844827586206895,-1.1377029505680925,0.1637554128274262,0.2349024544377236,-0.07114704161029739,-1.3691496878595593,0.2084264838306785,0.30489769713890585,-0.09647121330822736,-1.7411880887663627,0.4246575342465753,0.5243268776570619,-0.09966934341048655,-0.7765544335141197
u0350,realcartest,700.0,702.0,2700.0,2702.0,30.0,not_used,9.0,9.129310344827585,-0.1293103448275854,-0.05598652106359229,0.0,0.21551724137931033,-0.21551724137931033,-0.20567947795363367,0.0267053965995307,0.01928908434391971,0.0074163122556109885,0.922167238215646,0.0617304088789495,0.08608397201219625,-0.024353563133246756,-0.4456180851831701,0.0019445207842281,0.004001899317675563,-0.0020573785334474627,-1.0330500456392782,0.0082514435139992,0.010511971039050945,-0.002260527525051745,-0.265234521556812,0.010340688222697,0.010192380483350394,0.0001483077393466068,0.03059646846964628,0.0090262183269742,0.011555156872577509,-0.0025289385456033087,-0.2681790932725194,0.0533870214043582,0.10283632313382154,-0.049449301729463345,-1.106114834269386,0.0,0.3620689655172414,-0.3620689655172414,-1.3150710112788138,1.0,2.0344827586206895,-1.0344827586206895,-0.9162708326722891,0.1887345018136828,0.2357958048163947,-0.04706130300271191,-0.908734546680425,0.2542661534683943,0.30593422001031373,-0.05166806654191941,-0.9399863299124646,0.4931506849315068,0.512045347189419,-0.018894662257912143,-0.13321792778334096
u0351,realcartest,702.0,704.0,2702.0,2704.0,30.0,not_used,11.0,8.956896551724139,2.043103448275861,0.8561928644819087,0.0,0.3017241379310345,-0.3017241379310345,-0.2634186278779177,0.023304168517571,0.019838704217306935,0.003465464300264065,0.39917479787617255,0.1121453623714774,0.09525355300244458,0.016891809369032826,0.24164963689861996,0.002904364375711,0.0045579496063022145,-0.0016535852305912145,-0.5257416365899458,0.0062536838363055,0.010981235282404312,-0.004727551446098812,-0.5596466681963512,0.0089523283329675,0.010860695744052306,-0.0019083674110848062,-0.3570908176495642,0.0072913220520207,0.012205247519091451,-0.004913925467070751,-0.5197837487186934,0.0964067699568724,0.10654197208399299,-0.010135202127120588,-0.22606937970255161,0.5,0.39655172413793105,0.10344827586206895,0.3566629789666584,2.25,2.086206896551724,0.1637931034482758,0.14849188931480226,0.2544987815636556,0.2370675063748784,0.017431275188777184,0.33542509439389456,0.3277970550933015,0.31049395290106613,0.017303102192235353,0.3008523680980095,0.6027397260273972,0.5073216816249408,0.09541804440245638,0.674473407520808
u0352,realcartest,704.0,706.0,2704.0,2706.0,30.0,not_used,8.0,8.767241379310345,-0.7672413793103452,-0.30786081323613984,0.0,0.3103448275862069,-0.3103448275862069,-0.2712677482364059,0.0255476205001911,0.019282969037826114,0.006264651462364986,0.7354174973445503,0.0616594180327633,0.09791569093092414,-0.03625627289816084,-0.4922639775385938,0.0034129215783934,0.004976225431541527,-0.001563303853148127,-0.4031595409559421,0.0049924549938903,0.011355383706868049,-0.006362928712977748,-0.7653820987527197,0.0078629587195125,0.011157087195277948,-0.003294128475765448,-0.6328414025523916,0.0055930610819843,0.012737093949522407,-0.007144032867538106,-0.7638445484344862,0.0660961169086205,0.1124792219224204,-0.0463831050137999,-0.9815004063239953,0.25,0.4224137931034483,-0.1724137931034483,-0.6008417681261098,1.25,2.1982758620689653,-0.9482758620689653,-0.8610584002420804,0.1691106874148531,0.2380639687121168,-0.06895328129726369,-1.3239846588705169,0.2271351872446817,0.31222933640482214,-0.08509414916014044,-1.4795700748335903,0.4383561643835616,0.49740198393953705,-0.05904581955597543,-0.40090881594272615
u0353,realcartest,706.0,708.0,2706.0,2708.0,30.0,not_used,10.25,8.431034482758621,1.818965517241379,0.6552352678131976,0.0,0.3103448275862069,-0.3103448275862069,-0.27126774823640587,0.028724402561619,0.018516130153723342,0.010208272407895659,1.1323743743549666,0.1629381864424794,0.09254049651598499,0.07039768992649441,0.9433679151790982,0.0080764537666801,0.004763122401313396,0.003313331365366704,0.8366408739945549,0.0114250033469401,0.01152817451902697,-0.00010317117208686992,-0.012621070267727704,0.0120569843353032,0.011222145248848861,0.0008348390864543389,0.16270056654361073,0.0137600734806201,0.012900567393464868,0.0008595060871552321,0.09326260572330752,0.1391187485192701,0.11106660910434164,0.02805213941492847,0.5834582703822841,0.5,0.4224137931034483,0.07758620689655171,0.27037879565674927,3.0,2.1551724137931036,0.8448275862068964,0.75251151812159,0.2436952214224165,0.2321610329457673,0.01153418847664922,0.1953178082604441,0.3608340324647261,0.3038088827535934,0.057025149711132705,0.8118568563331745,0.5616438356164384,0.4789796882380727,0.0826641473783657,0.5048744469482124
u0354,realcartest,708.0,710.0,2708.0,2710.0,30.0,not_used,9.5,8.129310344827585,1.3706896551724146,0.44565973013053534,0.0,0.3103448275862069,-0.3103448275862069,-0.27126774823640587,0.0227281460386594,0.017784991262066976,0.004943154776592424,0.5222483142657143,0.1715259830629576,0.09049732477333289,0.08102865828962472,1.0627655319222766,0.0073355137552349,0.0046972661115708995,0.0026382476436640004,0.6563525248882106,0.0196831380663531,0.011703009108292826,0.007980128958060273,0.9947888405722797,0.0181293815135145,0.011338311405310874,0.006791070108203628,1.3583215176801193,0.022849207113784,0.013076770573765642,0.009772436540018357,1.0790703133333548,0.0664941310579011,0.10939055728368165,-0.04289642622578055,-0.842830386009189,0.0,0.4224137931034483,-0.4224137931034483,-1.4720623319089685,1.0,2.1206896551724137,-1.1206896551724137,-0.9562960652968119,0.2067654196516376,0.22636706350029676,-0.019601643848659145,-0.28713948556312935,0.3394420357587481,0.29672393731806646,0.04271809844068164,0.507287037443729,0.5205479452054794,0.4624468587623996,0.05810108644307982,0.3216238642816855
u0355,realcartest,710.0,712.0,2710.0,2712.0,30.0,not_used,8.5,7.75,0.75,0.2351523127028342,0.0,0.3275862068965517,-0.3275862068965517,-0.28659866378646387,0.0222497371520902,0.01700566364576801,0.005244073506322191,0.5381912505190575,0.1603209356686986,0.08524035612301084,0.07508057954568775,0.9783701016697312,0.004289110294972,0.004547341855100224,-0.00025823156012822444,-0.06333758388918144,0.0275591142267482,0.011648310210286875,0.015910804016461326,1.9711250913894602,0.0235526623995363,0.011186170678588223,0.012366491720948076,2.3970691987843655,0.0334091727610591,0.013012149624277216,0.020397023136781885,2.237392414120342,0.0786924958813749,0.10613668362691661,-0.027444187745541707,-0.5412087415647308,0.0,0.4051724137931034,-0.4051724137931034,-1.4381766442009458,1.5,2.0086206896551726,-0.5086206896551726,-0.43616438463381807,0.2021905895549055,0.21733932218973778,-0.015148732634832296,-0.21546461868311384,0.3527065138399027,0.2856679861809076,0.0670385276589951,0.743943278595191,0.4657534246575342,0.44260746339159185,0.023145961265942372,0.12402718502717705
u0356,realcartest,712.0,714.0,2712.0,2714.0,30.0,not_used,9.0,7.525862068965517,1.474137931034483,0.44636718419196875,0.25,0.3448275862068966,-0.09482758620689657,-0.08305731559524578,0.0086544208399345,0.0162562914229857,-0.007601870583051201,-0.7617388333048982,0.0587755492370989,0.08332576811053338,-0.024550218873434483,-0.3147046173119201,0.0025950383590327,0.0043651524992287865,-0.0017701141401960867,-0.4290834572416612,0.0192361596110269,0.011635369388087392,0.007600790222939507,0.9400048142371882,0.0162903748771308,0.01118720356238867,0.005103171314742128,0.9894386995001695,0.0211944454793279,0.012991592361931177,0.008202853117396722,0.8975810977233827,0.1049191580858291,0.10624109865117423,-0.0013219405653451255,-0.02605072813083693,0.5,0.41379310344827586,0.08620689655172414,0.30714755841697555,2.5,1.9741379310344827,0.5258620689655173,0.45104822934370914,0.214600767768728,0.2153695926503485,-0.0007688248816205001,-0.010834361911030049,0.3225112401798504,0.28128804789891537,0.04122319228093502,0.4411138019827692,0.5068493150684932,0.4312706660368446,0.07557864903164857,0.3930788684696152
u0357,realcartest,714.0,716.0,2714.0,2716.0,30.0,not_used,9.5,7.232758620689655,2.267241379310345,0.6982639935928314,0.0,0.3448275862068966,-0.3448275862068966,-0.3020266021645301,0.0119676521510353,0.015687249963445424,-0.003719597812410125,-0.3630708399023683,0.2470487661811057,0.08156302195559074,0.16548574422551493,2.0930376267529818,0.0067454286938961,0.004331956857759241,0.002413471836136859,0.5823564895450734,0.0154294964301131,0.011883178452437547,0.0035463179776755536,0.4436586730096513,0.0107858034735068,0.011857473877678866,-0.0010716704041720659,-0.18107567563822785,0.0164072843268724,0.013253790577507654,0.003153493749364744,0.3490447083415315,0.1072716554682431,0.1061473595331492,0.0011242959350939025,0.022144148238063658,0.5,0.41379310344827586,0.08620689655172414,0.30714755841697555,2.5,1.9482758620689655,0.5517241379310345,0.4724566211363598,0.2357128821173321,0.21078769273308728,0.024925189384244817,0.3476610154299889,0.3653886140129413,0.2756142930927136,0.08977432092022769,0.9442928081277104,0.5205479452054794,0.41521020311761925,0.10533774208786018,0.5514871021407303
u0358,realcartest,716.0,718.0,2716.0,2718.0,30.0,not_used,12.0,6.913793103448276,5.086206896551724,1.5456257769896258,0.0,0.3448275862068966,-0.3448275862068966,-0.3020266021645301,0.003823292323536,0.015010738597388351,-0.01118744627385235,-1.0647424287731864,0.0219496934621143,0.07958544015368973,-0.05763574669157544,-0.7180846236701993,0.0068851160684067,0.004251831565503383,0.0026332845029033167,0.629084627499356,0.0070114926663611,0.01189019807411002,-0.004878705407748919,-0.6104334854835345,0.0077938216835412,0.011708581691839231,-0.003914760008298031,-0.6605727658735941,0.0073690731101224,0.01324560954289367,-0.005876536432771269,-0.6503079040112638,0.1796690022847268,0.10985655565064764,0.06981244663407915,1.298701783000732,0.75,0.4224137931034483,0.3275862068965517,1.141599359439608,4.5,1.9051724137931034,2.594827586206897,2.2011299966226634,0.3608307432306351,0.2102552530921385,0.15057549013849658,2.1082086465390097,0.3842388622173426,0.2712049425082696,0.113033919709073,1.1862013584731246,0.6575342465753424,0.39773264052905055,0.2598016060462919,1.3327078783850772
u0359,realcartest,718.0,720.0,2718.0,2720.0,30.0,not_used,9.75,6.629310344827586,3.1206896551724137,0.9326242556803123,5.75,0.3448275862068966,5.405172413793103,4.734266988929008,0.0040682236162837,0.014289863013117247,-0.010221639396833546,-0.9533971048889337,0.027697518644143,0.07757656942436952,-0.04987905078022652,-0.6125944977440607,0.0010260028604781,0.0041648183678533795,-0.0031388155073752795,-0.7397836938600322,0.0071136922068555,0.01193627194658475,-0.00482257973972925,-0.6057385217620882,0.0083328543161891,0.01193980763858067,-0.0036069533223915696,-0.6081847391634693,0.0076118962672556,0.013281562183958357,-0.005669665916702757,-0.6292078564999731,0.136671216679207,0.11059700619671765,0.026074210482489354,0.49069504125691904,0.5,0.43103448275862066,0.06896551724137934,0.24164883733207085,2.75,1.9137931034482758,0.8362068965517242,0.7128114945806855,0.3111153985580465,0.20805279105422345,0.10306260750382304,1.4267432872360999,0.4250146762726758,0.26586825600097874,0.15914642027169706,1.60363201383618,0.8493150684931506,0.3821445441662731,0.46717052432687756,2.3447740227123837
u0360,realcartest,720.0,722.0,2720.0,2722.0,30.0,not_used,6.5,6.405172413793103,0.0948275862068968,0.028617318718322682,0.0,0.3448275862068966,-0.3448275862068966,-0.3020266021645301,0.0068289642609382,0.013549751471187522,-0.006720787210249322,-0.618505639996506,0.0445891617017224,0.07558096103858464,-0.03099179933686224,-0.3757020747506718,0.0014979471159163,0.004087639033935604,-0.002589691918019304,-0.6044712393925938,0.0139107566552278,0.01174132237160316,0.0021694342836246407,0.26755350997289934,0.0061112721613505,0.011641384005547884,-0.005530111844197385,-0.9127238015080236,0.014673958691823,0.013061942905827031,0.0016120157859959693,0.17563428148496163,0.229446421488311,0.11228160894649292,0.11716481254181807,2.2187979301236944,0.75,0.4396551724137931,0.3103448275862069,1.0944322205588668,5.0,1.9051724137931034,3.094827586206897,2.6293487689996176,0.3267627984965702,0.2066056592351919,0.1201571392613783,1.656196282585086,0.3329139731574577,0.2613138241014354,0.0716001490560223,0.7091204397929985,0.3561643835616438,0.3698630136986301,-0.0136986301369863,-0.06891608515664574
u0361,realcartest,722.0,724.0,2722.0,2724.0,30.0,not_used,5.75,6.198275862068965,-0.4482758620689653,-0.13579013901500994,0.0,0.35344827586206895,-0.35344827586206895,-0.3100371845596881,0.0144844424723215,0.01278456189737136,0.0016998805749501404,0.15704386136627058,0.0892001084763561,0.07437922462940613,0.014820883846949962,0.17870194981858967,0.0032697865702676,0.0039749853811927175,-0.0007051988109251176,-0.16563613088488033,0.0244161447988855,0.011697304716532743,0.012718840082352757,1.5617105712900379,0.0153871479488216,0.01156177634902901,0.00382537159979259,0.6281464583258041,0.0266456718147823,0.01300516696222766,0.01364050485255464,1.4786947465859763,0.1055091144843359,0.11300112918178964,-0.007492014697453739,-0.13972492680732748,0.5,0.45689655172413796,0.043103448275862044,0.14303239192265566,2.0,1.9224137931034482,0.07758620689655182,0.06465290353730063,0.1691336715149583,0.20914757441878062,-0.04001390290382231,-0.5301776032322814,0.2773060352548226,0.2585138688390282,0.018792166415794398,0.18688366560999162,0.3150684931506849,0.3589985829003306,-0.043930089749645684,-0.22092068697989822
u0362,realcartest,724.0,726.0,2724.0,2726.0,30.0,not_used,4.75,5.982758620689655,-1.2327586206896548,-0.38529780894746746,0.0,0.35344827586206895,-0.35344827586206895,-0.3100371845596881,0.0097244925666929,0.012077416766205796,-0.002352924199512895,-0.2158694336738434,0.0748752887798602,0.07238728637059584,0.0024880024092643616,0.029654179190833404,0.0046611683911739,0.003839552716090718,0.000821615675083182,0.19070835598231287,0.0185851452463728,0.011766858638991483,0.006818286607381319,0.8427909166182932,0.0181591732815152,0.011629291158027064,0.006529882123488137,1.0767517385472434,0.0200320694902705,0.013058096683805236,0.0069739728064652645,0.7594725236926867,0.0531652097325395,0.11144047177883969,-0.05827526204630019,-1.0769111407348828,0.0,0.4482758620689655,-0.4482758620689655,-1.4767007690423684,0.5,1.8620689655172413,-1.3620689655172413,-1.1341985126525542,0.1218972292600797,0.20399709278493913,-0.08209986352485943,-1.0715929499294004,0.2042425672431542,0.25271894576987014,-0.048476378526715935,-0.4756448239044444,0.2602739726027397,0.3471894189891355,-0.08691544638639581,-0.44579116599557433
u0363,realcartest,726.0,728.0,2726.0,2728.0,30.0,not_used,3.75,5.844827586206897,-2.094827586206897,-0.6599704272277848,0.0,0.3793103448275862,-0.3793103448275862,-0.3326657695547462,0.0058838363807083,0.011195707814809558,-0.005311871434101258,-0.4977664478177422,0.0153639624857797,0.07060601979376634,-0.05524205730798663,-0.6525161435386654,0.0022438549754019,0.0036653747255085832,-0.0014215197501066834,-0.3290636410892973,0.0167523174658788,0.011802514336650584,0.004949803129228216,0.6140244791413749,0.0082166188301081,0.011682158448709325,-0.003465539618601224,-0.5743838768753804,0.0172565237269588,0.01309350456238735,0.004163019164571451,0.4548107043114357,0.1332344711429901,0.11418886193363419,0.019045609209355926,0.3362522587512943,0.75,0.45689655172413796,0.29310344827586204,0.9295031380834736,1.5,1.853448275862069,-0.35344827586206895,-0.2947886206283135,0.2195076336042376,0.2054797208591016,0.014027912745136012,0.17958874700832864,0.2228688766356772,0.25206943686144556,-0.029200560225768363,-0.28685131581955964,0.2054794520547945,0.3410486537553141,-0.13556920170051961,-0.6990276099335995
u0364,realcartest,728.0,730.0,2728.0,2730.0,30.0,not_used,3.5,5.836206896551724,-2.336206896551724,-0.7371427963460401,0.0,0.3793103448275862,-0.3793103448275862,-0.3326657695547462,0.0081186080762479,0.010233159654774915,-0.0021145515785270155,-0.20642149022362344,0.0362474163393576,0.06863583460534989,-0.032388418265992286,-0.3787776972418164,0.0022873856044112,0.003615833647836342,-0.0013284480434251418,-0.30587773123870005,0.0371596571231904,0.01199721671237799,0.025162440410812413,3.168786442680186,0.0167659611977661,0.011768409201930138,0.004997551995835963,0.8345082615043456,0.0391915214988166,0.013286598200288942,0.025904923298527657,2.8702046553719147,0.13517822793154,0.11923853540575112,0.015939692525788876,0.28225898602241356,0.75,0.49137931034482757,0.25862068965517243,0.8128917219051075,1.0,1.9655172413793103,-0.9655172413793103,-0.7775528239689431,0.2380438913149969,0.2118589552836582,0.0261849360313387,0.31969745259031246,0.2970955365203416,0.2557189984351065,0.041376538085235115,0.4053994539356548,0.1917808219178082,0.34057628719886635,-0.14879546528105814,-0.7679683864048875
u0365,realcartest,730.0,732.0,2730.0,2732.0,30.0,not_used,5.5,5.767241379310345,-0.2672413793103452,-0.08562490526190862,2.75,0.3793103448275862,2.3706896551724137,2.0791610597171637,0.0372598000790324,0.009424362000526964,0.027835438078505435,2.8319970372510115,0.3272063265542965,0.06732526649559598,0.2598810600587005,3.0256053155322467,0.0176715356201544,0.0035859289694080278,0.01408560665074637,3.2325448099458276,0.0161882299101274,0.012052741382404275,0.0041354885277231235,0.522161951335601,0.0240065150462624,0.011846734281313307,0.012159780764949092,2.031951801125253,0.0216514910233511,0.013335057311154011,0.00831643371219709,0.9234110886125467,0.1599537802850263,0.12071428026321578,0.03923950002181052,0.709853534283422,1.0,0.5086206896551724,0.4913793103448276,1.6147891940597099,2.25,1.9913793103448276,0.2586206896551724,0.21041365903921622,0.2622133989298961,0.21192453768933073,0.05028886124056536,0.6141207351481182,0.4057423420257025,0.2550359615741036,0.1507063804515989,1.4755271167957436,0.4520547945205479,0.33679735474728395,0.11525743977326397,0.6009305397607272
u0366,realcartest,732.0,734.0,2732.0,2734.0,30.0,not_used,4.75,5.732758620689655,-0.9827586206896548,-0.3203106617197876,0.25,0.3879310344827586,-0.13793103448275862,-0.12117735308439104,0.0140262600681068,0.009170992001294726,0.004855268066812074,0.5079347126040662,0.2362945593945268,0.07156465465072148,0.1647299047438053,1.8124075645736863,0.0169805020255354,0.003919816342634676,0.013060685682900725,2.806733316577973,0.0135923990630565,0.012545585160093867,0.001046813902962634,0.13104602905581025,0.0128344656842707,0.012668699573479273,0.0001657661107914276,0.023449662295537094,0.018396218439852,0.013844241880221892,0.004551976559630109,0.5020191659536589,0.2144078209944026,0.12182497838604514,0.09258284260835745,1.6802066802402986,0.75,0.5,0.25,0.8118441408859887,3.75,2.0,1.75,1.42072724655048,0.2578830862983167,0.21076575410175374,0.047117332196562944,0.5780286643670889,0.3364967170915994,0.2574387326011389,0.07905798449046048,0.7557371647821561,0.273972602739726,0.3353802550779405,-0.06140765233821449,-0.32324709673050667
u0367,realcartest,734.0,736.0,2734.0,2736.0,30.0,not_used,1.5,5.775862068965517,-4.275862068965517,-1.3756670687336434,0.0,0.3879310344827586,-0.3879310344827586,-0.3408113055498498,0.002105056983319,0.008582894280616656,-0.006477837297297655,-0.7162602980366493,0.0038855474953177,0.07758949367678149,-0.07370394618146378,-0.7701760008192082,0.0002597815716475,0.004067599184411094,-0.003807817612763594,-0.8097109520364458,0.0073210465336931,0.012867380057685944,-0.005546333523992844,-0.7052460851974681,0.0062416443663591,0.012966156106119515,-0.006724511739760415,-0.9549177400503908,0.0074223667537386,0.014156441057428158,-0.006734074303689558,-0.7538651543062024,0.0635607274817083,0.12252698465511866,-0.058966257173410364,-1.0816690607343653,0.25,0.5,-0.25,-0.8118441408859887,1.0,2.0,-1.0,-0.8118441408859887,0.0838771909000384,0.21204275458465896,-0.12816556368462056,-1.5795513533741872,0.0893721007132786,0.261272760319936,-0.1719006596066574,-1.629952955419631,0.0821917808219178,0.33774208786017945,-0.25555030703826165,-1.3333862318911627
u0368,realcartest,736.0,738.0,2736.0,2738.0,30.0,not_used,1.0,5.698275862068965,-4.698275862068965,-1.554455022038692,0.0,0.4827586206896552,-0.4827586206896552,-0.3976534641258172,0.0018592833940662,0.007936755920783647,-0.006077472526717448,-0.7399738582675665,0.0021041865738677,0.08001732610052577,-0.07791313952665807,-0.7895639140218368,0.0001837961041504,0.004233332687199459,-0.004049536583049059,-0.8229615378253753,0.0070830105659357,0.012765604943199704,-0.005682594377264004,-0.719187107004977,0.007229164821787,0.013110531500166389,-0.005881366678379389,-0.8324954440864887,0.0072668066700861,0.014003282883443923,-0.006736476213357823,-0.7504832192692119,0.0027625437235969,0.12247353229875932,-0.11971098857516242,-2.196588261614357,0.0,0.49137931034482757,-0.49137931034482757,-1.5784690105218775,0.0,1.956896551724138,-1.956896551724138,-1.6069009575927597,0.0440399426997242,0.21004914505949487,-0.16600920235977068,-2.0482700284211703,0.0452801662316029,0.26141755221347834,-0.21613738598187543,-2.0466983596964705,0.0547945205479452,0.338686820973075,-0.2838923004251298,-1.4723141337590846
u0369,realcartest,738.0,740.0,2738.0,2740.0,30.0,not_used,1.5,5.586206896551724,-4.086206896551724,-1.3905735544100615,0.5,0.5689655172413793,-0.06896551724137934,-0.05454432760817884,0.0026598306034914,0.007716537528959744,-0.005056706925468344,-0.6406641892159274,0.0044074478272469,0.08218234654762617,-0.07777489872037927,-0.7676454578614386,0.0008955522545721,0.004462373465696575,-0.0035668212111244755,-0.6851283630843915,0.0035257196221569,0.01245850518206713,-0.008932785559910231,-1.1453769974149015,0.0037345213951374,0.013113099170234354,-0.009378577775096954,-1.3271734525328682,0.003659842535841,0.01361170272248988,-0.00995186018664888,-1.1272779917194786,0.0634961066422866,0.12611122222979773,-0.06261511558751114,-1.156106042177139,0.25,0.5172413793103449,-0.26724137931034486,-0.8897179457919518,0.5,2.0344827586206895,-1.5344827586206895,-1.2515984045219608,0.0752785580750811,0.21089122304553912,-0.135612664970458,-1.6714072890707736,0.0843439417634838,0.262272047912831,-0.17792810614934718,-1.6733795808852014,0.1095890410958904,0.3372697213037317,-0.22768068020784127,-1.188151180023194
u0370,realcartest,740.0,742.0,2740.0,2742.0,30.0,not_used,2.75,5.482758620689655,-2.732758620689655,-0.946753863224754,0.5,0.7586206896551724,-0.2586206896551724,-0.16728740127955144,0.0026626863212889,0.0072898172317512715,-0.004627130910462371,-0.6239597318671374,0.0052008274446398,0.07844325952841699,-0.07324243208377719,-0.7297983335595652,0.0007278928669947,0.004377399139387952,-0.0036495062723932523,-0.698034454809022,0.0027356608162112,0.011697985714493674,-0.008962324898282473,-1.2190472487851165,0.0043988938983353,0.012599984536440349,-0.008201090638105049,-1.2014370865064066,0.0027503734570069,0.012691714652993666,-0.009941341195986766,-1.2310919673511937,0.1250944598811764,0.12697102772332106,-0.0018765678421446552,-0.03501338563295328,0.5,0.5258620689655172,-0.025862068965517238,-0.08956221510397981,1.5,2.060344827586207,-0.5603448275862069,-0.4584062365719312,0.164325634607314,0.2124661373302218,-0.04814050272290779,-0.5914393699662756,0.1499766154642247,0.26122109968436835,-0.11124448422014366,-1.0536758557378538,0.1780821917808219,0.34199338686820974,-0.16391119508738783,-0.8347281115402732
u0371,realcartest,742.0,744.0,2742.0,2744.0,30.0,not_used,3.75,5.353448275862069,-1.6034482758620694,-0.570836895471891,0.0,0.896551724137931,-0.896551724137931,-0.5374838498865699,0.0030079307301029,0.0073445095078178415,-0.004336578777714942,-0.5835443254100571,0.009901654583195,0.07856593963539743,-0.06866428505220243,-0.6843306414615202,0.0015027470789392,0.004309695947947296,-0.0028069488690080956,-0.5332859351545536,0.0123496602486801,0.011353832297527955,0.0009958279511521444,0.13786026340765464,0.0275265323760244,0.012350021116640224,0.015176511259384174,2.2255973328934355,0.0133133373634251,0.01235122286826159,0.0009621144951635109,0.12153844264953605,0.090304684569267,0.12560807999261964,-0.03530339542335263,-0.6462067333456848,0.25,0.5086206896551724,-0.2586206896551724,-0.8498890495051102,1.5,2.0172413793103448,-0.5172413793103448,-0.4211589393419343,0.1352422324420277,0.21172607581740024,-0.07648384337537253,-0.9387946503905574,0.1693023099253855,0.2598061959345036,-0.0905038860091181,-0.8617765372613204,0.2054794520547945,0.3424657534246575,-0.136986301369863,-0.6961506075909134
u0372,realcartest,744.0,746.0,2744.0,2746.0,30.0,not_used,2.0,5.310344827586207,-3.3103448275862073,-1.2019971622805572,0.0,0.896551724137931,-0.896551724137931,-0.5374838498865699,0.001515644452249,0.007322993692688293,-0.005807349240439293,-0.7827751841009251,0.0036275312796674,0.07264057593241412,-0.06901304465274671,-0.7252837825972552,0.0009687332067209,0.0041697655711246924,-0.0032010323644037922,-0.6096265894272204,0.0106797645573017,0.011196781916697483,-0.0005170173593957838,-0.07198257728910774,0.0093076718259423,0.012808848618090906,-0.0035011767921486053,-0.49046008086355225,0.0110289088880552,0.012229951961221142,-0.0012010430731659427,-0.15241812446448588,0.2038288664404551,0.12513588135843073,0.07869298508202435,1.434774445149988,0.75,0.5086206896551724,0.24137931034482762,0.7932297795381031,1.0,1.9827586206896552,-0.9827586206896552,-0.8002019847496755,0.2391577371512905,0.21049717891146896,0.028660558239821526,0.3522342507397182,0.2047199090676344,0.25666690642747797,-0.051946997359843566,-0.5035509558393266,0.1095890410958904,0.34010392064241846,-0.23051487954652805,-1.1819549852193247
u0373,realcartest,746.0,748.0,2746.0,2748.0,30.0,not_used,2.0,5.163793103448276,-3.163793103448276,-1.268022590960105,0.0,0.896551724137931,-0.896551724137931,-0.5374838498865698,0.0010452277820172,0.007555635217687069,-0.006510407435669868,-0.8784423798488378,0.0027924818762888,0.0745806701405624,-0.07178818826427359,-0.7582816320141165,0.0001866684876339,0.0040737942492737106,-0.0038871257616398106,-0.7438512681271291,0.0072643328105753,0.011553014964212464,-0.004288682153637164,-0.593819294692953,0.0152891548806949,0.013328102062793234,0.001961052817901666,0.26861136732169766,0.0073232047601335,0.012635792962813645,-0.005312588202680144,-0.6706044742593291,0.07633656091746,0.12448623364712018,-0.048149672729660184,-0.8866352029591165,0.5,0.5086206896551724,-0.008620689655172376,-0.02832963498350355,1.25,1.9224137931034482,-0.6724137931034482,-0.5882814677722152,0.1507089133193934,0.20657668699826492,-0.055867773678871524,-0.7290475368287433,0.1191519913577621,0.2546755841142861,-0.13552359275652398,-1.3389188057365737,0.1095890410958904,0.3320736891828058,-0.22248464808691537,-1.1936105665475178
u0374,realcartest,748.0,750.0,2748.0,2750.0,30.0,not_used,3.75,5.137931034482759,-1.387931034482759,-0.5662979110818003,0.0,0.6982758620689655,-0.6982758620689655,-0.49895542400099896,0.0010751630951149,0.007764414282009803,-0.006689251186894903,-0.9045164663341945,0.003792170442935,0.07536381143673357,-0.07157164099379856,-0.7583782081010724,0.0007231922100243,0.004083354841378997,-0.0033601626313546967,-0.6436671260375235,0.0029564322060531,0.012169367457500038,-0.009212935251446938,-1.2168217793159795,0.0048876710684973,0.013736825388907204,-0.008849154320409905,-1.2053954042675221,0.0030529787694431,0.013295664554712996,-0.010242685785269896,-1.2391840479440202,0.1254338327810538,0.12291075205502545,0.0025230807260283455,0.04621728767307669,0.5,0.5086206896551724,-0.008620689655172376,-0.028329634983503552,1.25,1.896551724137931,-0.646551724137931,-0.5709409552737491,0.1706481922753974,0.20328661585273766,-0.03263842357734026,-0.44059552278256386,0.1595457337777905,0.2513561703452163,-0.0918104365674258,-0.9458016194661891,0.2054794520547945,0.319792158715163,-0.11431270666036847,-0.7053924783328107
u0375,realcartest,750.0,752.0,2750.0,2752.0,30.0,not_used,3.5,5.198275862068965,-1.6982758620689653,-0.6780537637982382,0.25,0.7068965517241379,-0.4568965517241379,-0.3273101897827528,0.0026661745747632,0.00795679535918137,-0.0052906207844181695,-0.711011522193193,0.0268596079745664,0.07644875152266374,-0.04958914354809734,-0.5264505278436887,0.0034104073844487,0.004100288019446342,-0.0006898806349976416,-0.13234563321670922,0.0044793118957139,0.01230744763997976,-0.007828135744265859,-1.024889442050272,0.0080799010467971,0.014482267393301261,-0.006402366346504162,-0.8400577540150614,0.0046838865422503,0.013491329093459731,-0.008807442551209431,-1.0531976826407836,0.1832897443099738,0.1204493923653356,0.0628403519446382,1.2264149110181124,1.0,0.5086206896551724,0.4913793103448276,1.6147891940597094,3.75,1.8362068965517242,1.9137931034482758,1.904474689926001,0.3298292958413148,0.200888341393407,0.12894095444790782,1.813313807838604,0.2342470466164886,0.25170217482140395,-0.01745512820491535,-0.17924932819123346,0.2054794520547945,0.3235710911667454,-0.11809163911195086,-0.719526507036025
u0376,realcartest,752.0,754.0,2752.0,2754.0,30.0,not_used,4.5,5.258620689655173,-0.7586206896551726,-0.298898145733363,0.0,0.7068965517241379,-0.7068965517241379,-0.506404444569542,0.0010174419898811,0.007850580820360614,-0.006833138830479514,-0.9273226251834269,0.0041198524812029,0.07510041635814693,-0.07098056387694403,-0.7528466549147153,0.00033976194446,0.004075442929052645,-0.003735680984592645,-0.7158763827156326,0.0064335041977814,0.012158082731841728,-0.005724578534060328,-0.7694788800084837,0.0102783704769334,0.01474280312606343,-0.00446443264913003,-0.5741735201150853,0.006489059370731,0.013296165420971999,-0.006807106050240999,-0.8387575328670503,0.0725545252048624,0.11975607220536841,-0.04720154700050601,-0.9152644887139045,0.25,0.49137931034482757,-0.24137931034482757,-0.7586989404447668,1.0,1.793103448275862,-0.7931034482758621,-0.7748347221471907,0.115027263147382,0.20106917720812947,-0.08604191406074747,-1.211285512642312,0.1478004207412989,0.25159519998855023,-0.10379477924725133,-1.0661741268712488,0.2465753424657534,0.32687765706188004,-0.08030231459612663,-0.4870240543750341
u0377,realcartest,754.0,756.0,2754.0,2756.0,30.0,not_used,4.5,5.396551724137931,-0.8965517241379306,-0.3429524091429144,0.75,0.7068965517241379,0.0431034482758621,0.03087831979082576,0.0016450092169993,0.00784577565783029,-0.00620076644083099,-0.8416381869475718,0.0097328437260067,0.07427159458434442,-0.06453875085833771,-0.683768652189293,0.0009380378051866,0.004021706743607324,-0.0030836689384207243,-0.5907357905882379,0.0057604066120361,0.012109672898668428,-0.006349266286632328,-0.8577717259369833,0.0088826257930134,0.01480748146585209,-0.005924855672838691,-0.7585004903612683,0.005989138256215,0.01320993831248599,-0.007220800056270989,-0.8962426757281658,0.2035925830735847,0.12287680699414476,0.08071577607943993,1.6089554901881973,1.0,0.5172413793103449,0.48275862068965514,1.5701620314577236,2.0,1.8793103448275863,0.1206896551724137,0.11875499398728627,0.3043248291126084,0.20597954059538123,0.09834528851722715,1.398756637087473,0.2618465310109746,0.2559772420933367,0.005869288917637883,0.05990261002318416,0.2876712328767123,0.33443552196504495,-0.04676428908833263,-0.2805782532758821
u0378,realcartest,756.0,758.0,2756.0,2758.0,30.0,not_used,7.5,5.482758620689655,2.017241379310345,0.7759582992429841,0.0,0.7241379310344828,-0.7241379310344828,-0.5209058171374572,0.0014027166406806,0.008007938005258824,-0.006605221364578224,-0.8957106804580125,0.0044464061365255,0.07635466436127046,-0.07190825822474496,-0.767200845562916,0.0008959540325818,0.00406587549006491,-0.0031699214574831096,-0.6084036574663062,0.0097701054314911,0.012165959726987328,-0.0023958542954962293,-0.3218837706009856,0.0098487028824588,0.01539177694883287,-0.00554307406637407,-0.6990654173991582,0.0099722357555785,0.013300066684249937,-0.003327830928671437,-0.41003780117752564,0.1880415294358088,0.12154992877892584,0.06649160065688295,1.3197104147008771,1.0,0.5,0.5,1.6236882817719773,4.0,1.8793103448275863,2.1206896551724137,2.0866948943480317,0.3487532111395673,0.2031377537443912,0.14561545739517612,2.0405052518221343,0.3142637694668437,0.2572128750915457,0.05705089437529798,0.5834561649805249,0.410958904109589,0.3401039206424185,0.07085498346717051,0.4294874767620169
u0379,realcartest,758.0,760.0,2758.0,2760.0,30.0,not_used,7.0,5.568965517241379,1.431034482758621,0.5559961357232592,0.0,0.7413793103448276,-0.7413793103448276,-0.5356202584740611,0.0032502646263401,0.008409422167150772,-0.005159157540810672,-0.6717665740561558,0.0237239336960857,0.07783416600635178,-0.05411023231026608,-0.5792057528565109,0.001077285109807,0.004140744577320172,-0.0030634594675131716,-0.5891582703186594,0.0098616589447615,0.0114503587080347,-0.0015886997632731988,-0.2725841068102956,0.0126121155248089,0.015724069675865343,-0.0031119541510564435,-0.3805317443183165,0.0104315325420612,0.012676652112548587,-0.0022451195704873868,-0.33667912059406163,0.0961836222708335,0.12080355904064775,-0.02461993676981425,-0.4891083941289787,0.5,0.49137931034482757,0.008620689655172431,0.028329634983503736,1.75,1.8879310344827587,-0.13793103448275867,-0.1365876003508235,0.1906363915781865,0.20035199042349464,-0.009715598845308149,-0.13584049292889003,0.2344580844993105,0.2561340365933157,-0.02167595209400519,-0.2223011117538255,0.3835616438356164,0.3457723193197922,0.03778932451582423,0.2324226567526205
u0380,realcartest,760.0,762.0,2760.0,2762.0,30.0,not_used,10.0,5.586206896551724,4.413793103448276,1.714110643167064,0.25,0.6724137931034483,-0.4224137931034483,-0.31732663284714757,0.015956438539836,0.007735050805448079,0.008221387734387919,1.4354249218523087,0.2350876188701174,0.06930567046054936,0.16578194840956803,2.05459544825281,0.0125870981992838,0.0037412045604420757,0.008845893638841723,1.9445220578775468,0.0205461533893036,0.011308781450637649,0.009237371938665952,1.6034428514082248,0.0327893218057806,0.015574939934368462,0.017214381871412138,2.1346789363321546,0.0220576745549893,0.01253398550529405,0.00952368904969525,1.461262979580763,0.1286170155189241,0.11759418603307517,0.011022829485848928,0.21739733254610408,0.25,0.45689655172413796,-0.20689655172413796,-0.6865554812287475,2.5,1.853448275862069,0.646551724137931,0.6376573613707733,0.2208940575239229,0.1956868854395641,0.025207172084358798,0.35133517904405803,0.3974774148773252,0.2501093055504169,0.1473681093269083,1.5780236831758747,0.5616438356164384,0.3429381199811054,0.21870571563533298,1.3548556809438093
u0381,realcartest,762.0,764.0,2762.0,2764.0,30.0,not_used,9.25,5.603448275862069,3.6465517241379306,1.4183455127450486,0.0,0.75,-0.75,-0.5477225575051661,0.0084927866005271,0.007845952465685526,0.0006468341348415743,0.11005423667632086,0.2363797497885038,0.0641035805677176,0.1722761692207862,2.3164610508305055,0.0076986239899095,0.0033266943485816347,0.004371929641327865,1.146942781013973,0.0143245070240605,0.011227940096371628,0.003096566927688872,0.5390231791614738,0.0164891981660796,0.015596478578481045,0.0008927195875985568,0.11079171880588608,0.014646837220966,0.01250623575351027,0.0021406014674557293,0.3296230558727034,0.0864542987117524,0.11417421867934802,-0.02771991996759561,-0.5861941800815754,0.25,0.4482758620689655,-0.19827586206896552,-0.6689891862376227,1.25,1.7758620689655173,-0.5258620689655173,-0.5535855185707746,0.2061437014191054,0.19189042531621503,0.014253276102890372,0.19999957723076367,0.3383219910897984,0.2480090126692936,0.09031297842050479,0.9806257355214261,0.5068493150684932,0.3481341521020312,0.158715162966462,0.9824813402570118
u0382,realcartest,764.0,766.0,2764.0,2766.0,30.0,not_used,8.0,5.672413793103448,2.3275862068965516,0.9365069331316547,2.75,0.8189655172413793,1.9310344827586206,1.3991804077744245,0.0099863901264618,0.008411815094777545,0.0015745750316842558,0.258814914886883,0.2333453267310634,0.06680231762040076,0.16654300911066264,2.2642965109498587,0.0128827253475427,0.0035709836522220175,0.009311741695320683,2.4284892317493,0.0084735250268391,0.011502400699832886,-0.003028875672993786,-0.5275228814371873,0.0162438707626625,0.01679900329219411,-0.0005551325295316094,-0.06096437225960558,0.0093184864350773,0.01301724291969384,-0.0036987564846165406,-0.5557862660817645,0.1375686301848493,0.11471706866925951,0.022851561515589786,0.4883692919681588,0.25,0.4482758620689655,-0.19827586206896552,-0.6689891862376227,1.75,1.7844827586206897,-0.034482758620689724,-0.03653006119817792,0.1858805451926573,0.1938650907693299,-0.007984545576672608,-0.11571174557172882,0.3650329973774532,0.2529974321926583,0.1120355651847949,1.2854762442844792,0.589041095890411,0.3556920170051961,0.2333490788852149,1.5165222678544197
u0383,realcartest,766.0,768.0,2766.0,2768.0,30.0,not_used,6.25,5.758620689655173,0.4913793103448274,0.20802365547219598,2.5,0.8879310344827587,1.6120689655172413,1.1619166016434146,0.0163418126757662,0.009246838682618058,0.007094973993148143,1.0507574630658167,0.2343115760288689,0.0696158783433331,0.1646956976855358,2.2692485061840277,0.0139776963316513,0.003687131875218773,0.010290564456432526,2.7219008812723686,0.0107772449935084,0.011493260370488865,-0.0007160153769804646,-0.1245475939595103,0.0182038439454855,0.01701836403654145,0.0011854799089440482,0.13248655996238204,0.0114933824461167,0.013228802563453261,-0.0017354201173365603,-0.264314028211212,0.171987139058015,0.11606150194631996,0.05592563711169503,1.2700439217587485,0.75,0.4482758620689655,0.3017241379310345,1.0180270225355126,3.25,1.8103448275862069,1.4396551724137931,1.592282524040139,0.2311856812469208,0.19560879637346282,0.035576884873457976,0.5410251782749663,0.3642224110399757,0.25763270484925244,0.10658970619072328,1.3459061275856379,0.4794520547945205,0.3641946150212565,0.11525743977326403,0.8033534052749994
u0384,realcartest,768.0,770.0,2768.0,2770.0,30.0,not_used,5.5,5.896551724137931,-0.3965517241379306,-0.17846087572956965,5.5,0.896551724137931,4.603448275862069,3.321964616971209,0.0098748485330445,0.009872585314565217,2.263218479282153e-06,0.0003256079226395621,0.0518874121116325,0.07224320575138464,-0.020355793639752137,-0.2845341743981773,0.0018248548320219,0.003985179001952431,-0.0021603241699305314,-0.5556379798817608,0.005504049667118,0.011775145315486304,-0.006271095648368304,-1.1302814857822163,0.0086723380195101,0.017696344604364006,-0.009024006584853906,-1.0425349380769122,0.0067295187456689,0.013705847141070086,-0.006976328395401186,-1.098240228555608,0.1036268551935516,0.11971805100336748,-0.016091195809815884,-0.3663735215208153,0.25,0.45689655172413796,-0.20689655172413796,-0.7034524581126591,2.25,1.8879310344827587,0.3620689655172413,0.4092548785780744,0.2478631038107019,0.19904000720972861,0.04882309660097328,0.7891087215741371,0.3222290152144861,0.26423538890250226,0.05799362631198385,0.8038978887715084,0.6027397260273972,0.3722248464808692,0.23051487954652805,1.704003685524453
u0385,realcartest,770.0,772.0,2770.0,2772.0,30.0,not_used,5.25,6.068965517241379,-0.818965517241379,-0.3783689615520672,4.25,0.9051724137931034,3.344827586206897,2.416706799897926,0.010240496845865,0.01028216405587892,-4.166721001391989e-05,-0.006071075170721838,0.0623332723395314,0.07472381166043324,-0.012390539320901839,-0.17597347801723479,0.0006316458072537,0.004341508230512094,-0.003709862423258394,-0.9174726162574226,0.0092557105190211,0.012145189217822898,-0.002889478698801797,-0.5467705566821321,0.0090414357029272,0.01850931256412564,-0.009467876861198439,-1.117288473953367,0.0113201837220977,0.01424953451516088,-0.00292935079306318,-0.48344499576603744,0.0653936738954874,0.1254323133427287,-0.06003863944724129,-1.1139860434275062,0.0,0.47413793103448276,-0.47413793103448276,-1.5277777777777777,1.25,2.0086206896551726,-0.7586206896551726,-0.7243350375430325,0.1931389838969048,0.20554837700494455,-0.012409393108039762,-0.18372243645485192,0.2814790314337718,0.2732398982033422,0.008239133230429574,0.11194596297760724,0.5205479452054794,0.38214454416627297,0.13840340103920645,1.055200038852464
u0386,realcartest,772.0,774.0,2772.0,2774.0,30.0,not_used,8.25,6.293103448275862,1.956896551724138,0.8706333060671535,0.0,0.9310344827586207,-0.9310344827586207,-0.6776789503480699,0.0113436935122784,0.010575454020919034,0.0007682394913593668,0.11421114279530777,0.0752132187945891,0.07717821781500082,-0.001964999020411723,-0.028338002417243005,0.0026874477660406,0.004435487348583045,-0.0017480395825424455,-0.43613621656680673,0.0108750353860294,0.012100504390453338,-0.0012254690044239385,-0.23173707532394894,0.0240918010155765,0.018272151752848294,0.005819649262728207,0.7000654530775302,0.0128904280226994,0.01428351309656835,-0.0013930850738689497,-0.23000564158664444,0.0935778950767658,0.12712129138910627,-0.033543396312340476,-0.6265777382956471,0.5,0.4827586206896552,0.017241379310344807,0.05607721540920436,1.5,2.0775862068965516,-0.5775862068965516,-0.5362918221484749,0.2000748718453239,0.20951496472955883,-0.009440092884234919,-0.14159221192670773,0.2743492183091988,0.2796834747306847,-0.005334256421485939,-0.07369041467853252,0.4520547945205479,0.39584317430325927,0.05621162021728865,0.4234955895874962
u0387,realcartest,774.0,776.0,2774.0,2776.0,30.0,not_used,7.75,6.620689655172414,1.1293103448275863,0.49315075233795314,0.0,0.9568965517241379,-0.9568965517241379,-0.701997561216507,0.0105698965485005,0.010808599012338969,-0.000238702463838468,-0.0365967427448799,0.0782124254984147,0.07974722778286353,-0.0015348022844488274,-0.022592299485202826,0.0041019477347282,0.0044605208530404655,-0.0003585731183122654,-0.08990171293659481,0.0173422510442956,0.012072727519120814,0.005269523525174787,0.9946844221467785,0.0228521715799087,0.018910167338726334,0.003942004241182365,0.4743384355827799,0.019138462156305,0.014305692794924888,0.0048327693613801105,0.799339651842857,0.1608292186567202,0.12460303448258996,0.036226184174130246,0.7027725561132118,0.75,0.4827586206896552,0.2672413793103448,0.8691968388426685,2.75,2.146551724137931,0.603448275862069,0.5640760748177661,0.2471364777477192,0.21141677832954964,0.035719699418169576,0.5233104307854567,0.3264905151347776,0.28566436034680187,0.040826154787975744,0.5584338835725685,0.4246575342465753,0.41521020311761925,0.009447331128956071,0.07238873467032779
u0388,realcartest,776.0,778.0,2776.0,2778.0,30.0,not_used,9.0,6.836206896551724,2.163793103448276,1.0140772668074303,0.0,0.9827586206896551,-0.9827586206896551,-0.7270147952037118,0.010122816481643,0.011165035104993297,-0.0010422186233502977,-0.16658905473108293,0.0504086162331077,0.08227926013266403,-0.03187064389955632,-0.48019853850934524,0.0013032600315314,0.004579337109617245,-0.003276077078085845,-0.837878978693252,0.0249879145121951,0.012392400244466754,0.012595514267728345,2.3866201088091823,0.0201858307734943,0.019213267943146407,0.0009725628303478943,0.11670940754446614,0.0267481724323368,0.014710774308924103,0.012037398123412696,2.0205643572341825,0.0909822505084595,0.12448260415483957,-0.03350035364638007,-0.6484262214259479,0.5,0.46551724137931033,0.03448275862068967,0.10783277320343845,2.0,2.1379310344827585,-0.13793103448275845,-0.1279549677756199,0.2157033353377542,0.2122743777518633,0.0034289575858909016,0.05069233535035244,0.3287516769696514,0.2916519670409562,0.03709970992869521,0.5622043755703918,0.4931506849315068,0.4284364666981577,0.06471421823334911,0.5499657911933271
u0389,realcartest,778.0,780.0,2778.0,2780.0,30.0,not_used,8.25,7.077586206896552,1.1724137931034484,0.5411159619673459,0.25,1.0,-0.75,-0.5587494581096245,0.0124080154989136,0.011474868001825152,0.0009331474970884473,0.15644883206315882,0.0760524241936973,0.08481755773655585,-0.008765133542858544,-0.13546043577184713,0.0019890092798693,0.004620494206930425,-0.0026314849270611253,-0.6790428823185555,0.0179150819471397,0.013043558745714522,0.004871523201425178,0.9300433184932682,0.0277290902887782,0.02007027203371323,0.00765881825506497,0.9466678974198551,0.0203482303154783,0.015432437059204773,0.004915793256273528,0.8525392354070681,0.1580669904873052,0.12403150504070204,0.03403548544660315,0.6581877111157325,0.75,0.46551724137931033,0.28448275862068967,0.8896203789283669,3.25,2.1810344827586206,1.0689655172413794,1.0022840764575145,0.2572128391759824,0.21462316615076069,0.042589673025221736,0.6324737319708208,0.342948102966901,0.2992022058374224,0.04374589712947857,0.6955239561285329,0.4657534246575342,0.4426074633915919,0.023145961265942316,0.20184273422885424
u0390,realcartest,780.0,782.0,2780.0,2782.0,30.0,not_used,7.5,7.293103448275862,0.2068965517241379,0.09804661113575239,0.0,1.0172413793103448,-1.0172413793103448,-0.7615598086948,0.0114042208465196,0.011726571113469041,-0.00032235026694944074,-0.05618597936498544,0.050098388705369,0.08661145318310012,-0.03651306447773112,-0.5724020996806237,0.0025492789488504,0.004679951144222822,-0.002130672195372422,-0.550634387075762,0.0200845624628826,0.013556411707422599,0.006528150755460002,1.2798755136352546,0.0229426841989245,0.020542392369623547,0.002400291829300953,0.3089198198903156,0.0209859253126381,0.015997245910602066,0.004988679402036032,0.9102283931617725,0.0854028298452874,0.12212241845690255,-0.03671958861161516,-0.7271834272691206,0.0,0.4482758620689655,-0.4482758620689655,-1.4767007690423684,0.75,2.1551724137931036,-1.4051724137931036,-1.3552311458170383,0.1743779101419098,0.21097746721460278,-0.036599557072692995,-0.5739331548845422,0.2742037651020648,0.3035709564444577,-0.029367191342392907,-0.46888230724803664,0.410958904109589,0.45536136041568254,-0.04440245630609352,-0.41127715161445694
u0391,realcartest,782.0,784.0,2782.0,2784.0,30.0,not_used,8.75,7.482758620689655,1.2672413793103452,0.6040948524351758,0.0,1.0603448275862069,-1.0603448275862069,-0.8018859527793685,0.0095851428533135,0.012009370520893082,-0.002424227667579583,-0.4494112271657832,0.0508394573395869,0.08889141580645016,-0.03805195846686326,-0.6141843882505742,0.0031028190132596,0.004789186595050149,-0.0016863675817905487,-0.44503358244298,0.0171812600843471,0.013913816371623911,0.003267443712723188,0.6601043562998099,0.0200348451353864,0.021294081576503362,-0.0012592364411169628,-0.16154355241838927,0.0175314833441762,0.01644575421124991,0.0010857291329262886,0.208403556953988,0.1436665186070534,0.12280227650038154,0.020864242106671857,0.41767323796157674,0.75,0.4482758620689655,0.3017241379310345,0.9939332099323633,3.0,2.189655172413793,0.8103448275862069,0.7989662443892467,0.2642977674903805,0.21414032669233357,0.050157440798046904,0.8201918680607807,0.3313217882819632,0.3104185096534027,0.020903278628560507,0.37528834347625933,0.4794520547945205,0.46811525743977334,0.011336797354747186,0.10866293739517137
u0392,realcartest,784.0,786.0,2784.0,2786.0,30.0,not_used,6.25,7.767241379310345,-1.5172413793103452,-0.6806079320509201,0.5,1.0775862068965518,-0.5775862068965518,-0.43709701027446424,0.0105865444561358,0.012321906111398424,-0.0017353616552626232,-0.34463911755380505,0.075772986016635,0.09125688392477668,-0.015483897908141683,-0.2573285794708425,0.0035247486226719,0.0049713836590209275,-0.0014466350363490275,-0.38822767218478754,0.0183846354871269,0.01432629125606345,0.0040583442310634515,0.8548326267430557,0.0251611878365507,0.02170266113878714,0.0034585266977635587,0.4651038302518633,0.0198702465081133,0.016941428167161657,0.0029288183409516416,0.6021904887358753,0.0947550029016423,0.12247195700569637,-0.027716954104054073,-0.5605353478049845,0.25,0.4482758620689655,-0.19827586206896552,-0.6531561093841245,1.5,2.2327586206896552,-0.7327586206896552,-0.7102595649689908,0.137095814925526,0.21541602705941623,-0.07832021213389023,-1.235975761431626,0.2587022335837358,0.3176673839791392,-0.0589651503954034,-0.9479100917859095,0.3698630136986301,0.4846480869154463,-0.11478507321681619,-1.023741111202766
u0393,realcartest,786.0,788.0,2786.0,2788.0,30.0,not_used,6.0,7.913793103448276,-1.9137931034482758,-0.8165960021251634,0.5,1.206896551724138,-0.7068965517241379,-0.5080931434313047,0.0197616487711144,0.012617343519004714,0.007144305252109687,1.5463171497438395,0.0791529640467154,0.09376692816933004,-0.014613964122614634,-0.2520680947375372,0.0044585891348138,0.004992366512907666,-0.0005337773780938661,-0.14407342608089163,0.0164072275735642,0.01460845080081851,0.0017987767727456888,0.38179406020492734,0.0264024502817078,0.021960171756052783,0.004442278525655017,0.6217615448213082,0.0211124989194774,0.01730095771821462,0.0038115412012627824,0.807813857989996,0.1135335055214758,0.11929271294782372,-0.005759207426347918,-0.11979842762330016,0.5,0.4224137931034483,0.07758620689655171,0.27037879565674927,1.25,2.163793103448276,-0.9137931034482758,-0.9356746163538642,0.1572567550089973,0.21200853984937465,-0.05475178484037735,-0.9346236634537513,0.2658092200716703,0.3219695086224966,-0.05616028855082633,-0.8506731828061436,0.3561643835616438,0.49976381672177617,-0.14359943316013235,-1.1098291062480317
u0394,realcartest,788.0,790.0,2788.0,2790.0,30.0,not_used,6.0,8.086206896551724,-2.086206896551724,-0.8509950124724034,0.75,1.3017241379310345,-0.5517241379310345,-0.39423638439585107,0.0177030305896543,0.012735019532906554,0.004968011056747745,1.1241833645690351,0.0798799557260267,0.09475189740675435,-0.014871941680727654,-0.2608538443049629,0.0060848751306896,0.004990596478585623,0.0010942786521039765,0.295210033065797,0.0120824894456129,0.014796726658195643,-0.0027142372125827426,-0.5867030509279818,0.0196817525428528,0.022306515372830706,-0.002624762829977905,-0.3791296909127262,0.0175141594129695,0.01750504763953516,9.111773434340026e-06,0.0020063437603174026,0.0668819630654215,0.11999100150416483,-0.05310903843874333,-1.1092092143156784,0.0,0.41379310344827586,-0.41379310344827586,-1.43555665093099,1.25,2.1982758620689653,-0.9482758620689653,-0.9685710828982886,0.1269253543959119,0.21424324178257806,-0.08731788738666615,-1.481003406353217,0.2310251417816373,0.3282985840034607,-0.09727344222182338,-1.4710852075145415,0.3698630136986301,0.514407179971658,-0.14454416627302785,-1.0393144002797217
u0395,realcartest,790.0,792.0,2790.0,2792.0,30.0,not_used,5.25,8.137931034482758,-2.887931034482758,-1.152162365670635,2.5,1.3017241379310345,1.1982758620689655,0.8562321473597391,0.0172424082149928,0.01246356519913709,0.004778843015855709,1.0727792575934478,0.0854339525024054,0.08839384657591173,-0.0029598940735063306,-0.058072853658707374,0.0049597058815826,0.004585909030818699,0.0003737968507639012,0.10711692473473931,0.0112479997893419,0.01499598492282071,-0.0037479851334788084,-0.7525350345602106,0.0134590863635356,0.021887113575048904,-0.008428027211513305,-1.269681474384399,0.0175914756381224,0.01767955698383531,-8.808134571290996e-05,-0.01833965453295883,0.1152287677363147,0.11909446809104875,-0.0038657003547340474,-0.08061345564481034,0.5,0.4224137931034483,0.07758620689655171,0.27037879565674927,1.5,2.189655172413793,-0.6896551724137931,-0.7055650420937581,0.1477857427211925,0.21542917357935013,-0.06764343085815763,-1.1383087450950247,0.275588223539025,0.3281337988765917,-0.05254557533756671,-0.7966673266340273,0.4246575342465753,0.5172413793103449,-0.09258384506376954,-0.6573850858353979
u0396,realcartest,792.0,794.0,2792.0,2794.0,30.0,not_used,3.5,8.198275862068966,-4.698275862068966,-1.840145405885008,2.0,1.3017241379310345,0.6982758620689655,0.49895542400099907,0.0185150732269875,0.01248743911674119,0.006027634110246311,1.359073448056981,0.0821489220231295,0.08196479128940938,0.000184130733720117,0.004278294312331733,0.0073441713772186,0.004362065342081051,0.002982106035137549,0.8542346562272634,0.0152804040340696,0.015418968666620932,-0.0001385646325513315,-0.025622032171460172,0.041114861064038,0.022244684315966833,0.018870176748071166,2.85187529220853,0.0222415745730621,0.018137470897166916,0.004104103675895185,0.8024090004336942,0.0793033771891417,0.11979823248965851,-0.040494855300516816,-0.8504118327105523,0.25,0.4224137931034483,-0.1724137931034483,-0.6008417681261097,1.25,2.2241379310344827,-0.9741379310344827,-1.0134631047095224,0.1411424890403705,0.21667338976229267,-0.07553090072192217,-1.2674127261896495,0.2340362668908565,0.32955659971815005,-0.09552033282729355,-1.434173837933424,0.3013698630136986,0.5205479452054794,-0.2191780821917808,-1.5470276819158078
u0397,realcartest,794.0,796.0,2794.0,2796.0,30.0,not_used,3.5,8.301724137931034,-4.801724137931034,-1.8444315313539013,2.0,1.206896551724138,0.7931034482758621,0.5700557218985369,0.0260749674414411,0.01245418536413164,0.01362078207730946,3.055841674805698,0.0836974475389056,0.07568759803499972,0.008009849503905875,0.24659138459680094,0.0035520945710563,0.003940004941505776,-0.0003879103704494758,-0.12277752113118716,0.006817941014959,0.01621281641942085,-0.00939487540446185,-1.5687580259554412,0.0135906264078599,0.022642548365195112,-0.009051921957335212,-1.3734154825744214,0.0134020363391093,0.01892703391828722,-0.005524997579177919,-1.0139807840490016,0.0417511087583498,0.11839402158433235,-0.07664291282598254,-1.6076596300851227,0.0,0.4224137931034483,-0.4224137931034483,-1.4720623319089685,0.75,2.2413793103448274,-1.4913793103448274,-1.5583688490382208,0.094607405219578,0.21880437961430055,-0.12419697439472255,-2.0852323745256225,0.1797030732728318,0.3304954567143559,-0.15079238344152407,-2.2411024056223825,0.3013698630136986,0.5210203117619273,-0.2196504487482287,-1.54762878573453
u0398,realcartest,796.0,798.0,2796.0,2798.0,30.0,not_used,5.5,8.517241379310345,-3.017241379310345,-1.1249542279211469,0.75,1.1206896551724137,-0.3706896551724137,-0.267467972483181,0.020806482929959,0.012233012737477435,0.008573470192481565,1.940639381831341,0.0805999426607417,0.07022845184461836,0.010371490816123347,0.8260031639019428,0.0095389189298482,0.0035291894934059544,0.006009729436442246,2.36441660232787,0.0117003830270827,0.01671916520715315,-0.005018782180070449,-0.8191351702115169,0.0233959578619914,0.02307607776338016,0.0003198800986112388,0.04776314106563741,0.017494135286729,0.019485851705959265,-0.001991716419230266,-0.3628791126320047,0.1695360292966642,0.11681408697584629,0.05272194232081791,1.1309145392845317,0.5,0.41379310344827586,0.08620689655172414,0.30714755841697555,2.75,2.2327586206896552,0.5172413793103448,0.5450492875532941,0.1747836723267894,0.22057082191620914,-0.045787149589419734,-0.7549291187484125,0.2758217793077266,0.3326383178910765,-0.056816538583349896,-0.8200439804645567,0.3424657534246575,0.5281058101086443,-0.1856400566839868,-1.282261252344537
u0399,realcartest,798.0,800.0,2798.0,2800.0,30.0,not_used,7.75,8.681034482758621,-0.931034482758621,-0.35299772940025165,0.75,0.9310344827586207,-0.18103448275862066,-0.16084518060076297,0.0145404698193863,0.012215143850654451,0.0023253259687318496,0.5250944268490231,0.0771383988070495,0.07014215523533994,0.006996243571709554,0.5513245227531505,0.0110614404952249,0.0035166773611575858,0.007544763134067314,2.9576007174566783,0.0134669339839725,0.017456166053437513,-0.003989232069465014,-0.6628779628980398,0.0279749647314226,0.023933774152507567,0.004041190578915034,0.6331180887837033,0.0185173073056399,0.02023779380963985,-0.0017204865039999497,-0.3325090930782233,0.2908080677226523,0.11542396009955691,0.17538410762309536,3.6858984588760473,1.0,0.4051724137931034,0.5948275862068966,2.0562688450334172,5.0,2.189655172413793,2.810344827586207,2.8816852737920886,0.353068358668575,0.2204504555336755,0.1326179031348995,2.1884111863102955,0.4111073851885846,0.33363716016155737,0.07747022502702722,1.1173118831521347,0.4657534246575342,0.526688710439301,-0.06093528578176677,-0.4224629018918752
u0400,realcartest,800.0,802.0,2800.0,2802.0,30.0,not_used,10.25,8.905172413793103,1.3448275862068968,0.5147701905213754,0.75,0.7844827586206896,-0.03448275862068961,-0.03644202585395014,0.0115133397162662,0.012108600202634896,-0.0005952604863686956,-0.13195694807809086,0.0810794330656548,0.06967610796508907,0.011403325100565728,0.8635083735886043,0.0042281415029968,0.0035057325104843966,0.0007224089925124033,0.2817533490708737,0.0110538002549628,0.017897892146494055,-0.006844091891531255,-1.1663043403995375,0.0206488688489815,0.024382450152327845,-0.0037335813033463443,-0.6497789290233263,0.0142987162242418,0.020637918446495068,-0.006339202222253268,-1.2907777915517922,0.1392850479142166,0.11670058714635856,0.022584460767858028,0.48348604703310677,0.5,0.41379310344827586,0.08620689655172414,0.30714755841697555,3.5,2.2155172413793105,1.2844827586206895,1.338275368375476,0.2502732764558423,0.2224175698440528,0.027855706611789488,0.45960832387864914,0.3561660292183184,0.3369223536214067,0.019243675596911702,0.2787180599617854,0.6027397260273972,0.5309400094473311,0.07179971658006612,0.4924434762308913
u0401,realcartest,802.0,804.0,2802.0,2804.0,30.0,not_used,11.5,9.043103448275861,2.456896551724139,0.917095896233177,0.75,0.7844827586206896,-0.03448275862068961,-0.036442025853950136,0.0082768492034271,0.012001902504426416,-0.0037250533009993165,-0.8161581982294983,0.0781288203476862,0.06880600855589915,0.009322811791787053,0.6836631210083113,0.0016947048359861,0.0034461573080051796,-0.0017514524720190796,-0.6730954808265076,0.0098742352886586,0.018053781704112447,-0.008179546415453846,-1.4254650047487734,0.0278101238164055,0.024408949090131856,0.0034011747262736453,0.5918899324355341,0.0116721201403948,0.020771043639718524,-0.009098923499323725,-1.9159731146487486,0.1307994161514813,0.11552874222946036,0.015270673922020944,0.3201865966722936,0.75,0.4051724137931034,0.3448275862068966,1.2239801227242093,3.0,2.206896551724138,0.7931034482758621,0.8199265741356287,0.2943103315510241,0.2244306313910736,0.06987970015995049,1.1493152567979072,0.3781655919350333,0.339502027648182,0.038663564286851304,0.5681824339521021,0.6712328767123288,0.538497874350496,0.13273500236183278,0.901781201233848
u0402,realcartest,804.0,806.0,2804.0,2806.0,30.0,not_used,8.25,9.086206896551724,-0.8362068965517242,-0.31343531069094616,0.75,0.8017241379310345,-0.051724137931034475,-0.055243841230459674,0.0113818744689927,0.011941500176718058,-0.0005596257077253568,-0.12181200986599772,0.0762214200205028,0.06783609345155682,0.008385326568945986,0.6019546480448831,0.0036323399283605,0.0033664428344011518,0.0002658970939593483,0.10163691848105444,0.0165348418456075,0.01784022044953108,-0.0013053786039235807,-0.22221849271225028,0.0240790724088771,0.02415494103671899,-7.586862784189283e-05,-0.01271251389671802,0.0190705686661107,0.020521479554582712,-0.001450910888472011,-0.289536604144563,0.0728440814126987,0.11295350610578495,-0.040109424693086246,-0.849936329862835,0.0,0.3879310344827586,-0.3879310344827586,-1.409004654941586,1.0,2.163793103448276,-1.1637931034482758,-1.1998222617186427,0.1755792965664882,0.22224891212221493,-0.04666961555572671,-0.7640514634700455,0.2927925854882352,0.33796827746858266,-0.04517569198034743,-0.6564263466767026,0.4931506849315068,0.5418044402456306,-0.04865375531412375,-0.3340074085043806
u0403,realcartest,806.0,808.0,2806.0,2808.0,30.0,not_used,10.75,9.051724137931034,1.6982758620689662,0.6348170357636645,0.5,0.853448275862069,-0.35344827586206895,-0.379239665859906,0.0100603171032387,0.011843996603194141,-0.0017836794999554414,-0.3826608041228196,0.0774028009557981,0.06781385449418273,0.009588946461615372,0.6869633629617938,0.0019167480321065,0.003344423488086776,-0.0014276754559802759,-0.5416004005355824,0.0218400287422384,0.017175353040398706,0.004664675701839694,0.7629574875714495,0.0297407896949351,0.023821421402079847,0.005919368292855252,0.9202011999238872,0.0239811985275825,0.01981401284230242,0.0041671856852800795,0.7568510606283018,0.112351958471066,0.11225561840682598,9.63400642400164e-05,0.0020214794996659675,0.5,0.3706896551724138,0.1293103448275862,0.4564354645876384,2.5,2.1379310344827585,0.36206896551724155,0.3679965553680934,0.2387630558434215,0.22073482183467627,0.01802823400874523,0.2918813311163939,0.3785026588753102,0.33548235814530897,0.04302030073000124,0.6111466817460326,0.6164383561643836,0.5427491733585261,0.07368918280585746,0.5066751353816797
u0404,realcartest,808.0,810.0,2808.0,2810.0,30.0,not_used,9.75,9.077586206896552,0.6724137931034484,0.2517491623323316,0.75,0.8879310344827587,-0.13793103448275867,-0.14871018832135752,0.009965564812436,0.011825482890488266,-0.0018599180780522664,-0.39912029149712336,0.0788825759243501,0.06785290071149395,0.011029675212856152,0.7887913459911063,0.0051346585659282,0.003339144167913449,0.0017955143980147516,0.6804046405720652,0.0193520477852481,0.016815767993200687,0.0025362797920474127,0.3986920064368594,0.0217713907881962,0.023357052363345034,-0.0015856615751488334,-0.23962498821949949,0.0210633432327718,0.01948489098870079,0.001578452244071011,0.2747863540556239,0.1279262333797884,0.11123893258835502,0.01668730079143338,0.35520220942027414,0.5,0.35344827586206895,0.14655172413793105,0.5333374343674349,3.0,2.1293103448275863,0.8706896551724137,0.8928618318101321,0.2241040266927363,0.21906478164717258,0.005039245045563717,0.08205839621919958,0.3609408142205115,0.3346046603597019,0.02633615386080962,0.3738124349251494,0.5753424657534246,0.5460557392536608,0.029286726499763827,0.20234443809329844
u0405,realcartest,810.0,812.0,2810.0,2812.0,30.0,not_used,10.0,9.068965517241379,0.931034482758621,0.34786262139146923,1.25,0.9051724137931034,0.3448275862068966,0.37668858325529014,0.0092186248051783,0.011714524823621501,-0.0024959000184432006,-0.5302722971422161,0.0702387685583542,0.06784378321590787,0.0023949853424463374,0.17113562798085438,0.0035075900184525,0.0033088744024410894,0.00019871561601141063,0.07490853301220823,0.0167982394596195,0.016247035117625992,0.0005512043419935095,0.0814413584431504,0.0320773574764481,0.02281301116113777,0.009264346315310326,1.2782786928466816,0.0194958000895184,0.018901245197239843,0.0005945548922785572,0.09310092005720727,0.0922704084657533,0.11065749025734956,-0.01838708179159626,-0.38792652329852045,0.25,0.35344827586206895,-0.10344827586206895,-0.3764734830828951,2.0,2.1379310344827585,-0.13793103448275845,-0.1430854587177924,0.2067501880015756,0.21838774170734937,-0.011637553705773768,-0.18768805900353439,0.3463794638007074,0.33251790835603307,0.013861555444674323,0.18973101523273705,0.6164383561643836,0.5465281058101086,0.069910250354275,0.48442122586050523
u0406,realcartest,812.0,814.0,2812.0,2814.0,30.0,not_used,12.75,8.991379310344827,3.7586206896551726,1.3834370062069927,1.25,0.9224137931034483,0.3275862068965517,0.36284394131310704,0.0107085413416542,0.011842885662475114,-0.001134344320820914,-0.2414651776055641,0.0783314191574754,0.06876418836367276,0.00956723079380263,0.6972635129582695,0.0062217526603392,0.003338332447975614,0.0028834202123635857,1.0860064521165638,0.0177221782607826,0.016064568455215568,0.0016576098055670306,0.24334900644027882,0.020731433099243,0.023008194305999905,-0.0022767612067569054,-0.3141968714158669,0.0203636829776558,0.018855184047407863,0.0015084989302479382,0.23567910734417272,0.1940133177277146,0.10829729272099559,0.08571602500671902,1.8083533579984492,1.0,0.33620689655172414,0.6637931034482758,2.5061365363808594,3.25,2.0689655172413794,1.1810344827586206,1.215869908555418,0.3413201397580035,0.21402503927908648,0.12729510047891704,2.018540136522612,0.4720638864573329,0.3293062902745346,0.14275759618279826,1.9018961343884964,0.7671232876712328,0.543221539914974,0.22390174775625882,1.5242654773342676
u0407,realcartest,814.0,816.0,2814.0,2816.0,30.0,not_used,11.75,9.03448275862069,2.7155172413793096,1.0122183223071852,3.75,0.9482758620689655,2.8017241379310347,3.109229380455745,0.009970401461263,0.011818657544945854,-0.0018482560836828536,-0.3927465269935668,0.0772376892285732,0.06787045403029143,0.009367235198281768,0.6655219284685874,0.0015044567952972,0.0032450477230950895,-0.0017405909277978895,-0.6460713136881295,0.0179527322293879,0.015606735758863434,0.002345996470524466,0.3312993951979482,0.0173165107831624,0.022399811232262656,-0.005083300449100256,-0.6548739439761998,0.0203985927361143,0.01837854437201231,0.0020200483641019916,0.29667532071894104,0.0958434517575016,0.10897880214763575,-0.013135350390134151,-0.277453793194242,0.25,0.3448275862068966,-0.09482758620689657,-0.3565120479536905,2.0,2.0775862068965516,-0.0775862068965516,-0.08020383815244576,0.2499360820483629,0.21592168337558573,0.03401439867277717,0.5528170286738918,0.4390253841242077,0.3295314590655552,0.10949392505865252,1.4626873353108607,0.8493150684931506,0.5470004723665564,0.3023145961265943,2.1029207035230475
u0408,realcartest,816.0,818.0,2816.0,2818.0,30.0,not_used,12.0,9.129310344827585,2.8706896551724146,1.0949682827270322,2.75,0.9482758620689655,1.8017241379310345,1.9994736631238483,0.0066628690294935,0.011510725626933482,-0.004847856597439982,-1.0864763885112958,0.05228804158139,0.06717839689376408,-0.014890355312374079,-1.063867307355168,0.0010259541144678,0.0031445694764753724,-0.0021186153620075723,-0.7842918438393187,0.0153216588086983,0.015414867024569805,-9.320821587150557e-05,-0.013068817629572684,0.0226560804113686,0.022079882110780193,0.0005761983005884083,0.07404370829123748,0.016350140260357,0.018071198398176242,-0.0017210581378192431,-0.250175399119015,0.1164339904047261,0.10888750670928729,0.00754648369543881,0.15942323338481987,0.25,0.33620689655172414,-0.08620689655172414,-0.32547227745205964,2.75,2.0948275862068964,0.6551724137931036,0.684712471648625,0.2554427476410854,0.21677920202842899,0.03866354561265639,0.6351253314469549,0.4180012705472677,0.33034729119309214,0.08765397935417557,1.1799548862845881,0.8082191780821918,0.5521965044874823,0.25602267359470954,1.8362650496755493
u0409,realcartest,818.0,820.0,2818.0,2820.0,30.0,not_used,11.5,9.318965517241379,2.181034482758621,0.8430149211629477,0.25,1.0258620689655173,-0.7758620689655173,-0.7961173386514131,0.0080842628605215,0.011204994078101627,-0.0031207312175801274,-0.7208888963521366,0.0507041447756823,0.06616782272346147,-0.01546367794777917,-1.0966764322510818,0.000851162214043,0.0029608190541072963,-0.0021096568400642965,-0.7883107098556579,0.0263246430634306,0.015370213454237185,0.010954429609193414,1.53062322763027,0.0206266696701084,0.02201319362110661,-0.0013865239509982114,-0.17752352701333476,0.0271184455396937,0.017878333687345573,0.009240111852348128,1.3256742997930182,0.1026175465385573,0.10952388393995613,-0.006906337401398829,-0.14729086143134812,0.5,0.35344827586206895,0.14655172413793105,0.5666666666666668,2.25,2.1120689655172415,0.13793103448275845,0.14581652331529765,0.2552860796303139,0.2211797795008797,0.03410630012943422,0.5800570626175954,0.3926986461981266,0.3357103686243503,0.056988277573776336,0.7858845693661706,0.6438356164383562,0.5668398677373642,0.07699574870099202,0.5430377598816128
u0410,realcartest,820.0,822.0,2820.0,2822.0,30.0,not_used,11.0,9.474137931034482,1.5258620689655178,0.6175537583848887,0.0,1.0775862068965518,-1.0775862068965518,-0.9931901971308253,0.009185130211046,0.010966501901541805,-0.001781371690495805,-0.4264007285709087,0.049937146479935,0.06500488781514248,-0.015067741335207475,-1.087757494517557,0.0012071570165177,0.0028461046335399587,-0.0016389476170222588,-0.6163125648112142,0.0265910355942669,0.015314992890626437,0.011276042703640462,1.5673111287769477,0.0268587496526996,0.02202556489080947,0.004833184761890132,0.6198710452606715,0.0279263407075824,0.017646234986087292,0.010280105721495108,1.450579138307354,0.1068634662714357,0.11181297260238261,-0.004949506330946915,-0.10163826141700892,0.25,0.3620689655172414,-0.11206896551724138,-0.4191368221424546,2.25,2.2155172413793105,0.0344827586206895,0.03337043221329985,0.2422259707244375,0.22708714997790103,0.015138820746536469,0.2534706219663592,0.3795832154949866,0.3409646423188897,0.038618573176096904,0.5255512144363991,0.6027397260273972,0.5781766650921114,0.02456306093528582,0.17164614296898686
u0411,realcartest,822.0,824.0,2822.0,2824.0,30.0,not_used,11.0,9.629310344827585,1.3706896551724146,0.6176352662102731,0.0,1.1120689655172413,-1.1120689655172413,-0.9852209342650236,0.0090220313007849,0.010746743767295773,-0.001724712466510873,-0.4382523496578987,0.0513067223531834,0.06391523103313655,-0.012608508679953154,-0.920146005495426,0.0006429737308597,0.0027300266644950206,-0.002087052933635321,-0.8246714716741976,0.0314951098580368,0.015307892489789405,0.016187217368247395,2.2498974395498568,0.0277819281902825,0.02144671157015752,0.00633521662012498,0.9136804330362488,0.0322158140475661,0.017451426114779893,0.014764387932786206,2.0985970557080167,0.096846513930391,0.1152834344776631,-0.018436920547272098,-0.36999759132600246,0.25,0.3793103448275862,-0.1293103448275862,-0.46920843531739076,2.25,2.293103448275862,-0.0431034482758621,-0.04135198084867812,0.2476792509008871,0.2310274504604676,0.0166518004404195,0.2887943562163244,0.3922598502674221,0.34604503201616277,0.04621481825125934,0.6512473615055835,0.6027397260273972,0.5885687293339632,0.014170996693434024,0.10636826656077514
u0412,realcartest,824.0,826.0,2824.0,2826.0,30.0,not_used,12.5,9.741379310344827,2.7586206896551726,1.3963551428573593,0.0,1.25,-1.25,-0.8726709699816646,0.0099278065027943,0.010144954763750751,-0.00021714826095645123,-0.08104400680769396,0.0759963365078093,0.06274143332429438,0.013254903183514924,0.9882298574923829,0.0020640483367565,0.0026715149692644585,-0.0006074666325079584,-0.2400388056580459,0.0254613598377451,0.015217610763392531,0.010243749074352567,1.4001806941889676,0.030776196492852,0.02116196424974205,0.009614232243109953,1.2984984006970137,0.0276990982886061,0.01717063085776204,0.010528467430844058,1.4330336799096555,0.1261690354119188,0.11859807250193038,0.007570962909988405,0.15775654089385222,0.5,0.39655172413793105,0.10344827586206895,0.38770240185074306,3.0,2.3793103448275863,0.6206896551724137,0.6120183608262413,0.2824125080022688,0.23827669385768988,0.04413581414457893,0.8313906348144119,0.4263653851648755,0.35279546589219357,0.07356991927268192,1.1537661880430508,0.684931506849315,0.6022673594709496,0.08266414737836547,0.6719348093594304
u0413,realcartest,826.0,828.0,2826.0,2828.0,30.0,not_used,10.25,9.758620689655173,0.4913793103448274,0.25324080791619424,0.0,1.3620689655172413,-1.3620689655172413,-0.8998212357779912,0.0093566508151779,0.009777588843960159,-0.00042093802878225874,-0.23813501372802232,0.0493848104425584,0.06174466894830564,-0.012359858505747237,-0.9421014161846228,0.0014620029968192,0.0024054473622205376,-0.0009434443654013375,-0.4336935365251401,0.0268770742093646,0.01499550766786026,0.01188156654150434,1.5811514543603093,0.0335455333042049,0.020645650946788933,0.012899882357415966,1.6656692997133908,0.0285358397524058,0.01676866535763282,0.01176717439477298,1.5418903363586618,0.0633131757811597,0.1188398245714833,-0.055526648790323596,-1.1504703052506697,0.0,0.4051724137931034,-0.4051724137931034,-1.4788944224897487,1.0,2.4051724137931036,-1.4051724137931036,-1.3606977099413822,0.2443724787172275,0.24200316110172343,0.002369317615504074,0.04531465376060363,0.3511954410584317,0.35499342792644595,-0.003797986868014247,-0.061108002274055655,0.5616438356164384,0.6093528578176665,-0.04770902220122808,-0.4207237841102522
u0414,realcartest,828.0,830.0,2828.0,2830.0,30.0,not_used,11.75,9.689655172413794,2.0603448275862064,1.0083221400643194,0.0,1.4224137931034482,-1.4224137931034482,-0.933978889056632,0.0071507310532979,0.009656855595288035,-0.0025061245419901344,-1.6235813869079123,0.0488179015022561,0.060805276302607944,-0.011987374800351842,-0.9251008577601761,0.0003142451377312,0.002067935431455248,-0.0017536902937240481,-1.2163052887563215,0.0220657672176606,0.01516005218539777,0.006905715032262831,0.9169165086224144,0.0220530396977152,0.0205556492092496,0.0014973904884656025,0.19513261509774507,0.0229237981908992,0.016797208544618206,0.006126589646280996,0.8019427052227257,0.1024158582527353,0.11303593921490317,-0.010620080962167863,-0.29725190469853496,0.25,0.3793103448275862,-0.1293103448275862,-0.5151021148075839,2.0,2.3017241379310347,-0.3017241379310347,-0.33134076134015067,0.2501852988978455,0.23484019787062071,0.015345101027224806,0.3021456723550269,0.3767496417694049,0.3509315719653384,0.02581806980406648,0.41507372731676795,0.6438356164383562,0.6088804912612187,0.0349551251771375,0.3065660918653009
u0415,realcartest,830.0,832.0,2830.0,2832.0,30.0,not_used,12.25,9.706896551724139,2.543103448275861,1.2404816726618992,0.0,1.543103448275862,-1.543103448275862,-0.9635081301096482,0.0082494602642325,0.00950691471433921,-0.0012574544501067087,-0.8024725305391776,0.0499803359280818,0.05969817289397632,-0.009717836965894518,-0.774741042042675,0.0009597668941433,0.0020232963557812347,-0.0010635294616379346,-0.7632210282866616,0.0153958325569627,0.014996728320885458,0.0003991042360772419,0.05204237003642081,0.024860270211893,0.020168365169298045,0.004691905042594955,0.5910622634467172,0.0167510586261795,0.016549087263977823,0.00020197136220167708,0.02579044464245577,0.0595943924867181,0.1151026742945396,-0.055508281807821504,-1.4310458268053607,0.25,0.3879310344827586,-0.13793103448275862,-0.5321520841901914,1.25,2.3706896551724137,-1.1206896551724137,-1.0553422189775463,0.2584536567089271,0.239031978377874,0.019421678331053127,0.343292365824197,0.3491597650856822,0.3544300997152452,-0.0052703346295630005,-0.08085920374433352,0.6712328767123288,0.6164383561643836,0.0547945205479452,0.45492644806493066
u0416,realcartest,832.0,834.0,2832.0,2834.0,30.0,not_used,9.0,9.64655172413793,-0.6465517241379306,-0.31976038034720017,0.5,1.6637931034482758,-1.1637931034482758,-0.6978258638424978,0.0088182290449581,0.009474646690408924,-0.0006564176454508241,-0.40994498428462744,0.0500848874724868,0.05875925798378538,-0.00867437051129858,-0.7144559066418938,0.0017902280002114,0.00202160498406249,-0.00023137698385109016,-0.16599222189458565,0.0111489746614361,0.015212872352755603,-0.004063897691319504,-0.5340547731911782,0.0154859380309354,0.019956620015364284,-0.0044706819844288846,-0.5722599356294168,0.0119011036873664,0.016734968054735094,-0.004833864367368695,-0.6215534002720092,0.0861473710701333,0.1179859904097055,-0.0318386193395722,-0.744704020913546,0.25,0.39655172413793105,-0.14655172413793105,-0.5333374343674349,1.5,2.456896551724138,-0.9568965517241379,-0.796236128815517,0.1838666189508174,0.2417015823629372,-0.0578349634121198,-0.9513932424764464,0.2820117599263972,0.35792430526716534,-0.07591254534076813,-1.100752924869315,0.5205479452054794,0.6197449220595183,-0.09919697685403883,-0.8052303511960857
u0417,realcartest,834.0,836.0,2834.0,2836.0,30.0,not_used,8.0,9.732758620689655,-1.7327586206896548,-0.860405472786555,1.5,1.8275862068965518,-0.3275862068965518,-0.1821834906190072,0.0072952128494494,0.009370375850205502,-0.0020751630007561014,-1.320223650884426,0.0497636864692591,0.05882409371683987,-0.009060407247580775,-0.7402940551757966,0.0006646989884145,0.0019821050155596136,-0.0013174060271451135,-0.9661239395792831,0.0057067596473563,0.015249761258239455,-0.009543001610883155,-1.252621864497103,0.0105137613689592,0.020060958483521983,-0.009547197114562783,-1.2105682387098053,0.0062316377762085,0.01677079806422979,-0.010539160288021291,-1.3528862139935358,0.0707435072386493,0.12016259340627056,-0.04941908616762125,-1.1766472755952755,0.0,0.41379310344827586,-0.41379310344827586,-1.562266931769886,1.25,2.543103448275862,-1.293103448275862,-1.0924196606467893,0.171794716999132,0.24566463785694861,-0.0738699208578166,-1.2292777129350203,0.2566600165947119,0.36439273108895276,-0.10773271449424088,-1.510783647026298,0.5205479452054794,0.6334435521965045,-0.11289560699102508,-0.8668414726791807
u0418,realcartest,836.0,838.0,2836.0,2838.0,30.0,not_used,9.0,9.655172413793103,-0.6551724137931032,-0.32489908236445,1.25,1.9137931034482758,-0.6637931034482758,-0.3703549900756654,0.0118711178304432,0.009302282961039318,0.002568834869403883,1.622564088223051,0.0771847644957233,0.057913005579348795,0.019271758916374504,1.6335518047936852,0.0018359089948428,0.0020004695941608207,-0.00016456059931802079,-0.12045314416814054,0.0074871155783971,0.014947550473219353,-0.007460434894822253,-0.9915188334826275,0.0142623881654685,0.019775951387810128,-0.005513563222341627,-0.7180828594905325,0.0108036965610309,0.0164385651968024,-0.005634868635771499,-0.7336864933478054,0.1285831017516475,0.12148911392072267,0.007093987830924825,0.16755440393856175,0.25,0.41379310344827586,-0.16379310344827586,-0.6183973271589133,3.0,2.5948275862068964,0.40517241379310365,0.33399758748471775,0.2087816737383763,0.24591364400042615,-0.03713197026204984,-0.6180629029854565,0.3174948671842977,0.3640589905807932,-0.046564123396495516,-0.6533942030065282,0.5616438356164384,0.6339159187529522,-0.07227208313651379,-0.5550842880843785
u0419,realcartest,838.0,840.0,2838.0,2840.0,30.0,not_used,7.25,9.525862068965518,-2.275862068965518,-1.0716488794629544,0.5,1.9396551724137931,-1.4396551724137931,-0.808472641234468,0.0081864369073834,0.009491641163680856,-0.0013052042562974563,-0.6729570182447423,0.0498339813333721,0.05796687962790723,-0.008132898294535132,-0.6836523849313655,0.001671455750152,0.001988730635783904,-0.00031727488563190395,-0.23669847435372882,0.0035913090712165,0.014909186540219449,-0.011317877469002948,-1.5081445066837813,0.0071654893349139,0.019616017435973698,-0.012450528101059798,-1.6204779218349268,0.0040601973602706,0.016453470987448076,-0.012393273627177476,-1.6116953604045092,0.0685410022461292,0.12190372478606816,-0.053362722539938956,-1.2568318076567015,0.0,0.41379310344827586,-0.41379310344827586,-1.562266931769886,1.0,2.5775862068965516,-1.5775862068965516,-1.302961475995596,0.1547437518870365,0.2437165125116322,-0.08897276062459569,-1.435723029296633,0.213687956995665,0.36196295723071953,-0.14827500023505452,-2.053287806921594,0.4246575342465753,0.6282475200755786,-0.20358998582900328,-1.4961850855827663
u0420,realcartest,840.0,842.0,2840.0,2842.0,30.0,not_used,6.5,9.413793103448276,-2.913793103448276,-1.3361667035228288,0.5,1.956896551724138,-1.456896551724138,-0.8201564594596603,0.0133076071800683,0.009665808716023353,0.0036417984640449465,1.7137269381775366,0.0775312066247689,0.05819315983331048,0.019338046791458417,1.5868557261177463,0.0039571023337608,0.0020441301374401278,0.0019129721963206722,1.3357704337365839,0.0118897268744448,0.014786413340275213,-0.002896686465830413,-0.3861363485353126,0.0256951563363882,0.019254339934356764,0.0064408164020314344,0.8790847354003072,0.0161957099990489,0.016362997657217836,-0.0001672876581689381,-0.021814436595563712,0.075220790052788,0.12377154128498749,-0.048550751232199485,-1.1476475047972285,0.25,0.43103448275862066,-0.18103448275862066,-0.6708203932499368,1.0,2.6293103448275863,-1.6293103448275863,-1.338776729316115,0.1377793970707572,0.24473355296108926,-0.10695415589033205,-1.7363654301126121,0.238184863918511,0.3611352673579154,-0.12295040343940442,-1.6953014924609624,0.3835616438356164,0.6230514879546527,-0.2394898441190363,-1.7196818218317889
u0421,realcartest,842.0,844.0,2842.0,2844.0,30.0,not_used,7.5,9.21551724137931,-1.7155172413793096,-0.805727448528021,1.25,2.0,-0.75,-0.42280861307176704,0.0098839290477873,0.009734821282514851,0.0001491077652724486,0.0681061599829375,0.0498546903485767,0.057295274788975975,-0.007440584440399273,-0.6405780965346256,0.0008194916011367,0.0021422751211750135,-0.0013227835200383135,-0.7464094672532442,0.005107487292915,0.014935266975245096,-0.009827779682330095,-1.2930147746698362,0.0075180786981707,0.01957673755055525,-0.012058658852384552,-1.5896446144211496,0.0060476959216422,0.01649607841388948,-0.01044838249224728,-1.3447495864025087,0.1145187762742073,0.12233474366384657,-0.007815967389639272,-0.19267087595471738,0.5,0.41379310344827586,0.08620689655172414,0.347524023428458,1.75,2.6206896551724137,-0.8706896551724137,-0.7175221204520762,0.1920984937240047,0.2394538738447964,-0.04735538012079171,-0.7942643543307413,0.2652321285233311,0.35696700962537353,-0.09173488110204242,-1.321125485269274,0.4794520547945205,0.6145488899385922,-0.13509683514407173,-0.9809026692703297
u0422,realcartest,844.0,846.0,2844.0,2846.0,30.0,not_used,8.75,9.155172413793103,-0.4051724137931032,-0.19472760712788856,0.5,2.0172413793103448,-1.5172413793103448,-0.8461538461538461,0.0108316231487556,0.009712795779429113,0.0011188273693264871,0.5108625027705314,0.0590833070874214,0.05672977824967288,0.002353528837748517,0.21367718991926926,0.001544719982842,0.0021304740261020518,-0.0005857540432600518,-0.3295316683727447,0.0108430342790489,0.014935993403144733,-0.004092959124095833,-0.5384792213089771,0.0171245057587163,0.019528606223559522,-0.0024041004648432222,-0.316147996130358,0.0121994656782314,0.01646947486094181,-0.004270009182710409,-0.5504245820955135,0.1108859378093697,0.12235139881532126,-0.011465461005951555,-0.28270943372642304,0.25,0.4051724137931034,-0.15517241379310343,-0.602010055881586,1.75,2.6206896551724137,-0.8706896551724137,-0.7175221204520762,0.1821247959414527,0.23943470187381174,-0.057309905932359045,-0.9612788033814723,0.2894683517702424,0.3561131820823811,-0.06664483031213869,-0.9719316940303989,0.5068493150684932,0.6121870571563534,-0.10533774208786018,-0.7847929836888716
u0423,realcartest,846.0,848.0,2846.0,2848.0,30.0,not_used,11.5,9.060344827586206,2.4396551724137936,1.2135309634430715,3.0,2.0,1.0,0.559167652508494,0.0088368156735305,0.00975341681215474,-0.0009166011386242401,-0.4276069390395669,0.0505733047872517,0.05657358309665483,-0.006000278309403126,-0.5401756380676247,0.0007561128820154,0.002152412147621662,-0.001396299265606262,-0.7899111340069692,0.010787535905967,0.014812913941640334,-0.004025378035673334,-0.52808560397253,0.017747786342319,0.019482091386564846,-0.001734305044245845,-0.22852309702584142,0.0119210827988802,0.016346152325961896,-0.004425069527081696,-0.5682671905300833,0.085336902754818,0.12147213299549418,-0.03613523024067618,-0.882446851689432,0.5,0.4051724137931034,0.09482758620689657,0.36789503414985825,1.75,2.586206896551724,-0.8362068965517242,-0.6834715452689559,0.2545421010969821,0.23725646296137734,0.01728563813560477,0.28739757698131485,0.3865543872881238,0.352880138351201,0.03367424893692278,0.4968092948819734,0.7945205479452054,0.6060462919225318,0.18847425602267365,1.4600210272568461
u0424,realcartest,848.0,850.0,2848.0,2850.0,30.0,not_used,9.75,9.008620689655173,0.7413793103448274,0.3771494543292333,4.0,2.1551724137931036,1.8448275862068964,1.0110549652996828,0.010326135094758,0.00985722404789578,0.00046891104686221964,0.2198280337153638,0.0517088401611545,0.05733732876830047,-0.005628488607145973,-0.49222372567363193,0.0016329876851298,0.00225873040798271,-0.0006257427228529102,-0.35176014654043475,0.0096466034446302,0.014356901327479096,-0.004710297882848895,-0.644416279421352,0.0138178531849186,0.019530999022467525,-0.005713145837548925,-0.7516339041384443,0.0108606133016321,0.015965912011261213,-0.005105298709629114,-0.6792419861575395,0.1816123389466828,0.12202944763849702,0.05958289130818578,1.4604292288594931,0.75,0.4051724137931034,0.3448275862068966,1.3378001241813025,4.5,2.603448275862069,1.896551724137931,1.551837562658444,0.3190994865548108,0.23736791619272032,0.08173157036209047,1.3580806556971834,0.4279621606806669,0.353954628270749,0.07400753240991786,1.0781164810852917,0.7534246575342466,0.6117146905999055,0.14170996693434113,1.056469020844233
u0425,realcartest,850.0,852.0,2850.0,2852.0,30.0,not_used,8.0,9.008620689655173,-1.0086206896551726,-0.5130986762386083,3.0,2.310344827586207,0.6896551724137931,0.3776611171609086,0.0121420873338526,0.009875550246441432,0.0022665370874111676,1.0643476464205515,0.0505488753449574,0.0581741773956759,-0.007625302050718499,-0.649160022074478,0.0039779102749154,0.002334388173993807,0.0016435221009215928,0.9237343810876981,0.0150744924097957,0.013924028520273876,0.0011504638895218234,0.16591294403729068,0.0243281147651313,0.019422832327727232,0.004905282437404068,0.6524903926487561,0.0165921173051475,0.015587348606610334,0.001004768698537167,0.1400791920780939,0.1799467715722758,0.12523012519440824,0.05471664637786755,1.2706767292795842,0.75,0.43103448275862066,0.31896551724137934,1.1484260822017718,3.5,2.689655172413793,0.8103448275862069,0.632627387169867,0.2554112030348019,0.24139410065489617,0.01401710237990575,0.21851532460472878,0.3813675681117758,0.3580100317780067,0.02335753633376908,0.31843039472387247,0.6027397260273972,0.6202172886159659,-0.017477562588568696,-0.12400756278970972
u0426,realcartest,852.0,854.0,2852.0,2854.0,30.0,not_used,6.75,9.043103448275861,-2.293103448275861,-1.1415993594396079,6.0,2.5258620689655173,3.4741379310344827,1.821088809793994,0.0086230863386354,0.009802910976993626,-0.0011798246383582268,-0.5381470768589532,0.0496573139824829,0.05881663007926822,-0.009159316096785317,-0.7721450821998634,0.00185525540937,0.002347515823921859,-0.0004922604145518588,-0.27841897659715253,0.0041997709494497,0.01319034653411494,-0.00899057558466524,-1.470681671390926,0.0053329541158113,0.018973459984008494,-0.013640505868197195,-1.8450207703304586,0.0052589738855917,0.014879040842410238,-0.009620066956818538,-1.485445155329101,0.137875611462101,0.12466037914211567,0.013215232319985337,0.30352314529595,0.5,0.43103448275862066,0.06896551724137934,0.24830834209768046,3.25,2.6810344827586206,0.5689655172413794,0.4428832048533908,0.3048354637390232,0.24417142065370687,0.06066404308531634,0.9181275974948973,0.3754656556777273,0.36085274400285655,0.014612911674870721,0.1918517459253174,0.6986301369863014,0.6339159187529523,0.06471421823334911,0.4122730030368442
u0427,realcartest,854.0,856.0,2854.0,2856.0,30.0,not_used,6.0,8.96551724137931,-2.9655172413793096,-1.54863855789538,4.0,2.75,1.25,0.6318457682772496,0.0101528712560318,0.009750338763464761,0.0004025324925670398,0.18238990907904423,0.0516937757570678,0.05869898406040816,-0.007005208303340359,-0.5983722643757969,0.0018229583255745,0.0023547817321579135,-0.0005318234065834135,-0.30092266954520647,0.0052593932566468,0.012662162742783534,-0.007402769486136733,-1.3041630161461593,0.0084228720763511,0.018505226171213016,-0.010082354094861915,-1.4295171133045557,0.0058371357829816,0.014357571617960254,-0.008520435834978654,-1.416439495196975,0.1765468393136993,0.1272580544907947,0.04928878482290461,1.0775045985047664,0.75,0.4396551724137931,0.3103448275862069,1.0944322205588668,3.5,2.7586206896551726,0.7413793103448274,0.5423735976260253,0.2828512224037623,0.24759776247676207,0.03525345992700024,0.5007423785661661,0.3395626783010472,0.3638938595970375,-0.024331181295990323,-0.30274888226791835,0.547945205479452,0.6419461502125648,-0.09400094473311282,-0.5692922137908355
u0428,realcartest,856.0,858.0,2856.0,2858.0,30.0,not_used,5.75,8.879310344827585,-3.1293103448275854,-1.637162746693044,2.5,2.956896551724138,-0.4568965517241379,-0.22918182334683612,0.0110392056078947,0.009779667673090672,0.0012595379348040274,0.5706461383949858,0.0498960120818163,0.059623757863315634,-0.009727745781499333,-0.8112791517974032,0.0012735945030315,0.0024095896043401315,-0.0011359951013086315,-0.6442021981088532,0.0182387249925603,0.011948382624864931,0.006290342367695368,1.2290891408146387,0.0253649143427818,0.017779849153855533,0.0075850651889262655,1.1613454741594833,0.0193450597282161,0.01364746833889362,0.005697591389322481,1.0373368802180867,0.1224953923818286,0.12995700315698255,-0.0074616107751539484,-0.1689177756626022,0.25,0.46551724137931033,-0.21551724137931033,-0.7797285769397566,2.0,2.8275862068965516,-0.8275862068965516,-0.6239820607736253,0.1453424249665967,0.25011314508075627,-0.10477072011415958,-1.4645828085229176,0.2933135623164642,0.3659403538032183,-0.0726267914867541,-0.8991498842154244,0.4520547945205479,0.6485592820028342,-0.19650448748228627,-1.1865487550984353
u0429,realcartest,858.0,860.0,2858.0,2860.0,30.0,not_used,10.75,8.793103448275861,1.9568965517241388,1.066515494489769,4.25,3.146551724137931,1.103448275862069,0.5616412496767554,0.0071650541687503,0.009859483160285246,-0.0026944289915349457,-1.2521388411346748,0.0489734342153373,0.06057549737279245,-0.011602063157455149,-0.9518555816378057,0.0029336083084504,0.002579274014811049,0.0003543342936393511,0.19793258937104985,0.0063174081841057,0.011588323963196048,-0.005270915779090348,-1.110292322238219,0.0094176316903865,0.017757875204262183,-0.008340243513875682,-1.2795870019208253,0.0071031990856706,0.013320404320259013,-0.006217205234588413,-1.194401627288409,0.1992203652236737,0.13244842153836195,0.06677194368531175,1.4976315734504242,0.75,0.4827586206896552,0.2672413793103448,0.9612691930663655,5.5,2.896551724137931,2.603448275862069,1.9524139128101694,0.3718349111661878,0.2523558620126361,0.11947904915355168,1.6476204230130111,0.4576233339656143,0.36870082247819913,0.08892251148741515,1.0785598423513898,0.821917808219178,0.6542276806802078,0.16769012753897028,0.9972933142760501
u0430,realcartest,860.0,862.0,2860.0,2862.0,30.0,not_used,9.75,8.672413793103448,1.0775862068965516,0.6284502360619407,4.25,3.310344827586207,0.9396551724137931,0.49659473903941936,0.0073410765094488,0.009849746926461617,-0.002508670417012817,-1.161556933851349,0.0509002879521493,0.0615379273179151,-0.010637639365765804,-0.8568981991097792,0.0016456550561425,0.0026152635689213693,-0.0009696085127788693,-0.5485435565196807,0.0161424122128928,0.011545375711090686,0.0045970365018021125,0.9743143730992491,0.0216695143523265,0.017700030064377,0.0039694842879495,0.6142970606254718,0.0170626630723557,0.013303805421592386,0.003758857650763314,0.7235418462984267,0.2144155834912909,0.13259409219407367,0.08182149129721722,1.8447769523862079,1.0,0.47413793103448276,0.5258620689655172,1.821098373780923,5.5,2.9051724137931036,2.5948275862068964,1.9605064677388386,0.3717288471178573,0.2519123803711993,0.11981646674665802,1.6522579641002926,0.4794975529407158,0.369801056294008,0.10969649664670778,1.3314239076661125,0.7671232876712328,0.6565895134624467,0.11053377420878618,0.6546382994622297
u0431,realcartest,862.0,864.0,2862.0,2864.0,30.0,not_used,10.75,8.663793103448276,2.086206896551724,1.2174184192093849,5.5,3.4051724137931036,2.0948275862068964,1.1533048934784156,0.0083580201030934,0.009823364853753772,-0.001465344750660371,-0.6731668037741513,0.078101656279083,0.06253701150329145,0.015564644775791545,1.2336814719277658,0.0024868408417771,0.0025785032754615245,-9.166243368442448e-05,-0.05105831095030953,0.0176046201046392,0.011507822249906095,0.0060967978547331065,1.2901743989335006,0.0271048879854502,0.017624278629611287,0.009480609355838915,1.4585314056563372,0.0201096389414569,0.013273500744126934,0.006836138197329967,1.3131958686908447,0.1359655683130852,0.13114028471428446,0.004825283598800745,0.10378941081134245,0.5,0.46551724137931033,0.03448275862068967,0.11537394890755223,3.5,2.8620689655172415,0.6379310344827585,0.4597958744471265,0.2905079058928191,0.2528936140798632,0.03761429181295589,0.5240351297564053,0.4803769343200743,0.3711999183175902,0.10917701600248408,1.3441458174987262,0.8904109589041096,0.6613131790269248,0.22909777987718483,1.372830903763935
u0432,realcartest,864.0,866.0,2864.0,2866.0,30.0,not_used,8.5,8.663793103448276,-0.1637931034482758,-0.09558243787181119,3.0,3.4482758620689653,-0.4482758620689653,-0.2511051962950586,0.0080856233174194,0.00986190746655592,-0.0017762841491365203,-0.8295377866926291,0.050981244968557,0.06350763711456209,-0.012526392146005087,-0.98796373698018,0.0024493208115415,0.0025967889460893454,-0.0001474681345478455,-0.08292720565546026,0.0130759159766555,0.011579318043449242,0.0014965979332062576,0.3216850370805873,0.0214755839192914,0.017637616482120096,0.003837967437171304,0.5917416424074583,0.0143464453721882,0.013348222023029621,0.0009982233491585783,0.19500580865331232,0.1508210533901777,0.13293041957982282,0.017890633810354883,0.39660001769119935,0.5,0.4827586206896552,0.017241379310344807,0.06035716402834561,4.0,2.8706896551724137,1.1293103448275863,0.8194545215837928,0.2459842340042689,0.25383945485392234,-0.007855220849653455,-0.11082676177115387,0.3688241841386813,0.3734341830120266,-0.004609998873345289,-0.058427946331203795,0.6301369863013698,0.6636750118091639,-0.033538025507794056,-0.20283230776845096
u0433,realcartest,866.0,868.0,2866.0,2868.0,30.0,not_used,6.0,8.681034482758621,-2.681034482758621,-1.5592547743101801,1.5,3.439655172413793,-1.9396551724137931,-1.079760924208485,0.0154569526890406,0.009702605711618678,0.005754346977421922,2.6669219494394234,0.0804449233325449,0.06310736786293343,0.017337555469611465,1.3957683209278835,0.0047942287729976,0.0025608555212730385,0.0022333732517245616,1.2382563737104182,0.0182394937282509,0.01159793569375709,0.006641558034493809,1.4322925929796704,0.0171333061849396,0.0175257381695251,-0.00039243198458550205,-0.059725717211409145,0.0214956111614964,0.013273067005582992,0.008222544155913409,1.5899795882626528,0.1399499484748074,0.13206407524740335,0.007885873227404055,0.1736007445684283,0.5,0.49137931034482757,0.008620689655172431,0.030542361089076372,2.5,2.8189655172413794,-0.31896551724137945,-0.22778829552975666,0.1603872135177114,0.25405277706255613,-0.09366556354484473,-1.3238641910254363,0.3001558470683743,0.3731048225504653,-0.072948975482091,-0.9216205821571225,0.410958904109589,0.6641473783656117,-0.25318847425602264,-1.5337717107012059
u0434,realcartest,868.0,870.0,2868.0,2870.0,30.0,not_used,6.75,8.706896551724139,-1.9568965517241388,-1.1488995975989291,1.75,3.4482758620689653,-1.6982758620689653,-0.952591617313124,0.0142694838231108,0.00971133776810158,0.00455814605500922,2.118072999867173,0.0768008945150484,0.0634344097709542,0.0133664847440942,1.096472522297043,0.005114175566483,0.0026031503690613824,0.0025110251974216173,1.3976079559886747,0.0132378166612366,0.011729601829693757,0.0015082148315428423,0.33827289294469026,0.0215887099295571,0.017635275347040232,0.003953434582516867,0.6156334402864189,0.0168720735128415,0.013415386170161437,0.003456687342680063,0.6956784135566322,0.1464370869344147,0.13497550472880537,0.011461582205609333,0.26083323351032306,0.75,0.5086206896551724,0.24137931034482762,0.9055847182944116,3.5,2.9051724137931036,0.5948275862068964,0.43670886075949356,0.2362443610358308,0.2568668076104511,-0.020622446574620312,-0.301819099826231,0.3223764574893876,0.37610132202486435,-0.05372486453547676,-0.7204278700042712,0.4657534246575342,0.666036844591403,-0.20028341993386878,-1.2316113982468395
u0435,realcartest,870.0,872.0,2870.0,2872.0,30.0,not_used,7.0,8.655172413793103,-1.6551724137931032,-0.9246383978605306,2.5,3.4310344827586206,-0.9310344827586206,-0.5134249065787064,0.0127099057699076,0.009754074747863968,0.0029558310220436316,1.3232462216762562,0.0522927528717749,0.06313833270846667,-0.010845579836691766,-0.9078614974774468,0.0090679571886509,0.0027359869767354587,0.006331970211915441,3.1341130561972976,0.0220389336749092,0.011743370182744097,0.010295563492165104,2.3085962795084067,0.0300809639689991,0.017141228042154046,0.012939735926845053,2.043168250756874,0.0242230249211335,0.013315678825040169,0.01090734609609333,2.207543933897502,0.1523461867146276,0.1367295111409622,0.01561667557366539,0.36733036993779106,0.5,0.5172413793103449,-0.017241379310344862,-0.06579516949597704,3.0,2.939655172413793,0.06034482758620685,0.045523701256361994,0.1882094453855101,0.25772980160593034,-0.06952035622042024,-1.0382057133472182,0.3511844122136212,0.37567935594232266,-0.02449494372870148,-0.32494001834021863,0.5205479452054794,0.6622579121398204,-0.14170996693434101,-0.8324409929507262
u0436,realcartest,872.0,874.0,2872.0,2874.0,30.0,not_used,10.0,8.491379310344827,1.5086206896551726,0.724664085134501,4.25,3.3879310344827585,0.8620689655172415,0.458937760373572,0.0093316618717766,0.01033156314895546,-0.000999901277178859,-0.2627907434433102,0.0608382895887835,0.06411599578547315,-0.003277706196689656,-0.2736145990517603,0.0011622250381813,0.0029992255040181414,-0.0018370004658368414,-0.8204636530566098,0.0179737986384773,0.01226803168394568,0.005705766954531621,1.2561258918572018,0.0159207023002863,0.017505149927635084,-0.0015844476273487833,-0.26114157610706734,0.0196270897006318,0.01385759671988653,0.005769492980745269,1.1595124923619229,0.0963264511502677,0.137518274158815,-0.04119182300854732,-0.9736576342384388,0.0,0.5172413793103449,-0.5172413793103449,-1.973855084879307,2.0,2.913793103448276,-0.9137931034482758,-0.6741344135790653,0.2493800948898082,0.25605796102900585,-0.006677866139197658,-0.09657172400789288,0.4142643853774239,0.3740194619021364,0.040244923475287464,0.5141719875570228,0.7808219178082192,0.6509211147850732,0.129900803023146,0.6778623705418416
u0437,realcartest,874.0,876.0,2874.0,2876.0,30.0,not_used,9.25,8.318965517241379,0.931034482758621,0.4131960712495422,2.25,3.3706896551724137,-1.1206896551724137,-0.5877000726852888,0.0078408789785367,0.011180833771893755,-0.0033399547933570545,-0.5603904671909551,0.0477583821438666,0.0699120470536658,-0.022153664909799198,-0.6916938143786492,0.0016621596385365,0.0041985685747908345,-0.0025364089362543345,-0.39231163789915374,0.0117523544250707,0.012128815149747077,-0.00037646072467637653,-0.08105323251607416,0.021307150138523,0.0173134791547194,0.003993670983803599,0.6479631263947553,0.0127737867459395,0.01368256541358867,-0.0009087786676491693,-0.17755557473915481,0.0909352816297411,0.13882383861842965,-0.047888556988688546,-1.1389112520848232,0.25,0.5344827586206896,-0.2844827586206896,-1.092739194578661,1.75,2.896551724137931,-1.146551724137931,-0.8349107600824097,0.1922738191804879,0.25724704185630737,-0.06497322267581948,-0.9532863445572123,0.3242430023430467,0.37260267766400107,-0.048359675320954365,-0.6034509116753535,0.6301369863013698,0.6405290505432216,-0.010392064241851795,-0.05026631728143452
u0438,realcartest,876.0,878.0,2876.0,2878.0,30.0,not_used,10.0,8.051724137931034,1.9482758620689662,0.8402241774225002,4.75,3.2672413793103448,1.4827586206896552,0.7402112745994823,0.0110946726970117,0.012091955348641832,-0.0009972826516301322,-0.1350954444483028,0.0728527692534057,0.07678993362221609,-0.003937164368810392,-0.0862382962061392,0.0039343917645134,0.0057010987971188925,-0.0017667070326054923,-0.18157795547874087,0.0131002772527547,0.012134345395604722,0.0009659318571499775,0.20803572083028915,0.022044991111286,0.01709776867230368,0.00494722243898232,0.7911426835521281,0.0160914764133739,0.013727725092503787,0.002363751320870114,0.4627272233495479,0.1187796711856391,0.14164934241610438,-0.02286967123046528,-0.5564268221025549,0.5,0.5344827586206896,-0.03448275862068961,-0.13245323570650422,2.75,2.9051724137931036,-0.15517241379310365,-0.11352908670698707,0.2585182233392605,0.2543703270432886,0.004147896295971898,0.059300061072251685,0.4238588538650196,0.3684448965076317,0.05541395735738791,0.6724772280461955,0.8082191780821918,0.6202172886159661,0.18800188946622565,0.8577705732092021
u0439,realcartest,878.0,880.0,2878.0,2880.0,30.0,not_used,11.0,7.870689655172414,3.1293103448275863,1.3130988634771472,4.5,3.1293103448275863,1.3706896551724137,0.6577102185591608,0.0097165899688698,0.012096192366412102,-0.0023796023975423027,-0.32239215753635647,0.0742057566738228,0.07677814414354737,-0.002572387469724574,-0.05633664750839332,0.0034012322308395,0.005672384620558693,-0.002271152389719193,-0.23310780667861028,0.0140377241853155,0.012740403654562088,0.0012973205307534128,0.24162572664276133,0.0237219155052312,0.01764972425771194,0.00607219124751926,0.9152832282715669,0.0169480019727069,0.014389466797085712,0.0025585351756211867,0.4352065223028351,0.1996831153928614,0.13754774043137194,0.062135374961489465,1.451495122332923,1.0,0.5086206896551724,0.4913793103448276,1.790011735110784,4.75,2.7844827586206895,1.9655172413793105,1.429305568092242,0.3589853201275358,0.2489720487605989,0.11001327136693692,1.5543043857445147,0.4971899172054584,0.36189412777707497,0.13529578942838344,1.5931497917879853,0.8493150684931506,0.6027397260273974,0.2465753424657532,1.0819867099315383
u0440,realcartest,880.0,882.0,2880.0,2882.0,30.0,not_used,12.0,7.629310344827586,4.370689655172414,1.6234164470294041,6.25,3.0517241379310347,3.1982758620689653,1.5023814047066295,0.0069154924867985,0.011860510625889947,-0.004945018139091447,-0.6607232731301883,0.0699378501773605,0.07564211154087337,-0.005704261363512875,-0.12215344464955663,0.0010236755787732,0.005620680100678707,-0.004597004521905507,-0.47120962584602955,0.0102183322594277,0.012549148299327755,-0.002330816039900055,-0.4331281785385822,0.014750130222439,0.01757167571276018,-0.0028215454903211794,-0.42957804356718693,0.0116748888857633,0.014203376918414222,-0.0025284880326509208,-0.42916618012812346,0.0803238784139063,0.14003864461230767,-0.05971476619840137,-1.2680997953936408,0.25,0.5172413793103449,-0.26724137931034486,-0.9355360424393584,2.0,2.6982758620689653,-0.6982758620689653,-0.4967736120865701,0.3282215308663984,0.2508481793132528,0.07737335155314556,1.080008922932273,0.4746985047880678,0.35704582932191087,0.11765267546615693,1.3424046220794172,1.0,0.5852621634388286,0.41473783656117136,1.6863238066682025
u0441,realcartest,882.0,884.0,2882.0,2884.0,30.0,not_used,10.25,7.477011494252874,2.7729885057471257,0.970403696983807,6.5,2.8448275862068964,3.6551724137931036,1.721076330933952,0.0084032123104572,0.011592265338210152,-0.0031890530277529517,-0.412511535776824,0.0725846019608676,0.07399275820162267,-0.0014081562407550624,-0.029094238638165522,0.0022747596756021,0.0055759438118665895,-0.0033011841362644893,-0.33768696789809594,0.0101440298891343,0.012431136602991532,-0.0022871067138572326,-0.4086754469995338,0.0171974159217832,0.01744139672640111,-0.00024398080461791177,-0.03566227512824312,0.0125764907795566,0.014050680995532706,-0.0014741902159761053,-0.2388446885289835,0.2015016205236106,0.1394347396307233,0.06206688089288728,1.3142543284883892,0.75,0.5114942528735632,0.2385057471264368,0.8292540069397037,5.25,2.6206896551724137,2.6293103448275863,1.8325012386993544,0.3817764208708703,0.2448354636211457,0.13694095724972463,1.8472594718206465,0.5145577373961224,0.34810894650450774,0.16644879089161468,1.6998377655680919,0.9178082191780822,0.5655802235868367,0.3522279955912455,1.362082618837926
u0442,realcartest,884.0,886.0,2884.0,2886.0,30.0,not_used,7.75,7.35632183908046,0.39367816091954033,0.13173917371759486,6.0,2.706896551724138,3.293103448275862,1.5150620696653498,0.0102071891943294,0.01129634075083222,-0.0010891515565028195,-0.13714456889250193,0.0762032507268753,0.07242070163860857,0.0037825490882667234,0.07592706369930687,0.0030514312901035,0.005542879825731418,-0.0024914485356279177,-0.2544860243482804,0.0061774507897251,0.01234622232860719,-0.006168771538882091,-1.0781101852417725,0.012509599800838,0.0172550888961488,-0.0047454890953107995,-0.6636077720969499,0.0079428446594734,0.01395983336531813,-0.006016988705844729,-0.9535274943879897,0.1415826871006077,0.13932416223444455,0.002258524866163153,0.047908381447488047,0.75,0.5114942528735632,0.2385057471264368,0.8292540069397036,3.0,2.560344827586207,0.43965517241379315,0.30672842476234136,0.3173185742330596,0.24348096263998928,0.07383761159307031,1.0007399961737466,0.4105437730376758,0.34250384802174144,0.06803992501593437,0.6619907248518295,0.7534246575342466,0.5514092268934025,0.20201543064084404,0.7477225778212563
u0443,realcartest,886.0,888.0,2886.0,2888.0,30.0,not_used,9.25,7.295977011494253,1.9540229885057467,0.6433189516302242,5.5,2.6206896551724137,2.8793103448275863,1.2917821066994601,0.0094653801819405,0.011036928012880854,-0.0015715478309403542,-0.1947959437814616,0.0764183472770835,0.07168093409807864,0.004737413179004862,0.0941755053629299,0.0052350930413878,0.005602656153445696,-0.0003675631120578964,-0.03762492310605677,0.0116240660292631,0.011966326268929994,-0.00034226023966689445,-0.060218890074639535,0.0214157951595079,0.016727369313824007,0.004688425845683894,0.6605665614768204,0.0134389416504956,0.013546433567126686,-0.0001074919166310865,-0.01696380028415421,0.1746669913127377,0.13748530201197154,0.03718168930076615,0.7623114406837896,0.75,0.5028735632183908,0.24712643678160917,0.826923076923077,4.0,2.5172413793103448,1.4827586206896552,1.010088441239378,0.315224089922361,0.24168321973432294,0.07354087018803807,0.9584542153543635,0.4568032333438483,0.3372614900396165,0.11954174330423184,1.0981866556635058,0.8082191780821918,0.54337899543379,0.2648401826484018,0.9581869706598801
u0444,realcartest,888.0,890.0,2888.0,2890.0,30.0,not_used,8.75,7.14080459770115,1.60919540229885,0.5415951917171258,4.75,2.4741379310344827,2.2758620689655173,1.008559647486608,0.0079671094833473,0.010918929532503126,-0.002951820049155826,-0.3622730145517775,0.0778908043366391,0.07109546690051058,0.006795337436128521,0.13412955186794295,0.0020034639633426,0.005559765553054376,-0.003556301589711776,-0.36350055546423105,0.0141503332459072,0.012087035828905836,0.0020632974170013644,0.36851904426579074,0.0231827611552227,0.016883917777538615,0.006298843377684084,0.9019241987316201,0.0162696905648473,0.013655780387584486,0.0026139101772628143,0.4181452400060359,0.0638188415023574,0.13397146210833497,-0.07015262060597756,-1.4656991405790603,0.0,0.4770114942528736,-0.4770114942528736,-1.545540764652007,1.5,2.396551724137931,-0.896551724137931,-0.6604539249621452,0.2455926891072594,0.2343645022548443,0.011228186852415112,0.15164953098758474,0.3810665457441394,0.3289440365181626,0.052122509225976776,0.48015277261016376,0.7397260273972602,0.5268461659581167,0.2128798614391435,0.7781645852839795
u0445,realcartest,890.0,892.0,2890.0,2892.0,30.0,not_used,8.75,6.933908045977012,1.8160919540229878,0.6071536528595903,3.25,2.3275862068965516,0.9224137931034484,0.405564972442636,0.0080531489364306,0.011696724960844758,-0.003643576024414159,-0.4131788937477423,0.0790583288484008,0.0768843847860797,0.0021739440623211037,0.03800975795982819,0.0007241794898759,0.006265722718544386,-0.005541543228668486,-0.543015468631261,0.0100599242870829,0.012716130173421013,-0.0026562058863381123,-0.3852760854744825,0.0132891464227297,0.01802589306589838,-0.0047367466431686815,-0.4828934259498106,0.0110222680408683,0.01438011279755371,-0.0033578447566854092,-0.4382572732429894,0.0439869541562463,0.13140134696773864,-0.08741439281149234,-1.9248901227207125,0.0,0.4770114942528736,-0.4770114942528736,-1.545540764652007,0.25,2.2672413793103448,-2.0172413793103448,-1.6425198634335443,0.2123223965020695,0.23170549576277005,-0.01938309926070056,-0.275514980134109,0.3225787586102805,0.3246710984661173,-0.002092339855836789,-0.019941896927048695,0.6575342465753424,0.5074791371437568,0.15005510943158562,0.5441850832474731
u0446,realcartest,892.0,894.0,2892.0,2894.0,30.0,not_used,8.0,6.692528735632183,1.307471264367817,0.44235592301651216,2.75,2.1724137931034484,0.5775862068965516,0.26193066319460384,0.0084129486207117,0.01165938098873416,-0.0032464323680224585,-0.3674623042819047,0.0779118291961074,0.07633999627460995,0.001571832921497443,0.027453059575651938,0.0011949834366213,0.006310595958164211,-0.005115612521542911,-0.5019604383759205,0.0077801376601076,0.012708690919637814,-0.004928553259530214,-0.715410351973873,0.0109005590917146,0.017675277046531716,-0.0067747179548171155,-0.7013980681114681,0.0083985548643864,0.014352399408503505,-0.005953844544117105,-0.7790475035252031,0.1226574183392616,0.13028813500727082,-0.007630716668009227,-0.16703981942066223,0.5,0.47701149425287354,0.022988505747126464,0.07448389227238596,1.5,2.189655172413793,-0.6896551724137931,-0.5658268993605906,0.1992240994468477,0.2262897021939609,-0.0270656027471132,-0.37774534774253415,0.3214536927333681,0.31580114498704465,0.005652547746323455,0.05529685888133651,0.589041095890411,0.4857502755471579,0.1032908203432531,0.3833145232435765
u0447,realcartest,894.0,896.0,2894.0,2896.0,30.0,not_used,9.5,6.545977011494252,2.9540229885057476,0.9953626299584669,1.0,2.0689655172413794,-1.0689655172413794,-0.47848993635866754,0.0072513669372632,0.011975255282297544,-0.004723888345034344,-0.5328683088640869,0.0655769561984925,0.0771662746678587,-0.0115893184693662,-0.2031220969683161,0.0007938396751699,0.006321334778415872,-0.005527495103245972,-0.5425839141206462,0.0080270274373247,0.01351622685561254,-0.00548919941828784,-0.6740804270234237,0.0110179171002137,0.018257764914563837,-0.007239847814350137,-0.6991796617978188,0.0086242010550787,0.015325694757083223,-0.006701493702004523,-0.727220436968329,0.1034591161114829,0.12605999956905883,-0.022600883457575938,-0.46002034585966806,0.5,0.4597701149425287,0.040229885057471326,0.1254810793918633,1.5,2.0689655172413794,-0.5689655172413794,-0.47145262574761304,0.2149680177887573,0.2251455828809487,-0.01017756509219142,-0.14216132914728058,0.30794341379902,0.312474877822987,-0.00453146402396698,-0.04442107044220062,0.5753424657534246,0.4720516454101716,0.10329082034325304,0.3799325784027733
u0448,realcartest,896.0,898.0,2896.0,2898.0,30.0,not_used,8.0,6.50287356321839,1.4971264367816097,0.5016451804701298,0.75,2.0172413793103448,-1.2672413793103448,-0.5597898326582803,0.0084396665453875,0.013167105906690454,-0.0047274393613029545,-0.4200515292519592,0.0593181966659742,0.08628294538022561,-0.02696474871425141,-0.3589770383269647,0.002898006336014,0.0067023951128386975,-0.0038043887768246976,-0.3683281508353398,0.0074096270133798,0.014676448858524578,-0.007266821845144778,-0.6777416811338876,0.0103420674828527,0.019435677427991124,-0.009093609945138423,-0.7593270537707729,0.0081874531330455,0.01704877729315393,-0.008861324160108429,-0.6440297816608784,0.1529724572067877,0.12300707699544179,0.029965380211345913,0.5888103218895,0.5,0.44252873563218387,0.05747126436781613,0.17350028237193946,3.5,2.0,1.5,1.212609803362676,0.2363506377759904,0.2307615239330106,0.005589113842979804,0.07690968635023272,0.3005864417532365,0.3176881231287534,-0.017101681375516875,-0.1627705640317664,0.4794520547945205,0.4668556132892457,0.012596441505274836,0.04590335473817317
u0449,realcartest,898.0,900.0,2898.0,2900.0,30.0,not_used,5.0,6.433908045977011,-1.4339080459770113,-0.47781199422217957,0.0,1.956896551724138,-1.956896551724138,-0.8533352190005167,0.0145469795931775,0.013561818859054971,0.000985160734122529,0.0857814477221853,0.0689449718126302,0.0900936772323574,-0.021148705419727187,-0.27356070538594623,0.007809363956309,0.007226547875578045,0.0005828160807309548,0.054896766422579686,0.0122890091129047,0.015391095830650459,-0.003102086717745759,-0.275040963459529,0.0113677844946888,0.019809028125105817,-0.008441243630417018,-0.691690725713523,0.0133041969905321,0.017890481423031297,-0.004586284432499197,-0.3173502460558538,0.1260869760053366,0.12005842713233242,0.006028548873004191,0.11612258024410178,0.5,0.42528735632183906,0.07471264367816094,0.227929910864789,2.0,1.8879310344827587,0.11206896551724133,0.09014311579442663,0.1628062229396545,0.22883298709240152,-0.06602676415274703,-0.9015134372082378,0.2259478475248036,0.31715532019038983,-0.09120747266558624,-0.8679793726920765,0.273972602739726,0.4597701149425287,-0.18579751220280266,-0.6707735939239876
u0450,realcartest,900.0,902.0,2900.0,2902.0,30.0,not_used,2.75,6.321839080459769,-3.5718390804597693,-1.175639887429014,0.0,1.8706896551724137,-1.8706896551724137,-0.8070093599849643,0.0266310926794406,0.013948288339921308,0.012682804339519292,1.0898748230936082,0.0782069195817651,0.09147187777504312,-0.013264958193278026,-0.1723205583014165,0.0084534088923345,0.007260926171719028,0.0011924827206154726,0.11224315734114201,0.0203226708277609,0.016738393225994873,0.003584277601766026,0.2560546264561827,0.0180718133771208,0.020453349570611363,-0.002381536193490564,-0.1806510816548252,0.0217633148721867,0.019531943005744262,0.002231371866442438,0.1277497492350044,0.1373929037919384,0.11949347107078045,0.017899432721157932,0.34655634456186746,0.5,0.42528735632183906,0.07471264367816094,0.227929910864789,1.0,1.8362068965517242,-0.8362068965517242,-0.6815119115148158,0.1436151169931958,0.2325838442155104,-0.08896872722231461,-1.2047833034737971,0.2170952013579307,0.3194782663845942,-0.1023830650266635,-0.9609710151240692,0.1506849315068493,0.4489056841442292,-0.2982207526373799,-1.062989657624184
u0451,realcartest,902.0,904.0,2902.0,2904.0,30.0,not_used,3.75,6.106321839080459,-2.356321839080459,-0.7878150029783342,0.0,1.7241379310344827,-1.7241379310344827,-0.7505232032244361,0.0354604712139662,0.015402406076619279,0.02005806513734692,1.4900939886995723,0.2271687938650081,0.09521126175733974,0.13195753210766836,1.6911943185994585,0.0363256690352501,0.00792937483198799,0.02839629420326211,2.6226700276346944,0.0068057547872894,0.018596801230524623,-0.011791046443235222,-0.6839078493209916,0.0115660533441615,0.022392799395965637,-0.010826746051804137,-0.6694758577099189,0.0071235577955934,0.021807410497722585,-0.014683852702129185,-0.6918214171308703,0.1487473071381949,0.1188943562075822,0.0298529509306127,0.5739390282783171,0.75,0.43390804597701144,0.31609195402298856,0.9887865147828522,1.25,1.7844827586206897,-0.5344827586206897,-0.4274540774245501,0.2166081399331952,0.2372304129214987,-0.02062227298830352,-0.26161013967842495,0.2483816088643154,0.32156908254743893,-0.07318747368312353,-0.6717613133771728,0.2054794520547945,0.42906628877342146,-0.22358683671862695,-0.8080705451083772
u0452,realcartest,904.0,906.0,2904.0,2906.0,30.0,not_used,3.75,5.890804597701149,-2.140804597701149,-0.7179489905199052,0.0,1.6551724137931034,-1.6551724137931034,-0.7163979620186025,0.0352593413992248,0.01538655932426934,0.019872782074955457,1.4753255742993707,0.2500320152752101,0.09546657863736405,0.15456543663784603,1.9845970684239571,0.0443294893295291,0.008282923494385945,0.03604656583514315,3.3425541476616534,0.0109479130358387,0.018977575240116555,-0.008029662204277855,-0.46664459130090674,0.0114921823522632,0.022174957951084224,-0.010682775598821024,-0.6583096893110691,0.0132307134874186,0.022389384115978083,-0.009158670628559483,-0.4320003249714898,0.1672765128873848,0.11856823385671285,0.048708279030671944,0.9327928838216248,0.5,0.43390804597701144,0.06609195402298856,0.20674627127277828,2.0,1.7413793103448276,0.2586206896551724,0.2032882409714244,0.1711173715194381,0.23435252514100924,-0.06323515362157114,-0.7722777227005662,0.2659787337534144,0.31740991061146634,-0.05143117685805193,-0.4631386501069112,0.2054794520547945,0.41347819241064393,-0.20799874035584942,-0.7491199995911171
u0453,realcartest,906.0,908.0,2906.0,2908.0,30.0,not_used,4.5,5.701149425287356,-1.2011494252873556,-0.4159288400066842,0.0,1.5,-1.5,-0.6673773231595277,0.0104490086100957,0.01506362489874596,-0.00461461628865026,-0.3373318819825704,0.0513669452797617,0.09307200147085166,-0.04170505619108997,-0.5239998092653009,0.000800276564884,0.008158512270454265,-0.007358235705570265,-0.6779177723540939,0.0272222929543939,0.018874017487617342,0.008348275466776557,0.4839222825246178,0.0298245651617581,0.021695649866300175,0.008128915295457926,0.4948092988247721,0.0300511227345079,0.02218902270039203,0.00786210003411587,0.3693473532832322,0.0626658813894419,0.1166942447808431,-0.0540283633914012,-1.0166516619129102,0.0,0.41666666666666663,-0.41666666666666663,-1.2664842284390894,1.0,1.6896551724137931,-0.6896551724137931,-0.5470988783364649,0.1625494163568077,0.22923627219572693,-0.06668685583891923,-0.7864469117971066,0.23798986749452,0.30830095687895487,-0.07031108938443487,-0.6235200080854459,0.2465753424657534,0.3945835301527318,-0.14800818768697838,-0.5509328833327128
u0454,realcartest,908.0,910.0,2908.0,2910.0,30.0,not_used,1.0,5.485632183908045,-4.485632183908045,-1.653835551491011,0.75,1.3448275862068966,-0.5948275862068966,-0.27164512242197153,0.0053073168587102,0.014787747073394622,-0.009480430214684423,-0.6838049911146563,0.0176039298674114,0.09059987312289858,-0.07299594325548718,-0.8985900805910036,0.0024784791983958,0.008049745127692824,-0.005571265929297024,-0.5103330968072022,0.009528087108,0.018599454443372913,-0.009071367335372912,-0.5216765265119762,0.0220647069615302,0.021100328323602195,0.0009643786379280039,0.057901840637725244,0.0111955108236743,0.021822406158074455,-0.010626895334400156,-0.495094258879943,0.2521829928194114,0.11069062893112702,0.1414923638882844,2.6564727001356734,1.0,0.38218390804597696,0.617816091954023,1.9411163884187048,1.0,1.543103448275862,-0.5431034482758621,-0.4775468801629742,0.3098189890617667,0.2204378994808777,0.089381089580889,1.0626632540248693,0.2407669129120179,0.2955964082738423,-0.05482949536182441,-0.4916751361240907,0.0958904109589041,0.3742717682254763,-0.2783813572665722,-1.0897911540652623
u0455,realcartest,910.0,912.0,2910.0,2912.0,30.0,not_used,2.333333333333333,5.175287356321839,-2.8419540229885056,-1.1592819461857564,0.0,1.1293103448275863,-1.1293103448275863,-0.5659922342743879,0.0008439729959213,0.014609211775474635,-0.013765238779553334,-0.9834312039347983,0.0018260671442121,0.08827003147374293,-0.08644396432953083,-1.0446671339780573,0.0005579030338186,0.00801697548247906,-0.007459072448660459,-0.6818560675430544,0.0007774317556992,0.0185807391064533,-0.0178033073507541,-1.0232859774280947,0.0015548635113984,0.02095529695875422,-0.01940043344735582,-1.15974263697298,0.0008307921220277,0.021763899794563443,-0.020933107672535742,-0.9738929455417988,0.1203623669961552,0.10958380090298982,0.010778566093165382,0.19883753077718844,0.3333333333333333,0.37356321839080453,-0.040229885057471215,-0.1237630261915033,1.0,1.5086206896551724,-0.5086206896551724,-0.4469184007398878,0.1304667086679156,0.21205603142398977,-0.08158932275607417,-0.9592192737920706,0.1162960539730339,0.28322239298311347,-0.16692633901007958,-1.5057006982762768,0.1278538812785388,0.34545740828216026,-0.21760352700362146,-0.9502468324235874
u0456,realcartest,912.0,914.0,2912.0,2914.0,30.0,not_used,2.5,4.925287356321839,-2.4252873563218387,-1.06127677807857,0.0,0.9051724137931034,-0.9051724137931034,-0.5243319024653615,0.0015710582220717,0.014383035379684344,-0.012811977157612644,-0.905581422456798,0.006104135429659,0.085848779378507,-0.079744643948848,-0.9472414889429255,0.0008641027276545,0.007944347780613606,-0.007080245052959106,-0.6445875967303788,0.0027968792995009,0.018634485408604417,-0.015837606109103515,-0.9115473536634108,0.0030199449990341,0.020613869051179325,-0.017593924052145226,-1.040962957999109,0.003202554506759,0.02173990091082955,-0.01853734640407055,-0.8620061038316309,0.1733400948216156,0.10535412506241841,0.0679859697591972,1.3177317043205705,0.75,0.36494252873563215,0.38505747126436785,1.2101080290010802,1.75,1.353448275862069,0.39655172413793105,0.44108595801857287,0.2435706939502274,0.2039921031196636,0.03957859083056381,0.4979167721112827,0.1770148223008263,0.27066643507644594,-0.09365161277561965,-0.897202264448128,0.136986301369863,0.3194772476775311,-0.1824909463076681,-0.8947446387012346
u0457,realcartest,914.0,916.0,2914.0,2916.0,30.0,not_used,4.0,4.78735632183908,-0.7873563218390798,-0.35296971197912563,0.0,0.6982758620689655,-0.6982758620689655,-0.48526489520657456,0.0035162362073051,0.01530969982215744,-0.01179346361485234,-0.8015819811428395,0.0284427534064484,0.09200769126658032,-0.06356493786013191,-0.7093222059757662,0.0030071080067456,0.009150699701722055,-0.006143591694976455,-0.5023018835101232,0.0072217392619216,0.018783562368145736,-0.011561823106224136,-0.668885173873488,0.0100610464553628,0.020750074304707173,-0.010689027849344373,-0.6343046443183797,0.0073564655806642,0.021847211871382544,-0.014490746290718344,-0.6757655972529661,0.0691684459301109,0.1047883026570117,-0.035619856726900795,-0.6945906432993867,0.0,0.36494252873563215,-0.36494252873563215,-1.1468934304711729,0.75,1.293103448275862,-0.5431034482758621,-0.6438635471828252,0.0932078807022726,0.200348135104762,-0.1071402544024894,-1.3990886552253898,0.1412851808348379,0.26535831145103933,-0.12407313061620143,-1.228535562192259,0.2191780821917808,0.30058258541961896,-0.08140450322783815,-0.43390718396149214
u0458,realcartest,916.0,918.0,2916.0,2918.0,30.0,not_used,6.25,4.606321839080459,1.6436781609195412,0.7947127666209752,0.0,0.5086206896551724,-0.5086206896551724,-0.45376561088586154,0.0037430982377962,0.015101142425867112,-0.011358044188070912,-0.7655500262076202,0.0319948854858636,0.08958661726989071,-0.057591731784027114,-0.6332887596592031,0.0016897808971021,0.009525123858558521,-0.007835342961456422,-0.6385038255987087,0.0098179854234051,0.018668065339938054,-0.008850079916532954,-0.510274662534577,0.0139575371381101,0.020439842634175837,-0.006482305496065736,-0.38313458038811654,0.0102742568789468,0.0216837643678705,-0.0114095074889237,-0.5300626538922286,0.0973190080182135,0.10153205837567963,-0.004213050357466136,-0.08474327810779878,0.0,0.3477011494252873,-0.3477011494252873,-1.120466436425884,2.0,1.1724137931034482,0.8275862068965518,1.2123763686785318,0.1595921042613077,0.1929680830529543,-0.03337597879164658,-0.4423191337720274,0.2164171818434527,0.25464321640762155,-0.03822603456416884,-0.39613860222981456,0.3424657534246575,0.2802708234923634,0.06219492993229414,0.38478013350377444
u0459,realcartest,918.0,920.0,2918.0,2920.0,30.0,not_used,3.75,4.433908045977011,-0.6839080459770113,-0.3564528193370896,0.0,0.3448275862068966,-0.3448275862068966,-0.4385817269716896,0.0298971439313561,0.015024093278199594,0.014873050653156507,0.999597544811592,0.2187789066336538,0.0873012316081019,0.1314776750255519,1.4286059854190682,0.0221184128553528,0.009495927547705759,0.01262248530764704,1.027031192146023,0.0343861482038329,0.018421967983725723,0.015964180220107177,0.9145182088736443,0.0547867977147598,0.01982149422349169,0.03496530349126811,2.0407077315464046,0.0380683029614632,0.02139199250169232,0.016676310459770877,0.7701544126529698,0.1398822444139969,0.1019122423922663,0.037970002021730606,0.7675803913784786,1.0,0.3563218390804597,0.6436781609195403,2.117735854249358,1.75,1.1551724137931034,0.5948275862068966,0.8741884564920108,0.2946176588477043,0.188004564180913,0.10661309466679131,1.3925776543664126,0.3555823494314009,0.2462470898584339,0.10933525957296697,1.1422277543665451,0.2054794520547945,0.26184852779089907,-0.05636907573610456,-0.4122011940725963
u0460,realcartest,920.0,922.0,2920.0,2922.0,30.0,not_used,3.75,4.278735632183908,-0.5287356321839081,-0.30445805379944574,1.0,0.23275862068965517,0.7672413793103449,1.359135068463896,0.007275044911886,0.014967328248226016,-0.007692283336340016,-0.5159615726304072,0.0623143894464603,0.08520399856094248,-0.02288960911448218,-0.24642923799159042,0.003788164790752,0.009504918402962168,-0.005716753612210168,-0.46538442748363434,0.0173888817449265,0.018371854291271236,-0.0009829725463447354,-0.056226460273793355,0.0169370234238168,0.019768824087937235,-0.0028318006641204346,-0.16505948446883315,0.019305950659001,0.02133364534694229,-0.0020276946879412908,-0.09351400454080046,0.1036824214595189,0.10189435947186945,0.0017880619876494558,0.0361311062232177,0.5,0.3563218390804597,0.14367816091954028,0.4727088960378032,1.25,1.1724137931034482,0.07758620689655182,0.1169521763378177,0.1334498923973542,0.1840270693377351,-0.050577176940380913,-0.6470089271770947,0.2231482834269692,0.23990486887552664,-0.01675658544855743,-0.17356591396857682,0.2602739726027397,0.24720516454101715,0.013068808061722559,0.11411050532045115
u0461,realcartest,922.0,924.0,2922.0,2924.0,30.0,not_used,4.25,4.209770114942528,0.040229885057471826,0.02477934324460069,0.0,0.13793103448275862,-0.13793103448275862,-0.45218673515537716,0.0172459778307576,0.014979881198951096,0.002266096631806505,0.15205370937468893,0.0749433183727712,0.08408544973925998,-0.009142131366488782,-0.09813249514588225,0.0027607465988397,0.009538773150787877,-0.006778026551948178,-0.5527522321027963,0.0364944581199225,0.01845860743327552,0.01803585068664698,1.0344155174804297,0.0383677320922228,0.01977482600181173,0.01859290609041107,1.0839341184026823,0.042572010481,0.021426639704464352,0.021145370776535645,0.9774419691391355,0.0282051256820293,0.0988874587189601,-0.0706823330369308,-1.3922658556554626,0.0,0.3390804597701149,-0.3390804597701149,-1.0957914410932548,0.5,1.1379310344827587,-0.6379310344827587,-0.950124499451326,0.2128047739269155,0.1815656285585985,0.031239145368316984,0.3965617756212758,0.2723624363810093,0.2351818431986598,0.03718059318234951,0.38816552522444425,0.2328767123287671,0.23823019996850892,-0.005353487639741805,-0.055704929342499675
u0462,realcartest,924.0,926.0,2924.0,2926.0,30.0,not_used,4.75,4.132183908045977,0.6178160919540234,0.4386768601116497,0.0,0.10344827586206896,-0.10344827586206896,-0.4000000000000001,0.050020620796435,0.015352697077206398,0.034667923719228604,2.3360560150548664,0.3448283739911858,0.0846579088982077,0.26017046509297814,2.794629219165372,0.0158449784712595,0.009586033139223547,0.006258945332035953,0.5117225780531135,0.0518859318127001,0.018946028206926632,0.032939903605773466,1.900235589525904,0.051292769074331,0.020071729424573317,0.031221039649757684,1.828640780783617,0.0714650047075469,0.022050917004948066,0.04941408770259883,2.2966393298655676,0.051415193839914,0.09740195346025739,-0.04598675962034339,-0.8974705545251651,0.0,0.32183908045977005,-0.32183908045977005,-1.0253246544386145,0.5,1.1293103448275863,-0.6293103448275863,-0.9416415729530413,0.3232495040275058,0.17997081910217877,0.14327868492532703,1.8240340876257843,0.4513399609356004,0.23414153040965976,0.21719843052594065,2.282665349344629,0.2602739726027397,0.2320894347346875,0.028184537868052223,0.3593479266977553
u0463,realcartest,926.0,928.0,2926.0,2928.0,30.0,not_used,4.75,4.140804597701149,0.6091954022988508,0.4252469512905079,0.0,0.07758620689655173,-0.07758620689655173,-0.3396831102433787,0.0257161594416818,0.016141985447472165,0.009574173994209637,0.6357866079622667,0.1873121182268692,0.08634300595561839,0.1009691122712508,1.0849317505669853,0.0203146056859241,0.009723459937633105,0.010591145748290997,0.8697318383353324,0.0339625788528871,0.019519162947502507,0.014443415905384595,0.8388499520010416,0.0324158801458832,0.020328285382257644,0.012087594763625559,0.7118357560906374,0.0412814932792852,0.022784286215744732,0.01849720706354047,0.8646426306662919,0.0609262409042427,0.09465790095149491,-0.03373166004725221,-0.6704309710124062,0.25,0.3132183908045977,-0.06321839080459768,-0.20242351488131222,0.25,1.0517241379310345,-0.8017241379310345,-1.6120974452795722,0.1803167926581668,0.17767076116298058,0.0026460314951862185,0.033993546436723,0.3069251722768427,0.23458458803980456,0.07234058423703812,0.7575809979383444,0.2602739726027397,0.23114470162179185,0.029129270980947863,0.38551372661126804
u0464,realcartest,928.0,930.0,2928.0,2930.0,30.0,not_used,3.75,4.192528735632184,-0.44252873563218387,-0.29727070937380123,0.0,0.07758620689655173,-0.07758620689655173,-0.3396831102433787,0.0239175207150314,0.017961013244042347,0.005956507470989053,0.3363528060401945,0.0922605686096609,0.09026494770808399,0.001995620901576914,0.021088123995112656,0.0100649277767394,0.009935840018727366,0.0001290877580120333,0.010584483075157166,0.0611105581398972,0.02053334746573549,0.040577210674161715,2.3024107974452734,0.0487662858886599,0.02202089253246568,0.026745393356194223,1.4542528718906924,0.0718254108198094,0.024179531413328258,0.047645879406481136,2.161906937375936,0.1359624609296203,0.09262568734527918,0.043336773584341126,0.8634033322372112,0.5,0.2959770114942528,0.20402298850574718,0.6470608222116343,1.5,1.0086206896551724,0.4913793103448276,1.0533903111102665,0.2969843019556676,0.1816544147254483,0.11532988723021931,1.4433316410047072,0.41854985184555,0.2403459566925629,0.1782038951529871,1.7866879323605964,0.2054794520547945,0.2339789009604786,-0.028499448905684094,-0.36261842915460535
u0465,realcartest,930.0,932.0,2930.0,2932.0,30.0,not_used,3.75,4.3390804597701145,-0.5890804597701145,-0.38067806863799963,0.0,0.07758620689655173,-0.07758620689655173,-0.3396831102433787,0.0515010762360178,0.019171961004554882,0.032329115231462924,1.6679800352385967,0.1692804250753855,0.09359295180928855,0.07568747326609694,0.7897336543257605,0.0205472361859812,0.010045441092691012,0.010501795093290188,0.861056203714076,0.07186763076984,0.02029730180864338,0.05157032896119662,2.9183903387015775,0.0721647472355602,0.021872720437151095,0.050292026798409106,2.727389112461384,0.0856156469680032,0.023984617174877494,0.0616310297931257,2.790719826496497,0.0789521201175187,0.0911310793581812,-0.012178959240662493,-0.2461494679028399,0.25,0.2959770114942528,-0.04597701149425282,-0.14581652331529765,0.5,1.0258620689655173,-0.5258620689655173,-1.1070798631769574,0.3841305873634689,0.1823955234771746,0.20173506388629428,2.5328220424492094,0.4748980540999212,0.2424714338187374,0.2324266202811838,2.327097223504132,0.2054794520547945,0.24200913242009128,-0.036529680365296774,-0.44813204842813
u0466,realcartest,932.0,934.0,2932.0,2934.0,30.0,not_used,3.0,4.399425287356322,-1.3994252873563218,-0.8985698686434143,0.25,0.07758620689655173,0.1724137931034483,0.7548513560963971,0.0073813231603885,0.019958659676110053,-0.012577336515721554,-0.6147168772928482,0.0551625716645718,0.09090050052790669,-0.035737928863334885,-0.3838386510498174,0.0119150708480772,0.009063197711632274,0.002851873136444926,0.25596159113102357,0.0227948007032367,0.020232967351691673,0.002561833351545025,0.14454742922391758,0.0149897482369621,0.021690723874960478,-0.006700975637998378,-0.36092604684461155,0.029651021675349,0.023959364665875067,0.005691657009473931,0.25749498923744873,0.0814777334545295,0.08886846108872859,-0.007390727634199096,-0.15308966239427582,0.25,0.278735632183908,-0.02873563218390801,-0.09469425238482115,0.5,1.0258620689655173,-0.5258620689655173,-1.1070798631769574,0.1088150735462931,0.17934156604926949,-0.07052649250297638,-0.881854282406537,0.2036270161998424,0.2409654456187785,-0.037338429418936114,-0.372985662711936,0.1780821917808219,0.24531569831522593,-0.06723350653440402,-0.8208169674908962
u0467,realcartest,934.0,936.0,2934.0,2936.0,30.0,not_used,4.5,4.485632183908045,0.014367816091954921,0.00904802882386403,0.25,0.07758620689655173,0.1724137931034483,0.7548513560963971,0.0017295743568337,0.020844641198974948,-0.01911506684214125,-0.883860541157059,0.0034100314245464,0.08724006773616388,-0.08383003631161748,-0.9444157311807096,0.0003264662704947,0.007743603481465919,-0.0074171372109712195,-0.8301823756375287,0.0100971024302776,0.020128660739052864,-0.010031558308775263,-0.5640060271957503,0.0081450566525486,0.021776075203588742,-0.013631018551040142,-0.7358323473998878,0.0102809953613784,0.023810873986843627,-0.013529878625465227,-0.6097334674209044,0.0644339879854166,0.08518782146006731,-0.02075383347465072,-0.4493882150085082,0.0,0.2614942528735632,-0.2614942528735632,-0.8584905660377358,1.25,0.9913793103448276,0.2586206896551724,0.5906244232186183,0.110146887926073,0.17821839839125825,-0.06807151046518525,-0.8476004200521722,0.1596991956221863,0.23932457679156782,-0.07962538116938153,-0.7956696803016955,0.2602739726027397,0.25003936387970394,0.010234608723035776,0.12269786992277248
u0468,realcartest,936.0,938.0,2936.0,2938.0,30.0,not_used,4.75,4.554597701149425,0.19540229885057503,0.11988229106626497,0.0,0.07758620689655173,-0.07758620689655173,-0.3396831102433787,0.001716133033681,0.02280096010256975,-0.02108482706888875,-0.9122547271279746,0.0025140345831837,0.09023141843129094,-0.08771738384810725,-0.9859643699940341,0.0002469850907577,0.008114807875634185,-0.007867822784876485,-0.8878670527584028,0.006075395902227,0.019485228376526477,-0.013409832474299478,-0.7510246654944602,0.0064575907669897,0.021177911681551153,-0.014720320914561453,-0.7941843949665346,0.0063161222454973,0.0231454637120668,-0.0168293414665695,-0.7552934172758069,0.0255782557510952,0.0860131074218766,-0.060434851670781393,-1.3142011037358254,0.0,0.278735632183908,-0.278735632183908,-0.9185342481327662,0.5,1.0,-0.5,-1.1352924243950935,0.1038325113969084,0.17813373331182814,-0.07430122191491974,-0.9249657868905249,0.1287580076571925,0.23941800450754597,-0.11065999685035346,-1.1057884429843605,0.2602739726027397,0.2538182963312864,0.0064556762714533256,0.07539593195337177
u0469,realcartest,938.0,940.0,2938.0,2940.0,30.0,not_used,3.0,4.770114942528735,-1.7701149425287346,-1.136670669829348,0.0,0.05172413793103448,-0.05172413793103448,-0.2721655269759087,0.0017379688471188,0.024968908101571232,-0.02323093925445243,-0.9564397492948962,0.002372442351846,0.09440389289242863,-0.09203145054058263,-1.0422943624577536,7.335586757398172e-05,0.008202543321322099,-0.008129187453748117,-0.921913161728889,0.009675587488759,0.01930244129818901,-0.009626853809430012,-0.5353291706999788,0.0105442206418478,0.02073941773458406,-0.01019519709273626,-0.5463962571307518,0.0099782043439438,0.02292692675979244,-0.012948722415848641,-0.5773311857764217,0.0482258655979273,0.07935148522921567,-0.031125619631288376,-0.9205089483675237,0.0,0.2528735632183908,-0.2528735632183908,-0.9326933432875435,1.0,1.0,0.0,0.0,0.0851473572166481,0.17280339289607996,-0.08765603567943187,-1.1466014666123092,0.1158520613569298,0.23886990823274049,-0.12301784687581069,-1.2288510458895707,0.1643835616438356,0.26421036057313807,-0.09982679892930246,-1.1869953782909595
u0470,realcartest,940.0,942.0,2940.0,2942.0,30.0,not_used,3.0,4.922413793103448,-1.9224137931034484,-1.2587825547985259,0.0,0.05172413793103448,-0.05172413793103448,-0.2721655269759087,0.0018440968325388,0.02722076233153872,-0.025376665498999917,-1.016461132806159,0.0023682911990262,0.09917886911684749,-0.0968105779178213,-1.1141162243477014,0.000168556321504,0.008271322635663412,-0.008102766314159411,-0.9243967934943914,0.0117026726515166,0.019402766278565433,-0.007700093627048833,-0.43047856167548937,0.0072960066021114,0.020892818894909085,-0.013596812292797685,-0.7342331606262139,0.0118805231512738,0.02304584495100706,-0.011165321799733261,-0.5002385378989619,0.07884102114704,0.07576476721479267,0.003076253932247336,0.08845909869747977,0.5,0.2413793103448276,0.2586206896551724,0.9421114395319916,0.75,0.9741379310344828,-0.22413793103448276,-0.4860025335464384,0.147922500045411,0.17372572597984876,-0.025803225934437762,-0.3391023257636327,0.1504349581027676,0.24170056615479488,-0.09126560805202727,-0.9338112081091999,0.1643835616438356,0.2725555030703826,-0.10817194142654701,-1.3169186586958481
u0471,realcartest,942.0,944.0,2942.0,2944.0,30.0,not_used,3.75,5.017241379310345,-1.2672413793103452,-0.8693812251167607,0.0,0.07758620689655173,-0.07758620689655173,-0.3396831102433787,0.0370804580260492,0.02935410696448123,0.007726351061567972,0.3051060291702513,0.2548116954810016,0.10364927990330096,0.1511624155777006,1.7718871293343041,0.0380356370022485,0.008620806076720987,0.02941483092552751,3.394816325420279,0.0105006826164234,0.019397749775481258,-0.008897067159057859,-0.4972661186516579,0.0164595521531454,0.020961440525372684,-0.004501888372227283,-0.24393063400515028,0.0110548625155102,0.023043424792018753,-0.011988562276508553,-0.537070221065403,0.1251738373438121,0.07191370318844134,0.05326013415537076,1.8024872599970851,0.75,0.21551724137931033,0.5344827586206897,2.053025153450818,1.25,0.9482758620689655,0.3017241379310345,0.6898644619872629,0.2116435018009146,0.16944980897984102,0.042193692821073575,0.5586368902553339,0.2566081879008831,0.24220505534507647,0.014403132555806608,0.14782048874048434,0.2054794520547945,0.27916863486065185,-0.07368918280585735,-0.9374823942008832
u0472,realcartest,944.0,946.0,2944.0,2946.0,30.0,not_used,4.0,5.094827586206897,-1.0948275862068968,-0.7492136431202496,0.0,0.07758620689655173,-0.07758620689655173,-0.3396831102433787,0.0034172156895209,0.03166982108907352,-0.02825260539955262,-1.090059294033961,0.0062072013730842,0.10740264732040887,-0.10119544594732467,-1.200296297026597,0.0160933935896453,0.00864036211174658,0.0074530314778987194,0.8613661670917185,0.0082746522112403,0.019238257109427087,-0.010963604898186787,-0.6084148495844165,0.0124190767140993,0.020755767096582507,-0.008336690382483207,-0.44800344842759954,0.0086989640486462,0.022908454395711073,-0.014209490347064873,-0.6335553580262969,0.0802359071541091,0.07084168466511552,0.009394222488993575,0.31121776472166585,0.25,0.21551724137931033,0.03448275862068967,0.13245323570650444,0.5,0.9482758620689655,-0.4482758620689655,-1.0249414863810766,0.101202580419938,0.1712774045924814,-0.07007482417254339,-0.9432109644005449,0.1460654770847324,0.24396073562659146,-0.09789525854185907,-1.0191982418282508,0.2191780821917808,0.2834199338686821,-0.06424185167690127,-0.8175581153923819
u0473,realcartest,946.0,948.0,2946.0,2948.0,30.0,not_used,3.75,5.103448275862069,-1.3534482758620694,-0.9214592509833918,0.0,0.07758620689655173,-0.07758620689655173,-0.3396831102433787,0.0057326842009893,0.033922708390047955,-0.028190024189058655,-1.0746982229024102,0.0116146201447635,0.11112715004922186,-0.09951252990445836,-1.1949923808018128,0.0011567709486125,0.00868726743375086,-0.00753049648513836,-0.8737713002357955,0.0070135099157496,0.01911813777556377,-0.012104627859814171,-0.6689930264879119,0.0052506572453823,0.020560559469928772,-0.015309902224546472,-0.8183499983278033,0.0078083064456801,0.022834238965686746,-0.015025932520006646,-0.6686104319147808,0.0748441779833704,0.06848292490313893,0.0063612530802314715,0.2072570812366004,0.25,0.21551724137931033,0.03448275862068967,0.13245323570650444,1.0,0.896551724137931,0.10344827586206895,0.260746368249379,0.1016506418180621,0.17082108390251527,-0.06917044208445317,-0.9296498716913946,0.1375788758176973,0.24362219174723426,-0.10604331592953697,-1.1027230051691288,0.2054794520547945,0.2838923004251299,-0.07841284837033541,-0.9929266835606019
u0474,realcartest,948.0,950.0,2948.0,2950.0,30.0,not_used,4.25,5.241379310344827,-0.9913793103448274,-0.6513307390037576,0.0,0.07758620689655173,-0.07758620689655173,-0.3396831102433787,0.0064069630671969,0.03423275959111567,-0.027825796523918773,-1.0606620234249227,0.0182385704807781,0.11000867465938328,-0.09177010417860518,-1.1187419344276446,0.0009849142923118,0.008225999266084017,-0.0072410849737722174,-0.8791238309648082,0.0086066272059028,0.018506823551003318,-0.009900196345100518,-0.5541462303607892,0.0117617124916505,0.019400080276264334,-0.007638367784613834,-0.43504635635523053,0.0093302005531174,0.022286195173318524,-0.012955994620201125,-0.5812934971558469,0.0434683494647373,0.06683079103127501,-0.02336244156653771,-0.8351515106447355,0.0,0.1810344827586207,-0.1810344827586207,-0.8353351483845164,0.75,0.8879310344827587,-0.13793103448275867,-0.36251460354355514,0.0969750460499106,0.16672966202380338,-0.06975461597389278,-0.9872907856212985,0.1386543501059703,0.2420464025200032,-0.1033920524140329,-1.0920112901766685,0.2328767123287671,0.29145016532829476,-0.05857345299952765,-0.7182404110482831
u0475,realcartest,950.0,952.0,2950.0,2952.0,30.0,not_used,6.0,5.405172413793103,0.5948275862068968,0.3703687163558611,0.0,0.0603448275862069,-0.0603448275862069,-0.35629061899150133,0.008776984191739,0.03484182153803728,-0.026064837346298282,-1.010150486930994,0.0454739133673151,0.11225368640025238,-0.06677977303293728,-0.8185460925397228,0.0021767711235669,0.008487612345385852,-0.006310841221818952,-0.7684858433786025,0.010295978778232,0.01840204910398985,-0.008106070325757851,-0.4533386692884935,0.011074614594075,0.01930277976223628,-0.00822816516816128,-0.4680737018468997,0.0110953912325262,0.022227138911549184,-0.011131747679022985,-0.4992195589408691,0.0354572965048901,0.06734031536039048,-0.03188301885550038,-1.1084388342541014,0.0,0.1810344827586207,-0.1810344827586207,-0.8353351483845164,0.5,0.9224137931034483,-0.4224137931034483,-0.9374664464468916,0.1278423168518863,0.16861304186513779,-0.04077072501325149,-0.5785703691427099,0.1844859481042293,0.24540235888144474,-0.060916410777215435,-0.6367301015800854,0.3287671232876712,0.29948039678790744,0.02928672649976377,0.3283504073625389
u0476,realcartest,952.0,954.0,2952.0,2954.0,30.0,not_used,7.25,5.594827586206897,1.6551724137931032,0.9328305249167235,0.0,0.0603448275862069,-0.0603448275862069,-0.35629061899150133,0.0180630274066669,0.03488915314268844,-0.016826125736021536,-0.6528879002797789,0.082178271807977,0.11363169831054694,-0.03145342650256994,-0.3869834135798915,0.0021643793398043,0.00853248494377114,-0.006368105603966839,-0.778103352978105,0.0221622298732069,0.01818823431686327,0.003973995556343632,0.22452769500534628,0.0196281163602997,0.019135008520369562,0.0004931078399301389,0.02830941212133218,0.0267282427691064,0.021976944724488363,0.004751298044618036,0.21490802669982562,0.0603794636091046,0.06893086515728558,-0.00855140154818098,-0.3074324703409097,0.0,0.1896551724137931,-0.1896551724137931,-0.8849697853800426,1.25,0.9482758620689655,0.3017241379310345,0.6748261513697367,0.1687185435525857,0.16885727190793656,-0.00013872835535086447,-0.0019640765059110565,0.2777743429180184,0.24886215333875258,0.028912189579265807,0.2939439248565691,0.3972602739726027,0.3098724610297591,0.08738781294284359,0.8921284740826866
u0477,realcartest,954.0,956.0,2954.0,2956.0,30.0,not_used,8.25,5.724137931034483,2.525862068965517,1.3702364380179373,0.0,0.0603448275862069,-0.0603448275862069,-0.35629061899150133,0.0313290292830947,0.03405524582258724,-0.0027262165394925375,-0.10624486146407891,0.1081860113308842,0.10652393374106732,0.0016620775898168738,0.024156220653074163,0.0068833834898912,0.008210608551277147,-0.0013272250613859463,-0.16440260334851728,0.0240305344900801,0.017402877130911962,0.006627657359168138,0.3977812063275283,0.0177821902556982,0.01875513664037958,-0.0009729463846813828,-0.05783429187235608,0.0294551602461489,0.020707059802260407,0.008748100443888494,0.4329621826724178,0.0733949344526759,0.0698088479605833,0.003586086492092605,0.12969495028727776,0.25,0.19827586206896552,0.051724137931034475,0.24454174378176669,1.25,0.9741379310344828,0.27586206896551724,0.6239820607736255,0.1696489575392416,0.16483768754360592,0.004811269995635692,0.07423761311329068,0.3134351130274352,0.24544892981449776,0.06798618321293745,0.7323224518240425,0.4520547945205479,0.31695795937647614,0.13509683514407178,1.3312841767891035
u0478,realcartest,956.0,958.0,2956.0,2958.0,30.0,not_used,6.5,5.810344827586207,0.6896551724137927,0.3719361551998847,0.0,0.0603448275862069,-0.0603448275862069,-0.35629061899150133,0.0672987856937128,0.0344081700086459,0.0328906156850669,1.2841391375914462,0.1826812826341321,0.10557480786819858,0.07710647476593353,1.1361266188427712,0.0139683863080426,0.007689117451549092,0.006279268856493507,0.8095442461821302,0.0417003601416611,0.017668087821395187,0.02403227232026591,1.415229044178714,0.0604533918507219,0.01901165037358858,0.041441741477133316,2.4257590364231087,0.0537663077204543,0.02095499020345684,0.03281131751699746,1.600695835668378,0.0671527814250801,0.07094678918748475,-0.0037940077624046414,-0.1357973800554986,0.0,0.20689655172413793,-0.20689655172413793,-0.9472044455566302,0.75,1.0344827586206897,-0.2844827586206897,-0.6207659127814106,0.2783321762512186,0.16622778290644738,0.11210439334477121,1.710101913787212,0.3930275384547954,0.24829069259314332,0.14473684586165206,1.5094686275506157,0.3561643835616438,0.32168162494095415,0.03448275862068967,0.33834026725999056
u0479,realcartest,958.0,960.0,2958.0,2960.0,30.0,not_used,7.0,5.939655172413793,1.0603448275862073,0.5773057522083094,0.0,0.0603448275862069,-0.0603448275862069,-0.35629061899150133,0.0617485777343043,0.03474069246208294,0.02700788527222136,1.0575941125517672,0.1747190385166969,0.10726142267103517,0.06745761584566173,0.9902282161265651,0.0116318400372802,0.007450689811842276,0.004181150225437925,0.5370040637523382,0.0134773467720899,0.016744507354507283,-0.0032671605824173833,-0.21449979450382492,0.0137748226129979,0.018515832720098564,-0.004741010107100664,-0.28893469162919483,0.0161108019571145,0.019995661096786386,-0.003884859139671886,-0.208148558940798,0.0940492721660971,0.06846701401397445,0.025582258152122644,1.0189751760016401,0.5,0.1896551724137931,0.3103448275862069,1.4481323760764337,1.5,1.0258620689655173,0.47413793103448265,1.0495724513642597,0.1651072707932585,0.1634286006133064,0.0016786701799520742,0.027286525171936693,0.2787340380169915,0.24611922077694554,0.032614817240045946,0.3519664916769606,0.3835616438356164,0.3287671232876712,0.0547945205479452,0.5439837932759934
u0480,realcartest,960.0,962.0,2960.0,2962.0,30.0,not_used,5.5,6.086206896551724,-0.5862068965517242,-0.32109067196192226,0.0,0.0603448275862069,-0.0603448275862069,-0.35629061899150133,0.058274732689066,0.03387286817631264,0.024401864512753363,0.9614632132158198,0.1490877067049344,0.1074536668827883,0.0416340398221461,0.6095253765588686,0.0078406109845467,0.006871229297471796,0.0009693816870749048,0.13089397026995284,0.0049400555356899,0.015219472338564986,-0.010279416802875085,-0.9050848636499083,0.0062881530406336,0.01697763644257866,-0.010689483401945058,-0.8187727299054526,0.0063912350345231,0.01817159731515286,-0.01178036228062976,-0.82863355484371,0.0831313773240697,0.0677087965200459,0.015422580804023797,0.6142057925664148,0.25,0.1810344827586207,0.06896551724137931,0.318222913670292,1.25,1.043103448275862,0.2068965517241379,0.4694166071123813,0.1280433745239466,0.15710159546817473,-0.029058220944228136,-0.6321745797472426,0.204707951065509,0.24140076055978674,-0.03669280949427775,-0.4369696796054718,0.3013698630136986,0.3367973547472839,-0.03542749173358528,-0.3547775138856987
u0481,realcartest,962.0,964.0,2962.0,2964.0,30.0,not_used,6.25,6.258620689655173,-0.008620689655172598,-0.0048952605002640604,0.0,0.05172413793103448,-0.05172413793103448,-0.31192514694602186,0.0609528055623068,0.03445024440864656,0.026502561153660238,1.061901895396691,0.1438794643146684,0.1090653171730021,0.03481414714166629,0.5149975315230128,0.0060612566547048,0.00682096484418394,-0.0007597081894791403,-0.10299258723183934,0.0079230212693131,0.01597020022800044,-0.008047178958687338,-0.643990133052147,0.0139673708824829,0.0176918500583352,-0.003724479175852299,-0.27616081628057576,0.0089244837955068,0.018900953319318806,-0.009976469523812006,-0.6525279030854141,0.060537963656208,0.06709037130808217,-0.006552407651874169,-0.2622683639498259,0.0,0.1724137931034483,-0.1724137931034483,-0.7881104062391009,1.0,1.0517241379310345,-0.051724137931034475,-0.11961783342433498,0.1385455094371113,0.16198823402879753,-0.023442724591686226,-0.48780521833110174,0.218393537764304,0.2478736366718641,-0.029480098907560093,-0.3351899427679385,0.3424657534246575,0.34577231931979213,-0.0033065658951346166,-0.03414431033344437
u0482,realcartest,964.0,966.0,2964.0,2966.0,30.0,not_used,6.5,6.413793103448276,0.0862068965517242,0.047969493427507226,0.0,0.04310344827586207,-0.04310344827586207,-0.26650089544451305,0.067182256814345,0.03455042295770195,0.032631833856643054,1.3141248473867704,0.1381161154384464,0.1102111603720604,0.027904955066386003,0.42239157847208786,0.0115652039957637,0.006931602911070511,0.004633601084693189,0.6345848825076511,0.0085627544411288,0.01600540921864663,-0.00744265477751783,-0.596335880689725,0.012477823022668,0.01771639839352191,-0.005238575370853911,-0.3889106214570411,0.01075422476598,0.018958136715531117,-0.008203911949551118,-0.5376201570111712,0.0865991742819108,0.0689797520634573,0.0176194222184535,0.6593461401128499,0.5,0.1896551724137931,0.3103448275862069,1.3846153846153848,1.25,1.103448275862069,0.14655172413793105,0.27577641592229635,0.1600941290533364,0.16628876909786536,-0.006194640044528965,-0.12693811674885822,0.2406992712578868,0.25256316347337854,-0.01186389221549175,-0.1367732960438195,0.3561643835616438,0.3538025507794048,0.002361832782239004,0.023845237303640982
u0483,realcartest,966.0,968.0,2966.0,2968.0,30.0,not_used,7.25,6.5,0.75,0.422519315321117,0.0,0.04310344827586207,-0.04310344827586207,-0.26650089544451305,0.0681778088297532,0.03462141339960736,0.033556395430145845,1.3563393190554975,0.1386056892404043,0.11071076518048431,0.02789492405992,0.4271929260081592,0.0050228071233453,0.006954578535927286,-0.0019317714125819865,-0.2652900311945984,0.0042272618362135,0.016127414160919427,-0.011900152324705926,-0.9596890953471146,0.0093483824994844,0.01779037549836811,-0.00844199299888371,-0.6293604292088771,0.0048579392077178,0.019098878833596906,-0.014240939625879107,-0.9393180079434784,0.0589959492322445,0.07185375280948843,-0.012857803577243927,-0.4874086505825235,0.25,0.20689655172413793,0.04310344827586207,0.18898223650461365,1.0,1.1724137931034482,-0.17241379310344818,-0.2990743022772894,0.1552391170050691,0.16996520330582798,-0.01472608630075889,-0.3070129983994422,0.2248721209426581,0.2566258119829837,-0.03175369104032558,-0.380065988040828,0.3972602739726027,0.3585262163438828,0.0387340576287199,0.39632492252700235
u0484,realcartest,968.0,970.0,2968.0,2970.0,30.0,not_used,6.75,6.586206896551724,0.1637931034482758,0.09867234530358111,0.0,0.05172413793103448,-0.05172413793103448,-0.31192514694602186,0.0661477456649784,0.03467436817091355,0.03147337749406485,1.27569673209323,0.1403003776523595,0.1109358711748798,0.029364506477479707,0.4522169206066639,0.0025525031497167,0.006971960849157421,-0.0044194576994407205,-0.6082488292211875,0.0036868561866153,0.016270533128890492,-0.012583676942275192,-1.0190399343239178,0.006003497160824,0.017780823637023754,-0.011777326476199754,-0.8776696427729135,0.0042794196672517,0.019243775937642343,-0.014964356270390644,-0.991476468203477,0.0163475445778884,0.07280188040680814,-0.05645433582891975,-2.1708928662861666,0.0,0.21551724137931033,-0.21551724137931033,-0.958706236059213,0.25,1.1724137931034482,-0.9224137931034482,-1.6000475171834991,0.1572143680972105,0.1713497142017326,-0.014135346104522079,-0.30703514455323155,0.1983851337126122,0.2594685924127942,-0.061083458700181975,-0.7631770872918349,0.3698630136986301,0.36372224846480866,0.006140765233821455,0.06744357203898087
u0485,realcartest,970.0,972.0,2970.0,2972.0,30.0,not_used,5.25,6.7155172413793105,-1.4655172413793105,-0.9671275099119592,0.75,0.05172413793103448,0.6982758620689655,4.210989483771295,0.0634380525774044,0.03470887203247543,0.02872918054492897,1.1666084883167034,0.135746048236809,0.11121263430562704,0.024533413931181955,0.38044089369749384,0.0109991225183242,0.006978227658692568,0.004020894859631631,0.5538364153430921,0.00265140071006,0.01618343597850253,-0.013532035268442528,-1.0922345617965556,0.0050099722824786,0.017788927048440106,-0.012778954765961505,-0.9527577539078986,0.0031323698960981,0.019166385266856507,-0.016034015370758405,-1.059312181735784,0.0616592380574272,0.07276434673395099,-0.01110510867652379,-0.4271661630656182,0.0,0.20689655172413793,-0.20689655172413793,-0.9472044455566302,1.0,1.1810344827586208,-0.18103448275862077,-0.3165149847554439,0.1195691009500032,0.1714504077299668,-0.05188130677996361,-1.1280992189431502,0.1916450088189909,0.26142547533656174,-0.06978046651757083,-0.8944278212705101,0.3287671232876712,0.37080774681152573,-0.042040623523854515,-0.5071739677132606
u0486,realcartest,972.0,974.0,2972.0,2974.0,30.0,not_used,6.25,6.801724137931035,-0.5517241379310347,-0.39081100146927306,0.0,0.05172413793103448,-0.05172413793103448,-0.31192514694602186,0.0706719458204815,0.03354428141382395,0.03712766440665755,1.4688586930197551,0.1372904085025786,0.10309923131716225,0.03419117718541634,0.5642725205514896,0.0035742330224877,0.0057003365777124415,-0.0021261035552247415,-0.48703290741695593,0.0025964519463505,0.016205701670569915,-0.013609249724219414,-1.0993237354521448,0.0040965170204475,0.017639028381089338,-0.01354251136064184,-1.0068143850706446,0.0034423240877416,0.019184063961189036,-0.015741739873447437,-1.0406342129972117,0.038079908753662,0.06963041117746754,-0.03155050242380554,-1.2646939091904477,0.0,0.1810344827586207,-0.1810344827586207,-0.9244734516419049,0.75,1.1551724137931034,-0.4051724137931034,-0.6925256939166183,0.1462081534688437,0.16887991667465335,-0.02267176320580966,-0.49551086042528153,0.1921999089987726,0.25900263947217983,-0.06680273047340723,-0.8433545418361461,0.3424657534246575,0.37553141237600374,-0.03306565895134622,-0.4292459515672836
u0487,realcartest,974.0,976.0,2974.0,2976.0,30.0,not_used,6.5,6.879310344827586,-0.3793103448275863,-0.28865028629396255,0.0,0.05172413793103448,-0.05172413793103448,-0.31192514694602186,0.0690768299660549,0.03359884577180804,0.03547798419424685,1.40712651660991,0.1400054646214401,0.10394692235884098,0.03605854226259911,0.6071280355497283,0.0030500352352263,0.0051886806940804366,-0.0021386454588541368,-0.538858417245851,0.0063345247413689,0.016443377546912455,-0.010108852805543555,-0.8224628016883003,0.0082965159651517,0.01750193743871885,-0.00920542147356715,-0.6807022186424604,0.0081220094082411,0.019447022747726056,-0.011325013339484956,-0.7545819971946138,0.0289149749208918,0.07049064008269437,-0.04157566516180257,-1.6167071090338687,0.0,0.19827586206896552,-0.19827586206896552,-0.8952737857857515,0.5,1.1896551724137931,-0.6896551724137931,-1.199790055108927,0.1463588042522896,0.17328538499359164,-0.026926580741302053,-0.5960789921202391,0.2065994093420931,0.26275552143196834,-0.056156112089875254,-0.7360336043465227,0.3561643835616438,0.37978271138403386,-0.02361832782239004,-0.330380447299904
u0488,realcartest,976.0,978.0,2976.0,2978.0,30.0,not_used,7.75,6.939655172413793,0.8103448275862073,0.6726996645432765,0.0,0.05172413793103448,-0.05172413793103448,-0.31192514694602186,0.0388886287623198,0.03392530162084124,0.0049633271414785615,0.1992534561305141,0.186343120328335,0.10716091095107795,0.07918220937725705,1.3947252105986283,0.0087416359930144,0.005343059789481375,0.003398576203533024,0.8724581444213246,0.0166580356915799,0.01755526959542244,-0.0008972339038425398,-0.06991016263697883,0.0211329010984912,0.018172731531459183,0.002960169567032017,0.22122521881070636,0.0221750329827848,0.020758363538203803,0.0014166694445809959,0.09090287496175468,0.0919703621299434,0.07059979965825823,0.021370562471685173,0.8302079095967352,0.0,0.19827586206896552,-0.19827586206896552,-0.8952737857857515,1.5,1.1982758620689655,0.3017241379310345,0.5258552101402084,0.1759664243650597,0.17615157986812563,-0.00018515550306594242,-0.004293225947629277,0.3098844618417001,0.2691566057890423,0.040727856052657774,0.5560018716871534,0.4246575342465753,0.3830892772791685,0.04156825696740679,0.636579030738306
u0489,realcartest,978.0,980.0,2978.0,2980.0,30.0,not_used,8.5,6.956896551724138,1.543103448275862,1.3199642422694786,0.5,0.0603448275862069,0.4396551724137931,2.595831652652367,0.0249378413726127,0.03410591329213171,-0.00916807191951901,-0.37076031423971184,0.1274197299316644,0.10877743326986945,0.01864229666179494,0.33986160943073396,0.0113749440905052,0.005483716951299352,0.005891227139205848,1.546998891623331,0.014350422781536,0.017640809782439634,-0.0032903870009036336,-0.2574167907759013,0.0141153085170034,0.01812363779439142,-0.0040083292773880185,-0.29897700809284794,0.0175933190676901,0.02083718651093214,-0.0032438674432420413,-0.20884895871461606,0.1184586270038677,0.07380895887142462,0.044649668132443074,1.601967324991399,0.5,0.21551724137931033,0.28448275862068967,1.2654922315981614,2.25,1.2413793103448276,1.0086206896551724,1.7231988616241654,0.188067907796052,0.17842194049457685,0.009645967301475156,0.2378439895272797,0.3204710179087743,0.2721413642468273,0.048329653661947025,0.6949654959972636,0.4931506849315068,0.384506376948512,0.10864430798299485,1.7409261557897613
u0490,realcartest,980.0,982.0,2980.0,2982.0,30.0,not_used,9.75,6.836206896551724,2.913793103448276,2.057535998167356,0.0,0.0603448275862069,-0.0603448275862069,-0.35629061899150133,0.0186185943656412,0.03406870149941638,-0.015450107133775183,-0.6238276038320267,0.1149056637713133,0.10837255352834639,0.006533110242966905,0.1180127334627365,0.004062051952013,0.0056703932093297,-0.0016083412573167002,-0.4261615602743784,0.0302938292932515,0.01733560656486529,0.01295822272838621,0.9924515721747188,0.0335023660780879,0.01782638319866067,0.015675982879427234,1.1481618771429782,0.0353163790562361,0.020505532380784956,0.014810846675451145,0.935246538467379,0.0743310697919871,0.07610394554291992,-0.001772875750932823,-0.06481073400594607,0.25,0.21551724137931033,0.03448275862068967,0.15339299776947415,1.25,1.2413793103448276,0.008620689655172376,0.014728195398497075,0.2198874451680804,0.17690445111318293,0.04298299405489747,0.9959047625658042,0.3726964756429374,0.2695692332858882,0.10312724235704918,1.3940787587107653,0.5342465753424658,0.37789324515824263,0.15635333018422315,2.0431320266307593
u0491,realcartest,982.0,984.0,2982.0,2984.0,30.0,not_used,8.5,6.655172413793103,1.8448275862068968,1.1077827372055569,0.0,0.0603448275862069,-0.0603448275862069,-0.35629061899150133,0.0258373085135002,0.03351063452521133,-0.00767332601171113,-0.3033217866578177,0.1387032014762775,0.10565263000572375,0.033050571470553736,0.5656247314981467,0.0065105630889337,0.005618752148663201,0.0008918109402704993,0.2327608537069182,0.0291105734201121,0.01669250457675288,0.01241806884335922,0.9364416379011982,0.0402764845546216,0.01739009241618454,0.02288639213843706,1.6596324739279584,0.0346383419629363,0.01970957204113155,0.014928769921804752,0.9283065001027744,0.0768766951355483,0.07641481113284698,0.000461884002701321,0.016965363276201146,0.25,0.22413793103448276,0.025862068965517238,0.11695217633781756,1.25,1.2327586206896552,0.01724137931034475,0.029373674772302204,0.2066815574619172,0.17416709595620294,0.03251446150571424,0.706604724737741,0.3523564787322107,0.26306062042732903,0.08929585830488168,1.1032036693970086,0.4657534246575342,0.3679735474728389,0.09777987718469533,1.0780080349874508
u0492,realcartest,984.0,986.0,2984.0,2986.0,30.0,not_used,7.25,6.413793103448276,0.8362068965517242,0.43860431792203886,0.0,0.0603448275862069,-0.0603448275862069,-0.35629061899150133,0.0359509608373829,0.0324956509613378,0.003455309876045101,0.13316820500087395,0.1597874679136751,0.1020079837261673,0.05777948418750779,0.9413079008652959,0.0051913637938105,0.005399766416378819,-0.00020840262256831884,-0.05298759177858889,0.0416536888769007,0.016062738412827442,0.025590950464073257,1.9196644898292738,0.0398547784089442,0.016916521024360413,0.022938257384583785,1.638140727628135,0.0484714749139819,0.01889766472488599,0.029573810189095908,1.8296818587952952,0.0939265364843845,0.07467860174512998,0.019247934739254513,0.6656650759933513,0.5,0.21551724137931033,0.28448275862068967,1.2654922315981614,2.0,1.206896551724138,0.7931034482758621,1.3175162452902711,0.2206295581805691,0.16967869100474633,0.050950867175822756,0.9765745790859545,0.3893362928575637,0.25405652549143765,0.13527976736612607,1.520614784184302,0.3972602739726027,0.35474728389230037,0.04251299008030235,0.4071772978584054
u0493,realcartest,986.0,988.0,2986.0,2988.0,30.0,not_used,7.5,6.275862068965517,1.224137931034483,0.6013602954611623,0.0,0.0603448275862069,-0.0603448275862069,-0.35629061899150133,0.0335606718647056,0.030221163962718307,0.0033395079019872924,0.1300120119935104,0.1411723978919223,0.09578328557279973,0.04538911231912256,0.731669122893675,0.0031505262252417,0.0049241226222125085,-0.0017735963969708083,-0.48001240904595466,0.0343267246001481,0.014861109438448962,0.01946561516169914,1.5558560930979208,0.0343875739374493,0.015133454528534256,0.019254119408915048,1.6897632196181236,0.0440048667263662,0.01728524539636924,0.02671962132999696,1.794898607866238,0.0640489808978219,0.07368459219934205,-0.009635611301520144,-0.32505211324505157,0.0,0.21551724137931033,-0.21551724137931033,-0.958706236059213,1.25,1.2155172413793103,0.034482758620689724,0.05774705880966723,0.2158080154545787,0.16262465286221414,0.05318336259236456,1.046559883734261,0.3555771691758129,0.24365299823664804,0.11192417093916485,1.2471849010620648,0.410958904109589,0.3471894189891355,0.0637694851204535,0.5708462125383089
u0494,realcartest,988.0,990.0,2988.0,2990.0,30.0,not_used,8.0,6.112068965517241,1.887931034482759,0.8747831481979196,0.0,0.0603448275862069,-0.0603448275862069,-0.35629061899150133,0.0263341719486792,0.028317436722815642,-0.001983264774136441,-0.07832105263954119,0.1748555072162263,0.09135693591041409,0.08349857130581222,1.3730528778544784,0.0037428812692373,0.004651486183515559,-0.0009086049142782594,-0.26146514444914637,0.0276416153075133,0.014794157543140677,0.012847457764372624,1.0258591937475836,0.027557055187483,0.015126686913791208,0.01243036827369179,1.0908204959109584,0.0327177973006308,0.0171310863352118,0.015586710965418998,1.0446229920273393,0.0569638127935903,0.07164222092106833,-0.014678408127478025,-0.48596128069730526,0.0,0.20689655172413793,-0.20689655172413793,-0.9472044455566302,1.0,1.1724137931034482,-0.17241379310344818,-0.27820744203732845,0.2006474381546493,0.1597367186603974,0.0409107194942519,0.7729212273600995,0.3380627078023179,0.23795894391989364,0.10010376388242426,1.0818493364011568,0.4383561643835616,0.33821445441662723,0.10014170996693439,0.843891807628262
u0495,realcartest,990.0,992.0,2990.0,2992.0,30.0,not_used,8.0,6.068965517241379,1.931034482758621,0.8848572476915191,0.0,0.0603448275862069,-0.0603448275862069,-0.35629061899150133,0.0241252338980722,0.027136100359025864,-0.003010866460953665,-0.12195518232155177,0.1019004300807712,0.08914242888949349,0.012758001191277707,0.2132334845300383,0.0104574017027294,0.004694522419936886,0.0057628792827925145,1.6363933503285297,0.0445659094968648,0.01544998888543624,0.02911592061142856,2.3314479694198185,0.0357019430939017,0.01630314840873197,0.01939879468516973,1.59557860278531,0.0508023457961614,0.017896420412175307,0.032905925383986095,2.2055494225970977,0.0635434023075816,0.07060182146800204,-0.007058419160420437,-0.23286909256985713,0.0,0.19827586206896552,-0.19827586206896552,-0.8952737857857513,0.75,1.1551724137931034,-0.4051724137931034,-0.6490326075826761,0.2505275918043547,0.16132973796354513,0.08919785384080955,1.6942756956692853,0.3913404234500853,0.23893029861223403,0.15241012483785127,1.650823500984671,0.4383561643835616,0.3358526216343882,0.10250354274917339,0.8538411701062357
u0496,realcartest,992.0,994.0,2992.0,2994.0,30.0,not_used,9.0,6.051724137931035,2.9482758620689653,1.3506923605165146,0.0,0.06896551724137931,-0.06896551724137931,-0.39999999999999997,0.0046347522794399,0.02562016750966479,-0.020985415230224888,-0.8779585915111677,0.0366394841972376,0.0857376781178551,-0.0490981939206175,-0.8261875862101403,0.0035349702102052,0.004784035738174276,-0.0012490655279690757,-0.34815508388778316,0.0111181631590172,0.016275926029091926,-0.005157762870074726,-0.4044515437066044,0.0088569583729633,0.01654193684819407,-0.00768497847523077,-0.6310744161198865,0.0119393138515355,0.01878866582748472,-0.006849351975949219,-0.452741385182301,0.1192260298912954,0.07215973808174957,0.04706629180954583,1.5227595290199385,0.5,0.20689655172413793,0.2931034482758621,1.3418729645385596,2.75,1.1724137931034482,1.5775862068965518,2.5175011943267847,0.23486240492904,0.1618992571942663,0.07296314773477372,1.3901414202334719,0.2956954728661048,0.2414871871474613,0.0542082857186435,0.5844852394545121,0.4931506849315068,0.33538025507794045,0.15777042985356637,1.3142071466151273
u0497,realcartest,994.0,996.0,2994.0,2996.0,30.0,not_used,7.25,5.956896551724138,1.293103448275862,0.582305858916179,0.0,0.06896551724137931,-0.06896551724137931,-0.39999999999999997,0.0037748558489378,0.023756777594186415,-0.019981921745248616,-0.8816568525341106,0.0170025740274771,0.08190540681557333,-0.06490283278809623,-1.0906302418912284,0.0009132782116042,0.0044497213209852456,-0.0035364431093810457,-1.0443513789701537,0.0096135392281382,0.017126988963739213,-0.0075134497356010126,-0.5766323408816122,0.0086029268075295,0.01653167937362658,-0.007928752566097081,-0.6509032206155867,0.0103976436694052,0.019650011482857856,-0.009252367813452657,-0.6025231010574332,0.1089242773859974,0.07161384526452882,0.037310432121468576,1.2118390551976403,0.5,0.19827586206896552,0.3017241379310345,1.4264935053936392,2.5,1.1810344827586208,1.3189655172413792,2.095693789127151,0.2104491034278245,0.16174205456238824,0.04870704886543625,0.9277863551925197,0.2465748144357415,0.24146419932508104,0.005110615110660466,0.055103573156300316,0.3972602739726027,0.33018422295701455,0.06707605101558817,0.5485529253351474
u0498,realcartest,996.0,998.0,2996.0,2998.0,30.0,not_used,5.5,5.862068965517241,-0.3620689655172411,-0.1629376339780704,0.25,0.06896551724137931,0.1810344827586207,1.05,0.0032736572149986,0.022287064909036643,-0.019013407694038042,-0.9027749245884675,0.0089005161893146,0.081651824490406,-0.0727513083010914,-1.2271958305072903,0.0005774429512479,0.004476581628182004,-0.003899138676934104,-1.1489079291569935,0.0138260375599198,0.01866726343861547,-0.004841225878695669,-0.34538975575092024,0.0102672166628614,0.017335404972398136,-0.007068188309536736,-0.5678752519754482,0.0141802203612615,0.02140300571118017,-0.007222785349918669,-0.4395722375322732,0.0757215659201991,0.07174036901649146,0.003981196903707643,0.12949648651643025,0.25,0.1896551724137931,0.060344827586206906,0.2815812953481954,1.0,1.1896551724137931,-0.18965517241379315,-0.30173813012662165,0.1252981731978829,0.16460752183826105,-0.03930934864037816,-0.7239043936200137,0.1982926938214361,0.2458387177168363,-0.04754602389540019,-0.5013907004413508,0.3150684931506849,0.32498819083608876,-0.00991969768540385,-0.08096469222178475
u0499,realcartest,998.0,1000.0,2998.0,3000.0,30.0,not_used,6.75,5.844827586206897,0.9051724137931032,0.40826680638515794,0.0,0.06896551724137931,-0.06896551724137931,-0.39999999999999997,0.0028447088178331,0.02205939377625993,-0.01921468495842683,-0.9319959608455859,0.0103944219906963,0.08652611922072065,-0.07613169723002434,-1.1044711573066908,0.0003502937980233,0.005238353975543379,-0.004888060177520079,-0.9808615208639231,0.0091768552902657,0.020128537348994426,-0.010951682058728726,-0.751321571677315,0.0075310055331856,0.018091597966917727,-0.010560592433732127,-0.8515665968270805,0.0096361936984845,0.02313421061291215,-0.01349801691442765,-0.786391765028869,0.0777525446341827,0.07829711716158244,-0.000544572527399742,-0.014438617952812947,0.25,0.22413793103448276,0.025862068965517238,0.1005602284730986,1.0,1.3103448275862069,-0.31034482758620685,-0.40887976538182913,0.1508426123642032,0.16912021410115552,-0.01827760173695231,-0.3110808322118852,0.2071845628920252,0.25560879497982997,-0.048424232087804775,-0.4673083133589442,0.3698630136986301,0.3240434577231931,0.04581955597543702,0.3747269150623708
u0500,realcartest,1000.0,1002.0,3000.0,3002.0,30.0,not_used,6.25,5.879310344827586,0.3706896551724137,0.16732657565205458,0.0,0.04310344827586207,-0.04310344827586207,-0.37476584449793077,0.0033073300851565,0.020853451767494008,-0.017546121682337507,-0.9171902506442161,0.019523008815523,0.08983031690681086,-0.07030730809128785,-0.9583270853061787,0.0009767956538248,0.005381832204064393,-0.004405036550239593,-0.8467447237337012,0.0111463876863776,0.021301308292865535,-0.010154920606487936,-0.7007667110628066,0.0121124907999732,0.018725291542878865,-0.006612800742905664,-0.5427290542180669,0.0115675446511536,0.02443280356977628,-0.01286525891862268,-0.7556186585521244,0.0342897062057925,0.07778881928035304,-0.043499113074560544,-1.143654984465849,0.0,0.22413793103448276,-0.22413793103448276,-0.8715219801001881,0.5,1.2844827586206897,-0.7844827586206897,-1.0037036039460103,0.1370992611968243,0.17229872918782566,-0.03519946799100135,-0.6018935519354598,0.1863459478338077,0.26105551415523426,-0.07470956632142656,-0.7165165992346905,0.3424657534246575,0.32451582427964093,0.017949929145016585,0.14674768254947562
u0501,realcartest,1002.0,1004.0,3002.0,3004.0,30.0,not_used,6.25,5.982758620689655,0.2672413793103452,0.11625581293597399,0.0,0.04310344827586207,-0.04310344827586207,-0.37476584449793077,0.0049995820710597,0.019079632096202913,-0.014080050025143214,-0.8454840982729014,0.0307902415817672,0.08970583077608243,-0.058915589194315235,-0.8039021964762186,0.0012553729643172,0.005399793726605181,-0.004144420762287981,-0.7974726676642521,0.0151672526251739,0.022404229875288305,-0.007236977250114405,-0.5081943104926879,0.0084434393853552,0.019632779024524122,-0.011189339639168922,-0.9293315554768268,0.0163247688582198,0.025720621788063867,-0.009395852929844066,-0.5592547049417153,0.105182545405687,0.07965979322522584,0.025522752180461156,0.6830761427908667,0.75,0.23275862068965517,0.5172413793103449,2.0388829980917547,1.5,1.3275862068965518,0.17241379310344818,0.21952851997938058,0.2289611616691491,0.17469977921022406,0.054261382458925034,0.9229802294245302,0.2548990539186004,0.26789899277064483,-0.012999938852044424,-0.12261546802983779,0.3424657534246575,0.33018422295701455,0.012281530467642965,0.09689762483468235
u0502,realcartest,1004.0,1006.0,3004.0,3006.0,30.0,not_used,5.5,6.025862068965517,-0.5258620689655169,-0.2266984523036951,0.0,0.04310344827586207,-0.04310344827586207,-0.3747658444979308,0.0151999038229518,0.017693792339150975,-0.002493888516199175,-0.17973316085005245,0.1048202893196355,0.08853320425093444,0.01628708506870105,0.223899465707014,0.0056337647152397,0.005506110776145199,0.0001276539390945011,0.024646979466844687,0.0392583793225391,0.023197505403687767,0.016060873918851335,1.1503835859286327,0.024703685934852,0.020350924373916342,0.004352761560935659,0.3638374623022205,0.0458371893695347,0.02675272342117969,0.01908446594835501,1.1492456879739466,0.0780098056747223,0.0825728311737764,-0.004563025499054102,-0.12474270073255804,0.25,0.25862068965517243,-0.008620689655172431,-0.03234231136765761,1.25,1.3879310344827587,-0.13793103448275867,-0.17532733212756718,0.1847702931795473,0.17768314510244843,0.00708714807709887,0.11917832669995598,0.3232103221728425,0.27312128084004833,0.05008904133279418,0.4698684415363969,0.3013698630136986,0.33254605573925355,-0.03117619272555494,-0.24386307741075947
u0503,realcartest,1006.0,1008.0,3006.0,3008.0,30.0,not_used,4.75,6.0344827586206895,-1.2844827586206895,-0.5521094115161503,0.25,0.04310344827586207,0.20689655172413793,1.7988760535900676,0.0116447015346208,0.017870636815911098,-0.0062259352812902985,-0.4392510245425802,0.0651177177257314,0.08894196799379332,-0.023824250268061925,-0.32492493022539165,0.0050639719850331,0.005593791170189841,-0.0005298191851567415,-0.10083524852900537,0.0110872926294016,0.02347451934187846,-0.012387226712476858,-0.8906281114976334,0.0103379941166854,0.02053805972102259,-0.01020006560433719,-0.8488331411580644,0.0116160667622392,0.02731627315514655,-0.01570020639290735,-0.9391142959443889,0.1365339666465629,0.08165467022790757,0.05487929641865533,1.4967287026842488,0.5,0.25862068965517243,0.24137931034482757,0.9055847182944111,2.0,1.3706896551724137,0.6293103448275863,0.7970648348645091,0.1628155042169957,0.17842057611748716,-0.015605071900491457,-0.2619470010519036,0.2252123453817328,0.27443760223676067,-0.04922525685502788,-0.45884152682896856,0.273972602739726,0.33301842229570144,-0.05904581955597543,-0.4605496628045981
u0504,realcartest,1008.0,1010.0,3008.0,3010.0,30.0,not_used,2.5,6.077586206896552,-3.5775862068965516,-1.5014959203916507,0.0,0.02586206896551724,-0.02586206896551724,-0.33968311024337877,0.0076978422029944,0.018487894996928503,-0.010790052793934104,-0.7269787834964997,0.0337324008631468,0.09726102409812944,-0.06352862323498264,-0.7123158695405528,0.007590382606447,0.005669506511941334,0.0019208760945056656,0.358909446764396,0.001445085468576,0.023713812765298013,-0.022268727296722014,-1.6126571063564274,0.0024542313178833,0.02070615481374071,-0.01825192349585741,-1.5261427986518739,0.0014774214582577,0.027765801158101986,-0.026288379699844287,-1.5811962458172035,0.1020119099782536,0.08349053877609357,0.018521371202160034,0.4668557534269889,0.0,0.2672413793103448,-0.2672413793103448,-0.9612691930663655,0.5,1.4137931034482758,-0.9137931034482758,-1.054321951025739,0.0838351247914613,0.18173648896068578,-0.09790136416922449,-1.5635053740530453,0.1098941502369974,0.2795068866951406,-0.16961273645814323,-1.5053310125125987,0.136986301369863,0.33443552196504495,-0.19744922059518194,-1.5167244039812213
u0505,realcartest,1010.0,1012.0,3010.0,3012.0,30.0,not_used,2.0,5.931034482758621,-3.931034482758621,-1.7235179969220762,0.0,0.02586206896551724,-0.02586206896551724,-0.33968311024337877,0.0018790851547201,0.020612221024255237,-0.018733135869535136,-1.0053474406621907,0.0033004896519196,0.10629723949000668,-0.10299674983808707,-1.0023181087685653,0.0006667885804758,0.006145299167136456,-0.005478510586660656,-0.9472119767247362,0.0035122722179468,0.02302982361441002,-0.01951755139646322,-1.398473841601222,0.0069756836684918,0.01998187602004781,-0.01300619235155601,-1.1024488586277863,0.0036453929191578,0.026988480661655188,-0.02334308774249739,-1.391068771117315,0.0693945657169893,0.0841489825395048,-0.014754416822515493,-0.3718955272683232,0.25,0.27586206896551724,-0.025862068965517238,-0.09197090092274486,1.0,1.4224137931034482,-0.4224137931034482,-0.4876165044550011,0.0893352440001671,0.1817234256690528,-0.09238818166888571,-1.475645371882371,0.0890245700198025,0.27724192144475235,-0.18821735142494983,-1.6890781490788307,0.1095890410958904,0.32640529050543227,-0.21681624940954186,-1.739060600847547
u0506,realcartest,1012.0,1014.0,3012.0,3014.0,30.0,not_used,1.25,5.905172413793103,-4.655172413793103,-2.063776321189576,0.0,0.02586206896551724,-0.02586206896551724,-0.33968311024337877,0.0018945059307626,0.02094503205948472,-0.01905052612872212,-1.0128296302612119,0.0024912692237477,0.11322543289787283,-0.11073416367412513,-0.9963385587747406,0.0005327972536441,0.0064549866188377755,-0.005922189365193675,-0.9820754249006697,0.0057673157362425,0.022514174824783593,-0.016746859088541094,-1.196348013266661,0.0040486198927984,0.019176216702763656,-0.015127596809965255,-1.3549219189649961,0.0059098480750275,0.026416250765843134,-0.020506402690815634,-1.2211277509743732,0.0230448622088831,0.08447048321556373,-0.06142562100668063,-1.5491534448903952,0.0,0.28448275862068967,-0.28448275862068967,-1.0013802629067672,0.5,1.4051724137931034,-0.9051724137931034,-1.0350983390135313,0.0394852139469996,0.18237867011610512,-0.1428934561691055,-2.269415947764828,0.052316359886585,0.27708185348784553,-0.22476549360126052,-2.018961736474391,0.0684931506849315,0.3249881908360888,-0.2564950401511573,-2.0801086415267163
u0507,realcartest,1014.0,1016.0,3014.0,3016.0,30.0,not_used,2.5,6.008620689655173,-3.5086206896551726,-1.4740186056992408,0.0,0.02586206896551724,-0.02586206896551724,-0.33968311024337877,0.0013386627337473,0.020243611629465853,-0.018904948895718553,-1.0155863509031964,0.0021650361864724,0.11357560592657355,-0.11141056974010115,-1.0009652751907894,0.0001747162772196,0.006438813936722005,-0.0062640976595024055,-1.0380863125402602,0.0068531198846851,0.021673483608602127,-0.014820363723917027,-1.0938763024685878,0.0087444634717634,0.018355299132855128,-0.009610835661091728,-0.9181366277135036,0.0070061471934687,0.025496905461040928,-0.018490758267572228,-1.135626046362008,0.0383265045972301,0.08434737510425201,-0.04602087050702191,-1.161349201836424,0.0,0.27586206896551724,-0.27586206896551724,-0.9810229431759454,1.0,1.3793103448275863,-0.3793103448275863,-0.43721074843444047,0.0737650701177859,0.18201526086469363,-0.10825019074690774,-1.7244661010237234,0.0913252480658974,0.27593244064079475,-0.18460719257489736,-1.6732281804758378,0.136986301369863,0.3306565895134625,-0.1936702881435995,-1.4887157736023031
u0508,realcartest,1016.0,1018.0,3016.0,3018.0,30.0,not_used,2.25,6.094827586206897,-3.844827586206897,-1.5527726911248247,0.0,0.02586206896551724,-0.02586206896551724,-0.33968311024337877,0.006540487777127,0.02042633450418027,-0.013885846727053272,-0.7397895519430743,0.0463548983075138,0.12035832051991878,-0.07400342221240498,-0.6243092959290538,0.0037253833150687,0.0067736670854701055,-0.0030482837704014056,-0.49878237769168077,0.0115357418081497,0.02143134421570041,-0.00989560240755071,-0.7394764088194387,0.0135785617854495,0.018274072429698716,-0.0046955106442492164,-0.4536052445671708,0.0116401891835487,0.025191777988861196,-0.013551588805312497,-0.8462638352252138,0.0348205050961588,0.08579979094064966,-0.05097928584449086,-1.2864340104448628,0.25,0.29310344827586204,-0.043103448275862044,-0.15445051580380373,0.25,1.4137931034482758,-1.1637931034482758,-1.3202342075035725,0.0813571789405713,0.18294065901067708,-0.10158348007010577,-1.6007839717668961,0.1136064628311147,0.2789981362043107,-0.165391673373196,-1.454829082224664,0.1232876712328767,0.3353802550779405,-0.2120925838450638,-1.567517295572485
u0509,realcartest,1018.0,1020.0,3018.0,3020.0,30.0,not_used,4.25,6.137931034482759,-1.887931034482759,-0.7493587001820035,0.0,0.02586206896551724,-0.02586206896551724,-0.3396831102433787,0.0240159781391623,0.02129705681531596,0.0027189213238463412,0.13878021925036393,0.0848670030982369,0.12555218778638624,-0.04068518468814934,-0.32814545970729,0.0090886618407652,0.00684998346647128,0.0022386783742939205,0.36778651574439153,0.0239591644622612,0.021041823233026814,0.0029173412292343853,0.21836628623677218,0.0404055363939156,0.01796489700691136,0.02244063938700424,2.1995274070809336,0.0285859232664648,0.024739603290005192,0.0038463199764596084,0.24070133343130928,0.0529597931851479,0.08591186059677207,-0.03295206741162417,-0.833149928010592,0.0,0.29310344827586204,-0.29310344827586204,-1.050263507465866,0.75,1.4224137931034482,-0.6724137931034482,-0.7652945705712674,0.1742409343152328,0.1842660916693559,-0.010025157354123099,-0.15612708070703613,0.2328772371433801,0.28003772444108843,-0.04716048729770833,-0.4124012403300162,0.2328767123287671,0.3377420878601795,-0.1048653755314124,-0.7617764211038642
u0510,realcartest,1020.0,1022.0,3020.0,3022.0,30.0,not_used,5.75,6.198275862068965,-0.4482758620689653,-0.17352045070896976,0.25,0.02586206896551724,0.22413793103448276,2.943920288775949,0.0169907529308358,0.022238803261300864,-0.005248050330465066,-0.2579310330563217,0.0451416919371551,0.13390698941052281,-0.08876529747336771,-0.6821725596702677,0.0086571428835891,0.0065602898227008,0.0020968530608883006,0.3432852410791555,0.0318751984353281,0.01982982711455157,0.01204537132077653,0.9446446289419835,0.0208922356268839,0.017031750935454656,0.0038604846914292446,0.3953094297994724,0.0347996008394797,0.023359488351652788,0.011440112487826913,0.7435204011431601,0.1057175454548858,0.0855077727989913,0.020209772655894506,0.5073181025895719,0.25,0.29310344827586204,-0.043103448275862044,-0.15445051580380373,1.5,1.4310344827586208,0.06896551724137923,0.07897985036787888,0.1550615671280246,0.1846569578818243,-0.02959539075379969,-0.4578020265140536,0.2925433052858954,0.2789115666497558,0.01363173863613959,0.12019756736372242,0.3287671232876712,0.3410486537553142,-0.012281530467642965,-0.08701445267898346
u0511,realcartest,1022.0,1024.0,3022.0,3024.0,30.0,not_used,3.75,6.241379310344827,-2.4913793103448274,-0.9438398451606365,0.0,0.02586206896551724,-0.02586206896551724,-0.3396831102433787,0.013143949265472,0.02362372374611988,-0.01047977448064788,-0.5120116085987325,0.0269802476722758,0.14659555474879188,-0.11961530707651608,-0.8684386545918585,0.0018700858972818,0.00674742205361411,-0.00487733615633231,-0.8001194629399914,0.0332435795459,0.019955050910954994,0.013288528634945007,1.0477681757016317,0.0121803562602109,0.017121389899449526,-0.0049410336392386265,-0.5092796899149002,0.0357332487718009,0.023575128544838404,0.012158120226962499,0.796302559049769,0.070768282582509,0.08513020992418567,-0.01436192734167667,-0.3629857091317629,0.25,0.29310344827586204,-0.043103448275862044,-0.15445051580380373,1.5,1.4310344827586208,0.06896551724137923,0.07897985036787888,0.1555352527288722,0.1863487474646168,-0.0308134947357446,-0.46299660387738756,0.2400326244088569,0.2835498648556552,-0.043517240446798305,-0.3728809573338923,0.2054794520547945,0.3434104865375532,-0.13793103448275867,-0.9564675393652207
u0512,realcartest,1024.0,1026.0,3024.0,3026.0,30.0,not_used,4.5,6.232758620689655,-1.7327586206896548,-0.6571646008931268,0.0,0.02586206896551724,-0.02586206896551724,-0.3396831102433787,0.0255561409604098,0.026371937764377785,-0.0008157968039679865,-0.0357300829893939,0.1312518018105514,0.16149044049626993,-0.030238638685718522,-0.20708148616607247,0.0058017560320513,0.008814304321297806,-0.0030125482892465064,-0.26155818469427705,0.048895221607625,0.020957939075378164,0.027937282532246838,2.153677746755622,0.0326564248638595,0.018836032312077398,0.013820392551782103,1.1389705023763692,0.0556947718290649,0.025637547974080722,0.030057223854984175,1.7415670915912855,0.0626651380391615,0.08700769745190959,-0.024342559412748085,-0.5813139722525049,0.0,0.29310344827586204,-0.29310344827586204,-1.050263507465866,1.25,1.396551724137931,-0.14655172413793105,-0.1724666661308994,0.2383376680053816,0.1885981038208483,0.04973956418453329,0.7271291236101268,0.3517331543035625,0.2929980834640694,0.058735070839493086,0.4729784200581271,0.2465753424657534,0.3429381199811054,-0.096362777515352,-0.6689351596871239
u0513,realcartest,1026.0,1028.0,3026.0,3028.0,30.0,not_used,6.25,6.224137931034483,0.025862068965516904,0.009798063484367158,0.0,0.017241379310344827,-0.017241379310344827,-0.2721655269759087,0.0595452828144537,0.028488055266611276,0.03105722754784242,1.325568388998203,0.2816549248314839,0.17069882961802751,0.1109560952134564,0.7677433874462267,0.0246439012231966,0.009232935451193396,0.015410965772003203,1.3481716808558823,0.046063799587605,0.02147319886091266,0.024590600726692342,1.8952086507935335,0.0279330940018921,0.02048984173388735,0.007443252268004751,0.5323721374692914,0.0544843618174792,0.026497033866542327,0.02798732795093687,1.61894768390081,0.2064932407855267,0.08674175159982309,0.11975148918570361,2.853245033934124,1.0,0.29310344827586204,0.7068965517241379,2.532988459182383,3.75,1.396551724137931,2.353448275862069,2.7696117561020905,0.2880824437211499,0.19239824948865245,0.09568419423249744,1.4103951630532163,0.4817173743394279,0.2979172135304439,0.18380016080898398,1.4924471455856956,0.3424657534246575,0.3419933868682098,0.0004723665564477231,0.003272976136571952
u0514,realcartest,1028.0,1030.0,3028.0,3030.0,30.0,not_used,6.25,6.206896551724138,0.0431034482758621,0.016341614602002348,0.0,0.017241379310344827,-0.017241379310344827,-0.2721655269759087,0.0284657343231929,0.029818893002277934,-0.0013531586790850349,-0.05876234925608962,0.2315677811334252,0.17472233906668824,0.056845442066736945,0.4014562188544143,0.0151599911454336,0.009534289500333741,0.005625701645099859,0.49752411514279604,0.0366617580823222,0.022203245502441186,0.014458512579881014,1.1244915370063775,0.0233870859853516,0.021453105762960695,0.0019339802223909061,0.13796851497928783,0.040791565645158,0.027539798203494146,0.013251767441663852,0.7726814110428377,0.0469185995017748,0.0866395125045772,-0.0397209130028024,-0.9458338649256705,0.0,0.29310344827586204,-0.29310344827586204,-1.050263507465866,0.25,1.4051724137931034,-1.1551724137931034,-1.3639427502438692,0.2117460384634376,0.19311309298538085,0.018632945478056745,0.27600731142943324,0.3495998649057147,0.3015162947899192,0.048083570115795504,0.3942285146529259,0.3424657534246575,0.3410486537553141,0.0014170996693433913,0.009825456323210744
u0515,realcartest,1030.0,1032.0,3030.0,3032.0,30.0,not_used,9.25,6.189655172413793,3.0603448275862073,1.1596849434453977,0.0,0.02586206896551724,-0.02586206896551724,-0.3396831102433787,0.0192311753530396,0.030989098165702614,-0.011757922812663014,-0.5224106747365861,0.1336803107114543,0.17880764305162453,-0.04512733234017022,-0.3252614534767987,0.0040951171761706,0.009714935773942035,-0.005619818597771434,-0.5012918975220674,0.0345811778366108,0.022452543693171515,0.012128634143439284,0.9542391573192933,0.0304136539881599,0.021933403708217867,0.008480250279942033,0.6088805499096281,0.0407890524180816,0.027939588831525506,0.012849463586556097,0.7600184202632583,0.092338153154973,0.08747542737721727,0.004862725777755733,0.11808855375214439,0.25,0.29310344827586204,-0.043103448275862044,-0.15445051580380373,2.0,1.4137931034482758,0.5862068965517242,0.6987694720572712,0.2158386041183965,0.19328422642025841,0.02255437769813809,0.3347696533311156,0.3906607888456797,0.3037759288696507,0.08688485997602896,0.7215677655538879,0.5068493150684932,0.34057628719886623,0.16627302786962694,1.1527175375369423
u0516,realcartest,1032.0,1034.0,3032.0,3034.0,30.0,not_used,7.75,6.181034482758621,1.568965517241379,0.594498295957359,0.0,0.02586206896551724,-0.02586206896551724,-0.3396831102433787,0.0288874770115488,0.03187191534239889,-0.0029844383308500894,-0.13586677220981908,0.1059992953921477,0.18109646859934678,-0.07509717320719908,-0.54889529147786,0.0061332296718868,0.009845378440776402,-0.0037121487688896015,-0.3334299147137127,0.0293395150649532,0.023252957089776947,0.006086557975176252,0.46983023151016556,0.0291227310975261,0.0231049974612643,0.006017733636261801,0.4246669198584809,0.0380529567686,0.02888025985514919,0.009172696913450813,0.5397909745018165,0.1133930754288582,0.08583356892663331,0.027559506502224884,0.6658722276628675,0.75,0.2672413793103448,0.4827586206896552,1.7870318095632878,2.25,1.3793103448275863,0.8706896551724137,1.0182817603413061,0.2328764151267961,0.19326861797720404,0.03960779714959206,0.5879614910798964,0.3580457633547952,0.30628828685765713,0.05175747649713808,0.43086363834837305,0.4246575342465753,0.34010392064241846,0.08455361360415686,0.5861202132707181
u0517,realcartest,1034.0,1036.0,3034.0,3036.0,30.0,not_used,8.0,6.310344827586207,1.6896551724137927,0.6272136483174825,0.0,0.02586206896551724,-0.02586206896551724,-0.3396831102433787,0.0440171185883634,0.032641872423063496,0.011375246165299904,0.5227982187999708,0.1981972688712428,0.18414963932110298,0.014047629550139829,0.10324223051761153,0.011284367420309,0.009985235773595568,0.0012991316467134313,0.11698751581787055,0.02469143989911,0.02275203388228328,0.0019394060168267217,0.15389309460825915,0.0265598261645725,0.02331081677789841,0.003249009386674089,0.22823446170604242,0.0385179752678237,0.02833743336933946,0.010180541898484236,0.6099249852299018,0.065343694699747,0.08660639639591027,-0.02126270169616326,-0.5130405889622007,0.0,0.27586206896551724,-0.27586206896551724,-1.0089066577910906,1.0,1.3879310344827587,-0.3879310344827587,-0.4537360163235338,0.1973519238011835,0.19398271978300977,0.003369204018173727,0.0500026564929159,0.3480577823463574,0.3080126363189982,0.0400451460273592,0.3317385748456607,0.4383561643835616,0.3471894189891355,0.0911667453944261,0.6193409617671044
u0518,realcartest,1036.0,1038.0,3036.0,3038.0,30.0,not_used,9.75,6.387931034482759,3.362068965517241,1.2544019447932937,0.0,0.02586206896551724,-0.02586206896551724,-0.3396831102433787,0.0428383286221175,0.03413285992557089,0.008705468696546606,0.40025265817162625,0.3686723569574112,0.19186753975586915,0.17680481720154204,1.305406352340304,0.0135706890012985,0.009952863833234226,0.003617825168064274,0.32532847399625847,0.0212899320607032,0.023190641256271065,-0.0019007091955678644,-0.15317750228133706,0.0189900662058288,0.02370861977223842,-0.004718553566409621,-0.33639111406285455,0.0306296311533978,0.02896883955438391,0.0016607915990138888,0.10132582502840573,0.1716988149012615,0.08359855376432077,0.08810026113694072,2.155454676764823,0.75,0.25862068965517243,0.49137931034482757,1.7900117351107838,3.5,1.3362068965517242,2.163793103448276,2.511004602801881,0.2842293802488112,0.19538623584785322,0.088843144400958,1.3232490130098116,0.4674802672017925,0.31199857139974463,0.15548169580204785,1.2976467328356278,0.5342465753424658,0.35144071799716575,0.18280585734530003,1.2452423280107923
u0519,realcartest,1038.0,1040.0,3038.0,3040.0,30.0,not_used,5.5,6.586206896551724,-1.0862068965517242,-0.41831156960090154,0.0,0.02586206896551724,-0.02586206896551724,-0.3396831102433787,0.0802240491581164,0.03583019617245485,0.04439385298566155,2.0609595609650735,0.3769559101357533,0.20247958172499833,0.17447632841075497,1.2954033923920636,0.0178600389526715,0.010657329342460487,0.007202709610211012,0.6216785571975488,0.0104581439174998,0.023814658530220658,-0.013356514612720858,-1.1380719797824081,0.0124982810609938,0.024213152112858953,-0.011714871051865153,-0.8673239127040895,0.0127740846592789,0.02970658008277078,-0.01693249542349188,-1.0854873318022313,0.093425938930913,0.08389222362518255,0.009533715305730453,0.2323330823577678,0.5,0.27586206896551724,0.22413793103448276,0.8197366594552612,1.5,1.3793103448275863,0.1206896551724137,0.14198753751837792,0.2195086097107239,0.19981535872110487,0.01969325098961902,0.30872880355920346,0.3070124833816788,0.3213000495102338,-0.014287566128554974,-0.12521804465489653,0.3013698630136986,0.3623051487954652,-0.0609352857817666,-0.4287773456618432
u0520,realcartest,1040.0,1042.0,3040.0,3042.0,30.0,not_used,7.75,6.758620689655173,0.9913793103448274,0.40494966076684513,0.0,0.02586206896551724,-0.02586206896551724,-0.33968311024337877,0.0354888285351552,0.039241933260804364,-0.003753104725649166,-0.1588471423319835,0.3396208103043965,0.21551986062618933,0.12410094967820717,0.9325959882910999,0.015491499188272,0.011332860613463783,0.004158638574808216,0.35990629629375165,0.0141567585209456,0.024454387776143803,-0.010297629255198204,-0.9276810895619688,0.0169123643533811,0.02508545900719501,-0.008173094653813908,-0.6201894712355287,0.0180436749843867,0.03049093625260054,-0.012447261268213841,-0.8398210633033291,0.0862002147412577,0.08454304694360963,0.0016571677976480736,0.04046889627691355,0.5,0.27586206896551724,0.22413793103448276,0.8197366594552612,0.75,1.396551724137931,-0.646551724137931,-0.7631636261195446,0.225683646426435,0.20402672538715147,0.021656921039283517,0.3592074823908292,0.3477145079819126,0.330951697086305,0.016762810895607605,0.15879264966468296,0.4246575342465753,0.37175247992442134,0.05290505432215398,0.39520496727373045
u0521,realcartest,1042.0,1044.0,3042.0,3044.0,30.0,not_used,10.25,6.931034482758621,3.318965517241379,1.4953514340032166,0.0,0.02586206896551724,-0.02586206896551724,-0.33968311024337877,0.0156097683668357,0.04315328932363506,-0.02754352095679936,-1.0452007115672095,0.1699424857459962,0.2290305644810018,-0.0590880787350056,-0.45235407448005494,0.0047223560124532,0.012083353407847552,-0.007360997395394352,-0.6381044772783601,0.0172736436076382,0.02464093805022384,-0.007367294442585642,-0.6804639477876836,0.016048168881597,0.02561018129301351,-0.00956201241141651,-0.7575974614622274,0.0218104610747179,0.03077544105119295,-0.008964979976475052,-0.6216824284378385,0.0903564012563451,0.08658080723104343,0.0037755940253016707,0.09613408528742648,0.25,0.27586206896551724,-0.025862068965517238,-0.09458499916791474,1.25,1.4224137931034482,-0.17241379310344818,-0.2075466156648132,0.2100906898896363,0.2106428357172306,-0.0005521458275943025,-0.01065891274116722,0.3560033202930909,0.34036543538165015,0.015637884911440747,0.1708359084300753,0.5616438356164384,0.38119981105337736,0.18044402456306102,1.4888064490006412
u0522,realcartest,1044.0,1046.0,3044.0,3046.0,30.0,not_used,10.0,7.017241379310345,2.982758620689655,1.4267828942375234,0.0,0.02586206896551724,-0.02586206896551724,-0.33968311024337877,0.0388596352314238,0.048025009668372635,-0.009165374436948835,-0.29711832262686616,0.3378711210989341,0.24229793782635675,0.09557318327257733,0.7562501527400931,0.0128612675389366,0.012834103122577762,2.7164416358837692e-05,0.0023736049933264468,0.0273046822059985,0.02479152673835055,0.002513155467647951,0.2369438629610025,0.0320319995459132,0.025984345085404946,0.006047654460508256,0.49280264475923297,0.0351561700331542,0.03103979911982858,0.004116370913325621,0.29302594012798794,0.106169040153353,0.08752756214224923,0.018641478011103774,0.4851863554319622,0.5,0.28448275862068967,0.21551724137931033,0.8027016238349193,2.25,1.4137931034482758,0.8362068965517242,0.9998406162826907,0.2426445616880983,0.21547187269360896,0.027172688994489352,0.6054315916800875,0.444482340517773,0.34729997996788986,0.09718236054988316,1.2271510353017936,0.547945205479452,0.38592347661785537,0.16202172886159666,1.4206339584839116
u0523,realcartest,1046.0,1048.0,3046.0,3048.0,30.0,not_used,9.25,7.112068965517241,2.137931034482759,1.1087571395771314,0.0,0.02586206896551724,-0.02586206896551724,-0.33968311024337877,0.0515851189716141,0.052522403500279195,-0.0009372845286650944,-0.027702067672719984,0.3254776579437829,0.25313923811630734,0.07233841982747558,0.5903707105538626,0.0059560563182713,0.013446388246576228,-0.007490331928304928,-0.6561476522816069,0.0163455068099789,0.024909020222415403,-0.008563513412436503,-0.8173525527105852,0.0185909679266497,0.02624560077749166,-0.007654632850841957,-0.6334369070839225,0.0196047310338065,0.03135662524481488,-0.011751894211008383,-0.8574170427124218,0.0602138328211405,0.08931107722964858,-0.029097244408508083,-0.7840523570237294,0.0,0.28448275862068967,-0.28448275862068967,-1.0595661434620935,1.25,1.4482758620689655,-0.19827586206896552,-0.2454599141939107,0.2390849852563356,0.21920306275536763,0.019881922500967958,0.5307329450609659,0.3682107666688726,0.35384514553761404,0.014365621131258555,0.21627567999747602,0.5068493150684932,0.3911195087387812,0.11572980632971197,1.1017496885125564
u0524,realcartest,1048.0,1050.0,3048.0,3050.0,30.0,not_used,9.75,7.258620689655173,2.4913793103448274,1.3354179729221043,0.0,0.02586206896551724,-0.02586206896551724,-0.33968311024337877,0.0514358808316345,0.05372028043535847,-0.002284399603723966,-0.06836169090860832,0.3441896771807309,0.2620735027803557,0.08211617440037522,0.688088306367254,0.0020562860333855,0.014176757455430759,-0.012120471422045259,-1.0284624790705255,0.0094180220610827,0.024977607868296288,-0.015559585807213588,-1.4850896066835972,0.0086407070216573,0.025840583142319053,-0.017199876120661754,-1.4580720785889594,0.0107790125839418,0.03154070489239518,-0.02076169230845338,-1.5150584459362748,0.0518248561719392,0.093713325503703,-0.041888469331763795,-1.047266735477689,0.0,0.3103448275862069,-0.3103448275862069,-1.125,1.0,1.543103448275862,-0.5431034482758621,-0.6181820498799371,0.2618627119659372,0.22176069495825457,0.04010201700768262,1.0888149517563137,0.358681847501438,0.36128143361944565,-0.0025995861180076463,-0.0402989179402205,0.5342465753424658,0.3991497401983939,0.1350968351440719,1.3312841767891044
u0525,realcartest,1050.0,1052.0,3050.0,3052.0,30.0,not_used,10.25,7.301724137931035,2.9482758620689653,1.5983402626841199,0.0,0.02586206896551724,-0.02586206896551724,-0.33968311024337877,0.0447974463391912,0.053848315672469824,-0.009050869333278623,-0.2719429156800775,0.4046078790070411,0.2677270482520913,0.13688083075494978,1.2153857717596224,0.0089618049066912,0.014121689669973814,-0.005159884763282614,-0.4367454947987228,0.0147496532547164,0.02527663042844743,-0.010526977173731031,-0.9757225031642338,0.0114564883288146,0.026187368382229494,-0.014730880053414894,-1.2490603706763896,0.0181928794539182,0.03188763738134707,-0.013694757927428868,-0.984702208023727,0.1082767065219321,0.09255680414191853,0.01571990238001357,0.3918339688017604,0.5,0.3017241379310345,0.19827586206896552,0.7044484756064422,2.75,1.543103448275862,1.206896551724138,1.3737378886220821,0.2839243028300235,0.22399080222577736,0.059933500604246154,1.7313751564555995,0.4302061208371892,0.36450918982939595,0.06569693100779322,1.0375665294759862,0.5616438356164384,0.40151157298063284,0.16013226263580554,1.5916720903527761
u0526,realcartest,1052.0,1054.0,3052.0,3054.0,30.0,not_used,7.0,7.456896551724138,-0.4568965517241379,-0.2649205357571219,0.0,0.04310344827586207,-0.04310344827586207,-0.3747658444979307,0.0834730623784171,0.05368090701536212,0.029792155363054983,0.8893692938225206,0.4489542607043404,0.2680941491945106,0.18086011150982984,1.6169482512716908,0.0608528639744314,0.01413577127842108,0.04671709269601032,3.9590686936373767,0.0386972959964101,0.02474850369649282,0.01394879229991728,1.296258488813772,0.0583275567737377,0.026310696479345135,0.03201686029439257,2.7448254221914024,0.0702078071174326,0.031316615413224634,0.03889119170420797,2.762782298844841,0.1633714156899905,0.09475858940693453,0.06861282628305597,1.6894845271239252,0.5,0.3103448275862069,0.1896551724137931,0.6688196903415297,1.5,1.5948275862068966,-0.09482758620689657,-0.10332396913347004,0.2756804377585372,0.22609582221828967,0.04958461554024751,1.5418988633307131,0.5205731540797527,0.36715896032165085,0.15341419375810184,2.5762504420151653,0.3835616438356164,0.41095890410958896,-0.027397260273972546,-0.2901378482246386
u0527,realcartest,1054.0,1056.0,3054.0,3056.0,30.0,not_used,5.25,7.543103448275862,-2.293103448275862,-1.4026445937231375,0.0,0.04310344827586207,-0.04310344827586207,-0.3747658444979307,0.0646410647797698,0.05318255595470784,0.011458508825061962,0.33685376711942727,0.2759438007202859,0.26502599397308463,0.010917806747201275,0.09357015308622273,0.01271774571822,0.014037781169184492,-0.001320035450964492,-0.11111084802810871,0.0287685713404201,0.02355757867324577,0.005210992667174331,0.5264067925679361,0.05822768989535,0.025614287091664044,0.03261340280368596,2.7484901047601293,0.0391053112426478,0.029941828631849153,0.009163482610798648,0.6754520025387211,0.0680091362096906,0.09778797942636398,-0.029778843216673387,-0.7197443297868656,0.25,0.3275862068965517,-0.07758620689655171,-0.2777460299317654,1.0,1.6293103448275863,-0.6293103448275863,-0.6818559868539581,0.2355023975642029,0.22465132963649015,0.01085106792771276,0.33372837209682094,0.3409474657462985,0.36462327206116807,-0.023675806314869596,-0.3838504166481015,0.2876712328767123,0.41568256967406697,-0.12801133679735466,-1.4322394990651974
u0528,realcartest,1056.0,1058.0,3056.0,3058.0,30.0,not_used,6.25,7.508620689655173,-1.2586206896551726,-0.7528173889178634,0.0,0.05172413793103448,-0.05172413793103448,-0.42857142857142855,0.0414390031521661,0.0514932271911887,-0.010054224039022598,-0.2883819908862985,0.1270761960018555,0.2568949525994614,-0.1298187565976059,-1.0531392112683062,0.0090895612230933,0.013425379503971678,-0.004335818280878378,-0.3682188862428967,0.030348207894593,0.022627520422410386,0.007720687472182613,0.8613186582594622,0.0354656623763125,0.025162864139163528,0.010302798237148969,0.8573385922983953,0.0398763594700874,0.028810722548532234,0.011065636921555166,0.8631572344640366,0.0747876108720522,0.09765971323677877,-0.022872102364726574,-0.5572931184808932,0.25,0.31896551724137934,-0.06896551724137934,-0.2634659687755138,1.25,1.5948275862068966,-0.3448275862068966,-0.40116507051342376,0.1715730737693258,0.2229125921818922,-0.0513395184125664,-1.6914435330035882,0.3115579194168072,0.3584574987029692,-0.04689957928616201,-0.801390561889735,0.3424657534246575,0.41426547000472363,-0.07179971658006612,-0.7903812839927897
u0529,realcartest,1058.0,1060.0,3058.0,3060.0,30.0,not_used,5.75,7.482758620689655,-1.7327586206896548,-1.021212798977296,0.25,0.05172413793103448,0.19827586206896552,1.6428571428571428,0.0372432798244723,0.05139731607830082,-0.014154036253828522,-0.40519712579540873,0.1379968243786757,0.25404273846376135,-0.11604591408508566,-0.9300846526363953,0.0062155375884653,0.013004696185668857,-0.006789158597203557,-0.5694346968325372,0.0183760352175571,0.022724136963273408,-0.004348101745716308,-0.47634036524632534,0.0260411312124313,0.025532943697962447,0.0005081875144688532,0.04192411574411392,0.023161472864063,0.029026285381324506,-0.005864812517261505,-0.4487328354481277,0.058531237512354,0.09885539183843063,-0.04032415432607663,-1.0071323298806925,0.0,0.3275862068965517,-0.3275862068965517,-1.2839010189590234,0.75,1.6379310344827587,-0.8879310344827587,-1.0808028368192948,0.142062130808275,0.22230523694951648,-0.08024310614124147,-2.610078833362685,0.2518753361460206,0.3581204103552096,-0.106245074209189,-1.8130280381156756,0.3287671232876712,0.4128483703353803,-0.08408124704770908,-0.911347728238654
u0530,realcartest,1060.0,1062.0,3060.0,3062.0,30.0,not_used,6.0,7.353448275862069,-1.3534482758620694,-0.7961239348364296,0.0,0.05172413793103448,-0.05172413793103448,-0.42857142857142855,0.0306012801952516,0.052461828318250074,-0.021860548122998473,-0.6354601252540675,0.0971661824657133,0.26020422790379105,-0.16303804543807776,-1.3247195282958355,0.0050382103025139,0.013287760819510146,-0.008249550516996246,-0.6988419135064082,0.0383792411267314,0.02236981402742206,0.016009427099309338,1.8076683058782825,0.0424196582237018,0.02522411984505399,0.01719553837864781,1.4202502836075415,0.0436042285433066,0.028854773124613847,0.014749455418692756,1.1392808161545933,0.0575686503387526,0.0984977203547136,-0.040929070015961,-1.019622246508924,0.0,0.3275862068965517,-0.3275862068965517,-1.2839010189590232,0.5,1.603448275862069,-1.103448275862069,-1.3349276234475695,0.228508516820573,0.221065761324084,0.007442755496488984,0.23486635311859036,0.3277574355707879,0.35612776977269756,-0.028370334201909653,-0.4854376792648412,0.3287671232876712,0.40576287198866323,-0.07699574870099202,-0.8309623737909388
u0531,realcartest,1062.0,1064.0,3062.0,3064.0,30.0,not_used,9.25,7.241379310344827,2.0086206896551726,1.1312012522270813,0.0,0.05172413793103448,-0.05172413793103448,-0.4285714285714286,0.0375286591622256,0.05214029414935216,-0.01461163498712656,-0.42153948671863506,0.1933622402505644,0.26244873978002725,-0.06908649952946286,-0.5718432783546912,0.0096896273669954,0.013483975431181808,-0.0037943480641864074,-0.3234431793064298,0.0247316063052228,0.021944988253927586,0.0027866180512952157,0.31640120181464204,0.0306724461172412,0.024638176389428508,0.00603426972781269,0.49003482226621664,0.0300952212810526,0.028269431489766253,0.0018257897912863467,0.1415248822350914,0.1004218022837539,0.09626773701108003,0.004154065272673868,0.10122420628504383,0.5,0.3017241379310345,0.19827586206896552,0.7964248652241103,1.5,1.543103448275862,-0.0431034482758621,-0.05125577300654564,0.2054792455479121,0.21735872166170705,-0.011879476113794946,-0.3292965749057616,0.3732164565517328,0.3514086718985857,0.02180778465314709,0.34390914867732225,0.5068493150684932,0.3996221067548417,0.10722720831365146,1.1054116992773413
u0532,realcartest,1064.0,1066.0,3064.0,3066.0,30.0,not_used,7.0,7.120689655172414,-0.1206896551724137,-0.06566910417482719,0.25,0.05172413793103448,0.19827586206896552,1.642857142857143,0.0548833391073354,0.0510080017118774,0.003875337395457999,0.1093582594016211,0.2889368303339493,0.2578326425234574,0.0311041878104919,0.24756317841642803,0.0041251857145543,0.013164844211310131,-0.00903965849675583,-0.758926570221217,0.0238069064750476,0.021686836165244076,0.002120070309803525,0.24002718309137386,0.0218742809525456,0.024062360804680362,-0.002188079852134761,-0.17368755531905763,0.0299268461285282,0.027613432711020385,0.0023134134175078133,0.18007991451470867,0.0493065303304675,0.09542938892606913,-0.046122858595601626,-1.100765982118058,0.0,0.3017241379310345,-0.3017241379310345,-1.2119508818627764,0.5,1.5344827586206897,-1.0344827586206897,-1.2203039274231584,0.2035174700974558,0.21433610527147728,-0.010818635174021485,-0.2640901583582128,0.3408044627233793,0.34582468979576714,-0.005020227072387862,-0.07148810645011798,0.3972602739726027,0.39300897496457254,0.004251299008030174,0.042256781159807605
u0533,realcartest,1066.0,1068.0,3066.0,3068.0,30.0,not_used,8.25,6.956896551724138,1.293103448275862,0.7153571191092334,0.0,0.05172413793103448,-0.05172413793103448,-0.4285714285714286,0.056920593362629,0.05028630643612252,0.006634286926506479,0.18527752800739553,0.3414816179678935,0.24926210784882077,0.09221951011907273,0.7303712651736978,0.0280198823740085,0.01297435108765903,0.015045531286349471,1.2593335586033283,0.0195415864131141,0.021699977229736038,-0.0021583908166219364,-0.2443744660968277,0.017085669195879,0.023872019737161757,-0.006786350541282758,-0.5337633740549871,0.0228718967814768,0.027415373001970136,-0.0045434762204933365,-0.35377501882742113,0.1105283359432448,0.09356582850758076,0.016962507435664034,0.4282802236711776,0.5,0.29310344827586204,0.20689655172413796,0.8717192547505778,1.75,1.4827586206896552,0.26724137931034475,0.34785380036968006,0.2122796881157596,0.20992084824172058,0.0023588398740390093,0.05884535015586082,0.379637015441183,0.338896549225088,0.040740466216095006,0.6013536094133372,0.4520547945205479,0.38403401039206425,0.06802078412848367,0.6856520978679945
u0534,realcartest,1068.0,1070.0,3068.0,3070.0,30.0,not_used,7.0,6.931034482758621,0.068965517241379,0.03761469027672853,0.0,0.05172413793103448,-0.05172413793103448,-0.4285714285714286,0.1008194607168562,0.04787864022883825,0.05294082048801795,1.468136819520486,0.3814685777864576,0.23986520239214196,0.14160337539431564,1.1189428059437754,0.0202571954395715,0.01260608805655346,0.00765110738301804,0.639963536105625,0.022064420349718,0.021532083213634604,0.0005323371360833953,0.05858218203794685,0.0322725836042374,0.023663909824400284,0.008608673779837112,0.6649728440710263,0.0263917218442209,0.0271893895517685,-0.0007976677075475988,-0.0606480323567689,0.0882684419513749,0.09341707690481595,-0.0051486349534410475,-0.12996863667611402,0.25,0.28448275862068967,-0.03448275862068967,-0.1472420347664621,1.5,1.4827586206896552,0.01724137931034475,0.022442180669011522,0.2114648773155193,0.20650905553647217,0.0049558217790471315,0.11468411097577691,0.3689223497258669,0.33461450060109743,0.034307849124769474,0.4679008834407797,0.3835616438356164,0.3826169107227208,0.0009447331128956127,0.009385431508359495
u0535,realcartest,1070.0,1072.0,3070.0,3072.0,30.0,not_used,6.25,6.767241379310345,-0.5172413793103452,-0.2637980712738327,0.0,0.05172413793103448,-0.05172413793103448,-0.4285714285714286,0.1153238317528527,0.04668804439387067,0.06863578735898203,1.854677782533016,0.3943016810133103,0.2281986683373057,0.1661030126760046,1.2556714934729443,0.0222970882907733,0.012078984101364596,0.010218104189408704,0.840853817212287,0.0111772736845637,0.02131000725678096,-0.01013273357221726,-1.0849068714075836,0.0192655661815348,0.023444762625826877,-0.004179196444292078,-0.3187531591902001,0.0141604872342075,0.0268374461694778,-0.0126769589352703,-0.9373854465776867,0.0821399105444634,0.0917820679739831,-0.009642157429519696,-0.23610662625884704,0.0,0.27586206896551724,-0.27586206896551724,-1.1958961484030972,1.25,1.4827586206896552,-0.23275862068965525,-0.3029694390316571,0.2313524135192933,0.20184185226601337,0.029510561253279943,0.615567837253864,0.3253147704515944,0.32629698833076115,-0.0009822178791667469,-0.011660562211031641,0.3424657534246575,0.37364194615021257,-0.031176192725555052,-0.28905140290005554
u0536,realcartest,1072.0,1074.0,3072.0,3074.0,30.0,not_used,5.0,6.560344827586207,-1.5603448275862073,-0.8221499321002962,0.0,0.05172413793103448,-0.05172413793103448,-0.4285714285714286,0.1426185527311369,0.04618811163057853,0.09643044110055837,2.5702638562835087,0.3869188632017661,0.22244207653915582,0.16447678666261029,1.1902003250575413,0.0219464580043957,0.011926324182201926,0.010020133822193775,0.8165872644513995,0.0112201918403596,0.020920476298050515,-0.009700284457690915,-0.9972054921691373,0.0195952134511151,0.023128169814462227,-0.003532956363347127,-0.2637782377852709,0.0146725311839019,0.02629473700641653,-0.01162220582251463,-0.828900549420524,0.0657823970221986,0.09049402229019807,-0.02471162526799947,-0.5962176176584562,0.25,0.27586206896551724,-0.025862068965517238,-0.11211526391279035,0.75,1.4741379310344827,-0.7241379310344827,-0.9377429894471234,0.2138071424327584,0.19836274507287419,0.015444397359884204,0.30407300911074403,0.2924270410668502,0.3185917509058158,-0.026164709838965627,-0.2871952210795821,0.273972602739726,0.36230514879546527,-0.08833254605573926,-0.8434040252915262
u0537,realcartest,1074.0,1076.0,3074.0,3076.0,30.0,not_used,5.0,6.370689655172414,-1.3706896551724137,-0.7540373519764142,0.0,0.05172413793103448,-0.05172413793103448,-0.4285714285714286,0.1369649089024169,0.0448965528142246,0.09206835608819229,2.398705914409655,0.3607526067160803,0.21088547336056804,0.14986713335551224,1.0552772633709984,0.0214816519110242,0.011493423447550187,0.009988228463474014,0.802250565137192,0.0149430528460304,0.020441801235035695,-0.0054987483890052945,-0.5643755303428797,0.0211549768559641,0.02239468461667176,-0.0012397077607076597,-0.09204699823265508,0.0208281468081515,0.0255510017908244,-0.0047228549826729,-0.3348769752983572,0.0865424426307396,0.08869111363709532,-0.0021486710063557263,-0.0513282736580605,0.25,0.25862068965517243,-0.008620689655172431,-0.03716470731235839,1.25,1.4224137931034482,-0.17241379310344818,-0.2242806520081282,0.1895616907315725,0.19378323836009506,-0.0042215476285225595,-0.08033489220872618,0.3034162643531161,0.30882549272438803,-0.005409228371271946,-0.058631113347643864,0.273972602739726,0.3519130845536136,-0.07794048181388757,-0.7742128571760123
u0538,realcartest,1076.0,1078.0,3076.0,3078.0,30.0,not_used,8.5,6.206896551724138,2.293103448275862,1.2998052899515584,0.0,0.05172413793103448,-0.05172413793103448,-0.4285714285714286,0.0587544092564613,0.04319640882044501,0.015558000436016288,0.3975651896077552,0.3439606783556411,0.19999191978163922,0.14396875857400188,0.9935996077801815,0.0302693688975466,0.011299636911613035,0.018969731985933568,1.5081650893480518,0.0259482061928068,0.020210365053496434,0.005737841139310366,0.5786561809803388,0.0286600249739102,0.02224706689125047,0.006412958082659733,0.47389682320882,0.0339242330462935,0.02521278230859842,0.008711450737695081,0.6067684572820617,0.1806249931327257,0.08710832400535246,0.09351666912737325,2.138303922751271,0.75,0.25862068965517243,0.49137931034482757,2.1183883168044235,3.5,1.3879310344827587,2.112068965517241,2.6480684196485913,0.2484122681989548,0.18926221935292387,0.05915004884603092,1.093848435051523,0.4485295915164991,0.300755966290447,0.14777362522605214,1.5260755034590343,0.4657534246575342,0.3429381199811054,0.12281530467642882,1.2528992941486141
u0539,realcartest,1078.0,1080.0,3078.0,3080.0,30.0,not_used,7.0,6.043103448275862,0.9568965517241379,0.5820379846386974,0.25,0.05172413793103448,0.19827586206896552,1.6428571428571428,0.0207037748070651,0.041516722045827854,-0.020812947238762754,-0.5231553903002814,0.209094510617487,0.18860917800948535,0.020485332608001644,0.1402314649795125,0.0070601771053377,0.011264988376519824,-0.004204811271182124,-0.3335883321635783,0.0405468526797113,0.02015639918771094,0.020390453492000363,2.0434481503156086,0.0309490075842864,0.022318152983788045,0.008630854600498356,0.6409375683711737,0.0448606430190843,0.025116148370898404,0.0197444946481859,1.365173719125945,0.0721784259631364,0.08864633315976468,-0.016467907196628287,-0.38078077169631114,0.0,0.27586206896551724,-0.27586206896551724,-1.1958961484030972,1.5,1.4051724137931034,0.09482758620689657,0.11936793817107022,0.2197346778861857,0.18602547995771546,0.03370919792847024,0.643102899775621,0.3861482353744526,0.2948094211357108,0.0913388142387418,0.928471865080979,0.3972602739726027,0.33396315540859706,0.06329711856400566,0.6893857888492799
u0540,realcartest,1080.0,1082.0,3080.0,3082.0,30.0,not_used,8.25,5.870689655172414,2.3793103448275863,1.6479447579132287,0.5,0.05172413793103448,0.4482758620689655,3.714285714285714,0.0082890982093488,0.04007281763265597,-0.03178371942330717,-0.7868539634187215,0.0376261750024342,0.17496436264497137,-0.13733818764253716,-0.955522938349551,0.0022784525422525,0.010964264968722263,-0.008685812426469763,-0.6807469203670361,0.0179279043192163,0.019838771333174857,-0.0019108670139585567,-0.18574964545950298,0.0157568710765645,0.022048996997921188,-0.006292125921356688,-0.4574330183768409,0.0191736116962502,0.024683872678525134,-0.0055102609822749345,-0.3711680191107587,0.1346200552679732,0.0864421246389255,0.04817793062904768,1.099543894531096,0.5,0.25862068965517243,0.24137931034482757,1.0406118047460329,3.0,1.3448275862068966,1.6551724137931034,2.1908902300206647,0.2165808325117293,0.1803319722457182,0.036248860266011096,0.7191948142960619,0.3168759686842498,0.2850828426186615,0.03179312606558826,0.32293002240218593,0.4794520547945205,0.32451582427964104,0.15493623051487948,1.9031849592260617
u0541,realcartest,1082.0,1084.0,3082.0,3084.0,30.0,not_used,7.0,5.801724137931035,1.1982758620689653,0.834477457697781,0.0,0.0603448275862069,-0.0603448275862069,-0.48076197382041164,0.0111039602014357,0.03788774504802656,-0.026783784846590865,-0.6747487515977378,0.0422753003891988,0.1674209827973084,-0.1251456824081096,-0.9297324745163834,0.0029600428641903,0.009164141152146917,-0.006204098287956617,-0.7216051491600646,0.0143583959334605,0.01871512550324847,-0.0043567295697879704,-0.438309219862696,0.0124605526211079,0.020301021917030718,-0.007840469295922818,-0.6446312260443517,0.015825955169176,0.02248500941696608,-0.006659054247790081,-0.5338805879787816,0.1505174486026157,0.08366785158514364,0.06684959701747206,1.617290444791803,0.5,0.25,0.25,1.09924216318941,2.25,1.3275862068965518,0.9224137931034482,1.217797638396011,0.1964473831331948,0.1758389042435937,0.0206084788896011,0.43458056791370764,0.2781981947495606,0.27498216794794883,0.00321602680161176,0.0364324420873277,0.3835616438356164,0.32120925838450637,0.06235238545111005,0.7708365975714333
u0542,realcartest,1084.0,1086.0,3084.0,3086.0,30.0,not_used,5.25,5.775862068965517,-0.5258620689655169,-0.36208316860236855,0.25,0.0603448275862069,0.1896551724137931,1.5109662034355793,0.0105547486723984,0.0380107371379136,-0.0274559884655152,-0.6901508875840093,0.0458547249964101,0.1686507741877819,-0.1227960491913718,-0.9045888395680761,0.006884252932025,0.009360543329644715,-0.002476290397619715,-0.28331417876312914,0.0190921103133789,0.01813011480786256,0.0009619955055163408,0.09786742993010503,0.0148418283793772,0.01895523344643571,-0.00411340506705851,-0.41860062310873647,0.0216822854012887,0.021709134578797088,-2.684917750838886e-05,-0.0022172079099220567,0.2027735212875555,0.08463783475316639,0.1181356865343891,2.8614326863924884,0.75,0.25,0.5,2.19848432637882,2.75,1.3362068965517242,1.4137931034482758,1.8723608468379263,0.2376590575378101,0.17332024100313878,0.06433881653467133,1.3954158671509997,0.3029099469516594,0.2724859583873519,0.030423988564307503,0.34813175091938303,0.3013698630136986,0.3197921587151629,-0.01842229570146431,-0.22515909980571105
u0543,realcartest,1086.0,1088.0,3086.0,3088.0,30.0,not_used,5.5,5.724137931034483,-0.2241379310344831,-0.15339299776947435,0.0,0.0603448275862069,-0.0603448275862069,-0.48076197382041164,0.0256843120494445,0.038732855371432236,-0.013048543321987734,-0.32598890406565195,0.1488535711981239,0.1750344376937788,-0.026180866495654903,-0.18974764877004818,0.0029601749146517,0.009536734853104632,-0.006576559938452932,-0.7486474090279479,0.03946363776735,0.01772336770310448,0.021740270064245518,2.275082035298515,0.0341193931905203,0.01834227713895773,0.015777116051562567,1.6930320396469927,0.0470428877961339,0.021147359282075978,0.025895528514057922,2.2282070623692705,0.0815932789496786,0.084462998073967,-0.002869719124288392,-0.06942160751072513,0.25,0.25,0.0,0.0,1.5,1.3275862068965518,0.17241379310344818,0.2276257268029926,0.1941327367245425,0.17311959500659563,0.02101314171794688,0.4555487931187579,0.3398243028206858,0.27157102641451203,0.06825327640617379,0.7834687608230658,0.3013698630136986,0.31695795937647614,-0.015588096362777526,-0.18916222849439665
u0544,realcartest,1088.0,1090.0,3088.0,3090.0,30.0,not_used,5.5,5.732758620689655,-0.2327586206896548,-0.15919855597737537,0.0,0.0603448275862069,-0.0603448275862069,-0.48076197382041164,0.0501020303115678,0.03841449729863687,0.011687533012930927,0.29164268361100365,0.3123635044723158,0.17787243247940845,0.13449107199290736,0.9743421246321162,0.012303991557568,0.009836862819751824,0.002467128737816177,0.27989042409964415,0.0243058126969216,0.0180240456383611,0.006281767058560501,0.6470976780124102,0.0214577622538146,0.018872044857317426,0.002585717396497173,0.2549559329015382,0.0358151969734725,0.021783355200899517,0.014031841772572981,1.1497210835483604,0.0819656801271794,0.08489093928148077,-0.002925259154301363,-0.07112123851096581,0.25,0.25,0.0,0.0,1.0,1.3448275862068966,-0.3448275862068966,-0.459922049818274,0.1798938109808539,0.17523623108463238,0.0046575798962215365,0.10111615729121361,0.332874211952833,0.27451844771514017,0.05835576423769284,0.6643153573810079,0.3013698630136986,0.3174303259329239,-0.016060462919225305,-0.19464514658377893
u0545,realcartest,1090.0,1092.0,3090.0,3092.0,30.0,not_used,4.5,5.7155172413793105,-1.2155172413793105,-0.8315437099571388,0.0,0.07758620689655173,-0.07758620689655173,-0.5231143743471868,0.0195629861135093,0.03903836230623801,-0.019475376192728707,-0.4858014264600051,0.171090139802998,0.18255881542731608,-0.011468675624318081,-0.08339691429053418,0.011823453410365,0.01047774344352135,0.0013457099668436508,0.14766883627528668,0.0170195676336134,0.018182417425749494,-0.0011628497921360934,-0.11548671655993852,0.0121303708843872,0.01964272755880822,-0.00751235667442102,-0.601889330367195,0.0210780493580199,0.022132612429350502,-0.0010545630713306026,-0.0814561580852806,0.0487235584634851,0.08600915994525521,-0.03728560148177011,-0.9135902824005631,0.0,0.25,-0.25,-1.09924216318941,0.5,1.3620689655172413,-0.8620689655172413,-1.17169622698253,0.1253722649178648,0.17694941359274013,-0.05157714867487534,-1.0558124306152985,0.22119192500555,0.27734608459282684,-0.05615415958727685,-0.6185582856512054,0.2465753424657534,0.31743032593292386,-0.07085498346717045,-0.8587285878696131
u0546,realcartest,1092.0,1094.0,3092.0,3094.0,30.0,not_used,4.5,5.568965517241379,-1.068965517241379,-0.8193435093037665,0.0,0.07758620689655173,-0.07758620689655173,-0.5231143743471868,0.0111806379015956,0.03837398276465603,-0.027193344863060426,-0.6753100920141774,0.0643304484307171,0.1801594022087347,-0.1158289537780176,-0.8398501258312012,0.0020295620440304,0.010559173815321052,-0.008529611771290652,-0.9356573703597868,0.0172050293272883,0.018272361953344595,-0.0010673326260562943,-0.10527383102663143,0.0098611742068764,0.019765307725284006,-0.009904133518407606,-0.7856776176046621,0.0194940106841934,0.022182316066221296,-0.0026883053820278974,-0.20711793768751033,0.0410316002344306,0.08512433498648148,-0.044092734752050874,-1.0815461655772494,0.0,0.2413793103448276,-0.2413793103448276,-1.0849779616089799,0.75,1.3275862068965518,-0.5775862068965518,-0.7683405401849763,0.1096960484845195,0.17534681696505636,-0.06565076848053686,-1.3494405406646222,0.1861223013646175,0.27379743346950663,-0.08767513210488914,-0.9855736097184998,0.2465753424657534,0.3094000944733112,-0.06282475200755777,-0.8416710118036207
u0547,realcartest,1094.0,1096.0,3094.0,3096.0,30.0,not_used,5.0,5.4655172413793105,-0.4655172413793105,-0.35643758476051035,0.0,0.08620689655172414,-0.08620689655172414,-0.5241424183609592,0.0219091656252259,0.036981670050623056,-0.015072504425397155,-0.3733502745074822,0.1201268513929487,0.17329737752878469,-0.05317052613583599,-0.38730760584366536,0.0080463884154166,0.01066452873013387,-0.0026181403147172693,-0.28902013833738543,0.02167102293097,0.01902727723546157,0.0026437456955084315,0.23449739232374261,0.0134701752477892,0.020092443044840525,-0.006622267797051325,-0.518245142245899,0.0248858995909406,0.022961264363336453,0.0019246352276041483,0.13694252120550957,0.1176555627650986,0.08626446823712758,0.03139109452797102,0.7806960512764031,0.5,0.2413793103448276,0.2586206896551724,1.1624763874381927,2.0,1.3448275862068966,0.6551724137931034,0.8875694881473982,0.1561869263858671,0.17584827007337075,-0.019661343687503663,-0.4011557843984792,0.2665641906520992,0.2736000649889708,-0.007035874336871639,-0.07921869506752176,0.273972602739726,0.30420406235238545,-0.03023145961265944,-0.41084771636182493
u0548,realcartest,1096.0,1098.0,3096.0,3098.0,30.0,not_used,4.75,5.293103448275862,-0.5431034482758621,-0.4323595903562472,0.0,0.1206896551724138,-0.1206896551724138,-0.5174548896682011,0.0104017291468725,0.035206352427913055,-0.024804623281040557,-0.6111540332972175,0.1044456518920681,0.16232311987380463,-0.05787746798173653,-0.4252107875811371,0.0071804110506099,0.00980065722677944,-0.0026202461761695396,-0.3067402334274937,0.0055892174505582,0.018908709518326162,-0.013319492067767964,-1.180164029653722,0.006463093590911,0.0197427574148227,-0.0132796638239117,-1.0220859334364498,0.0062205646034315,0.02275139778902197,-0.01653083318559047,-1.1724440375643037,0.0891121424507337,0.08442881720247676,0.004683325248256945,0.11628489092949543,0.25,0.22413793103448276,0.025862068965517238,0.11695217633781756,1.5,1.3189655172413792,0.18103448275862077,0.24575274665754784,0.1205666212585193,0.17158813879269869,-0.051021517534179384,-1.0006316599788283,0.1828330732859512,0.2663508947540587,-0.08351782146810752,-0.9443038790383369,0.2602739726027397,0.29664619744922055,-0.03637222484648084,-0.5261399365138946
u0549,realcartest,1098.0,1100.0,3098.0,3100.0,30.0,not_used,3.0,5.129310344827586,-2.1293103448275863,-1.600525295866149,0.0,0.13793103448275862,-0.13793103448275862,-0.5699763999032772,0.0009615493210955,0.031878821033587884,-0.030917271712492384,-0.7928453486778505,0.0012913227141446,0.14963799355349836,-0.14834667083935377,-1.1222614190874893,0.000205484487795,0.009170979190234928,-0.008965494702439928,-1.0647355603418052,0.0077165557721899,0.018718469299942114,-0.011001913527752216,-0.9755342533521727,0.0105570955947524,0.01965950570639888,-0.00910241011164648,-0.7045380859968533,0.0078373168979563,0.02244893642112072,-0.01461161952316442,-1.0353888956670971,0.0387849557471053,0.08411677647286903,-0.04533182072576373,-1.1254545080464484,0.25,0.23275862068965517,0.017241379310344834,0.07602859212697058,0.75,1.3103448275862069,-0.5603448275862069,-0.7613935170564478,0.0903347515831307,0.16979566536153687,-0.07946091377840617,-1.5745127857933707,0.1065066521421601,0.2594851045919847,-0.1529784524498246,-1.739545222821251,0.1643835616438356,0.28861596598960787,-0.12423240434577226,-1.7246735954733143
u0550,realcartest,1100.0,1102.0,3100.0,3102.0,30.0,not_used,4.25,5.043103448275862,-0.7931034482758621,-0.5936595928576175,0.0,0.15517241379310345,-0.15517241379310345,-0.6225430174794672,0.0011117182313637,0.029452462146884358,-0.028340743915520657,-0.7919798051756891,0.0030013235996496,0.1411252658740876,-0.138123942274438,-1.1153343015918027,0.0002952183567357,0.009093907678288186,-0.008798689321552486,-1.0588841608333384,0.0059772458044552,0.019070969124654884,-0.013093723320199684,-1.1694919140856894,0.006866977352022,0.020015358285267976,-0.013148380933245976,-1.0078907872573866,0.0060718953459411,0.022901066247880048,-0.016829170901938948,-1.197864329578843,0.0530030764265791,0.0859473829601143,-0.032944306533535195,-0.7969181328351607,0.25,0.25862068965517243,-0.008620689655172431,-0.03575992699260765,1.0,1.3103448275862069,-0.31034482758620685,-0.42169487098510955,0.1091965812885992,0.16822508834682234,-0.05902850705822314,-1.1992747017477356,0.1325514349696754,0.25788374524024316,-0.12533231027056776,-1.4381618191683911,0.2328767123287671,0.2848370335380255,-0.051960321209258364,-0.7218432085822006
u0551,realcartest,1102.0,1104.0,3102.0,3104.0,30.0,not_used,4.5,4.948275862068965,-0.4482758620689653,-0.31349201054807313,0.0,0.1724137931034483,-0.1724137931034483,-0.6757373783994861,0.0014044295571595,0.02573712940682248,-0.024332699849662978,-0.8465673321626223,0.0027296289198883,0.13245023101836306,-0.12972060209847477,-1.1299638315932425,0.0003071462340362,0.009031619927935008,-0.008724473693898808,-1.0614877067892896,0.0134231053785688,0.019626893988520598,-0.006203788609951797,-0.5542704644027313,0.0107609288099897,0.02035547228679806,-0.00959454347680836,-0.7291715258163626,0.0135878487809825,0.023548857892282053,-0.009961009111299553,-0.7070554922495702,0.053884689213373,0.08747736965435021,-0.03359268044097721,-0.811690855933247,0.0,0.2672413793103448,-0.2672413793103448,-1.0905761943319525,0.75,1.3275862068965518,-0.5775862068965518,-0.7929132894546778,0.1098388670175042,0.1657521565671268,-0.0559132895496226,-1.1489106734596497,0.1612608532563689,0.256396597033775,-0.09513574377740608,-1.0946079807181839,0.2465753424657534,0.28058573452999525,-0.034010392064241834,-0.44735168832260974
u0552,realcartest,1104.0,1106.0,3104.0,3106.0,30.0,not_used,4.5,4.853448275862069,-0.3534482758620694,-0.23373304050057747,0.0,0.20689655172413793,-0.20689655172413793,-0.703452458112659,0.002280943152006,0.02162926338055909,-0.019348320228553092,-0.9863153407839151,0.0095646041548483,0.12228592046489985,-0.11272131631005154,-1.0543043956527915,0.0003362467760939,0.008643172710990733,-0.008306925934896833,-1.0540782655938437,0.0096338575453404,0.019355924551779705,-0.009722067006439305,-0.8531050643552088,0.0143100538894322,0.019936731073148785,-0.005626677183716585,-0.4224775024762954,0.009796366049253,0.023129166770623807,-0.013332800721370807,-0.9296448515256263,0.0143129335005975,0.08904756608502323,-0.07473463258442573,-1.771926383190103,0.0,0.27586206896551724,-0.27586206896551724,-1.1094003924504583,0.25,1.3448275862068966,-1.0948275862068966,-1.4950491096799354,0.1079754340483706,0.16410257297605468,-0.05612713892768409,-1.1538799266106419,0.1341945000845822,0.2521090247799206,-0.11791452469533839,-1.3467888368772756,0.2465753424657534,0.27727916863486063,-0.030703826169107218,-0.3921644461507114
u0553,realcartest,1106.0,1108.0,3106.0,3108.0,30.0,not_used,5.0,4.629310344827586,0.3706896551724137,0.2583526336526958,0.0,0.23275862068965517,-0.23275862068965517,-0.7570424080242596,0.0027249643677372,0.02018048980679187,-0.017455525439054667,-0.9522539953375556,0.0140901657882689,0.11226238632350968,-0.09817222053524079,-0.991681279046503,0.0010514785156824,0.007691160423273088,-0.006639681907590688,-0.9757218302360295,0.0078530119533032,0.018800002974069318,-0.010946991020766118,-0.9557327785108606,0.0107022037052471,0.019534743555877705,-0.008832539850630605,-0.6678907764268079,0.0079766283906413,0.0223135502304469,-0.014336921839805599,-0.9971956942263157,0.0964271216498935,0.08403278892498026,0.012394332724913248,0.3133474078494762,0.5,0.25,0.25,1.0561177090573832,1.5,1.2413793103448276,0.2586206896551724,0.41411822278067445,0.1679972695048937,0.15781516864354136,0.010182100861352322,0.20729111857484706,0.1862320380140883,0.24065087917515737,-0.05441884116106907,-0.6579795988849177,0.273972602739726,0.26641473783656117,0.007557864903164846,0.1034305021932755
u0554,realcartest,1108.0,1110.0,3108.0,3110.0,30.0,not_used,5.25,4.508620689655173,0.7413793103448274,0.5386585200077428,0.0,0.22413793103448276,-0.22413793103448276,-0.7222222222222222,0.0029242183572065,0.0200715756287314,-0.017147357271524902,-0.9351389298142408,0.0089082334361349,0.10755725096957594,-0.09864901753344105,-1.011648476284132,0.0002408260805619,0.007702971107448331,-0.0074621450268864305,-1.0967155898446057,0.00553844547317,0.01780279530830521,-0.012264349835135212,-1.1403573347943343,0.0036509647386756,0.018839641506791075,-0.015188676768115476,-1.1562830791372638,0.0056568843750934,0.021219919126836965,-0.015563034751743565,-1.126463147589963,0.0443546594175958,0.08672891585754004,-0.04237425643994424,-1.0264655637149076,0.0,0.27586206896551724,-0.27586206896551724,-1.1094003924504583,1.0,1.2327586206896552,-0.23275862068965525,-0.3738479235446553,0.1188125791821032,0.15747631104257273,-0.038663731860469536,-0.7935289003574579,0.1481353438427598,0.2349960440090536,-0.0868607001662938,-1.1130398806378274,0.2876712328767123,0.2593292394898441,0.028341993386868214,0.40525742021872446
u0555,realcartest,1110.0,1112.0,3110.0,3112.0,30.0,not_used,5.0,4.327586206896552,0.6724137931034484,0.5570007832256822,0.25,0.20689655172413793,0.04310344827586207,0.13975424859373684,0.0201059574241646,0.021345213610229164,-0.0012392561860645641,-0.06608624197603266,0.2301962451221145,0.11075495535004352,0.11944128977207098,1.2353722716616211,0.0086492732937464,0.008188739402477859,0.0004605338912685407,0.06672818925115029,0.006111566928545,0.01804077583541846,-0.011929208906873458,-1.1013896295184453,0.007636279427914,0.018810851742366953,-0.011174572314452952,-0.8502031254271532,0.0064407725322201,0.02159291728015765,-0.015152144747937552,-1.089979478317946,0.0829174971303168,0.08446753417164282,-0.0015500370413260162,-0.038383633965963254,0.25,0.2672413793103448,-0.017241379310344807,-0.07035975447302911,1.0,1.1379310344827587,-0.13793103448275867,-0.25006105751709073,0.1453814656969271,0.1538845950493951,-0.008503129352468025,-0.1768935896891006,0.2276535886290873,0.23158045476927977,-0.00392686614019247,-0.051308883205057866,0.2876712328767123,0.24846480869154466,0.03920642418516765,0.6711029608788933
u0556,realcartest,1112.0,1114.0,3112.0,3114.0,30.0,not_used,4.5,4.155172413793103,0.3448275862068968,0.2948038134593939,0.0,0.20689655172413793,-0.20689655172413793,-0.6708203932499368,0.0682078353864936,0.021408674739521523,0.04679916064697207,2.499898147862348,0.3116077510440179,0.1128950404840358,0.19871271055998208,2.0736379968151013,0.0184134088656561,0.008822058990000745,0.009591349875655356,1.3270173014842324,0.0118032611742288,0.017734553885377178,-0.0059312927111483775,-0.5365707216405878,0.0191998242480949,0.018654406155620355,0.0005454180924745443,0.04118015654335929,0.0166049409357469,0.021237393410855693,-0.004632452475108795,-0.3268405560455188,0.0961386480823502,0.08445132135660695,0.011687326725743255,0.2896033533791664,0.25,0.2672413793103448,-0.017241379310344807,-0.07035975447302911,1.25,1.0948275862068966,0.15517241379310343,0.3040818202797686,0.1624611635910106,0.1523686313219867,0.010092532269023902,0.21296117350778193,0.268557388488988,0.22780747571385346,0.04074991277513457,0.53032795554734,0.2465753424657534,0.23901747756258857,0.007557864903164846,0.1303962733277615
u0557,realcartest,1114.0,1116.0,3114.0,3116.0,30.0,not_used,4.75,4.043103448275862,0.7068965517241379,0.5821608801032414,0.0,0.19827586206896552,-0.19827586206896552,-0.6383964889013743,0.0623804319242068,0.021099517757458795,0.041280914166748006,2.1761737070056983,0.312202437675765,0.11151243814811146,0.20068999952765354,2.0675497854536635,0.0141991154034309,0.00864693567404567,0.00555217972938523,0.7571152943574126,0.0185525418566087,0.017163207701900985,0.0013893341547077144,0.12195519209634421,0.0176899294594511,0.018180041566936523,-0.0004901121074854242,-0.03600075794500214,0.0235848758651753,0.02057804599338564,0.0030068298717896604,0.20628032245734887,0.0697173471752699,0.0832731881738974,-0.0135558409986275,-0.3637663568695669,0.25,0.2672413793103448,-0.017241379310344807,-0.07035975447302911,1.0,1.0344827586206897,-0.034482758620689724,-0.08551382496180274,0.1657543398695743,0.15239440026101783,0.01335993960855647,0.2816296710432743,0.2850248922044502,0.22301942098330454,0.062005471221145664,0.8122854905214583,0.2602739726027397,0.23240434577231933,0.02786962683042038,0.4545459941290068
u0558,realcartest,1116.0,1118.0,3116.0,3118.0,30.0,not_used,6.0,3.896551724137931,2.103448275862069,1.6381373859891795,0.25,0.20689655172413793,0.04310344827586207,0.13975424859373684,0.0280108957134066,0.02025099890595616,0.007759896807450439,0.4022126158613785,0.220298673161936,0.10644716869186163,0.11385150447007436,1.1523082749399811,0.0149192486212339,0.008560303735072864,0.006358944886161037,0.8576485581445235,0.0270956953399989,0.01597320280412322,0.011122492535875678,1.0311102930677332,0.0414043950448625,0.01710309568546378,0.024301299359398718,1.7940405275301785,0.0416053545099456,0.01912887450076831,0.022476480009177287,1.6113486459353488,0.0709415325302538,0.08443321194185134,-0.01349167941159754,-0.35771987508986913,0.0,0.28448275862068967,-0.28448275862068967,-1.0927391945786613,1.25,1.0344827586206897,0.21551724137931028,0.5344614060112659,0.2034445770713414,0.15344677843576213,0.049997798635579266,1.0271838786364338,0.3373505538642358,0.21606116533179237,0.12128938853244342,1.6270364121861152,0.3424657534246575,0.22484648086915449,0.11761927255550303,1.7903016228402453
u0559,realcartest,1118.0,1120.0,3118.0,3120.0,30.0,not_used,5.5,3.7413793103448274,1.7586206896551726,1.301662232072279,0.5,0.20689655172413793,0.2931034482758621,0.9503288904374105,0.0486933654156845,0.018639020524666636,0.030054344891017867,1.609372850543423,0.2330712879550345,0.09608013301716221,0.13699115493787228,1.4857152310626314,0.0236237483918301,0.008261871438266873,0.015361876953563227,2.067030632103939,0.042972022960995,0.015357887663074095,0.0276141352979209,2.5561610900232963,0.0647694565669348,0.016731757183116612,0.04803769938381818,3.540334756184229,0.0537326881683851,0.01812120616477101,0.03561148200361409,2.587800007652455,0.0899970495882111,0.08657293960830573,0.0034241099799053737,0.0872511286305871,0.0,0.29885057471264365,-0.29885057471264365,-1.1094003924504583,1.0,1.0229885057471264,-0.02298850574712641,-0.05623771307241197,0.2781908095556977,0.15419317636207192,0.12399763319362578,2.5183744364540788,0.4097589050237029,0.20949651315673223,0.20026239186697065,2.7691333196983785,0.3287671232876712,0.216343882853094,0.11242324043457722,1.5837131561502904
u0560,realcartest,1120.0,1122.0,3120.0,3122.0,30.0,not_used,5.0,3.6206896551724137,1.3793103448275863,0.9633311788020776,0.0,0.20689655172413793,-0.20689655172413793,-0.6708203932499368,0.0182616524563483,0.01801275524978257,0.0002488972065657277,0.013144274961202126,0.123779256911704,0.09024335297600386,0.033535903935700134,0.36204545543407307,0.0120511081491868,0.007874832266058448,0.004176275883128352,0.5547697790946136,0.0273399976054807,0.014771006020535703,0.012568991584944999,1.1269225235906937,0.0342272709450391,0.016313468531930844,0.017913802413108255,1.2899391628786083,0.0315366267503058,0.017394376876563422,0.01414224987374238,1.0003410198467657,0.0747618784793155,0.08570690657993897,-0.010945028100623477,-0.271373027348358,0.25,0.29885057471264365,-0.048850574712643646,-0.18134429491978632,0.5,1.0057471264367817,-0.5057471264367817,-1.1498602479091538,0.1590039433450812,0.15081158972841877,0.008192353616662429,0.15110508922585408,0.2703055739754458,0.20277897230072445,0.06752660167472135,0.8483017788141162,0.273972602739726,0.20973075106282477,0.06424185167690125,0.8389309715572856
u0561,realcartest,1122.0,1124.0,3122.0,3124.0,30.0,not_used,4.0,3.5344827586206895,0.4655172413793105,0.3207361179797221,0.5,0.20689655172413793,0.2931034482758621,0.9503288904374108,0.0145062704003791,0.019448282718192367,-0.004942012317813268,-0.24814208712741795,0.0899381146153987,0.09163073801232871,-0.001692623396930007,-0.01829235511009082,0.007180478244126,0.009563034122335837,-0.002382555878209837,-0.2205175584325603,0.0456994496564398,0.014177729147180932,0.03152172050925887,2.7502358551134938,0.0313612052196846,0.015973428042038558,0.015387777177646042,1.0867675745033067,0.0525163467448677,0.016722169611591238,0.03579417713327646,2.47182109608141,0.0823703945992049,0.08885629791012493,-0.006485903310920041,-0.1609947547863886,0.0,0.3333333333333333,-0.3333333333333333,-1.1416526558094862,1.0,1.014367816091954,-0.014367816091954033,-0.03286487841604852,0.2180596102385739,0.15693214547247503,0.06112746476609887,1.0354614201255379,0.3350807767878401,0.20249221836078202,0.13258855842705808,1.664085534982358,0.2465753424657534,0.2050070854983467,0.04156825696740671,0.5304671043874534
u0562,realcartest,1124.0,1126.0,3124.0,3126.0,30.0,not_used,3.25,3.4827586206896552,-0.23275862068965525,-0.16336954956157254,1.0,0.20689655172413793,0.7931034482758621,2.5714781741247577,0.0054363823040392,0.019711881752060945,-0.014275499448021745,-0.7138710636042952,0.0232281459734723,0.09149533890083048,-0.06826719292735817,-0.7380811159671234,0.00296760877673,0.010720467604871102,-0.007752858828141102,-0.6314749501108043,0.0161031226161872,0.01424439609851635,0.0018587265176708487,0.16148276391936148,0.0069447859253621,0.016386134600578018,-0.009441348675215918,-0.6623488496647437,0.0167857661263567,0.016912542008345716,-0.00012677588198901565,-0.008669881442764137,0.0572944559383709,0.09142304554075159,-0.03412858960238069,-0.7718109314850365,0.0,0.3333333333333333,-0.3333333333333333,-1.1416526558094864,1.0,0.9885057471264368,0.011494252873563204,0.028837490036423583,0.0887358809762691,0.15678857510561092,-0.06805269412934183,-1.1526396968258965,0.1694110786287321,0.202978633768156,-0.033567555139423916,-0.41902830950785114,0.2328767123287671,0.20217288615965992,0.03070382616910719,0.39722859754717
u0563,realcartest,1126.0,1128.0,3126.0,3128.0,30.0,not_used,2.25,3.4051724137931036,-1.1551724137931036,-0.8164662678991501,0.5,0.20689655172413793,0.2931034482758621,0.9503288904374108,0.0043210502814262,0.01957382781411411,-0.015252777532687911,-0.7597981937588562,0.0135999144975743,0.08858286214375471,-0.07498294764618041,-0.8031175557898912,0.0019965323797807,0.010533894764917963,-0.008537362385137262,-0.690137824942529,0.0165474540165807,0.014745406426391888,0.0018020475901888138,0.15753928458376806,0.0298582840599466,0.01683585684210653,0.013022427217840069,0.9209994010572231,0.0176203421750848,0.017475817699863425,0.00014452447522137618,0.00995754610447687,0.0792192607927505,0.08989043422033897,-0.01067117342758847,-0.23695243617254438,0.5,0.32471264367816094,0.17528735632183906,0.5883362430479027,1.25,0.9626436781609196,0.28735632183908044,0.7391404949863531,0.1594831478118261,0.15650569930859248,0.002977448503233615,0.050266766825554456,0.1698144350257199,0.20197416942377477,-0.03215973439805486,-0.3993218609928985,0.1506849315068493,0.19792158715162966,-0.047236655644780356,-0.6105056164485665
u0564,realcartest,1128.0,1130.0,3128.0,3130.0,30.0,not_used,3.75,3.4051724137931036,0.34482758620689635,0.24372127399974616,0.5,0.20689655172413793,0.2931034482758621,0.9503288904374108,0.0449594240384505,0.01965695566776488,0.02530246837068562,1.2649721572141146,0.1474325783104003,0.08874953408679663,0.05868304422360367,0.6295581849353976,0.0200620144443178,0.010553282997185566,0.009508731447132235,0.7696420200207684,0.0213997686012339,0.014817400196182821,0.006582368405051078,0.5773621993991618,0.0295852909687386,0.016695256918053507,0.012890034050685093,0.9063941297625058,0.0272722522102279,0.017563255479135353,0.009708996731092549,0.6712857023650574,0.135227498674576,0.0916358561209287,0.04359164255364731,0.9909598303279604,0.75,0.3333333333333333,0.4166666666666667,1.3923012151818268,1.25,1.014367816091954,0.23563218390804597,0.5216268100603897,0.1858056800925731,0.15926270968696696,0.02654297040560613,0.4581481198414185,0.2788753492510899,0.20366864568877832,0.0752067035623116,0.9518397158831117,0.2328767123287671,0.19792158715162964,0.034955125177137475,0.4517741561719394
u0565,realcartest,1130.0,1132.0,3130.0,3132.0,30.0,not_used,2.25,3.3620689655172415,-1.1120689655172415,-0.7901184815494159,0.5,0.20689655172413793,0.2931034482758621,0.9503288904374108,0.0348739032693424,0.019710412467867398,0.015163490801475003,0.7598929456918352,0.1353428523857534,0.08878196507862042,0.04656088730713297,0.49966944849615297,0.0201401132441535,0.010552236495394421,0.00958787674875908,0.7759934335364812,0.0273420128924653,0.014898738718617133,0.012443274173848166,1.0967409337187182,0.0294585194954874,0.016719940456988477,0.012738579038498923,0.8967826974774125,0.0334584888715601,0.017648663225515563,0.01580982564604454,1.097724665542961,0.1101520111550408,0.09156086897697119,0.018591142178069606,0.4219801933044193,0.5,0.3247126436781609,0.17528735632183912,0.5745520055636671,1.25,1.014367816091954,0.23563218390804597,0.5216268100603897,0.1420921208215879,0.15830347677935033,-0.016211355957762436,-0.27487464896183694,0.2492997430792742,0.20295696305585753,0.04634278002341666,0.5811814806525428,0.1506849315068493,0.1955597543693906,-0.0448748228625413,-0.5804131568323662
u0566,realcartest,1132.0,1134.0,3132.0,3134.0,30.0,not_used,2.25,3.3275862068965516,-1.0775862068965516,-0.7745024954634526,1.0,0.20689655172413793,0.7931034482758621,2.571478174124758,0.0178367941407785,0.019767760667227553,-0.0019309665264490537,-0.09701201207757974,0.0659876006656473,0.08890574970501362,-0.02291814903936633,-0.24624292027192915,0.0102166826196403,0.010563349276289595,-0.00034666665664929465,-0.02807804586792666,0.0070849391805445,0.014603045193709157,-0.007518106013164657,-0.6542547643313629,0.0090114816601352,0.016590128046731295,-0.007578646386596095,-0.5308794583023495,0.0086571042800623,0.017355562301523634,-0.008698458021461334,-0.5971114584065483,0.1320781391202571,0.09216955383145214,0.03990858528880495,0.9142388540493313,0.5,0.3333333333333333,0.16666666666666669,0.5569204860727308,1.75,1.0488505747126435,0.7011494252873565,1.4978630139911144,0.1417237665904795,0.15860749856283074,-0.01688373197235124,-0.28738787100346874,0.179076668991338,0.20178796134560464,-0.022711292354266638,-0.281828065368946,0.1780821917808219,0.19367028814359938,-0.01558809636277747,-0.2032010458853782
u0567,realcartest,1134.0,1136.0,3134.0,3136.0,30.0,not_used,2.0,3.2844827586206895,-1.2844827586206895,-0.9351300726197501,0.75,0.20689655172413793,0.5431034482758621,1.7609035322810844,0.0167399756172119,0.019812649486035092,-0.003072673868823192,-0.15466725113890406,0.0532781882553266,0.08893224787132858,-0.03565405961600199,-0.38317585824831174,0.0026610125537349,0.010565444440654315,-0.007904431886919416,-0.6403041978492275,0.0098264804392056,0.01461212836564359,-0.004785647926437991,-0.41660443988885754,0.0170023869730489,0.016377341456693614,0.0006250455163552861,0.04354558673604237,0.0102713533811633,0.017372762276039653,-0.007101408894876354,-0.48777036534212687,0.035196455491479,0.0926434299048372,-0.05744697441335821,-1.3399613741371341,0.0,0.3333333333333333,-0.3333333333333333,-1.1138409721454612,0.5,1.0660919540229885,-0.5660919540229885,-1.2661546981953122,0.0660775425560685,0.15763223929329293,-0.09155469673722443,-1.5308463278941824,0.1162433689783664,0.20106564185329706,-0.08482227287493066,-1.0435919754827079,0.1506849315068493,0.19130845536136037,-0.04062352385451107,-0.5338217947604803
u0568,realcartest,1136.0,1138.0,3136.0,3138.0,30.0,not_used,3.5,3.2155172413793105,0.2844827586206895,0.21303183743428286,0.0,0.20689655172413793,-0.20689655172413793,-0.6708203932499369,0.0175452636433116,0.019936618386112003,-0.002391354742800403,-0.1209568096809616,0.0726455853534086,0.08916091491000995,-0.016515329556601344,-0.17782780999848297,0.0074026869464197,0.010558780621923083,-0.003156093675503383,-0.25555430506911125,0.0116278303725523,0.014585050598481314,-0.0029572202259290133,-0.25705828588207275,0.0107910481607741,0.01627179785191094,-0.005480749691136839,-0.3804406939326851,0.0131453410143961,0.017373962451112446,-0.0042286214367163455,-0.29046430113784316,0.1503661070073701,0.08949077351864536,0.060875333488724745,1.3308001161399354,0.75,0.3160919540229885,0.4339080459770115,1.4294987132103634,1.25,1.014367816091954,0.23563218390804597,0.4914145825187543,0.2099078074580955,0.15427717664722135,0.05563063081087416,0.8997930422430743,0.2221580155574438,0.19780292955021517,0.024355086007228632,0.29107474352506807,0.1917808219178082,0.18752952290977795,0.004251299008030257,0.05698257232932238
u0569,realcartest,1138.0,1140.0,3138.0,3140.0,30.0,not_used,3.0,3.1120689655172415,-0.11206896551724155,-0.08692978600289464,0.0,0.20689655172413793,-0.20689655172413793,-0.6708203932499369,0.045224599672784,0.020343422638419383,0.024881177034364616,1.2736023426164191,0.1303596020359934,0.0900877673611228,0.040271834674870596,0.43679378038894046,0.0163657330981088,0.010694035206590714,0.005671697891518085,0.4627168779185448,0.0248293396055006,0.014693543112670626,0.010135796492829974,0.8865485977592114,0.0149219679082648,0.01644134025491919,-0.001519372346654389,-0.10635979375388091,0.0299905581425501,0.017539153537620304,0.012451404604929796,0.8616269196077138,0.069039986376954,0.08939731718359821,-0.020357330806644217,-0.4441127968450111,0.25,0.3160919540229885,-0.06609195402298851,-0.21773821459495601,0.25,1.0057471264367814,-0.7557471264367814,-1.568201129336474,0.1124210687095791,0.15219896530805974,-0.03977789659848063,-0.6219249406383011,0.2178238807308077,0.19617604726108287,0.02164783346972482,0.2544712652371285,0.1643835616438356,0.18186112423240433,-0.017477562588568724,-0.23938318952544566
u0570,realcartest,1140.0,1142.0,3140.0,3142.0,30.0,not_used,2.0,2.9913793103448274,-0.9913793103448274,-0.7803113606254739,0.0,0.19827586206896552,-0.19827586206896552,-0.6383964889013743,0.012944332950914,0.020535855313134913,-0.007591522362220913,-0.3881097412473141,0.1043377692749749,0.08351747837034003,0.020820290904634872,0.23471909984839084,0.021326310902354,0.011024235207030685,0.010302075695323317,0.8357572353062706,0.0054779593822633,0.015052005355544682,-0.009574045973281382,-0.8457195787937952,0.0079236306054567,0.016837525378253105,-0.008913894772796405,-0.6279798442733862,0.0055157629594191,0.017936519098580024,-0.012420756139160924,-0.8687043740607546,0.1500472769665748,0.08946388119007044,0.06058339577650436,1.3219115885626829,0.5,0.3074712643678161,0.19252873563218392,0.6234784041182191,1.0,1.0057471264367814,-0.005747126436781436,-0.011925483873280815,0.1524844350383504,0.15035087309811712,0.002133561940233286,0.03287610533803713,0.1687818021421986,0.1931600137971762,-0.02437821165497761,-0.2852920457228156,0.1095890410958904,0.1747756258856873,-0.06518658478979689,-0.9007878954294372
u0571,realcartest,1142.0,1144.0,3142.0,3144.0,30.0,not_used,2.0,2.9741379310344827,-0.9741379310344827,-0.7773348567139047,0.0,0.19827586206896552,-0.19827586206896552,-0.6383964889013743,0.0015891961925794,0.018873763346767467,-0.017284567154188066,-0.9954655047408185,0.0057592572546046,0.07534394874652138,-0.06958469149191678,-0.8975716391890678,0.0018056767693278,0.01061325045302336,-0.00880757368369556,-0.7176972858563615,0.0025230709925692,0.015677948232159244,-0.013154877239590045,-1.1319431378019456,0.001085255307546,0.017309032812497856,-0.016223777504951856,-1.1197122355450706,0.0025612102946572,0.018572212933191546,-0.016011002638534347,-1.0943476348792363,0.1686076589889792,0.08971032719665212,0.07889733179232708,1.7194746820646885,0.75,0.3247126436781609,0.4252873563218391,1.3336039565136422,1.0,1.0229885057471264,-0.02298850574712641,-0.04606992675081822,0.2384063567697124,0.15238088216373155,0.08602547460598084,1.3004075550510918,0.1640563597657397,0.19349852714609495,-0.02944216738035524,-0.3432812409361489,0.1095890410958904,0.17383089277279168,-0.06424185167690127,-0.89726473685811
u0572,realcartest,1144.0,1146.0,3144.0,3146.0,30.0,not_used,1.25,2.9224137931034484,-1.6724137931034484,-1.3833167323579798,0.25,0.19827586206896552,0.051724137931034475,0.16653821449601067,0.001077265355868,0.017189547046612956,-0.016112281690744957,-1.0524850695984307,0.0019607569668786,0.06538132556595246,-0.06342056859907386,-0.994125125749018,0.0004478486844403,0.010170482805544832,-0.009722634121104532,-0.7862454509153503,0.0049534957317948,0.015670351978474276,-0.010716856246679476,-0.9223013522516309,0.0028879626278109,0.01731222094993107,-0.014424258322120171,-0.9955088546919734,0.0050169145102312,0.018469721952891073,-0.013452807442659873,-0.9210749109166569,0.1152339682203426,0.08906421533469988,0.026169752885642716,0.565323412888217,0.75,0.3160919540229885,0.4339080459770115,1.338644065691757,1.5,1.0229885057471264,0.4770114942528736,0.9559509800794792,0.2246517037921276,0.15040813517834634,0.07424356861378126,1.1151676592968955,0.1380348889268339,0.1892773942698328,-0.0512425053429989,-0.6089015227711895,0.0821917808219178,0.17099669343410487,-0.08880491261218706,-1.273705721339737
u0573,realcartest,1146.0,1148.0,3146.0,3148.0,30.0,not_used,1.0,2.836206896551724,-1.8362068965517242,-1.7204294082126723,0.0,0.1896551724137931,-0.1896551724137931,-0.6069109849750699,0.0033546572541716,0.016711482563803795,-0.013356825309632194,-0.8799352544434359,0.0117194699060331,0.059001389685658025,-0.047281919779624926,-0.8315802548059423,0.0036494549501943,0.009713492820725861,-0.006064037870531561,-0.4879847355697469,0.006461673606497,0.015250157594780305,-0.008788483988283306,-0.7697381996639453,0.0106889456857467,0.016257006252749756,-0.005568060567003055,-0.40365936305626465,0.0065928152295509,0.017614218113351534,-0.011021402883800633,-0.7908225078706267,0.144017782454357,0.08758593272509858,0.056431849729258424,1.1876609013505988,0.6666666666666666,0.3160919540229885,0.3505747126436781,1.0815534835390355,0.6666666666666666,0.9971264367816091,-0.33045977011494243,-0.6531561093841243,0.2015393508438382,0.1465026586766384,0.05503669216719981,0.8254806456409348,0.1424992988760887,0.18261937793365762,-0.040120079057568925,-0.5034063687553985,0.0547945205479452,0.16580066131317903,-0.11100614076523382,-1.7924835954826674
u0574,realcartest,1148.0,1150.0,3148.0,3150.0,30.0,not_used,1.0,2.7413793103448274,-1.7413793103448274,-1.8503320819678075,0.0,0.1724137931034483,-0.1724137931034483,-0.5585807734779455,0.0014012931418714,0.015992992891513364,-0.014591699749641964,-1.0346146445210318,0.0018235186094049,0.05391090487526478,-0.05208738626585988,-1.1140094940203282,0.0005993174163207,0.009184121186582577,-0.008584803770261877,-0.7067610820524908,0.0,0.014393475437059029,-0.014393475437059029,-1.4154107148981032,0.0,0.014530308856293622,-0.014530308856293622,-1.4098314580984974,0.0,0.01655303631511361,-0.01655303631511361,-1.3556036595565035,0.0236086006408491,0.08667698513246266,-0.06306838449161356,-1.3218553223378462,0.0,0.3160919540229885,-0.3160919540229885,-0.9751711736827371,0.0,1.0057471264367814,-1.0057471264367814,-1.979645608899575,0.0273062525419238,0.14026876691866136,-0.11296251437673756,-1.810832664492008,0.026383240181323,0.17450997067872126,-0.14812673049739827,-2.2059234709178877,0.0547945205479452,0.15965989607935757,-0.10486537553141237,-1.9508240017270357
u0575,realcartest,1150.0,1152.0,3150.0,3152.0,30.0,not_used,2.0,2.6120689655172415,-0.6120689655172415,-0.6976223653704011,0.0,0.1724137931034483,-0.1724137931034483,-0.5585807734779455,0.0528109344854797,0.019648074374245428,0.033162860111234274,1.3657996040899865,0.1045646144841386,0.06106798813873394,0.04349662634540467,0.6398942010260895,0.0509874158760747,0.011200438265785219,0.03978697761028948,2.4082890699311528,0.0,0.014731311557176063,-0.014731311557176063,-1.3715909487439586,0.0,0.014106857341504764,-0.014106857341504764,-1.4506849428108062,0.0,0.01731441525730485,-0.01731441525730485,-1.2622729393858203,0.1323639488098234,0.08922000826055348,0.04314394054926993,0.8812393116653121,1.0,0.3247126436781609,0.6752873563218391,2.0740497836510805,1.0,1.0057471264367814,-0.005747126436781436,-0.011312260622282947,0.2871921650621509,0.14223009681429813,0.14496206824785277,2.271513942719703,0.1778064371062877,0.1772849210282636,0.0005215160780241146,0.007193273465616381,0.1095890410958904,0.1525743977326405,-0.0429853566367501,-0.8310588922585458
u0576,realcartest,1152.0,1154.0,3152.0,3154.0,30.0,not_used,3.5,2.5775862068965516,0.9224137931034484,1.0967582942659635,0.0,0.16379310344827586,-0.16379310344827586,-0.5408738951940932,0.0295535376074146,0.022096579491514425,0.0074569581159001745,0.2755703897412264,0.1162002771594995,0.06815725933708296,0.048043017822416545,0.5988039014283006,0.0416119594089392,0.012273825378063983,0.029338134030875214,1.7036079173471188,0.0236043645196971,0.014400112253861534,0.009204252265835567,0.9301856942213181,0.0254386654454336,0.01450409020161198,0.01093457524382162,1.0300626239275474,0.0304066990968205,0.017221114712289067,0.013185584384531431,0.9778450199922961,0.1920912440532717,0.09122676110992588,0.10086448294334581,2.0245189461103177,0.5,0.3505747126436781,0.14942528735632188,0.45481242855185783,1.25,1.0057471264367814,0.24425287356321856,0.4807710764470401,0.1520233857468087,0.14252576212661686,0.009497623620191853,0.1479684734600624,0.2806702374659445,0.17842699204880394,0.10224324541714055,1.3598298615849143,0.1917808219178082,0.1502125649504015,0.04156825696740671,0.8507281103601841
u0577,realcartest,1154.0,1156.0,3154.0,3156.0,30.0,not_used,2.5,2.560344827586207,-0.06034482758620685,-0.0725164753208528,0.0,0.12931034482758622,-0.12931034482758622,-0.49834162063882165,0.0063981649464143,0.022222382877742707,-0.01582421793132841,-0.58628343343217,0.0199838259368707,0.06823673300504313,-0.048252907068172424,-0.6017455539092992,0.0017697986919689,0.012284082195248434,-0.010514283503279534,-0.610737393182382,0.0201185169589488,0.014964903094615048,0.00515361386433375,0.49415335681106454,0.0195050385952378,0.015027326288544638,0.0044777123066931605,0.42227004895429904,0.022555559657445,0.017893782279247622,0.0046617773781973786,0.3347729642201758,0.0446664141587678,0.09179710101004908,-0.04713068685128128,-0.9516827645568985,0.0,0.35919540229885055,-0.35919540229885055,-1.1139421965617484,0.75,0.9885057471264367,-0.23850574712643668,-0.46189586022410345,0.112363223144984,0.1448865784082332,-0.03252335526324922,-0.5128293490356107,0.1537036072988949,0.1803082002749918,-0.026604592976096908,-0.3518177064074625,0.136986301369863,0.1473783656117147,-0.010392064241851684,-0.22444306128771258
u0578,realcartest,1156.0,1158.0,3156.0,3158.0,30.0,not_used,3.0,2.560344827586207,0.43965517241379315,0.5283343201947852,0.0,0.11206896551724138,-0.11206896551724138,-0.44694920671214383,0.0033722570769676,0.022244245959430094,-0.018871988882462495,-0.699572116165786,0.0061248090623606,0.06830438279139094,-0.06217957372903034,-0.7758586369126681,0.0007677432235555,0.012267482734487098,-0.011499739510931598,-0.6675858128279695,0.009804375096127,0.014734707135977007,-0.004930332039850008,-0.4711114773458292,0.0064796977972147,0.014165674184757523,-0.007685976387542823,-0.7407055073424095,0.0103730124968423,0.017641299591703588,-0.007268287094861287,-0.5193834265559276,0.0894021908642079,0.09036241947114855,-0.000960228606940644,-0.019029159928784026,0.5,0.34195402298850575,0.15804597701149425,0.4821594268293612,2.25,0.9626436781609194,1.2873563218390807,2.469153563382111,0.1702880525559913,0.14144685024858364,0.028841202307407665,0.44225305969057416,0.1556464638272637,0.17778870747540204,-0.022142243648138354,-0.28707634189525827,0.1643835616438356,0.14643363249881905,0.017949929145016558,0.38599074702524266
u0579,realcartest,1158.0,1160.0,3158.0,3160.0,30.0,not_used,3.0,2.5,0.5,0.6197628258171836,0.0,0.11206896551724138,-0.11206896551724138,-0.44694920671214383,0.0026619654343368,0.02082141689770346,-0.018159451463366658,-0.6768686143163954,0.0039418223625398,0.06417740096441264,-0.06023557860187284,-0.7621300945983593,0.0002648698047925,0.011747014400620535,-0.011482144595828036,-0.6671590882534155,0.0083360629550503,0.014135810422765939,-0.00579974746771564,-0.549048905788839,0.0075827999811362,0.013252471871714504,-0.005669671890578304,-0.5590271134655527,0.0085487199909672,0.01684493223779447,-0.008296212246827271,-0.5892112692290556,0.0508284492518108,0.08887016473848032,-0.03804171548666952,-0.7647053144721722,0.0,0.3247126436781609,-0.3247126436781609,-1.0182246424732537,1.0,0.9454022988505746,0.054597701149425415,0.1050252847534625,0.0813788269677162,0.13791007284613163,-0.05653124587841543,-0.8631609605867392,0.1119126386149719,0.17208965235154278,-0.060177013736570875,-0.7966250852341192,0.1643835616438356,0.14312706660368443,0.021256495040151174,0.48803611745517383
u0580,realcartest,1160.0,1162.0,3160.0,3162.0,30.0,not_used,3.5,2.5258620689655173,0.9741379310344827,1.202127659574468,0.0,0.09482758620689655,-0.09482758620689655,-0.39436910666014113,0.0030675273386041,0.019645025260497898,-0.016577497921893797,-0.6154769268533286,0.0063193830852914,0.05954758394545281,-0.053228200860161404,-0.6766604822358954,0.0006294168799962,0.011056725799994397,-0.010427308919998197,-0.6040822808687819,0.0048479931562374,0.013352015238735802,-0.008504022082498402,-0.8179895602624757,0.0069963689125314,0.012438294135555897,-0.0054419252230244975,-0.5582344604542039,0.0050879219852165,0.015853245016975447,-0.010765323031758946,-0.7752312668584481,0.0715365499933207,0.08674607920959067,-0.015209529216269974,-0.30354330634120746,0.25,0.3074712643678161,-0.05747126436781608,-0.1782307514498797,1.75,0.9281609195402298,0.8218390804597702,1.5873219369407539,0.1186554987384355,0.13558866668404973,-0.016933167945614225,-0.25467460101515066,0.1273598036590356,0.16681896589978573,-0.039459162240750134,-0.5240197529457041,0.1917808219178082,0.14359943316013227,0.04818138875767594,1.1023323683514634
u0581,realcartest,1162.0,1164.0,3162.0,3164.0,30.0,not_used,3.25,2.543103448275862,0.7068965517241379,0.8731313054999178,0.0,0.0603448275862069,-0.0603448275862069,-0.35629061899150133,0.0035827188974247,0.019066241652882187,-0.015483522755457488,-0.5703682559083026,0.0103330509779819,0.057333868018873684,-0.04700081704089178,-0.5923152757133495,0.0003970065426709,0.01070965088076955,-0.01031264433809865,-0.5935123508174618,0.009897269531439,0.013482736236055518,-0.003585466704616517,-0.3467466332936838,0.0081392427783394,0.012526117457965665,-0.004386874679626266,-0.4509236098128667,0.0102951653102176,0.01593556969787667,-0.00564040438765907,-0.4072282269564791,0.0280553396287644,0.0832375477499774,-0.055182208121212994,-1.0955128361821156,0.0,0.29022988505747127,-0.29022988505747127,-0.8928618318101322,0.75,0.8936781609195401,-0.1436781609195401,-0.29046213271260796,0.0796929152317741,0.13345580709941662,-0.05376289186764252,-0.7994937167313803,0.1132472348076619,0.1643221457322165,-0.051074910924554615,-0.6715982899581701,0.1780821917808219,0.14265470004723668,0.035427491733585226,0.8191952683068422
u0582,realcartest,1164.0,1166.0,3164.0,3166.0,30.0,not_used,3.0,2.560344827586207,0.43965517241379315,0.547406958194892,0.0,0.0603448275862069,-0.0603448275862069,-0.35629061899150133,0.0063200624699676,0.018584317336426633,-0.012264254866459032,-0.44912271622457145,0.020721509910029,0.0558756887505776,-0.0351541788405486,-0.44053177084924244,0.0008582277724766,0.010654458026459434,-0.009796230253982834,-0.5628847369948613,0.0070677567055972,0.01381136998957192,-0.0067436132839747195,-0.6502823253100146,0.0076414391665495,0.012257501200701106,-0.004616062034151606,-0.47544825717544587,0.0080114334677522,0.016266085352708626,-0.008254651884956426,-0.5970403596665653,0.00500008645033,0.08599296890283645,-0.08099288245250645,-1.6247102728898546,0.0,0.3074712643678161,-0.3074712643678161,-0.9535345202568567,0.0,0.9281609195402298,-0.9281609195402298,-1.8532637469260187,0.070700452768817,0.13635940052209652,-0.06565894775327953,-0.9935977680559149,0.091613381224715,0.16715913844528568,-0.07554575722057068,-0.9974715758951228,0.1643835616438356,0.1435994331601323,0.020784128483703312,0.47551592360259126
u0583,realcartest,1166.0,1168.0,3166.0,3168.0,30.0,not_used,2.25,2.5775862068965516,-0.3275862068965516,-0.39557588073157113,0.0,0.08620689655172414,-0.08620689655172414,-0.40961596025952024,0.0147215416741205,0.018155663174202114,-0.0034341215000816133,-0.12525323949029152,0.0357869545184075,0.05462896872472514,-0.01884201420631764,-0.23608556735464545,0.0041632090359232,0.010543663090112291,-0.0063804540541890905,-0.3659741441732284,0.0086847283846601,0.013790540568524898,-0.005105812183864798,-0.4921143475970693,0.0085676944259148,0.012688232043798885,-0.004120537617884085,-0.41582674443155226,0.0104474258838214,0.016215692057955186,-0.005768266174133787,-0.4167854931912719,0.0416444257012284,0.08265910732687426,-0.04101468162564586,-0.843011013041552,0.0,0.28160919540229884,-0.28160919540229884,-0.8913511928753842,0.75,0.910919540229885,-0.16091954022988497,-0.32310082195057893,0.0585444503464157,0.13279818720063685,-0.07425373685422115,-1.1460202396942643,0.1009557574579231,0.16526206053049583,-0.06430630307257273,-0.8571715705509071,0.1232876712328767,0.1459612659423713,-0.022673594709494593,-0.4733718602846158
u0584,realcartest,1168.0,1170.0,3168.0,3170.0,30.0,not_used,1.5,2.603448275862069,-1.103448275862069,-1.294713875273396,0.0,0.08620689655172414,-0.08620689655172414,-0.4096159602595203,0.025686504990915,0.01667004865979633,0.009016456331118673,0.3330111770926021,0.0396578643894139,0.050570035543988666,-0.010912171154574768,-0.13840423278765554,0.0182250733065055,0.010014948515687641,0.008210124790817858,0.46963265856824454,0.0165069719718926,0.01319343661846489,0.00331353535342771,0.32422403733917443,0.0191256480045976,0.012478738241476314,0.006646909763121284,0.6697788876100915,0.0179643738000518,0.015447951012388859,0.0025164227876629426,0.1840705054499203,0.0848478533180114,0.08284362074180948,0.002004232576201914,0.0412302477060346,0.0,0.2729885057471264,-0.2729885057471264,-0.8529188582463262,1.0,0.9367816091954022,0.06321839080459779,0.13108248767195688,0.0917867916085923,0.13222835573604413,-0.04044156412745184,-0.6217801083924099,0.1401886181757939,0.1624775313213478,-0.022288913145553896,-0.29911652155146073,0.0821917808219178,0.1473783656117147,-0.06518658478979689,-1.3298772692481822
u0585,realcartest,1170.0,1172.0,3170.0,3172.0,30.0,not_used,4.0,2.7844827586206895,1.2155172413793105,1.0180571756473613,0.0,0.08620689655172414,-0.08620689655172414,-0.40961596025952024,0.0200071683618378,0.016461088191942034,0.0035460801698957677,0.13072229675486216,0.0745753919532769,0.049915553231463114,0.024659838721813793,0.31425171743406066,0.0064948509994437,0.009431364743385963,-0.0029365137439422637,-0.16899010151771737,0.0299556045960511,0.013454957120009502,0.0165006474760416,1.6312050656523664,0.0328735398411927,0.012910978392684397,0.019962561448508304,1.9984559350743867,0.0350400621394811,0.015740436111057587,0.01929962602842351,1.4247990047114152,0.1032855822732191,0.07974005027841162,0.02354553199480748,0.5002264476482835,0.75,0.2557471264367816,0.4942528735632184,1.5405112904805949,1.75,0.9454022988505746,0.8045977011494254,1.6570658374636142,0.2213314264938302,0.1325483686983942,0.088783057795436,1.3624728136437458,0.2783742756076304,0.16502589450810248,0.11334838109952791,1.492644371313369,0.2191780821917808,0.1572980632971186,0.061880018894662214,0.9320126069393179
u0586,realcartest,1172.0,1174.0,3172.0,3174.0,30.0,not_used,3.25,2.8125,0.4375,0.3628634256066519,0.0,0.08928571428571429,-0.08928571428571429,-0.4181210050035454,0.0135381592197259,0.01699222719191927,-0.003454067972193371,-0.1257927340445862,0.0232863654392659,0.051492563802065204,-0.028206198362799303,-0.3552070554871058,0.0013588536265536,0.00970371074245947,-0.008344857115905869,-0.4735074719536354,0.0183322504997446,0.013845381624560938,0.004486868875183663,0.44522818259631686,0.0177823854450143,0.013333325645725055,0.004449059799289246,0.44903222775460044,0.0206126374364617,0.0162111227473576,0.004401514689104099,0.32482942836346596,0.0509801031786549,0.07656620711017706,-0.025586103931522157,-0.5717564317921028,0.0,0.23809523809523808,-0.23809523809523808,-0.7622159339667058,1.0,0.9434523809523808,0.05654761904761918,0.1144599082041419,0.1085446772934029,0.12876772626727567,-0.020223048973872768,-0.32042057925470985,0.1626120387928486,0.16506052074890118,-0.002448481956052573,-0.03168248330271601,0.1780821917808219,0.15900195694716243,0.019080234833659476,0.2850210189670302
u0587,realcartest,1174.0,1176.0,3174.0,3176.0,30.0,not_used,3.5,2.8703703703703702,0.6296296296296298,0.5295397729481901,0.0,0.08333333333333333,-0.08333333333333333,-0.3872983346207417,0.0141470257119409,0.017581670222884132,-0.0034346445109432328,-0.1236027327388289,0.0352805326333974,0.05332707516633137,-0.018046542532933967,-0.22479459591054204,0.0016665390614838,0.010046520448312033,-0.008379981386828233,-0.4693357789575737,0.0149100582128738,0.014174710731700426,0.0007353474811733745,0.07270896707110382,0.0108031688266045,0.01372019094268484,-0.00291702211608034,-0.2952428263214297,0.0167957431632989,0.016625723052436356,0.00017002011086254473,0.012480035399854846,0.028071336851816,0.07513406780980057,-0.04706273095798458,-1.0473126133030126,0.0,0.21913580246913578,-0.21913580246913578,-0.7259273521460459,0.5,0.9228395061728394,-0.4228395061728394,-0.8609373811810151,0.0901857585218098,0.1252164678404293,-0.03503070931861951,-0.5699404637032516,0.1442680801151554,0.16606147007564437,-0.021793389960488962,-0.2775464812110964,0.1917808219178082,0.16184677828513447,0.02993404363267374,0.45021118706830576
u0588,realcartest,1176.0,1178.0,3176.0,3178.0,30.0,not_used,2.75,2.9423076923076925,-0.1923076923076925,-0.16685216106650014,0.0,0.08653846153846154,-0.08653846153846154,-0.39581954742018816,0.027857164919262,0.018128863029373075,0.009728301889888925,0.34529357649719306,0.0854472284536305,0.05492736767634284,0.030519860777287654,0.3750026044316208,0.0082719710016749,0.010292561429008869,-0.0020205904273339695,-0.1113264650047883,0.018128240387078,0.014471366005746712,0.003656874381331287,0.3588582751129684,0.0146952320697069,0.013836777298720923,0.000858454770985978,0.08541800300793505,0.0229584160194852,0.017011604122547333,0.0059468118969378675,0.4328945196083585,0.0636375694017695,0.0724846941696253,-0.008847124767855805,-0.20257015006892412,0.0,0.20192307692307693,-0.20192307692307693,-0.6860400964040412,1.25,0.9326923076923077,0.3173076923076923,0.6373317185796156,0.0974079485743645,0.12228097234029822,-0.024873023765933727,-0.4094394716338781,0.1745860946305472,0.16696770742947345,0.007618387201073745,0.09537446208304602,0.1506849315068493,0.16596417281348788,-0.015279241306638575,-0.2376650018399928
u0589,realcartest,1178.0,1180.0,3178.0,3180.0,30.0,not_used,1.25,3.02,-1.77,-1.5994701474464186,0.0,0.09,-0.09,-0.40492914359926274,0.1242590154555782,0.018797965824873142,0.10546104963070506,3.6966685652784177,0.3313346715523095,0.05705152163902036,0.27428314991328917,3.3332206968583056,0.0705243034460633,0.010680291189516395,0.0598440122565469,3.2517397727319417,0.0371372450888746,0.015050220645976579,0.02208702444289802,2.216651581089019,0.0219471770161622,0.014390248390669758,0.00755692862549244,0.7669777715565879,0.0536166160738518,0.017692068287449226,0.03592454778640257,2.6467837123644986,0.1485095491939487,0.07443973791077636,0.07406981128317235,1.7063099216983566,0.5,0.21,0.29000000000000004,0.9753755512946531,0.5,0.97,-0.47,-0.9984193283559051,0.2158825103185476,0.1260799611322332,0.08980254918631442,1.5260687152138255,0.3507791341121752,0.17259108611939947,0.17818804799277574,2.3369758537597725,0.0684931506849315,0.17041095890410962,-0.10191780821917812,-1.6567567434640635
u0590,realcartest,1180.0,1182.0,3180.0,3182.0,30.0,not_used,3.0,3.0625,-0.0625,-0.0563436169819011,0.25,0.09375,0.15625,0.691163516376137,0.0855129188011801,0.01738075879734787,0.06813216000383224,2.412479423821846,0.2955269793675203,0.055071809437140434,0.24045516993037988,2.883183596731206,0.0383087045002102,0.0090008276609098,0.029307876839300397,1.7443520720811032,0.0360946698603185,0.01567731317289227,0.020417356687426228,2.110499784564795,0.0428809581627938,0.014989842073614335,0.02789111608917947,2.905701462480049,0.04981063093941,0.01842923779942628,0.031381393139983726,2.3500609278443636,0.1405662272310044,0.07202622912331606,0.06853999810768834,1.6078122322161925,0.75,0.17708333333333334,0.5729166666666666,2.247239077724951,1.0,0.96875,0.03125,0.06504853347024094,0.2266339042958169,0.11936695263515329,0.1072669516606636,2.1537613173360803,0.3682008363835091,0.1723737798282791,0.19582705655523,2.5166701788102817,0.1780821917808219,0.17294520547945205,0.005136986301369856,0.08353770064034574
u0591,realcartest,1182.0,1184.0,3182.0,3184.0,30.0,not_used,2.75,3.0434782608695654,-0.2934782608695654,-0.25987982000323523,0.0,0.09782608695652174,-0.09782608695652174,-0.42521003213538067,0.0090846805046594,0.016851507544736275,-0.0077668270400768746,-0.2703177168720929,0.0255328823443172,0.05241404997095092,-0.02688116762663372,-0.31928381628686064,0.0032650564750791,0.0075829523675172185,-0.004317895892438119,-0.2751212588404109,0.0324820569980391,0.015332658766509454,0.017149398231529646,1.761271689568733,0.0221186324464092,0.01453554540527436,0.007583087041134841,0.7941003415759054,0.0362931255681548,0.01790847861258305,0.018384646955571755,1.3719941485735618,0.0738343130419438,0.06680601108288323,0.007028301959060568,0.19940896431882094,0.25,0.16304347826086957,0.08695652173913043,0.34619385792633234,0.5,0.9565217391304348,-0.4565217391304348,-0.9372758696226489,0.157199553143144,0.11794710771725524,0.03925244542588875,0.7788505715112075,0.2239661171881812,0.16766523819185888,0.05630087899632233,0.7401694632821184,0.1506849315068493,0.1721262656343061,-0.0214413341274568,-0.34203600118378635
u0592,realcartest,1184.0,1186.0,3184.0,3186.0,30.0,not_used,2.25,3.0681818181818183,-0.8181818181818183,-0.7123477457568645,0.0,0.10227272727272728,-0.10227272727272728,-0.43656412506539943,0.0049550796503604,0.01732665948102364,-0.012371579830663238,-0.4223902551248534,0.0155617583016606,0.053888151063409113,-0.03832639276174851,-0.44672844310543286,0.001515148017702,0.007847186625496686,-0.006332038607794686,-0.39582327317593585,0.0098717712160775,0.015115119757762209,-0.005243348541684709,-0.5295797340370664,0.0048703730501202,0.014309659351185116,-0.009439286301064916,-0.9727597849916089,0.0102983442363078,0.017697247655998418,-0.007398903419690617,-0.5415045357996469,0.037613496164635,0.06781235639761574,-0.030198860232980733,-0.8455945189199681,0.0,0.17045454545454544,-0.17045454545454544,-0.6701505774131552,0.5,0.9659090909090909,-0.46590909090909094,-0.9393693087187432,0.0597310311819882,0.11820092065235847,-0.058469889470370275,-1.134980288656838,0.0967491438376163,0.1682998577779027,-0.0715507139402864,-0.9206830995135081,0.1232876712328767,0.17372353673723537,-0.05043586550435866,-0.7925575303825033
u0593,realcartest,1186.0,1188.0,3186.0,3188.0,30.0,not_used,2.0,3.0714285714285716,-1.0714285714285716,-0.9114654303753,0.5,0.10714285714285714,0.39285714285714285,1.6458904045775942,0.003697381248378,0.017991154833597738,-0.014293773585219738,-0.47939536302535374,0.02775010532803,0.0561625959206019,-0.028412490592571903,-0.3259733279907482,0.0049684327621875,0.008184302977970077,-0.0032158702157825776,-0.1973282230171066,0.0040317639181129,0.015368012360697222,-0.011336248442584324,-1.12638248329563,0.0031024238904911,0.014682514663278946,-0.011580090772787845,-1.184447920851872,0.0041775989468635,0.018046020758815378,-0.013868421811951878,-0.9985085425650255,0.0919521114271974,0.06678426904206372,0.025167842385133685,0.6945894278050315,0.25,0.15476190476190477,0.09523809523809523,0.3813850356982369,0.75,0.9047619047619048,-0.15476190476190477,-0.36947327482208303,0.0832391354214643,0.11572058103789977,-0.03248144561643547,-0.6315772371138167,0.1136027506591714,0.16890240034698076,-0.05529964968780936,-0.6956506260457904,0.136986301369863,0.17416829745596868,-0.03718199608610567,-0.5711434314400442
u0594,realcartest,1188.0,1190.0,3188.0,3190.0,30.0,not_used,3.0,3.075,-0.07500000000000018,-0.06227069092863041,0.0,0.1125,-0.1125,-0.4622989472437627,0.0007585457903812,0.01875761430356078,-0.01799906851317958,-0.5930499536279544,0.0010781588359181,0.058773634598505,-0.0576954757625869,-0.6518572517722256,0.0001217438259955,0.008580274636628953,-0.008458530810633453,-0.5095303892283726,0.0046119525555914,0.015719609830979565,-0.011107657275388165,-1.0904619568067204,0.0058473651468878,0.015037500397386083,-0.009190135250498284,-0.9296802492513451,0.0046995594678085,0.018520885797207787,-0.013821326329399287,-0.9826903970111968,0.0485535308172419,0.06758206003157637,-0.01902852921433447,-0.515001377367822,0.0,0.1625,-0.1625,-0.641242710767087,0.75,0.9,-0.15000000000000002,-0.34992710611188266,0.0747713421212128,0.11743766874140893,-0.042666326620196135,-0.8187997250386968,0.0964498359783192,0.1717518884335812,-0.07530205245526199,-0.9365569544903801,0.1643835616438356,0.17465753424657532,-0.010273972602739712,-0.154099649081254
u0595,realcartest,1190.0,1192.0,3190.0,3192.0,30.0,not_used,2.75,3.0526315789473686,-0.3026315789473686,-0.2457119121189144,0.0,0.11842105263157894,-0.11842105263157894,-0.476999046002862,0.0010520695199229,0.019583408354347975,-0.018531338834425076,-0.5993575605256973,0.0017898387948527,0.06153438467814781,-0.059744545883295114,-0.6640831048405563,0.0001515099621197,0.008998740834346469,-0.00884723087222677,-0.522615094587474,0.0108758481028162,0.016291800182281786,-0.005415952079465585,-0.5345026641487667,0.0115583580100185,0.015460717843957382,-0.0039023598339388826,-0.3916498997657037,0.0110445200261977,0.019227883892575747,-0.008183363866378046,-0.5812249784911084,0.0303307267914718,0.06737392898095824,-0.037043202189486445,-0.9774722751932509,0.0,0.15789473684210525,-0.15789473684210525,-0.6092076990801714,0.75,0.8552631578947368,-0.10526315789473684,-0.26876525627335834,0.0798708386361192,0.11737357242577595,-0.03750273378965675,-0.7014931052310184,0.1066688841318306,0.174088313948031,-0.06741942981620042,-0.8239225985570197,0.1506849315068493,0.17375630857966834,-0.023071377072819033,-0.3378732091519736
u0596,realcartest,1192.0,1194.0,3192.0,3194.0,30.0,not_used,2.5,3.0416666666666665,-0.5416666666666665,-0.4283645641073088,0.75,0.125,0.625,2.46598480958036,0.0027641704400008,0.020472335546399267,-0.017708165106398468,-0.5616520367344099,0.0109909894747404,0.06437890321704592,-0.053387913742305525,-0.5828671723738131,0.0010604197787415,0.009476614961661778,-0.008416195182920277,-0.48740165299917265,0.0193568592911813,0.016647051885106384,0.002709807406074915,0.26322758493415027,0.0092125155123767,0.01586746645871394,-0.006654950946337239,-0.6600674202874919,0.01985630737129,0.01972414603604009,0.00013216133524990986,0.009240327063336553,0.115103668924392,0.06955829505608012,0.04554537386831188,1.2063962312725576,0.5,0.16666666666666666,0.33333333333333337,1.264911064067352,1.5,0.8611111111111112,0.6388888888888888,1.5909432668919716,0.1502817518137865,0.11946694226988717,0.030814809543899327,0.568927083150799,0.1985161576573723,0.1774683739002737,0.021047783757098593,0.2542968605590508,0.1780821917808219,0.1735159817351598,0.0045662100456621,0.06509445549041193
u0597,realcartest,1194.0,1196.0,3194.0,3196.0,30.0,not_used,4.0,3.0441176470588234,0.9558823529411766,0.7346626282261898,0.75,0.1323529411764706,0.6176470588235294,2.3854397038376725,0.0051142929388005,0.02130482219795407,-0.01619052925915357,-0.5020327253316563,0.0364907046036872,0.0669469851762822,-0.030456280572594994,-0.32532177128145984,0.0041896337923525,0.009983578913966788,-0.005793945121614287,-0.32850298929449256,0.0110237771621886,0.017210539836842217,-0.006186762674653618,-0.5995098641616445,0.0232822426106098,0.016351350417076554,0.006930892193533246,0.6815453440494678,0.0116839354665464,0.020413129128292316,-0.008729193661745916,-0.6051805533334677,0.053684121304466,0.0733558367387713,-0.0196717154343053,-0.556496883569555,0.0,0.17647058823529413,-0.17647058823529413,-0.6585855599381422,0.75,0.9117647058823529,-0.16176470588235292,-0.45833333333333326,0.1066326211357645,0.12233555929936189,-0.0157029381635974,-0.28871948866328956,0.1671427560285384,0.18251866758707125,-0.015375911558532851,-0.1865355790733358,0.2602739726027397,0.17405318291700242,0.08622078968573729,1.1951018630534604
u0598,realcartest,1196.0,1198.0,3196.0,3198.0,30.0,not_used,3.75,3.09375,0.65625,0.49511229713109334,0.0,0.140625,-0.140625,-0.5312532024908597,0.0021417787550161,0.021716277230693668,-0.01957449847567757,-0.5896080862129401,0.0126505397946354,0.06889448709239937,-0.05624394729776397,-0.5848659163294511,0.001033010439794,0.010347352031344511,-0.00931434159155051,-0.5140858640897582,0.0075133250537604,0.0177434030526036,-0.0102300779988432,-0.9829109394223693,0.0088466476409102,0.01683782891652416,-0.00799118127561396,-0.7766979781984317,0.0077260678211266,0.02103598558107175,-0.01330991775994515,-0.9088638019200791,0.0743908754100757,0.07533779992861774,-0.0009469245185420305,-0.026667220842282447,0.0,0.1875,-0.1875,-0.6882472016116852,1.0,0.921875,0.078125,0.21616885058355848,0.0958959562363903,0.12632250360892103,-0.030426547372530727,-0.5676821212246871,0.137072533665513,0.18761634947014302,-0.05054381580463002,-0.6139547694412834,0.2054794520547945,0.1772260273972603,0.02825342465753422,0.3859451146395773
u0599,realcartest,1198.0,1200.0,3198.0,3200.0,30.0,not_used,7.25,3.2,4.05,3.112316781439751,0.0,0.15,-0.15,-0.5539117094069972,0.0068844793831395,0.02145159538001225,-0.014567115996872751,-0.42504913409371725,0.0853577822117339,0.0708435952725984,0.014514186939135504,0.1465888979068122,0.0044023815056054,0.009822170613000445,-0.0054197891073950455,-0.2914779085754816,0.013062053927057,0.017825831791317668,-0.0047637778642606685,-0.4433806772316288,0.0204585949904911,0.016685307643985934,0.003773287346505165,0.3556834739711572,0.0139978308208122,0.021240759699806416,-0.007242928878994215,-0.47958002646790276,0.0600437335280362,0.07470379636932481,-0.01466006284128861,-0.4007049711853664,0.0,0.2,-0.2,-0.722315118514615,1.25,0.9166666666666666,0.33333333333333337,0.8944271909999161,0.1617648109465025,0.12862488440894293,0.033139926537559566,0.6071344734902558,0.2426843345580862,0.19077819822309963,0.05190613633498656,0.6173498191078876,0.3972602739726027,0.1835616438356164,0.2136986301369863,3.0
