run_id,method,deadline_name,replicate,action,checkpoint_index,confirmed_events,coverage_debt,elapsed_seconds,max_unobserved_gap_seconds,max_unobserved_units,observed_units,physical_oracle_calls,snapshot_path,temporal_coverage,event_precision,event_recall,event_f1,matched_reference_events
coverage_debt_psvr__T_long__r00__attempt_001,coverage_debt_psvr,T_long,0,scan,0,0,0.21427800247489806,0.562309551,860.0,86,4,0,/qiuyeqing/llama_prl/G-ARC/outputs/psvr_autonomous_research/stage_2_baselines/raw/coverage_debt_psvr__T_long__replicate_00/attempt_001/checkpoint_000_snapshot.json,0.011544011544011544,0.0,0.0,0.0,0
coverage_debt_psvr__T_long__r00__attempt_001,coverage_debt_psvr,T_long,0,query,1,0,0.21427800247489806,19.17414116,860.0,86,4,1,/qiuyeqing/llama_prl/G-ARC/outputs/psvr_autonomous_research/stage_2_baselines/raw/coverage_debt_psvr__T_long__replicate_00/attempt_001/checkpoint_001_snapshot.json,0.011544011544011544,0.0,0.0,0.0,0
coverage_debt_psvr__T_long__r00__attempt_001,coverage_debt_psvr,T_long,0,scan,2,0,0.11199328953815745,19.733329285,430.0,43,8,1,/qiuyeqing/llama_prl/G-ARC/outputs/psvr_autonomous_research/stage_2_baselines/raw/coverage_debt_psvr__T_long__replicate_00/attempt_001/checkpoint_002_snapshot.json,0.023088023088023088,0.0,0.0,0.0,0
coverage_debt_psvr__T_long__r00__attempt_001,coverage_debt_psvr,T_long,0,query,3,0,0.11199328953815745,39.993012835,430.0,43,8,2,/qiuyeqing/llama_prl/G-ARC/outputs/psvr_autonomous_research/stage_2_baselines/raw/coverage_debt_psvr__T_long__replicate_00/attempt_001/checkpoint_003_snapshot.json,0.023088023088023088,0.0,0.0,0.0,0
coverage_debt_psvr__T_long__r00__attempt_001,coverage_debt_psvr,T_long,0,scan,4,0,0.08023486616448937,40.549478491,420.0,42,12,2,/qiuyeqing/llama_prl/G-ARC/outputs/psvr_autonomous_research/stage_2_baselines/raw/coverage_debt_psvr__T_long__replicate_00/attempt_001/checkpoint_004_snapshot.json,0.03463203463203463,0.0,0.0,0.0,0
coverage_debt_psvr__T_long__r00__attempt_001,coverage_debt_psvr,T_long,0,query,5,0,0.08023486616448937,57.206541899,420.0,42,12,3,/qiuyeqing/llama_prl/G-ARC/outputs/psvr_autonomous_research/stage_2_baselines/raw/coverage_debt_psvr__T_long__replicate_00/attempt_001/checkpoint_005_snapshot.json,0.03463203463203463,0.0,0.0,0.0,0
coverage_debt_psvr__T_long__r00__attempt_001,coverage_debt_psvr,T_long,0,scan,6,0,0.05523673479557176,57.844099346,210.0,21,16,3,/qiuyeqing/llama_prl/G-ARC/outputs/psvr_autonomous_research/stage_2_baselines/raw/coverage_debt_psvr__T_long__replicate_00/attempt_001/checkpoint_006_snapshot.json,0.046176046176046176,0.0,0.0,0.0,0
coverage_debt_psvr__T_long__r00__attempt_001,coverage_debt_psvr,T_long,0,query,7,0,0.05523673479557176,75.175698873,210.0,21,16,4,/qiuyeqing/llama_prl/G-ARC/outputs/psvr_autonomous_research/stage_2_baselines/raw/coverage_debt_psvr__T_long__replicate_00/attempt_001/checkpoint_007_snapshot.json,0.046176046176046176,0.0,0.0,0.0,0
coverage_debt_psvr__T_long__r00__attempt_001,coverage_debt_psvr,T_long,0,scan,8,0,0.04723068873589183,75.845802164,210.0,21,20,4,/qiuyeqing/llama_prl/G-ARC/outputs/psvr_autonomous_research/stage_2_baselines/raw/coverage_debt_psvr__T_long__replicate_00/attempt_001/checkpoint_008_snapshot.json,0.05772005772005772,0.0,0.0,0.0,0
coverage_debt_psvr__T_long__r00__attempt_001,coverage_debt_psvr,T_long,0,query,9,0,0.04723068873589183,93.010011562,210.0,21,20,5,/qiuyeqing/llama_prl/G-ARC/outputs/psvr_autonomous_research/stage_2_baselines/raw/coverage_debt_psvr__T_long__replicate_00/attempt_001/checkpoint_009_snapshot.json,0.05772005772005772,0.0,0.0,0.0,0
coverage_debt_psvr__T_long__r00__attempt_001,coverage_debt_psvr,T_long,0,scan,10,0,0.0394073532709349,93.843185726,210.0,21,24,5,/qiuyeqing/llama_prl/G-ARC/outputs/psvr_autonomous_research/stage_2_baselines/raw/coverage_debt_psvr__T_long__replicate_00/attempt_001/checkpoint_010_snapshot.json,0.06926406926406926,0.0,0.0,0.0,0
coverage_debt_psvr__T_long__r00__attempt_001,coverage_debt_psvr,T_long,0,query,11,1,0.0394073532709349,110.711157717,210.0,21,24,6,/qiuyeqing/llama_prl/G-ARC/outputs/psvr_autonomous_research/stage_2_baselines/raw/coverage_debt_psvr__T_long__replicate_00/attempt_001/checkpoint_011_snapshot.json,0.06926406926406926,1.0,0.038461538461538464,0.07407407407407407,1
coverage_debt_psvr__T_long__r00__attempt_001,coverage_debt_psvr,T_long,0,scan,12,1,0.031401307211254975,111.646001296,200.0,20,28,6,/qiuyeqing/llama_prl/G-ARC/outputs/psvr_autonomous_research/stage_2_baselines/raw/coverage_debt_psvr__T_long__replicate_00/attempt_001/checkpoint_012_snapshot.json,0.08080808080808081,1.0,0.038461538461538464,0.07407407407407407,1
coverage_debt_psvr__T_long__r01__attempt_001,coverage_debt_psvr,T_long,1,scan,0,0,0.21427800247489806,0.623699213,860.0,86,4,0,/qiuyeqing/llama_prl/G-ARC/outputs/psvr_autonomous_research/stage_2_baselines/raw/coverage_debt_psvr__T_long__replicate_01/attempt_001/checkpoint_000_snapshot.json,0.011544011544011544,0.0,0.0,0.0,0
coverage_debt_psvr__T_long__r01__attempt_001,coverage_debt_psvr,T_long,1,query,1,0,0.21427800247489806,19.735177313,860.0,86,4,1,/qiuyeqing/llama_prl/G-ARC/outputs/psvr_autonomous_research/stage_2_baselines/raw/coverage_debt_psvr__T_long__replicate_01/attempt_001/checkpoint_001_snapshot.json,0.011544011544011544,0.0,0.0,0.0,0
coverage_debt_psvr__T_long__r01__attempt_001,coverage_debt_psvr,T_long,1,scan,2,0,0.11199328953815745,20.518111912,430.0,43,8,1,/qiuyeqing/llama_prl/G-ARC/outputs/psvr_autonomous_research/stage_2_baselines/raw/coverage_debt_psvr__T_long__replicate_01/attempt_001/checkpoint_002_snapshot.json,0.023088023088023088,0.0,0.0,0.0,0
coverage_debt_psvr__T_long__r01__attempt_001,coverage_debt_psvr,T_long,1,query,3,0,0.11199328953815745,39.433288198,430.0,43,8,2,/qiuyeqing/llama_prl/G-ARC/outputs/psvr_autonomous_research/stage_2_baselines/raw/coverage_debt_psvr__T_long__replicate_01/attempt_001/checkpoint_003_snapshot.json,0.023088023088023088,0.0,0.0,0.0,0
coverage_debt_psvr__T_long__r01__attempt_001,coverage_debt_psvr,T_long,1,scan,4,0,0.08023486616448937,40.175718586,420.0,42,12,2,/qiuyeqing/llama_prl/G-ARC/outputs/psvr_autonomous_research/stage_2_baselines/raw/coverage_debt_psvr__T_long__replicate_01/attempt_001/checkpoint_004_snapshot.json,0.03463203463203463,0.0,0.0,0.0,0
coverage_debt_psvr__T_long__r01__attempt_001,coverage_debt_psvr,T_long,1,query,5,0,0.08023486616448937,56.480540765,420.0,42,12,3,/qiuyeqing/llama_prl/G-ARC/outputs/psvr_autonomous_research/stage_2_baselines/raw/coverage_debt_psvr__T_long__replicate_01/attempt_001/checkpoint_005_snapshot.json,0.03463203463203463,0.0,0.0,0.0,0
coverage_debt_psvr__T_long__r01__attempt_001,coverage_debt_psvr,T_long,1,scan,6,0,0.05523673479557176,57.019493823,210.0,21,16,3,/qiuyeqing/llama_prl/G-ARC/outputs/psvr_autonomous_research/stage_2_baselines/raw/coverage_debt_psvr__T_long__replicate_01/attempt_001/checkpoint_006_snapshot.json,0.046176046176046176,0.0,0.0,0.0,0
coverage_debt_psvr__T_long__r01__attempt_001,coverage_debt_psvr,T_long,1,query,7,0,0.05523673479557176,74.415701269,210.0,21,16,4,/qiuyeqing/llama_prl/G-ARC/outputs/psvr_autonomous_research/stage_2_baselines/raw/coverage_debt_psvr__T_long__replicate_01/attempt_001/checkpoint_007_snapshot.json,0.046176046176046176,0.0,0.0,0.0,0
coverage_debt_psvr__T_long__r01__attempt_001,coverage_debt_psvr,T_long,1,scan,8,0,0.04723068873589183,74.992256608,210.0,21,20,4,/qiuyeqing/llama_prl/G-ARC/outputs/psvr_autonomous_research/stage_2_baselines/raw/coverage_debt_psvr__T_long__replicate_01/attempt_001/checkpoint_008_snapshot.json,0.05772005772005772,0.0,0.0,0.0,0
coverage_debt_psvr__T_long__r01__attempt_001,coverage_debt_psvr,T_long,1,query,9,0,0.04723068873589183,92.281806569,210.0,21,20,5,/qiuyeqing/llama_prl/G-ARC/outputs/psvr_autonomous_research/stage_2_baselines/raw/coverage_debt_psvr__T_long__replicate_01/attempt_001/checkpoint_009_snapshot.json,0.05772005772005772,0.0,0.0,0.0,0
coverage_debt_psvr__T_long__r01__attempt_001,coverage_debt_psvr,T_long,1,scan,10,0,0.0394073532709349,92.975268478,210.0,21,24,5,/qiuyeqing/llama_prl/G-ARC/outputs/psvr_autonomous_research/stage_2_baselines/raw/coverage_debt_psvr__T_long__replicate_01/attempt_001/checkpoint_010_snapshot.json,0.06926406926406926,0.0,0.0,0.0,0
coverage_debt_psvr__T_long__r01__attempt_001,coverage_debt_psvr,T_long,1,query,11,1,0.0394073532709349,109.964398649,210.0,21,24,6,/qiuyeqing/llama_prl/G-ARC/outputs/psvr_autonomous_research/stage_2_baselines/raw/coverage_debt_psvr__T_long__replicate_01/attempt_001/checkpoint_011_snapshot.json,0.06926406926406926,1.0,0.038461538461538464,0.07407407407407407,1
coverage_debt_psvr__T_long__r01__attempt_001,coverage_debt_psvr,T_long,1,scan,12,1,0.031401307211254975,110.71503284,200.0,20,28,6,/qiuyeqing/llama_prl/G-ARC/outputs/psvr_autonomous_research/stage_2_baselines/raw/coverage_debt_psvr__T_long__replicate_01/attempt_001/checkpoint_012_snapshot.json,0.08080808080808081,1.0,0.038461538461538464,0.07407407407407407,1
coverage_debt_psvr__T_long__r02__attempt_001,coverage_debt_psvr,T_long,2,scan,0,0,0.21427800247489806,0.497542876,860.0,86,4,0,/qiuyeqing/llama_prl/G-ARC/outputs/psvr_autonomous_research/stage_2_baselines/raw/coverage_debt_psvr__T_long__replicate_02/attempt_001/checkpoint_000_snapshot.json,0.011544011544011544,0.0,0.0,0.0,0
coverage_debt_psvr__T_long__r02__attempt_001,coverage_debt_psvr,T_long,2,query,1,0,0.21427800247489806,19.345230701,860.0,86,4,1,/qiuyeqing/llama_prl/G-ARC/outputs/psvr_autonomous_research/stage_2_baselines/raw/coverage_debt_psvr__T_long__replicate_02/attempt_001/checkpoint_001_snapshot.json,0.011544011544011544,0.0,0.0,0.0,0
coverage_debt_psvr__T_long__r02__attempt_001,coverage_debt_psvr,T_long,2,scan,2,0,0.11199328953815745,19.849758135,430.0,43,8,1,/qiuyeqing/llama_prl/G-ARC/outputs/psvr_autonomous_research/stage_2_baselines/raw/coverage_debt_psvr__T_long__replicate_02/attempt_001/checkpoint_002_snapshot.json,0.023088023088023088,0.0,0.0,0.0,0
coverage_debt_psvr__T_long__r02__attempt_001,coverage_debt_psvr,T_long,2,query,3,0,0.11199328953815745,38.720062485,430.0,43,8,2,/qiuyeqing/llama_prl/G-ARC/outputs/psvr_autonomous_research/stage_2_baselines/raw/coverage_debt_psvr__T_long__replicate_02/attempt_001/checkpoint_003_snapshot.json,0.023088023088023088,0.0,0.0,0.0,0
coverage_debt_psvr__T_long__r02__attempt_001,coverage_debt_psvr,T_long,2,scan,4,0,0.08023486616448937,39.22182546,420.0,42,12,2,/qiuyeqing/llama_prl/G-ARC/outputs/psvr_autonomous_research/stage_2_baselines/raw/coverage_debt_psvr__T_long__replicate_02/attempt_001/checkpoint_004_snapshot.json,0.03463203463203463,0.0,0.0,0.0,0
coverage_debt_psvr__T_long__r02__attempt_001,coverage_debt_psvr,T_long,2,query,5,0,0.08023486616448937,55.524016267,420.0,42,12,3,/qiuyeqing/llama_prl/G-ARC/outputs/psvr_autonomous_research/stage_2_baselines/raw/coverage_debt_psvr__T_long__replicate_02/attempt_001/checkpoint_005_snapshot.json,0.03463203463203463,0.0,0.0,0.0,0
coverage_debt_psvr__T_long__r02__attempt_001,coverage_debt_psvr,T_long,2,scan,6,0,0.05523673479557176,56.031280071,210.0,21,16,3,/qiuyeqing/llama_prl/G-ARC/outputs/psvr_autonomous_research/stage_2_baselines/raw/coverage_debt_psvr__T_long__replicate_02/attempt_001/checkpoint_006_snapshot.json,0.046176046176046176,0.0,0.0,0.0,0
coverage_debt_psvr__T_long__r02__attempt_001,coverage_debt_psvr,T_long,2,query,7,0,0.05523673479557176,73.353476184,210.0,21,16,4,/qiuyeqing/llama_prl/G-ARC/outputs/psvr_autonomous_research/stage_2_baselines/raw/coverage_debt_psvr__T_long__replicate_02/attempt_001/checkpoint_007_snapshot.json,0.046176046176046176,0.0,0.0,0.0,0
coverage_debt_psvr__T_long__r02__attempt_001,coverage_debt_psvr,T_long,2,scan,8,0,0.04723068873589183,73.858685697,210.0,21,20,4,/qiuyeqing/llama_prl/G-ARC/outputs/psvr_autonomous_research/stage_2_baselines/raw/coverage_debt_psvr__T_long__replicate_02/attempt_001/checkpoint_008_snapshot.json,0.05772005772005772,0.0,0.0,0.0,0
coverage_debt_psvr__T_long__r02__attempt_001,coverage_debt_psvr,T_long,2,query,9,0,0.04723068873589183,91.224402047,210.0,21,20,5,/qiuyeqing/llama_prl/G-ARC/outputs/psvr_autonomous_research/stage_2_baselines/raw/coverage_debt_psvr__T_long__replicate_02/attempt_001/checkpoint_009_snapshot.json,0.05772005772005772,0.0,0.0,0.0,0
coverage_debt_psvr__T_long__r02__attempt_001,coverage_debt_psvr,T_long,2,scan,10,0,0.0394073532709349,91.816619865,210.0,21,24,5,/qiuyeqing/llama_prl/G-ARC/outputs/psvr_autonomous_research/stage_2_baselines/raw/coverage_debt_psvr__T_long__replicate_02/attempt_001/checkpoint_010_snapshot.json,0.06926406926406926,0.0,0.0,0.0,0
coverage_debt_psvr__T_long__r02__attempt_001,coverage_debt_psvr,T_long,2,query,11,1,0.0394073532709349,108.681638143,210.0,21,24,6,/qiuyeqing/llama_prl/G-ARC/outputs/psvr_autonomous_research/stage_2_baselines/raw/coverage_debt_psvr__T_long__replicate_02/attempt_001/checkpoint_011_snapshot.json,0.06926406926406926,1.0,0.038461538461538464,0.07407407407407407,1
coverage_debt_psvr__T_long__r02__attempt_001,coverage_debt_psvr,T_long,2,scan,12,1,0.031401307211254975,109.495681839,200.0,20,28,6,/qiuyeqing/llama_prl/G-ARC/outputs/psvr_autonomous_research/stage_2_baselines/raw/coverage_debt_psvr__T_long__replicate_02/attempt_001/checkpoint_012_snapshot.json,0.08080808080808081,1.0,0.038461538461538464,0.07407407407407407,1
coverage_debt_psvr__T_mid__r00__attempt_001,coverage_debt_psvr,T_mid,0,scan,0,0,0.21427800247489806,0.493297636,860.0,86,4,0,/qiuyeqing/llama_prl/G-ARC/outputs/psvr_autonomous_research/stage_2_baselines/raw/coverage_debt_psvr__T_mid__replicate_00/attempt_001/checkpoint_000_snapshot.json,0.011544011544011544,0.0,0.0,0.0,0
coverage_debt_psvr__T_mid__r00__attempt_001,coverage_debt_psvr,T_mid,0,query,1,0,0.21427800247489806,19.289102067,860.0,86,4,1,/qiuyeqing/llama_prl/G-ARC/outputs/psvr_autonomous_research/stage_2_baselines/raw/coverage_debt_psvr__T_mid__replicate_00/attempt_001/checkpoint_001_snapshot.json,0.011544011544011544,0.0,0.0,0.0,0
coverage_debt_psvr__T_mid__r00__attempt_001,coverage_debt_psvr,T_mid,0,scan,2,0,0.11199328953815745,19.81476541,430.0,43,8,1,/qiuyeqing/llama_prl/G-ARC/outputs/psvr_autonomous_research/stage_2_baselines/raw/coverage_debt_psvr__T_mid__replicate_00/attempt_001/checkpoint_002_snapshot.json,0.023088023088023088,0.0,0.0,0.0,0
coverage_debt_psvr__T_mid__r00__attempt_001,coverage_debt_psvr,T_mid,0,query,3,0,0.11199328953815745,38.877228769,430.0,43,8,2,/qiuyeqing/llama_prl/G-ARC/outputs/psvr_autonomous_research/stage_2_baselines/raw/coverage_debt_psvr__T_mid__replicate_00/attempt_001/checkpoint_003_snapshot.json,0.023088023088023088,0.0,0.0,0.0,0
coverage_debt_psvr__T_mid__r00__attempt_001,coverage_debt_psvr,T_mid,0,scan,4,0,0.08023486616448937,39.399368811,420.0,42,12,2,/qiuyeqing/llama_prl/G-ARC/outputs/psvr_autonomous_research/stage_2_baselines/raw/coverage_debt_psvr__T_mid__replicate_00/attempt_001/checkpoint_004_snapshot.json,0.03463203463203463,0.0,0.0,0.0,0
coverage_debt_psvr__T_mid__r00__attempt_001,coverage_debt_psvr,T_mid,0,query,5,0,0.08023486616448937,55.827095417,420.0,42,12,3,/qiuyeqing/llama_prl/G-ARC/outputs/psvr_autonomous_research/stage_2_baselines/raw/coverage_debt_psvr__T_mid__replicate_00/attempt_001/checkpoint_005_snapshot.json,0.03463203463203463,0.0,0.0,0.0,0
coverage_debt_psvr__T_mid__r00__attempt_001,coverage_debt_psvr,T_mid,0,scan,6,0,0.05523673479557176,56.340659804,210.0,21,16,3,/qiuyeqing/llama_prl/G-ARC/outputs/psvr_autonomous_research/stage_2_baselines/raw/coverage_debt_psvr__T_mid__replicate_00/attempt_001/checkpoint_006_snapshot.json,0.046176046176046176,0.0,0.0,0.0,0
coverage_debt_psvr__T_mid__r01__attempt_001,coverage_debt_psvr,T_mid,1,scan,0,0,0.21427800247489806,0.487749325,860.0,86,4,0,/qiuyeqing/llama_prl/G-ARC/outputs/psvr_autonomous_research/stage_2_baselines/raw/coverage_debt_psvr__T_mid__replicate_01/attempt_001/checkpoint_000_snapshot.json,0.011544011544011544,0.0,0.0,0.0,0
coverage_debt_psvr__T_mid__r01__attempt_001,coverage_debt_psvr,T_mid,1,query,1,0,0.21427800247489806,19.062353602,860.0,86,4,1,/qiuyeqing/llama_prl/G-ARC/outputs/psvr_autonomous_research/stage_2_baselines/raw/coverage_debt_psvr__T_mid__replicate_01/attempt_001/checkpoint_001_snapshot.json,0.011544011544011544,0.0,0.0,0.0,0
coverage_debt_psvr__T_mid__r01__attempt_001,coverage_debt_psvr,T_mid,1,scan,2,0,0.11199328953815745,19.607256903,430.0,43,8,1,/qiuyeqing/llama_prl/G-ARC/outputs/psvr_autonomous_research/stage_2_baselines/raw/coverage_debt_psvr__T_mid__replicate_01/attempt_001/checkpoint_002_snapshot.json,0.023088023088023088,0.0,0.0,0.0,0
coverage_debt_psvr__T_mid__r01__attempt_001,coverage_debt_psvr,T_mid,1,query,3,0,0.11199328953815745,38.625307843,430.0,43,8,2,/qiuyeqing/llama_prl/G-ARC/outputs/psvr_autonomous_research/stage_2_baselines/raw/coverage_debt_psvr__T_mid__replicate_01/attempt_001/checkpoint_003_snapshot.json,0.023088023088023088,0.0,0.0,0.0,0
coverage_debt_psvr__T_mid__r01__attempt_001,coverage_debt_psvr,T_mid,1,scan,4,0,0.08023486616448937,39.111731646,420.0,42,12,2,/qiuyeqing/llama_prl/G-ARC/outputs/psvr_autonomous_research/stage_2_baselines/raw/coverage_debt_psvr__T_mid__replicate_01/attempt_001/checkpoint_004_snapshot.json,0.03463203463203463,0.0,0.0,0.0,0
coverage_debt_psvr__T_mid__r01__attempt_001,coverage_debt_psvr,T_mid,1,query,5,0,0.08023486616448937,55.578203513,420.0,42,12,3,/qiuyeqing/llama_prl/G-ARC/outputs/psvr_autonomous_research/stage_2_baselines/raw/coverage_debt_psvr__T_mid__replicate_01/attempt_001/checkpoint_005_snapshot.json,0.03463203463203463,0.0,0.0,0.0,0
coverage_debt_psvr__T_mid__r01__attempt_001,coverage_debt_psvr,T_mid,1,scan,6,0,0.05523673479557176,56.072235629,210.0,21,16,3,/qiuyeqing/llama_prl/G-ARC/outputs/psvr_autonomous_research/stage_2_baselines/raw/coverage_debt_psvr__T_mid__replicate_01/attempt_001/checkpoint_006_snapshot.json,0.046176046176046176,0.0,0.0,0.0,0
coverage_debt_psvr__T_mid__r02__attempt_001,coverage_debt_psvr,T_mid,2,scan,0,0,0.21427800247489806,0.500401494,860.0,86,4,0,/qiuyeqing/llama_prl/G-ARC/outputs/psvr_autonomous_research/stage_2_baselines/raw/coverage_debt_psvr__T_mid__replicate_02/attempt_001/checkpoint_000_snapshot.json,0.011544011544011544,0.0,0.0,0.0,0
coverage_debt_psvr__T_mid__r02__attempt_001,coverage_debt_psvr,T_mid,2,query,1,0,0.21427800247489806,19.142948894,860.0,86,4,1,/qiuyeqing/llama_prl/G-ARC/outputs/psvr_autonomous_research/stage_2_baselines/raw/coverage_debt_psvr__T_mid__replicate_02/attempt_001/checkpoint_001_snapshot.json,0.011544011544011544,0.0,0.0,0.0,0
coverage_debt_psvr__T_mid__r02__attempt_001,coverage_debt_psvr,T_mid,2,scan,2,0,0.11199328953815745,19.683949761,430.0,43,8,1,/qiuyeqing/llama_prl/G-ARC/outputs/psvr_autonomous_research/stage_2_baselines/raw/coverage_debt_psvr__T_mid__replicate_02/attempt_001/checkpoint_002_snapshot.json,0.023088023088023088,0.0,0.0,0.0,0
coverage_debt_psvr__T_mid__r02__attempt_001,coverage_debt_psvr,T_mid,2,query,3,0,0.11199328953815745,38.679228755,430.0,43,8,2,/qiuyeqing/llama_prl/G-ARC/outputs/psvr_autonomous_research/stage_2_baselines/raw/coverage_debt_psvr__T_mid__replicate_02/attempt_001/checkpoint_003_snapshot.json,0.023088023088023088,0.0,0.0,0.0,0
coverage_debt_psvr__T_mid__r02__attempt_001,coverage_debt_psvr,T_mid,2,scan,4,0,0.08023486616448937,39.173778482,420.0,42,12,2,/qiuyeqing/llama_prl/G-ARC/outputs/psvr_autonomous_research/stage_2_baselines/raw/coverage_debt_psvr__T_mid__replicate_02/attempt_001/checkpoint_004_snapshot.json,0.03463203463203463,0.0,0.0,0.0,0
coverage_debt_psvr__T_mid__r02__attempt_001,coverage_debt_psvr,T_mid,2,query,5,0,0.08023486616448937,55.606039451,420.0,42,12,3,/qiuyeqing/llama_prl/G-ARC/outputs/psvr_autonomous_research/stage_2_baselines/raw/coverage_debt_psvr__T_mid__replicate_02/attempt_001/checkpoint_005_snapshot.json,0.03463203463203463,0.0,0.0,0.0,0
coverage_debt_psvr__T_mid__r02__attempt_001,coverage_debt_psvr,T_mid,2,scan,6,0,0.05523673479557176,56.097403447,210.0,21,16,3,/qiuyeqing/llama_prl/G-ARC/outputs/psvr_autonomous_research/stage_2_baselines/raw/coverage_debt_psvr__T_mid__replicate_02/attempt_001/checkpoint_006_snapshot.json,0.046176046176046176,0.0,0.0,0.0,0
coverage_debt_psvr__T_short__r00__attempt_001,coverage_debt_psvr,T_short,0,scan,0,0,0.21427800247489806,0.557991905,860.0,86,4,0,/qiuyeqing/llama_prl/G-ARC/outputs/psvr_autonomous_research/stage_2_baselines/raw/coverage_debt_psvr__T_short__replicate_00/attempt_001/checkpoint_000_snapshot.json,0.011544011544011544,0.0,0.0,0.0,0
coverage_debt_psvr__T_short__r00__attempt_001,coverage_debt_psvr,T_short,0,query,1,0,0.21427800247489806,21.417197451,860.0,86,4,1,/qiuyeqing/llama_prl/G-ARC/outputs/psvr_autonomous_research/stage_2_baselines/raw/coverage_debt_psvr__T_short__replicate_00/attempt_001/checkpoint_001_snapshot.json,0.011544011544011544,0.0,0.0,0.0,0
coverage_debt_psvr__T_short__r00__attempt_001,coverage_debt_psvr,T_short,0,scan,2,0,0.11199328953815745,21.907819745,430.0,43,8,1,/qiuyeqing/llama_prl/G-ARC/outputs/psvr_autonomous_research/stage_2_baselines/raw/coverage_debt_psvr__T_short__replicate_00/attempt_001/checkpoint_002_snapshot.json,0.023088023088023088,0.0,0.0,0.0,0
coverage_debt_psvr__T_short__r01__attempt_001,coverage_debt_psvr,T_short,1,scan,0,0,0.21427800247489806,0.613891043,860.0,86,4,0,/qiuyeqing/llama_prl/G-ARC/outputs/psvr_autonomous_research/stage_2_baselines/raw/coverage_debt_psvr__T_short__replicate_01/attempt_001/checkpoint_000_snapshot.json,0.011544011544011544,0.0,0.0,0.0,0
coverage_debt_psvr__T_short__r01__attempt_001,coverage_debt_psvr,T_short,1,query,1,0,0.21427800247489806,18.882627027,860.0,86,4,1,/qiuyeqing/llama_prl/G-ARC/outputs/psvr_autonomous_research/stage_2_baselines/raw/coverage_debt_psvr__T_short__replicate_01/attempt_001/checkpoint_001_snapshot.json,0.011544011544011544,0.0,0.0,0.0,0
coverage_debt_psvr__T_short__r01__attempt_001,coverage_debt_psvr,T_short,1,scan,2,0,0.11199328953815745,19.393234416,430.0,43,8,1,/qiuyeqing/llama_prl/G-ARC/outputs/psvr_autonomous_research/stage_2_baselines/raw/coverage_debt_psvr__T_short__replicate_01/attempt_001/checkpoint_002_snapshot.json,0.023088023088023088,0.0,0.0,0.0,0
coverage_debt_psvr__T_short__r02__attempt_001,coverage_debt_psvr,T_short,2,scan,0,0,0.21427800247489806,0.50354362,860.0,86,4,0,/qiuyeqing/llama_prl/G-ARC/outputs/psvr_autonomous_research/stage_2_baselines/raw/coverage_debt_psvr__T_short__replicate_02/attempt_001/checkpoint_000_snapshot.json,0.011544011544011544,0.0,0.0,0.0,0
coverage_debt_psvr__T_short__r02__attempt_001,coverage_debt_psvr,T_short,2,query,1,0,0.21427800247489806,18.940419044,860.0,86,4,1,/qiuyeqing/llama_prl/G-ARC/outputs/psvr_autonomous_research/stage_2_baselines/raw/coverage_debt_psvr__T_short__replicate_02/attempt_001/checkpoint_001_snapshot.json,0.011544011544011544,0.0,0.0,0.0,0
coverage_debt_psvr__T_short__r02__attempt_001,coverage_debt_psvr,T_short,2,scan,2,0,0.11199328953815745,19.480709302,430.0,43,8,1,/qiuyeqing/llama_prl/G-ARC/outputs/psvr_autonomous_research/stage_2_baselines/raw/coverage_debt_psvr__T_short__replicate_02/attempt_001/checkpoint_002_snapshot.json,0.023088023088023088,0.0,0.0,0.0,0
coverage_interleave__T_long__r00__attempt_001,coverage_interleave,T_long,0,scan,0,0,0.9377122972535276,0.535093123,3355.0,336,4,0,/qiuyeqing/llama_prl/G-ARC/outputs/psvr_autonomous_research/stage_2_baselines/raw/coverage_interleave__T_long__replicate_00/attempt_001/checkpoint_000_snapshot.json,0.011544011544011544,0.0,0.0,0.0,0
coverage_interleave__T_long__r00__attempt_001,coverage_interleave,T_long,0,scan,1,0,0.8720693635857785,1.075068671,3235.0,324,8,0,/qiuyeqing/llama_prl/G-ARC/outputs/psvr_autonomous_research/stage_2_baselines/raw/coverage_interleave__T_long__replicate_00/attempt_001/checkpoint_001_snapshot.json,0.023088023088023088,0.0,0.0,0.0,0
coverage_interleave__T_long__r00__attempt_001,coverage_interleave,T_long,0,scan,2,0,0.8088182777034939,1.652755185,3115.0,312,12,0,/qiuyeqing/llama_prl/G-ARC/outputs/psvr_autonomous_research/stage_2_baselines/raw/coverage_interleave__T_long__replicate_00/attempt_001/checkpoint_002_snapshot.json,0.03463203463203463,0.0,0.0,0.0,0
coverage_interleave__T_long__r00__attempt_001,coverage_interleave,T_long,0,scan,3,0,0.7479590396066739,2.154763261,2995.0,300,16,0,/qiuyeqing/llama_prl/G-ARC/outputs/psvr_autonomous_research/stage_2_baselines/raw/coverage_interleave__T_long__replicate_00/attempt_001/checkpoint_003_snapshot.json,0.046176046176046176,0.0,0.0,0.0,0
coverage_interleave__T_long__r00__attempt_001,coverage_interleave,T_long,0,scan,4,0,0.6894916492953185,2.709105105,2875.0,288,20,0,/qiuyeqing/llama_prl/G-ARC/outputs/psvr_autonomous_research/stage_2_baselines/raw/coverage_interleave__T_long__replicate_00/attempt_001/checkpoint_004_snapshot.json,0.05772005772005772,0.0,0.0,0.0,0
coverage_interleave__T_long__r00__attempt_001,coverage_interleave,T_long,0,scan,5,0,0.6334161067694275,3.270625577,2755.0,276,24,0,/qiuyeqing/llama_prl/G-ARC/outputs/psvr_autonomous_research/stage_2_baselines/raw/coverage_interleave__T_long__replicate_00/attempt_001/checkpoint_005_snapshot.json,0.06926406926406926,0.0,0.0,0.0,0
coverage_interleave__T_long__r00__attempt_001,coverage_interleave,T_long,0,scan,6,0,0.5797324120290012,3.855443721,2635.0,264,28,0,/qiuyeqing/llama_prl/G-ARC/outputs/psvr_autonomous_research/stage_2_baselines/raw/coverage_interleave__T_long__replicate_00/attempt_001/checkpoint_006_snapshot.json,0.08080808080808081,0.0,0.0,0.0,0
coverage_interleave__T_long__r00__attempt_001,coverage_interleave,T_long,0,scan,7,0,0.5284405650740394,4.382186841,2515.0,252,32,0,/qiuyeqing/llama_prl/G-ARC/outputs/psvr_autonomous_research/stage_2_baselines/raw/coverage_interleave__T_long__replicate_00/attempt_001/checkpoint_007_snapshot.json,0.09235209235209235,0.0,0.0,0.0,0
coverage_interleave__T_long__r00__attempt_001,coverage_interleave,T_long,0,scan,8,0,0.479540565904542,4.874259096,2395.0,240,36,0,/qiuyeqing/llama_prl/G-ARC/outputs/psvr_autonomous_research/stage_2_baselines/raw/coverage_interleave__T_long__replicate_00/attempt_001/checkpoint_008_snapshot.json,0.1038961038961039,0.0,0.0,0.0,0
coverage_interleave__T_long__r00__attempt_001,coverage_interleave,T_long,0,scan,9,0,0.4330324145205093,5.415302697,2275.0,228,40,0,/qiuyeqing/llama_prl/G-ARC/outputs/psvr_autonomous_research/stage_2_baselines/raw/coverage_interleave__T_long__replicate_00/attempt_001/checkpoint_009_snapshot.json,0.11544011544011544,0.0,0.0,0.0,0
coverage_interleave__T_long__r00__attempt_001,coverage_interleave,T_long,0,scan,10,0,0.38891611092194106,5.97001954,2155.0,216,44,0,/qiuyeqing/llama_prl/G-ARC/outputs/psvr_autonomous_research/stage_2_baselines/raw/coverage_interleave__T_long__replicate_00/attempt_001/checkpoint_010_snapshot.json,0.12698412698412698,0.0,0.0,0.0,0
coverage_interleave__T_long__r00__attempt_001,coverage_interleave,T_long,0,scan,11,0,0.34719165510883737,6.63259604,2035.0,204,48,0,/qiuyeqing/llama_prl/G-ARC/outputs/psvr_autonomous_research/stage_2_baselines/raw/coverage_interleave__T_long__replicate_00/attempt_001/checkpoint_011_snapshot.json,0.13852813852813853,0.0,0.0,0.0,0
coverage_interleave__T_long__r00__attempt_001,coverage_interleave,T_long,0,scan,12,0,0.30785904708119827,7.212143153,1915.0,192,52,0,/qiuyeqing/llama_prl/G-ARC/outputs/psvr_autonomous_research/stage_2_baselines/raw/coverage_interleave__T_long__replicate_00/attempt_001/checkpoint_012_snapshot.json,0.15007215007215008,0.0,0.0,0.0,0
coverage_interleave__T_long__r00__attempt_001,coverage_interleave,T_long,0,scan,13,0,0.27091828683902364,7.73784978,1795.0,180,56,0,/qiuyeqing/llama_prl/G-ARC/outputs/psvr_autonomous_research/stage_2_baselines/raw/coverage_interleave__T_long__replicate_00/attempt_001/checkpoint_013_snapshot.json,0.16161616161616163,0.0,0.0,0.0,0
coverage_interleave__T_long__r00__attempt_001,coverage_interleave,T_long,0,scan,14,0,0.23636937438231362,8.358286696,1675.0,168,60,0,/qiuyeqing/llama_prl/G-ARC/outputs/psvr_autonomous_research/stage_2_baselines/raw/coverage_interleave__T_long__replicate_00/attempt_001/checkpoint_014_snapshot.json,0.17316017316017315,0.0,0.0,0.0,0
coverage_interleave__T_long__r00__attempt_001,coverage_interleave,T_long,0,scan,15,0,0.2042123097110681,8.907587137,1555.0,156,64,0,/qiuyeqing/llama_prl/G-ARC/outputs/psvr_autonomous_research/stage_2_baselines/raw/coverage_interleave__T_long__replicate_00/attempt_001/checkpoint_015_snapshot.json,0.1847041847041847,0.0,0.0,0.0,0
coverage_interleave__T_long__r00__attempt_001,coverage_interleave,T_long,0,scan,16,0,0.17444709282528714,9.461454315,1435.0,144,68,0,/qiuyeqing/llama_prl/G-ARC/outputs/psvr_autonomous_research/stage_2_baselines/raw/coverage_interleave__T_long__replicate_00/attempt_001/checkpoint_016_snapshot.json,0.19624819624819625,0.0,0.0,0.0,0
coverage_interleave__T_long__r00__attempt_001,coverage_interleave,T_long,0,scan,17,0,0.1470737237249707,10.046210484,1315.0,132,72,0,/qiuyeqing/llama_prl/G-ARC/outputs/psvr_autonomous_research/stage_2_baselines/raw/coverage_interleave__T_long__replicate_00/attempt_001/checkpoint_017_snapshot.json,0.2077922077922078,0.0,0.0,0.0,0
coverage_interleave__T_long__r00__attempt_001,coverage_interleave,T_long,0,scan,18,0,0.12209220241011884,10.582961529,1195.0,120,76,0,/qiuyeqing/llama_prl/G-ARC/outputs/psvr_autonomous_research/stage_2_baselines/raw/coverage_interleave__T_long__replicate_00/attempt_001/checkpoint_018_snapshot.json,0.21933621933621933,0.0,0.0,0.0,0
coverage_interleave__T_long__r00__attempt_001,coverage_interleave,T_long,0,scan,19,0,0.09950252888073151,11.192012218,1075.0,108,80,0,/qiuyeqing/llama_prl/G-ARC/outputs/psvr_autonomous_research/stage_2_baselines/raw/coverage_interleave__T_long__replicate_00/attempt_001/checkpoint_019_snapshot.json,0.23088023088023088,0.0,0.0,0.0,0
coverage_interleave__T_long__r00__attempt_001,coverage_interleave,T_long,0,scan,20,0,0.07930470313680871,11.750796247,955.0,96,84,0,/qiuyeqing/llama_prl/G-ARC/outputs/psvr_autonomous_research/stage_2_baselines/raw/coverage_interleave__T_long__replicate_00/attempt_001/checkpoint_020_snapshot.json,0.24242424242424243,0.0,0.0,0.0,0
coverage_interleave__T_long__r00__attempt_001,coverage_interleave,T_long,0,scan,21,0,0.06149872517835046,12.287925618,835.0,84,88,0,/qiuyeqing/llama_prl/G-ARC/outputs/psvr_autonomous_research/stage_2_baselines/raw/coverage_interleave__T_long__replicate_00/attempt_001/checkpoint_021_snapshot.json,0.25396825396825395,0.0,0.0,0.0,0
coverage_interleave__T_long__r00__attempt_001,coverage_interleave,T_long,0,scan,22,0,0.04608459500535674,12.875339373,715.0,72,92,0,/qiuyeqing/llama_prl/G-ARC/outputs/psvr_autonomous_research/stage_2_baselines/raw/coverage_interleave__T_long__replicate_00/attempt_001/checkpoint_022_snapshot.json,0.26551226551226553,0.0,0.0,0.0,0
coverage_interleave__T_long__r00__attempt_001,coverage_interleave,T_long,0,scan,23,0,0.03306231261782757,13.450723753,595.0,60,96,0,/qiuyeqing/llama_prl/G-ARC/outputs/psvr_autonomous_research/stage_2_baselines/raw/coverage_interleave__T_long__replicate_00/attempt_001/checkpoint_023_snapshot.json,0.27705627705627706,0.0,0.0,0.0,0
coverage_interleave__T_long__r00__attempt_001,coverage_interleave,T_long,0,scan,24,0,0.022431878015762942,14.067077103,475.0,48,100,0,/qiuyeqing/llama_prl/G-ARC/outputs/psvr_autonomous_research/stage_2_baselines/raw/coverage_interleave__T_long__replicate_00/attempt_001/checkpoint_024_snapshot.json,0.2886002886002886,0.0,0.0,0.0,0
coverage_interleave__T_long__r00__attempt_001,coverage_interleave,T_long,0,scan,25,0,0.014193291199162853,14.634468675,355.0,36,104,0,/qiuyeqing/llama_prl/G-ARC/outputs/psvr_autonomous_research/stage_2_baselines/raw/coverage_interleave__T_long__replicate_00/attempt_001/checkpoint_025_snapshot.json,0.30014430014430016,0.0,0.0,0.0,0
coverage_interleave__T_long__r00__attempt_001,coverage_interleave,T_long,0,scan,26,0,0.008346552168027307,15.231398969,235.0,24,108,0,/qiuyeqing/llama_prl/G-ARC/outputs/psvr_autonomous_research/stage_2_baselines/raw/coverage_interleave__T_long__replicate_00/attempt_001/checkpoint_026_snapshot.json,0.3116883116883117,0.0,0.0,0.0,0
coverage_interleave__T_long__r00__attempt_001,coverage_interleave,T_long,0,scan,27,0,0.004891660922356302,15.791592313,115.0,12,112,0,/qiuyeqing/llama_prl/G-ARC/outputs/psvr_autonomous_research/stage_2_baselines/raw/coverage_interleave__T_long__replicate_00/attempt_001/checkpoint_027_snapshot.json,0.32323232323232326,0.0,0.0,0.0,0
coverage_interleave__T_long__r00__attempt_001,coverage_interleave,T_long,0,scan,28,0,0.003828617462149839,16.338159566,20.0,2,116,0,/qiuyeqing/llama_prl/G-ARC/outputs/psvr_autonomous_research/stage_2_baselines/raw/coverage_interleave__T_long__replicate_00/attempt_001/checkpoint_028_snapshot.json,0.3333333333333333,0.0,0.0,0.0,0
coverage_interleave__T_long__r00__attempt_001,coverage_interleave,T_long,0,query,29,0,0.003828617462149839,34.10603086,20.0,2,116,1,/qiuyeqing/llama_prl/G-ARC/outputs/psvr_autonomous_research/stage_2_baselines/raw/coverage_interleave__T_long__replicate_00/attempt_001/checkpoint_029_snapshot.json,0.3333333333333333,0.0,0.0,0.0,0
coverage_interleave__T_long__r00__attempt_001,coverage_interleave,T_long,0,query,30,0,0.003828617462149839,50.616096919,20.0,2,116,2,/qiuyeqing/llama_prl/G-ARC/outputs/psvr_autonomous_research/stage_2_baselines/raw/coverage_interleave__T_long__replicate_00/attempt_001/checkpoint_030_snapshot.json,0.3333333333333333,0.0,0.0,0.0,0
coverage_interleave__T_long__r00__attempt_001,coverage_interleave,T_long,0,query,31,0,0.003828617462149839,66.575879875,20.0,2,116,3,/qiuyeqing/llama_prl/G-ARC/outputs/psvr_autonomous_research/stage_2_baselines/raw/coverage_interleave__T_long__replicate_00/attempt_001/checkpoint_031_snapshot.json,0.3333333333333333,0.0,0.0,0.0,0
coverage_interleave__T_long__r00__attempt_001,coverage_interleave,T_long,0,query,32,0,0.003828617462149839,83.864349205,20.0,2,116,4,/qiuyeqing/llama_prl/G-ARC/outputs/psvr_autonomous_research/stage_2_baselines/raw/coverage_interleave__T_long__replicate_00/attempt_001/checkpoint_032_snapshot.json,0.3333333333333333,0.0,0.0,0.0,0
coverage_interleave__T_long__r00__attempt_001,coverage_interleave,T_long,0,query,33,0,0.003828617462149839,101.463372064,20.0,2,116,5,/qiuyeqing/llama_prl/G-ARC/outputs/psvr_autonomous_research/stage_2_baselines/raw/coverage_interleave__T_long__replicate_00/attempt_001/checkpoint_033_snapshot.json,0.3333333333333333,0.0,0.0,0.0,0
coverage_interleave__T_long__r01__attempt_001,coverage_interleave,T_long,1,scan,0,0,0.9377122972535276,0.534569564,3355.0,336,4,0,/qiuyeqing/llama_prl/G-ARC/outputs/psvr_autonomous_research/stage_2_baselines/raw/coverage_interleave__T_long__replicate_01/attempt_001/checkpoint_000_snapshot.json,0.011544011544011544,0.0,0.0,0.0,0
coverage_interleave__T_long__r01__attempt_001,coverage_interleave,T_long,1,scan,1,0,0.8720693635857785,1.035100421,3235.0,324,8,0,/qiuyeqing/llama_prl/G-ARC/outputs/psvr_autonomous_research/stage_2_baselines/raw/coverage_interleave__T_long__replicate_01/attempt_001/checkpoint_001_snapshot.json,0.023088023088023088,0.0,0.0,0.0,0
coverage_interleave__T_long__r01__attempt_001,coverage_interleave,T_long,1,scan,2,0,0.8088182777034939,1.612839211,3115.0,312,12,0,/qiuyeqing/llama_prl/G-ARC/outputs/psvr_autonomous_research/stage_2_baselines/raw/coverage_interleave__T_long__replicate_01/attempt_001/checkpoint_002_snapshot.json,0.03463203463203463,0.0,0.0,0.0,0
coverage_interleave__T_long__r01__attempt_001,coverage_interleave,T_long,1,scan,3,0,0.7479590396066739,2.090523511,2995.0,300,16,0,/qiuyeqing/llama_prl/G-ARC/outputs/psvr_autonomous_research/stage_2_baselines/raw/coverage_interleave__T_long__replicate_01/attempt_001/checkpoint_003_snapshot.json,0.046176046176046176,0.0,0.0,0.0,0
coverage_interleave__T_long__r01__attempt_001,coverage_interleave,T_long,1,scan,4,0,0.6894916492953185,2.586393054,2875.0,288,20,0,/qiuyeqing/llama_prl/G-ARC/outputs/psvr_autonomous_research/stage_2_baselines/raw/coverage_interleave__T_long__replicate_01/attempt_001/checkpoint_004_snapshot.json,0.05772005772005772,0.0,0.0,0.0,0
coverage_interleave__T_long__r01__attempt_001,coverage_interleave,T_long,1,scan,5,0,0.6334161067694275,3.1091452,2755.0,276,24,0,/qiuyeqing/llama_prl/G-ARC/outputs/psvr_autonomous_research/stage_2_baselines/raw/coverage_interleave__T_long__replicate_01/attempt_001/checkpoint_005_snapshot.json,0.06926406926406926,0.0,0.0,0.0,0
coverage_interleave__T_long__r01__attempt_001,coverage_interleave,T_long,1,scan,6,0,0.5797324120290012,3.672321514,2635.0,264,28,0,/qiuyeqing/llama_prl/G-ARC/outputs/psvr_autonomous_research/stage_2_baselines/raw/coverage_interleave__T_long__replicate_01/attempt_001/checkpoint_006_snapshot.json,0.08080808080808081,0.0,0.0,0.0,0
coverage_interleave__T_long__r01__attempt_001,coverage_interleave,T_long,1,scan,7,0,0.5284405650740394,4.193960955,2515.0,252,32,0,/qiuyeqing/llama_prl/G-ARC/outputs/psvr_autonomous_research/stage_2_baselines/raw/coverage_interleave__T_long__replicate_01/attempt_001/checkpoint_007_snapshot.json,0.09235209235209235,0.0,0.0,0.0,0
coverage_interleave__T_long__r01__attempt_001,coverage_interleave,T_long,1,scan,8,0,0.479540565904542,4.683897113,2395.0,240,36,0,/qiuyeqing/llama_prl/G-ARC/outputs/psvr_autonomous_research/stage_2_baselines/raw/coverage_interleave__T_long__replicate_01/attempt_001/checkpoint_008_snapshot.json,0.1038961038961039,0.0,0.0,0.0,0
coverage_interleave__T_long__r01__attempt_001,coverage_interleave,T_long,1,scan,9,0,0.4330324145205093,5.152427572,2275.0,228,40,0,/qiuyeqing/llama_prl/G-ARC/outputs/psvr_autonomous_research/stage_2_baselines/raw/coverage_interleave__T_long__replicate_01/attempt_001/checkpoint_009_snapshot.json,0.11544011544011544,0.0,0.0,0.0,0
coverage_interleave__T_long__r01__attempt_001,coverage_interleave,T_long,1,scan,10,0,0.38891611092194106,5.709399946,2155.0,216,44,0,/qiuyeqing/llama_prl/G-ARC/outputs/psvr_autonomous_research/stage_2_baselines/raw/coverage_interleave__T_long__replicate_01/attempt_001/checkpoint_010_snapshot.json,0.12698412698412698,0.0,0.0,0.0,0
coverage_interleave__T_long__r01__attempt_001,coverage_interleave,T_long,1,scan,11,0,0.34719165510883737,6.277695686,2035.0,204,48,0,/qiuyeqing/llama_prl/G-ARC/outputs/psvr_autonomous_research/stage_2_baselines/raw/coverage_interleave__T_long__replicate_01/attempt_001/checkpoint_011_snapshot.json,0.13852813852813853,0.0,0.0,0.0,0
coverage_interleave__T_long__r01__attempt_001,coverage_interleave,T_long,1,scan,12,0,0.30785904708119827,6.828257815,1915.0,192,52,0,/qiuyeqing/llama_prl/G-ARC/outputs/psvr_autonomous_research/stage_2_baselines/raw/coverage_interleave__T_long__replicate_01/attempt_001/checkpoint_012_snapshot.json,0.15007215007215008,0.0,0.0,0.0,0
coverage_interleave__T_long__r01__attempt_001,coverage_interleave,T_long,1,scan,13,0,0.27091828683902364,7.406219893,1795.0,180,56,0,/qiuyeqing/llama_prl/G-ARC/outputs/psvr_autonomous_research/stage_2_baselines/raw/coverage_interleave__T_long__replicate_01/attempt_001/checkpoint_013_snapshot.json,0.16161616161616163,0.0,0.0,0.0,0
coverage_interleave__T_long__r01__attempt_001,coverage_interleave,T_long,1,scan,14,0,0.23636937438231362,7.942963972,1675.0,168,60,0,/qiuyeqing/llama_prl/G-ARC/outputs/psvr_autonomous_research/stage_2_baselines/raw/coverage_interleave__T_long__replicate_01/attempt_001/checkpoint_014_snapshot.json,0.17316017316017315,0.0,0.0,0.0,0
coverage_interleave__T_long__r01__attempt_001,coverage_interleave,T_long,1,scan,15,0,0.2042123097110681,8.483982163,1555.0,156,64,0,/qiuyeqing/llama_prl/G-ARC/outputs/psvr_autonomous_research/stage_2_baselines/raw/coverage_interleave__T_long__replicate_01/attempt_001/checkpoint_015_snapshot.json,0.1847041847041847,0.0,0.0,0.0,0
coverage_interleave__T_long__r01__attempt_001,coverage_interleave,T_long,1,scan,16,0,0.17444709282528714,8.990360344,1435.0,144,68,0,/qiuyeqing/llama_prl/G-ARC/outputs/psvr_autonomous_research/stage_2_baselines/raw/coverage_interleave__T_long__replicate_01/attempt_001/checkpoint_016_snapshot.json,0.19624819624819625,0.0,0.0,0.0,0
coverage_interleave__T_long__r01__attempt_001,coverage_interleave,T_long,1,scan,17,0,0.1470737237249707,9.52233504,1315.0,132,72,0,/qiuyeqing/llama_prl/G-ARC/outputs/psvr_autonomous_research/stage_2_baselines/raw/coverage_interleave__T_long__replicate_01/attempt_001/checkpoint_017_snapshot.json,0.2077922077922078,0.0,0.0,0.0,0
coverage_interleave__T_long__r01__attempt_001,coverage_interleave,T_long,1,scan,18,0,0.12209220241011884,10.052626225,1195.0,120,76,0,/qiuyeqing/llama_prl/G-ARC/outputs/psvr_autonomous_research/stage_2_baselines/raw/coverage_interleave__T_long__replicate_01/attempt_001/checkpoint_018_snapshot.json,0.21933621933621933,0.0,0.0,0.0,0
coverage_interleave__T_long__r01__attempt_001,coverage_interleave,T_long,1,scan,19,0,0.09950252888073151,10.590962484,1075.0,108,80,0,/qiuyeqing/llama_prl/G-ARC/outputs/psvr_autonomous_research/stage_2_baselines/raw/coverage_interleave__T_long__replicate_01/attempt_001/checkpoint_019_snapshot.json,0.23088023088023088,0.0,0.0,0.0,0
coverage_interleave__T_long__r01__attempt_001,coverage_interleave,T_long,1,scan,20,0,0.07930470313680871,11.201152063,955.0,96,84,0,/qiuyeqing/llama_prl/G-ARC/outputs/psvr_autonomous_research/stage_2_baselines/raw/coverage_interleave__T_long__replicate_01/attempt_001/checkpoint_020_snapshot.json,0.24242424242424243,0.0,0.0,0.0,0
coverage_interleave__T_long__r01__attempt_001,coverage_interleave,T_long,1,scan,21,0,0.06149872517835046,11.755330315,835.0,84,88,0,/qiuyeqing/llama_prl/G-ARC/outputs/psvr_autonomous_research/stage_2_baselines/raw/coverage_interleave__T_long__replicate_01/attempt_001/checkpoint_021_snapshot.json,0.25396825396825395,0.0,0.0,0.0,0
coverage_interleave__T_long__r01__attempt_001,coverage_interleave,T_long,1,scan,22,0,0.04608459500535674,12.367022666,715.0,72,92,0,/qiuyeqing/llama_prl/G-ARC/outputs/psvr_autonomous_research/stage_2_baselines/raw/coverage_interleave__T_long__replicate_01/attempt_001/checkpoint_022_snapshot.json,0.26551226551226553,0.0,0.0,0.0,0
coverage_interleave__T_long__r01__attempt_001,coverage_interleave,T_long,1,scan,23,0,0.03306231261782757,12.984147567,595.0,60,96,0,/qiuyeqing/llama_prl/G-ARC/outputs/psvr_autonomous_research/stage_2_baselines/raw/coverage_interleave__T_long__replicate_01/attempt_001/checkpoint_023_snapshot.json,0.27705627705627706,0.0,0.0,0.0,0
coverage_interleave__T_long__r01__attempt_001,coverage_interleave,T_long,1,scan,24,0,0.022431878015762942,13.589736085,475.0,48,100,0,/qiuyeqing/llama_prl/G-ARC/outputs/psvr_autonomous_research/stage_2_baselines/raw/coverage_interleave__T_long__replicate_01/attempt_001/checkpoint_024_snapshot.json,0.2886002886002886,0.0,0.0,0.0,0
coverage_interleave__T_long__r01__attempt_001,coverage_interleave,T_long,1,scan,25,0,0.014193291199162853,14.160789337,355.0,36,104,0,/qiuyeqing/llama_prl/G-ARC/outputs/psvr_autonomous_research/stage_2_baselines/raw/coverage_interleave__T_long__replicate_01/attempt_001/checkpoint_025_snapshot.json,0.30014430014430016,0.0,0.0,0.0,0
coverage_interleave__T_long__r01__attempt_001,coverage_interleave,T_long,1,scan,26,0,0.008346552168027307,14.710675696,235.0,24,108,0,/qiuyeqing/llama_prl/G-ARC/outputs/psvr_autonomous_research/stage_2_baselines/raw/coverage_interleave__T_long__replicate_01/attempt_001/checkpoint_026_snapshot.json,0.3116883116883117,0.0,0.0,0.0,0
coverage_interleave__T_long__r01__attempt_001,coverage_interleave,T_long,1,scan,27,0,0.004891660922356302,15.293693412,115.0,12,112,0,/qiuyeqing/llama_prl/G-ARC/outputs/psvr_autonomous_research/stage_2_baselines/raw/coverage_interleave__T_long__replicate_01/attempt_001/checkpoint_027_snapshot.json,0.32323232323232326,0.0,0.0,0.0,0
coverage_interleave__T_long__r01__attempt_001,coverage_interleave,T_long,1,scan,28,0,0.003828617462149839,15.838768869,20.0,2,116,0,/qiuyeqing/llama_prl/G-ARC/outputs/psvr_autonomous_research/stage_2_baselines/raw/coverage_interleave__T_long__replicate_01/attempt_001/checkpoint_028_snapshot.json,0.3333333333333333,0.0,0.0,0.0,0
coverage_interleave__T_long__r01__attempt_001,coverage_interleave,T_long,1,query,29,0,0.003828617462149839,33.76714405,20.0,2,116,1,/qiuyeqing/llama_prl/G-ARC/outputs/psvr_autonomous_research/stage_2_baselines/raw/coverage_interleave__T_long__replicate_01/attempt_001/checkpoint_029_snapshot.json,0.3333333333333333,0.0,0.0,0.0,0
coverage_interleave__T_long__r01__attempt_001,coverage_interleave,T_long,1,query,30,0,0.003828617462149839,50.137687022,20.0,2,116,2,/qiuyeqing/llama_prl/G-ARC/outputs/psvr_autonomous_research/stage_2_baselines/raw/coverage_interleave__T_long__replicate_01/attempt_001/checkpoint_030_snapshot.json,0.3333333333333333,0.0,0.0,0.0,0
coverage_interleave__T_long__r01__attempt_001,coverage_interleave,T_long,1,query,31,0,0.003828617462149839,66.657125533,20.0,2,116,3,/qiuyeqing/llama_prl/G-ARC/outputs/psvr_autonomous_research/stage_2_baselines/raw/coverage_interleave__T_long__replicate_01/attempt_001/checkpoint_031_snapshot.json,0.3333333333333333,0.0,0.0,0.0,0
coverage_interleave__T_long__r01__attempt_001,coverage_interleave,T_long,1,query,32,0,0.003828617462149839,83.489100643,20.0,2,116,4,/qiuyeqing/llama_prl/G-ARC/outputs/psvr_autonomous_research/stage_2_baselines/raw/coverage_interleave__T_long__replicate_01/attempt_001/checkpoint_032_snapshot.json,0.3333333333333333,0.0,0.0,0.0,0
coverage_interleave__T_long__r01__attempt_001,coverage_interleave,T_long,1,query,33,0,0.003828617462149839,100.658031879,20.0,2,116,5,/qiuyeqing/llama_prl/G-ARC/outputs/psvr_autonomous_research/stage_2_baselines/raw/coverage_interleave__T_long__replicate_01/attempt_001/checkpoint_033_snapshot.json,0.3333333333333333,0.0,0.0,0.0,0
coverage_interleave__T_long__r02__attempt_001,coverage_interleave,T_long,2,scan,0,0,0.9377122972535276,0.482611386,3355.0,336,4,0,/qiuyeqing/llama_prl/G-ARC/outputs/psvr_autonomous_research/stage_2_baselines/raw/coverage_interleave__T_long__replicate_02/attempt_001/checkpoint_000_snapshot.json,0.011544011544011544,0.0,0.0,0.0,0
coverage_interleave__T_long__r02__attempt_001,coverage_interleave,T_long,2,scan,1,0,0.8720693635857785,1.033419121,3235.0,324,8,0,/qiuyeqing/llama_prl/G-ARC/outputs/psvr_autonomous_research/stage_2_baselines/raw/coverage_interleave__T_long__replicate_02/attempt_001/checkpoint_001_snapshot.json,0.023088023088023088,0.0,0.0,0.0,0
coverage_interleave__T_long__r02__attempt_001,coverage_interleave,T_long,2,scan,2,0,0.8088182777034939,1.609270632,3115.0,312,12,0,/qiuyeqing/llama_prl/G-ARC/outputs/psvr_autonomous_research/stage_2_baselines/raw/coverage_interleave__T_long__replicate_02/attempt_001/checkpoint_002_snapshot.json,0.03463203463203463,0.0,0.0,0.0,0
coverage_interleave__T_long__r02__attempt_001,coverage_interleave,T_long,2,scan,3,0,0.7479590396066739,2.103361026,2995.0,300,16,0,/qiuyeqing/llama_prl/G-ARC/outputs/psvr_autonomous_research/stage_2_baselines/raw/coverage_interleave__T_long__replicate_02/attempt_001/checkpoint_003_snapshot.json,0.046176046176046176,0.0,0.0,0.0,0
coverage_interleave__T_long__r02__attempt_001,coverage_interleave,T_long,2,scan,4,0,0.6894916492953185,2.66593777,2875.0,288,20,0,/qiuyeqing/llama_prl/G-ARC/outputs/psvr_autonomous_research/stage_2_baselines/raw/coverage_interleave__T_long__replicate_02/attempt_001/checkpoint_004_snapshot.json,0.05772005772005772,0.0,0.0,0.0,0
coverage_interleave__T_long__r02__attempt_001,coverage_interleave,T_long,2,scan,5,0,0.6334161067694275,3.217442114,2755.0,276,24,0,/qiuyeqing/llama_prl/G-ARC/outputs/psvr_autonomous_research/stage_2_baselines/raw/coverage_interleave__T_long__replicate_02/attempt_001/checkpoint_005_snapshot.json,0.06926406926406926,0.0,0.0,0.0,0
coverage_interleave__T_long__r02__attempt_001,coverage_interleave,T_long,2,scan,6,0,0.5797324120290012,3.776612274,2635.0,264,28,0,/qiuyeqing/llama_prl/G-ARC/outputs/psvr_autonomous_research/stage_2_baselines/raw/coverage_interleave__T_long__replicate_02/attempt_001/checkpoint_006_snapshot.json,0.08080808080808081,0.0,0.0,0.0,0
coverage_interleave__T_long__r02__attempt_001,coverage_interleave,T_long,2,scan,7,0,0.5284405650740394,4.384679829,2515.0,252,32,0,/qiuyeqing/llama_prl/G-ARC/outputs/psvr_autonomous_research/stage_2_baselines/raw/coverage_interleave__T_long__replicate_02/attempt_001/checkpoint_007_snapshot.json,0.09235209235209235,0.0,0.0,0.0,0
coverage_interleave__T_long__r02__attempt_001,coverage_interleave,T_long,2,scan,8,0,0.479540565904542,4.862908651,2395.0,240,36,0,/qiuyeqing/llama_prl/G-ARC/outputs/psvr_autonomous_research/stage_2_baselines/raw/coverage_interleave__T_long__replicate_02/attempt_001/checkpoint_008_snapshot.json,0.1038961038961039,0.0,0.0,0.0,0
coverage_interleave__T_long__r02__attempt_001,coverage_interleave,T_long,2,scan,9,0,0.4330324145205093,5.383176578,2275.0,228,40,0,/qiuyeqing/llama_prl/G-ARC/outputs/psvr_autonomous_research/stage_2_baselines/raw/coverage_interleave__T_long__replicate_02/attempt_001/checkpoint_009_snapshot.json,0.11544011544011544,0.0,0.0,0.0,0
coverage_interleave__T_long__r02__attempt_001,coverage_interleave,T_long,2,scan,10,0,0.38891611092194106,5.95858874,2155.0,216,44,0,/qiuyeqing/llama_prl/G-ARC/outputs/psvr_autonomous_research/stage_2_baselines/raw/coverage_interleave__T_long__replicate_02/attempt_001/checkpoint_010_snapshot.json,0.12698412698412698,0.0,0.0,0.0,0
coverage_interleave__T_long__r02__attempt_001,coverage_interleave,T_long,2,scan,11,0,0.34719165510883737,6.528625497,2035.0,204,48,0,/qiuyeqing/llama_prl/G-ARC/outputs/psvr_autonomous_research/stage_2_baselines/raw/coverage_interleave__T_long__replicate_02/attempt_001/checkpoint_011_snapshot.json,0.13852813852813853,0.0,0.0,0.0,0
coverage_interleave__T_long__r02__attempt_001,coverage_interleave,T_long,2,scan,12,0,0.30785904708119827,7.151063844,1915.0,192,52,0,/qiuyeqing/llama_prl/G-ARC/outputs/psvr_autonomous_research/stage_2_baselines/raw/coverage_interleave__T_long__replicate_02/attempt_001/checkpoint_012_snapshot.json,0.15007215007215008,0.0,0.0,0.0,0
coverage_interleave__T_long__r02__attempt_001,coverage_interleave,T_long,2,scan,13,0,0.27091828683902364,7.699700679,1795.0,180,56,0,/qiuyeqing/llama_prl/G-ARC/outputs/psvr_autonomous_research/stage_2_baselines/raw/coverage_interleave__T_long__replicate_02/attempt_001/checkpoint_013_snapshot.json,0.16161616161616163,0.0,0.0,0.0,0
coverage_interleave__T_long__r02__attempt_001,coverage_interleave,T_long,2,scan,14,0,0.23636937438231362,8.240714698,1675.0,168,60,0,/qiuyeqing/llama_prl/G-ARC/outputs/psvr_autonomous_research/stage_2_baselines/raw/coverage_interleave__T_long__replicate_02/attempt_001/checkpoint_014_snapshot.json,0.17316017316017315,0.0,0.0,0.0,0
coverage_interleave__T_long__r02__attempt_001,coverage_interleave,T_long,2,scan,15,0,0.2042123097110681,8.805070169,1555.0,156,64,0,/qiuyeqing/llama_prl/G-ARC/outputs/psvr_autonomous_research/stage_2_baselines/raw/coverage_interleave__T_long__replicate_02/attempt_001/checkpoint_015_snapshot.json,0.1847041847041847,0.0,0.0,0.0,0
coverage_interleave__T_long__r02__attempt_001,coverage_interleave,T_long,2,scan,16,0,0.17444709282528714,9.311619771,1435.0,144,68,0,/qiuyeqing/llama_prl/G-ARC/outputs/psvr_autonomous_research/stage_2_baselines/raw/coverage_interleave__T_long__replicate_02/attempt_001/checkpoint_016_snapshot.json,0.19624819624819625,0.0,0.0,0.0,0
coverage_interleave__T_long__r02__attempt_001,coverage_interleave,T_long,2,scan,17,0,0.1470737237249707,9.873876888,1315.0,132,72,0,/qiuyeqing/llama_prl/G-ARC/outputs/psvr_autonomous_research/stage_2_baselines/raw/coverage_interleave__T_long__replicate_02/attempt_001/checkpoint_017_snapshot.json,0.2077922077922078,0.0,0.0,0.0,0
coverage_interleave__T_long__r02__attempt_001,coverage_interleave,T_long,2,scan,18,0,0.12209220241011884,10.405241019,1195.0,120,76,0,/qiuyeqing/llama_prl/G-ARC/outputs/psvr_autonomous_research/stage_2_baselines/raw/coverage_interleave__T_long__replicate_02/attempt_001/checkpoint_018_snapshot.json,0.21933621933621933,0.0,0.0,0.0,0
coverage_interleave__T_long__r02__attempt_001,coverage_interleave,T_long,2,scan,19,0,0.09950252888073151,10.956756443,1075.0,108,80,0,/qiuyeqing/llama_prl/G-ARC/outputs/psvr_autonomous_research/stage_2_baselines/raw/coverage_interleave__T_long__replicate_02/attempt_001/checkpoint_019_snapshot.json,0.23088023088023088,0.0,0.0,0.0,0
coverage_interleave__T_long__r02__attempt_001,coverage_interleave,T_long,2,scan,20,0,0.07930470313680871,11.53512005,955.0,96,84,0,/qiuyeqing/llama_prl/G-ARC/outputs/psvr_autonomous_research/stage_2_baselines/raw/coverage_interleave__T_long__replicate_02/attempt_001/checkpoint_020_snapshot.json,0.24242424242424243,0.0,0.0,0.0,0
coverage_interleave__T_long__r02__attempt_001,coverage_interleave,T_long,2,scan,21,0,0.06149872517835046,12.098988663,835.0,84,88,0,/qiuyeqing/llama_prl/G-ARC/outputs/psvr_autonomous_research/stage_2_baselines/raw/coverage_interleave__T_long__replicate_02/attempt_001/checkpoint_021_snapshot.json,0.25396825396825395,0.0,0.0,0.0,0
coverage_interleave__T_long__r02__attempt_001,coverage_interleave,T_long,2,scan,22,0,0.04608459500535674,12.698851576,715.0,72,92,0,/qiuyeqing/llama_prl/G-ARC/outputs/psvr_autonomous_research/stage_2_baselines/raw/coverage_interleave__T_long__replicate_02/attempt_001/checkpoint_022_snapshot.json,0.26551226551226553,0.0,0.0,0.0,0
coverage_interleave__T_long__r02__attempt_001,coverage_interleave,T_long,2,scan,23,0,0.03306231261782757,13.296446069,595.0,60,96,0,/qiuyeqing/llama_prl/G-ARC/outputs/psvr_autonomous_research/stage_2_baselines/raw/coverage_interleave__T_long__replicate_02/attempt_001/checkpoint_023_snapshot.json,0.27705627705627706,0.0,0.0,0.0,0
coverage_interleave__T_long__r02__attempt_001,coverage_interleave,T_long,2,scan,24,0,0.022431878015762942,13.876840604,475.0,48,100,0,/qiuyeqing/llama_prl/G-ARC/outputs/psvr_autonomous_research/stage_2_baselines/raw/coverage_interleave__T_long__replicate_02/attempt_001/checkpoint_024_snapshot.json,0.2886002886002886,0.0,0.0,0.0,0
coverage_interleave__T_long__r02__attempt_001,coverage_interleave,T_long,2,scan,25,0,0.014193291199162853,14.456075235,355.0,36,104,0,/qiuyeqing/llama_prl/G-ARC/outputs/psvr_autonomous_research/stage_2_baselines/raw/coverage_interleave__T_long__replicate_02/attempt_001/checkpoint_025_snapshot.json,0.30014430014430016,0.0,0.0,0.0,0
coverage_interleave__T_long__r02__attempt_001,coverage_interleave,T_long,2,scan,26,0,0.008346552168027307,15.012071556,235.0,24,108,0,/qiuyeqing/llama_prl/G-ARC/outputs/psvr_autonomous_research/stage_2_baselines/raw/coverage_interleave__T_long__replicate_02/attempt_001/checkpoint_026_snapshot.json,0.3116883116883117,0.0,0.0,0.0,0
coverage_interleave__T_long__r02__attempt_001,coverage_interleave,T_long,2,scan,27,0,0.004891660922356302,15.569984281,115.0,12,112,0,/qiuyeqing/llama_prl/G-ARC/outputs/psvr_autonomous_research/stage_2_baselines/raw/coverage_interleave__T_long__replicate_02/attempt_001/checkpoint_027_snapshot.json,0.32323232323232326,0.0,0.0,0.0,0
coverage_interleave__T_long__r02__attempt_001,coverage_interleave,T_long,2,scan,28,0,0.003828617462149839,16.144852008,20.0,2,116,0,/qiuyeqing/llama_prl/G-ARC/outputs/psvr_autonomous_research/stage_2_baselines/raw/coverage_interleave__T_long__replicate_02/attempt_001/checkpoint_028_snapshot.json,0.3333333333333333,0.0,0.0,0.0,0
coverage_interleave__T_long__r02__attempt_001,coverage_interleave,T_long,2,query,29,0,0.003828617462149839,33.809553808,20.0,2,116,1,/qiuyeqing/llama_prl/G-ARC/outputs/psvr_autonomous_research/stage_2_baselines/raw/coverage_interleave__T_long__replicate_02/attempt_001/checkpoint_029_snapshot.json,0.3333333333333333,0.0,0.0,0.0,0
coverage_interleave__T_long__r02__attempt_001,coverage_interleave,T_long,2,query,30,0,0.003828617462149839,50.314442654,20.0,2,116,2,/qiuyeqing/llama_prl/G-ARC/outputs/psvr_autonomous_research/stage_2_baselines/raw/coverage_interleave__T_long__replicate_02/attempt_001/checkpoint_030_snapshot.json,0.3333333333333333,0.0,0.0,0.0,0
coverage_interleave__T_long__r02__attempt_001,coverage_interleave,T_long,2,query,31,0,0.003828617462149839,66.267493715,20.0,2,116,3,/qiuyeqing/llama_prl/G-ARC/outputs/psvr_autonomous_research/stage_2_baselines/raw/coverage_interleave__T_long__replicate_02/attempt_001/checkpoint_031_snapshot.json,0.3333333333333333,0.0,0.0,0.0,0
coverage_interleave__T_long__r02__attempt_001,coverage_interleave,T_long,2,query,32,0,0.003828617462149839,83.414099331,20.0,2,116,4,/qiuyeqing/llama_prl/G-ARC/outputs/psvr_autonomous_research/stage_2_baselines/raw/coverage_interleave__T_long__replicate_02/attempt_001/checkpoint_032_snapshot.json,0.3333333333333333,0.0,0.0,0.0,0
coverage_interleave__T_long__r02__attempt_001,coverage_interleave,T_long,2,query,33,0,0.003828617462149839,100.990752886,20.0,2,116,5,/qiuyeqing/llama_prl/G-ARC/outputs/psvr_autonomous_research/stage_2_baselines/raw/coverage_interleave__T_long__replicate_02/attempt_001/checkpoint_033_snapshot.json,0.3333333333333333,0.0,0.0,0.0,0
coverage_interleave__T_mid__r00__attempt_001,coverage_interleave,T_mid,0,scan,0,0,0.9377122972535276,0.526490642,3355.0,336,4,0,/qiuyeqing/llama_prl/G-ARC/outputs/psvr_autonomous_research/stage_2_baselines/raw/coverage_interleave__T_mid__replicate_00/attempt_001/checkpoint_000_snapshot.json,0.011544011544011544,0.0,0.0,0.0,0
coverage_interleave__T_mid__r00__attempt_001,coverage_interleave,T_mid,0,scan,1,0,0.8720693635857785,1.029574532,3235.0,324,8,0,/qiuyeqing/llama_prl/G-ARC/outputs/psvr_autonomous_research/stage_2_baselines/raw/coverage_interleave__T_mid__replicate_00/attempt_001/checkpoint_001_snapshot.json,0.023088023088023088,0.0,0.0,0.0,0
coverage_interleave__T_mid__r00__attempt_001,coverage_interleave,T_mid,0,scan,2,0,0.8088182777034939,1.558492741,3115.0,312,12,0,/qiuyeqing/llama_prl/G-ARC/outputs/psvr_autonomous_research/stage_2_baselines/raw/coverage_interleave__T_mid__replicate_00/attempt_001/checkpoint_002_snapshot.json,0.03463203463203463,0.0,0.0,0.0,0
coverage_interleave__T_mid__r00__attempt_001,coverage_interleave,T_mid,0,scan,3,0,0.7479590396066739,2.108987499,2995.0,300,16,0,/qiuyeqing/llama_prl/G-ARC/outputs/psvr_autonomous_research/stage_2_baselines/raw/coverage_interleave__T_mid__replicate_00/attempt_001/checkpoint_003_snapshot.json,0.046176046176046176,0.0,0.0,0.0,0
coverage_interleave__T_mid__r00__attempt_001,coverage_interleave,T_mid,0,scan,4,0,0.6894916492953185,2.615655342,2875.0,288,20,0,/qiuyeqing/llama_prl/G-ARC/outputs/psvr_autonomous_research/stage_2_baselines/raw/coverage_interleave__T_mid__replicate_00/attempt_001/checkpoint_004_snapshot.json,0.05772005772005772,0.0,0.0,0.0,0
coverage_interleave__T_mid__r00__attempt_001,coverage_interleave,T_mid,0,scan,5,0,0.6334161067694275,3.16500251,2755.0,276,24,0,/qiuyeqing/llama_prl/G-ARC/outputs/psvr_autonomous_research/stage_2_baselines/raw/coverage_interleave__T_mid__replicate_00/attempt_001/checkpoint_005_snapshot.json,0.06926406926406926,0.0,0.0,0.0,0
coverage_interleave__T_mid__r00__attempt_001,coverage_interleave,T_mid,0,scan,6,0,0.5797324120290012,3.750395631,2635.0,264,28,0,/qiuyeqing/llama_prl/G-ARC/outputs/psvr_autonomous_research/stage_2_baselines/raw/coverage_interleave__T_mid__replicate_00/attempt_001/checkpoint_006_snapshot.json,0.08080808080808081,0.0,0.0,0.0,0
coverage_interleave__T_mid__r00__attempt_001,coverage_interleave,T_mid,0,scan,7,0,0.5284405650740394,4.367170788,2515.0,252,32,0,/qiuyeqing/llama_prl/G-ARC/outputs/psvr_autonomous_research/stage_2_baselines/raw/coverage_interleave__T_mid__replicate_00/attempt_001/checkpoint_007_snapshot.json,0.09235209235209235,0.0,0.0,0.0,0
coverage_interleave__T_mid__r00__attempt_001,coverage_interleave,T_mid,0,scan,8,0,0.479540565904542,4.906752093,2395.0,240,36,0,/qiuyeqing/llama_prl/G-ARC/outputs/psvr_autonomous_research/stage_2_baselines/raw/coverage_interleave__T_mid__replicate_00/attempt_001/checkpoint_008_snapshot.json,0.1038961038961039,0.0,0.0,0.0,0
coverage_interleave__T_mid__r00__attempt_001,coverage_interleave,T_mid,0,scan,9,0,0.4330324145205093,5.407499896,2275.0,228,40,0,/qiuyeqing/llama_prl/G-ARC/outputs/psvr_autonomous_research/stage_2_baselines/raw/coverage_interleave__T_mid__replicate_00/attempt_001/checkpoint_009_snapshot.json,0.11544011544011544,0.0,0.0,0.0,0
coverage_interleave__T_mid__r00__attempt_001,coverage_interleave,T_mid,0,scan,10,0,0.38891611092194106,5.936942463,2155.0,216,44,0,/qiuyeqing/llama_prl/G-ARC/outputs/psvr_autonomous_research/stage_2_baselines/raw/coverage_interleave__T_mid__replicate_00/attempt_001/checkpoint_010_snapshot.json,0.12698412698412698,0.0,0.0,0.0,0
coverage_interleave__T_mid__r00__attempt_001,coverage_interleave,T_mid,0,scan,11,0,0.34719165510883737,6.539384268,2035.0,204,48,0,/qiuyeqing/llama_prl/G-ARC/outputs/psvr_autonomous_research/stage_2_baselines/raw/coverage_interleave__T_mid__replicate_00/attempt_001/checkpoint_011_snapshot.json,0.13852813852813853,0.0,0.0,0.0,0
coverage_interleave__T_mid__r00__attempt_001,coverage_interleave,T_mid,0,scan,12,0,0.30785904708119827,7.125245162,1915.0,192,52,0,/qiuyeqing/llama_prl/G-ARC/outputs/psvr_autonomous_research/stage_2_baselines/raw/coverage_interleave__T_mid__replicate_00/attempt_001/checkpoint_012_snapshot.json,0.15007215007215008,0.0,0.0,0.0,0
coverage_interleave__T_mid__r00__attempt_001,coverage_interleave,T_mid,0,scan,13,0,0.27091828683902364,7.66257577,1795.0,180,56,0,/qiuyeqing/llama_prl/G-ARC/outputs/psvr_autonomous_research/stage_2_baselines/raw/coverage_interleave__T_mid__replicate_00/attempt_001/checkpoint_013_snapshot.json,0.16161616161616163,0.0,0.0,0.0,0
coverage_interleave__T_mid__r00__attempt_001,coverage_interleave,T_mid,0,scan,14,0,0.23636937438231362,8.260123288,1675.0,168,60,0,/qiuyeqing/llama_prl/G-ARC/outputs/psvr_autonomous_research/stage_2_baselines/raw/coverage_interleave__T_mid__replicate_00/attempt_001/checkpoint_014_snapshot.json,0.17316017316017315,0.0,0.0,0.0,0
coverage_interleave__T_mid__r00__attempt_001,coverage_interleave,T_mid,0,scan,15,0,0.2042123097110681,8.789684275,1555.0,156,64,0,/qiuyeqing/llama_prl/G-ARC/outputs/psvr_autonomous_research/stage_2_baselines/raw/coverage_interleave__T_mid__replicate_00/attempt_001/checkpoint_015_snapshot.json,0.1847041847041847,0.0,0.0,0.0,0
coverage_interleave__T_mid__r00__attempt_001,coverage_interleave,T_mid,0,scan,16,0,0.17444709282528714,9.285147323,1435.0,144,68,0,/qiuyeqing/llama_prl/G-ARC/outputs/psvr_autonomous_research/stage_2_baselines/raw/coverage_interleave__T_mid__replicate_00/attempt_001/checkpoint_016_snapshot.json,0.19624819624819625,0.0,0.0,0.0,0
coverage_interleave__T_mid__r00__attempt_001,coverage_interleave,T_mid,0,scan,17,0,0.1470737237249707,9.850637206,1315.0,132,72,0,/qiuyeqing/llama_prl/G-ARC/outputs/psvr_autonomous_research/stage_2_baselines/raw/coverage_interleave__T_mid__replicate_00/attempt_001/checkpoint_017_snapshot.json,0.2077922077922078,0.0,0.0,0.0,0
coverage_interleave__T_mid__r00__attempt_001,coverage_interleave,T_mid,0,scan,18,0,0.12209220241011884,10.41915753,1195.0,120,76,0,/qiuyeqing/llama_prl/G-ARC/outputs/psvr_autonomous_research/stage_2_baselines/raw/coverage_interleave__T_mid__replicate_00/attempt_001/checkpoint_018_snapshot.json,0.21933621933621933,0.0,0.0,0.0,0
coverage_interleave__T_mid__r00__attempt_001,coverage_interleave,T_mid,0,scan,19,0,0.09950252888073151,10.946310267,1075.0,108,80,0,/qiuyeqing/llama_prl/G-ARC/outputs/psvr_autonomous_research/stage_2_baselines/raw/coverage_interleave__T_mid__replicate_00/attempt_001/checkpoint_019_snapshot.json,0.23088023088023088,0.0,0.0,0.0,0
coverage_interleave__T_mid__r00__attempt_001,coverage_interleave,T_mid,0,scan,20,0,0.07930470313680871,11.568183331,955.0,96,84,0,/qiuyeqing/llama_prl/G-ARC/outputs/psvr_autonomous_research/stage_2_baselines/raw/coverage_interleave__T_mid__replicate_00/attempt_001/checkpoint_020_snapshot.json,0.24242424242424243,0.0,0.0,0.0,0
coverage_interleave__T_mid__r00__attempt_001,coverage_interleave,T_mid,0,scan,21,0,0.06149872517835046,12.175454694,835.0,84,88,0,/qiuyeqing/llama_prl/G-ARC/outputs/psvr_autonomous_research/stage_2_baselines/raw/coverage_interleave__T_mid__replicate_00/attempt_001/checkpoint_021_snapshot.json,0.25396825396825395,0.0,0.0,0.0,0
coverage_interleave__T_mid__r00__attempt_001,coverage_interleave,T_mid,0,scan,22,0,0.04608459500535674,12.760670133,715.0,72,92,0,/qiuyeqing/llama_prl/G-ARC/outputs/psvr_autonomous_research/stage_2_baselines/raw/coverage_interleave__T_mid__replicate_00/attempt_001/checkpoint_022_snapshot.json,0.26551226551226553,0.0,0.0,0.0,0
coverage_interleave__T_mid__r00__attempt_001,coverage_interleave,T_mid,0,scan,23,0,0.03306231261782757,13.354203446,595.0,60,96,0,/qiuyeqing/llama_prl/G-ARC/outputs/psvr_autonomous_research/stage_2_baselines/raw/coverage_interleave__T_mid__replicate_00/attempt_001/checkpoint_023_snapshot.json,0.27705627705627706,0.0,0.0,0.0,0
coverage_interleave__T_mid__r00__attempt_001,coverage_interleave,T_mid,0,scan,24,0,0.022431878015762942,13.937675113,475.0,48,100,0,/qiuyeqing/llama_prl/G-ARC/outputs/psvr_autonomous_research/stage_2_baselines/raw/coverage_interleave__T_mid__replicate_00/attempt_001/checkpoint_024_snapshot.json,0.2886002886002886,0.0,0.0,0.0,0
coverage_interleave__T_mid__r00__attempt_001,coverage_interleave,T_mid,0,scan,25,0,0.014193291199162853,14.509808065,355.0,36,104,0,/qiuyeqing/llama_prl/G-ARC/outputs/psvr_autonomous_research/stage_2_baselines/raw/coverage_interleave__T_mid__replicate_00/attempt_001/checkpoint_025_snapshot.json,0.30014430014430016,0.0,0.0,0.0,0
coverage_interleave__T_mid__r00__attempt_001,coverage_interleave,T_mid,0,scan,26,0,0.008346552168027307,15.08273655,235.0,24,108,0,/qiuyeqing/llama_prl/G-ARC/outputs/psvr_autonomous_research/stage_2_baselines/raw/coverage_interleave__T_mid__replicate_00/attempt_001/checkpoint_026_snapshot.json,0.3116883116883117,0.0,0.0,0.0,0
coverage_interleave__T_mid__r00__attempt_001,coverage_interleave,T_mid,0,scan,27,0,0.004891660922356302,15.652394667,115.0,12,112,0,/qiuyeqing/llama_prl/G-ARC/outputs/psvr_autonomous_research/stage_2_baselines/raw/coverage_interleave__T_mid__replicate_00/attempt_001/checkpoint_027_snapshot.json,0.32323232323232326,0.0,0.0,0.0,0
coverage_interleave__T_mid__r00__attempt_001,coverage_interleave,T_mid,0,scan,28,0,0.003828617462149839,16.249466788,20.0,2,116,0,/qiuyeqing/llama_prl/G-ARC/outputs/psvr_autonomous_research/stage_2_baselines/raw/coverage_interleave__T_mid__replicate_00/attempt_001/checkpoint_028_snapshot.json,0.3333333333333333,0.0,0.0,0.0,0
coverage_interleave__T_mid__r00__attempt_001,coverage_interleave,T_mid,0,query,29,0,0.003828617462149839,33.999981879,20.0,2,116,1,/qiuyeqing/llama_prl/G-ARC/outputs/psvr_autonomous_research/stage_2_baselines/raw/coverage_interleave__T_mid__replicate_00/attempt_001/checkpoint_029_snapshot.json,0.3333333333333333,0.0,0.0,0.0,0
coverage_interleave__T_mid__r00__attempt_001,coverage_interleave,T_mid,0,query,30,0,0.003828617462149839,51.02108205,20.0,2,116,2,/qiuyeqing/llama_prl/G-ARC/outputs/psvr_autonomous_research/stage_2_baselines/raw/coverage_interleave__T_mid__replicate_00/attempt_001/checkpoint_030_snapshot.json,0.3333333333333333,0.0,0.0,0.0,0
coverage_interleave__T_mid__r01__attempt_001,coverage_interleave,T_mid,1,scan,0,0,0.9377122972535276,0.489112354,3355.0,336,4,0,/qiuyeqing/llama_prl/G-ARC/outputs/psvr_autonomous_research/stage_2_baselines/raw/coverage_interleave__T_mid__replicate_01/attempt_001/checkpoint_000_snapshot.json,0.011544011544011544,0.0,0.0,0.0,0
coverage_interleave__T_mid__r01__attempt_001,coverage_interleave,T_mid,1,scan,1,0,0.8720693635857785,1.002204059,3235.0,324,8,0,/qiuyeqing/llama_prl/G-ARC/outputs/psvr_autonomous_research/stage_2_baselines/raw/coverage_interleave__T_mid__replicate_01/attempt_001/checkpoint_001_snapshot.json,0.023088023088023088,0.0,0.0,0.0,0
coverage_interleave__T_mid__r01__attempt_001,coverage_interleave,T_mid,1,scan,2,0,0.8088182777034939,1.546519084,3115.0,312,12,0,/qiuyeqing/llama_prl/G-ARC/outputs/psvr_autonomous_research/stage_2_baselines/raw/coverage_interleave__T_mid__replicate_01/attempt_001/checkpoint_002_snapshot.json,0.03463203463203463,0.0,0.0,0.0,0
coverage_interleave__T_mid__r01__attempt_001,coverage_interleave,T_mid,1,scan,3,0,0.7479590396066739,2.071122036,2995.0,300,16,0,/qiuyeqing/llama_prl/G-ARC/outputs/psvr_autonomous_research/stage_2_baselines/raw/coverage_interleave__T_mid__replicate_01/attempt_001/checkpoint_003_snapshot.json,0.046176046176046176,0.0,0.0,0.0,0
coverage_interleave__T_mid__r01__attempt_001,coverage_interleave,T_mid,1,scan,4,0,0.6894916492953185,2.595466176,2875.0,288,20,0,/qiuyeqing/llama_prl/G-ARC/outputs/psvr_autonomous_research/stage_2_baselines/raw/coverage_interleave__T_mid__replicate_01/attempt_001/checkpoint_004_snapshot.json,0.05772005772005772,0.0,0.0,0.0,0
coverage_interleave__T_mid__r01__attempt_001,coverage_interleave,T_mid,1,scan,5,0,0.6334161067694275,3.153992074,2755.0,276,24,0,/qiuyeqing/llama_prl/G-ARC/outputs/psvr_autonomous_research/stage_2_baselines/raw/coverage_interleave__T_mid__replicate_01/attempt_001/checkpoint_005_snapshot.json,0.06926406926406926,0.0,0.0,0.0,0
coverage_interleave__T_mid__r01__attempt_001,coverage_interleave,T_mid,1,scan,6,0,0.5797324120290012,3.733733117,2635.0,264,28,0,/qiuyeqing/llama_prl/G-ARC/outputs/psvr_autonomous_research/stage_2_baselines/raw/coverage_interleave__T_mid__replicate_01/attempt_001/checkpoint_006_snapshot.json,0.08080808080808081,0.0,0.0,0.0,0
coverage_interleave__T_mid__r01__attempt_001,coverage_interleave,T_mid,1,scan,7,0,0.5284405650740394,4.249757801,2515.0,252,32,0,/qiuyeqing/llama_prl/G-ARC/outputs/psvr_autonomous_research/stage_2_baselines/raw/coverage_interleave__T_mid__replicate_01/attempt_001/checkpoint_007_snapshot.json,0.09235209235209235,0.0,0.0,0.0,0
coverage_interleave__T_mid__r01__attempt_001,coverage_interleave,T_mid,1,scan,8,0,0.479540565904542,4.747810879,2395.0,240,36,0,/qiuyeqing/llama_prl/G-ARC/outputs/psvr_autonomous_research/stage_2_baselines/raw/coverage_interleave__T_mid__replicate_01/attempt_001/checkpoint_008_snapshot.json,0.1038961038961039,0.0,0.0,0.0,0
coverage_interleave__T_mid__r01__attempt_001,coverage_interleave,T_mid,1,scan,9,0,0.4330324145205093,5.273825535,2275.0,228,40,0,/qiuyeqing/llama_prl/G-ARC/outputs/psvr_autonomous_research/stage_2_baselines/raw/coverage_interleave__T_mid__replicate_01/attempt_001/checkpoint_009_snapshot.json,0.11544011544011544,0.0,0.0,0.0,0
coverage_interleave__T_mid__r01__attempt_001,coverage_interleave,T_mid,1,scan,10,0,0.38891611092194106,5.7680591,2155.0,216,44,0,/qiuyeqing/llama_prl/G-ARC/outputs/psvr_autonomous_research/stage_2_baselines/raw/coverage_interleave__T_mid__replicate_01/attempt_001/checkpoint_010_snapshot.json,0.12698412698412698,0.0,0.0,0.0,0
coverage_interleave__T_mid__r01__attempt_001,coverage_interleave,T_mid,1,scan,11,0,0.34719165510883737,6.331685359,2035.0,204,48,0,/qiuyeqing/llama_prl/G-ARC/outputs/psvr_autonomous_research/stage_2_baselines/raw/coverage_interleave__T_mid__replicate_01/attempt_001/checkpoint_011_snapshot.json,0.13852813852813853,0.0,0.0,0.0,0
coverage_interleave__T_mid__r01__attempt_001,coverage_interleave,T_mid,1,scan,12,0,0.30785904708119827,6.854087758,1915.0,192,52,0,/qiuyeqing/llama_prl/G-ARC/outputs/psvr_autonomous_research/stage_2_baselines/raw/coverage_interleave__T_mid__replicate_01/attempt_001/checkpoint_012_snapshot.json,0.15007215007215008,0.0,0.0,0.0,0
coverage_interleave__T_mid__r01__attempt_001,coverage_interleave,T_mid,1,scan,13,0,0.27091828683902364,7.387836327,1795.0,180,56,0,/qiuyeqing/llama_prl/G-ARC/outputs/psvr_autonomous_research/stage_2_baselines/raw/coverage_interleave__T_mid__replicate_01/attempt_001/checkpoint_013_snapshot.json,0.16161616161616163,0.0,0.0,0.0,0
coverage_interleave__T_mid__r01__attempt_001,coverage_interleave,T_mid,1,scan,14,0,0.23636937438231362,7.999635557,1675.0,168,60,0,/qiuyeqing/llama_prl/G-ARC/outputs/psvr_autonomous_research/stage_2_baselines/raw/coverage_interleave__T_mid__replicate_01/attempt_001/checkpoint_014_snapshot.json,0.17316017316017315,0.0,0.0,0.0,0
coverage_interleave__T_mid__r01__attempt_001,coverage_interleave,T_mid,1,scan,15,0,0.2042123097110681,8.532530904,1555.0,156,64,0,/qiuyeqing/llama_prl/G-ARC/outputs/psvr_autonomous_research/stage_2_baselines/raw/coverage_interleave__T_mid__replicate_01/attempt_001/checkpoint_015_snapshot.json,0.1847041847041847,0.0,0.0,0.0,0
coverage_interleave__T_mid__r01__attempt_001,coverage_interleave,T_mid,1,scan,16,0,0.17444709282528714,9.044602697,1435.0,144,68,0,/qiuyeqing/llama_prl/G-ARC/outputs/psvr_autonomous_research/stage_2_baselines/raw/coverage_interleave__T_mid__replicate_01/attempt_001/checkpoint_016_snapshot.json,0.19624819624819625,0.0,0.0,0.0,0
coverage_interleave__T_mid__r01__attempt_001,coverage_interleave,T_mid,1,scan,17,0,0.1470737237249707,9.590935564,1315.0,132,72,0,/qiuyeqing/llama_prl/G-ARC/outputs/psvr_autonomous_research/stage_2_baselines/raw/coverage_interleave__T_mid__replicate_01/attempt_001/checkpoint_017_snapshot.json,0.2077922077922078,0.0,0.0,0.0,0
coverage_interleave__T_mid__r01__attempt_001,coverage_interleave,T_mid,1,scan,18,0,0.12209220241011884,10.165204382,1195.0,120,76,0,/qiuyeqing/llama_prl/G-ARC/outputs/psvr_autonomous_research/stage_2_baselines/raw/coverage_interleave__T_mid__replicate_01/attempt_001/checkpoint_018_snapshot.json,0.21933621933621933,0.0,0.0,0.0,0
coverage_interleave__T_mid__r01__attempt_001,coverage_interleave,T_mid,1,scan,19,0,0.09950252888073151,10.689091469,1075.0,108,80,0,/qiuyeqing/llama_prl/G-ARC/outputs/psvr_autonomous_research/stage_2_baselines/raw/coverage_interleave__T_mid__replicate_01/attempt_001/checkpoint_019_snapshot.json,0.23088023088023088,0.0,0.0,0.0,0
coverage_interleave__T_mid__r01__attempt_001,coverage_interleave,T_mid,1,scan,20,0,0.07930470313680871,11.304019585,955.0,96,84,0,/qiuyeqing/llama_prl/G-ARC/outputs/psvr_autonomous_research/stage_2_baselines/raw/coverage_interleave__T_mid__replicate_01/attempt_001/checkpoint_020_snapshot.json,0.24242424242424243,0.0,0.0,0.0,0
coverage_interleave__T_mid__r01__attempt_001,coverage_interleave,T_mid,1,scan,21,0,0.06149872517835046,11.872640599,835.0,84,88,0,/qiuyeqing/llama_prl/G-ARC/outputs/psvr_autonomous_research/stage_2_baselines/raw/coverage_interleave__T_mid__replicate_01/attempt_001/checkpoint_021_snapshot.json,0.25396825396825395,0.0,0.0,0.0,0
coverage_interleave__T_mid__r01__attempt_001,coverage_interleave,T_mid,1,scan,22,0,0.04608459500535674,12.467009242,715.0,72,92,0,/qiuyeqing/llama_prl/G-ARC/outputs/psvr_autonomous_research/stage_2_baselines/raw/coverage_interleave__T_mid__replicate_01/attempt_001/checkpoint_022_snapshot.json,0.26551226551226553,0.0,0.0,0.0,0
coverage_interleave__T_mid__r01__attempt_001,coverage_interleave,T_mid,1,scan,23,0,0.03306231261782757,13.054296418,595.0,60,96,0,/qiuyeqing/llama_prl/G-ARC/outputs/psvr_autonomous_research/stage_2_baselines/raw/coverage_interleave__T_mid__replicate_01/attempt_001/checkpoint_023_snapshot.json,0.27705627705627706,0.0,0.0,0.0,0
coverage_interleave__T_mid__r01__attempt_001,coverage_interleave,T_mid,1,scan,24,0,0.022431878015762942,13.702866113,475.0,48,100,0,/qiuyeqing/llama_prl/G-ARC/outputs/psvr_autonomous_research/stage_2_baselines/raw/coverage_interleave__T_mid__replicate_01/attempt_001/checkpoint_024_snapshot.json,0.2886002886002886,0.0,0.0,0.0,0
coverage_interleave__T_mid__r01__attempt_001,coverage_interleave,T_mid,1,scan,25,0,0.014193291199162853,14.309874027,355.0,36,104,0,/qiuyeqing/llama_prl/G-ARC/outputs/psvr_autonomous_research/stage_2_baselines/raw/coverage_interleave__T_mid__replicate_01/attempt_001/checkpoint_025_snapshot.json,0.30014430014430016,0.0,0.0,0.0,0
coverage_interleave__T_mid__r01__attempt_001,coverage_interleave,T_mid,1,scan,26,0,0.008346552168027307,14.88622076,235.0,24,108,0,/qiuyeqing/llama_prl/G-ARC/outputs/psvr_autonomous_research/stage_2_baselines/raw/coverage_interleave__T_mid__replicate_01/attempt_001/checkpoint_026_snapshot.json,0.3116883116883117,0.0,0.0,0.0,0
coverage_interleave__T_mid__r01__attempt_001,coverage_interleave,T_mid,1,scan,27,0,0.004891660922356302,15.400105894,115.0,12,112,0,/qiuyeqing/llama_prl/G-ARC/outputs/psvr_autonomous_research/stage_2_baselines/raw/coverage_interleave__T_mid__replicate_01/attempt_001/checkpoint_027_snapshot.json,0.32323232323232326,0.0,0.0,0.0,0
coverage_interleave__T_mid__r01__attempt_001,coverage_interleave,T_mid,1,scan,28,0,0.003828617462149839,15.996581747,20.0,2,116,0,/qiuyeqing/llama_prl/G-ARC/outputs/psvr_autonomous_research/stage_2_baselines/raw/coverage_interleave__T_mid__replicate_01/attempt_001/checkpoint_028_snapshot.json,0.3333333333333333,0.0,0.0,0.0,0
coverage_interleave__T_mid__r01__attempt_001,coverage_interleave,T_mid,1,query,29,0,0.003828617462149839,34.028466021,20.0,2,116,1,/qiuyeqing/llama_prl/G-ARC/outputs/psvr_autonomous_research/stage_2_baselines/raw/coverage_interleave__T_mid__replicate_01/attempt_001/checkpoint_029_snapshot.json,0.3333333333333333,0.0,0.0,0.0,0
coverage_interleave__T_mid__r01__attempt_001,coverage_interleave,T_mid,1,query,30,0,0.003828617462149839,50.468948402,20.0,2,116,2,/qiuyeqing/llama_prl/G-ARC/outputs/psvr_autonomous_research/stage_2_baselines/raw/coverage_interleave__T_mid__replicate_01/attempt_001/checkpoint_030_snapshot.json,0.3333333333333333,0.0,0.0,0.0,0
coverage_interleave__T_mid__r02__attempt_001,coverage_interleave,T_mid,2,scan,0,0,0.9377122972535276,0.528020839,3355.0,336,4,0,/qiuyeqing/llama_prl/G-ARC/outputs/psvr_autonomous_research/stage_2_baselines/raw/coverage_interleave__T_mid__replicate_02/attempt_001/checkpoint_000_snapshot.json,0.011544011544011544,0.0,0.0,0.0,0
coverage_interleave__T_mid__r02__attempt_001,coverage_interleave,T_mid,2,scan,1,0,0.8720693635857785,1.072150241,3235.0,324,8,0,/qiuyeqing/llama_prl/G-ARC/outputs/psvr_autonomous_research/stage_2_baselines/raw/coverage_interleave__T_mid__replicate_02/attempt_001/checkpoint_001_snapshot.json,0.023088023088023088,0.0,0.0,0.0,0
coverage_interleave__T_mid__r02__attempt_001,coverage_interleave,T_mid,2,scan,2,0,0.8088182777034939,1.663526878,3115.0,312,12,0,/qiuyeqing/llama_prl/G-ARC/outputs/psvr_autonomous_research/stage_2_baselines/raw/coverage_interleave__T_mid__replicate_02/attempt_001/checkpoint_002_snapshot.json,0.03463203463203463,0.0,0.0,0.0,0
coverage_interleave__T_mid__r02__attempt_001,coverage_interleave,T_mid,2,scan,3,0,0.7479590396066739,2.153473239,2995.0,300,16,0,/qiuyeqing/llama_prl/G-ARC/outputs/psvr_autonomous_research/stage_2_baselines/raw/coverage_interleave__T_mid__replicate_02/attempt_001/checkpoint_003_snapshot.json,0.046176046176046176,0.0,0.0,0.0,0
coverage_interleave__T_mid__r02__attempt_001,coverage_interleave,T_mid,2,scan,4,0,0.6894916492953185,2.703735648,2875.0,288,20,0,/qiuyeqing/llama_prl/G-ARC/outputs/psvr_autonomous_research/stage_2_baselines/raw/coverage_interleave__T_mid__replicate_02/attempt_001/checkpoint_004_snapshot.json,0.05772005772005772,0.0,0.0,0.0,0
coverage_interleave__T_mid__r02__attempt_001,coverage_interleave,T_mid,2,scan,5,0,0.6334161067694275,3.278330497,2755.0,276,24,0,/qiuyeqing/llama_prl/G-ARC/outputs/psvr_autonomous_research/stage_2_baselines/raw/coverage_interleave__T_mid__replicate_02/attempt_001/checkpoint_005_snapshot.json,0.06926406926406926,0.0,0.0,0.0,0
coverage_interleave__T_mid__r02__attempt_001,coverage_interleave,T_mid,2,scan,6,0,0.5797324120290012,3.818038783,2635.0,264,28,0,/qiuyeqing/llama_prl/G-ARC/outputs/psvr_autonomous_research/stage_2_baselines/raw/coverage_interleave__T_mid__replicate_02/attempt_001/checkpoint_006_snapshot.json,0.08080808080808081,0.0,0.0,0.0,0
coverage_interleave__T_mid__r02__attempt_001,coverage_interleave,T_mid,2,scan,7,0,0.5284405650740394,4.326715115,2515.0,252,32,0,/qiuyeqing/llama_prl/G-ARC/outputs/psvr_autonomous_research/stage_2_baselines/raw/coverage_interleave__T_mid__replicate_02/attempt_001/checkpoint_007_snapshot.json,0.09235209235209235,0.0,0.0,0.0,0
coverage_interleave__T_mid__r02__attempt_001,coverage_interleave,T_mid,2,scan,8,0,0.479540565904542,4.880157185,2395.0,240,36,0,/qiuyeqing/llama_prl/G-ARC/outputs/psvr_autonomous_research/stage_2_baselines/raw/coverage_interleave__T_mid__replicate_02/attempt_001/checkpoint_008_snapshot.json,0.1038961038961039,0.0,0.0,0.0,0
coverage_interleave__T_mid__r02__attempt_001,coverage_interleave,T_mid,2,scan,9,0,0.4330324145205093,5.369712106,2275.0,228,40,0,/qiuyeqing/llama_prl/G-ARC/outputs/psvr_autonomous_research/stage_2_baselines/raw/coverage_interleave__T_mid__replicate_02/attempt_001/checkpoint_009_snapshot.json,0.11544011544011544,0.0,0.0,0.0,0
coverage_interleave__T_mid__r02__attempt_001,coverage_interleave,T_mid,2,scan,10,0,0.38891611092194106,5.908938704,2155.0,216,44,0,/qiuyeqing/llama_prl/G-ARC/outputs/psvr_autonomous_research/stage_2_baselines/raw/coverage_interleave__T_mid__replicate_02/attempt_001/checkpoint_010_snapshot.json,0.12698412698412698,0.0,0.0,0.0,0
coverage_interleave__T_mid__r02__attempt_001,coverage_interleave,T_mid,2,scan,11,0,0.34719165510883737,6.486622764,2035.0,204,48,0,/qiuyeqing/llama_prl/G-ARC/outputs/psvr_autonomous_research/stage_2_baselines/raw/coverage_interleave__T_mid__replicate_02/attempt_001/checkpoint_011_snapshot.json,0.13852813852813853,0.0,0.0,0.0,0
coverage_interleave__T_mid__r02__attempt_001,coverage_interleave,T_mid,2,scan,12,0,0.30785904708119827,7.032460942,1915.0,192,52,0,/qiuyeqing/llama_prl/G-ARC/outputs/psvr_autonomous_research/stage_2_baselines/raw/coverage_interleave__T_mid__replicate_02/attempt_001/checkpoint_012_snapshot.json,0.15007215007215008,0.0,0.0,0.0,0
coverage_interleave__T_mid__r02__attempt_001,coverage_interleave,T_mid,2,scan,13,0,0.27091828683902364,7.554686664,1795.0,180,56,0,/qiuyeqing/llama_prl/G-ARC/outputs/psvr_autonomous_research/stage_2_baselines/raw/coverage_interleave__T_mid__replicate_02/attempt_001/checkpoint_013_snapshot.json,0.16161616161616163,0.0,0.0,0.0,0
coverage_interleave__T_mid__r02__attempt_001,coverage_interleave,T_mid,2,scan,14,0,0.23636937438231362,8.118604019,1675.0,168,60,0,/qiuyeqing/llama_prl/G-ARC/outputs/psvr_autonomous_research/stage_2_baselines/raw/coverage_interleave__T_mid__replicate_02/attempt_001/checkpoint_014_snapshot.json,0.17316017316017315,0.0,0.0,0.0,0
coverage_interleave__T_mid__r02__attempt_001,coverage_interleave,T_mid,2,scan,15,0,0.2042123097110681,8.651997338,1555.0,156,64,0,/qiuyeqing/llama_prl/G-ARC/outputs/psvr_autonomous_research/stage_2_baselines/raw/coverage_interleave__T_mid__replicate_02/attempt_001/checkpoint_015_snapshot.json,0.1847041847041847,0.0,0.0,0.0,0
coverage_interleave__T_mid__r02__attempt_001,coverage_interleave,T_mid,2,scan,16,0,0.17444709282528714,9.140996914,1435.0,144,68,0,/qiuyeqing/llama_prl/G-ARC/outputs/psvr_autonomous_research/stage_2_baselines/raw/coverage_interleave__T_mid__replicate_02/attempt_001/checkpoint_016_snapshot.json,0.19624819624819625,0.0,0.0,0.0,0
coverage_interleave__T_mid__r02__attempt_001,coverage_interleave,T_mid,2,scan,17,0,0.1470737237249707,9.702654826,1315.0,132,72,0,/qiuyeqing/llama_prl/G-ARC/outputs/psvr_autonomous_research/stage_2_baselines/raw/coverage_interleave__T_mid__replicate_02/attempt_001/checkpoint_017_snapshot.json,0.2077922077922078,0.0,0.0,0.0,0
coverage_interleave__T_mid__r02__attempt_001,coverage_interleave,T_mid,2,scan,18,0,0.12209220241011884,10.25273777,1195.0,120,76,0,/qiuyeqing/llama_prl/G-ARC/outputs/psvr_autonomous_research/stage_2_baselines/raw/coverage_interleave__T_mid__replicate_02/attempt_001/checkpoint_018_snapshot.json,0.21933621933621933,0.0,0.0,0.0,0
coverage_interleave__T_mid__r02__attempt_001,coverage_interleave,T_mid,2,scan,19,0,0.09950252888073151,10.844695551,1075.0,108,80,0,/qiuyeqing/llama_prl/G-ARC/outputs/psvr_autonomous_research/stage_2_baselines/raw/coverage_interleave__T_mid__replicate_02/attempt_001/checkpoint_019_snapshot.json,0.23088023088023088,0.0,0.0,0.0,0
coverage_interleave__T_mid__r02__attempt_001,coverage_interleave,T_mid,2,scan,20,0,0.07930470313680871,11.431126614,955.0,96,84,0,/qiuyeqing/llama_prl/G-ARC/outputs/psvr_autonomous_research/stage_2_baselines/raw/coverage_interleave__T_mid__replicate_02/attempt_001/checkpoint_020_snapshot.json,0.24242424242424243,0.0,0.0,0.0,0
coverage_interleave__T_mid__r02__attempt_001,coverage_interleave,T_mid,2,scan,21,0,0.06149872517835046,12.036017114,835.0,84,88,0,/qiuyeqing/llama_prl/G-ARC/outputs/psvr_autonomous_research/stage_2_baselines/raw/coverage_interleave__T_mid__replicate_02/attempt_001/checkpoint_021_snapshot.json,0.25396825396825395,0.0,0.0,0.0,0
coverage_interleave__T_mid__r02__attempt_001,coverage_interleave,T_mid,2,scan,22,0,0.04608459500535674,12.618906842,715.0,72,92,0,/qiuyeqing/llama_prl/G-ARC/outputs/psvr_autonomous_research/stage_2_baselines/raw/coverage_interleave__T_mid__replicate_02/attempt_001/checkpoint_022_snapshot.json,0.26551226551226553,0.0,0.0,0.0,0
coverage_interleave__T_mid__r02__attempt_001,coverage_interleave,T_mid,2,scan,23,0,0.03306231261782757,13.163480543,595.0,60,96,0,/qiuyeqing/llama_prl/G-ARC/outputs/psvr_autonomous_research/stage_2_baselines/raw/coverage_interleave__T_mid__replicate_02/attempt_001/checkpoint_023_snapshot.json,0.27705627705627706,0.0,0.0,0.0,0
coverage_interleave__T_mid__r02__attempt_001,coverage_interleave,T_mid,2,scan,24,0,0.022431878015762942,13.740172262,475.0,48,100,0,/qiuyeqing/llama_prl/G-ARC/outputs/psvr_autonomous_research/stage_2_baselines/raw/coverage_interleave__T_mid__replicate_02/attempt_001/checkpoint_024_snapshot.json,0.2886002886002886,0.0,0.0,0.0,0
coverage_interleave__T_mid__r02__attempt_001,coverage_interleave,T_mid,2,scan,25,0,0.014193291199162853,14.297026485,355.0,36,104,0,/qiuyeqing/llama_prl/G-ARC/outputs/psvr_autonomous_research/stage_2_baselines/raw/coverage_interleave__T_mid__replicate_02/attempt_001/checkpoint_025_snapshot.json,0.30014430014430016,0.0,0.0,0.0,0
coverage_interleave__T_mid__r02__attempt_001,coverage_interleave,T_mid,2,scan,26,0,0.008346552168027307,14.830413943,235.0,24,108,0,/qiuyeqing/llama_prl/G-ARC/outputs/psvr_autonomous_research/stage_2_baselines/raw/coverage_interleave__T_mid__replicate_02/attempt_001/checkpoint_026_snapshot.json,0.3116883116883117,0.0,0.0,0.0,0
coverage_interleave__T_mid__r02__attempt_001,coverage_interleave,T_mid,2,scan,27,0,0.004891660922356302,15.363829614,115.0,12,112,0,/qiuyeqing/llama_prl/G-ARC/outputs/psvr_autonomous_research/stage_2_baselines/raw/coverage_interleave__T_mid__replicate_02/attempt_001/checkpoint_027_snapshot.json,0.32323232323232326,0.0,0.0,0.0,0
coverage_interleave__T_mid__r02__attempt_001,coverage_interleave,T_mid,2,scan,28,0,0.003828617462149839,15.920248385,20.0,2,116,0,/qiuyeqing/llama_prl/G-ARC/outputs/psvr_autonomous_research/stage_2_baselines/raw/coverage_interleave__T_mid__replicate_02/attempt_001/checkpoint_028_snapshot.json,0.3333333333333333,0.0,0.0,0.0,0
coverage_interleave__T_mid__r02__attempt_001,coverage_interleave,T_mid,2,query,29,0,0.003828617462149839,33.301005046,20.0,2,116,1,/qiuyeqing/llama_prl/G-ARC/outputs/psvr_autonomous_research/stage_2_baselines/raw/coverage_interleave__T_mid__replicate_02/attempt_001/checkpoint_029_snapshot.json,0.3333333333333333,0.0,0.0,0.0,0
coverage_interleave__T_mid__r02__attempt_001,coverage_interleave,T_mid,2,query,30,0,0.003828617462149839,49.807885089,20.0,2,116,2,/qiuyeqing/llama_prl/G-ARC/outputs/psvr_autonomous_research/stage_2_baselines/raw/coverage_interleave__T_mid__replicate_02/attempt_001/checkpoint_030_snapshot.json,0.3333333333333333,0.0,0.0,0.0,0
coverage_interleave__T_short__r00__attempt_001,coverage_interleave,T_short,0,scan,0,0,0.9377122972535276,0.52484744,3355.0,336,4,0,/qiuyeqing/llama_prl/G-ARC/outputs/psvr_autonomous_research/stage_2_baselines/raw/coverage_interleave__T_short__replicate_00/attempt_001/checkpoint_000_snapshot.json,0.011544011544011544,0.0,0.0,0.0,0
coverage_interleave__T_short__r00__attempt_001,coverage_interleave,T_short,0,scan,1,0,0.8720693635857785,1.063057394,3235.0,324,8,0,/qiuyeqing/llama_prl/G-ARC/outputs/psvr_autonomous_research/stage_2_baselines/raw/coverage_interleave__T_short__replicate_00/attempt_001/checkpoint_001_snapshot.json,0.023088023088023088,0.0,0.0,0.0,0
coverage_interleave__T_short__r00__attempt_001,coverage_interleave,T_short,0,scan,2,0,0.8088182777034939,1.640881233,3115.0,312,12,0,/qiuyeqing/llama_prl/G-ARC/outputs/psvr_autonomous_research/stage_2_baselines/raw/coverage_interleave__T_short__replicate_00/attempt_001/checkpoint_002_snapshot.json,0.03463203463203463,0.0,0.0,0.0,0
coverage_interleave__T_short__r00__attempt_001,coverage_interleave,T_short,0,scan,3,0,0.7479590396066739,2.101784048,2995.0,300,16,0,/qiuyeqing/llama_prl/G-ARC/outputs/psvr_autonomous_research/stage_2_baselines/raw/coverage_interleave__T_short__replicate_00/attempt_001/checkpoint_003_snapshot.json,0.046176046176046176,0.0,0.0,0.0,0
coverage_interleave__T_short__r00__attempt_001,coverage_interleave,T_short,0,scan,4,0,0.6894916492953185,2.674120021,2875.0,288,20,0,/qiuyeqing/llama_prl/G-ARC/outputs/psvr_autonomous_research/stage_2_baselines/raw/coverage_interleave__T_short__replicate_00/attempt_001/checkpoint_004_snapshot.json,0.05772005772005772,0.0,0.0,0.0,0
coverage_interleave__T_short__r00__attempt_001,coverage_interleave,T_short,0,scan,5,0,0.6334161067694275,3.289300014,2755.0,276,24,0,/qiuyeqing/llama_prl/G-ARC/outputs/psvr_autonomous_research/stage_2_baselines/raw/coverage_interleave__T_short__replicate_00/attempt_001/checkpoint_005_snapshot.json,0.06926406926406926,0.0,0.0,0.0,0
coverage_interleave__T_short__r00__attempt_001,coverage_interleave,T_short,0,scan,6,0,0.5797324120290012,3.881996412,2635.0,264,28,0,/qiuyeqing/llama_prl/G-ARC/outputs/psvr_autonomous_research/stage_2_baselines/raw/coverage_interleave__T_short__replicate_00/attempt_001/checkpoint_006_snapshot.json,0.08080808080808081,0.0,0.0,0.0,0
coverage_interleave__T_short__r00__attempt_001,coverage_interleave,T_short,0,scan,7,0,0.5284405650740394,4.405574218,2515.0,252,32,0,/qiuyeqing/llama_prl/G-ARC/outputs/psvr_autonomous_research/stage_2_baselines/raw/coverage_interleave__T_short__replicate_00/attempt_001/checkpoint_007_snapshot.json,0.09235209235209235,0.0,0.0,0.0,0
coverage_interleave__T_short__r00__attempt_001,coverage_interleave,T_short,0,scan,8,0,0.479540565904542,4.949087174,2395.0,240,36,0,/qiuyeqing/llama_prl/G-ARC/outputs/psvr_autonomous_research/stage_2_baselines/raw/coverage_interleave__T_short__replicate_00/attempt_001/checkpoint_008_snapshot.json,0.1038961038961039,0.0,0.0,0.0,0
coverage_interleave__T_short__r00__attempt_001,coverage_interleave,T_short,0,scan,9,0,0.4330324145205093,5.452011939,2275.0,228,40,0,/qiuyeqing/llama_prl/G-ARC/outputs/psvr_autonomous_research/stage_2_baselines/raw/coverage_interleave__T_short__replicate_00/attempt_001/checkpoint_009_snapshot.json,0.11544011544011544,0.0,0.0,0.0,0
coverage_interleave__T_short__r00__attempt_001,coverage_interleave,T_short,0,scan,10,0,0.38891611092194106,6.038131331,2155.0,216,44,0,/qiuyeqing/llama_prl/G-ARC/outputs/psvr_autonomous_research/stage_2_baselines/raw/coverage_interleave__T_short__replicate_00/attempt_001/checkpoint_010_snapshot.json,0.12698412698412698,0.0,0.0,0.0,0
coverage_interleave__T_short__r00__attempt_001,coverage_interleave,T_short,0,scan,11,0,0.34719165510883737,6.664921357,2035.0,204,48,0,/qiuyeqing/llama_prl/G-ARC/outputs/psvr_autonomous_research/stage_2_baselines/raw/coverage_interleave__T_short__replicate_00/attempt_001/checkpoint_011_snapshot.json,0.13852813852813853,0.0,0.0,0.0,0
coverage_interleave__T_short__r00__attempt_001,coverage_interleave,T_short,0,scan,12,0,0.30785904708119827,7.288352519,1915.0,192,52,0,/qiuyeqing/llama_prl/G-ARC/outputs/psvr_autonomous_research/stage_2_baselines/raw/coverage_interleave__T_short__replicate_00/attempt_001/checkpoint_012_snapshot.json,0.15007215007215008,0.0,0.0,0.0,0
coverage_interleave__T_short__r00__attempt_001,coverage_interleave,T_short,0,scan,13,0,0.27091828683902364,7.911104125,1795.0,180,56,0,/qiuyeqing/llama_prl/G-ARC/outputs/psvr_autonomous_research/stage_2_baselines/raw/coverage_interleave__T_short__replicate_00/attempt_001/checkpoint_013_snapshot.json,0.16161616161616163,0.0,0.0,0.0,0
coverage_interleave__T_short__r00__attempt_001,coverage_interleave,T_short,0,scan,14,0,0.23636937438231362,8.53724477,1675.0,168,60,0,/qiuyeqing/llama_prl/G-ARC/outputs/psvr_autonomous_research/stage_2_baselines/raw/coverage_interleave__T_short__replicate_00/attempt_001/checkpoint_014_snapshot.json,0.17316017316017315,0.0,0.0,0.0,0
coverage_interleave__T_short__r00__attempt_001,coverage_interleave,T_short,0,scan,15,0,0.2042123097110681,9.082992745,1555.0,156,64,0,/qiuyeqing/llama_prl/G-ARC/outputs/psvr_autonomous_research/stage_2_baselines/raw/coverage_interleave__T_short__replicate_00/attempt_001/checkpoint_015_snapshot.json,0.1847041847041847,0.0,0.0,0.0,0
coverage_interleave__T_short__r00__attempt_001,coverage_interleave,T_short,0,scan,16,0,0.17444709282528714,9.585753043,1435.0,144,68,0,/qiuyeqing/llama_prl/G-ARC/outputs/psvr_autonomous_research/stage_2_baselines/raw/coverage_interleave__T_short__replicate_00/attempt_001/checkpoint_016_snapshot.json,0.19624819624819625,0.0,0.0,0.0,0
coverage_interleave__T_short__r00__attempt_001,coverage_interleave,T_short,0,scan,17,0,0.1470737237249707,10.134122035,1315.0,132,72,0,/qiuyeqing/llama_prl/G-ARC/outputs/psvr_autonomous_research/stage_2_baselines/raw/coverage_interleave__T_short__replicate_00/attempt_001/checkpoint_017_snapshot.json,0.2077922077922078,0.0,0.0,0.0,0
coverage_interleave__T_short__r00__attempt_001,coverage_interleave,T_short,0,scan,18,0,0.12209220241011884,10.711782361,1195.0,120,76,0,/qiuyeqing/llama_prl/G-ARC/outputs/psvr_autonomous_research/stage_2_baselines/raw/coverage_interleave__T_short__replicate_00/attempt_001/checkpoint_018_snapshot.json,0.21933621933621933,0.0,0.0,0.0,0
coverage_interleave__T_short__r00__attempt_001,coverage_interleave,T_short,0,scan,19,0,0.09950252888073151,11.281955325,1075.0,108,80,0,/qiuyeqing/llama_prl/G-ARC/outputs/psvr_autonomous_research/stage_2_baselines/raw/coverage_interleave__T_short__replicate_00/attempt_001/checkpoint_019_snapshot.json,0.23088023088023088,0.0,0.0,0.0,0
coverage_interleave__T_short__r00__attempt_001,coverage_interleave,T_short,0,scan,20,0,0.07930470313680871,11.863582388,955.0,96,84,0,/qiuyeqing/llama_prl/G-ARC/outputs/psvr_autonomous_research/stage_2_baselines/raw/coverage_interleave__T_short__replicate_00/attempt_001/checkpoint_020_snapshot.json,0.24242424242424243,0.0,0.0,0.0,0
coverage_interleave__T_short__r00__attempt_001,coverage_interleave,T_short,0,scan,21,0,0.06149872517835046,12.543517573,835.0,84,88,0,/qiuyeqing/llama_prl/G-ARC/outputs/psvr_autonomous_research/stage_2_baselines/raw/coverage_interleave__T_short__replicate_00/attempt_001/checkpoint_021_snapshot.json,0.25396825396825395,0.0,0.0,0.0,0
coverage_interleave__T_short__r00__attempt_001,coverage_interleave,T_short,0,scan,22,0,0.04608459500535674,13.090726322,715.0,72,92,0,/qiuyeqing/llama_prl/G-ARC/outputs/psvr_autonomous_research/stage_2_baselines/raw/coverage_interleave__T_short__replicate_00/attempt_001/checkpoint_022_snapshot.json,0.26551226551226553,0.0,0.0,0.0,0
coverage_interleave__T_short__r00__attempt_001,coverage_interleave,T_short,0,scan,23,0,0.03306231261782757,13.65764678,595.0,60,96,0,/qiuyeqing/llama_prl/G-ARC/outputs/psvr_autonomous_research/stage_2_baselines/raw/coverage_interleave__T_short__replicate_00/attempt_001/checkpoint_023_snapshot.json,0.27705627705627706,0.0,0.0,0.0,0
coverage_interleave__T_short__r00__attempt_001,coverage_interleave,T_short,0,scan,24,0,0.022431878015762942,14.225443772,475.0,48,100,0,/qiuyeqing/llama_prl/G-ARC/outputs/psvr_autonomous_research/stage_2_baselines/raw/coverage_interleave__T_short__replicate_00/attempt_001/checkpoint_024_snapshot.json,0.2886002886002886,0.0,0.0,0.0,0
coverage_interleave__T_short__r00__attempt_001,coverage_interleave,T_short,0,scan,25,0,0.014193291199162853,14.722956765,355.0,36,104,0,/qiuyeqing/llama_prl/G-ARC/outputs/psvr_autonomous_research/stage_2_baselines/raw/coverage_interleave__T_short__replicate_00/attempt_001/checkpoint_025_snapshot.json,0.30014430014430016,0.0,0.0,0.0,0
coverage_interleave__T_short__r00__attempt_001,coverage_interleave,T_short,0,scan,26,0,0.008346552168027307,15.26968119,235.0,24,108,0,/qiuyeqing/llama_prl/G-ARC/outputs/psvr_autonomous_research/stage_2_baselines/raw/coverage_interleave__T_short__replicate_00/attempt_001/checkpoint_026_snapshot.json,0.3116883116883117,0.0,0.0,0.0,0
coverage_interleave__T_short__r00__attempt_001,coverage_interleave,T_short,0,scan,27,0,0.004891660922356302,15.836096206,115.0,12,112,0,/qiuyeqing/llama_prl/G-ARC/outputs/psvr_autonomous_research/stage_2_baselines/raw/coverage_interleave__T_short__replicate_00/attempt_001/checkpoint_027_snapshot.json,0.32323232323232326,0.0,0.0,0.0,0
coverage_interleave__T_short__r00__attempt_001,coverage_interleave,T_short,0,scan,28,0,0.003828617462149839,16.445205039,20.0,2,116,0,/qiuyeqing/llama_prl/G-ARC/outputs/psvr_autonomous_research/stage_2_baselines/raw/coverage_interleave__T_short__replicate_00/attempt_001/checkpoint_028_snapshot.json,0.3333333333333333,0.0,0.0,0.0,0
coverage_interleave__T_short__r01__attempt_001,coverage_interleave,T_short,1,scan,0,0,0.9377122972535276,0.490275929,3355.0,336,4,0,/qiuyeqing/llama_prl/G-ARC/outputs/psvr_autonomous_research/stage_2_baselines/raw/coverage_interleave__T_short__replicate_01/attempt_001/checkpoint_000_snapshot.json,0.011544011544011544,0.0,0.0,0.0,0
coverage_interleave__T_short__r01__attempt_001,coverage_interleave,T_short,1,scan,1,0,0.8720693635857785,1.037932948,3235.0,324,8,0,/qiuyeqing/llama_prl/G-ARC/outputs/psvr_autonomous_research/stage_2_baselines/raw/coverage_interleave__T_short__replicate_01/attempt_001/checkpoint_001_snapshot.json,0.023088023088023088,0.0,0.0,0.0,0
coverage_interleave__T_short__r01__attempt_001,coverage_interleave,T_short,1,scan,2,0,0.8088182777034939,1.566753028,3115.0,312,12,0,/qiuyeqing/llama_prl/G-ARC/outputs/psvr_autonomous_research/stage_2_baselines/raw/coverage_interleave__T_short__replicate_01/attempt_001/checkpoint_002_snapshot.json,0.03463203463203463,0.0,0.0,0.0,0
coverage_interleave__T_short__r01__attempt_001,coverage_interleave,T_short,1,scan,3,0,0.7479590396066739,2.04110477,2995.0,300,16,0,/qiuyeqing/llama_prl/G-ARC/outputs/psvr_autonomous_research/stage_2_baselines/raw/coverage_interleave__T_short__replicate_01/attempt_001/checkpoint_003_snapshot.json,0.046176046176046176,0.0,0.0,0.0,0
coverage_interleave__T_short__r01__attempt_001,coverage_interleave,T_short,1,scan,4,0,0.6894916492953185,2.615476188,2875.0,288,20,0,/qiuyeqing/llama_prl/G-ARC/outputs/psvr_autonomous_research/stage_2_baselines/raw/coverage_interleave__T_short__replicate_01/attempt_001/checkpoint_004_snapshot.json,0.05772005772005772,0.0,0.0,0.0,0
coverage_interleave__T_short__r01__attempt_001,coverage_interleave,T_short,1,scan,5,0,0.6334161067694275,3.169085307,2755.0,276,24,0,/qiuyeqing/llama_prl/G-ARC/outputs/psvr_autonomous_research/stage_2_baselines/raw/coverage_interleave__T_short__replicate_01/attempt_001/checkpoint_005_snapshot.json,0.06926406926406926,0.0,0.0,0.0,0
coverage_interleave__T_short__r01__attempt_001,coverage_interleave,T_short,1,scan,6,0,0.5797324120290012,3.796266168,2635.0,264,28,0,/qiuyeqing/llama_prl/G-ARC/outputs/psvr_autonomous_research/stage_2_baselines/raw/coverage_interleave__T_short__replicate_01/attempt_001/checkpoint_006_snapshot.json,0.08080808080808081,0.0,0.0,0.0,0
coverage_interleave__T_short__r01__attempt_001,coverage_interleave,T_short,1,scan,7,0,0.5284405650740394,4.368357033,2515.0,252,32,0,/qiuyeqing/llama_prl/G-ARC/outputs/psvr_autonomous_research/stage_2_baselines/raw/coverage_interleave__T_short__replicate_01/attempt_001/checkpoint_007_snapshot.json,0.09235209235209235,0.0,0.0,0.0,0
coverage_interleave__T_short__r01__attempt_001,coverage_interleave,T_short,1,scan,8,0,0.479540565904542,4.922321995,2395.0,240,36,0,/qiuyeqing/llama_prl/G-ARC/outputs/psvr_autonomous_research/stage_2_baselines/raw/coverage_interleave__T_short__replicate_01/attempt_001/checkpoint_008_snapshot.json,0.1038961038961039,0.0,0.0,0.0,0
coverage_interleave__T_short__r01__attempt_001,coverage_interleave,T_short,1,scan,9,0,0.4330324145205093,5.40901851,2275.0,228,40,0,/qiuyeqing/llama_prl/G-ARC/outputs/psvr_autonomous_research/stage_2_baselines/raw/coverage_interleave__T_short__replicate_01/attempt_001/checkpoint_009_snapshot.json,0.11544011544011544,0.0,0.0,0.0,0
coverage_interleave__T_short__r01__attempt_001,coverage_interleave,T_short,1,scan,10,0,0.38891611092194106,5.962692178,2155.0,216,44,0,/qiuyeqing/llama_prl/G-ARC/outputs/psvr_autonomous_research/stage_2_baselines/raw/coverage_interleave__T_short__replicate_01/attempt_001/checkpoint_010_snapshot.json,0.12698412698412698,0.0,0.0,0.0,0
coverage_interleave__T_short__r01__attempt_001,coverage_interleave,T_short,1,scan,11,0,0.34719165510883737,6.549451458,2035.0,204,48,0,/qiuyeqing/llama_prl/G-ARC/outputs/psvr_autonomous_research/stage_2_baselines/raw/coverage_interleave__T_short__replicate_01/attempt_001/checkpoint_011_snapshot.json,0.13852813852813853,0.0,0.0,0.0,0
coverage_interleave__T_short__r01__attempt_001,coverage_interleave,T_short,1,scan,12,0,0.30785904708119827,7.11447836,1915.0,192,52,0,/qiuyeqing/llama_prl/G-ARC/outputs/psvr_autonomous_research/stage_2_baselines/raw/coverage_interleave__T_short__replicate_01/attempt_001/checkpoint_012_snapshot.json,0.15007215007215008,0.0,0.0,0.0,0
coverage_interleave__T_short__r01__attempt_001,coverage_interleave,T_short,1,scan,13,0,0.27091828683902364,7.605790431,1795.0,180,56,0,/qiuyeqing/llama_prl/G-ARC/outputs/psvr_autonomous_research/stage_2_baselines/raw/coverage_interleave__T_short__replicate_01/attempt_001/checkpoint_013_snapshot.json,0.16161616161616163,0.0,0.0,0.0,0
coverage_interleave__T_short__r01__attempt_001,coverage_interleave,T_short,1,scan,14,0,0.23636937438231362,8.191805293,1675.0,168,60,0,/qiuyeqing/llama_prl/G-ARC/outputs/psvr_autonomous_research/stage_2_baselines/raw/coverage_interleave__T_short__replicate_01/attempt_001/checkpoint_014_snapshot.json,0.17316017316017315,0.0,0.0,0.0,0
coverage_interleave__T_short__r01__attempt_001,coverage_interleave,T_short,1,scan,15,0,0.2042123097110681,8.715001996,1555.0,156,64,0,/qiuyeqing/llama_prl/G-ARC/outputs/psvr_autonomous_research/stage_2_baselines/raw/coverage_interleave__T_short__replicate_01/attempt_001/checkpoint_015_snapshot.json,0.1847041847041847,0.0,0.0,0.0,0
coverage_interleave__T_short__r01__attempt_001,coverage_interleave,T_short,1,scan,16,0,0.17444709282528714,9.249206477,1435.0,144,68,0,/qiuyeqing/llama_prl/G-ARC/outputs/psvr_autonomous_research/stage_2_baselines/raw/coverage_interleave__T_short__replicate_01/attempt_001/checkpoint_016_snapshot.json,0.19624819624819625,0.0,0.0,0.0,0
coverage_interleave__T_short__r01__attempt_001,coverage_interleave,T_short,1,scan,17,0,0.1470737237249707,9.82388614,1315.0,132,72,0,/qiuyeqing/llama_prl/G-ARC/outputs/psvr_autonomous_research/stage_2_baselines/raw/coverage_interleave__T_short__replicate_01/attempt_001/checkpoint_017_snapshot.json,0.2077922077922078,0.0,0.0,0.0,0
coverage_interleave__T_short__r01__attempt_001,coverage_interleave,T_short,1,scan,18,0,0.12209220241011884,10.391897917,1195.0,120,76,0,/qiuyeqing/llama_prl/G-ARC/outputs/psvr_autonomous_research/stage_2_baselines/raw/coverage_interleave__T_short__replicate_01/attempt_001/checkpoint_018_snapshot.json,0.21933621933621933,0.0,0.0,0.0,0
coverage_interleave__T_short__r01__attempt_001,coverage_interleave,T_short,1,scan,19,0,0.09950252888073151,10.998945032,1075.0,108,80,0,/qiuyeqing/llama_prl/G-ARC/outputs/psvr_autonomous_research/stage_2_baselines/raw/coverage_interleave__T_short__replicate_01/attempt_001/checkpoint_019_snapshot.json,0.23088023088023088,0.0,0.0,0.0,0
coverage_interleave__T_short__r01__attempt_001,coverage_interleave,T_short,1,scan,20,0,0.07930470313680871,11.572364164,955.0,96,84,0,/qiuyeqing/llama_prl/G-ARC/outputs/psvr_autonomous_research/stage_2_baselines/raw/coverage_interleave__T_short__replicate_01/attempt_001/checkpoint_020_snapshot.json,0.24242424242424243,0.0,0.0,0.0,0
coverage_interleave__T_short__r01__attempt_001,coverage_interleave,T_short,1,scan,21,0,0.06149872517835046,12.145238149,835.0,84,88,0,/qiuyeqing/llama_prl/G-ARC/outputs/psvr_autonomous_research/stage_2_baselines/raw/coverage_interleave__T_short__replicate_01/attempt_001/checkpoint_021_snapshot.json,0.25396825396825395,0.0,0.0,0.0,0
coverage_interleave__T_short__r01__attempt_001,coverage_interleave,T_short,1,scan,22,0,0.04608459500535674,12.770113301,715.0,72,92,0,/qiuyeqing/llama_prl/G-ARC/outputs/psvr_autonomous_research/stage_2_baselines/raw/coverage_interleave__T_short__replicate_01/attempt_001/checkpoint_022_snapshot.json,0.26551226551226553,0.0,0.0,0.0,0
coverage_interleave__T_short__r01__attempt_001,coverage_interleave,T_short,1,scan,23,0,0.03306231261782757,13.333811805,595.0,60,96,0,/qiuyeqing/llama_prl/G-ARC/outputs/psvr_autonomous_research/stage_2_baselines/raw/coverage_interleave__T_short__replicate_01/attempt_001/checkpoint_023_snapshot.json,0.27705627705627706,0.0,0.0,0.0,0
coverage_interleave__T_short__r01__attempt_001,coverage_interleave,T_short,1,scan,24,0,0.022431878015762942,13.947351267,475.0,48,100,0,/qiuyeqing/llama_prl/G-ARC/outputs/psvr_autonomous_research/stage_2_baselines/raw/coverage_interleave__T_short__replicate_01/attempt_001/checkpoint_024_snapshot.json,0.2886002886002886,0.0,0.0,0.0,0
coverage_interleave__T_short__r01__attempt_001,coverage_interleave,T_short,1,scan,25,0,0.014193291199162853,14.518608928,355.0,36,104,0,/qiuyeqing/llama_prl/G-ARC/outputs/psvr_autonomous_research/stage_2_baselines/raw/coverage_interleave__T_short__replicate_01/attempt_001/checkpoint_025_snapshot.json,0.30014430014430016,0.0,0.0,0.0,0
coverage_interleave__T_short__r01__attempt_001,coverage_interleave,T_short,1,scan,26,0,0.008346552168027307,15.099863041,235.0,24,108,0,/qiuyeqing/llama_prl/G-ARC/outputs/psvr_autonomous_research/stage_2_baselines/raw/coverage_interleave__T_short__replicate_01/attempt_001/checkpoint_026_snapshot.json,0.3116883116883117,0.0,0.0,0.0,0
coverage_interleave__T_short__r01__attempt_001,coverage_interleave,T_short,1,scan,27,0,0.004891660922356302,15.634485302,115.0,12,112,0,/qiuyeqing/llama_prl/G-ARC/outputs/psvr_autonomous_research/stage_2_baselines/raw/coverage_interleave__T_short__replicate_01/attempt_001/checkpoint_027_snapshot.json,0.32323232323232326,0.0,0.0,0.0,0
coverage_interleave__T_short__r01__attempt_001,coverage_interleave,T_short,1,scan,28,0,0.003828617462149839,16.207324332,20.0,2,116,0,/qiuyeqing/llama_prl/G-ARC/outputs/psvr_autonomous_research/stage_2_baselines/raw/coverage_interleave__T_short__replicate_01/attempt_001/checkpoint_028_snapshot.json,0.3333333333333333,0.0,0.0,0.0,0
coverage_interleave__T_short__r02__attempt_001,coverage_interleave,T_short,2,scan,0,0,0.9377122972535276,0.50564491,3355.0,336,4,0,/qiuyeqing/llama_prl/G-ARC/outputs/psvr_autonomous_research/stage_2_baselines/raw/coverage_interleave__T_short__replicate_02/attempt_001/checkpoint_000_snapshot.json,0.011544011544011544,0.0,0.0,0.0,0
coverage_interleave__T_short__r02__attempt_001,coverage_interleave,T_short,2,scan,1,0,0.8720693635857785,1.037444387,3235.0,324,8,0,/qiuyeqing/llama_prl/G-ARC/outputs/psvr_autonomous_research/stage_2_baselines/raw/coverage_interleave__T_short__replicate_02/attempt_001/checkpoint_001_snapshot.json,0.023088023088023088,0.0,0.0,0.0,0
coverage_interleave__T_short__r02__attempt_001,coverage_interleave,T_short,2,scan,2,0,0.8088182777034939,1.547312442,3115.0,312,12,0,/qiuyeqing/llama_prl/G-ARC/outputs/psvr_autonomous_research/stage_2_baselines/raw/coverage_interleave__T_short__replicate_02/attempt_001/checkpoint_002_snapshot.json,0.03463203463203463,0.0,0.0,0.0,0
coverage_interleave__T_short__r02__attempt_001,coverage_interleave,T_short,2,scan,3,0,0.7479590396066739,2.015217228,2995.0,300,16,0,/qiuyeqing/llama_prl/G-ARC/outputs/psvr_autonomous_research/stage_2_baselines/raw/coverage_interleave__T_short__replicate_02/attempt_001/checkpoint_003_snapshot.json,0.046176046176046176,0.0,0.0,0.0,0
coverage_interleave__T_short__r02__attempt_001,coverage_interleave,T_short,2,scan,4,0,0.6894916492953185,2.55763662,2875.0,288,20,0,/qiuyeqing/llama_prl/G-ARC/outputs/psvr_autonomous_research/stage_2_baselines/raw/coverage_interleave__T_short__replicate_02/attempt_001/checkpoint_004_snapshot.json,0.05772005772005772,0.0,0.0,0.0,0
coverage_interleave__T_short__r02__attempt_001,coverage_interleave,T_short,2,scan,5,0,0.6334161067694275,3.133382073,2755.0,276,24,0,/qiuyeqing/llama_prl/G-ARC/outputs/psvr_autonomous_research/stage_2_baselines/raw/coverage_interleave__T_short__replicate_02/attempt_001/checkpoint_005_snapshot.json,0.06926406926406926,0.0,0.0,0.0,0
coverage_interleave__T_short__r02__attempt_001,coverage_interleave,T_short,2,scan,6,0,0.5797324120290012,3.694055057,2635.0,264,28,0,/qiuyeqing/llama_prl/G-ARC/outputs/psvr_autonomous_research/stage_2_baselines/raw/coverage_interleave__T_short__replicate_02/attempt_001/checkpoint_006_snapshot.json,0.08080808080808081,0.0,0.0,0.0,0
coverage_interleave__T_short__r02__attempt_001,coverage_interleave,T_short,2,scan,7,0,0.5284405650740394,4.212687728,2515.0,252,32,0,/qiuyeqing/llama_prl/G-ARC/outputs/psvr_autonomous_research/stage_2_baselines/raw/coverage_interleave__T_short__replicate_02/attempt_001/checkpoint_007_snapshot.json,0.09235209235209235,0.0,0.0,0.0,0
coverage_interleave__T_short__r02__attempt_001,coverage_interleave,T_short,2,scan,8,0,0.479540565904542,4.726729558,2395.0,240,36,0,/qiuyeqing/llama_prl/G-ARC/outputs/psvr_autonomous_research/stage_2_baselines/raw/coverage_interleave__T_short__replicate_02/attempt_001/checkpoint_008_snapshot.json,0.1038961038961039,0.0,0.0,0.0,0
coverage_interleave__T_short__r02__attempt_001,coverage_interleave,T_short,2,scan,9,0,0.4330324145205093,5.260563969,2275.0,228,40,0,/qiuyeqing/llama_prl/G-ARC/outputs/psvr_autonomous_research/stage_2_baselines/raw/coverage_interleave__T_short__replicate_02/attempt_001/checkpoint_009_snapshot.json,0.11544011544011544,0.0,0.0,0.0,0
coverage_interleave__T_short__r02__attempt_001,coverage_interleave,T_short,2,scan,10,0,0.38891611092194106,5.847164496,2155.0,216,44,0,/qiuyeqing/llama_prl/G-ARC/outputs/psvr_autonomous_research/stage_2_baselines/raw/coverage_interleave__T_short__replicate_02/attempt_001/checkpoint_010_snapshot.json,0.12698412698412698,0.0,0.0,0.0,0
coverage_interleave__T_short__r02__attempt_001,coverage_interleave,T_short,2,scan,11,0,0.34719165510883737,6.430376264,2035.0,204,48,0,/qiuyeqing/llama_prl/G-ARC/outputs/psvr_autonomous_research/stage_2_baselines/raw/coverage_interleave__T_short__replicate_02/attempt_001/checkpoint_011_snapshot.json,0.13852813852813853,0.0,0.0,0.0,0
coverage_interleave__T_short__r02__attempt_001,coverage_interleave,T_short,2,scan,12,0,0.30785904708119827,7.021108446,1915.0,192,52,0,/qiuyeqing/llama_prl/G-ARC/outputs/psvr_autonomous_research/stage_2_baselines/raw/coverage_interleave__T_short__replicate_02/attempt_001/checkpoint_012_snapshot.json,0.15007215007215008,0.0,0.0,0.0,0
coverage_interleave__T_short__r02__attempt_001,coverage_interleave,T_short,2,scan,13,0,0.27091828683902364,7.563765511,1795.0,180,56,0,/qiuyeqing/llama_prl/G-ARC/outputs/psvr_autonomous_research/stage_2_baselines/raw/coverage_interleave__T_short__replicate_02/attempt_001/checkpoint_013_snapshot.json,0.16161616161616163,0.0,0.0,0.0,0
coverage_interleave__T_short__r02__attempt_001,coverage_interleave,T_short,2,scan,14,0,0.23636937438231362,8.12958368,1675.0,168,60,0,/qiuyeqing/llama_prl/G-ARC/outputs/psvr_autonomous_research/stage_2_baselines/raw/coverage_interleave__T_short__replicate_02/attempt_001/checkpoint_014_snapshot.json,0.17316017316017315,0.0,0.0,0.0,0
coverage_interleave__T_short__r02__attempt_001,coverage_interleave,T_short,2,scan,15,0,0.2042123097110681,8.689925346,1555.0,156,64,0,/qiuyeqing/llama_prl/G-ARC/outputs/psvr_autonomous_research/stage_2_baselines/raw/coverage_interleave__T_short__replicate_02/attempt_001/checkpoint_015_snapshot.json,0.1847041847041847,0.0,0.0,0.0,0
coverage_interleave__T_short__r02__attempt_001,coverage_interleave,T_short,2,scan,16,0,0.17444709282528714,9.227773694,1435.0,144,68,0,/qiuyeqing/llama_prl/G-ARC/outputs/psvr_autonomous_research/stage_2_baselines/raw/coverage_interleave__T_short__replicate_02/attempt_001/checkpoint_016_snapshot.json,0.19624819624819625,0.0,0.0,0.0,0
coverage_interleave__T_short__r02__attempt_001,coverage_interleave,T_short,2,scan,17,0,0.1470737237249707,9.810496389,1315.0,132,72,0,/qiuyeqing/llama_prl/G-ARC/outputs/psvr_autonomous_research/stage_2_baselines/raw/coverage_interleave__T_short__replicate_02/attempt_001/checkpoint_017_snapshot.json,0.2077922077922078,0.0,0.0,0.0,0
coverage_interleave__T_short__r02__attempt_001,coverage_interleave,T_short,2,scan,18,0,0.12209220241011884,10.39731829,1195.0,120,76,0,/qiuyeqing/llama_prl/G-ARC/outputs/psvr_autonomous_research/stage_2_baselines/raw/coverage_interleave__T_short__replicate_02/attempt_001/checkpoint_018_snapshot.json,0.21933621933621933,0.0,0.0,0.0,0
coverage_interleave__T_short__r02__attempt_001,coverage_interleave,T_short,2,scan,19,0,0.09950252888073151,10.9908057,1075.0,108,80,0,/qiuyeqing/llama_prl/G-ARC/outputs/psvr_autonomous_research/stage_2_baselines/raw/coverage_interleave__T_short__replicate_02/attempt_001/checkpoint_019_snapshot.json,0.23088023088023088,0.0,0.0,0.0,0
coverage_interleave__T_short__r02__attempt_001,coverage_interleave,T_short,2,scan,20,0,0.07930470313680871,11.627881621,955.0,96,84,0,/qiuyeqing/llama_prl/G-ARC/outputs/psvr_autonomous_research/stage_2_baselines/raw/coverage_interleave__T_short__replicate_02/attempt_001/checkpoint_020_snapshot.json,0.24242424242424243,0.0,0.0,0.0,0
coverage_interleave__T_short__r02__attempt_001,coverage_interleave,T_short,2,scan,21,0,0.06149872517835046,12.221603209,835.0,84,88,0,/qiuyeqing/llama_prl/G-ARC/outputs/psvr_autonomous_research/stage_2_baselines/raw/coverage_interleave__T_short__replicate_02/attempt_001/checkpoint_021_snapshot.json,0.25396825396825395,0.0,0.0,0.0,0
coverage_interleave__T_short__r02__attempt_001,coverage_interleave,T_short,2,scan,22,0,0.04608459500535674,12.809831652,715.0,72,92,0,/qiuyeqing/llama_prl/G-ARC/outputs/psvr_autonomous_research/stage_2_baselines/raw/coverage_interleave__T_short__replicate_02/attempt_001/checkpoint_022_snapshot.json,0.26551226551226553,0.0,0.0,0.0,0
coverage_interleave__T_short__r02__attempt_001,coverage_interleave,T_short,2,scan,23,0,0.03306231261782757,13.367961493,595.0,60,96,0,/qiuyeqing/llama_prl/G-ARC/outputs/psvr_autonomous_research/stage_2_baselines/raw/coverage_interleave__T_short__replicate_02/attempt_001/checkpoint_023_snapshot.json,0.27705627705627706,0.0,0.0,0.0,0
coverage_interleave__T_short__r02__attempt_001,coverage_interleave,T_short,2,scan,24,0,0.022431878015762942,13.964896083,475.0,48,100,0,/qiuyeqing/llama_prl/G-ARC/outputs/psvr_autonomous_research/stage_2_baselines/raw/coverage_interleave__T_short__replicate_02/attempt_001/checkpoint_024_snapshot.json,0.2886002886002886,0.0,0.0,0.0,0
coverage_interleave__T_short__r02__attempt_001,coverage_interleave,T_short,2,scan,25,0,0.014193291199162853,14.532060673,355.0,36,104,0,/qiuyeqing/llama_prl/G-ARC/outputs/psvr_autonomous_research/stage_2_baselines/raw/coverage_interleave__T_short__replicate_02/attempt_001/checkpoint_025_snapshot.json,0.30014430014430016,0.0,0.0,0.0,0
coverage_interleave__T_short__r02__attempt_001,coverage_interleave,T_short,2,scan,26,0,0.008346552168027307,15.088276925,235.0,24,108,0,/qiuyeqing/llama_prl/G-ARC/outputs/psvr_autonomous_research/stage_2_baselines/raw/coverage_interleave__T_short__replicate_02/attempt_001/checkpoint_026_snapshot.json,0.3116883116883117,0.0,0.0,0.0,0
coverage_interleave__T_short__r02__attempt_001,coverage_interleave,T_short,2,scan,27,0,0.004891660922356302,15.701733808,115.0,12,112,0,/qiuyeqing/llama_prl/G-ARC/outputs/psvr_autonomous_research/stage_2_baselines/raw/coverage_interleave__T_short__replicate_02/attempt_001/checkpoint_027_snapshot.json,0.32323232323232326,0.0,0.0,0.0,0
coverage_interleave__T_short__r02__attempt_001,coverage_interleave,T_short,2,scan,28,0,0.003828617462149839,16.295258409,20.0,2,116,0,/qiuyeqing/llama_prl/G-ARC/outputs/psvr_autonomous_research/stage_2_baselines/raw/coverage_interleave__T_short__replicate_02/attempt_001/checkpoint_028_snapshot.json,0.3333333333333333,0.0,0.0,0.0,0
scan_then_verify__T_long__r00__attempt_001,scan_then_verify,T_long,0,scan,0,0,0.9770781253892982,0.529065564,3425.0,343,4,0,/qiuyeqing/llama_prl/G-ARC/outputs/psvr_autonomous_research/stage_2_baselines/raw/scan_then_verify__T_long__replicate_00/attempt_001/checkpoint_000_snapshot.json,0.011544011544011544,0.0,0.0,0.0,0
scan_then_verify__T_long__r00__attempt_001,scan_then_verify,T_long,0,scan,1,0,0.9544220116436479,1.008491494,3385.0,339,8,0,/qiuyeqing/llama_prl/G-ARC/outputs/psvr_autonomous_research/stage_2_baselines/raw/scan_then_verify__T_long__replicate_00/attempt_001/checkpoint_001_snapshot.json,0.023088023088023088,0.0,0.0,0.0,0
scan_then_verify__T_long__r00__attempt_001,scan_then_verify,T_long,0,scan,2,0,0.9320316587630493,1.465116873,3345.0,335,12,0,/qiuyeqing/llama_prl/G-ARC/outputs/psvr_autonomous_research/stage_2_baselines/raw/scan_then_verify__T_long__replicate_00/attempt_001/checkpoint_002_snapshot.json,0.03463203463203463,0.0,0.0,0.0,0
scan_then_verify__T_long__r00__attempt_001,scan_then_verify,T_long,0,scan,3,0,0.9099070667475022,1.975380012,3305.0,331,16,0,/qiuyeqing/llama_prl/G-ARC/outputs/psvr_autonomous_research/stage_2_baselines/raw/scan_then_verify__T_long__replicate_00/attempt_001/checkpoint_003_snapshot.json,0.046176046176046176,0.0,0.0,0.0,0
scan_then_verify__T_long__r00__attempt_001,scan_then_verify,T_long,0,scan,4,0,0.8880482355970069,2.482873215,3265.0,327,20,0,/qiuyeqing/llama_prl/G-ARC/outputs/psvr_autonomous_research/stage_2_baselines/raw/scan_then_verify__T_long__replicate_00/attempt_001/checkpoint_004_snapshot.json,0.05772005772005772,0.0,0.0,0.0,0
scan_then_verify__T_long__r00__attempt_001,scan_then_verify,T_long,0,scan,5,0,0.8664551653115631,3.021089623,3225.0,323,24,0,/qiuyeqing/llama_prl/G-ARC/outputs/psvr_autonomous_research/stage_2_baselines/raw/scan_then_verify__T_long__replicate_00/attempt_001/checkpoint_005_snapshot.json,0.06926406926406926,0.0,0.0,0.0,0
scan_then_verify__T_long__r00__attempt_001,scan_then_verify,T_long,0,scan,6,0,0.8451278558911709,3.564614081,3185.0,319,28,0,/qiuyeqing/llama_prl/G-ARC/outputs/psvr_autonomous_research/stage_2_baselines/raw/scan_then_verify__T_long__replicate_00/attempt_001/checkpoint_006_snapshot.json,0.08080808080808081,0.0,0.0,0.0,0
scan_then_verify__T_long__r00__attempt_001,scan_then_verify,T_long,0,scan,7,0,0.8240663073358304,4.078448199,3145.0,315,32,0,/qiuyeqing/llama_prl/G-ARC/outputs/psvr_autonomous_research/stage_2_baselines/raw/scan_then_verify__T_long__replicate_00/attempt_001/checkpoint_007_snapshot.json,0.09235209235209235,0.0,0.0,0.0,0
scan_then_verify__T_long__r00__attempt_001,scan_then_verify,T_long,0,scan,8,0,0.8032705196455414,4.631691391,3105.0,311,36,0,/qiuyeqing/llama_prl/G-ARC/outputs/psvr_autonomous_research/stage_2_baselines/raw/scan_then_verify__T_long__replicate_00/attempt_001/checkpoint_008_snapshot.json,0.1038961038961039,0.0,0.0,0.0,0
scan_then_verify__T_long__r00__attempt_001,scan_then_verify,T_long,0,scan,9,0,0.7827404928203041,5.112953024,3065.0,307,40,0,/qiuyeqing/llama_prl/G-ARC/outputs/psvr_autonomous_research/stage_2_baselines/raw/scan_then_verify__T_long__replicate_00/attempt_001/checkpoint_009_snapshot.json,0.11544011544011544,0.0,0.0,0.0,0
scan_then_verify__T_long__r00__attempt_001,scan_then_verify,T_long,0,scan,10,0,0.7624762268601184,5.590361071,3025.0,303,44,0,/qiuyeqing/llama_prl/G-ARC/outputs/psvr_autonomous_research/stage_2_baselines/raw/scan_then_verify__T_long__replicate_00/attempt_001/checkpoint_010_snapshot.json,0.12698412698412698,0.0,0.0,0.0,0
scan_then_verify__T_long__r00__attempt_001,scan_then_verify,T_long,0,scan,11,0,0.7424777217649844,6.054345866,2985.0,299,48,0,/qiuyeqing/llama_prl/G-ARC/outputs/psvr_autonomous_research/stage_2_baselines/raw/scan_then_verify__T_long__replicate_00/attempt_001/checkpoint_011_snapshot.json,0.13852813852813853,0.0,0.0,0.0,0
scan_then_verify__T_long__r00__attempt_001,scan_then_verify,T_long,0,scan,12,0,0.7227449775349019,6.559843307,2945.0,295,52,0,/qiuyeqing/llama_prl/G-ARC/outputs/psvr_autonomous_research/stage_2_baselines/raw/scan_then_verify__T_long__replicate_00/attempt_001/checkpoint_012_snapshot.json,0.15007215007215008,0.0,0.0,0.0,0
scan_then_verify__T_long__r00__attempt_001,scan_then_verify,T_long,0,scan,13,0,0.703277994169871,7.074956049,2905.0,291,56,0,/qiuyeqing/llama_prl/G-ARC/outputs/psvr_autonomous_research/stage_2_baselines/raw/scan_then_verify__T_long__replicate_00/attempt_001/checkpoint_013_snapshot.json,0.16161616161616163,0.0,0.0,0.0,0
scan_then_verify__T_long__r00__attempt_001,scan_then_verify,T_long,0,scan,14,0,0.6840767716698918,7.584497151,2865.0,287,60,0,/qiuyeqing/llama_prl/G-ARC/outputs/psvr_autonomous_research/stage_2_baselines/raw/scan_then_verify__T_long__replicate_00/attempt_001/checkpoint_014_snapshot.json,0.17316017316017315,0.0,0.0,0.0,0
scan_then_verify__T_long__r00__attempt_001,scan_then_verify,T_long,0,scan,15,0,0.6651413100349641,8.107370686,2825.0,283,64,0,/qiuyeqing/llama_prl/G-ARC/outputs/psvr_autonomous_research/stage_2_baselines/raw/scan_then_verify__T_long__replicate_00/attempt_001/checkpoint_015_snapshot.json,0.1847041847041847,0.0,0.0,0.0,0
scan_then_verify__T_long__r00__attempt_001,scan_then_verify,T_long,0,scan,16,0,0.6464716092650882,8.61853211,2785.0,279,68,0,/qiuyeqing/llama_prl/G-ARC/outputs/psvr_autonomous_research/stage_2_baselines/raw/scan_then_verify__T_long__replicate_00/attempt_001/checkpoint_016_snapshot.json,0.19624819624819625,0.0,0.0,0.0,0
scan_then_verify__T_long__r00__attempt_001,scan_then_verify,T_long,0,scan,17,0,0.6280676693602638,9.190428278,2745.0,275,72,0,/qiuyeqing/llama_prl/G-ARC/outputs/psvr_autonomous_research/stage_2_baselines/raw/scan_then_verify__T_long__replicate_00/attempt_001/checkpoint_017_snapshot.json,0.2077922077922078,0.0,0.0,0.0,0
scan_then_verify__T_long__r00__attempt_001,scan_then_verify,T_long,0,scan,18,0,0.609929490320491,9.739782307,2705.0,271,76,0,/qiuyeqing/llama_prl/G-ARC/outputs/psvr_autonomous_research/stage_2_baselines/raw/scan_then_verify__T_long__replicate_00/attempt_001/checkpoint_018_snapshot.json,0.21933621933621933,0.0,0.0,0.0,0
scan_then_verify__T_long__r00__attempt_001,scan_then_verify,T_long,0,scan,19,0,0.5920570721457699,10.321100145,2665.0,267,80,0,/qiuyeqing/llama_prl/G-ARC/outputs/psvr_autonomous_research/stage_2_baselines/raw/scan_then_verify__T_long__replicate_00/attempt_001/checkpoint_019_snapshot.json,0.23088023088023088,0.0,0.0,0.0,0
scan_then_verify__T_long__r00__attempt_001,scan_then_verify,T_long,0,scan,20,0,0.5744504148361003,10.851090392,2625.0,263,84,0,/qiuyeqing/llama_prl/G-ARC/outputs/psvr_autonomous_research/stage_2_baselines/raw/scan_then_verify__T_long__replicate_00/attempt_001/checkpoint_020_snapshot.json,0.24242424242424243,0.0,0.0,0.0,0
scan_then_verify__T_long__r00__attempt_001,scan_then_verify,T_long,0,scan,21,0,0.5571095183914824,11.373528056,2585.0,259,88,0,/qiuyeqing/llama_prl/G-ARC/outputs/psvr_autonomous_research/stage_2_baselines/raw/scan_then_verify__T_long__replicate_00/attempt_001/checkpoint_021_snapshot.json,0.25396825396825395,0.0,0.0,0.0,0
scan_then_verify__T_long__r00__attempt_001,scan_then_verify,T_long,0,scan,22,0,0.5400343828119161,11.902741935,2545.0,255,92,0,/qiuyeqing/llama_prl/G-ARC/outputs/psvr_autonomous_research/stage_2_baselines/raw/scan_then_verify__T_long__replicate_00/attempt_001/checkpoint_022_snapshot.json,0.26551226551226553,0.0,0.0,0.0,0
scan_then_verify__T_long__r00__attempt_001,scan_then_verify,T_long,0,scan,23,0,0.5232250080974014,12.425379831,2505.0,251,96,0,/qiuyeqing/llama_prl/G-ARC/outputs/psvr_autonomous_research/stage_2_baselines/raw/scan_then_verify__T_long__replicate_00/attempt_001/checkpoint_023_snapshot.json,0.27705627705627706,0.0,0.0,0.0,0
scan_then_verify__T_long__r00__attempt_001,scan_then_verify,T_long,0,scan,24,0,0.5066813942479382,12.943782449,2465.0,247,100,0,/qiuyeqing/llama_prl/G-ARC/outputs/psvr_autonomous_research/stage_2_baselines/raw/scan_then_verify__T_long__replicate_00/attempt_001/checkpoint_024_snapshot.json,0.2886002886002886,0.0,0.0,0.0,0
scan_then_verify__T_long__r00__attempt_001,scan_then_verify,T_long,0,scan,25,0,0.4904035412635268,13.409739511,2425.0,243,104,0,/qiuyeqing/llama_prl/G-ARC/outputs/psvr_autonomous_research/stage_2_baselines/raw/scan_then_verify__T_long__replicate_00/attempt_001/checkpoint_025_snapshot.json,0.30014430014430016,0.0,0.0,0.0,0
scan_then_verify__T_long__r00__attempt_001,scan_then_verify,T_long,0,scan,26,0,0.474391449144167,13.887028907,2385.0,239,108,0,/qiuyeqing/llama_prl/G-ARC/outputs/psvr_autonomous_research/stage_2_baselines/raw/scan_then_verify__T_long__replicate_00/attempt_001/checkpoint_026_snapshot.json,0.3116883116883117,0.0,0.0,0.0,0
scan_then_verify__T_long__r00__attempt_001,scan_then_verify,T_long,0,scan,27,0,0.45864511788985873,14.359647132,2345.0,235,112,0,/qiuyeqing/llama_prl/G-ARC/outputs/psvr_autonomous_research/stage_2_baselines/raw/scan_then_verify__T_long__replicate_00/attempt_001/checkpoint_027_snapshot.json,0.32323232323232326,0.0,0.0,0.0,0
scan_then_verify__T_long__r00__attempt_001,scan_then_verify,T_long,0,scan,28,0,0.44316454750060214,14.857059675,2305.0,231,116,0,/qiuyeqing/llama_prl/G-ARC/outputs/psvr_autonomous_research/stage_2_baselines/raw/scan_then_verify__T_long__replicate_00/attempt_001/checkpoint_028_snapshot.json,0.3347763347763348,0.0,0.0,0.0,0
scan_then_verify__T_long__r00__attempt_001,scan_then_verify,T_long,0,scan,29,0,0.4279497379763971,15.32916866,2265.0,227,120,0,/qiuyeqing/llama_prl/G-ARC/outputs/psvr_autonomous_research/stage_2_baselines/raw/scan_then_verify__T_long__replicate_00/attempt_001/checkpoint_029_snapshot.json,0.3463203463203463,0.0,0.0,0.0,0
scan_then_verify__T_long__r00__attempt_001,scan_then_verify,T_long,0,scan,30,0,0.4130006893172437,15.846492096,2225.0,223,124,0,/qiuyeqing/llama_prl/G-ARC/outputs/psvr_autonomous_research/stage_2_baselines/raw/scan_then_verify__T_long__replicate_00/attempt_001/checkpoint_030_snapshot.json,0.3578643578643579,0.0,0.0,0.0,0
scan_then_verify__T_long__r00__attempt_001,scan_then_verify,T_long,0,scan,31,0,0.39831740152314193,16.397519235,2185.0,219,128,0,/qiuyeqing/llama_prl/G-ARC/outputs/psvr_autonomous_research/stage_2_baselines/raw/scan_then_verify__T_long__replicate_00/attempt_001/checkpoint_031_snapshot.json,0.3694083694083694,0.0,0.0,0.0,0
scan_then_verify__T_long__r00__attempt_001,scan_then_verify,T_long,0,scan,32,0,0.3838998745940918,16.918775604,2145.0,215,132,0,/qiuyeqing/llama_prl/G-ARC/outputs/psvr_autonomous_research/stage_2_baselines/raw/scan_then_verify__T_long__replicate_00/attempt_001/checkpoint_032_snapshot.json,0.38095238095238093,0.0,0.0,0.0,0
scan_then_verify__T_long__r00__attempt_001,scan_then_verify,T_long,0,scan,33,0,0.36974810853009327,17.473694501,2105.0,211,136,0,/qiuyeqing/llama_prl/G-ARC/outputs/psvr_autonomous_research/stage_2_baselines/raw/scan_then_verify__T_long__replicate_00/attempt_001/checkpoint_033_snapshot.json,0.3924963924963925,0.0,0.0,0.0,0
scan_then_verify__T_long__r00__attempt_001,scan_then_verify,T_long,0,scan,34,0,0.3558621033311463,18.023683143,2065.0,207,140,0,/qiuyeqing/llama_prl/G-ARC/outputs/psvr_autonomous_research/stage_2_baselines/raw/scan_then_verify__T_long__replicate_00/attempt_001/checkpoint_034_snapshot.json,0.40404040404040403,0.0,0.0,0.0,0
scan_then_verify__T_long__r00__attempt_001,scan_then_verify,T_long,0,scan,35,0,0.342241858997251,18.61297895,2025.0,203,144,0,/qiuyeqing/llama_prl/G-ARC/outputs/psvr_autonomous_research/stage_2_baselines/raw/scan_then_verify__T_long__replicate_00/attempt_001/checkpoint_035_snapshot.json,0.4155844155844156,0.0,0.0,0.0,0
scan_then_verify__T_long__r00__attempt_001,scan_then_verify,T_long,0,scan,36,0,0.32888737552840736,19.129917287,1985.0,199,148,0,/qiuyeqing/llama_prl/G-ARC/outputs/psvr_autonomous_research/stage_2_baselines/raw/scan_then_verify__T_long__replicate_00/attempt_001/checkpoint_036_snapshot.json,0.42712842712842713,0.0,0.0,0.0,0
scan_then_verify__T_long__r00__attempt_001,scan_then_verify,T_long,0,scan,37,0,0.3157986529246153,19.663922742,1945.0,195,152,0,/qiuyeqing/llama_prl/G-ARC/outputs/psvr_autonomous_research/stage_2_baselines/raw/scan_then_verify__T_long__replicate_00/attempt_001/checkpoint_037_snapshot.json,0.43867243867243866,0.0,0.0,0.0,0
scan_then_verify__T_long__r00__attempt_001,scan_then_verify,T_long,0,scan,38,0,0.3029756911858748,20.217291629,1905.0,191,156,0,/qiuyeqing/llama_prl/G-ARC/outputs/psvr_autonomous_research/stage_2_baselines/raw/scan_then_verify__T_long__replicate_00/attempt_001/checkpoint_038_snapshot.json,0.45021645021645024,0.0,0.0,0.0,0
scan_then_verify__T_long__r00__attempt_001,scan_then_verify,T_long,0,scan,39,0,0.290418490312186,20.739071455,1865.0,187,160,0,/qiuyeqing/llama_prl/G-ARC/outputs/psvr_autonomous_research/stage_2_baselines/raw/scan_then_verify__T_long__replicate_00/attempt_001/checkpoint_039_snapshot.json,0.46176046176046176,0.0,0.0,0.0,0
scan_then_verify__T_long__r00__attempt_001,scan_then_verify,T_long,0,scan,40,0,0.27812705030354873,21.264929145,1825.0,183,164,0,/qiuyeqing/llama_prl/G-ARC/outputs/psvr_autonomous_research/stage_2_baselines/raw/scan_then_verify__T_long__replicate_00/attempt_001/checkpoint_040_snapshot.json,0.4733044733044733,0.0,0.0,0.0,0
scan_then_verify__T_long__r00__attempt_001,scan_then_verify,T_long,0,scan,41,0,0.26610137115996313,21.821071163,1785.0,179,168,0,/qiuyeqing/llama_prl/G-ARC/outputs/psvr_autonomous_research/stage_2_baselines/raw/scan_then_verify__T_long__replicate_00/attempt_001/checkpoint_041_snapshot.json,0.48484848484848486,0.0,0.0,0.0,0
scan_then_verify__T_long__r00__attempt_001,scan_then_verify,T_long,0,scan,42,0,0.2543414528814291,22.395231574,1745.0,175,172,0,/qiuyeqing/llama_prl/G-ARC/outputs/psvr_autonomous_research/stage_2_baselines/raw/scan_then_verify__T_long__replicate_00/attempt_001/checkpoint_042_snapshot.json,0.4963924963924964,0.0,0.0,0.0,0
scan_then_verify__T_long__r00__attempt_001,scan_then_verify,T_long,0,scan,43,0,0.24284729546794676,22.928238988,1705.0,171,176,0,/qiuyeqing/llama_prl/G-ARC/outputs/psvr_autonomous_research/stage_2_baselines/raw/scan_then_verify__T_long__replicate_00/attempt_001/checkpoint_043_snapshot.json,0.5079365079365079,0.0,0.0,0.0,0
scan_then_verify__T_long__r00__attempt_001,scan_then_verify,T_long,0,scan,44,0,0.23161889891951598,23.504959893,1665.0,167,180,0,/qiuyeqing/llama_prl/G-ARC/outputs/psvr_autonomous_research/stage_2_baselines/raw/scan_then_verify__T_long__replicate_00/attempt_001/checkpoint_044_snapshot.json,0.5194805194805194,0.0,0.0,0.0,0
scan_then_verify__T_long__r00__attempt_001,scan_then_verify,T_long,0,scan,45,0,0.22065626323613682,24.028800863,1625.0,163,184,0,/qiuyeqing/llama_prl/G-ARC/outputs/psvr_autonomous_research/stage_2_baselines/raw/scan_then_verify__T_long__replicate_00/attempt_001/checkpoint_045_snapshot.json,0.5310245310245311,0.0,0.0,0.0,0
scan_then_verify__T_long__r00__attempt_001,scan_then_verify,T_long,0,scan,46,0,0.2099593884178093,24.536637456,1585.0,159,188,0,/qiuyeqing/llama_prl/G-ARC/outputs/psvr_autonomous_research/stage_2_baselines/raw/scan_then_verify__T_long__replicate_00/attempt_001/checkpoint_046_snapshot.json,0.5425685425685426,0.0,0.0,0.0,0
scan_then_verify__T_long__r00__attempt_001,scan_then_verify,T_long,0,scan,47,0,0.1995282744645334,25.04815258,1545.0,155,192,0,/qiuyeqing/llama_prl/G-ARC/outputs/psvr_autonomous_research/stage_2_baselines/raw/scan_then_verify__T_long__replicate_00/attempt_001/checkpoint_047_snapshot.json,0.5541125541125541,0.0,0.0,0.0,0
scan_then_verify__T_long__r00__attempt_001,scan_then_verify,T_long,0,scan,48,0,0.18936292137630908,25.523414264,1505.0,151,196,0,/qiuyeqing/llama_prl/G-ARC/outputs/psvr_autonomous_research/stage_2_baselines/raw/scan_then_verify__T_long__replicate_00/attempt_001/checkpoint_048_snapshot.json,0.5656565656565656,0.0,0.0,0.0,0
scan_then_verify__T_long__r00__attempt_001,scan_then_verify,T_long,0,scan,49,0,0.1794633291531364,26.055290529,1465.0,147,200,0,/qiuyeqing/llama_prl/G-ARC/outputs/psvr_autonomous_research/stage_2_baselines/raw/scan_then_verify__T_long__replicate_00/attempt_001/checkpoint_049_snapshot.json,0.5772005772005772,0.0,0.0,0.0,0
scan_then_verify__T_long__r00__attempt_001,scan_then_verify,T_long,0,scan,50,0,0.16982949779501533,26.571456245,1425.0,143,204,0,/qiuyeqing/llama_prl/G-ARC/outputs/psvr_autonomous_research/stage_2_baselines/raw/scan_then_verify__T_long__replicate_00/attempt_001/checkpoint_050_snapshot.json,0.5887445887445888,0.0,0.0,0.0,0
scan_then_verify__T_long__r00__attempt_001,scan_then_verify,T_long,0,scan,51,0,0.16046142730194587,27.10620119,1385.0,139,208,0,/qiuyeqing/llama_prl/G-ARC/outputs/psvr_autonomous_research/stage_2_baselines/raw/scan_then_verify__T_long__replicate_00/attempt_001/checkpoint_051_snapshot.json,0.6002886002886003,0.0,0.0,0.0,0
scan_then_verify__T_long__r00__attempt_001,scan_then_verify,T_long,0,scan,52,0,0.15135911767392804,27.582394271,1345.0,135,212,0,/qiuyeqing/llama_prl/G-ARC/outputs/psvr_autonomous_research/stage_2_baselines/raw/scan_then_verify__T_long__replicate_00/attempt_001/checkpoint_052_snapshot.json,0.6118326118326118,0.0,0.0,0.0,0
scan_then_verify__T_long__r00__attempt_001,scan_then_verify,T_long,0,scan,53,0,0.1425225689109618,28.190333685,1305.0,131,216,0,/qiuyeqing/llama_prl/G-ARC/outputs/psvr_autonomous_research/stage_2_baselines/raw/scan_then_verify__T_long__replicate_00/attempt_001/checkpoint_053_snapshot.json,0.6233766233766234,0.0,0.0,0.0,0
scan_then_verify__T_long__r00__attempt_001,scan_then_verify,T_long,0,scan,54,0,0.1339517810130472,28.767616289,1265.0,127,220,0,/qiuyeqing/llama_prl/G-ARC/outputs/psvr_autonomous_research/stage_2_baselines/raw/scan_then_verify__T_long__replicate_00/attempt_001/checkpoint_054_snapshot.json,0.6349206349206349,0.0,0.0,0.0,0
scan_then_verify__T_long__r00__attempt_001,scan_then_verify,T_long,0,scan,55,0,0.1256467539801842,29.282900971,1225.0,123,224,0,/qiuyeqing/llama_prl/G-ARC/outputs/psvr_autonomous_research/stage_2_baselines/raw/scan_then_verify__T_long__replicate_00/attempt_001/checkpoint_055_snapshot.json,0.6464646464646465,0.0,0.0,0.0,0
scan_then_verify__T_long__r00__attempt_001,scan_then_verify,T_long,0,scan,56,0,0.11760748781237283,29.832314281,1185.0,119,228,0,/qiuyeqing/llama_prl/G-ARC/outputs/psvr_autonomous_research/stage_2_baselines/raw/scan_then_verify__T_long__replicate_00/attempt_001/checkpoint_056_snapshot.json,0.658008658008658,0.0,0.0,0.0,0
scan_then_verify__T_long__r00__attempt_001,scan_then_verify,T_long,0,scan,57,0,0.10983398250961307,30.396269169,1145.0,115,232,0,/qiuyeqing/llama_prl/G-ARC/outputs/psvr_autonomous_research/stage_2_baselines/raw/scan_then_verify__T_long__replicate_00/attempt_001/checkpoint_057_snapshot.json,0.6695526695526696,0.0,0.0,0.0,0
scan_then_verify__T_long__r00__attempt_001,scan_then_verify,T_long,0,scan,58,0,0.10232623807190493,30.925521761,1105.0,111,236,0,/qiuyeqing/llama_prl/G-ARC/outputs/psvr_autonomous_research/stage_2_baselines/raw/scan_then_verify__T_long__replicate_00/attempt_001/checkpoint_058_snapshot.json,0.6810966810966811,0.0,0.0,0.0,0
scan_then_verify__T_long__r00__attempt_001,scan_then_verify,T_long,0,scan,59,0,0.0950842544992484,31.453443992,1065.0,107,240,0,/qiuyeqing/llama_prl/G-ARC/outputs/psvr_autonomous_research/stage_2_baselines/raw/scan_then_verify__T_long__replicate_00/attempt_001/checkpoint_059_snapshot.json,0.6926406926406926,0.0,0.0,0.0,0
scan_then_verify__T_long__r00__attempt_001,scan_then_verify,T_long,0,scan,60,0,0.08810803179164348,31.985405987,1025.0,103,244,0,/qiuyeqing/llama_prl/G-ARC/outputs/psvr_autonomous_research/stage_2_baselines/raw/scan_then_verify__T_long__replicate_00/attempt_001/checkpoint_060_snapshot.json,0.7041847041847041,0.0,0.0,0.0,0
scan_then_verify__T_long__r00__attempt_001,scan_then_verify,T_long,0,scan,61,0,0.08139756994909018,32.54352438,985.0,99,248,0,/qiuyeqing/llama_prl/G-ARC/outputs/psvr_autonomous_research/stage_2_baselines/raw/scan_then_verify__T_long__replicate_00/attempt_001/checkpoint_061_snapshot.json,0.7157287157287158,0.0,0.0,0.0,0
scan_then_verify__T_long__r00__attempt_001,scan_then_verify,T_long,0,scan,62,0,0.0749528689715885,33.120086339,945.0,95,252,0,/qiuyeqing/llama_prl/G-ARC/outputs/psvr_autonomous_research/stage_2_baselines/raw/scan_then_verify__T_long__replicate_00/attempt_001/checkpoint_062_snapshot.json,0.7272727272727273,0.0,0.0,0.0,0
scan_then_verify__T_long__r00__attempt_001,scan_then_verify,T_long,0,scan,63,0,0.06877392885913844,33.64358431,905.0,91,256,0,/qiuyeqing/llama_prl/G-ARC/outputs/psvr_autonomous_research/stage_2_baselines/raw/scan_then_verify__T_long__replicate_00/attempt_001/checkpoint_063_snapshot.json,0.7388167388167388,0.0,0.0,0.0,0
scan_then_verify__T_long__r00__attempt_001,scan_then_verify,T_long,0,scan,64,0,0.06286074961173999,34.180842,865.0,87,260,0,/qiuyeqing/llama_prl/G-ARC/outputs/psvr_autonomous_research/stage_2_baselines/raw/scan_then_verify__T_long__replicate_00/attempt_001/checkpoint_064_snapshot.json,0.7503607503607503,0.0,0.0,0.0,0
scan_then_verify__T_long__r00__attempt_001,scan_then_verify,T_long,0,scan,65,0,0.05721333122939315,34.72299497,825.0,83,264,0,/qiuyeqing/llama_prl/G-ARC/outputs/psvr_autonomous_research/stage_2_baselines/raw/scan_then_verify__T_long__replicate_00/attempt_001/checkpoint_065_snapshot.json,0.7619047619047619,0.0,0.0,0.0,0
scan_then_verify__T_long__r00__attempt_001,scan_then_verify,T_long,0,scan,66,0,0.05183167371209793,35.27402823,785.0,79,268,0,/qiuyeqing/llama_prl/G-ARC/outputs/psvr_autonomous_research/stage_2_baselines/raw/scan_then_verify__T_long__replicate_00/attempt_001/checkpoint_066_snapshot.json,0.7734487734487735,0.0,0.0,0.0,0
scan_then_verify__T_long__r00__attempt_001,scan_then_verify,T_long,0,scan,67,0,0.04671577705985433,35.82146804,745.0,75,272,0,/qiuyeqing/llama_prl/G-ARC/outputs/psvr_autonomous_research/stage_2_baselines/raw/scan_then_verify__T_long__replicate_00/attempt_001/checkpoint_067_snapshot.json,0.784992784992785,0.0,0.0,0.0,0
scan_then_verify__T_long__r00__attempt_001,scan_then_verify,T_long,0,scan,68,0,0.04186564127266234,36.359529028,705.0,71,276,0,/qiuyeqing/llama_prl/G-ARC/outputs/psvr_autonomous_research/stage_2_baselines/raw/scan_then_verify__T_long__replicate_00/attempt_001/checkpoint_068_snapshot.json,0.7965367965367965,0.0,0.0,0.0,0
scan_then_verify__T_long__r00__attempt_001,scan_then_verify,T_long,0,scan,69,0,0.03728126635052197,36.918161401,665.0,67,280,0,/qiuyeqing/llama_prl/G-ARC/outputs/psvr_autonomous_research/stage_2_baselines/raw/scan_then_verify__T_long__replicate_00/attempt_001/checkpoint_069_snapshot.json,0.8080808080808081,0.0,0.0,0.0,0
scan_then_verify__T_long__r00__attempt_001,scan_then_verify,T_long,0,scan,70,0,0.03296265229343322,37.497153842,625.0,63,284,0,/qiuyeqing/llama_prl/G-ARC/outputs/psvr_autonomous_research/stage_2_baselines/raw/scan_then_verify__T_long__replicate_00/attempt_001/checkpoint_070_snapshot.json,0.8196248196248196,0.0,0.0,0.0,0
scan_then_verify__T_long__r00__attempt_001,scan_then_verify,T_long,0,scan,71,0,0.028909799101396075,38.068495085,585.0,59,288,0,/qiuyeqing/llama_prl/G-ARC/outputs/psvr_autonomous_research/stage_2_baselines/raw/scan_then_verify__T_long__replicate_00/attempt_001/checkpoint_071_snapshot.json,0.8311688311688312,0.0,0.0,0.0,0
scan_then_verify__T_long__r00__attempt_001,scan_then_verify,T_long,0,scan,72,0,0.02512270677441055,38.590828654,545.0,55,292,0,/qiuyeqing/llama_prl/G-ARC/outputs/psvr_autonomous_research/stage_2_baselines/raw/scan_then_verify__T_long__replicate_00/attempt_001/checkpoint_072_snapshot.json,0.8427128427128427,0.0,0.0,0.0,0
scan_then_verify__T_long__r00__attempt_001,scan_then_verify,T_long,0,scan,73,0,0.02160137531247664,39.133648928,505.0,51,296,0,/qiuyeqing/llama_prl/G-ARC/outputs/psvr_autonomous_research/stage_2_baselines/raw/scan_then_verify__T_long__replicate_00/attempt_001/checkpoint_073_snapshot.json,0.8542568542568543,0.0,0.0,0.0,0
scan_then_verify__T_long__r00__attempt_001,scan_then_verify,T_long,0,scan,74,0,0.018345804715594348,39.659571299,465.0,47,300,0,/qiuyeqing/llama_prl/G-ARC/outputs/psvr_autonomous_research/stage_2_baselines/raw/scan_then_verify__T_long__replicate_00/attempt_001/checkpoint_074_snapshot.json,0.8658008658008658,0.0,0.0,0.0,0
scan_then_verify__T_long__r00__attempt_001,scan_then_verify,T_long,0,scan,75,0,0.015355994983763673,40.170951401,425.0,43,304,0,/qiuyeqing/llama_prl/G-ARC/outputs/psvr_autonomous_research/stage_2_baselines/raw/scan_then_verify__T_long__replicate_00/attempt_001/checkpoint_075_snapshot.json,0.8773448773448773,0.0,0.0,0.0,0
scan_then_verify__T_long__r00__attempt_001,scan_then_verify,T_long,0,scan,76,0,0.012631946116984611,40.691003204,385.0,39,308,0,/qiuyeqing/llama_prl/G-ARC/outputs/psvr_autonomous_research/stage_2_baselines/raw/scan_then_verify__T_long__replicate_00/attempt_001/checkpoint_076_snapshot.json,0.8888888888888888,0.0,0.0,0.0,0
scan_then_verify__T_long__r00__attempt_001,scan_then_verify,T_long,0,scan,77,0,0.010173658115257165,41.193542157,345.0,35,312,0,/qiuyeqing/llama_prl/G-ARC/outputs/psvr_autonomous_research/stage_2_baselines/raw/scan_then_verify__T_long__replicate_00/attempt_001/checkpoint_077_snapshot.json,0.9004329004329005,0.0,0.0,0.0,0
scan_then_verify__T_long__r00__attempt_001,scan_then_verify,T_long,0,scan,78,0,0.007981130978581335,41.700878127,305.0,31,316,0,/qiuyeqing/llama_prl/G-ARC/outputs/psvr_autonomous_research/stage_2_baselines/raw/scan_then_verify__T_long__replicate_00/attempt_001/checkpoint_078_snapshot.json,0.911976911976912,0.0,0.0,0.0,0
scan_then_verify__T_long__r00__attempt_001,scan_then_verify,T_long,0,scan,79,0,0.006054364706957121,42.193277441,265.0,27,320,0,/qiuyeqing/llama_prl/G-ARC/outputs/psvr_autonomous_research/stage_2_baselines/raw/scan_then_verify__T_long__replicate_00/attempt_001/checkpoint_079_snapshot.json,0.9235209235209235,0.0,0.0,0.0,0
scan_then_verify__T_long__r00__attempt_001,scan_then_verify,T_long,0,scan,80,0,0.004393359300384523,42.697936038,225.0,23,324,0,/qiuyeqing/llama_prl/G-ARC/outputs/psvr_autonomous_research/stage_2_baselines/raw/scan_then_verify__T_long__replicate_00/attempt_001/checkpoint_080_snapshot.json,0.935064935064935,0.0,0.0,0.0,0
scan_then_verify__T_long__r00__attempt_001,scan_then_verify,T_long,0,scan,81,0,0.0029981147588635402,43.152200435,185.0,19,328,0,/qiuyeqing/llama_prl/G-ARC/outputs/psvr_autonomous_research/stage_2_baselines/raw/scan_then_verify__T_long__replicate_00/attempt_001/checkpoint_081_snapshot.json,0.9466089466089466,0.0,0.0,0.0,0
scan_then_verify__T_long__r00__attempt_001,scan_then_verify,T_long,0,scan,82,0,0.0018686310823941732,43.677800104,145.0,15,332,0,/qiuyeqing/llama_prl/G-ARC/outputs/psvr_autonomous_research/stage_2_baselines/raw/scan_then_verify__T_long__replicate_00/attempt_001/checkpoint_082_snapshot.json,0.9581529581529582,0.0,0.0,0.0,0
scan_then_verify__T_long__r00__attempt_001,scan_then_verify,T_long,0,scan,83,0,0.001004908270976422,44.189462963,105.0,11,336,0,/qiuyeqing/llama_prl/G-ARC/outputs/psvr_autonomous_research/stage_2_baselines/raw/scan_then_verify__T_long__replicate_00/attempt_001/checkpoint_083_snapshot.json,0.9696969696969697,0.0,0.0,0.0,0
scan_then_verify__T_long__r00__attempt_001,scan_then_verify,T_long,0,scan,84,0,0.0004069463246102866,44.730320146,65.0,7,340,0,/qiuyeqing/llama_prl/G-ARC/outputs/psvr_autonomous_research/stage_2_baselines/raw/scan_then_verify__T_long__replicate_00/attempt_001/checkpoint_084_snapshot.json,0.9812409812409812,0.0,0.0,0.0,0
scan_then_verify__T_long__r00__attempt_001,scan_then_verify,T_long,0,scan,85,0,7.474524329576693e-05,45.225391294,25.0,3,344,0,/qiuyeqing/llama_prl/G-ARC/outputs/psvr_autonomous_research/stage_2_baselines/raw/scan_then_verify__T_long__replicate_00/attempt_001/checkpoint_085_snapshot.json,0.9927849927849928,0.0,0.0,0.0,0
scan_then_verify__T_long__r00__attempt_001,scan_then_verify,T_long,0,scan,86,0,0.0,45.683151469,0.0,0,347,0,/qiuyeqing/llama_prl/G-ARC/outputs/psvr_autonomous_research/stage_2_baselines/raw/scan_then_verify__T_long__replicate_00/attempt_001/checkpoint_086_snapshot.json,1.0,0.0,0.0,0.0,0
scan_then_verify__T_long__r00__attempt_001,scan_then_verify,T_long,0,query,87,0,0.0,63.580632998,0.0,0,347,1,/qiuyeqing/llama_prl/G-ARC/outputs/psvr_autonomous_research/stage_2_baselines/raw/scan_then_verify__T_long__replicate_00/attempt_001/checkpoint_087_snapshot.json,1.0,0.0,0.0,0.0,0
scan_then_verify__T_long__r00__attempt_001,scan_then_verify,T_long,0,query,88,0,0.0,80.602823114,0.0,0,347,2,/qiuyeqing/llama_prl/G-ARC/outputs/psvr_autonomous_research/stage_2_baselines/raw/scan_then_verify__T_long__replicate_00/attempt_001/checkpoint_088_snapshot.json,1.0,0.0,0.0,0.0,0
scan_then_verify__T_long__r00__attempt_001,scan_then_verify,T_long,0,query,89,0,0.0,97.442539734,0.0,0,347,3,/qiuyeqing/llama_prl/G-ARC/outputs/psvr_autonomous_research/stage_2_baselines/raw/scan_then_verify__T_long__replicate_00/attempt_001/checkpoint_089_snapshot.json,1.0,0.0,0.0,0.0,0
scan_then_verify__T_long__r01__attempt_001,scan_then_verify,T_long,1,scan,0,0,0.9770781253892982,0.517147165,3425.0,343,4,0,/qiuyeqing/llama_prl/G-ARC/outputs/psvr_autonomous_research/stage_2_baselines/raw/scan_then_verify__T_long__replicate_01/attempt_001/checkpoint_000_snapshot.json,0.011544011544011544,0.0,0.0,0.0,0
scan_then_verify__T_long__r01__attempt_001,scan_then_verify,T_long,1,scan,1,0,0.9544220116436479,0.989407887,3385.0,339,8,0,/qiuyeqing/llama_prl/G-ARC/outputs/psvr_autonomous_research/stage_2_baselines/raw/scan_then_verify__T_long__replicate_01/attempt_001/checkpoint_001_snapshot.json,0.023088023088023088,0.0,0.0,0.0,0
scan_then_verify__T_long__r01__attempt_001,scan_then_verify,T_long,1,scan,2,0,0.9320316587630493,1.475350986,3345.0,335,12,0,/qiuyeqing/llama_prl/G-ARC/outputs/psvr_autonomous_research/stage_2_baselines/raw/scan_then_verify__T_long__replicate_01/attempt_001/checkpoint_002_snapshot.json,0.03463203463203463,0.0,0.0,0.0,0
scan_then_verify__T_long__r01__attempt_001,scan_then_verify,T_long,1,scan,3,0,0.9099070667475022,1.992799263,3305.0,331,16,0,/qiuyeqing/llama_prl/G-ARC/outputs/psvr_autonomous_research/stage_2_baselines/raw/scan_then_verify__T_long__replicate_01/attempt_001/checkpoint_003_snapshot.json,0.046176046176046176,0.0,0.0,0.0,0
scan_then_verify__T_long__r01__attempt_001,scan_then_verify,T_long,1,scan,4,0,0.8880482355970069,2.542532079,3265.0,327,20,0,/qiuyeqing/llama_prl/G-ARC/outputs/psvr_autonomous_research/stage_2_baselines/raw/scan_then_verify__T_long__replicate_01/attempt_001/checkpoint_004_snapshot.json,0.05772005772005772,0.0,0.0,0.0,0
scan_then_verify__T_long__r01__attempt_001,scan_then_verify,T_long,1,scan,5,0,0.8664551653115631,3.111131592,3225.0,323,24,0,/qiuyeqing/llama_prl/G-ARC/outputs/psvr_autonomous_research/stage_2_baselines/raw/scan_then_verify__T_long__replicate_01/attempt_001/checkpoint_005_snapshot.json,0.06926406926406926,0.0,0.0,0.0,0
scan_then_verify__T_long__r01__attempt_001,scan_then_verify,T_long,1,scan,6,0,0.8451278558911709,3.674439737,3185.0,319,28,0,/qiuyeqing/llama_prl/G-ARC/outputs/psvr_autonomous_research/stage_2_baselines/raw/scan_then_verify__T_long__replicate_01/attempt_001/checkpoint_006_snapshot.json,0.08080808080808081,0.0,0.0,0.0,0
scan_then_verify__T_long__r01__attempt_001,scan_then_verify,T_long,1,scan,7,0,0.8240663073358304,4.209898653,3145.0,315,32,0,/qiuyeqing/llama_prl/G-ARC/outputs/psvr_autonomous_research/stage_2_baselines/raw/scan_then_verify__T_long__replicate_01/attempt_001/checkpoint_007_snapshot.json,0.09235209235209235,0.0,0.0,0.0,0
scan_then_verify__T_long__r01__attempt_001,scan_then_verify,T_long,1,scan,8,0,0.8032705196455414,4.78221142,3105.0,311,36,0,/qiuyeqing/llama_prl/G-ARC/outputs/psvr_autonomous_research/stage_2_baselines/raw/scan_then_verify__T_long__replicate_01/attempt_001/checkpoint_008_snapshot.json,0.1038961038961039,0.0,0.0,0.0,0
scan_then_verify__T_long__r01__attempt_001,scan_then_verify,T_long,1,scan,9,0,0.7827404928203041,5.308608095,3065.0,307,40,0,/qiuyeqing/llama_prl/G-ARC/outputs/psvr_autonomous_research/stage_2_baselines/raw/scan_then_verify__T_long__replicate_01/attempt_001/checkpoint_009_snapshot.json,0.11544011544011544,0.0,0.0,0.0,0
scan_then_verify__T_long__r01__attempt_001,scan_then_verify,T_long,1,scan,10,0,0.7624762268601184,5.816617709,3025.0,303,44,0,/qiuyeqing/llama_prl/G-ARC/outputs/psvr_autonomous_research/stage_2_baselines/raw/scan_then_verify__T_long__replicate_01/attempt_001/checkpoint_010_snapshot.json,0.12698412698412698,0.0,0.0,0.0,0
scan_then_verify__T_long__r01__attempt_001,scan_then_verify,T_long,1,scan,11,0,0.7424777217649844,6.301728957,2985.0,299,48,0,/qiuyeqing/llama_prl/G-ARC/outputs/psvr_autonomous_research/stage_2_baselines/raw/scan_then_verify__T_long__replicate_01/attempt_001/checkpoint_011_snapshot.json,0.13852813852813853,0.0,0.0,0.0,0
scan_then_verify__T_long__r01__attempt_001,scan_then_verify,T_long,1,scan,12,0,0.7227449775349019,6.825823157,2945.0,295,52,0,/qiuyeqing/llama_prl/G-ARC/outputs/psvr_autonomous_research/stage_2_baselines/raw/scan_then_verify__T_long__replicate_01/attempt_001/checkpoint_012_snapshot.json,0.15007215007215008,0.0,0.0,0.0,0
scan_then_verify__T_long__r01__attempt_001,scan_then_verify,T_long,1,scan,13,0,0.703277994169871,7.395938026,2905.0,291,56,0,/qiuyeqing/llama_prl/G-ARC/outputs/psvr_autonomous_research/stage_2_baselines/raw/scan_then_verify__T_long__replicate_01/attempt_001/checkpoint_013_snapshot.json,0.16161616161616163,0.0,0.0,0.0,0
scan_then_verify__T_long__r01__attempt_001,scan_then_verify,T_long,1,scan,14,0,0.6840767716698918,7.975920338,2865.0,287,60,0,/qiuyeqing/llama_prl/G-ARC/outputs/psvr_autonomous_research/stage_2_baselines/raw/scan_then_verify__T_long__replicate_01/attempt_001/checkpoint_014_snapshot.json,0.17316017316017315,0.0,0.0,0.0,0
scan_then_verify__T_long__r01__attempt_001,scan_then_verify,T_long,1,scan,15,0,0.6651413100349641,8.555761667,2825.0,283,64,0,/qiuyeqing/llama_prl/G-ARC/outputs/psvr_autonomous_research/stage_2_baselines/raw/scan_then_verify__T_long__replicate_01/attempt_001/checkpoint_015_snapshot.json,0.1847041847041847,0.0,0.0,0.0,0
scan_then_verify__T_long__r01__attempt_001,scan_then_verify,T_long,1,scan,16,0,0.6464716092650882,9.117843163,2785.0,279,68,0,/qiuyeqing/llama_prl/G-ARC/outputs/psvr_autonomous_research/stage_2_baselines/raw/scan_then_verify__T_long__replicate_01/attempt_001/checkpoint_016_snapshot.json,0.19624819624819625,0.0,0.0,0.0,0
scan_then_verify__T_long__r01__attempt_001,scan_then_verify,T_long,1,scan,17,0,0.6280676693602638,9.665348195,2745.0,275,72,0,/qiuyeqing/llama_prl/G-ARC/outputs/psvr_autonomous_research/stage_2_baselines/raw/scan_then_verify__T_long__replicate_01/attempt_001/checkpoint_017_snapshot.json,0.2077922077922078,0.0,0.0,0.0,0
scan_then_verify__T_long__r01__attempt_001,scan_then_verify,T_long,1,scan,18,0,0.609929490320491,10.220314653,2705.0,271,76,0,/qiuyeqing/llama_prl/G-ARC/outputs/psvr_autonomous_research/stage_2_baselines/raw/scan_then_verify__T_long__replicate_01/attempt_001/checkpoint_018_snapshot.json,0.21933621933621933,0.0,0.0,0.0,0
scan_then_verify__T_long__r01__attempt_001,scan_then_verify,T_long,1,scan,19,0,0.5920570721457699,10.746811254,2665.0,267,80,0,/qiuyeqing/llama_prl/G-ARC/outputs/psvr_autonomous_research/stage_2_baselines/raw/scan_then_verify__T_long__replicate_01/attempt_001/checkpoint_019_snapshot.json,0.23088023088023088,0.0,0.0,0.0,0
scan_then_verify__T_long__r01__attempt_001,scan_then_verify,T_long,1,scan,20,0,0.5744504148361003,11.26909629,2625.0,263,84,0,/qiuyeqing/llama_prl/G-ARC/outputs/psvr_autonomous_research/stage_2_baselines/raw/scan_then_verify__T_long__replicate_01/attempt_001/checkpoint_020_snapshot.json,0.24242424242424243,0.0,0.0,0.0,0
scan_then_verify__T_long__r01__attempt_001,scan_then_verify,T_long,1,scan,21,0,0.5571095183914824,11.762908936,2585.0,259,88,0,/qiuyeqing/llama_prl/G-ARC/outputs/psvr_autonomous_research/stage_2_baselines/raw/scan_then_verify__T_long__replicate_01/attempt_001/checkpoint_021_snapshot.json,0.25396825396825395,0.0,0.0,0.0,0
scan_then_verify__T_long__r01__attempt_001,scan_then_verify,T_long,1,scan,22,0,0.5400343828119161,12.281555026,2545.0,255,92,0,/qiuyeqing/llama_prl/G-ARC/outputs/psvr_autonomous_research/stage_2_baselines/raw/scan_then_verify__T_long__replicate_01/attempt_001/checkpoint_022_snapshot.json,0.26551226551226553,0.0,0.0,0.0,0
scan_then_verify__T_long__r01__attempt_001,scan_then_verify,T_long,1,scan,23,0,0.5232250080974014,12.791912188,2505.0,251,96,0,/qiuyeqing/llama_prl/G-ARC/outputs/psvr_autonomous_research/stage_2_baselines/raw/scan_then_verify__T_long__replicate_01/attempt_001/checkpoint_023_snapshot.json,0.27705627705627706,0.0,0.0,0.0,0
scan_then_verify__T_long__r01__attempt_001,scan_then_verify,T_long,1,scan,24,0,0.5066813942479382,13.302857646,2465.0,247,100,0,/qiuyeqing/llama_prl/G-ARC/outputs/psvr_autonomous_research/stage_2_baselines/raw/scan_then_verify__T_long__replicate_01/attempt_001/checkpoint_024_snapshot.json,0.2886002886002886,0.0,0.0,0.0,0
scan_then_verify__T_long__r01__attempt_001,scan_then_verify,T_long,1,scan,25,0,0.4904035412635268,13.81720019,2425.0,243,104,0,/qiuyeqing/llama_prl/G-ARC/outputs/psvr_autonomous_research/stage_2_baselines/raw/scan_then_verify__T_long__replicate_01/attempt_001/checkpoint_025_snapshot.json,0.30014430014430016,0.0,0.0,0.0,0
scan_then_verify__T_long__r01__attempt_001,scan_then_verify,T_long,1,scan,26,0,0.474391449144167,14.320137043,2385.0,239,108,0,/qiuyeqing/llama_prl/G-ARC/outputs/psvr_autonomous_research/stage_2_baselines/raw/scan_then_verify__T_long__replicate_01/attempt_001/checkpoint_026_snapshot.json,0.3116883116883117,0.0,0.0,0.0,0
scan_then_verify__T_long__r01__attempt_001,scan_then_verify,T_long,1,scan,27,0,0.45864511788985873,14.784216868,2345.0,235,112,0,/qiuyeqing/llama_prl/G-ARC/outputs/psvr_autonomous_research/stage_2_baselines/raw/scan_then_verify__T_long__replicate_01/attempt_001/checkpoint_027_snapshot.json,0.32323232323232326,0.0,0.0,0.0,0
scan_then_verify__T_long__r01__attempt_001,scan_then_verify,T_long,1,scan,28,0,0.44316454750060214,15.288029584,2305.0,231,116,0,/qiuyeqing/llama_prl/G-ARC/outputs/psvr_autonomous_research/stage_2_baselines/raw/scan_then_verify__T_long__replicate_01/attempt_001/checkpoint_028_snapshot.json,0.3347763347763348,0.0,0.0,0.0,0
scan_then_verify__T_long__r01__attempt_001,scan_then_verify,T_long,1,scan,29,0,0.4279497379763971,15.765596752,2265.0,227,120,0,/qiuyeqing/llama_prl/G-ARC/outputs/psvr_autonomous_research/stage_2_baselines/raw/scan_then_verify__T_long__replicate_01/attempt_001/checkpoint_029_snapshot.json,0.3463203463203463,0.0,0.0,0.0,0
scan_then_verify__T_long__r01__attempt_001,scan_then_verify,T_long,1,scan,30,0,0.4130006893172437,16.330804559,2225.0,223,124,0,/qiuyeqing/llama_prl/G-ARC/outputs/psvr_autonomous_research/stage_2_baselines/raw/scan_then_verify__T_long__replicate_01/attempt_001/checkpoint_030_snapshot.json,0.3578643578643579,0.0,0.0,0.0,0
scan_then_verify__T_long__r01__attempt_001,scan_then_verify,T_long,1,scan,31,0,0.39831740152314193,16.900793483,2185.0,219,128,0,/qiuyeqing/llama_prl/G-ARC/outputs/psvr_autonomous_research/stage_2_baselines/raw/scan_then_verify__T_long__replicate_01/attempt_001/checkpoint_031_snapshot.json,0.3694083694083694,0.0,0.0,0.0,0
scan_then_verify__T_long__r01__attempt_001,scan_then_verify,T_long,1,scan,32,0,0.3838998745940918,17.420362695,2145.0,215,132,0,/qiuyeqing/llama_prl/G-ARC/outputs/psvr_autonomous_research/stage_2_baselines/raw/scan_then_verify__T_long__replicate_01/attempt_001/checkpoint_032_snapshot.json,0.38095238095238093,0.0,0.0,0.0,0
scan_then_verify__T_long__r01__attempt_001,scan_then_verify,T_long,1,scan,33,0,0.36974810853009327,17.975977672,2105.0,211,136,0,/qiuyeqing/llama_prl/G-ARC/outputs/psvr_autonomous_research/stage_2_baselines/raw/scan_then_verify__T_long__replicate_01/attempt_001/checkpoint_033_snapshot.json,0.3924963924963925,0.0,0.0,0.0,0
scan_then_verify__T_long__r01__attempt_001,scan_then_verify,T_long,1,scan,34,0,0.3558621033311463,18.570073285,2065.0,207,140,0,/qiuyeqing/llama_prl/G-ARC/outputs/psvr_autonomous_research/stage_2_baselines/raw/scan_then_verify__T_long__replicate_01/attempt_001/checkpoint_034_snapshot.json,0.40404040404040403,0.0,0.0,0.0,0
scan_then_verify__T_long__r01__attempt_001,scan_then_verify,T_long,1,scan,35,0,0.342241858997251,19.256414164,2025.0,203,144,0,/qiuyeqing/llama_prl/G-ARC/outputs/psvr_autonomous_research/stage_2_baselines/raw/scan_then_verify__T_long__replicate_01/attempt_001/checkpoint_035_snapshot.json,0.4155844155844156,0.0,0.0,0.0,0
scan_then_verify__T_long__r01__attempt_001,scan_then_verify,T_long,1,scan,36,0,0.32888737552840736,19.816383431,1985.0,199,148,0,/qiuyeqing/llama_prl/G-ARC/outputs/psvr_autonomous_research/stage_2_baselines/raw/scan_then_verify__T_long__replicate_01/attempt_001/checkpoint_036_snapshot.json,0.42712842712842713,0.0,0.0,0.0,0
scan_then_verify__T_long__r01__attempt_001,scan_then_verify,T_long,1,scan,37,0,0.3157986529246153,20.372725024,1945.0,195,152,0,/qiuyeqing/llama_prl/G-ARC/outputs/psvr_autonomous_research/stage_2_baselines/raw/scan_then_verify__T_long__replicate_01/attempt_001/checkpoint_037_snapshot.json,0.43867243867243866,0.0,0.0,0.0,0
scan_then_verify__T_long__r01__attempt_001,scan_then_verify,T_long,1,scan,38,0,0.3029756911858748,20.951457795,1905.0,191,156,0,/qiuyeqing/llama_prl/G-ARC/outputs/psvr_autonomous_research/stage_2_baselines/raw/scan_then_verify__T_long__replicate_01/attempt_001/checkpoint_038_snapshot.json,0.45021645021645024,0.0,0.0,0.0,0
scan_then_verify__T_long__r01__attempt_001,scan_then_verify,T_long,1,scan,39,0,0.290418490312186,21.489253909,1865.0,187,160,0,/qiuyeqing/llama_prl/G-ARC/outputs/psvr_autonomous_research/stage_2_baselines/raw/scan_then_verify__T_long__replicate_01/attempt_001/checkpoint_039_snapshot.json,0.46176046176046176,0.0,0.0,0.0,0
scan_then_verify__T_long__r01__attempt_001,scan_then_verify,T_long,1,scan,40,0,0.27812705030354873,22.009499472,1825.0,183,164,0,/qiuyeqing/llama_prl/G-ARC/outputs/psvr_autonomous_research/stage_2_baselines/raw/scan_then_verify__T_long__replicate_01/attempt_001/checkpoint_040_snapshot.json,0.4733044733044733,0.0,0.0,0.0,0
scan_then_verify__T_long__r01__attempt_001,scan_then_verify,T_long,1,scan,41,0,0.26610137115996313,22.585552446,1785.0,179,168,0,/qiuyeqing/llama_prl/G-ARC/outputs/psvr_autonomous_research/stage_2_baselines/raw/scan_then_verify__T_long__replicate_01/attempt_001/checkpoint_041_snapshot.json,0.48484848484848486,0.0,0.0,0.0,0
scan_then_verify__T_long__r01__attempt_001,scan_then_verify,T_long,1,scan,42,0,0.2543414528814291,23.181478974,1745.0,175,172,0,/qiuyeqing/llama_prl/G-ARC/outputs/psvr_autonomous_research/stage_2_baselines/raw/scan_then_verify__T_long__replicate_01/attempt_001/checkpoint_042_snapshot.json,0.4963924963924964,0.0,0.0,0.0,0
scan_then_verify__T_long__r01__attempt_001,scan_then_verify,T_long,1,scan,43,0,0.24284729546794676,23.738751552,1705.0,171,176,0,/qiuyeqing/llama_prl/G-ARC/outputs/psvr_autonomous_research/stage_2_baselines/raw/scan_then_verify__T_long__replicate_01/attempt_001/checkpoint_043_snapshot.json,0.5079365079365079,0.0,0.0,0.0,0
scan_then_verify__T_long__r01__attempt_001,scan_then_verify,T_long,1,scan,44,0,0.23161889891951598,24.329261407,1665.0,167,180,0,/qiuyeqing/llama_prl/G-ARC/outputs/psvr_autonomous_research/stage_2_baselines/raw/scan_then_verify__T_long__replicate_01/attempt_001/checkpoint_044_snapshot.json,0.5194805194805194,0.0,0.0,0.0,0
scan_then_verify__T_long__r01__attempt_001,scan_then_verify,T_long,1,scan,45,0,0.22065626323613682,24.862401128,1625.0,163,184,0,/qiuyeqing/llama_prl/G-ARC/outputs/psvr_autonomous_research/stage_2_baselines/raw/scan_then_verify__T_long__replicate_01/attempt_001/checkpoint_045_snapshot.json,0.5310245310245311,0.0,0.0,0.0,0
scan_then_verify__T_long__r01__attempt_001,scan_then_verify,T_long,1,scan,46,0,0.2099593884178093,25.343516524,1585.0,159,188,0,/qiuyeqing/llama_prl/G-ARC/outputs/psvr_autonomous_research/stage_2_baselines/raw/scan_then_verify__T_long__replicate_01/attempt_001/checkpoint_046_snapshot.json,0.5425685425685426,0.0,0.0,0.0,0
scan_then_verify__T_long__r01__attempt_001,scan_then_verify,T_long,1,scan,47,0,0.1995282744645334,25.892707399,1545.0,155,192,0,/qiuyeqing/llama_prl/G-ARC/outputs/psvr_autonomous_research/stage_2_baselines/raw/scan_then_verify__T_long__replicate_01/attempt_001/checkpoint_047_snapshot.json,0.5541125541125541,0.0,0.0,0.0,0
scan_then_verify__T_long__r01__attempt_001,scan_then_verify,T_long,1,scan,48,0,0.18936292137630908,26.381212226,1505.0,151,196,0,/qiuyeqing/llama_prl/G-ARC/outputs/psvr_autonomous_research/stage_2_baselines/raw/scan_then_verify__T_long__replicate_01/attempt_001/checkpoint_048_snapshot.json,0.5656565656565656,0.0,0.0,0.0,0
scan_then_verify__T_long__r01__attempt_001,scan_then_verify,T_long,1,scan,49,0,0.1794633291531364,26.921073122,1465.0,147,200,0,/qiuyeqing/llama_prl/G-ARC/outputs/psvr_autonomous_research/stage_2_baselines/raw/scan_then_verify__T_long__replicate_01/attempt_001/checkpoint_049_snapshot.json,0.5772005772005772,0.0,0.0,0.0,0
scan_then_verify__T_long__r01__attempt_001,scan_then_verify,T_long,1,scan,50,0,0.16982949779501533,27.556429966,1425.0,143,204,0,/qiuyeqing/llama_prl/G-ARC/outputs/psvr_autonomous_research/stage_2_baselines/raw/scan_then_verify__T_long__replicate_01/attempt_001/checkpoint_050_snapshot.json,0.5887445887445888,0.0,0.0,0.0,0
scan_then_verify__T_long__r01__attempt_001,scan_then_verify,T_long,1,scan,51,0,0.16046142730194587,28.12102983,1385.0,139,208,0,/qiuyeqing/llama_prl/G-ARC/outputs/psvr_autonomous_research/stage_2_baselines/raw/scan_then_verify__T_long__replicate_01/attempt_001/checkpoint_051_snapshot.json,0.6002886002886003,0.0,0.0,0.0,0
scan_then_verify__T_long__r01__attempt_001,scan_then_verify,T_long,1,scan,52,0,0.15135911767392804,28.63783134,1345.0,135,212,0,/qiuyeqing/llama_prl/G-ARC/outputs/psvr_autonomous_research/stage_2_baselines/raw/scan_then_verify__T_long__replicate_01/attempt_001/checkpoint_052_snapshot.json,0.6118326118326118,0.0,0.0,0.0,0
scan_then_verify__T_long__r01__attempt_001,scan_then_verify,T_long,1,scan,53,0,0.1425225689109618,29.351415227,1305.0,131,216,0,/qiuyeqing/llama_prl/G-ARC/outputs/psvr_autonomous_research/stage_2_baselines/raw/scan_then_verify__T_long__replicate_01/attempt_001/checkpoint_053_snapshot.json,0.6233766233766234,0.0,0.0,0.0,0
scan_then_verify__T_long__r01__attempt_001,scan_then_verify,T_long,1,scan,54,0,0.1339517810130472,29.92021314,1265.0,127,220,0,/qiuyeqing/llama_prl/G-ARC/outputs/psvr_autonomous_research/stage_2_baselines/raw/scan_then_verify__T_long__replicate_01/attempt_001/checkpoint_054_snapshot.json,0.6349206349206349,0.0,0.0,0.0,0
scan_then_verify__T_long__r01__attempt_001,scan_then_verify,T_long,1,scan,55,0,0.1256467539801842,30.453762986,1225.0,123,224,0,/qiuyeqing/llama_prl/G-ARC/outputs/psvr_autonomous_research/stage_2_baselines/raw/scan_then_verify__T_long__replicate_01/attempt_001/checkpoint_055_snapshot.json,0.6464646464646465,0.0,0.0,0.0,0
scan_then_verify__T_long__r01__attempt_001,scan_then_verify,T_long,1,scan,56,0,0.11760748781237283,30.991520989,1185.0,119,228,0,/qiuyeqing/llama_prl/G-ARC/outputs/psvr_autonomous_research/stage_2_baselines/raw/scan_then_verify__T_long__replicate_01/attempt_001/checkpoint_056_snapshot.json,0.658008658008658,0.0,0.0,0.0,0
scan_then_verify__T_long__r01__attempt_001,scan_then_verify,T_long,1,scan,57,0,0.10983398250961307,31.582497826,1145.0,115,232,0,/qiuyeqing/llama_prl/G-ARC/outputs/psvr_autonomous_research/stage_2_baselines/raw/scan_then_verify__T_long__replicate_01/attempt_001/checkpoint_057_snapshot.json,0.6695526695526696,0.0,0.0,0.0,0
scan_then_verify__T_long__r01__attempt_001,scan_then_verify,T_long,1,scan,58,0,0.10232623807190493,32.155109762,1105.0,111,236,0,/qiuyeqing/llama_prl/G-ARC/outputs/psvr_autonomous_research/stage_2_baselines/raw/scan_then_verify__T_long__replicate_01/attempt_001/checkpoint_058_snapshot.json,0.6810966810966811,0.0,0.0,0.0,0
scan_then_verify__T_long__r01__attempt_001,scan_then_verify,T_long,1,scan,59,0,0.0950842544992484,32.722568457,1065.0,107,240,0,/qiuyeqing/llama_prl/G-ARC/outputs/psvr_autonomous_research/stage_2_baselines/raw/scan_then_verify__T_long__replicate_01/attempt_001/checkpoint_059_snapshot.json,0.6926406926406926,0.0,0.0,0.0,0
scan_then_verify__T_long__r01__attempt_001,scan_then_verify,T_long,1,scan,60,0,0.08810803179164348,33.296555707,1025.0,103,244,0,/qiuyeqing/llama_prl/G-ARC/outputs/psvr_autonomous_research/stage_2_baselines/raw/scan_then_verify__T_long__replicate_01/attempt_001/checkpoint_060_snapshot.json,0.7041847041847041,0.0,0.0,0.0,0
scan_then_verify__T_long__r01__attempt_001,scan_then_verify,T_long,1,scan,61,0,0.08139756994909018,33.903177552,985.0,99,248,0,/qiuyeqing/llama_prl/G-ARC/outputs/psvr_autonomous_research/stage_2_baselines/raw/scan_then_verify__T_long__replicate_01/attempt_001/checkpoint_061_snapshot.json,0.7157287157287158,0.0,0.0,0.0,0
scan_then_verify__T_long__r01__attempt_001,scan_then_verify,T_long,1,scan,62,0,0.0749528689715885,34.478311141,945.0,95,252,0,/qiuyeqing/llama_prl/G-ARC/outputs/psvr_autonomous_research/stage_2_baselines/raw/scan_then_verify__T_long__replicate_01/attempt_001/checkpoint_062_snapshot.json,0.7272727272727273,0.0,0.0,0.0,0
scan_then_verify__T_long__r01__attempt_001,scan_then_verify,T_long,1,scan,63,0,0.06877392885913844,35.076902357,905.0,91,256,0,/qiuyeqing/llama_prl/G-ARC/outputs/psvr_autonomous_research/stage_2_baselines/raw/scan_then_verify__T_long__replicate_01/attempt_001/checkpoint_063_snapshot.json,0.7388167388167388,0.0,0.0,0.0,0
scan_then_verify__T_long__r01__attempt_001,scan_then_verify,T_long,1,scan,64,0,0.06286074961173999,35.659762306,865.0,87,260,0,/qiuyeqing/llama_prl/G-ARC/outputs/psvr_autonomous_research/stage_2_baselines/raw/scan_then_verify__T_long__replicate_01/attempt_001/checkpoint_064_snapshot.json,0.7503607503607503,0.0,0.0,0.0,0
scan_then_verify__T_long__r01__attempt_001,scan_then_verify,T_long,1,scan,65,0,0.05721333122939315,36.22663057,825.0,83,264,0,/qiuyeqing/llama_prl/G-ARC/outputs/psvr_autonomous_research/stage_2_baselines/raw/scan_then_verify__T_long__replicate_01/attempt_001/checkpoint_065_snapshot.json,0.7619047619047619,0.0,0.0,0.0,0
scan_then_verify__T_long__r01__attempt_001,scan_then_verify,T_long,1,scan,66,0,0.05183167371209793,36.820334963,785.0,79,268,0,/qiuyeqing/llama_prl/G-ARC/outputs/psvr_autonomous_research/stage_2_baselines/raw/scan_then_verify__T_long__replicate_01/attempt_001/checkpoint_066_snapshot.json,0.7734487734487735,0.0,0.0,0.0,0
scan_then_verify__T_long__r01__attempt_001,scan_then_verify,T_long,1,scan,67,0,0.04671577705985433,37.373584969,745.0,75,272,0,/qiuyeqing/llama_prl/G-ARC/outputs/psvr_autonomous_research/stage_2_baselines/raw/scan_then_verify__T_long__replicate_01/attempt_001/checkpoint_067_snapshot.json,0.784992784992785,0.0,0.0,0.0,0
scan_then_verify__T_long__r01__attempt_001,scan_then_verify,T_long,1,scan,68,0,0.04186564127266234,37.931292409,705.0,71,276,0,/qiuyeqing/llama_prl/G-ARC/outputs/psvr_autonomous_research/stage_2_baselines/raw/scan_then_verify__T_long__replicate_01/attempt_001/checkpoint_068_snapshot.json,0.7965367965367965,0.0,0.0,0.0,0
scan_then_verify__T_long__r01__attempt_001,scan_then_verify,T_long,1,scan,69,0,0.03728126635052197,38.581929811,665.0,67,280,0,/qiuyeqing/llama_prl/G-ARC/outputs/psvr_autonomous_research/stage_2_baselines/raw/scan_then_verify__T_long__replicate_01/attempt_001/checkpoint_069_snapshot.json,0.8080808080808081,0.0,0.0,0.0,0
scan_then_verify__T_long__r01__attempt_001,scan_then_verify,T_long,1,scan,70,0,0.03296265229343322,39.086099543,625.0,63,284,0,/qiuyeqing/llama_prl/G-ARC/outputs/psvr_autonomous_research/stage_2_baselines/raw/scan_then_verify__T_long__replicate_01/attempt_001/checkpoint_070_snapshot.json,0.8196248196248196,0.0,0.0,0.0,0
scan_then_verify__T_long__r01__attempt_001,scan_then_verify,T_long,1,scan,71,0,0.028909799101396075,39.636557392,585.0,59,288,0,/qiuyeqing/llama_prl/G-ARC/outputs/psvr_autonomous_research/stage_2_baselines/raw/scan_then_verify__T_long__replicate_01/attempt_001/checkpoint_071_snapshot.json,0.8311688311688312,0.0,0.0,0.0,0
scan_then_verify__T_long__r01__attempt_001,scan_then_verify,T_long,1,scan,72,0,0.02512270677441055,40.153366737,545.0,55,292,0,/qiuyeqing/llama_prl/G-ARC/outputs/psvr_autonomous_research/stage_2_baselines/raw/scan_then_verify__T_long__replicate_01/attempt_001/checkpoint_072_snapshot.json,0.8427128427128427,0.0,0.0,0.0,0
scan_then_verify__T_long__r01__attempt_001,scan_then_verify,T_long,1,scan,73,0,0.02160137531247664,40.735654013,505.0,51,296,0,/qiuyeqing/llama_prl/G-ARC/outputs/psvr_autonomous_research/stage_2_baselines/raw/scan_then_verify__T_long__replicate_01/attempt_001/checkpoint_073_snapshot.json,0.8542568542568543,0.0,0.0,0.0,0
scan_then_verify__T_long__r01__attempt_001,scan_then_verify,T_long,1,scan,74,0,0.018345804715594348,41.363418131,465.0,47,300,0,/qiuyeqing/llama_prl/G-ARC/outputs/psvr_autonomous_research/stage_2_baselines/raw/scan_then_verify__T_long__replicate_01/attempt_001/checkpoint_074_snapshot.json,0.8658008658008658,0.0,0.0,0.0,0
scan_then_verify__T_long__r01__attempt_001,scan_then_verify,T_long,1,scan,75,0,0.015355994983763673,41.878523729,425.0,43,304,0,/qiuyeqing/llama_prl/G-ARC/outputs/psvr_autonomous_research/stage_2_baselines/raw/scan_then_verify__T_long__replicate_01/attempt_001/checkpoint_075_snapshot.json,0.8773448773448773,0.0,0.0,0.0,0
scan_then_verify__T_long__r01__attempt_001,scan_then_verify,T_long,1,scan,76,0,0.012631946116984611,42.428046654,385.0,39,308,0,/qiuyeqing/llama_prl/G-ARC/outputs/psvr_autonomous_research/stage_2_baselines/raw/scan_then_verify__T_long__replicate_01/attempt_001/checkpoint_076_snapshot.json,0.8888888888888888,0.0,0.0,0.0,0
scan_then_verify__T_long__r01__attempt_001,scan_then_verify,T_long,1,scan,77,0,0.010173658115257165,42.985597174,345.0,35,312,0,/qiuyeqing/llama_prl/G-ARC/outputs/psvr_autonomous_research/stage_2_baselines/raw/scan_then_verify__T_long__replicate_01/attempt_001/checkpoint_077_snapshot.json,0.9004329004329005,0.0,0.0,0.0,0
scan_then_verify__T_long__r01__attempt_001,scan_then_verify,T_long,1,scan,78,0,0.007981130978581335,43.558371571,305.0,31,316,0,/qiuyeqing/llama_prl/G-ARC/outputs/psvr_autonomous_research/stage_2_baselines/raw/scan_then_verify__T_long__replicate_01/attempt_001/checkpoint_078_snapshot.json,0.911976911976912,0.0,0.0,0.0,0
scan_then_verify__T_long__r01__attempt_001,scan_then_verify,T_long,1,scan,79,0,0.006054364706957121,44.079227024,265.0,27,320,0,/qiuyeqing/llama_prl/G-ARC/outputs/psvr_autonomous_research/stage_2_baselines/raw/scan_then_verify__T_long__replicate_01/attempt_001/checkpoint_079_snapshot.json,0.9235209235209235,0.0,0.0,0.0,0
scan_then_verify__T_long__r01__attempt_001,scan_then_verify,T_long,1,scan,80,0,0.004393359300384523,44.64552533,225.0,23,324,0,/qiuyeqing/llama_prl/G-ARC/outputs/psvr_autonomous_research/stage_2_baselines/raw/scan_then_verify__T_long__replicate_01/attempt_001/checkpoint_080_snapshot.json,0.935064935064935,0.0,0.0,0.0,0
scan_then_verify__T_long__r01__attempt_001,scan_then_verify,T_long,1,scan,81,0,0.0029981147588635402,45.181632852,185.0,19,328,0,/qiuyeqing/llama_prl/G-ARC/outputs/psvr_autonomous_research/stage_2_baselines/raw/scan_then_verify__T_long__replicate_01/attempt_001/checkpoint_081_snapshot.json,0.9466089466089466,0.0,0.0,0.0,0
scan_then_verify__T_long__r01__attempt_001,scan_then_verify,T_long,1,scan,82,0,0.0018686310823941732,45.857018217,145.0,15,332,0,/qiuyeqing/llama_prl/G-ARC/outputs/psvr_autonomous_research/stage_2_baselines/raw/scan_then_verify__T_long__replicate_01/attempt_001/checkpoint_082_snapshot.json,0.9581529581529582,0.0,0.0,0.0,0
scan_then_verify__T_long__r01__attempt_001,scan_then_verify,T_long,1,scan,83,0,0.001004908270976422,46.486010466,105.0,11,336,0,/qiuyeqing/llama_prl/G-ARC/outputs/psvr_autonomous_research/stage_2_baselines/raw/scan_then_verify__T_long__replicate_01/attempt_001/checkpoint_083_snapshot.json,0.9696969696969697,0.0,0.0,0.0,0
scan_then_verify__T_long__r01__attempt_001,scan_then_verify,T_long,1,scan,84,0,0.0004069463246102866,47.043486306,65.0,7,340,0,/qiuyeqing/llama_prl/G-ARC/outputs/psvr_autonomous_research/stage_2_baselines/raw/scan_then_verify__T_long__replicate_01/attempt_001/checkpoint_084_snapshot.json,0.9812409812409812,0.0,0.0,0.0,0
scan_then_verify__T_long__r01__attempt_001,scan_then_verify,T_long,1,scan,85,0,7.474524329576693e-05,47.625131099,25.0,3,344,0,/qiuyeqing/llama_prl/G-ARC/outputs/psvr_autonomous_research/stage_2_baselines/raw/scan_then_verify__T_long__replicate_01/attempt_001/checkpoint_085_snapshot.json,0.9927849927849928,0.0,0.0,0.0,0
scan_then_verify__T_long__r01__attempt_001,scan_then_verify,T_long,1,scan,86,0,0.0,48.116152482,0.0,0,347,0,/qiuyeqing/llama_prl/G-ARC/outputs/psvr_autonomous_research/stage_2_baselines/raw/scan_then_verify__T_long__replicate_01/attempt_001/checkpoint_086_snapshot.json,1.0,0.0,0.0,0.0,0
scan_then_verify__T_long__r01__attempt_001,scan_then_verify,T_long,1,query,87,0,0.0,66.531883294,0.0,0,347,1,/qiuyeqing/llama_prl/G-ARC/outputs/psvr_autonomous_research/stage_2_baselines/raw/scan_then_verify__T_long__replicate_01/attempt_001/checkpoint_087_snapshot.json,1.0,0.0,0.0,0.0,0
scan_then_verify__T_long__r01__attempt_001,scan_then_verify,T_long,1,query,88,0,0.0,83.783665422,0.0,0,347,2,/qiuyeqing/llama_prl/G-ARC/outputs/psvr_autonomous_research/stage_2_baselines/raw/scan_then_verify__T_long__replicate_01/attempt_001/checkpoint_088_snapshot.json,1.0,0.0,0.0,0.0,0
scan_then_verify__T_long__r01__attempt_001,scan_then_verify,T_long,1,query,89,0,0.0,101.235986771,0.0,0,347,3,/qiuyeqing/llama_prl/G-ARC/outputs/psvr_autonomous_research/stage_2_baselines/raw/scan_then_verify__T_long__replicate_01/attempt_001/checkpoint_089_snapshot.json,1.0,0.0,0.0,0.0,0
scan_then_verify__T_long__r02__attempt_001,scan_then_verify,T_long,2,scan,0,0,0.9770781253892982,0.558401191,3425.0,343,4,0,/qiuyeqing/llama_prl/G-ARC/outputs/psvr_autonomous_research/stage_2_baselines/raw/scan_then_verify__T_long__replicate_02/attempt_001/checkpoint_000_snapshot.json,0.011544011544011544,0.0,0.0,0.0,0
scan_then_verify__T_long__r02__attempt_001,scan_then_verify,T_long,2,scan,1,0,0.9544220116436479,1.04728672,3385.0,339,8,0,/qiuyeqing/llama_prl/G-ARC/outputs/psvr_autonomous_research/stage_2_baselines/raw/scan_then_verify__T_long__replicate_02/attempt_001/checkpoint_001_snapshot.json,0.023088023088023088,0.0,0.0,0.0,0
scan_then_verify__T_long__r02__attempt_001,scan_then_verify,T_long,2,scan,2,0,0.9320316587630493,1.575267604,3345.0,335,12,0,/qiuyeqing/llama_prl/G-ARC/outputs/psvr_autonomous_research/stage_2_baselines/raw/scan_then_verify__T_long__replicate_02/attempt_001/checkpoint_002_snapshot.json,0.03463203463203463,0.0,0.0,0.0,0
scan_then_verify__T_long__r02__attempt_001,scan_then_verify,T_long,2,scan,3,0,0.9099070667475022,2.132441616,3305.0,331,16,0,/qiuyeqing/llama_prl/G-ARC/outputs/psvr_autonomous_research/stage_2_baselines/raw/scan_then_verify__T_long__replicate_02/attempt_001/checkpoint_003_snapshot.json,0.046176046176046176,0.0,0.0,0.0,0
scan_then_verify__T_long__r02__attempt_001,scan_then_verify,T_long,2,scan,4,0,0.8880482355970069,2.668800767,3265.0,327,20,0,/qiuyeqing/llama_prl/G-ARC/outputs/psvr_autonomous_research/stage_2_baselines/raw/scan_then_verify__T_long__replicate_02/attempt_001/checkpoint_004_snapshot.json,0.05772005772005772,0.0,0.0,0.0,0
scan_then_verify__T_long__r02__attempt_001,scan_then_verify,T_long,2,scan,5,0,0.8664551653115631,3.251300351,3225.0,323,24,0,/qiuyeqing/llama_prl/G-ARC/outputs/psvr_autonomous_research/stage_2_baselines/raw/scan_then_verify__T_long__replicate_02/attempt_001/checkpoint_005_snapshot.json,0.06926406926406926,0.0,0.0,0.0,0
scan_then_verify__T_long__r02__attempt_001,scan_then_verify,T_long,2,scan,6,0,0.8451278558911709,3.803317825,3185.0,319,28,0,/qiuyeqing/llama_prl/G-ARC/outputs/psvr_autonomous_research/stage_2_baselines/raw/scan_then_verify__T_long__replicate_02/attempt_001/checkpoint_006_snapshot.json,0.08080808080808081,0.0,0.0,0.0,0
scan_then_verify__T_long__r02__attempt_001,scan_then_verify,T_long,2,scan,7,0,0.8240663073358304,4.389841866,3145.0,315,32,0,/qiuyeqing/llama_prl/G-ARC/outputs/psvr_autonomous_research/stage_2_baselines/raw/scan_then_verify__T_long__replicate_02/attempt_001/checkpoint_007_snapshot.json,0.09235209235209235,0.0,0.0,0.0,0
scan_then_verify__T_long__r02__attempt_001,scan_then_verify,T_long,2,scan,8,0,0.8032705196455414,4.990975324,3105.0,311,36,0,/qiuyeqing/llama_prl/G-ARC/outputs/psvr_autonomous_research/stage_2_baselines/raw/scan_then_verify__T_long__replicate_02/attempt_001/checkpoint_008_snapshot.json,0.1038961038961039,0.0,0.0,0.0,0
scan_then_verify__T_long__r02__attempt_001,scan_then_verify,T_long,2,scan,9,0,0.7827404928203041,5.519063599,3065.0,307,40,0,/qiuyeqing/llama_prl/G-ARC/outputs/psvr_autonomous_research/stage_2_baselines/raw/scan_then_verify__T_long__replicate_02/attempt_001/checkpoint_009_snapshot.json,0.11544011544011544,0.0,0.0,0.0,0
scan_then_verify__T_long__r02__attempt_001,scan_then_verify,T_long,2,scan,10,0,0.7624762268601184,6.069521705,3025.0,303,44,0,/qiuyeqing/llama_prl/G-ARC/outputs/psvr_autonomous_research/stage_2_baselines/raw/scan_then_verify__T_long__replicate_02/attempt_001/checkpoint_010_snapshot.json,0.12698412698412698,0.0,0.0,0.0,0
scan_then_verify__T_long__r02__attempt_001,scan_then_verify,T_long,2,scan,11,0,0.7424777217649844,6.572421481,2985.0,299,48,0,/qiuyeqing/llama_prl/G-ARC/outputs/psvr_autonomous_research/stage_2_baselines/raw/scan_then_verify__T_long__replicate_02/attempt_001/checkpoint_011_snapshot.json,0.13852813852813853,0.0,0.0,0.0,0
scan_then_verify__T_long__r02__attempt_001,scan_then_verify,T_long,2,scan,12,0,0.7227449775349019,7.102609022,2945.0,295,52,0,/qiuyeqing/llama_prl/G-ARC/outputs/psvr_autonomous_research/stage_2_baselines/raw/scan_then_verify__T_long__replicate_02/attempt_001/checkpoint_012_snapshot.json,0.15007215007215008,0.0,0.0,0.0,0
scan_then_verify__T_long__r02__attempt_001,scan_then_verify,T_long,2,scan,13,0,0.703277994169871,7.627838715,2905.0,291,56,0,/qiuyeqing/llama_prl/G-ARC/outputs/psvr_autonomous_research/stage_2_baselines/raw/scan_then_verify__T_long__replicate_02/attempt_001/checkpoint_013_snapshot.json,0.16161616161616163,0.0,0.0,0.0,0
scan_then_verify__T_long__r02__attempt_001,scan_then_verify,T_long,2,scan,14,0,0.6840767716698918,8.183703114,2865.0,287,60,0,/qiuyeqing/llama_prl/G-ARC/outputs/psvr_autonomous_research/stage_2_baselines/raw/scan_then_verify__T_long__replicate_02/attempt_001/checkpoint_014_snapshot.json,0.17316017316017315,0.0,0.0,0.0,0
scan_then_verify__T_long__r02__attempt_001,scan_then_verify,T_long,2,scan,15,0,0.6651413100349641,8.717857022,2825.0,283,64,0,/qiuyeqing/llama_prl/G-ARC/outputs/psvr_autonomous_research/stage_2_baselines/raw/scan_then_verify__T_long__replicate_02/attempt_001/checkpoint_015_snapshot.json,0.1847041847041847,0.0,0.0,0.0,0
scan_then_verify__T_long__r02__attempt_001,scan_then_verify,T_long,2,scan,16,0,0.6464716092650882,9.241763026,2785.0,279,68,0,/qiuyeqing/llama_prl/G-ARC/outputs/psvr_autonomous_research/stage_2_baselines/raw/scan_then_verify__T_long__replicate_02/attempt_001/checkpoint_016_snapshot.json,0.19624819624819625,0.0,0.0,0.0,0
scan_then_verify__T_long__r02__attempt_001,scan_then_verify,T_long,2,scan,17,0,0.6280676693602638,9.814040407,2745.0,275,72,0,/qiuyeqing/llama_prl/G-ARC/outputs/psvr_autonomous_research/stage_2_baselines/raw/scan_then_verify__T_long__replicate_02/attempt_001/checkpoint_017_snapshot.json,0.2077922077922078,0.0,0.0,0.0,0
scan_then_verify__T_long__r02__attempt_001,scan_then_verify,T_long,2,scan,18,0,0.609929490320491,10.328155591,2705.0,271,76,0,/qiuyeqing/llama_prl/G-ARC/outputs/psvr_autonomous_research/stage_2_baselines/raw/scan_then_verify__T_long__replicate_02/attempt_001/checkpoint_018_snapshot.json,0.21933621933621933,0.0,0.0,0.0,0
scan_then_verify__T_long__r02__attempt_001,scan_then_verify,T_long,2,scan,19,0,0.5920570721457699,10.902584063,2665.0,267,80,0,/qiuyeqing/llama_prl/G-ARC/outputs/psvr_autonomous_research/stage_2_baselines/raw/scan_then_verify__T_long__replicate_02/attempt_001/checkpoint_019_snapshot.json,0.23088023088023088,0.0,0.0,0.0,0
scan_then_verify__T_long__r02__attempt_001,scan_then_verify,T_long,2,scan,20,0,0.5744504148361003,11.480829053,2625.0,263,84,0,/qiuyeqing/llama_prl/G-ARC/outputs/psvr_autonomous_research/stage_2_baselines/raw/scan_then_verify__T_long__replicate_02/attempt_001/checkpoint_020_snapshot.json,0.24242424242424243,0.0,0.0,0.0,0
scan_then_verify__T_long__r02__attempt_001,scan_then_verify,T_long,2,scan,21,0,0.5571095183914824,11.996748262,2585.0,259,88,0,/qiuyeqing/llama_prl/G-ARC/outputs/psvr_autonomous_research/stage_2_baselines/raw/scan_then_verify__T_long__replicate_02/attempt_001/checkpoint_021_snapshot.json,0.25396825396825395,0.0,0.0,0.0,0
scan_then_verify__T_long__r02__attempt_001,scan_then_verify,T_long,2,scan,22,0,0.5400343828119161,12.538225538,2545.0,255,92,0,/qiuyeqing/llama_prl/G-ARC/outputs/psvr_autonomous_research/stage_2_baselines/raw/scan_then_verify__T_long__replicate_02/attempt_001/checkpoint_022_snapshot.json,0.26551226551226553,0.0,0.0,0.0,0
scan_then_verify__T_long__r02__attempt_001,scan_then_verify,T_long,2,scan,23,0,0.5232250080974014,13.063589041,2505.0,251,96,0,/qiuyeqing/llama_prl/G-ARC/outputs/psvr_autonomous_research/stage_2_baselines/raw/scan_then_verify__T_long__replicate_02/attempt_001/checkpoint_023_snapshot.json,0.27705627705627706,0.0,0.0,0.0,0
scan_then_verify__T_long__r02__attempt_001,scan_then_verify,T_long,2,scan,24,0,0.5066813942479382,13.595378789,2465.0,247,100,0,/qiuyeqing/llama_prl/G-ARC/outputs/psvr_autonomous_research/stage_2_baselines/raw/scan_then_verify__T_long__replicate_02/attempt_001/checkpoint_024_snapshot.json,0.2886002886002886,0.0,0.0,0.0,0
scan_then_verify__T_long__r02__attempt_001,scan_then_verify,T_long,2,scan,25,0,0.4904035412635268,14.086153893,2425.0,243,104,0,/qiuyeqing/llama_prl/G-ARC/outputs/psvr_autonomous_research/stage_2_baselines/raw/scan_then_verify__T_long__replicate_02/attempt_001/checkpoint_025_snapshot.json,0.30014430014430016,0.0,0.0,0.0,0
scan_then_verify__T_long__r02__attempt_001,scan_then_verify,T_long,2,scan,26,0,0.474391449144167,14.634689914,2385.0,239,108,0,/qiuyeqing/llama_prl/G-ARC/outputs/psvr_autonomous_research/stage_2_baselines/raw/scan_then_verify__T_long__replicate_02/attempt_001/checkpoint_026_snapshot.json,0.3116883116883117,0.0,0.0,0.0,0
scan_then_verify__T_long__r02__attempt_001,scan_then_verify,T_long,2,scan,27,0,0.45864511788985873,15.11721964,2345.0,235,112,0,/qiuyeqing/llama_prl/G-ARC/outputs/psvr_autonomous_research/stage_2_baselines/raw/scan_then_verify__T_long__replicate_02/attempt_001/checkpoint_027_snapshot.json,0.32323232323232326,0.0,0.0,0.0,0
scan_then_verify__T_long__r02__attempt_001,scan_then_verify,T_long,2,scan,28,0,0.44316454750060214,15.710696127,2305.0,231,116,0,/qiuyeqing/llama_prl/G-ARC/outputs/psvr_autonomous_research/stage_2_baselines/raw/scan_then_verify__T_long__replicate_02/attempt_001/checkpoint_028_snapshot.json,0.3347763347763348,0.0,0.0,0.0,0
scan_then_verify__T_long__r02__attempt_001,scan_then_verify,T_long,2,scan,29,0,0.4279497379763971,16.187334486,2265.0,227,120,0,/qiuyeqing/llama_prl/G-ARC/outputs/psvr_autonomous_research/stage_2_baselines/raw/scan_then_verify__T_long__replicate_02/attempt_001/checkpoint_029_snapshot.json,0.3463203463203463,0.0,0.0,0.0,0
scan_then_verify__T_long__r02__attempt_001,scan_then_verify,T_long,2,scan,30,0,0.4130006893172437,16.698172568,2225.0,223,124,0,/qiuyeqing/llama_prl/G-ARC/outputs/psvr_autonomous_research/stage_2_baselines/raw/scan_then_verify__T_long__replicate_02/attempt_001/checkpoint_030_snapshot.json,0.3578643578643579,0.0,0.0,0.0,0
scan_then_verify__T_long__r02__attempt_001,scan_then_verify,T_long,2,scan,31,0,0.39831740152314193,17.232169692,2185.0,219,128,0,/qiuyeqing/llama_prl/G-ARC/outputs/psvr_autonomous_research/stage_2_baselines/raw/scan_then_verify__T_long__replicate_02/attempt_001/checkpoint_031_snapshot.json,0.3694083694083694,0.0,0.0,0.0,0
scan_then_verify__T_long__r02__attempt_001,scan_then_verify,T_long,2,scan,32,0,0.3838998745940918,17.762058866,2145.0,215,132,0,/qiuyeqing/llama_prl/G-ARC/outputs/psvr_autonomous_research/stage_2_baselines/raw/scan_then_verify__T_long__replicate_02/attempt_001/checkpoint_032_snapshot.json,0.38095238095238093,0.0,0.0,0.0,0
scan_then_verify__T_long__r02__attempt_001,scan_then_verify,T_long,2,scan,33,0,0.36974810853009327,18.361270982,2105.0,211,136,0,/qiuyeqing/llama_prl/G-ARC/outputs/psvr_autonomous_research/stage_2_baselines/raw/scan_then_verify__T_long__replicate_02/attempt_001/checkpoint_033_snapshot.json,0.3924963924963925,0.0,0.0,0.0,0
scan_then_verify__T_long__r02__attempt_001,scan_then_verify,T_long,2,scan,34,0,0.3558621033311463,18.940021785,2065.0,207,140,0,/qiuyeqing/llama_prl/G-ARC/outputs/psvr_autonomous_research/stage_2_baselines/raw/scan_then_verify__T_long__replicate_02/attempt_001/checkpoint_034_snapshot.json,0.40404040404040403,0.0,0.0,0.0,0
scan_then_verify__T_long__r02__attempt_001,scan_then_verify,T_long,2,scan,35,0,0.342241858997251,19.519702392,2025.0,203,144,0,/qiuyeqing/llama_prl/G-ARC/outputs/psvr_autonomous_research/stage_2_baselines/raw/scan_then_verify__T_long__replicate_02/attempt_001/checkpoint_035_snapshot.json,0.4155844155844156,0.0,0.0,0.0,0
scan_then_verify__T_long__r02__attempt_001,scan_then_verify,T_long,2,scan,36,0,0.32888737552840736,20.047507359,1985.0,199,148,0,/qiuyeqing/llama_prl/G-ARC/outputs/psvr_autonomous_research/stage_2_baselines/raw/scan_then_verify__T_long__replicate_02/attempt_001/checkpoint_036_snapshot.json,0.42712842712842713,0.0,0.0,0.0,0
scan_then_verify__T_long__r02__attempt_001,scan_then_verify,T_long,2,scan,37,0,0.3157986529246153,20.597355637,1945.0,195,152,0,/qiuyeqing/llama_prl/G-ARC/outputs/psvr_autonomous_research/stage_2_baselines/raw/scan_then_verify__T_long__replicate_02/attempt_001/checkpoint_037_snapshot.json,0.43867243867243866,0.0,0.0,0.0,0
scan_then_verify__T_long__r02__attempt_001,scan_then_verify,T_long,2,scan,38,0,0.3029756911858748,21.195294087,1905.0,191,156,0,/qiuyeqing/llama_prl/G-ARC/outputs/psvr_autonomous_research/stage_2_baselines/raw/scan_then_verify__T_long__replicate_02/attempt_001/checkpoint_038_snapshot.json,0.45021645021645024,0.0,0.0,0.0,0
scan_then_verify__T_long__r02__attempt_001,scan_then_verify,T_long,2,scan,39,0,0.290418490312186,21.811363362,1865.0,187,160,0,/qiuyeqing/llama_prl/G-ARC/outputs/psvr_autonomous_research/stage_2_baselines/raw/scan_then_verify__T_long__replicate_02/attempt_001/checkpoint_039_snapshot.json,0.46176046176046176,0.0,0.0,0.0,0
scan_then_verify__T_long__r02__attempt_001,scan_then_verify,T_long,2,scan,40,0,0.27812705030354873,22.338602733,1825.0,183,164,0,/qiuyeqing/llama_prl/G-ARC/outputs/psvr_autonomous_research/stage_2_baselines/raw/scan_then_verify__T_long__replicate_02/attempt_001/checkpoint_040_snapshot.json,0.4733044733044733,0.0,0.0,0.0,0
scan_then_verify__T_long__r02__attempt_001,scan_then_verify,T_long,2,scan,41,0,0.26610137115996313,22.974850953,1785.0,179,168,0,/qiuyeqing/llama_prl/G-ARC/outputs/psvr_autonomous_research/stage_2_baselines/raw/scan_then_verify__T_long__replicate_02/attempt_001/checkpoint_041_snapshot.json,0.48484848484848486,0.0,0.0,0.0,0
scan_then_verify__T_long__r02__attempt_001,scan_then_verify,T_long,2,scan,42,0,0.2543414528814291,23.566761299,1745.0,175,172,0,/qiuyeqing/llama_prl/G-ARC/outputs/psvr_autonomous_research/stage_2_baselines/raw/scan_then_verify__T_long__replicate_02/attempt_001/checkpoint_042_snapshot.json,0.4963924963924964,0.0,0.0,0.0,0
scan_then_verify__T_long__r02__attempt_001,scan_then_verify,T_long,2,scan,43,0,0.24284729546794676,24.102107389,1705.0,171,176,0,/qiuyeqing/llama_prl/G-ARC/outputs/psvr_autonomous_research/stage_2_baselines/raw/scan_then_verify__T_long__replicate_02/attempt_001/checkpoint_043_snapshot.json,0.5079365079365079,0.0,0.0,0.0,0
scan_then_verify__T_long__r02__attempt_001,scan_then_verify,T_long,2,scan,44,0,0.23161889891951598,24.717370491,1665.0,167,180,0,/qiuyeqing/llama_prl/G-ARC/outputs/psvr_autonomous_research/stage_2_baselines/raw/scan_then_verify__T_long__replicate_02/attempt_001/checkpoint_044_snapshot.json,0.5194805194805194,0.0,0.0,0.0,0
scan_then_verify__T_long__r02__attempt_001,scan_then_verify,T_long,2,scan,45,0,0.22065626323613682,25.319275197,1625.0,163,184,0,/qiuyeqing/llama_prl/G-ARC/outputs/psvr_autonomous_research/stage_2_baselines/raw/scan_then_verify__T_long__replicate_02/attempt_001/checkpoint_045_snapshot.json,0.5310245310245311,0.0,0.0,0.0,0
scan_then_verify__T_long__r02__attempt_001,scan_then_verify,T_long,2,scan,46,0,0.2099593884178093,25.842382581,1585.0,159,188,0,/qiuyeqing/llama_prl/G-ARC/outputs/psvr_autonomous_research/stage_2_baselines/raw/scan_then_verify__T_long__replicate_02/attempt_001/checkpoint_046_snapshot.json,0.5425685425685426,0.0,0.0,0.0,0
scan_then_verify__T_long__r02__attempt_001,scan_then_verify,T_long,2,scan,47,0,0.1995282744645334,26.383309961,1545.0,155,192,0,/qiuyeqing/llama_prl/G-ARC/outputs/psvr_autonomous_research/stage_2_baselines/raw/scan_then_verify__T_long__replicate_02/attempt_001/checkpoint_047_snapshot.json,0.5541125541125541,0.0,0.0,0.0,0
scan_then_verify__T_long__r02__attempt_001,scan_then_verify,T_long,2,scan,48,0,0.18936292137630908,26.888948555,1505.0,151,196,0,/qiuyeqing/llama_prl/G-ARC/outputs/psvr_autonomous_research/stage_2_baselines/raw/scan_then_verify__T_long__replicate_02/attempt_001/checkpoint_048_snapshot.json,0.5656565656565656,0.0,0.0,0.0,0
scan_then_verify__T_long__r02__attempt_001,scan_then_verify,T_long,2,scan,49,0,0.1794633291531364,27.44164281,1465.0,147,200,0,/qiuyeqing/llama_prl/G-ARC/outputs/psvr_autonomous_research/stage_2_baselines/raw/scan_then_verify__T_long__replicate_02/attempt_001/checkpoint_049_snapshot.json,0.5772005772005772,0.0,0.0,0.0,0
scan_then_verify__T_long__r02__attempt_001,scan_then_verify,T_long,2,scan,50,0,0.16982949779501533,28.150271595,1425.0,143,204,0,/qiuyeqing/llama_prl/G-ARC/outputs/psvr_autonomous_research/stage_2_baselines/raw/scan_then_verify__T_long__replicate_02/attempt_001/checkpoint_050_snapshot.json,0.5887445887445888,0.0,0.0,0.0,0
scan_then_verify__T_long__r02__attempt_001,scan_then_verify,T_long,2,scan,51,0,0.16046142730194587,28.712784223,1385.0,139,208,0,/qiuyeqing/llama_prl/G-ARC/outputs/psvr_autonomous_research/stage_2_baselines/raw/scan_then_verify__T_long__replicate_02/attempt_001/checkpoint_051_snapshot.json,0.6002886002886003,0.0,0.0,0.0,0
scan_then_verify__T_long__r02__attempt_001,scan_then_verify,T_long,2,scan,52,0,0.15135911767392804,29.249874877,1345.0,135,212,0,/qiuyeqing/llama_prl/G-ARC/outputs/psvr_autonomous_research/stage_2_baselines/raw/scan_then_verify__T_long__replicate_02/attempt_001/checkpoint_052_snapshot.json,0.6118326118326118,0.0,0.0,0.0,0
scan_then_verify__T_long__r02__attempt_001,scan_then_verify,T_long,2,scan,53,0,0.1425225689109618,29.881049785,1305.0,131,216,0,/qiuyeqing/llama_prl/G-ARC/outputs/psvr_autonomous_research/stage_2_baselines/raw/scan_then_verify__T_long__replicate_02/attempt_001/checkpoint_053_snapshot.json,0.6233766233766234,0.0,0.0,0.0,0
scan_then_verify__T_long__r02__attempt_001,scan_then_verify,T_long,2,scan,54,0,0.1339517810130472,30.450484513,1265.0,127,220,0,/qiuyeqing/llama_prl/G-ARC/outputs/psvr_autonomous_research/stage_2_baselines/raw/scan_then_verify__T_long__replicate_02/attempt_001/checkpoint_054_snapshot.json,0.6349206349206349,0.0,0.0,0.0,0
scan_then_verify__T_long__r02__attempt_001,scan_then_verify,T_long,2,scan,55,0,0.1256467539801842,30.977475099,1225.0,123,224,0,/qiuyeqing/llama_prl/G-ARC/outputs/psvr_autonomous_research/stage_2_baselines/raw/scan_then_verify__T_long__replicate_02/attempt_001/checkpoint_055_snapshot.json,0.6464646464646465,0.0,0.0,0.0,0
scan_then_verify__T_long__r02__attempt_001,scan_then_verify,T_long,2,scan,56,0,0.11760748781237283,31.534469355,1185.0,119,228,0,/qiuyeqing/llama_prl/G-ARC/outputs/psvr_autonomous_research/stage_2_baselines/raw/scan_then_verify__T_long__replicate_02/attempt_001/checkpoint_056_snapshot.json,0.658008658008658,0.0,0.0,0.0,0
scan_then_verify__T_long__r02__attempt_001,scan_then_verify,T_long,2,scan,57,0,0.10983398250961307,32.138152388,1145.0,115,232,0,/qiuyeqing/llama_prl/G-ARC/outputs/psvr_autonomous_research/stage_2_baselines/raw/scan_then_verify__T_long__replicate_02/attempt_001/checkpoint_057_snapshot.json,0.6695526695526696,0.0,0.0,0.0,0
scan_then_verify__T_long__r02__attempt_001,scan_then_verify,T_long,2,scan,58,0,0.10232623807190493,32.69063545,1105.0,111,236,0,/qiuyeqing/llama_prl/G-ARC/outputs/psvr_autonomous_research/stage_2_baselines/raw/scan_then_verify__T_long__replicate_02/attempt_001/checkpoint_058_snapshot.json,0.6810966810966811,0.0,0.0,0.0,0
scan_then_verify__T_long__r02__attempt_001,scan_then_verify,T_long,2,scan,59,0,0.0950842544992484,33.280544594,1065.0,107,240,0,/qiuyeqing/llama_prl/G-ARC/outputs/psvr_autonomous_research/stage_2_baselines/raw/scan_then_verify__T_long__replicate_02/attempt_001/checkpoint_059_snapshot.json,0.6926406926406926,0.0,0.0,0.0,0
scan_then_verify__T_long__r02__attempt_001,scan_then_verify,T_long,2,scan,60,0,0.08810803179164348,33.827988277,1025.0,103,244,0,/qiuyeqing/llama_prl/G-ARC/outputs/psvr_autonomous_research/stage_2_baselines/raw/scan_then_verify__T_long__replicate_02/attempt_001/checkpoint_060_snapshot.json,0.7041847041847041,0.0,0.0,0.0,0
scan_then_verify__T_long__r02__attempt_001,scan_then_verify,T_long,2,scan,61,0,0.08139756994909018,34.403463652,985.0,99,248,0,/qiuyeqing/llama_prl/G-ARC/outputs/psvr_autonomous_research/stage_2_baselines/raw/scan_then_verify__T_long__replicate_02/attempt_001/checkpoint_061_snapshot.json,0.7157287157287158,0.0,0.0,0.0,0
scan_then_verify__T_long__r02__attempt_001,scan_then_verify,T_long,2,scan,62,0,0.0749528689715885,35.014354208,945.0,95,252,0,/qiuyeqing/llama_prl/G-ARC/outputs/psvr_autonomous_research/stage_2_baselines/raw/scan_then_verify__T_long__replicate_02/attempt_001/checkpoint_062_snapshot.json,0.7272727272727273,0.0,0.0,0.0,0
scan_then_verify__T_long__r02__attempt_001,scan_then_verify,T_long,2,scan,63,0,0.06877392885913844,35.582361393,905.0,91,256,0,/qiuyeqing/llama_prl/G-ARC/outputs/psvr_autonomous_research/stage_2_baselines/raw/scan_then_verify__T_long__replicate_02/attempt_001/checkpoint_063_snapshot.json,0.7388167388167388,0.0,0.0,0.0,0
scan_then_verify__T_long__r02__attempt_001,scan_then_verify,T_long,2,scan,64,0,0.06286074961173999,36.12168945,865.0,87,260,0,/qiuyeqing/llama_prl/G-ARC/outputs/psvr_autonomous_research/stage_2_baselines/raw/scan_then_verify__T_long__replicate_02/attempt_001/checkpoint_064_snapshot.json,0.7503607503607503,0.0,0.0,0.0,0
scan_then_verify__T_long__r02__attempt_001,scan_then_verify,T_long,2,scan,65,0,0.05721333122939315,36.696324056,825.0,83,264,0,/qiuyeqing/llama_prl/G-ARC/outputs/psvr_autonomous_research/stage_2_baselines/raw/scan_then_verify__T_long__replicate_02/attempt_001/checkpoint_065_snapshot.json,0.7619047619047619,0.0,0.0,0.0,0
scan_then_verify__T_long__r02__attempt_001,scan_then_verify,T_long,2,scan,66,0,0.05183167371209793,37.312608382,785.0,79,268,0,/qiuyeqing/llama_prl/G-ARC/outputs/psvr_autonomous_research/stage_2_baselines/raw/scan_then_verify__T_long__replicate_02/attempt_001/checkpoint_066_snapshot.json,0.7734487734487735,0.0,0.0,0.0,0
scan_then_verify__T_long__r02__attempt_001,scan_then_verify,T_long,2,scan,67,0,0.04671577705985433,37.881759621,745.0,75,272,0,/qiuyeqing/llama_prl/G-ARC/outputs/psvr_autonomous_research/stage_2_baselines/raw/scan_then_verify__T_long__replicate_02/attempt_001/checkpoint_067_snapshot.json,0.784992784992785,0.0,0.0,0.0,0
scan_then_verify__T_long__r02__attempt_001,scan_then_verify,T_long,2,scan,68,0,0.04186564127266234,38.460211837,705.0,71,276,0,/qiuyeqing/llama_prl/G-ARC/outputs/psvr_autonomous_research/stage_2_baselines/raw/scan_then_verify__T_long__replicate_02/attempt_001/checkpoint_068_snapshot.json,0.7965367965367965,0.0,0.0,0.0,0
scan_then_verify__T_long__r02__attempt_001,scan_then_verify,T_long,2,scan,69,0,0.03728126635052197,39.079428072,665.0,67,280,0,/qiuyeqing/llama_prl/G-ARC/outputs/psvr_autonomous_research/stage_2_baselines/raw/scan_then_verify__T_long__replicate_02/attempt_001/checkpoint_069_snapshot.json,0.8080808080808081,0.0,0.0,0.0,0
scan_then_verify__T_long__r02__attempt_001,scan_then_verify,T_long,2,scan,70,0,0.03296265229343322,39.600178229,625.0,63,284,0,/qiuyeqing/llama_prl/G-ARC/outputs/psvr_autonomous_research/stage_2_baselines/raw/scan_then_verify__T_long__replicate_02/attempt_001/checkpoint_070_snapshot.json,0.8196248196248196,0.0,0.0,0.0,0
scan_then_verify__T_long__r02__attempt_001,scan_then_verify,T_long,2,scan,71,0,0.028909799101396075,40.181713165,585.0,59,288,0,/qiuyeqing/llama_prl/G-ARC/outputs/psvr_autonomous_research/stage_2_baselines/raw/scan_then_verify__T_long__replicate_02/attempt_001/checkpoint_071_snapshot.json,0.8311688311688312,0.0,0.0,0.0,0
scan_then_verify__T_long__r02__attempt_001,scan_then_verify,T_long,2,scan,72,0,0.02512270677441055,40.713989911,545.0,55,292,0,/qiuyeqing/llama_prl/G-ARC/outputs/psvr_autonomous_research/stage_2_baselines/raw/scan_then_verify__T_long__replicate_02/attempt_001/checkpoint_072_snapshot.json,0.8427128427128427,0.0,0.0,0.0,0
scan_then_verify__T_long__r02__attempt_001,scan_then_verify,T_long,2,scan,73,0,0.02160137531247664,41.271126441,505.0,51,296,0,/qiuyeqing/llama_prl/G-ARC/outputs/psvr_autonomous_research/stage_2_baselines/raw/scan_then_verify__T_long__replicate_02/attempt_001/checkpoint_073_snapshot.json,0.8542568542568543,0.0,0.0,0.0,0
scan_then_verify__T_long__r02__attempt_001,scan_then_verify,T_long,2,scan,74,0,0.018345804715594348,41.815905514,465.0,47,300,0,/qiuyeqing/llama_prl/G-ARC/outputs/psvr_autonomous_research/stage_2_baselines/raw/scan_then_verify__T_long__replicate_02/attempt_001/checkpoint_074_snapshot.json,0.8658008658008658,0.0,0.0,0.0,0
scan_then_verify__T_long__r02__attempt_001,scan_then_verify,T_long,2,scan,75,0,0.015355994983763673,42.391594798,425.0,43,304,0,/qiuyeqing/llama_prl/G-ARC/outputs/psvr_autonomous_research/stage_2_baselines/raw/scan_then_verify__T_long__replicate_02/attempt_001/checkpoint_075_snapshot.json,0.8773448773448773,0.0,0.0,0.0,0
scan_then_verify__T_long__r02__attempt_001,scan_then_verify,T_long,2,scan,76,0,0.012631946116984611,42.926933454,385.0,39,308,0,/qiuyeqing/llama_prl/G-ARC/outputs/psvr_autonomous_research/stage_2_baselines/raw/scan_then_verify__T_long__replicate_02/attempt_001/checkpoint_076_snapshot.json,0.8888888888888888,0.0,0.0,0.0,0
scan_then_verify__T_long__r02__attempt_001,scan_then_verify,T_long,2,scan,77,0,0.010173658115257165,43.450780908,345.0,35,312,0,/qiuyeqing/llama_prl/G-ARC/outputs/psvr_autonomous_research/stage_2_baselines/raw/scan_then_verify__T_long__replicate_02/attempt_001/checkpoint_077_snapshot.json,0.9004329004329005,0.0,0.0,0.0,0
scan_then_verify__T_long__r02__attempt_001,scan_then_verify,T_long,2,scan,78,0,0.007981130978581335,44.029063709,305.0,31,316,0,/qiuyeqing/llama_prl/G-ARC/outputs/psvr_autonomous_research/stage_2_baselines/raw/scan_then_verify__T_long__replicate_02/attempt_001/checkpoint_078_snapshot.json,0.911976911976912,0.0,0.0,0.0,0
scan_then_verify__T_long__r02__attempt_001,scan_then_verify,T_long,2,scan,79,0,0.006054364706957121,44.562089742,265.0,27,320,0,/qiuyeqing/llama_prl/G-ARC/outputs/psvr_autonomous_research/stage_2_baselines/raw/scan_then_verify__T_long__replicate_02/attempt_001/checkpoint_079_snapshot.json,0.9235209235209235,0.0,0.0,0.0,0
scan_then_verify__T_long__r02__attempt_001,scan_then_verify,T_long,2,scan,80,0,0.004393359300384523,45.117977854,225.0,23,324,0,/qiuyeqing/llama_prl/G-ARC/outputs/psvr_autonomous_research/stage_2_baselines/raw/scan_then_verify__T_long__replicate_02/attempt_001/checkpoint_080_snapshot.json,0.935064935064935,0.0,0.0,0.0,0
scan_then_verify__T_long__r02__attempt_001,scan_then_verify,T_long,2,scan,81,0,0.0029981147588635402,45.677391051,185.0,19,328,0,/qiuyeqing/llama_prl/G-ARC/outputs/psvr_autonomous_research/stage_2_baselines/raw/scan_then_verify__T_long__replicate_02/attempt_001/checkpoint_081_snapshot.json,0.9466089466089466,0.0,0.0,0.0,0
scan_then_verify__T_long__r02__attempt_001,scan_then_verify,T_long,2,scan,82,0,0.0018686310823941732,46.339203972,145.0,15,332,0,/qiuyeqing/llama_prl/G-ARC/outputs/psvr_autonomous_research/stage_2_baselines/raw/scan_then_verify__T_long__replicate_02/attempt_001/checkpoint_082_snapshot.json,0.9581529581529582,0.0,0.0,0.0,0
scan_then_verify__T_long__r02__attempt_001,scan_then_verify,T_long,2,scan,83,0,0.001004908270976422,46.889888469,105.0,11,336,0,/qiuyeqing/llama_prl/G-ARC/outputs/psvr_autonomous_research/stage_2_baselines/raw/scan_then_verify__T_long__replicate_02/attempt_001/checkpoint_083_snapshot.json,0.9696969696969697,0.0,0.0,0.0,0
scan_then_verify__T_long__r02__attempt_001,scan_then_verify,T_long,2,scan,84,0,0.0004069463246102866,47.459905352,65.0,7,340,0,/qiuyeqing/llama_prl/G-ARC/outputs/psvr_autonomous_research/stage_2_baselines/raw/scan_then_verify__T_long__replicate_02/attempt_001/checkpoint_084_snapshot.json,0.9812409812409812,0.0,0.0,0.0,0
scan_then_verify__T_long__r02__attempt_001,scan_then_verify,T_long,2,scan,85,0,7.474524329576693e-05,48.006139299,25.0,3,344,0,/qiuyeqing/llama_prl/G-ARC/outputs/psvr_autonomous_research/stage_2_baselines/raw/scan_then_verify__T_long__replicate_02/attempt_001/checkpoint_085_snapshot.json,0.9927849927849928,0.0,0.0,0.0,0
scan_then_verify__T_long__r02__attempt_001,scan_then_verify,T_long,2,scan,86,0,0.0,48.510115221,0.0,0,347,0,/qiuyeqing/llama_prl/G-ARC/outputs/psvr_autonomous_research/stage_2_baselines/raw/scan_then_verify__T_long__replicate_02/attempt_001/checkpoint_086_snapshot.json,1.0,0.0,0.0,0.0,0
scan_then_verify__T_long__r02__attempt_001,scan_then_verify,T_long,2,query,87,0,0.0,67.06697532,0.0,0,347,1,/qiuyeqing/llama_prl/G-ARC/outputs/psvr_autonomous_research/stage_2_baselines/raw/scan_then_verify__T_long__replicate_02/attempt_001/checkpoint_087_snapshot.json,1.0,0.0,0.0,0.0,0
scan_then_verify__T_long__r02__attempt_001,scan_then_verify,T_long,2,query,88,0,0.0,84.270727652,0.0,0,347,2,/qiuyeqing/llama_prl/G-ARC/outputs/psvr_autonomous_research/stage_2_baselines/raw/scan_then_verify__T_long__replicate_02/attempt_001/checkpoint_088_snapshot.json,1.0,0.0,0.0,0.0,0
scan_then_verify__T_long__r02__attempt_001,scan_then_verify,T_long,2,query,89,0,0.0,101.404622775,0.0,0,347,3,/qiuyeqing/llama_prl/G-ARC/outputs/psvr_autonomous_research/stage_2_baselines/raw/scan_then_verify__T_long__replicate_02/attempt_001/checkpoint_089_snapshot.json,1.0,0.0,0.0,0.0,0
scan_then_verify__T_mid__r00__attempt_001,scan_then_verify,T_mid,0,scan,0,0,0.9770781253892982,0.524346865,3425.0,343,4,0,/qiuyeqing/llama_prl/G-ARC/outputs/psvr_autonomous_research/stage_2_baselines/raw/scan_then_verify__T_mid__replicate_00/attempt_001/checkpoint_000_snapshot.json,0.011544011544011544,0.0,0.0,0.0,0
scan_then_verify__T_mid__r00__attempt_001,scan_then_verify,T_mid,0,scan,1,0,0.9544220116436479,1.007379627,3385.0,339,8,0,/qiuyeqing/llama_prl/G-ARC/outputs/psvr_autonomous_research/stage_2_baselines/raw/scan_then_verify__T_mid__replicate_00/attempt_001/checkpoint_001_snapshot.json,0.023088023088023088,0.0,0.0,0.0,0
scan_then_verify__T_mid__r00__attempt_001,scan_then_verify,T_mid,0,scan,2,0,0.9320316587630493,1.50208245,3345.0,335,12,0,/qiuyeqing/llama_prl/G-ARC/outputs/psvr_autonomous_research/stage_2_baselines/raw/scan_then_verify__T_mid__replicate_00/attempt_001/checkpoint_002_snapshot.json,0.03463203463203463,0.0,0.0,0.0,0
scan_then_verify__T_mid__r00__attempt_001,scan_then_verify,T_mid,0,scan,3,0,0.9099070667475022,2.075540976,3305.0,331,16,0,/qiuyeqing/llama_prl/G-ARC/outputs/psvr_autonomous_research/stage_2_baselines/raw/scan_then_verify__T_mid__replicate_00/attempt_001/checkpoint_003_snapshot.json,0.046176046176046176,0.0,0.0,0.0,0
scan_then_verify__T_mid__r00__attempt_001,scan_then_verify,T_mid,0,scan,4,0,0.8880482355970069,2.627538765,3265.0,327,20,0,/qiuyeqing/llama_prl/G-ARC/outputs/psvr_autonomous_research/stage_2_baselines/raw/scan_then_verify__T_mid__replicate_00/attempt_001/checkpoint_004_snapshot.json,0.05772005772005772,0.0,0.0,0.0,0
scan_then_verify__T_mid__r00__attempt_001,scan_then_verify,T_mid,0,scan,5,0,0.8664551653115631,3.184387704,3225.0,323,24,0,/qiuyeqing/llama_prl/G-ARC/outputs/psvr_autonomous_research/stage_2_baselines/raw/scan_then_verify__T_mid__replicate_00/attempt_001/checkpoint_005_snapshot.json,0.06926406926406926,0.0,0.0,0.0,0
scan_then_verify__T_mid__r00__attempt_001,scan_then_verify,T_mid,0,scan,6,0,0.8451278558911709,3.749639861,3185.0,319,28,0,/qiuyeqing/llama_prl/G-ARC/outputs/psvr_autonomous_research/stage_2_baselines/raw/scan_then_verify__T_mid__replicate_00/attempt_001/checkpoint_006_snapshot.json,0.08080808080808081,0.0,0.0,0.0,0
scan_then_verify__T_mid__r00__attempt_001,scan_then_verify,T_mid,0,scan,7,0,0.8240663073358304,4.270560078,3145.0,315,32,0,/qiuyeqing/llama_prl/G-ARC/outputs/psvr_autonomous_research/stage_2_baselines/raw/scan_then_verify__T_mid__replicate_00/attempt_001/checkpoint_007_snapshot.json,0.09235209235209235,0.0,0.0,0.0,0
scan_then_verify__T_mid__r00__attempt_001,scan_then_verify,T_mid,0,scan,8,0,0.8032705196455414,4.830222954,3105.0,311,36,0,/qiuyeqing/llama_prl/G-ARC/outputs/psvr_autonomous_research/stage_2_baselines/raw/scan_then_verify__T_mid__replicate_00/attempt_001/checkpoint_008_snapshot.json,0.1038961038961039,0.0,0.0,0.0,0
scan_then_verify__T_mid__r00__attempt_001,scan_then_verify,T_mid,0,scan,9,0,0.7827404928203041,5.331970807,3065.0,307,40,0,/qiuyeqing/llama_prl/G-ARC/outputs/psvr_autonomous_research/stage_2_baselines/raw/scan_then_verify__T_mid__replicate_00/attempt_001/checkpoint_009_snapshot.json,0.11544011544011544,0.0,0.0,0.0,0
scan_then_verify__T_mid__r00__attempt_001,scan_then_verify,T_mid,0,scan,10,0,0.7624762268601184,5.831458138,3025.0,303,44,0,/qiuyeqing/llama_prl/G-ARC/outputs/psvr_autonomous_research/stage_2_baselines/raw/scan_then_verify__T_mid__replicate_00/attempt_001/checkpoint_010_snapshot.json,0.12698412698412698,0.0,0.0,0.0,0
scan_then_verify__T_mid__r00__attempt_001,scan_then_verify,T_mid,0,scan,11,0,0.7424777217649844,6.296510109,2985.0,299,48,0,/qiuyeqing/llama_prl/G-ARC/outputs/psvr_autonomous_research/stage_2_baselines/raw/scan_then_verify__T_mid__replicate_00/attempt_001/checkpoint_011_snapshot.json,0.13852813852813853,0.0,0.0,0.0,0
scan_then_verify__T_mid__r00__attempt_001,scan_then_verify,T_mid,0,scan,12,0,0.7227449775349019,6.788418858,2945.0,295,52,0,/qiuyeqing/llama_prl/G-ARC/outputs/psvr_autonomous_research/stage_2_baselines/raw/scan_then_verify__T_mid__replicate_00/attempt_001/checkpoint_012_snapshot.json,0.15007215007215008,0.0,0.0,0.0,0
scan_then_verify__T_mid__r00__attempt_001,scan_then_verify,T_mid,0,scan,13,0,0.703277994169871,7.340603348,2905.0,291,56,0,/qiuyeqing/llama_prl/G-ARC/outputs/psvr_autonomous_research/stage_2_baselines/raw/scan_then_verify__T_mid__replicate_00/attempt_001/checkpoint_013_snapshot.json,0.16161616161616163,0.0,0.0,0.0,0
scan_then_verify__T_mid__r00__attempt_001,scan_then_verify,T_mid,0,scan,14,0,0.6840767716698918,7.92278108,2865.0,287,60,0,/qiuyeqing/llama_prl/G-ARC/outputs/psvr_autonomous_research/stage_2_baselines/raw/scan_then_verify__T_mid__replicate_00/attempt_001/checkpoint_014_snapshot.json,0.17316017316017315,0.0,0.0,0.0,0
scan_then_verify__T_mid__r00__attempt_001,scan_then_verify,T_mid,0,scan,15,0,0.6651413100349641,8.486618135,2825.0,283,64,0,/qiuyeqing/llama_prl/G-ARC/outputs/psvr_autonomous_research/stage_2_baselines/raw/scan_then_verify__T_mid__replicate_00/attempt_001/checkpoint_015_snapshot.json,0.1847041847041847,0.0,0.0,0.0,0
scan_then_verify__T_mid__r00__attempt_001,scan_then_verify,T_mid,0,scan,16,0,0.6464716092650882,9.045525053,2785.0,279,68,0,/qiuyeqing/llama_prl/G-ARC/outputs/psvr_autonomous_research/stage_2_baselines/raw/scan_then_verify__T_mid__replicate_00/attempt_001/checkpoint_016_snapshot.json,0.19624819624819625,0.0,0.0,0.0,0
scan_then_verify__T_mid__r00__attempt_001,scan_then_verify,T_mid,0,scan,17,0,0.6280676693602638,9.619369336,2745.0,275,72,0,/qiuyeqing/llama_prl/G-ARC/outputs/psvr_autonomous_research/stage_2_baselines/raw/scan_then_verify__T_mid__replicate_00/attempt_001/checkpoint_017_snapshot.json,0.2077922077922078,0.0,0.0,0.0,0
scan_then_verify__T_mid__r00__attempt_001,scan_then_verify,T_mid,0,scan,18,0,0.609929490320491,10.162243247,2705.0,271,76,0,/qiuyeqing/llama_prl/G-ARC/outputs/psvr_autonomous_research/stage_2_baselines/raw/scan_then_verify__T_mid__replicate_00/attempt_001/checkpoint_018_snapshot.json,0.21933621933621933,0.0,0.0,0.0,0
scan_then_verify__T_mid__r00__attempt_001,scan_then_verify,T_mid,0,scan,19,0,0.5920570721457699,10.710181324,2665.0,267,80,0,/qiuyeqing/llama_prl/G-ARC/outputs/psvr_autonomous_research/stage_2_baselines/raw/scan_then_verify__T_mid__replicate_00/attempt_001/checkpoint_019_snapshot.json,0.23088023088023088,0.0,0.0,0.0,0
scan_then_verify__T_mid__r00__attempt_001,scan_then_verify,T_mid,0,scan,20,0,0.5744504148361003,11.238103332,2625.0,263,84,0,/qiuyeqing/llama_prl/G-ARC/outputs/psvr_autonomous_research/stage_2_baselines/raw/scan_then_verify__T_mid__replicate_00/attempt_001/checkpoint_020_snapshot.json,0.24242424242424243,0.0,0.0,0.0,0
scan_then_verify__T_mid__r00__attempt_001,scan_then_verify,T_mid,0,scan,21,0,0.5571095183914824,11.757940754,2585.0,259,88,0,/qiuyeqing/llama_prl/G-ARC/outputs/psvr_autonomous_research/stage_2_baselines/raw/scan_then_verify__T_mid__replicate_00/attempt_001/checkpoint_021_snapshot.json,0.25396825396825395,0.0,0.0,0.0,0
scan_then_verify__T_mid__r00__attempt_001,scan_then_verify,T_mid,0,scan,22,0,0.5400343828119161,12.30201945,2545.0,255,92,0,/qiuyeqing/llama_prl/G-ARC/outputs/psvr_autonomous_research/stage_2_baselines/raw/scan_then_verify__T_mid__replicate_00/attempt_001/checkpoint_022_snapshot.json,0.26551226551226553,0.0,0.0,0.0,0
scan_then_verify__T_mid__r00__attempt_001,scan_then_verify,T_mid,0,scan,23,0,0.5232250080974014,12.832282761,2505.0,251,96,0,/qiuyeqing/llama_prl/G-ARC/outputs/psvr_autonomous_research/stage_2_baselines/raw/scan_then_verify__T_mid__replicate_00/attempt_001/checkpoint_023_snapshot.json,0.27705627705627706,0.0,0.0,0.0,0
scan_then_verify__T_mid__r00__attempt_001,scan_then_verify,T_mid,0,scan,24,0,0.5066813942479382,13.361128801,2465.0,247,100,0,/qiuyeqing/llama_prl/G-ARC/outputs/psvr_autonomous_research/stage_2_baselines/raw/scan_then_verify__T_mid__replicate_00/attempt_001/checkpoint_024_snapshot.json,0.2886002886002886,0.0,0.0,0.0,0
scan_then_verify__T_mid__r00__attempt_001,scan_then_verify,T_mid,0,scan,25,0,0.4904035412635268,13.858423376,2425.0,243,104,0,/qiuyeqing/llama_prl/G-ARC/outputs/psvr_autonomous_research/stage_2_baselines/raw/scan_then_verify__T_mid__replicate_00/attempt_001/checkpoint_025_snapshot.json,0.30014430014430016,0.0,0.0,0.0,0
scan_then_verify__T_mid__r00__attempt_001,scan_then_verify,T_mid,0,scan,26,0,0.474391449144167,14.366120445,2385.0,239,108,0,/qiuyeqing/llama_prl/G-ARC/outputs/psvr_autonomous_research/stage_2_baselines/raw/scan_then_verify__T_mid__replicate_00/attempt_001/checkpoint_026_snapshot.json,0.3116883116883117,0.0,0.0,0.0,0
scan_then_verify__T_mid__r00__attempt_001,scan_then_verify,T_mid,0,scan,27,0,0.45864511788985873,14.836263694,2345.0,235,112,0,/qiuyeqing/llama_prl/G-ARC/outputs/psvr_autonomous_research/stage_2_baselines/raw/scan_then_verify__T_mid__replicate_00/attempt_001/checkpoint_027_snapshot.json,0.32323232323232326,0.0,0.0,0.0,0
scan_then_verify__T_mid__r00__attempt_001,scan_then_verify,T_mid,0,scan,28,0,0.44316454750060214,15.344804085,2305.0,231,116,0,/qiuyeqing/llama_prl/G-ARC/outputs/psvr_autonomous_research/stage_2_baselines/raw/scan_then_verify__T_mid__replicate_00/attempt_001/checkpoint_028_snapshot.json,0.3347763347763348,0.0,0.0,0.0,0
scan_then_verify__T_mid__r00__attempt_001,scan_then_verify,T_mid,0,scan,29,0,0.4279497379763971,15.791299126,2265.0,227,120,0,/qiuyeqing/llama_prl/G-ARC/outputs/psvr_autonomous_research/stage_2_baselines/raw/scan_then_verify__T_mid__replicate_00/attempt_001/checkpoint_029_snapshot.json,0.3463203463203463,0.0,0.0,0.0,0
scan_then_verify__T_mid__r00__attempt_001,scan_then_verify,T_mid,0,scan,30,0,0.4130006893172437,16.289545064,2225.0,223,124,0,/qiuyeqing/llama_prl/G-ARC/outputs/psvr_autonomous_research/stage_2_baselines/raw/scan_then_verify__T_mid__replicate_00/attempt_001/checkpoint_030_snapshot.json,0.3578643578643579,0.0,0.0,0.0,0
scan_then_verify__T_mid__r00__attempt_001,scan_then_verify,T_mid,0,scan,31,0,0.39831740152314193,16.825685828,2185.0,219,128,0,/qiuyeqing/llama_prl/G-ARC/outputs/psvr_autonomous_research/stage_2_baselines/raw/scan_then_verify__T_mid__replicate_00/attempt_001/checkpoint_031_snapshot.json,0.3694083694083694,0.0,0.0,0.0,0
scan_then_verify__T_mid__r00__attempt_001,scan_then_verify,T_mid,0,scan,32,0,0.3838998745940918,17.349340073,2145.0,215,132,0,/qiuyeqing/llama_prl/G-ARC/outputs/psvr_autonomous_research/stage_2_baselines/raw/scan_then_verify__T_mid__replicate_00/attempt_001/checkpoint_032_snapshot.json,0.38095238095238093,0.0,0.0,0.0,0
scan_then_verify__T_mid__r00__attempt_001,scan_then_verify,T_mid,0,scan,33,0,0.36974810853009327,17.908007614,2105.0,211,136,0,/qiuyeqing/llama_prl/G-ARC/outputs/psvr_autonomous_research/stage_2_baselines/raw/scan_then_verify__T_mid__replicate_00/attempt_001/checkpoint_033_snapshot.json,0.3924963924963925,0.0,0.0,0.0,0
scan_then_verify__T_mid__r00__attempt_001,scan_then_verify,T_mid,0,scan,34,0,0.3558621033311463,18.48342058,2065.0,207,140,0,/qiuyeqing/llama_prl/G-ARC/outputs/psvr_autonomous_research/stage_2_baselines/raw/scan_then_verify__T_mid__replicate_00/attempt_001/checkpoint_034_snapshot.json,0.40404040404040403,0.0,0.0,0.0,0
scan_then_verify__T_mid__r00__attempt_001,scan_then_verify,T_mid,0,scan,35,0,0.342241858997251,19.088631474,2025.0,203,144,0,/qiuyeqing/llama_prl/G-ARC/outputs/psvr_autonomous_research/stage_2_baselines/raw/scan_then_verify__T_mid__replicate_00/attempt_001/checkpoint_035_snapshot.json,0.4155844155844156,0.0,0.0,0.0,0
scan_then_verify__T_mid__r00__attempt_001,scan_then_verify,T_mid,0,scan,36,0,0.32888737552840736,19.628812086,1985.0,199,148,0,/qiuyeqing/llama_prl/G-ARC/outputs/psvr_autonomous_research/stage_2_baselines/raw/scan_then_verify__T_mid__replicate_00/attempt_001/checkpoint_036_snapshot.json,0.42712842712842713,0.0,0.0,0.0,0
scan_then_verify__T_mid__r00__attempt_001,scan_then_verify,T_mid,0,scan,37,0,0.3157986529246153,20.177413906,1945.0,195,152,0,/qiuyeqing/llama_prl/G-ARC/outputs/psvr_autonomous_research/stage_2_baselines/raw/scan_then_verify__T_mid__replicate_00/attempt_001/checkpoint_037_snapshot.json,0.43867243867243866,0.0,0.0,0.0,0
scan_then_verify__T_mid__r00__attempt_001,scan_then_verify,T_mid,0,scan,38,0,0.3029756911858748,20.736406199,1905.0,191,156,0,/qiuyeqing/llama_prl/G-ARC/outputs/psvr_autonomous_research/stage_2_baselines/raw/scan_then_verify__T_mid__replicate_00/attempt_001/checkpoint_038_snapshot.json,0.45021645021645024,0.0,0.0,0.0,0
scan_then_verify__T_mid__r00__attempt_001,scan_then_verify,T_mid,0,scan,39,0,0.290418490312186,21.291271092,1865.0,187,160,0,/qiuyeqing/llama_prl/G-ARC/outputs/psvr_autonomous_research/stage_2_baselines/raw/scan_then_verify__T_mid__replicate_00/attempt_001/checkpoint_039_snapshot.json,0.46176046176046176,0.0,0.0,0.0,0
scan_then_verify__T_mid__r00__attempt_001,scan_then_verify,T_mid,0,scan,40,0,0.27812705030354873,21.80098946,1825.0,183,164,0,/qiuyeqing/llama_prl/G-ARC/outputs/psvr_autonomous_research/stage_2_baselines/raw/scan_then_verify__T_mid__replicate_00/attempt_001/checkpoint_040_snapshot.json,0.4733044733044733,0.0,0.0,0.0,0
scan_then_verify__T_mid__r00__attempt_001,scan_then_verify,T_mid,0,scan,41,0,0.26610137115996313,22.344739289,1785.0,179,168,0,/qiuyeqing/llama_prl/G-ARC/outputs/psvr_autonomous_research/stage_2_baselines/raw/scan_then_verify__T_mid__replicate_00/attempt_001/checkpoint_041_snapshot.json,0.48484848484848486,0.0,0.0,0.0,0
scan_then_verify__T_mid__r00__attempt_001,scan_then_verify,T_mid,0,scan,42,0,0.2543414528814291,22.913504021,1745.0,175,172,0,/qiuyeqing/llama_prl/G-ARC/outputs/psvr_autonomous_research/stage_2_baselines/raw/scan_then_verify__T_mid__replicate_00/attempt_001/checkpoint_042_snapshot.json,0.4963924963924964,0.0,0.0,0.0,0
scan_then_verify__T_mid__r00__attempt_001,scan_then_verify,T_mid,0,scan,43,0,0.24284729546794676,23.448495814,1705.0,171,176,0,/qiuyeqing/llama_prl/G-ARC/outputs/psvr_autonomous_research/stage_2_baselines/raw/scan_then_verify__T_mid__replicate_00/attempt_001/checkpoint_043_snapshot.json,0.5079365079365079,0.0,0.0,0.0,0
scan_then_verify__T_mid__r00__attempt_001,scan_then_verify,T_mid,0,scan,44,0,0.23161889891951598,24.077097733,1665.0,167,180,0,/qiuyeqing/llama_prl/G-ARC/outputs/psvr_autonomous_research/stage_2_baselines/raw/scan_then_verify__T_mid__replicate_00/attempt_001/checkpoint_044_snapshot.json,0.5194805194805194,0.0,0.0,0.0,0
scan_then_verify__T_mid__r00__attempt_001,scan_then_verify,T_mid,0,scan,45,0,0.22065626323613682,24.59901646,1625.0,163,184,0,/qiuyeqing/llama_prl/G-ARC/outputs/psvr_autonomous_research/stage_2_baselines/raw/scan_then_verify__T_mid__replicate_00/attempt_001/checkpoint_045_snapshot.json,0.5310245310245311,0.0,0.0,0.0,0
scan_then_verify__T_mid__r00__attempt_001,scan_then_verify,T_mid,0,scan,46,0,0.2099593884178093,25.110010949,1585.0,159,188,0,/qiuyeqing/llama_prl/G-ARC/outputs/psvr_autonomous_research/stage_2_baselines/raw/scan_then_verify__T_mid__replicate_00/attempt_001/checkpoint_046_snapshot.json,0.5425685425685426,0.0,0.0,0.0,0
scan_then_verify__T_mid__r00__attempt_001,scan_then_verify,T_mid,0,scan,47,0,0.1995282744645334,25.61245566,1545.0,155,192,0,/qiuyeqing/llama_prl/G-ARC/outputs/psvr_autonomous_research/stage_2_baselines/raw/scan_then_verify__T_mid__replicate_00/attempt_001/checkpoint_047_snapshot.json,0.5541125541125541,0.0,0.0,0.0,0
scan_then_verify__T_mid__r00__attempt_001,scan_then_verify,T_mid,0,scan,48,0,0.18936292137630908,26.090430254,1505.0,151,196,0,/qiuyeqing/llama_prl/G-ARC/outputs/psvr_autonomous_research/stage_2_baselines/raw/scan_then_verify__T_mid__replicate_00/attempt_001/checkpoint_048_snapshot.json,0.5656565656565656,0.0,0.0,0.0,0
scan_then_verify__T_mid__r00__attempt_001,scan_then_verify,T_mid,0,scan,49,0,0.1794633291531364,26.614870966,1465.0,147,200,0,/qiuyeqing/llama_prl/G-ARC/outputs/psvr_autonomous_research/stage_2_baselines/raw/scan_then_verify__T_mid__replicate_00/attempt_001/checkpoint_049_snapshot.json,0.5772005772005772,0.0,0.0,0.0,0
scan_then_verify__T_mid__r00__attempt_001,scan_then_verify,T_mid,0,scan,50,0,0.16982949779501533,27.154030903,1425.0,143,204,0,/qiuyeqing/llama_prl/G-ARC/outputs/psvr_autonomous_research/stage_2_baselines/raw/scan_then_verify__T_mid__replicate_00/attempt_001/checkpoint_050_snapshot.json,0.5887445887445888,0.0,0.0,0.0,0
scan_then_verify__T_mid__r00__attempt_001,scan_then_verify,T_mid,0,scan,51,0,0.16046142730194587,27.694271026,1385.0,139,208,0,/qiuyeqing/llama_prl/G-ARC/outputs/psvr_autonomous_research/stage_2_baselines/raw/scan_then_verify__T_mid__replicate_00/attempt_001/checkpoint_051_snapshot.json,0.6002886002886003,0.0,0.0,0.0,0
scan_then_verify__T_mid__r00__attempt_001,scan_then_verify,T_mid,0,scan,52,0,0.15135911767392804,28.189261342,1345.0,135,212,0,/qiuyeqing/llama_prl/G-ARC/outputs/psvr_autonomous_research/stage_2_baselines/raw/scan_then_verify__T_mid__replicate_00/attempt_001/checkpoint_052_snapshot.json,0.6118326118326118,0.0,0.0,0.0,0
scan_then_verify__T_mid__r00__attempt_001,scan_then_verify,T_mid,0,scan,53,0,0.1425225689109618,28.785671101,1305.0,131,216,0,/qiuyeqing/llama_prl/G-ARC/outputs/psvr_autonomous_research/stage_2_baselines/raw/scan_then_verify__T_mid__replicate_00/attempt_001/checkpoint_053_snapshot.json,0.6233766233766234,0.0,0.0,0.0,0
scan_then_verify__T_mid__r00__attempt_001,scan_then_verify,T_mid,0,scan,54,0,0.1339517810130472,29.337021218,1265.0,127,220,0,/qiuyeqing/llama_prl/G-ARC/outputs/psvr_autonomous_research/stage_2_baselines/raw/scan_then_verify__T_mid__replicate_00/attempt_001/checkpoint_054_snapshot.json,0.6349206349206349,0.0,0.0,0.0,0
scan_then_verify__T_mid__r00__attempt_001,scan_then_verify,T_mid,0,scan,55,0,0.1256467539801842,29.860216546,1225.0,123,224,0,/qiuyeqing/llama_prl/G-ARC/outputs/psvr_autonomous_research/stage_2_baselines/raw/scan_then_verify__T_mid__replicate_00/attempt_001/checkpoint_055_snapshot.json,0.6464646464646465,0.0,0.0,0.0,0
scan_then_verify__T_mid__r00__attempt_001,scan_then_verify,T_mid,0,scan,56,0,0.11760748781237283,30.399008998,1185.0,119,228,0,/qiuyeqing/llama_prl/G-ARC/outputs/psvr_autonomous_research/stage_2_baselines/raw/scan_then_verify__T_mid__replicate_00/attempt_001/checkpoint_056_snapshot.json,0.658008658008658,0.0,0.0,0.0,0
scan_then_verify__T_mid__r00__attempt_001,scan_then_verify,T_mid,0,scan,57,0,0.10983398250961307,30.965011527,1145.0,115,232,0,/qiuyeqing/llama_prl/G-ARC/outputs/psvr_autonomous_research/stage_2_baselines/raw/scan_then_verify__T_mid__replicate_00/attempt_001/checkpoint_057_snapshot.json,0.6695526695526696,0.0,0.0,0.0,0
scan_then_verify__T_mid__r00__attempt_001,scan_then_verify,T_mid,0,scan,58,0,0.10232623807190493,31.57851365,1105.0,111,236,0,/qiuyeqing/llama_prl/G-ARC/outputs/psvr_autonomous_research/stage_2_baselines/raw/scan_then_verify__T_mid__replicate_00/attempt_001/checkpoint_058_snapshot.json,0.6810966810966811,0.0,0.0,0.0,0
scan_then_verify__T_mid__r00__attempt_001,scan_then_verify,T_mid,0,scan,59,0,0.0950842544992484,32.141964749,1065.0,107,240,0,/qiuyeqing/llama_prl/G-ARC/outputs/psvr_autonomous_research/stage_2_baselines/raw/scan_then_verify__T_mid__replicate_00/attempt_001/checkpoint_059_snapshot.json,0.6926406926406926,0.0,0.0,0.0,0
scan_then_verify__T_mid__r00__attempt_001,scan_then_verify,T_mid,0,scan,60,0,0.08810803179164348,32.698261443,1025.0,103,244,0,/qiuyeqing/llama_prl/G-ARC/outputs/psvr_autonomous_research/stage_2_baselines/raw/scan_then_verify__T_mid__replicate_00/attempt_001/checkpoint_060_snapshot.json,0.7041847041847041,0.0,0.0,0.0,0
scan_then_verify__T_mid__r00__attempt_001,scan_then_verify,T_mid,0,scan,61,0,0.08139756994909018,33.254110322,985.0,99,248,0,/qiuyeqing/llama_prl/G-ARC/outputs/psvr_autonomous_research/stage_2_baselines/raw/scan_then_verify__T_mid__replicate_00/attempt_001/checkpoint_061_snapshot.json,0.7157287157287158,0.0,0.0,0.0,0
scan_then_verify__T_mid__r00__attempt_001,scan_then_verify,T_mid,0,scan,62,0,0.0749528689715885,33.836673813,945.0,95,252,0,/qiuyeqing/llama_prl/G-ARC/outputs/psvr_autonomous_research/stage_2_baselines/raw/scan_then_verify__T_mid__replicate_00/attempt_001/checkpoint_062_snapshot.json,0.7272727272727273,0.0,0.0,0.0,0
scan_then_verify__T_mid__r00__attempt_001,scan_then_verify,T_mid,0,scan,63,0,0.06877392885913844,34.378397002,905.0,91,256,0,/qiuyeqing/llama_prl/G-ARC/outputs/psvr_autonomous_research/stage_2_baselines/raw/scan_then_verify__T_mid__replicate_00/attempt_001/checkpoint_063_snapshot.json,0.7388167388167388,0.0,0.0,0.0,0
scan_then_verify__T_mid__r00__attempt_001,scan_then_verify,T_mid,0,scan,64,0,0.06286074961173999,34.935530998,865.0,87,260,0,/qiuyeqing/llama_prl/G-ARC/outputs/psvr_autonomous_research/stage_2_baselines/raw/scan_then_verify__T_mid__replicate_00/attempt_001/checkpoint_064_snapshot.json,0.7503607503607503,0.0,0.0,0.0,0
scan_then_verify__T_mid__r00__attempt_001,scan_then_verify,T_mid,0,scan,65,0,0.05721333122939315,35.471702482,825.0,83,264,0,/qiuyeqing/llama_prl/G-ARC/outputs/psvr_autonomous_research/stage_2_baselines/raw/scan_then_verify__T_mid__replicate_00/attempt_001/checkpoint_065_snapshot.json,0.7619047619047619,0.0,0.0,0.0,0
scan_then_verify__T_mid__r00__attempt_001,scan_then_verify,T_mid,0,scan,66,0,0.05183167371209793,36.022388009,785.0,79,268,0,/qiuyeqing/llama_prl/G-ARC/outputs/psvr_autonomous_research/stage_2_baselines/raw/scan_then_verify__T_mid__replicate_00/attempt_001/checkpoint_066_snapshot.json,0.7734487734487735,0.0,0.0,0.0,0
scan_then_verify__T_mid__r00__attempt_001,scan_then_verify,T_mid,0,scan,67,0,0.04671577705985433,36.553578671,745.0,75,272,0,/qiuyeqing/llama_prl/G-ARC/outputs/psvr_autonomous_research/stage_2_baselines/raw/scan_then_verify__T_mid__replicate_00/attempt_001/checkpoint_067_snapshot.json,0.784992784992785,0.0,0.0,0.0,0
scan_then_verify__T_mid__r00__attempt_001,scan_then_verify,T_mid,0,scan,68,0,0.04186564127266234,37.107076293,705.0,71,276,0,/qiuyeqing/llama_prl/G-ARC/outputs/psvr_autonomous_research/stage_2_baselines/raw/scan_then_verify__T_mid__replicate_00/attempt_001/checkpoint_068_snapshot.json,0.7965367965367965,0.0,0.0,0.0,0
scan_then_verify__T_mid__r00__attempt_001,scan_then_verify,T_mid,0,scan,69,0,0.03728126635052197,37.654829751,665.0,67,280,0,/qiuyeqing/llama_prl/G-ARC/outputs/psvr_autonomous_research/stage_2_baselines/raw/scan_then_verify__T_mid__replicate_00/attempt_001/checkpoint_069_snapshot.json,0.8080808080808081,0.0,0.0,0.0,0
scan_then_verify__T_mid__r00__attempt_001,scan_then_verify,T_mid,0,scan,70,0,0.03296265229343322,38.17782694,625.0,63,284,0,/qiuyeqing/llama_prl/G-ARC/outputs/psvr_autonomous_research/stage_2_baselines/raw/scan_then_verify__T_mid__replicate_00/attempt_001/checkpoint_070_snapshot.json,0.8196248196248196,0.0,0.0,0.0,0
scan_then_verify__T_mid__r00__attempt_001,scan_then_verify,T_mid,0,scan,71,0,0.028909799101396075,38.744450507,585.0,59,288,0,/qiuyeqing/llama_prl/G-ARC/outputs/psvr_autonomous_research/stage_2_baselines/raw/scan_then_verify__T_mid__replicate_00/attempt_001/checkpoint_071_snapshot.json,0.8311688311688312,0.0,0.0,0.0,0
scan_then_verify__T_mid__r00__attempt_001,scan_then_verify,T_mid,0,scan,72,0,0.02512270677441055,39.301843997,545.0,55,292,0,/qiuyeqing/llama_prl/G-ARC/outputs/psvr_autonomous_research/stage_2_baselines/raw/scan_then_verify__T_mid__replicate_00/attempt_001/checkpoint_072_snapshot.json,0.8427128427128427,0.0,0.0,0.0,0
scan_then_verify__T_mid__r00__attempt_001,scan_then_verify,T_mid,0,scan,73,0,0.02160137531247664,39.847436905,505.0,51,296,0,/qiuyeqing/llama_prl/G-ARC/outputs/psvr_autonomous_research/stage_2_baselines/raw/scan_then_verify__T_mid__replicate_00/attempt_001/checkpoint_073_snapshot.json,0.8542568542568543,0.0,0.0,0.0,0
scan_then_verify__T_mid__r00__attempt_001,scan_then_verify,T_mid,0,scan,74,0,0.018345804715594348,40.378914011,465.0,47,300,0,/qiuyeqing/llama_prl/G-ARC/outputs/psvr_autonomous_research/stage_2_baselines/raw/scan_then_verify__T_mid__replicate_00/attempt_001/checkpoint_074_snapshot.json,0.8658008658008658,0.0,0.0,0.0,0
scan_then_verify__T_mid__r00__attempt_001,scan_then_verify,T_mid,0,scan,75,0,0.015355994983763673,40.915931833,425.0,43,304,0,/qiuyeqing/llama_prl/G-ARC/outputs/psvr_autonomous_research/stage_2_baselines/raw/scan_then_verify__T_mid__replicate_00/attempt_001/checkpoint_075_snapshot.json,0.8773448773448773,0.0,0.0,0.0,0
scan_then_verify__T_mid__r00__attempt_001,scan_then_verify,T_mid,0,scan,76,0,0.012631946116984611,41.454857824,385.0,39,308,0,/qiuyeqing/llama_prl/G-ARC/outputs/psvr_autonomous_research/stage_2_baselines/raw/scan_then_verify__T_mid__replicate_00/attempt_001/checkpoint_076_snapshot.json,0.8888888888888888,0.0,0.0,0.0,0
scan_then_verify__T_mid__r00__attempt_001,scan_then_verify,T_mid,0,scan,77,0,0.010173658115257165,41.966834405,345.0,35,312,0,/qiuyeqing/llama_prl/G-ARC/outputs/psvr_autonomous_research/stage_2_baselines/raw/scan_then_verify__T_mid__replicate_00/attempt_001/checkpoint_077_snapshot.json,0.9004329004329005,0.0,0.0,0.0,0
scan_then_verify__T_mid__r00__attempt_001,scan_then_verify,T_mid,0,scan,78,0,0.007981130978581335,42.483009258,305.0,31,316,0,/qiuyeqing/llama_prl/G-ARC/outputs/psvr_autonomous_research/stage_2_baselines/raw/scan_then_verify__T_mid__replicate_00/attempt_001/checkpoint_078_snapshot.json,0.911976911976912,0.0,0.0,0.0,0
scan_then_verify__T_mid__r00__attempt_001,scan_then_verify,T_mid,0,scan,79,0,0.006054364706957121,43.002385402,265.0,27,320,0,/qiuyeqing/llama_prl/G-ARC/outputs/psvr_autonomous_research/stage_2_baselines/raw/scan_then_verify__T_mid__replicate_00/attempt_001/checkpoint_079_snapshot.json,0.9235209235209235,0.0,0.0,0.0,0
scan_then_verify__T_mid__r00__attempt_001,scan_then_verify,T_mid,0,scan,80,0,0.004393359300384523,43.552380982,225.0,23,324,0,/qiuyeqing/llama_prl/G-ARC/outputs/psvr_autonomous_research/stage_2_baselines/raw/scan_then_verify__T_mid__replicate_00/attempt_001/checkpoint_080_snapshot.json,0.935064935064935,0.0,0.0,0.0,0
scan_then_verify__T_mid__r00__attempt_001,scan_then_verify,T_mid,0,scan,81,0,0.0029981147588635402,44.073935739,185.0,19,328,0,/qiuyeqing/llama_prl/G-ARC/outputs/psvr_autonomous_research/stage_2_baselines/raw/scan_then_verify__T_mid__replicate_00/attempt_001/checkpoint_081_snapshot.json,0.9466089466089466,0.0,0.0,0.0,0
scan_then_verify__T_mid__r00__attempt_001,scan_then_verify,T_mid,0,scan,82,0,0.0018686310823941732,44.605604724,145.0,15,332,0,/qiuyeqing/llama_prl/G-ARC/outputs/psvr_autonomous_research/stage_2_baselines/raw/scan_then_verify__T_mid__replicate_00/attempt_001/checkpoint_082_snapshot.json,0.9581529581529582,0.0,0.0,0.0,0
scan_then_verify__T_mid__r00__attempt_001,scan_then_verify,T_mid,0,scan,83,0,0.001004908270976422,45.11006295,105.0,11,336,0,/qiuyeqing/llama_prl/G-ARC/outputs/psvr_autonomous_research/stage_2_baselines/raw/scan_then_verify__T_mid__replicate_00/attempt_001/checkpoint_083_snapshot.json,0.9696969696969697,0.0,0.0,0.0,0
scan_then_verify__T_mid__r00__attempt_001,scan_then_verify,T_mid,0,scan,84,0,0.0004069463246102866,45.630465539,65.0,7,340,0,/qiuyeqing/llama_prl/G-ARC/outputs/psvr_autonomous_research/stage_2_baselines/raw/scan_then_verify__T_mid__replicate_00/attempt_001/checkpoint_084_snapshot.json,0.9812409812409812,0.0,0.0,0.0,0
scan_then_verify__T_mid__r00__attempt_001,scan_then_verify,T_mid,0,scan,85,0,7.474524329576693e-05,46.141180787,25.0,3,344,0,/qiuyeqing/llama_prl/G-ARC/outputs/psvr_autonomous_research/stage_2_baselines/raw/scan_then_verify__T_mid__replicate_00/attempt_001/checkpoint_085_snapshot.json,0.9927849927849928,0.0,0.0,0.0,0
scan_then_verify__T_mid__r00__attempt_001,scan_then_verify,T_mid,0,scan,86,0,0.0,46.706138727,0.0,0,347,0,/qiuyeqing/llama_prl/G-ARC/outputs/psvr_autonomous_research/stage_2_baselines/raw/scan_then_verify__T_mid__replicate_00/attempt_001/checkpoint_086_snapshot.json,1.0,0.0,0.0,0.0,0
scan_then_verify__T_mid__r00__attempt_001,scan_then_verify,T_mid,0,query,87,0,0.0,71.056880233,0.0,0,347,1,/qiuyeqing/llama_prl/G-ARC/outputs/psvr_autonomous_research/stage_2_baselines/raw/scan_then_verify__T_mid__replicate_00/attempt_001/checkpoint_087_snapshot.json,1.0,0.0,0.0,0.0,0
scan_then_verify__T_mid__r01__attempt_001,scan_then_verify,T_mid,1,scan,0,0,0.9770781253892982,0.57642139,3425.0,343,4,0,/qiuyeqing/llama_prl/G-ARC/outputs/psvr_autonomous_research/stage_2_baselines/raw/scan_then_verify__T_mid__replicate_01/attempt_001/checkpoint_000_snapshot.json,0.011544011544011544,0.0,0.0,0.0,0
scan_then_verify__T_mid__r01__attempt_001,scan_then_verify,T_mid,1,scan,1,0,0.9544220116436479,1.031786736,3385.0,339,8,0,/qiuyeqing/llama_prl/G-ARC/outputs/psvr_autonomous_research/stage_2_baselines/raw/scan_then_verify__T_mid__replicate_01/attempt_001/checkpoint_001_snapshot.json,0.023088023088023088,0.0,0.0,0.0,0
scan_then_verify__T_mid__r01__attempt_001,scan_then_verify,T_mid,1,scan,2,0,0.9320316587630493,1.517531058,3345.0,335,12,0,/qiuyeqing/llama_prl/G-ARC/outputs/psvr_autonomous_research/stage_2_baselines/raw/scan_then_verify__T_mid__replicate_01/attempt_001/checkpoint_002_snapshot.json,0.03463203463203463,0.0,0.0,0.0,0
scan_then_verify__T_mid__r01__attempt_001,scan_then_verify,T_mid,1,scan,3,0,0.9099070667475022,2.035336697,3305.0,331,16,0,/qiuyeqing/llama_prl/G-ARC/outputs/psvr_autonomous_research/stage_2_baselines/raw/scan_then_verify__T_mid__replicate_01/attempt_001/checkpoint_003_snapshot.json,0.046176046176046176,0.0,0.0,0.0,0
scan_then_verify__T_mid__r01__attempt_001,scan_then_verify,T_mid,1,scan,4,0,0.8880482355970069,2.55796612,3265.0,327,20,0,/qiuyeqing/llama_prl/G-ARC/outputs/psvr_autonomous_research/stage_2_baselines/raw/scan_then_verify__T_mid__replicate_01/attempt_001/checkpoint_004_snapshot.json,0.05772005772005772,0.0,0.0,0.0,0
scan_then_verify__T_mid__r01__attempt_001,scan_then_verify,T_mid,1,scan,5,0,0.8664551653115631,3.102288855,3225.0,323,24,0,/qiuyeqing/llama_prl/G-ARC/outputs/psvr_autonomous_research/stage_2_baselines/raw/scan_then_verify__T_mid__replicate_01/attempt_001/checkpoint_005_snapshot.json,0.06926406926406926,0.0,0.0,0.0,0
scan_then_verify__T_mid__r01__attempt_001,scan_then_verify,T_mid,1,scan,6,0,0.8451278558911709,3.657604048,3185.0,319,28,0,/qiuyeqing/llama_prl/G-ARC/outputs/psvr_autonomous_research/stage_2_baselines/raw/scan_then_verify__T_mid__replicate_01/attempt_001/checkpoint_006_snapshot.json,0.08080808080808081,0.0,0.0,0.0,0
scan_then_verify__T_mid__r01__attempt_001,scan_then_verify,T_mid,1,scan,7,0,0.8240663073358304,4.193208616,3145.0,315,32,0,/qiuyeqing/llama_prl/G-ARC/outputs/psvr_autonomous_research/stage_2_baselines/raw/scan_then_verify__T_mid__replicate_01/attempt_001/checkpoint_007_snapshot.json,0.09235209235209235,0.0,0.0,0.0,0
scan_then_verify__T_mid__r01__attempt_001,scan_then_verify,T_mid,1,scan,8,0,0.8032705196455414,4.745653085,3105.0,311,36,0,/qiuyeqing/llama_prl/G-ARC/outputs/psvr_autonomous_research/stage_2_baselines/raw/scan_then_verify__T_mid__replicate_01/attempt_001/checkpoint_008_snapshot.json,0.1038961038961039,0.0,0.0,0.0,0
scan_then_verify__T_mid__r01__attempt_001,scan_then_verify,T_mid,1,scan,9,0,0.7827404928203041,5.250626836,3065.0,307,40,0,/qiuyeqing/llama_prl/G-ARC/outputs/psvr_autonomous_research/stage_2_baselines/raw/scan_then_verify__T_mid__replicate_01/attempt_001/checkpoint_009_snapshot.json,0.11544011544011544,0.0,0.0,0.0,0
scan_then_verify__T_mid__r01__attempt_001,scan_then_verify,T_mid,1,scan,10,0,0.7624762268601184,5.72082502,3025.0,303,44,0,/qiuyeqing/llama_prl/G-ARC/outputs/psvr_autonomous_research/stage_2_baselines/raw/scan_then_verify__T_mid__replicate_01/attempt_001/checkpoint_010_snapshot.json,0.12698412698412698,0.0,0.0,0.0,0
scan_then_verify__T_mid__r01__attempt_001,scan_then_verify,T_mid,1,scan,11,0,0.7424777217649844,6.184045493,2985.0,299,48,0,/qiuyeqing/llama_prl/G-ARC/outputs/psvr_autonomous_research/stage_2_baselines/raw/scan_then_verify__T_mid__replicate_01/attempt_001/checkpoint_011_snapshot.json,0.13852813852813853,0.0,0.0,0.0,0
scan_then_verify__T_mid__r01__attempt_001,scan_then_verify,T_mid,1,scan,12,0,0.7227449775349019,6.667581788,2945.0,295,52,0,/qiuyeqing/llama_prl/G-ARC/outputs/psvr_autonomous_research/stage_2_baselines/raw/scan_then_verify__T_mid__replicate_01/attempt_001/checkpoint_012_snapshot.json,0.15007215007215008,0.0,0.0,0.0,0
scan_then_verify__T_mid__r01__attempt_001,scan_then_verify,T_mid,1,scan,13,0,0.703277994169871,7.257660324,2905.0,291,56,0,/qiuyeqing/llama_prl/G-ARC/outputs/psvr_autonomous_research/stage_2_baselines/raw/scan_then_verify__T_mid__replicate_01/attempt_001/checkpoint_013_snapshot.json,0.16161616161616163,0.0,0.0,0.0,0
scan_then_verify__T_mid__r01__attempt_001,scan_then_verify,T_mid,1,scan,14,0,0.6840767716698918,7.821935145,2865.0,287,60,0,/qiuyeqing/llama_prl/G-ARC/outputs/psvr_autonomous_research/stage_2_baselines/raw/scan_then_verify__T_mid__replicate_01/attempt_001/checkpoint_014_snapshot.json,0.17316017316017315,0.0,0.0,0.0,0
scan_then_verify__T_mid__r01__attempt_001,scan_then_verify,T_mid,1,scan,15,0,0.6651413100349641,8.370834193,2825.0,283,64,0,/qiuyeqing/llama_prl/G-ARC/outputs/psvr_autonomous_research/stage_2_baselines/raw/scan_then_verify__T_mid__replicate_01/attempt_001/checkpoint_015_snapshot.json,0.1847041847041847,0.0,0.0,0.0,0
scan_then_verify__T_mid__r01__attempt_001,scan_then_verify,T_mid,1,scan,16,0,0.6464716092650882,8.875586941,2785.0,279,68,0,/qiuyeqing/llama_prl/G-ARC/outputs/psvr_autonomous_research/stage_2_baselines/raw/scan_then_verify__T_mid__replicate_01/attempt_001/checkpoint_016_snapshot.json,0.19624819624819625,0.0,0.0,0.0,0
scan_then_verify__T_mid__r01__attempt_001,scan_then_verify,T_mid,1,scan,17,0,0.6280676693602638,9.409128152,2745.0,275,72,0,/qiuyeqing/llama_prl/G-ARC/outputs/psvr_autonomous_research/stage_2_baselines/raw/scan_then_verify__T_mid__replicate_01/attempt_001/checkpoint_017_snapshot.json,0.2077922077922078,0.0,0.0,0.0,0
scan_then_verify__T_mid__r01__attempt_001,scan_then_verify,T_mid,1,scan,18,0,0.609929490320491,9.929278262,2705.0,271,76,0,/qiuyeqing/llama_prl/G-ARC/outputs/psvr_autonomous_research/stage_2_baselines/raw/scan_then_verify__T_mid__replicate_01/attempt_001/checkpoint_018_snapshot.json,0.21933621933621933,0.0,0.0,0.0,0
scan_then_verify__T_mid__r01__attempt_001,scan_then_verify,T_mid,1,scan,19,0,0.5920570721457699,10.516193309,2665.0,267,80,0,/qiuyeqing/llama_prl/G-ARC/outputs/psvr_autonomous_research/stage_2_baselines/raw/scan_then_verify__T_mid__replicate_01/attempt_001/checkpoint_019_snapshot.json,0.23088023088023088,0.0,0.0,0.0,0
scan_then_verify__T_mid__r01__attempt_001,scan_then_verify,T_mid,1,scan,20,0,0.5744504148361003,11.05110749,2625.0,263,84,0,/qiuyeqing/llama_prl/G-ARC/outputs/psvr_autonomous_research/stage_2_baselines/raw/scan_then_verify__T_mid__replicate_01/attempt_001/checkpoint_020_snapshot.json,0.24242424242424243,0.0,0.0,0.0,0
scan_then_verify__T_mid__r01__attempt_001,scan_then_verify,T_mid,1,scan,21,0,0.5571095183914824,11.55746472,2585.0,259,88,0,/qiuyeqing/llama_prl/G-ARC/outputs/psvr_autonomous_research/stage_2_baselines/raw/scan_then_verify__T_mid__replicate_01/attempt_001/checkpoint_021_snapshot.json,0.25396825396825395,0.0,0.0,0.0,0
scan_then_verify__T_mid__r01__attempt_001,scan_then_verify,T_mid,1,scan,22,0,0.5400343828119161,12.075774148,2545.0,255,92,0,/qiuyeqing/llama_prl/G-ARC/outputs/psvr_autonomous_research/stage_2_baselines/raw/scan_then_verify__T_mid__replicate_01/attempt_001/checkpoint_022_snapshot.json,0.26551226551226553,0.0,0.0,0.0,0
scan_then_verify__T_mid__r01__attempt_001,scan_then_verify,T_mid,1,scan,23,0,0.5232250080974014,12.581192297,2505.0,251,96,0,/qiuyeqing/llama_prl/G-ARC/outputs/psvr_autonomous_research/stage_2_baselines/raw/scan_then_verify__T_mid__replicate_01/attempt_001/checkpoint_023_snapshot.json,0.27705627705627706,0.0,0.0,0.0,0
scan_then_verify__T_mid__r01__attempt_001,scan_then_verify,T_mid,1,scan,24,0,0.5066813942479382,13.11353364,2465.0,247,100,0,/qiuyeqing/llama_prl/G-ARC/outputs/psvr_autonomous_research/stage_2_baselines/raw/scan_then_verify__T_mid__replicate_01/attempt_001/checkpoint_024_snapshot.json,0.2886002886002886,0.0,0.0,0.0,0
scan_then_verify__T_mid__r01__attempt_001,scan_then_verify,T_mid,1,scan,25,0,0.4904035412635268,13.626024304,2425.0,243,104,0,/qiuyeqing/llama_prl/G-ARC/outputs/psvr_autonomous_research/stage_2_baselines/raw/scan_then_verify__T_mid__replicate_01/attempt_001/checkpoint_025_snapshot.json,0.30014430014430016,0.0,0.0,0.0,0
scan_then_verify__T_mid__r01__attempt_001,scan_then_verify,T_mid,1,scan,26,0,0.474391449144167,14.170880134,2385.0,239,108,0,/qiuyeqing/llama_prl/G-ARC/outputs/psvr_autonomous_research/stage_2_baselines/raw/scan_then_verify__T_mid__replicate_01/attempt_001/checkpoint_026_snapshot.json,0.3116883116883117,0.0,0.0,0.0,0
scan_then_verify__T_mid__r01__attempt_001,scan_then_verify,T_mid,1,scan,27,0,0.45864511788985873,14.652994812,2345.0,235,112,0,/qiuyeqing/llama_prl/G-ARC/outputs/psvr_autonomous_research/stage_2_baselines/raw/scan_then_verify__T_mid__replicate_01/attempt_001/checkpoint_027_snapshot.json,0.32323232323232326,0.0,0.0,0.0,0
scan_then_verify__T_mid__r01__attempt_001,scan_then_verify,T_mid,1,scan,28,0,0.44316454750060214,15.154340792,2305.0,231,116,0,/qiuyeqing/llama_prl/G-ARC/outputs/psvr_autonomous_research/stage_2_baselines/raw/scan_then_verify__T_mid__replicate_01/attempt_001/checkpoint_028_snapshot.json,0.3347763347763348,0.0,0.0,0.0,0
scan_then_verify__T_mid__r01__attempt_001,scan_then_verify,T_mid,1,scan,29,0,0.4279497379763971,15.621135294,2265.0,227,120,0,/qiuyeqing/llama_prl/G-ARC/outputs/psvr_autonomous_research/stage_2_baselines/raw/scan_then_verify__T_mid__replicate_01/attempt_001/checkpoint_029_snapshot.json,0.3463203463203463,0.0,0.0,0.0,0
scan_then_verify__T_mid__r01__attempt_001,scan_then_verify,T_mid,1,scan,30,0,0.4130006893172437,16.115264844,2225.0,223,124,0,/qiuyeqing/llama_prl/G-ARC/outputs/psvr_autonomous_research/stage_2_baselines/raw/scan_then_verify__T_mid__replicate_01/attempt_001/checkpoint_030_snapshot.json,0.3578643578643579,0.0,0.0,0.0,0
scan_then_verify__T_mid__r01__attempt_001,scan_then_verify,T_mid,1,scan,31,0,0.39831740152314193,16.669496041,2185.0,219,128,0,/qiuyeqing/llama_prl/G-ARC/outputs/psvr_autonomous_research/stage_2_baselines/raw/scan_then_verify__T_mid__replicate_01/attempt_001/checkpoint_031_snapshot.json,0.3694083694083694,0.0,0.0,0.0,0
scan_then_verify__T_mid__r01__attempt_001,scan_then_verify,T_mid,1,scan,32,0,0.3838998745940918,17.191172934,2145.0,215,132,0,/qiuyeqing/llama_prl/G-ARC/outputs/psvr_autonomous_research/stage_2_baselines/raw/scan_then_verify__T_mid__replicate_01/attempt_001/checkpoint_032_snapshot.json,0.38095238095238093,0.0,0.0,0.0,0
scan_then_verify__T_mid__r01__attempt_001,scan_then_verify,T_mid,1,scan,33,0,0.36974810853009327,17.73280978,2105.0,211,136,0,/qiuyeqing/llama_prl/G-ARC/outputs/psvr_autonomous_research/stage_2_baselines/raw/scan_then_verify__T_mid__replicate_01/attempt_001/checkpoint_033_snapshot.json,0.3924963924963925,0.0,0.0,0.0,0
scan_then_verify__T_mid__r01__attempt_001,scan_then_verify,T_mid,1,scan,34,0,0.3558621033311463,18.30055275,2065.0,207,140,0,/qiuyeqing/llama_prl/G-ARC/outputs/psvr_autonomous_research/stage_2_baselines/raw/scan_then_verify__T_mid__replicate_01/attempt_001/checkpoint_034_snapshot.json,0.40404040404040403,0.0,0.0,0.0,0
scan_then_verify__T_mid__r01__attempt_001,scan_then_verify,T_mid,1,scan,35,0,0.342241858997251,18.880041761,2025.0,203,144,0,/qiuyeqing/llama_prl/G-ARC/outputs/psvr_autonomous_research/stage_2_baselines/raw/scan_then_verify__T_mid__replicate_01/attempt_001/checkpoint_035_snapshot.json,0.4155844155844156,0.0,0.0,0.0,0
scan_then_verify__T_mid__r01__attempt_001,scan_then_verify,T_mid,1,scan,36,0,0.32888737552840736,19.404394035,1985.0,199,148,0,/qiuyeqing/llama_prl/G-ARC/outputs/psvr_autonomous_research/stage_2_baselines/raw/scan_then_verify__T_mid__replicate_01/attempt_001/checkpoint_036_snapshot.json,0.42712842712842713,0.0,0.0,0.0,0
scan_then_verify__T_mid__r01__attempt_001,scan_then_verify,T_mid,1,scan,37,0,0.3157986529246153,19.944319698,1945.0,195,152,0,/qiuyeqing/llama_prl/G-ARC/outputs/psvr_autonomous_research/stage_2_baselines/raw/scan_then_verify__T_mid__replicate_01/attempt_001/checkpoint_037_snapshot.json,0.43867243867243866,0.0,0.0,0.0,0
scan_then_verify__T_mid__r01__attempt_001,scan_then_verify,T_mid,1,scan,38,0,0.3029756911858748,20.514641629,1905.0,191,156,0,/qiuyeqing/llama_prl/G-ARC/outputs/psvr_autonomous_research/stage_2_baselines/raw/scan_then_verify__T_mid__replicate_01/attempt_001/checkpoint_038_snapshot.json,0.45021645021645024,0.0,0.0,0.0,0
scan_then_verify__T_mid__r01__attempt_001,scan_then_verify,T_mid,1,scan,39,0,0.290418490312186,21.041488947,1865.0,187,160,0,/qiuyeqing/llama_prl/G-ARC/outputs/psvr_autonomous_research/stage_2_baselines/raw/scan_then_verify__T_mid__replicate_01/attempt_001/checkpoint_039_snapshot.json,0.46176046176046176,0.0,0.0,0.0,0
scan_then_verify__T_mid__r01__attempt_001,scan_then_verify,T_mid,1,scan,40,0,0.27812705030354873,21.545498907,1825.0,183,164,0,/qiuyeqing/llama_prl/G-ARC/outputs/psvr_autonomous_research/stage_2_baselines/raw/scan_then_verify__T_mid__replicate_01/attempt_001/checkpoint_040_snapshot.json,0.4733044733044733,0.0,0.0,0.0,0
scan_then_verify__T_mid__r01__attempt_001,scan_then_verify,T_mid,1,scan,41,0,0.26610137115996313,22.085626757,1785.0,179,168,0,/qiuyeqing/llama_prl/G-ARC/outputs/psvr_autonomous_research/stage_2_baselines/raw/scan_then_verify__T_mid__replicate_01/attempt_001/checkpoint_041_snapshot.json,0.48484848484848486,0.0,0.0,0.0,0
scan_then_verify__T_mid__r01__attempt_001,scan_then_verify,T_mid,1,scan,42,0,0.2543414528814291,22.642997821,1745.0,175,172,0,/qiuyeqing/llama_prl/G-ARC/outputs/psvr_autonomous_research/stage_2_baselines/raw/scan_then_verify__T_mid__replicate_01/attempt_001/checkpoint_042_snapshot.json,0.4963924963924964,0.0,0.0,0.0,0
scan_then_verify__T_mid__r01__attempt_001,scan_then_verify,T_mid,1,scan,43,0,0.24284729546794676,23.166730159,1705.0,171,176,0,/qiuyeqing/llama_prl/G-ARC/outputs/psvr_autonomous_research/stage_2_baselines/raw/scan_then_verify__T_mid__replicate_01/attempt_001/checkpoint_043_snapshot.json,0.5079365079365079,0.0,0.0,0.0,0
scan_then_verify__T_mid__r01__attempt_001,scan_then_verify,T_mid,1,scan,44,0,0.23161889891951598,23.734102468,1665.0,167,180,0,/qiuyeqing/llama_prl/G-ARC/outputs/psvr_autonomous_research/stage_2_baselines/raw/scan_then_verify__T_mid__replicate_01/attempt_001/checkpoint_044_snapshot.json,0.5194805194805194,0.0,0.0,0.0,0
scan_then_verify__T_mid__r01__attempt_001,scan_then_verify,T_mid,1,scan,45,0,0.22065626323613682,24.240410775,1625.0,163,184,0,/qiuyeqing/llama_prl/G-ARC/outputs/psvr_autonomous_research/stage_2_baselines/raw/scan_then_verify__T_mid__replicate_01/attempt_001/checkpoint_045_snapshot.json,0.5310245310245311,0.0,0.0,0.0,0
scan_then_verify__T_mid__r01__attempt_001,scan_then_verify,T_mid,1,scan,46,0,0.2099593884178093,24.763578971,1585.0,159,188,0,/qiuyeqing/llama_prl/G-ARC/outputs/psvr_autonomous_research/stage_2_baselines/raw/scan_then_verify__T_mid__replicate_01/attempt_001/checkpoint_046_snapshot.json,0.5425685425685426,0.0,0.0,0.0,0
scan_then_verify__T_mid__r01__attempt_001,scan_then_verify,T_mid,1,scan,47,0,0.1995282744645334,25.285521369,1545.0,155,192,0,/qiuyeqing/llama_prl/G-ARC/outputs/psvr_autonomous_research/stage_2_baselines/raw/scan_then_verify__T_mid__replicate_01/attempt_001/checkpoint_047_snapshot.json,0.5541125541125541,0.0,0.0,0.0,0
scan_then_verify__T_mid__r01__attempt_001,scan_then_verify,T_mid,1,scan,48,0,0.18936292137630908,25.787766106,1505.0,151,196,0,/qiuyeqing/llama_prl/G-ARC/outputs/psvr_autonomous_research/stage_2_baselines/raw/scan_then_verify__T_mid__replicate_01/attempt_001/checkpoint_048_snapshot.json,0.5656565656565656,0.0,0.0,0.0,0
scan_then_verify__T_mid__r01__attempt_001,scan_then_verify,T_mid,1,scan,49,0,0.1794633291531364,26.324247815,1465.0,147,200,0,/qiuyeqing/llama_prl/G-ARC/outputs/psvr_autonomous_research/stage_2_baselines/raw/scan_then_verify__T_mid__replicate_01/attempt_001/checkpoint_049_snapshot.json,0.5772005772005772,0.0,0.0,0.0,0
scan_then_verify__T_mid__r01__attempt_001,scan_then_verify,T_mid,1,scan,50,0,0.16982949779501533,26.849160545,1425.0,143,204,0,/qiuyeqing/llama_prl/G-ARC/outputs/psvr_autonomous_research/stage_2_baselines/raw/scan_then_verify__T_mid__replicate_01/attempt_001/checkpoint_050_snapshot.json,0.5887445887445888,0.0,0.0,0.0,0
scan_then_verify__T_mid__r01__attempt_001,scan_then_verify,T_mid,1,scan,51,0,0.16046142730194587,27.418195635,1385.0,139,208,0,/qiuyeqing/llama_prl/G-ARC/outputs/psvr_autonomous_research/stage_2_baselines/raw/scan_then_verify__T_mid__replicate_01/attempt_001/checkpoint_051_snapshot.json,0.6002886002886003,0.0,0.0,0.0,0
scan_then_verify__T_mid__r01__attempt_001,scan_then_verify,T_mid,1,scan,52,0,0.15135911767392804,27.914078696,1345.0,135,212,0,/qiuyeqing/llama_prl/G-ARC/outputs/psvr_autonomous_research/stage_2_baselines/raw/scan_then_verify__T_mid__replicate_01/attempt_001/checkpoint_052_snapshot.json,0.6118326118326118,0.0,0.0,0.0,0
scan_then_verify__T_mid__r01__attempt_001,scan_then_verify,T_mid,1,scan,53,0,0.1425225689109618,28.538874958,1305.0,131,216,0,/qiuyeqing/llama_prl/G-ARC/outputs/psvr_autonomous_research/stage_2_baselines/raw/scan_then_verify__T_mid__replicate_01/attempt_001/checkpoint_053_snapshot.json,0.6233766233766234,0.0,0.0,0.0,0
scan_then_verify__T_mid__r01__attempt_001,scan_then_verify,T_mid,1,scan,54,0,0.1339517810130472,29.113015322,1265.0,127,220,0,/qiuyeqing/llama_prl/G-ARC/outputs/psvr_autonomous_research/stage_2_baselines/raw/scan_then_verify__T_mid__replicate_01/attempt_001/checkpoint_054_snapshot.json,0.6349206349206349,0.0,0.0,0.0,0
scan_then_verify__T_mid__r01__attempt_001,scan_then_verify,T_mid,1,scan,55,0,0.1256467539801842,29.644237691,1225.0,123,224,0,/qiuyeqing/llama_prl/G-ARC/outputs/psvr_autonomous_research/stage_2_baselines/raw/scan_then_verify__T_mid__replicate_01/attempt_001/checkpoint_055_snapshot.json,0.6464646464646465,0.0,0.0,0.0,0
scan_then_verify__T_mid__r01__attempt_001,scan_then_verify,T_mid,1,scan,56,0,0.11760748781237283,30.19014921,1185.0,119,228,0,/qiuyeqing/llama_prl/G-ARC/outputs/psvr_autonomous_research/stage_2_baselines/raw/scan_then_verify__T_mid__replicate_01/attempt_001/checkpoint_056_snapshot.json,0.658008658008658,0.0,0.0,0.0,0
scan_then_verify__T_mid__r01__attempt_001,scan_then_verify,T_mid,1,scan,57,0,0.10983398250961307,30.767626087,1145.0,115,232,0,/qiuyeqing/llama_prl/G-ARC/outputs/psvr_autonomous_research/stage_2_baselines/raw/scan_then_verify__T_mid__replicate_01/attempt_001/checkpoint_057_snapshot.json,0.6695526695526696,0.0,0.0,0.0,0
scan_then_verify__T_mid__r01__attempt_001,scan_then_verify,T_mid,1,scan,58,0,0.10232623807190493,31.294694728,1105.0,111,236,0,/qiuyeqing/llama_prl/G-ARC/outputs/psvr_autonomous_research/stage_2_baselines/raw/scan_then_verify__T_mid__replicate_01/attempt_001/checkpoint_058_snapshot.json,0.6810966810966811,0.0,0.0,0.0,0
scan_then_verify__T_mid__r01__attempt_001,scan_then_verify,T_mid,1,scan,59,0,0.0950842544992484,31.834340549,1065.0,107,240,0,/qiuyeqing/llama_prl/G-ARC/outputs/psvr_autonomous_research/stage_2_baselines/raw/scan_then_verify__T_mid__replicate_01/attempt_001/checkpoint_059_snapshot.json,0.6926406926406926,0.0,0.0,0.0,0
scan_then_verify__T_mid__r01__attempt_001,scan_then_verify,T_mid,1,scan,60,0,0.08810803179164348,32.360620839,1025.0,103,244,0,/qiuyeqing/llama_prl/G-ARC/outputs/psvr_autonomous_research/stage_2_baselines/raw/scan_then_verify__T_mid__replicate_01/attempt_001/checkpoint_060_snapshot.json,0.7041847041847041,0.0,0.0,0.0,0
scan_then_verify__T_mid__r01__attempt_001,scan_then_verify,T_mid,1,scan,61,0,0.08139756994909018,32.9533354,985.0,99,248,0,/qiuyeqing/llama_prl/G-ARC/outputs/psvr_autonomous_research/stage_2_baselines/raw/scan_then_verify__T_mid__replicate_01/attempt_001/checkpoint_061_snapshot.json,0.7157287157287158,0.0,0.0,0.0,0
scan_then_verify__T_mid__r01__attempt_001,scan_then_verify,T_mid,1,scan,62,0,0.0749528689715885,33.522242943,945.0,95,252,0,/qiuyeqing/llama_prl/G-ARC/outputs/psvr_autonomous_research/stage_2_baselines/raw/scan_then_verify__T_mid__replicate_01/attempt_001/checkpoint_062_snapshot.json,0.7272727272727273,0.0,0.0,0.0,0
scan_then_verify__T_mid__r01__attempt_001,scan_then_verify,T_mid,1,scan,63,0,0.06877392885913844,34.064178595,905.0,91,256,0,/qiuyeqing/llama_prl/G-ARC/outputs/psvr_autonomous_research/stage_2_baselines/raw/scan_then_verify__T_mid__replicate_01/attempt_001/checkpoint_063_snapshot.json,0.7388167388167388,0.0,0.0,0.0,0
scan_then_verify__T_mid__r01__attempt_001,scan_then_verify,T_mid,1,scan,64,0,0.06286074961173999,34.595000026,865.0,87,260,0,/qiuyeqing/llama_prl/G-ARC/outputs/psvr_autonomous_research/stage_2_baselines/raw/scan_then_verify__T_mid__replicate_01/attempt_001/checkpoint_064_snapshot.json,0.7503607503607503,0.0,0.0,0.0,0
scan_then_verify__T_mid__r01__attempt_001,scan_then_verify,T_mid,1,scan,65,0,0.05721333122939315,35.150528663,825.0,83,264,0,/qiuyeqing/llama_prl/G-ARC/outputs/psvr_autonomous_research/stage_2_baselines/raw/scan_then_verify__T_mid__replicate_01/attempt_001/checkpoint_065_snapshot.json,0.7619047619047619,0.0,0.0,0.0,0
scan_then_verify__T_mid__r01__attempt_001,scan_then_verify,T_mid,1,scan,66,0,0.05183167371209793,35.73256192,785.0,79,268,0,/qiuyeqing/llama_prl/G-ARC/outputs/psvr_autonomous_research/stage_2_baselines/raw/scan_then_verify__T_mid__replicate_01/attempt_001/checkpoint_066_snapshot.json,0.7734487734487735,0.0,0.0,0.0,0
scan_then_verify__T_mid__r01__attempt_001,scan_then_verify,T_mid,1,scan,67,0,0.04671577705985433,36.297643095,745.0,75,272,0,/qiuyeqing/llama_prl/G-ARC/outputs/psvr_autonomous_research/stage_2_baselines/raw/scan_then_verify__T_mid__replicate_01/attempt_001/checkpoint_067_snapshot.json,0.784992784992785,0.0,0.0,0.0,0
scan_then_verify__T_mid__r01__attempt_001,scan_then_verify,T_mid,1,scan,68,0,0.04186564127266234,36.84332768,705.0,71,276,0,/qiuyeqing/llama_prl/G-ARC/outputs/psvr_autonomous_research/stage_2_baselines/raw/scan_then_verify__T_mid__replicate_01/attempt_001/checkpoint_068_snapshot.json,0.7965367965367965,0.0,0.0,0.0,0
scan_then_verify__T_mid__r01__attempt_001,scan_then_verify,T_mid,1,scan,69,0,0.03728126635052197,37.399660969,665.0,67,280,0,/qiuyeqing/llama_prl/G-ARC/outputs/psvr_autonomous_research/stage_2_baselines/raw/scan_then_verify__T_mid__replicate_01/attempt_001/checkpoint_069_snapshot.json,0.8080808080808081,0.0,0.0,0.0,0
scan_then_verify__T_mid__r01__attempt_001,scan_then_verify,T_mid,1,scan,70,0,0.03296265229343322,37.928903515,625.0,63,284,0,/qiuyeqing/llama_prl/G-ARC/outputs/psvr_autonomous_research/stage_2_baselines/raw/scan_then_verify__T_mid__replicate_01/attempt_001/checkpoint_070_snapshot.json,0.8196248196248196,0.0,0.0,0.0,0
scan_then_verify__T_mid__r01__attempt_001,scan_then_verify,T_mid,1,scan,71,0,0.028909799101396075,38.501535946,585.0,59,288,0,/qiuyeqing/llama_prl/G-ARC/outputs/psvr_autonomous_research/stage_2_baselines/raw/scan_then_verify__T_mid__replicate_01/attempt_001/checkpoint_071_snapshot.json,0.8311688311688312,0.0,0.0,0.0,0
scan_then_verify__T_mid__r01__attempt_001,scan_then_verify,T_mid,1,scan,72,0,0.02512270677441055,39.027964172,545.0,55,292,0,/qiuyeqing/llama_prl/G-ARC/outputs/psvr_autonomous_research/stage_2_baselines/raw/scan_then_verify__T_mid__replicate_01/attempt_001/checkpoint_072_snapshot.json,0.8427128427128427,0.0,0.0,0.0,0
scan_then_verify__T_mid__r01__attempt_001,scan_then_verify,T_mid,1,scan,73,0,0.02160137531247664,39.588175702,505.0,51,296,0,/qiuyeqing/llama_prl/G-ARC/outputs/psvr_autonomous_research/stage_2_baselines/raw/scan_then_verify__T_mid__replicate_01/attempt_001/checkpoint_073_snapshot.json,0.8542568542568543,0.0,0.0,0.0,0
scan_then_verify__T_mid__r01__attempt_001,scan_then_verify,T_mid,1,scan,74,0,0.018345804715594348,40.107369317,465.0,47,300,0,/qiuyeqing/llama_prl/G-ARC/outputs/psvr_autonomous_research/stage_2_baselines/raw/scan_then_verify__T_mid__replicate_01/attempt_001/checkpoint_074_snapshot.json,0.8658008658008658,0.0,0.0,0.0,0
scan_then_verify__T_mid__r01__attempt_001,scan_then_verify,T_mid,1,scan,75,0,0.015355994983763673,40.642433992,425.0,43,304,0,/qiuyeqing/llama_prl/G-ARC/outputs/psvr_autonomous_research/stage_2_baselines/raw/scan_then_verify__T_mid__replicate_01/attempt_001/checkpoint_075_snapshot.json,0.8773448773448773,0.0,0.0,0.0,0
scan_then_verify__T_mid__r01__attempt_001,scan_then_verify,T_mid,1,scan,76,0,0.012631946116984611,41.151088338,385.0,39,308,0,/qiuyeqing/llama_prl/G-ARC/outputs/psvr_autonomous_research/stage_2_baselines/raw/scan_then_verify__T_mid__replicate_01/attempt_001/checkpoint_076_snapshot.json,0.8888888888888888,0.0,0.0,0.0,0
scan_then_verify__T_mid__r01__attempt_001,scan_then_verify,T_mid,1,scan,77,0,0.010173658115257165,41.654084845,345.0,35,312,0,/qiuyeqing/llama_prl/G-ARC/outputs/psvr_autonomous_research/stage_2_baselines/raw/scan_then_verify__T_mid__replicate_01/attempt_001/checkpoint_077_snapshot.json,0.9004329004329005,0.0,0.0,0.0,0
scan_then_verify__T_mid__r01__attempt_001,scan_then_verify,T_mid,1,scan,78,0,0.007981130978581335,42.1614683,305.0,31,316,0,/qiuyeqing/llama_prl/G-ARC/outputs/psvr_autonomous_research/stage_2_baselines/raw/scan_then_verify__T_mid__replicate_01/attempt_001/checkpoint_078_snapshot.json,0.911976911976912,0.0,0.0,0.0,0
scan_then_verify__T_mid__r01__attempt_001,scan_then_verify,T_mid,1,scan,79,0,0.006054364706957121,42.682823646,265.0,27,320,0,/qiuyeqing/llama_prl/G-ARC/outputs/psvr_autonomous_research/stage_2_baselines/raw/scan_then_verify__T_mid__replicate_01/attempt_001/checkpoint_079_snapshot.json,0.9235209235209235,0.0,0.0,0.0,0
scan_then_verify__T_mid__r01__attempt_001,scan_then_verify,T_mid,1,scan,80,0,0.004393359300384523,43.230095371,225.0,23,324,0,/qiuyeqing/llama_prl/G-ARC/outputs/psvr_autonomous_research/stage_2_baselines/raw/scan_then_verify__T_mid__replicate_01/attempt_001/checkpoint_080_snapshot.json,0.935064935064935,0.0,0.0,0.0,0
scan_then_verify__T_mid__r01__attempt_001,scan_then_verify,T_mid,1,scan,81,0,0.0029981147588635402,43.707240129,185.0,19,328,0,/qiuyeqing/llama_prl/G-ARC/outputs/psvr_autonomous_research/stage_2_baselines/raw/scan_then_verify__T_mid__replicate_01/attempt_001/checkpoint_081_snapshot.json,0.9466089466089466,0.0,0.0,0.0,0
scan_then_verify__T_mid__r01__attempt_001,scan_then_verify,T_mid,1,scan,82,0,0.0018686310823941732,44.24462491,145.0,15,332,0,/qiuyeqing/llama_prl/G-ARC/outputs/psvr_autonomous_research/stage_2_baselines/raw/scan_then_verify__T_mid__replicate_01/attempt_001/checkpoint_082_snapshot.json,0.9581529581529582,0.0,0.0,0.0,0
scan_then_verify__T_mid__r01__attempt_001,scan_then_verify,T_mid,1,scan,83,0,0.001004908270976422,44.762934036,105.0,11,336,0,/qiuyeqing/llama_prl/G-ARC/outputs/psvr_autonomous_research/stage_2_baselines/raw/scan_then_verify__T_mid__replicate_01/attempt_001/checkpoint_083_snapshot.json,0.9696969696969697,0.0,0.0,0.0,0
scan_then_verify__T_mid__r01__attempt_001,scan_then_verify,T_mid,1,scan,84,0,0.0004069463246102866,45.289377719,65.0,7,340,0,/qiuyeqing/llama_prl/G-ARC/outputs/psvr_autonomous_research/stage_2_baselines/raw/scan_then_verify__T_mid__replicate_01/attempt_001/checkpoint_084_snapshot.json,0.9812409812409812,0.0,0.0,0.0,0
scan_then_verify__T_mid__r01__attempt_001,scan_then_verify,T_mid,1,scan,85,0,7.474524329576693e-05,45.810000749,25.0,3,344,0,/qiuyeqing/llama_prl/G-ARC/outputs/psvr_autonomous_research/stage_2_baselines/raw/scan_then_verify__T_mid__replicate_01/attempt_001/checkpoint_085_snapshot.json,0.9927849927849928,0.0,0.0,0.0,0
scan_then_verify__T_mid__r01__attempt_001,scan_then_verify,T_mid,1,scan,86,0,0.0,46.276791603,0.0,0,347,0,/qiuyeqing/llama_prl/G-ARC/outputs/psvr_autonomous_research/stage_2_baselines/raw/scan_then_verify__T_mid__replicate_01/attempt_001/checkpoint_086_snapshot.json,1.0,0.0,0.0,0.0,0
scan_then_verify__T_mid__r01__attempt_001,scan_then_verify,T_mid,1,query,87,0,0.0,64.097433995,0.0,0,347,1,/qiuyeqing/llama_prl/G-ARC/outputs/psvr_autonomous_research/stage_2_baselines/raw/scan_then_verify__T_mid__replicate_01/attempt_001/checkpoint_087_snapshot.json,1.0,0.0,0.0,0.0,0
scan_then_verify__T_mid__r02__attempt_001,scan_then_verify,T_mid,2,scan,0,0,0.9770781253892982,0.539855115,3425.0,343,4,0,/qiuyeqing/llama_prl/G-ARC/outputs/psvr_autonomous_research/stage_2_baselines/raw/scan_then_verify__T_mid__replicate_02/attempt_001/checkpoint_000_snapshot.json,0.011544011544011544,0.0,0.0,0.0,0
scan_then_verify__T_mid__r02__attempt_001,scan_then_verify,T_mid,2,scan,1,0,0.9544220116436479,1.023927581,3385.0,339,8,0,/qiuyeqing/llama_prl/G-ARC/outputs/psvr_autonomous_research/stage_2_baselines/raw/scan_then_verify__T_mid__replicate_02/attempt_001/checkpoint_001_snapshot.json,0.023088023088023088,0.0,0.0,0.0,0
scan_then_verify__T_mid__r02__attempt_001,scan_then_verify,T_mid,2,scan,2,0,0.9320316587630493,1.499920718,3345.0,335,12,0,/qiuyeqing/llama_prl/G-ARC/outputs/psvr_autonomous_research/stage_2_baselines/raw/scan_then_verify__T_mid__replicate_02/attempt_001/checkpoint_002_snapshot.json,0.03463203463203463,0.0,0.0,0.0,0
scan_then_verify__T_mid__r02__attempt_001,scan_then_verify,T_mid,2,scan,3,0,0.9099070667475022,2.031792133,3305.0,331,16,0,/qiuyeqing/llama_prl/G-ARC/outputs/psvr_autonomous_research/stage_2_baselines/raw/scan_then_verify__T_mid__replicate_02/attempt_001/checkpoint_003_snapshot.json,0.046176046176046176,0.0,0.0,0.0,0
scan_then_verify__T_mid__r02__attempt_001,scan_then_verify,T_mid,2,scan,4,0,0.8880482355970069,2.549474494,3265.0,327,20,0,/qiuyeqing/llama_prl/G-ARC/outputs/psvr_autonomous_research/stage_2_baselines/raw/scan_then_verify__T_mid__replicate_02/attempt_001/checkpoint_004_snapshot.json,0.05772005772005772,0.0,0.0,0.0,0
scan_then_verify__T_mid__r02__attempt_001,scan_then_verify,T_mid,2,scan,5,0,0.8664551653115631,3.13306459,3225.0,323,24,0,/qiuyeqing/llama_prl/G-ARC/outputs/psvr_autonomous_research/stage_2_baselines/raw/scan_then_verify__T_mid__replicate_02/attempt_001/checkpoint_005_snapshot.json,0.06926406926406926,0.0,0.0,0.0,0
scan_then_verify__T_mid__r02__attempt_001,scan_then_verify,T_mid,2,scan,6,0,0.8451278558911709,3.676184906,3185.0,319,28,0,/qiuyeqing/llama_prl/G-ARC/outputs/psvr_autonomous_research/stage_2_baselines/raw/scan_then_verify__T_mid__replicate_02/attempt_001/checkpoint_006_snapshot.json,0.08080808080808081,0.0,0.0,0.0,0
scan_then_verify__T_mid__r02__attempt_001,scan_then_verify,T_mid,2,scan,7,0,0.8240663073358304,4.159326215,3145.0,315,32,0,/qiuyeqing/llama_prl/G-ARC/outputs/psvr_autonomous_research/stage_2_baselines/raw/scan_then_verify__T_mid__replicate_02/attempt_001/checkpoint_007_snapshot.json,0.09235209235209235,0.0,0.0,0.0,0
scan_then_verify__T_mid__r02__attempt_001,scan_then_verify,T_mid,2,scan,8,0,0.8032705196455414,4.70240884,3105.0,311,36,0,/qiuyeqing/llama_prl/G-ARC/outputs/psvr_autonomous_research/stage_2_baselines/raw/scan_then_verify__T_mid__replicate_02/attempt_001/checkpoint_008_snapshot.json,0.1038961038961039,0.0,0.0,0.0,0
scan_then_verify__T_mid__r02__attempt_001,scan_then_verify,T_mid,2,scan,9,0,0.7827404928203041,5.184441601,3065.0,307,40,0,/qiuyeqing/llama_prl/G-ARC/outputs/psvr_autonomous_research/stage_2_baselines/raw/scan_then_verify__T_mid__replicate_02/attempt_001/checkpoint_009_snapshot.json,0.11544011544011544,0.0,0.0,0.0,0
scan_then_verify__T_mid__r02__attempt_001,scan_then_verify,T_mid,2,scan,10,0,0.7624762268601184,5.666313032,3025.0,303,44,0,/qiuyeqing/llama_prl/G-ARC/outputs/psvr_autonomous_research/stage_2_baselines/raw/scan_then_verify__T_mid__replicate_02/attempt_001/checkpoint_010_snapshot.json,0.12698412698412698,0.0,0.0,0.0,0
scan_then_verify__T_mid__r02__attempt_001,scan_then_verify,T_mid,2,scan,11,0,0.7424777217649844,6.131971764,2985.0,299,48,0,/qiuyeqing/llama_prl/G-ARC/outputs/psvr_autonomous_research/stage_2_baselines/raw/scan_then_verify__T_mid__replicate_02/attempt_001/checkpoint_011_snapshot.json,0.13852813852813853,0.0,0.0,0.0,0
scan_then_verify__T_mid__r02__attempt_001,scan_then_verify,T_mid,2,scan,12,0,0.7227449775349019,6.604578774,2945.0,295,52,0,/qiuyeqing/llama_prl/G-ARC/outputs/psvr_autonomous_research/stage_2_baselines/raw/scan_then_verify__T_mid__replicate_02/attempt_001/checkpoint_012_snapshot.json,0.15007215007215008,0.0,0.0,0.0,0
scan_then_verify__T_mid__r02__attempt_001,scan_then_verify,T_mid,2,scan,13,0,0.703277994169871,7.146849265,2905.0,291,56,0,/qiuyeqing/llama_prl/G-ARC/outputs/psvr_autonomous_research/stage_2_baselines/raw/scan_then_verify__T_mid__replicate_02/attempt_001/checkpoint_013_snapshot.json,0.16161616161616163,0.0,0.0,0.0,0
scan_then_verify__T_mid__r02__attempt_001,scan_then_verify,T_mid,2,scan,14,0,0.6840767716698918,7.708420053,2865.0,287,60,0,/qiuyeqing/llama_prl/G-ARC/outputs/psvr_autonomous_research/stage_2_baselines/raw/scan_then_verify__T_mid__replicate_02/attempt_001/checkpoint_014_snapshot.json,0.17316017316017315,0.0,0.0,0.0,0
scan_then_verify__T_mid__r02__attempt_001,scan_then_verify,T_mid,2,scan,15,0,0.6651413100349641,8.263910951,2825.0,283,64,0,/qiuyeqing/llama_prl/G-ARC/outputs/psvr_autonomous_research/stage_2_baselines/raw/scan_then_verify__T_mid__replicate_02/attempt_001/checkpoint_015_snapshot.json,0.1847041847041847,0.0,0.0,0.0,0
scan_then_verify__T_mid__r02__attempt_001,scan_then_verify,T_mid,2,scan,16,0,0.6464716092650882,8.787491383,2785.0,279,68,0,/qiuyeqing/llama_prl/G-ARC/outputs/psvr_autonomous_research/stage_2_baselines/raw/scan_then_verify__T_mid__replicate_02/attempt_001/checkpoint_016_snapshot.json,0.19624819624819625,0.0,0.0,0.0,0
scan_then_verify__T_mid__r02__attempt_001,scan_then_verify,T_mid,2,scan,17,0,0.6280676693602638,9.337513261,2745.0,275,72,0,/qiuyeqing/llama_prl/G-ARC/outputs/psvr_autonomous_research/stage_2_baselines/raw/scan_then_verify__T_mid__replicate_02/attempt_001/checkpoint_017_snapshot.json,0.2077922077922078,0.0,0.0,0.0,0
scan_then_verify__T_mid__r02__attempt_001,scan_then_verify,T_mid,2,scan,18,0,0.609929490320491,9.883109905,2705.0,271,76,0,/qiuyeqing/llama_prl/G-ARC/outputs/psvr_autonomous_research/stage_2_baselines/raw/scan_then_verify__T_mid__replicate_02/attempt_001/checkpoint_018_snapshot.json,0.21933621933621933,0.0,0.0,0.0,0
scan_then_verify__T_mid__r02__attempt_001,scan_then_verify,T_mid,2,scan,19,0,0.5920570721457699,10.439114982,2665.0,267,80,0,/qiuyeqing/llama_prl/G-ARC/outputs/psvr_autonomous_research/stage_2_baselines/raw/scan_then_verify__T_mid__replicate_02/attempt_001/checkpoint_019_snapshot.json,0.23088023088023088,0.0,0.0,0.0,0
scan_then_verify__T_mid__r02__attempt_001,scan_then_verify,T_mid,2,scan,20,0,0.5744504148361003,10.972780263,2625.0,263,84,0,/qiuyeqing/llama_prl/G-ARC/outputs/psvr_autonomous_research/stage_2_baselines/raw/scan_then_verify__T_mid__replicate_02/attempt_001/checkpoint_020_snapshot.json,0.24242424242424243,0.0,0.0,0.0,0
scan_then_verify__T_mid__r02__attempt_001,scan_then_verify,T_mid,2,scan,21,0,0.5571095183914824,11.49258849,2585.0,259,88,0,/qiuyeqing/llama_prl/G-ARC/outputs/psvr_autonomous_research/stage_2_baselines/raw/scan_then_verify__T_mid__replicate_02/attempt_001/checkpoint_021_snapshot.json,0.25396825396825395,0.0,0.0,0.0,0
scan_then_verify__T_mid__r02__attempt_001,scan_then_verify,T_mid,2,scan,22,0,0.5400343828119161,12.010925171,2545.0,255,92,0,/qiuyeqing/llama_prl/G-ARC/outputs/psvr_autonomous_research/stage_2_baselines/raw/scan_then_verify__T_mid__replicate_02/attempt_001/checkpoint_022_snapshot.json,0.26551226551226553,0.0,0.0,0.0,0
scan_then_verify__T_mid__r02__attempt_001,scan_then_verify,T_mid,2,scan,23,0,0.5232250080974014,12.516133848,2505.0,251,96,0,/qiuyeqing/llama_prl/G-ARC/outputs/psvr_autonomous_research/stage_2_baselines/raw/scan_then_verify__T_mid__replicate_02/attempt_001/checkpoint_023_snapshot.json,0.27705627705627706,0.0,0.0,0.0,0
scan_then_verify__T_mid__r02__attempt_001,scan_then_verify,T_mid,2,scan,24,0,0.5066813942479382,13.029354698,2465.0,247,100,0,/qiuyeqing/llama_prl/G-ARC/outputs/psvr_autonomous_research/stage_2_baselines/raw/scan_then_verify__T_mid__replicate_02/attempt_001/checkpoint_024_snapshot.json,0.2886002886002886,0.0,0.0,0.0,0
scan_then_verify__T_mid__r02__attempt_001,scan_then_verify,T_mid,2,scan,25,0,0.4904035412635268,13.529083023,2425.0,243,104,0,/qiuyeqing/llama_prl/G-ARC/outputs/psvr_autonomous_research/stage_2_baselines/raw/scan_then_verify__T_mid__replicate_02/attempt_001/checkpoint_025_snapshot.json,0.30014430014430016,0.0,0.0,0.0,0
scan_then_verify__T_mid__r02__attempt_001,scan_then_verify,T_mid,2,scan,26,0,0.474391449144167,14.022945248,2385.0,239,108,0,/qiuyeqing/llama_prl/G-ARC/outputs/psvr_autonomous_research/stage_2_baselines/raw/scan_then_verify__T_mid__replicate_02/attempt_001/checkpoint_026_snapshot.json,0.3116883116883117,0.0,0.0,0.0,0
scan_then_verify__T_mid__r02__attempt_001,scan_then_verify,T_mid,2,scan,27,0,0.45864511788985873,14.501406448,2345.0,235,112,0,/qiuyeqing/llama_prl/G-ARC/outputs/psvr_autonomous_research/stage_2_baselines/raw/scan_then_verify__T_mid__replicate_02/attempt_001/checkpoint_027_snapshot.json,0.32323232323232326,0.0,0.0,0.0,0
scan_then_verify__T_mid__r02__attempt_001,scan_then_verify,T_mid,2,scan,28,0,0.44316454750060214,14.995928051,2305.0,231,116,0,/qiuyeqing/llama_prl/G-ARC/outputs/psvr_autonomous_research/stage_2_baselines/raw/scan_then_verify__T_mid__replicate_02/attempt_001/checkpoint_028_snapshot.json,0.3347763347763348,0.0,0.0,0.0,0
scan_then_verify__T_mid__r02__attempt_001,scan_then_verify,T_mid,2,scan,29,0,0.4279497379763971,15.463919013,2265.0,227,120,0,/qiuyeqing/llama_prl/G-ARC/outputs/psvr_autonomous_research/stage_2_baselines/raw/scan_then_verify__T_mid__replicate_02/attempt_001/checkpoint_029_snapshot.json,0.3463203463203463,0.0,0.0,0.0,0
scan_then_verify__T_mid__r02__attempt_001,scan_then_verify,T_mid,2,scan,30,0,0.4130006893172437,15.972003633,2225.0,223,124,0,/qiuyeqing/llama_prl/G-ARC/outputs/psvr_autonomous_research/stage_2_baselines/raw/scan_then_verify__T_mid__replicate_02/attempt_001/checkpoint_030_snapshot.json,0.3578643578643579,0.0,0.0,0.0,0
scan_then_verify__T_mid__r02__attempt_001,scan_then_verify,T_mid,2,scan,31,0,0.39831740152314193,16.524342964,2185.0,219,128,0,/qiuyeqing/llama_prl/G-ARC/outputs/psvr_autonomous_research/stage_2_baselines/raw/scan_then_verify__T_mid__replicate_02/attempt_001/checkpoint_031_snapshot.json,0.3694083694083694,0.0,0.0,0.0,0
scan_then_verify__T_mid__r02__attempt_001,scan_then_verify,T_mid,2,scan,32,0,0.3838998745940918,17.041030647,2145.0,215,132,0,/qiuyeqing/llama_prl/G-ARC/outputs/psvr_autonomous_research/stage_2_baselines/raw/scan_then_verify__T_mid__replicate_02/attempt_001/checkpoint_032_snapshot.json,0.38095238095238093,0.0,0.0,0.0,0
scan_then_verify__T_mid__r02__attempt_001,scan_then_verify,T_mid,2,scan,33,0,0.36974810853009327,17.61677973,2105.0,211,136,0,/qiuyeqing/llama_prl/G-ARC/outputs/psvr_autonomous_research/stage_2_baselines/raw/scan_then_verify__T_mid__replicate_02/attempt_001/checkpoint_033_snapshot.json,0.3924963924963925,0.0,0.0,0.0,0
scan_then_verify__T_mid__r02__attempt_001,scan_then_verify,T_mid,2,scan,34,0,0.3558621033311463,18.219337789,2065.0,207,140,0,/qiuyeqing/llama_prl/G-ARC/outputs/psvr_autonomous_research/stage_2_baselines/raw/scan_then_verify__T_mid__replicate_02/attempt_001/checkpoint_034_snapshot.json,0.40404040404040403,0.0,0.0,0.0,0
scan_then_verify__T_mid__r02__attempt_001,scan_then_verify,T_mid,2,scan,35,0,0.342241858997251,18.809852158,2025.0,203,144,0,/qiuyeqing/llama_prl/G-ARC/outputs/psvr_autonomous_research/stage_2_baselines/raw/scan_then_verify__T_mid__replicate_02/attempt_001/checkpoint_035_snapshot.json,0.4155844155844156,0.0,0.0,0.0,0
scan_then_verify__T_mid__r02__attempt_001,scan_then_verify,T_mid,2,scan,36,0,0.32888737552840736,19.331529329,1985.0,199,148,0,/qiuyeqing/llama_prl/G-ARC/outputs/psvr_autonomous_research/stage_2_baselines/raw/scan_then_verify__T_mid__replicate_02/attempt_001/checkpoint_036_snapshot.json,0.42712842712842713,0.0,0.0,0.0,0
scan_then_verify__T_mid__r02__attempt_001,scan_then_verify,T_mid,2,scan,37,0,0.3157986529246153,19.877604702,1945.0,195,152,0,/qiuyeqing/llama_prl/G-ARC/outputs/psvr_autonomous_research/stage_2_baselines/raw/scan_then_verify__T_mid__replicate_02/attempt_001/checkpoint_037_snapshot.json,0.43867243867243866,0.0,0.0,0.0,0
scan_then_verify__T_mid__r02__attempt_001,scan_then_verify,T_mid,2,scan,38,0,0.3029756911858748,20.427494748,1905.0,191,156,0,/qiuyeqing/llama_prl/G-ARC/outputs/psvr_autonomous_research/stage_2_baselines/raw/scan_then_verify__T_mid__replicate_02/attempt_001/checkpoint_038_snapshot.json,0.45021645021645024,0.0,0.0,0.0,0
scan_then_verify__T_mid__r02__attempt_001,scan_then_verify,T_mid,2,scan,39,0,0.290418490312186,20.952980622,1865.0,187,160,0,/qiuyeqing/llama_prl/G-ARC/outputs/psvr_autonomous_research/stage_2_baselines/raw/scan_then_verify__T_mid__replicate_02/attempt_001/checkpoint_039_snapshot.json,0.46176046176046176,0.0,0.0,0.0,0
scan_then_verify__T_mid__r02__attempt_001,scan_then_verify,T_mid,2,scan,40,0,0.27812705030354873,21.449898599,1825.0,183,164,0,/qiuyeqing/llama_prl/G-ARC/outputs/psvr_autonomous_research/stage_2_baselines/raw/scan_then_verify__T_mid__replicate_02/attempt_001/checkpoint_040_snapshot.json,0.4733044733044733,0.0,0.0,0.0,0
scan_then_verify__T_mid__r02__attempt_001,scan_then_verify,T_mid,2,scan,41,0,0.26610137115996313,21.962489174,1785.0,179,168,0,/qiuyeqing/llama_prl/G-ARC/outputs/psvr_autonomous_research/stage_2_baselines/raw/scan_then_verify__T_mid__replicate_02/attempt_001/checkpoint_041_snapshot.json,0.48484848484848486,0.0,0.0,0.0,0
scan_then_verify__T_mid__r02__attempt_001,scan_then_verify,T_mid,2,scan,42,0,0.2543414528814291,22.527547067,1745.0,175,172,0,/qiuyeqing/llama_prl/G-ARC/outputs/psvr_autonomous_research/stage_2_baselines/raw/scan_then_verify__T_mid__replicate_02/attempt_001/checkpoint_042_snapshot.json,0.4963924963924964,0.0,0.0,0.0,0
scan_then_verify__T_mid__r02__attempt_001,scan_then_verify,T_mid,2,scan,43,0,0.24284729546794676,23.066742619,1705.0,171,176,0,/qiuyeqing/llama_prl/G-ARC/outputs/psvr_autonomous_research/stage_2_baselines/raw/scan_then_verify__T_mid__replicate_02/attempt_001/checkpoint_043_snapshot.json,0.5079365079365079,0.0,0.0,0.0,0
scan_then_verify__T_mid__r02__attempt_001,scan_then_verify,T_mid,2,scan,44,0,0.23161889891951598,23.642637164,1665.0,167,180,0,/qiuyeqing/llama_prl/G-ARC/outputs/psvr_autonomous_research/stage_2_baselines/raw/scan_then_verify__T_mid__replicate_02/attempt_001/checkpoint_044_snapshot.json,0.5194805194805194,0.0,0.0,0.0,0
scan_then_verify__T_mid__r02__attempt_001,scan_then_verify,T_mid,2,scan,45,0,0.22065626323613682,24.170599105,1625.0,163,184,0,/qiuyeqing/llama_prl/G-ARC/outputs/psvr_autonomous_research/stage_2_baselines/raw/scan_then_verify__T_mid__replicate_02/attempt_001/checkpoint_045_snapshot.json,0.5310245310245311,0.0,0.0,0.0,0
scan_then_verify__T_mid__r02__attempt_001,scan_then_verify,T_mid,2,scan,46,0,0.2099593884178093,24.683347174,1585.0,159,188,0,/qiuyeqing/llama_prl/G-ARC/outputs/psvr_autonomous_research/stage_2_baselines/raw/scan_then_verify__T_mid__replicate_02/attempt_001/checkpoint_046_snapshot.json,0.5425685425685426,0.0,0.0,0.0,0
scan_then_verify__T_mid__r02__attempt_001,scan_then_verify,T_mid,2,scan,47,0,0.1995282744645334,25.17556818,1545.0,155,192,0,/qiuyeqing/llama_prl/G-ARC/outputs/psvr_autonomous_research/stage_2_baselines/raw/scan_then_verify__T_mid__replicate_02/attempt_001/checkpoint_047_snapshot.json,0.5541125541125541,0.0,0.0,0.0,0
scan_then_verify__T_mid__r02__attempt_001,scan_then_verify,T_mid,2,scan,48,0,0.18936292137630908,25.647716322,1505.0,151,196,0,/qiuyeqing/llama_prl/G-ARC/outputs/psvr_autonomous_research/stage_2_baselines/raw/scan_then_verify__T_mid__replicate_02/attempt_001/checkpoint_048_snapshot.json,0.5656565656565656,0.0,0.0,0.0,0
scan_then_verify__T_mid__r02__attempt_001,scan_then_verify,T_mid,2,scan,49,0,0.1794633291531364,26.169034234,1465.0,147,200,0,/qiuyeqing/llama_prl/G-ARC/outputs/psvr_autonomous_research/stage_2_baselines/raw/scan_then_verify__T_mid__replicate_02/attempt_001/checkpoint_049_snapshot.json,0.5772005772005772,0.0,0.0,0.0,0
scan_then_verify__T_mid__r02__attempt_001,scan_then_verify,T_mid,2,scan,50,0,0.16982949779501533,26.67949701,1425.0,143,204,0,/qiuyeqing/llama_prl/G-ARC/outputs/psvr_autonomous_research/stage_2_baselines/raw/scan_then_verify__T_mid__replicate_02/attempt_001/checkpoint_050_snapshot.json,0.5887445887445888,0.0,0.0,0.0,0
scan_then_verify__T_mid__r02__attempt_001,scan_then_verify,T_mid,2,scan,51,0,0.16046142730194587,27.209879747,1385.0,139,208,0,/qiuyeqing/llama_prl/G-ARC/outputs/psvr_autonomous_research/stage_2_baselines/raw/scan_then_verify__T_mid__replicate_02/attempt_001/checkpoint_051_snapshot.json,0.6002886002886003,0.0,0.0,0.0,0
scan_then_verify__T_mid__r02__attempt_001,scan_then_verify,T_mid,2,scan,52,0,0.15135911767392804,27.711329104,1345.0,135,212,0,/qiuyeqing/llama_prl/G-ARC/outputs/psvr_autonomous_research/stage_2_baselines/raw/scan_then_verify__T_mid__replicate_02/attempt_001/checkpoint_052_snapshot.json,0.6118326118326118,0.0,0.0,0.0,0
scan_then_verify__T_mid__r02__attempt_001,scan_then_verify,T_mid,2,scan,53,0,0.1425225689109618,28.300728473,1305.0,131,216,0,/qiuyeqing/llama_prl/G-ARC/outputs/psvr_autonomous_research/stage_2_baselines/raw/scan_then_verify__T_mid__replicate_02/attempt_001/checkpoint_053_snapshot.json,0.6233766233766234,0.0,0.0,0.0,0
scan_then_verify__T_mid__r02__attempt_001,scan_then_verify,T_mid,2,scan,54,0,0.1339517810130472,28.836420892,1265.0,127,220,0,/qiuyeqing/llama_prl/G-ARC/outputs/psvr_autonomous_research/stage_2_baselines/raw/scan_then_verify__T_mid__replicate_02/attempt_001/checkpoint_054_snapshot.json,0.6349206349206349,0.0,0.0,0.0,0
scan_then_verify__T_mid__r02__attempt_001,scan_then_verify,T_mid,2,scan,55,0,0.1256467539801842,29.363047544,1225.0,123,224,0,/qiuyeqing/llama_prl/G-ARC/outputs/psvr_autonomous_research/stage_2_baselines/raw/scan_then_verify__T_mid__replicate_02/attempt_001/checkpoint_055_snapshot.json,0.6464646464646465,0.0,0.0,0.0,0
scan_then_verify__T_mid__r02__attempt_001,scan_then_verify,T_mid,2,scan,56,0,0.11760748781237283,29.948796285,1185.0,119,228,0,/qiuyeqing/llama_prl/G-ARC/outputs/psvr_autonomous_research/stage_2_baselines/raw/scan_then_verify__T_mid__replicate_02/attempt_001/checkpoint_056_snapshot.json,0.658008658008658,0.0,0.0,0.0,0
scan_then_verify__T_mid__r02__attempt_001,scan_then_verify,T_mid,2,scan,57,0,0.10983398250961307,30.528508308,1145.0,115,232,0,/qiuyeqing/llama_prl/G-ARC/outputs/psvr_autonomous_research/stage_2_baselines/raw/scan_then_verify__T_mid__replicate_02/attempt_001/checkpoint_057_snapshot.json,0.6695526695526696,0.0,0.0,0.0,0
scan_then_verify__T_mid__r02__attempt_001,scan_then_verify,T_mid,2,scan,58,0,0.10232623807190493,31.072447467,1105.0,111,236,0,/qiuyeqing/llama_prl/G-ARC/outputs/psvr_autonomous_research/stage_2_baselines/raw/scan_then_verify__T_mid__replicate_02/attempt_001/checkpoint_058_snapshot.json,0.6810966810966811,0.0,0.0,0.0,0
scan_then_verify__T_mid__r02__attempt_001,scan_then_verify,T_mid,2,scan,59,0,0.0950842544992484,31.628605102,1065.0,107,240,0,/qiuyeqing/llama_prl/G-ARC/outputs/psvr_autonomous_research/stage_2_baselines/raw/scan_then_verify__T_mid__replicate_02/attempt_001/checkpoint_059_snapshot.json,0.6926406926406926,0.0,0.0,0.0,0
scan_then_verify__T_mid__r02__attempt_001,scan_then_verify,T_mid,2,scan,60,0,0.08810803179164348,32.163855386,1025.0,103,244,0,/qiuyeqing/llama_prl/G-ARC/outputs/psvr_autonomous_research/stage_2_baselines/raw/scan_then_verify__T_mid__replicate_02/attempt_001/checkpoint_060_snapshot.json,0.7041847041847041,0.0,0.0,0.0,0
scan_then_verify__T_mid__r02__attempt_001,scan_then_verify,T_mid,2,scan,61,0,0.08139756994909018,32.723206677,985.0,99,248,0,/qiuyeqing/llama_prl/G-ARC/outputs/psvr_autonomous_research/stage_2_baselines/raw/scan_then_verify__T_mid__replicate_02/attempt_001/checkpoint_061_snapshot.json,0.7157287157287158,0.0,0.0,0.0,0
scan_then_verify__T_mid__r02__attempt_001,scan_then_verify,T_mid,2,scan,62,0,0.0749528689715885,33.292168261,945.0,95,252,0,/qiuyeqing/llama_prl/G-ARC/outputs/psvr_autonomous_research/stage_2_baselines/raw/scan_then_verify__T_mid__replicate_02/attempt_001/checkpoint_062_snapshot.json,0.7272727272727273,0.0,0.0,0.0,0
scan_then_verify__T_mid__r02__attempt_001,scan_then_verify,T_mid,2,scan,63,0,0.06877392885913844,33.823521518,905.0,91,256,0,/qiuyeqing/llama_prl/G-ARC/outputs/psvr_autonomous_research/stage_2_baselines/raw/scan_then_verify__T_mid__replicate_02/attempt_001/checkpoint_063_snapshot.json,0.7388167388167388,0.0,0.0,0.0,0
scan_then_verify__T_mid__r02__attempt_001,scan_then_verify,T_mid,2,scan,64,0,0.06286074961173999,34.358251131,865.0,87,260,0,/qiuyeqing/llama_prl/G-ARC/outputs/psvr_autonomous_research/stage_2_baselines/raw/scan_then_verify__T_mid__replicate_02/attempt_001/checkpoint_064_snapshot.json,0.7503607503607503,0.0,0.0,0.0,0
scan_then_verify__T_mid__r02__attempt_001,scan_then_verify,T_mid,2,scan,65,0,0.05721333122939315,34.893705035,825.0,83,264,0,/qiuyeqing/llama_prl/G-ARC/outputs/psvr_autonomous_research/stage_2_baselines/raw/scan_then_verify__T_mid__replicate_02/attempt_001/checkpoint_065_snapshot.json,0.7619047619047619,0.0,0.0,0.0,0
scan_then_verify__T_mid__r02__attempt_001,scan_then_verify,T_mid,2,scan,66,0,0.05183167371209793,35.457745151,785.0,79,268,0,/qiuyeqing/llama_prl/G-ARC/outputs/psvr_autonomous_research/stage_2_baselines/raw/scan_then_verify__T_mid__replicate_02/attempt_001/checkpoint_066_snapshot.json,0.7734487734487735,0.0,0.0,0.0,0
scan_then_verify__T_mid__r02__attempt_001,scan_then_verify,T_mid,2,scan,67,0,0.04671577705985433,36.014069998,745.0,75,272,0,/qiuyeqing/llama_prl/G-ARC/outputs/psvr_autonomous_research/stage_2_baselines/raw/scan_then_verify__T_mid__replicate_02/attempt_001/checkpoint_067_snapshot.json,0.784992784992785,0.0,0.0,0.0,0
scan_then_verify__T_mid__r02__attempt_001,scan_then_verify,T_mid,2,scan,68,0,0.04186564127266234,36.537977398,705.0,71,276,0,/qiuyeqing/llama_prl/G-ARC/outputs/psvr_autonomous_research/stage_2_baselines/raw/scan_then_verify__T_mid__replicate_02/attempt_001/checkpoint_068_snapshot.json,0.7965367965367965,0.0,0.0,0.0,0
scan_then_verify__T_mid__r02__attempt_001,scan_then_verify,T_mid,2,scan,69,0,0.03728126635052197,37.079958375,665.0,67,280,0,/qiuyeqing/llama_prl/G-ARC/outputs/psvr_autonomous_research/stage_2_baselines/raw/scan_then_verify__T_mid__replicate_02/attempt_001/checkpoint_069_snapshot.json,0.8080808080808081,0.0,0.0,0.0,0
scan_then_verify__T_mid__r02__attempt_001,scan_then_verify,T_mid,2,scan,70,0,0.03296265229343322,37.597409083,625.0,63,284,0,/qiuyeqing/llama_prl/G-ARC/outputs/psvr_autonomous_research/stage_2_baselines/raw/scan_then_verify__T_mid__replicate_02/attempt_001/checkpoint_070_snapshot.json,0.8196248196248196,0.0,0.0,0.0,0
scan_then_verify__T_mid__r02__attempt_001,scan_then_verify,T_mid,2,scan,71,0,0.028909799101396075,38.16532129,585.0,59,288,0,/qiuyeqing/llama_prl/G-ARC/outputs/psvr_autonomous_research/stage_2_baselines/raw/scan_then_verify__T_mid__replicate_02/attempt_001/checkpoint_071_snapshot.json,0.8311688311688312,0.0,0.0,0.0,0
scan_then_verify__T_mid__r02__attempt_001,scan_then_verify,T_mid,2,scan,72,0,0.02512270677441055,38.691183076,545.0,55,292,0,/qiuyeqing/llama_prl/G-ARC/outputs/psvr_autonomous_research/stage_2_baselines/raw/scan_then_verify__T_mid__replicate_02/attempt_001/checkpoint_072_snapshot.json,0.8427128427128427,0.0,0.0,0.0,0
scan_then_verify__T_mid__r02__attempt_001,scan_then_verify,T_mid,2,scan,73,0,0.02160137531247664,39.258101369,505.0,51,296,0,/qiuyeqing/llama_prl/G-ARC/outputs/psvr_autonomous_research/stage_2_baselines/raw/scan_then_verify__T_mid__replicate_02/attempt_001/checkpoint_073_snapshot.json,0.8542568542568543,0.0,0.0,0.0,0
scan_then_verify__T_mid__r02__attempt_001,scan_then_verify,T_mid,2,scan,74,0,0.018345804715594348,39.805463211,465.0,47,300,0,/qiuyeqing/llama_prl/G-ARC/outputs/psvr_autonomous_research/stage_2_baselines/raw/scan_then_verify__T_mid__replicate_02/attempt_001/checkpoint_074_snapshot.json,0.8658008658008658,0.0,0.0,0.0,0
scan_then_verify__T_mid__r02__attempt_001,scan_then_verify,T_mid,2,scan,75,0,0.015355994983763673,40.341032319,425.0,43,304,0,/qiuyeqing/llama_prl/G-ARC/outputs/psvr_autonomous_research/stage_2_baselines/raw/scan_then_verify__T_mid__replicate_02/attempt_001/checkpoint_075_snapshot.json,0.8773448773448773,0.0,0.0,0.0,0
scan_then_verify__T_mid__r02__attempt_001,scan_then_verify,T_mid,2,scan,76,0,0.012631946116984611,40.911452674,385.0,39,308,0,/qiuyeqing/llama_prl/G-ARC/outputs/psvr_autonomous_research/stage_2_baselines/raw/scan_then_verify__T_mid__replicate_02/attempt_001/checkpoint_076_snapshot.json,0.8888888888888888,0.0,0.0,0.0,0
scan_then_verify__T_mid__r02__attempt_001,scan_then_verify,T_mid,2,scan,77,0,0.010173658115257165,41.421324038,345.0,35,312,0,/qiuyeqing/llama_prl/G-ARC/outputs/psvr_autonomous_research/stage_2_baselines/raw/scan_then_verify__T_mid__replicate_02/attempt_001/checkpoint_077_snapshot.json,0.9004329004329005,0.0,0.0,0.0,0
scan_then_verify__T_mid__r02__attempt_001,scan_then_verify,T_mid,2,scan,78,0,0.007981130978581335,41.938070163,305.0,31,316,0,/qiuyeqing/llama_prl/G-ARC/outputs/psvr_autonomous_research/stage_2_baselines/raw/scan_then_verify__T_mid__replicate_02/attempt_001/checkpoint_078_snapshot.json,0.911976911976912,0.0,0.0,0.0,0
scan_then_verify__T_mid__r02__attempt_001,scan_then_verify,T_mid,2,scan,79,0,0.006054364706957121,42.449414483,265.0,27,320,0,/qiuyeqing/llama_prl/G-ARC/outputs/psvr_autonomous_research/stage_2_baselines/raw/scan_then_verify__T_mid__replicate_02/attempt_001/checkpoint_079_snapshot.json,0.9235209235209235,0.0,0.0,0.0,0
scan_then_verify__T_mid__r02__attempt_001,scan_then_verify,T_mid,2,scan,80,0,0.004393359300384523,42.984232121,225.0,23,324,0,/qiuyeqing/llama_prl/G-ARC/outputs/psvr_autonomous_research/stage_2_baselines/raw/scan_then_verify__T_mid__replicate_02/attempt_001/checkpoint_080_snapshot.json,0.935064935064935,0.0,0.0,0.0,0
scan_then_verify__T_mid__r02__attempt_001,scan_then_verify,T_mid,2,scan,81,0,0.0029981147588635402,43.466027274,185.0,19,328,0,/qiuyeqing/llama_prl/G-ARC/outputs/psvr_autonomous_research/stage_2_baselines/raw/scan_then_verify__T_mid__replicate_02/attempt_001/checkpoint_081_snapshot.json,0.9466089466089466,0.0,0.0,0.0,0
scan_then_verify__T_mid__r02__attempt_001,scan_then_verify,T_mid,2,scan,82,0,0.0018686310823941732,44.016116983,145.0,15,332,0,/qiuyeqing/llama_prl/G-ARC/outputs/psvr_autonomous_research/stage_2_baselines/raw/scan_then_verify__T_mid__replicate_02/attempt_001/checkpoint_082_snapshot.json,0.9581529581529582,0.0,0.0,0.0,0
scan_then_verify__T_mid__r02__attempt_001,scan_then_verify,T_mid,2,scan,83,0,0.001004908270976422,44.550234104,105.0,11,336,0,/qiuyeqing/llama_prl/G-ARC/outputs/psvr_autonomous_research/stage_2_baselines/raw/scan_then_verify__T_mid__replicate_02/attempt_001/checkpoint_083_snapshot.json,0.9696969696969697,0.0,0.0,0.0,0
scan_then_verify__T_mid__r02__attempt_001,scan_then_verify,T_mid,2,scan,84,0,0.0004069463246102866,45.090311921,65.0,7,340,0,/qiuyeqing/llama_prl/G-ARC/outputs/psvr_autonomous_research/stage_2_baselines/raw/scan_then_verify__T_mid__replicate_02/attempt_001/checkpoint_084_snapshot.json,0.9812409812409812,0.0,0.0,0.0,0
scan_then_verify__T_mid__r02__attempt_001,scan_then_verify,T_mid,2,scan,85,0,7.474524329576693e-05,45.633127825,25.0,3,344,0,/qiuyeqing/llama_prl/G-ARC/outputs/psvr_autonomous_research/stage_2_baselines/raw/scan_then_verify__T_mid__replicate_02/attempt_001/checkpoint_085_snapshot.json,0.9927849927849928,0.0,0.0,0.0,0
scan_then_verify__T_mid__r02__attempt_001,scan_then_verify,T_mid,2,scan,86,0,0.0,46.10641934,0.0,0,347,0,/qiuyeqing/llama_prl/G-ARC/outputs/psvr_autonomous_research/stage_2_baselines/raw/scan_then_verify__T_mid__replicate_02/attempt_001/checkpoint_086_snapshot.json,1.0,0.0,0.0,0.0,0
scan_then_verify__T_mid__r02__attempt_001,scan_then_verify,T_mid,2,query,87,0,0.0,64.611023101,0.0,0,347,1,/qiuyeqing/llama_prl/G-ARC/outputs/psvr_autonomous_research/stage_2_baselines/raw/scan_then_verify__T_mid__replicate_02/attempt_001/checkpoint_087_snapshot.json,1.0,0.0,0.0,0.0,0
scan_then_verify__T_short__r00__attempt_001,scan_then_verify,T_short,0,scan,0,0,0.9770781253892982,0.677882026,3425.0,343,4,0,/qiuyeqing/llama_prl/G-ARC/outputs/psvr_autonomous_research/stage_2_baselines/raw/scan_then_verify__T_short__replicate_00/attempt_001/checkpoint_000_snapshot.json,0.011544011544011544,0.0,0.0,0.0,0
scan_then_verify__T_short__r00__attempt_001,scan_then_verify,T_short,0,scan,1,0,0.9544220116436479,1.203900924,3385.0,339,8,0,/qiuyeqing/llama_prl/G-ARC/outputs/psvr_autonomous_research/stage_2_baselines/raw/scan_then_verify__T_short__replicate_00/attempt_001/checkpoint_001_snapshot.json,0.023088023088023088,0.0,0.0,0.0,0
scan_then_verify__T_short__r00__attempt_001,scan_then_verify,T_short,0,scan,2,0,0.9320316587630493,1.820302119,3345.0,335,12,0,/qiuyeqing/llama_prl/G-ARC/outputs/psvr_autonomous_research/stage_2_baselines/raw/scan_then_verify__T_short__replicate_00/attempt_001/checkpoint_002_snapshot.json,0.03463203463203463,0.0,0.0,0.0,0
scan_then_verify__T_short__r00__attempt_001,scan_then_verify,T_short,0,scan,3,0,0.9099070667475022,2.600112822,3305.0,331,16,0,/qiuyeqing/llama_prl/G-ARC/outputs/psvr_autonomous_research/stage_2_baselines/raw/scan_then_verify__T_short__replicate_00/attempt_001/checkpoint_003_snapshot.json,0.046176046176046176,0.0,0.0,0.0,0
scan_then_verify__T_short__r00__attempt_001,scan_then_verify,T_short,0,scan,4,0,0.8880482355970069,3.256186718,3265.0,327,20,0,/qiuyeqing/llama_prl/G-ARC/outputs/psvr_autonomous_research/stage_2_baselines/raw/scan_then_verify__T_short__replicate_00/attempt_001/checkpoint_004_snapshot.json,0.05772005772005772,0.0,0.0,0.0,0
scan_then_verify__T_short__r00__attempt_001,scan_then_verify,T_short,0,scan,5,0,0.8664551653115631,3.987086529,3225.0,323,24,0,/qiuyeqing/llama_prl/G-ARC/outputs/psvr_autonomous_research/stage_2_baselines/raw/scan_then_verify__T_short__replicate_00/attempt_001/checkpoint_005_snapshot.json,0.06926406926406926,0.0,0.0,0.0,0
scan_then_verify__T_short__r00__attempt_001,scan_then_verify,T_short,0,scan,6,0,0.8451278558911709,4.717439922,3185.0,319,28,0,/qiuyeqing/llama_prl/G-ARC/outputs/psvr_autonomous_research/stage_2_baselines/raw/scan_then_verify__T_short__replicate_00/attempt_001/checkpoint_006_snapshot.json,0.08080808080808081,0.0,0.0,0.0,0
scan_then_verify__T_short__r00__attempt_001,scan_then_verify,T_short,0,scan,7,0,0.8240663073358304,5.452608039,3145.0,315,32,0,/qiuyeqing/llama_prl/G-ARC/outputs/psvr_autonomous_research/stage_2_baselines/raw/scan_then_verify__T_short__replicate_00/attempt_001/checkpoint_007_snapshot.json,0.09235209235209235,0.0,0.0,0.0,0
scan_then_verify__T_short__r00__attempt_001,scan_then_verify,T_short,0,scan,8,0,0.8032705196455414,6.064260742,3105.0,311,36,0,/qiuyeqing/llama_prl/G-ARC/outputs/psvr_autonomous_research/stage_2_baselines/raw/scan_then_verify__T_short__replicate_00/attempt_001/checkpoint_008_snapshot.json,0.1038961038961039,0.0,0.0,0.0,0
scan_then_verify__T_short__r00__attempt_001,scan_then_verify,T_short,0,scan,9,0,0.7827404928203041,6.622212696,3065.0,307,40,0,/qiuyeqing/llama_prl/G-ARC/outputs/psvr_autonomous_research/stage_2_baselines/raw/scan_then_verify__T_short__replicate_00/attempt_001/checkpoint_009_snapshot.json,0.11544011544011544,0.0,0.0,0.0,0
scan_then_verify__T_short__r00__attempt_001,scan_then_verify,T_short,0,scan,10,0,0.7624762268601184,7.211638337,3025.0,303,44,0,/qiuyeqing/llama_prl/G-ARC/outputs/psvr_autonomous_research/stage_2_baselines/raw/scan_then_verify__T_short__replicate_00/attempt_001/checkpoint_010_snapshot.json,0.12698412698412698,0.0,0.0,0.0,0
scan_then_verify__T_short__r00__attempt_001,scan_then_verify,T_short,0,scan,11,0,0.7424777217649844,7.676986145,2985.0,299,48,0,/qiuyeqing/llama_prl/G-ARC/outputs/psvr_autonomous_research/stage_2_baselines/raw/scan_then_verify__T_short__replicate_00/attempt_001/checkpoint_011_snapshot.json,0.13852813852813853,0.0,0.0,0.0,0
scan_then_verify__T_short__r00__attempt_001,scan_then_verify,T_short,0,scan,12,0,0.7227449775349019,8.249352369,2945.0,295,52,0,/qiuyeqing/llama_prl/G-ARC/outputs/psvr_autonomous_research/stage_2_baselines/raw/scan_then_verify__T_short__replicate_00/attempt_001/checkpoint_012_snapshot.json,0.15007215007215008,0.0,0.0,0.0,0
scan_then_verify__T_short__r00__attempt_001,scan_then_verify,T_short,0,scan,13,0,0.703277994169871,8.881143307,2905.0,291,56,0,/qiuyeqing/llama_prl/G-ARC/outputs/psvr_autonomous_research/stage_2_baselines/raw/scan_then_verify__T_short__replicate_00/attempt_001/checkpoint_013_snapshot.json,0.16161616161616163,0.0,0.0,0.0,0
scan_then_verify__T_short__r00__attempt_001,scan_then_verify,T_short,0,scan,14,0,0.6840767716698918,9.502371962,2865.0,287,60,0,/qiuyeqing/llama_prl/G-ARC/outputs/psvr_autonomous_research/stage_2_baselines/raw/scan_then_verify__T_short__replicate_00/attempt_001/checkpoint_014_snapshot.json,0.17316017316017315,0.0,0.0,0.0,0
scan_then_verify__T_short__r00__attempt_001,scan_then_verify,T_short,0,scan,15,0,0.6651413100349641,10.079701038,2825.0,283,64,0,/qiuyeqing/llama_prl/G-ARC/outputs/psvr_autonomous_research/stage_2_baselines/raw/scan_then_verify__T_short__replicate_00/attempt_001/checkpoint_015_snapshot.json,0.1847041847041847,0.0,0.0,0.0,0
scan_then_verify__T_short__r00__attempt_001,scan_then_verify,T_short,0,scan,16,0,0.6464716092650882,10.732107695,2785.0,279,68,0,/qiuyeqing/llama_prl/G-ARC/outputs/psvr_autonomous_research/stage_2_baselines/raw/scan_then_verify__T_short__replicate_00/attempt_001/checkpoint_016_snapshot.json,0.19624819624819625,0.0,0.0,0.0,0
scan_then_verify__T_short__r00__attempt_001,scan_then_verify,T_short,0,scan,17,0,0.6280676693602638,11.39322509,2745.0,275,72,0,/qiuyeqing/llama_prl/G-ARC/outputs/psvr_autonomous_research/stage_2_baselines/raw/scan_then_verify__T_short__replicate_00/attempt_001/checkpoint_017_snapshot.json,0.2077922077922078,0.0,0.0,0.0,0
scan_then_verify__T_short__r00__attempt_001,scan_then_verify,T_short,0,scan,18,0,0.609929490320491,12.116118875,2705.0,271,76,0,/qiuyeqing/llama_prl/G-ARC/outputs/psvr_autonomous_research/stage_2_baselines/raw/scan_then_verify__T_short__replicate_00/attempt_001/checkpoint_018_snapshot.json,0.21933621933621933,0.0,0.0,0.0,0
scan_then_verify__T_short__r00__attempt_001,scan_then_verify,T_short,0,scan,19,0,0.5920570721457699,12.820907112,2665.0,267,80,0,/qiuyeqing/llama_prl/G-ARC/outputs/psvr_autonomous_research/stage_2_baselines/raw/scan_then_verify__T_short__replicate_00/attempt_001/checkpoint_019_snapshot.json,0.23088023088023088,0.0,0.0,0.0,0
scan_then_verify__T_short__r00__attempt_001,scan_then_verify,T_short,0,scan,20,0,0.5744504148361003,13.573062121,2625.0,263,84,0,/qiuyeqing/llama_prl/G-ARC/outputs/psvr_autonomous_research/stage_2_baselines/raw/scan_then_verify__T_short__replicate_00/attempt_001/checkpoint_020_snapshot.json,0.24242424242424243,0.0,0.0,0.0,0
scan_then_verify__T_short__r00__attempt_001,scan_then_verify,T_short,0,scan,21,0,0.5571095183914824,14.244806997,2585.0,259,88,0,/qiuyeqing/llama_prl/G-ARC/outputs/psvr_autonomous_research/stage_2_baselines/raw/scan_then_verify__T_short__replicate_00/attempt_001/checkpoint_021_snapshot.json,0.25396825396825395,0.0,0.0,0.0,0
scan_then_verify__T_short__r00__attempt_001,scan_then_verify,T_short,0,scan,22,0,0.5400343828119161,14.939526507,2545.0,255,92,0,/qiuyeqing/llama_prl/G-ARC/outputs/psvr_autonomous_research/stage_2_baselines/raw/scan_then_verify__T_short__replicate_00/attempt_001/checkpoint_022_snapshot.json,0.26551226551226553,0.0,0.0,0.0,0
scan_then_verify__T_short__r00__attempt_001,scan_then_verify,T_short,0,scan,23,0,0.5232250080974014,15.581021164,2505.0,251,96,0,/qiuyeqing/llama_prl/G-ARC/outputs/psvr_autonomous_research/stage_2_baselines/raw/scan_then_verify__T_short__replicate_00/attempt_001/checkpoint_023_snapshot.json,0.27705627705627706,0.0,0.0,0.0,0
scan_then_verify__T_short__r00__attempt_001,scan_then_verify,T_short,0,scan,24,0,0.5066813942479382,16.222149237,2465.0,247,100,0,/qiuyeqing/llama_prl/G-ARC/outputs/psvr_autonomous_research/stage_2_baselines/raw/scan_then_verify__T_short__replicate_00/attempt_001/checkpoint_024_snapshot.json,0.2886002886002886,0.0,0.0,0.0,0
scan_then_verify__T_short__r00__attempt_001,scan_then_verify,T_short,0,scan,25,0,0.4904035412635268,16.863096954,2425.0,243,104,0,/qiuyeqing/llama_prl/G-ARC/outputs/psvr_autonomous_research/stage_2_baselines/raw/scan_then_verify__T_short__replicate_00/attempt_001/checkpoint_025_snapshot.json,0.30014430014430016,0.0,0.0,0.0,0
scan_then_verify__T_short__r00__attempt_001,scan_then_verify,T_short,0,scan,26,0,0.474391449144167,17.473759547,2385.0,239,108,0,/qiuyeqing/llama_prl/G-ARC/outputs/psvr_autonomous_research/stage_2_baselines/raw/scan_then_verify__T_short__replicate_00/attempt_001/checkpoint_026_snapshot.json,0.3116883116883117,0.0,0.0,0.0,0
scan_then_verify__T_short__r00__attempt_001,scan_then_verify,T_short,0,scan,27,0,0.45864511788985873,17.972423942,2345.0,235,112,0,/qiuyeqing/llama_prl/G-ARC/outputs/psvr_autonomous_research/stage_2_baselines/raw/scan_then_verify__T_short__replicate_00/attempt_001/checkpoint_027_snapshot.json,0.32323232323232326,0.0,0.0,0.0,0
scan_then_verify__T_short__r00__attempt_001,scan_then_verify,T_short,0,scan,28,0,0.44316454750060214,18.600835826,2305.0,231,116,0,/qiuyeqing/llama_prl/G-ARC/outputs/psvr_autonomous_research/stage_2_baselines/raw/scan_then_verify__T_short__replicate_00/attempt_001/checkpoint_028_snapshot.json,0.3347763347763348,0.0,0.0,0.0,0
scan_then_verify__T_short__r00__attempt_001,scan_then_verify,T_short,0,scan,29,0,0.4279497379763971,19.462546503,2265.0,227,120,0,/qiuyeqing/llama_prl/G-ARC/outputs/psvr_autonomous_research/stage_2_baselines/raw/scan_then_verify__T_short__replicate_00/attempt_001/checkpoint_029_snapshot.json,0.3463203463203463,0.0,0.0,0.0,0
scan_then_verify__T_short__r00__attempt_001,scan_then_verify,T_short,0,scan,30,0,0.4130006893172437,20.030236275,2225.0,223,124,0,/qiuyeqing/llama_prl/G-ARC/outputs/psvr_autonomous_research/stage_2_baselines/raw/scan_then_verify__T_short__replicate_00/attempt_001/checkpoint_030_snapshot.json,0.3578643578643579,0.0,0.0,0.0,0
scan_then_verify__T_short__r00__attempt_001,scan_then_verify,T_short,0,scan,31,0,0.39831740152314193,20.923781258,2185.0,219,128,0,/qiuyeqing/llama_prl/G-ARC/outputs/psvr_autonomous_research/stage_2_baselines/raw/scan_then_verify__T_short__replicate_00/attempt_001/checkpoint_031_snapshot.json,0.3694083694083694,0.0,0.0,0.0,0
scan_then_verify__T_short__r00__attempt_001,scan_then_verify,T_short,0,scan,32,0,0.3838998745940918,21.462676677,2145.0,215,132,0,/qiuyeqing/llama_prl/G-ARC/outputs/psvr_autonomous_research/stage_2_baselines/raw/scan_then_verify__T_short__replicate_00/attempt_001/checkpoint_032_snapshot.json,0.38095238095238093,0.0,0.0,0.0,0
scan_then_verify__T_short__r00__attempt_001,scan_then_verify,T_short,0,scan,33,0,0.36974810853009327,22.15158376,2105.0,211,136,0,/qiuyeqing/llama_prl/G-ARC/outputs/psvr_autonomous_research/stage_2_baselines/raw/scan_then_verify__T_short__replicate_00/attempt_001/checkpoint_033_snapshot.json,0.3924963924963925,0.0,0.0,0.0,0
scan_then_verify__T_short__r00__attempt_001,scan_then_verify,T_short,0,scan,34,0,0.3558621033311463,22.756428105,2065.0,207,140,0,/qiuyeqing/llama_prl/G-ARC/outputs/psvr_autonomous_research/stage_2_baselines/raw/scan_then_verify__T_short__replicate_00/attempt_001/checkpoint_034_snapshot.json,0.40404040404040403,0.0,0.0,0.0,0
scan_then_verify__T_short__r00__attempt_001,scan_then_verify,T_short,0,scan,35,0,0.342241858997251,23.360771315,2025.0,203,144,0,/qiuyeqing/llama_prl/G-ARC/outputs/psvr_autonomous_research/stage_2_baselines/raw/scan_then_verify__T_short__replicate_00/attempt_001/checkpoint_035_snapshot.json,0.4155844155844156,0.0,0.0,0.0,0
scan_then_verify__T_short__r00__attempt_001,scan_then_verify,T_short,0,scan,36,0,0.32888737552840736,23.904041989,1985.0,199,148,0,/qiuyeqing/llama_prl/G-ARC/outputs/psvr_autonomous_research/stage_2_baselines/raw/scan_then_verify__T_short__replicate_00/attempt_001/checkpoint_036_snapshot.json,0.42712842712842713,0.0,0.0,0.0,0
scan_then_verify__T_short__r00__attempt_001,scan_then_verify,T_short,0,scan,37,0,0.3157986529246153,24.511255185,1945.0,195,152,0,/qiuyeqing/llama_prl/G-ARC/outputs/psvr_autonomous_research/stage_2_baselines/raw/scan_then_verify__T_short__replicate_00/attempt_001/checkpoint_037_snapshot.json,0.43867243867243866,0.0,0.0,0.0,0
scan_then_verify__T_short__r00__attempt_001,scan_then_verify,T_short,0,scan,38,0,0.3029756911858748,25.116750705,1905.0,191,156,0,/qiuyeqing/llama_prl/G-ARC/outputs/psvr_autonomous_research/stage_2_baselines/raw/scan_then_verify__T_short__replicate_00/attempt_001/checkpoint_038_snapshot.json,0.45021645021645024,0.0,0.0,0.0,0
scan_then_verify__T_short__r00__attempt_001,scan_then_verify,T_short,0,scan,39,0,0.290418490312186,25.802289242,1865.0,187,160,0,/qiuyeqing/llama_prl/G-ARC/outputs/psvr_autonomous_research/stage_2_baselines/raw/scan_then_verify__T_short__replicate_00/attempt_001/checkpoint_039_snapshot.json,0.46176046176046176,0.0,0.0,0.0,0
scan_then_verify__T_short__r00__attempt_001,scan_then_verify,T_short,0,scan,40,0,0.27812705030354873,26.367120349,1825.0,183,164,0,/qiuyeqing/llama_prl/G-ARC/outputs/psvr_autonomous_research/stage_2_baselines/raw/scan_then_verify__T_short__replicate_00/attempt_001/checkpoint_040_snapshot.json,0.4733044733044733,0.0,0.0,0.0,0
scan_then_verify__T_short__r00__attempt_001,scan_then_verify,T_short,0,scan,41,0,0.26610137115996313,26.948179279,1785.0,179,168,0,/qiuyeqing/llama_prl/G-ARC/outputs/psvr_autonomous_research/stage_2_baselines/raw/scan_then_verify__T_short__replicate_00/attempt_001/checkpoint_041_snapshot.json,0.48484848484848486,0.0,0.0,0.0,0
scan_then_verify__T_short__r00__attempt_001,scan_then_verify,T_short,0,scan,42,0,0.2543414528814291,27.553732567,1745.0,175,172,0,/qiuyeqing/llama_prl/G-ARC/outputs/psvr_autonomous_research/stage_2_baselines/raw/scan_then_verify__T_short__replicate_00/attempt_001/checkpoint_042_snapshot.json,0.4963924963924964,0.0,0.0,0.0,0
scan_then_verify__T_short__r00__attempt_001,scan_then_verify,T_short,0,scan,43,0,0.24284729546794676,28.110891598,1705.0,171,176,0,/qiuyeqing/llama_prl/G-ARC/outputs/psvr_autonomous_research/stage_2_baselines/raw/scan_then_verify__T_short__replicate_00/attempt_001/checkpoint_043_snapshot.json,0.5079365079365079,0.0,0.0,0.0,0
scan_then_verify__T_short__r00__attempt_001,scan_then_verify,T_short,0,scan,44,0,0.23161889891951598,28.746739007,1665.0,167,180,0,/qiuyeqing/llama_prl/G-ARC/outputs/psvr_autonomous_research/stage_2_baselines/raw/scan_then_verify__T_short__replicate_00/attempt_001/checkpoint_044_snapshot.json,0.5194805194805194,0.0,0.0,0.0,0
scan_then_verify__T_short__r01__attempt_001,scan_then_verify,T_short,1,scan,0,0,0.9770781253892982,0.551587271,3425.0,343,4,0,/qiuyeqing/llama_prl/G-ARC/outputs/psvr_autonomous_research/stage_2_baselines/raw/scan_then_verify__T_short__replicate_01/attempt_001/checkpoint_000_snapshot.json,0.011544011544011544,0.0,0.0,0.0,0
scan_then_verify__T_short__r01__attempt_001,scan_then_verify,T_short,1,scan,1,0,0.9544220116436479,1.042808618,3385.0,339,8,0,/qiuyeqing/llama_prl/G-ARC/outputs/psvr_autonomous_research/stage_2_baselines/raw/scan_then_verify__T_short__replicate_01/attempt_001/checkpoint_001_snapshot.json,0.023088023088023088,0.0,0.0,0.0,0
scan_then_verify__T_short__r01__attempt_001,scan_then_verify,T_short,1,scan,2,0,0.9320316587630493,1.678059274,3345.0,335,12,0,/qiuyeqing/llama_prl/G-ARC/outputs/psvr_autonomous_research/stage_2_baselines/raw/scan_then_verify__T_short__replicate_01/attempt_001/checkpoint_002_snapshot.json,0.03463203463203463,0.0,0.0,0.0,0
scan_then_verify__T_short__r01__attempt_001,scan_then_verify,T_short,1,scan,3,0,0.9099070667475022,2.306710162,3305.0,331,16,0,/qiuyeqing/llama_prl/G-ARC/outputs/psvr_autonomous_research/stage_2_baselines/raw/scan_then_verify__T_short__replicate_01/attempt_001/checkpoint_003_snapshot.json,0.046176046176046176,0.0,0.0,0.0,0
scan_then_verify__T_short__r01__attempt_001,scan_then_verify,T_short,1,scan,4,0,0.8880482355970069,2.85050505,3265.0,327,20,0,/qiuyeqing/llama_prl/G-ARC/outputs/psvr_autonomous_research/stage_2_baselines/raw/scan_then_verify__T_short__replicate_01/attempt_001/checkpoint_004_snapshot.json,0.05772005772005772,0.0,0.0,0.0,0
scan_then_verify__T_short__r01__attempt_001,scan_then_verify,T_short,1,scan,5,0,0.8664551653115631,3.399575383,3225.0,323,24,0,/qiuyeqing/llama_prl/G-ARC/outputs/psvr_autonomous_research/stage_2_baselines/raw/scan_then_verify__T_short__replicate_01/attempt_001/checkpoint_005_snapshot.json,0.06926406926406926,0.0,0.0,0.0,0
scan_then_verify__T_short__r01__attempt_001,scan_then_verify,T_short,1,scan,6,0,0.8451278558911709,4.071831784,3185.0,319,28,0,/qiuyeqing/llama_prl/G-ARC/outputs/psvr_autonomous_research/stage_2_baselines/raw/scan_then_verify__T_short__replicate_01/attempt_001/checkpoint_006_snapshot.json,0.08080808080808081,0.0,0.0,0.0,0
scan_then_verify__T_short__r01__attempt_001,scan_then_verify,T_short,1,scan,7,0,0.8240663073358304,4.71964761,3145.0,315,32,0,/qiuyeqing/llama_prl/G-ARC/outputs/psvr_autonomous_research/stage_2_baselines/raw/scan_then_verify__T_short__replicate_01/attempt_001/checkpoint_007_snapshot.json,0.09235209235209235,0.0,0.0,0.0,0
scan_then_verify__T_short__r01__attempt_001,scan_then_verify,T_short,1,scan,8,0,0.8032705196455414,5.281279357,3105.0,311,36,0,/qiuyeqing/llama_prl/G-ARC/outputs/psvr_autonomous_research/stage_2_baselines/raw/scan_then_verify__T_short__replicate_01/attempt_001/checkpoint_008_snapshot.json,0.1038961038961039,0.0,0.0,0.0,0
scan_then_verify__T_short__r01__attempt_001,scan_then_verify,T_short,1,scan,9,0,0.7827404928203041,5.814541307,3065.0,307,40,0,/qiuyeqing/llama_prl/G-ARC/outputs/psvr_autonomous_research/stage_2_baselines/raw/scan_then_verify__T_short__replicate_01/attempt_001/checkpoint_009_snapshot.json,0.11544011544011544,0.0,0.0,0.0,0
scan_then_verify__T_short__r01__attempt_001,scan_then_verify,T_short,1,scan,10,0,0.7624762268601184,6.535463655,3025.0,303,44,0,/qiuyeqing/llama_prl/G-ARC/outputs/psvr_autonomous_research/stage_2_baselines/raw/scan_then_verify__T_short__replicate_01/attempt_001/checkpoint_010_snapshot.json,0.12698412698412698,0.0,0.0,0.0,0
scan_then_verify__T_short__r01__attempt_001,scan_then_verify,T_short,1,scan,11,0,0.7424777217649844,7.076715637,2985.0,299,48,0,/qiuyeqing/llama_prl/G-ARC/outputs/psvr_autonomous_research/stage_2_baselines/raw/scan_then_verify__T_short__replicate_01/attempt_001/checkpoint_011_snapshot.json,0.13852813852813853,0.0,0.0,0.0,0
scan_then_verify__T_short__r01__attempt_001,scan_then_verify,T_short,1,scan,12,0,0.7227449775349019,7.659597253,2945.0,295,52,0,/qiuyeqing/llama_prl/G-ARC/outputs/psvr_autonomous_research/stage_2_baselines/raw/scan_then_verify__T_short__replicate_01/attempt_001/checkpoint_012_snapshot.json,0.15007215007215008,0.0,0.0,0.0,0
scan_then_verify__T_short__r01__attempt_001,scan_then_verify,T_short,1,scan,13,0,0.703277994169871,8.332732755,2905.0,291,56,0,/qiuyeqing/llama_prl/G-ARC/outputs/psvr_autonomous_research/stage_2_baselines/raw/scan_then_verify__T_short__replicate_01/attempt_001/checkpoint_013_snapshot.json,0.16161616161616163,0.0,0.0,0.0,0
scan_then_verify__T_short__r01__attempt_001,scan_then_verify,T_short,1,scan,14,0,0.6840767716698918,8.941980079,2865.0,287,60,0,/qiuyeqing/llama_prl/G-ARC/outputs/psvr_autonomous_research/stage_2_baselines/raw/scan_then_verify__T_short__replicate_01/attempt_001/checkpoint_014_snapshot.json,0.17316017316017315,0.0,0.0,0.0,0
scan_then_verify__T_short__r01__attempt_001,scan_then_verify,T_short,1,scan,15,0,0.6651413100349641,9.548896233,2825.0,283,64,0,/qiuyeqing/llama_prl/G-ARC/outputs/psvr_autonomous_research/stage_2_baselines/raw/scan_then_verify__T_short__replicate_01/attempt_001/checkpoint_015_snapshot.json,0.1847041847041847,0.0,0.0,0.0,0
scan_then_verify__T_short__r01__attempt_001,scan_then_verify,T_short,1,scan,16,0,0.6464716092650882,10.172770857,2785.0,279,68,0,/qiuyeqing/llama_prl/G-ARC/outputs/psvr_autonomous_research/stage_2_baselines/raw/scan_then_verify__T_short__replicate_01/attempt_001/checkpoint_016_snapshot.json,0.19624819624819625,0.0,0.0,0.0,0
scan_then_verify__T_short__r01__attempt_001,scan_then_verify,T_short,1,scan,17,0,0.6280676693602638,10.825918955,2745.0,275,72,0,/qiuyeqing/llama_prl/G-ARC/outputs/psvr_autonomous_research/stage_2_baselines/raw/scan_then_verify__T_short__replicate_01/attempt_001/checkpoint_017_snapshot.json,0.2077922077922078,0.0,0.0,0.0,0
scan_then_verify__T_short__r01__attempt_001,scan_then_verify,T_short,1,scan,18,0,0.609929490320491,11.412556672,2705.0,271,76,0,/qiuyeqing/llama_prl/G-ARC/outputs/psvr_autonomous_research/stage_2_baselines/raw/scan_then_verify__T_short__replicate_01/attempt_001/checkpoint_018_snapshot.json,0.21933621933621933,0.0,0.0,0.0,0
scan_then_verify__T_short__r01__attempt_001,scan_then_verify,T_short,1,scan,19,0,0.5920570721457699,12.036780898,2665.0,267,80,0,/qiuyeqing/llama_prl/G-ARC/outputs/psvr_autonomous_research/stage_2_baselines/raw/scan_then_verify__T_short__replicate_01/attempt_001/checkpoint_019_snapshot.json,0.23088023088023088,0.0,0.0,0.0,0
scan_then_verify__T_short__r01__attempt_001,scan_then_verify,T_short,1,scan,20,0,0.5744504148361003,12.651641689,2625.0,263,84,0,/qiuyeqing/llama_prl/G-ARC/outputs/psvr_autonomous_research/stage_2_baselines/raw/scan_then_verify__T_short__replicate_01/attempt_001/checkpoint_020_snapshot.json,0.24242424242424243,0.0,0.0,0.0,0
scan_then_verify__T_short__r01__attempt_001,scan_then_verify,T_short,1,scan,21,0,0.5571095183914824,13.265233331,2585.0,259,88,0,/qiuyeqing/llama_prl/G-ARC/outputs/psvr_autonomous_research/stage_2_baselines/raw/scan_then_verify__T_short__replicate_01/attempt_001/checkpoint_021_snapshot.json,0.25396825396825395,0.0,0.0,0.0,0
scan_then_verify__T_short__r01__attempt_001,scan_then_verify,T_short,1,scan,22,0,0.5400343828119161,13.792810341,2545.0,255,92,0,/qiuyeqing/llama_prl/G-ARC/outputs/psvr_autonomous_research/stage_2_baselines/raw/scan_then_verify__T_short__replicate_01/attempt_001/checkpoint_022_snapshot.json,0.26551226551226553,0.0,0.0,0.0,0
scan_then_verify__T_short__r01__attempt_001,scan_then_verify,T_short,1,scan,23,0,0.5232250080974014,14.392615863,2505.0,251,96,0,/qiuyeqing/llama_prl/G-ARC/outputs/psvr_autonomous_research/stage_2_baselines/raw/scan_then_verify__T_short__replicate_01/attempt_001/checkpoint_023_snapshot.json,0.27705627705627706,0.0,0.0,0.0,0
scan_then_verify__T_short__r01__attempt_001,scan_then_verify,T_short,1,scan,24,0,0.5066813942479382,14.94939275,2465.0,247,100,0,/qiuyeqing/llama_prl/G-ARC/outputs/psvr_autonomous_research/stage_2_baselines/raw/scan_then_verify__T_short__replicate_01/attempt_001/checkpoint_024_snapshot.json,0.2886002886002886,0.0,0.0,0.0,0
scan_then_verify__T_short__r01__attempt_001,scan_then_verify,T_short,1,scan,25,0,0.4904035412635268,15.451024877,2425.0,243,104,0,/qiuyeqing/llama_prl/G-ARC/outputs/psvr_autonomous_research/stage_2_baselines/raw/scan_then_verify__T_short__replicate_01/attempt_001/checkpoint_025_snapshot.json,0.30014430014430016,0.0,0.0,0.0,0
scan_then_verify__T_short__r01__attempt_001,scan_then_verify,T_short,1,scan,26,0,0.474391449144167,16.091421567,2385.0,239,108,0,/qiuyeqing/llama_prl/G-ARC/outputs/psvr_autonomous_research/stage_2_baselines/raw/scan_then_verify__T_short__replicate_01/attempt_001/checkpoint_026_snapshot.json,0.3116883116883117,0.0,0.0,0.0,0
scan_then_verify__T_short__r01__attempt_001,scan_then_verify,T_short,1,scan,27,0,0.45864511788985873,16.560444926,2345.0,235,112,0,/qiuyeqing/llama_prl/G-ARC/outputs/psvr_autonomous_research/stage_2_baselines/raw/scan_then_verify__T_short__replicate_01/attempt_001/checkpoint_027_snapshot.json,0.32323232323232326,0.0,0.0,0.0,0
scan_then_verify__T_short__r01__attempt_001,scan_then_verify,T_short,1,scan,28,0,0.44316454750060214,17.157055826,2305.0,231,116,0,/qiuyeqing/llama_prl/G-ARC/outputs/psvr_autonomous_research/stage_2_baselines/raw/scan_then_verify__T_short__replicate_01/attempt_001/checkpoint_028_snapshot.json,0.3347763347763348,0.0,0.0,0.0,0
scan_then_verify__T_short__r01__attempt_001,scan_then_verify,T_short,1,scan,29,0,0.4279497379763971,17.744743623,2265.0,227,120,0,/qiuyeqing/llama_prl/G-ARC/outputs/psvr_autonomous_research/stage_2_baselines/raw/scan_then_verify__T_short__replicate_01/attempt_001/checkpoint_029_snapshot.json,0.3463203463203463,0.0,0.0,0.0,0
scan_then_verify__T_short__r01__attempt_001,scan_then_verify,T_short,1,scan,30,0,0.4130006893172437,18.353655611,2225.0,223,124,0,/qiuyeqing/llama_prl/G-ARC/outputs/psvr_autonomous_research/stage_2_baselines/raw/scan_then_verify__T_short__replicate_01/attempt_001/checkpoint_030_snapshot.json,0.3578643578643579,0.0,0.0,0.0,0
scan_then_verify__T_short__r01__attempt_001,scan_then_verify,T_short,1,scan,31,0,0.39831740152314193,19.036175056,2185.0,219,128,0,/qiuyeqing/llama_prl/G-ARC/outputs/psvr_autonomous_research/stage_2_baselines/raw/scan_then_verify__T_short__replicate_01/attempt_001/checkpoint_031_snapshot.json,0.3694083694083694,0.0,0.0,0.0,0
scan_then_verify__T_short__r01__attempt_001,scan_then_verify,T_short,1,scan,32,0,0.3838998745940918,19.622036514,2145.0,215,132,0,/qiuyeqing/llama_prl/G-ARC/outputs/psvr_autonomous_research/stage_2_baselines/raw/scan_then_verify__T_short__replicate_01/attempt_001/checkpoint_032_snapshot.json,0.38095238095238093,0.0,0.0,0.0,0
scan_then_verify__T_short__r01__attempt_001,scan_then_verify,T_short,1,scan,33,0,0.36974810853009327,20.309269757,2105.0,211,136,0,/qiuyeqing/llama_prl/G-ARC/outputs/psvr_autonomous_research/stage_2_baselines/raw/scan_then_verify__T_short__replicate_01/attempt_001/checkpoint_033_snapshot.json,0.3924963924963925,0.0,0.0,0.0,0
scan_then_verify__T_short__r01__attempt_001,scan_then_verify,T_short,1,scan,34,0,0.3558621033311463,20.988206315,2065.0,207,140,0,/qiuyeqing/llama_prl/G-ARC/outputs/psvr_autonomous_research/stage_2_baselines/raw/scan_then_verify__T_short__replicate_01/attempt_001/checkpoint_034_snapshot.json,0.40404040404040403,0.0,0.0,0.0,0
scan_then_verify__T_short__r01__attempt_001,scan_then_verify,T_short,1,scan,35,0,0.342241858997251,21.653812925,2025.0,203,144,0,/qiuyeqing/llama_prl/G-ARC/outputs/psvr_autonomous_research/stage_2_baselines/raw/scan_then_verify__T_short__replicate_01/attempt_001/checkpoint_035_snapshot.json,0.4155844155844156,0.0,0.0,0.0,0
scan_then_verify__T_short__r01__attempt_001,scan_then_verify,T_short,1,scan,36,0,0.32888737552840736,22.278109116,1985.0,199,148,0,/qiuyeqing/llama_prl/G-ARC/outputs/psvr_autonomous_research/stage_2_baselines/raw/scan_then_verify__T_short__replicate_01/attempt_001/checkpoint_036_snapshot.json,0.42712842712842713,0.0,0.0,0.0,0
scan_then_verify__T_short__r01__attempt_001,scan_then_verify,T_short,1,scan,37,0,0.3157986529246153,22.920589484,1945.0,195,152,0,/qiuyeqing/llama_prl/G-ARC/outputs/psvr_autonomous_research/stage_2_baselines/raw/scan_then_verify__T_short__replicate_01/attempt_001/checkpoint_037_snapshot.json,0.43867243867243866,0.0,0.0,0.0,0
scan_then_verify__T_short__r01__attempt_001,scan_then_verify,T_short,1,scan,38,0,0.3029756911858748,23.574671024,1905.0,191,156,0,/qiuyeqing/llama_prl/G-ARC/outputs/psvr_autonomous_research/stage_2_baselines/raw/scan_then_verify__T_short__replicate_01/attempt_001/checkpoint_038_snapshot.json,0.45021645021645024,0.0,0.0,0.0,0
scan_then_verify__T_short__r01__attempt_001,scan_then_verify,T_short,1,scan,39,0,0.290418490312186,24.32287496,1865.0,187,160,0,/qiuyeqing/llama_prl/G-ARC/outputs/psvr_autonomous_research/stage_2_baselines/raw/scan_then_verify__T_short__replicate_01/attempt_001/checkpoint_039_snapshot.json,0.46176046176046176,0.0,0.0,0.0,0
scan_then_verify__T_short__r01__attempt_001,scan_then_verify,T_short,1,scan,40,0,0.27812705030354873,24.906114034,1825.0,183,164,0,/qiuyeqing/llama_prl/G-ARC/outputs/psvr_autonomous_research/stage_2_baselines/raw/scan_then_verify__T_short__replicate_01/attempt_001/checkpoint_040_snapshot.json,0.4733044733044733,0.0,0.0,0.0,0
scan_then_verify__T_short__r01__attempt_001,scan_then_verify,T_short,1,scan,41,0,0.26610137115996313,25.47686971,1785.0,179,168,0,/qiuyeqing/llama_prl/G-ARC/outputs/psvr_autonomous_research/stage_2_baselines/raw/scan_then_verify__T_short__replicate_01/attempt_001/checkpoint_041_snapshot.json,0.48484848484848486,0.0,0.0,0.0,0
scan_then_verify__T_short__r01__attempt_001,scan_then_verify,T_short,1,scan,42,0,0.2543414528814291,26.174265228,1745.0,175,172,0,/qiuyeqing/llama_prl/G-ARC/outputs/psvr_autonomous_research/stage_2_baselines/raw/scan_then_verify__T_short__replicate_01/attempt_001/checkpoint_042_snapshot.json,0.4963924963924964,0.0,0.0,0.0,0
scan_then_verify__T_short__r01__attempt_001,scan_then_verify,T_short,1,scan,43,0,0.24284729546794676,26.694814592,1705.0,171,176,0,/qiuyeqing/llama_prl/G-ARC/outputs/psvr_autonomous_research/stage_2_baselines/raw/scan_then_verify__T_short__replicate_01/attempt_001/checkpoint_043_snapshot.json,0.5079365079365079,0.0,0.0,0.0,0
scan_then_verify__T_short__r01__attempt_001,scan_then_verify,T_short,1,scan,44,0,0.23161889891951598,27.328154291,1665.0,167,180,0,/qiuyeqing/llama_prl/G-ARC/outputs/psvr_autonomous_research/stage_2_baselines/raw/scan_then_verify__T_short__replicate_01/attempt_001/checkpoint_044_snapshot.json,0.5194805194805194,0.0,0.0,0.0,0
scan_then_verify__T_short__r01__attempt_001,scan_then_verify,T_short,1,scan,45,0,0.22065626323613682,27.889351356,1625.0,163,184,0,/qiuyeqing/llama_prl/G-ARC/outputs/psvr_autonomous_research/stage_2_baselines/raw/scan_then_verify__T_short__replicate_01/attempt_001/checkpoint_045_snapshot.json,0.5310245310245311,0.0,0.0,0.0,0
scan_then_verify__T_short__r01__attempt_001,scan_then_verify,T_short,1,scan,46,0,0.2099593884178093,28.463804764,1585.0,159,188,0,/qiuyeqing/llama_prl/G-ARC/outputs/psvr_autonomous_research/stage_2_baselines/raw/scan_then_verify__T_short__replicate_01/attempt_001/checkpoint_046_snapshot.json,0.5425685425685426,0.0,0.0,0.0,0
scan_then_verify__T_short__r01__attempt_001,scan_then_verify,T_short,1,scan,47,0,0.1995282744645334,29.14892324,1545.0,155,192,0,/qiuyeqing/llama_prl/G-ARC/outputs/psvr_autonomous_research/stage_2_baselines/raw/scan_then_verify__T_short__replicate_01/attempt_001/checkpoint_047_snapshot.json,0.5541125541125541,0.0,0.0,0.0,0
scan_then_verify__T_short__r02__attempt_001,scan_then_verify,T_short,2,scan,0,0,0.9770781253892982,0.52476543,3425.0,343,4,0,/qiuyeqing/llama_prl/G-ARC/outputs/psvr_autonomous_research/stage_2_baselines/raw/scan_then_verify__T_short__replicate_02/attempt_001/checkpoint_000_snapshot.json,0.011544011544011544,0.0,0.0,0.0,0
scan_then_verify__T_short__r02__attempt_001,scan_then_verify,T_short,2,scan,1,0,0.9544220116436479,1.01553218,3385.0,339,8,0,/qiuyeqing/llama_prl/G-ARC/outputs/psvr_autonomous_research/stage_2_baselines/raw/scan_then_verify__T_short__replicate_02/attempt_001/checkpoint_001_snapshot.json,0.023088023088023088,0.0,0.0,0.0,0
scan_then_verify__T_short__r02__attempt_001,scan_then_verify,T_short,2,scan,2,0,0.9320316587630493,1.52493487,3345.0,335,12,0,/qiuyeqing/llama_prl/G-ARC/outputs/psvr_autonomous_research/stage_2_baselines/raw/scan_then_verify__T_short__replicate_02/attempt_001/checkpoint_002_snapshot.json,0.03463203463203463,0.0,0.0,0.0,0
scan_then_verify__T_short__r02__attempt_001,scan_then_verify,T_short,2,scan,3,0,0.9099070667475022,2.09064435,3305.0,331,16,0,/qiuyeqing/llama_prl/G-ARC/outputs/psvr_autonomous_research/stage_2_baselines/raw/scan_then_verify__T_short__replicate_02/attempt_001/checkpoint_003_snapshot.json,0.046176046176046176,0.0,0.0,0.0,0
scan_then_verify__T_short__r02__attempt_001,scan_then_verify,T_short,2,scan,4,0,0.8880482355970069,2.640474986,3265.0,327,20,0,/qiuyeqing/llama_prl/G-ARC/outputs/psvr_autonomous_research/stage_2_baselines/raw/scan_then_verify__T_short__replicate_02/attempt_001/checkpoint_004_snapshot.json,0.05772005772005772,0.0,0.0,0.0,0
scan_then_verify__T_short__r02__attempt_001,scan_then_verify,T_short,2,scan,5,0,0.8664551653115631,3.20221005,3225.0,323,24,0,/qiuyeqing/llama_prl/G-ARC/outputs/psvr_autonomous_research/stage_2_baselines/raw/scan_then_verify__T_short__replicate_02/attempt_001/checkpoint_005_snapshot.json,0.06926406926406926,0.0,0.0,0.0,0
scan_then_verify__T_short__r02__attempt_001,scan_then_verify,T_short,2,scan,6,0,0.8451278558911709,3.767680785,3185.0,319,28,0,/qiuyeqing/llama_prl/G-ARC/outputs/psvr_autonomous_research/stage_2_baselines/raw/scan_then_verify__T_short__replicate_02/attempt_001/checkpoint_006_snapshot.json,0.08080808080808081,0.0,0.0,0.0,0
scan_then_verify__T_short__r02__attempt_001,scan_then_verify,T_short,2,scan,7,0,0.8240663073358304,4.310811648,3145.0,315,32,0,/qiuyeqing/llama_prl/G-ARC/outputs/psvr_autonomous_research/stage_2_baselines/raw/scan_then_verify__T_short__replicate_02/attempt_001/checkpoint_007_snapshot.json,0.09235209235209235,0.0,0.0,0.0,0
scan_then_verify__T_short__r02__attempt_001,scan_then_verify,T_short,2,scan,8,0,0.8032705196455414,4.86813065,3105.0,311,36,0,/qiuyeqing/llama_prl/G-ARC/outputs/psvr_autonomous_research/stage_2_baselines/raw/scan_then_verify__T_short__replicate_02/attempt_001/checkpoint_008_snapshot.json,0.1038961038961039,0.0,0.0,0.0,0
scan_then_verify__T_short__r02__attempt_001,scan_then_verify,T_short,2,scan,9,0,0.7827404928203041,5.370072626,3065.0,307,40,0,/qiuyeqing/llama_prl/G-ARC/outputs/psvr_autonomous_research/stage_2_baselines/raw/scan_then_verify__T_short__replicate_02/attempt_001/checkpoint_009_snapshot.json,0.11544011544011544,0.0,0.0,0.0,0
scan_then_verify__T_short__r02__attempt_001,scan_then_verify,T_short,2,scan,10,0,0.7624762268601184,5.869536578,3025.0,303,44,0,/qiuyeqing/llama_prl/G-ARC/outputs/psvr_autonomous_research/stage_2_baselines/raw/scan_then_verify__T_short__replicate_02/attempt_001/checkpoint_010_snapshot.json,0.12698412698412698,0.0,0.0,0.0,0
scan_then_verify__T_short__r02__attempt_001,scan_then_verify,T_short,2,scan,11,0,0.7424777217649844,6.34430973,2985.0,299,48,0,/qiuyeqing/llama_prl/G-ARC/outputs/psvr_autonomous_research/stage_2_baselines/raw/scan_then_verify__T_short__replicate_02/attempt_001/checkpoint_011_snapshot.json,0.13852813852813853,0.0,0.0,0.0,0
scan_then_verify__T_short__r02__attempt_001,scan_then_verify,T_short,2,scan,12,0,0.7227449775349019,6.850136198,2945.0,295,52,0,/qiuyeqing/llama_prl/G-ARC/outputs/psvr_autonomous_research/stage_2_baselines/raw/scan_then_verify__T_short__replicate_02/attempt_001/checkpoint_012_snapshot.json,0.15007215007215008,0.0,0.0,0.0,0
scan_then_verify__T_short__r02__attempt_001,scan_then_verify,T_short,2,scan,13,0,0.703277994169871,7.403476391,2905.0,291,56,0,/qiuyeqing/llama_prl/G-ARC/outputs/psvr_autonomous_research/stage_2_baselines/raw/scan_then_verify__T_short__replicate_02/attempt_001/checkpoint_013_snapshot.json,0.16161616161616163,0.0,0.0,0.0,0
scan_then_verify__T_short__r02__attempt_001,scan_then_verify,T_short,2,scan,14,0,0.6840767716698918,7.963610931,2865.0,287,60,0,/qiuyeqing/llama_prl/G-ARC/outputs/psvr_autonomous_research/stage_2_baselines/raw/scan_then_verify__T_short__replicate_02/attempt_001/checkpoint_014_snapshot.json,0.17316017316017315,0.0,0.0,0.0,0
scan_then_verify__T_short__r02__attempt_001,scan_then_verify,T_short,2,scan,15,0,0.6651413100349641,8.53135705,2825.0,283,64,0,/qiuyeqing/llama_prl/G-ARC/outputs/psvr_autonomous_research/stage_2_baselines/raw/scan_then_verify__T_short__replicate_02/attempt_001/checkpoint_015_snapshot.json,0.1847041847041847,0.0,0.0,0.0,0
scan_then_verify__T_short__r02__attempt_001,scan_then_verify,T_short,2,scan,16,0,0.6464716092650882,9.055526774,2785.0,279,68,0,/qiuyeqing/llama_prl/G-ARC/outputs/psvr_autonomous_research/stage_2_baselines/raw/scan_then_verify__T_short__replicate_02/attempt_001/checkpoint_016_snapshot.json,0.19624819624819625,0.0,0.0,0.0,0
scan_then_verify__T_short__r02__attempt_001,scan_then_verify,T_short,2,scan,17,0,0.6280676693602638,9.607372452,2745.0,275,72,0,/qiuyeqing/llama_prl/G-ARC/outputs/psvr_autonomous_research/stage_2_baselines/raw/scan_then_verify__T_short__replicate_02/attempt_001/checkpoint_017_snapshot.json,0.2077922077922078,0.0,0.0,0.0,0
scan_then_verify__T_short__r02__attempt_001,scan_then_verify,T_short,2,scan,18,0,0.609929490320491,10.126600685,2705.0,271,76,0,/qiuyeqing/llama_prl/G-ARC/outputs/psvr_autonomous_research/stage_2_baselines/raw/scan_then_verify__T_short__replicate_02/attempt_001/checkpoint_018_snapshot.json,0.21933621933621933,0.0,0.0,0.0,0
scan_then_verify__T_short__r02__attempt_001,scan_then_verify,T_short,2,scan,19,0,0.5920570721457699,10.666612813,2665.0,267,80,0,/qiuyeqing/llama_prl/G-ARC/outputs/psvr_autonomous_research/stage_2_baselines/raw/scan_then_verify__T_short__replicate_02/attempt_001/checkpoint_019_snapshot.json,0.23088023088023088,0.0,0.0,0.0,0
scan_then_verify__T_short__r02__attempt_001,scan_then_verify,T_short,2,scan,20,0,0.5744504148361003,11.217592867,2625.0,263,84,0,/qiuyeqing/llama_prl/G-ARC/outputs/psvr_autonomous_research/stage_2_baselines/raw/scan_then_verify__T_short__replicate_02/attempt_001/checkpoint_020_snapshot.json,0.24242424242424243,0.0,0.0,0.0,0
scan_then_verify__T_short__r02__attempt_001,scan_then_verify,T_short,2,scan,21,0,0.5571095183914824,11.709108851,2585.0,259,88,0,/qiuyeqing/llama_prl/G-ARC/outputs/psvr_autonomous_research/stage_2_baselines/raw/scan_then_verify__T_short__replicate_02/attempt_001/checkpoint_021_snapshot.json,0.25396825396825395,0.0,0.0,0.0,0
scan_then_verify__T_short__r02__attempt_001,scan_then_verify,T_short,2,scan,22,0,0.5400343828119161,12.19602551,2545.0,255,92,0,/qiuyeqing/llama_prl/G-ARC/outputs/psvr_autonomous_research/stage_2_baselines/raw/scan_then_verify__T_short__replicate_02/attempt_001/checkpoint_022_snapshot.json,0.26551226551226553,0.0,0.0,0.0,0
scan_then_verify__T_short__r02__attempt_001,scan_then_verify,T_short,2,scan,23,0,0.5232250080974014,12.702510007,2505.0,251,96,0,/qiuyeqing/llama_prl/G-ARC/outputs/psvr_autonomous_research/stage_2_baselines/raw/scan_then_verify__T_short__replicate_02/attempt_001/checkpoint_023_snapshot.json,0.27705627705627706,0.0,0.0,0.0,0
scan_then_verify__T_short__r02__attempt_001,scan_then_verify,T_short,2,scan,24,0,0.5066813942479382,13.243467758,2465.0,247,100,0,/qiuyeqing/llama_prl/G-ARC/outputs/psvr_autonomous_research/stage_2_baselines/raw/scan_then_verify__T_short__replicate_02/attempt_001/checkpoint_024_snapshot.json,0.2886002886002886,0.0,0.0,0.0,0
scan_then_verify__T_short__r02__attempt_001,scan_then_verify,T_short,2,scan,25,0,0.4904035412635268,13.731665816,2425.0,243,104,0,/qiuyeqing/llama_prl/G-ARC/outputs/psvr_autonomous_research/stage_2_baselines/raw/scan_then_verify__T_short__replicate_02/attempt_001/checkpoint_025_snapshot.json,0.30014430014430016,0.0,0.0,0.0,0
scan_then_verify__T_short__r02__attempt_001,scan_then_verify,T_short,2,scan,26,0,0.474391449144167,14.250219392,2385.0,239,108,0,/qiuyeqing/llama_prl/G-ARC/outputs/psvr_autonomous_research/stage_2_baselines/raw/scan_then_verify__T_short__replicate_02/attempt_001/checkpoint_026_snapshot.json,0.3116883116883117,0.0,0.0,0.0,0
scan_then_verify__T_short__r02__attempt_001,scan_then_verify,T_short,2,scan,27,0,0.45864511788985873,14.730133287,2345.0,235,112,0,/qiuyeqing/llama_prl/G-ARC/outputs/psvr_autonomous_research/stage_2_baselines/raw/scan_then_verify__T_short__replicate_02/attempt_001/checkpoint_027_snapshot.json,0.32323232323232326,0.0,0.0,0.0,0
scan_then_verify__T_short__r02__attempt_001,scan_then_verify,T_short,2,scan,28,0,0.44316454750060214,15.223960439,2305.0,231,116,0,/qiuyeqing/llama_prl/G-ARC/outputs/psvr_autonomous_research/stage_2_baselines/raw/scan_then_verify__T_short__replicate_02/attempt_001/checkpoint_028_snapshot.json,0.3347763347763348,0.0,0.0,0.0,0
scan_then_verify__T_short__r02__attempt_001,scan_then_verify,T_short,2,scan,29,0,0.4279497379763971,15.685605649,2265.0,227,120,0,/qiuyeqing/llama_prl/G-ARC/outputs/psvr_autonomous_research/stage_2_baselines/raw/scan_then_verify__T_short__replicate_02/attempt_001/checkpoint_029_snapshot.json,0.3463203463203463,0.0,0.0,0.0,0
scan_then_verify__T_short__r02__attempt_001,scan_then_verify,T_short,2,scan,30,0,0.4130006893172437,16.182233672,2225.0,223,124,0,/qiuyeqing/llama_prl/G-ARC/outputs/psvr_autonomous_research/stage_2_baselines/raw/scan_then_verify__T_short__replicate_02/attempt_001/checkpoint_030_snapshot.json,0.3578643578643579,0.0,0.0,0.0,0
scan_then_verify__T_short__r02__attempt_001,scan_then_verify,T_short,2,scan,31,0,0.39831740152314193,16.756256522,2185.0,219,128,0,/qiuyeqing/llama_prl/G-ARC/outputs/psvr_autonomous_research/stage_2_baselines/raw/scan_then_verify__T_short__replicate_02/attempt_001/checkpoint_031_snapshot.json,0.3694083694083694,0.0,0.0,0.0,0
scan_then_verify__T_short__r02__attempt_001,scan_then_verify,T_short,2,scan,32,0,0.3838998745940918,17.277885461,2145.0,215,132,0,/qiuyeqing/llama_prl/G-ARC/outputs/psvr_autonomous_research/stage_2_baselines/raw/scan_then_verify__T_short__replicate_02/attempt_001/checkpoint_032_snapshot.json,0.38095238095238093,0.0,0.0,0.0,0
scan_then_verify__T_short__r02__attempt_001,scan_then_verify,T_short,2,scan,33,0,0.36974810853009327,17.826456172,2105.0,211,136,0,/qiuyeqing/llama_prl/G-ARC/outputs/psvr_autonomous_research/stage_2_baselines/raw/scan_then_verify__T_short__replicate_02/attempt_001/checkpoint_033_snapshot.json,0.3924963924963925,0.0,0.0,0.0,0
scan_then_verify__T_short__r02__attempt_001,scan_then_verify,T_short,2,scan,34,0,0.3558621033311463,18.401719895,2065.0,207,140,0,/qiuyeqing/llama_prl/G-ARC/outputs/psvr_autonomous_research/stage_2_baselines/raw/scan_then_verify__T_short__replicate_02/attempt_001/checkpoint_034_snapshot.json,0.40404040404040403,0.0,0.0,0.0,0
scan_then_verify__T_short__r02__attempt_001,scan_then_verify,T_short,2,scan,35,0,0.342241858997251,18.999945582,2025.0,203,144,0,/qiuyeqing/llama_prl/G-ARC/outputs/psvr_autonomous_research/stage_2_baselines/raw/scan_then_verify__T_short__replicate_02/attempt_001/checkpoint_035_snapshot.json,0.4155844155844156,0.0,0.0,0.0,0
scan_then_verify__T_short__r02__attempt_001,scan_then_verify,T_short,2,scan,36,0,0.32888737552840736,19.537965366,1985.0,199,148,0,/qiuyeqing/llama_prl/G-ARC/outputs/psvr_autonomous_research/stage_2_baselines/raw/scan_then_verify__T_short__replicate_02/attempt_001/checkpoint_036_snapshot.json,0.42712842712842713,0.0,0.0,0.0,0
scan_then_verify__T_short__r02__attempt_001,scan_then_verify,T_short,2,scan,37,0,0.3157986529246153,20.056406462,1945.0,195,152,0,/qiuyeqing/llama_prl/G-ARC/outputs/psvr_autonomous_research/stage_2_baselines/raw/scan_then_verify__T_short__replicate_02/attempt_001/checkpoint_037_snapshot.json,0.43867243867243866,0.0,0.0,0.0,0
scan_then_verify__T_short__r02__attempt_001,scan_then_verify,T_short,2,scan,38,0,0.3029756911858748,20.595464662,1905.0,191,156,0,/qiuyeqing/llama_prl/G-ARC/outputs/psvr_autonomous_research/stage_2_baselines/raw/scan_then_verify__T_short__replicate_02/attempt_001/checkpoint_038_snapshot.json,0.45021645021645024,0.0,0.0,0.0,0
scan_then_verify__T_short__r02__attempt_001,scan_then_verify,T_short,2,scan,39,0,0.290418490312186,21.15283619,1865.0,187,160,0,/qiuyeqing/llama_prl/G-ARC/outputs/psvr_autonomous_research/stage_2_baselines/raw/scan_then_verify__T_short__replicate_02/attempt_001/checkpoint_039_snapshot.json,0.46176046176046176,0.0,0.0,0.0,0
scan_then_verify__T_short__r02__attempt_001,scan_then_verify,T_short,2,scan,40,0,0.27812705030354873,21.656101396,1825.0,183,164,0,/qiuyeqing/llama_prl/G-ARC/outputs/psvr_autonomous_research/stage_2_baselines/raw/scan_then_verify__T_short__replicate_02/attempt_001/checkpoint_040_snapshot.json,0.4733044733044733,0.0,0.0,0.0,0
scan_then_verify__T_short__r02__attempt_001,scan_then_verify,T_short,2,scan,41,0,0.26610137115996313,22.198387874,1785.0,179,168,0,/qiuyeqing/llama_prl/G-ARC/outputs/psvr_autonomous_research/stage_2_baselines/raw/scan_then_verify__T_short__replicate_02/attempt_001/checkpoint_041_snapshot.json,0.48484848484848486,0.0,0.0,0.0,0
scan_then_verify__T_short__r02__attempt_001,scan_then_verify,T_short,2,scan,42,0,0.2543414528814291,22.753496894,1745.0,175,172,0,/qiuyeqing/llama_prl/G-ARC/outputs/psvr_autonomous_research/stage_2_baselines/raw/scan_then_verify__T_short__replicate_02/attempt_001/checkpoint_042_snapshot.json,0.4963924963924964,0.0,0.0,0.0,0
scan_then_verify__T_short__r02__attempt_001,scan_then_verify,T_short,2,scan,43,0,0.24284729546794676,23.275805992,1705.0,171,176,0,/qiuyeqing/llama_prl/G-ARC/outputs/psvr_autonomous_research/stage_2_baselines/raw/scan_then_verify__T_short__replicate_02/attempt_001/checkpoint_043_snapshot.json,0.5079365079365079,0.0,0.0,0.0,0
scan_then_verify__T_short__r02__attempt_001,scan_then_verify,T_short,2,scan,44,0,0.23161889891951598,23.834016915,1665.0,167,180,0,/qiuyeqing/llama_prl/G-ARC/outputs/psvr_autonomous_research/stage_2_baselines/raw/scan_then_verify__T_short__replicate_02/attempt_001/checkpoint_044_snapshot.json,0.5194805194805194,0.0,0.0,0.0,0
scan_then_verify__T_short__r02__attempt_001,scan_then_verify,T_short,2,scan,45,0,0.22065626323613682,24.343480345,1625.0,163,184,0,/qiuyeqing/llama_prl/G-ARC/outputs/psvr_autonomous_research/stage_2_baselines/raw/scan_then_verify__T_short__replicate_02/attempt_001/checkpoint_045_snapshot.json,0.5310245310245311,0.0,0.0,0.0,0
scan_then_verify__T_short__r02__attempt_001,scan_then_verify,T_short,2,scan,46,0,0.2099593884178093,24.866701602,1585.0,159,188,0,/qiuyeqing/llama_prl/G-ARC/outputs/psvr_autonomous_research/stage_2_baselines/raw/scan_then_verify__T_short__replicate_02/attempt_001/checkpoint_046_snapshot.json,0.5425685425685426,0.0,0.0,0.0,0
scan_then_verify__T_short__r02__attempt_001,scan_then_verify,T_short,2,scan,47,0,0.1995282744645334,25.38098669,1545.0,155,192,0,/qiuyeqing/llama_prl/G-ARC/outputs/psvr_autonomous_research/stage_2_baselines/raw/scan_then_verify__T_short__replicate_02/attempt_001/checkpoint_047_snapshot.json,0.5541125541125541,0.0,0.0,0.0,0
scan_then_verify__T_short__r02__attempt_001,scan_then_verify,T_short,2,scan,48,0,0.18936292137630908,25.86360663,1505.0,151,196,0,/qiuyeqing/llama_prl/G-ARC/outputs/psvr_autonomous_research/stage_2_baselines/raw/scan_then_verify__T_short__replicate_02/attempt_001/checkpoint_048_snapshot.json,0.5656565656565656,0.0,0.0,0.0,0
scan_then_verify__T_short__r02__attempt_001,scan_then_verify,T_short,2,scan,49,0,0.1794633291531364,26.38516654,1465.0,147,200,0,/qiuyeqing/llama_prl/G-ARC/outputs/psvr_autonomous_research/stage_2_baselines/raw/scan_then_verify__T_short__replicate_02/attempt_001/checkpoint_049_snapshot.json,0.5772005772005772,0.0,0.0,0.0,0
scan_then_verify__T_short__r02__attempt_001,scan_then_verify,T_short,2,scan,50,0,0.16982949779501533,26.901876749,1425.0,143,204,0,/qiuyeqing/llama_prl/G-ARC/outputs/psvr_autonomous_research/stage_2_baselines/raw/scan_then_verify__T_short__replicate_02/attempt_001/checkpoint_050_snapshot.json,0.5887445887445888,0.0,0.0,0.0,0
scan_then_verify__T_short__r02__attempt_001,scan_then_verify,T_short,2,scan,51,0,0.16046142730194587,27.470394546,1385.0,139,208,0,/qiuyeqing/llama_prl/G-ARC/outputs/psvr_autonomous_research/stage_2_baselines/raw/scan_then_verify__T_short__replicate_02/attempt_001/checkpoint_051_snapshot.json,0.6002886002886003,0.0,0.0,0.0,0
scan_then_verify__T_short__r02__attempt_001,scan_then_verify,T_short,2,scan,52,0,0.15135911767392804,27.989881542,1345.0,135,212,0,/qiuyeqing/llama_prl/G-ARC/outputs/psvr_autonomous_research/stage_2_baselines/raw/scan_then_verify__T_short__replicate_02/attempt_001/checkpoint_052_snapshot.json,0.6118326118326118,0.0,0.0,0.0,0
scan_then_verify__T_short__r02__attempt_001,scan_then_verify,T_short,2,scan,53,0,0.1425225689109618,28.619539755,1305.0,131,216,0,/qiuyeqing/llama_prl/G-ARC/outputs/psvr_autonomous_research/stage_2_baselines/raw/scan_then_verify__T_short__replicate_02/attempt_001/checkpoint_053_snapshot.json,0.6233766233766234,0.0,0.0,0.0,0
sequential_interleave__T_long__r00__attempt_001,sequential_interleave,T_long,0,scan,0,0,0.9770781253892982,0.561786411,3425.0,343,4,0,/qiuyeqing/llama_prl/G-ARC/outputs/psvr_autonomous_research/stage_2_baselines/raw/sequential_interleave__T_long__replicate_00/attempt_001/checkpoint_000_snapshot.json,0.011544011544011544,0.0,0.0,0.0,0
sequential_interleave__T_long__r00__attempt_001,sequential_interleave,T_long,0,query,1,0,0.9770781253892982,17.488223421,3425.0,343,4,1,/qiuyeqing/llama_prl/G-ARC/outputs/psvr_autonomous_research/stage_2_baselines/raw/sequential_interleave__T_long__replicate_00/attempt_001/checkpoint_001_snapshot.json,0.011544011544011544,0.0,0.0,0.0,0
sequential_interleave__T_long__r00__attempt_001,sequential_interleave,T_long,0,scan,2,0,0.9544220116436479,18.015947797,3385.0,339,8,1,/qiuyeqing/llama_prl/G-ARC/outputs/psvr_autonomous_research/stage_2_baselines/raw/sequential_interleave__T_long__replicate_00/attempt_001/checkpoint_002_snapshot.json,0.023088023088023088,0.0,0.0,0.0,0
sequential_interleave__T_long__r00__attempt_001,sequential_interleave,T_long,0,query,3,0,0.9544220116436479,33.72667536,3385.0,339,8,2,/qiuyeqing/llama_prl/G-ARC/outputs/psvr_autonomous_research/stage_2_baselines/raw/sequential_interleave__T_long__replicate_00/attempt_001/checkpoint_003_snapshot.json,0.023088023088023088,0.0,0.0,0.0,0
sequential_interleave__T_long__r00__attempt_001,sequential_interleave,T_long,0,scan,4,0,0.9320316587630493,34.219464122,3345.0,335,12,2,/qiuyeqing/llama_prl/G-ARC/outputs/psvr_autonomous_research/stage_2_baselines/raw/sequential_interleave__T_long__replicate_00/attempt_001/checkpoint_004_snapshot.json,0.03463203463203463,0.0,0.0,0.0,0
sequential_interleave__T_long__r00__attempt_001,sequential_interleave,T_long,0,query,5,0,0.9320316587630493,50.678678246,3345.0,335,12,3,/qiuyeqing/llama_prl/G-ARC/outputs/psvr_autonomous_research/stage_2_baselines/raw/sequential_interleave__T_long__replicate_00/attempt_001/checkpoint_005_snapshot.json,0.03463203463203463,0.0,0.0,0.0,0
sequential_interleave__T_long__r00__attempt_001,sequential_interleave,T_long,0,scan,6,0,0.9099070667475022,51.298008755,3305.0,331,16,3,/qiuyeqing/llama_prl/G-ARC/outputs/psvr_autonomous_research/stage_2_baselines/raw/sequential_interleave__T_long__replicate_00/attempt_001/checkpoint_006_snapshot.json,0.046176046176046176,0.0,0.0,0.0,0
sequential_interleave__T_long__r00__attempt_001,sequential_interleave,T_long,0,query,7,0,0.9099070667475022,68.341494633,3305.0,331,16,4,/qiuyeqing/llama_prl/G-ARC/outputs/psvr_autonomous_research/stage_2_baselines/raw/sequential_interleave__T_long__replicate_00/attempt_001/checkpoint_007_snapshot.json,0.046176046176046176,0.0,0.0,0.0,0
sequential_interleave__T_long__r00__attempt_001,sequential_interleave,T_long,0,scan,8,0,0.8880482355970069,68.909291533,3265.0,327,20,4,/qiuyeqing/llama_prl/G-ARC/outputs/psvr_autonomous_research/stage_2_baselines/raw/sequential_interleave__T_long__replicate_00/attempt_001/checkpoint_008_snapshot.json,0.05772005772005772,0.0,0.0,0.0,0
sequential_interleave__T_long__r00__attempt_001,sequential_interleave,T_long,0,query,9,0,0.8880482355970069,85.917946671,3265.0,327,20,5,/qiuyeqing/llama_prl/G-ARC/outputs/psvr_autonomous_research/stage_2_baselines/raw/sequential_interleave__T_long__replicate_00/attempt_001/checkpoint_009_snapshot.json,0.05772005772005772,0.0,0.0,0.0,0
sequential_interleave__T_long__r00__attempt_001,sequential_interleave,T_long,0,scan,10,0,0.8664551653115631,86.558681994,3225.0,323,24,5,/qiuyeqing/llama_prl/G-ARC/outputs/psvr_autonomous_research/stage_2_baselines/raw/sequential_interleave__T_long__replicate_00/attempt_001/checkpoint_010_snapshot.json,0.06926406926406926,0.0,0.0,0.0,0
sequential_interleave__T_long__r00__attempt_001,sequential_interleave,T_long,0,query,11,0,0.8664551653115631,103.834009275,3225.0,323,24,6,/qiuyeqing/llama_prl/G-ARC/outputs/psvr_autonomous_research/stage_2_baselines/raw/sequential_interleave__T_long__replicate_00/attempt_001/checkpoint_011_snapshot.json,0.06926406926406926,0.0,0.0,0.0,0
sequential_interleave__T_long__r00__attempt_001,sequential_interleave,T_long,0,scan,12,0,0.8451278558911709,104.6719214,3185.0,319,28,6,/qiuyeqing/llama_prl/G-ARC/outputs/psvr_autonomous_research/stage_2_baselines/raw/sequential_interleave__T_long__replicate_00/attempt_001/checkpoint_012_snapshot.json,0.08080808080808081,0.0,0.0,0.0,0
sequential_interleave__T_long__r01__attempt_001,sequential_interleave,T_long,1,scan,0,0,0.9770781253892982,0.5462223,3425.0,343,4,0,/qiuyeqing/llama_prl/G-ARC/outputs/psvr_autonomous_research/stage_2_baselines/raw/sequential_interleave__T_long__replicate_01/attempt_001/checkpoint_000_snapshot.json,0.011544011544011544,0.0,0.0,0.0,0
sequential_interleave__T_long__r01__attempt_001,sequential_interleave,T_long,1,query,1,0,0.9770781253892982,17.80596899,3425.0,343,4,1,/qiuyeqing/llama_prl/G-ARC/outputs/psvr_autonomous_research/stage_2_baselines/raw/sequential_interleave__T_long__replicate_01/attempt_001/checkpoint_001_snapshot.json,0.011544011544011544,0.0,0.0,0.0,0
sequential_interleave__T_long__r01__attempt_001,sequential_interleave,T_long,1,scan,2,0,0.9544220116436479,18.413654607,3385.0,339,8,1,/qiuyeqing/llama_prl/G-ARC/outputs/psvr_autonomous_research/stage_2_baselines/raw/sequential_interleave__T_long__replicate_01/attempt_001/checkpoint_002_snapshot.json,0.023088023088023088,0.0,0.0,0.0,0
sequential_interleave__T_long__r01__attempt_001,sequential_interleave,T_long,1,query,3,0,0.9544220116436479,34.070818587,3385.0,339,8,2,/qiuyeqing/llama_prl/G-ARC/outputs/psvr_autonomous_research/stage_2_baselines/raw/sequential_interleave__T_long__replicate_01/attempt_001/checkpoint_003_snapshot.json,0.023088023088023088,0.0,0.0,0.0,0
sequential_interleave__T_long__r01__attempt_001,sequential_interleave,T_long,1,scan,4,0,0.9320316587630493,34.635263858,3345.0,335,12,2,/qiuyeqing/llama_prl/G-ARC/outputs/psvr_autonomous_research/stage_2_baselines/raw/sequential_interleave__T_long__replicate_01/attempt_001/checkpoint_004_snapshot.json,0.03463203463203463,0.0,0.0,0.0,0
sequential_interleave__T_long__r01__attempt_001,sequential_interleave,T_long,1,query,5,0,0.9320316587630493,51.145492967,3345.0,335,12,3,/qiuyeqing/llama_prl/G-ARC/outputs/psvr_autonomous_research/stage_2_baselines/raw/sequential_interleave__T_long__replicate_01/attempt_001/checkpoint_005_snapshot.json,0.03463203463203463,0.0,0.0,0.0,0
sequential_interleave__T_long__r01__attempt_001,sequential_interleave,T_long,1,scan,6,0,0.9099070667475022,51.67850778,3305.0,331,16,3,/qiuyeqing/llama_prl/G-ARC/outputs/psvr_autonomous_research/stage_2_baselines/raw/sequential_interleave__T_long__replicate_01/attempt_001/checkpoint_006_snapshot.json,0.046176046176046176,0.0,0.0,0.0,0
sequential_interleave__T_long__r01__attempt_001,sequential_interleave,T_long,1,query,7,0,0.9099070667475022,68.156419861,3305.0,331,16,4,/qiuyeqing/llama_prl/G-ARC/outputs/psvr_autonomous_research/stage_2_baselines/raw/sequential_interleave__T_long__replicate_01/attempt_001/checkpoint_007_snapshot.json,0.046176046176046176,0.0,0.0,0.0,0
sequential_interleave__T_long__r01__attempt_001,sequential_interleave,T_long,1,scan,8,0,0.8880482355970069,68.694186425,3265.0,327,20,4,/qiuyeqing/llama_prl/G-ARC/outputs/psvr_autonomous_research/stage_2_baselines/raw/sequential_interleave__T_long__replicate_01/attempt_001/checkpoint_008_snapshot.json,0.05772005772005772,0.0,0.0,0.0,0
sequential_interleave__T_long__r01__attempt_001,sequential_interleave,T_long,1,query,9,0,0.8880482355970069,85.186661936,3265.0,327,20,5,/qiuyeqing/llama_prl/G-ARC/outputs/psvr_autonomous_research/stage_2_baselines/raw/sequential_interleave__T_long__replicate_01/attempt_001/checkpoint_009_snapshot.json,0.05772005772005772,0.0,0.0,0.0,0
sequential_interleave__T_long__r01__attempt_001,sequential_interleave,T_long,1,scan,10,0,0.8664551653115631,85.770004974,3225.0,323,24,5,/qiuyeqing/llama_prl/G-ARC/outputs/psvr_autonomous_research/stage_2_baselines/raw/sequential_interleave__T_long__replicate_01/attempt_001/checkpoint_010_snapshot.json,0.06926406926406926,0.0,0.0,0.0,0
sequential_interleave__T_long__r01__attempt_001,sequential_interleave,T_long,1,query,11,0,0.8664551653115631,102.716959393,3225.0,323,24,6,/qiuyeqing/llama_prl/G-ARC/outputs/psvr_autonomous_research/stage_2_baselines/raw/sequential_interleave__T_long__replicate_01/attempt_001/checkpoint_011_snapshot.json,0.06926406926406926,0.0,0.0,0.0,0
sequential_interleave__T_long__r01__attempt_001,sequential_interleave,T_long,1,scan,12,0,0.8451278558911709,103.551794948,3185.0,319,28,6,/qiuyeqing/llama_prl/G-ARC/outputs/psvr_autonomous_research/stage_2_baselines/raw/sequential_interleave__T_long__replicate_01/attempt_001/checkpoint_012_snapshot.json,0.08080808080808081,0.0,0.0,0.0,0
sequential_interleave__T_long__r02__attempt_001,sequential_interleave,T_long,2,scan,0,0,0.9770781253892982,0.572663522,3425.0,343,4,0,/qiuyeqing/llama_prl/G-ARC/outputs/psvr_autonomous_research/stage_2_baselines/raw/sequential_interleave__T_long__replicate_02/attempt_001/checkpoint_000_snapshot.json,0.011544011544011544,0.0,0.0,0.0,0
sequential_interleave__T_long__r02__attempt_001,sequential_interleave,T_long,2,query,1,0,0.9770781253892982,17.39509583,3425.0,343,4,1,/qiuyeqing/llama_prl/G-ARC/outputs/psvr_autonomous_research/stage_2_baselines/raw/sequential_interleave__T_long__replicate_02/attempt_001/checkpoint_001_snapshot.json,0.011544011544011544,0.0,0.0,0.0,0
sequential_interleave__T_long__r02__attempt_001,sequential_interleave,T_long,2,scan,2,0,0.9544220116436479,17.90901779,3385.0,339,8,1,/qiuyeqing/llama_prl/G-ARC/outputs/psvr_autonomous_research/stage_2_baselines/raw/sequential_interleave__T_long__replicate_02/attempt_001/checkpoint_002_snapshot.json,0.023088023088023088,0.0,0.0,0.0,0
sequential_interleave__T_long__r02__attempt_001,sequential_interleave,T_long,2,query,3,0,0.9544220116436479,33.458285708,3385.0,339,8,2,/qiuyeqing/llama_prl/G-ARC/outputs/psvr_autonomous_research/stage_2_baselines/raw/sequential_interleave__T_long__replicate_02/attempt_001/checkpoint_003_snapshot.json,0.023088023088023088,0.0,0.0,0.0,0
sequential_interleave__T_long__r02__attempt_001,sequential_interleave,T_long,2,scan,4,0,0.9320316587630493,33.975964055,3345.0,335,12,2,/qiuyeqing/llama_prl/G-ARC/outputs/psvr_autonomous_research/stage_2_baselines/raw/sequential_interleave__T_long__replicate_02/attempt_001/checkpoint_004_snapshot.json,0.03463203463203463,0.0,0.0,0.0,0
sequential_interleave__T_long__r02__attempt_001,sequential_interleave,T_long,2,query,5,0,0.9320316587630493,50.35399435,3345.0,335,12,3,/qiuyeqing/llama_prl/G-ARC/outputs/psvr_autonomous_research/stage_2_baselines/raw/sequential_interleave__T_long__replicate_02/attempt_001/checkpoint_005_snapshot.json,0.03463203463203463,0.0,0.0,0.0,0
sequential_interleave__T_long__r02__attempt_001,sequential_interleave,T_long,2,scan,6,0,0.9099070667475022,50.892041982,3305.0,331,16,3,/qiuyeqing/llama_prl/G-ARC/outputs/psvr_autonomous_research/stage_2_baselines/raw/sequential_interleave__T_long__replicate_02/attempt_001/checkpoint_006_snapshot.json,0.046176046176046176,0.0,0.0,0.0,0
sequential_interleave__T_long__r02__attempt_001,sequential_interleave,T_long,2,query,7,0,0.9099070667475022,67.254075349,3305.0,331,16,4,/qiuyeqing/llama_prl/G-ARC/outputs/psvr_autonomous_research/stage_2_baselines/raw/sequential_interleave__T_long__replicate_02/attempt_001/checkpoint_007_snapshot.json,0.046176046176046176,0.0,0.0,0.0,0
sequential_interleave__T_long__r02__attempt_001,sequential_interleave,T_long,2,scan,8,0,0.8880482355970069,67.872764192,3265.0,327,20,4,/qiuyeqing/llama_prl/G-ARC/outputs/psvr_autonomous_research/stage_2_baselines/raw/sequential_interleave__T_long__replicate_02/attempt_001/checkpoint_008_snapshot.json,0.05772005772005772,0.0,0.0,0.0,0
sequential_interleave__T_long__r02__attempt_001,sequential_interleave,T_long,2,query,9,0,0.8880482355970069,84.366219483,3265.0,327,20,5,/qiuyeqing/llama_prl/G-ARC/outputs/psvr_autonomous_research/stage_2_baselines/raw/sequential_interleave__T_long__replicate_02/attempt_001/checkpoint_009_snapshot.json,0.05772005772005772,0.0,0.0,0.0,0
sequential_interleave__T_long__r02__attempt_001,sequential_interleave,T_long,2,scan,10,0,0.8664551653115631,84.925705534,3225.0,323,24,5,/qiuyeqing/llama_prl/G-ARC/outputs/psvr_autonomous_research/stage_2_baselines/raw/sequential_interleave__T_long__replicate_02/attempt_001/checkpoint_010_snapshot.json,0.06926406926406926,0.0,0.0,0.0,0
sequential_interleave__T_long__r02__attempt_001,sequential_interleave,T_long,2,query,11,0,0.8664551653115631,101.865082282,3225.0,323,24,6,/qiuyeqing/llama_prl/G-ARC/outputs/psvr_autonomous_research/stage_2_baselines/raw/sequential_interleave__T_long__replicate_02/attempt_001/checkpoint_011_snapshot.json,0.06926406926406926,0.0,0.0,0.0,0
sequential_interleave__T_long__r02__attempt_001,sequential_interleave,T_long,2,scan,12,0,0.8451278558911709,102.565599331,3185.0,319,28,6,/qiuyeqing/llama_prl/G-ARC/outputs/psvr_autonomous_research/stage_2_baselines/raw/sequential_interleave__T_long__replicate_02/attempt_001/checkpoint_012_snapshot.json,0.08080808080808081,0.0,0.0,0.0,0
sequential_interleave__T_mid__r00__attempt_001,sequential_interleave,T_mid,0,scan,0,0,0.9770781253892982,0.549136863,3425.0,343,4,0,/qiuyeqing/llama_prl/G-ARC/outputs/psvr_autonomous_research/stage_2_baselines/raw/sequential_interleave__T_mid__replicate_00/attempt_001/checkpoint_000_snapshot.json,0.011544011544011544,0.0,0.0,0.0,0
sequential_interleave__T_mid__r00__attempt_001,sequential_interleave,T_mid,0,query,1,0,0.9770781253892982,17.622006907,3425.0,343,4,1,/qiuyeqing/llama_prl/G-ARC/outputs/psvr_autonomous_research/stage_2_baselines/raw/sequential_interleave__T_mid__replicate_00/attempt_001/checkpoint_001_snapshot.json,0.011544011544011544,0.0,0.0,0.0,0
sequential_interleave__T_mid__r00__attempt_001,sequential_interleave,T_mid,0,scan,2,0,0.9544220116436479,18.116188505,3385.0,339,8,1,/qiuyeqing/llama_prl/G-ARC/outputs/psvr_autonomous_research/stage_2_baselines/raw/sequential_interleave__T_mid__replicate_00/attempt_001/checkpoint_002_snapshot.json,0.023088023088023088,0.0,0.0,0.0,0
sequential_interleave__T_mid__r00__attempt_001,sequential_interleave,T_mid,0,query,3,0,0.9544220116436479,34.469718226,3385.0,339,8,2,/qiuyeqing/llama_prl/G-ARC/outputs/psvr_autonomous_research/stage_2_baselines/raw/sequential_interleave__T_mid__replicate_00/attempt_001/checkpoint_003_snapshot.json,0.023088023088023088,0.0,0.0,0.0,0
sequential_interleave__T_mid__r00__attempt_001,sequential_interleave,T_mid,0,scan,4,0,0.9320316587630493,34.94474048,3345.0,335,12,2,/qiuyeqing/llama_prl/G-ARC/outputs/psvr_autonomous_research/stage_2_baselines/raw/sequential_interleave__T_mid__replicate_00/attempt_001/checkpoint_004_snapshot.json,0.03463203463203463,0.0,0.0,0.0,0
sequential_interleave__T_mid__r00__attempt_001,sequential_interleave,T_mid,0,query,5,0,0.9320316587630493,52.060145376,3345.0,335,12,3,/qiuyeqing/llama_prl/G-ARC/outputs/psvr_autonomous_research/stage_2_baselines/raw/sequential_interleave__T_mid__replicate_00/attempt_001/checkpoint_005_snapshot.json,0.03463203463203463,0.0,0.0,0.0,0
sequential_interleave__T_mid__r00__attempt_001,sequential_interleave,T_mid,0,scan,6,0,0.9099070667475022,52.57634942,3305.0,331,16,3,/qiuyeqing/llama_prl/G-ARC/outputs/psvr_autonomous_research/stage_2_baselines/raw/sequential_interleave__T_mid__replicate_00/attempt_001/checkpoint_006_snapshot.json,0.046176046176046176,0.0,0.0,0.0,0
sequential_interleave__T_mid__r01__attempt_001,sequential_interleave,T_mid,1,scan,0,0,0.9770781253892982,0.557588421,3425.0,343,4,0,/qiuyeqing/llama_prl/G-ARC/outputs/psvr_autonomous_research/stage_2_baselines/raw/sequential_interleave__T_mid__replicate_01/attempt_001/checkpoint_000_snapshot.json,0.011544011544011544,0.0,0.0,0.0,0
sequential_interleave__T_mid__r01__attempt_001,sequential_interleave,T_mid,1,query,1,0,0.9770781253892982,18.182021825,3425.0,343,4,1,/qiuyeqing/llama_prl/G-ARC/outputs/psvr_autonomous_research/stage_2_baselines/raw/sequential_interleave__T_mid__replicate_01/attempt_001/checkpoint_001_snapshot.json,0.011544011544011544,0.0,0.0,0.0,0
sequential_interleave__T_mid__r01__attempt_001,sequential_interleave,T_mid,1,scan,2,0,0.9544220116436479,18.673014884,3385.0,339,8,1,/qiuyeqing/llama_prl/G-ARC/outputs/psvr_autonomous_research/stage_2_baselines/raw/sequential_interleave__T_mid__replicate_01/attempt_001/checkpoint_002_snapshot.json,0.023088023088023088,0.0,0.0,0.0,0
sequential_interleave__T_mid__r01__attempt_001,sequential_interleave,T_mid,1,query,3,0,0.9544220116436479,34.875577632,3385.0,339,8,2,/qiuyeqing/llama_prl/G-ARC/outputs/psvr_autonomous_research/stage_2_baselines/raw/sequential_interleave__T_mid__replicate_01/attempt_001/checkpoint_003_snapshot.json,0.023088023088023088,0.0,0.0,0.0,0
sequential_interleave__T_mid__r01__attempt_001,sequential_interleave,T_mid,1,scan,4,0,0.9320316587630493,35.556238648,3345.0,335,12,2,/qiuyeqing/llama_prl/G-ARC/outputs/psvr_autonomous_research/stage_2_baselines/raw/sequential_interleave__T_mid__replicate_01/attempt_001/checkpoint_004_snapshot.json,0.03463203463203463,0.0,0.0,0.0,0
sequential_interleave__T_mid__r01__attempt_001,sequential_interleave,T_mid,1,query,5,0,0.9320316587630493,52.628986081,3345.0,335,12,3,/qiuyeqing/llama_prl/G-ARC/outputs/psvr_autonomous_research/stage_2_baselines/raw/sequential_interleave__T_mid__replicate_01/attempt_001/checkpoint_005_snapshot.json,0.03463203463203463,0.0,0.0,0.0,0
sequential_interleave__T_mid__r01__attempt_001,sequential_interleave,T_mid,1,scan,6,0,0.9099070667475022,53.279606864,3305.0,331,16,3,/qiuyeqing/llama_prl/G-ARC/outputs/psvr_autonomous_research/stage_2_baselines/raw/sequential_interleave__T_mid__replicate_01/attempt_001/checkpoint_006_snapshot.json,0.046176046176046176,0.0,0.0,0.0,0
sequential_interleave__T_mid__r02__attempt_001,sequential_interleave,T_mid,2,scan,0,0,0.9770781253892982,0.54576535,3425.0,343,4,0,/qiuyeqing/llama_prl/G-ARC/outputs/psvr_autonomous_research/stage_2_baselines/raw/sequential_interleave__T_mid__replicate_02/attempt_001/checkpoint_000_snapshot.json,0.011544011544011544,0.0,0.0,0.0,0
sequential_interleave__T_mid__r02__attempt_001,sequential_interleave,T_mid,2,query,1,0,0.9770781253892982,17.697214013,3425.0,343,4,1,/qiuyeqing/llama_prl/G-ARC/outputs/psvr_autonomous_research/stage_2_baselines/raw/sequential_interleave__T_mid__replicate_02/attempt_001/checkpoint_001_snapshot.json,0.011544011544011544,0.0,0.0,0.0,0
sequential_interleave__T_mid__r02__attempt_001,sequential_interleave,T_mid,2,scan,2,0,0.9544220116436479,18.191144186,3385.0,339,8,1,/qiuyeqing/llama_prl/G-ARC/outputs/psvr_autonomous_research/stage_2_baselines/raw/sequential_interleave__T_mid__replicate_02/attempt_001/checkpoint_002_snapshot.json,0.023088023088023088,0.0,0.0,0.0,0
sequential_interleave__T_mid__r02__attempt_001,sequential_interleave,T_mid,2,query,3,0,0.9544220116436479,33.963644758,3385.0,339,8,2,/qiuyeqing/llama_prl/G-ARC/outputs/psvr_autonomous_research/stage_2_baselines/raw/sequential_interleave__T_mid__replicate_02/attempt_001/checkpoint_003_snapshot.json,0.023088023088023088,0.0,0.0,0.0,0
sequential_interleave__T_mid__r02__attempt_001,sequential_interleave,T_mid,2,scan,4,0,0.9320316587630493,34.476831387,3345.0,335,12,2,/qiuyeqing/llama_prl/G-ARC/outputs/psvr_autonomous_research/stage_2_baselines/raw/sequential_interleave__T_mid__replicate_02/attempt_001/checkpoint_004_snapshot.json,0.03463203463203463,0.0,0.0,0.0,0
sequential_interleave__T_mid__r02__attempt_001,sequential_interleave,T_mid,2,query,5,0,0.9320316587630493,51.05650907,3345.0,335,12,3,/qiuyeqing/llama_prl/G-ARC/outputs/psvr_autonomous_research/stage_2_baselines/raw/sequential_interleave__T_mid__replicate_02/attempt_001/checkpoint_005_snapshot.json,0.03463203463203463,0.0,0.0,0.0,0
sequential_interleave__T_mid__r02__attempt_001,sequential_interleave,T_mid,2,scan,6,0,0.9099070667475022,51.571339924,3305.0,331,16,3,/qiuyeqing/llama_prl/G-ARC/outputs/psvr_autonomous_research/stage_2_baselines/raw/sequential_interleave__T_mid__replicate_02/attempt_001/checkpoint_006_snapshot.json,0.046176046176046176,0.0,0.0,0.0,0
sequential_interleave__T_short__r00__attempt_001,sequential_interleave,T_short,0,scan,0,0,0.9770781253892982,0.544572625,3425.0,343,4,0,/qiuyeqing/llama_prl/G-ARC/outputs/psvr_autonomous_research/stage_2_baselines/raw/sequential_interleave__T_short__replicate_00/attempt_001/checkpoint_000_snapshot.json,0.011544011544011544,0.0,0.0,0.0,0
sequential_interleave__T_short__r00__attempt_001,sequential_interleave,T_short,0,query,1,0,0.9770781253892982,18.0520691,3425.0,343,4,1,/qiuyeqing/llama_prl/G-ARC/outputs/psvr_autonomous_research/stage_2_baselines/raw/sequential_interleave__T_short__replicate_00/attempt_001/checkpoint_001_snapshot.json,0.011544011544011544,0.0,0.0,0.0,0
sequential_interleave__T_short__r00__attempt_001,sequential_interleave,T_short,0,scan,2,0,0.9544220116436479,18.549594878,3385.0,339,8,1,/qiuyeqing/llama_prl/G-ARC/outputs/psvr_autonomous_research/stage_2_baselines/raw/sequential_interleave__T_short__replicate_00/attempt_001/checkpoint_002_snapshot.json,0.023088023088023088,0.0,0.0,0.0,0
sequential_interleave__T_short__r01__attempt_001,sequential_interleave,T_short,1,scan,0,0,0.9770781253892982,0.551291256,3425.0,343,4,0,/qiuyeqing/llama_prl/G-ARC/outputs/psvr_autonomous_research/stage_2_baselines/raw/sequential_interleave__T_short__replicate_01/attempt_001/checkpoint_000_snapshot.json,0.011544011544011544,0.0,0.0,0.0,0
sequential_interleave__T_short__r01__attempt_001,sequential_interleave,T_short,1,query,1,0,0.9770781253892982,17.540811535,3425.0,343,4,1,/qiuyeqing/llama_prl/G-ARC/outputs/psvr_autonomous_research/stage_2_baselines/raw/sequential_interleave__T_short__replicate_01/attempt_001/checkpoint_001_snapshot.json,0.011544011544011544,0.0,0.0,0.0,0
sequential_interleave__T_short__r01__attempt_001,sequential_interleave,T_short,1,scan,2,0,0.9544220116436479,18.027592358,3385.0,339,8,1,/qiuyeqing/llama_prl/G-ARC/outputs/psvr_autonomous_research/stage_2_baselines/raw/sequential_interleave__T_short__replicate_01/attempt_001/checkpoint_002_snapshot.json,0.023088023088023088,0.0,0.0,0.0,0
sequential_interleave__T_short__r02__attempt_001,sequential_interleave,T_short,2,scan,0,0,0.9770781253892982,0.557770931,3425.0,343,4,0,/qiuyeqing/llama_prl/G-ARC/outputs/psvr_autonomous_research/stage_2_baselines/raw/sequential_interleave__T_short__replicate_02/attempt_001/checkpoint_000_snapshot.json,0.011544011544011544,0.0,0.0,0.0,0
sequential_interleave__T_short__r02__attempt_001,sequential_interleave,T_short,2,query,1,0,0.9770781253892982,17.409961602,3425.0,343,4,1,/qiuyeqing/llama_prl/G-ARC/outputs/psvr_autonomous_research/stage_2_baselines/raw/sequential_interleave__T_short__replicate_02/attempt_001/checkpoint_001_snapshot.json,0.011544011544011544,0.0,0.0,0.0,0
sequential_interleave__T_short__r02__attempt_001,sequential_interleave,T_short,2,scan,2,0,0.9544220116436479,17.891824257,3385.0,339,8,1,/qiuyeqing/llama_prl/G-ARC/outputs/psvr_autonomous_research/stage_2_baselines/raw/sequential_interleave__T_short__replicate_02/attempt_001/checkpoint_002_snapshot.json,0.023088023088023088,0.0,0.0,0.0,0
uniform_temporal_interleave__T_long__r00__attempt_001,uniform_temporal_interleave,T_long,0,scan,0,0,0.21427800247489806,0.545531584,860.0,86,4,0,/qiuyeqing/llama_prl/G-ARC/outputs/psvr_autonomous_research/stage_2_baselines/raw/uniform_temporal_interleave__T_long__replicate_00/attempt_001/checkpoint_000_snapshot.json,0.011544011544011544,0.0,0.0,0.0,0
uniform_temporal_interleave__T_long__r00__attempt_001,uniform_temporal_interleave,T_long,0,query,1,0,0.21427800247489806,19.004395582,860.0,86,4,1,/qiuyeqing/llama_prl/G-ARC/outputs/psvr_autonomous_research/stage_2_baselines/raw/uniform_temporal_interleave__T_long__replicate_00/attempt_001/checkpoint_001_snapshot.json,0.011544011544011544,0.0,0.0,0.0,0
uniform_temporal_interleave__T_long__r00__attempt_001,uniform_temporal_interleave,T_long,0,scan,2,0,0.11199328953815745,19.522729262,430.0,43,8,1,/qiuyeqing/llama_prl/G-ARC/outputs/psvr_autonomous_research/stage_2_baselines/raw/uniform_temporal_interleave__T_long__replicate_00/attempt_001/checkpoint_002_snapshot.json,0.023088023088023088,0.0,0.0,0.0,0
uniform_temporal_interleave__T_long__r00__attempt_001,uniform_temporal_interleave,T_long,0,query,3,0,0.11199328953815745,38.238800715,430.0,43,8,2,/qiuyeqing/llama_prl/G-ARC/outputs/psvr_autonomous_research/stage_2_baselines/raw/uniform_temporal_interleave__T_long__replicate_00/attempt_001/checkpoint_003_snapshot.json,0.023088023088023088,0.0,0.0,0.0,0
uniform_temporal_interleave__T_long__r00__attempt_001,uniform_temporal_interleave,T_long,0,scan,4,0,0.08023486616448937,38.905191706,420.0,42,12,2,/qiuyeqing/llama_prl/G-ARC/outputs/psvr_autonomous_research/stage_2_baselines/raw/uniform_temporal_interleave__T_long__replicate_00/attempt_001/checkpoint_004_snapshot.json,0.03463203463203463,0.0,0.0,0.0,0
uniform_temporal_interleave__T_long__r00__attempt_001,uniform_temporal_interleave,T_long,0,query,5,0,0.08023486616448937,54.844037235,420.0,42,12,3,/qiuyeqing/llama_prl/G-ARC/outputs/psvr_autonomous_research/stage_2_baselines/raw/uniform_temporal_interleave__T_long__replicate_00/attempt_001/checkpoint_005_snapshot.json,0.03463203463203463,0.0,0.0,0.0,0
uniform_temporal_interleave__T_long__r00__attempt_001,uniform_temporal_interleave,T_long,0,scan,6,0,0.05523673479557176,55.532213534,210.0,21,16,3,/qiuyeqing/llama_prl/G-ARC/outputs/psvr_autonomous_research/stage_2_baselines/raw/uniform_temporal_interleave__T_long__replicate_00/attempt_001/checkpoint_006_snapshot.json,0.046176046176046176,0.0,0.0,0.0,0
uniform_temporal_interleave__T_long__r00__attempt_001,uniform_temporal_interleave,T_long,0,query,7,0,0.05523673479557176,72.555517792,210.0,21,16,4,/qiuyeqing/llama_prl/G-ARC/outputs/psvr_autonomous_research/stage_2_baselines/raw/uniform_temporal_interleave__T_long__replicate_00/attempt_001/checkpoint_007_snapshot.json,0.046176046176046176,0.0,0.0,0.0,0
uniform_temporal_interleave__T_long__r00__attempt_001,uniform_temporal_interleave,T_long,0,scan,8,0,0.04723068873589183,73.360961476,210.0,21,20,4,/qiuyeqing/llama_prl/G-ARC/outputs/psvr_autonomous_research/stage_2_baselines/raw/uniform_temporal_interleave__T_long__replicate_00/attempt_001/checkpoint_008_snapshot.json,0.05772005772005772,0.0,0.0,0.0,0
uniform_temporal_interleave__T_long__r00__attempt_001,uniform_temporal_interleave,T_long,0,query,9,0,0.04723068873589183,90.254786178,210.0,21,20,5,/qiuyeqing/llama_prl/G-ARC/outputs/psvr_autonomous_research/stage_2_baselines/raw/uniform_temporal_interleave__T_long__replicate_00/attempt_001/checkpoint_009_snapshot.json,0.05772005772005772,0.0,0.0,0.0,0
uniform_temporal_interleave__T_long__r00__attempt_001,uniform_temporal_interleave,T_long,0,scan,10,0,0.03922464267621191,91.036419809,210.0,21,24,5,/qiuyeqing/llama_prl/G-ARC/outputs/psvr_autonomous_research/stage_2_baselines/raw/uniform_temporal_interleave__T_long__replicate_00/attempt_001/checkpoint_010_snapshot.json,0.06926406926406926,0.0,0.0,0.0,0
uniform_temporal_interleave__T_long__r00__attempt_001,uniform_temporal_interleave,T_long,0,query,11,0,0.03922464267621191,108.153235509,210.0,21,24,6,/qiuyeqing/llama_prl/G-ARC/outputs/psvr_autonomous_research/stage_2_baselines/raw/uniform_temporal_interleave__T_long__replicate_00/attempt_001/checkpoint_011_snapshot.json,0.06926406926406926,0.0,0.0,0.0,0
uniform_temporal_interleave__T_long__r00__attempt_001,uniform_temporal_interleave,T_long,0,scan,12,0,0.031401307211254975,108.97545988,200.0,20,28,6,/qiuyeqing/llama_prl/G-ARC/outputs/psvr_autonomous_research/stage_2_baselines/raw/uniform_temporal_interleave__T_long__replicate_00/attempt_001/checkpoint_012_snapshot.json,0.08080808080808081,0.0,0.0,0.0,0
uniform_temporal_interleave__T_long__r01__attempt_001,uniform_temporal_interleave,T_long,1,scan,0,0,0.21427800247489806,0.520383854,860.0,86,4,0,/qiuyeqing/llama_prl/G-ARC/outputs/psvr_autonomous_research/stage_2_baselines/raw/uniform_temporal_interleave__T_long__replicate_01/attempt_001/checkpoint_000_snapshot.json,0.011544011544011544,0.0,0.0,0.0,0
uniform_temporal_interleave__T_long__r01__attempt_001,uniform_temporal_interleave,T_long,1,query,1,0,0.21427800247489806,18.82757393,860.0,86,4,1,/qiuyeqing/llama_prl/G-ARC/outputs/psvr_autonomous_research/stage_2_baselines/raw/uniform_temporal_interleave__T_long__replicate_01/attempt_001/checkpoint_001_snapshot.json,0.011544011544011544,0.0,0.0,0.0,0
uniform_temporal_interleave__T_long__r01__attempt_001,uniform_temporal_interleave,T_long,1,scan,2,0,0.11199328953815745,19.349538579,430.0,43,8,1,/qiuyeqing/llama_prl/G-ARC/outputs/psvr_autonomous_research/stage_2_baselines/raw/uniform_temporal_interleave__T_long__replicate_01/attempt_001/checkpoint_002_snapshot.json,0.023088023088023088,0.0,0.0,0.0,0
uniform_temporal_interleave__T_long__r01__attempt_001,uniform_temporal_interleave,T_long,1,query,3,0,0.11199328953815745,37.579091285,430.0,43,8,2,/qiuyeqing/llama_prl/G-ARC/outputs/psvr_autonomous_research/stage_2_baselines/raw/uniform_temporal_interleave__T_long__replicate_01/attempt_001/checkpoint_003_snapshot.json,0.023088023088023088,0.0,0.0,0.0,0
uniform_temporal_interleave__T_long__r01__attempt_001,uniform_temporal_interleave,T_long,1,scan,4,0,0.08023486616448937,38.160722132,420.0,42,12,2,/qiuyeqing/llama_prl/G-ARC/outputs/psvr_autonomous_research/stage_2_baselines/raw/uniform_temporal_interleave__T_long__replicate_01/attempt_001/checkpoint_004_snapshot.json,0.03463203463203463,0.0,0.0,0.0,0
uniform_temporal_interleave__T_long__r01__attempt_001,uniform_temporal_interleave,T_long,1,query,5,0,0.08023486616448937,53.85452834,420.0,42,12,3,/qiuyeqing/llama_prl/G-ARC/outputs/psvr_autonomous_research/stage_2_baselines/raw/uniform_temporal_interleave__T_long__replicate_01/attempt_001/checkpoint_005_snapshot.json,0.03463203463203463,0.0,0.0,0.0,0
uniform_temporal_interleave__T_long__r01__attempt_001,uniform_temporal_interleave,T_long,1,scan,6,0,0.05523673479557176,54.377481884,210.0,21,16,3,/qiuyeqing/llama_prl/G-ARC/outputs/psvr_autonomous_research/stage_2_baselines/raw/uniform_temporal_interleave__T_long__replicate_01/attempt_001/checkpoint_006_snapshot.json,0.046176046176046176,0.0,0.0,0.0,0
uniform_temporal_interleave__T_long__r01__attempt_001,uniform_temporal_interleave,T_long,1,query,7,0,0.05523673479557176,71.342868138,210.0,21,16,4,/qiuyeqing/llama_prl/G-ARC/outputs/psvr_autonomous_research/stage_2_baselines/raw/uniform_temporal_interleave__T_long__replicate_01/attempt_001/checkpoint_007_snapshot.json,0.046176046176046176,0.0,0.0,0.0,0
uniform_temporal_interleave__T_long__r01__attempt_001,uniform_temporal_interleave,T_long,1,scan,8,0,0.04723068873589183,71.881422308,210.0,21,20,4,/qiuyeqing/llama_prl/G-ARC/outputs/psvr_autonomous_research/stage_2_baselines/raw/uniform_temporal_interleave__T_long__replicate_01/attempt_001/checkpoint_008_snapshot.json,0.05772005772005772,0.0,0.0,0.0,0
uniform_temporal_interleave__T_long__r01__attempt_001,uniform_temporal_interleave,T_long,1,query,9,0,0.04723068873589183,88.603420698,210.0,21,20,5,/qiuyeqing/llama_prl/G-ARC/outputs/psvr_autonomous_research/stage_2_baselines/raw/uniform_temporal_interleave__T_long__replicate_01/attempt_001/checkpoint_009_snapshot.json,0.05772005772005772,0.0,0.0,0.0,0
uniform_temporal_interleave__T_long__r01__attempt_001,uniform_temporal_interleave,T_long,1,scan,10,0,0.03922464267621191,89.154101867,210.0,21,24,5,/qiuyeqing/llama_prl/G-ARC/outputs/psvr_autonomous_research/stage_2_baselines/raw/uniform_temporal_interleave__T_long__replicate_01/attempt_001/checkpoint_010_snapshot.json,0.06926406926406926,0.0,0.0,0.0,0
uniform_temporal_interleave__T_long__r01__attempt_001,uniform_temporal_interleave,T_long,1,query,11,0,0.03922464267621191,106.296991591,210.0,21,24,6,/qiuyeqing/llama_prl/G-ARC/outputs/psvr_autonomous_research/stage_2_baselines/raw/uniform_temporal_interleave__T_long__replicate_01/attempt_001/checkpoint_011_snapshot.json,0.06926406926406926,0.0,0.0,0.0,0
uniform_temporal_interleave__T_long__r01__attempt_001,uniform_temporal_interleave,T_long,1,scan,12,0,0.031401307211254975,106.840951433,200.0,20,28,6,/qiuyeqing/llama_prl/G-ARC/outputs/psvr_autonomous_research/stage_2_baselines/raw/uniform_temporal_interleave__T_long__replicate_01/attempt_001/checkpoint_012_snapshot.json,0.08080808080808081,0.0,0.0,0.0,0
uniform_temporal_interleave__T_long__r02__attempt_001,uniform_temporal_interleave,T_long,2,scan,0,0,0.21427800247489806,0.530191537,860.0,86,4,0,/qiuyeqing/llama_prl/G-ARC/outputs/psvr_autonomous_research/stage_2_baselines/raw/uniform_temporal_interleave__T_long__replicate_02/attempt_001/checkpoint_000_snapshot.json,0.011544011544011544,0.0,0.0,0.0,0
uniform_temporal_interleave__T_long__r02__attempt_001,uniform_temporal_interleave,T_long,2,query,1,0,0.21427800247489806,18.635374731,860.0,86,4,1,/qiuyeqing/llama_prl/G-ARC/outputs/psvr_autonomous_research/stage_2_baselines/raw/uniform_temporal_interleave__T_long__replicate_02/attempt_001/checkpoint_001_snapshot.json,0.011544011544011544,0.0,0.0,0.0,0
uniform_temporal_interleave__T_long__r02__attempt_001,uniform_temporal_interleave,T_long,2,scan,2,0,0.11199328953815745,19.171327814,430.0,43,8,1,/qiuyeqing/llama_prl/G-ARC/outputs/psvr_autonomous_research/stage_2_baselines/raw/uniform_temporal_interleave__T_long__replicate_02/attempt_001/checkpoint_002_snapshot.json,0.023088023088023088,0.0,0.0,0.0,0
uniform_temporal_interleave__T_long__r02__attempt_001,uniform_temporal_interleave,T_long,2,query,3,0,0.11199328953815745,37.624019805,430.0,43,8,2,/qiuyeqing/llama_prl/G-ARC/outputs/psvr_autonomous_research/stage_2_baselines/raw/uniform_temporal_interleave__T_long__replicate_02/attempt_001/checkpoint_003_snapshot.json,0.023088023088023088,0.0,0.0,0.0,0
uniform_temporal_interleave__T_long__r02__attempt_001,uniform_temporal_interleave,T_long,2,scan,4,0,0.08023486616448937,38.236487762,420.0,42,12,2,/qiuyeqing/llama_prl/G-ARC/outputs/psvr_autonomous_research/stage_2_baselines/raw/uniform_temporal_interleave__T_long__replicate_02/attempt_001/checkpoint_004_snapshot.json,0.03463203463203463,0.0,0.0,0.0,0
uniform_temporal_interleave__T_long__r02__attempt_001,uniform_temporal_interleave,T_long,2,query,5,0,0.08023486616448937,53.938536336,420.0,42,12,3,/qiuyeqing/llama_prl/G-ARC/outputs/psvr_autonomous_research/stage_2_baselines/raw/uniform_temporal_interleave__T_long__replicate_02/attempt_001/checkpoint_005_snapshot.json,0.03463203463203463,0.0,0.0,0.0,0
uniform_temporal_interleave__T_long__r02__attempt_001,uniform_temporal_interleave,T_long,2,scan,6,0,0.05523673479557176,54.434013649,210.0,21,16,3,/qiuyeqing/llama_prl/G-ARC/outputs/psvr_autonomous_research/stage_2_baselines/raw/uniform_temporal_interleave__T_long__replicate_02/attempt_001/checkpoint_006_snapshot.json,0.046176046176046176,0.0,0.0,0.0,0
uniform_temporal_interleave__T_long__r02__attempt_001,uniform_temporal_interleave,T_long,2,query,7,0,0.05523673479557176,71.522419467,210.0,21,16,4,/qiuyeqing/llama_prl/G-ARC/outputs/psvr_autonomous_research/stage_2_baselines/raw/uniform_temporal_interleave__T_long__replicate_02/attempt_001/checkpoint_007_snapshot.json,0.046176046176046176,0.0,0.0,0.0,0
uniform_temporal_interleave__T_long__r02__attempt_001,uniform_temporal_interleave,T_long,2,scan,8,0,0.04723068873589183,72.069458065,210.0,21,20,4,/qiuyeqing/llama_prl/G-ARC/outputs/psvr_autonomous_research/stage_2_baselines/raw/uniform_temporal_interleave__T_long__replicate_02/attempt_001/checkpoint_008_snapshot.json,0.05772005772005772,0.0,0.0,0.0,0
uniform_temporal_interleave__T_long__r02__attempt_001,uniform_temporal_interleave,T_long,2,query,9,0,0.04723068873589183,88.914139067,210.0,21,20,5,/qiuyeqing/llama_prl/G-ARC/outputs/psvr_autonomous_research/stage_2_baselines/raw/uniform_temporal_interleave__T_long__replicate_02/attempt_001/checkpoint_009_snapshot.json,0.05772005772005772,0.0,0.0,0.0,0
uniform_temporal_interleave__T_long__r02__attempt_001,uniform_temporal_interleave,T_long,2,scan,10,0,0.03922464267621191,89.467951748,210.0,21,24,5,/qiuyeqing/llama_prl/G-ARC/outputs/psvr_autonomous_research/stage_2_baselines/raw/uniform_temporal_interleave__T_long__replicate_02/attempt_001/checkpoint_010_snapshot.json,0.06926406926406926,0.0,0.0,0.0,0
uniform_temporal_interleave__T_long__r02__attempt_001,uniform_temporal_interleave,T_long,2,query,11,0,0.03922464267621191,106.562175638,210.0,21,24,6,/qiuyeqing/llama_prl/G-ARC/outputs/psvr_autonomous_research/stage_2_baselines/raw/uniform_temporal_interleave__T_long__replicate_02/attempt_001/checkpoint_011_snapshot.json,0.06926406926406926,0.0,0.0,0.0,0
uniform_temporal_interleave__T_long__r02__attempt_001,uniform_temporal_interleave,T_long,2,scan,12,0,0.031401307211254975,107.187731071,200.0,20,28,6,/qiuyeqing/llama_prl/G-ARC/outputs/psvr_autonomous_research/stage_2_baselines/raw/uniform_temporal_interleave__T_long__replicate_02/attempt_001/checkpoint_012_snapshot.json,0.08080808080808081,0.0,0.0,0.0,0
uniform_temporal_interleave__T_mid__r00__attempt_001,uniform_temporal_interleave,T_mid,0,scan,0,0,0.21427800247489806,0.50251326,860.0,86,4,0,/qiuyeqing/llama_prl/G-ARC/outputs/psvr_autonomous_research/stage_2_baselines/raw/uniform_temporal_interleave__T_mid__replicate_00/attempt_001/checkpoint_000_snapshot.json,0.011544011544011544,0.0,0.0,0.0,0
uniform_temporal_interleave__T_mid__r00__attempt_001,uniform_temporal_interleave,T_mid,0,query,1,0,0.21427800247489806,18.934933493,860.0,86,4,1,/qiuyeqing/llama_prl/G-ARC/outputs/psvr_autonomous_research/stage_2_baselines/raw/uniform_temporal_interleave__T_mid__replicate_00/attempt_001/checkpoint_001_snapshot.json,0.011544011544011544,0.0,0.0,0.0,0
uniform_temporal_interleave__T_mid__r00__attempt_001,uniform_temporal_interleave,T_mid,0,scan,2,0,0.11199328953815745,19.458005393,430.0,43,8,1,/qiuyeqing/llama_prl/G-ARC/outputs/psvr_autonomous_research/stage_2_baselines/raw/uniform_temporal_interleave__T_mid__replicate_00/attempt_001/checkpoint_002_snapshot.json,0.023088023088023088,0.0,0.0,0.0,0
uniform_temporal_interleave__T_mid__r00__attempt_001,uniform_temporal_interleave,T_mid,0,query,3,0,0.11199328953815745,38.087254242,430.0,43,8,2,/qiuyeqing/llama_prl/G-ARC/outputs/psvr_autonomous_research/stage_2_baselines/raw/uniform_temporal_interleave__T_mid__replicate_00/attempt_001/checkpoint_003_snapshot.json,0.023088023088023088,0.0,0.0,0.0,0
uniform_temporal_interleave__T_mid__r00__attempt_001,uniform_temporal_interleave,T_mid,0,scan,4,0,0.08023486616448937,38.702230598,420.0,42,12,2,/qiuyeqing/llama_prl/G-ARC/outputs/psvr_autonomous_research/stage_2_baselines/raw/uniform_temporal_interleave__T_mid__replicate_00/attempt_001/checkpoint_004_snapshot.json,0.03463203463203463,0.0,0.0,0.0,0
uniform_temporal_interleave__T_mid__r00__attempt_001,uniform_temporal_interleave,T_mid,0,query,5,0,0.08023486616448937,54.751735274,420.0,42,12,3,/qiuyeqing/llama_prl/G-ARC/outputs/psvr_autonomous_research/stage_2_baselines/raw/uniform_temporal_interleave__T_mid__replicate_00/attempt_001/checkpoint_005_snapshot.json,0.03463203463203463,0.0,0.0,0.0,0
uniform_temporal_interleave__T_mid__r00__attempt_001,uniform_temporal_interleave,T_mid,0,scan,6,0,0.05523673479557176,55.303490939,210.0,21,16,3,/qiuyeqing/llama_prl/G-ARC/outputs/psvr_autonomous_research/stage_2_baselines/raw/uniform_temporal_interleave__T_mid__replicate_00/attempt_001/checkpoint_006_snapshot.json,0.046176046176046176,0.0,0.0,0.0,0
uniform_temporal_interleave__T_mid__r01__attempt_001,uniform_temporal_interleave,T_mid,1,scan,0,0,0.21427800247489806,0.517713969,860.0,86,4,0,/qiuyeqing/llama_prl/G-ARC/outputs/psvr_autonomous_research/stage_2_baselines/raw/uniform_temporal_interleave__T_mid__replicate_01/attempt_001/checkpoint_000_snapshot.json,0.011544011544011544,0.0,0.0,0.0,0
uniform_temporal_interleave__T_mid__r01__attempt_001,uniform_temporal_interleave,T_mid,1,query,1,0,0.21427800247489806,18.736555603,860.0,86,4,1,/qiuyeqing/llama_prl/G-ARC/outputs/psvr_autonomous_research/stage_2_baselines/raw/uniform_temporal_interleave__T_mid__replicate_01/attempt_001/checkpoint_001_snapshot.json,0.011544011544011544,0.0,0.0,0.0,0
uniform_temporal_interleave__T_mid__r01__attempt_001,uniform_temporal_interleave,T_mid,1,scan,2,0,0.11199328953815745,19.3328096,430.0,43,8,1,/qiuyeqing/llama_prl/G-ARC/outputs/psvr_autonomous_research/stage_2_baselines/raw/uniform_temporal_interleave__T_mid__replicate_01/attempt_001/checkpoint_002_snapshot.json,0.023088023088023088,0.0,0.0,0.0,0
uniform_temporal_interleave__T_mid__r01__attempt_001,uniform_temporal_interleave,T_mid,1,query,3,0,0.11199328953815745,37.884188337,430.0,43,8,2,/qiuyeqing/llama_prl/G-ARC/outputs/psvr_autonomous_research/stage_2_baselines/raw/uniform_temporal_interleave__T_mid__replicate_01/attempt_001/checkpoint_003_snapshot.json,0.023088023088023088,0.0,0.0,0.0,0
uniform_temporal_interleave__T_mid__r01__attempt_001,uniform_temporal_interleave,T_mid,1,scan,4,0,0.08023486616448937,38.567145727,420.0,42,12,2,/qiuyeqing/llama_prl/G-ARC/outputs/psvr_autonomous_research/stage_2_baselines/raw/uniform_temporal_interleave__T_mid__replicate_01/attempt_001/checkpoint_004_snapshot.json,0.03463203463203463,0.0,0.0,0.0,0
uniform_temporal_interleave__T_mid__r01__attempt_001,uniform_temporal_interleave,T_mid,1,query,5,0,0.08023486616448937,54.436577423,420.0,42,12,3,/qiuyeqing/llama_prl/G-ARC/outputs/psvr_autonomous_research/stage_2_baselines/raw/uniform_temporal_interleave__T_mid__replicate_01/attempt_001/checkpoint_005_snapshot.json,0.03463203463203463,0.0,0.0,0.0,0
uniform_temporal_interleave__T_mid__r01__attempt_001,uniform_temporal_interleave,T_mid,1,scan,6,0,0.05523673479557176,55.055006295,210.0,21,16,3,/qiuyeqing/llama_prl/G-ARC/outputs/psvr_autonomous_research/stage_2_baselines/raw/uniform_temporal_interleave__T_mid__replicate_01/attempt_001/checkpoint_006_snapshot.json,0.046176046176046176,0.0,0.0,0.0,0
uniform_temporal_interleave__T_mid__r02__attempt_001,uniform_temporal_interleave,T_mid,2,scan,0,0,0.21427800247489806,0.535962652,860.0,86,4,0,/qiuyeqing/llama_prl/G-ARC/outputs/psvr_autonomous_research/stage_2_baselines/raw/uniform_temporal_interleave__T_mid__replicate_02/attempt_001/checkpoint_000_snapshot.json,0.011544011544011544,0.0,0.0,0.0,0
uniform_temporal_interleave__T_mid__r02__attempt_001,uniform_temporal_interleave,T_mid,2,query,1,0,0.21427800247489806,18.700501474,860.0,86,4,1,/qiuyeqing/llama_prl/G-ARC/outputs/psvr_autonomous_research/stage_2_baselines/raw/uniform_temporal_interleave__T_mid__replicate_02/attempt_001/checkpoint_001_snapshot.json,0.011544011544011544,0.0,0.0,0.0,0
uniform_temporal_interleave__T_mid__r02__attempt_001,uniform_temporal_interleave,T_mid,2,scan,2,0,0.11199328953815745,19.212116958,430.0,43,8,1,/qiuyeqing/llama_prl/G-ARC/outputs/psvr_autonomous_research/stage_2_baselines/raw/uniform_temporal_interleave__T_mid__replicate_02/attempt_001/checkpoint_002_snapshot.json,0.023088023088023088,0.0,0.0,0.0,0
uniform_temporal_interleave__T_mid__r02__attempt_001,uniform_temporal_interleave,T_mid,2,query,3,0,0.11199328953815745,37.659055432,430.0,43,8,2,/qiuyeqing/llama_prl/G-ARC/outputs/psvr_autonomous_research/stage_2_baselines/raw/uniform_temporal_interleave__T_mid__replicate_02/attempt_001/checkpoint_003_snapshot.json,0.023088023088023088,0.0,0.0,0.0,0
uniform_temporal_interleave__T_mid__r02__attempt_001,uniform_temporal_interleave,T_mid,2,scan,4,0,0.08023486616448937,38.324045788,420.0,42,12,2,/qiuyeqing/llama_prl/G-ARC/outputs/psvr_autonomous_research/stage_2_baselines/raw/uniform_temporal_interleave__T_mid__replicate_02/attempt_001/checkpoint_004_snapshot.json,0.03463203463203463,0.0,0.0,0.0,0
uniform_temporal_interleave__T_mid__r02__attempt_001,uniform_temporal_interleave,T_mid,2,query,5,0,0.08023486616448937,54.211824503,420.0,42,12,3,/qiuyeqing/llama_prl/G-ARC/outputs/psvr_autonomous_research/stage_2_baselines/raw/uniform_temporal_interleave__T_mid__replicate_02/attempt_001/checkpoint_005_snapshot.json,0.03463203463203463,0.0,0.0,0.0,0
uniform_temporal_interleave__T_mid__r02__attempt_001,uniform_temporal_interleave,T_mid,2,scan,6,0,0.05523673479557176,54.925891148,210.0,21,16,3,/qiuyeqing/llama_prl/G-ARC/outputs/psvr_autonomous_research/stage_2_baselines/raw/uniform_temporal_interleave__T_mid__replicate_02/attempt_001/checkpoint_006_snapshot.json,0.046176046176046176,0.0,0.0,0.0,0
uniform_temporal_interleave__T_short__r00__attempt_001,uniform_temporal_interleave,T_short,0,scan,0,0,0.21427800247489806,0.715902922,860.0,86,4,0,/qiuyeqing/llama_prl/G-ARC/outputs/psvr_autonomous_research/stage_2_baselines/raw/uniform_temporal_interleave__T_short__replicate_00/attempt_001/checkpoint_000_snapshot.json,0.011544011544011544,0.0,0.0,0.0,0
uniform_temporal_interleave__T_short__r00__attempt_001,uniform_temporal_interleave,T_short,0,query,1,0,0.21427800247489806,19.389123491,860.0,86,4,1,/qiuyeqing/llama_prl/G-ARC/outputs/psvr_autonomous_research/stage_2_baselines/raw/uniform_temporal_interleave__T_short__replicate_00/attempt_001/checkpoint_001_snapshot.json,0.011544011544011544,0.0,0.0,0.0,0
uniform_temporal_interleave__T_short__r00__attempt_001,uniform_temporal_interleave,T_short,0,scan,2,0,0.11199328953815745,20.035295394,430.0,43,8,1,/qiuyeqing/llama_prl/G-ARC/outputs/psvr_autonomous_research/stage_2_baselines/raw/uniform_temporal_interleave__T_short__replicate_00/attempt_001/checkpoint_002_snapshot.json,0.023088023088023088,0.0,0.0,0.0,0
uniform_temporal_interleave__T_short__r01__attempt_001,uniform_temporal_interleave,T_short,1,scan,0,0,0.21427800247489806,0.528290576,860.0,86,4,0,/qiuyeqing/llama_prl/G-ARC/outputs/psvr_autonomous_research/stage_2_baselines/raw/uniform_temporal_interleave__T_short__replicate_01/attempt_001/checkpoint_000_snapshot.json,0.011544011544011544,0.0,0.0,0.0,0
uniform_temporal_interleave__T_short__r01__attempt_001,uniform_temporal_interleave,T_short,1,query,1,0,0.21427800247489806,18.48344761,860.0,86,4,1,/qiuyeqing/llama_prl/G-ARC/outputs/psvr_autonomous_research/stage_2_baselines/raw/uniform_temporal_interleave__T_short__replicate_01/attempt_001/checkpoint_001_snapshot.json,0.011544011544011544,0.0,0.0,0.0,0
uniform_temporal_interleave__T_short__r01__attempt_001,uniform_temporal_interleave,T_short,1,scan,2,0,0.11199328953815745,19.011924363,430.0,43,8,1,/qiuyeqing/llama_prl/G-ARC/outputs/psvr_autonomous_research/stage_2_baselines/raw/uniform_temporal_interleave__T_short__replicate_01/attempt_001/checkpoint_002_snapshot.json,0.023088023088023088,0.0,0.0,0.0,0
uniform_temporal_interleave__T_short__r02__attempt_001,uniform_temporal_interleave,T_short,2,scan,0,0,0.21427800247489806,0.548329428,860.0,86,4,0,/qiuyeqing/llama_prl/G-ARC/outputs/psvr_autonomous_research/stage_2_baselines/raw/uniform_temporal_interleave__T_short__replicate_02/attempt_001/checkpoint_000_snapshot.json,0.011544011544011544,0.0,0.0,0.0,0
uniform_temporal_interleave__T_short__r02__attempt_001,uniform_temporal_interleave,T_short,2,query,1,0,0.21427800247489806,18.563434793,860.0,86,4,1,/qiuyeqing/llama_prl/G-ARC/outputs/psvr_autonomous_research/stage_2_baselines/raw/uniform_temporal_interleave__T_short__replicate_02/attempt_001/checkpoint_001_snapshot.json,0.011544011544011544,0.0,0.0,0.0,0
uniform_temporal_interleave__T_short__r02__attempt_001,uniform_temporal_interleave,T_short,2,scan,2,0,0.11199328953815745,19.088320961,430.0,43,8,1,/qiuyeqing/llama_prl/G-ARC/outputs/psvr_autonomous_research/stage_2_baselines/raw/uniform_temporal_interleave__T_short__replicate_02/attempt_001/checkpoint_002_snapshot.json,0.023088023088023088,0.0,0.0,0.0,0
