control,preview,video_id,seed,recall_at_10,used_cost_fraction_at_10,recall_at_20,used_cost_fraction_at_20,best_region_contribution_ratio_at_20,recall_at_30,used_cost_fraction_at_30,ranking_event_recall_auc,spearman_count,binary_auprc
B8_SHUFFLED_REGION_SCORE,P1_L,PSP_V0_SHORT,0,0.14285714285714285,0.08813148020771798,0.3,0.19347708641560346,0.19047619047619047,0.42857142857142855,0.29654460413032946,0.5505714285714285,0.12181928114302273,0.5974390026664941
B8_SHUFFLED_REGION_SCORE,P1_L,PSP_V0_SHORT,1,0.08571428571428572,0.09483153857946454,0.22857142857142856,0.18618159101782839,0.1875,0.3,0.286659752502076,0.476,-0.023077842817872816,0.5006734134705705
B8_SHUFFLED_REGION_SCORE,P1_L,PSP_V0_SHORT,2,0.1,0.0944649618549606,0.2571428571428571,0.19296067535516015,0.2222222222222222,0.38571428571428573,0.29441976314661883,0.5462857142857143,0.07379456290956754,0.5152453573936498
B8_SHUFFLED_REGION_SCORE,P1_L,PSP_V0_SHORT,3,0.15714285714285714,0.08754266903455238,0.3142857142857143,0.19889021929538267,0.18181818181818182,0.4,0.2952325440828021,0.5762857142857143,0.15072731583067395,0.5968520603952142
B8_SHUFFLED_REGION_SCORE,P1_L,PSP_V0_SHORT,4,0.08571428571428572,0.09660044280958775,0.15714285714285714,0.19536727898862485,0.36363636363636365,0.2714285714285714,0.2910294595657087,0.49857142857142855,-0.06620440665733052,0.4360348726677973
B8_SHUFFLED_REGION_SCORE,P1_L,PSP_V0_SHORT,5,0.07142857142857142,0.0898004564809057,0.18571428571428572,0.19881892375635785,0.23076923076923078,0.2714285714285714,0.2987935195232232,0.4507142857142858,-0.08853364490688996,0.49260727011658856
B8_SHUFFLED_REGION_SCORE,P1_L,PSP_V0_SHORT,6,0.17142857142857143,0.08948619311178643,0.2714285714285714,0.1939410989917012,0.15789473684210525,0.35714285714285715,0.29561879539728697,0.533,0.1508661299228115,0.5703071853802683
B8_SHUFFLED_REGION_SCORE,P1_L,PSP_V0_SHORT,7,0.04285714285714286,0.09324841037905976,0.07142857142857142,0.1975222207865789,0.2,0.14285714285714285,0.29728446971525324,0.4128571428571428,-0.2512088879536914,0.4271635331562396
B8_SHUFFLED_REGION_SCORE,P1_L,PSP_V0_SHORT,8,0.07142857142857142,0.09215651653961678,0.22857142857142856,0.19771494295905145,0.1875,0.32857142857142857,0.2870225855181669,0.5267142857142856,0.08956483530562626,0.5187104253085396
B8_SHUFFLED_REGION_SCORE,P1_L,PSP_V0_SHORT,9,0.05714285714285714,0.0975913745669164,0.14285714285714285,0.19397586083172622,0.2,0.22857142857142856,0.2905928768191318,0.42928571428571427,-0.19780016600375716,0.4653742645703427
B8_SHUFFLED_REGION_SCORE,P1_L,PSP_V0_SHORT,10,0.07142857142857142,0.09841963825951856,0.2,0.18891043843016175,0.21428571428571427,0.34285714285714286,0.2943293845729335,0.4681428571428571,-0.08573753247954725,0.46209273887833713
B8_SHUFFLED_REGION_SCORE,P1_L,PSP_V0_SHORT,11,0.05714285714285714,0.0894314428323098,0.17142857142857143,0.1976880550099898,0.25,0.24285714285714285,0.293782437346354,0.4995714285714285,0.02051969740562311,0.4768409772523265
B8_SHUFFLED_REGION_SCORE,P1_L,PSP_V0_SHORT,12,0.08571428571428572,0.09714402216077155,0.18571428571428572,0.19601363268879096,0.3076923076923077,0.2571428571428571,0.29816443111869273,0.4248571428571428,-0.19661033092829217,0.4276146512938137
B8_SHUFFLED_REGION_SCORE,P1_L,PSP_V0_SHORT,13,0.07142857142857142,0.0924616353868529,0.14285714285714285,0.19796869948634285,0.3,0.2,0.29987176990136466,0.45285714285714296,-0.14904171614043188,0.439062250367086
B8_SHUFFLED_REGION_SCORE,P1_L,PSP_V0_SHORT,14,0.12857142857142856,0.09108358552343045,0.35714285714285715,0.16554341705603262,0.16,0.4714285714285714,0.2966156786216008,0.6135714285714285,0.3222668301896895,0.6571750430852487
B8_SHUFFLED_REGION_SCORE,P1_L,PSP_V0_SHORT,15,0.014285714285714285,0.09019472681343198,0.1,0.19699505015509278,0.2857142857142857,0.17142857142857143,0.2908125303707156,0.43128571428571433,-0.1698687876072168,0.41760795354107105
B8_SHUFFLED_REGION_SCORE,P1_L,PSP_V0_SHORT,16,0.05714285714285714,0.08916958223136942,0.17142857142857143,0.19089762342423972,0.25,0.22857142857142856,0.29529002506637575,0.474,-0.022423433526367078,0.5308306125643
B8_SHUFFLED_REGION_SCORE,P1_L,PSP_V0_SHORT,17,0.08571428571428572,0.09159487034651224,0.21428571428571427,0.19753754640553797,0.2,0.3142857142857143,0.29083616263582357,0.4978571428571429,0.04395944839228319,0.5334113251864714
B8_SHUFFLED_REGION_SCORE,P1_L,PSP_V0_SHORT,18,0.05714285714285714,0.09848907418455918,0.18571428571428572,0.19567076827741667,0.15384615384615385,0.3,0.2936203878554171,0.5262857142857142,0.11381764026052077,0.5158066628717488
B8_SHUFFLED_REGION_SCORE,P1_L,PSP_V0_SHORT,19,0.1,0.09458149501087873,0.18571428571428572,0.19885317605495278,0.23076923076923078,0.2714285714285714,0.29067992398868703,0.47585714285714287,-0.02923028168725631,0.54143969649564
B8_SHUFFLED_REGION_SCORE,P1_L,PSP_V0_SHORT,20,0.05714285714285714,0.0905562898783438,0.15714285714285714,0.1870479188284316,0.2727272727272727,0.24285714285714285,0.29178303990646076,0.4789999999999999,-0.017847526131974677,0.4868303613933914
B8_SHUFFLED_REGION_SCORE,P1_L,PSP_V0_SHORT,21,0.2,0.09797872372615514,0.2714285714285714,0.19187769424114184,0.21052631578947367,0.34285714285714286,0.28650240199970345,0.5181428571428571,0.04641348323542971,0.5958593561489878
B8_SHUFFLED_REGION_SCORE,P1_L,PSP_V0_SHORT,22,0.07142857142857142,0.09240395756700812,0.12857142857142856,0.19769330937602236,0.2222222222222222,0.2571428571428571,0.2973915692785656,0.4719999999999999,0.011952884862275266,0.5215970511162152
B8_SHUFFLED_REGION_SCORE,P1_L,PSP_V0_SHORT,23,0.1,0.08785077835440612,0.2,0.19443600163431277,0.2857142857142857,0.34285714285714286,0.29256332402567486,0.5189999999999999,0.03078698257765632,0.5063041066096003
B8_SHUFFLED_REGION_SCORE,P1_L,PSP_V0_SHORT,24,0.08571428571428572,0.09231787530644882,0.24285714285714285,0.18676502388720945,0.17647058823529413,0.35714285714285715,0.29035676397807875,0.5508571428571428,0.1841319355743532,0.5957648875842061
B8_SHUFFLED_REGION_SCORE,P1_L,PSP_V0_SHORT,25,0.11428571428571428,0.09119599487364592,0.18571428571428572,0.18175149548015843,0.23076923076923078,0.3,0.29397785475904353,0.5051428571428571,0.04838662640224247,0.5320547656649284
B8_SHUFFLED_REGION_SCORE,P1_L,PSP_V0_SHORT,26,0.1,0.09851713734655548,0.17142857142857143,0.19150363036877407,0.25,0.35714285714285715,0.295909417097404,0.5288571428571428,0.09593541060551168,0.5635995860231053
B8_SHUFFLED_REGION_SCORE,P1_L,PSP_V0_SHORT,27,0.05714285714285714,0.09731747377818284,0.17142857142857143,0.19459535780688944,0.25,0.24285714285714285,0.2988009028908245,0.4404285714285714,-0.08524672551091796,0.4634746560108275
B8_SHUFFLED_REGION_SCORE,P1_L,PSP_V0_SHORT,28,0.05714285714285714,0.0955148394712369,0.2,0.19767163807472146,0.21428571428571427,0.2857142857142857,0.29218998056105133,0.506,0.03281465985209456,0.48507744273750064
B8_SHUFFLED_REGION_SCORE,P1_L,PSP_V0_SHORT,29,0.1,0.09579882834503636,0.2714285714285714,0.19188933301028333,0.21052631578947367,0.32857142857142857,0.2964536084352501,0.4951428571428571,0.0023747125047821867,0.5242305925243439
B8_SHUFFLED_REGION_SCORE,P1_L,PSP_V0_SHORT,30,0.05714285714285714,0.09709619376366443,0.22857142857142856,0.19847096968158223,0.1875,0.38571428571428573,0.29220798724836794,0.5264285714285714,0.01662794517962308,0.48855730671528214
B8_SHUFFLED_REGION_SCORE,P1_L,PSP_V0_SHORT,31,0.05714285714285714,0.07201400008467142,0.17142857142857143,0.19294253287619673,0.16666666666666666,0.2857142857142857,0.2964812987961659,0.531,0.19442896662327305,0.6104402824544195
B8_SHUFFLED_REGION_SCORE,P1_L,PSP_V0_SHORT,32,0.2,0.09799171156046531,0.24285714285714285,0.19284258878642332,0.23529411764705882,0.37142857142857144,0.2925940427437476,0.52,0.10943508106589142,0.6145405550843746
B8_SHUFFLED_REGION_SCORE,P1_L,PSP_V0_SHORT,33,0.14285714285714285,0.09797571115463044,0.24285714285714285,0.18962504954153492,0.23529411764705882,0.35714285714285715,0.2970039072576808,0.5219999999999999,0.030345752070504727,0.5600594778395032
B8_SHUFFLED_REGION_SCORE,P1_L,PSP_V0_SHORT,34,0.1,0.092755457658137,0.18571428571428572,0.19073485887056976,0.3076923076923077,0.3,0.2954887207998504,0.5137142857142857,0.0295872322098958,0.5169740548465716
B8_SHUFFLED_REGION_SCORE,P1_L,PSP_V0_SHORT,35,0.04285714285714286,0.0886857234967897,0.15714285714285714,0.19871372866502365,0.18181818181818182,0.2571428571428571,0.2901528546141095,0.4708571428571428,-0.03520920294146782,0.4840028623901672
B8_SHUFFLED_REGION_SCORE,P1_L,PSP_V0_SHORT,36,0.1,0.09629028534307335,0.18571428571428572,0.19258045120827597,0.23076923076923078,0.2714285714285714,0.28722010334908554,0.49114285714285716,-0.02754963964316203,0.5447315469911356
B8_SHUFFLED_REGION_SCORE,P1_L,PSP_V0_SHORT,37,0.07142857142857142,0.0910318311349359,0.21428571428571427,0.1984503539539679,0.26666666666666666,0.32857142857142857,0.298392538096398,0.5135714285714285,0.0873735557083116,0.5671676542014752
B8_SHUFFLED_REGION_SCORE,P1_L,PSP_V0_SHORT,38,0.1,0.09222478464573639,0.12857142857142856,0.1976075562908852,0.3333333333333333,0.24285714285714285,0.2995484870679747,0.4857142857142857,-0.030003674486308547,0.4997123811968844
B8_SHUFFLED_REGION_SCORE,P1_L,PSP_V0_SHORT,39,0.1,0.09890213813870788,0.18571428571428572,0.19356995145620612,0.23076923076923078,0.37142857142857144,0.29523819779403276,0.5398571428571428,0.09487447432988874,0.5060490883784103
B8_SHUFFLED_REGION_SCORE,P1_L,PSP_V0_SHORT,40,0.12857142857142856,0.09756092450289508,0.2,0.19157346167304387,0.21428571428571427,0.2571428571428571,0.2974147635999639,0.4729999999999999,-0.07522236500012551,0.4896682270067012
B8_SHUFFLED_REGION_SCORE,P1_L,PSP_V0_SHORT,41,0.11428571428571428,0.09831587438905988,0.2,0.1999168880760858,0.14285714285714285,0.2857142857142857,0.29355126520769126,0.4531428571428571,-0.012027249554491826,0.5850011315697199
B8_SHUFFLED_REGION_SCORE,P1_L,PSP_V0_SHORT,42,0.07142857142857142,0.092188447059255,0.21428571428571427,0.19240441577921527,0.2,0.35714285714285715,0.29483851831510033,0.5279999999999999,0.12275627626495142,0.5686670895137468
B8_SHUFFLED_REGION_SCORE,P1_L,PSP_V0_SHORT,43,0.1,0.08709894512322217,0.2,0.19954693373975685,0.2857142857142857,0.34285714285714286,0.29764337766420845,0.5215714285714286,0.16899128423906137,0.6033478253210597
B8_SHUFFLED_REGION_SCORE,P1_L,PSP_V0_SHORT,44,0.05714285714285714,0.09331568675332326,0.2,0.1924647904237085,0.21428571428571427,0.2857142857142857,0.2912992296095165,0.4568571428571429,-0.06562436205804134,0.47168185632581794
B8_SHUFFLED_REGION_SCORE,P1_L,PSP_V0_SHORT,45,0.1,0.09127365139162279,0.21428571428571427,0.19129362069417394,0.2,0.3,0.2902735003037717,0.4814285714285714,0.04853039814052782,0.577352209578948
B8_SHUFFLED_REGION_SCORE,P1_L,PSP_V0_SHORT,46,0.12857142857142856,0.09755782869492483,0.21428571428571427,0.19402070323076762,0.2,0.35714285714285715,0.2933995277494746,0.512142857142857,0.0755644425843217,0.5319091344598521
B8_SHUFFLED_REGION_SCORE,P1_L,PSP_V0_SHORT,47,0.1,0.09277990354348482,0.2,0.18854403720589624,0.2857142857142857,0.32857142857142857,0.2972510290857001,0.48014285714285715,-0.03306749980563087,0.5049508250754478
B8_SHUFFLED_REGION_SCORE,P1_L,PSP_V0_SHORT,48,0.15714285714285714,0.09626983164802981,0.2857142857142857,0.19434981636125565,0.2,0.35714285714285715,0.29624599309581034,0.524142857142857,-0.009771520557256138,0.5114653012456718
B8_SHUFFLED_REGION_SCORE,P1_L,PSP_V0_SHORT,49,0.1,0.09347526654590949,0.2,0.1917658615310739,0.21428571428571427,0.3,0.29832510809096274,0.5032857142857142,-0.024689077815898307,0.4897594227884225
B8_SHUFFLED_REGION_SCORE,P1_L,PSP_V0_SHORT,50,0.12857142857142856,0.08383359085108988,0.18571428571428572,0.1971348943081835,0.3076923076923077,0.22857142857142856,0.28980358751509133,0.49257142857142855,0.021997075957658794,0.5453195861708504
B8_SHUFFLED_REGION_SCORE,P1_L,PSP_V0_SHORT,51,0.08571428571428572,0.09833983641152622,0.18571428571428572,0.18450825742601212,0.15384615384615385,0.37142857142857144,0.2900045189205176,0.5334285714285714,0.13088185830114765,0.5543813531192803
B8_SHUFFLED_REGION_SCORE,P1_L,PSP_V0_SHORT,52,0.1,0.09509219860678605,0.2,0.1992814428835224,0.21428571428571427,0.2857142857142857,0.29885620308539285,0.45342857142857135,-0.09733346681918302,0.5215636007592819
B8_SHUFFLED_REGION_SCORE,P1_L,PSP_V0_SHORT,53,0.11428571428571428,0.09841899829101372,0.2714285714285714,0.19224339919579225,0.21052631578947367,0.32857142857142857,0.2940000587374084,0.5538571428571427,0.26292380580087366,0.706216671036381
B8_SHUFFLED_REGION_SCORE,P1_L,PSP_V0_SHORT,54,0.18571428571428572,0.08897866569951585,0.2571428571428571,0.19795845270872686,0.16666666666666666,0.37142857142857144,0.2997314359095428,0.5438571428571427,0.1899026356903584,0.6896839292636959
B8_SHUFFLED_REGION_SCORE,P1_L,PSP_V0_SHORT,55,0.05714285714285714,0.09651779401206342,0.14285714285714285,0.1946957967723212,0.3,0.17142857142857143,0.2988515974755916,0.41385714285714287,-0.13542306217250566,0.4654116391686729
B8_SHUFFLED_REGION_SCORE,P1_L,PSP_V0_SHORT,56,0.05714285714285714,0.09855624461219246,0.17142857142857143,0.19806922035808017,0.25,0.34285714285714286,0.296114756048915,0.5327142857142857,0.11549828230461505,0.5241819186165613
B8_SHUFFLED_REGION_SCORE,P1_L,PSP_V0_SHORT,57,0.04285714285714286,0.09244756495060663,0.22857142857142856,0.19942793698359315,0.25,0.32857142857142857,0.296117325732717,0.533142857142857,0.10715952148406464,0.5080684306032167
B8_SHUFFLED_REGION_SCORE,P1_L,PSP_V0_SHORT,58,0.07142857142857142,0.0911898039667874,0.17142857142857143,0.16992899672936415,0.25,0.3,0.2900634671610027,0.47085714285714286,-0.09309963700898681,0.4574146495524662
B8_SHUFFLED_REGION_SCORE,P1_L,PSP_V0_SHORT,59,0.02857142857142857,0.09776472415965443,0.1,0.19660444381060255,0.2857142857142857,0.18571428571428572,0.2975756016854432,0.4785714285714285,0.043736354315633504,0.5166734408525051
B8_SHUFFLED_REGION_SCORE,P1_L,PSP_V0_SHORT,60,0.08571428571428572,0.09679987509831513,0.11428571428571428,0.18868382170318537,0.375,0.14285714285714285,0.26749406741072135,0.4061428571428571,-0.258397474867959,0.4551974359679328
B8_SHUFFLED_REGION_SCORE,P1_L,PSP_V0_SHORT,61,0.17142857142857143,0.0960847795616851,0.2571428571428571,0.1981914539708481,0.2222222222222222,0.37142857142857144,0.29404938809482756,0.5431428571428573,0.10366438094988627,0.5687546639251837
B8_SHUFFLED_REGION_SCORE,P1_L,PSP_V0_SHORT,62,0.17142857142857143,0.09194502433105595,0.21428571428571427,0.19209288611189831,0.26666666666666666,0.34285714285714286,0.2896234812414175,0.5102857142857142,0.03518937235687674,0.5516460694656283
B8_SHUFFLED_REGION_SCORE,P1_L,PSP_V0_SHORT,63,0.08571428571428572,0.09690524501014705,0.18571428571428572,0.18733610634787043,0.23076923076923078,0.32857142857142857,0.2971676007234325,0.4842857142857142,-0.027207562058965847,0.5081422337373483
B8_SHUFFLED_REGION_SCORE,P1_L,PSP_V0_SHORT,64,0.12857142857142856,0.09635067457509479,0.17142857142857143,0.19073489840311342,0.25,0.2714285714285714,0.2988912411642015,0.4662857142857143,-0.17865373658106654,0.4684852554923027
B8_SHUFFLED_REGION_SCORE,P1_L,PSP_V0_SHORT,65,0.15714285714285714,0.09528597652899315,0.2857142857142857,0.19256623651052074,0.2,0.4,0.2697853316889312,0.5661428571428572,0.1830660416525825,0.5803367150448762
B8_SHUFFLED_REGION_SCORE,P1_L,PSP_V0_SHORT,66,0.02857142857142857,0.09527718537445365,0.12857142857142856,0.19917495583012598,0.3333333333333333,0.24285714285714285,0.2999926590213202,0.43571428571428567,-0.10376849151898945,0.45840951305806826
B8_SHUFFLED_REGION_SCORE,P1_L,PSP_V0_SHORT,67,0.07142857142857142,0.09303358658543062,0.18571428571428572,0.19901151858748486,0.3076923076923077,0.24285714285714285,0.29506109883489645,0.47728571428571426,-0.06139053224784514,0.480332341707256
B8_SHUFFLED_REGION_SCORE,P1_L,PSP_V0_SHORT,68,0.17142857142857143,0.09783172754224077,0.37142857142857144,0.19694187924083578,0.15384615384615385,0.45714285714285713,0.2952531197057169,0.583,0.18688838683251377,0.6030381804738163
B8_SHUFFLED_REGION_SCORE,P1_L,PSP_V0_SHORT,69,0.07142857142857142,0.09835028340455576,0.22857142857142856,0.19153359466761807,0.1875,0.2857142857142857,0.295003144575769,0.4948571428571429,0.025016282461651176,0.5401971499914149
B8_SHUFFLED_REGION_SCORE,P1_L,PSP_V0_SHORT,70,0.1,0.09418498276647928,0.24285714285714285,0.19129958341844705,0.23529411764705882,0.37142857142857144,0.2896290216364555,0.5535714285714285,0.1317544040231553,0.5201420980494592
B8_SHUFFLED_REGION_SCORE,P1_L,PSP_V0_SHORT,71,0.07142857142857142,0.09094345669592543,0.22857142857142856,0.19742601777917002,0.1875,0.3,0.2919017379679476,0.4737142857142857,-0.031337281300058875,0.5255997976901503
B8_SHUFFLED_REGION_SCORE,P1_L,PSP_V0_SHORT,72,0.04285714285714286,0.09300733611575147,0.08571428571428572,0.19031489719663175,0.3333333333333333,0.17142857142857143,0.2953373450174622,0.41585714285714287,-0.19102802136590233,0.41520071090486166
B8_SHUFFLED_REGION_SCORE,P1_L,PSP_V0_SHORT,73,0.2,0.09929797036858565,0.2571428571428571,0.19423124696636412,0.2222222222222222,0.2714285714285714,0.29178233813534743,0.5054285714285714,-0.02464941664671614,0.4937461740511853
B8_SHUFFLED_REGION_SCORE,P1_L,PSP_V0_SHORT,74,0.12857142857142856,0.08970067699595916,0.15714285714285714,0.1900585473755531,0.36363636363636365,0.2714285714285714,0.2912059099202105,0.5107142857142857,0.028189175996224457,0.5457857867949715
B8_SHUFFLED_REGION_SCORE,P1_L,PSP_V0_SHORT,75,0.12857142857142856,0.09509279588366469,0.21428571428571427,0.19641346560328624,0.2,0.3,0.28982814995395795,0.4995714285714285,0.06522279272007192,0.5555385827948366
B8_SHUFFLED_REGION_SCORE,P1_L,PSP_V0_SHORT,76,0.05714285714285714,0.0908450592606858,0.22857142857142856,0.19103159251026236,0.25,0.3,0.2980075110535412,0.4942857142857143,-0.06285303786143749,0.4727245835173637
B8_SHUFFLED_REGION_SCORE,P1_L,PSP_V0_SHORT,77,0.08571428571428572,0.09036496261685845,0.15714285714285714,0.19279812651401296,0.2727272727272727,0.22857142857142856,0.293923084268285,0.5032857142857143,0.001140258613987271,0.5099183337198335
B8_SHUFFLED_REGION_SCORE,P1_L,PSP_V0_SHORT,78,0.14285714285714285,0.08571765532724668,0.3142857142857143,0.19887462316408833,0.13636363636363635,0.37142857142857144,0.2918057072723533,0.5641428571428572,0.2129457749851968,0.6733290254435349
B8_SHUFFLED_REGION_SCORE,P1_L,PSP_V0_SHORT,79,0.05714285714285714,0.09222471454442348,0.18571428571428572,0.1926631200654854,0.23076923076923078,0.3142857142857143,0.2928721454301173,0.5014285714285714,0.10092280263016906,0.561298979667304
B8_SHUFFLED_REGION_SCORE,P1_L,PSP_V0_SHORT,80,0.08571428571428572,0.09482954415676786,0.14285714285714285,0.18804897242312904,0.2,0.2571428571428571,0.2924808954739079,0.44299999999999995,-0.00866100782015549,0.5719263555094054
B8_SHUFFLED_REGION_SCORE,P1_L,PSP_V0_SHORT,81,0.08571428571428572,0.09049857175330048,0.12857142857142856,0.19926920825566627,0.2222222222222222,0.2,0.2989257039574538,0.48599999999999993,-0.010738261556071433,0.5223243980620038
B8_SHUFFLED_REGION_SCORE,P1_L,PSP_V0_SHORT,82,0.14285714285714285,0.09779983399756083,0.3142857142857143,0.18969034559649808,0.18181818181818182,0.44285714285714284,0.2917542740588799,0.6081428571428571,0.22683709949125042,0.5835474421170239
B8_SHUFFLED_REGION_SCORE,P1_L,PSP_V0_SHORT,83,0.07142857142857142,0.08843338707001205,0.2571428571428571,0.18847517451740958,0.2222222222222222,0.34285714285714286,0.2943655805386251,0.5148571428571428,0.046859671388729075,0.5170327572087664
B8_SHUFFLED_REGION_SCORE,P1_L,PSP_V0_SHORT,84,0.07142857142857142,0.09743450013241366,0.14285714285714285,0.19993487903645282,0.3,0.21428571428571427,0.29451749489079304,0.3997142857142857,-0.2451208984842289,0.4498389590022491
B8_SHUFFLED_REGION_SCORE,P1_L,PSP_V0_SHORT,85,0.12857142857142856,0.09457666798655745,0.18571428571428572,0.1981522326310342,0.15384615384615385,0.3142857142857143,0.29637421310151935,0.524,0.14388576414675033,0.641943689808428
B8_SHUFFLED_REGION_SCORE,P1_L,PSP_V0_SHORT,86,0.08571428571428572,0.08976575306923693,0.14285714285714285,0.1913558926611428,0.2,0.22857142857142856,0.2815765548379966,0.4507142857142857,-0.04186732171792394,0.5433589541572682
B8_SHUFFLED_REGION_SCORE,P1_L,PSP_V0_SHORT,87,0.1,0.09365691602162127,0.21428571428571427,0.19287395979635696,0.26666666666666666,0.3,0.2931975860978169,0.5439999999999999,0.0731897300795395,0.5312950032854966
B8_SHUFFLED_REGION_SCORE,P1_L,PSP_V0_SHORT,88,0.11428571428571428,0.09634706737230082,0.21428571428571427,0.19044549031883373,0.26666666666666666,0.2714285714285714,0.2919418679596591,0.48414285714285715,-0.03596276515592898,0.5278723143138714
B8_SHUFFLED_REGION_SCORE,P1_L,PSP_V0_SHORT,89,0.07142857142857142,0.09160708713484347,0.17142857142857143,0.1989977367378294,0.25,0.22857142857142856,0.2994075750031707,0.47828571428571415,0.06074108060248717,0.5686847832993271
B8_SHUFFLED_REGION_SCORE,P1_L,PSP_V0_SHORT,90,0.05714285714285714,0.09231878029557117,0.2,0.19150778089953255,0.21428571428571427,0.32857142857142857,0.2987018403660166,0.492,-0.025016282461651176,0.5131176080891094
B8_SHUFFLED_REGION_SCORE,P1_L,PSP_V0_SHORT,91,0.07142857142857142,0.09196642275804501,0.18571428571428572,0.19945182533977573,0.23076923076923078,0.2571428571428571,0.29139281970846315,0.447,-0.13721773007799865,0.4707909808889527
B8_SHUFFLED_REGION_SCORE,P1_L,PSP_V0_SHORT,92,0.12857142857142856,0.09884098675112864,0.22857142857142856,0.19123644501196518,0.1875,0.3142857142857143,0.2955830718415801,0.5275714285714286,0.14967629484734654,0.5799428984070177
B8_SHUFFLED_REGION_SCORE,P1_L,PSP_V0_SHORT,93,0.07142857142857142,0.09926662044528343,0.2,0.19889369447199973,0.2857142857142857,0.3,0.2965165074996631,0.4852857142857142,-0.07929755013359306,0.4672378280573612
B8_SHUFFLED_REGION_SCORE,P1_L,PSP_V0_SHORT,94,0.04285714285714286,0.08766479622144847,0.12857142857142856,0.1962887898925729,0.2222222222222222,0.24285714285714285,0.29375360525095406,0.4811428571428571,-0.006157396515531264,0.48508207744264953
B8_SHUFFLED_REGION_SCORE,P1_L,PSP_V0_SHORT,95,0.11428571428571428,0.09244727742030351,0.12857142857142856,0.19315509489387644,0.4444444444444444,0.2857142857142857,0.2943675630780856,0.46214285714285713,-0.13022744900964192,0.4763970788201624
B8_SHUFFLED_REGION_SCORE,P1_L,PSP_V0_SHORT,96,0.12857142857142856,0.0968254763276311,0.17142857142857143,0.19696115546855297,0.25,0.2571428571428571,0.2879694455409959,0.4744285714285714,-0.0887815272142785,0.4985667884924808
B8_SHUFFLED_REGION_SCORE,P1_L,PSP_V0_SHORT,97,0.08571428571428572,0.09064575963875425,0.17142857142857143,0.19356128738383044,0.16666666666666666,0.2714285714285714,0.29174715317876176,0.48885714285714293,0.012438734184756797,0.5387371079456836
B8_SHUFFLED_REGION_SCORE,P1_L,PSP_V0_SHORT,98,0.05714285714285714,0.09231817916519866,0.21428571428571427,0.1915941978859144,0.2,0.2714285714285714,0.29228049923466787,0.5017142857142857,-0.040994775995916284,0.48735580852003607
B8_SHUFFLED_REGION_SCORE,P1_L,PSP_V0_SHORT,99,0.07142857142857142,0.09625195948090265,0.11428571428571428,0.1946441588737726,0.25,0.24285714285714285,0.29858882650139595,0.4941428571428571,0.00999461463390582,0.5207380102463055
B8_SHUFFLED_REGION_SCORE,P1_L,PSP_V1_LONG,0,0.07772020725388601,0.09814065570982108,0.15025906735751296,0.19840996731154287,0.10344827586206896,0.24870466321243523,0.29845784517567747,0.4881088082901554,-0.07251585409661691,0.6544401577999057
B8_SHUFFLED_REGION_SCORE,P1_L,PSP_V1_LONG,1,0.09844559585492228,0.09585182042805047,0.19689119170984457,0.1938943068882076,0.10526315789473684,0.29015544041450775,0.2949257008906164,0.49069948186528495,-0.02847131030407357,0.679419750772868
B8_SHUFFLED_REGION_SCORE,P1_L,PSP_V1_LONG,2,0.05699481865284974,0.09884445386006514,0.15025906735751296,0.192337765653359,0.13793103448275862,0.21243523316062177,0.2934694108154137,0.4524093264248704,-0.13722989169517585,0.687225138043259
B8_SHUFFLED_REGION_SCORE,P1_L,PSP_V1_LONG,3,0.09844559585492228,0.09786966049594613,0.16062176165803108,0.19543310543349707,0.12903225806451613,0.2694300518134715,0.2978965870408195,0.45955958549222803,-0.09089669925555399,0.6898565668552037
B8_SHUFFLED_REGION_SCORE,P1_L,PSP_V1_LONG,4,0.08808290155440414,0.0950853454217258,0.26424870466321243,0.1966293315391235,0.09803921568627451,0.38341968911917096,0.29904449337875133,0.5443782383419687,0.1707214635476797,0.7732844583988836
B8_SHUFFLED_REGION_SCORE,P1_L,PSP_V1_LONG,5,0.08290155440414508,0.09855540187235473,0.20207253886010362,0.19679916726848523,0.10256410256410256,0.3160621761658031,0.29482871093821417,0.4855181347150259,-0.033317860380239844,0.7292434929498273
B8_SHUFFLED_REGION_SCORE,P1_L,PSP_V1_LONG,6,0.046632124352331605,0.09416198539997635,0.12953367875647667,0.19871822893071706,0.16,0.2694300518134715,0.29636765718054336,0.4786269430051814,-0.02357481817963139,0.663170664568423
B8_SHUFFLED_REGION_SCORE,P1_L,PSP_V1_LONG,7,0.11917098445595854,0.09827333197546322,0.18652849740932642,0.19555486418075604,0.1111111111111111,0.3005181347150259,0.29334356416623586,0.5201295336787564,0.021514165839899402,0.7116127600682435
B8_SHUFFLED_REGION_SCORE,P1_L,PSP_V1_LONG,8,0.08290155440414508,0.09458926072192735,0.18652849740932642,0.19695167813637293,0.1111111111111111,0.29015544041450775,0.29317805306731687,0.5271761658031088,0.08815422938718569,0.7265706993658632
B8_SHUFFLED_REGION_SCORE,P1_L,PSP_V1_LONG,9,0.10362694300518134,0.09227978717556702,0.20725388601036268,0.19337865145705677,0.125,0.29015544041450775,0.2918514453125902,0.48059585492227974,-0.07718869270051917,0.6540544401226633
B8_SHUFFLED_REGION_SCORE,P1_L,PSP_V1_LONG,10,0.08290155440414508,0.09616877371403272,0.17098445595854922,0.19752843818091184,0.12121212121212122,0.27979274611398963,0.29458101817364973,0.5127202072538861,0.07263093794699184,0.7373444130495641
B8_SHUFFLED_REGION_SCORE,P1_L,PSP_V1_LONG,11,0.05699481865284974,0.09677325714860599,0.11917098445595854,0.19548897023506442,0.21739130434782608,0.21761658031088082,0.2996834170210364,0.4289378238341969,-0.20408275179598556,0.6736038400754543
B8_SHUFFLED_REGION_SCORE,P1_L,PSP_V1_LONG,12,0.10362694300518134,0.09752901378804074,0.22279792746113988,0.19492431049406142,0.11627906976744186,0.31088082901554404,0.29987373115545896,0.4942746113989637,-0.08107331549902341,0.6976110058875955
B8_SHUFFLED_REGION_SCORE,P1_L,PSP_V1_LONG,13,0.08808290155440414,0.09505579096297605,0.19170984455958548,0.19357539241131547,0.13513513513513514,0.26424870466321243,0.29881099035149217,0.4713730569948187,-0.08941146616769657,0.695412795095543
B8_SHUFFLED_REGION_SCORE,P1_L,PSP_V1_LONG,14,0.13471502590673576,0.09952358095377034,0.20725388601036268,0.19655515605040214,0.1,0.30569948186528495,0.2962740520814484,0.48007772020725387,-0.0874137842366603,0.7324454796950262
B8_SHUFFLED_REGION_SCORE,P1_L,PSP_V1_LONG,15,0.12435233160621761,0.09538280703414737,0.20725388601036268,0.19562736722889132,0.1,0.2694300518134715,0.29311034775208067,0.4709585492227979,-0.07731680491131389,0.7536783666374325
B8_SHUFFLED_REGION_SCORE,P1_L,PSP_V1_LONG,16,0.08290155440414508,0.09262107970101216,0.18134715025906736,0.1978762233480504,0.08571428571428572,0.32124352331606215,0.29922344610422874,0.49634715025906734,-0.0035480568209926952,0.6868962722502457
B8_SHUFFLED_REGION_SCORE,P1_L,PSP_V1_LONG,17,0.13989637305699482,0.09410283033400196,0.2538860103626943,0.19681650974993442,0.10204081632653061,0.39378238341968913,0.29388391943708647,0.5319948186528496,0.10422471196501125,0.7466023631458526
B8_SHUFFLED_REGION_SCORE,P1_L,PSP_V1_LONG,18,0.11398963730569948,0.09936773872754175,0.16580310880829016,0.1909605366836737,0.09375,0.29533678756476683,0.2965584013732349,0.48898963730569955,-0.04695421095296575,0.6930658286484437
B8_SHUFFLED_REGION_SCORE,P1_L,PSP_V1_LONG,19,0.14507772020725387,0.09217805749176802,0.25906735751295334,0.1996248985196972,0.08,0.32642487046632124,0.2958593493692705,0.5102331606217615,0.0745461069287027,0.7798085467596821
B8_SHUFFLED_REGION_SCORE,P1_L,PSP_V1_LONG,20,0.08808290155440414,0.09427923743082225,0.17616580310880828,0.19289971296262917,0.14705882352941177,0.26424870466321243,0.2990158004678,0.46370466321243525,-0.13444182256533826,0.67072028590461
B8_SHUFFLED_REGION_SCORE,P1_L,PSP_V1_LONG,21,0.11917098445595854,0.0925249522602525,0.24352331606217617,0.19837188327299352,0.0851063829787234,0.30569948186528495,0.29283411757461814,0.48888601036269425,-0.04415528485611166,0.6938593864907648
B8_SHUFFLED_REGION_SCORE,P1_L,PSP_V1_LONG,22,0.09326424870466321,0.0928341897797675,0.20207253886010362,0.19802821006842036,0.10256410256410256,0.32124352331606215,0.2946827124466499,0.49774611398963725,-0.010096979325346409,0.7414873044278458
B8_SHUFFLED_REGION_SCORE,P1_L,PSP_V1_LONG,23,0.07772020725388601,0.09941748583571501,0.17616580310880828,0.19434751923579788,0.11764705882352941,0.2849740932642487,0.29810769540207754,0.49852331606217615,-0.04438545255686149,0.6540995044594481
B8_SHUFFLED_REGION_SCORE,P1_L,PSP_V1_LONG,24,0.08290155440414508,0.09680621864842177,0.23834196891191708,0.19939144218891797,0.10869565217391304,0.27979274611398963,0.29710198445203123,0.4840673575129533,-0.05687965019945143,0.6704297447634802
B8_SHUFFLED_REGION_SCORE,P1_L,PSP_V1_LONG,25,0.09326424870466321,0.09861231005947674,0.20207253886010362,0.19791860267942943,0.10256410256410256,0.32642487046632124,0.2947965217258399,0.4732383419689119,-0.07497387142915286,0.7126905726510953
B8_SHUFFLED_REGION_SCORE,P1_L,PSP_V1_LONG,26,0.10362694300518134,0.09897425541032892,0.21761658031088082,0.19999526963562192,0.09523809523809523,0.29015544041450775,0.2992569057471094,0.4899740932642487,-0.025329304049498038,0.739019276533182
B8_SHUFFLED_REGION_SCORE,P1_L,PSP_V1_LONG,27,0.08290155440414508,0.09872796446532425,0.18134715025906736,0.19352293781312582,0.11428571428571428,0.26424870466321243,0.2995957018579772,0.4704922279792746,-0.11308833983728309,0.7070050400450706
B8_SHUFFLED_REGION_SCORE,P1_L,PSP_V1_LONG,28,0.05699481865284974,0.09506444933364015,0.17616580310880828,0.19453775954748898,0.11764705882352941,0.33678756476683935,0.29737475787469625,0.5096632124352332,0.049837821392548554,0.7282578007030747
B8_SHUFFLED_REGION_SCORE,P1_L,PSP_V1_LONG,29,0.16580310880829016,0.09785980802221254,0.25906735751295334,0.19350156688830897,0.08,0.3626943005181347,0.2949258493194042,0.5413730569948185,0.07713875065224327,0.7123608376989434
B8_SHUFFLED_REGION_SCORE,P1_L,PSP_V1_LONG,30,0.10362694300518134,0.09590914976030009,0.20725388601036268,0.19546999698398015,0.125,0.32124352331606215,0.29472981678098314,0.5079533678756476,0.08149890860607027,0.7539868062705066
B8_SHUFFLED_REGION_SCORE,P1_L,PSP_V1_LONG,31,0.07772020725388601,0.09472680081632834,0.12953367875647667,0.19371550890969416,0.16,0.22279792746113988,0.2932729732303202,0.44862694300518136,-0.1389778633848326,0.6905107083850552
B8_SHUFFLED_REGION_SCORE,P1_L,PSP_V1_LONG,32,0.08290155440414508,0.09145549509957725,0.17616580310880828,0.1936701579208381,0.11764705882352941,0.25906735751295334,0.29787567816487415,0.47624352331606207,-0.02871884915204981,0.7236750870507285
B8_SHUFFLED_REGION_SCORE,P1_L,PSP_V1_LONG,33,0.07772020725388601,0.09642844222702548,0.17098445595854922,0.1999711702483119,0.12121212121212122,0.27461139896373055,0.29651987808282537,0.48769430051813467,-0.040598542461505766,0.6730126182485155
B8_SHUFFLED_REGION_SCORE,P1_L,PSP_V1_LONG,34,0.08808290155440414,0.09650555043262755,0.13989637305699482,0.19583126609656354,0.1111111111111111,0.2538860103626943,0.2937494476424702,0.4751036269430052,-0.10453304982827988,0.6683757401510955
B8_SHUFFLED_REGION_SCORE,P1_L,PSP_V1_LONG,35,0.11398963730569948,0.09648767330775158,0.22797927461139897,0.19332482087613512,0.11363636363636363,0.34196891191709844,0.29157439450396744,0.5152072538860103,0.017855367955338392,0.7419623814644578
B8_SHUFFLED_REGION_SCORE,P1_L,PSP_V1_LONG,36,0.10880829015544041,0.096452798490105,0.19170984455958548,0.1972196871803069,0.10810810810810811,0.25906735751295334,0.2950067209821292,0.47484455958549215,-0.03448607003121541,0.7516372778808165
B8_SHUFFLED_REGION_SCORE,P1_L,PSP_V1_LONG,37,0.09326424870466321,0.09786589750301568,0.16580310880829016,0.1978039315977798,0.15625,0.26424870466321243,0.2929183946795238,0.5105958549222798,0.04824401863452613,0.6980524407670721
B8_SHUFFLED_REGION_SCORE,P1_L,PSP_V1_LONG,38,0.08290155440414508,0.09207308040078283,0.17616580310880828,0.1974375958655459,0.11764705882352941,0.2694300518134715,0.2968567463795162,0.4823056994818653,-0.1382808461023732,0.67505932740784
B8_SHUFFLED_REGION_SCORE,P1_L,PSP_V1_LONG,39,0.07772020725388601,0.09710475033746896,0.19170984455958548,0.19535905340387313,0.10810810810810811,0.3316062176165803,0.2975689425464344,0.5259844559585493,0.12652709361030867,0.7991674909430849
B8_SHUFFLED_REGION_SCORE,P1_L,PSP_V1_LONG,40,0.10362694300518134,0.09694024973090558,0.20207253886010362,0.198847981179865,0.10256410256410256,0.29015544041450775,0.2988225152883767,0.46246113989637305,-0.12963435757043137,0.7045046867954161
B8_SHUFFLED_REGION_SCORE,P1_L,PSP_V1_LONG,41,0.13989637305699482,0.09417224162451157,0.23316062176165803,0.1968485497759845,0.08888888888888889,0.34196891191709844,0.29580377619988896,0.5331865284974093,0.1341986265041686,0.7627559075666255
B8_SHUFFLED_REGION_SCORE,P1_L,PSP_V1_LONG,42,0.08808290155440414,0.09319534639335506,0.19170984455958548,0.19697205668201384,0.10810810810810811,0.2849740932642487,0.2997715136020785,0.48764248704663204,-0.02034812758232714,0.7434557934111261
B8_SHUFFLED_REGION_SCORE,P1_L,PSP_V1_LONG,43,0.11917098445595854,0.09707189090198756,0.21761658031088082,0.1964996711710861,0.09523809523809523,0.29533678756476683,0.2938220261541285,0.48132124352331607,-0.033873737091484724,0.704157288174373
B8_SHUFFLED_REGION_SCORE,P1_L,PSP_V1_LONG,44,0.08808290155440414,0.08709684558132788,0.17098445595854922,0.19649367600840437,0.15151515151515152,0.2694300518134715,0.2970389342110775,0.46810880829015544,-0.06700920042584735,0.662361282755617
B8_SHUFFLED_REGION_SCORE,P1_L,PSP_V1_LONG,45,0.10880829015544041,0.09512163351223829,0.2538860103626943,0.19675444008025897,0.08163265306122448,0.3626943005181347,0.29665993236006255,0.5310103626943006,0.14301231232816455,0.8206845067173485
B8_SHUFFLED_REGION_SCORE,P1_L,PSP_V1_LONG,46,0.10880829015544041,0.09677628686238592,0.20207253886010362,0.19431466301098152,0.10256410256410256,0.33678756476683935,0.2953909826213619,0.5100259067357513,0.009732185233591959,0.7198810424206468
B8_SHUFFLED_REGION_SCORE,P1_L,PSP_V1_LONG,47,0.09326424870466321,0.09918097654929334,0.20207253886010362,0.19693427292123633,0.10256410256410256,0.30569948186528495,0.29954735381644404,0.5000259067357513,0.003432972970617779,0.6993561029399548
B8_SHUFFLED_REGION_SCORE,P1_L,PSP_V1_LONG,48,0.12435233160621761,0.09705016365782053,0.24352331606217617,0.19980489518518144,0.0851063829787234,0.31088082901554404,0.29867436453264895,0.5215284974093265,0.1274716497407443,0.7577485666150983
B8_SHUFFLED_REGION_SCORE,P1_L,PSP_V1_LONG,49,0.10880829015544041,0.0983770801779506,0.23834196891191708,0.19186889361575452,0.10869565217391304,0.33678756476683935,0.2999976064627387,0.5019948186528498,0.049125604356266055,0.7305301641671933
B8_SHUFFLED_REGION_SCORE,P1_L,PSP_V1_LONG,50,0.14507772020725387,0.09501590153458461,0.26424870466321243,0.19565117281133654,0.09803921568627451,0.36787564766839376,0.2914231446828051,0.5525647668393783,0.13205980400191783,0.7516233186969048
B8_SHUFFLED_REGION_SCORE,P1_L,PSP_V1_LONG,51,0.06217616580310881,0.0967451545648447,0.19689119170984457,0.19908642400228135,0.13157894736842105,0.2694300518134715,0.2942159102564684,0.4936010362694301,0.005324256624892342,0.6476448844029095
B8_SHUFFLED_REGION_SCORE,P1_L,PSP_V1_LONG,52,0.08290155440414508,0.08266719054197845,0.16580310880829016,0.1927236512863051,0.125,0.24870466321243523,0.29009368040002165,0.4716839378238342,-0.026278202966740268,0.7125770727595233
B8_SHUFFLED_REGION_SCORE,P1_L,PSP_V1_LONG,53,0.08808290155440414,0.09910194410766514,0.17616580310880828,0.19512340776056342,0.11764705882352941,0.27461139896373055,0.2974161742579957,0.4751554404145078,-0.009019968197309458,0.7418930735371436
B8_SHUFFLED_REGION_SCORE,P1_L,PSP_V1_LONG,54,0.07772020725388601,0.09255053522948019,0.20725388601036268,0.19980754629514577,0.1,0.2694300518134715,0.2999155691835376,0.4693523316062176,-0.07224225852780108,0.7030154264222714
B8_SHUFFLED_REGION_SCORE,P1_L,PSP_V1_LONG,55,0.11917098445595854,0.09537100747257582,0.24352331606217617,0.19574979329483055,0.0851063829787234,0.3316062176165803,0.29936553648144665,0.5114766839378238,0.07823313292750661,0.6953712783128698
B8_SHUFFLED_REGION_SCORE,P1_L,PSP_V1_LONG,56,0.10880829015544041,0.0924294742925488,0.20207253886010362,0.19440813105078236,0.07692307692307693,0.30569948186528495,0.2936024322049846,0.5253108808290154,0.0939735637080305,0.7350799406324737
B8_SHUFFLED_REGION_SCORE,P1_L,PSP_V1_LONG,57,0.08808290155440414,0.09493621232498574,0.19689119170984457,0.19955416801333478,0.10526315789473684,0.26424870466321243,0.29551583219141436,0.5037046632124352,0.025826553138853802,0.7224101771416026
B8_SHUFFLED_REGION_SCORE,P1_L,PSP_V1_LONG,58,0.16580310880829016,0.09321668954398503,0.23316062176165803,0.19649132899290608,0.1111111111111111,0.32124352331606215,0.2924062709315827,0.5287305699481865,0.08253249186604121,0.7073337652586313
B8_SHUFFLED_REGION_SCORE,P1_L,PSP_V1_LONG,59,0.13471502590673576,0.09960641687945729,0.21243523316062177,0.19743080714960196,0.12195121951219512,0.27979274611398963,0.2962402341528464,0.5300259067357512,0.10466333343247791,0.6925644181644482
B8_SHUFFLED_REGION_SCORE,P1_L,PSP_V1_LONG,60,0.06735751295336788,0.09492408316737055,0.13989637305699482,0.19455830621786488,0.1111111111111111,0.2849740932642487,0.2985371525933606,0.47898963730569943,-0.009519388680068528,0.7164811143139367
B8_SHUFFLED_REGION_SCORE,P1_L,PSP_V1_LONG,61,0.08808290155440414,0.09486024539798697,0.22279792746113988,0.1960899099947874,0.09302325581395349,0.31088082901554404,0.29406400935691757,0.510077720207254,0.07178409451970472,0.6902649150387654
B8_SHUFFLED_REGION_SCORE,P1_L,PSP_V1_LONG,62,0.08290155440414508,0.09607350067444051,0.17616580310880828,0.1973865393250223,0.14705882352941177,0.23834196891191708,0.2982711691792868,0.4718911917098445,-0.09832069330143772,0.6875874426028591
B8_SHUFFLED_REGION_SCORE,P1_L,PSP_V1_LONG,63,0.06735751295336788,0.0968239941731559,0.13989637305699482,0.19355308008468936,0.14814814814814814,0.23834196891191708,0.2999233745423883,0.46028497409326424,-0.15692225846970628,0.6628870375625557
B8_SHUFFLED_REGION_SCORE,P1_L,PSP_V1_LONG,64,0.04145077720207254,0.09881030567781339,0.21761658031088082,0.19725263370024265,0.09523809523809523,0.30569948186528495,0.2973333415107382,0.5028238341968913,0.028566851613818785,0.6842959104974954
B8_SHUFFLED_REGION_SCORE,P1_L,PSP_V1_LONG,65,0.06217616580310881,0.09376848515907724,0.12953367875647667,0.1952012435782988,0.16,0.29533678756476683,0.29929188180063565,0.4973834196891192,0.012138089124448692,0.6936493569005528
B8_SHUFFLED_REGION_SCORE,P1_L,PSP_V1_LONG,66,0.08808290155440414,0.09217790654215693,0.23834196891191708,0.19774708241146355,0.10869565217391304,0.35751295336787564,0.2955603223996791,0.5232383419689118,0.046469990224029784,0.708490848586116
B8_SHUFFLED_REGION_SCORE,P1_L,PSP_V1_LONG,67,0.10880829015544041,0.09730473718384099,0.23316062176165803,0.19397082403809524,0.1111111111111111,0.3160621761658031,0.2994468879258429,0.508160621761658,0.07046823011730473,0.7400268643675136
B8_SHUFFLED_REGION_SCORE,P1_L,PSP_V1_LONG,68,0.09326424870466321,0.0975639071218119,0.21243523316062177,0.18463388708289236,0.12195121951219512,0.31088082901554404,0.29507993529250504,0.5017357512953369,0.016889097890869755,0.7618866671004736
B8_SHUFFLED_REGION_SCORE,P1_L,PSP_V1_LONG,69,0.12435233160621761,0.09935978461432383,0.21761658031088082,0.19935809892297493,0.09523809523809523,0.3160621761658031,0.2949554294828157,0.5247927461139896,0.15373031016685484,0.7618996659297035
B8_SHUFFLED_REGION_SCORE,P1_L,PSP_V1_LONG,70,0.08290155440414508,0.09839429273384241,0.21243523316062177,0.1987957985146903,0.0975609756097561,0.3005181347150259,0.29537026506366065,0.504222797927461,0.029524436104674215,0.7570380504535461
B8_SHUFFLED_REGION_SCORE,P1_L,PSP_V1_LONG,71,0.10362694300518134,0.09255806651809612,0.17616580310880828,0.19857455644026806,0.11764705882352941,0.29015544041450775,0.2936008282875984,0.4836010362694301,-0.06427975891789887,0.7453182672735839
B8_SHUFFLED_REGION_SCORE,P1_L,PSP_V1_LONG,72,0.08808290155440414,0.09336061623464934,0.21761658031088082,0.19805275677938303,0.09523809523809523,0.29015544041450775,0.29940700177903484,0.4928238341968912,-0.03268164211307286,0.7107059195121956
B8_SHUFFLED_REGION_SCORE,P1_L,PSP_V1_LONG,73,0.09326424870466321,0.09781422566883527,0.18134715025906736,0.1930692581074619,0.08571428571428572,0.3005181347150259,0.29981460469534976,0.4944818652849741,-0.008935283854580747,0.7018768039885126
B8_SHUFFLED_REGION_SCORE,P1_L,PSP_V1_LONG,74,0.10362694300518134,0.09410361503537036,0.19689119170984457,0.19780655972054279,0.10526315789473684,0.27461139896373055,0.2996198088561107,0.49318652849740935,-0.01805296475503872,0.7147481628720043
B8_SHUFFLED_REGION_SCORE,P1_L,PSP_V1_LONG,75,0.13471502590673576,0.09983063065648638,0.19170984455958548,0.19767658685422032,0.13513513513513514,0.24870466321243523,0.2952944244389386,0.4746891191709845,-0.0637977095823662,0.7166723488996691
B8_SHUFFLED_REGION_SCORE,P1_L,PSP_V1_LONG,76,0.15544041450777202,0.0962379494171584,0.22797927461139897,0.19836561012989956,0.09090909090909091,0.35751295336787564,0.29205701027366027,0.527020725388601,0.16855224153778273,0.8030616421769357
B8_SHUFFLED_REGION_SCORE,P1_L,PSP_V1_LONG,77,0.07772020725388601,0.09941628808035285,0.19689119170984457,0.19790068293909957,0.10526315789473684,0.34196891191709844,0.2985150254473217,0.5490414507772019,0.11719010197611736,0.6964523635841957
B8_SHUFFLED_REGION_SCORE,P1_L,PSP_V1_LONG,78,0.10362694300518134,0.09906538301069244,0.18134715025906736,0.1958692965531103,0.14285714285714285,0.27979274611398963,0.2919542231076818,0.47411917098445594,-0.1169534200951576,0.6451184976349378
B8_SHUFFLED_REGION_SCORE,P1_L,PSP_V1_LONG,79,0.05181347150259067,0.09557726737178213,0.18134715025906736,0.19794648806943613,0.11428571428571428,0.25906735751295334,0.2990691465832188,0.48805699481865283,-0.03061230419972767,0.6987685908268619
B8_SHUFFLED_REGION_SCORE,P1_L,PSP_V1_LONG,80,0.12435233160621761,0.09864310847364047,0.21243523316062177,0.19957753446641513,0.0975609756097561,0.29015544041450775,0.2939313375945878,0.5132383419689118,0.05209824192538416,0.7241454200838385
B8_SHUFFLED_REGION_SCORE,P1_L,PSP_V1_LONG,81,0.06735751295336788,0.09204729069825045,0.14507772020725387,0.19691974003282062,0.10714285714285714,0.22279792746113988,0.2935340712661413,0.4353626943005181,-0.15591907471738156,0.6583510564672177
B8_SHUFFLED_REGION_SCORE,P1_L,PSP_V1_LONG,82,0.12953367875647667,0.09495076802653056,0.22279792746113988,0.19904966867941404,0.11627906976744186,0.32642487046632124,0.2988075704387539,0.5046373056994818,0.02753543974725114,0.7769521766068224
B8_SHUFFLED_REGION_SCORE,P1_L,PSP_V1_LONG,83,0.08808290155440414,0.0963660475387606,0.20725388601036268,0.1967139146629601,0.1,0.3471502590673575,0.29672221879153565,0.5131347150259067,0.012372599612005129,0.7228939606786368
B8_SHUFFLED_REGION_SCORE,P1_L,PSP_V1_LONG,84,0.09326424870466321,0.09273993533333541,0.21243523316062177,0.1924381649935785,0.0975609756097561,0.32642487046632124,0.29467876769977575,0.5164507772020723,0.0781006779299053,0.7213187469003344
B8_SHUFFLED_REGION_SCORE,P1_L,PSP_V1_LONG,85,0.07253886010362694,0.09840410623152057,0.12435233160621761,0.19265897612002933,0.125,0.23316062176165803,0.2919179991273166,0.45867875647668394,-0.09770401757490044,0.6805538696044984
B8_SHUFFLED_REGION_SCORE,P1_L,PSP_V1_LONG,86,0.09326424870466321,0.09948491320599814,0.17098445595854922,0.19492853710573674,0.12121212121212122,0.29533678756476683,0.2932490978191335,0.4720466321243524,-0.07954248314969671,0.6838546103641663
B8_SHUFFLED_REGION_SCORE,P1_L,PSP_V1_LONG,87,0.08290155440414508,0.09761415047759721,0.17098445595854922,0.19768843271899755,0.15151515151515152,0.27979274611398963,0.29799469458511146,0.4717875647668394,-0.11417620793233654,0.6971772493482655
B8_SHUFFLED_REGION_SCORE,P1_L,PSP_V1_LONG,88,0.10362694300518134,0.09344355329950915,0.21761658031088082,0.1963518896289457,0.09523809523809523,0.30569948186528495,0.29281288974359837,0.5207512953367877,0.0968506599674034,0.7745804603388167
B8_SHUFFLED_REGION_SCORE,P1_L,PSP_V1_LONG,89,0.06217616580310881,0.09354094983622172,0.14507772020725387,0.19953610338368533,0.10714285714285714,0.27979274611398963,0.2996851946270209,0.4871243523316062,-0.00995801014753519,0.7012042698754888
B8_SHUFFLED_REGION_SCORE,P1_L,PSP_V1_LONG,90,0.07772020725388601,0.09998525624696604,0.19689119170984457,0.19291176323007775,0.10526315789473684,0.3005181347150259,0.2944923508517639,0.5129274611398963,0.07925368782705776,0.7557101877950005
B8_SHUFFLED_REGION_SCORE,P1_L,PSP_V1_LONG,91,0.07772020725388601,0.09866719136599758,0.18134715025906736,0.1979421339595436,0.11428571428571428,0.29015544041450775,0.29711851947700696,0.4773316062176166,-0.011981748799411072,0.7187268226302206
B8_SHUFFLED_REGION_SCORE,P1_L,PSP_V1_LONG,92,0.08808290155440414,0.09612590839240735,0.18652849740932642,0.19577242730043867,0.1111111111111111,0.31088082901554404,0.2996782709890027,0.5024611398963731,0.014405023837494209,0.7190699264217826
B8_SHUFFLED_REGION_SCORE,P1_L,PSP_V1_LONG,93,0.09326424870466321,0.09780820840865456,0.21761658031088082,0.1970914253695873,0.09523809523809523,0.26424870466321243,0.29754831858155373,0.4834974093264249,-0.04881075231278751,0.6961676008728958
B8_SHUFFLED_REGION_SCORE,P1_L,PSP_V1_LONG,94,0.11917098445595854,0.09866627934048416,0.22279792746113988,0.19222856723088863,0.09302325581395349,0.32642487046632124,0.291903596312742,0.5071761658031088,0.05226978200424488,0.7142757781464909
B8_SHUFFLED_REGION_SCORE,P1_L,PSP_V1_LONG,95,0.12435233160621761,0.09727920846066909,0.19170984455958548,0.19856517335867402,0.10810810810810811,0.29015544041450775,0.2929552103764332,0.4745854922279793,-0.06942813267712389,0.7464989605535947
B8_SHUFFLED_REGION_SCORE,P1_L,PSP_V1_LONG,96,0.09844559585492228,0.09792193386563225,0.22279792746113988,0.19744379039247578,0.11627906976744186,0.33678756476683935,0.2986908528321327,0.509663212435233,0.03685288884081274,0.683204361123027
B8_SHUFFLED_REGION_SCORE,P1_L,PSP_V1_LONG,97,0.13471502590673576,0.09870899729064926,0.27979274611398963,0.19699870218796198,0.07407407407407407,0.37823834196891193,0.2975832411691255,0.5295595854922279,0.12554996657882353,0.7311500468482603
B8_SHUFFLED_REGION_SCORE,P1_L,PSP_V1_LONG,98,0.08808290155440414,0.09421066233804078,0.24352331606217617,0.19477842317983368,0.10638297872340426,0.3471502590673575,0.29858185227817896,0.5321502590673576,0.1110732867590204,0.7467765795805059
B8_SHUFFLED_REGION_SCORE,P1_L,PSP_V1_LONG,99,0.08808290155440414,0.09434464622439295,0.20725388601036268,0.19347331130475287,0.125,0.2849740932642487,0.2963167489366415,0.48023316062176163,-0.05141642439674787,0.7463155012584093
B8_SHUFFLED_REGION_SCORE,P1_M,PSP_V0_SHORT,0,0.05714285714285714,0.09621095867293063,0.21428571428571427,0.1940195402678357,0.26666666666666666,0.34285714285714286,0.29953535916307467,0.5421428571428571,0.08910125283653787,0.5186846164039959
B8_SHUFFLED_REGION_SCORE,P1_M,PSP_V0_SHORT,1,0.05714285714285714,0.09483361246824666,0.22857142857142856,0.19894779682658253,0.1875,0.2857142857142857,0.2957113119607666,0.47800000000000004,-0.049781086119056135,0.48754863082872607
B8_SHUFFLED_REGION_SCORE,P1_M,PSP_V0_SHORT,2,0.1,0.09167152320049464,0.2,0.19177430389062605,0.21428571428571427,0.37142857142857144,0.2943718419233435,0.5444285714285715,0.07614161145468222,0.5329538227213257
B8_SHUFFLED_REGION_SCORE,P1_M,PSP_V0_SHORT,3,0.11428571428571428,0.09654277793415701,0.2857142857142857,0.19323022632197337,0.2,0.38571428571428573,0.29552359578980064,0.5587142857142856,0.10929429772877128,0.5809299641249149
B8_SHUFFLED_REGION_SCORE,P1_M,PSP_V0_SHORT,4,0.17142857142857143,0.09683645545001987,0.2571428571428571,0.19521216304323366,0.2222222222222222,0.37142857142857144,0.29281291300423995,0.5397142857142857,0.031159658027912335,0.4665430675926988
B8_SHUFFLED_REGION_SCORE,P1_M,PSP_V0_SHORT,5,0.08571428571428572,0.08985290095777645,0.2,0.19839140941537983,0.14285714285714285,0.3142857142857143,0.28948948950389286,0.49414285714285716,-0.004040592091129444,0.532773915968727
B8_SHUFFLED_REGION_SCORE,P1_M,PSP_V0_SHORT,6,0.12857142857142856,0.09626095504666501,0.18571428571428572,0.17218505284200117,0.23076923076923078,0.3,0.29124969203139256,0.5334285714285714,0.14679991634152495,0.5272699134111648
B8_SHUFFLED_REGION_SCORE,P1_M,PSP_V0_SHORT,7,0.07142857142857142,0.09042348751094252,0.2,0.19900890833930265,0.21428571428571427,0.3,0.2915953917731346,0.45042857142857146,-0.14196112139558345,0.4709953257275684
B8_SHUFFLED_REGION_SCORE,P1_M,PSP_V0_SHORT,8,0.1,0.09971649488981053,0.22857142857142856,0.195627052311359,0.25,0.35714285714285715,0.2946101207604845,0.51,0.06426276648493234,0.5305090462635969
B8_SHUFFLED_REGION_SCORE,P1_M,PSP_V0_SHORT,9,0.05714285714285714,0.09286874036752771,0.11428571428571428,0.191002689105665,0.25,0.18571428571428572,0.29185786006223335,0.43442857142857144,-0.1797989113826999,0.45141501042187765
B8_SHUFFLED_REGION_SCORE,P1_M,PSP_V0_SHORT,10,0.07142857142857142,0.09591732009789473,0.21428571428571427,0.19345243209927143,0.2,0.3142857142857143,0.2968362769638127,0.46442857142857136,-0.10625021976073021,0.4304121042396129
B8_SHUFFLED_REGION_SCORE,P1_M,PSP_V0_SHORT,11,0.08571428571428572,0.0892716111493485,0.22857142857142856,0.1903861741185866,0.25,0.37142857142857144,0.2993149673886729,0.5082857142857142,0.01553273008774055,0.47764266293922486
B8_SHUFFLED_REGION_SCORE,P1_M,PSP_V0_SHORT,12,0.08571428571428572,0.09889470574664459,0.11428571428571428,0.1927692612482464,0.5,0.18571428571428572,0.298539967813043,0.4108571428571429,-0.21303092216409947,0.4107974118311722
B8_SHUFFLED_REGION_SCORE,P1_M,PSP_V0_SHORT,13,0.08571428571428572,0.098986944374434,0.2,0.1946331478329137,0.2857142857142857,0.2,0.2881220081701536,0.4314285714285714,-0.17247626780159783,0.46956797486993446
B8_SHUFFLED_REGION_SCORE,P1_M,PSP_V0_SHORT,14,0.18571428571428572,0.09732513860243328,0.2857142857142857,0.19299384925251853,0.15,0.5142857142857142,0.29757569222787844,0.6185714285714285,0.34613248764943966,0.6804250970589465
B8_SHUFFLED_REGION_SCORE,P1_M,PSP_V0_SHORT,15,0.07142857142857142,0.09464486944875014,0.1,0.19350900517426106,0.2857142857142857,0.24285714285714285,0.2938059672982657,0.4761428571428571,-0.04133302609048611,0.45865168493176356
B8_SHUFFLED_REGION_SCORE,P1_M,PSP_V0_SHORT,16,0.02857142857142857,0.09511005552131505,0.14285714285714285,0.19255941282867195,0.3,0.2,0.2935686909514662,0.4787142857142857,-0.005503137694667096,0.5220747114842098
B8_SHUFFLED_REGION_SCORE,P1_M,PSP_V0_SHORT,17,0.11428571428571428,0.09707696214453994,0.21428571428571427,0.19293948034667915,0.2,0.2714285714285714,0.29429007376653293,0.46799999999999997,0.012300256414836995,0.555663174560258
B8_SHUFFLED_REGION_SCORE,P1_M,PSP_V0_SHORT,18,0.05714285714285714,0.09793914832458625,0.12857142857142856,0.19085702912074884,0.2222222222222222,0.24285714285714285,0.29763745622806825,0.5089999999999999,0.05010829971171202,0.48238713925800986
B8_SHUFFLED_REGION_SCORE,P1_M,PSP_V0_SHORT,19,0.11428571428571428,0.09764839579150615,0.22857142857142856,0.19426277037513384,0.25,0.3,0.2881268697096522,0.45585714285714285,-0.09792114649312596,0.5147339470721769
B8_SHUFFLED_REGION_SCORE,P1_M,PSP_V0_SHORT,20,0.11428571428571428,0.09778202591188495,0.18571428571428572,0.19737039698173633,0.3076923076923077,0.2571428571428571,0.29135617888428994,0.4858571428571429,-0.005245333045907916,0.48982335913546443
B8_SHUFFLED_REGION_SCORE,P1_M,PSP_V0_SHORT,21,0.15714285714285714,0.09538565999445739,0.32857142857142857,0.1932040234145802,0.17391304347826086,0.44285714285714284,0.2955986840714808,0.5434285714285714,0.10003316150026847,0.5752808264781342
B8_SHUFFLED_REGION_SCORE,P1_M,PSP_V0_SHORT,22,0.07142857142857142,0.09134701430565585,0.18571428571428572,0.19768448837646627,0.23076923076923078,0.2714285714285714,0.2968907309643815,0.4951428571428571,0.07631017603271706,0.5631643316715937
B8_SHUFFLED_REGION_SCORE,P1_M,PSP_V0_SHORT,23,0.11428571428571428,0.09104356097465642,0.2571428571428571,0.19529824271197602,0.2222222222222222,0.32857142857142857,0.2981742983809553,0.5148571428571429,0.0308621911254979,0.5429006377532282
B8_SHUFFLED_REGION_SCORE,P1_M,PSP_V0_SHORT,24,0.05714285714285714,0.09128584558713465,0.21428571428571427,0.19984831737778347,0.2,0.32857142857142857,0.29827271055042975,0.5288571428571428,0.13325029893654733,0.5649715383237814
B8_SHUFFLED_REGION_SCORE,P1_M,PSP_V0_SHORT,25,0.08571428571428572,0.09029333735470678,0.2,0.1998193520629928,0.21428571428571427,0.32857142857142857,0.2877901690790825,0.498,0.04503648902554585,0.5308075436377562
B8_SHUFFLED_REGION_SCORE,P1_M,PSP_V0_SHORT,26,0.08571428571428572,0.09205088395936346,0.17142857142857143,0.18640223463370303,0.3333333333333333,0.35714285714285715,0.29039834588607955,0.5432857142857141,0.1523377585081404,0.5889017682888493
B8_SHUFFLED_REGION_SCORE,P1_M,PSP_V0_SHORT,27,0.02857142857142857,0.09596189864997157,0.18571428571428572,0.19822775497847908,0.23076923076923078,0.3,0.2979514241985194,0.43928571428571433,-0.076741503041218,0.4759282657399475
B8_SHUFFLED_REGION_SCORE,P1_M,PSP_V0_SHORT,28,0.05714285714285714,0.09078604788256198,0.18571428571428572,0.19698667001870804,0.23076923076923078,0.2857142857142857,0.29447592150644686,0.4895714285714285,-0.04442172409388935,0.47918918122138565
B8_SHUFFLED_REGION_SCORE,P1_M,PSP_V0_SHORT,29,0.07142857142857142,0.0903128132696937,0.2,0.18691461895932346,0.2857142857142857,0.3142857142857143,0.2998420265524697,0.4904285714285714,-0.03274614817412267,0.5097835233903832
B8_SHUFFLED_REGION_SCORE,P1_M,PSP_V0_SHORT,30,0.1,0.09738816195669409,0.2,0.19636045708836658,0.21428571428571427,0.32857142857142857,0.29570324370798384,0.5045714285714286,-0.001219614299899194,0.524171491821207
B8_SHUFFLED_REGION_SCORE,P1_M,PSP_V0_SHORT,31,0.04285714285714286,0.0903102483391862,0.17142857142857143,0.19858161667941182,0.25,0.2714285714285714,0.29782133873990274,0.5002857142857143,0.06667224839448928,0.5334553594732222
B8_SHUFFLED_REGION_SCORE,P1_M,PSP_V0_SHORT,32,0.1,0.09335227580473053,0.15714285714285714,0.1987777051917508,0.2727272727272727,0.21428571428571427,0.29974454719258287,0.4694285714285714,0.006167480443392673,0.5716307656482384
B8_SHUFFLED_REGION_SCORE,P1_M,PSP_V0_SHORT,33,0.11428571428571428,0.09252237324270395,0.3142857142857143,0.1965972573721865,0.18181818181818182,0.4,0.28562880077811004,0.5081428571428571,0.012166396308750497,0.5766468775790549
B8_SHUFFLED_REGION_SCORE,P1_M,PSP_V0_SHORT,34,0.08571428571428572,0.08769995135746869,0.21428571428571427,0.19729323301656304,0.26666666666666666,0.2714285714285714,0.2875170524078877,0.4892857142857143,-0.027396701712369704,0.5029577103887618
B8_SHUFFLED_REGION_SCORE,P1_M,PSP_V0_SHORT,35,0.05714285714285714,0.09186191848862013,0.14285714285714285,0.19403301812181514,0.2,0.21428571428571427,0.296866143438683,0.4528571428571428,-0.09012751364986768,0.4734356744524094
B8_SHUFFLED_REGION_SCORE,P1_M,PSP_V0_SHORT,36,0.15714285714285714,0.09288364236134315,0.2,0.18554579345552638,0.2857142857142857,0.3,0.296670445293097,0.5018571428571429,-0.026876134633144436,0.5197983459109934
B8_SHUFFLED_REGION_SCORE,P1_M,PSP_V0_SHORT,37,0.11428571428571428,0.0982621077970264,0.24285714285714285,0.19042200563569456,0.23529411764705882,0.2714285714285714,0.2964924734589173,0.497,0.008814935874881169,0.5671944663742163
B8_SHUFFLED_REGION_SCORE,P1_M,PSP_V0_SHORT,38,0.14285714285714285,0.09311810884604403,0.17142857142857143,0.1984595029895247,0.3333333333333333,0.2571428571428571,0.29748296737034075,0.47614285714285715,-0.0765382339912348,0.5133234222832709
B8_SHUFFLED_REGION_SCORE,P1_M,PSP_V0_SHORT,39,0.08571428571428572,0.09833233661755181,0.22857142857142856,0.18987717481347544,0.1875,0.35714285714285715,0.29139737953601874,0.5344285714285715,0.09238330432651051,0.4949340400393769
B8_SHUFFLED_REGION_SCORE,P1_M,PSP_V0_SHORT,40,0.05714285714285714,0.08653526524383943,0.2,0.18974832398397423,0.2857142857142857,0.2714285714285714,0.2888890812360461,0.45314285714285707,-0.14516880615995245,0.45477205251564823
B8_SHUFFLED_REGION_SCORE,P1_M,PSP_V0_SHORT,41,0.07142857142857142,0.09878665555867086,0.2,0.18966353665873134,0.21428571428571427,0.2857142857142857,0.295029237238028,0.45185714285714285,-0.04004400284669021,0.5434286257284814
B8_SHUFFLED_REGION_SCORE,P1_M,PSP_V0_SHORT,42,0.1,0.08819596125850884,0.2,0.19142623812321097,0.14285714285714285,0.38571428571428573,0.29549362238047555,0.517142857142857,0.04902254551789932,0.5555632122376454
B8_SHUFFLED_REGION_SCORE,P1_M,PSP_V0_SHORT,43,0.12857142857142856,0.09239639312920703,0.17142857142857143,0.19377940060393575,0.3333333333333333,0.2714285714285714,0.2941241720140652,0.5017142857142858,0.05144690077257698,0.5301711055696898
B8_SHUFFLED_REGION_SCORE,P1_M,PSP_V0_SHORT,44,0.05714285714285714,0.08689248535759095,0.17142857142857143,0.18867724091370566,0.25,0.24285714285714285,0.2997456749116946,0.47385714285714275,-0.06570052317993545,0.4593167200966279
B8_SHUFFLED_REGION_SCORE,P1_M,PSP_V0_SHORT,45,0.08571428571428572,0.09206568330744763,0.17142857142857143,0.19096084878373484,0.25,0.3142857142857143,0.2988699763820524,0.5005714285714284,0.05881416438904122,0.5707251048197135
B8_SHUFFLED_REGION_SCORE,P1_M,PSP_V0_SHORT,46,0.07142857142857142,0.09001245049945777,0.18571428571428572,0.19223060429046687,0.15384615384615385,0.22857142857142856,0.28934466199101716,0.48314285714285715,0.049181194532520345,0.5395479071262752
B8_SHUFFLED_REGION_SCORE,P1_M,PSP_V0_SHORT,47,0.12857142857142856,0.08690823423981728,0.18571428571428572,0.18682673654008253,0.23076923076923078,0.2857142857142857,0.2991968941408971,0.49,-0.003381207124110774,0.5272621009258798
B8_SHUFFLED_REGION_SCORE,P1_M,PSP_V0_SHORT,48,0.11428571428571428,0.09724643200737781,0.2571428571428571,0.190866620105106,0.16666666666666666,0.34285714285714286,0.2976735712165962,0.4818571428571428,-0.07724719677532253,0.5100071358404137
B8_SHUFFLED_REGION_SCORE,P1_M,PSP_V0_SHORT,49,0.1,0.09153362567797424,0.24285714285714285,0.19233695870151857,0.23529411764705882,0.3,0.2958853681219244,0.5068571428571429,-0.03463010522274744,0.4852487381981568
B8_SHUFFLED_REGION_SCORE,P1_M,PSP_V0_SHORT,50,0.1,0.09462437452914658,0.17142857142857143,0.19803429160015393,0.3333333333333333,0.3,0.2971115982149363,0.4832857142857142,-0.016142537237690144,0.49646358443468236
B8_SHUFFLED_REGION_SCORE,P1_M,PSP_V0_SHORT,51,0.12857142857142856,0.0965634831332482,0.18571428571428572,0.1915188192180422,0.23076923076923078,0.2857142857142857,0.29248247628174256,0.5011428571428571,0.07697947656314955,0.5811323862850748
B8_SHUFFLED_REGION_SCORE,P1_M,PSP_V0_SHORT,52,0.08571428571428572,0.09420513357592689,0.17142857142857143,0.19424155535587,0.16666666666666666,0.24285714285714285,0.2909615862862233,0.4498571428571429,-0.08627035948189382,0.5226189984018219
B8_SHUFFLED_REGION_SCORE,P1_M,PSP_V0_SHORT,53,0.11428571428571428,0.09660369657168477,0.21428571428571427,0.19593582998255818,0.13333333333333333,0.3142857142857143,0.29964737535422115,0.5504285714285715,0.27033296313253397,0.7059422273827098
B8_SHUFFLED_REGION_SCORE,P1_M,PSP_V0_SHORT,54,0.17142857142857143,0.09206378046391292,0.22857142857142856,0.1991380655313467,0.1875,0.35714285714285715,0.29098425839073966,0.5748571428571428,0.19744861425928986,0.6335120733283668
B8_SHUFFLED_REGION_SCORE,P1_M,PSP_V0_SHORT,55,0.12857142857142856,0.0996859078458188,0.17142857142857143,0.19915903854337139,0.25,0.22857142857142856,0.29324020615075785,0.44285714285714284,-0.0740990053914364,0.49993413127360486
B8_SHUFFLED_REGION_SCORE,P1_M,PSP_V0_SHORT,56,0.04285714285714286,0.09996098967662997,0.15714285714285714,0.19446311325717644,0.2727272727272727,0.2857142857142857,0.29222459592918765,0.5152857142857143,0.02959299900852963,0.49772861899873233
B8_SHUFFLED_REGION_SCORE,P1_M,PSP_V0_SHORT,57,0.08571428571428572,0.0940310682553858,0.22857142857142856,0.19015180921843913,0.25,0.32857142857142857,0.2876905378998574,0.55,0.20376482815388977,0.5563453787908983
B8_SHUFFLED_REGION_SCORE,P1_M,PSP_V0_SHORT,58,0.05714285714285714,0.09913528613189952,0.11428571428571428,0.1923328734796568,0.25,0.15714285714285714,0.29999908142633375,0.4222857142857143,-0.1791345686339743,0.43615303662697047
B8_SHUFFLED_REGION_SCORE,P1_M,PSP_V0_SHORT,59,0.07142857142857142,0.09053856632502195,0.17142857142857143,0.19036087998534654,0.3333333333333333,0.2714285714285714,0.2869194379866669,0.5158571428571428,0.12531289042378876,0.555555368659814
B8_SHUFFLED_REGION_SCORE,P1_M,PSP_V0_SHORT,60,0.1,0.09080838407293214,0.12857142857142856,0.1799883728111944,0.3333333333333333,0.2,0.29858096834716263,0.3988571428571428,-0.25229159550109836,0.4810155788366027
B8_SHUFFLED_REGION_SCORE,P1_M,PSP_V0_SHORT,61,0.07142857142857142,0.09063381235048264,0.2857142857142857,0.18902625038611995,0.2,0.34285714285714286,0.2897473144355773,0.5101428571428571,0.009965141230883661,0.5265879557320219
B8_SHUFFLED_REGION_SCORE,P1_M,PSP_V0_SHORT,62,0.18571428571428572,0.09828237100330525,0.2714285714285714,0.19987552782222587,0.21052631578947367,0.3142857142857143,0.2960957301320316,0.5445714285714285,0.11342412989062506,0.5839238771197917
B8_SHUFFLED_REGION_SCORE,P1_M,PSP_V0_SHORT,63,0.11428571428571428,0.09196422833510448,0.18571428571428572,0.19857418024313608,0.23076923076923078,0.3142857142857143,0.2961836833372164,0.4905714285714285,-0.0016509413084001285,0.528921401568293
B8_SHUFFLED_REGION_SCORE,P1_M,PSP_V0_SHORT,64,0.1,0.09120820050249365,0.17142857142857143,0.1980744649045497,0.25,0.2714285714285714,0.29239976056643896,0.45185714285714274,-0.22268868092915492,0.42349968086925327
B8_SHUFFLED_REGION_SCORE,P1_M,PSP_V0_SHORT,65,0.17142857142857143,0.08566981801037712,0.34285714285714286,0.1987857374622901,0.16666666666666666,0.44285714285714284,0.2986126200851025,0.6215714285714286,0.32547341127675694,0.6301138449635166
B8_SHUFFLED_REGION_SCORE,P1_M,PSP_V0_SHORT,66,0.04285714285714286,0.09074881606055345,0.15714285714285714,0.19279997012230501,0.2727272727272727,0.2571428571428571,0.2940397426383027,0.45942857142857146,-0.060747699254735076,0.47181371857739585
B8_SHUFFLED_REGION_SCORE,P1_M,PSP_V0_SHORT,67,0.1,0.0989678802893785,0.17142857142857143,0.1925203066095422,0.16666666666666666,0.3142857142857143,0.2945522188022668,0.48728571428571427,0.012250678597767923,0.5408420390340227
B8_SHUFFLED_REGION_SCORE,P1_M,PSP_V0_SHORT,68,0.17142857142857143,0.09171431319838341,0.32857142857142857,0.19841335912183214,0.17391304347826086,0.4,0.295477135779124,0.5697142857142857,0.13732063771791822,0.6032006437333749
B8_SHUFFLED_REGION_SCORE,P1_M,PSP_V0_SHORT,69,0.12857142857142856,0.08470131074613278,0.22857142857142856,0.1989436697542125,0.1875,0.32857142857142857,0.28817619045539283,0.5011428571428571,0.04238407581235045,0.5718228604542621
B8_SHUFFLED_REGION_SCORE,P1_M,PSP_V0_SHORT,70,0.1,0.09486195284707075,0.3,0.19462075366160908,0.19047619047619047,0.38571428571428573,0.2934668877122795,0.5411428571428571,0.08465412264544205,0.5349382717694713
B8_SHUFFLED_REGION_SCORE,P1_M,PSP_V0_SHORT,71,0.14285714285714285,0.09897194283528717,0.24285714285714285,0.19494150616280254,0.17647058823529413,0.35714285714285715,0.29120855824854086,0.5212857142857142,0.09613138729693242,0.5599442834259338
B8_SHUFFLED_REGION_SCORE,P1_M,PSP_V0_SHORT,72,0.04285714285714286,0.09237003927048305,0.1,0.1905336476662792,0.42857142857142855,0.11428571428571428,0.2916871231970194,0.43242857142857144,-0.17372562879173847,0.4150053065195539
B8_SHUFFLED_REGION_SCORE,P1_M,PSP_V0_SHORT,73,0.17142857142857143,0.0892404969640226,0.22857142857142856,0.1906837538887059,0.25,0.32857142857142857,0.296357195999252,0.5045714285714287,0.03475900754712703,0.5572867423104835
B8_SHUFFLED_REGION_SCORE,P1_M,PSP_V0_SHORT,74,0.12857142857142856,0.09562546799381291,0.3,0.19095583818053063,0.19047619047619047,0.37142857142857144,0.2979988189797621,0.5221428571428571,0.09851608029795482,0.5707858095344336
B8_SHUFFLED_REGION_SCORE,P1_M,PSP_V0_SHORT,75,0.17142857142857143,0.09883691533435973,0.22857142857142856,0.19963047354526273,0.1875,0.2857142857142857,0.2767035118435594,0.5267142857142857,0.16818778662512301,0.5859011782706824
B8_SHUFFLED_REGION_SCORE,P1_M,PSP_V0_SHORT,76,0.07142857142857142,0.08961292094980006,0.14285714285714285,0.19859428575446986,0.4,0.3142857142857143,0.2894722073174351,0.5017142857142856,-0.08696940670256774,0.4583384742341689
B8_SHUFFLED_REGION_SCORE,P1_M,PSP_V0_SHORT,77,0.07142857142857142,0.09282183667691259,0.21428571428571427,0.19902950151810958,0.26666666666666666,0.2857142857142857,0.29092417051856534,0.49885714285714283,-0.04177922644410776,0.49449868758247434
B8_SHUFFLED_REGION_SCORE,P1_M,PSP_V0_SHORT,78,0.08571428571428572,0.09391227831643353,0.2857142857142857,0.19710403866882298,0.15,0.37142857142857144,0.29159881094694484,0.5411428571428571,0.1748262563306719,0.6196776116647426
B8_SHUFFLED_REGION_SCORE,P1_M,PSP_V0_SHORT,79,0.1,0.09470870145967686,0.17142857142857143,0.18984259046889887,0.16666666666666666,0.32857142857142857,0.28842488157966745,0.5048571428571428,0.09533318444212034,0.5719494733194914
B8_SHUFFLED_REGION_SCORE,P1_M,PSP_V0_SHORT,80,0.08571428571428572,0.09257673953716548,0.15714285714285714,0.196612670325596,0.18181818181818182,0.2857142857142857,0.29407573495075556,0.4552857142857143,-0.008552173444415083,0.5400380142212499
B8_SHUFFLED_REGION_SCORE,P1_M,PSP_V0_SHORT,81,0.07142857142857142,0.09447970460852127,0.15714285714285714,0.19598054939744064,0.18181818181818182,0.18571428571428572,0.29530108061313276,0.4567142857142857,-0.06519978722753782,0.4977818862705879
B8_SHUFFLED_REGION_SCORE,P1_M,PSP_V0_SHORT,82,0.07142857142857142,0.094912181868162,0.3142857142857143,0.1936394867798715,0.18181818181818182,0.4142857142857143,0.2859930656459149,0.5837142857142856,0.20058689007976221,0.5885266851028426
B8_SHUFFLED_REGION_SCORE,P1_M,PSP_V0_SHORT,83,0.02857142857142857,0.09649931012723606,0.1,0.1907790668172752,0.2857142857142857,0.2714285714285714,0.29502595206115356,0.482,-0.06761918470050858,0.4522448209750203
B8_SHUFFLED_REGION_SCORE,P1_M,PSP_V0_SHORT,84,0.05714285714285714,0.09845145683711606,0.12857142857142856,0.19970277919848306,0.2222222222222222,0.14285714285714285,0.294779060484283,0.37414285714285717,-0.324238923631737,0.44209398143231055
B8_SHUFFLED_REGION_SCORE,P1_M,PSP_V0_SHORT,85,0.17142857142857143,0.09136744632235129,0.2571428571428571,0.19396513888604103,0.16666666666666666,0.3,0.27019807112803806,0.5254285714285714,0.18353707878970799,0.6543007801363916
B8_SHUFFLED_REGION_SCORE,P1_M,PSP_V0_SHORT,86,0.12857142857142856,0.09818503554794125,0.2571428571428571,0.1894242215496046,0.16666666666666666,0.2857142857142857,0.2990454926457288,0.46128571428571435,-0.04238407581235045,0.5343976147756311
B8_SHUFFLED_REGION_SCORE,P1_M,PSP_V0_SHORT,87,0.17142857142857143,0.09243477022621942,0.24285714285714285,0.19187169935388756,0.23529411764705882,0.37142857142857144,0.29707733891843563,0.5499999999999999,0.09161980594364677,0.5556952759624051
B8_SHUFFLED_REGION_SCORE,P1_M,PSP_V0_SHORT,88,0.04285714285714286,0.08851416752450832,0.22857142857142856,0.19724717419469767,0.25,0.2571428571428571,0.29750027222786135,0.4651428571428571,-0.08017724576410473,0.48776440512472546
B8_SHUFFLED_REGION_SCORE,P1_M,PSP_V0_SHORT,89,0.07142857142857142,0.09464605986049052,0.18571428571428572,0.19272796485088764,0.15384615384615385,0.3,0.29918912126722164,0.488,0.04974142386540087,0.5346874541762565
B8_SHUFFLED_REGION_SCORE,P1_M,PSP_V0_SHORT,90,0.07142857142857142,0.09503477929378487,0.18571428571428572,0.19880839227987646,0.23076923076923078,0.24285714285714285,0.29454670567998936,0.4544285714285714,-0.10004307706368228,0.4945097936410396
B8_SHUFFLED_REGION_SCORE,P1_M,PSP_V0_SHORT,91,0.07142857142857142,0.09235605531289864,0.12857142857142856,0.1996985439250911,0.3333333333333333,0.24285714285714285,0.29890910316456,0.4614285714285714,-0.08361794626869841,0.49239542083472715
B8_SHUFFLED_REGION_SCORE,P1_M,PSP_V0_SHORT,92,0.07142857142857142,0.09891293314917969,0.12857142857142856,0.19288508423654235,0.3333333333333333,0.24285714285714285,0.2954278431130303,0.4638571428571428,-0.047272448575361045,0.5004323985463248
B8_SHUFFLED_REGION_SCORE,P1_M,PSP_V0_SHORT,93,0.04285714285714286,0.08861355255447739,0.17142857142857143,0.19104783154419394,0.25,0.22857142857142856,0.28640402578802143,0.5004285714285714,-0.02229018655425519,0.48793102667681915
B8_SHUFFLED_REGION_SCORE,P1_M,PSP_V0_SHORT,94,0.08571428571428572,0.09195795090068191,0.14285714285714285,0.1944726342429153,0.2,0.2571428571428571,0.2956165084073599,0.5074285714285715,0.07839740213132503,0.5424281972024718
B8_SHUFFLED_REGION_SCORE,P1_M,PSP_V0_SHORT,95,0.08571428571428572,0.09132021179852924,0.21428571428571427,0.19551095229695387,0.26666666666666666,0.4,0.2985771425857375,0.5047142857142857,0.004923077234958943,0.5262030125854513
B8_SHUFFLED_REGION_SCORE,P1_M,PSP_V0_SHORT,96,0.11428571428571428,0.09569836604347169,0.2571428571428571,0.1983536510828756,0.2222222222222222,0.3142857142857143,0.2962975545993321,0.48128571428571426,-0.0736875095097631,0.5013071616997695
B8_SHUFFLED_REGION_SCORE,P1_M,PSP_V0_SHORT,97,0.05714285714285714,0.09073356534510398,0.12857142857142856,0.19436804230650498,0.2222222222222222,0.17142857142857143,0.27569898481316346,0.4481428571428571,-0.05352916908947805,0.537687775161216
B8_SHUFFLED_REGION_SCORE,P1_M,PSP_V0_SHORT,98,0.1,0.09080493181188902,0.21428571428571427,0.18584300111897653,0.2,0.37142857142857144,0.29653690083471324,0.49685714285714283,-0.0014823767303652807,0.5492873378348805
B8_SHUFFLED_REGION_SCORE,P1_M,PSP_V0_SHORT,99,0.07142857142857142,0.09856587875763702,0.17142857142857143,0.18980175962054527,0.25,0.21428571428571427,0.293623361779528,0.4628571428571428,-0.045720662901099066,0.5072217455387491
B8_SHUFFLED_REGION_SCORE,P1_M,PSP_V1_LONG,0,0.07772020725388601,0.09296616405412562,0.18134715025906736,0.19261572364570914,0.11428571428571428,0.31088082901554404,0.29461679844074873,0.4980569948186528,0.028301371593746863,0.7041491437188862
B8_SHUFFLED_REGION_SCORE,P1_M,PSP_V1_LONG,1,0.09844559585492228,0.09792390358285646,0.19170984455958548,0.19470499381614667,0.13513513513513514,0.31088082901554404,0.29577526586488895,0.49183937823834195,-0.05659840015494654,0.6623668227401774
B8_SHUFFLED_REGION_SCORE,P1_M,PSP_V1_LONG,2,0.10880829015544041,0.09434361560090954,0.23834196891191708,0.1986863323369378,0.10869565217391304,0.31088082901554404,0.2929819399560313,0.5055181347150258,0.025930075822982533,0.7139276478396224
B8_SHUFFLED_REGION_SCORE,P1_M,PSP_V1_LONG,3,0.11398963730569948,0.09372686742581715,0.22797927461139897,0.1973197753600184,0.11363636363636363,0.33678756476683935,0.2973415517776483,0.48733160621761656,-0.05086016840197516,0.7110047972991448
B8_SHUFFLED_REGION_SCORE,P1_M,PSP_V1_LONG,4,0.05181347150259067,0.09959858090968753,0.15025906735751296,0.19874024049281389,0.13793103448275862,0.25906735751295334,0.2972387397805926,0.49069948186528495,0.008033524454159943,0.733208341514209
B8_SHUFFLED_REGION_SCORE,P1_M,PSP_V1_LONG,5,0.07253886010362694,0.09344937873534691,0.18134715025906736,0.19456023188192778,0.14285714285714285,0.27461139896373055,0.29919831957487936,0.48028497409326426,-0.06718237047244231,0.7146323501623609
B8_SHUFFLED_REGION_SCORE,P1_M,PSP_V1_LONG,6,0.09326424870466321,0.0951501154412338,0.19170984455958548,0.19278353231717396,0.10810810810810811,0.2849740932642487,0.29643792090584925,0.500699481865285,0.05991321974658735,0.7212930217407003
B8_SHUFFLED_REGION_SCORE,P1_M,PSP_V1_LONG,7,0.10880829015544041,0.09484941494149325,0.20725388601036268,0.19551775522376344,0.125,0.31088082901554404,0.2970294862231171,0.5128238341968911,0.000567851505544756,0.7083710492507137
B8_SHUFFLED_REGION_SCORE,P1_M,PSP_V1_LONG,8,0.08808290155440414,0.09400920759881415,0.19170984455958548,0.1947887354814064,0.13513513513513514,0.2849740932642487,0.2948692029304267,0.5112694300518135,0.032084152942347115,0.7213237498541824
B8_SHUFFLED_REGION_SCORE,P1_M,PSP_V1_LONG,9,0.09844559585492228,0.09852488864325823,0.17098445595854922,0.19810069208283124,0.15151515151515152,0.26424870466321243,0.2995500720441364,0.4772279792746114,-0.04584070853556329,0.6870064576939773
B8_SHUFFLED_REGION_SCORE,P1_M,PSP_V1_LONG,10,0.09326424870466321,0.09833503126139928,0.18134715025906736,0.19697260673727762,0.11428571428571428,0.3160621761658031,0.29797127228386633,0.49401554404145076,-0.004347375579734613,0.7595319879596799
B8_SHUFFLED_REGION_SCORE,P1_M,PSP_V1_LONG,11,0.09326424870466321,0.09253953703830214,0.17616580310880828,0.19815218323328962,0.11764705882352941,0.2849740932642487,0.295288578762372,0.4673834196891192,-0.07173169706562113,0.7194867894755419
B8_SHUFFLED_REGION_SCORE,P1_M,PSP_V1_LONG,12,0.11398963730569948,0.09700339029921426,0.18134715025906736,0.19968816659911734,0.14285714285714285,0.3471502590673575,0.2983300716664962,0.5061917098445596,-0.0395150816305848,0.7142359023441808
B8_SHUFFLED_REGION_SCORE,P1_M,PSP_V1_LONG,13,0.04145077720207254,0.08349028000470222,0.15025906735751296,0.19298189648182118,0.1724137931034483,0.22797927461139897,0.2922486597868619,0.4369170984455959,-0.20351884819375002,0.654337918842991
B8_SHUFFLED_REGION_SCORE,P1_M,PSP_V1_LONG,14,0.07772020725388601,0.09857449974301775,0.17098445595854922,0.19706452807786978,0.09090909090909091,0.2538860103626943,0.29491689138015126,0.4523575129533679,-0.1444818352635577,0.6716501070508625
B8_SHUFFLED_REGION_SCORE,P1_M,PSP_V1_LONG,15,0.08808290155440414,0.09886388607507464,0.15544041450777202,0.19992957896113225,0.13333333333333333,0.27979274611398963,0.29585100000255327,0.4788860103626943,-0.08353063073819257,0.6818360109375835
B8_SHUFFLED_REGION_SCORE,P1_M,PSP_V1_LONG,16,0.06735751295336788,0.09908185584031513,0.16580310880829016,0.19772082494146548,0.09375,0.2849740932642487,0.2994573655766661,0.5056217616580311,0.09288335132856071,0.7472850172358675
B8_SHUFFLED_REGION_SCORE,P1_M,PSP_V1_LONG,17,0.09844559585492228,0.09714924978767818,0.20207253886010362,0.1960656050701132,0.1282051282051282,0.25906735751295334,0.2771084204613324,0.5110103626943004,0.03254885742489617,0.7181826730915581
B8_SHUFFLED_REGION_SCORE,P1_M,PSP_V1_LONG,18,0.07253886010362694,0.09657270107646306,0.14507772020725387,0.1972990393313224,0.10714285714285714,0.2694300518134715,0.2943788310804341,0.48800518134715015,-0.07882929800586218,0.6667351645204094
B8_SHUFFLED_REGION_SCORE,P1_M,PSP_V1_LONG,19,0.15025906735751296,0.09750121617233005,0.26424870466321243,0.1881519148312326,0.0784313725490196,0.3626943005181347,0.29638994772880284,0.5218911917098445,0.1451734631966973,0.80128904099201
B8_SHUFFLED_REGION_SCORE,P1_M,PSP_V1_LONG,20,0.06735751295336788,0.09088401235040652,0.17616580310880828,0.1935999127309982,0.11764705882352941,0.27979274611398963,0.2947675043410807,0.4526683937823834,-0.16201574341469013,0.6791562466132983
B8_SHUFFLED_REGION_SCORE,P1_M,PSP_V1_LONG,21,0.06217616580310881,0.0947615215897469,0.16580310880829016,0.19425942491124729,0.125,0.22797927461139897,0.29763370820769025,0.46225388601036266,-0.12425741844944266,0.6816553783661877
B8_SHUFFLED_REGION_SCORE,P1_M,PSP_V1_LONG,22,0.13989637305699482,0.09332475209698458,0.24352331606217617,0.19676311883348852,0.10638297872340426,0.34196891191709844,0.2947941048074583,0.5103367875647667,0.01305949886939259,0.734820638883785
B8_SHUFFLED_REGION_SCORE,P1_M,PSP_V1_LONG,23,0.09844559585492228,0.09493715294024653,0.21761658031088082,0.19639577478802508,0.09523809523809523,0.3160621761658031,0.2940879847274544,0.5061917098445596,0.04478209435218636,0.7560156495328975
B8_SHUFFLED_REGION_SCORE,P1_M,PSP_V1_LONG,24,0.09844559585492228,0.09560432270171762,0.17098445595854922,0.19136665506067382,0.09090909090909091,0.30569948186528495,0.27962857120177725,0.5200777202072537,0.08786714873655921,0.7447002091653456
B8_SHUFFLED_REGION_SCORE,P1_M,PSP_V1_LONG,25,0.11917098445595854,0.0954084497520466,0.20207253886010362,0.19882673011020627,0.10256410256410256,0.29533678756476683,0.29501185592834256,0.4787305699481865,-0.054171730719205564,0.6963528727669734
B8_SHUFFLED_REGION_SCORE,P1_M,PSP_V1_LONG,26,0.07253886010362694,0.09629564581288132,0.13989637305699482,0.19793803564552823,0.1111111111111111,0.22797927461139897,0.2957155512373744,0.4754663212435233,-0.060528844610151164,0.7077844199562726
B8_SHUFFLED_REGION_SCORE,P1_M,PSP_V1_LONG,27,0.09844559585492228,0.09754587735817977,0.20725388601036268,0.19403332616114427,0.125,0.25906735751295334,0.2949835358478121,0.47344559585492224,-0.07414099437117336,0.7180751944990441
B8_SHUFFLED_REGION_SCORE,P1_M,PSP_V1_LONG,28,0.08808290155440414,0.09938601865871649,0.21243523316062177,0.19714277712367112,0.12195121951219512,0.3005181347150259,0.29808567201596525,0.500699481865285,-0.00415193911511118,0.6906316952810697
B8_SHUFFLED_REGION_SCORE,P1_M,PSP_V1_LONG,29,0.09326424870466321,0.09648907682935062,0.14507772020725387,0.1945982629541744,0.14285714285714285,0.26424870466321243,0.2956338298734314,0.48137305699481864,-0.07308346594593321,0.6608738029833492
B8_SHUFFLED_REGION_SCORE,P1_M,PSP_V1_LONG,30,0.031088082901554404,0.0933711300924905,0.12953367875647667,0.1973272176558329,0.16,0.24352331606217617,0.29493056053197175,0.45613989637305696,-0.12754292257138997,0.6574371357556958
B8_SHUFFLED_REGION_SCORE,P1_M,PSP_V1_LONG,31,0.07253886010362694,0.09770148359085597,0.16062176165803108,0.1915061945387152,0.12903225806451613,0.22797927461139897,0.29848588168292034,0.44655440414507774,-0.1480811234870393,0.6873490433043774
B8_SHUFFLED_REGION_SCORE,P1_M,PSP_V1_LONG,32,0.07253886010362694,0.0986239538651103,0.19689119170984457,0.19914605137126934,0.10526315789473684,0.2849740932642487,0.2959968771045452,0.4889378238341968,0.005437476749078659,0.7457756304954213
B8_SHUFFLED_REGION_SCORE,P1_M,PSP_V1_LONG,33,0.09326424870466321,0.09830432055061329,0.19170984455958548,0.19878858429859014,0.08108108108108109,0.27979274611398963,0.2936837830788108,0.49095854922279786,-0.041538934797574145,0.6695218569647171
B8_SHUFFLED_REGION_SCORE,P1_M,PSP_V1_LONG,34,0.10362694300518134,0.09505760017918298,0.18652849740932642,0.1981845854165558,0.1111111111111111,0.24352331606217617,0.2938018537325396,0.49531088082901553,-0.04921307330845433,0.6924131204385936
B8_SHUFFLED_REGION_SCORE,P1_M,PSP_V1_LONG,35,0.10880829015544041,0.09959421327696376,0.20207253886010362,0.19755054899317578,0.10256410256410256,0.32642487046632124,0.2967823282276983,0.5021502590673574,-0.024964836839370126,0.6707042064510427
B8_SHUFFLED_REGION_SCORE,P1_M,PSP_V1_LONG,36,0.10362694300518134,0.09769351973926543,0.17616580310880828,0.19274790212610146,0.11764705882352941,0.25906735751295334,0.29366819940999545,0.4784715025906735,-0.0036470615815006415,0.7567813585305508
B8_SHUFFLED_REGION_SCORE,P1_M,PSP_V1_LONG,37,0.11398963730569948,0.09363491050035394,0.22797927461139897,0.19715115650494897,0.09090909090909091,0.30569948186528495,0.29949391175500634,0.5028238341968913,0.03963885805817965,0.7448009297986272
B8_SHUFFLED_REGION_SCORE,P1_M,PSP_V1_LONG,38,0.07253886010362694,0.09987083737337206,0.14507772020725387,0.19389715861960818,0.14285714285714285,0.2538860103626943,0.2989447785162182,0.48857512953367876,-0.07436900357990069,0.6902525071829949
B8_SHUFFLED_REGION_SCORE,P1_M,PSP_V1_LONG,39,0.13471502590673576,0.0936167288941848,0.22279792746113988,0.19762944019132994,0.11627906976744186,0.33678756476683935,0.296683837060509,0.5055181347150259,0.017867235899129075,0.7235210162234982
B8_SHUFFLED_REGION_SCORE,P1_M,PSP_V1_LONG,40,0.09844559585492228,0.0968748032249147,0.20207253886010362,0.1996063907312337,0.1282051282051282,0.25906735751295334,0.298698983925203,0.47474093264248707,-0.1156777576524739,0.6700674729315538
B8_SHUFFLED_REGION_SCORE,P1_M,PSP_V1_LONG,41,0.09326424870466321,0.08180256045675649,0.18652849740932642,0.19623067821626644,0.1111111111111111,0.32642487046632124,0.2974866357486643,0.5233937823834196,0.15029281281169452,0.7485330091174136
B8_SHUFFLED_REGION_SCORE,P1_M,PSP_V1_LONG,42,0.11398963730569948,0.09955943960816073,0.20207253886010362,0.19091015010192536,0.10256410256410256,0.29533678756476683,0.2971628428435133,0.5158808290155439,0.12327263581936791,0.7857132986679127
B8_SHUFFLED_REGION_SCORE,P1_M,PSP_V1_LONG,43,0.11917098445595854,0.09751270022158853,0.21761658031088082,0.1945988338981024,0.11904761904761904,0.32124352331606215,0.29939996975850597,0.49261658031088074,-0.015862926378602073,0.708851103492972
B8_SHUFFLED_REGION_SCORE,P1_M,PSP_V1_LONG,44,0.11917098445595854,0.09996543870701984,0.19689119170984457,0.19537502452839792,0.10526315789473684,0.30569948186528495,0.29776745574912206,0.4837046632124352,0.0074689302230255775,0.7182957266299003
B8_SHUFFLED_REGION_SCORE,P1_M,PSP_V1_LONG,45,0.08808290155440414,0.09490630786183846,0.19689119170984457,0.19664294599681345,0.10526315789473684,0.3160621761658031,0.2983516402148392,0.5130310880829015,0.01366752342599883,0.6824086157849026
B8_SHUFFLED_REGION_SCORE,P1_M,PSP_V1_LONG,46,0.08290155440414508,0.09497692245867932,0.15025906735751296,0.1981492884641489,0.1724137931034483,0.22797927461139897,0.29641417129406405,0.4782642487046632,-0.06961772597327766,0.7156459093847561
B8_SHUFFLED_REGION_SCORE,P1_M,PSP_V1_LONG,47,0.11398963730569948,0.09598256836052262,0.18652849740932642,0.19753531113168374,0.1388888888888889,0.2849740932642487,0.293193638625138,0.4918911917098446,-0.01476631066043725,0.6927220439938054
B8_SHUFFLED_REGION_SCORE,P1_M,PSP_V1_LONG,48,0.10880829015544041,0.09708173903681033,0.20725388601036268,0.19983214692013762,0.075,0.30569948186528495,0.29229093462011924,0.5132901554404145,0.08038953244843927,0.7434212860545445
B8_SHUFFLED_REGION_SCORE,P1_M,PSP_V1_LONG,49,0.05181347150259067,0.09688979349126445,0.17098445595854922,0.19278101713181084,0.12121212121212122,0.24870466321243523,0.2964092585574636,0.47075129533678756,-0.03342289272501764,0.6735784079441985
B8_SHUFFLED_REGION_SCORE,P1_M,PSP_V1_LONG,50,0.08808290155440414,0.09594745386157182,0.20207253886010362,0.1965954948461828,0.10256410256410256,0.25906735751295334,0.2994964432902622,0.5068652849740932,0.0029586909227714343,0.7376474910350389
B8_SHUFFLED_REGION_SCORE,P1_M,PSP_V1_LONG,51,0.09326424870466321,0.0953937173317577,0.19170984455958548,0.1981704962414063,0.10810810810810811,0.30569948186528495,0.29881656707361254,0.5246373056994817,0.09328616759731233,0.7115570883139011
B8_SHUFFLED_REGION_SCORE,P1_M,PSP_V1_LONG,52,0.09326424870466321,0.09727310458022659,0.21761658031088082,0.19947367660811122,0.11904761904761904,0.29533678756476683,0.29681981932475104,0.49463730569948183,0.004518925365348517,0.7044101072404352
B8_SHUFFLED_REGION_SCORE,P1_M,PSP_V1_LONG,53,0.08808290155440414,0.09572151133482289,0.18652849740932642,0.19504910140178186,0.1111111111111111,0.2849740932642487,0.2976906270261108,0.4986269430051814,0.03535337069224245,0.6875765039231267
B8_SHUFFLED_REGION_SCORE,P1_M,PSP_V1_LONG,54,0.07772020725388601,0.09557157046892412,0.12953367875647667,0.1977433540653484,0.12,0.21243523316062177,0.29903336501380184,0.4502331606217616,-0.10829677383852887,0.7289538425374252
B8_SHUFFLED_REGION_SCORE,P1_M,PSP_V1_LONG,55,0.09326424870466321,0.09862990001357297,0.20207253886010362,0.1988471598201803,0.07692307692307693,0.32124352331606215,0.2987830941399969,0.4894559585492227,0.007815287068663775,0.7366171776721844
B8_SHUFFLED_REGION_SCORE,P1_M,PSP_V1_LONG,56,0.10880829015544041,0.0980259298792404,0.21243523316062177,0.19425448503550113,0.12195121951219512,0.30569948186528495,0.2932490597392276,0.5001295336787565,-0.01764031244853853,0.7046222079160661
B8_SHUFFLED_REGION_SCORE,P1_M,PSP_V1_LONG,57,0.07253886010362694,0.09771008507214565,0.21243523316062177,0.18680835858492087,0.12195121951219512,0.2694300518134715,0.29685938337673795,0.48044041450777203,-0.03786798653706397,0.6921135792832798
B8_SHUFFLED_REGION_SCORE,P1_M,PSP_V1_LONG,58,0.09326424870466321,0.0960886297923833,0.18134715025906736,0.1984956564514677,0.08571428571428572,0.29015544041450775,0.29556007639052795,0.5126683937823834,0.08436340722911576,0.7589700380862809
B8_SHUFFLED_REGION_SCORE,P1_M,PSP_V1_LONG,59,0.10362694300518134,0.09393009357534732,0.23316062176165803,0.1991731733740817,0.08888888888888889,0.37305699481865284,0.2966251842927674,0.5444818652849741,0.17974508803044606,0.7488065210641012
B8_SHUFFLED_REGION_SCORE,P1_M,PSP_V1_LONG,60,0.11917098445595854,0.09669440444942048,0.22797927461139897,0.19628514835135216,0.09090909090909091,0.36787564766839376,0.2976115507505233,0.533860103626943,0.13745806587661885,0.7413280316910582
B8_SHUFFLED_REGION_SCORE,P1_M,PSP_V1_LONG,61,0.09844559585492228,0.09963853918685836,0.20207253886010362,0.19993752592449565,0.1282051282051282,0.29015544041450775,0.2968708627969653,0.4766580310880829,-0.0445910009201101,0.6956861624352081
B8_SHUFFLED_REGION_SCORE,P1_M,PSP_V1_LONG,62,0.07253886010362694,0.09438058576755672,0.16062176165803108,0.19417548984854768,0.0967741935483871,0.24352331606217617,0.29732115770089873,0.46981865284974095,-0.07515400671280482,0.6582477736707247
B8_SHUFFLED_REGION_SCORE,P1_M,PSP_V1_LONG,63,0.11917098445595854,0.09543407547856478,0.21761658031088082,0.19544477009555924,0.09523809523809523,0.3626943005181347,0.29578357838954705,0.5139119170984455,0.032042894133148835,0.7837953030060674
B8_SHUFFLED_REGION_SCORE,P1_M,PSP_V1_LONG,64,0.06735751295336788,0.09403908157353763,0.17098445595854922,0.19623463898745386,0.15151515151515152,0.3005181347150259,0.2941831074073469,0.4999740932642487,-0.020306934432511612,0.707782366691412
B8_SHUFFLED_REGION_SCORE,P1_M,PSP_V1_LONG,65,0.08808290155440414,0.098639445565779,0.19689119170984457,0.19936835072478679,0.10526315789473684,0.23834196891191708,0.29793873306709456,0.4997150259067357,0.01916688838887491,0.7383898598562393
B8_SHUFFLED_REGION_SCORE,P1_M,PSP_V1_LONG,66,0.07772020725388601,0.09349832076925706,0.20207253886010362,0.19527695833270106,0.1282051282051282,0.2849740932642487,0.29173517722164205,0.48743523316062165,-0.02951524919068575,0.6920734849382508
B8_SHUFFLED_REGION_SCORE,P1_M,PSP_V1_LONG,67,0.12953367875647667,0.0981393941666676,0.24870466321243523,0.19561501727358224,0.10416666666666667,0.3626943005181347,0.2964664096752376,0.5170725388601036,0.04568978815454853,0.6970971408891217
B8_SHUFFLED_REGION_SCORE,P1_M,PSP_V1_LONG,68,0.12435233160621761,0.09701122026349306,0.21243523316062177,0.19396210487432639,0.0975609756097561,0.3160621761658031,0.29898834959424486,0.5074870466321243,0.05312940290788059,0.7747369664068124
B8_SHUFFLED_REGION_SCORE,P1_M,PSP_V1_LONG,69,0.07253886010362694,0.0963607971762303,0.15025906735751296,0.195024516298228,0.10344827586206896,0.27461139896373055,0.2978918251990296,0.5033419689119171,0.08562505818407372,0.711547310533886
B8_SHUFFLED_REGION_SCORE,P1_M,PSP_V1_LONG,70,0.07772020725388601,0.08108608084681264,0.16580310880829016,0.19260265200316878,0.125,0.26424870466321243,0.2943476521508841,0.486139896373057,-0.026079910445860496,0.6852187104896136
B8_SHUFFLED_REGION_SCORE,P1_M,PSP_V1_LONG,71,0.13471502590673576,0.09939071419189169,0.25906735751295334,0.1994139315082907,0.08,0.3316062176165803,0.29939072755612384,0.5090932642487047,0.006606838262408873,0.7276240862748794
B8_SHUFFLED_REGION_SCORE,P1_M,PSP_V1_LONG,72,0.03626943005181347,0.09548073493592693,0.15025906735751296,0.19933648030953255,0.13793103448275862,0.21243523316062177,0.295568277873239,0.46064766839378235,-0.13479470116705616,0.6216034417423711
B8_SHUFFLED_REGION_SCORE,P1_M,PSP_V1_LONG,73,0.07253886010362694,0.09293337786758207,0.20725388601036268,0.1926905471633319,0.1,0.3160621761658031,0.2935482523481898,0.4852072538860104,-0.020313448981332395,0.6946083065771851
B8_SHUFFLED_REGION_SCORE,P1_M,PSP_V1_LONG,74,0.13471502590673576,0.09896108635505024,0.19170984455958548,0.19926665166157753,0.13513513513513514,0.31088082901554404,0.2973292732499661,0.5074352331606218,0.0522618821565799,0.7182159087676938
B8_SHUFFLED_REGION_SCORE,P1_M,PSP_V1_LONG,75,0.09326424870466321,0.09525949785479804,0.17098445595854922,0.19540688340653345,0.12121212121212122,0.29533678756476683,0.2930734570912999,0.496139896373057,-0.016779306246058622,0.7090121370873458
B8_SHUFFLED_REGION_SCORE,P1_M,PSP_V1_LONG,76,0.06217616580310881,0.09826260677785115,0.11917098445595854,0.19621019426668374,0.13043478260869565,0.25906735751295334,0.2934431268251933,0.4711139896373057,-0.08181078984950636,0.6867616824384092
B8_SHUFFLED_REGION_SCORE,P1_M,PSP_V1_LONG,77,0.09326424870466321,0.09659189372621646,0.23834196891191708,0.19982169755927082,0.08695652173913043,0.3471502590673575,0.299441244279408,0.5246891191709844,0.03748688543104827,0.7318238080492168
B8_SHUFFLED_REGION_SCORE,P1_M,PSP_V1_LONG,78,0.11917098445595854,0.08750541561700811,0.20207253886010362,0.1933229665107567,0.10256410256410256,0.30569948186528495,0.29289150247780643,0.49240932642487056,-0.003514599088811425,0.7492515538334416
B8_SHUFFLED_REGION_SCORE,P1_M,PSP_V1_LONG,79,0.06735751295336788,0.09780918481509421,0.13989637305699482,0.1994688824598101,0.14814814814814814,0.27461139896373055,0.29936195120656367,0.48976683937823834,-0.021094109081689332,0.6750345051370477
B8_SHUFFLED_REGION_SCORE,P1_M,PSP_V1_LONG,80,0.12953367875647667,0.09607008997141112,0.20725388601036268,0.19777807090602462,0.1,0.31088082901554404,0.2982097505622114,0.5134455958549223,0.07199336477658917,0.7251398836803746
B8_SHUFFLED_REGION_SCORE,P1_M,PSP_V1_LONG,81,0.09326424870466321,0.09151936902117831,0.19170984455958548,0.19165389135604669,0.13513513513513514,0.27461139896373055,0.2962717195622963,0.46816062176165807,-0.034418532936460355,0.7585787482962106
B8_SHUFFLED_REGION_SCORE,P1_M,PSP_V1_LONG,82,0.08808290155440414,0.0918572668388953,0.16062176165803108,0.19283397524029164,0.16129032258064516,0.31088082901554404,0.2957062664678918,0.4953108808290156,0.031839857361567823,0.6981869879284706
B8_SHUFFLED_REGION_SCORE,P1_M,PSP_V1_LONG,83,0.04145077720207254,0.09333758609873374,0.17098445595854922,0.1951521842229481,0.12121212121212122,0.27461139896373055,0.2952913697554684,0.47546632124352334,-0.15322110250663562,0.6273587680839153
B8_SHUFFLED_REGION_SCORE,P1_M,PSP_V1_LONG,84,0.06735751295336788,0.09095141643369732,0.18134715025906736,0.1946539983104947,0.14285714285714285,0.27979274611398963,0.2930422018536543,0.4925647668393782,-0.03956611226301425,0.65011919299849
B8_SHUFFLED_REGION_SCORE,P1_M,PSP_V1_LONG,85,0.11917098445595854,0.09874119985178254,0.20725388601036268,0.1971830202990124,0.1,0.27979274611398963,0.2979584873769252,0.49613989637305705,0.007434185962648077,0.718483407631801
B8_SHUFFLED_REGION_SCORE,P1_M,PSP_V1_LONG,86,0.09844559585492228,0.09340696506016719,0.22279792746113988,0.1971442484721813,0.11627906976744186,0.27461139896373055,0.2880709416083378,0.47411917098445594,-0.051068633964240155,0.7487959118596691
B8_SHUFFLED_REGION_SCORE,P1_M,PSP_V1_LONG,87,0.06735751295336788,0.09663319515739144,0.19689119170984457,0.19558073290884453,0.10526315789473684,0.3160621761658031,0.29387240554411603,0.48018134715025906,-0.05769935890565856,0.6914693765312319
B8_SHUFFLED_REGION_SCORE,P1_M,PSP_V1_LONG,88,0.13471502590673576,0.09698485271861577,0.21243523316062177,0.1949071205707794,0.0975609756097561,0.31088082901554404,0.291003885450223,0.5160880829015543,0.07137231112234138,0.7376011051844967
B8_SHUFFLED_REGION_SCORE,P1_M,PSP_V1_LONG,89,0.07772020725388601,0.09619980613281275,0.15544041450777202,0.19549711154037056,0.16666666666666666,0.24870466321243523,0.2978150767361977,0.48354922279792745,-0.07848402691836079,0.6849215947996327
B8_SHUFFLED_REGION_SCORE,P1_M,PSP_V1_LONG,90,0.12435233160621761,0.09679821761629832,0.24870466321243523,0.19391138878034697,0.08333333333333333,0.35233160621761656,0.2935631490636253,0.5345854922279792,0.12366893753929879,0.7120883222735441
B8_SHUFFLED_REGION_SCORE,P1_M,PSP_V1_LONG,91,0.05181347150259067,0.09792849615877136,0.13989637305699482,0.1963503391871847,0.1111111111111111,0.22797927461139897,0.29554604978144083,0.43940414507772024,-0.17371478733867632,0.6540880562831903
B8_SHUFFLED_REGION_SCORE,P1_M,PSP_V1_LONG,92,0.10880829015544041,0.09390887884487252,0.20207253886010362,0.19895236269248204,0.10256410256410256,0.27461139896373055,0.2996439111768597,0.4873834196891192,-0.03928924393813106,0.7194006130766969
B8_SHUFFLED_REGION_SCORE,P1_M,PSP_V1_LONG,93,0.13989637305699482,0.09811718110632642,0.19170984455958548,0.19336179822164884,0.13513513513513514,0.30569948186528495,0.29759111293329765,0.4957772020725388,-0.01304321249734064,0.7159627969084169
B8_SHUFFLED_REGION_SCORE,P1_M,PSP_V1_LONG,94,0.06735751295336788,0.09525264610537564,0.17616580310880828,0.19308524224871912,0.14705882352941177,0.25906735751295334,0.29572894737628763,0.47230569948186524,-0.07069588380311694,0.6867940303715911
B8_SHUFFLED_REGION_SCORE,P1_M,PSP_V1_LONG,95,0.07253886010362694,0.09665135420831619,0.15025906735751296,0.19419076512266892,0.1724137931034483,0.23834196891191708,0.29901211391835464,0.44437823834196893,-0.14530158265683935,0.664459493579294
B8_SHUFFLED_REGION_SCORE,P1_M,PSP_V1_LONG,96,0.07772020725388601,0.09555415713041808,0.19170984455958548,0.19869388281862577,0.10810810810810811,0.23316062176165803,0.2935290914633897,0.4817875647668393,-0.06450163363269086,0.7039394713083281
B8_SHUFFLED_REGION_SCORE,P1_M,PSP_V1_LONG,97,0.06217616580310881,0.09351830037364679,0.19170984455958548,0.19634818810929103,0.10810810810810811,0.2849740932642487,0.2951877231112166,0.5022538860103627,0.008461313160057904,0.681026146725373
B8_SHUFFLED_REGION_SCORE,P1_M,PSP_V1_LONG,98,0.09844559585492228,0.09674729767732336,0.26424870466321243,0.19277450324041454,0.09803921568627451,0.3626943005181347,0.2960015503177958,0.5376943005181347,0.13329635493827652,0.7919643610811392
B8_SHUFFLED_REGION_SCORE,P1_M,PSP_V1_LONG,99,0.13989637305699482,0.09681983749982306,0.2694300518134715,0.1985657576094548,0.09615384615384616,0.33678756476683935,0.292290542035727,0.523860103626943,0.09711455078765806,0.7441265388663314
B8_SHUFFLED_REGION_SCORE,P2,PSP_V0_SHORT,0,0.11428571428571428,0.09579823667724081,0.18571428571428572,0.191114622549388,0.3076923076923077,0.3,0.2933681014849379,0.4848571428571429,-0.06036178446642798,0.5023362051406935
B8_SHUFFLED_REGION_SCORE,P2,PSP_V0_SHORT,1,0.17142857142857143,0.09047809764647596,0.2,0.19304259714803262,0.2857142857142857,0.3142857142857143,0.29830538669668,0.5412857142857143,0.14962956154346377,0.5664375862692634
B8_SHUFFLED_REGION_SCORE,P2,PSP_V0_SHORT,2,0.12857142857142856,0.09189597477250107,0.17142857142857143,0.19142950850227772,0.25,0.2571428571428571,0.2989601471262507,0.4775714285714286,-0.05712244807124574,0.5378400564940705
B8_SHUFFLED_REGION_SCORE,P2,PSP_V0_SHORT,3,0.05714285714285714,0.09289938483249023,0.18571428571428572,0.19999724597639676,0.3076923076923077,0.2571428571428571,0.29841870425378303,0.447,-0.15331536084150418,0.4620573967199608
B8_SHUFFLED_REGION_SCORE,P2,PSP_V0_SHORT,4,0.11428571428571428,0.09417842855534878,0.32857142857142857,0.18876638493651912,0.17391304347826086,0.38571428571428573,0.2698358996169836,0.5141428571428572,-0.00021331005358780434,0.5083937654145572
B8_SHUFFLED_REGION_SCORE,P2,PSP_V0_SHORT,5,0.1,0.09370929379588244,0.21428571428571427,0.19328256225550675,0.26666666666666666,0.2857142857142857,0.2924100607061426,0.4680000000000001,-0.05034613334564246,0.5624919450966792
B8_SHUFFLED_REGION_SCORE,P2,PSP_V0_SHORT,6,0.15714285714285714,0.09814007786194823,0.22857142857142856,0.18934806884293842,0.25,0.34285714285714286,0.285279455909913,0.5054285714285714,0.0410795477618746,0.5302791471154022
B8_SHUFFLED_REGION_SCORE,P2,PSP_V0_SHORT,7,0.05714285714285714,0.0934781350906558,0.15714285714285714,0.19116036309613305,0.36363636363636365,0.21428571428571427,0.29705003617596887,0.465,-0.16667948373372615,0.4366936541254415
B8_SHUFFLED_REGION_SCORE,P2,PSP_V0_SHORT,8,0.1,0.08991479020629738,0.17142857142857143,0.19273920863690783,0.25,0.2857142857142857,0.2972982559954486,0.47771428571428576,0.02528964309745643,0.5462810149497402
B8_SHUFFLED_REGION_SCORE,P2,PSP_V0_SHORT,9,0.14285714285714285,0.09406766119940871,0.15714285714285714,0.19469596014481244,0.18181818181818182,0.2857142857142857,0.2986052220566196,0.48371428571428565,-0.007416244886366685,0.5937109708247688
B8_SHUFFLED_REGION_SCORE,P2,PSP_V0_SHORT,10,0.1,0.0876167484148118,0.21428571428571427,0.190929989613635,0.2,0.3,0.2927745695030434,0.4874285714285714,-0.046134499962013485,0.4745443990838177
B8_SHUFFLED_REGION_SCORE,P2,PSP_V0_SHORT,11,0.15714285714285714,0.09579101717115276,0.2714285714285714,0.1878064243304528,0.15789473684210525,0.42857142857142855,0.29309815014598023,0.5391428571428571,0.21525464756469778,0.640494328241125
B8_SHUFFLED_REGION_SCORE,P2,PSP_V0_SHORT,12,0.05714285714285714,0.09764378783928922,0.15714285714285714,0.18968035140366848,0.2727272727272727,0.21428571428571427,0.2933362649602307,0.44942857142857146,-0.1465787317072661,0.4684494959686415
B8_SHUFFLED_REGION_SCORE,P2,PSP_V0_SHORT,13,0.07142857142857142,0.08783316422466138,0.18571428571428572,0.19387628277496793,0.23076923076923078,0.3,0.29378451038423775,0.49542857142857144,-0.05954822984344194,0.4553115814427945
B8_SHUFFLED_REGION_SCORE,P2,PSP_V0_SHORT,14,0.1,0.09287899114045398,0.24285714285714285,0.19755352415987082,0.23529411764705882,0.3142857142857143,0.2924009150546185,0.5167142857142858,0.06331836102313335,0.57875202155758
B8_SHUFFLED_REGION_SCORE,P2,PSP_V0_SHORT,15,0.05714285714285714,0.09860416824634659,0.12857142857142856,0.1969376104938835,0.2222222222222222,0.15714285714285714,0.2911224593710118,0.3939999999999999,-0.1660097893794389,0.4708924240336819
B8_SHUFFLED_REGION_SCORE,P2,PSP_V0_SHORT,16,0.1,0.09232299537235189,0.18571428571428572,0.19569092502848234,0.3076923076923077,0.3142857142857143,0.29231721863490634,0.4731428571428572,-0.1498478322959722,0.4697030555529857
B8_SHUFFLED_REGION_SCORE,P2,PSP_V0_SHORT,17,0.04285714285714286,0.09598566448656616,0.17142857142857143,0.19162078805477048,0.25,0.21428571428571427,0.2926858009513709,0.4564285714285714,-0.20052137177037738,0.4321453223883781
B8_SHUFFLED_REGION_SCORE,P2,PSP_V0_SHORT,18,0.014285714285714285,0.0911797374671554,0.1,0.191359909806243,0.2857142857142857,0.15714285714285714,0.2913771672124857,0.42299999999999993,-0.2077292673020769,0.41104242068177826
B8_SHUFFLED_REGION_SCORE,P2,PSP_V0_SHORT,19,0.1,0.08550091546692622,0.2,0.19741326429401346,0.21428571428571427,0.24285714285714285,0.2930935045488448,0.4577142857142857,-0.05143748710818473,0.5296849579250354
B8_SHUFFLED_REGION_SCORE,P2,PSP_V0_SHORT,20,0.05714285714285714,0.09511642228050787,0.14285714285714285,0.1928709012274169,0.3,0.2714285714285714,0.2978630073221742,0.4487142857142857,-0.08612765466026648,0.4819160796559994
B8_SHUFFLED_REGION_SCORE,P2,PSP_V0_SHORT,21,0.15714285714285714,0.09452611788335924,0.2857142857142857,0.19451407905847057,0.2,0.37142857142857144,0.2936570542114323,0.5489999999999999,0.1602256144379649,0.5949818906475097
B8_SHUFFLED_REGION_SCORE,P2,PSP_V0_SHORT,22,0.12857142857142856,0.09245167299023793,0.18571428571428572,0.19676307125227951,0.23076923076923078,0.2857142857142857,0.2940911390528657,0.44628571428571423,-0.12624482683153565,0.511795869162541
B8_SHUFFLED_REGION_SCORE,P2,PSP_V0_SHORT,23,0.05714285714285714,0.09979267844887874,0.18571428571428572,0.19593468861484065,0.15384615384615385,0.38571428571428573,0.2901682730885781,0.526,0.021450062132875952,0.4991979016335556
B8_SHUFFLED_REGION_SCORE,P2,PSP_V0_SHORT,24,0.12857142857142856,0.09863351785912647,0.24285714285714285,0.19355313528332452,0.23529411764705882,0.37142857142857144,0.29754803091976345,0.49599999999999994,-0.009673362895260895,0.5383182683520056
B8_SHUFFLED_REGION_SCORE,P2,PSP_V0_SHORT,25,0.08571428571428572,0.09388522392382206,0.22857142857142856,0.19956205962254397,0.1875,0.3,0.2949511483365223,0.4660000000000001,-0.1274304338735702,0.43239695919316373
B8_SHUFFLED_REGION_SCORE,P2,PSP_V0_SHORT,26,0.08571428571428572,0.09365416608917662,0.18571428571428572,0.19316989507818833,0.23076923076923078,0.2571428571428571,0.2895012093137709,0.454,-0.09626236255514752,0.4858806137738903
B8_SHUFFLED_REGION_SCORE,P2,PSP_V0_SHORT,27,0.18571428571428572,0.09820727462341966,0.32857142857142857,0.19447238437709158,0.17391304347826086,0.42857142857142855,0.2943612685572321,0.5475714285714285,0.1178215600642777,0.589923042074495
B8_SHUFFLED_REGION_SCORE,P2,PSP_V0_SHORT,28,0.1,0.09788966800116562,0.2,0.18977348548465,0.21428571428571427,0.34285714285714286,0.2992963391200811,0.48628571428571427,-0.062107950486495596,0.486193683061496
B8_SHUFFLED_REGION_SCORE,P2,PSP_V0_SHORT,29,0.12857142857142856,0.09741479857286583,0.2571428571428571,0.19403183912873997,0.2222222222222222,0.32857142857142857,0.29248360598628387,0.48928571428571427,0.0598210682840775,0.5876781022031266
B8_SHUFFLED_REGION_SCORE,P2,PSP_V0_SHORT,30,0.15714285714285714,0.09716181870063648,0.3142857142857143,0.19894155336452277,0.18181818181818182,0.42857142857142855,0.29448724732591836,0.5465714285714286,0.12905258242062162,0.5870055275133989
B8_SHUFFLED_REGION_SCORE,P2,PSP_V0_SHORT,31,0.08571428571428572,0.09829265927933363,0.17142857142857143,0.19380441755946975,0.16666666666666666,0.3,0.2954037002550948,0.49085714285714277,0.10245827550703512,0.5752955206614021
B8_SHUFFLED_REGION_SCORE,P2,PSP_V0_SHORT,32,0.08571428571428572,0.098452812689911,0.18571428571428572,0.19007153136125965,0.3076923076923077,0.22857142857142856,0.2904726249584989,0.4601428571428571,-0.08023930504145894,0.5126536643177138
B8_SHUFFLED_REGION_SCORE,P2,PSP_V0_SHORT,33,0.14285714285714285,0.0898016143677886,0.21428571428571427,0.19076017336668855,0.26666666666666666,0.3142857142857143,0.29961665000011894,0.5064285714285713,0.05288601119301353,0.5587564508126863
B8_SHUFFLED_REGION_SCORE,P2,PSP_V0_SHORT,34,0.08571428571428572,0.09143655081757808,0.2571428571428571,0.1976904511496416,0.2222222222222222,0.35714285714285715,0.2983095551989993,0.5154285714285715,0.012391825903775237,0.5359064458965155
B8_SHUFFLED_REGION_SCORE,P2,PSP_V0_SHORT,35,0.12857142857142856,0.09849682659266133,0.18571428571428572,0.19209668654198053,0.23076923076923078,0.32857142857142857,0.29724635726231136,0.48571428571428565,-0.007738690316208715,0.5348059421712785
B8_SHUFFLED_REGION_SCORE,P2,PSP_V0_SHORT,36,0.05714285714285714,0.09025277528755038,0.17142857142857143,0.19424961219976802,0.25,0.2857142857142857,0.29785206576157014,0.4664285714285714,-0.0967286682536883,0.46324351400154834
B8_SHUFFLED_REGION_SCORE,P2,PSP_V0_SHORT,37,0.14285714285714285,0.09755029884565435,0.24285714285714285,0.19500701434575674,0.23529411764705882,0.3,0.2918708150342608,0.5244285714285715,0.07954480719256844,0.5420062404483643
B8_SHUFFLED_REGION_SCORE,P2,PSP_V0_SHORT,38,0.0,0.09362752246042846,0.2714285714285714,0.1979576910421911,0.21052631578947367,0.34285714285714286,0.2964690114810726,0.4974285714285714,-0.02850913669695608,0.44952140481868197
B8_SHUFFLED_REGION_SCORE,P2,PSP_V0_SHORT,39,0.11428571428571428,0.0967282019462327,0.21428571428571427,0.19834223312186677,0.2,0.4142857142857143,0.28805398893714296,0.5602857142857142,0.1719923922777387,0.5897124175615795
B8_SHUFFLED_REGION_SCORE,P2,PSP_V0_SHORT,40,0.05714285714285714,0.097323140575644,0.2,0.19402598304550842,0.2857142857142857,0.4,0.29638307889549653,0.564857142857143,0.16810320432395173,0.562777622904292
B8_SHUFFLED_REGION_SCORE,P2,PSP_V0_SHORT,41,0.12857142857142856,0.09329728062789434,0.21428571428571427,0.19589073977158575,0.26666666666666666,0.37142857142857144,0.2920089069870637,0.5437142857142857,0.14565604170802585,0.5655797723692578
B8_SHUFFLED_REGION_SCORE,P2,PSP_V0_SHORT,42,0.05714285714285714,0.09979329731119128,0.14285714285714285,0.1962696883337566,0.2,0.24285714285714285,0.2892684258963086,0.46385714285714286,-0.08971423997989397,0.44398134620680607
B8_SHUFFLED_REGION_SCORE,P2,PSP_V0_SHORT,43,0.05714285714285714,0.09364071624638101,0.15714285714285714,0.19607065209421864,0.18181818181818182,0.2571428571428571,0.2876594329863898,0.4738571428571429,0.02707053400996856,0.5364779755427691
B8_SHUFFLED_REGION_SCORE,P2,PSP_V0_SHORT,44,0.1,0.094849942699903,0.17142857142857143,0.19480686632922634,0.25,0.24285714285714285,0.2941582115880622,0.4557142857142857,-0.05534155715873361,0.5336347576683897
B8_SHUFFLED_REGION_SCORE,P2,PSP_V0_SHORT,45,0.17142857142857143,0.09833735535808316,0.2857142857142857,0.18764635704155117,0.15,0.37142857142857144,0.295047279086031,0.5678571428571427,0.17672489904803557,0.5689730529550525
B8_SHUFFLED_REGION_SCORE,P2,PSP_V0_SHORT,46,0.1,0.09285873500054397,0.3142857142857143,0.19549107321261627,0.18181818181818182,0.4857142857142857,0.28570188382481576,0.5465714285714286,0.0711761081134376,0.555871339711179
B8_SHUFFLED_REGION_SCORE,P2,PSP_V0_SHORT,47,0.14285714285714285,0.09754489724974888,0.24285714285714285,0.19420601184341657,0.23529411764705882,0.3142857142857143,0.29609706096156757,0.5162857142857143,0.05556974930908335,0.5482726371624277
B8_SHUFFLED_REGION_SCORE,P2,PSP_V0_SHORT,48,0.07142857142857142,0.09902364534832113,0.15714285714285714,0.19768228301410218,0.2727272727272727,0.2857142857142857,0.29302883338094604,0.4612857142857143,-0.08803752374471543,0.49010221082740485
B8_SHUFFLED_REGION_SCORE,P2,PSP_V0_SHORT,49,0.04285714285714286,0.08948607453860652,0.12857142857142856,0.19033402891343873,0.2222222222222222,0.3142857142857143,0.29624251840332516,0.5089999999999999,0.019793188693379985,0.4931052727680552
B8_SHUFFLED_REGION_SCORE,P2,PSP_V0_SHORT,50,0.04285714285714286,0.09152637915341715,0.17142857142857143,0.19546800257467845,0.25,0.3142857142857143,0.29118749275755357,0.5325714285714286,0.1978326729553869,0.5602424698562709
B8_SHUFFLED_REGION_SCORE,P2,PSP_V0_SHORT,51,0.08571428571428572,0.09258427769492084,0.18571428571428572,0.1928315045878636,0.3076923076923077,0.24285714285714285,0.29610375830945623,0.44085714285714284,-0.21017489186995564,0.4520446850679775
B8_SHUFFLED_REGION_SCORE,P2,PSP_V0_SHORT,52,0.08571428571428572,0.09645458320586493,0.2,0.18988249040018024,0.21428571428571427,0.3,0.2944338274358578,0.516,0.047751687810144286,0.5105615660398429
B8_SHUFFLED_REGION_SCORE,P2,PSP_V0_SHORT,53,0.08571428571428572,0.08944063033434219,0.12857142857142856,0.18732592867885256,0.2222222222222222,0.24285714285714285,0.29268330101678597,0.4497142857142857,-0.03432803653087455,0.5415217186363865
B8_SHUFFLED_REGION_SCORE,P2,PSP_V0_SHORT,54,0.14285714285714285,0.09846574770494802,0.24285714285714285,0.18935126492488297,0.17647058823529413,0.3,0.2939778229677191,0.49971428571428567,-0.009732891282308654,0.5582796989375844
B8_SHUFFLED_REGION_SCORE,P2,PSP_V0_SHORT,55,0.08571428571428572,0.09568641477456048,0.2,0.19074180626033013,0.21428571428571427,0.2857142857142857,0.27375383421920235,0.45714285714285713,-0.1579238501387849,0.46329575188551886
B8_SHUFFLED_REGION_SCORE,P2,PSP_V0_SHORT,56,0.07142857142857142,0.09331159834792785,0.12857142857142856,0.19468294817237317,0.3333333333333333,0.2571428571428571,0.29445590745690975,0.48257142857142854,-0.024352071001454215,0.4951774567371095
B8_SHUFFLED_REGION_SCORE,P2,PSP_V0_SHORT,57,0.07142857142857142,0.09254351743201202,0.18571428571428572,0.19694739557598817,0.15384615384615385,0.32857142857142857,0.29413219810825586,0.4928571428571428,-0.025488071054282295,0.4976364041741827
B8_SHUFFLED_REGION_SCORE,P2,PSP_V0_SHORT,58,0.08571428571428572,0.09111805623394996,0.2571428571428571,0.19204364244581545,0.16666666666666666,0.4,0.2933279543627835,0.5382857142857143,0.14877632132911256,0.567916025114598
B8_SHUFFLED_REGION_SCORE,P2,PSP_V0_SHORT,59,0.02857142857142857,0.08654903039828164,0.11428571428571428,0.18884381061652078,0.375,0.2714285714285714,0.2996312693489617,0.45442857142857146,-0.14092353493772894,0.44461395791935565
B8_SHUFFLED_REGION_SCORE,P2,PSP_V0_SHORT,60,0.07142857142857142,0.09314500237973768,0.15714285714285714,0.1942531026583246,0.36363636363636365,0.24285714285714285,0.285304228955912,0.43814285714285717,-0.13621583166203532,0.45870823252676995
B8_SHUFFLED_REGION_SCORE,P2,PSP_V0_SHORT,61,0.1,0.09214618903912862,0.18571428571428572,0.197880538828218,0.3076923076923077,0.32857142857142857,0.29359422795262424,0.5065714285714286,0.03340534653163429,0.5097413935340372
B8_SHUFFLED_REGION_SCORE,P2,PSP_V0_SHORT,62,0.12857142857142856,0.09609218827530004,0.17142857142857143,0.1937968664866417,0.3333333333333333,0.3,0.2899877487059296,0.5454285714285714,0.13622079236095597,0.5586018063268166
B8_SHUFFLED_REGION_SCORE,P2,PSP_V0_SHORT,63,0.07142857142857142,0.09957357027915215,0.14285714285714285,0.1902074177903212,0.2,0.22857142857142856,0.2880500225769841,0.502142857142857,0.06233614263684533,0.5054793041433635
B8_SHUFFLED_REGION_SCORE,P2,PSP_V0_SHORT,64,0.014285714285714285,0.0689714357364734,0.11428571428571428,0.19335413466904394,0.25,0.24285714285714285,0.29864791050418654,0.494,0.06274291994833835,0.5074152859727136
B8_SHUFFLED_REGION_SCORE,P2,PSP_V0_SHORT,65,0.12857142857142856,0.09938752277861518,0.24285714285714285,0.19663599433075554,0.23529411764705882,0.3142857142857143,0.2947050853146254,0.49385714285714283,-0.05393271866526997,0.4995876393954439
B8_SHUFFLED_REGION_SCORE,P2,PSP_V0_SHORT,66,0.05714285714285714,0.09002871334876388,0.08571428571428572,0.19765001534309196,0.16666666666666666,0.3,0.29301506304286995,0.4908571428571428,0.030012228469912007,0.5507730284911184
B8_SHUFFLED_REGION_SCORE,P2,PSP_V0_SHORT,67,0.08571428571428572,0.09385313045225158,0.2,0.18804409791965554,0.2857142857142857,0.3142857142857143,0.2933702441986854,0.5325714285714285,0.08901478143208282,0.524229853063654
B8_SHUFFLED_REGION_SCORE,P2,PSP_V0_SHORT,68,0.12857142857142856,0.09335034845140996,0.2571428571428571,0.19332667659849884,0.16666666666666666,0.3,0.29294179131189096,0.4837142857142857,-0.046997661574206,0.47057130345256604
B8_SHUFFLED_REGION_SCORE,P2,PSP_V0_SHORT,69,0.02857142857142857,0.09204124659615373,0.12857142857142856,0.19438643051416546,0.2222222222222222,0.24285714285714285,0.29423271300903375,0.4248571428571428,-0.17224042722377103,0.47225157555894876
B8_SHUFFLED_REGION_SCORE,P2,PSP_V0_SHORT,70,0.12857142857142856,0.09375371702966144,0.22857142857142856,0.1971121069753982,0.25,0.38571428571428573,0.2911322295526142,0.5154285714285713,0.005808978436077182,0.518866081416255
B8_SHUFFLED_REGION_SCORE,P2,PSP_V0_SHORT,71,0.11428571428571428,0.09186842487828298,0.22857142857142856,0.1898816208993891,0.1875,0.2714285714285714,0.292120708076965,0.4642857142857143,-0.09984894787477501,0.524055619276314
B8_SHUFFLED_REGION_SCORE,P2,PSP_V0_SHORT,72,0.11428571428571428,0.09204915739361227,0.18571428571428572,0.19214642512284352,0.23076923076923078,0.24285714285714285,0.29298609033406564,0.4787142857142857,-0.017595599071533536,0.4991284074383396
B8_SHUFFLED_REGION_SCORE,P2,PSP_V0_SHORT,73,0.1,0.09909768036449888,0.22857142857142856,0.19249518389320633,0.25,0.35714285714285715,0.2938682549872939,0.5131428571428571,0.04929446517446539,0.5111126866617405
B8_SHUFFLED_REGION_SCORE,P2,PSP_V0_SHORT,74,0.04285714285714286,0.09832959533590747,0.21428571428571427,0.19161536380247277,0.26666666666666666,0.3142857142857143,0.29090386205329444,0.4987142857142857,-0.03378732034852407,0.4775752347303829
B8_SHUFFLED_REGION_SCORE,P2,PSP_V0_SHORT,75,0.1,0.09854456663326187,0.18571428571428572,0.1948849029053711,0.15384615384615385,0.24285714285714285,0.2953745727512463,0.45599999999999996,-0.06255441338935377,0.5340596277387343
B8_SHUFFLED_REGION_SCORE,P2,PSP_V0_SHORT,76,0.04285714285714286,0.08895670360613464,0.12857142857142856,0.19556643277928662,0.2222222222222222,0.22857142857142856,0.29472109176966327,0.47057142857142853,0.016757240953944257,0.4758170728628828
B8_SHUFFLED_REGION_SCORE,P2,PSP_V0_SHORT,77,0.07142857142857142,0.06664044766294924,0.15714285714285714,0.1904263881340692,0.18181818181818182,0.22857142857142856,0.28924165065705226,0.44299999999999995,-0.07752580273186527,0.4930101019429724
B8_SHUFFLED_REGION_SCORE,P2,PSP_V0_SHORT,78,0.11428571428571428,0.09546320826740035,0.2,0.1927509826548816,0.21428571428571427,0.3,0.29118342852940904,0.4942857142857142,0.02635619336539545,0.5823333297636663
B8_SHUFFLED_REGION_SCORE,P2,PSP_V0_SHORT,79,0.07142857142857142,0.087087708207962,0.15714285714285714,0.19007092504725326,0.2727272727272727,0.2,0.29763365009598874,0.42114285714285715,-0.19223204387397688,0.4382101443990948
B8_SHUFFLED_REGION_SCORE,P2,PSP_V0_SHORT,80,0.02857142857142857,0.09324154642135375,0.15714285714285714,0.19480017986207854,0.36363636363636365,0.2571428571428571,0.2912547969718432,0.4497142857142857,-0.07787801235523116,0.5242087387813471
B8_SHUFFLED_REGION_SCORE,P2,PSP_V0_SHORT,81,0.14285714285714285,0.09433766431113234,0.24285714285714285,0.1780018749517994,0.17647058823529413,0.37142857142857144,0.2987813323158366,0.5482857142857143,0.13763955225226088,0.5366536198730582
B8_SHUFFLED_REGION_SCORE,P2,PSP_V0_SHORT,82,0.07142857142857142,0.09059705479185245,0.14285714285714285,0.19316536914964225,0.2,0.38571428571428573,0.2933501457292693,0.51,0.007912314778431346,0.5007234825969682
B8_SHUFFLED_REGION_SCORE,P2,PSP_V0_SHORT,83,0.14285714285714285,0.09969846124270752,0.2714285714285714,0.18677296125323675,0.15789473684210525,0.3,0.29684256157218897,0.5109999999999999,0.10939829329701975,0.5512995024872716
B8_SHUFFLED_REGION_SCORE,P2,PSP_V0_SHORT,84,0.05714285714285714,0.09826793869562166,0.15714285714285714,0.198066640165194,0.2727272727272727,0.22857142857142856,0.29261358428060535,0.4878571428571429,-0.073135584187093,0.4850674679707476
B8_SHUFFLED_REGION_SCORE,P2,PSP_V0_SHORT,85,0.18571428571428572,0.09566048385634923,0.22857142857142856,0.19503464283071079,0.25,0.3,0.2895910179322403,0.4962857142857143,0.013299633806253567,0.5447886505937338
B8_SHUFFLED_REGION_SCORE,P2,PSP_V0_SHORT,86,0.1,0.09277259571512175,0.12857142857142856,0.1679165317543447,0.2222222222222222,0.2714285714285714,0.2934687749951322,0.48942857142857144,0.05596164452381443,0.575830635726796
B8_SHUFFLED_REGION_SCORE,P2,PSP_V0_SHORT,87,0.08571428571428572,0.08442605767935558,0.14285714285714285,0.1956528901686714,0.2,0.24285714285714285,0.28933992979785456,0.4368571428571428,-0.12613073075636078,0.48775153232860785
B8_SHUFFLED_REGION_SCORE,P2,PSP_V0_SHORT,88,0.07142857142857142,0.09174752351321493,0.2,0.1968655545695607,0.2857142857142857,0.2714285714285714,0.29912747392324524,0.5042857142857143,0.06453869295761243,0.5482799540153449
B8_SHUFFLED_REGION_SCORE,P2,PSP_V0_SHORT,89,0.05714285714285714,0.09879184862089746,0.12857142857142856,0.19885174506391767,0.2222222222222222,0.2,0.2906612498302647,0.41600000000000004,-0.18462233172970496,0.44885705261961395
B8_SHUFFLED_REGION_SCORE,P2,PSP_V0_SHORT,90,0.14285714285714285,0.09067133473962131,0.3,0.19218691257501336,0.19047619047619047,0.34285714285714286,0.29539949887093186,0.48871428571428566,-0.014212402407652544,0.5918198719318922
B8_SHUFFLED_REGION_SCORE,P2,PSP_V0_SHORT,91,0.05714285714285714,0.09781106570962624,0.21428571428571427,0.19187676448305194,0.2,0.37142857142857144,0.2939851935669544,0.548142857142857,0.16588081120750206,0.5489626519489824
B8_SHUFFLED_REGION_SCORE,P2,PSP_V0_SHORT,92,0.07142857142857142,0.09839541490855132,0.17142857142857143,0.1877382972729672,0.16666666666666666,0.35714285714285715,0.29623668395931996,0.5031428571428571,0.11495427608814396,0.6057344836121361
B8_SHUFFLED_REGION_SCORE,P2,PSP_V0_SHORT,93,0.11428571428571428,0.09193297233337994,0.14285714285714285,0.1972860338195613,0.3,0.21428571428571427,0.290870747797067,0.4367142857142857,-0.17298949276078868,0.452471038141744
B8_SHUFFLED_REGION_SCORE,P2,PSP_V0_SHORT,94,0.02857142857142857,0.08924440299352937,0.2,0.19881069671811077,0.21428571428571427,0.3,0.2956730615791515,0.47871428571428576,-0.07515954934671681,0.4463946229564754
B8_SHUFFLED_REGION_SCORE,P2,PSP_V0_SHORT,95,0.12857142857142856,0.09463887187676473,0.2,0.18997815376196078,0.2857142857142857,0.37142857142857144,0.2935089763840651,0.5418571428571428,0.15216447869191418,0.5637301951717991
B8_SHUFFLED_REGION_SCORE,P2,PSP_V0_SHORT,96,0.07142857142857142,0.06568457667505308,0.18571428571428572,0.19510250568424573,0.15384615384615385,0.3142857142857143,0.2969511214629701,0.48457142857142854,0.049190290497131806,0.5691046119771836
B8_SHUFFLED_REGION_SCORE,P2,PSP_V0_SHORT,97,0.07142857142857142,0.08743220956690397,0.18571428571428572,0.19969972253183882,0.15384615384615385,0.35714285714285715,0.2956786538496501,0.5251428571428571,0.1397280064978531,0.5538724906355621
B8_SHUFFLED_REGION_SCORE,P2,PSP_V0_SHORT,98,0.1,0.09034956457373168,0.1,0.19511469679891857,0.42857142857142855,0.2,0.2969007478576153,0.43699999999999994,-0.23877828184640398,0.4390756275271961
B8_SHUFFLED_REGION_SCORE,P2,PSP_V0_SHORT,99,0.07142857142857142,0.0965803844253103,0.17142857142857143,0.1960906426804771,0.16666666666666666,0.24285714285714285,0.29713184346921523,0.4811428571428571,-0.0022174324175290357,0.4838826541012786
B8_SHUFFLED_REGION_SCORE,P2,PSP_V1_LONG,0,0.09844559585492228,0.09881191795388879,0.17098445595854922,0.19486962027368845,0.15151515151515152,0.24870466321243523,0.2945800760336454,0.48018134715025906,-0.05227819835050306,0.7240165766817351
B8_SHUFFLED_REGION_SCORE,P2,PSP_V1_LONG,1,0.09326424870466321,0.09616362377826868,0.22279792746113988,0.19852016270998474,0.09302325581395349,0.32124352331606215,0.2963640760156985,0.5067616580310881,0.061451259864752424,0.7525548754166472
B8_SHUFFLED_REGION_SCORE,P2,PSP_V1_LONG,2,0.05699481865284974,0.09570626106907466,0.15544041450777202,0.19969759023308728,0.16666666666666666,0.27461139896373055,0.29614729702681425,0.4510103626943005,-0.1926994413838549,0.6279399286004722
B8_SHUFFLED_REGION_SCORE,P2,PSP_V1_LONG,3,0.06735751295336788,0.09770268009225357,0.19170984455958548,0.19482820920603833,0.10810810810810811,0.29015544041450775,0.29724788798720936,0.47126943005181343,-0.06551985142416204,0.7106108965583238
B8_SHUFFLED_REGION_SCORE,P2,PSP_V1_LONG,4,0.10362694300518134,0.09565424831771038,0.20725388601036268,0.19658847310880811,0.125,0.2849740932642487,0.29709276608787005,0.5363989637305699,0.0971021983942682,0.7375862087152806
B8_SHUFFLED_REGION_SCORE,P2,PSP_V1_LONG,5,0.10362694300518134,0.09870312621888257,0.18652849740932642,0.19703875046368477,0.1111111111111111,0.2538860103626943,0.29460139256734624,0.45759067357512956,-0.16818691017123893,0.6475143859404856
B8_SHUFFLED_REGION_SCORE,P2,PSP_V1_LONG,6,0.09844559585492228,0.0955007648729715,0.25906735751295334,0.1963362609044421,0.1,0.35751295336787564,0.2990975186371958,0.519818652849741,0.03942961443737419,0.7135413607815029
B8_SHUFFLED_REGION_SCORE,P2,PSP_V1_LONG,7,0.06217616580310881,0.0986181587629655,0.24352331606217617,0.19630737810328336,0.10638297872340426,0.33678756476683935,0.2987572289126938,0.5134455958549223,0.0666143644457486,0.7176817986272317
B8_SHUFFLED_REGION_SCORE,P2,PSP_V1_LONG,8,0.07253886010362694,0.09535365892438805,0.16062176165803108,0.1934928221617149,0.16129032258064516,0.2538860103626943,0.2959879411789787,0.48360103626943,-0.05507528718344652,0.6635876206922596
B8_SHUFFLED_REGION_SCORE,P2,PSP_V1_LONG,9,0.13471502590673576,0.09664833270816535,0.19170984455958548,0.19988767480173464,0.10810810810810811,0.26424870466321243,0.2962221098551144,0.48790155440414507,-0.026456160487060336,0.6993541324220608
B8_SHUFFLED_REGION_SCORE,P2,PSP_V1_LONG,10,0.08290155440414508,0.09796875680580404,0.17616580310880828,0.19147208553882666,0.11764705882352941,0.27461139896373055,0.2973214417093668,0.46878238341968914,-0.032770241062978905,0.7173796965895403
B8_SHUFFLED_REGION_SCORE,P2,PSP_V1_LONG,11,0.12953367875647667,0.09741487377489065,0.22279792746113988,0.19712416860865037,0.09302325581395349,0.29533678756476683,0.2996388425360375,0.5067616580310881,-0.033476028229676595,0.7162912657063959
B8_SHUFFLED_REGION_SCORE,P2,PSP_V1_LONG,12,0.08290155440414508,0.0950366353067891,0.20207253886010362,0.19889013352753984,0.1282051282051282,0.30569948186528495,0.29897644500911147,0.5014248704663212,0.014357882623451628,0.6821703194542921
B8_SHUFFLED_REGION_SCORE,P2,PSP_V1_LONG,13,0.09844559585492228,0.09915130669356796,0.23316062176165803,0.1959223417750575,0.1111111111111111,0.33678756476683935,0.2980634634782777,0.5203367875647669,0.13164559398527376,0.7759010841522699
B8_SHUFFLED_REGION_SCORE,P2,PSP_V1_LONG,14,0.12435233160621761,0.09889485997013568,0.23834196891191708,0.19752797035864567,0.10869565217391304,0.32642487046632124,0.29819732135569704,0.5190932642487046,0.0718610776603382,0.7509855782294121
B8_SHUFFLED_REGION_SCORE,P2,PSP_V1_LONG,15,0.12953367875647667,0.09532954856085862,0.22279792746113988,0.1963248656835835,0.09302325581395349,0.32124352331606215,0.29907386333708486,0.488160621761658,-0.08321882191211949,0.7252281729382112
B8_SHUFFLED_REGION_SCORE,P2,PSP_V1_LONG,16,0.09844559585492228,0.09479183692453831,0.17098445595854922,0.1960869135481394,0.12121212121212122,0.2694300518134715,0.29558516121669076,0.4828756476683938,-0.044744734715812945,0.7469123878361661
B8_SHUFFLED_REGION_SCORE,P2,PSP_V1_LONG,17,0.10880829015544041,0.0934687073516078,0.19689119170984457,0.19770036063947666,0.10526315789473684,0.3160621761658031,0.29826026539971334,0.482979274611399,-0.04924005605447208,0.7111438499730722
B8_SHUFFLED_REGION_SCORE,P2,PSP_V1_LONG,18,0.08290155440414508,0.0857221954913138,0.17616580310880828,0.1965252044169117,0.14705882352941177,0.26424870466321243,0.29730452328069573,0.48867875647668396,-0.012186229802843349,0.7015746684524223
B8_SHUFFLED_REGION_SCORE,P2,PSP_V1_LONG,19,0.07772020725388601,0.09255048787861771,0.19170984455958548,0.1905863622674331,0.10810810810810811,0.2538860103626943,0.2949449185390722,0.4801295336787565,-0.0822491789277179,0.67358433943084
B8_SHUFFLED_REGION_SCORE,P2,PSP_V1_LONG,20,0.08808290155440414,0.09393381666706081,0.20207253886010362,0.19853428988122762,0.10256410256410256,0.3160621761658031,0.2981656653393715,0.5156735751295337,0.08021216858198733,0.7237323145498508
B8_SHUFFLED_REGION_SCORE,P2,PSP_V1_LONG,21,0.12435233160621761,0.09624255439088233,0.21761658031088082,0.1997659821116527,0.11904761904761904,0.27461139896373055,0.29358337380358157,0.5245336787564767,0.041987821460050735,0.7468474970392295
B8_SHUFFLED_REGION_SCORE,P2,PSP_V1_LONG,22,0.07253886010362694,0.09856759994966763,0.17616580310880828,0.19542103455461035,0.11764705882352941,0.29015544041450775,0.2990259443448467,0.47069948186528493,-0.11844520231520636,0.6741110484377583
B8_SHUFFLED_REGION_SCORE,P2,PSP_V1_LONG,23,0.09326424870466321,0.09522365856755188,0.20207253886010362,0.19616115858837607,0.10256410256410256,0.30569948186528495,0.2947429093057406,0.4988341968911917,0.0025972967734475,0.7558569165185501
B8_SHUFFLED_REGION_SCORE,P2,PSP_V1_LONG,24,0.08290155440414508,0.09301032734190094,0.22279792746113988,0.19613329606307545,0.09302325581395349,0.30569948186528495,0.298351638167879,0.48904145077720207,-0.021121495333236106,0.6864735997484361
B8_SHUFFLED_REGION_SCORE,P2,PSP_V1_LONG,25,0.09844559585492228,0.09963981515221612,0.16580310880829016,0.19453503970479336,0.15625,0.31088082901554404,0.292983858869961,0.5047927461139896,0.018059464856178434,0.6756976156799243
B8_SHUFFLED_REGION_SCORE,P2,PSP_V1_LONG,26,0.12953367875647667,0.09711944235688923,0.21761658031088082,0.1943733157368168,0.09523809523809523,0.3316062176165803,0.2966222890723284,0.5276424870466321,0.03702450893855052,0.7383828435997013
B8_SHUFFLED_REGION_SCORE,P2,PSP_V1_LONG,27,0.09326424870466321,0.09562409855459503,0.19689119170984457,0.1968996398511955,0.10526315789473684,0.2849740932642487,0.2996269558126462,0.4712694300518135,-0.0888064846195446,0.7144737212913471
B8_SHUFFLED_REGION_SCORE,P2,PSP_V1_LONG,28,0.07772020725388601,0.09426427724350428,0.17616580310880828,0.19953813803628795,0.08823529411764706,0.27461139896373055,0.29275264909890175,0.47443005181347153,-0.10406560316354864,0.692115449869578
B8_SHUFFLED_REGION_SCORE,P2,PSP_V1_LONG,29,0.12953367875647667,0.09146539478878381,0.22279792746113988,0.1992342507290524,0.09302325581395349,0.30569948186528495,0.29814719379660876,0.511321243523316,0.09204876228071275,0.7347263325356
B8_SHUFFLED_REGION_SCORE,P2,PSP_V1_LONG,30,0.10362694300518134,0.09514715232941247,0.20725388601036268,0.1984305788173669,0.1,0.3005181347150259,0.2979822515688691,0.4947927461139896,0.02066870572013928,0.731414657034682
B8_SHUFFLED_REGION_SCORE,P2,PSP_V1_LONG,31,0.10880829015544041,0.09363834625688616,0.21243523316062177,0.19798551781002285,0.0975609756097561,0.33678756476683935,0.29336921428865076,0.504740932642487,0.05106424442378303,0.7474983196832504
B8_SHUFFLED_REGION_SCORE,P2,PSP_V1_LONG,32,0.10362694300518134,0.09559582764623804,0.19170984455958548,0.19752262827295922,0.10810810810810811,0.30569948186528495,0.2954901521027922,0.4996113989637306,-0.010206768256858904,0.6490741941200281
B8_SHUFFLED_REGION_SCORE,P2,PSP_V1_LONG,33,0.06735751295336788,0.09326061531668796,0.14507772020725387,0.19683346682585792,0.10714285714285714,0.2538860103626943,0.2949661404194015,0.5073834196891192,0.0457024336097012,0.7344495935915472
B8_SHUFFLED_REGION_SCORE,P2,PSP_V1_LONG,34,0.08808290155440414,0.0990645247348067,0.20207253886010362,0.19648308566194828,0.10256410256410256,0.32124352331606215,0.29856351391676844,0.49790155440414513,0.040783639971023446,0.7487240201861899
B8_SHUFFLED_REGION_SCORE,P2,PSP_V1_LONG,35,0.08290155440414508,0.09496877554438,0.18652849740932642,0.19664087713902312,0.1111111111111111,0.32124352331606215,0.29822972184981816,0.5206476683937824,0.11346017326550006,0.770062152277683
B8_SHUFFLED_REGION_SCORE,P2,PSP_V1_LONG,36,0.11917098445595854,0.09715760227480083,0.23316062176165803,0.1998899651889668,0.1111111111111111,0.34196891191709844,0.29583854420489836,0.5181088082901554,0.05151486238405925,0.7282889715970461
B8_SHUFFLED_REGION_SCORE,P2,PSP_V1_LONG,37,0.08290155440414508,0.09783122515390484,0.20207253886010362,0.19872495432950935,0.1282051282051282,0.2694300518134715,0.296435981251539,0.4600259067357513,-0.1621594877676407,0.6608968732533327
B8_SHUFFLED_REGION_SCORE,P2,PSP_V1_LONG,38,0.15544041450777202,0.08941322754405945,0.24870466321243523,0.19978272046263093,0.08333333333333333,0.36787564766839376,0.29695159335482935,0.5507512953367875,0.21996454254659178,0.7914589004447702
B8_SHUFFLED_REGION_SCORE,P2,PSP_V1_LONG,39,0.15544041450777202,0.09885858890968695,0.24870466321243523,0.1976763210072853,0.10416666666666667,0.3316062176165803,0.294552890204359,0.535621761658031,0.13554045331903472,0.7590274456849452
B8_SHUFFLED_REGION_SCORE,P2,PSP_V1_LONG,40,0.11398963730569948,0.09138760472624907,0.26424870466321243,0.192032879526276,0.09803921568627451,0.3626943005181347,0.29653965286870465,0.516139896373057,0.07700463736594891,0.740054536115762
B8_SHUFFLED_REGION_SCORE,P2,PSP_V1_LONG,41,0.11398963730569948,0.09636960314078027,0.22797927461139897,0.19643785745201867,0.09090909090909091,0.3471502590673575,0.29945029649809957,0.5290414507772021,0.1532752560785322,0.7817492345861601
B8_SHUFFLED_REGION_SCORE,P2,PSP_V1_LONG,42,0.06217616580310881,0.09779731034445177,0.19689119170984457,0.19693403332052106,0.13157894736842105,0.2849740932642487,0.29410479976690823,0.511580310880829,0.025518006468557567,0.6819563250668564
B8_SHUFFLED_REGION_SCORE,P2,PSP_V1_LONG,43,0.07772020725388601,0.09701895195111965,0.20725388601036268,0.19548154129445608,0.1,0.33678756476683935,0.2946345232202125,0.5149481865284974,0.0555953980339822,0.7416323699175644
B8_SHUFFLED_REGION_SCORE,P2,PSP_V1_LONG,44,0.10362694300518134,0.09341835539088629,0.2538860103626943,0.19860038693371973,0.10204081632653061,0.3005181347150259,0.2956381894504804,0.48898963730569944,-0.01625156388302204,0.6884216699106658
B8_SHUFFLED_REGION_SCORE,P2,PSP_V1_LONG,45,0.09326424870466321,0.0983583074612665,0.22279792746113988,0.19859444254532044,0.11627906976744186,0.29533678756476683,0.29766981714889496,0.4959844559585492,0.021895689563782957,0.7456091176876736
B8_SHUFFLED_REGION_SCORE,P2,PSP_V1_LONG,46,0.11398963730569948,0.09183763232619871,0.21761658031088082,0.19734319749041487,0.11904761904761904,0.29533678756476683,0.28869895979157506,0.5042746113989637,0.010234999743526811,0.7302322704679274
B8_SHUFFLED_REGION_SCORE,P2,PSP_V1_LONG,47,0.11398963730569948,0.09491292421084338,0.19170984455958548,0.19347866856373291,0.13513513513513514,0.29015544041450775,0.2998250252440436,0.5016839378238342,0.039099523208641726,0.7307534689840345
B8_SHUFFLED_REGION_SCORE,P2,PSP_V1_LONG,48,0.05699481865284974,0.09785649376163014,0.21761658031088082,0.19755094428213427,0.11904761904761904,0.3160621761658031,0.2993036784384389,0.5200259067357511,0.0006873281177225198,0.6259965413469735
B8_SHUFFLED_REGION_SCORE,P2,PSP_V1_LONG,49,0.11917098445595854,0.09493543290703103,0.20725388601036268,0.19363194029799158,0.1,0.33678756476683935,0.29482811540497583,0.5257772020725389,0.0934266759953887,0.7051330598719724
B8_SHUFFLED_REGION_SCORE,P2,PSP_V1_LONG,50,0.10880829015544041,0.09293345634835666,0.23316062176165803,0.19627327370986106,0.08888888888888889,0.3316062176165803,0.299290932955628,0.5319948186528498,0.17922324980557022,0.780757291976058
B8_SHUFFLED_REGION_SCORE,P2,PSP_V1_LONG,51,0.11398963730569948,0.09551463485253607,0.19170984455958548,0.19847911342884134,0.10810810810810811,0.2694300518134715,0.2958317190756286,0.4916839378238342,0.012933278373132594,0.7285623178535945
B8_SHUFFLED_REGION_SCORE,P2,PSP_V1_LONG,52,0.13989637305699482,0.09356515417617525,0.21761658031088082,0.19870205781012654,0.09523809523809523,0.3160621761658031,0.2979475769278076,0.5083160621761659,0.023288804848203167,0.7270201203850672
B8_SHUFFLED_REGION_SCORE,P2,PSP_V1_LONG,53,0.06735751295336788,0.0953114868098476,0.18652849740932642,0.1940567900463043,0.1111111111111111,0.29533678756476683,0.2996719073477051,0.5100777202072538,0.0247134090985222,0.6866515492902755
B8_SHUFFLED_REGION_SCORE,P2,PSP_V1_LONG,54,0.12953367875647667,0.09763499496294567,0.20725388601036268,0.19832219639057852,0.1,0.3471502590673575,0.29432260862818654,0.515259067357513,0.05144319784097918,0.701784638927334
B8_SHUFFLED_REGION_SCORE,P2,PSP_V1_LONG,55,0.08808290155440414,0.09581045639213043,0.22797927461139897,0.1977591868056962,0.11363636363636363,0.32124352331606215,0.2995900960561284,0.4916839378238342,-0.04217132612339213,0.6897503861472518
B8_SHUFFLED_REGION_SCORE,P2,PSP_V1_LONG,56,0.08290155440414508,0.09274230316980318,0.16580310880829016,0.19830674097429327,0.125,0.23834196891191708,0.29772340512796763,0.4370725388601036,-0.18495098411992456,0.7154467726656276
B8_SHUFFLED_REGION_SCORE,P2,PSP_V1_LONG,57,0.08808290155440414,0.09917169623799318,0.15544041450777202,0.19645672500259365,0.1,0.2694300518134715,0.29711566712668297,0.4819430051813472,-0.05578867513501634,0.6898313186982918
B8_SHUFFLED_REGION_SCORE,P2,PSP_V1_LONG,58,0.09844559585492228,0.09886836122317155,0.24352331606217617,0.19709990676362257,0.10638297872340426,0.32642487046632124,0.2977296720076859,0.4997150259067357,0.01527757759297923,0.7271214826918497
B8_SHUFFLED_REGION_SCORE,P2,PSP_V1_LONG,59,0.11917098445595854,0.09469392118847152,0.22797927461139897,0.19983068971015852,0.11363636363636363,0.29533678756476683,0.2980040842298722,0.499818652849741,0.014480581007815992,0.725732014223291
B8_SHUFFLED_REGION_SCORE,P2,PSP_V1_LONG,60,0.08808290155440414,0.09759399107918781,0.18134715025906736,0.1966168929294867,0.11428571428571428,0.30569948186528495,0.2967371165417336,0.4859326424870466,-0.04986223458757635,0.6961911108026888
B8_SHUFFLED_REGION_SCORE,P2,PSP_V1_LONG,61,0.12435233160621761,0.09655120986775469,0.22279792746113988,0.19453435589760734,0.11627906976744186,0.36787564766839376,0.2993686063091984,0.5312176165803109,0.10570085773746668,0.7432456086897532
B8_SHUFFLED_REGION_SCORE,P2,PSP_V1_LONG,62,0.13471502590673576,0.09969502794056277,0.22797927461139897,0.19789291252685517,0.11363636363636363,0.33678756476683935,0.29659366755354477,0.5002849740932642,-0.015619612912225035,0.7300563616695986
B8_SHUFFLED_REGION_SCORE,P2,PSP_V1_LONG,63,0.11917098445595854,0.09576917996932846,0.17616580310880828,0.19401403313297802,0.11764705882352941,0.27461139896373055,0.29263204269350157,0.49075129533678763,-0.03221646959372379,0.6975586476377763
B8_SHUFFLED_REGION_SCORE,P2,PSP_V1_LONG,64,0.10362694300518134,0.09658603460740763,0.20207253886010362,0.19856684959338938,0.10256410256410256,0.31088082901554404,0.2937875779842252,0.5230310880829016,0.0937687113146345,0.7493342707336049
B8_SHUFFLED_REGION_SCORE,P2,PSP_V1_LONG,65,0.10880829015544041,0.0924321726276568,0.22797927461139897,0.19581526942533134,0.11363636363636363,0.35233160621761656,0.2967342759574011,0.5363471502590673,0.0721748814929161,0.7252645458325655
B8_SHUFFLED_REGION_SCORE,P2,PSP_V1_LONG,66,0.12953367875647667,0.09445073186196039,0.23834196891191708,0.19850066001829839,0.08695652173913043,0.32642487046632124,0.2931710802571251,0.5103367875647669,0.01829183170798352,0.7513433400203117
B8_SHUFFLED_REGION_SCORE,P2,PSP_V1_LONG,67,0.08808290155440414,0.09619731231642419,0.22279792746113988,0.19821812680890016,0.11627906976744186,0.34196891191709844,0.2989788838799319,0.5051036269430051,-0.011484785941786875,0.6746483666421236
B8_SHUFFLED_REGION_SCORE,P2,PSP_V1_LONG,68,0.07253886010362694,0.09283934990197891,0.17616580310880828,0.1971895170636382,0.14705882352941177,0.26424870466321243,0.28089623664544294,0.4971243523316063,-0.007518262064945856,0.6866806139175802
B8_SHUFFLED_REGION_SCORE,P2,PSP_V1_LONG,69,0.10362694300518134,0.09838056033256498,0.19170984455958548,0.1953625670673864,0.13513513513513514,0.27461139896373055,0.2964790933720875,0.4815284974093264,-0.004189118290953367,0.7102308245547995
B8_SHUFFLED_REGION_SCORE,P2,PSP_V1_LONG,70,0.07772020725388601,0.09903449285080763,0.15544041450777202,0.1982441328219319,0.1,0.29533678756476683,0.2961090261507682,0.4599222797927461,-0.15621024486558432,0.6831420388222846
B8_SHUFFLED_REGION_SCORE,P2,PSP_V1_LONG,71,0.10362694300518134,0.09870816659876042,0.22797927461139897,0.19549035043421195,0.11363636363636363,0.29533678756476683,0.27934507503785233,0.5060880829015544,0.000195448753854745,0.6843743813924056
B8_SHUFFLED_REGION_SCORE,P2,PSP_V1_LONG,72,0.09844559585492228,0.09728416041831549,0.20725388601036268,0.1825234925415706,0.125,0.29015544041450775,0.2950942969067683,0.49215025906735743,0.004813468476878247,0.7341783857549248
B8_SHUFFLED_REGION_SCORE,P2,PSP_V1_LONG,73,0.07772020725388601,0.0981638312089195,0.17616580310880828,0.19512483076213127,0.14705882352941177,0.25906735751295334,0.29621883542805416,0.4677461139896373,-0.07657030680182725,0.6798620691620754
B8_SHUFFLED_REGION_SCORE,P2,PSP_V1_LONG,74,0.08290155440414508,0.09885410687606738,0.18652849740932642,0.19748370353659295,0.1111111111111111,0.2694300518134715,0.29229030583264326,0.47603626943005184,-0.08315692980673216,0.6985091498700533
B8_SHUFFLED_REGION_SCORE,P2,PSP_V1_LONG,75,0.09326424870466321,0.09965260215447078,0.16580310880829016,0.19402560599774216,0.09375,0.23316062176165803,0.2948823743743628,0.4745336787564767,-0.10594408285337481,0.6631174917407358
B8_SHUFFLED_REGION_SCORE,P2,PSP_V1_LONG,76,0.08808290155440414,0.09582821568301995,0.18134715025906736,0.1923080508805584,0.14285714285714285,0.29015544041450775,0.2983766551671307,0.4728238341968912,-0.06889894321302852,0.6783699309473311
B8_SHUFFLED_REGION_SCORE,P2,PSP_V1_LONG,77,0.07772020725388601,0.09265366537894403,0.18134715025906736,0.19495461031386196,0.14285714285714285,0.25906735751295334,0.2954089340879623,0.4721502590673575,-0.14563972476127351,0.6378135161815194
B8_SHUFFLED_REGION_SCORE,P2,PSP_V1_LONG,78,0.06217616580310881,0.09750863308906221,0.15025906735751296,0.19493302563805184,0.1724137931034483,0.24870466321243523,0.29526280369479885,0.47054404145077716,-0.07962473649401279,0.6740688715147946
B8_SHUFFLED_REGION_SCORE,P2,PSP_V1_LONG,79,0.09326424870466321,0.0987346884264091,0.17616580310880828,0.19458204817692032,0.11764705882352941,0.27979274611398963,0.2924606264852533,0.5085233160621762,0.06503122953952517,0.7332477685404805
B8_SHUFFLED_REGION_SCORE,P2,PSP_V1_LONG,80,0.16580310880829016,0.0961118796235355,0.22797927461139897,0.1947796559398262,0.09090909090909091,0.3005181347150259,0.29894240236941455,0.5214766839378238,0.12100992429634475,0.7441185307030339
B8_SHUFFLED_REGION_SCORE,P2,PSP_V1_LONG,81,0.16062176165803108,0.0974950413477946,0.23834196891191708,0.19661114427560777,0.10869565217391304,0.32124352331606215,0.2974171671561647,0.5197150259067357,0.08203961443052919,0.7837040294323218
B8_SHUFFLED_REGION_SCORE,P2,PSP_V1_LONG,82,0.05699481865284974,0.09321486916781581,0.14507772020725387,0.18010198111342954,0.17857142857142858,0.22279792746113988,0.2978884870293079,0.45427461139896375,-0.19377658118287658,0.6275867998397604
B8_SHUFFLED_REGION_SCORE,P2,PSP_V1_LONG,83,0.12953367875647667,0.09919116011157851,0.20207253886010362,0.19197124846697242,0.1282051282051282,0.3160621761658031,0.29586406552033095,0.5041191709844559,0.011697607918206485,0.7367737744179201
B8_SHUFFLED_REGION_SCORE,P2,PSP_V1_LONG,84,0.13471502590673576,0.09991943527298615,0.19689119170984457,0.19234640270340192,0.10526315789473684,0.31088082901554404,0.298095823726261,0.5235492227979275,0.07137679908134256,0.73742826446951
B8_SHUFFLED_REGION_SCORE,P2,PSP_V1_LONG,85,0.09326424870466321,0.09364434116813028,0.20207253886010362,0.19375945272465844,0.10256410256410256,0.29533678756476683,0.29850094826381285,0.5287305699481865,0.07282637733909858,0.7391765935736192
B8_SHUFFLED_REGION_SCORE,P2,PSP_V1_LONG,86,0.09844559585492228,0.09928434186063127,0.17616580310880828,0.1945447593936725,0.11764705882352941,0.25906735751295334,0.298137302008346,0.46132124352331605,-0.1344850300482191,0.6499222937608357
B8_SHUFFLED_REGION_SCORE,P2,PSP_V1_LONG,87,0.11917098445595854,0.0965118526006494,0.23316062176165803,0.19969465179761237,0.08888888888888889,0.35233160621761656,0.29525532193294796,0.5308031088082901,0.09221272206866868,0.73102407829748
B8_SHUFFLED_REGION_SCORE,P2,PSP_V1_LONG,88,0.08290155440414508,0.09705208095674706,0.16580310880829016,0.1963363644290488,0.125,0.25906735751295334,0.29358456381273074,0.4694559585492228,-0.09638338131064686,0.6586963116914345
B8_SHUFFLED_REGION_SCORE,P2,PSP_V1_LONG,89,0.12435233160621761,0.09839039784575988,0.21243523316062177,0.1991289706879647,0.0975609756097561,0.2538860103626943,0.2943058688943014,0.5148963730569948,0.03270834895759157,0.7148344552959083
B8_SHUFFLED_REGION_SCORE,P2,PSP_V1_LONG,90,0.11917098445595854,0.0985923191146054,0.19170984455958548,0.19960590423488855,0.13513513513513514,0.31088082901554404,0.29856939942685723,0.5095077720207254,0.07733798607391228,0.7516376458019709
B8_SHUFFLED_REGION_SCORE,P2,PSP_V1_LONG,91,0.08808290155440414,0.09768308699907036,0.19689119170984457,0.19711560321188343,0.10526315789473684,0.31088082901554404,0.29660084193289915,0.5157253886010362,0.09829769327201307,0.7312483874988289
B8_SHUFFLED_REGION_SCORE,P2,PSP_V1_LONG,92,0.13471502590673576,0.09897533482560582,0.23834196891191708,0.19905450069164266,0.10869565217391304,0.35751295336787564,0.2989791401593429,0.5382642487046633,0.12662581849043775,0.7637362483944833
B8_SHUFFLED_REGION_SCORE,P2,PSP_V1_LONG,93,0.10362694300518134,0.09931663334364768,0.18652849740932642,0.1927791002454999,0.1111111111111111,0.30569948186528495,0.29764564201116506,0.5098704663212434,0.01514076346528091,0.7414319332346068
B8_SHUFFLED_REGION_SCORE,P2,PSP_V1_LONG,94,0.07253886010362694,0.0988182292703719,0.19170984455958548,0.19109804591249444,0.10810810810810811,0.32124352331606215,0.29917104198375405,0.48857512953367876,-0.03947304749378635,0.6852827736662765
B8_SHUFFLED_REGION_SCORE,P2,PSP_V1_LONG,95,0.08808290155440414,0.09141958792094879,0.20725388601036268,0.19885088000746687,0.125,0.32124352331606215,0.29902833509115034,0.49411917098445596,0.03414924060406516,0.7690499857520571
B8_SHUFFLED_REGION_SCORE,P2,PSP_V1_LONG,96,0.04145077720207254,0.09309483895429817,0.18134715025906736,0.19296492421970987,0.14285714285714285,0.25906735751295334,0.2964641224567642,0.4936528497409327,-0.010832204269194089,0.6946433919900052
B8_SHUFFLED_REGION_SCORE,P2,PSP_V1_LONG,97,0.12953367875647667,0.09824930352579904,0.19689119170984457,0.19793819156909132,0.13157894736842105,0.30569948186528495,0.2937726211945388,0.48002590673575135,-0.10459005731972554,0.6862412930469688
B8_SHUFFLED_REGION_SCORE,P2,PSP_V1_LONG,98,0.05181347150259067,0.09476787653065795,0.15544041450777202,0.1991904222659339,0.13333333333333333,0.26424870466321243,0.29941080779036405,0.4576943005181347,-0.11236131693827228,0.6628956045953144
B8_SHUFFLED_REGION_SCORE,P2,PSP_V1_LONG,99,0.12435233160621761,0.09648288334363041,0.20725388601036268,0.19215740584102597,0.1,0.27979274611398963,0.29454585664619237,0.4703367875647668,-0.09818693897816204,0.6560153038326869
