aggregation,budget,seed,method,event_detection@overlap_any_precision,event_detection@overlap_any_recall,event_detection@overlap_any_F1,unique_reference_event_recall,predicted_segment_count,reference_event_count,prediction_count_error,avg_segment_duration,max_segment_duration,overmerge_multiplicity,references_per_segment_distribution_summary,matched_mean_iou,iou_0.1,iou_0.3,iou_0.5,total_predicted_duration,total_reference_duration,overcoverage_ratio,output_path,G_max,D_core_max,D_seg_max,E,low_proxy_quantile,nms_iou,prediction_count,duration_p90,references_per_predicted_segment,segments_per_reference,duplicate_prediction_rate,selector,family,variant,oracle_calls,unique_events_per_query,queries_per_discovered_event,positive_anchor_count,positive_anchor_rate,negative_barrier_count,barrier_query_count,barrier_negative_rate,action_type_counts,barriers_used_by_K3,prevented_merges,used_barrier_ids,seed_count
seed,100,0,ABae-stratified-confirmed native,1.0,0.95,0.9743589743589743,0.95,19.0,20.0,1.0,16.31578947368421,60.0,1.0,count=19;mean=1;std=0;min=1;25%=1;50%=1;75%=1;max=1,0.24684210526316017,0.3076923076923077,0.3076923076923077,0.3076923076923077,310.0,133.5000000000005,2.3220973782771446,outputs/stage_1b_map_anchor_barrier/segments/ABae-stratified-confirmed_B100_s0_native.csv,1.0,40.0,60.0,1.0,0.3,0.7,19.0,30.0,1.0,0.95,0.0,ABae-stratified-confirmed,baseline,native,100.0,0.19,5.2631578947368425,31.0,0.31,69.0,0.0,0.0,,,,,
seed,100,0,Best strengthened baseline + K3 BB-EM,0.9473684210526315,0.9,0.9230769230769231,0.95,19.0,20.0,1.0,16.842105263157894,40.0,1.0526315789473684,count=19;mean=1.053;std=0.2294;min=1;25%=1;50%=1;75%=1;max=2,0.2509604426912138,0.3076923076923077,0.3076923076923077,0.3076923076923077,320.0,133.5000000000005,2.397003745318343,outputs/stage_1b_map_anchor_barrier/segments/best_strengthened_ABae-stratified-confirmed_B100_s0_K3.csv,1.0,40.0,60.0,1.0,0.3,0.7,19.0,30.0,1.0526315789473684,1.0,0.05263157894736842,ABae-stratified-confirmed,best_strengthened_baseline,best_strengthened_K3,100.0,0.19,5.2631578947368425,31.0,0.31,69.0,0.0,0.0,,,,,
seed,100,1,ABae-stratified-confirmed native,1.0,0.95,0.9743589743589743,0.95,19.0,20.0,1.0,16.31578947368421,60.0,1.0,count=19;mean=1;std=0;min=1;25%=1;50%=1;75%=1;max=1,0.2468421052631599,0.3076923076923077,0.3076923076923077,0.3076923076923077,310.0,133.5000000000005,2.3220973782771446,outputs/stage_1b_map_anchor_barrier/segments/ABae-stratified-confirmed_B100_s1_native.csv,1.0,40.0,60.0,1.0,0.3,0.7,19.0,30.0,1.0,0.95,0.0,ABae-stratified-confirmed,baseline,native,100.0,0.19,5.2631578947368425,31.0,0.31,69.0,0.0,0.0,,,,,
seed,100,1,Best strengthened baseline + K3 BB-EM,0.9473684210526315,0.9,0.9230769230769231,0.95,19.0,20.0,1.0,16.842105263157894,40.0,1.0526315789473684,count=19;mean=1.053;std=0.2294;min=1;25%=1;50%=1;75%=1;max=2,0.250960442691214,0.3076923076923077,0.3076923076923077,0.3076923076923077,320.0,133.5000000000005,2.397003745318343,outputs/stage_1b_map_anchor_barrier/segments/best_strengthened_ABae-stratified-confirmed_B100_s1_K3.csv,1.0,40.0,60.0,1.0,0.3,0.7,19.0,30.0,1.0526315789473684,1.0,0.05263157894736842,ABae-stratified-confirmed,best_strengthened_baseline,best_strengthened_K3,100.0,0.19,5.2631578947368425,31.0,0.31,69.0,0.0,0.0,,,,,
seed,100,2,ABae-stratified-confirmed native,1.0,1.0,1.0,1.0,20.0,20.0,0.0,16.0,60.0,1.0,count=20;mean=1;std=0;min=1;25%=1;50%=1;75%=1;max=1,0.23800000000000215,0.3,0.3,0.3,320.0,133.5000000000005,2.397003745318343,outputs/stage_1b_map_anchor_barrier/segments/ABae-stratified-confirmed_B100_s2_native.csv,1.0,40.0,60.0,1.0,0.3,0.7,20.0,30.0,1.0,1.0,0.0,ABae-stratified-confirmed,baseline,native,100.0,0.2,5.0,32.0,0.32,68.0,0.0,0.0,,,,,
seed,100,2,Best strengthened baseline + K3 BB-EM,0.9523809523809523,1.0,0.975609756097561,1.0,21.0,20.0,1.0,15.238095238095237,40.0,1.0,count=21;mean=1;std=0;min=1;25%=1;50%=1;75%=1;max=1,0.23519773175542613,0.2926829268292683,0.2926829268292683,0.2926829268292683,320.0,133.5000000000005,2.397003745318343,outputs/stage_1b_map_anchor_barrier/segments/best_strengthened_ABae-stratified-confirmed_B100_s2_K3.csv,1.0,40.0,60.0,1.0,0.3,0.7,21.0,30.0,1.0,1.05,0.047619047619047616,ABae-stratified-confirmed,best_strengthened_baseline,best_strengthened_K3,100.0,0.2,5.0,32.0,0.32,68.0,0.0,0.0,,,,,
seed,100,3,ABae-stratified-confirmed native,1.0,1.0,1.0,1.0,20.0,20.0,0.0,16.0,60.0,1.0,count=20;mean=1;std=0;min=1;25%=1;50%=1;75%=1;max=1,0.23800000000000215,0.3,0.3,0.3,320.0,133.5000000000005,2.397003745318343,outputs/stage_1b_map_anchor_barrier/segments/ABae-stratified-confirmed_B100_s3_native.csv,1.0,40.0,60.0,1.0,0.3,0.7,20.0,30.0,1.0,1.0,0.0,ABae-stratified-confirmed,baseline,native,100.0,0.2,5.0,32.0,0.32,68.0,0.0,0.0,,,,,
seed,100,3,Best strengthened baseline + K3 BB-EM,0.95,0.95,0.9500000000000001,1.0,20.0,20.0,0.0,16.5,40.0,1.05,count=20;mean=1.05;std=0.2236;min=1;25%=1;50%=1;75%=1;max=2,0.24143620886536044,0.3,0.3,0.3,330.0,133.5000000000005,2.471910112359541,outputs/stage_1b_map_anchor_barrier/segments/best_strengthened_ABae-stratified-confirmed_B100_s3_K3.csv,1.0,40.0,60.0,1.0,0.3,0.7,20.0,30.0,1.05,1.05,0.05,ABae-stratified-confirmed,best_strengthened_baseline,best_strengthened_K3,100.0,0.2,5.0,32.0,0.32,68.0,0.0,0.0,,,,,
seed,100,4,ABae-stratified-confirmed native,0.9473684210526315,0.9,0.9230769230769231,0.9,19.0,20.0,1.0,14.736842105263158,60.0,1.0,count=19;mean=1;std=0;min=1;25%=1;50%=1;75%=1;max=1,0.26051529790660455,0.3076923076923077,0.3076923076923077,0.25641025641025644,280.0,133.5000000000005,2.09737827715355,outputs/stage_1b_map_anchor_barrier/segments/ABae-stratified-confirmed_B100_s4_native.csv,1.0,40.0,60.0,1.0,0.3,0.7,19.0,20.0,1.0,0.95,0.05263157894736842,ABae-stratified-confirmed,baseline,native,100.0,0.18,5.555555555555555,28.0,0.28,72.0,0.0,0.0,,,,,
seed,100,4,Best strengthened baseline + K3 BB-EM,0.9473684210526315,0.9,0.9230769230769231,0.9,19.0,20.0,1.0,15.263157894736842,40.0,1.0,count=19;mean=1;std=0;min=1;25%=1;50%=1;75%=1;max=1,0.2688965672215415,0.3076923076923077,0.3076923076923077,0.3076923076923077,290.0,133.5000000000005,2.172284644194748,outputs/stage_1b_map_anchor_barrier/segments/best_strengthened_ABae-stratified-confirmed_B100_s4_K3.csv,1.0,40.0,60.0,1.0,0.3,0.7,19.0,21.999999999999993,1.0,0.95,0.05263157894736842,ABae-stratified-confirmed,best_strengthened_baseline,best_strengthened_K3,100.0,0.18,5.555555555555555,28.0,0.28,72.0,0.0,0.0,,,,,
seed,10,0,ABae-stratified-confirmed native,1.0,0.15,0.2608695652173913,0.15,3.0,20.0,17.0,10.0,10.0,1.0,count=3;mean=1;std=0;min=1;25%=1;50%=1;75%=1;max=1,0.20769726247987416,0.08695652173913045,0.08695652173913045,0.0,30.0,133.5000000000005,0.22471910112359464,outputs/stage_1b_map_anchor_barrier/segments/ABae-stratified-confirmed_B10_s0_native.csv,1.0,40.0,60.0,1.0,0.3,0.7,3.0,10.0,1.0,0.15,0.0,ABae-stratified-confirmed,baseline,native,10.0,0.3,3.3333333333333335,3.0,0.3,7.0,0.0,0.0,,,,,
seed,10,0,Best strengthened baseline + K3 BB-EM,1.0,0.15,0.2608695652173913,0.15,3.0,20.0,17.0,10.0,10.0,1.0,count=3;mean=1;std=0;min=1;25%=1;50%=1;75%=1;max=1,0.20769726247987416,0.08695652173913045,0.08695652173913045,0.0,30.0,133.5000000000005,0.22471910112359464,outputs/stage_1b_map_anchor_barrier/segments/best_strengthened_ABae-stratified-confirmed_B10_s0_K3.csv,1.0,40.0,60.0,1.0,0.3,0.7,3.0,10.0,1.0,0.15,0.0,ABae-stratified-confirmed,best_strengthened_baseline,best_strengthened_K3,10.0,0.3,3.3333333333333335,3.0,0.3,7.0,0.0,0.0,,,,,
seed,10,1,ABae-stratified-confirmed native,1.0,0.15,0.2608695652173913,0.15,3.0,20.0,17.0,13.333333333333334,20.0,1.0,count=3;mean=1;std=0;min=1;25%=1;50%=1;75%=1;max=1,0.17815910585141456,0.08695652173913045,0.08695652173913045,0.0,40.0,133.5000000000005,0.29962546816479285,outputs/stage_1b_map_anchor_barrier/segments/ABae-stratified-confirmed_B10_s1_native.csv,1.0,40.0,60.0,1.0,0.3,0.7,3.0,18.0,1.0,0.15,0.0,ABae-stratified-confirmed,baseline,native,10.0,0.3,3.3333333333333335,4.0,0.4,6.0,0.0,0.0,,,,,
seed,10,1,Best strengthened baseline + K3 BB-EM,1.0,0.1,0.18181818181818182,0.15,2.0,20.0,18.0,25.0,40.0,1.5,count=2;mean=1.5;std=0.7071;min=1;25%=1.25;50%=1.5;75%=1.75;max=2,0.1764427157001408,0.09090909090909091,0.0,0.0,50.0,133.5000000000005,0.3745318352059911,outputs/stage_1b_map_anchor_barrier/segments/best_strengthened_ABae-stratified-confirmed_B10_s1_K3.csv,1.0,40.0,60.0,1.0,0.3,0.7,2.0,37.0,1.5,0.15,0.0,ABae-stratified-confirmed,best_strengthened_baseline,best_strengthened_K3,10.0,0.3,3.3333333333333335,4.0,0.4,6.0,0.0,0.0,,,,,
seed,10,2,ABae-stratified-confirmed native,1.0,0.25,0.4,0.25,5.0,20.0,15.0,10.0,10.0,1.0,count=5;mean=1;std=0;min=1;25%=1;50%=1;75%=1;max=1,0.2590302862725589,0.16000000000000003,0.08000000000000002,0.08000000000000002,50.0,133.5000000000005,0.3745318352059911,outputs/stage_1b_map_anchor_barrier/segments/ABae-stratified-confirmed_B10_s2_native.csv,1.0,40.0,60.0,1.0,0.3,0.7,5.0,10.0,1.0,0.25,0.0,ABae-stratified-confirmed,baseline,native,10.0,0.5,2.0,5.0,0.5,5.0,0.0,0.0,,,,,
seed,10,2,Best strengthened baseline + K3 BB-EM,1.0,0.25,0.4,0.25,5.0,20.0,15.0,10.0,10.0,1.0,count=5;mean=1;std=0;min=1;25%=1;50%=1;75%=1;max=1,0.2590302862725589,0.16000000000000003,0.08000000000000002,0.08000000000000002,50.0,133.5000000000005,0.3745318352059911,outputs/stage_1b_map_anchor_barrier/segments/best_strengthened_ABae-stratified-confirmed_B10_s2_K3.csv,1.0,40.0,60.0,1.0,0.3,0.7,5.0,10.0,1.0,0.25,0.0,ABae-stratified-confirmed,best_strengthened_baseline,best_strengthened_K3,10.0,0.5,2.0,5.0,0.5,5.0,0.0,0.0,,,,,
seed,10,3,ABae-stratified-confirmed native,1.0,0.2,0.33333333333333337,0.2,4.0,20.0,16.0,10.0,10.0,1.0,count=4;mean=1;std=0;min=1;25%=1;50%=1;75%=1;max=1,0.07000000000000206,0.0,0.0,0.0,40.0,133.5000000000005,0.29962546816479285,outputs/stage_1b_map_anchor_barrier/segments/ABae-stratified-confirmed_B10_s3_native.csv,1.0,40.0,60.0,1.0,0.3,0.7,4.0,10.0,1.0,0.2,0.0,ABae-stratified-confirmed,baseline,native,10.0,0.4,2.5,4.0,0.4,6.0,0.0,0.0,,,,,
seed,10,3,Best strengthened baseline + K3 BB-EM,1.0,0.2,0.33333333333333337,0.2,4.0,20.0,16.0,10.0,10.0,1.0,count=4;mean=1;std=0;min=1;25%=1;50%=1;75%=1;max=1,0.07000000000000206,0.0,0.0,0.0,40.0,133.5000000000005,0.29962546816479285,outputs/stage_1b_map_anchor_barrier/segments/best_strengthened_ABae-stratified-confirmed_B10_s3_K3.csv,1.0,40.0,60.0,1.0,0.3,0.7,4.0,10.0,1.0,0.2,0.0,ABae-stratified-confirmed,best_strengthened_baseline,best_strengthened_K3,10.0,0.4,2.5,4.0,0.4,6.0,0.0,0.0,,,,,
seed,10,4,ABae-stratified-confirmed native,1.0,0.1,0.18181818181818182,0.1,2.0,20.0,18.0,10.0,10.0,1.0,count=2;mean=1;std=0;min=1;25%=1;50%=1;75%=1;max=1,0.11028599605522678,0.09090909090909091,0.0,0.0,20.0,133.5000000000005,0.14981273408239643,outputs/stage_1b_map_anchor_barrier/segments/ABae-stratified-confirmed_B10_s4_native.csv,1.0,40.0,60.0,1.0,0.3,0.7,2.0,10.0,1.0,0.1,0.0,ABae-stratified-confirmed,baseline,native,10.0,0.2,5.0,2.0,0.2,8.0,0.0,0.0,,,,,
seed,10,4,Best strengthened baseline + K3 BB-EM,1.0,0.1,0.18181818181818182,0.1,2.0,20.0,18.0,10.0,10.0,1.0,count=2;mean=1;std=0;min=1;25%=1;50%=1;75%=1;max=1,0.11028599605522678,0.09090909090909091,0.0,0.0,20.0,133.5000000000005,0.14981273408239643,outputs/stage_1b_map_anchor_barrier/segments/best_strengthened_ABae-stratified-confirmed_B10_s4_K3.csv,1.0,40.0,60.0,1.0,0.3,0.7,2.0,10.0,1.0,0.1,0.0,ABae-stratified-confirmed,best_strengthened_baseline,best_strengthened_K3,10.0,0.2,5.0,2.0,0.2,8.0,0.0,0.0,,,,,
seed,20,0,ABae-stratified-confirmed native,1.0,0.15,0.2608695652173913,0.15,3.0,20.0,17.0,10.0,10.0,1.0,count=3;mean=1;std=0;min=1;25%=1;50%=1;75%=1;max=1,0.20769726247987275,0.08695652173913045,0.08695652173913045,0.0,30.0,133.5000000000005,0.22471910112359464,outputs/stage_1b_map_anchor_barrier/segments/ABae-stratified-confirmed_B20_s0_native.csv,1.0,40.0,60.0,1.0,0.3,0.7,3.0,10.0,1.0,0.15,0.0,ABae-stratified-confirmed,baseline,native,20.0,0.15,6.666666666666667,3.0,0.15,17.0,0.0,0.0,,,,,
seed,20,1,ABae-stratified-confirmed native,0.8571428571428571,0.3,0.4444444444444444,0.3,7.0,20.0,13.0,10.0,10.0,1.0,count=7;mean=1;std=0;min=1;25%=1;50%=1;75%=1;max=1,0.15422174103612493,0.14814814814814817,0.07407407407407408,0.0,70.0,133.5000000000005,0.5243445692883875,outputs/stage_1b_map_anchor_barrier/segments/ABae-stratified-confirmed_B20_s1_native.csv,1.0,40.0,60.0,1.0,0.3,0.7,7.0,10.0,1.0,0.35,0.14285714285714285,ABae-stratified-confirmed,baseline,native,20.0,0.3,3.3333333333333335,7.0,0.35,13.0,0.0,0.0,,,,,
seed,20,2,ABae-stratified-confirmed native,0.8571428571428571,0.3,0.4444444444444444,0.3,7.0,20.0,13.0,14.285714285714286,20.0,1.0,count=7;mean=1;std=0;min=1;25%=1;50%=1;75%=1;max=1,0.205000000000002,0.2222222222222222,0.14814814814814817,0.07407407407407408,100.0,133.5000000000005,0.7490636704119822,outputs/stage_1b_map_anchor_barrier/segments/ABae-stratified-confirmed_B20_s2_native.csv,1.0,40.0,60.0,1.0,0.3,0.7,7.0,20.0,1.0,0.35,0.14285714285714285,ABae-stratified-confirmed,baseline,native,20.0,0.3,3.3333333333333335,10.0,0.5,10.0,0.0,0.0,,,,,
seed,20,3,ABae-stratified-confirmed native,1.0,0.25,0.4,0.25,5.0,20.0,15.0,10.0,10.0,1.0,count=5;mean=1;std=0;min=1;25%=1;50%=1;75%=1;max=1,0.3509819770938161,0.24,0.16000000000000003,0.08000000000000002,50.0,133.5000000000005,0.3745318352059911,outputs/stage_1b_map_anchor_barrier/segments/ABae-stratified-confirmed_B20_s3_native.csv,1.0,40.0,60.0,1.0,0.3,0.7,5.0,10.0,1.0,0.25,0.0,ABae-stratified-confirmed,baseline,native,20.0,0.25,4.0,5.0,0.25,15.0,0.0,0.0,,,,,
seed,20,4,ABae-stratified-confirmed native,0.75,0.3,0.4285714285714285,0.3,8.0,20.0,12.0,10.0,10.0,1.0,count=8;mean=1;std=0;min=1;25%=1;50%=1;75%=1;max=1,0.07176199868507739,0.07142857142857144,0.0,0.0,80.0,133.5000000000005,0.5992509363295857,outputs/stage_1b_map_anchor_barrier/segments/ABae-stratified-confirmed_B20_s4_native.csv,1.0,40.0,60.0,1.0,0.3,0.7,8.0,10.0,1.0,0.4,0.25,ABae-stratified-confirmed,baseline,native,20.0,0.3,3.3333333333333335,8.0,0.4,12.0,0.0,0.0,,,,,
seed,50,0,ABae-stratified-confirmed native,0.9230769230769231,0.6,0.7272727272727274,0.6,13.0,20.0,7.0,14.615384615384615,30.0,1.0,count=13;mean=1;std=0;min=1;25%=1;50%=1;75%=1;max=1,0.25829828660436277,0.24242424242424246,0.24242424242424246,0.18181818181818185,190.0,133.5000000000005,1.4232209737827661,outputs/stage_1b_map_anchor_barrier/segments/ABae-stratified-confirmed_B50_s0_native.csv,1.0,40.0,60.0,1.0,0.3,0.7,13.0,30.0,1.0,0.65,0.07692307692307693,ABae-stratified-confirmed,baseline,native,50.0,0.24,4.166666666666667,19.0,0.38,31.0,0.0,0.0,,,,,
seed,50,0,Best strengthened baseline + K3 BB-EM,0.9166666666666666,0.55,0.6874999999999999,0.6,12.0,20.0,8.0,17.5,40.0,1.0833333333333333,count=12;mean=1.083;std=0.2887;min=1;25%=1;50%=1;75%=1;max=2,0.31153340069946894,0.25,0.25,0.25,210.0,133.5000000000005,1.5730337078651626,outputs/stage_1b_map_anchor_barrier/segments/best_strengthened_ABae-stratified-confirmed_B50_s0_K3.csv,1.0,40.0,60.0,1.0,0.3,0.7,12.0,30.0,1.0833333333333333,0.65,0.08333333333333333,ABae-stratified-confirmed,best_strengthened_baseline,best_strengthened_K3,50.0,0.24,4.166666666666667,19.0,0.38,31.0,0.0,0.0,,,,,
seed,50,1,ABae-stratified-confirmed native,0.9375,0.75,0.8333333333333334,0.75,16.0,20.0,4.0,12.5,20.0,1.0,count=16;mean=1;std=0;min=1;25%=1;50%=1;75%=1;max=1,0.17550460699959267,0.22222222222222224,0.22222222222222224,0.11111111111111112,200.0,133.5000000000005,1.4981273408239644,outputs/stage_1b_map_anchor_barrier/segments/ABae-stratified-confirmed_B50_s1_native.csv,1.0,40.0,60.0,1.0,0.3,0.7,16.0,20.0,1.0,0.8,0.0625,ABae-stratified-confirmed,baseline,native,50.0,0.3,3.3333333333333335,20.0,0.4,30.0,0.0,0.0,,,,,
seed,50,1,Best strengthened baseline + K3 BB-EM,0.9333333333333333,0.7,0.8,0.75,15.0,20.0,5.0,14.666666666666666,40.0,1.0666666666666667,count=15;mean=1.067;std=0.2582;min=1;25%=1;50%=1;75%=1;max=2,0.20788426827724682,0.2285714285714286,0.2285714285714286,0.17142857142857143,220.0,133.5000000000005,1.6479400749063606,outputs/stage_1b_map_anchor_barrier/segments/best_strengthened_ABae-stratified-confirmed_B50_s1_K3.csv,1.0,40.0,60.0,1.0,0.3,0.7,15.0,25.999999999999996,1.0666666666666667,0.8,0.06666666666666667,ABae-stratified-confirmed,best_strengthened_baseline,best_strengthened_K3,50.0,0.3,3.3333333333333335,20.0,0.4,30.0,0.0,0.0,,,,,
seed,50,2,ABae-stratified-confirmed native,0.8181818181818182,0.45,0.5806451612903226,0.45,11.0,20.0,9.0,12.727272727272727,20.0,1.0,count=11;mean=1;std=0;min=1;25%=1;50%=1;75%=1;max=1,0.2944979863977262,0.25806451612903225,0.25806451612903225,0.12903225806451613,140.0,133.5000000000005,1.048689138576775,outputs/stage_1b_map_anchor_barrier/segments/ABae-stratified-confirmed_B50_s2_native.csv,1.0,40.0,60.0,1.0,0.3,0.7,11.0,20.0,1.0,0.55,0.18181818181818182,ABae-stratified-confirmed,baseline,native,50.0,0.18,5.555555555555555,14.0,0.28,36.0,0.0,0.0,,,,,
seed,50,2,Best strengthened baseline + K3 BB-EM,0.875,0.35,0.4999999999999999,0.45,8.0,20.0,12.0,21.25,40.0,1.25,count=8;mean=1.25;std=0.4629;min=1;25%=1;50%=1;75%=1.25;max=2,0.37225688628370845,0.28571428571428575,0.21428571428571425,0.21428571428571425,170.0,133.5000000000005,1.2734082397003696,outputs/stage_1b_map_anchor_barrier/segments/best_strengthened_ABae-stratified-confirmed_B50_s2_K3.csv,1.0,40.0,60.0,1.0,0.3,0.7,8.0,33.0,1.25,0.5,0.125,ABae-stratified-confirmed,best_strengthened_baseline,best_strengthened_K3,50.0,0.18,5.555555555555555,14.0,0.28,36.0,0.0,0.0,,,,,
seed,50,3,ABae-stratified-confirmed native,0.9285714285714286,0.65,0.7647058823529412,0.65,14.0,20.0,6.0,11.428571428571429,30.0,1.0,count=14;mean=1;std=0;min=1;25%=1;50%=1;75%=1;max=1,0.2811801887218403,0.2941176470588235,0.2941176470588235,0.11764705882352941,160.0,133.5000000000005,1.1985018726591714,outputs/stage_1b_map_anchor_barrier/segments/ABae-stratified-confirmed_B50_s3_native.csv,1.0,40.0,60.0,1.0,0.3,0.7,14.0,10.0,1.0,0.7,0.07142857142857142,ABae-stratified-confirmed,baseline,native,50.0,0.26,3.8461538461538463,16.0,0.32,34.0,0.0,0.0,,,,,
seed,50,3,Best strengthened baseline + K3 BB-EM,0.9285714285714286,0.65,0.7647058823529412,0.65,14.0,20.0,6.0,12.142857142857142,40.0,1.0,count=14;mean=1;std=0;min=1;25%=1;50%=1;75%=1;max=1,0.31533054526864646,0.2941176470588235,0.2941176470588235,0.1764705882352941,170.0,133.5000000000005,1.2734082397003696,outputs/stage_1b_map_anchor_barrier/segments/best_strengthened_ABae-stratified-confirmed_B50_s3_K3.csv,1.0,40.0,60.0,1.0,0.3,0.7,14.0,10.0,1.0,0.7,0.07142857142857142,ABae-stratified-confirmed,best_strengthened_baseline,best_strengthened_K3,50.0,0.26,3.8461538461538463,16.0,0.32,34.0,0.0,0.0,,,,,
seed,50,4,ABae-stratified-confirmed native,0.9090909090909091,0.5,0.6451612903225806,0.5,11.0,20.0,9.0,14.545454545454545,40.0,1.0,count=11;mean=1;std=0;min=1;25%=1;50%=1;75%=1;max=1,0.23880917874396346,0.25806451612903225,0.25806451612903225,0.19354838709677416,160.0,133.5000000000005,1.1985018726591714,outputs/stage_1b_map_anchor_barrier/segments/ABae-stratified-confirmed_B50_s4_native.csv,1.0,40.0,60.0,1.0,0.3,0.7,11.0,20.0,1.0,0.55,0.09090909090909091,ABae-stratified-confirmed,baseline,native,50.0,0.2,5.0,16.0,0.32,34.0,0.0,0.0,,,,,
seed,50,4,Best strengthened baseline + K3 BB-EM,1.0,0.5,0.6666666666666666,0.5,10.0,20.0,10.0,17.0,40.0,1.1,count=10;mean=1.1;std=0.3162;min=1;25%=1;50%=1;75%=1;max=2,0.2341425120772965,0.26666666666666666,0.26666666666666666,0.2,170.0,133.5000000000005,1.2734082397003696,outputs/stage_1b_map_anchor_barrier/segments/best_strengthened_ABae-stratified-confirmed_B50_s4_K3.csv,1.0,40.0,60.0,1.0,0.3,0.7,10.0,30.999999999999996,1.1,0.55,0.1,ABae-stratified-confirmed,best_strengthened_baseline,best_strengthened_K3,50.0,0.2,5.0,16.0,0.32,34.0,0.0,0.0,,,,,
seed,5,0,ABae-stratified-confirmed native,1.0,0.1,0.18181818181818182,0.1,2.0,20.0,18.0,10.0,10.0,1.0,count=2;mean=1;std=0;min=1;25%=1;50%=1;75%=1;max=1,0.276545893719809,0.09090909090909091,0.09090909090909091,0.0,20.0,133.5000000000005,0.14981273408239643,outputs/stage_1b_map_anchor_barrier/segments/ABae-stratified-confirmed_B5_s0_native.csv,1.0,40.0,60.0,1.0,0.3,0.7,2.0,10.0,1.0,0.1,0.0,ABae-stratified-confirmed,baseline,native,5.0,0.4,2.5,2.0,0.4,3.0,0.0,0.0,,,,,
seed,5,0,Best strengthened baseline + K3 BB-EM,1.0,0.1,0.18181818181818182,0.1,2.0,20.0,18.0,10.0,10.0,1.0,count=2;mean=1;std=0;min=1;25%=1;50%=1;75%=1;max=1,0.276545893719809,0.09090909090909091,0.09090909090909091,0.0,20.0,133.5000000000005,0.14981273408239643,outputs/stage_1b_map_anchor_barrier/segments/best_strengthened_ABae-stratified-confirmed_B5_s0_K3.csv,1.0,40.0,60.0,1.0,0.3,0.7,2.0,10.0,1.0,0.1,0.0,ABae-stratified-confirmed,best_strengthened_baseline,best_strengthened_K3,5.0,0.4,2.5,2.0,0.4,3.0,0.0,0.0,,,,,
seed,5,1,ABae-stratified-confirmed native,1.0,0.05,0.09523809523809523,0.05,1.0,20.0,19.0,10.0,10.0,1.0,count=1;mean=1;min=1;25%=1;50%=1;75%=1;max=1,0.07000000000000454,0.0,0.0,0.0,10.0,133.5000000000005,0.07490636704119821,outputs/stage_1b_map_anchor_barrier/segments/ABae-stratified-confirmed_B5_s1_native.csv,1.0,40.0,60.0,1.0,0.3,0.7,1.0,10.0,1.0,0.05,0.0,ABae-stratified-confirmed,baseline,native,5.0,0.2,5.0,1.0,0.2,4.0,0.0,0.0,,,,,
seed,5,1,Best strengthened baseline + K3 BB-EM,1.0,0.05,0.09523809523809523,0.05,1.0,20.0,19.0,10.0,10.0,1.0,count=1;mean=1;min=1;25%=1;50%=1;75%=1;max=1,0.07000000000000454,0.0,0.0,0.0,10.0,133.5000000000005,0.07490636704119821,outputs/stage_1b_map_anchor_barrier/segments/best_strengthened_ABae-stratified-confirmed_B5_s1_K3.csv,1.0,40.0,60.0,1.0,0.3,0.7,1.0,10.0,1.0,0.05,0.0,ABae-stratified-confirmed,best_strengthened_baseline,best_strengthened_K3,5.0,0.2,5.0,1.0,0.2,4.0,0.0,0.0,,,,,
seed,5,2,ABae-stratified-confirmed native,1.0,0.15,0.2608695652173913,0.15,3.0,20.0,17.0,10.0,10.0,1.0,count=3;mean=1;std=0;min=1;25%=1;50%=1;75%=1;max=1,0.4006060326764857,0.1739130434782609,0.08695652173913045,0.08695652173913045,30.0,133.5000000000005,0.22471910112359464,outputs/stage_1b_map_anchor_barrier/segments/ABae-stratified-confirmed_B5_s2_native.csv,1.0,40.0,60.0,1.0,0.3,0.7,3.0,10.0,1.0,0.15,0.0,ABae-stratified-confirmed,baseline,native,5.0,0.6,1.6666666666666667,3.0,0.6,2.0,0.0,0.0,,,,,
seed,5,2,Best strengthened baseline + K3 BB-EM,1.0,0.15,0.2608695652173913,0.15,3.0,20.0,17.0,10.0,10.0,1.0,count=3;mean=1;std=0;min=1;25%=1;50%=1;75%=1;max=1,0.4006060326764857,0.1739130434782609,0.08695652173913045,0.08695652173913045,30.0,133.5000000000005,0.22471910112359464,outputs/stage_1b_map_anchor_barrier/segments/best_strengthened_ABae-stratified-confirmed_B5_s2_K3.csv,1.0,40.0,60.0,1.0,0.3,0.7,3.0,10.0,1.0,0.15,0.0,ABae-stratified-confirmed,best_strengthened_baseline,best_strengthened_K3,5.0,0.6,1.6666666666666667,3.0,0.6,2.0,0.0,0.0,,,,,
seed,5,3,ABae-stratified-confirmed native,1.0,0.05,0.09523809523809523,0.05,1.0,20.0,19.0,10.0,10.0,1.0,count=1;mean=1;min=1;25%=1;50%=1;75%=1;max=1,0.07000000000000454,0.0,0.0,0.0,10.0,133.5000000000005,0.07490636704119821,outputs/stage_1b_map_anchor_barrier/segments/ABae-stratified-confirmed_B5_s3_native.csv,1.0,40.0,60.0,1.0,0.3,0.7,1.0,10.0,1.0,0.05,0.0,ABae-stratified-confirmed,baseline,native,5.0,0.2,5.0,1.0,0.2,4.0,0.0,0.0,,,,,
seed,5,3,Best strengthened baseline + K3 BB-EM,1.0,0.05,0.09523809523809523,0.05,1.0,20.0,19.0,10.0,10.0,1.0,count=1;mean=1;min=1;25%=1;50%=1;75%=1;max=1,0.07000000000000454,0.0,0.0,0.0,10.0,133.5000000000005,0.07490636704119821,outputs/stage_1b_map_anchor_barrier/segments/best_strengthened_ABae-stratified-confirmed_B5_s3_K3.csv,1.0,40.0,60.0,1.0,0.3,0.7,1.0,10.0,1.0,0.05,0.0,ABae-stratified-confirmed,best_strengthened_baseline,best_strengthened_K3,5.0,0.2,5.0,1.0,0.2,4.0,0.0,0.0,,,,,
seed,5,4,ABae-stratified-confirmed native,1.0,0.1,0.18181818181818182,0.1,2.0,20.0,18.0,10.0,10.0,1.0,count=2;mean=1;std=0;min=1;25%=1;50%=1;75%=1;max=1,0.11028599605522678,0.09090909090909091,0.0,0.0,20.0,133.5000000000005,0.14981273408239643,outputs/stage_1b_map_anchor_barrier/segments/ABae-stratified-confirmed_B5_s4_native.csv,1.0,40.0,60.0,1.0,0.3,0.7,2.0,10.0,1.0,0.1,0.0,ABae-stratified-confirmed,baseline,native,5.0,0.4,2.5,2.0,0.4,3.0,0.0,0.0,,,,,
seed,5,4,Best strengthened baseline + K3 BB-EM,1.0,0.1,0.18181818181818182,0.1,2.0,20.0,18.0,10.0,10.0,1.0,count=2;mean=1;std=0;min=1;25%=1;50%=1;75%=1;max=1,0.11028599605522678,0.09090909090909091,0.0,0.0,20.0,133.5000000000005,0.14981273408239643,outputs/stage_1b_map_anchor_barrier/segments/best_strengthened_ABae-stratified-confirmed_B5_s4_K3.csv,1.0,40.0,60.0,1.0,0.3,0.7,2.0,10.0,1.0,0.1,0.0,ABae-stratified-confirmed,best_strengthened_baseline,best_strengthened_K3,5.0,0.4,2.5,2.0,0.4,3.0,0.0,0.0,,,,,
seed,80,0,ABae-stratified-confirmed native,0.9473684210526315,0.9,0.9230769230769231,0.9,19.0,20.0,1.0,13.68421052631579,40.0,1.0,count=19;mean=1;std=0;min=1;25%=1;50%=1;75%=1;max=1,0.17947896120973283,0.20512820512820512,0.20512820512820512,0.15384615384615385,260.0,133.5000000000005,1.9475655430711536,outputs/stage_1b_map_anchor_barrier/segments/ABae-stratified-confirmed_B80_s0_native.csv,1.0,40.0,60.0,1.0,0.3,0.7,19.0,21.999999999999993,1.0,0.95,0.05263157894736842,ABae-stratified-confirmed,baseline,native,80.0,0.225,4.444444444444445,26.0,0.325,54.0,0.0,0.0,,,,,
seed,80,0,Best strengthened baseline + K3 BB-EM,0.9444444444444444,0.85,0.8947368421052632,0.9,18.0,20.0,2.0,15.0,40.0,1.0555555555555556,count=18;mean=1.056;std=0.2357;min=1;25%=1;50%=1;75%=1;max=2,0.18523262559461878,0.2105263157894737,0.2105263157894737,0.15789473684210525,270.0,133.5000000000005,2.0224719101123516,outputs/stage_1b_map_anchor_barrier/segments/best_strengthened_ABae-stratified-confirmed_B80_s0_K3.csv,1.0,40.0,60.0,1.0,0.3,0.7,18.0,30.0,1.0555555555555556,0.95,0.05555555555555555,ABae-stratified-confirmed,best_strengthened_baseline,best_strengthened_K3,80.0,0.225,4.444444444444445,26.0,0.325,54.0,0.0,0.0,,,,,
seed,80,1,ABae-stratified-confirmed native,1.0,0.85,0.9189189189189189,0.85,17.0,20.0,3.0,15.882352941176471,60.0,1.0,count=17;mean=1;std=0;min=1;25%=1;50%=1;75%=1;max=1,0.22843137254902163,0.3243243243243243,0.3243243243243243,0.2162162162162162,270.0,133.5000000000005,2.0224719101123516,outputs/stage_1b_map_anchor_barrier/segments/ABae-stratified-confirmed_B80_s1_native.csv,1.0,40.0,60.0,1.0,0.3,0.7,17.0,20.0,1.0,0.85,0.0,ABae-stratified-confirmed,baseline,native,80.0,0.2125,4.705882352941177,27.0,0.3375,53.0,0.0,0.0,,,,,
seed,80,1,Best strengthened baseline + K3 BB-EM,0.9411764705882353,0.8,0.8648648648648648,0.85,17.0,20.0,3.0,16.470588235294116,40.0,1.0588235294117647,count=17;mean=1.059;std=0.2425;min=1;25%=1;50%=1;75%=1;max=2,0.22591383136094878,0.3243243243243243,0.27027027027027023,0.2162162162162162,280.0,133.5000000000005,2.09737827715355,outputs/stage_1b_map_anchor_barrier/segments/best_strengthened_ABae-stratified-confirmed_B80_s1_K3.csv,1.0,40.0,60.0,1.0,0.3,0.7,17.0,28.000000000000007,1.0588235294117647,0.9,0.058823529411764705,ABae-stratified-confirmed,best_strengthened_baseline,best_strengthened_K3,80.0,0.2125,4.705882352941177,27.0,0.3375,53.0,0.0,0.0,,,,,
seed,80,2,ABae-stratified-confirmed native,1.0,0.8,0.888888888888889,0.8,16.0,20.0,4.0,16.875,60.0,1.0,count=16;mean=1;std=0;min=1;25%=1;50%=1;75%=1;max=1,0.2591666666666686,0.33333333333333326,0.33333333333333326,0.2777777777777778,270.0,133.5000000000005,2.0224719101123516,outputs/stage_1b_map_anchor_barrier/segments/ABae-stratified-confirmed_B80_s2_native.csv,1.0,40.0,60.0,1.0,0.3,0.7,16.0,25.0,1.0,0.8,0.0,ABae-stratified-confirmed,baseline,native,80.0,0.2,5.0,27.0,0.3375,53.0,0.0,0.0,,,,,
seed,80,2,Best strengthened baseline + K3 BB-EM,0.9411764705882353,0.8,0.8648648648648648,0.8,17.0,20.0,3.0,15.882352941176471,40.0,1.0,count=17;mean=1;std=0;min=1;25%=1;50%=1;75%=1;max=1,0.2556638313609486,0.3243243243243243,0.3243243243243243,0.27027027027027023,270.0,133.5000000000005,2.0224719101123516,outputs/stage_1b_map_anchor_barrier/segments/best_strengthened_ABae-stratified-confirmed_B80_s2_K3.csv,1.0,40.0,60.0,1.0,0.3,0.7,17.0,24.000000000000004,1.0,0.85,0.058823529411764705,ABae-stratified-confirmed,best_strengthened_baseline,best_strengthened_K3,80.0,0.2,5.0,27.0,0.3375,53.0,0.0,0.0,,,,,
seed,80,3,ABae-stratified-confirmed native,0.9,0.9,0.9,0.9,20.0,20.0,0.0,12.5,20.0,1.0,count=20;mean=1;std=0;min=1;25%=1;50%=1;75%=1;max=1,0.19239398819109182,0.3,0.25,0.15,250.0,133.5000000000005,1.8726591760299554,outputs/stage_1b_map_anchor_barrier/segments/ABae-stratified-confirmed_B80_s3_native.csv,1.0,40.0,60.0,1.0,0.3,0.7,20.0,20.0,1.0,1.0,0.1,ABae-stratified-confirmed,baseline,native,80.0,0.225,4.444444444444445,25.0,0.3125,55.0,0.0,0.0,,,,,
seed,80,3,Best strengthened baseline + K3 BB-EM,0.9411764705882353,0.8,0.8648648648648648,0.9,17.0,20.0,3.0,16.470588235294116,40.0,1.1176470588235294,count=17;mean=1.118;std=0.3321;min=1;25%=1;50%=1;75%=1;max=2,0.20879166666666862,0.3243243243243243,0.2162162162162162,0.2162162162162162,280.0,133.5000000000005,2.09737827715355,outputs/stage_1b_map_anchor_barrier/segments/best_strengthened_ABae-stratified-confirmed_B80_s3_K3.csv,1.0,40.0,60.0,1.0,0.3,0.7,17.0,30.0,1.1176470588235294,0.95,0.058823529411764705,ABae-stratified-confirmed,best_strengthened_baseline,best_strengthened_K3,80.0,0.225,4.444444444444445,25.0,0.3125,55.0,0.0,0.0,,,,,
seed,80,4,ABae-stratified-confirmed native,0.9333333333333333,0.7,0.8,0.7,15.0,20.0,5.0,16.0,60.0,1.0,count=15;mean=1;std=0;min=1;25%=1;50%=1;75%=1;max=1,0.3149482401656339,0.34285714285714286,0.34285714285714286,0.28571428571428575,240.0,133.5000000000005,1.7977528089887571,outputs/stage_1b_map_anchor_barrier/segments/ABae-stratified-confirmed_B80_s4_native.csv,1.0,40.0,60.0,1.0,0.3,0.7,15.0,20.0,1.0,0.75,0.06666666666666667,ABae-stratified-confirmed,baseline,native,80.0,0.175,5.714285714285714,24.0,0.3,56.0,0.0,0.0,,,,,
seed,80,4,Best strengthened baseline + K3 BB-EM,0.9285714285714286,0.65,0.7647058823529412,0.7,14.0,20.0,6.0,18.571428571428573,40.0,1.0714285714285714,count=14;mean=1.071;std=0.2673;min=1;25%=1;50%=1;75%=1;max=2,0.3418055033323897,0.3529411764705882,0.3529411764705882,0.3529411764705882,260.0,133.5000000000005,1.9475655430711536,outputs/stage_1b_map_anchor_barrier/segments/best_strengthened_ABae-stratified-confirmed_B80_s4_K3.csv,1.0,40.0,60.0,1.0,0.3,0.7,14.0,30.0,1.0714285714285714,0.75,0.07142857142857142,ABae-stratified-confirmed,best_strengthened_baseline,best_strengthened_K3,80.0,0.175,5.714285714285714,24.0,0.3,56.0,0.0,0.0,,,,,
seed,100,0,ARC-refinement native,0.6,0.6,0.6,0.75,20.0,20.0,0.0,24.5,150.0,0.8,count=20;mean=0.8;std=0.8944;min=0;25%=0;50%=1;75%=1;max=4,0.18060326086956646,0.25,0.20000000000000004,0.0,490.0,133.5000000000005,3.6704119850187125,outputs/stage_1b_map_anchor_barrier/segments/ARC-refinement_th0.3_B100_s0_native.csv,1.0,40.0,60.0,1.0,0.3,0.7,20.0,45.00000000000007,0.8,0.8,0.05,ARC-refinement@th0.3,baseline,native,44.0,0.3409090909090909,2.933333333333333,5.0,0.11363636363636363,39.0,0.0,0.0,,,,,
seed,100,0,ARC-refinement native,0.8636363636363636,0.95,0.9047619047619048,0.95,22.0,20.0,2.0,13.636363636363637,60.0,0.9090909090909091,count=22;mean=0.9091;std=0.2942;min=0;25%=1;50%=1;75%=1;max=1,0.22506229341469824,0.28571428571428564,0.28571428571428564,0.1904761904761905,300.0,133.5000000000005,2.2471910112359463,outputs/stage_1b_map_anchor_barrier/segments/ARC-refinement_th0.4_B100_s0_native.csv,1.0,40.0,60.0,1.0,0.3,0.7,22.0,20.0,0.9090909090909091,1.0,0.045454545454545456,ARC-refinement@th0.4,baseline,native,100.0,0.19,5.2631578947368425,27.0,0.27,73.0,0.0,0.0,,,,,
seed,100,1,ARC-refinement native,0.6,0.6,0.6,0.75,20.0,20.0,0.0,24.5,150.0,0.8,count=20;mean=0.8;std=0.8944;min=0;25%=0;50%=1;75%=1;max=4,0.18060326086956646,0.25,0.20000000000000004,0.0,490.0,133.5000000000005,3.6704119850187125,outputs/stage_1b_map_anchor_barrier/segments/ARC-refinement_th0.3_B100_s1_native.csv,1.0,40.0,60.0,1.0,0.3,0.7,20.0,45.00000000000007,0.8,0.8,0.05,ARC-refinement@th0.3,baseline,native,46.0,0.32608695652173914,3.066666666666667,8.0,0.17391304347826086,38.0,0.0,0.0,,,,,
seed,100,1,ARC-refinement native,0.9333333333333333,0.7,0.8,0.7,15.0,20.0,5.0,18.0,60.0,0.9333333333333333,count=15;mean=0.9333;std=0.2582;min=0;25%=1;50%=1;75%=1;max=1,0.3100000000000019,0.34285714285714286,0.34285714285714286,0.34285714285714286,270.0,133.5000000000005,2.0224719101123516,outputs/stage_1b_map_anchor_barrier/segments/ARC-refinement_th0.4_B100_s1_native.csv,1.0,40.0,60.0,1.0,0.3,0.7,15.0,30.0,0.9333333333333333,0.7,0.0,ARC-refinement@th0.4,baseline,native,100.0,0.14,7.142857142857143,26.0,0.26,74.0,0.0,0.0,,,,,
seed,100,2,ARC-refinement native,0.6521739130434783,0.75,0.6976744186046512,0.8,23.0,20.0,3.0,20.869565217391305,90.0,0.7391304347826086,count=23;mean=0.7391;std=0.5408;min=0;25%=0;50%=1;75%=1;max=2,0.19383498964803486,0.27906976744186046,0.18604651162790697,0.046511627906976744,480.0,133.5000000000005,3.5955056179775142,outputs/stage_1b_map_anchor_barrier/segments/ARC-refinement_th0.3_B100_s2_native.csv,1.0,40.0,60.0,1.0,0.3,0.7,23.0,48.00000000000001,0.7391304347826086,0.85,0.043478260869565216,ARC-refinement@th0.3,baseline,native,56.0,0.2857142857142857,3.5,14.0,0.25,42.0,0.0,0.0,,,,,
seed,100,2,ARC-refinement native,1.0,0.85,0.9189189189189189,0.85,17.0,20.0,3.0,17.058823529411764,60.0,1.0,count=17;mean=1;std=0;min=1;25%=1;50%=1;75%=1;max=1,0.2705882352941199,0.3243243243243243,0.3243243243243243,0.3243243243243243,290.0,133.5000000000005,2.172284644194748,outputs/stage_1b_map_anchor_barrier/segments/ARC-refinement_th0.4_B100_s2_native.csv,1.0,40.0,60.0,1.0,0.3,0.7,17.0,30.0,1.0,0.85,0.0,ARC-refinement@th0.4,baseline,native,93.0,0.1827956989247312,5.470588235294118,29.0,0.3118279569892473,64.0,0.0,0.0,,,,,
seed,100,3,ARC-refinement native,0.6666666666666666,0.8,0.7272727272727272,0.8,24.0,20.0,4.0,18.333333333333332,80.0,0.7083333333333334,count=24;mean=0.7083;std=0.4643;min=0;25%=0;50%=1;75%=1;max=1,0.21463126509662028,0.2727272727272727,0.22727272727272727,0.0909090909090909,440.0,133.5000000000005,3.2958801498127213,outputs/stage_1b_map_anchor_barrier/segments/ARC-refinement_th0.3_B100_s3_native.csv,1.0,40.0,60.0,1.0,0.3,0.7,24.0,36.99999999999999,0.7083333333333334,0.85,0.041666666666666664,ARC-refinement@th0.3,baseline,native,66.0,0.24242424242424243,4.125,17.0,0.25757575757575757,49.0,0.0,0.0,,,,,
seed,100,3,ARC-refinement native,1.0,0.8,0.888888888888889,0.8,16.0,20.0,4.0,17.5,60.0,1.0,count=16;mean=1;std=0;min=1;25%=1;50%=1;75%=1;max=1,0.28312500000000246,0.33333333333333326,0.33333333333333326,0.33333333333333326,280.0,133.5000000000005,2.09737827715355,outputs/stage_1b_map_anchor_barrier/segments/ARC-refinement_th0.4_B100_s3_native.csv,1.0,40.0,60.0,1.0,0.3,0.7,16.0,30.0,1.0,0.8,0.0,ARC-refinement@th0.4,baseline,native,92.0,0.17391304347826086,5.75,28.0,0.30434782608695654,64.0,0.0,0.0,,,,,
seed,100,4,ARC-refinement native,0.5454545454545454,0.6,0.5714285714285713,0.75,22.0,20.0,2.0,25.454545454545453,150.0,0.7272727272727273,count=22;mean=0.7273;std=0.8827;min=0;25%=0;50%=1;75%=1;max=4,0.1762282608695662,0.23809523809523808,0.1904761904761905,0.0,560.0,133.5000000000005,4.1947565543071,outputs/stage_1b_map_anchor_barrier/segments/ARC-refinement_th0.3_B100_s4_native.csv,1.0,40.0,60.0,1.0,0.3,0.7,22.0,40.0,0.7272727272727273,0.8,0.045454545454545456,ARC-refinement@th0.3,baseline,native,35.0,0.42857142857142855,2.3333333333333335,4.0,0.11428571428571428,31.0,0.0,0.0,,,,,
seed,100,4,ARC-refinement native,0.8260869565217391,0.95,0.8837209302325583,0.95,23.0,20.0,3.0,13.478260869565217,60.0,0.9130434782608695,count=23;mean=0.913;std=0.2881;min=0;25%=1;50%=1;75%=1;max=1,0.22506229341469824,0.27906976744186046,0.27906976744186046,0.18604651162790697,310.0,133.5000000000005,2.3220973782771446,outputs/stage_1b_map_anchor_barrier/segments/ARC-refinement_th0.4_B100_s4_native.csv,1.0,40.0,60.0,1.0,0.3,0.7,23.0,20.0,0.9130434782608695,1.05,0.08695652173913043,ARC-refinement@th0.4,baseline,native,100.0,0.19,5.2631578947368425,28.0,0.28,72.0,0.0,0.0,,,,,
seed,10,0,ARC-refinement native,0.5238095238095238,0.55,0.5365853658536585,0.7,21.0,20.0,1.0,29.047619047619047,150.0,0.7142857142857143,count=21;mean=0.7143;std=0.9024;min=0;25%=0;50%=1;75%=1;max=4,0.18043083003952634,0.24390243902439024,0.1951219512195122,0.0,610.0,133.5000000000005,4.569288389513091,outputs/stage_1b_map_anchor_barrier/segments/ARC-refinement_th0.3_B10_s0_native.csv,1.0,40.0,60.0,1.0,0.3,0.7,21.0,70.0,0.7142857142857143,0.75,0.047619047619047616,ARC-refinement@th0.3,baseline,native,10.0,1.4,0.7142857142857143,2.0,0.2,8.0,0.0,0.0,,,,,
seed,10,0,ARC-refinement native,0.5,0.3,0.37499999999999994,0.3,12.0,20.0,8.0,19.166666666666668,50.0,0.5,count=12;mean=0.5;std=0.5222;min=0;25%=0;50%=0.5;75%=1;max=1,0.20750000000000235,0.125,0.125,0.0625,230.0,133.5000000000005,1.7228464419475589,outputs/stage_1b_map_anchor_barrier/segments/ARC-refinement_th0.4_B10_s0_native.csv,1.0,40.0,60.0,1.0,0.3,0.7,12.0,39.0,0.5,0.3,0.0,ARC-refinement@th0.4,baseline,native,10.0,0.6,1.6666666666666667,1.0,0.1,9.0,0.0,0.0,,,,,
seed,10,1,ARC-refinement native,0.5,0.55,0.5238095238095238,0.7,22.0,20.0,2.0,26.818181818181817,150.0,0.6818181818181818,count=22;mean=0.6818;std=0.8937;min=0;25%=0;50%=1;75%=1;max=4,0.18164295125164776,0.23809523809523808,0.1904761904761905,0.0,590.0,133.5000000000005,4.419475655430695,outputs/stage_1b_map_anchor_barrier/segments/ARC-refinement_th0.3_B10_s1_native.csv,1.0,40.0,60.0,1.0,0.3,0.7,22.0,40.0,0.6818181818181818,0.75,0.045454545454545456,ARC-refinement@th0.3,baseline,native,10.0,1.4,0.7142857142857143,2.0,0.2,8.0,0.0,0.0,,,,,
seed,10,1,ARC-refinement native,0.5384615384615384,0.35,0.4242424242424242,0.35,13.0,20.0,7.0,16.153846153846153,50.0,0.5384615384615384,count=13;mean=0.5385;std=0.5189;min=0;25%=0;50%=1;75%=1;max=1,0.24687025534851825,0.18181818181818185,0.18181818181818185,0.060606060606060615,210.0,133.5000000000005,1.5730337078651626,outputs/stage_1b_map_anchor_barrier/segments/ARC-refinement_th0.4_B10_s1_native.csv,1.0,40.0,60.0,1.0,0.3,0.7,13.0,28.000000000000007,0.5384615384615384,0.35,0.0,ARC-refinement@th0.4,baseline,native,10.0,0.7,1.4285714285714286,2.0,0.2,8.0,0.0,0.0,,,,,
seed,10,2,ARC-refinement native,0.5,0.55,0.5238095238095238,0.7,22.0,20.0,2.0,26.818181818181817,150.0,0.6818181818181818,count=22;mean=0.6818;std=0.8937;min=0;25%=0;50%=1;75%=1;max=4,0.18164295125164764,0.23809523809523808,0.1904761904761905,0.0,590.0,133.5000000000005,4.419475655430695,outputs/stage_1b_map_anchor_barrier/segments/ARC-refinement_th0.3_B10_s2_native.csv,1.0,40.0,60.0,1.0,0.3,0.7,22.0,40.0,0.6818181818181818,0.75,0.045454545454545456,ARC-refinement@th0.3,baseline,native,10.0,1.4,0.7142857142857143,2.0,0.2,8.0,0.0,0.0,,,,,
seed,10,2,ARC-refinement native,0.5384615384615384,0.35,0.4242424242424242,0.35,13.0,20.0,7.0,16.153846153846153,50.0,0.5384615384615384,count=13;mean=0.5385;std=0.5189;min=0;25%=0;50%=1;75%=1;max=1,0.18785714285714472,0.12121212121212123,0.12121212121212123,0.060606060606060615,210.0,133.5000000000005,1.5730337078651626,outputs/stage_1b_map_anchor_barrier/segments/ARC-refinement_th0.4_B10_s2_native.csv,1.0,40.0,60.0,1.0,0.3,0.7,13.0,28.000000000000007,0.5384615384615384,0.35,0.0,ARC-refinement@th0.4,baseline,native,10.0,0.7,1.4285714285714286,2.0,0.2,8.0,0.0,0.0,,,,,
seed,10,3,ARC-refinement native,0.5,0.5,0.5,0.65,20.0,20.0,0.0,29.5,150.0,0.7,count=20;mean=0.7;std=0.9234;min=0;25%=0;50%=1;75%=1;max=4,0.19164057971014575,0.25,0.20000000000000004,0.0,590.0,133.5000000000005,4.419475655430695,outputs/stage_1b_map_anchor_barrier/segments/ARC-refinement_th0.3_B10_s3_native.csv,1.0,40.0,60.0,1.0,0.3,0.7,20.0,63.00000000000004,0.7,0.7,0.05,ARC-refinement@th0.3,baseline,native,10.0,1.3,0.7692307692307693,1.0,0.1,9.0,0.0,0.0,,,,,
seed,10,3,ARC-refinement native,0.5,0.3,0.37499999999999994,0.3,12.0,20.0,8.0,17.5,50.0,0.5,count=12;mean=0.5;std=0.5222;min=0;25%=0;50%=0.5;75%=1;max=1,0.20750000000000235,0.125,0.125,0.0625,210.0,133.5000000000005,1.5730337078651626,outputs/stage_1b_map_anchor_barrier/segments/ARC-refinement_th0.4_B10_s3_native.csv,1.0,40.0,60.0,1.0,0.3,0.7,12.0,29.000000000000004,0.5,0.3,0.0,ARC-refinement@th0.4,baseline,native,10.0,0.6,1.6666666666666667,1.0,0.1,9.0,0.0,0.0,,,,,
seed,10,4,ARC-refinement native,0.5238095238095238,0.55,0.5365853658536585,0.7,21.0,20.0,1.0,29.523809523809526,150.0,0.7142857142857143,count=21;mean=0.7143;std=0.9024;min=0;25%=0;50%=1;75%=1;max=4,0.17724901185770808,0.24390243902439024,0.1951219512195122,0.0,620.0,133.5000000000005,4.644194756554289,outputs/stage_1b_map_anchor_barrier/segments/ARC-refinement_th0.3_B10_s4_native.csv,1.0,40.0,60.0,1.0,0.3,0.7,21.0,70.0,0.7142857142857143,0.75,0.047619047619047616,ARC-refinement@th0.3,baseline,native,10.0,1.4,0.7142857142857143,2.0,0.2,8.0,0.0,0.0,,,,,
seed,10,4,ARC-refinement native,0.5,0.35,0.4117647058823529,0.35,14.0,20.0,6.0,17.857142857142858,50.0,0.5,count=14;mean=0.5;std=0.5189;min=0;25%=0;50%=0.5;75%=1;max=1,0.24687025534851822,0.1764705882352941,0.1764705882352941,0.058823529411764705,250.0,133.5000000000005,1.8726591760299554,outputs/stage_1b_map_anchor_barrier/segments/ARC-refinement_th0.4_B10_s4_native.csv,1.0,40.0,60.0,1.0,0.3,0.7,14.0,37.000000000000014,0.5,0.35,0.0,ARC-refinement@th0.4,baseline,native,10.0,0.7,1.4285714285714286,2.0,0.2,8.0,0.0,0.0,,,,,
seed,20,0,ARC-refinement native,0.5,0.55,0.5238095238095238,0.7,22.0,20.0,2.0,26.818181818181817,150.0,0.6818181818181818,count=22;mean=0.6818;std=0.8937;min=0;25%=0;50%=1;75%=1;max=4,0.18164295125164764,0.23809523809523808,0.1904761904761905,0.0,590.0,133.5000000000005,4.419475655430695,outputs/stage_1b_map_anchor_barrier/segments/ARC-refinement_th0.3_B20_s0_native.csv,1.0,40.0,60.0,1.0,0.3,0.7,22.0,40.0,0.6818181818181818,0.75,0.045454545454545456,ARC-refinement@th0.3,baseline,native,20.0,0.7,1.4285714285714286,2.0,0.1,18.0,0.0,0.0,,,,,
seed,20,0,ARC-refinement native,0.6,0.45,0.5142857142857143,0.45,15.0,20.0,5.0,15.333333333333334,50.0,0.6,count=15;mean=0.6;std=0.5071;min=0;25%=0;50%=1;75%=1;max=1,0.30363013629910657,0.2285714285714286,0.2285714285714286,0.1142857142857143,230.0,133.5000000000005,1.7228464419475589,outputs/stage_1b_map_anchor_barrier/segments/ARC-refinement_th0.4_B20_s0_native.csv,1.0,40.0,60.0,1.0,0.3,0.7,15.0,25.999999999999996,0.6,0.45,0.0,ARC-refinement@th0.4,baseline,native,20.0,0.45,2.2222222222222223,4.0,0.2,16.0,0.0,0.0,,,,,
seed,20,1,ARC-refinement native,0.5,0.55,0.5238095238095238,0.7,22.0,20.0,2.0,25.454545454545453,150.0,0.6818181818181818,count=22;mean=0.6818;std=0.8937;min=0;25%=0;50%=1;75%=1;max=4,0.1858853754940723,0.23809523809523808,0.1904761904761905,0.0,560.0,133.5000000000005,4.1947565543071,outputs/stage_1b_map_anchor_barrier/segments/ARC-refinement_th0.3_B20_s1_native.csv,1.0,40.0,60.0,1.0,0.3,0.7,22.0,40.0,0.6818181818181818,0.75,0.045454545454545456,ARC-refinement@th0.3,baseline,native,20.0,0.7,1.4285714285714286,3.0,0.15,17.0,0.0,0.0,,,,,
seed,20,1,ARC-refinement native,0.6923076923076923,0.45,0.5454545454545455,0.45,13.0,20.0,7.0,15.384615384615385,50.0,0.6923076923076923,count=13;mean=0.6923;std=0.4804;min=0;25%=0;50%=1;75%=1;max=1,0.25346484165324956,0.24242424242424246,0.24242424242424246,0.060606060606060615,200.0,133.5000000000005,1.4981273408239644,outputs/stage_1b_map_anchor_barrier/segments/ARC-refinement_th0.4_B20_s1_native.csv,1.0,40.0,60.0,1.0,0.3,0.7,13.0,28.000000000000007,0.6923076923076923,0.45,0.0,ARC-refinement@th0.4,baseline,native,20.0,0.45,2.2222222222222223,5.0,0.25,15.0,0.0,0.0,,,,,
seed,20,2,ARC-refinement native,0.5454545454545454,0.6,0.5714285714285713,0.75,22.0,20.0,2.0,25.454545454545453,150.0,0.7272727272727273,count=22;mean=0.7273;std=0.8827;min=0;25%=0;50%=1;75%=1;max=4,0.1762282608695662,0.23809523809523808,0.1904761904761905,0.0,560.0,133.5000000000005,4.1947565543071,outputs/stage_1b_map_anchor_barrier/segments/ARC-refinement_th0.3_B20_s2_native.csv,1.0,40.0,60.0,1.0,0.3,0.7,22.0,40.0,0.7272727272727273,0.8,0.045454545454545456,ARC-refinement@th0.3,baseline,native,20.0,0.75,1.3333333333333333,4.0,0.2,16.0,0.0,0.0,,,,,
seed,20,2,ARC-refinement native,0.7142857142857143,0.5,0.588235294117647,0.5,14.0,20.0,6.0,15.0,50.0,0.7142857142857143,count=14;mean=0.7143;std=0.4688;min=0;25%=0.25;50%=1;75%=1;max=1,0.1525000000000018,0.11764705882352941,0.11764705882352941,0.058823529411764705,210.0,133.5000000000005,1.5730337078651626,outputs/stage_1b_map_anchor_barrier/segments/ARC-refinement_th0.4_B20_s2_native.csv,1.0,40.0,60.0,1.0,0.3,0.7,14.0,27.00000000000001,0.7142857142857143,0.5,0.0,ARC-refinement@th0.4,baseline,native,20.0,0.5,2.0,7.0,0.35,13.0,0.0,0.0,,,,,
seed,20,3,ARC-refinement native,0.5,0.5,0.5,0.65,20.0,20.0,0.0,27.0,150.0,0.7,count=20;mean=0.7;std=0.9234;min=0;25%=0;50%=1;75%=1;max=4,0.19747391304347947,0.25,0.20000000000000004,0.0,540.0,133.5000000000005,4.044943820224703,outputs/stage_1b_map_anchor_barrier/segments/ARC-refinement_th0.3_B20_s3_native.csv,1.0,40.0,60.0,1.0,0.3,0.7,20.0,45.00000000000007,0.7,0.7,0.05,ARC-refinement@th0.3,baseline,native,20.0,0.65,1.5384615384615385,2.0,0.1,18.0,0.0,0.0,,,,,
seed,20,3,ARC-refinement native,0.6666666666666666,0.4,0.5,0.4,12.0,20.0,8.0,15.833333333333334,50.0,0.6666666666666666,count=12;mean=0.6667;std=0.4924;min=0;25%=0;50%=1;75%=1;max=1,0.16729166666666892,0.125,0.125,0.0625,190.0,133.5000000000005,1.4232209737827661,outputs/stage_1b_map_anchor_barrier/segments/ARC-refinement_th0.4_B20_s3_native.csv,1.0,40.0,60.0,1.0,0.3,0.7,12.0,29.000000000000004,0.6666666666666666,0.4,0.0,ARC-refinement@th0.4,baseline,native,20.0,0.4,2.5,3.0,0.15,17.0,0.0,0.0,,,,,
seed,20,4,ARC-refinement native,0.5238095238095238,0.55,0.5365853658536585,0.7,21.0,20.0,1.0,28.571428571428573,150.0,0.7142857142857143,count=21;mean=0.7143;std=0.9024;min=0;25%=0;50%=1;75%=1;max=4,0.1805823451910416,0.24390243902439024,0.1951219512195122,0.0,600.0,133.5000000000005,4.494382022471893,outputs/stage_1b_map_anchor_barrier/segments/ARC-refinement_th0.3_B20_s4_native.csv,1.0,40.0,60.0,1.0,0.3,0.7,21.0,60.0,0.7142857142857143,0.75,0.047619047619047616,ARC-refinement@th0.3,baseline,native,20.0,0.7,1.4285714285714286,2.0,0.1,18.0,0.0,0.0,,,,,
seed,20,4,ARC-refinement native,0.6,0.45,0.5142857142857143,0.45,15.0,20.0,5.0,16.0,50.0,0.6,count=15;mean=0.6;std=0.5071;min=0;25%=0;50%=1;75%=1;max=1,0.20238056897477388,0.17142857142857143,0.17142857142857143,0.05714285714285715,240.0,133.5000000000005,1.7977528089887571,outputs/stage_1b_map_anchor_barrier/segments/ARC-refinement_th0.4_B20_s4_native.csv,1.0,40.0,60.0,1.0,0.3,0.7,15.0,25.999999999999996,0.6,0.45,0.0,ARC-refinement@th0.4,baseline,native,20.0,0.45,2.2222222222222223,4.0,0.2,16.0,0.0,0.0,,,,,
seed,50,0,ARC-refinement native,0.6,0.6,0.6,0.75,20.0,20.0,0.0,24.5,150.0,0.8,count=20;mean=0.8;std=0.8944;min=0;25%=0;50%=1;75%=1;max=4,0.18060326086956646,0.25,0.20000000000000004,0.0,490.0,133.5000000000005,3.6704119850187125,outputs/stage_1b_map_anchor_barrier/segments/ARC-refinement_th0.3_B50_s0_native.csv,1.0,40.0,60.0,1.0,0.3,0.7,20.0,45.00000000000007,0.8,0.8,0.05,ARC-refinement@th0.3,baseline,native,44.0,0.3409090909090909,2.933333333333333,5.0,0.11363636363636363,39.0,0.0,0.0,,,,,
seed,50,0,ARC-refinement native,0.7777777777777778,0.7,0.7368421052631577,0.7,18.0,20.0,2.0,13.88888888888889,60.0,0.7777777777777778,count=18;mean=0.7778;std=0.4278;min=0;25%=1;50%=1;75%=1;max=1,0.2605306914855891,0.2631578947368421,0.2631578947368421,0.10526315789473685,250.0,133.5000000000005,1.8726591760299554,outputs/stage_1b_map_anchor_barrier/segments/ARC-refinement_th0.4_B50_s0_native.csv,1.0,40.0,60.0,1.0,0.3,0.7,18.0,16.000000000000014,0.7777777777777778,0.7,0.0,ARC-refinement@th0.4,baseline,native,50.0,0.28,3.5714285714285716,17.0,0.34,33.0,0.0,0.0,,,,,
seed,50,1,ARC-refinement native,0.6,0.6,0.6,0.75,20.0,20.0,0.0,24.5,150.0,0.8,count=20;mean=0.8;std=0.8944;min=0;25%=0;50%=1;75%=1;max=4,0.18060326086956646,0.25,0.20000000000000004,0.0,490.0,133.5000000000005,3.6704119850187125,outputs/stage_1b_map_anchor_barrier/segments/ARC-refinement_th0.3_B50_s1_native.csv,1.0,40.0,60.0,1.0,0.3,0.7,20.0,45.00000000000007,0.8,0.8,0.05,ARC-refinement@th0.3,baseline,native,46.0,0.32608695652173914,3.066666666666667,8.0,0.17391304347826086,38.0,0.0,0.0,,,,,
seed,50,1,ARC-refinement native,0.7333333333333333,0.55,0.6285714285714286,0.55,15.0,20.0,5.0,15.333333333333334,60.0,0.7333333333333333,count=15;mean=0.7333;std=0.4577;min=0;25%=0.5;50%=1;75%=1;max=1,0.2761682037769016,0.28571428571428575,0.28571428571428575,0.1142857142857143,230.0,133.5000000000005,1.7228464419475589,outputs/stage_1b_map_anchor_barrier/segments/ARC-refinement_th0.4_B50_s1_native.csv,1.0,40.0,60.0,1.0,0.3,0.7,15.0,25.999999999999996,0.7333333333333333,0.55,0.0,ARC-refinement@th0.4,baseline,native,50.0,0.22,4.545454545454546,15.0,0.3,35.0,0.0,0.0,,,,,
seed,50,2,ARC-refinement native,0.6190476190476191,0.65,0.6341463414634146,0.75,21.0,20.0,1.0,22.857142857142858,90.0,0.7619047619047619,count=21;mean=0.7619;std=0.7003;min=0;25%=0;50%=1;75%=1;max=3,0.20818322981366585,0.2926829268292683,0.1951219512195122,0.04878048780487805,480.0,133.5000000000005,3.5955056179775142,outputs/stage_1b_map_anchor_barrier/segments/ARC-refinement_th0.3_B50_s2_native.csv,1.0,40.0,60.0,1.0,0.3,0.7,21.0,70.0,0.7619047619047619,0.8,0.047619047619047616,ARC-refinement@th0.3,baseline,native,50.0,0.3,3.3333333333333335,11.0,0.22,39.0,0.0,0.0,,,,,
seed,50,2,ARC-refinement native,0.8,0.6,0.6857142857142857,0.6,15.0,20.0,5.0,15.333333333333334,60.0,0.8,count=15;mean=0.8;std=0.414;min=0;25%=1;50%=1;75%=1;max=1,0.2316465378421921,0.2285714285714286,0.2285714285714286,0.1142857142857143,230.0,133.5000000000005,1.7228464419475589,outputs/stage_1b_map_anchor_barrier/segments/ARC-refinement_th0.4_B50_s2_native.csv,1.0,40.0,60.0,1.0,0.3,0.7,15.0,25.999999999999996,0.8,0.6,0.0,ARC-refinement@th0.4,baseline,native,50.0,0.24,4.166666666666667,17.0,0.34,33.0,0.0,0.0,,,,,
seed,50,3,ARC-refinement native,0.6521739130434783,0.75,0.6976744186046512,0.75,23.0,20.0,3.0,20.0,90.0,0.6956521739130435,count=23;mean=0.6957;std=0.4705;min=0;25%=0;50%=1;75%=1;max=1,0.20334610075914636,0.27906976744186046,0.23255813953488372,0.046511627906976744,460.0,133.5000000000005,3.4456928838951177,outputs/stage_1b_map_anchor_barrier/segments/ARC-refinement_th0.3_B50_s3_native.csv,1.0,40.0,60.0,1.0,0.3,0.7,23.0,38.00000000000001,0.6956521739130435,0.8,0.043478260869565216,ARC-refinement@th0.3,baseline,native,50.0,0.3,3.3333333333333335,14.0,0.28,36.0,0.0,0.0,,,,,
seed,50,3,ARC-refinement native,0.7857142857142857,0.55,0.6470588235294117,0.55,14.0,20.0,6.0,16.428571428571427,60.0,0.7857142857142857,count=14;mean=0.7857;std=0.4258;min=0;25%=1;50%=1;75%=1;max=1,0.24681818181818424,0.23529411764705882,0.23529411764705882,0.1764705882352941,230.0,133.5000000000005,1.7228464419475589,outputs/stage_1b_map_anchor_barrier/segments/ARC-refinement_th0.4_B50_s3_native.csv,1.0,40.0,60.0,1.0,0.3,0.7,14.0,27.00000000000001,0.7857142857142857,0.55,0.0,ARC-refinement@th0.4,baseline,native,50.0,0.22,4.545454545454546,17.0,0.34,33.0,0.0,0.0,,,,,
seed,50,4,ARC-refinement native,0.5454545454545454,0.6,0.5714285714285713,0.75,22.0,20.0,2.0,25.454545454545453,150.0,0.7272727272727273,count=22;mean=0.7273;std=0.8827;min=0;25%=0;50%=1;75%=1;max=4,0.1762282608695662,0.23809523809523808,0.1904761904761905,0.0,560.0,133.5000000000005,4.1947565543071,outputs/stage_1b_map_anchor_barrier/segments/ARC-refinement_th0.3_B50_s4_native.csv,1.0,40.0,60.0,1.0,0.3,0.7,22.0,40.0,0.7272727272727273,0.8,0.045454545454545456,ARC-refinement@th0.3,baseline,native,35.0,0.42857142857142855,2.3333333333333335,4.0,0.11428571428571428,31.0,0.0,0.0,,,,,
seed,50,4,ARC-refinement native,0.7222222222222222,0.65,0.6842105263157895,0.65,18.0,20.0,2.0,13.88888888888889,50.0,0.7777777777777778,count=18;mean=0.7778;std=0.4278;min=0;25%=1;50%=1;75%=1;max=1,0.19701412114455802,0.2105263157894737,0.2105263157894737,0.052631578947368425,250.0,133.5000000000005,1.8726591760299554,outputs/stage_1b_map_anchor_barrier/segments/ARC-refinement_th0.4_B50_s4_native.csv,1.0,40.0,60.0,1.0,0.3,0.7,18.0,23.000000000000007,0.7777777777777778,0.7,0.05555555555555555,ARC-refinement@th0.4,baseline,native,50.0,0.26,3.8461538461538463,12.0,0.24,38.0,0.0,0.0,,,,,
seed,5,0,ARC-refinement native,0.5,0.55,0.5238095238095238,0.7,22.0,20.0,2.0,28.636363636363637,150.0,0.6818181818181818,count=22;mean=0.6818;std=0.8937;min=0;25%=0;50%=1;75%=1;max=4,0.17724901185770794,0.23809523809523808,0.1904761904761905,0.0,630.0,133.5000000000005,4.719101123595488,outputs/stage_1b_map_anchor_barrier/segments/ARC-refinement_th0.3_B5_s0_native.csv,1.0,40.0,60.0,1.0,0.3,0.7,22.0,67.00000000000006,0.6818181818181818,0.75,0.045454545454545456,ARC-refinement@th0.3,baseline,native,5.0,2.8,0.35714285714285715,1.0,0.2,4.0,0.0,0.0,,,,,
seed,5,0,ARC-refinement native,0.46153846153846156,0.3,0.3636363636363637,0.3,13.0,20.0,7.0,18.46153846153846,50.0,0.46153846153846156,count=13;mean=0.4615;std=0.5189;min=0;25%=0;50%=0;75%=1;max=1,0.20750000000000235,0.12121212121212123,0.12121212121212123,0.060606060606060615,240.0,133.5000000000005,1.7977528089887571,outputs/stage_1b_map_anchor_barrier/segments/ARC-refinement_th0.4_B5_s0_native.csv,1.0,40.0,60.0,1.0,0.3,0.7,13.0,38.00000000000001,0.46153846153846156,0.3,0.0,ARC-refinement@th0.4,baseline,native,5.0,1.2,0.8333333333333334,1.0,0.2,4.0,0.0,0.0,,,,,
seed,5,1,ARC-refinement native,0.5238095238095238,0.55,0.5365853658536585,0.7,21.0,20.0,1.0,29.047619047619047,150.0,0.7142857142857143,count=21;mean=0.7143;std=0.9024;min=0;25%=0;50%=1;75%=1;max=4,0.18043083003952645,0.24390243902439024,0.1951219512195122,0.0,610.0,133.5000000000005,4.569288389513091,outputs/stage_1b_map_anchor_barrier/segments/ARC-refinement_th0.3_B5_s1_native.csv,1.0,40.0,60.0,1.0,0.3,0.7,21.0,70.0,0.7142857142857143,0.75,0.047619047619047616,ARC-refinement@th0.3,baseline,native,5.0,2.8,0.35714285714285715,2.0,0.4,3.0,0.0,0.0,,,,,
seed,5,1,ARC-refinement native,0.5,0.3,0.37499999999999994,0.3,12.0,20.0,8.0,19.166666666666668,50.0,0.5,count=12;mean=0.5;std=0.5222;min=0;25%=0;50%=0.5;75%=1;max=1,0.20750000000000235,0.125,0.125,0.0625,230.0,133.5000000000005,1.7228464419475589,outputs/stage_1b_map_anchor_barrier/segments/ARC-refinement_th0.4_B5_s1_native.csv,1.0,40.0,60.0,1.0,0.3,0.7,12.0,39.0,0.5,0.3,0.0,ARC-refinement@th0.4,baseline,native,5.0,1.2,0.8333333333333334,1.0,0.2,4.0,0.0,0.0,,,,,
seed,5,2,ARC-refinement native,0.5238095238095238,0.55,0.5365853658536585,0.7,21.0,20.0,1.0,29.047619047619047,150.0,0.7142857142857143,count=21;mean=0.7143;std=0.9024;min=0;25%=0;50%=1;75%=1;max=4,0.18043083003952634,0.24390243902439024,0.1951219512195122,0.0,610.0,133.5000000000005,4.569288389513091,outputs/stage_1b_map_anchor_barrier/segments/ARC-refinement_th0.3_B5_s2_native.csv,1.0,40.0,60.0,1.0,0.3,0.7,21.0,70.0,0.7142857142857143,0.75,0.047619047619047616,ARC-refinement@th0.3,baseline,native,5.0,2.8,0.35714285714285715,2.0,0.4,3.0,0.0,0.0,,,,,
seed,5,2,ARC-refinement native,0.5,0.3,0.37499999999999994,0.3,12.0,20.0,8.0,19.166666666666668,50.0,0.5,count=12;mean=0.5;std=0.5222;min=0;25%=0;50%=0.5;75%=1;max=1,0.20750000000000235,0.125,0.125,0.0625,230.0,133.5000000000005,1.7228464419475589,outputs/stage_1b_map_anchor_barrier/segments/ARC-refinement_th0.4_B5_s2_native.csv,1.0,40.0,60.0,1.0,0.3,0.7,12.0,39.0,0.5,0.3,0.0,ARC-refinement@th0.4,baseline,native,5.0,1.2,0.8333333333333334,1.0,0.2,4.0,0.0,0.0,,,,,
seed,5,3,ARC-refinement native,0.5,0.5,0.5,0.65,20.0,20.0,0.0,30.5,150.0,0.7,count=20;mean=0.7;std=0.9234;min=0;25%=0;50%=1;75%=1;max=4,0.18797391304347885,0.25,0.20000000000000004,0.0,610.0,133.5000000000005,4.569288389513091,outputs/stage_1b_map_anchor_barrier/segments/ARC-refinement_th0.3_B5_s3_native.csv,1.0,40.0,60.0,1.0,0.3,0.7,20.0,72.00000000000003,0.7,0.7,0.05,ARC-refinement@th0.3,baseline,native,5.0,2.6,0.38461538461538464,0.0,0.0,5.0,0.0,0.0,,,,,
seed,5,3,ARC-refinement native,0.46153846153846156,0.3,0.3636363636363637,0.3,13.0,20.0,7.0,18.46153846153846,50.0,0.46153846153846156,count=13;mean=0.4615;std=0.5189;min=0;25%=0;50%=0;75%=1;max=1,0.20750000000000235,0.12121212121212123,0.12121212121212123,0.060606060606060615,240.0,133.5000000000005,1.7977528089887571,outputs/stage_1b_map_anchor_barrier/segments/ARC-refinement_th0.4_B5_s3_native.csv,1.0,40.0,60.0,1.0,0.3,0.7,13.0,38.00000000000001,0.46153846153846156,0.3,0.0,ARC-refinement@th0.4,baseline,native,5.0,1.2,0.8333333333333334,1.0,0.2,4.0,0.0,0.0,,,,,
seed,5,4,ARC-refinement native,0.5,0.55,0.5238095238095238,0.7,22.0,20.0,2.0,28.636363636363637,150.0,0.6818181818181818,count=22;mean=0.6818;std=0.8937;min=0;25%=0;50%=1;75%=1;max=4,0.17724901185770808,0.23809523809523808,0.1904761904761905,0.0,630.0,133.5000000000005,4.719101123595488,outputs/stage_1b_map_anchor_barrier/segments/ARC-refinement_th0.3_B5_s4_native.csv,1.0,40.0,60.0,1.0,0.3,0.7,22.0,67.00000000000006,0.6818181818181818,0.75,0.045454545454545456,ARC-refinement@th0.3,baseline,native,5.0,2.8,0.35714285714285715,1.0,0.2,4.0,0.0,0.0,,,,,
seed,5,4,ARC-refinement native,0.46153846153846156,0.3,0.3636363636363637,0.3,13.0,20.0,7.0,18.46153846153846,50.0,0.46153846153846156,count=13;mean=0.4615;std=0.5189;min=0;25%=0;50%=0;75%=1;max=1,0.20750000000000235,0.12121212121212123,0.12121212121212123,0.060606060606060615,240.0,133.5000000000005,1.7977528089887571,outputs/stage_1b_map_anchor_barrier/segments/ARC-refinement_th0.4_B5_s4_native.csv,1.0,40.0,60.0,1.0,0.3,0.7,13.0,38.00000000000001,0.46153846153846156,0.3,0.0,ARC-refinement@th0.4,baseline,native,5.0,1.2,0.8333333333333334,1.0,0.2,4.0,0.0,0.0,,,,,
seed,80,0,ARC-refinement native,0.6,0.6,0.6,0.75,20.0,20.0,0.0,24.5,150.0,0.8,count=20;mean=0.8;std=0.8944;min=0;25%=0;50%=1;75%=1;max=4,0.18060326086956646,0.25,0.20000000000000004,0.0,490.0,133.5000000000005,3.6704119850187125,outputs/stage_1b_map_anchor_barrier/segments/ARC-refinement_th0.3_B80_s0_native.csv,1.0,40.0,60.0,1.0,0.3,0.7,20.0,45.00000000000007,0.8,0.8,0.05,ARC-refinement@th0.3,baseline,native,44.0,0.3409090909090909,2.933333333333333,5.0,0.11363636363636363,39.0,0.0,0.0,,,,,
seed,80,0,ARC-refinement native,0.7894736842105263,0.75,0.7692307692307692,0.75,19.0,20.0,1.0,14.736842105263158,60.0,0.8421052631578947,count=19;mean=0.8421;std=0.3746;min=0;25%=1;50%=1;75%=1;max=1,0.2545233494363948,0.3076923076923077,0.3076923076923077,0.15384615384615385,280.0,133.5000000000005,2.09737827715355,outputs/stage_1b_map_anchor_barrier/segments/ARC-refinement_th0.4_B80_s0_native.csv,1.0,40.0,60.0,1.0,0.3,0.7,19.0,21.999999999999993,0.8421052631578947,0.8,0.05263157894736842,ARC-refinement@th0.4,baseline,native,80.0,0.1875,5.333333333333333,22.0,0.275,58.0,0.0,0.0,,,,,
seed,80,1,ARC-refinement native,0.6,0.6,0.6,0.75,20.0,20.0,0.0,24.5,150.0,0.8,count=20;mean=0.8;std=0.8944;min=0;25%=0;50%=1;75%=1;max=4,0.18060326086956646,0.25,0.20000000000000004,0.0,490.0,133.5000000000005,3.6704119850187125,outputs/stage_1b_map_anchor_barrier/segments/ARC-refinement_th0.3_B80_s1_native.csv,1.0,40.0,60.0,1.0,0.3,0.7,20.0,45.00000000000007,0.8,0.8,0.05,ARC-refinement@th0.3,baseline,native,46.0,0.32608695652173914,3.066666666666667,8.0,0.17391304347826086,38.0,0.0,0.0,,,,,
seed,80,1,ARC-refinement native,0.8571428571428571,0.6,0.7058823529411764,0.6,14.0,20.0,6.0,16.428571428571427,60.0,0.8571428571428571,count=14;mean=0.8571;std=0.3631;min=0;25%=1;50%=1;75%=1;max=1,0.3557729468599053,0.3529411764705882,0.3529411764705882,0.2941176470588235,230.0,133.5000000000005,1.7228464419475589,outputs/stage_1b_map_anchor_barrier/segments/ARC-refinement_th0.4_B80_s1_native.csv,1.0,40.0,60.0,1.0,0.3,0.7,14.0,20.0,0.8571428571428571,0.6,0.0,ARC-refinement@th0.4,baseline,native,80.0,0.15,6.666666666666667,21.0,0.2625,59.0,0.0,0.0,,,,,
seed,80,2,ARC-refinement native,0.6521739130434783,0.75,0.6976744186046512,0.8,23.0,20.0,3.0,20.869565217391305,90.0,0.7391304347826086,count=23;mean=0.7391;std=0.5408;min=0;25%=0;50%=1;75%=1;max=2,0.19383498964803486,0.27906976744186046,0.18604651162790697,0.046511627906976744,480.0,133.5000000000005,3.5955056179775142,outputs/stage_1b_map_anchor_barrier/segments/ARC-refinement_th0.3_B80_s2_native.csv,1.0,40.0,60.0,1.0,0.3,0.7,23.0,48.00000000000001,0.7391304347826086,0.85,0.043478260869565216,ARC-refinement@th0.3,baseline,native,56.0,0.2857142857142857,3.5,14.0,0.25,42.0,0.0,0.0,,,,,
seed,80,2,ARC-refinement native,0.9444444444444444,0.85,0.8947368421052632,0.85,18.0,20.0,2.0,15.555555555555555,60.0,0.9444444444444444,count=18;mean=0.9444;std=0.2357;min=0;25%=1;50%=1;75%=1;max=1,0.2584171639670384,0.3157894736842105,0.3157894736842105,0.2631578947368421,280.0,133.5000000000005,2.09737827715355,outputs/stage_1b_map_anchor_barrier/segments/ARC-refinement_th0.4_B80_s2_native.csv,1.0,40.0,60.0,1.0,0.3,0.7,18.0,23.000000000000007,0.9444444444444444,0.85,0.0,ARC-refinement@th0.4,baseline,native,80.0,0.2125,4.705882352941177,27.0,0.3375,53.0,0.0,0.0,,,,,
seed,80,3,ARC-refinement native,0.6666666666666666,0.8,0.7272727272727272,0.8,24.0,20.0,4.0,18.333333333333332,80.0,0.7083333333333334,count=24;mean=0.7083;std=0.4643;min=0;25%=0;50%=1;75%=1;max=1,0.21463126509662028,0.2727272727272727,0.22727272727272727,0.0909090909090909,440.0,133.5000000000005,3.2958801498127213,outputs/stage_1b_map_anchor_barrier/segments/ARC-refinement_th0.3_B80_s3_native.csv,1.0,40.0,60.0,1.0,0.3,0.7,24.0,36.99999999999999,0.7083333333333334,0.85,0.041666666666666664,ARC-refinement@th0.3,baseline,native,66.0,0.24242424242424243,4.125,17.0,0.25757575757575757,49.0,0.0,0.0,,,,,
seed,80,3,ARC-refinement native,0.9333333333333333,0.7,0.8,0.7,15.0,20.0,5.0,16.666666666666668,60.0,0.9333333333333333,count=15;mean=0.9333;std=0.2582;min=0;25%=1;50%=1;75%=1;max=1,0.2659523809523835,0.28571428571428575,0.28571428571428575,0.28571428571428575,250.0,133.5000000000005,1.8726591760299554,outputs/stage_1b_map_anchor_barrier/segments/ARC-refinement_th0.4_B80_s3_native.csv,1.0,40.0,60.0,1.0,0.3,0.7,15.0,25.999999999999996,0.9333333333333333,0.7,0.0,ARC-refinement@th0.4,baseline,native,80.0,0.175,5.714285714285714,24.0,0.3,56.0,0.0,0.0,,,,,
seed,80,4,ARC-refinement native,0.5454545454545454,0.6,0.5714285714285713,0.75,22.0,20.0,2.0,25.454545454545453,150.0,0.7272727272727273,count=22;mean=0.7273;std=0.8827;min=0;25%=0;50%=1;75%=1;max=4,0.1762282608695662,0.23809523809523808,0.1904761904761905,0.0,560.0,133.5000000000005,4.1947565543071,outputs/stage_1b_map_anchor_barrier/segments/ARC-refinement_th0.3_B80_s4_native.csv,1.0,40.0,60.0,1.0,0.3,0.7,22.0,40.0,0.7272727272727273,0.8,0.045454545454545456,ARC-refinement@th0.3,baseline,native,35.0,0.42857142857142855,2.3333333333333335,4.0,0.11428571428571428,31.0,0.0,0.0,,,,,
seed,80,4,ARC-refinement native,0.76,0.95,0.8444444444444444,0.95,25.0,20.0,5.0,13.2,60.0,0.84,count=25;mean=0.84;std=0.3742;min=0;25%=1;50%=1;75%=1;max=1,0.18936053902873334,0.22222222222222224,0.22222222222222224,0.08888888888888889,330.0,133.5000000000005,2.471910112359541,outputs/stage_1b_map_anchor_barrier/segments/ARC-refinement_th0.4_B80_s4_native.csv,1.0,40.0,60.0,1.0,0.3,0.7,25.0,16.000000000000014,0.84,1.05,0.08,ARC-refinement@th0.4,baseline,native,80.0,0.2375,4.2105263157894735,25.0,0.3125,55.0,0.0,0.0,,,,,
seed,20,0,Best strengthened baseline + K3 BB-EM,1.0,0.25,0.4,0.25,5.0,20.0,15.0,10.0,10.0,1.0,count=5;mean=1;std=0;min=1;25%=1;50%=1;75%=1;max=1,0.3138675786717246,0.16000000000000003,0.16000000000000003,0.08000000000000002,50.0,133.5000000000005,0.3745318352059911,outputs/stage_1b_map_anchor_barrier/segments/best_strengthened_SUPG-RT-all-selected_B20_s0_K3.csv,1.0,40.0,60.0,1.0,0.3,0.7,5.0,10.0,1.0,0.25,0.0,SUPG-RT-all-selected,best_strengthened_baseline,best_strengthened_K3,20.0,0.25,4.0,5.0,0.25,15.0,0.0,0.0,,,,,
seed,20,1,Best strengthened baseline + K3 BB-EM,1.0,0.4,0.5714285714285715,0.4,8.0,20.0,12.0,11.25,20.0,1.0,count=8;mean=1;std=0;min=1;25%=1;50%=1;75%=1;max=1,0.24105277920704546,0.28571428571428575,0.21428571428571425,0.07142857142857144,90.0,133.5000000000005,0.674157303370784,outputs/stage_1b_map_anchor_barrier/segments/best_strengthened_SUPG-RT-all-selected_B20_s1_K3.csv,1.0,40.0,60.0,1.0,0.3,0.7,8.0,12.999999999999998,1.0,0.4,0.0,SUPG-RT-all-selected,best_strengthened_baseline,best_strengthened_K3,18.0,0.4444444444444444,2.25,9.0,0.5,9.0,0.0,0.0,,,,,
seed,20,2,Best strengthened baseline + K3 BB-EM,1.0,0.3,0.4615384615384615,0.3,6.0,20.0,14.0,10.0,10.0,1.0,count=6;mean=1;std=0;min=1;25%=1;50%=1;75%=1;max=1,0.15422174103612488,0.15384615384615383,0.07692307692307691,0.0,60.0,133.5000000000005,0.4494382022471893,outputs/stage_1b_map_anchor_barrier/segments/best_strengthened_SUPG-RT-all-selected_B20_s2_K3.csv,1.0,40.0,60.0,1.0,0.3,0.7,6.0,10.0,1.0,0.3,0.0,SUPG-RT-all-selected,best_strengthened_baseline,best_strengthened_K3,18.0,0.3333333333333333,3.0,6.0,0.3333333333333333,12.0,0.0,0.0,,,,,
seed,20,3,Best strengthened baseline + K3 BB-EM,1.0,0.2,0.33333333333333337,0.2,4.0,20.0,16.0,12.5,20.0,1.0,count=4;mean=1;std=0;min=1;25%=1;50%=1;75%=1;max=1,0.25439227624846567,0.16666666666666669,0.16666666666666669,0.0,50.0,133.5000000000005,0.3745318352059911,outputs/stage_1b_map_anchor_barrier/segments/best_strengthened_SUPG-RT-all-selected_B20_s3_K3.csv,1.0,40.0,60.0,1.0,0.3,0.7,4.0,17.0,1.0,0.2,0.0,SUPG-RT-all-selected,best_strengthened_baseline,best_strengthened_K3,19.0,0.21052631578947367,4.75,5.0,0.2631578947368421,14.0,0.0,0.0,,,,,
seed,20,4,Best strengthened baseline + K3 BB-EM,1.0,0.1,0.18181818181818182,0.1,2.0,20.0,18.0,20.0,30.0,1.0,count=2;mean=1;std=0;min=1;25%=1;50%=1;75%=1;max=1,0.33085798816568246,0.09090909090909091,0.09090909090909091,0.09090909090909091,40.0,133.5000000000005,0.29962546816479285,outputs/stage_1b_map_anchor_barrier/segments/best_strengthened_SUPG-RT-all-selected_B20_s4_K3.csv,1.0,40.0,60.0,1.0,0.3,0.7,2.0,28.0,1.0,0.1,0.0,SUPG-RT-all-selected,best_strengthened_baseline,best_strengthened_K3,18.0,0.1111111111111111,9.0,3.0,0.16666666666666666,15.0,0.0,0.0,,,,,
seed,100,0,Ours-Frozen-LATE-AQP-v1 native,0.5,0.3,0.37499999999999994,1.0,12.0,20.0,8.0,83.33333333333333,350.0,1.6666666666666667,count=12;mean=1.667;std=2.387;min=0;25%=0;50%=0.5;75%=2.5;max=7,0.10283365400032092,0.18749999999999997,0.0,0.0,1000.0,133.5000000000005,7.490636704119821,outputs/stage_1b_map_anchor_barrier/segments/Ours-Frozen-LATE-AQP-v1_B100_s0_native.csv,1.0,40.0,60.0,1.0,0.3,0.7,12.0,254.00000000000006,1.6666666666666667,1.0,0.0,Ours-Frozen-LATE-AQP-v1,ours,native,100.0,0.2,5.0,32.0,0.32,68.0,0.0,0.0,,,,,
seed,100,1,Ours-Frozen-LATE-AQP-v1 native,0.5454545454545454,0.3,0.3870967741935483,1.0,11.0,20.0,9.0,90.9090909090909,390.0,1.8181818181818181,count=11;mean=1.818;std=2.676;min=0;25%=0;50%=1;75%=2.5;max=8,0.12419483294483286,0.19354838709677416,0.06451612903225806,0.0,1000.0,133.5000000000005,7.490636704119821,outputs/stage_1b_map_anchor_barrier/segments/Ours-Frozen-LATE-AQP-v1_B100_s1_native.csv,1.0,40.0,60.0,1.0,0.3,0.7,11.0,260.0,1.8181818181818181,1.0,0.0,Ours-Frozen-LATE-AQP-v1,ours,native,100.0,0.2,5.0,32.0,0.32,68.0,0.0,0.0,,,,,
seed,100,2,Ours-Frozen-LATE-AQP-v1 native,0.6363636363636364,0.35,0.45161290322580644,1.0,11.0,20.0,9.0,90.9090909090909,350.0,1.8181818181818181,count=11;mean=1.818;std=2.401;min=0;25%=0;50%=1;75%=2.5;max=7,0.1070015698587128,0.19354838709677416,0.06451612903225806,0.0,1000.0,133.5000000000005,7.490636704119821,outputs/stage_1b_map_anchor_barrier/segments/Ours-Frozen-LATE-AQP-v1_B100_s2_native.csv,1.0,40.0,60.0,1.0,0.3,0.7,11.0,260.0,1.8181818181818181,1.0,0.0,Ours-Frozen-LATE-AQP-v1,ours,native,100.0,0.2,5.0,32.0,0.32,68.0,0.0,0.0,,,,,
seed,100,3,Ours-Frozen-LATE-AQP-v1 native,0.5555555555555556,0.25,0.3448275862068966,1.0,9.0,20.0,11.0,111.11111111111111,630.0,2.2222222222222223,count=9;mean=2.222;std=3.898;min=0;25%=0;50%=1;75%=2;max=12,0.09639826839826866,0.13793103448275865,0.0,0.0,1000.0,133.5000000000005,7.490636704119821,outputs/stage_1b_map_anchor_barrier/segments/Ours-Frozen-LATE-AQP-v1_B100_s3_native.csv,1.0,40.0,60.0,1.0,0.3,0.7,9.0,222.00000000000009,2.2222222222222223,1.0,0.0,Ours-Frozen-LATE-AQP-v1,ours,native,100.0,0.2,5.0,32.0,0.32,68.0,0.0,0.0,,,,,
seed,100,4,Ours-Frozen-LATE-AQP-v1 native,0.4444444444444444,0.2,0.2758620689655173,1.0,9.0,20.0,11.0,111.11111111111111,670.0,2.2222222222222223,count=9;mean=2.222;std=4.265;min=0;25%=0;50%=0;75%=2;max=13,0.12208836499321565,0.13793103448275865,0.0,0.0,1000.0,133.5000000000005,7.490636704119821,outputs/stage_1b_map_anchor_barrier/segments/Ours-Frozen-LATE-AQP-v1_B100_s4_native.csv,1.0,40.0,60.0,1.0,0.3,0.7,9.0,222.0000000000001,2.2222222222222223,1.0,0.0,Ours-Frozen-LATE-AQP-v1,ours,native,100.0,0.2,5.0,32.0,0.32,68.0,0.0,0.0,,,,,
seed,10,0,Ours-Frozen-LATE-AQP-v1 native,0.375,0.15,0.21428571428571425,0.15,8.0,20.0,12.0,12.5,30.0,0.375,count=8;mean=0.375;std=0.5175;min=0;25%=0;50%=0;75%=1;max=1,0.4498598130841142,0.14285714285714288,0.14285714285714288,0.07142857142857144,100.0,133.5000000000005,0.7490636704119822,outputs/stage_1b_map_anchor_barrier/segments/Ours-Frozen-LATE-AQP-v1_B10_s0_native.csv,1.0,40.0,60.0,1.0,0.3,0.7,8.0,15.999999999999996,0.375,0.15,0.0,Ours-Frozen-LATE-AQP-v1,ours,native,10.0,0.3,3.3333333333333335,5.0,0.5,5.0,0.0,0.0,,,,,
seed,10,1,Ours-Frozen-LATE-AQP-v1 native,0.375,0.15,0.21428571428571425,0.15,8.0,20.0,12.0,12.5,30.0,0.375,count=8;mean=0.375;std=0.5175;min=0;25%=0;50%=0;75%=1;max=1,0.4498598130841142,0.14285714285714288,0.14285714285714288,0.07142857142857144,100.0,133.5000000000005,0.7490636704119822,outputs/stage_1b_map_anchor_barrier/segments/Ours-Frozen-LATE-AQP-v1_B10_s1_native.csv,1.0,40.0,60.0,1.0,0.3,0.7,8.0,15.999999999999996,0.375,0.15,0.0,Ours-Frozen-LATE-AQP-v1,ours,native,10.0,0.3,3.3333333333333335,5.0,0.5,5.0,0.0,0.0,,,,,
seed,10,2,Ours-Frozen-LATE-AQP-v1 native,0.375,0.15,0.21428571428571425,0.15,8.0,20.0,12.0,12.5,30.0,0.375,count=8;mean=0.375;std=0.5175;min=0;25%=0;50%=0;75%=1;max=1,0.4498598130841142,0.14285714285714288,0.14285714285714288,0.07142857142857144,100.0,133.5000000000005,0.7490636704119822,outputs/stage_1b_map_anchor_barrier/segments/Ours-Frozen-LATE-AQP-v1_B10_s2_native.csv,1.0,40.0,60.0,1.0,0.3,0.7,8.0,15.999999999999996,0.375,0.15,0.0,Ours-Frozen-LATE-AQP-v1,ours,native,10.0,0.3,3.3333333333333335,5.0,0.5,5.0,0.0,0.0,,,,,
seed,10,3,Ours-Frozen-LATE-AQP-v1 native,0.3333333333333333,0.1,0.15384615384615383,0.1,6.0,20.0,14.0,16.666666666666668,30.0,0.3333333333333333,count=6;mean=0.3333;std=0.5164;min=0;25%=0;50%=0;75%=0.75;max=1,0.1841666666666671,0.07692307692307691,0.07692307692307691,0.0,100.0,133.5000000000005,0.7490636704119822,outputs/stage_1b_map_anchor_barrier/segments/Ours-Frozen-LATE-AQP-v1_B10_s3_native.csv,1.0,40.0,60.0,1.0,0.3,0.7,6.0,30.0,0.3333333333333333,0.1,0.0,Ours-Frozen-LATE-AQP-v1,ours,native,10.0,0.2,5.0,4.0,0.4,6.0,0.0,0.0,,,,,
seed,10,4,Ours-Frozen-LATE-AQP-v1 native,0.375,0.15,0.21428571428571425,0.15,8.0,20.0,12.0,12.5,30.0,0.375,count=8;mean=0.375;std=0.5175;min=0;25%=0;50%=0;75%=1;max=1,0.4498598130841142,0.14285714285714288,0.14285714285714288,0.07142857142857144,100.0,133.5000000000005,0.7490636704119822,outputs/stage_1b_map_anchor_barrier/segments/Ours-Frozen-LATE-AQP-v1_B10_s4_native.csv,1.0,40.0,60.0,1.0,0.3,0.7,8.0,15.999999999999996,0.375,0.15,0.0,Ours-Frozen-LATE-AQP-v1,ours,native,10.0,0.3,3.3333333333333335,5.0,0.5,5.0,0.0,0.0,,,,,
seed,20,0,Ours-Frozen-LATE-AQP-v1 native,0.5,0.2,0.28571428571428575,0.2,8.0,20.0,12.0,25.0,50.0,0.5,count=8;mean=0.5;std=0.5345;min=0;25%=0;50%=0.5;75%=1;max=1,0.2850000000000018,0.14285714285714288,0.14285714285714288,0.07142857142857144,200.0,133.5000000000005,1.4981273408239644,outputs/stage_1b_map_anchor_barrier/segments/Ours-Frozen-LATE-AQP-v1_B20_s0_native.csv,1.0,40.0,60.0,1.0,0.3,0.7,8.0,43.0,0.5,0.2,0.0,Ours-Frozen-LATE-AQP-v1,ours,native,20.0,0.2,5.0,9.0,0.45,11.0,0.0,0.0,,,,,
seed,20,1,Ours-Frozen-LATE-AQP-v1 native,0.4444444444444444,0.2,0.2758620689655173,0.2,9.0,20.0,11.0,22.22222222222222,50.0,0.4444444444444444,count=9;mean=0.4444;std=0.527;min=0;25%=0;50%=0;75%=1;max=1,0.2762500000000013,0.13793103448275865,0.13793103448275865,0.06896551724137932,200.0,133.5000000000005,1.4981273408239644,outputs/stage_1b_map_anchor_barrier/segments/Ours-Frozen-LATE-AQP-v1_B20_s1_native.csv,1.0,40.0,60.0,1.0,0.3,0.7,9.0,42.0,0.4444444444444444,0.2,0.0,Ours-Frozen-LATE-AQP-v1,ours,native,20.0,0.2,5.0,9.0,0.45,11.0,0.0,0.0,,,,,
seed,20,2,Ours-Frozen-LATE-AQP-v1 native,0.4444444444444444,0.2,0.2758620689655173,0.2,9.0,20.0,11.0,22.22222222222222,50.0,0.4444444444444444,count=9;mean=0.4444;std=0.527;min=0;25%=0;50%=0;75%=1;max=1,0.2762500000000013,0.13793103448275865,0.13793103448275865,0.06896551724137932,200.0,133.5000000000005,1.4981273408239644,outputs/stage_1b_map_anchor_barrier/segments/Ours-Frozen-LATE-AQP-v1_B20_s2_native.csv,1.0,40.0,60.0,1.0,0.3,0.7,9.0,42.0,0.4444444444444444,0.2,0.0,Ours-Frozen-LATE-AQP-v1,ours,native,20.0,0.2,5.0,9.0,0.45,11.0,0.0,0.0,,,,,
seed,20,3,Ours-Frozen-LATE-AQP-v1 native,0.4444444444444444,0.2,0.2758620689655173,0.2,9.0,20.0,11.0,22.22222222222222,50.0,0.4444444444444444,count=9;mean=0.4444;std=0.527;min=0;25%=0;50%=0;75%=1;max=1,0.2762500000000013,0.13793103448275865,0.13793103448275865,0.06896551724137932,200.0,133.5000000000005,1.4981273408239644,outputs/stage_1b_map_anchor_barrier/segments/Ours-Frozen-LATE-AQP-v1_B20_s3_native.csv,1.0,40.0,60.0,1.0,0.3,0.7,9.0,42.0,0.4444444444444444,0.2,0.0,Ours-Frozen-LATE-AQP-v1,ours,native,20.0,0.2,5.0,9.0,0.45,11.0,0.0,0.0,,,,,
seed,20,4,Ours-Frozen-LATE-AQP-v1 native,0.4444444444444444,0.2,0.2758620689655173,0.2,9.0,20.0,11.0,22.22222222222222,50.0,0.4444444444444444,count=9;mean=0.4444;std=0.527;min=0;25%=0;50%=0;75%=1;max=1,0.2762500000000013,0.13793103448275865,0.13793103448275865,0.06896551724137932,200.0,133.5000000000005,1.4981273408239644,outputs/stage_1b_map_anchor_barrier/segments/Ours-Frozen-LATE-AQP-v1_B20_s4_native.csv,1.0,40.0,60.0,1.0,0.3,0.7,9.0,42.0,0.4444444444444444,0.2,0.0,Ours-Frozen-LATE-AQP-v1,ours,native,20.0,0.2,5.0,9.0,0.45,11.0,0.0,0.0,,,,,
seed,50,0,Ours-Frozen-LATE-AQP-v1 native,0.4782608695652174,0.55,0.5116279069767442,0.65,23.0,20.0,3.0,21.73913043478261,100.0,0.5652173913043478,count=23;mean=0.5652;std=0.7278;min=0;25%=0;50%=0;75%=1;max=3,0.2547591128678096,0.27906976744186046,0.23255813953488372,0.09302325581395349,500.0,133.5000000000005,3.7453183520599107,outputs/stage_1b_map_anchor_barrier/segments/Ours-Frozen-LATE-AQP-v1_B50_s0_native.csv,1.0,40.0,60.0,1.0,0.3,0.7,23.0,38.00000000000001,0.5652173913043478,0.65,0.0,Ours-Frozen-LATE-AQP-v1,ours,native,50.0,0.26,3.8461538461538463,21.0,0.42,29.0,0.0,0.0,,,,,
seed,50,1,Ours-Frozen-LATE-AQP-v1 native,0.5,0.55,0.5238095238095238,0.7,22.0,20.0,2.0,22.727272727272727,100.0,0.6363636363636364,count=22;mean=0.6364;std=0.7895;min=0;25%=0;50%=0.5;75%=1;max=3,0.263742838790178,0.23809523809523808,0.1904761904761905,0.14285714285714282,500.0,133.5000000000005,3.7453183520599107,outputs/stage_1b_map_anchor_barrier/segments/Ours-Frozen-LATE-AQP-v1_B50_s1_native.csv,1.0,40.0,60.0,1.0,0.3,0.7,22.0,49.00000000000002,0.6363636363636364,0.7,0.0,Ours-Frozen-LATE-AQP-v1,ours,native,50.0,0.28,3.5714285714285716,21.0,0.42,29.0,0.0,0.0,,,,,
seed,50,2,Ours-Frozen-LATE-AQP-v1 native,0.4583333333333333,0.55,0.5,0.65,24.0,20.0,4.0,20.833333333333332,100.0,0.5416666666666666,count=24;mean=0.5417;std=0.7211;min=0;25%=0;50%=0;75%=1;max=3,0.23622046552481465,0.22727272727272727,0.22727272727272727,0.13636363636363635,500.0,133.5000000000005,3.7453183520599107,outputs/stage_1b_map_anchor_barrier/segments/Ours-Frozen-LATE-AQP-v1_B50_s2_native.csv,1.0,40.0,60.0,1.0,0.3,0.7,24.0,30.0,0.5416666666666666,0.65,0.0,Ours-Frozen-LATE-AQP-v1,ours,native,50.0,0.26,3.8461538461538463,21.0,0.42,29.0,0.0,0.0,,,,,
seed,50,3,Ours-Frozen-LATE-AQP-v1 native,0.4782608695652174,0.55,0.5116279069767442,0.65,23.0,20.0,3.0,21.73913043478261,100.0,0.5652173913043478,count=23;mean=0.5652;std=0.7278;min=0;25%=0;50%=0;75%=1;max=3,0.26860647515381414,0.23255813953488372,0.23255813953488372,0.13953488372093023,500.0,133.5000000000005,3.7453183520599107,outputs/stage_1b_map_anchor_barrier/segments/Ours-Frozen-LATE-AQP-v1_B50_s3_native.csv,1.0,40.0,60.0,1.0,0.3,0.7,23.0,38.00000000000001,0.5652173913043478,0.65,0.0,Ours-Frozen-LATE-AQP-v1,ours,native,50.0,0.26,3.8461538461538463,20.0,0.4,30.0,0.0,0.0,,,,,
seed,50,4,Ours-Frozen-LATE-AQP-v1 native,0.44,0.55,0.48888888888888893,0.65,25.0,20.0,5.0,20.0,100.0,0.52,count=25;mean=0.52;std=0.7141;min=0;25%=0;50%=0;75%=1;max=3,0.23622046552481465,0.22222222222222224,0.22222222222222224,0.1333333333333333,500.0,133.5000000000005,3.7453183520599107,outputs/stage_1b_map_anchor_barrier/segments/Ours-Frozen-LATE-AQP-v1_B50_s4_native.csv,1.0,40.0,60.0,1.0,0.3,0.7,25.0,30.0,0.52,0.65,0.0,Ours-Frozen-LATE-AQP-v1,ours,native,50.0,0.26,3.8461538461538463,21.0,0.42,29.0,0.0,0.0,,,,,
seed,5,0,Ours-Frozen-LATE-AQP-v1 native,0.25,0.05,0.08333333333333334,0.05,4.0,20.0,16.0,12.5,20.0,0.25,count=4;mean=0.25;std=0.5;min=0;25%=0;50%=0;75%=0.25;max=1,0.1783333333333341,0.08333333333333334,0.0,0.0,50.0,133.5000000000005,0.3745318352059911,outputs/stage_1b_map_anchor_barrier/segments/Ours-Frozen-LATE-AQP-v1_B5_s0_native.csv,1.0,40.0,60.0,1.0,0.3,0.7,4.0,17.0,0.25,0.05,0.0,Ours-Frozen-LATE-AQP-v1,ours,native,5.0,0.2,5.0,2.0,0.4,3.0,0.0,0.0,,,,,
seed,5,1,Ours-Frozen-LATE-AQP-v1 native,0.25,0.05,0.08333333333333334,0.05,4.0,20.0,16.0,12.5,20.0,0.25,count=4;mean=0.25;std=0.5;min=0;25%=0;50%=0;75%=0.25;max=1,0.1783333333333341,0.08333333333333334,0.0,0.0,50.0,133.5000000000005,0.3745318352059911,outputs/stage_1b_map_anchor_barrier/segments/Ours-Frozen-LATE-AQP-v1_B5_s1_native.csv,1.0,40.0,60.0,1.0,0.3,0.7,4.0,17.0,0.25,0.05,0.0,Ours-Frozen-LATE-AQP-v1,ours,native,5.0,0.2,5.0,2.0,0.4,3.0,0.0,0.0,,,,,
seed,5,2,Ours-Frozen-LATE-AQP-v1 native,0.25,0.05,0.08333333333333334,0.05,4.0,20.0,16.0,12.5,20.0,0.25,count=4;mean=0.25;std=0.5;min=0;25%=0;50%=0;75%=0.25;max=1,0.1783333333333341,0.08333333333333334,0.0,0.0,50.0,133.5000000000005,0.3745318352059911,outputs/stage_1b_map_anchor_barrier/segments/Ours-Frozen-LATE-AQP-v1_B5_s2_native.csv,1.0,40.0,60.0,1.0,0.3,0.7,4.0,17.0,0.25,0.05,0.0,Ours-Frozen-LATE-AQP-v1,ours,native,5.0,0.2,5.0,2.0,0.4,3.0,0.0,0.0,,,,,
seed,5,3,Ours-Frozen-LATE-AQP-v1 native,0.6666666666666666,0.1,0.1739130434782609,0.1,3.0,20.0,17.0,16.666666666666668,30.0,0.6666666666666666,count=3;mean=0.6667;std=0.5774;min=0;25%=0.5;50%=1;75%=1;max=1,0.017500000000000425,0.0,0.0,0.0,50.0,133.5000000000005,0.3745318352059911,outputs/stage_1b_map_anchor_barrier/segments/Ours-Frozen-LATE-AQP-v1_B5_s3_native.csv,1.0,40.0,60.0,1.0,0.3,0.7,3.0,26.0,0.6666666666666666,0.1,0.0,Ours-Frozen-LATE-AQP-v1,ours,native,5.0,0.4,2.5,2.0,0.4,3.0,0.0,0.0,,,,,
seed,5,4,Ours-Frozen-LATE-AQP-v1 native,0.25,0.05,0.08333333333333334,0.05,4.0,20.0,16.0,12.5,20.0,0.25,count=4;mean=0.25;std=0.5;min=0;25%=0;50%=0;75%=0.25;max=1,0.1783333333333341,0.08333333333333334,0.0,0.0,50.0,133.5000000000005,0.3745318352059911,outputs/stage_1b_map_anchor_barrier/segments/Ours-Frozen-LATE-AQP-v1_B5_s4_native.csv,1.0,40.0,60.0,1.0,0.3,0.7,4.0,17.0,0.25,0.05,0.0,Ours-Frozen-LATE-AQP-v1,ours,native,5.0,0.2,5.0,2.0,0.4,3.0,0.0,0.0,,,,,
seed,80,0,Ours-Frozen-LATE-AQP-v1 native,0.47619047619047616,0.5,0.4878048780487805,0.75,21.0,20.0,1.0,38.095238095238095,200.0,0.7142857142857143,count=21;mean=0.7143;std=1.056;min=0;25%=0;50%=0;75%=1;max=4,0.16942672260361097,0.1951219512195122,0.0975609756097561,0.04878048780487805,800.0,133.5000000000005,5.9925093632958575,outputs/stage_1b_map_anchor_barrier/segments/Ours-Frozen-LATE-AQP-v1_B80_s0_native.csv,1.0,40.0,60.0,1.0,0.3,0.7,21.0,70.0,0.7142857142857143,0.75,0.0,Ours-Frozen-LATE-AQP-v1,ours,native,80.0,0.1875,5.333333333333333,25.0,0.3125,55.0,0.0,0.0,,,,,
seed,80,1,Ours-Frozen-LATE-AQP-v1 native,0.47368421052631576,0.45,0.46153846153846156,0.8,19.0,20.0,1.0,42.10526315789474,250.0,0.8421052631578947,count=19;mean=0.8421;std=1.385;min=0;25%=0;50%=0;75%=1;max=5,0.18311760601180943,0.15384615384615385,0.15384615384615385,0.05128205128205128,800.0,133.5000000000005,5.9925093632958575,outputs/stage_1b_map_anchor_barrier/segments/Ours-Frozen-LATE-AQP-v1_B80_s1_native.csv,1.0,40.0,60.0,1.0,0.3,0.7,19.0,85.99999999999994,0.8421052631578947,0.8,0.0,Ours-Frozen-LATE-AQP-v1,ours,native,80.0,0.2,5.0,26.0,0.325,54.0,0.0,0.0,,,,,
seed,80,2,Ours-Frozen-LATE-AQP-v1 native,0.5263157894736842,0.5,0.5128205128205129,0.8,19.0,20.0,1.0,42.10526315789474,200.0,0.8421052631578947,count=19;mean=0.8421;std=1.119;min=0;25%=0;50%=1;75%=1;max=4,0.1759591787439618,0.20512820512820512,0.15384615384615385,0.05128205128205128,800.0,133.5000000000005,5.9925093632958575,outputs/stage_1b_map_anchor_barrier/segments/Ours-Frozen-LATE-AQP-v1_B80_s2_native.csv,1.0,40.0,60.0,1.0,0.3,0.7,19.0,85.99999999999994,0.8421052631578947,0.8,0.0,Ours-Frozen-LATE-AQP-v1,ours,native,80.0,0.2,5.0,26.0,0.325,54.0,0.0,0.0,,,,,
seed,80,3,Ours-Frozen-LATE-AQP-v1 native,0.5294117647058824,0.45,0.48648648648648646,0.75,17.0,20.0,3.0,47.05882352941177,200.0,0.8823529411764706,count=17;mean=0.8824;std=1.166;min=0;25%=0;50%=1;75%=1;max=4,0.184853765855864,0.2162162162162162,0.1081081081081081,0.05405405405405405,800.0,133.5000000000005,5.9925093632958575,outputs/stage_1b_map_anchor_barrier/segments/Ours-Frozen-LATE-AQP-v1_B80_s3_native.csv,1.0,40.0,60.0,1.0,0.3,0.7,17.0,124.00000000000004,0.8823529411764706,0.75,0.0,Ours-Frozen-LATE-AQP-v1,ours,native,80.0,0.1875,5.333333333333333,25.0,0.3125,55.0,0.0,0.0,,,,,
seed,80,4,Ours-Frozen-LATE-AQP-v1 native,0.5294117647058824,0.45,0.48648648648648646,0.75,17.0,20.0,3.0,47.05882352941177,200.0,0.8823529411764706,count=17;mean=0.8824;std=1.166;min=0;25%=0;50%=1;75%=1;max=4,0.18395898471108263,0.2162162162162162,0.1081081081081081,0.05405405405405405,800.0,133.5000000000005,5.9925093632958575,outputs/stage_1b_map_anchor_barrier/segments/Ours-Frozen-LATE-AQP-v1_B80_s4_native.csv,1.0,40.0,60.0,1.0,0.3,0.7,17.0,142.00000000000003,0.8823529411764706,0.75,0.0,Ours-Frozen-LATE-AQP-v1,ours,native,80.0,0.1875,5.333333333333333,25.0,0.3125,55.0,0.0,0.0,,,,,
seed,5,0,MAP-anchor-only + K3 BB-EM,1.0,0.1,0.18181818181818182,0.1,2.0,20.0,18.0,10.0,10.0,1.0,count=2;mean=1;std=0;min=1;25%=1;50%=1;75%=1;max=1,0.4731230529595024,0.09090909090909091,0.09090909090909091,0.09090909090909091,20.0,133.5000000000005,0.14981273408239643,outputs/stage_1b_map_anchor_barrier/segments/map_anchor_only_B5_s0_K3.csv,1.0,40.0,60.0,1.0,0.3,0.7,2.0,10.0,1.0,0.1,0.0,MAP-anchor-only + K3 BB-EM,map,MAP_anchor_only_K3,5.0,0.4,2.5,2.0,0.4,3.0,0.0,0.0,AUDIT_UNCOVERED:1;CONFIRM_ANCHOR:4,,,,
seed,5,0,MAP-anchor-barrier + K3 BB-EM,1.0,0.1,0.18181818181818182,0.1,2.0,20.0,18.0,10.0,10.0,1.0,count=2;mean=1;std=0;min=1;25%=1;50%=1;75%=1;max=1,0.4731230529595024,0.09090909090909091,0.09090909090909091,0.09090909090909091,20.0,133.5000000000005,0.14981273408239643,outputs/stage_1b_map_anchor_barrier/segments/map_anchor_barrier_B5_s0_K3.csv,1.0,40.0,60.0,1.0,0.3,0.7,2.0,10.0,1.0,0.1,0.0,MAP-anchor-barrier + K3 BB-EM,map,MAP_anchor_barrier_K3,5.0,0.4,2.5,2.0,0.4,3.0,0.0,0.0,AUDIT_UNCOVERED:1;CONFIRM_ANCHOR:4,0.0,0.0,,
seed,10,0,MAP-anchor-only + K3 BB-EM,1.0,0.25,0.4,0.25,5.0,20.0,15.0,10.0,10.0,1.0,count=5;mean=1;std=0;min=1;25%=1;50%=1;75%=1;max=1,0.22424922118380325,0.08000000000000002,0.08000000000000002,0.08000000000000002,50.0,133.5000000000005,0.3745318352059911,outputs/stage_1b_map_anchor_barrier/segments/map_anchor_only_B10_s0_K3.csv,1.0,40.0,60.0,1.0,0.3,0.7,5.0,10.0,1.0,0.25,0.0,MAP-anchor-only + K3 BB-EM,map,MAP_anchor_only_K3,10.0,0.5,2.0,5.0,0.5,5.0,0.0,0.0,AUDIT_UNCOVERED:2;CONFIRM_ANCHOR:8,,,,
seed,10,0,MAP-anchor-barrier + K3 BB-EM,1.0,0.25,0.4,0.25,5.0,20.0,15.0,10.0,10.0,1.0,count=5;mean=1;std=0;min=1;25%=1;50%=1;75%=1;max=1,0.22424922118380325,0.08000000000000002,0.08000000000000002,0.08000000000000002,50.0,133.5000000000005,0.3745318352059911,outputs/stage_1b_map_anchor_barrier/segments/map_anchor_barrier_B10_s0_K3.csv,1.0,40.0,60.0,1.0,0.3,0.7,5.0,10.0,1.0,0.25,0.0,MAP-anchor-barrier + K3 BB-EM,map,MAP_anchor_barrier_K3,10.0,0.5,2.0,5.0,0.5,5.0,0.0,0.0,AUDIT_UNCOVERED:2;CONFIRM_ANCHOR:8,0.0,0.0,,
seed,20,0,MAP-anchor-only + K3 BB-EM,1.0,0.4,0.5714285714285715,0.4,8.0,20.0,12.0,11.25,20.0,1.0,count=8;mean=1;std=0;min=1;25%=1;50%=1;75%=1;max=1,0.28322819314641867,0.21428571428571425,0.14285714285714288,0.14285714285714288,90.0,133.5000000000005,0.674157303370784,outputs/stage_1b_map_anchor_barrier/segments/map_anchor_only_B20_s0_K3.csv,1.0,40.0,60.0,1.0,0.3,0.7,8.0,12.999999999999998,1.0,0.4,0.0,MAP-anchor-only + K3 BB-EM,map,MAP_anchor_only_K3,20.0,0.4,2.5,9.0,0.45,11.0,0.0,0.0,AUDIT_UNCOVERED:4;CONFIRM_ANCHOR:16,,,,
seed,20,0,MAP-anchor-barrier + K3 BB-EM,1.0,0.4,0.5714285714285715,0.4,8.0,20.0,12.0,11.25,20.0,1.0,count=8;mean=1;std=0;min=1;25%=1;50%=1;75%=1;max=1,0.28322819314641867,0.21428571428571425,0.14285714285714288,0.14285714285714288,90.0,133.5000000000005,0.674157303370784,outputs/stage_1b_map_anchor_barrier/segments/map_anchor_barrier_B20_s0_K3.csv,1.0,40.0,60.0,1.0,0.3,0.7,8.0,12.999999999999998,1.0,0.4,0.0,MAP-anchor-barrier + K3 BB-EM,map,MAP_anchor_barrier_K3,20.0,0.4,2.5,9.0,0.45,11.0,0.0,0.0,AUDIT_UNCOVERED:4;CONFIRM_ANCHOR:16,0.0,0.0,,
seed,50,0,MAP-anchor-only + K3 BB-EM,0.9166666666666666,0.55,0.6874999999999999,0.6,12.0,20.0,8.0,17.5,40.0,1.0833333333333333,count=12;mean=1.083;std=0.2887;min=1;25%=1;50%=1;75%=1;max=2,0.2817769475043742,0.3125,0.25,0.18749999999999997,210.0,133.5000000000005,1.5730337078651626,outputs/stage_1b_map_anchor_barrier/segments/map_anchor_only_B50_s0_K3.csv,1.0,40.0,60.0,1.0,0.3,0.7,12.0,39.0,1.0833333333333333,0.65,0.08333333333333333,MAP-anchor-only + K3 BB-EM,map,MAP_anchor_only_K3,50.0,0.24,4.166666666666667,19.0,0.38,31.0,0.0,0.0,AUDIT_UNCOVERED:15;CONFIRM_ANCHOR:35,,,,
seed,50,0,MAP-anchor-barrier + K3 BB-EM,0.9166666666666666,0.55,0.6874999999999999,0.55,12.0,20.0,8.0,13.333333333333334,30.0,1.0,count=12;mean=1;std=0;min=1;25%=1;50%=1;75%=1;max=1,0.3415682423585734,0.3125,0.3125,0.18749999999999997,160.0,133.5000000000005,1.1985018726591714,outputs/stage_1b_map_anchor_barrier/segments/map_anchor_barrier_B50_s0_K3.csv,1.0,40.0,60.0,1.0,0.3,0.7,12.0,28.000000000000007,1.0,0.6,0.08333333333333333,MAP-anchor-barrier + K3 BB-EM,map,MAP_anchor_barrier_K3,50.0,0.22,4.545454545454546,16.0,0.32,34.0,10.0,0.8,AUDIT_UNCOVERED:10;CONFIRM_ANCHOR:30;PLACE_BARRIER:10,1.0,1.0,80,
seed,80,0,MAP-anchor-only + K3 BB-EM,0.9333333333333333,0.7,0.8,0.75,15.0,20.0,5.0,17.333333333333332,40.0,1.0666666666666667,count=15;mean=1.067;std=0.2582;min=1;25%=1;50%=1;75%=1;max=2,0.3066170149991238,0.34285714285714286,0.28571428571428575,0.28571428571428575,260.0,133.5000000000005,1.9475655430711536,outputs/stage_1b_map_anchor_barrier/segments/map_anchor_only_B80_s0_K3.csv,1.0,40.0,60.0,1.0,0.3,0.7,15.0,36.0,1.0666666666666667,0.8,0.06666666666666667,MAP-anchor-only + K3 BB-EM,map,MAP_anchor_only_K3,80.0,0.1875,5.333333333333333,25.0,0.3125,55.0,0.0,0.0,AUDIT_UNCOVERED:42;CONFIRM_ANCHOR:38,,,,
seed,80,0,MAP-anchor-barrier + K3 BB-EM,0.9411764705882353,0.8,0.8648648648648648,0.8,17.0,20.0,3.0,15.294117647058824,40.0,1.0,count=17;mean=1;std=0;min=1;25%=1;50%=1;75%=1;max=1,0.2635654014092581,0.3243243243243243,0.3243243243243243,0.27027027027027023,260.0,133.5000000000005,1.9475655430711536,outputs/stage_1b_map_anchor_barrier/segments/map_anchor_barrier_B80_s0_K3.csv,1.0,40.0,60.0,1.0,0.3,0.7,17.0,24.000000000000004,1.0,0.85,0.058823529411764705,MAP-anchor-barrier + K3 BB-EM,map,MAP_anchor_barrier_K3,80.0,0.2,5.0,26.0,0.325,54.0,16.0,0.75,AUDIT_UNCOVERED:25;CONFIRM_ANCHOR:39;PLACE_BARRIER:16,2.0,2.0,78|80,
seed,100,0,MAP-anchor-only + K3 BB-EM,0.9473684210526315,0.9,0.9230769230769231,0.9,19.0,20.0,1.0,15.263157894736842,40.0,1.0,count=19;mean=1;std=0;min=1;25%=1;50%=1;75%=1;max=1,0.2688965672215414,0.3076923076923077,0.3076923076923077,0.3076923076923077,290.0,133.5000000000005,2.172284644194748,outputs/stage_1b_map_anchor_barrier/segments/map_anchor_only_B100_s0_K3.csv,1.0,40.0,60.0,1.0,0.3,0.7,19.0,21.999999999999993,1.0,0.95,0.05263157894736842,MAP-anchor-only + K3 BB-EM,map,MAP_anchor_only_K3,100.0,0.18,5.555555555555555,29.0,0.29,71.0,0.0,0.0,AUDIT_UNCOVERED:64;CONFIRM_ANCHOR:36,,,,
seed,100,0,MAP-anchor-barrier + K3 BB-EM,0.9523809523809523,1.0,0.975609756097561,1.0,21.0,20.0,1.0,14.761904761904763,40.0,1.0,count=21;mean=1;std=0;min=1;25%=1;50%=1;75%=1;max=1,0.24900691049938756,0.2926829268292683,0.2926829268292683,0.2926829268292683,310.0,133.5000000000005,2.3220973782771446,outputs/stage_1b_map_anchor_barrier/segments/map_anchor_barrier_B100_s0_K3.csv,1.0,40.0,60.0,1.0,0.3,0.7,21.0,20.0,1.0,1.05,0.047619047619047616,MAP-anchor-barrier + K3 BB-EM,map,MAP_anchor_barrier_K3,100.0,0.2,5.0,31.0,0.31,69.0,20.0,0.75,AUDIT_UNCOVERED:41;CONFIRM_ANCHOR:39;PLACE_BARRIER:20,4.0,4.0,6|8|78|80,
mean,5,mean,ABae-stratified-confirmed native,1.0,0.09000000000000001,0.16299642386598906,0.09000000000000001,1.8,20.0,18.2,10.0,10.0,1.0,,0.1854875844903061,0.07114624505928854,0.03557312252964427,0.01739130434782609,18.0,133.5000000000005,0.1348314606741568,multiple_seed_outputs,,,,,,,1.8,10.0,1.0,0.09000000000000001,0.0,ABae-stratified-confirmed,baseline,native,5.0,0.36000000000000004,3.333333333333333,1.8,0.36000000000000004,3.2,0.0,0.0,,,,,5.0
mean,10,mean,ABae-stratified-confirmed native,1.0,0.16999999999999998,0.2873781291172596,0.16999999999999998,3.4,20.0,16.6,10.666666666666668,12.0,1.0,,0.1650345301318153,0.08496442687747037,0.05078260869565219,0.016000000000000004,36.0,133.5000000000005,0.2696629213483136,multiple_seed_outputs,,,,,,,3.4,11.6,1.0,0.16999999999999998,0.0,ABae-stratified-confirmed,baseline,native,10.0,0.33999999999999997,3.2333333333333334,3.6,0.36,6.4,0.0,0.0,,,,,5.0
mean,20,mean,ABae-stratified-confirmed native,0.8928571428571429,0.26,0.39566597653554175,0.26,6.0,20.0,14.0,10.857142857142858,12.0,1.0,,0.19793259585897863,0.15375109270761445,0.09383574879227055,0.030814814814814816,66.0,133.5000000000005,0.4943820224719083,multiple_seed_outputs,,,,,,,6.0,12.0,1.0,0.3,0.10714285714285714,ABae-stratified-confirmed,baseline,native,20.0,0.26,4.133333333333334,6.6,0.32999999999999996,13.4,0.0,0.0,,,,,5.0
mean,50,mean,ABae-stratified-confirmed native,0.9032842157842158,0.5900000000000001,0.710223678914381,0.5900000000000001,13.0,20.0,7.0,13.163336663336661,28.0,1.0,,0.24965804949349707,0.2549786287926705,0.2549786287926705,0.14663139938282252,170.0,133.5000000000005,1.2734082397003696,multiple_seed_outputs,,,,,,,13.0,20.0,1.0,0.65,0.09671578421578422,ABae-stratified-confirmed,baseline,native,50.0,0.236,4.38034188034188,17.0,0.34,33.0,0.0,0.0,,,,,5.0
mean,80,mean,ABae-stratified-confirmed native,0.956140350877193,0.8299999999999998,0.8861769461769462,0.8299999999999998,17.4,20.0,2.6,14.988312693498452,48.0,1.0,,0.23488384575642973,0.3011286011286011,0.29112860112860106,0.21671088671088673,258.0,133.5000000000005,1.932584269662914,multiple_seed_outputs,,,,,,,17.4,21.4,1.0,0.8699999999999999,0.04385964912280702,ABae-stratified-confirmed,baseline,native,80.0,0.20749999999999996,4.861811391223156,25.8,0.3225,54.2,0.0,0.0,,,,,5.0
mean,100,mean,ABae-stratified-confirmed native,0.9894736842105264,0.96,0.9743589743589745,0.96,19.4,20.0,0.6,15.873684210526312,60.0,1.0,,0.2460399016865858,0.3046153846153846,0.3046153846153846,0.2943589743589744,308.0,133.5000000000005,2.307116104868905,multiple_seed_outputs,,,,,,,19.4,28.0,1.0,0.97,0.010526315789473684,ABae-stratified-confirmed,baseline,native,100.0,0.192,5.216374269005849,30.8,0.308,69.2,0.0,0.0,,,,,5.0
mean,5,mean,ARC-refinement native,0.5095238095238095,0.54,0.5241579558652729,0.6899999999999998,21.2,20.0,1.2,29.17359307359307,150.0,0.6984415584415584,,0.18066671936758955,0.24279907084785135,0.1942392566782811,0.0,618.0,133.5000000000005,4.62921348314605,multiple_seed_outputs,,,,,,,21.2,69.20000000000003,0.6984415584415584,0.74,0.04722943722943723,ARC-refinement@th0.3,baseline,native,5.0,2.7599999999999993,0.3626373626373626,1.2,0.24,3.8,0.0,0.0,,,,,5.0
mean,10,mean,ARC-refinement native,0.5095238095238095,0.54,0.5241579558652729,0.6899999999999998,21.2,20.0,1.2,28.34155844155844,150.0,0.6984415584415584,,0.18252126482213513,0.24279907084785135,0.19423925667828107,0.0,600.0,133.5000000000005,4.494382022471893,multiple_seed_outputs,,,,,,,21.2,56.60000000000001,0.6984415584415584,0.74,0.04722943722943723,ARC-refinement@th0.3,baseline,native,10.0,1.3799999999999997,0.7252747252747253,1.8,0.18000000000000002,8.2,0.0,0.0,,,,,5.0
mean,20,mean,ARC-refinement native,0.5138528138528138,0.55,0.5311265969802555,0.7,21.4,20.0,1.4,26.65974025974026,150.0,0.7010389610389611,,0.18436256916996144,0.24163763066202087,0.19331010452961675,0.0,570.0,133.5000000000005,4.2696629213482975,multiple_seed_outputs,,,,,,,21.4,45.000000000000014,0.7010389610389611,0.75,0.046796536796536795,ARC-refinement@th0.3,baseline,native,20.0,0.7,1.4315018315018315,2.6,0.13,17.4,0.0,0.0,,,,,5.0
mean,50,mean,ARC-refinement native,0.6033352155091285,0.64,0.6206498662993274,0.75,21.2,20.0,1.2,23.462337662337664,126.0,0.7569659326181066,,0.1897928226363023,0.2619695864732734,0.20363125624611728,0.01905842314237096,496.0,133.5000000000005,3.7153558052434312,multiple_seed_outputs,,,,,,,21.2,47.60000000000003,0.7569659326181066,0.8,0.047310370788631664,ARC-refinement@th0.3,baseline,native,45.0,0.33911349520045175,3.0000000000000004,8.4,0.18036702428006776,36.6,0.0,0.0,,,,,5.0
mean,80,mean,ARC-refinement native,0.612859025032938,0.67,0.6392751434611899,0.7699999999999999,21.8,20.0,1.8,22.73148880105402,124.0,0.754947299077734,,0.18918020747067085,0.25797845565287425,0.20075908587536495,0.02748414376321353,492.0,133.5000000000005,3.6853932584269513,multiple_seed_outputs,,,,,,,21.8,43.00000000000003,0.754947299077734,0.8200000000000001,0.046119894598155464,ARC-refinement@th0.3,baseline,native,49.4,0.3247412008281574,3.191666666666667,9.6,0.1818821757952193,39.8,0.0,0.0,,,,,5.0
mean,100,mean,ARC-refinement native,0.612859025032938,0.67,0.6392751434611899,0.7699999999999999,21.8,20.0,1.8,22.73148880105402,124.0,0.754947299077734,,0.18918020747067085,0.25797845565287425,0.20075908587536495,0.02748414376321353,492.0,133.5000000000005,3.6853932584269513,multiple_seed_outputs,,,,,,,21.8,43.00000000000003,0.754947299077734,0.8200000000000001,0.046119894598155464,ARC-refinement@th0.3,baseline,native,49.4,0.3247412008281574,3.191666666666667,9.6,0.1818821757952193,39.8,0.0,0.0,,,,,5.0
mean,5,mean,ARC-refinement native,0.476923076923077,0.3,0.3681818181818182,0.3,12.6,20.0,7.4,18.74358974358974,50.0,0.476923076923077,,0.20750000000000232,0.12272727272727273,0.12272727272727273,0.06136363636363636,236.0,133.5000000000005,1.7677902621722779,multiple_seed_outputs,,,,,,,12.6,38.4,0.476923076923077,0.3,0.0,ARC-refinement@th0.4,baseline,native,5.0,1.2,0.8333333333333334,1.0,0.2,4.0,0.0,0.0,,,,,5.0
mean,10,mean,ARC-refinement native,0.5153846153846153,0.32999999999999996,0.4020499108734402,0.32999999999999996,12.8,20.0,7.2,17.36630036630037,50.0,0.5153846153846153,,0.21931953071083718,0.14590017825311943,0.14590017825311943,0.06100713012477719,222.0,133.5000000000005,1.6629213483146004,multiple_seed_outputs,,,,,,,12.8,32.2,0.5153846153846153,0.32999999999999996,0.0,ARC-refinement@th0.4,baseline,native,10.0,0.6599999999999999,1.523809523809524,1.6,0.16,8.4,0.0,0.0,,,,,5.0
mean,20,mean,ARC-refinement native,0.6546520146520146,0.45,0.5324522536287242,0.45,13.8,20.0,6.2,15.510256410256408,50.0,0.6546520146520146,,0.21585344271876017,0.1770142602495544,0.1770142602495544,0.07067163228927935,214.0,133.5000000000005,1.6029962546816416,multiple_seed_outputs,,,,,,,13.8,27.2,0.6546520146520146,0.45,0.0,ARC-refinement@th0.4,baseline,native,20.0,0.45,2.2333333333333334,4.6,0.23000000000000004,15.4,0.0,0.0,,,,,5.0
mean,50,mean,ARC-refinement native,0.7638095238095237,0.6100000000000001,0.6764794338788146,0.6100000000000001,16.0,20.0,4.0,14.974603174603175,58.0,0.7749206349206348,,0.242435547213485,0.2446528084918178,0.2446528084918178,0.1125873507297656,238.0,133.5000000000005,1.7827715355805176,multiple_seed_outputs,,,,,,,16.0,23.600000000000005,0.7749206349206348,0.6200000000000001,0.01111111111111111,ARC-refinement@th0.4,baseline,native,50.0,0.244,4.135031635031636,15.6,0.312,34.4,0.0,0.0,,,,,5.0
mean,80,mean,ARC-refinement native,0.8568788638262322,0.7700000000000001,0.8028588817443305,0.7700000000000001,18.2,20.0,3.8,15.317527151211362,60.0,0.8834051796157059,,0.2648052760488911,0.2968718931567229,0.2968718931567229,0.2171449740489988,274.0,133.5000000000005,2.052434456928831,multiple_seed_outputs,,,,,,,18.2,21.400000000000002,0.8834051796157059,0.8,0.026526315789473686,ARC-refinement@th0.4,baseline,native,80.0,0.19250000000000003,5.326138876603273,23.8,0.2975,56.2,0.0,0.0,,,,,5.0
mean,100,mean,ARC-refinement native,0.9246113306982873,0.85,0.8792581285604542,0.85,18.6,20.0,3.4,15.934689607068123,60.0,0.9510935441370224,,0.26276756442470417,0.31305977073418934,0.31305977073418934,0.27540750052377955,290.0,133.5000000000005,2.1722846441947476,multiple_seed_outputs,,,,,,,18.6,26.0,0.9510935441370224,0.8799999999999999,0.02648221343873518,ARC-refinement@th0.4,baseline,native,97.0,0.17534174848059841,5.7779522335249895,27.6,0.2852351566152408,69.4,0.0,0.0,,,,,5.0
mean,5,mean,Best strengthened baseline + K3 BB-EM,1.0,0.09000000000000001,0.16299642386598906,0.09000000000000001,1.8,20.0,18.2,10.0,10.0,1.0,,0.1854875844903061,0.07114624505928854,0.03557312252964427,0.01739130434782609,18.0,133.5000000000005,0.1348314606741568,multiple_seed_outputs,,,,,,,1.8,10.0,1.0,0.09000000000000001,0.0,ABae-stratified-confirmed,best_strengthened_baseline,best_strengthened_K3,5.0,0.36000000000000004,3.333333333333333,1.8,0.36000000000000004,3.2,0.0,0.0,,,,,5.0
mean,10,mean,Best strengthened baseline + K3 BB-EM,1.0,0.15999999999999998,0.2715678524374177,0.16999999999999998,3.2,20.0,16.8,13.0,16.0,1.1,,0.16469125210156055,0.08575494071146246,0.03339130434782609,0.016000000000000004,38.0,133.5000000000005,0.2846441947565532,multiple_seed_outputs,,,,,,,3.2,15.4,1.1,0.16999999999999998,0.0,ABae-stratified-confirmed,best_strengthened_baseline,best_strengthened_K3,10.0,0.33999999999999997,3.2333333333333334,3.6,0.36,6.4,0.0,0.0,,,,,5.0
mean,50,mean,Best strengthened baseline + K3 BB-EM,0.9307142857142857,0.55,0.6837745098039215,0.5900000000000001,11.8,20.0,8.2,16.511904761904763,40.0,1.1,,0.28822952252127343,0.26501400560224087,0.25072829131652663,0.20243697478991596,188.0,133.5000000000005,1.4082397003745264,multiple_seed_outputs,,,,,,,11.8,26.0,1.1,0.64,0.08928571428571427,ABae-stratified-confirmed,best_strengthened_baseline,best_strengthened_K3,50.0,0.236,4.38034188034188,17.0,0.34,33.0,0.0,0.0,,,,,5.0
mean,80,mean,Best strengthened baseline + K3 BB-EM,0.9393090569561158,0.78,0.8508074638105597,0.8299999999999998,16.6,20.0,3.4,16.478991596638657,40.0,1.0606909430438842,,0.2434814916631149,0.307288093046607,0.27485566061417455,0.24270772320307926,272.0,133.5000000000005,2.0374531835205913,multiple_seed_outputs,,,,,,,16.6,28.4,1.0606909430438842,0.8800000000000001,0.06069094304388423,ABae-stratified-confirmed,best_strengthened_baseline,best_strengthened_K3,80.0,0.20749999999999996,4.861811391223156,25.8,0.3225,54.2,0.0,0.0,,,,,5.0
mean,100,mean,Best strengthened baseline + K3 BB-EM,0.9488972431077695,0.93,0.9389681050656661,0.96,19.6,20.0,0.8,16.137092731829576,40.0,1.0310526315789474,,0.24949027864495116,0.3031519699812383,0.3031519699812383,0.3031519699812383,316.0,133.5000000000005,2.3670411985018633,multiple_seed_outputs,,,,,,,19.6,28.4,1.0310526315789474,1.01,0.05110275689223057,ABae-stratified-confirmed,best_strengthened_baseline,best_strengthened_K3,100.0,0.192,5.216374269005849,30.8,0.308,69.2,0.0,0.0,,,,,5.0
mean,20,mean,Best strengthened baseline + K3 BB-EM,1.0,0.25,0.3896237096237096,0.25,5.0,20.0,15.0,12.75,18.0,1.0,,0.2588784726658086,0.17142723942723942,0.14175690975690977,0.04846753246753248,58.0,133.5000000000005,0.4344569288389496,multiple_seed_outputs,,,,,,,5.0,15.6,1.0,0.25,0.0,SUPG-RT-all-selected,best_strengthened_baseline,best_strengthened_K3,18.6,0.2698830409356725,4.6,5.6,0.3026315789473684,13.0,0.0,0.0,,,,,5.0
mean,5,mean,MAP-anchor-barrier + K3 BB-EM,1.0,0.1,0.18181818181818182,0.1,2.0,20.0,18.0,10.0,10.0,1.0,,0.4731230529595024,0.09090909090909091,0.09090909090909091,0.09090909090909091,20.0,133.5000000000005,0.14981273408239643,multiple_seed_outputs,,,,,,,2.0,10.0,1.0,0.1,0.0,MAP-anchor-barrier + K3 BB-EM,map,MAP_anchor_barrier_K3,5.0,0.4,2.5,2.0,0.4,3.0,0.0,0.0,AUDIT_UNCOVERED:1;CONFIRM_ANCHOR:4,,,,1.0
mean,10,mean,MAP-anchor-barrier + K3 BB-EM,1.0,0.25,0.4,0.25,5.0,20.0,15.0,10.0,10.0,1.0,,0.22424922118380325,0.08000000000000002,0.08000000000000002,0.08000000000000002,50.0,133.5000000000005,0.3745318352059911,multiple_seed_outputs,,,,,,,5.0,10.0,1.0,0.25,0.0,MAP-anchor-barrier + K3 BB-EM,map,MAP_anchor_barrier_K3,10.0,0.5,2.0,5.0,0.5,5.0,0.0,0.0,AUDIT_UNCOVERED:2;CONFIRM_ANCHOR:8,,,,1.0
mean,20,mean,MAP-anchor-barrier + K3 BB-EM,1.0,0.4,0.5714285714285715,0.4,8.0,20.0,12.0,11.25,20.0,1.0,,0.28322819314641867,0.21428571428571425,0.14285714285714288,0.14285714285714288,90.0,133.5000000000005,0.674157303370784,multiple_seed_outputs,,,,,,,8.0,12.999999999999998,1.0,0.4,0.0,MAP-anchor-barrier + K3 BB-EM,map,MAP_anchor_barrier_K3,20.0,0.4,2.5,9.0,0.45,11.0,0.0,0.0,AUDIT_UNCOVERED:4;CONFIRM_ANCHOR:16,,,,1.0
mean,50,mean,MAP-anchor-barrier + K3 BB-EM,0.9166666666666666,0.55,0.6874999999999999,0.55,12.0,20.0,8.0,13.333333333333334,30.0,1.0,,0.3415682423585734,0.3125,0.3125,0.18749999999999997,160.0,133.5000000000005,1.1985018726591714,multiple_seed_outputs,,,,,,,12.0,28.000000000000007,1.0,0.6,0.08333333333333333,MAP-anchor-barrier + K3 BB-EM,map,MAP_anchor_barrier_K3,50.0,0.22,4.545454545454546,16.0,0.32,34.0,10.0,0.8,AUDIT_UNCOVERED:10;CONFIRM_ANCHOR:30;PLACE_BARRIER:10,,,,1.0
mean,80,mean,MAP-anchor-barrier + K3 BB-EM,0.9411764705882353,0.8,0.8648648648648648,0.8,17.0,20.0,3.0,15.294117647058824,40.0,1.0,,0.2635654014092581,0.3243243243243243,0.3243243243243243,0.27027027027027023,260.0,133.5000000000005,1.9475655430711536,multiple_seed_outputs,,,,,,,17.0,24.000000000000004,1.0,0.85,0.058823529411764705,MAP-anchor-barrier + K3 BB-EM,map,MAP_anchor_barrier_K3,80.0,0.2,5.0,26.0,0.325,54.0,16.0,0.75,AUDIT_UNCOVERED:25;CONFIRM_ANCHOR:39;PLACE_BARRIER:16,,,,1.0
mean,100,mean,MAP-anchor-barrier + K3 BB-EM,0.9523809523809523,1.0,0.975609756097561,1.0,21.0,20.0,1.0,14.761904761904763,40.0,1.0,,0.24900691049938756,0.2926829268292683,0.2926829268292683,0.2926829268292683,310.0,133.5000000000005,2.3220973782771446,multiple_seed_outputs,,,,,,,21.0,20.0,1.0,1.05,0.047619047619047616,MAP-anchor-barrier + K3 BB-EM,map,MAP_anchor_barrier_K3,100.0,0.2,5.0,31.0,0.31,69.0,20.0,0.75,AUDIT_UNCOVERED:41;CONFIRM_ANCHOR:39;PLACE_BARRIER:20,,,,1.0
mean,5,mean,MAP-anchor-only + K3 BB-EM,1.0,0.1,0.18181818181818182,0.1,2.0,20.0,18.0,10.0,10.0,1.0,,0.4731230529595024,0.09090909090909091,0.09090909090909091,0.09090909090909091,20.0,133.5000000000005,0.14981273408239643,multiple_seed_outputs,,,,,,,2.0,10.0,1.0,0.1,0.0,MAP-anchor-only + K3 BB-EM,map,MAP_anchor_only_K3,5.0,0.4,2.5,2.0,0.4,3.0,0.0,0.0,AUDIT_UNCOVERED:1;CONFIRM_ANCHOR:4,,,,1.0
mean,10,mean,MAP-anchor-only + K3 BB-EM,1.0,0.25,0.4,0.25,5.0,20.0,15.0,10.0,10.0,1.0,,0.22424922118380325,0.08000000000000002,0.08000000000000002,0.08000000000000002,50.0,133.5000000000005,0.3745318352059911,multiple_seed_outputs,,,,,,,5.0,10.0,1.0,0.25,0.0,MAP-anchor-only + K3 BB-EM,map,MAP_anchor_only_K3,10.0,0.5,2.0,5.0,0.5,5.0,0.0,0.0,AUDIT_UNCOVERED:2;CONFIRM_ANCHOR:8,,,,1.0
mean,20,mean,MAP-anchor-only + K3 BB-EM,1.0,0.4,0.5714285714285715,0.4,8.0,20.0,12.0,11.25,20.0,1.0,,0.28322819314641867,0.21428571428571425,0.14285714285714288,0.14285714285714288,90.0,133.5000000000005,0.674157303370784,multiple_seed_outputs,,,,,,,8.0,12.999999999999998,1.0,0.4,0.0,MAP-anchor-only + K3 BB-EM,map,MAP_anchor_only_K3,20.0,0.4,2.5,9.0,0.45,11.0,0.0,0.0,AUDIT_UNCOVERED:4;CONFIRM_ANCHOR:16,,,,1.0
mean,50,mean,MAP-anchor-only + K3 BB-EM,0.9166666666666666,0.55,0.6874999999999999,0.6,12.0,20.0,8.0,17.5,40.0,1.0833333333333333,,0.2817769475043742,0.3125,0.25,0.18749999999999997,210.0,133.5000000000005,1.5730337078651626,multiple_seed_outputs,,,,,,,12.0,39.0,1.0833333333333333,0.65,0.08333333333333333,MAP-anchor-only + K3 BB-EM,map,MAP_anchor_only_K3,50.0,0.24,4.166666666666667,19.0,0.38,31.0,0.0,0.0,AUDIT_UNCOVERED:15;CONFIRM_ANCHOR:35,,,,1.0
mean,80,mean,MAP-anchor-only + K3 BB-EM,0.9333333333333333,0.7,0.8,0.75,15.0,20.0,5.0,17.333333333333332,40.0,1.0666666666666667,,0.3066170149991238,0.34285714285714286,0.28571428571428575,0.28571428571428575,260.0,133.5000000000005,1.9475655430711536,multiple_seed_outputs,,,,,,,15.0,36.0,1.0666666666666667,0.8,0.06666666666666667,MAP-anchor-only + K3 BB-EM,map,MAP_anchor_only_K3,80.0,0.1875,5.333333333333333,25.0,0.3125,55.0,0.0,0.0,AUDIT_UNCOVERED:42;CONFIRM_ANCHOR:38,,,,1.0
mean,100,mean,MAP-anchor-only + K3 BB-EM,0.9473684210526315,0.9,0.9230769230769231,0.9,19.0,20.0,1.0,15.263157894736842,40.0,1.0,,0.2688965672215414,0.3076923076923077,0.3076923076923077,0.3076923076923077,290.0,133.5000000000005,2.172284644194748,multiple_seed_outputs,,,,,,,19.0,21.999999999999993,1.0,0.95,0.05263157894736842,MAP-anchor-only + K3 BB-EM,map,MAP_anchor_only_K3,100.0,0.18,5.555555555555555,29.0,0.29,71.0,0.0,0.0,AUDIT_UNCOVERED:64;CONFIRM_ANCHOR:36,,,,1.0
mean,5,mean,Ours-Frozen-LATE-AQP-v1 native,0.3333333333333333,0.06,0.10144927536231885,0.06,3.8,20.0,16.2,13.333333333333334,22.0,0.3333333333333333,,0.14616666666666736,0.06666666666666668,0.0,0.0,50.0,133.5000000000005,0.3745318352059911,multiple_seed_outputs,,,,,,,3.8,18.8,0.3333333333333333,0.06,0.0,Ours-Frozen-LATE-AQP-v1,ours,native,5.0,0.24,4.5,2.0,0.4,3.0,0.0,0.0,,,,,5.0
mean,10,mean,Ours-Frozen-LATE-AQP-v1 native,0.36666666666666664,0.13999999999999999,0.2021978021978022,0.13999999999999999,7.6,20.0,12.4,13.333333333333334,30.0,0.36666666666666664,,0.39672118380062477,0.12967032967032968,0.12967032967032968,0.05714285714285715,100.0,133.5000000000005,0.7490636704119822,multiple_seed_outputs,,,,,,,7.6,18.799999999999997,0.36666666666666664,0.13999999999999999,0.0,Ours-Frozen-LATE-AQP-v1,ours,native,10.0,0.27999999999999997,3.6666666666666665,4.8,0.48,5.2,0.0,0.0,,,,,5.0
mean,20,mean,Ours-Frozen-LATE-AQP-v1 native,0.45555555555555555,0.2,0.277832512315271,0.2,8.8,20.0,11.2,22.77777777777778,50.0,0.45555555555555555,,0.27800000000000136,0.1389162561576355,0.1389162561576355,0.06945812807881775,200.0,133.5000000000005,1.4981273408239644,multiple_seed_outputs,,,,,,,8.8,42.2,0.45555555555555555,0.2,0.0,Ours-Frozen-LATE-AQP-v1,ours,native,20.0,0.2,5.0,9.0,0.45,11.0,0.0,0.0,,,,,5.0
mean,50,mean,Ours-Frozen-LATE-AQP-v1 native,0.4709710144927536,0.55,0.5071908453303802,0.6599999999999999,23.4,20.0,3.4,21.407773386034258,100.0,0.5656930171277997,,0.25190987157228617,0.23984361891338635,0.22101748380818148,0.12902245041779925,500.0,133.5000000000005,3.7453183520599103,multiple_seed_outputs,,,,,,,23.4,37.00000000000001,0.5656930171277997,0.6599999999999999,0.0,Ours-Frozen-LATE-AQP-v1,ours,native,50.0,0.264,3.791208791208791,20.8,0.41600000000000004,29.2,0.0,0.0,,,,,5.0
mean,80,mean,Ours-Frozen-LATE-AQP-v1 native,0.5070028011204482,0.47000000000000003,0.4870273650761455,0.77,18.6,20.0,1.8,43.28468229397022,210.0,0.8326404245908889,,0.17946325158526577,0.19730574852526073,0.124293899903656,0.05189053969541775,800.0,133.5000000000005,5.9925093632958575,multiple_seed_outputs,,,,,,,18.6,101.6,0.8326404245908889,0.77,0.0,Ours-Frozen-LATE-AQP-v1,ours,native,80.0,0.1925,5.199999999999999,25.4,0.3175,54.6,0.0,0.0,,,,,5.0
mean,100,mean,Ours-Frozen-LATE-AQP-v1 native,0.5363636363636364,0.27999999999999997,0.36687986651835375,1.0,10.4,20.0,9.6,97.47474747474746,478.0,1.9494949494949494,,0.11050333803907017,0.17009176863181313,0.025806451612903226,0.0,1000.0,133.5000000000005,7.4906367041198205,multiple_seed_outputs,,,,,,,10.4,243.60000000000005,1.9494949494949494,1.0,0.0,Ours-Frozen-LATE-AQP-v1,ours,native,100.0,0.2,5.0,32.0,0.32,68.0,0.0,0.0,,,,,5.0
