sensitivity,specificity,unknown_rate,variant,audit_fraction,cost_family,fixed_fraction,placements_passed,placements_required,robust_feasible,worst_cost_p95,worst_recall_p05,worst_coverage
0.8,0.8,0.0,B2_SRS,0.0,alpha_0.95,0.95,0,8,False,562.7500000000015,0.0,1.0
0.8,0.8,0.0,B2_SRS,0.0,constant,1.0,0,8,False,433.0,0.0,1.0
0.8,0.8,0.0,B2_SRS,0.05,alpha_0.95,0.95,0,8,False,583.7500000000015,0.038461538461538464,1.0
0.8,0.8,0.0,B2_SRS,0.05,constant,1.0,0,8,False,454.0,0.038461538461538464,1.0
0.8,0.8,0.0,B2_SRS,0.1,alpha_0.95,0.95,0,8,False,601.7500000000015,0.038461538461538464,1.0
0.8,0.8,0.0,B2_SRS,0.1,constant,1.0,0,8,False,472.0,0.038461538461538464,1.0
0.8,0.8,0.0,B2_SRS,0.2,alpha_0.95,0.95,0,8,False,636.8000000000014,0.11346153846153857,1.0
0.8,0.8,0.0,B2_SRS,0.2,constant,1.0,0,8,False,507.04999999999995,0.11346153846153857,1.0
0.8,0.8,0.0,B2_SRS,0.3,alpha_0.95,0.95,0,8,False,672.7500000000015,0.15384615384615385,1.0
0.8,0.8,0.0,B2_SRS,0.3,constant,1.0,0,8,False,543.0,0.15384615384615385,1.0
0.8,0.8,0.0,B2_SRS,0.4,alpha_0.95,0.95,0,8,False,706.7500000000015,0.19230769230769232,1.0
0.8,0.8,0.0,B2_SRS,0.4,constant,1.0,0,8,False,577.0,0.19230769230769232,1.0
0.8,0.8,0.0,B2_SRS,0.5,alpha_0.95,0.95,0,8,False,740.7500000000015,0.23076923076923078,1.0
0.8,0.8,0.0,B2_SRS,0.5,constant,1.0,0,8,False,611.0,0.23076923076923078,1.0
0.8,0.8,0.0,B2_SRS,0.7,alpha_0.95,0.95,0,8,False,808.7500000000015,0.38461538461538464,1.0
0.8,0.8,0.0,B2_SRS,0.7,constant,1.0,0,8,False,679.0,0.38461538461538464,1.0
0.8,0.8,0.0,B2_SRS,1.0,alpha_0.95,0.95,0,8,False,903.7500000000015,1.0,1.0
0.8,0.8,0.0,B2_SRS,1.0,constant,1.0,0,8,False,774.0,1.0,1.0
0.8,0.8,0.0,B3_STRATIFIED,0.0,alpha_0.95,0.95,0,8,False,562.7500000000015,0.0,1.0
0.8,0.8,0.0,B3_STRATIFIED,0.0,constant,1.0,0,8,False,433.0,0.0,1.0
0.8,0.8,0.0,B3_STRATIFIED,0.05,alpha_0.95,0.95,0,8,False,586.7500000000015,0.11538461538461539,1.0
0.8,0.8,0.0,B3_STRATIFIED,0.05,constant,1.0,0,8,False,457.0,0.11538461538461539,1.0
0.8,0.8,0.0,B3_STRATIFIED,0.1,alpha_0.95,0.95,0,8,False,602.7500000000015,0.11538461538461539,1.0
0.8,0.8,0.0,B3_STRATIFIED,0.1,constant,1.0,0,8,False,473.0,0.11538461538461539,1.0
0.8,0.8,0.0,B3_STRATIFIED,0.2,alpha_0.95,0.95,0,8,False,638.7500000000015,0.15384615384615385,1.0
0.8,0.8,0.0,B3_STRATIFIED,0.2,constant,1.0,0,8,False,509.0,0.15384615384615385,1.0
0.8,0.8,0.0,B3_STRATIFIED,0.3,alpha_0.95,0.95,0,8,False,673.7500000000015,0.1903846153846155,1.0
0.8,0.8,0.0,B3_STRATIFIED,0.3,constant,1.0,0,8,False,544.0,0.1903846153846155,1.0
0.8,0.8,0.0,B3_STRATIFIED,0.4,alpha_0.95,0.95,0,8,False,708.7500000000015,0.23076923076923078,1.0
0.8,0.8,0.0,B3_STRATIFIED,0.4,constant,1.0,0,8,False,579.0,0.23076923076923078,1.0
0.8,0.8,0.0,B3_STRATIFIED,0.5,alpha_0.95,0.95,0,8,False,740.7500000000015,0.2692307692307692,1.0
0.8,0.8,0.0,B3_STRATIFIED,0.5,constant,1.0,0,8,False,611.0,0.2692307692307692,1.0
0.8,0.8,0.0,B3_STRATIFIED,0.7,alpha_0.95,0.95,0,8,False,811.7500000000015,0.6153846153846154,1.0
0.8,0.8,0.0,B3_STRATIFIED,0.7,constant,1.0,0,8,False,682.0,0.6153846153846154,1.0
0.8,0.8,0.0,B3_STRATIFIED,1.0,alpha_0.95,0.95,0,8,False,903.7500000000015,1.0,1.0
0.8,0.8,0.0,B3_STRATIFIED,1.0,constant,1.0,0,8,False,774.0,1.0,1.0
0.8,0.8,0.05,B2_SRS,0.0,alpha_0.95,0.95,0,8,False,607.5500000000008,0.0,1.0
0.8,0.8,0.05,B2_SRS,0.0,constant,1.0,0,8,False,477.0,0.0,1.0
0.8,0.8,0.05,B2_SRS,0.05,alpha_0.95,0.95,0,8,False,627.5500000000008,0.038461538461538464,1.0
0.8,0.8,0.05,B2_SRS,0.05,constant,1.0,0,8,False,497.0,0.038461538461538464,1.0
0.8,0.8,0.05,B2_SRS,0.1,alpha_0.95,0.95,0,8,False,645.5500000000008,0.07500000000000011,1.0
0.8,0.8,0.05,B2_SRS,0.1,constant,1.0,0,8,False,515.0,0.07500000000000011,1.0
0.8,0.8,0.05,B2_SRS,0.2,alpha_0.95,0.95,0,8,False,680.5500000000008,0.11538461538461539,1.0
0.8,0.8,0.05,B2_SRS,0.2,constant,1.0,0,8,False,550.0,0.11538461538461539,1.0
0.8,0.8,0.05,B2_SRS,0.3,alpha_0.95,0.95,0,8,False,715.5500000000008,0.15384615384615385,1.0
0.8,0.8,0.05,B2_SRS,0.3,constant,1.0,0,8,False,585.0,0.15384615384615385,1.0
0.8,0.8,0.05,B2_SRS,0.4,alpha_0.95,0.95,0,8,False,750.5500000000008,0.19230769230769232,1.0
0.8,0.8,0.05,B2_SRS,0.4,constant,1.0,0,8,False,620.0,0.19230769230769232,1.0
0.8,0.8,0.05,B2_SRS,0.5,alpha_0.95,0.95,0,8,False,783.5500000000008,0.2673076923076924,1.0
0.8,0.8,0.05,B2_SRS,0.5,constant,1.0,0,8,False,653.0,0.2673076923076924,1.0
0.8,0.8,0.05,B2_SRS,0.7,alpha_0.95,0.95,0,8,False,851.5500000000008,0.38461538461538464,1.0
0.8,0.8,0.05,B2_SRS,0.7,constant,1.0,0,8,False,721.0,0.38461538461538464,1.0
0.8,0.8,0.05,B2_SRS,1.0,alpha_0.95,0.95,0,8,False,948.5500000000008,1.0,1.0
0.8,0.8,0.05,B2_SRS,1.0,constant,1.0,0,8,False,818.0,1.0,1.0
0.8,0.8,0.05,B3_STRATIFIED,0.0,alpha_0.95,0.95,0,8,False,607.5500000000008,0.0,1.0
0.8,0.8,0.05,B3_STRATIFIED,0.0,constant,1.0,0,8,False,477.0,0.0,1.0
0.8,0.8,0.05,B3_STRATIFIED,0.05,alpha_0.95,0.95,0,8,False,631.5500000000008,0.11538461538461539,1.0
0.8,0.8,0.05,B3_STRATIFIED,0.05,constant,1.0,0,8,False,501.0,0.11538461538461539,1.0
0.8,0.8,0.05,B3_STRATIFIED,0.1,alpha_0.95,0.95,0,8,False,649.5500000000008,0.11538461538461539,1.0
0.8,0.8,0.05,B3_STRATIFIED,0.1,constant,1.0,0,8,False,519.0,0.11538461538461539,1.0
0.8,0.8,0.05,B3_STRATIFIED,0.2,alpha_0.95,0.95,0,8,False,683.5500000000008,0.11538461538461539,1.0
0.8,0.8,0.05,B3_STRATIFIED,0.2,constant,1.0,0,8,False,553.0,0.11538461538461539,1.0
0.8,0.8,0.05,B3_STRATIFIED,0.3,alpha_0.95,0.95,0,8,False,719.5500000000008,0.19230769230769232,1.0
0.8,0.8,0.05,B3_STRATIFIED,0.3,constant,1.0,0,8,False,589.0,0.19230769230769232,1.0
0.8,0.8,0.05,B3_STRATIFIED,0.4,alpha_0.95,0.95,0,8,False,752.5500000000008,0.23076923076923078,1.0
0.8,0.8,0.05,B3_STRATIFIED,0.4,constant,1.0,0,8,False,622.0,0.23076923076923078,1.0
0.8,0.8,0.05,B3_STRATIFIED,0.5,alpha_0.95,0.95,0,8,False,786.5500000000008,0.2692307692307692,1.0
0.8,0.8,0.05,B3_STRATIFIED,0.5,constant,1.0,0,8,False,656.0,0.2692307692307692,1.0
0.8,0.8,0.05,B3_STRATIFIED,0.7,alpha_0.95,0.95,0,8,False,853.5500000000008,0.6153846153846154,1.0
0.8,0.8,0.05,B3_STRATIFIED,0.7,constant,1.0,0,8,False,723.0,0.6153846153846154,1.0
0.8,0.8,0.05,B3_STRATIFIED,1.0,alpha_0.95,0.95,0,8,False,948.5500000000008,1.0,1.0
0.8,0.8,0.05,B3_STRATIFIED,1.0,constant,1.0,0,8,False,818.0,1.0,1.0
0.8,0.8,0.1,B2_SRS,0.0,alpha_0.95,0.95,0,8,False,653.5500000000003,0.0,1.0
0.8,0.8,0.1,B2_SRS,0.0,constant,1.0,0,8,False,523.0,0.0,1.0
0.8,0.8,0.1,B2_SRS,0.05,alpha_0.95,0.95,0,8,False,673.5500000000003,0.038461538461538464,1.0
0.8,0.8,0.1,B2_SRS,0.05,constant,1.0,0,8,False,543.0,0.038461538461538464,1.0
0.8,0.8,0.1,B2_SRS,0.1,alpha_0.95,0.95,0,8,False,692.5500000000003,0.038461538461538464,1.0
0.8,0.8,0.1,B2_SRS,0.1,constant,1.0,0,8,False,562.0,0.038461538461538464,1.0
0.8,0.8,0.1,B2_SRS,0.2,alpha_0.95,0.95,0,8,False,727.5500000000003,0.11538461538461539,1.0
0.8,0.8,0.1,B2_SRS,0.2,constant,1.0,0,8,False,597.0,0.11538461538461539,1.0
0.8,0.8,0.1,B2_SRS,0.3,alpha_0.95,0.95,0,8,False,761.5500000000003,0.15384615384615385,1.0
0.8,0.8,0.1,B2_SRS,0.3,constant,1.0,0,8,False,631.0,0.15384615384615385,1.0
0.8,0.8,0.1,B2_SRS,0.4,alpha_0.95,0.95,0,8,False,797.5500000000003,0.19230769230769232,1.0
0.8,0.8,0.1,B2_SRS,0.4,constant,1.0,0,8,False,667.0,0.19230769230769232,1.0
0.8,0.8,0.1,B2_SRS,0.5,alpha_0.95,0.95,0,8,False,831.5500000000003,0.2673076923076924,1.0
0.8,0.8,0.1,B2_SRS,0.5,constant,1.0,0,8,False,701.0,0.2673076923076924,1.0
0.8,0.8,0.1,B2_SRS,0.7,alpha_0.95,0.95,0,8,False,898.5500000000003,0.38461538461538464,1.0
0.8,0.8,0.1,B2_SRS,0.7,constant,1.0,0,8,False,768.0,0.38461538461538464,1.0
0.8,0.8,0.1,B2_SRS,1.0,alpha_0.95,0.95,0,8,False,994.5500000000003,1.0,1.0
0.8,0.8,0.1,B2_SRS,1.0,constant,1.0,0,8,False,864.0,1.0,1.0
0.8,0.8,0.1,B3_STRATIFIED,0.0,alpha_0.95,0.95,0,8,False,653.5500000000003,0.0,1.0
0.8,0.8,0.1,B3_STRATIFIED,0.0,constant,1.0,0,8,False,523.0,0.0,1.0
0.8,0.8,0.1,B3_STRATIFIED,0.05,alpha_0.95,0.95,0,8,False,678.5500000000003,0.11538461538461539,1.0
0.8,0.8,0.1,B3_STRATIFIED,0.05,constant,1.0,0,8,False,548.0,0.11538461538461539,1.0
0.8,0.8,0.1,B3_STRATIFIED,0.1,alpha_0.95,0.95,0,8,False,695.5500000000003,0.11538461538461539,1.0
0.8,0.8,0.1,B3_STRATIFIED,0.1,constant,1.0,0,8,False,565.0,0.11538461538461539,1.0
0.8,0.8,0.1,B3_STRATIFIED,0.2,alpha_0.95,0.95,0,8,False,731.5500000000003,0.15384615384615385,1.0
0.8,0.8,0.1,B3_STRATIFIED,0.2,constant,1.0,0,8,False,601.0,0.15384615384615385,1.0
0.8,0.8,0.1,B3_STRATIFIED,0.3,alpha_0.95,0.95,0,8,False,764.5500000000003,0.19230769230769232,1.0
0.8,0.8,0.1,B3_STRATIFIED,0.3,constant,1.0,0,8,False,634.0,0.19230769230769232,1.0
0.8,0.8,0.1,B3_STRATIFIED,0.4,alpha_0.95,0.95,0,8,False,799.5500000000003,0.2673076923076924,1.0
0.8,0.8,0.1,B3_STRATIFIED,0.4,constant,1.0,0,8,False,669.0,0.2673076923076924,1.0
0.8,0.8,0.1,B3_STRATIFIED,0.5,alpha_0.95,0.95,0,8,False,831.5500000000003,0.2692307692307692,1.0
0.8,0.8,0.1,B3_STRATIFIED,0.5,constant,1.0,0,8,False,701.0,0.2692307692307692,1.0
0.8,0.8,0.1,B3_STRATIFIED,0.7,alpha_0.95,0.95,0,8,False,900.5500000000003,0.6153846153846154,1.0
0.8,0.8,0.1,B3_STRATIFIED,0.7,constant,1.0,0,8,False,770.0,0.6153846153846154,1.0
0.8,0.8,0.1,B3_STRATIFIED,1.0,alpha_0.95,0.95,0,8,False,994.5500000000003,1.0,1.0
0.8,0.8,0.1,B3_STRATIFIED,1.0,constant,1.0,0,8,False,864.0,1.0,1.0
0.8,0.8,0.2,B2_SRS,0.0,alpha_0.95,0.95,0,8,False,741.55,0.0,1.0
0.8,0.8,0.2,B2_SRS,0.0,constant,1.0,0,8,False,611.0,0.0,1.0
0.8,0.8,0.2,B2_SRS,0.05,alpha_0.95,0.95,0,8,False,760.55,0.038461538461538464,1.0
0.8,0.8,0.2,B2_SRS,0.05,constant,1.0,0,8,False,630.0,0.038461538461538464,1.0
0.8,0.8,0.2,B2_SRS,0.1,alpha_0.95,0.95,0,8,False,778.5999999999999,0.038461538461538464,1.0
0.8,0.8,0.2,B2_SRS,0.1,constant,1.0,0,8,False,648.05,0.038461538461538464,1.0
0.8,0.8,0.2,B2_SRS,0.2,alpha_0.95,0.95,0,8,False,814.55,0.11346153846153857,1.0
0.8,0.8,0.2,B2_SRS,0.2,constant,1.0,0,8,False,684.0,0.11346153846153857,1.0
0.8,0.8,0.2,B2_SRS,0.3,alpha_0.95,0.95,0,8,False,850.55,0.11538461538461539,1.0
0.8,0.8,0.2,B2_SRS,0.3,constant,1.0,0,8,False,720.0,0.11538461538461539,1.0
0.8,0.8,0.2,B2_SRS,0.4,alpha_0.95,0.95,0,8,False,883.55,0.15384615384615385,1.0
0.8,0.8,0.2,B2_SRS,0.4,constant,1.0,0,8,False,753.0,0.15384615384615385,1.0
0.8,0.8,0.2,B2_SRS,0.5,alpha_0.95,0.95,0,8,False,918.55,0.23076923076923078,1.0
0.8,0.8,0.2,B2_SRS,0.5,constant,1.0,0,8,False,788.0,0.23076923076923078,1.0
0.8,0.8,0.2,B2_SRS,0.7,alpha_0.95,0.95,0,8,False,985.55,0.38461538461538464,1.0
0.8,0.8,0.2,B2_SRS,0.7,constant,1.0,0,8,False,855.0,0.38461538461538464,1.0
0.8,0.8,0.2,B2_SRS,1.0,alpha_0.95,0.95,0,8,False,1082.55,1.0,1.0
0.8,0.8,0.2,B2_SRS,1.0,constant,1.0,0,8,False,952.0,1.0,1.0
0.8,0.8,0.2,B3_STRATIFIED,0.0,alpha_0.95,0.95,0,8,False,741.55,0.0,1.0
0.8,0.8,0.2,B3_STRATIFIED,0.0,constant,1.0,0,8,False,611.0,0.0,1.0
0.8,0.8,0.2,B3_STRATIFIED,0.05,alpha_0.95,0.95,0,8,False,765.55,0.11538461538461539,1.0
0.8,0.8,0.2,B3_STRATIFIED,0.05,constant,1.0,0,8,False,635.0,0.11538461538461539,1.0
0.8,0.8,0.2,B3_STRATIFIED,0.1,alpha_0.95,0.95,0,8,False,781.55,0.11538461538461539,1.0
0.8,0.8,0.2,B3_STRATIFIED,0.1,constant,1.0,0,8,False,651.0,0.11538461538461539,1.0
0.8,0.8,0.2,B3_STRATIFIED,0.2,alpha_0.95,0.95,0,8,False,816.55,0.11538461538461539,1.0
0.8,0.8,0.2,B3_STRATIFIED,0.2,constant,1.0,0,8,False,686.0,0.11538461538461539,1.0
0.8,0.8,0.2,B3_STRATIFIED,0.3,alpha_0.95,0.95,0,8,False,851.55,0.19230769230769232,1.0
0.8,0.8,0.2,B3_STRATIFIED,0.3,constant,1.0,0,8,False,721.0,0.19230769230769232,1.0
0.8,0.8,0.2,B3_STRATIFIED,0.4,alpha_0.95,0.95,0,8,False,886.55,0.23076923076923078,1.0
0.8,0.8,0.2,B3_STRATIFIED,0.4,constant,1.0,0,8,False,756.0,0.23076923076923078,1.0
0.8,0.8,0.2,B3_STRATIFIED,0.5,alpha_0.95,0.95,0,8,False,918.55,0.3076923076923077,1.0
0.8,0.8,0.2,B3_STRATIFIED,0.5,constant,1.0,0,8,False,788.0,0.3076923076923077,1.0
0.8,0.8,0.2,B3_STRATIFIED,0.7,alpha_0.95,0.95,0,8,False,986.55,0.6538461538461539,1.0
0.8,0.8,0.2,B3_STRATIFIED,0.7,constant,1.0,0,8,False,856.0,0.6538461538461539,1.0
0.8,0.8,0.2,B3_STRATIFIED,1.0,alpha_0.95,0.95,0,8,False,1082.55,1.0,1.0
0.8,0.8,0.2,B3_STRATIFIED,1.0,constant,1.0,0,8,False,952.0,1.0,1.0
0.8,0.85,0.0,B2_SRS,0.0,alpha_0.95,0.95,0,8,False,505.3500000000018,0.0,1.0
0.8,0.85,0.0,B2_SRS,0.0,constant,1.0,0,8,False,377.0,0.0,1.0
0.8,0.85,0.0,B2_SRS,0.05,alpha_0.95,0.95,0,8,False,526.3500000000017,0.038461538461538464,1.0
0.8,0.85,0.0,B2_SRS,0.05,constant,1.0,0,8,False,398.0,0.038461538461538464,1.0
0.8,0.85,0.0,B2_SRS,0.1,alpha_0.95,0.95,0,8,False,544.3500000000017,0.038461538461538464,1.0
0.8,0.85,0.0,B2_SRS,0.1,constant,1.0,0,8,False,416.0,0.038461538461538464,1.0
0.8,0.85,0.0,B2_SRS,0.2,alpha_0.95,0.95,0,8,False,580.3500000000017,0.07692307692307693,1.0
0.8,0.85,0.0,B2_SRS,0.2,constant,1.0,0,8,False,452.0,0.07692307692307693,1.0
0.8,0.85,0.0,B2_SRS,0.3,alpha_0.95,0.95,0,8,False,615.3500000000017,0.11538461538461539,1.0
0.8,0.85,0.0,B2_SRS,0.3,constant,1.0,0,8,False,487.0,0.11538461538461539,1.0
0.8,0.85,0.0,B2_SRS,0.4,alpha_0.95,0.95,0,8,False,649.3500000000017,0.1903846153846155,1.0
0.8,0.85,0.0,B2_SRS,0.4,constant,1.0,0,8,False,521.0,0.1903846153846155,1.0
0.8,0.85,0.0,B2_SRS,0.5,alpha_0.95,0.95,0,8,False,684.3500000000017,0.23076923076923078,1.0
0.8,0.85,0.0,B2_SRS,0.5,constant,1.0,0,8,False,556.0,0.23076923076923078,1.0
0.8,0.85,0.0,B2_SRS,0.7,alpha_0.95,0.95,0,8,False,751.3500000000017,0.4230769230769231,1.0
0.8,0.85,0.0,B2_SRS,0.7,constant,1.0,0,8,False,623.0,0.4230769230769231,1.0
0.8,0.85,0.0,B2_SRS,1.0,alpha_0.95,0.95,0,8,False,846.3500000000017,1.0,1.0
0.8,0.85,0.0,B2_SRS,1.0,constant,1.0,0,8,False,718.0,1.0,1.0
0.8,0.85,0.0,B3_STRATIFIED,0.0,alpha_0.95,0.95,0,8,False,505.3500000000018,0.0,1.0
0.8,0.85,0.0,B3_STRATIFIED,0.0,constant,1.0,0,8,False,377.0,0.0,1.0
0.8,0.85,0.0,B3_STRATIFIED,0.05,alpha_0.95,0.95,0,8,False,528.3500000000017,0.11538461538461539,1.0
0.8,0.85,0.0,B3_STRATIFIED,0.05,constant,1.0,0,8,False,400.0,0.11538461538461539,1.0
0.8,0.85,0.0,B3_STRATIFIED,0.1,alpha_0.95,0.95,0,8,False,546.3500000000017,0.11538461538461539,1.0
0.8,0.85,0.0,B3_STRATIFIED,0.1,constant,1.0,0,8,False,418.0,0.11538461538461539,1.0
0.8,0.85,0.0,B3_STRATIFIED,0.2,alpha_0.95,0.95,0,8,False,581.3500000000017,0.11538461538461539,1.0
0.8,0.85,0.0,B3_STRATIFIED,0.2,constant,1.0,0,8,False,453.0,0.11538461538461539,1.0
0.8,0.85,0.0,B3_STRATIFIED,0.3,alpha_0.95,0.95,0,8,False,617.3500000000017,0.15384615384615385,1.0
0.8,0.85,0.0,B3_STRATIFIED,0.3,constant,1.0,0,8,False,489.0,0.15384615384615385,1.0
0.8,0.85,0.0,B3_STRATIFIED,0.4,alpha_0.95,0.95,0,8,False,650.3500000000017,0.23076923076923078,1.0
0.8,0.85,0.0,B3_STRATIFIED,0.4,constant,1.0,0,8,False,522.0,0.23076923076923078,1.0
0.8,0.85,0.0,B3_STRATIFIED,0.5,alpha_0.95,0.95,0,8,False,682.3500000000017,0.2692307692307692,1.0
0.8,0.85,0.0,B3_STRATIFIED,0.5,constant,1.0,0,8,False,554.0,0.2692307692307692,1.0
0.8,0.85,0.0,B3_STRATIFIED,0.7,alpha_0.95,0.95,0,8,False,752.3500000000017,0.6153846153846154,1.0
0.8,0.85,0.0,B3_STRATIFIED,0.7,constant,1.0,0,8,False,624.0,0.6153846153846154,1.0
0.8,0.85,0.0,B3_STRATIFIED,1.0,alpha_0.95,0.95,0,8,False,846.3500000000017,1.0,1.0
0.8,0.85,0.0,B3_STRATIFIED,1.0,constant,1.0,0,8,False,718.0,1.0,1.0
0.8,0.85,0.05,B2_SRS,0.0,alpha_0.95,0.95,0,8,False,554.5500000000015,0.0,1.0
0.8,0.85,0.05,B2_SRS,0.0,constant,1.0,0,8,False,425.0,0.0,1.0
0.8,0.85,0.05,B2_SRS,0.05,alpha_0.95,0.95,0,8,False,576.5500000000015,0.038461538461538464,1.0
0.8,0.85,0.05,B2_SRS,0.05,constant,1.0,0,8,False,447.0,0.038461538461538464,1.0
0.8,0.85,0.05,B2_SRS,0.1,alpha_0.95,0.95,0,8,False,594.5500000000015,0.038461538461538464,1.0
0.8,0.85,0.05,B2_SRS,0.1,constant,1.0,0,8,False,465.0,0.038461538461538464,1.0
0.8,0.85,0.05,B2_SRS,0.2,alpha_0.95,0.95,0,8,False,629.5500000000015,0.11346153846153857,1.0
0.8,0.85,0.05,B2_SRS,0.2,constant,1.0,0,8,False,500.0,0.11346153846153857,1.0
0.8,0.85,0.05,B2_SRS,0.3,alpha_0.95,0.95,0,8,False,665.5500000000015,0.15384615384615385,1.0
0.8,0.85,0.05,B2_SRS,0.3,constant,1.0,0,8,False,536.0,0.15384615384615385,1.0
0.8,0.85,0.05,B2_SRS,0.4,alpha_0.95,0.95,0,8,False,698.5500000000015,0.15384615384615385,1.0
0.8,0.85,0.05,B2_SRS,0.4,constant,1.0,0,8,False,569.0,0.15384615384615385,1.0
0.8,0.85,0.05,B2_SRS,0.5,alpha_0.95,0.95,0,8,False,732.5500000000015,0.23076923076923078,1.0
0.8,0.85,0.05,B2_SRS,0.5,constant,1.0,0,8,False,603.0,0.23076923076923078,1.0
0.8,0.85,0.05,B2_SRS,0.7,alpha_0.95,0.95,0,8,False,800.5500000000015,0.42115384615384627,1.0
0.8,0.85,0.05,B2_SRS,0.7,constant,1.0,0,8,False,671.0,0.42115384615384627,1.0
0.8,0.85,0.05,B2_SRS,1.0,alpha_0.95,0.95,0,8,False,895.5500000000015,1.0,1.0
0.8,0.85,0.05,B2_SRS,1.0,constant,1.0,0,8,False,766.0,1.0,1.0
0.8,0.85,0.05,B3_STRATIFIED,0.0,alpha_0.95,0.95,0,8,False,554.5500000000015,0.0,1.0
0.8,0.85,0.05,B3_STRATIFIED,0.0,constant,1.0,0,8,False,425.0,0.0,1.0
0.8,0.85,0.05,B3_STRATIFIED,0.05,alpha_0.95,0.95,0,8,False,578.5500000000015,0.11538461538461539,1.0
0.8,0.85,0.05,B3_STRATIFIED,0.05,constant,1.0,0,8,False,449.0,0.11538461538461539,1.0
0.8,0.85,0.05,B3_STRATIFIED,0.1,alpha_0.95,0.95,0,8,False,595.5500000000015,0.11538461538461539,1.0
0.8,0.85,0.05,B3_STRATIFIED,0.1,constant,1.0,0,8,False,466.0,0.11538461538461539,1.0
0.8,0.85,0.05,B3_STRATIFIED,0.2,alpha_0.95,0.95,0,8,False,629.6000000000015,0.11538461538461539,1.0
0.8,0.85,0.05,B3_STRATIFIED,0.2,constant,1.0,0,8,False,500.04999999999995,0.11538461538461539,1.0
0.8,0.85,0.05,B3_STRATIFIED,0.3,alpha_0.95,0.95,0,8,False,665.5500000000015,0.15384615384615385,1.0
0.8,0.85,0.05,B3_STRATIFIED,0.3,constant,1.0,0,8,False,536.0,0.15384615384615385,1.0
0.8,0.85,0.05,B3_STRATIFIED,0.4,alpha_0.95,0.95,0,8,False,702.5500000000015,0.23076923076923078,1.0
0.8,0.85,0.05,B3_STRATIFIED,0.4,constant,1.0,0,8,False,573.0,0.23076923076923078,1.0
0.8,0.85,0.05,B3_STRATIFIED,0.5,alpha_0.95,0.95,0,8,False,732.5500000000015,0.2692307692307692,1.0
0.8,0.85,0.05,B3_STRATIFIED,0.5,constant,1.0,0,8,False,603.0,0.2692307692307692,1.0
0.8,0.85,0.05,B3_STRATIFIED,0.7,alpha_0.95,0.95,0,8,False,803.5500000000015,0.6153846153846154,1.0
0.8,0.85,0.05,B3_STRATIFIED,0.7,constant,1.0,0,8,False,674.0,0.6153846153846154,1.0
0.8,0.85,0.05,B3_STRATIFIED,1.0,alpha_0.95,0.95,0,8,False,895.5500000000015,1.0,1.0
0.8,0.85,0.05,B3_STRATIFIED,1.0,constant,1.0,0,8,False,766.0,1.0,1.0
0.8,0.85,0.1,B2_SRS,0.0,alpha_0.95,0.95,0,8,False,601.550000000001,0.0,1.0
0.8,0.85,0.1,B2_SRS,0.0,constant,1.0,0,8,False,471.0,0.0,1.0
0.8,0.85,0.1,B2_SRS,0.05,alpha_0.95,0.95,0,8,False,622.550000000001,0.038461538461538464,1.0
0.8,0.85,0.1,B2_SRS,0.05,constant,1.0,0,8,False,492.0,0.038461538461538464,1.0
0.8,0.85,0.1,B2_SRS,0.1,alpha_0.95,0.95,0,8,False,639.550000000001,0.038461538461538464,1.0
0.8,0.85,0.1,B2_SRS,0.1,constant,1.0,0,8,False,509.0,0.038461538461538464,1.0
0.8,0.85,0.1,B2_SRS,0.2,alpha_0.95,0.95,0,8,False,675.6000000000009,0.11538461538461539,1.0
0.8,0.85,0.1,B2_SRS,0.2,constant,1.0,0,8,False,545.05,0.11538461538461539,1.0
0.8,0.85,0.1,B2_SRS,0.3,alpha_0.95,0.95,0,8,False,710.550000000001,0.15192307692307705,1.0
0.8,0.85,0.1,B2_SRS,0.3,constant,1.0,0,8,False,580.0,0.15192307692307705,1.0
0.8,0.85,0.1,B2_SRS,0.4,alpha_0.95,0.95,0,8,False,744.550000000001,0.19230769230769232,1.0
0.8,0.85,0.1,B2_SRS,0.4,constant,1.0,0,8,False,614.0,0.19230769230769232,1.0
0.8,0.85,0.1,B2_SRS,0.5,alpha_0.95,0.95,0,8,False,779.550000000001,0.23076923076923078,1.0
0.8,0.85,0.1,B2_SRS,0.5,constant,1.0,0,8,False,649.0,0.23076923076923078,1.0
0.8,0.85,0.1,B2_SRS,0.7,alpha_0.95,0.95,0,8,False,845.550000000001,0.4230769230769231,1.0
0.8,0.85,0.1,B2_SRS,0.7,constant,1.0,0,8,False,715.0,0.4230769230769231,1.0
0.8,0.85,0.1,B2_SRS,1.0,alpha_0.95,0.95,0,8,False,942.550000000001,1.0,1.0
0.8,0.85,0.1,B2_SRS,1.0,constant,1.0,0,8,False,812.0,1.0,1.0
0.8,0.85,0.1,B3_STRATIFIED,0.0,alpha_0.95,0.95,0,8,False,601.550000000001,0.0,1.0
0.8,0.85,0.1,B3_STRATIFIED,0.0,constant,1.0,0,8,False,471.0,0.0,1.0
0.8,0.85,0.1,B3_STRATIFIED,0.05,alpha_0.95,0.95,0,8,False,625.550000000001,0.11538461538461539,1.0
0.8,0.85,0.1,B3_STRATIFIED,0.05,constant,1.0,0,8,False,495.0,0.11538461538461539,1.0
0.8,0.85,0.1,B3_STRATIFIED,0.1,alpha_0.95,0.95,0,8,False,644.550000000001,0.11538461538461539,1.0
0.8,0.85,0.1,B3_STRATIFIED,0.1,constant,1.0,0,8,False,514.0,0.11538461538461539,1.0
0.8,0.85,0.1,B3_STRATIFIED,0.2,alpha_0.95,0.95,0,8,False,678.550000000001,0.15192307692307705,1.0
0.8,0.85,0.1,B3_STRATIFIED,0.2,constant,1.0,0,8,False,548.0,0.15192307692307705,1.0
0.8,0.85,0.1,B3_STRATIFIED,0.3,alpha_0.95,0.95,0,8,False,711.550000000001,0.19230769230769232,1.0
0.8,0.85,0.1,B3_STRATIFIED,0.3,constant,1.0,0,8,False,581.0,0.19230769230769232,1.0
0.8,0.85,0.1,B3_STRATIFIED,0.4,alpha_0.95,0.95,0,8,False,748.550000000001,0.2673076923076924,1.0
0.8,0.85,0.1,B3_STRATIFIED,0.4,constant,1.0,0,8,False,618.0,0.2673076923076924,1.0
0.8,0.85,0.1,B3_STRATIFIED,0.5,alpha_0.95,0.95,0,8,False,781.550000000001,0.2692307692307692,1.0
0.8,0.85,0.1,B3_STRATIFIED,0.5,constant,1.0,0,8,False,651.0,0.2692307692307692,1.0
0.8,0.85,0.1,B3_STRATIFIED,0.7,alpha_0.95,0.95,0,8,False,849.550000000001,0.6153846153846154,1.0
0.8,0.85,0.1,B3_STRATIFIED,0.7,constant,1.0,0,8,False,719.0,0.6153846153846154,1.0
0.8,0.85,0.1,B3_STRATIFIED,1.0,alpha_0.95,0.95,0,8,False,942.550000000001,1.0,1.0
0.8,0.85,0.1,B3_STRATIFIED,1.0,constant,1.0,0,8,False,812.0,1.0,1.0
0.8,0.85,0.2,B2_SRS,0.0,alpha_0.95,0.95,0,8,False,697.5500000000002,0.0,1.0
0.8,0.85,0.2,B2_SRS,0.0,constant,1.0,0,8,False,567.0,0.0,1.0
0.8,0.85,0.2,B2_SRS,0.05,alpha_0.95,0.95,0,8,False,717.5500000000002,0.038461538461538464,1.0
0.8,0.85,0.2,B2_SRS,0.05,constant,1.0,0,8,False,587.0,0.038461538461538464,1.0
0.8,0.85,0.2,B2_SRS,0.1,alpha_0.95,0.95,0,8,False,735.5500000000002,0.038461538461538464,1.0
0.8,0.85,0.2,B2_SRS,0.1,constant,1.0,0,8,False,605.0,0.038461538461538464,1.0
0.8,0.85,0.2,B2_SRS,0.2,alpha_0.95,0.95,0,8,False,770.5500000000002,0.07692307692307693,1.0
0.8,0.85,0.2,B2_SRS,0.2,constant,1.0,0,8,False,640.0,0.07692307692307693,1.0
0.8,0.85,0.2,B2_SRS,0.3,alpha_0.95,0.95,0,8,False,805.5500000000002,0.11538461538461539,1.0
0.8,0.85,0.2,B2_SRS,0.3,constant,1.0,0,8,False,675.0,0.11538461538461539,1.0
0.8,0.85,0.2,B2_SRS,0.4,alpha_0.95,0.95,0,8,False,839.5500000000002,0.15384615384615385,1.0
0.8,0.85,0.2,B2_SRS,0.4,constant,1.0,0,8,False,709.0,0.15384615384615385,1.0
0.8,0.85,0.2,B2_SRS,0.5,alpha_0.95,0.95,0,8,False,874.5500000000002,0.19230769230769232,1.0
0.8,0.85,0.2,B2_SRS,0.5,constant,1.0,0,8,False,744.0,0.19230769230769232,1.0
0.8,0.85,0.2,B2_SRS,0.7,alpha_0.95,0.95,0,8,False,942.5500000000002,0.38461538461538464,1.0
0.8,0.85,0.2,B2_SRS,0.7,constant,1.0,0,8,False,812.0,0.38461538461538464,1.0
0.8,0.85,0.2,B2_SRS,1.0,alpha_0.95,0.95,0,8,False,1038.5500000000002,1.0,1.0
0.8,0.85,0.2,B2_SRS,1.0,constant,1.0,0,8,False,908.0,1.0,1.0
0.8,0.85,0.2,B3_STRATIFIED,0.0,alpha_0.95,0.95,0,8,False,697.5500000000002,0.0,1.0
0.8,0.85,0.2,B3_STRATIFIED,0.0,constant,1.0,0,8,False,567.0,0.0,1.0
0.8,0.85,0.2,B3_STRATIFIED,0.05,alpha_0.95,0.95,0,8,False,720.5500000000002,0.11538461538461539,1.0
0.8,0.85,0.2,B3_STRATIFIED,0.05,constant,1.0,0,8,False,590.0,0.11538461538461539,1.0
0.8,0.85,0.2,B3_STRATIFIED,0.1,alpha_0.95,0.95,0,8,False,738.5500000000002,0.11538461538461539,1.0
0.8,0.85,0.2,B3_STRATIFIED,0.1,constant,1.0,0,8,False,608.0,0.11538461538461539,1.0
0.8,0.85,0.2,B3_STRATIFIED,0.2,alpha_0.95,0.95,0,8,False,773.6000000000001,0.15384615384615385,1.0
0.8,0.85,0.2,B3_STRATIFIED,0.2,constant,1.0,0,8,False,643.05,0.15384615384615385,1.0
0.8,0.85,0.2,B3_STRATIFIED,0.3,alpha_0.95,0.95,0,8,False,809.5500000000002,0.19230769230769232,1.0
0.8,0.85,0.2,B3_STRATIFIED,0.3,constant,1.0,0,8,False,679.0,0.19230769230769232,1.0
0.8,0.85,0.2,B3_STRATIFIED,0.4,alpha_0.95,0.95,0,8,False,841.5500000000002,0.2673076923076924,1.0
0.8,0.85,0.2,B3_STRATIFIED,0.4,constant,1.0,0,8,False,711.0,0.2673076923076924,1.0
0.8,0.85,0.2,B3_STRATIFIED,0.5,alpha_0.95,0.95,0,8,False,876.5500000000002,0.3076923076923077,1.0
0.8,0.85,0.2,B3_STRATIFIED,0.5,constant,1.0,0,8,False,746.0,0.3076923076923077,1.0
0.8,0.85,0.2,B3_STRATIFIED,0.7,alpha_0.95,0.95,0,8,False,942.5500000000002,0.6153846153846154,1.0
0.8,0.85,0.2,B3_STRATIFIED,0.7,constant,1.0,0,8,False,812.0,0.6153846153846154,1.0
0.8,0.85,0.2,B3_STRATIFIED,1.0,alpha_0.95,0.95,0,8,False,1038.5500000000002,1.0,1.0
0.8,0.85,0.2,B3_STRATIFIED,1.0,constant,1.0,0,8,False,908.0,1.0,1.0
0.8,0.9,0.0,B2_SRS,0.0,alpha_0.95,0.95,0,8,False,447.75000000000136,0.0,1.0
0.8,0.9,0.0,B2_SRS,0.0,constant,1.0,0,8,False,321.0,0.0,1.0
0.8,0.9,0.0,B2_SRS,0.05,alpha_0.95,0.95,0,8,False,469.75000000000136,0.038461538461538464,1.0
0.8,0.9,0.0,B2_SRS,0.05,constant,1.0,0,8,False,343.0,0.038461538461538464,1.0
0.8,0.9,0.0,B2_SRS,0.1,alpha_0.95,0.95,0,8,False,489.75000000000136,0.038461538461538464,1.0
0.8,0.9,0.0,B2_SRS,0.1,constant,1.0,0,8,False,363.0,0.038461538461538464,1.0
0.8,0.9,0.0,B2_SRS,0.2,alpha_0.95,0.95,0,8,False,523.7500000000014,0.07692307692307693,1.0
0.8,0.9,0.0,B2_SRS,0.2,constant,1.0,0,8,False,397.0,0.07692307692307693,1.0
0.8,0.9,0.0,B2_SRS,0.3,alpha_0.95,0.95,0,8,False,558.7500000000014,0.11538461538461539,1.0
0.8,0.9,0.0,B2_SRS,0.3,constant,1.0,0,8,False,432.0,0.11538461538461539,1.0
0.8,0.9,0.0,B2_SRS,0.4,alpha_0.95,0.95,0,8,False,592.7500000000014,0.15384615384615385,1.0
0.8,0.9,0.0,B2_SRS,0.4,constant,1.0,0,8,False,466.0,0.15384615384615385,1.0
0.8,0.9,0.0,B2_SRS,0.5,alpha_0.95,0.95,0,8,False,627.7500000000014,0.23076923076923078,1.0
0.8,0.9,0.0,B2_SRS,0.5,constant,1.0,0,8,False,501.0,0.23076923076923078,1.0
0.8,0.9,0.0,B2_SRS,0.7,alpha_0.95,0.95,0,8,False,695.7500000000014,0.38461538461538464,1.0
0.8,0.9,0.0,B2_SRS,0.7,constant,1.0,0,8,False,569.0,0.38461538461538464,1.0
0.8,0.9,0.0,B2_SRS,1.0,alpha_0.95,0.95,0,8,False,788.7500000000014,1.0,1.0
0.8,0.9,0.0,B2_SRS,1.0,constant,1.0,0,8,False,662.0,1.0,1.0
0.8,0.9,0.0,B3_STRATIFIED,0.0,alpha_0.95,0.95,0,8,False,447.75000000000136,0.0,1.0
0.8,0.9,0.0,B3_STRATIFIED,0.0,constant,1.0,0,8,False,321.0,0.0,1.0
0.8,0.9,0.0,B3_STRATIFIED,0.05,alpha_0.95,0.95,0,8,False,469.75000000000136,0.11538461538461539,1.0
0.8,0.9,0.0,B3_STRATIFIED,0.05,constant,1.0,0,8,False,350.0,0.11538461538461539,1.0
0.8,0.9,0.0,B3_STRATIFIED,0.1,alpha_0.95,0.95,0,8,False,488.75000000000136,0.11538461538461539,1.0
0.8,0.9,0.0,B3_STRATIFIED,0.1,constant,1.0,0,8,False,362.0,0.11538461538461539,1.0
0.8,0.9,0.0,B3_STRATIFIED,0.2,alpha_0.95,0.95,0,8,False,522.7500000000014,0.11538461538461539,1.0
0.8,0.9,0.0,B3_STRATIFIED,0.2,constant,1.0,0,8,False,396.0,0.11538461538461539,1.0
0.8,0.9,0.0,B3_STRATIFIED,0.3,alpha_0.95,0.95,0,8,False,560.7500000000014,0.15384615384615385,1.0
0.8,0.9,0.0,B3_STRATIFIED,0.3,constant,1.0,0,8,False,434.0,0.15384615384615385,1.0
0.8,0.9,0.0,B3_STRATIFIED,0.4,alpha_0.95,0.95,0,8,False,590.7500000000014,0.23076923076923078,1.0
0.8,0.9,0.0,B3_STRATIFIED,0.4,constant,1.0,0,8,False,464.0,0.23076923076923078,1.0
0.8,0.9,0.0,B3_STRATIFIED,0.5,alpha_0.95,0.95,0,8,False,624.7500000000014,0.3076923076923077,1.0
0.8,0.9,0.0,B3_STRATIFIED,0.5,constant,1.0,0,8,False,498.0,0.3076923076923077,1.0
0.8,0.9,0.0,B3_STRATIFIED,0.7,alpha_0.95,0.95,0,8,False,693.7500000000014,0.6153846153846154,1.0
0.8,0.9,0.0,B3_STRATIFIED,0.7,constant,1.0,0,8,False,567.0,0.6153846153846154,1.0
0.8,0.9,0.0,B3_STRATIFIED,1.0,alpha_0.95,0.95,0,8,False,788.7500000000014,1.0,1.0
0.8,0.9,0.0,B3_STRATIFIED,1.0,constant,1.0,0,8,False,662.0,1.0,1.0
0.8,0.9,0.05,B2_SRS,0.0,alpha_0.95,0.95,0,8,False,499.20000000000175,0.0,1.0
0.8,0.9,0.05,B2_SRS,0.0,constant,1.0,0,8,False,371.0,0.0,1.0
0.8,0.9,0.05,B2_SRS,0.05,alpha_0.95,0.95,0,8,False,520.2000000000018,0.038461538461538464,1.0
0.8,0.9,0.05,B2_SRS,0.05,constant,1.0,0,8,False,392.0,0.038461538461538464,1.0
0.8,0.9,0.05,B2_SRS,0.1,alpha_0.95,0.95,0,8,False,539.2000000000018,0.07500000000000011,1.0
0.8,0.9,0.05,B2_SRS,0.1,constant,1.0,0,8,False,411.0,0.07500000000000011,1.0
0.8,0.9,0.05,B2_SRS,0.2,alpha_0.95,0.95,0,8,False,575.2000000000018,0.11538461538461539,1.0
0.8,0.9,0.05,B2_SRS,0.2,constant,1.0,0,8,False,447.0,0.11538461538461539,1.0
0.8,0.9,0.05,B2_SRS,0.3,alpha_0.95,0.95,0,8,False,611.2000000000018,0.11538461538461539,1.0
0.8,0.9,0.05,B2_SRS,0.3,constant,1.0,0,8,False,483.0,0.11538461538461539,1.0
0.8,0.9,0.05,B2_SRS,0.4,alpha_0.95,0.95,0,8,False,644.2000000000018,0.15384615384615385,1.0
0.8,0.9,0.05,B2_SRS,0.4,constant,1.0,0,8,False,516.0,0.15384615384615385,1.0
0.8,0.9,0.05,B2_SRS,0.5,alpha_0.95,0.95,0,8,False,679.2000000000018,0.23076923076923078,1.0
0.8,0.9,0.05,B2_SRS,0.5,constant,1.0,0,8,False,551.0,0.23076923076923078,1.0
0.8,0.9,0.05,B2_SRS,0.7,alpha_0.95,0.95,0,8,False,745.2000000000018,0.38461538461538464,1.0
0.8,0.9,0.05,B2_SRS,0.7,constant,1.0,0,8,False,617.0,0.38461538461538464,1.0
0.8,0.9,0.05,B2_SRS,1.0,alpha_0.95,0.95,0,8,False,840.2000000000018,1.0,1.0
0.8,0.9,0.05,B2_SRS,1.0,constant,1.0,0,8,False,712.0,1.0,1.0
0.8,0.9,0.05,B3_STRATIFIED,0.0,alpha_0.95,0.95,0,8,False,499.20000000000175,0.0,1.0
0.8,0.9,0.05,B3_STRATIFIED,0.0,constant,1.0,0,8,False,371.0,0.0,1.0
0.8,0.9,0.05,B3_STRATIFIED,0.05,alpha_0.95,0.95,0,8,False,525.2000000000018,0.11538461538461539,1.0
0.8,0.9,0.05,B3_STRATIFIED,0.05,constant,1.0,0,8,False,397.0,0.11538461538461539,1.0
0.8,0.9,0.05,B3_STRATIFIED,0.1,alpha_0.95,0.95,0,8,False,541.2000000000018,0.11538461538461539,1.0
0.8,0.9,0.05,B3_STRATIFIED,0.1,constant,1.0,0,8,False,413.0,0.11538461538461539,1.0
0.8,0.9,0.05,B3_STRATIFIED,0.2,alpha_0.95,0.95,0,8,False,577.2000000000018,0.11538461538461539,1.0
0.8,0.9,0.05,B3_STRATIFIED,0.2,constant,1.0,0,8,False,449.0,0.11538461538461539,1.0
0.8,0.9,0.05,B3_STRATIFIED,0.3,alpha_0.95,0.95,0,8,False,612.2000000000018,0.1903846153846155,1.0
0.8,0.9,0.05,B3_STRATIFIED,0.3,constant,1.0,0,8,False,484.0,0.1903846153846155,1.0
0.8,0.9,0.05,B3_STRATIFIED,0.4,alpha_0.95,0.95,0,8,False,644.2000000000018,0.23076923076923078,1.0
0.8,0.9,0.05,B3_STRATIFIED,0.4,constant,1.0,0,8,False,516.0,0.23076923076923078,1.0
0.8,0.9,0.05,B3_STRATIFIED,0.5,alpha_0.95,0.95,0,8,False,678.2000000000018,0.3076923076923077,1.0
0.8,0.9,0.05,B3_STRATIFIED,0.5,constant,1.0,0,8,False,550.0,0.3076923076923077,1.0
0.8,0.9,0.05,B3_STRATIFIED,0.7,alpha_0.95,0.95,0,8,False,744.2000000000018,0.6153846153846154,1.0
0.8,0.9,0.05,B3_STRATIFIED,0.7,constant,1.0,0,8,False,616.0,0.6153846153846154,1.0
0.8,0.9,0.05,B3_STRATIFIED,1.0,alpha_0.95,0.95,0,8,False,840.2000000000018,1.0,1.0
0.8,0.9,0.05,B3_STRATIFIED,1.0,constant,1.0,0,8,False,712.0,1.0,1.0
0.8,0.9,0.1,B2_SRS,0.0,alpha_0.95,0.95,0,8,False,550.4500000000016,0.0,1.0
0.8,0.9,0.1,B2_SRS,0.0,constant,1.0,0,8,False,421.0,0.0,1.0
0.8,0.9,0.1,B2_SRS,0.05,alpha_0.95,0.95,0,8,False,572.4500000000016,0.038461538461538464,1.0
0.8,0.9,0.1,B2_SRS,0.05,constant,1.0,0,8,False,443.0,0.038461538461538464,1.0
0.8,0.9,0.1,B2_SRS,0.1,alpha_0.95,0.95,0,8,False,590.4500000000016,0.07500000000000011,1.0
0.8,0.9,0.1,B2_SRS,0.1,constant,1.0,0,8,False,461.0,0.07500000000000011,1.0
0.8,0.9,0.1,B2_SRS,0.2,alpha_0.95,0.95,0,8,False,625.4500000000016,0.11538461538461539,1.0
0.8,0.9,0.1,B2_SRS,0.2,constant,1.0,0,8,False,496.0,0.11538461538461539,1.0
0.8,0.9,0.1,B2_SRS,0.3,alpha_0.95,0.95,0,8,False,660.4500000000016,0.11538461538461539,1.0
0.8,0.9,0.1,B2_SRS,0.3,constant,1.0,0,8,False,531.0,0.11538461538461539,1.0
0.8,0.9,0.1,B2_SRS,0.4,alpha_0.95,0.95,0,8,False,694.4500000000016,0.15384615384615385,1.0
0.8,0.9,0.1,B2_SRS,0.4,constant,1.0,0,8,False,565.0,0.15384615384615385,1.0
0.8,0.9,0.1,B2_SRS,0.5,alpha_0.95,0.95,0,8,False,728.4500000000016,0.23076923076923078,1.0
0.8,0.9,0.1,B2_SRS,0.5,constant,1.0,0,8,False,599.0,0.23076923076923078,1.0
0.8,0.9,0.1,B2_SRS,0.7,alpha_0.95,0.95,0,8,False,796.4500000000016,0.38461538461538464,1.0
0.8,0.9,0.1,B2_SRS,0.7,constant,1.0,0,8,False,667.0,0.38461538461538464,1.0
0.8,0.9,0.1,B2_SRS,1.0,alpha_0.95,0.95,0,8,False,891.4500000000016,1.0,1.0
0.8,0.9,0.1,B2_SRS,1.0,constant,1.0,0,8,False,762.0,1.0,1.0
0.8,0.9,0.1,B3_STRATIFIED,0.0,alpha_0.95,0.95,0,8,False,550.4500000000016,0.0,1.0
0.8,0.9,0.1,B3_STRATIFIED,0.0,constant,1.0,0,8,False,421.0,0.0,1.0
0.8,0.9,0.1,B3_STRATIFIED,0.05,alpha_0.95,0.95,0,8,False,574.4500000000016,0.11538461538461539,1.0
0.8,0.9,0.1,B3_STRATIFIED,0.05,constant,1.0,0,8,False,445.0,0.11538461538461539,1.0
0.8,0.9,0.1,B3_STRATIFIED,0.1,alpha_0.95,0.95,0,8,False,591.4500000000016,0.11538461538461539,1.0
0.8,0.9,0.1,B3_STRATIFIED,0.1,constant,1.0,0,8,False,462.0,0.11538461538461539,1.0
0.8,0.9,0.1,B3_STRATIFIED,0.2,alpha_0.95,0.95,0,8,False,626.4500000000016,0.15384615384615385,1.0
0.8,0.9,0.1,B3_STRATIFIED,0.2,constant,1.0,0,8,False,497.0,0.15384615384615385,1.0
0.8,0.9,0.1,B3_STRATIFIED,0.3,alpha_0.95,0.95,0,8,False,661.4500000000016,0.19230769230769232,1.0
0.8,0.9,0.1,B3_STRATIFIED,0.3,constant,1.0,0,8,False,532.0,0.19230769230769232,1.0
0.8,0.9,0.1,B3_STRATIFIED,0.4,alpha_0.95,0.95,0,8,False,696.5000000000016,0.23076923076923078,1.0
0.8,0.9,0.1,B3_STRATIFIED,0.4,constant,1.0,0,8,False,567.05,0.23076923076923078,1.0
0.8,0.9,0.1,B3_STRATIFIED,0.5,alpha_0.95,0.95,0,8,False,728.4500000000016,0.2692307692307692,1.0
0.8,0.9,0.1,B3_STRATIFIED,0.5,constant,1.0,0,8,False,599.0,0.2692307692307692,1.0
0.8,0.9,0.1,B3_STRATIFIED,0.7,alpha_0.95,0.95,0,8,False,799.4500000000016,0.6153846153846154,1.0
0.8,0.9,0.1,B3_STRATIFIED,0.7,constant,1.0,0,8,False,670.0,0.6153846153846154,1.0
0.8,0.9,0.1,B3_STRATIFIED,1.0,alpha_0.95,0.95,0,8,False,891.4500000000016,1.0,1.0
0.8,0.9,0.1,B3_STRATIFIED,1.0,constant,1.0,0,8,False,762.0,1.0,1.0
0.8,0.9,0.2,B2_SRS,0.0,alpha_0.95,0.95,0,8,False,653.5500000000003,0.0,1.0
0.8,0.9,0.2,B2_SRS,0.0,constant,1.0,0,8,False,523.0,0.0,1.0
0.8,0.9,0.2,B2_SRS,0.05,alpha_0.95,0.95,0,8,False,673.5500000000003,0.038461538461538464,1.0
0.8,0.9,0.2,B2_SRS,0.05,constant,1.0,0,8,False,543.0,0.038461538461538464,1.0
0.8,0.9,0.2,B2_SRS,0.1,alpha_0.95,0.95,0,8,False,692.5500000000003,0.038461538461538464,1.0
0.8,0.9,0.2,B2_SRS,0.1,constant,1.0,0,8,False,562.0,0.038461538461538464,1.0
0.8,0.9,0.2,B2_SRS,0.2,alpha_0.95,0.95,0,8,False,727.5500000000003,0.07692307692307693,1.0
0.8,0.9,0.2,B2_SRS,0.2,constant,1.0,0,8,False,597.0,0.07692307692307693,1.0
0.8,0.9,0.2,B2_SRS,0.3,alpha_0.95,0.95,0,8,False,761.5500000000003,0.15384615384615385,1.0
0.8,0.9,0.2,B2_SRS,0.3,constant,1.0,0,8,False,631.0,0.15384615384615385,1.0
0.8,0.9,0.2,B2_SRS,0.4,alpha_0.95,0.95,0,8,False,797.5500000000003,0.15384615384615385,1.0
0.8,0.9,0.2,B2_SRS,0.4,constant,1.0,0,8,False,667.0,0.15384615384615385,1.0
0.8,0.9,0.2,B2_SRS,0.5,alpha_0.95,0.95,0,8,False,831.5500000000003,0.22884615384615398,1.0
0.8,0.9,0.2,B2_SRS,0.5,constant,1.0,0,8,False,701.0,0.22884615384615398,1.0
0.8,0.9,0.2,B2_SRS,0.7,alpha_0.95,0.95,0,8,False,898.5500000000003,0.38461538461538464,1.0
0.8,0.9,0.2,B2_SRS,0.7,constant,1.0,0,8,False,768.0,0.38461538461538464,1.0
0.8,0.9,0.2,B2_SRS,1.0,alpha_0.95,0.95,0,8,False,994.5500000000003,1.0,1.0
0.8,0.9,0.2,B2_SRS,1.0,constant,1.0,0,8,False,864.0,1.0,1.0
0.8,0.9,0.2,B3_STRATIFIED,0.0,alpha_0.95,0.95,0,8,False,653.5500000000003,0.0,1.0
0.8,0.9,0.2,B3_STRATIFIED,0.0,constant,1.0,0,8,False,523.0,0.0,1.0
0.8,0.9,0.2,B3_STRATIFIED,0.05,alpha_0.95,0.95,0,8,False,678.5500000000003,0.11538461538461539,1.0
0.8,0.9,0.2,B3_STRATIFIED,0.05,constant,1.0,0,8,False,548.0,0.11538461538461539,1.0
0.8,0.9,0.2,B3_STRATIFIED,0.1,alpha_0.95,0.95,0,8,False,695.5500000000003,0.11538461538461539,1.0
0.8,0.9,0.2,B3_STRATIFIED,0.1,constant,1.0,0,8,False,565.0,0.11538461538461539,1.0
0.8,0.9,0.2,B3_STRATIFIED,0.2,alpha_0.95,0.95,0,8,False,731.5500000000003,0.15384615384615385,1.0
0.8,0.9,0.2,B3_STRATIFIED,0.2,constant,1.0,0,8,False,601.0,0.15384615384615385,1.0
0.8,0.9,0.2,B3_STRATIFIED,0.3,alpha_0.95,0.95,0,8,False,764.5500000000003,0.19230769230769232,1.0
0.8,0.9,0.2,B3_STRATIFIED,0.3,constant,1.0,0,8,False,634.0,0.19230769230769232,1.0
0.8,0.9,0.2,B3_STRATIFIED,0.4,alpha_0.95,0.95,0,8,False,799.5500000000003,0.23076923076923078,1.0
0.8,0.9,0.2,B3_STRATIFIED,0.4,constant,1.0,0,8,False,669.0,0.23076923076923078,1.0
0.8,0.9,0.2,B3_STRATIFIED,0.5,alpha_0.95,0.95,0,8,False,831.5500000000003,0.3057692307692309,1.0
0.8,0.9,0.2,B3_STRATIFIED,0.5,constant,1.0,0,8,False,701.0,0.3057692307692309,1.0
0.8,0.9,0.2,B3_STRATIFIED,0.7,alpha_0.95,0.95,0,8,False,900.5500000000003,0.6153846153846154,1.0
0.8,0.9,0.2,B3_STRATIFIED,0.7,constant,1.0,0,8,False,770.0,0.6153846153846154,1.0
0.8,0.9,0.2,B3_STRATIFIED,1.0,alpha_0.95,0.95,0,8,False,994.5500000000003,1.0,1.0
0.8,0.9,0.2,B3_STRATIFIED,1.0,constant,1.0,0,8,False,864.0,1.0,1.0
0.8,0.95,0.0,B2_SRS,0.0,alpha_0.95,0.95,0,8,False,387.2000000000006,0.0,1.0
0.8,0.95,0.0,B2_SRS,0.0,constant,1.0,0,8,False,265.0,0.0,1.0
0.8,0.95,0.0,B2_SRS,0.05,alpha_0.95,0.95,0,8,False,413.2000000000006,0.038461538461538464,1.0
0.8,0.95,0.0,B2_SRS,0.05,constant,1.0,0,8,False,291.0,0.038461538461538464,1.0
0.8,0.95,0.0,B2_SRS,0.1,alpha_0.95,0.95,0,8,False,433.2000000000006,0.038461538461538464,1.0
0.8,0.95,0.0,B2_SRS,0.1,constant,1.0,0,8,False,311.0,0.038461538461538464,1.0
0.8,0.95,0.0,B2_SRS,0.2,alpha_0.95,0.95,0,8,False,467.25000000000057,0.07692307692307693,1.0
0.8,0.95,0.0,B2_SRS,0.2,constant,1.0,0,8,False,345.04999999999995,0.07692307692307693,1.0
0.8,0.95,0.0,B2_SRS,0.3,alpha_0.95,0.95,0,8,False,504.2000000000006,0.11538461538461539,1.0
0.8,0.95,0.0,B2_SRS,0.3,constant,1.0,0,8,False,382.0,0.11538461538461539,1.0
0.8,0.95,0.0,B2_SRS,0.4,alpha_0.95,0.95,0,8,False,538.2000000000006,0.15384615384615385,1.0
0.8,0.95,0.0,B2_SRS,0.4,constant,1.0,0,8,False,416.0,0.15384615384615385,1.0
0.8,0.95,0.0,B2_SRS,0.5,alpha_0.95,0.95,0,8,False,572.2500000000006,0.23076923076923078,1.0
0.8,0.95,0.0,B2_SRS,0.5,constant,1.0,0,8,False,450.04999999999995,0.23076923076923078,1.0
0.8,0.95,0.0,B2_SRS,0.7,alpha_0.95,0.95,0,8,False,640.2000000000006,0.4230769230769231,1.0
0.8,0.95,0.0,B2_SRS,0.7,constant,1.0,0,8,False,518.0,0.4230769230769231,1.0
0.8,0.95,0.0,B2_SRS,1.0,alpha_0.95,0.95,0,8,False,728.2000000000006,1.0,1.0
0.8,0.95,0.0,B2_SRS,1.0,constant,1.0,0,8,False,606.0,1.0,1.0
0.8,0.95,0.0,B3_STRATIFIED,0.0,alpha_0.95,0.95,0,8,False,387.2000000000006,0.0,1.0
0.8,0.95,0.0,B3_STRATIFIED,0.0,constant,1.0,0,8,False,265.0,0.0,1.0
0.8,0.95,0.0,B3_STRATIFIED,0.05,alpha_0.95,0.95,0,8,False,412.2000000000006,0.11538461538461539,1.0
0.8,0.95,0.0,B3_STRATIFIED,0.05,constant,1.0,0,8,False,350.0,0.11538461538461539,1.0
0.8,0.95,0.0,B3_STRATIFIED,0.1,alpha_0.95,0.95,0,8,False,429.2000000000006,0.11538461538461539,1.0
0.8,0.95,0.0,B3_STRATIFIED,0.1,constant,1.0,0,8,False,350.0,0.11538461538461539,1.0
0.8,0.95,0.0,B3_STRATIFIED,0.2,alpha_0.95,0.95,0,8,False,463.2000000000006,0.11538461538461539,1.0
0.8,0.95,0.0,B3_STRATIFIED,0.2,constant,1.0,0,8,False,350.0,0.11538461538461539,1.0
0.8,0.95,0.0,B3_STRATIFIED,0.3,alpha_0.95,0.95,0,8,False,501.2000000000006,0.15384615384615385,1.0
0.8,0.95,0.0,B3_STRATIFIED,0.3,constant,1.0,0,8,False,379.0,0.15384615384615385,1.0
0.8,0.95,0.0,B3_STRATIFIED,0.4,alpha_0.95,0.95,0,8,False,534.2500000000006,0.23076923076923078,1.0
0.8,0.95,0.0,B3_STRATIFIED,0.4,constant,1.0,0,8,False,412.04999999999995,0.23076923076923078,1.0
0.8,0.95,0.0,B3_STRATIFIED,0.5,alpha_0.95,0.95,0,8,False,565.2000000000006,0.3076923076923077,1.0
0.8,0.95,0.0,B3_STRATIFIED,0.5,constant,1.0,0,8,False,443.0,0.3076923076923077,1.0
0.8,0.95,0.0,B3_STRATIFIED,0.7,alpha_0.95,0.95,0,8,False,635.2000000000006,0.6153846153846154,1.0
0.8,0.95,0.0,B3_STRATIFIED,0.7,constant,1.0,0,8,False,513.0,0.6153846153846154,1.0
0.8,0.95,0.0,B3_STRATIFIED,1.0,alpha_0.95,0.95,0,8,False,728.2000000000006,1.0,1.0
0.8,0.95,0.0,B3_STRATIFIED,1.0,constant,1.0,0,8,False,606.0,1.0,1.0
0.8,0.95,0.05,B2_SRS,0.0,alpha_0.95,0.95,0,8,False,445.6000000000014,0.0,1.0
0.8,0.95,0.05,B2_SRS,0.0,constant,1.0,0,8,False,319.0,0.0,1.0
0.8,0.95,0.05,B2_SRS,0.05,alpha_0.95,0.95,0,8,False,468.6000000000014,0.038461538461538464,1.0
0.8,0.95,0.05,B2_SRS,0.05,constant,1.0,0,8,False,342.0,0.038461538461538464,1.0
0.8,0.95,0.05,B2_SRS,0.1,alpha_0.95,0.95,0,8,False,487.6000000000014,0.038461538461538464,1.0
0.8,0.95,0.05,B2_SRS,0.1,constant,1.0,0,8,False,361.0,0.038461538461538464,1.0
0.8,0.95,0.05,B2_SRS,0.2,alpha_0.95,0.95,0,8,False,523.6000000000014,0.07692307692307693,1.0
0.8,0.95,0.05,B2_SRS,0.2,constant,1.0,0,8,False,397.0,0.07692307692307693,1.0
0.8,0.95,0.05,B2_SRS,0.3,alpha_0.95,0.95,0,8,False,557.6500000000013,0.15192307692307705,1.0
0.8,0.95,0.05,B2_SRS,0.3,constant,1.0,0,8,False,431.04999999999995,0.15192307692307705,1.0
0.8,0.95,0.05,B2_SRS,0.4,alpha_0.95,0.95,0,8,False,592.6000000000014,0.15384615384615385,1.0
0.8,0.95,0.05,B2_SRS,0.4,constant,1.0,0,8,False,466.0,0.15384615384615385,1.0
0.8,0.95,0.05,B2_SRS,0.5,alpha_0.95,0.95,0,8,False,626.6000000000014,0.23076923076923078,1.0
0.8,0.95,0.05,B2_SRS,0.5,constant,1.0,0,8,False,500.0,0.23076923076923078,1.0
0.8,0.95,0.05,B2_SRS,0.7,alpha_0.95,0.95,0,8,False,693.6000000000014,0.38461538461538464,1.0
0.8,0.95,0.05,B2_SRS,0.7,constant,1.0,0,8,False,567.0,0.38461538461538464,1.0
0.8,0.95,0.05,B2_SRS,1.0,alpha_0.95,0.95,0,8,False,786.6000000000014,1.0,1.0
0.8,0.95,0.05,B2_SRS,1.0,constant,1.0,0,8,False,660.0,1.0,1.0
0.8,0.95,0.05,B3_STRATIFIED,0.0,alpha_0.95,0.95,0,8,False,445.6000000000014,0.0,1.0
0.8,0.95,0.05,B3_STRATIFIED,0.0,constant,1.0,0,8,False,319.0,0.0,1.0
0.8,0.95,0.05,B3_STRATIFIED,0.05,alpha_0.95,0.95,0,8,False,467.6000000000014,0.11538461538461539,1.0
0.8,0.95,0.05,B3_STRATIFIED,0.05,constant,1.0,0,8,False,350.0,0.11538461538461539,1.0
0.8,0.95,0.05,B3_STRATIFIED,0.1,alpha_0.95,0.95,0,8,False,487.6000000000014,0.11538461538461539,1.0
0.8,0.95,0.05,B3_STRATIFIED,0.1,constant,1.0,0,8,False,361.0,0.11538461538461539,1.0
0.8,0.95,0.05,B3_STRATIFIED,0.2,alpha_0.95,0.95,0,8,False,521.6000000000014,0.11538461538461539,1.0
0.8,0.95,0.05,B3_STRATIFIED,0.2,constant,1.0,0,8,False,395.0,0.11538461538461539,1.0
0.8,0.95,0.05,B3_STRATIFIED,0.3,alpha_0.95,0.95,0,8,False,559.6000000000014,0.19230769230769232,1.0
0.8,0.95,0.05,B3_STRATIFIED,0.3,constant,1.0,0,8,False,433.0,0.19230769230769232,1.0
0.8,0.95,0.05,B3_STRATIFIED,0.4,alpha_0.95,0.95,0,8,False,589.6000000000014,0.2692307692307692,1.0
0.8,0.95,0.05,B3_STRATIFIED,0.4,constant,1.0,0,8,False,463.0,0.2692307692307692,1.0
0.8,0.95,0.05,B3_STRATIFIED,0.5,alpha_0.95,0.95,0,8,False,623.6000000000014,0.3076923076923077,1.0
0.8,0.95,0.05,B3_STRATIFIED,0.5,constant,1.0,0,8,False,497.0,0.3076923076923077,1.0
0.8,0.95,0.05,B3_STRATIFIED,0.7,alpha_0.95,0.95,0,8,False,690.6000000000014,0.6153846153846154,1.0
0.8,0.95,0.05,B3_STRATIFIED,0.7,constant,1.0,0,8,False,564.0,0.6153846153846154,1.0
0.8,0.95,0.05,B3_STRATIFIED,1.0,alpha_0.95,0.95,0,8,False,786.6000000000014,1.0,1.0
0.8,0.95,0.05,B3_STRATIFIED,1.0,constant,1.0,0,8,False,660.0,1.0,1.0
0.8,0.95,0.1,B2_SRS,0.0,alpha_0.95,0.95,0,8,False,499.20000000000175,0.0,1.0
0.8,0.95,0.1,B2_SRS,0.0,constant,1.0,0,8,False,371.0,0.0,1.0
0.8,0.95,0.1,B2_SRS,0.05,alpha_0.95,0.95,0,8,False,520.2000000000018,0.038461538461538464,1.0
0.8,0.95,0.1,B2_SRS,0.05,constant,1.0,0,8,False,392.0,0.038461538461538464,1.0
0.8,0.95,0.1,B2_SRS,0.1,alpha_0.95,0.95,0,8,False,539.2000000000018,0.07692307692307693,1.0
0.8,0.95,0.1,B2_SRS,0.1,constant,1.0,0,8,False,411.0,0.07692307692307693,1.0
0.8,0.95,0.1,B2_SRS,0.2,alpha_0.95,0.95,0,8,False,575.2000000000018,0.07692307692307693,1.0
0.8,0.95,0.1,B2_SRS,0.2,constant,1.0,0,8,False,447.0,0.07692307692307693,1.0
0.8,0.95,0.1,B2_SRS,0.3,alpha_0.95,0.95,0,8,False,611.2000000000018,0.15384615384615385,1.0
0.8,0.95,0.1,B2_SRS,0.3,constant,1.0,0,8,False,483.0,0.15384615384615385,1.0
0.8,0.95,0.1,B2_SRS,0.4,alpha_0.95,0.95,0,8,False,644.2000000000018,0.19230769230769232,1.0
0.8,0.95,0.1,B2_SRS,0.4,constant,1.0,0,8,False,516.0,0.19230769230769232,1.0
0.8,0.95,0.1,B2_SRS,0.5,alpha_0.95,0.95,0,8,False,679.2000000000018,0.23076923076923078,1.0
0.8,0.95,0.1,B2_SRS,0.5,constant,1.0,0,8,False,551.0,0.23076923076923078,1.0
0.8,0.95,0.1,B2_SRS,0.7,alpha_0.95,0.95,0,8,False,745.2000000000018,0.38461538461538464,1.0
0.8,0.95,0.1,B2_SRS,0.7,constant,1.0,0,8,False,617.0,0.38461538461538464,1.0
0.8,0.95,0.1,B2_SRS,1.0,alpha_0.95,0.95,0,8,False,840.2000000000018,1.0,1.0
0.8,0.95,0.1,B2_SRS,1.0,constant,1.0,0,8,False,712.0,1.0,1.0
0.8,0.95,0.1,B3_STRATIFIED,0.0,alpha_0.95,0.95,0,8,False,499.20000000000175,0.0,1.0
0.8,0.95,0.1,B3_STRATIFIED,0.0,constant,1.0,0,8,False,371.0,0.0,1.0
0.8,0.95,0.1,B3_STRATIFIED,0.05,alpha_0.95,0.95,0,8,False,525.2000000000018,0.11538461538461539,1.0
0.8,0.95,0.1,B3_STRATIFIED,0.05,constant,1.0,0,8,False,397.0,0.11538461538461539,1.0
0.8,0.95,0.1,B3_STRATIFIED,0.1,alpha_0.95,0.95,0,8,False,541.2000000000018,0.11538461538461539,1.0
0.8,0.95,0.1,B3_STRATIFIED,0.1,constant,1.0,0,8,False,413.0,0.11538461538461539,1.0
0.8,0.95,0.1,B3_STRATIFIED,0.2,alpha_0.95,0.95,0,8,False,577.2000000000018,0.15192307692307705,1.0
0.8,0.95,0.1,B3_STRATIFIED,0.2,constant,1.0,0,8,False,449.0,0.15192307692307705,1.0
0.8,0.95,0.1,B3_STRATIFIED,0.3,alpha_0.95,0.95,0,8,False,612.2000000000018,0.23076923076923078,1.0
0.8,0.95,0.1,B3_STRATIFIED,0.3,constant,1.0,0,8,False,484.0,0.23076923076923078,1.0
0.8,0.95,0.1,B3_STRATIFIED,0.4,alpha_0.95,0.95,0,8,False,644.2000000000018,0.2692307692307692,1.0
0.8,0.95,0.1,B3_STRATIFIED,0.4,constant,1.0,0,8,False,516.0,0.2692307692307692,1.0
0.8,0.95,0.1,B3_STRATIFIED,0.5,alpha_0.95,0.95,0,8,False,678.2000000000018,0.3076923076923077,1.0
0.8,0.95,0.1,B3_STRATIFIED,0.5,constant,1.0,0,8,False,550.0,0.3076923076923077,1.0
0.8,0.95,0.1,B3_STRATIFIED,0.7,alpha_0.95,0.95,0,8,False,744.2000000000018,0.6153846153846154,1.0
0.8,0.95,0.1,B3_STRATIFIED,0.7,constant,1.0,0,8,False,616.0,0.6153846153846154,1.0
0.8,0.95,0.1,B3_STRATIFIED,1.0,alpha_0.95,0.95,0,8,False,840.2000000000018,1.0,1.0
0.8,0.95,0.1,B3_STRATIFIED,1.0,constant,1.0,0,8,False,712.0,1.0,1.0
0.8,0.95,0.2,B2_SRS,0.0,alpha_0.95,0.95,0,8,False,607.5500000000008,0.0,1.0
0.8,0.95,0.2,B2_SRS,0.0,constant,1.0,0,8,False,477.0,0.0,1.0
0.8,0.95,0.2,B2_SRS,0.05,alpha_0.95,0.95,0,8,False,627.5500000000008,0.038461538461538464,1.0
0.8,0.95,0.2,B2_SRS,0.05,constant,1.0,0,8,False,497.0,0.038461538461538464,1.0
0.8,0.95,0.2,B2_SRS,0.1,alpha_0.95,0.95,0,8,False,645.5500000000008,0.038461538461538464,1.0
0.8,0.95,0.2,B2_SRS,0.1,constant,1.0,0,8,False,515.0,0.038461538461538464,1.0
0.8,0.95,0.2,B2_SRS,0.2,alpha_0.95,0.95,0,8,False,680.5500000000008,0.07692307692307693,1.0
0.8,0.95,0.2,B2_SRS,0.2,constant,1.0,0,8,False,550.0,0.07692307692307693,1.0
0.8,0.95,0.2,B2_SRS,0.3,alpha_0.95,0.95,0,8,False,715.5500000000008,0.15192307692307705,1.0
0.8,0.95,0.2,B2_SRS,0.3,constant,1.0,0,8,False,585.0,0.15192307692307705,1.0
0.8,0.95,0.2,B2_SRS,0.4,alpha_0.95,0.95,0,8,False,750.5500000000008,0.15384615384615385,1.0
0.8,0.95,0.2,B2_SRS,0.4,constant,1.0,0,8,False,620.0,0.15384615384615385,1.0
0.8,0.95,0.2,B2_SRS,0.5,alpha_0.95,0.95,0,8,False,783.5500000000008,0.19230769230769232,1.0
0.8,0.95,0.2,B2_SRS,0.5,constant,1.0,0,8,False,653.0,0.19230769230769232,1.0
0.8,0.95,0.2,B2_SRS,0.7,alpha_0.95,0.95,0,8,False,851.5500000000008,0.38461538461538464,1.0
0.8,0.95,0.2,B2_SRS,0.7,constant,1.0,0,8,False,721.0,0.38461538461538464,1.0
0.8,0.95,0.2,B2_SRS,1.0,alpha_0.95,0.95,0,8,False,948.5500000000008,1.0,1.0
0.8,0.95,0.2,B2_SRS,1.0,constant,1.0,0,8,False,818.0,1.0,1.0
0.8,0.95,0.2,B3_STRATIFIED,0.0,alpha_0.95,0.95,0,8,False,607.5500000000008,0.0,1.0
0.8,0.95,0.2,B3_STRATIFIED,0.0,constant,1.0,0,8,False,477.0,0.0,1.0
0.8,0.95,0.2,B3_STRATIFIED,0.05,alpha_0.95,0.95,0,8,False,631.5500000000008,0.11538461538461539,1.0
0.8,0.95,0.2,B3_STRATIFIED,0.05,constant,1.0,0,8,False,501.0,0.11538461538461539,1.0
0.8,0.95,0.2,B3_STRATIFIED,0.1,alpha_0.95,0.95,0,8,False,649.5500000000008,0.11538461538461539,1.0
0.8,0.95,0.2,B3_STRATIFIED,0.1,constant,1.0,0,8,False,519.0,0.11538461538461539,1.0
0.8,0.95,0.2,B3_STRATIFIED,0.2,alpha_0.95,0.95,0,8,False,683.5500000000008,0.15384615384615385,1.0
0.8,0.95,0.2,B3_STRATIFIED,0.2,constant,1.0,0,8,False,553.0,0.15384615384615385,1.0
0.8,0.95,0.2,B3_STRATIFIED,0.3,alpha_0.95,0.95,0,8,False,719.5500000000008,0.19230769230769232,1.0
0.8,0.95,0.2,B3_STRATIFIED,0.3,constant,1.0,0,8,False,589.0,0.19230769230769232,1.0
0.8,0.95,0.2,B3_STRATIFIED,0.4,alpha_0.95,0.95,0,8,False,752.5500000000008,0.2692307692307692,1.0
0.8,0.95,0.2,B3_STRATIFIED,0.4,constant,1.0,0,8,False,622.0,0.2692307692307692,1.0
0.8,0.95,0.2,B3_STRATIFIED,0.5,alpha_0.95,0.95,0,8,False,786.5500000000008,0.3076923076923077,1.0
0.8,0.95,0.2,B3_STRATIFIED,0.5,constant,1.0,0,8,False,656.0,0.3076923076923077,1.0
0.8,0.95,0.2,B3_STRATIFIED,0.7,alpha_0.95,0.95,0,8,False,853.5500000000008,0.6538461538461539,1.0
0.8,0.95,0.2,B3_STRATIFIED,0.7,constant,1.0,0,8,False,723.0,0.6538461538461539,1.0
0.8,0.95,0.2,B3_STRATIFIED,1.0,alpha_0.95,0.95,0,8,False,948.5500000000008,1.0,1.0
0.8,0.95,0.2,B3_STRATIFIED,1.0,constant,1.0,0,8,False,818.0,1.0,1.0
0.8,0.97,0.0,B2_SRS,0.0,alpha_0.95,0.95,0,8,False,362.80000000000024,0.0,1.0
0.8,0.97,0.0,B2_SRS,0.0,constant,1.0,0,8,False,243.0,0.0,1.0
0.8,0.97,0.0,B2_SRS,0.05,alpha_0.95,0.95,0,8,False,388.80000000000024,0.038461538461538464,1.0
0.8,0.97,0.0,B2_SRS,0.05,constant,1.0,0,8,False,269.0,0.038461538461538464,1.0
0.8,0.97,0.0,B2_SRS,0.1,alpha_0.95,0.95,0,8,False,409.80000000000024,0.038461538461538464,1.0
0.8,0.97,0.0,B2_SRS,0.1,constant,1.0,0,8,False,290.0,0.038461538461538464,1.0
0.8,0.97,0.0,B2_SRS,0.2,alpha_0.95,0.95,0,8,False,446.80000000000024,0.07692307692307693,1.0
0.8,0.97,0.0,B2_SRS,0.2,constant,1.0,0,8,False,327.0,0.07692307692307693,1.0
0.8,0.97,0.0,B2_SRS,0.3,alpha_0.95,0.95,0,8,False,481.80000000000024,0.11538461538461539,1.0
0.8,0.97,0.0,B2_SRS,0.3,constant,1.0,0,8,False,362.0,0.11538461538461539,1.0
0.8,0.97,0.0,B2_SRS,0.4,alpha_0.95,0.95,0,8,False,518.8000000000002,0.15384615384615385,1.0
0.8,0.97,0.0,B2_SRS,0.4,constant,1.0,0,8,False,399.0,0.15384615384615385,1.0
0.8,0.97,0.0,B2_SRS,0.5,alpha_0.95,0.95,0,8,False,551.8000000000002,0.23076923076923078,1.0
0.8,0.97,0.0,B2_SRS,0.5,constant,1.0,0,8,False,432.0,0.23076923076923078,1.0
0.8,0.97,0.0,B2_SRS,0.7,alpha_0.95,0.95,0,8,False,619.8000000000002,0.38461538461538464,1.0
0.8,0.97,0.0,B2_SRS,0.7,constant,1.0,0,8,False,500.0,0.38461538461538464,1.0
0.8,0.97,0.0,B2_SRS,1.0,alpha_0.95,0.95,0,8,False,703.8000000000002,1.0,1.0
0.8,0.97,0.0,B2_SRS,1.0,constant,1.0,0,8,False,584.0,1.0,1.0
0.8,0.97,0.0,B3_STRATIFIED,0.0,alpha_0.95,0.95,0,8,False,362.80000000000024,0.0,1.0
0.8,0.97,0.0,B3_STRATIFIED,0.0,constant,1.0,0,8,False,243.0,0.0,1.0
0.8,0.97,0.0,B3_STRATIFIED,0.05,alpha_0.95,0.95,0,8,False,400.8500000000002,0.11538461538461539,1.0
0.8,0.97,0.0,B3_STRATIFIED,0.05,constant,1.0,0,8,False,350.0,0.11538461538461539,1.0
0.8,0.97,0.0,B3_STRATIFIED,0.1,alpha_0.95,0.95,0,8,False,415.80000000000024,0.11538461538461539,1.0
0.8,0.97,0.0,B3_STRATIFIED,0.1,constant,1.0,0,8,False,350.0,0.11538461538461539,1.0
0.8,0.97,0.0,B3_STRATIFIED,0.2,alpha_0.95,0.95,0,8,False,449.80000000000024,0.15192307692307705,1.0
0.8,0.97,0.0,B3_STRATIFIED,0.2,constant,1.0,0,8,False,350.0,0.15192307692307705,1.0
0.8,0.97,0.0,B3_STRATIFIED,0.3,alpha_0.95,0.95,0,8,False,486.8500000000002,0.1903846153846155,1.0
0.8,0.97,0.0,B3_STRATIFIED,0.3,constant,1.0,0,8,False,367.04999999999995,0.1903846153846155,1.0
0.8,0.97,0.0,B3_STRATIFIED,0.4,alpha_0.95,0.95,0,8,False,514.8000000000002,0.2692307692307692,1.0
0.8,0.97,0.0,B3_STRATIFIED,0.4,constant,1.0,0,8,False,395.0,0.2692307692307692,1.0
0.8,0.97,0.0,B3_STRATIFIED,0.5,alpha_0.95,0.95,0,8,False,552.8000000000002,0.3076923076923077,1.0
0.8,0.97,0.0,B3_STRATIFIED,0.5,constant,1.0,0,8,False,433.0,0.3076923076923077,1.0
0.8,0.97,0.0,B3_STRATIFIED,0.7,alpha_0.95,0.95,0,8,False,615.8000000000002,0.6153846153846154,1.0
0.8,0.97,0.0,B3_STRATIFIED,0.7,constant,1.0,0,8,False,496.0,0.6153846153846154,1.0
0.8,0.97,0.0,B3_STRATIFIED,1.0,alpha_0.95,0.95,0,8,False,703.8000000000002,1.0,1.0
0.8,0.97,0.0,B3_STRATIFIED,1.0,constant,1.0,0,8,False,584.0,1.0,1.0
0.8,0.97,0.05,B2_SRS,0.0,alpha_0.95,0.95,0,8,False,421.95000000000107,0.0,1.0
0.8,0.97,0.05,B2_SRS,0.0,constant,1.0,0,8,False,297.0,0.0,1.0
0.8,0.97,0.05,B2_SRS,0.05,alpha_0.95,0.95,0,8,False,444.000000000001,0.038461538461538464,1.0
0.8,0.97,0.05,B2_SRS,0.05,constant,1.0,0,8,False,319.04999999999995,0.038461538461538464,1.0
0.8,0.97,0.05,B2_SRS,0.1,alpha_0.95,0.95,0,8,False,462.95000000000107,0.07692307692307693,1.0
0.8,0.97,0.05,B2_SRS,0.1,constant,1.0,0,8,False,338.0,0.07692307692307693,1.0
0.8,0.97,0.05,B2_SRS,0.2,alpha_0.95,0.95,0,8,False,498.95000000000107,0.07692307692307693,1.0
0.8,0.97,0.05,B2_SRS,0.2,constant,1.0,0,8,False,374.0,0.07692307692307693,1.0
0.8,0.97,0.05,B2_SRS,0.3,alpha_0.95,0.95,0,8,False,534.9500000000011,0.15192307692307705,1.0
0.8,0.97,0.05,B2_SRS,0.3,constant,1.0,0,8,False,410.0,0.15192307692307705,1.0
0.8,0.97,0.05,B2_SRS,0.4,alpha_0.95,0.95,0,8,False,569.9500000000011,0.15384615384615385,1.0
0.8,0.97,0.05,B2_SRS,0.4,constant,1.0,0,8,False,445.0,0.15384615384615385,1.0
0.8,0.97,0.05,B2_SRS,0.5,alpha_0.95,0.95,0,8,False,603.9500000000011,0.23076923076923078,1.0
0.8,0.97,0.05,B2_SRS,0.5,constant,1.0,0,8,False,479.0,0.23076923076923078,1.0
0.8,0.97,0.05,B2_SRS,0.7,alpha_0.95,0.95,0,8,False,671.9500000000011,0.38461538461538464,1.0
0.8,0.97,0.05,B2_SRS,0.7,constant,1.0,0,8,False,547.0,0.38461538461538464,1.0
0.8,0.97,0.05,B2_SRS,1.0,alpha_0.95,0.95,0,8,False,762.9500000000011,1.0,1.0
0.8,0.97,0.05,B2_SRS,1.0,constant,1.0,0,8,False,638.0,1.0,1.0
0.8,0.97,0.05,B3_STRATIFIED,0.0,alpha_0.95,0.95,0,8,False,421.95000000000107,0.0,1.0
0.8,0.97,0.05,B3_STRATIFIED,0.0,constant,1.0,0,8,False,297.0,0.0,1.0
0.8,0.97,0.05,B3_STRATIFIED,0.05,alpha_0.95,0.95,0,8,False,444.95000000000107,0.11538461538461539,1.0
0.8,0.97,0.05,B3_STRATIFIED,0.05,constant,1.0,0,8,False,350.0,0.11538461538461539,1.0
0.8,0.97,0.05,B3_STRATIFIED,0.1,alpha_0.95,0.95,0,8,False,465.95000000000107,0.11538461538461539,1.0
0.8,0.97,0.05,B3_STRATIFIED,0.1,constant,1.0,0,8,False,350.0,0.11538461538461539,1.0
0.8,0.97,0.05,B3_STRATIFIED,0.2,alpha_0.95,0.95,0,8,False,498.95000000000107,0.11538461538461539,1.0
0.8,0.97,0.05,B3_STRATIFIED,0.2,constant,1.0,0,8,False,374.0,0.11538461538461539,1.0
0.8,0.97,0.05,B3_STRATIFIED,0.3,alpha_0.95,0.95,0,8,False,533.9500000000011,0.19230769230769232,1.0
0.8,0.97,0.05,B3_STRATIFIED,0.3,constant,1.0,0,8,False,409.0,0.19230769230769232,1.0
0.8,0.97,0.05,B3_STRATIFIED,0.4,alpha_0.95,0.95,0,8,False,567.000000000001,0.2692307692307692,1.0
0.8,0.97,0.05,B3_STRATIFIED,0.4,constant,1.0,0,8,False,442.04999999999995,0.2692307692307692,1.0
0.8,0.97,0.05,B3_STRATIFIED,0.5,alpha_0.95,0.95,0,8,False,600.9500000000011,0.3076923076923077,1.0
0.8,0.97,0.05,B3_STRATIFIED,0.5,constant,1.0,0,8,False,476.0,0.3076923076923077,1.0
0.8,0.97,0.05,B3_STRATIFIED,0.7,alpha_0.95,0.95,0,8,False,671.9500000000011,0.6153846153846154,1.0
0.8,0.97,0.05,B3_STRATIFIED,0.7,constant,1.0,0,8,False,547.0,0.6153846153846154,1.0
0.8,0.97,0.05,B3_STRATIFIED,1.0,alpha_0.95,0.95,0,8,False,762.9500000000011,1.0,1.0
0.8,0.97,0.05,B3_STRATIFIED,1.0,constant,1.0,0,8,False,638.0,1.0,1.0
0.8,0.97,0.1,B2_SRS,0.0,alpha_0.95,0.95,0,8,False,478.70000000000164,0.0,1.0
0.8,0.97,0.1,B2_SRS,0.0,constant,1.0,0,8,False,351.0,0.0,1.0
0.8,0.97,0.1,B2_SRS,0.05,alpha_0.95,0.95,0,8,False,501.70000000000164,0.038461538461538464,1.0
0.8,0.97,0.1,B2_SRS,0.05,constant,1.0,0,8,False,374.0,0.038461538461538464,1.0
0.8,0.97,0.1,B2_SRS,0.1,alpha_0.95,0.95,0,8,False,518.7000000000016,0.07692307692307693,1.0
0.8,0.97,0.1,B2_SRS,0.1,constant,1.0,0,8,False,391.0,0.07692307692307693,1.0
0.8,0.97,0.1,B2_SRS,0.2,alpha_0.95,0.95,0,8,False,555.7000000000016,0.07692307692307693,1.0
0.8,0.97,0.1,B2_SRS,0.2,constant,1.0,0,8,False,428.0,0.07692307692307693,1.0
0.8,0.97,0.1,B2_SRS,0.3,alpha_0.95,0.95,0,8,False,591.7000000000016,0.15384615384615385,1.0
0.8,0.97,0.1,B2_SRS,0.3,constant,1.0,0,8,False,464.0,0.15384615384615385,1.0
0.8,0.97,0.1,B2_SRS,0.4,alpha_0.95,0.95,0,8,False,623.7000000000016,0.15384615384615385,1.0
0.8,0.97,0.1,B2_SRS,0.4,constant,1.0,0,8,False,496.0,0.15384615384615385,1.0
0.8,0.97,0.1,B2_SRS,0.5,alpha_0.95,0.95,0,8,False,658.7000000000016,0.23076923076923078,1.0
0.8,0.97,0.1,B2_SRS,0.5,constant,1.0,0,8,False,531.0,0.23076923076923078,1.0
0.8,0.97,0.1,B2_SRS,0.7,alpha_0.95,0.95,0,8,False,725.7000000000016,0.38461538461538464,1.0
0.8,0.97,0.1,B2_SRS,0.7,constant,1.0,0,8,False,598.0,0.38461538461538464,1.0
0.8,0.97,0.1,B2_SRS,1.0,alpha_0.95,0.95,0,8,False,819.7000000000016,1.0,1.0
0.8,0.97,0.1,B2_SRS,1.0,constant,1.0,0,8,False,692.0,1.0,1.0
0.8,0.97,0.1,B3_STRATIFIED,0.0,alpha_0.95,0.95,0,8,False,478.70000000000164,0.0,1.0
0.8,0.97,0.1,B3_STRATIFIED,0.0,constant,1.0,0,8,False,351.0,0.0,1.0
0.8,0.97,0.1,B3_STRATIFIED,0.05,alpha_0.95,0.95,0,8,False,501.70000000000164,0.11538461538461539,1.0
0.8,0.97,0.1,B3_STRATIFIED,0.05,constant,1.0,0,8,False,374.0,0.11538461538461539,1.0
0.8,0.97,0.1,B3_STRATIFIED,0.1,alpha_0.95,0.95,0,8,False,517.7000000000016,0.11538461538461539,1.0
0.8,0.97,0.1,B3_STRATIFIED,0.1,constant,1.0,0,8,False,390.0,0.11538461538461539,1.0
0.8,0.97,0.1,B3_STRATIFIED,0.2,alpha_0.95,0.95,0,8,False,551.7000000000016,0.11538461538461539,1.0
0.8,0.97,0.1,B3_STRATIFIED,0.2,constant,1.0,0,8,False,424.0,0.11538461538461539,1.0
0.8,0.97,0.1,B3_STRATIFIED,0.3,alpha_0.95,0.95,0,8,False,588.7000000000016,0.19230769230769232,1.0
0.8,0.97,0.1,B3_STRATIFIED,0.3,constant,1.0,0,8,False,461.0,0.19230769230769232,1.0
0.8,0.97,0.1,B3_STRATIFIED,0.4,alpha_0.95,0.95,0,8,False,622.7000000000016,0.2692307692307692,1.0
0.8,0.97,0.1,B3_STRATIFIED,0.4,constant,1.0,0,8,False,495.0,0.2692307692307692,1.0
0.8,0.97,0.1,B3_STRATIFIED,0.5,alpha_0.95,0.95,0,8,False,654.7000000000016,0.2692307692307692,1.0
0.8,0.97,0.1,B3_STRATIFIED,0.5,constant,1.0,0,8,False,527.0,0.2692307692307692,1.0
0.8,0.97,0.1,B3_STRATIFIED,0.7,alpha_0.95,0.95,0,8,False,723.7000000000016,0.6153846153846154,1.0
0.8,0.97,0.1,B3_STRATIFIED,0.7,constant,1.0,0,8,False,596.0,0.6153846153846154,1.0
0.8,0.97,0.1,B3_STRATIFIED,1.0,alpha_0.95,0.95,0,8,False,819.7000000000016,1.0,1.0
0.8,0.97,0.1,B3_STRATIFIED,1.0,constant,1.0,0,8,False,692.0,1.0,1.0
0.8,0.97,0.2,B2_SRS,0.0,alpha_0.95,0.95,0,8,False,589.4000000000011,0.0,1.0
0.8,0.97,0.2,B2_SRS,0.0,constant,1.0,0,8,False,459.0,0.0,1.0
0.8,0.97,0.2,B2_SRS,0.05,alpha_0.95,0.95,0,8,False,611.4000000000011,0.038461538461538464,1.0
0.8,0.97,0.2,B2_SRS,0.05,constant,1.0,0,8,False,481.0,0.038461538461538464,1.0
0.8,0.97,0.2,B2_SRS,0.1,alpha_0.95,0.95,0,8,False,629.4000000000011,0.038461538461538464,1.0
0.8,0.97,0.2,B2_SRS,0.1,constant,1.0,0,8,False,499.0,0.038461538461538464,1.0
0.8,0.97,0.2,B2_SRS,0.2,alpha_0.95,0.95,0,8,False,664.4000000000011,0.07692307692307693,1.0
0.8,0.97,0.2,B2_SRS,0.2,constant,1.0,0,8,False,534.0,0.07692307692307693,1.0
0.8,0.97,0.2,B2_SRS,0.3,alpha_0.95,0.95,0,8,False,699.4000000000011,0.15384615384615385,1.0
0.8,0.97,0.2,B2_SRS,0.3,constant,1.0,0,8,False,569.0,0.15384615384615385,1.0
0.8,0.97,0.2,B2_SRS,0.4,alpha_0.95,0.95,0,8,False,733.4500000000011,0.15384615384615385,1.0
0.8,0.97,0.2,B2_SRS,0.4,constant,1.0,0,8,False,603.05,0.15384615384615385,1.0
0.8,0.97,0.2,B2_SRS,0.5,alpha_0.95,0.95,0,8,False,767.4000000000011,0.23076923076923078,1.0
0.8,0.97,0.2,B2_SRS,0.5,constant,1.0,0,8,False,637.0,0.23076923076923078,1.0
0.8,0.97,0.2,B2_SRS,0.7,alpha_0.95,0.95,0,8,False,834.4000000000011,0.38461538461538464,1.0
0.8,0.97,0.2,B2_SRS,0.7,constant,1.0,0,8,False,704.0,0.38461538461538464,1.0
0.8,0.97,0.2,B2_SRS,1.0,alpha_0.95,0.95,0,8,False,930.4000000000011,1.0,1.0
0.8,0.97,0.2,B2_SRS,1.0,constant,1.0,0,8,False,800.0,1.0,1.0
0.8,0.97,0.2,B3_STRATIFIED,0.0,alpha_0.95,0.95,0,8,False,589.4000000000011,0.0,1.0
0.8,0.97,0.2,B3_STRATIFIED,0.0,constant,1.0,0,8,False,459.0,0.0,1.0
0.8,0.97,0.2,B3_STRATIFIED,0.05,alpha_0.95,0.95,0,8,False,616.4000000000011,0.11538461538461539,1.0
0.8,0.97,0.2,B3_STRATIFIED,0.05,constant,1.0,0,8,False,486.0,0.11538461538461539,1.0
0.8,0.97,0.2,B3_STRATIFIED,0.1,alpha_0.95,0.95,0,8,False,632.4000000000011,0.11538461538461539,1.0
0.8,0.97,0.2,B3_STRATIFIED,0.1,constant,1.0,0,8,False,502.0,0.11538461538461539,1.0
0.8,0.97,0.2,B3_STRATIFIED,0.2,alpha_0.95,0.95,0,8,False,666.4500000000011,0.15384615384615385,1.0
0.8,0.97,0.2,B3_STRATIFIED,0.2,constant,1.0,0,8,False,536.05,0.15384615384615385,1.0
0.8,0.97,0.2,B3_STRATIFIED,0.3,alpha_0.95,0.95,0,8,False,701.4000000000011,0.19230769230769232,1.0
0.8,0.97,0.2,B3_STRATIFIED,0.3,constant,1.0,0,8,False,571.0,0.19230769230769232,1.0
0.8,0.97,0.2,B3_STRATIFIED,0.4,alpha_0.95,0.95,0,8,False,735.4000000000011,0.2692307692307692,1.0
0.8,0.97,0.2,B3_STRATIFIED,0.4,constant,1.0,0,8,False,605.0,0.2692307692307692,1.0
0.8,0.97,0.2,B3_STRATIFIED,0.5,alpha_0.95,0.95,0,8,False,766.4000000000011,0.3076923076923077,1.0
0.8,0.97,0.2,B3_STRATIFIED,0.5,constant,1.0,0,8,False,636.0,0.3076923076923077,1.0
0.8,0.97,0.2,B3_STRATIFIED,0.7,alpha_0.95,0.95,0,8,False,839.4000000000011,0.651923076923077,1.0
0.8,0.97,0.2,B3_STRATIFIED,0.7,constant,1.0,0,8,False,709.0,0.651923076923077,1.0
0.8,0.97,0.2,B3_STRATIFIED,1.0,alpha_0.95,0.95,0,8,False,930.4000000000011,1.0,1.0
0.8,0.97,0.2,B3_STRATIFIED,1.0,constant,1.0,0,8,False,800.0,1.0,1.0
0.8,0.99,0.0,B2_SRS,0.0,alpha_0.95,0.95,0,8,False,336.00000000000034,0.0,1.0
0.8,0.99,0.0,B2_SRS,0.0,constant,1.0,0,8,False,221.0,0.0,1.0
0.8,0.99,0.0,B2_SRS,0.05,alpha_0.95,0.95,0,8,False,369.00000000000034,0.038461538461538464,1.0
0.8,0.99,0.0,B2_SRS,0.05,constant,1.0,0,8,False,254.0,0.038461538461538464,1.0
0.8,0.99,0.0,B2_SRS,0.1,alpha_0.95,0.95,0,8,False,389.00000000000034,0.038461538461538464,1.0
0.8,0.99,0.0,B2_SRS,0.1,constant,1.0,0,8,False,274.0,0.038461538461538464,1.0
0.8,0.99,0.0,B2_SRS,0.2,alpha_0.95,0.95,0,8,False,428.00000000000034,0.07692307692307693,1.0
0.8,0.99,0.0,B2_SRS,0.2,constant,1.0,0,8,False,313.0,0.07692307692307693,1.0
0.8,0.99,0.0,B2_SRS,0.3,alpha_0.95,0.95,0,8,False,464.0500000000003,0.11538461538461539,1.0
0.8,0.99,0.0,B2_SRS,0.3,constant,1.0,0,8,False,349.04999999999995,0.11538461538461539,1.0
0.8,0.99,0.0,B2_SRS,0.4,alpha_0.95,0.95,0,8,False,501.00000000000034,0.15384615384615385,1.0
0.8,0.99,0.0,B2_SRS,0.4,constant,1.0,0,8,False,386.0,0.15384615384615385,1.0
0.8,0.99,0.0,B2_SRS,0.5,alpha_0.95,0.95,0,8,False,532.0500000000003,0.22884615384615398,1.0
0.8,0.99,0.0,B2_SRS,0.5,constant,1.0,0,8,False,417.04999999999995,0.22884615384615398,1.0
0.8,0.99,0.0,B2_SRS,0.7,alpha_0.95,0.95,0,8,False,601.0000000000003,0.38461538461538464,1.0
0.8,0.99,0.0,B2_SRS,0.7,constant,1.0,0,8,False,486.0,0.38461538461538464,1.0
0.8,0.99,0.0,B2_SRS,1.0,alpha_0.95,0.95,0,8,False,677.0000000000003,1.0,1.0
0.8,0.99,0.0,B2_SRS,1.0,constant,1.0,0,8,False,562.0,1.0,1.0
0.8,0.99,0.0,B3_STRATIFIED,0.0,alpha_0.95,0.95,0,8,False,336.00000000000034,0.0,1.0
0.8,0.99,0.0,B3_STRATIFIED,0.0,constant,1.0,0,8,False,221.0,0.0,1.0
0.8,0.99,0.0,B3_STRATIFIED,0.05,alpha_0.95,0.95,0,8,False,384.55,0.11538461538461539,1.0
0.8,0.99,0.0,B3_STRATIFIED,0.05,constant,1.0,0,8,False,350.0,0.11538461538461539,1.0
0.8,0.99,0.0,B3_STRATIFIED,0.1,alpha_0.95,0.95,0,8,False,388.00000000000034,0.11538461538461539,1.0
0.8,0.99,0.0,B3_STRATIFIED,0.1,constant,1.0,0,8,False,350.0,0.11538461538461539,1.0
0.8,0.99,0.0,B3_STRATIFIED,0.2,alpha_0.95,0.95,0,8,False,421.00000000000034,0.15384615384615385,1.0
0.8,0.99,0.0,B3_STRATIFIED,0.2,constant,1.0,0,8,False,350.0,0.15384615384615385,1.0
0.8,0.99,0.0,B3_STRATIFIED,0.3,alpha_0.95,0.95,0,8,False,464.00000000000034,0.19230769230769232,1.0
0.8,0.99,0.0,B3_STRATIFIED,0.3,constant,1.0,0,8,False,350.0,0.19230769230769232,1.0
0.8,0.99,0.0,B3_STRATIFIED,0.4,alpha_0.95,0.95,0,8,False,496.00000000000034,0.2692307692307692,1.0
0.8,0.99,0.0,B3_STRATIFIED,0.4,constant,1.0,0,8,False,381.0,0.2692307692307692,1.0
0.8,0.99,0.0,B3_STRATIFIED,0.5,alpha_0.95,0.95,0,8,False,518.0000000000003,0.3076923076923077,1.0
0.8,0.99,0.0,B3_STRATIFIED,0.5,constant,1.0,0,8,False,403.0,0.3076923076923077,1.0
0.8,0.99,0.0,B3_STRATIFIED,0.7,alpha_0.95,0.95,0,8,False,592.0000000000003,0.6153846153846154,1.0
0.8,0.99,0.0,B3_STRATIFIED,0.7,constant,1.0,0,8,False,477.0,0.6153846153846154,1.0
0.8,0.99,0.0,B3_STRATIFIED,1.0,alpha_0.95,0.95,0,8,False,677.0000000000003,1.0,1.0
0.8,0.99,0.0,B3_STRATIFIED,1.0,constant,1.0,0,8,False,562.0,1.0,1.0
0.8,0.99,0.05,B2_SRS,0.0,alpha_0.95,0.95,0,8,False,398.2000000000008,0.0,1.0
0.8,0.99,0.05,B2_SRS,0.0,constant,1.0,0,8,False,275.0,0.0,1.0
0.8,0.99,0.05,B2_SRS,0.05,alpha_0.95,0.95,0,8,False,423.2000000000008,0.038461538461538464,1.0
0.8,0.99,0.05,B2_SRS,0.05,constant,1.0,0,8,False,300.0,0.038461538461538464,1.0
0.8,0.99,0.05,B2_SRS,0.1,alpha_0.95,0.95,0,8,False,441.2000000000008,0.038461538461538464,1.0
0.8,0.99,0.05,B2_SRS,0.1,constant,1.0,0,8,False,318.0,0.038461538461538464,1.0
0.8,0.99,0.05,B2_SRS,0.2,alpha_0.95,0.95,0,8,False,478.2000000000008,0.07692307692307693,1.0
0.8,0.99,0.05,B2_SRS,0.2,constant,1.0,0,8,False,355.0,0.07692307692307693,1.0
0.8,0.99,0.05,B2_SRS,0.3,alpha_0.95,0.95,0,8,False,514.2000000000007,0.15384615384615385,1.0
0.8,0.99,0.05,B2_SRS,0.3,constant,1.0,0,8,False,391.0,0.15384615384615385,1.0
0.8,0.99,0.05,B2_SRS,0.4,alpha_0.95,0.95,0,8,False,549.2000000000007,0.15384615384615385,1.0
0.8,0.99,0.05,B2_SRS,0.4,constant,1.0,0,8,False,426.0,0.15384615384615385,1.0
0.8,0.99,0.05,B2_SRS,0.5,alpha_0.95,0.95,0,8,False,584.2000000000007,0.23076923076923078,1.0
0.8,0.99,0.05,B2_SRS,0.5,constant,1.0,0,8,False,461.0,0.23076923076923078,1.0
0.8,0.99,0.05,B2_SRS,0.7,alpha_0.95,0.95,0,8,False,651.2000000000007,0.38461538461538464,1.0
0.8,0.99,0.05,B2_SRS,0.7,constant,1.0,0,8,False,528.0,0.38461538461538464,1.0
0.8,0.99,0.05,B2_SRS,1.0,alpha_0.95,0.95,0,8,False,739.2000000000007,1.0,1.0
0.8,0.99,0.05,B2_SRS,1.0,constant,1.0,0,8,False,616.0,1.0,1.0
0.8,0.99,0.05,B3_STRATIFIED,0.0,alpha_0.95,0.95,0,8,False,398.2000000000008,0.0,1.0
0.8,0.99,0.05,B3_STRATIFIED,0.0,constant,1.0,0,8,False,275.0,0.0,1.0
0.8,0.99,0.05,B3_STRATIFIED,0.05,alpha_0.95,0.95,0,8,False,422.2000000000008,0.11538461538461539,1.0
0.8,0.99,0.05,B3_STRATIFIED,0.05,constant,1.0,0,8,False,350.0,0.11538461538461539,1.0
0.8,0.99,0.05,B3_STRATIFIED,0.1,alpha_0.95,0.95,0,8,False,442.2000000000008,0.11538461538461539,1.0
0.8,0.99,0.05,B3_STRATIFIED,0.1,constant,1.0,0,8,False,350.0,0.11538461538461539,1.0
0.8,0.99,0.05,B3_STRATIFIED,0.2,alpha_0.95,0.95,0,8,False,478.2000000000008,0.11538461538461539,1.0
0.8,0.99,0.05,B3_STRATIFIED,0.2,constant,1.0,0,8,False,355.0,0.11538461538461539,1.0
0.8,0.99,0.05,B3_STRATIFIED,0.3,alpha_0.95,0.95,0,8,False,509.25000000000074,0.19230769230769232,1.0
0.8,0.99,0.05,B3_STRATIFIED,0.3,constant,1.0,0,8,False,386.04999999999995,0.19230769230769232,1.0
0.8,0.99,0.05,B3_STRATIFIED,0.4,alpha_0.95,0.95,0,8,False,548.2000000000007,0.2692307692307692,1.0
0.8,0.99,0.05,B3_STRATIFIED,0.4,constant,1.0,0,8,False,425.0,0.2692307692307692,1.0
0.8,0.99,0.05,B3_STRATIFIED,0.5,alpha_0.95,0.95,0,8,False,577.2000000000007,0.3076923076923077,1.0
0.8,0.99,0.05,B3_STRATIFIED,0.5,constant,1.0,0,8,False,454.0,0.3076923076923077,1.0
0.8,0.99,0.05,B3_STRATIFIED,0.7,alpha_0.95,0.95,0,8,False,651.2000000000007,0.6153846153846154,1.0
0.8,0.99,0.05,B3_STRATIFIED,0.7,constant,1.0,0,8,False,528.0,0.6153846153846154,1.0
0.8,0.99,0.05,B3_STRATIFIED,1.0,alpha_0.95,0.95,0,8,False,739.2000000000007,1.0,1.0
0.8,0.99,0.05,B3_STRATIFIED,1.0,constant,1.0,0,8,False,616.0,1.0,1.0
0.8,0.99,0.1,B2_SRS,0.0,alpha_0.95,0.95,0,8,False,458.20000000000147,0.0,1.0
0.8,0.99,0.1,B2_SRS,0.0,constant,1.0,0,8,False,331.0,0.0,1.0
0.8,0.99,0.1,B2_SRS,0.05,alpha_0.95,0.95,0,8,False,479.20000000000147,0.038461538461538464,1.0
0.8,0.99,0.1,B2_SRS,0.05,constant,1.0,0,8,False,352.0,0.038461538461538464,1.0
0.8,0.99,0.1,B2_SRS,0.1,alpha_0.95,0.95,0,8,False,497.20000000000147,0.038461538461538464,1.0
0.8,0.99,0.1,B2_SRS,0.1,constant,1.0,0,8,False,370.0,0.038461538461538464,1.0
0.8,0.99,0.1,B2_SRS,0.2,alpha_0.95,0.95,0,8,False,534.2500000000014,0.07692307692307693,1.0
0.8,0.99,0.1,B2_SRS,0.2,constant,1.0,0,8,False,407.04999999999995,0.07692307692307693,1.0
0.8,0.99,0.1,B2_SRS,0.3,alpha_0.95,0.95,0,8,False,570.2000000000014,0.15384615384615385,1.0
0.8,0.99,0.1,B2_SRS,0.3,constant,1.0,0,8,False,443.0,0.15384615384615385,1.0
0.8,0.99,0.1,B2_SRS,0.4,alpha_0.95,0.95,0,8,False,603.2000000000014,0.15384615384615385,1.0
0.8,0.99,0.1,B2_SRS,0.4,constant,1.0,0,8,False,476.0,0.15384615384615385,1.0
0.8,0.99,0.1,B2_SRS,0.5,alpha_0.95,0.95,0,8,False,638.2000000000014,0.23076923076923078,1.0
0.8,0.99,0.1,B2_SRS,0.5,constant,1.0,0,8,False,511.0,0.23076923076923078,1.0
0.8,0.99,0.1,B2_SRS,0.7,alpha_0.95,0.95,0,8,False,704.2000000000014,0.38461538461538464,1.0
0.8,0.99,0.1,B2_SRS,0.7,constant,1.0,0,8,False,577.0,0.38461538461538464,1.0
0.8,0.99,0.1,B2_SRS,1.0,alpha_0.95,0.95,0,8,False,799.2000000000014,1.0,1.0
0.8,0.99,0.1,B2_SRS,1.0,constant,1.0,0,8,False,672.0,1.0,1.0
0.8,0.99,0.1,B3_STRATIFIED,0.0,alpha_0.95,0.95,0,8,False,458.20000000000147,0.0,1.0
0.8,0.99,0.1,B3_STRATIFIED,0.0,constant,1.0,0,8,False,331.0,0.0,1.0
0.8,0.99,0.1,B3_STRATIFIED,0.05,alpha_0.95,0.95,0,8,False,481.20000000000147,0.11538461538461539,1.0
0.8,0.99,0.1,B3_STRATIFIED,0.05,constant,1.0,0,8,False,354.0,0.11538461538461539,1.0
0.8,0.99,0.1,B3_STRATIFIED,0.1,alpha_0.95,0.95,0,8,False,500.20000000000147,0.11538461538461539,1.0
0.8,0.99,0.1,B3_STRATIFIED,0.1,constant,1.0,0,8,False,373.0,0.11538461538461539,1.0
0.8,0.99,0.1,B3_STRATIFIED,0.2,alpha_0.95,0.95,0,8,False,535.2000000000014,0.11538461538461539,1.0
0.8,0.99,0.1,B3_STRATIFIED,0.2,constant,1.0,0,8,False,408.0,0.11538461538461539,1.0
0.8,0.99,0.1,B3_STRATIFIED,0.3,alpha_0.95,0.95,0,8,False,566.2000000000014,0.19230769230769232,1.0
0.8,0.99,0.1,B3_STRATIFIED,0.3,constant,1.0,0,8,False,439.0,0.19230769230769232,1.0
0.8,0.99,0.1,B3_STRATIFIED,0.4,alpha_0.95,0.95,0,8,False,603.2000000000014,0.2692307692307692,1.0
0.8,0.99,0.1,B3_STRATIFIED,0.4,constant,1.0,0,8,False,476.0,0.2692307692307692,1.0
0.8,0.99,0.1,B3_STRATIFIED,0.5,alpha_0.95,0.95,0,8,False,633.2000000000014,0.2692307692307692,1.0
0.8,0.99,0.1,B3_STRATIFIED,0.5,constant,1.0,0,8,False,506.0,0.2692307692307692,1.0
0.8,0.99,0.1,B3_STRATIFIED,0.7,alpha_0.95,0.95,0,8,False,707.2000000000014,0.6153846153846154,1.0
0.8,0.99,0.1,B3_STRATIFIED,0.7,constant,1.0,0,8,False,580.0,0.6153846153846154,1.0
0.8,0.99,0.1,B3_STRATIFIED,1.0,alpha_0.95,0.95,0,8,False,799.2000000000014,1.0,1.0
0.8,0.99,0.1,B3_STRATIFIED,1.0,constant,1.0,0,8,False,672.0,1.0,1.0
0.8,0.99,0.2,B2_SRS,0.0,alpha_0.95,0.95,0,8,False,570.9500000000013,0.0,1.0
0.8,0.99,0.2,B2_SRS,0.0,constant,1.0,0,8,False,441.0,0.0,1.0
0.8,0.99,0.2,B2_SRS,0.05,alpha_0.95,0.95,0,8,False,591.9500000000013,0.038461538461538464,1.0
0.8,0.99,0.2,B2_SRS,0.05,constant,1.0,0,8,False,462.0,0.038461538461538464,1.0
0.8,0.99,0.2,B2_SRS,0.1,alpha_0.95,0.95,0,8,False,610.9500000000013,0.038461538461538464,1.0
0.8,0.99,0.2,B2_SRS,0.1,constant,1.0,0,8,False,481.0,0.038461538461538464,1.0
0.8,0.99,0.2,B2_SRS,0.2,alpha_0.95,0.95,0,8,False,645.9500000000013,0.07692307692307693,1.0
0.8,0.99,0.2,B2_SRS,0.2,constant,1.0,0,8,False,516.0,0.07692307692307693,1.0
0.8,0.99,0.2,B2_SRS,0.3,alpha_0.95,0.95,0,8,False,679.9500000000013,0.15384615384615385,1.0
0.8,0.99,0.2,B2_SRS,0.3,constant,1.0,0,8,False,550.0,0.15384615384615385,1.0
0.8,0.99,0.2,B2_SRS,0.4,alpha_0.95,0.95,0,8,False,714.0000000000013,0.15384615384615385,1.0
0.8,0.99,0.2,B2_SRS,0.4,constant,1.0,0,8,False,584.05,0.15384615384615385,1.0
0.8,0.99,0.2,B2_SRS,0.5,alpha_0.95,0.95,0,8,False,747.9500000000013,0.22884615384615398,1.0
0.8,0.99,0.2,B2_SRS,0.5,constant,1.0,0,8,False,618.0,0.22884615384615398,1.0
0.8,0.99,0.2,B2_SRS,0.7,alpha_0.95,0.95,0,8,False,816.9500000000013,0.38461538461538464,1.0
0.8,0.99,0.2,B2_SRS,0.7,constant,1.0,0,8,False,687.0,0.38461538461538464,1.0
0.8,0.99,0.2,B2_SRS,1.0,alpha_0.95,0.95,0,8,False,911.9500000000013,1.0,1.0
0.8,0.99,0.2,B2_SRS,1.0,constant,1.0,0,8,False,782.0,1.0,1.0
0.8,0.99,0.2,B3_STRATIFIED,0.0,alpha_0.95,0.95,0,8,False,570.9500000000013,0.0,1.0
0.8,0.99,0.2,B3_STRATIFIED,0.0,constant,1.0,0,8,False,441.0,0.0,1.0
0.8,0.99,0.2,B3_STRATIFIED,0.05,alpha_0.95,0.95,0,8,False,595.9500000000013,0.11538461538461539,1.0
0.8,0.99,0.2,B3_STRATIFIED,0.05,constant,1.0,0,8,False,466.0,0.11538461538461539,1.0
0.8,0.99,0.2,B3_STRATIFIED,0.1,alpha_0.95,0.95,0,8,False,611.9500000000013,0.11538461538461539,1.0
0.8,0.99,0.2,B3_STRATIFIED,0.1,constant,1.0,0,8,False,482.0,0.11538461538461539,1.0
0.8,0.99,0.2,B3_STRATIFIED,0.2,alpha_0.95,0.95,0,8,False,646.9500000000013,0.15384615384615385,1.0
0.8,0.99,0.2,B3_STRATIFIED,0.2,constant,1.0,0,8,False,517.0,0.15384615384615385,1.0
0.8,0.99,0.2,B3_STRATIFIED,0.3,alpha_0.95,0.95,0,8,False,683.9500000000013,0.19230769230769232,1.0
0.8,0.99,0.2,B3_STRATIFIED,0.3,constant,1.0,0,8,False,554.0,0.19230769230769232,1.0
0.8,0.99,0.2,B3_STRATIFIED,0.4,alpha_0.95,0.95,0,8,False,716.9500000000013,0.2692307692307692,1.0
0.8,0.99,0.2,B3_STRATIFIED,0.4,constant,1.0,0,8,False,587.0,0.2692307692307692,1.0
0.8,0.99,0.2,B3_STRATIFIED,0.5,alpha_0.95,0.95,0,8,False,748.9500000000013,0.3076923076923077,1.0
0.8,0.99,0.2,B3_STRATIFIED,0.5,constant,1.0,0,8,False,619.0,0.3076923076923077,1.0
0.8,0.99,0.2,B3_STRATIFIED,0.7,alpha_0.95,0.95,0,8,False,818.9500000000013,0.6153846153846154,1.0
0.8,0.99,0.2,B3_STRATIFIED,0.7,constant,1.0,0,8,False,689.0,0.6153846153846154,1.0
0.8,0.99,0.2,B3_STRATIFIED,1.0,alpha_0.95,0.95,0,8,False,911.9500000000013,1.0,1.0
0.8,0.99,0.2,B3_STRATIFIED,1.0,constant,1.0,0,8,False,782.0,1.0,1.0
0.8,1.0,0.0,B2_SRS,0.0,alpha_0.95,0.95,0,8,False,318.1500000000002,0.0,1.0
0.8,1.0,0.0,B2_SRS,0.0,constant,1.0,0,8,False,209.0,0.0,1.0
0.8,1.0,0.0,B2_SRS,0.05,alpha_0.95,0.95,0,8,False,367.20000000000016,0.038461538461538464,1.0
0.8,1.0,0.0,B2_SRS,0.05,constant,1.0,0,8,False,258.04999999999995,0.038461538461538464,1.0
0.8,1.0,0.0,B2_SRS,0.1,alpha_0.95,0.95,0,8,False,391.1500000000002,0.038461538461538464,1.0
0.8,1.0,0.0,B2_SRS,0.1,constant,1.0,0,8,False,282.0,0.038461538461538464,1.0
0.8,1.0,0.0,B2_SRS,0.2,alpha_0.95,0.95,0,8,False,430.1500000000002,0.07692307692307693,1.0
0.8,1.0,0.0,B2_SRS,0.2,constant,1.0,0,8,False,321.0,0.07692307692307693,1.0
0.8,1.0,0.0,B2_SRS,0.3,alpha_0.95,0.95,0,8,False,465.1500000000002,0.15192307692307705,1.0
0.8,1.0,0.0,B2_SRS,0.3,constant,1.0,0,8,False,356.0,0.15192307692307705,1.0
0.8,1.0,0.0,B2_SRS,0.4,alpha_0.95,0.95,0,8,False,497.20000000000016,0.15384615384615385,1.0
0.8,1.0,0.0,B2_SRS,0.4,constant,1.0,0,8,False,388.04999999999995,0.15384615384615385,1.0
0.8,1.0,0.0,B2_SRS,0.5,alpha_0.95,0.95,0,8,False,527.1500000000002,0.22884615384615398,1.0
0.8,1.0,0.0,B2_SRS,0.5,constant,1.0,0,8,False,418.0,0.22884615384615398,1.0
0.8,1.0,0.0,B2_SRS,0.7,alpha_0.95,0.95,0,8,False,592.1500000000002,0.38461538461538464,1.0
0.8,1.0,0.0,B2_SRS,0.7,constant,1.0,0,8,False,483.0,0.38461538461538464,1.0
0.8,1.0,0.0,B2_SRS,1.0,alpha_0.95,0.95,0,8,False,659.1500000000002,1.0,1.0
0.8,1.0,0.0,B2_SRS,1.0,constant,1.0,0,8,False,550.0,1.0,1.0
0.8,1.0,0.0,B3_STRATIFIED,0.0,alpha_0.95,0.95,0,8,False,318.1500000000002,0.0,1.0
0.8,1.0,0.0,B3_STRATIFIED,0.0,constant,1.0,0,8,False,209.0,0.0,1.0
0.8,1.0,0.0,B3_STRATIFIED,0.05,alpha_0.95,0.95,0,8,False,387.1500000000002,0.11538461538461539,1.0
0.8,1.0,0.0,B3_STRATIFIED,0.05,constant,1.0,0,8,False,350.0,0.11538461538461539,1.0
0.8,1.0,0.0,B3_STRATIFIED,0.1,alpha_0.95,0.95,0,8,False,399.1500000000002,0.11538461538461539,1.0
0.8,1.0,0.0,B3_STRATIFIED,0.1,constant,1.0,0,8,False,350.0,0.11538461538461539,1.0
0.8,1.0,0.0,B3_STRATIFIED,0.2,alpha_0.95,0.95,0,8,False,431.1500000000002,0.11538461538461539,1.0
0.8,1.0,0.0,B3_STRATIFIED,0.2,constant,1.0,0,8,False,350.0,0.11538461538461539,1.0
0.8,1.0,0.0,B3_STRATIFIED,0.3,alpha_0.95,0.95,0,8,False,463.1500000000002,0.1903846153846155,1.0
0.8,1.0,0.0,B3_STRATIFIED,0.3,constant,1.0,0,8,False,354.0,0.1903846153846155,1.0
0.8,1.0,0.0,B3_STRATIFIED,0.4,alpha_0.95,0.95,0,8,False,496.1500000000002,0.2692307692307692,1.0
0.8,1.0,0.0,B3_STRATIFIED,0.4,constant,1.0,0,8,False,387.0,0.2692307692307692,1.0
0.8,1.0,0.0,B3_STRATIFIED,0.5,alpha_0.95,0.95,0,8,False,513.1500000000002,0.3076923076923077,1.0
0.8,1.0,0.0,B3_STRATIFIED,0.5,constant,1.0,0,8,False,404.0,0.3076923076923077,1.0
0.8,1.0,0.0,B3_STRATIFIED,0.7,alpha_0.95,0.95,0,8,False,588.2000000000002,0.6153846153846154,1.0
0.8,1.0,0.0,B3_STRATIFIED,0.7,constant,1.0,0,8,False,479.04999999999995,0.6153846153846154,1.0
0.8,1.0,0.0,B3_STRATIFIED,1.0,alpha_0.95,0.95,0,8,False,659.1500000000002,1.0,1.0
0.8,1.0,0.0,B3_STRATIFIED,1.0,constant,1.0,0,8,False,550.0,1.0,1.0
0.8,1.0,0.05,B2_SRS,0.0,alpha_0.95,0.95,0,8,False,387.2000000000006,0.0,1.0
0.8,1.0,0.05,B2_SRS,0.0,constant,1.0,0,8,False,265.0,0.0,1.0
0.8,1.0,0.05,B2_SRS,0.05,alpha_0.95,0.95,0,8,False,413.2000000000006,0.038461538461538464,1.0
0.8,1.0,0.05,B2_SRS,0.05,constant,1.0,0,8,False,291.0,0.038461538461538464,1.0
0.8,1.0,0.05,B2_SRS,0.1,alpha_0.95,0.95,0,8,False,433.2000000000006,0.038461538461538464,1.0
0.8,1.0,0.05,B2_SRS,0.1,constant,1.0,0,8,False,311.0,0.038461538461538464,1.0
0.8,1.0,0.05,B2_SRS,0.2,alpha_0.95,0.95,0,8,False,467.25000000000057,0.07692307692307693,1.0
0.8,1.0,0.05,B2_SRS,0.2,constant,1.0,0,8,False,345.04999999999995,0.07692307692307693,1.0
0.8,1.0,0.05,B2_SRS,0.3,alpha_0.95,0.95,0,8,False,504.2000000000006,0.15384615384615385,1.0
0.8,1.0,0.05,B2_SRS,0.3,constant,1.0,0,8,False,382.0,0.15384615384615385,1.0
0.8,1.0,0.05,B2_SRS,0.4,alpha_0.95,0.95,0,8,False,538.2000000000006,0.15384615384615385,1.0
0.8,1.0,0.05,B2_SRS,0.4,constant,1.0,0,8,False,416.0,0.15384615384615385,1.0
0.8,1.0,0.05,B2_SRS,0.5,alpha_0.95,0.95,0,8,False,572.2500000000006,0.23076923076923078,1.0
0.8,1.0,0.05,B2_SRS,0.5,constant,1.0,0,8,False,450.04999999999995,0.23076923076923078,1.0
0.8,1.0,0.05,B2_SRS,0.7,alpha_0.95,0.95,0,8,False,640.2000000000006,0.38461538461538464,1.0
0.8,1.0,0.05,B2_SRS,0.7,constant,1.0,0,8,False,518.0,0.38461538461538464,1.0
0.8,1.0,0.05,B2_SRS,1.0,alpha_0.95,0.95,0,8,False,728.2000000000006,1.0,1.0
0.8,1.0,0.05,B2_SRS,1.0,constant,1.0,0,8,False,606.0,1.0,1.0
0.8,1.0,0.05,B3_STRATIFIED,0.0,alpha_0.95,0.95,0,8,False,387.2000000000006,0.0,1.0
0.8,1.0,0.05,B3_STRATIFIED,0.0,constant,1.0,0,8,False,265.0,0.0,1.0
0.8,1.0,0.05,B3_STRATIFIED,0.05,alpha_0.95,0.95,0,8,False,412.2000000000006,0.11538461538461539,1.0
0.8,1.0,0.05,B3_STRATIFIED,0.05,constant,1.0,0,8,False,350.0,0.11538461538461539,1.0
0.8,1.0,0.05,B3_STRATIFIED,0.1,alpha_0.95,0.95,0,8,False,429.2000000000006,0.11538461538461539,1.0
0.8,1.0,0.05,B3_STRATIFIED,0.1,constant,1.0,0,8,False,350.0,0.11538461538461539,1.0
0.8,1.0,0.05,B3_STRATIFIED,0.2,alpha_0.95,0.95,0,8,False,463.2000000000006,0.11538461538461539,1.0
0.8,1.0,0.05,B3_STRATIFIED,0.2,constant,1.0,0,8,False,350.0,0.11538461538461539,1.0
0.8,1.0,0.05,B3_STRATIFIED,0.3,alpha_0.95,0.95,0,8,False,501.2000000000006,0.19230769230769232,1.0
0.8,1.0,0.05,B3_STRATIFIED,0.3,constant,1.0,0,8,False,379.0,0.19230769230769232,1.0
0.8,1.0,0.05,B3_STRATIFIED,0.4,alpha_0.95,0.95,0,8,False,534.2500000000006,0.2692307692307692,1.0
0.8,1.0,0.05,B3_STRATIFIED,0.4,constant,1.0,0,8,False,412.04999999999995,0.2692307692307692,1.0
0.8,1.0,0.05,B3_STRATIFIED,0.5,alpha_0.95,0.95,0,8,False,565.2000000000006,0.3057692307692309,1.0
0.8,1.0,0.05,B3_STRATIFIED,0.5,constant,1.0,0,8,False,443.0,0.3057692307692309,1.0
0.8,1.0,0.05,B3_STRATIFIED,0.7,alpha_0.95,0.95,0,8,False,635.2000000000006,0.6153846153846154,1.0
0.8,1.0,0.05,B3_STRATIFIED,0.7,constant,1.0,0,8,False,513.0,0.6153846153846154,1.0
0.8,1.0,0.05,B3_STRATIFIED,1.0,alpha_0.95,0.95,0,8,False,728.2000000000006,1.0,1.0
0.8,1.0,0.05,B3_STRATIFIED,1.0,constant,1.0,0,8,False,606.0,1.0,1.0
0.8,1.0,0.1,B2_SRS,0.0,alpha_0.95,0.95,0,8,False,447.75000000000136,0.0,1.0
0.8,1.0,0.1,B2_SRS,0.0,constant,1.0,0,8,False,321.0,0.0,1.0
0.8,1.0,0.1,B2_SRS,0.05,alpha_0.95,0.95,0,8,False,469.75000000000136,0.038461538461538464,1.0
0.8,1.0,0.1,B2_SRS,0.05,constant,1.0,0,8,False,343.0,0.038461538461538464,1.0
0.8,1.0,0.1,B2_SRS,0.1,alpha_0.95,0.95,0,8,False,489.75000000000136,0.038461538461538464,1.0
0.8,1.0,0.1,B2_SRS,0.1,constant,1.0,0,8,False,363.0,0.038461538461538464,1.0
0.8,1.0,0.1,B2_SRS,0.2,alpha_0.95,0.95,0,8,False,523.7500000000014,0.07692307692307693,1.0
0.8,1.0,0.1,B2_SRS,0.2,constant,1.0,0,8,False,397.0,0.07692307692307693,1.0
0.8,1.0,0.1,B2_SRS,0.3,alpha_0.95,0.95,0,8,False,558.7500000000014,0.15384615384615385,1.0
0.8,1.0,0.1,B2_SRS,0.3,constant,1.0,0,8,False,432.0,0.15384615384615385,1.0
0.8,1.0,0.1,B2_SRS,0.4,alpha_0.95,0.95,0,8,False,592.7500000000014,0.15384615384615385,1.0
0.8,1.0,0.1,B2_SRS,0.4,constant,1.0,0,8,False,466.0,0.15384615384615385,1.0
0.8,1.0,0.1,B2_SRS,0.5,alpha_0.95,0.95,0,8,False,627.7500000000014,0.23076923076923078,1.0
0.8,1.0,0.1,B2_SRS,0.5,constant,1.0,0,8,False,501.0,0.23076923076923078,1.0
0.8,1.0,0.1,B2_SRS,0.7,alpha_0.95,0.95,0,8,False,695.7500000000014,0.38461538461538464,1.0
0.8,1.0,0.1,B2_SRS,0.7,constant,1.0,0,8,False,569.0,0.38461538461538464,1.0
0.8,1.0,0.1,B2_SRS,1.0,alpha_0.95,0.95,0,8,False,788.7500000000014,1.0,1.0
0.8,1.0,0.1,B2_SRS,1.0,constant,1.0,0,8,False,662.0,1.0,1.0
0.8,1.0,0.1,B3_STRATIFIED,0.0,alpha_0.95,0.95,0,8,False,447.75000000000136,0.0,1.0
0.8,1.0,0.1,B3_STRATIFIED,0.0,constant,1.0,0,8,False,321.0,0.0,1.0
0.8,1.0,0.1,B3_STRATIFIED,0.05,alpha_0.95,0.95,0,8,False,469.75000000000136,0.11538461538461539,1.0
0.8,1.0,0.1,B3_STRATIFIED,0.05,constant,1.0,0,8,False,350.0,0.11538461538461539,1.0
0.8,1.0,0.1,B3_STRATIFIED,0.1,alpha_0.95,0.95,0,8,False,488.75000000000136,0.11538461538461539,1.0
0.8,1.0,0.1,B3_STRATIFIED,0.1,constant,1.0,0,8,False,362.0,0.11538461538461539,1.0
0.8,1.0,0.1,B3_STRATIFIED,0.2,alpha_0.95,0.95,0,8,False,522.7500000000014,0.11538461538461539,1.0
0.8,1.0,0.1,B3_STRATIFIED,0.2,constant,1.0,0,8,False,396.0,0.11538461538461539,1.0
0.8,1.0,0.1,B3_STRATIFIED,0.3,alpha_0.95,0.95,0,8,False,560.7500000000014,0.19230769230769232,1.0
0.8,1.0,0.1,B3_STRATIFIED,0.3,constant,1.0,0,8,False,434.0,0.19230769230769232,1.0
0.8,1.0,0.1,B3_STRATIFIED,0.4,alpha_0.95,0.95,0,8,False,590.7500000000014,0.23076923076923078,1.0
0.8,1.0,0.1,B3_STRATIFIED,0.4,constant,1.0,0,8,False,464.0,0.23076923076923078,1.0
0.8,1.0,0.1,B3_STRATIFIED,0.5,alpha_0.95,0.95,0,8,False,624.7500000000014,0.2692307692307692,1.0
0.8,1.0,0.1,B3_STRATIFIED,0.5,constant,1.0,0,8,False,498.0,0.2692307692307692,1.0
0.8,1.0,0.1,B3_STRATIFIED,0.7,alpha_0.95,0.95,0,8,False,693.7500000000014,0.6153846153846154,1.0
0.8,1.0,0.1,B3_STRATIFIED,0.7,constant,1.0,0,8,False,567.0,0.6153846153846154,1.0
0.8,1.0,0.1,B3_STRATIFIED,1.0,alpha_0.95,0.95,0,8,False,788.7500000000014,1.0,1.0
0.8,1.0,0.1,B3_STRATIFIED,1.0,constant,1.0,0,8,False,662.0,1.0,1.0
0.8,1.0,0.2,B2_SRS,0.0,alpha_0.95,0.95,0,8,False,562.7500000000015,0.0,1.0
0.8,1.0,0.2,B2_SRS,0.0,constant,1.0,0,8,False,433.0,0.0,1.0
0.8,1.0,0.2,B2_SRS,0.05,alpha_0.95,0.95,0,8,False,583.7500000000015,0.038461538461538464,1.0
0.8,1.0,0.2,B2_SRS,0.05,constant,1.0,0,8,False,454.0,0.038461538461538464,1.0
0.8,1.0,0.2,B2_SRS,0.1,alpha_0.95,0.95,0,8,False,601.7500000000015,0.038461538461538464,1.0
0.8,1.0,0.2,B2_SRS,0.1,constant,1.0,0,8,False,472.0,0.038461538461538464,1.0
0.8,1.0,0.2,B2_SRS,0.2,alpha_0.95,0.95,0,8,False,636.8000000000014,0.07692307692307693,1.0
0.8,1.0,0.2,B2_SRS,0.2,constant,1.0,0,8,False,507.04999999999995,0.07692307692307693,1.0
0.8,1.0,0.2,B2_SRS,0.3,alpha_0.95,0.95,0,8,False,672.7500000000015,0.15384615384615385,1.0
0.8,1.0,0.2,B2_SRS,0.3,constant,1.0,0,8,False,543.0,0.15384615384615385,1.0
0.8,1.0,0.2,B2_SRS,0.4,alpha_0.95,0.95,0,8,False,706.7500000000015,0.15384615384615385,1.0
0.8,1.0,0.2,B2_SRS,0.4,constant,1.0,0,8,False,577.0,0.15384615384615385,1.0
0.8,1.0,0.2,B2_SRS,0.5,alpha_0.95,0.95,0,8,False,740.7500000000015,0.22884615384615398,1.0
0.8,1.0,0.2,B2_SRS,0.5,constant,1.0,0,8,False,611.0,0.22884615384615398,1.0
0.8,1.0,0.2,B2_SRS,0.7,alpha_0.95,0.95,0,8,False,808.7500000000015,0.38461538461538464,1.0
0.8,1.0,0.2,B2_SRS,0.7,constant,1.0,0,8,False,679.0,0.38461538461538464,1.0
0.8,1.0,0.2,B2_SRS,1.0,alpha_0.95,0.95,0,8,False,903.7500000000015,1.0,1.0
0.8,1.0,0.2,B2_SRS,1.0,constant,1.0,0,8,False,774.0,1.0,1.0
0.8,1.0,0.2,B3_STRATIFIED,0.0,alpha_0.95,0.95,0,8,False,562.7500000000015,0.0,1.0
0.8,1.0,0.2,B3_STRATIFIED,0.0,constant,1.0,0,8,False,433.0,0.0,1.0
0.8,1.0,0.2,B3_STRATIFIED,0.05,alpha_0.95,0.95,0,8,False,586.7500000000015,0.11538461538461539,1.0
0.8,1.0,0.2,B3_STRATIFIED,0.05,constant,1.0,0,8,False,457.0,0.11538461538461539,1.0
0.8,1.0,0.2,B3_STRATIFIED,0.1,alpha_0.95,0.95,0,8,False,602.7500000000015,0.11538461538461539,1.0
0.8,1.0,0.2,B3_STRATIFIED,0.1,constant,1.0,0,8,False,473.0,0.11538461538461539,1.0
0.8,1.0,0.2,B3_STRATIFIED,0.2,alpha_0.95,0.95,0,8,False,638.7500000000015,0.15384615384615385,1.0
0.8,1.0,0.2,B3_STRATIFIED,0.2,constant,1.0,0,8,False,509.0,0.15384615384615385,1.0
0.8,1.0,0.2,B3_STRATIFIED,0.3,alpha_0.95,0.95,0,8,False,673.7500000000015,0.19230769230769232,1.0
0.8,1.0,0.2,B3_STRATIFIED,0.3,constant,1.0,0,8,False,544.0,0.19230769230769232,1.0
0.8,1.0,0.2,B3_STRATIFIED,0.4,alpha_0.95,0.95,0,8,False,708.7500000000015,0.2692307692307692,1.0
0.8,1.0,0.2,B3_STRATIFIED,0.4,constant,1.0,0,8,False,579.0,0.2692307692307692,1.0
0.8,1.0,0.2,B3_STRATIFIED,0.5,alpha_0.95,0.95,0,8,False,740.7500000000015,0.3076923076923077,1.0
0.8,1.0,0.2,B3_STRATIFIED,0.5,constant,1.0,0,8,False,611.0,0.3076923076923077,1.0
0.8,1.0,0.2,B3_STRATIFIED,0.7,alpha_0.95,0.95,0,8,False,811.7500000000015,0.6153846153846154,1.0
0.8,1.0,0.2,B3_STRATIFIED,0.7,constant,1.0,0,8,False,682.0,0.6153846153846154,1.0
0.8,1.0,0.2,B3_STRATIFIED,1.0,alpha_0.95,0.95,0,8,False,903.7500000000015,1.0,1.0
0.8,1.0,0.2,B3_STRATIFIED,1.0,constant,1.0,0,8,False,774.0,1.0,1.0
0.85,0.8,0.0,B2_SRS,0.0,alpha_0.95,0.95,0,8,False,574.8000000000013,0.0,1.0
0.85,0.8,0.0,B2_SRS,0.0,constant,1.0,0,8,False,445.0,0.0,1.0
0.85,0.8,0.0,B2_SRS,0.05,alpha_0.95,0.95,0,8,False,595.8000000000013,0.07692307692307693,1.0
0.85,0.8,0.0,B2_SRS,0.05,constant,1.0,0,8,False,466.0,0.07692307692307693,1.0
0.85,0.8,0.0,B2_SRS,0.1,alpha_0.95,0.95,0,8,False,614.8000000000013,0.11538461538461539,1.0
0.85,0.8,0.0,B2_SRS,0.1,constant,1.0,0,8,False,485.0,0.11538461538461539,1.0
0.85,0.8,0.0,B2_SRS,0.2,alpha_0.95,0.95,0,8,False,649.8000000000013,0.15384615384615385,1.0
0.85,0.8,0.0,B2_SRS,0.2,constant,1.0,0,8,False,520.0,0.15384615384615385,1.0
0.85,0.8,0.0,B2_SRS,0.3,alpha_0.95,0.95,0,8,False,683.8000000000013,0.19230769230769232,1.0
0.85,0.8,0.0,B2_SRS,0.3,constant,1.0,0,8,False,554.0,0.19230769230769232,1.0
0.85,0.8,0.0,B2_SRS,0.4,alpha_0.95,0.95,0,8,False,717.8000000000013,0.23076923076923078,1.0
0.85,0.8,0.0,B2_SRS,0.4,constant,1.0,0,8,False,588.0,0.23076923076923078,1.0
0.85,0.8,0.0,B2_SRS,0.5,alpha_0.95,0.95,0,8,False,751.8000000000013,0.3076923076923077,1.0
0.85,0.8,0.0,B2_SRS,0.5,constant,1.0,0,8,False,622.0,0.3076923076923077,1.0
0.85,0.8,0.0,B2_SRS,0.7,alpha_0.95,0.95,0,8,False,818.8000000000013,0.45961538461538476,1.0
0.85,0.8,0.0,B2_SRS,0.7,constant,1.0,0,8,False,689.0,0.45961538461538476,1.0
0.85,0.8,0.0,B2_SRS,1.0,alpha_0.95,0.95,0,8,False,913.8000000000013,1.0,1.0
0.85,0.8,0.0,B2_SRS,1.0,constant,1.0,0,8,False,784.0,1.0,1.0
0.85,0.8,0.0,B3_STRATIFIED,0.0,alpha_0.95,0.95,0,8,False,574.8000000000013,0.0,1.0
0.85,0.8,0.0,B3_STRATIFIED,0.0,constant,1.0,0,8,False,445.0,0.0,1.0
0.85,0.8,0.0,B3_STRATIFIED,0.05,alpha_0.95,0.95,0,8,False,598.8000000000013,0.19230769230769232,1.0
0.85,0.8,0.0,B3_STRATIFIED,0.05,constant,1.0,0,8,False,469.0,0.19230769230769232,1.0
0.85,0.8,0.0,B3_STRATIFIED,0.1,alpha_0.95,0.95,0,8,False,613.8000000000013,0.19230769230769232,1.0
0.85,0.8,0.0,B3_STRATIFIED,0.1,constant,1.0,0,8,False,484.0,0.19230769230769232,1.0
0.85,0.8,0.0,B3_STRATIFIED,0.2,alpha_0.95,0.95,0,8,False,650.8000000000013,0.19230769230769232,1.0
0.85,0.8,0.0,B3_STRATIFIED,0.2,constant,1.0,0,8,False,521.0,0.19230769230769232,1.0
0.85,0.8,0.0,B3_STRATIFIED,0.3,alpha_0.95,0.95,0,8,False,685.8000000000013,0.23076923076923078,1.0
0.85,0.8,0.0,B3_STRATIFIED,0.3,constant,1.0,0,8,False,556.0,0.23076923076923078,1.0
0.85,0.8,0.0,B3_STRATIFIED,0.4,alpha_0.95,0.95,0,8,False,718.8000000000013,0.3076923076923077,1.0
0.85,0.8,0.0,B3_STRATIFIED,0.4,constant,1.0,0,8,False,589.0,0.3076923076923077,1.0
0.85,0.8,0.0,B3_STRATIFIED,0.5,alpha_0.95,0.95,0,8,False,753.8000000000013,0.34615384615384615,1.0
0.85,0.8,0.0,B3_STRATIFIED,0.5,constant,1.0,0,8,False,624.0,0.34615384615384615,1.0
0.85,0.8,0.0,B3_STRATIFIED,0.7,alpha_0.95,0.95,0,8,False,821.8000000000013,0.6923076923076923,1.0
0.85,0.8,0.0,B3_STRATIFIED,0.7,constant,1.0,0,8,False,692.0,0.6923076923076923,1.0
0.85,0.8,0.0,B3_STRATIFIED,1.0,alpha_0.95,0.95,0,8,False,913.8000000000013,1.0,1.0
0.85,0.8,0.0,B3_STRATIFIED,1.0,constant,1.0,0,8,False,784.0,1.0,1.0
0.85,0.8,0.05,B2_SRS,0.0,alpha_0.95,0.95,0,8,False,619.6000000000006,0.0,1.0
0.85,0.8,0.05,B2_SRS,0.0,constant,1.0,0,8,False,489.0,0.0,1.0
0.85,0.8,0.05,B2_SRS,0.05,alpha_0.95,0.95,0,8,False,639.6000000000006,0.07692307692307693,1.0
0.85,0.8,0.05,B2_SRS,0.05,constant,1.0,0,8,False,509.0,0.07692307692307693,1.0
0.85,0.8,0.05,B2_SRS,0.1,alpha_0.95,0.95,0,8,False,658.6000000000006,0.11538461538461539,1.0
0.85,0.8,0.05,B2_SRS,0.1,constant,1.0,0,8,False,528.0,0.11538461538461539,1.0
0.85,0.8,0.05,B2_SRS,0.2,alpha_0.95,0.95,0,8,False,693.6000000000006,0.15384615384615385,1.0
0.85,0.8,0.05,B2_SRS,0.2,constant,1.0,0,8,False,563.0,0.15384615384615385,1.0
0.85,0.8,0.05,B2_SRS,0.3,alpha_0.95,0.95,0,8,False,727.6000000000006,0.1903846153846155,1.0
0.85,0.8,0.05,B2_SRS,0.3,constant,1.0,0,8,False,597.0,0.1903846153846155,1.0
0.85,0.8,0.05,B2_SRS,0.4,alpha_0.95,0.95,0,8,False,762.6000000000006,0.23076923076923078,1.0
0.85,0.8,0.05,B2_SRS,0.4,constant,1.0,0,8,False,632.0,0.23076923076923078,1.0
0.85,0.8,0.05,B2_SRS,0.5,alpha_0.95,0.95,0,8,False,795.6000000000006,0.3057692307692309,1.0
0.85,0.8,0.05,B2_SRS,0.5,constant,1.0,0,8,False,665.0,0.3057692307692309,1.0
0.85,0.8,0.05,B2_SRS,0.7,alpha_0.95,0.95,0,8,False,863.6000000000006,0.4230769230769231,1.0
0.85,0.8,0.05,B2_SRS,0.7,constant,1.0,0,8,False,733.0,0.4230769230769231,1.0
0.85,0.8,0.05,B2_SRS,1.0,alpha_0.95,0.95,0,8,False,958.6000000000006,1.0,1.0
0.85,0.8,0.05,B2_SRS,1.0,constant,1.0,0,8,False,828.0,1.0,1.0
0.85,0.8,0.05,B3_STRATIFIED,0.0,alpha_0.95,0.95,0,8,False,619.6000000000006,0.0,1.0
0.85,0.8,0.05,B3_STRATIFIED,0.0,constant,1.0,0,8,False,489.0,0.0,1.0
0.85,0.8,0.05,B3_STRATIFIED,0.05,alpha_0.95,0.95,0,8,False,639.6000000000006,0.15384615384615385,1.0
0.85,0.8,0.05,B3_STRATIFIED,0.05,constant,1.0,0,8,False,509.0,0.15384615384615385,1.0
0.85,0.8,0.05,B3_STRATIFIED,0.1,alpha_0.95,0.95,0,8,False,658.6000000000006,0.1903846153846155,1.0
0.85,0.8,0.05,B3_STRATIFIED,0.1,constant,1.0,0,8,False,528.0,0.1903846153846155,1.0
0.85,0.8,0.05,B3_STRATIFIED,0.2,alpha_0.95,0.95,0,8,False,694.6000000000006,0.19230769230769232,1.0
0.85,0.8,0.05,B3_STRATIFIED,0.2,constant,1.0,0,8,False,564.0,0.19230769230769232,1.0
0.85,0.8,0.05,B3_STRATIFIED,0.3,alpha_0.95,0.95,0,8,False,728.6000000000006,0.2692307692307692,1.0
0.85,0.8,0.05,B3_STRATIFIED,0.3,constant,1.0,0,8,False,598.0,0.2692307692307692,1.0
0.85,0.8,0.05,B3_STRATIFIED,0.4,alpha_0.95,0.95,0,8,False,762.6000000000006,0.3076923076923077,1.0
0.85,0.8,0.05,B3_STRATIFIED,0.4,constant,1.0,0,8,False,632.0,0.3076923076923077,1.0
0.85,0.8,0.05,B3_STRATIFIED,0.5,alpha_0.95,0.95,0,8,False,796.6000000000006,0.34615384615384615,1.0
0.85,0.8,0.05,B3_STRATIFIED,0.5,constant,1.0,0,8,False,666.0,0.34615384615384615,1.0
0.85,0.8,0.05,B3_STRATIFIED,0.7,alpha_0.95,0.95,0,8,False,863.6000000000006,0.6538461538461539,1.0
0.85,0.8,0.05,B3_STRATIFIED,0.7,constant,1.0,0,8,False,733.0,0.6538461538461539,1.0
0.85,0.8,0.05,B3_STRATIFIED,1.0,alpha_0.95,0.95,0,8,False,958.6000000000006,1.0,1.0
0.85,0.8,0.05,B3_STRATIFIED,1.0,constant,1.0,0,8,False,828.0,1.0,1.0
0.85,0.8,0.1,B2_SRS,0.0,alpha_0.95,0.95,0,8,False,665.6000000000001,0.0,1.0
0.85,0.8,0.1,B2_SRS,0.0,constant,1.0,0,8,False,535.0,0.0,1.0
0.85,0.8,0.1,B2_SRS,0.05,alpha_0.95,0.95,0,8,False,685.6000000000001,0.07692307692307693,1.0
0.85,0.8,0.1,B2_SRS,0.05,constant,1.0,0,8,False,555.0,0.07692307692307693,1.0
0.85,0.8,0.1,B2_SRS,0.1,alpha_0.95,0.95,0,8,False,703.6000000000001,0.11346153846153857,1.0
0.85,0.8,0.1,B2_SRS,0.1,constant,1.0,0,8,False,573.0,0.11346153846153857,1.0
0.85,0.8,0.1,B2_SRS,0.2,alpha_0.95,0.95,0,8,False,739.6000000000001,0.15192307692307705,1.0
0.85,0.8,0.1,B2_SRS,0.2,constant,1.0,0,8,False,609.0,0.15192307692307705,1.0
0.85,0.8,0.1,B2_SRS,0.3,alpha_0.95,0.95,0,8,False,772.6000000000001,0.19230769230769232,1.0
0.85,0.8,0.1,B2_SRS,0.3,constant,1.0,0,8,False,642.0,0.19230769230769232,1.0
0.85,0.8,0.1,B2_SRS,0.4,alpha_0.95,0.95,0,8,False,806.6000000000001,0.23076923076923078,1.0
0.85,0.8,0.1,B2_SRS,0.4,constant,1.0,0,8,False,676.0,0.23076923076923078,1.0
0.85,0.8,0.1,B2_SRS,0.5,alpha_0.95,0.95,0,8,False,840.6000000000001,0.3057692307692309,1.0
0.85,0.8,0.1,B2_SRS,0.5,constant,1.0,0,8,False,710.0,0.3057692307692309,1.0
0.85,0.8,0.1,B2_SRS,0.7,alpha_0.95,0.95,0,8,False,908.6500000000001,0.45961538461538476,1.0
0.85,0.8,0.1,B2_SRS,0.7,constant,1.0,0,8,False,778.05,0.45961538461538476,1.0
0.85,0.8,0.1,B2_SRS,1.0,alpha_0.95,0.95,0,8,False,1004.6000000000001,1.0,1.0
0.85,0.8,0.1,B2_SRS,1.0,constant,1.0,0,8,False,874.0,1.0,1.0
0.85,0.8,0.1,B3_STRATIFIED,0.0,alpha_0.95,0.95,0,8,False,665.6000000000001,0.0,1.0
0.85,0.8,0.1,B3_STRATIFIED,0.0,constant,1.0,0,8,False,535.0,0.0,1.0
0.85,0.8,0.1,B3_STRATIFIED,0.05,alpha_0.95,0.95,0,8,False,686.6000000000001,0.19230769230769232,1.0
0.85,0.8,0.1,B3_STRATIFIED,0.05,constant,1.0,0,8,False,556.0,0.19230769230769232,1.0
0.85,0.8,0.1,B3_STRATIFIED,0.1,alpha_0.95,0.95,0,8,False,704.6000000000001,0.19230769230769232,1.0
0.85,0.8,0.1,B3_STRATIFIED,0.1,constant,1.0,0,8,False,574.0,0.19230769230769232,1.0
0.85,0.8,0.1,B3_STRATIFIED,0.2,alpha_0.95,0.95,0,8,False,739.6000000000001,0.19230769230769232,1.0
0.85,0.8,0.1,B3_STRATIFIED,0.2,constant,1.0,0,8,False,609.0,0.19230769230769232,1.0
0.85,0.8,0.1,B3_STRATIFIED,0.3,alpha_0.95,0.95,0,8,False,774.6000000000001,0.2692307692307692,1.0
0.85,0.8,0.1,B3_STRATIFIED,0.3,constant,1.0,0,8,False,644.0,0.2692307692307692,1.0
0.85,0.8,0.1,B3_STRATIFIED,0.4,alpha_0.95,0.95,0,8,False,809.6000000000001,0.34423076923076934,1.0
0.85,0.8,0.1,B3_STRATIFIED,0.4,constant,1.0,0,8,False,679.0,0.34423076923076934,1.0
0.85,0.8,0.1,B3_STRATIFIED,0.5,alpha_0.95,0.95,0,8,False,841.6000000000001,0.38461538461538464,1.0
0.85,0.8,0.1,B3_STRATIFIED,0.5,constant,1.0,0,8,False,711.0,0.38461538461538464,1.0
0.85,0.8,0.1,B3_STRATIFIED,0.7,alpha_0.95,0.95,0,8,False,909.6000000000001,0.6538461538461539,1.0
0.85,0.8,0.1,B3_STRATIFIED,0.7,constant,1.0,0,8,False,779.0,0.6538461538461539,1.0
0.85,0.8,0.1,B3_STRATIFIED,1.0,alpha_0.95,0.95,0,8,False,1004.6000000000001,1.0,1.0
0.85,0.8,0.1,B3_STRATIFIED,1.0,constant,1.0,0,8,False,874.0,1.0,1.0
0.85,0.8,0.2,B2_SRS,0.0,alpha_0.95,0.95,0,8,False,753.5999999999999,0.0,1.0
0.85,0.8,0.2,B2_SRS,0.0,constant,1.0,0,8,False,623.0,0.0,1.0
0.85,0.8,0.2,B2_SRS,0.05,alpha_0.95,0.95,0,8,False,772.5999999999999,0.07692307692307693,1.0
0.85,0.8,0.2,B2_SRS,0.05,constant,1.0,0,8,False,642.0,0.07692307692307693,1.0
0.85,0.8,0.2,B2_SRS,0.1,alpha_0.95,0.95,0,8,False,790.5999999999999,0.07692307692307693,1.0
0.85,0.8,0.2,B2_SRS,0.1,constant,1.0,0,8,False,660.0,0.07692307692307693,1.0
0.85,0.8,0.2,B2_SRS,0.2,alpha_0.95,0.95,0,8,False,825.5999999999999,0.11538461538461539,1.0
0.85,0.8,0.2,B2_SRS,0.2,constant,1.0,0,8,False,695.0,0.11538461538461539,1.0
0.85,0.8,0.2,B2_SRS,0.3,alpha_0.95,0.95,0,8,False,859.5999999999999,0.15384615384615385,1.0
0.85,0.8,0.2,B2_SRS,0.3,constant,1.0,0,8,False,729.0,0.15384615384615385,1.0
0.85,0.8,0.2,B2_SRS,0.4,alpha_0.95,0.95,0,8,False,893.5999999999999,0.23076923076923078,1.0
0.85,0.8,0.2,B2_SRS,0.4,constant,1.0,0,8,False,763.0,0.23076923076923078,1.0
0.85,0.8,0.2,B2_SRS,0.5,alpha_0.95,0.95,0,8,False,927.5999999999999,0.3076923076923077,1.0
0.85,0.8,0.2,B2_SRS,0.5,constant,1.0,0,8,False,797.0,0.3076923076923077,1.0
0.85,0.8,0.2,B2_SRS,0.7,alpha_0.95,0.95,0,8,False,994.5999999999999,0.4230769230769231,1.0
0.85,0.8,0.2,B2_SRS,0.7,constant,1.0,0,8,False,864.0,0.4230769230769231,1.0
0.85,0.8,0.2,B2_SRS,1.0,alpha_0.95,0.95,0,8,False,1092.6,1.0,1.0
0.85,0.8,0.2,B2_SRS,1.0,constant,1.0,0,8,False,962.0,1.0,1.0
0.85,0.8,0.2,B3_STRATIFIED,0.0,alpha_0.95,0.95,0,8,False,753.5999999999999,0.0,1.0
0.85,0.8,0.2,B3_STRATIFIED,0.0,constant,1.0,0,8,False,623.0,0.0,1.0
0.85,0.8,0.2,B3_STRATIFIED,0.05,alpha_0.95,0.95,0,8,False,773.5999999999999,0.19230769230769232,1.0
0.85,0.8,0.2,B3_STRATIFIED,0.05,constant,1.0,0,8,False,643.0,0.19230769230769232,1.0
0.85,0.8,0.2,B3_STRATIFIED,0.1,alpha_0.95,0.95,0,8,False,790.5999999999999,0.19230769230769232,1.0
0.85,0.8,0.2,B3_STRATIFIED,0.1,constant,1.0,0,8,False,660.0,0.19230769230769232,1.0
0.85,0.8,0.2,B3_STRATIFIED,0.2,alpha_0.95,0.95,0,8,False,825.5999999999999,0.19230769230769232,1.0
0.85,0.8,0.2,B3_STRATIFIED,0.2,constant,1.0,0,8,False,695.0,0.19230769230769232,1.0
0.85,0.8,0.2,B3_STRATIFIED,0.3,alpha_0.95,0.95,0,8,False,859.5999999999999,0.2692307692307692,1.0
0.85,0.8,0.2,B3_STRATIFIED,0.3,constant,1.0,0,8,False,729.0,0.2692307692307692,1.0
0.85,0.8,0.2,B3_STRATIFIED,0.4,alpha_0.95,0.95,0,8,False,894.5999999999999,0.34615384615384615,1.0
0.85,0.8,0.2,B3_STRATIFIED,0.4,constant,1.0,0,8,False,764.0,0.34615384615384615,1.0
0.85,0.8,0.2,B3_STRATIFIED,0.5,alpha_0.95,0.95,0,8,False,927.5999999999999,0.38461538461538464,1.0
0.85,0.8,0.2,B3_STRATIFIED,0.5,constant,1.0,0,8,False,797.0,0.38461538461538464,1.0
0.85,0.8,0.2,B3_STRATIFIED,0.7,alpha_0.95,0.95,0,8,False,994.5999999999999,0.6923076923076923,1.0
0.85,0.8,0.2,B3_STRATIFIED,0.7,constant,1.0,0,8,False,864.0,0.6923076923076923,1.0
0.85,0.8,0.2,B3_STRATIFIED,1.0,alpha_0.95,0.95,0,8,False,1092.6,1.0,1.0
0.85,0.8,0.2,B3_STRATIFIED,1.0,constant,1.0,0,8,False,962.0,1.0,1.0
0.85,0.85,0.0,B2_SRS,0.0,alpha_0.95,0.95,0,8,False,517.4000000000018,0.0,1.0
0.85,0.85,0.0,B2_SRS,0.0,constant,1.0,0,8,False,389.0,0.0,1.0
0.85,0.85,0.0,B2_SRS,0.05,alpha_0.95,0.95,0,8,False,540.4000000000018,0.07692307692307693,1.0
0.85,0.85,0.0,B2_SRS,0.05,constant,1.0,0,8,False,412.0,0.07692307692307693,1.0
0.85,0.85,0.0,B2_SRS,0.1,alpha_0.95,0.95,0,8,False,557.4000000000018,0.07692307692307693,1.0
0.85,0.85,0.0,B2_SRS,0.1,constant,1.0,0,8,False,429.0,0.07692307692307693,1.0
0.85,0.85,0.0,B2_SRS,0.2,alpha_0.95,0.95,0,8,False,592.4000000000018,0.11538461538461539,1.0
0.85,0.85,0.0,B2_SRS,0.2,constant,1.0,0,8,False,464.0,0.11538461538461539,1.0
0.85,0.85,0.0,B2_SRS,0.3,alpha_0.95,0.95,0,8,False,627.4000000000018,0.19230769230769232,1.0
0.85,0.85,0.0,B2_SRS,0.3,constant,1.0,0,8,False,499.0,0.19230769230769232,1.0
0.85,0.85,0.0,B2_SRS,0.4,alpha_0.95,0.95,0,8,False,663.4000000000018,0.23076923076923078,1.0
0.85,0.85,0.0,B2_SRS,0.4,constant,1.0,0,8,False,535.0,0.23076923076923078,1.0
0.85,0.85,0.0,B2_SRS,0.5,alpha_0.95,0.95,0,8,False,696.4000000000018,0.3076923076923077,1.0
0.85,0.85,0.0,B2_SRS,0.5,constant,1.0,0,8,False,568.0,0.3076923076923077,1.0
0.85,0.85,0.0,B2_SRS,0.7,alpha_0.95,0.95,0,8,False,764.4000000000018,0.4230769230769231,1.0
0.85,0.85,0.0,B2_SRS,0.7,constant,1.0,0,8,False,636.0,0.4230769230769231,1.0
0.85,0.85,0.0,B2_SRS,1.0,alpha_0.95,0.95,0,8,False,856.4000000000018,1.0,1.0
0.85,0.85,0.0,B2_SRS,1.0,constant,1.0,0,8,False,728.0,1.0,1.0
0.85,0.85,0.0,B3_STRATIFIED,0.0,alpha_0.95,0.95,0,8,False,517.4000000000018,0.0,1.0
0.85,0.85,0.0,B3_STRATIFIED,0.0,constant,1.0,0,8,False,389.0,0.0,1.0
0.85,0.85,0.0,B3_STRATIFIED,0.05,alpha_0.95,0.95,0,8,False,540.4000000000018,0.1903846153846155,1.0
0.85,0.85,0.0,B3_STRATIFIED,0.05,constant,1.0,0,8,False,412.0,0.1903846153846155,1.0
0.85,0.85,0.0,B3_STRATIFIED,0.1,alpha_0.95,0.95,0,8,False,557.4000000000018,0.1903846153846155,1.0
0.85,0.85,0.0,B3_STRATIFIED,0.1,constant,1.0,0,8,False,429.0,0.1903846153846155,1.0
0.85,0.85,0.0,B3_STRATIFIED,0.2,alpha_0.95,0.95,0,8,False,593.4000000000018,0.19230769230769232,1.0
0.85,0.85,0.0,B3_STRATIFIED,0.2,constant,1.0,0,8,False,465.0,0.19230769230769232,1.0
0.85,0.85,0.0,B3_STRATIFIED,0.3,alpha_0.95,0.95,0,8,False,631.4000000000018,0.2692307692307692,1.0
0.85,0.85,0.0,B3_STRATIFIED,0.3,constant,1.0,0,8,False,503.0,0.2692307692307692,1.0
0.85,0.85,0.0,B3_STRATIFIED,0.4,alpha_0.95,0.95,0,8,False,659.4000000000018,0.3076923076923077,1.0
0.85,0.85,0.0,B3_STRATIFIED,0.4,constant,1.0,0,8,False,531.0,0.3076923076923077,1.0
0.85,0.85,0.0,B3_STRATIFIED,0.5,alpha_0.95,0.95,0,8,False,695.4000000000018,0.34615384615384615,1.0
0.85,0.85,0.0,B3_STRATIFIED,0.5,constant,1.0,0,8,False,567.0,0.34615384615384615,1.0
0.85,0.85,0.0,B3_STRATIFIED,0.7,alpha_0.95,0.95,0,8,False,761.4000000000018,0.6923076923076923,1.0
0.85,0.85,0.0,B3_STRATIFIED,0.7,constant,1.0,0,8,False,633.0,0.6923076923076923,1.0
0.85,0.85,0.0,B3_STRATIFIED,1.0,alpha_0.95,0.95,0,8,False,856.4000000000018,1.0,1.0
0.85,0.85,0.0,B3_STRATIFIED,1.0,constant,1.0,0,8,False,728.0,1.0,1.0
0.85,0.85,0.05,B2_SRS,0.0,alpha_0.95,0.95,0,8,False,566.6000000000014,0.0,1.0
0.85,0.85,0.05,B2_SRS,0.0,constant,1.0,0,8,False,437.0,0.0,1.0
0.85,0.85,0.05,B2_SRS,0.05,alpha_0.95,0.95,0,8,False,587.6000000000014,0.07692307692307693,1.0
0.85,0.85,0.05,B2_SRS,0.05,constant,1.0,0,8,False,458.0,0.07692307692307693,1.0
0.85,0.85,0.05,B2_SRS,0.1,alpha_0.95,0.95,0,8,False,605.6000000000014,0.07692307692307693,1.0
0.85,0.85,0.05,B2_SRS,0.1,constant,1.0,0,8,False,476.0,0.07692307692307693,1.0
0.85,0.85,0.05,B2_SRS,0.2,alpha_0.95,0.95,0,8,False,642.6000000000014,0.11538461538461539,1.0
0.85,0.85,0.05,B2_SRS,0.2,constant,1.0,0,8,False,513.0,0.11538461538461539,1.0
0.85,0.85,0.05,B2_SRS,0.3,alpha_0.95,0.95,0,8,False,677.6000000000014,0.19230769230769232,1.0
0.85,0.85,0.05,B2_SRS,0.3,constant,1.0,0,8,False,548.0,0.19230769230769232,1.0
0.85,0.85,0.05,B2_SRS,0.4,alpha_0.95,0.95,0,8,False,710.6000000000014,0.23076923076923078,1.0
0.85,0.85,0.05,B2_SRS,0.4,constant,1.0,0,8,False,581.0,0.23076923076923078,1.0
0.85,0.85,0.05,B2_SRS,0.5,alpha_0.95,0.95,0,8,False,744.6000000000014,0.2692307692307692,1.0
0.85,0.85,0.05,B2_SRS,0.5,constant,1.0,0,8,False,615.0,0.2692307692307692,1.0
0.85,0.85,0.05,B2_SRS,0.7,alpha_0.95,0.95,0,8,False,810.6000000000014,0.4230769230769231,1.0
0.85,0.85,0.05,B2_SRS,0.7,constant,1.0,0,8,False,681.0,0.4230769230769231,1.0
0.85,0.85,0.05,B2_SRS,1.0,alpha_0.95,0.95,0,8,False,905.6000000000014,1.0,1.0
0.85,0.85,0.05,B2_SRS,1.0,constant,1.0,0,8,False,776.0,1.0,1.0
0.85,0.85,0.05,B3_STRATIFIED,0.0,alpha_0.95,0.95,0,8,False,566.6000000000014,0.0,1.0
0.85,0.85,0.05,B3_STRATIFIED,0.0,constant,1.0,0,8,False,437.0,0.0,1.0
0.85,0.85,0.05,B3_STRATIFIED,0.05,alpha_0.95,0.95,0,8,False,590.6000000000014,0.1903846153846155,1.0
0.85,0.85,0.05,B3_STRATIFIED,0.05,constant,1.0,0,8,False,461.0,0.1903846153846155,1.0
0.85,0.85,0.05,B3_STRATIFIED,0.1,alpha_0.95,0.95,0,8,False,607.6000000000014,0.1903846153846155,1.0
0.85,0.85,0.05,B3_STRATIFIED,0.1,constant,1.0,0,8,False,478.0,0.1903846153846155,1.0
0.85,0.85,0.05,B3_STRATIFIED,0.2,alpha_0.95,0.95,0,8,False,642.6000000000014,0.19230769230769232,1.0
0.85,0.85,0.05,B3_STRATIFIED,0.2,constant,1.0,0,8,False,513.0,0.19230769230769232,1.0
0.85,0.85,0.05,B3_STRATIFIED,0.3,alpha_0.95,0.95,0,8,False,677.6000000000014,0.2692307692307692,1.0
0.85,0.85,0.05,B3_STRATIFIED,0.3,constant,1.0,0,8,False,548.0,0.2692307692307692,1.0
0.85,0.85,0.05,B3_STRATIFIED,0.4,alpha_0.95,0.95,0,8,False,710.6000000000014,0.3076923076923077,1.0
0.85,0.85,0.05,B3_STRATIFIED,0.4,constant,1.0,0,8,False,581.0,0.3076923076923077,1.0
0.85,0.85,0.05,B3_STRATIFIED,0.5,alpha_0.95,0.95,0,8,False,745.6000000000014,0.34615384615384615,1.0
0.85,0.85,0.05,B3_STRATIFIED,0.5,constant,1.0,0,8,False,616.0,0.34615384615384615,1.0
0.85,0.85,0.05,B3_STRATIFIED,0.7,alpha_0.95,0.95,0,8,False,812.6000000000014,0.6538461538461539,1.0
0.85,0.85,0.05,B3_STRATIFIED,0.7,constant,1.0,0,8,False,683.0,0.6538461538461539,1.0
0.85,0.85,0.05,B3_STRATIFIED,1.0,alpha_0.95,0.95,0,8,False,905.6000000000014,1.0,1.0
0.85,0.85,0.05,B3_STRATIFIED,1.0,constant,1.0,0,8,False,776.0,1.0,1.0
0.85,0.85,0.1,B2_SRS,0.0,alpha_0.95,0.95,0,8,False,613.6000000000008,0.0,1.0
0.85,0.85,0.1,B2_SRS,0.0,constant,1.0,0,8,False,483.0,0.0,1.0
0.85,0.85,0.1,B2_SRS,0.05,alpha_0.95,0.95,0,8,False,633.6000000000008,0.07692307692307693,1.0
0.85,0.85,0.1,B2_SRS,0.05,constant,1.0,0,8,False,503.0,0.07692307692307693,1.0
0.85,0.85,0.1,B2_SRS,0.1,alpha_0.95,0.95,0,8,False,651.6000000000008,0.11346153846153857,1.0
0.85,0.85,0.1,B2_SRS,0.1,constant,1.0,0,8,False,521.0,0.11346153846153857,1.0
0.85,0.85,0.1,B2_SRS,0.2,alpha_0.95,0.95,0,8,False,686.6000000000008,0.11538461538461539,1.0
0.85,0.85,0.1,B2_SRS,0.2,constant,1.0,0,8,False,556.0,0.11538461538461539,1.0
0.85,0.85,0.1,B2_SRS,0.3,alpha_0.95,0.95,0,8,False,720.6000000000008,0.19230769230769232,1.0
0.85,0.85,0.1,B2_SRS,0.3,constant,1.0,0,8,False,590.0,0.19230769230769232,1.0
0.85,0.85,0.1,B2_SRS,0.4,alpha_0.95,0.95,0,8,False,755.6000000000008,0.23076923076923078,1.0
0.85,0.85,0.1,B2_SRS,0.4,constant,1.0,0,8,False,625.0,0.23076923076923078,1.0
0.85,0.85,0.1,B2_SRS,0.5,alpha_0.95,0.95,0,8,False,789.6000000000008,0.3076923076923077,1.0
0.85,0.85,0.1,B2_SRS,0.5,constant,1.0,0,8,False,659.0,0.3076923076923077,1.0
0.85,0.85,0.1,B2_SRS,0.7,alpha_0.95,0.95,0,8,False,856.6000000000008,0.45961538461538476,1.0
0.85,0.85,0.1,B2_SRS,0.7,constant,1.0,0,8,False,726.0,0.45961538461538476,1.0
0.85,0.85,0.1,B2_SRS,1.0,alpha_0.95,0.95,0,8,False,952.6000000000008,1.0,1.0
0.85,0.85,0.1,B2_SRS,1.0,constant,1.0,0,8,False,822.0,1.0,1.0
0.85,0.85,0.1,B3_STRATIFIED,0.0,alpha_0.95,0.95,0,8,False,613.6000000000008,0.0,1.0
0.85,0.85,0.1,B3_STRATIFIED,0.0,constant,1.0,0,8,False,483.0,0.0,1.0
0.85,0.85,0.1,B3_STRATIFIED,0.05,alpha_0.95,0.95,0,8,False,633.6000000000008,0.19230769230769232,1.0
0.85,0.85,0.1,B3_STRATIFIED,0.05,constant,1.0,0,8,False,503.0,0.19230769230769232,1.0
0.85,0.85,0.1,B3_STRATIFIED,0.1,alpha_0.95,0.95,0,8,False,652.6000000000008,0.19230769230769232,1.0
0.85,0.85,0.1,B3_STRATIFIED,0.1,constant,1.0,0,8,False,522.0,0.19230769230769232,1.0
0.85,0.85,0.1,B3_STRATIFIED,0.2,alpha_0.95,0.95,0,8,False,686.6000000000008,0.19230769230769232,1.0
0.85,0.85,0.1,B3_STRATIFIED,0.2,constant,1.0,0,8,False,556.0,0.19230769230769232,1.0
0.85,0.85,0.1,B3_STRATIFIED,0.3,alpha_0.95,0.95,0,8,False,722.6000000000008,0.2692307692307692,1.0
0.85,0.85,0.1,B3_STRATIFIED,0.3,constant,1.0,0,8,False,592.0,0.2692307692307692,1.0
0.85,0.85,0.1,B3_STRATIFIED,0.4,alpha_0.95,0.95,0,8,False,754.6000000000008,0.3076923076923077,1.0
0.85,0.85,0.1,B3_STRATIFIED,0.4,constant,1.0,0,8,False,624.0,0.3076923076923077,1.0
0.85,0.85,0.1,B3_STRATIFIED,0.5,alpha_0.95,0.95,0,8,False,790.6000000000008,0.34615384615384615,1.0
0.85,0.85,0.1,B3_STRATIFIED,0.5,constant,1.0,0,8,False,660.0,0.34615384615384615,1.0
0.85,0.85,0.1,B3_STRATIFIED,0.7,alpha_0.95,0.95,0,8,False,857.6000000000008,0.6903846153846155,1.0
0.85,0.85,0.1,B3_STRATIFIED,0.7,constant,1.0,0,8,False,727.0,0.6903846153846155,1.0
0.85,0.85,0.1,B3_STRATIFIED,1.0,alpha_0.95,0.95,0,8,False,952.6000000000008,1.0,1.0
0.85,0.85,0.1,B3_STRATIFIED,1.0,constant,1.0,0,8,False,822.0,1.0,1.0
0.85,0.85,0.2,B2_SRS,0.0,alpha_0.95,0.95,0,8,False,709.6,0.0,1.0
0.85,0.85,0.2,B2_SRS,0.0,constant,1.0,0,8,False,579.0,0.0,1.0
0.85,0.85,0.2,B2_SRS,0.05,alpha_0.95,0.95,0,8,False,729.6,0.07692307692307693,1.0
0.85,0.85,0.2,B2_SRS,0.05,constant,1.0,0,8,False,599.0,0.07692307692307693,1.0
0.85,0.85,0.2,B2_SRS,0.1,alpha_0.95,0.95,0,8,False,747.6,0.11538461538461539,1.0
0.85,0.85,0.2,B2_SRS,0.1,constant,1.0,0,8,False,617.0,0.11538461538461539,1.0
0.85,0.85,0.2,B2_SRS,0.2,alpha_0.95,0.95,0,8,False,781.6,0.11538461538461539,1.0
0.85,0.85,0.2,B2_SRS,0.2,constant,1.0,0,8,False,651.0,0.11538461538461539,1.0
0.85,0.85,0.2,B2_SRS,0.3,alpha_0.95,0.95,0,8,False,816.6,0.15384615384615385,1.0
0.85,0.85,0.2,B2_SRS,0.3,constant,1.0,0,8,False,686.0,0.15384615384615385,1.0
0.85,0.85,0.2,B2_SRS,0.4,alpha_0.95,0.95,0,8,False,851.6,0.23076923076923078,1.0
0.85,0.85,0.2,B2_SRS,0.4,constant,1.0,0,8,False,721.0,0.23076923076923078,1.0
0.85,0.85,0.2,B2_SRS,0.5,alpha_0.95,0.95,0,8,False,884.6,0.3076923076923077,1.0
0.85,0.85,0.2,B2_SRS,0.5,constant,1.0,0,8,False,754.0,0.3076923076923077,1.0
0.85,0.85,0.2,B2_SRS,0.7,alpha_0.95,0.95,0,8,False,952.6,0.45961538461538476,1.0
0.85,0.85,0.2,B2_SRS,0.7,constant,1.0,0,8,False,822.0,0.45961538461538476,1.0
0.85,0.85,0.2,B2_SRS,1.0,alpha_0.95,0.95,0,8,False,1048.6,1.0,1.0
0.85,0.85,0.2,B2_SRS,1.0,constant,1.0,0,8,False,918.0,1.0,1.0
0.85,0.85,0.2,B3_STRATIFIED,0.0,alpha_0.95,0.95,0,8,False,709.6,0.0,1.0
0.85,0.85,0.2,B3_STRATIFIED,0.0,constant,1.0,0,8,False,579.0,0.0,1.0
0.85,0.85,0.2,B3_STRATIFIED,0.05,alpha_0.95,0.95,0,8,False,729.6,0.15384615384615385,1.0
0.85,0.85,0.2,B3_STRATIFIED,0.05,constant,1.0,0,8,False,599.0,0.15384615384615385,1.0
0.85,0.85,0.2,B3_STRATIFIED,0.1,alpha_0.95,0.95,0,8,False,747.6,0.1903846153846155,1.0
0.85,0.85,0.2,B3_STRATIFIED,0.1,constant,1.0,0,8,False,617.0,0.1903846153846155,1.0
0.85,0.85,0.2,B3_STRATIFIED,0.2,alpha_0.95,0.95,0,8,False,782.6,0.19230769230769232,1.0
0.85,0.85,0.2,B3_STRATIFIED,0.2,constant,1.0,0,8,False,652.0,0.19230769230769232,1.0
0.85,0.85,0.2,B3_STRATIFIED,0.3,alpha_0.95,0.95,0,8,False,816.6,0.2692307692307692,1.0
0.85,0.85,0.2,B3_STRATIFIED,0.3,constant,1.0,0,8,False,686.0,0.2692307692307692,1.0
0.85,0.85,0.2,B3_STRATIFIED,0.4,alpha_0.95,0.95,0,8,False,851.6,0.34615384615384615,1.0
0.85,0.85,0.2,B3_STRATIFIED,0.4,constant,1.0,0,8,False,721.0,0.34615384615384615,1.0
0.85,0.85,0.2,B3_STRATIFIED,0.5,alpha_0.95,0.95,0,8,False,885.6,0.38461538461538464,1.0
0.85,0.85,0.2,B3_STRATIFIED,0.5,constant,1.0,0,8,False,755.0,0.38461538461538464,1.0
0.85,0.85,0.2,B3_STRATIFIED,0.7,alpha_0.95,0.95,0,8,False,953.6,0.6923076923076923,1.0
0.85,0.85,0.2,B3_STRATIFIED,0.7,constant,1.0,0,8,False,823.0,0.6923076923076923,1.0
0.85,0.85,0.2,B3_STRATIFIED,1.0,alpha_0.95,0.95,0,8,False,1048.6,1.0,1.0
0.85,0.85,0.2,B3_STRATIFIED,1.0,constant,1.0,0,8,False,918.0,1.0,1.0
0.85,0.9,0.0,B2_SRS,0.0,alpha_0.95,0.95,0,8,False,459.8000000000014,0.0,1.0
0.85,0.9,0.0,B2_SRS,0.0,constant,1.0,0,8,False,333.0,0.0,1.0
0.85,0.9,0.0,B2_SRS,0.05,alpha_0.95,0.95,0,8,False,481.8000000000014,0.07692307692307693,1.0
0.85,0.9,0.0,B2_SRS,0.05,constant,1.0,0,8,False,355.0,0.07692307692307693,1.0
0.85,0.9,0.0,B2_SRS,0.1,alpha_0.95,0.95,0,8,False,500.8000000000014,0.11538461538461539,1.0
0.85,0.9,0.0,B2_SRS,0.1,constant,1.0,0,8,False,374.0,0.11538461538461539,1.0
0.85,0.9,0.0,B2_SRS,0.2,alpha_0.95,0.95,0,8,False,534.8000000000013,0.15384615384615385,1.0
0.85,0.9,0.0,B2_SRS,0.2,constant,1.0,0,8,False,408.0,0.15384615384615385,1.0
0.85,0.9,0.0,B2_SRS,0.3,alpha_0.95,0.95,0,8,False,570.8500000000013,0.15384615384615385,1.0
0.85,0.9,0.0,B2_SRS,0.3,constant,1.0,0,8,False,444.04999999999995,0.15384615384615385,1.0
0.85,0.9,0.0,B2_SRS,0.4,alpha_0.95,0.95,0,8,False,603.8000000000013,0.23076923076923078,1.0
0.85,0.9,0.0,B2_SRS,0.4,constant,1.0,0,8,False,477.0,0.23076923076923078,1.0
0.85,0.9,0.0,B2_SRS,0.5,alpha_0.95,0.95,0,8,False,638.8000000000013,0.3076923076923077,1.0
0.85,0.9,0.0,B2_SRS,0.5,constant,1.0,0,8,False,512.0,0.3076923076923077,1.0
0.85,0.9,0.0,B2_SRS,0.7,alpha_0.95,0.95,0,8,False,706.8000000000013,0.45961538461538476,1.0
0.85,0.9,0.0,B2_SRS,0.7,constant,1.0,0,8,False,580.0,0.45961538461538476,1.0
0.85,0.9,0.0,B2_SRS,1.0,alpha_0.95,0.95,0,8,False,798.8000000000013,1.0,1.0
0.85,0.9,0.0,B2_SRS,1.0,constant,1.0,0,8,False,672.0,1.0,1.0
0.85,0.9,0.0,B3_STRATIFIED,0.0,alpha_0.95,0.95,0,8,False,459.8000000000014,0.0,1.0
0.85,0.9,0.0,B3_STRATIFIED,0.0,constant,1.0,0,8,False,333.0,0.0,1.0
0.85,0.9,0.0,B3_STRATIFIED,0.05,alpha_0.95,0.95,0,8,False,482.8000000000014,0.19230769230769232,1.0
0.85,0.9,0.0,B3_STRATIFIED,0.05,constant,1.0,0,8,False,356.0,0.19230769230769232,1.0
0.85,0.9,0.0,B3_STRATIFIED,0.1,alpha_0.95,0.95,0,8,False,501.8000000000014,0.19230769230769232,1.0
0.85,0.9,0.0,B3_STRATIFIED,0.1,constant,1.0,0,8,False,375.0,0.19230769230769232,1.0
0.85,0.9,0.0,B3_STRATIFIED,0.2,alpha_0.95,0.95,0,8,False,532.8000000000013,0.19230769230769232,1.0
0.85,0.9,0.0,B3_STRATIFIED,0.2,constant,1.0,0,8,False,406.0,0.19230769230769232,1.0
0.85,0.9,0.0,B3_STRATIFIED,0.3,alpha_0.95,0.95,0,8,False,569.8000000000013,0.2692307692307692,1.0
0.85,0.9,0.0,B3_STRATIFIED,0.3,constant,1.0,0,8,False,443.0,0.2692307692307692,1.0
0.85,0.9,0.0,B3_STRATIFIED,0.4,alpha_0.95,0.95,0,8,False,600.8000000000013,0.3076923076923077,1.0
0.85,0.9,0.0,B3_STRATIFIED,0.4,constant,1.0,0,8,False,474.0,0.3076923076923077,1.0
0.85,0.9,0.0,B3_STRATIFIED,0.5,alpha_0.95,0.95,0,8,False,637.8000000000013,0.34615384615384615,1.0
0.85,0.9,0.0,B3_STRATIFIED,0.5,constant,1.0,0,8,False,511.0,0.34615384615384615,1.0
0.85,0.9,0.0,B3_STRATIFIED,0.7,alpha_0.95,0.95,0,8,False,705.8000000000013,0.6538461538461539,1.0
0.85,0.9,0.0,B3_STRATIFIED,0.7,constant,1.0,0,8,False,579.0,0.6538461538461539,1.0
0.85,0.9,0.0,B3_STRATIFIED,1.0,alpha_0.95,0.95,0,8,False,798.8000000000013,1.0,1.0
0.85,0.9,0.0,B3_STRATIFIED,1.0,constant,1.0,0,8,False,672.0,1.0,1.0
0.85,0.9,0.05,B2_SRS,0.0,alpha_0.95,0.95,0,8,False,511.25000000000176,0.0,1.0
0.85,0.9,0.05,B2_SRS,0.0,constant,1.0,0,8,False,383.0,0.0,1.0
0.85,0.9,0.05,B2_SRS,0.05,alpha_0.95,0.95,0,8,False,531.3000000000018,0.07692307692307693,1.0
0.85,0.9,0.05,B2_SRS,0.05,constant,1.0,0,8,False,403.04999999999995,0.07692307692307693,1.0
0.85,0.9,0.05,B2_SRS,0.1,alpha_0.95,0.95,0,8,False,550.2500000000018,0.11538461538461539,1.0
0.85,0.9,0.05,B2_SRS,0.1,constant,1.0,0,8,False,422.0,0.11538461538461539,1.0
0.85,0.9,0.05,B2_SRS,0.2,alpha_0.95,0.95,0,8,False,586.2500000000018,0.15384615384615385,1.0
0.85,0.9,0.05,B2_SRS,0.2,constant,1.0,0,8,False,458.0,0.15384615384615385,1.0
0.85,0.9,0.05,B2_SRS,0.3,alpha_0.95,0.95,0,8,False,621.2500000000018,0.15384615384615385,1.0
0.85,0.9,0.05,B2_SRS,0.3,constant,1.0,0,8,False,493.0,0.15384615384615385,1.0
0.85,0.9,0.05,B2_SRS,0.4,alpha_0.95,0.95,0,8,False,655.2500000000018,0.23076923076923078,1.0
0.85,0.9,0.05,B2_SRS,0.4,constant,1.0,0,8,False,527.0,0.23076923076923078,1.0
0.85,0.9,0.05,B2_SRS,0.5,alpha_0.95,0.95,0,8,False,689.2500000000018,0.3076923076923077,1.0
0.85,0.9,0.05,B2_SRS,0.5,constant,1.0,0,8,False,561.0,0.3076923076923077,1.0
0.85,0.9,0.05,B2_SRS,0.7,alpha_0.95,0.95,0,8,False,756.2500000000018,0.4230769230769231,1.0
0.85,0.9,0.05,B2_SRS,0.7,constant,1.0,0,8,False,628.0,0.4230769230769231,1.0
0.85,0.9,0.05,B2_SRS,1.0,alpha_0.95,0.95,0,8,False,850.2500000000018,1.0,1.0
0.85,0.9,0.05,B2_SRS,1.0,constant,1.0,0,8,False,722.0,1.0,1.0
0.85,0.9,0.05,B3_STRATIFIED,0.0,alpha_0.95,0.95,0,8,False,511.25000000000176,0.0,1.0
0.85,0.9,0.05,B3_STRATIFIED,0.0,constant,1.0,0,8,False,383.0,0.0,1.0
0.85,0.9,0.05,B3_STRATIFIED,0.05,alpha_0.95,0.95,0,8,False,534.2500000000018,0.1903846153846155,1.0
0.85,0.9,0.05,B3_STRATIFIED,0.05,constant,1.0,0,8,False,406.0,0.1903846153846155,1.0
0.85,0.9,0.05,B3_STRATIFIED,0.1,alpha_0.95,0.95,0,8,False,551.2500000000018,0.1903846153846155,1.0
0.85,0.9,0.05,B3_STRATIFIED,0.1,constant,1.0,0,8,False,423.0,0.1903846153846155,1.0
0.85,0.9,0.05,B3_STRATIFIED,0.2,alpha_0.95,0.95,0,8,False,586.2500000000018,0.19230769230769232,1.0
0.85,0.9,0.05,B3_STRATIFIED,0.2,constant,1.0,0,8,False,458.0,0.19230769230769232,1.0
0.85,0.9,0.05,B3_STRATIFIED,0.3,alpha_0.95,0.95,0,8,False,621.2500000000018,0.2673076923076924,1.0
0.85,0.9,0.05,B3_STRATIFIED,0.3,constant,1.0,0,8,False,493.0,0.2673076923076924,1.0
0.85,0.9,0.05,B3_STRATIFIED,0.4,alpha_0.95,0.95,0,8,False,656.2500000000018,0.3076923076923077,1.0
0.85,0.9,0.05,B3_STRATIFIED,0.4,constant,1.0,0,8,False,528.0,0.3076923076923077,1.0
0.85,0.9,0.05,B3_STRATIFIED,0.5,alpha_0.95,0.95,0,8,False,687.2500000000018,0.34615384615384615,1.0
0.85,0.9,0.05,B3_STRATIFIED,0.5,constant,1.0,0,8,False,559.0,0.34615384615384615,1.0
0.85,0.9,0.05,B3_STRATIFIED,0.7,alpha_0.95,0.95,0,8,False,757.2500000000018,0.6538461538461539,1.0
0.85,0.9,0.05,B3_STRATIFIED,0.7,constant,1.0,0,8,False,629.0,0.6538461538461539,1.0
0.85,0.9,0.05,B3_STRATIFIED,1.0,alpha_0.95,0.95,0,8,False,850.2500000000018,1.0,1.0
0.85,0.9,0.05,B3_STRATIFIED,1.0,constant,1.0,0,8,False,722.0,1.0,1.0
0.85,0.9,0.1,B2_SRS,0.0,alpha_0.95,0.95,0,8,False,562.5000000000015,0.0,1.0
0.85,0.9,0.1,B2_SRS,0.0,constant,1.0,0,8,False,433.0,0.0,1.0
0.85,0.9,0.1,B2_SRS,0.05,alpha_0.95,0.95,0,8,False,584.5000000000015,0.07692307692307693,1.0
0.85,0.9,0.1,B2_SRS,0.05,constant,1.0,0,8,False,455.0,0.07692307692307693,1.0
0.85,0.9,0.1,B2_SRS,0.1,alpha_0.95,0.95,0,8,False,602.5000000000015,0.07692307692307693,1.0
0.85,0.9,0.1,B2_SRS,0.1,constant,1.0,0,8,False,473.0,0.07692307692307693,1.0
0.85,0.9,0.1,B2_SRS,0.2,alpha_0.95,0.95,0,8,False,636.5000000000015,0.11538461538461539,1.0
0.85,0.9,0.1,B2_SRS,0.2,constant,1.0,0,8,False,507.0,0.11538461538461539,1.0
0.85,0.9,0.1,B2_SRS,0.3,alpha_0.95,0.95,0,8,False,671.5000000000015,0.1903846153846155,1.0
0.85,0.9,0.1,B2_SRS,0.3,constant,1.0,0,8,False,542.0,0.1903846153846155,1.0
0.85,0.9,0.1,B2_SRS,0.4,alpha_0.95,0.95,0,8,False,705.5500000000014,0.23076923076923078,1.0
0.85,0.9,0.1,B2_SRS,0.4,constant,1.0,0,8,False,576.05,0.23076923076923078,1.0
0.85,0.9,0.1,B2_SRS,0.5,alpha_0.95,0.95,0,8,False,740.5000000000015,0.3076923076923077,1.0
0.85,0.9,0.1,B2_SRS,0.5,constant,1.0,0,8,False,611.0,0.3076923076923077,1.0
0.85,0.9,0.1,B2_SRS,0.7,alpha_0.95,0.95,0,8,False,808.5000000000015,0.4230769230769231,1.0
0.85,0.9,0.1,B2_SRS,0.7,constant,1.0,0,8,False,679.0,0.4230769230769231,1.0
0.85,0.9,0.1,B2_SRS,1.0,alpha_0.95,0.95,0,8,False,901.5000000000015,1.0,1.0
0.85,0.9,0.1,B2_SRS,1.0,constant,1.0,0,8,False,772.0,1.0,1.0
0.85,0.9,0.1,B3_STRATIFIED,0.0,alpha_0.95,0.95,0,8,False,562.5000000000015,0.0,1.0
0.85,0.9,0.1,B3_STRATIFIED,0.0,constant,1.0,0,8,False,433.0,0.0,1.0
0.85,0.9,0.1,B3_STRATIFIED,0.05,alpha_0.95,0.95,0,8,False,585.5000000000015,0.15384615384615385,1.0
0.85,0.9,0.1,B3_STRATIFIED,0.05,constant,1.0,0,8,False,456.0,0.15384615384615385,1.0
0.85,0.9,0.1,B3_STRATIFIED,0.1,alpha_0.95,0.95,0,8,False,603.5000000000015,0.1903846153846155,1.0
0.85,0.9,0.1,B3_STRATIFIED,0.1,constant,1.0,0,8,False,474.0,0.1903846153846155,1.0
0.85,0.9,0.1,B3_STRATIFIED,0.2,alpha_0.95,0.95,0,8,False,638.5000000000015,0.19230769230769232,1.0
0.85,0.9,0.1,B3_STRATIFIED,0.2,constant,1.0,0,8,False,509.0,0.19230769230769232,1.0
0.85,0.9,0.1,B3_STRATIFIED,0.3,alpha_0.95,0.95,0,8,False,674.5000000000015,0.2673076923076924,1.0
0.85,0.9,0.1,B3_STRATIFIED,0.3,constant,1.0,0,8,False,545.0,0.2673076923076924,1.0
0.85,0.9,0.1,B3_STRATIFIED,0.4,alpha_0.95,0.95,0,8,False,705.5000000000015,0.34423076923076934,1.0
0.85,0.9,0.1,B3_STRATIFIED,0.4,constant,1.0,0,8,False,576.0,0.34423076923076934,1.0
0.85,0.9,0.1,B3_STRATIFIED,0.5,alpha_0.95,0.95,0,8,False,741.5000000000015,0.38461538461538464,1.0
0.85,0.9,0.1,B3_STRATIFIED,0.5,constant,1.0,0,8,False,612.0,0.38461538461538464,1.0
0.85,0.9,0.1,B3_STRATIFIED,0.7,alpha_0.95,0.95,0,8,False,808.5000000000015,0.6903846153846155,1.0
0.85,0.9,0.1,B3_STRATIFIED,0.7,constant,1.0,0,8,False,679.0,0.6903846153846155,1.0
0.85,0.9,0.1,B3_STRATIFIED,1.0,alpha_0.95,0.95,0,8,False,901.5000000000015,1.0,1.0
0.85,0.9,0.1,B3_STRATIFIED,1.0,constant,1.0,0,8,False,772.0,1.0,1.0
0.85,0.9,0.2,B2_SRS,0.0,alpha_0.95,0.95,0,8,False,665.6000000000001,0.0,1.0
0.85,0.9,0.2,B2_SRS,0.0,constant,1.0,0,8,False,535.0,0.0,1.0
0.85,0.9,0.2,B2_SRS,0.05,alpha_0.95,0.95,0,8,False,685.6000000000001,0.07692307692307693,1.0
0.85,0.9,0.2,B2_SRS,0.05,constant,1.0,0,8,False,555.0,0.07692307692307693,1.0
0.85,0.9,0.2,B2_SRS,0.1,alpha_0.95,0.95,0,8,False,703.6000000000001,0.11538461538461539,1.0
0.85,0.9,0.2,B2_SRS,0.1,constant,1.0,0,8,False,573.0,0.11538461538461539,1.0
0.85,0.9,0.2,B2_SRS,0.2,alpha_0.95,0.95,0,8,False,739.6000000000001,0.11538461538461539,1.0
0.85,0.9,0.2,B2_SRS,0.2,constant,1.0,0,8,False,609.0,0.11538461538461539,1.0
0.85,0.9,0.2,B2_SRS,0.3,alpha_0.95,0.95,0,8,False,772.6000000000001,0.19230769230769232,1.0
0.85,0.9,0.2,B2_SRS,0.3,constant,1.0,0,8,False,642.0,0.19230769230769232,1.0
0.85,0.9,0.2,B2_SRS,0.4,alpha_0.95,0.95,0,8,False,806.6000000000001,0.23076923076923078,1.0
0.85,0.9,0.2,B2_SRS,0.4,constant,1.0,0,8,False,676.0,0.23076923076923078,1.0
0.85,0.9,0.2,B2_SRS,0.5,alpha_0.95,0.95,0,8,False,840.6000000000001,0.3076923076923077,1.0
0.85,0.9,0.2,B2_SRS,0.5,constant,1.0,0,8,False,710.0,0.3076923076923077,1.0
0.85,0.9,0.2,B2_SRS,0.7,alpha_0.95,0.95,0,8,False,908.6500000000001,0.45961538461538476,1.0
0.85,0.9,0.2,B2_SRS,0.7,constant,1.0,0,8,False,778.05,0.45961538461538476,1.0
0.85,0.9,0.2,B2_SRS,1.0,alpha_0.95,0.95,0,8,False,1004.6000000000001,1.0,1.0
0.85,0.9,0.2,B2_SRS,1.0,constant,1.0,0,8,False,874.0,1.0,1.0
0.85,0.9,0.2,B3_STRATIFIED,0.0,alpha_0.95,0.95,0,8,False,665.6000000000001,0.0,1.0
0.85,0.9,0.2,B3_STRATIFIED,0.0,constant,1.0,0,8,False,535.0,0.0,1.0
0.85,0.9,0.2,B3_STRATIFIED,0.05,alpha_0.95,0.95,0,8,False,686.6000000000001,0.15384615384615385,1.0
0.85,0.9,0.2,B3_STRATIFIED,0.05,constant,1.0,0,8,False,556.0,0.15384615384615385,1.0
0.85,0.9,0.2,B3_STRATIFIED,0.1,alpha_0.95,0.95,0,8,False,704.6000000000001,0.15384615384615385,1.0
0.85,0.9,0.2,B3_STRATIFIED,0.1,constant,1.0,0,8,False,574.0,0.15384615384615385,1.0
0.85,0.9,0.2,B3_STRATIFIED,0.2,alpha_0.95,0.95,0,8,False,739.6000000000001,0.19230769230769232,1.0
0.85,0.9,0.2,B3_STRATIFIED,0.2,constant,1.0,0,8,False,609.0,0.19230769230769232,1.0
0.85,0.9,0.2,B3_STRATIFIED,0.3,alpha_0.95,0.95,0,8,False,774.6000000000001,0.2692307692307692,1.0
0.85,0.9,0.2,B3_STRATIFIED,0.3,constant,1.0,0,8,False,644.0,0.2692307692307692,1.0
0.85,0.9,0.2,B3_STRATIFIED,0.4,alpha_0.95,0.95,0,8,False,809.6000000000001,0.34615384615384615,1.0
0.85,0.9,0.2,B3_STRATIFIED,0.4,constant,1.0,0,8,False,679.0,0.34615384615384615,1.0
0.85,0.9,0.2,B3_STRATIFIED,0.5,alpha_0.95,0.95,0,8,False,841.6000000000001,0.38461538461538464,1.0
0.85,0.9,0.2,B3_STRATIFIED,0.5,constant,1.0,0,8,False,711.0,0.38461538461538464,1.0
0.85,0.9,0.2,B3_STRATIFIED,0.7,alpha_0.95,0.95,0,8,False,909.6000000000001,0.6538461538461539,1.0
0.85,0.9,0.2,B3_STRATIFIED,0.7,constant,1.0,0,8,False,779.0,0.6538461538461539,1.0
0.85,0.9,0.2,B3_STRATIFIED,1.0,alpha_0.95,0.95,0,8,False,1004.6000000000001,1.0,1.0
0.85,0.9,0.2,B3_STRATIFIED,1.0,constant,1.0,0,8,False,874.0,1.0,1.0
0.85,0.95,0.0,B2_SRS,0.0,alpha_0.95,0.95,0,8,False,399.2500000000006,0.0,1.0
0.85,0.95,0.0,B2_SRS,0.0,constant,1.0,0,8,False,277.0,0.0,1.0
0.85,0.95,0.0,B2_SRS,0.05,alpha_0.95,0.95,0,8,False,424.2500000000006,0.07692307692307693,1.0
0.85,0.95,0.0,B2_SRS,0.05,constant,1.0,0,8,False,302.0,0.07692307692307693,1.0
0.85,0.95,0.0,B2_SRS,0.1,alpha_0.95,0.95,0,8,False,443.2500000000006,0.11538461538461539,1.0
0.85,0.95,0.0,B2_SRS,0.1,constant,1.0,0,8,False,321.0,0.11538461538461539,1.0
0.85,0.95,0.0,B2_SRS,0.2,alpha_0.95,0.95,0,8,False,480.3000000000006,0.15192307692307705,1.0
0.85,0.95,0.0,B2_SRS,0.2,constant,1.0,0,8,False,358.04999999999995,0.15192307692307705,1.0
0.85,0.95,0.0,B2_SRS,0.3,alpha_0.95,0.95,0,8,False,516.2500000000007,0.19230769230769232,1.0
0.85,0.95,0.0,B2_SRS,0.3,constant,1.0,0,8,False,394.0,0.19230769230769232,1.0
0.85,0.95,0.0,B2_SRS,0.4,alpha_0.95,0.95,0,8,False,549.2500000000007,0.23076923076923078,1.0
0.85,0.95,0.0,B2_SRS,0.4,constant,1.0,0,8,False,427.0,0.23076923076923078,1.0
0.85,0.95,0.0,B2_SRS,0.5,alpha_0.95,0.95,0,8,False,585.2500000000007,0.3057692307692309,1.0
0.85,0.95,0.0,B2_SRS,0.5,constant,1.0,0,8,False,463.0,0.3057692307692309,1.0
0.85,0.95,0.0,B2_SRS,0.7,alpha_0.95,0.95,0,8,False,650.2500000000007,0.4230769230769231,1.0
0.85,0.95,0.0,B2_SRS,0.7,constant,1.0,0,8,False,528.0,0.4230769230769231,1.0
0.85,0.95,0.0,B2_SRS,1.0,alpha_0.95,0.95,0,8,False,738.2500000000007,1.0,1.0
0.85,0.95,0.0,B2_SRS,1.0,constant,1.0,0,8,False,616.0,1.0,1.0
0.85,0.95,0.0,B3_STRATIFIED,0.0,alpha_0.95,0.95,0,8,False,399.2500000000006,0.0,1.0
0.85,0.95,0.0,B3_STRATIFIED,0.0,constant,1.0,0,8,False,277.0,0.0,1.0
0.85,0.95,0.0,B3_STRATIFIED,0.05,alpha_0.95,0.95,0,8,False,424.2500000000006,0.15384615384615385,1.0
0.85,0.95,0.0,B3_STRATIFIED,0.05,constant,1.0,0,8,False,350.0,0.15384615384615385,1.0
0.85,0.95,0.0,B3_STRATIFIED,0.1,alpha_0.95,0.95,0,8,False,441.2500000000006,0.15384615384615385,1.0
0.85,0.95,0.0,B3_STRATIFIED,0.1,constant,1.0,0,8,False,350.0,0.15384615384615385,1.0
0.85,0.95,0.0,B3_STRATIFIED,0.2,alpha_0.95,0.95,0,8,False,475.2500000000006,0.19230769230769232,1.0
0.85,0.95,0.0,B3_STRATIFIED,0.2,constant,1.0,0,8,False,353.0,0.19230769230769232,1.0
0.85,0.95,0.0,B3_STRATIFIED,0.3,alpha_0.95,0.95,0,8,False,514.2500000000007,0.2692307692307692,1.0
0.85,0.95,0.0,B3_STRATIFIED,0.3,constant,1.0,0,8,False,392.0,0.2692307692307692,1.0
0.85,0.95,0.0,B3_STRATIFIED,0.4,alpha_0.95,0.95,0,8,False,546.2500000000007,0.3076923076923077,1.0
0.85,0.95,0.0,B3_STRATIFIED,0.4,constant,1.0,0,8,False,424.0,0.3076923076923077,1.0
0.85,0.95,0.0,B3_STRATIFIED,0.5,alpha_0.95,0.95,0,8,False,580.2500000000007,0.34615384615384615,1.0
0.85,0.95,0.0,B3_STRATIFIED,0.5,constant,1.0,0,8,False,458.0,0.34615384615384615,1.0
0.85,0.95,0.0,B3_STRATIFIED,0.7,alpha_0.95,0.95,0,8,False,648.2500000000007,0.6538461538461539,1.0
0.85,0.95,0.0,B3_STRATIFIED,0.7,constant,1.0,0,8,False,526.0,0.6538461538461539,1.0
0.85,0.95,0.0,B3_STRATIFIED,1.0,alpha_0.95,0.95,0,8,False,738.2500000000007,1.0,1.0
0.85,0.95,0.0,B3_STRATIFIED,1.0,constant,1.0,0,8,False,616.0,1.0,1.0
0.85,0.95,0.05,B2_SRS,0.0,alpha_0.95,0.95,0,8,False,457.6500000000014,0.0,1.0
0.85,0.95,0.05,B2_SRS,0.0,constant,1.0,0,8,False,331.0,0.0,1.0
0.85,0.95,0.05,B2_SRS,0.05,alpha_0.95,0.95,0,8,False,479.6500000000014,0.07692307692307693,1.0
0.85,0.95,0.05,B2_SRS,0.05,constant,1.0,0,8,False,353.0,0.07692307692307693,1.0
0.85,0.95,0.05,B2_SRS,0.1,alpha_0.95,0.95,0,8,False,498.6500000000014,0.11538461538461539,1.0
0.85,0.95,0.05,B2_SRS,0.1,constant,1.0,0,8,False,372.0,0.11538461538461539,1.0
0.85,0.95,0.05,B2_SRS,0.2,alpha_0.95,0.95,0,8,False,532.6500000000015,0.15384615384615385,1.0
0.85,0.95,0.05,B2_SRS,0.2,constant,1.0,0,8,False,406.0,0.15384615384615385,1.0
0.85,0.95,0.05,B2_SRS,0.3,alpha_0.95,0.95,0,8,False,568.6500000000015,0.19230769230769232,1.0
0.85,0.95,0.05,B2_SRS,0.3,constant,1.0,0,8,False,442.0,0.19230769230769232,1.0
0.85,0.95,0.05,B2_SRS,0.4,alpha_0.95,0.95,0,8,False,602.6500000000015,0.23076923076923078,1.0
0.85,0.95,0.05,B2_SRS,0.4,constant,1.0,0,8,False,476.0,0.23076923076923078,1.0
0.85,0.95,0.05,B2_SRS,0.5,alpha_0.95,0.95,0,8,False,636.6500000000015,0.3076923076923077,1.0
0.85,0.95,0.05,B2_SRS,0.5,constant,1.0,0,8,False,510.0,0.3076923076923077,1.0
0.85,0.95,0.05,B2_SRS,0.7,alpha_0.95,0.95,0,8,False,703.6500000000015,0.4230769230769231,1.0
0.85,0.95,0.05,B2_SRS,0.7,constant,1.0,0,8,False,577.0,0.4230769230769231,1.0
0.85,0.95,0.05,B2_SRS,1.0,alpha_0.95,0.95,0,8,False,796.6500000000015,1.0,1.0
0.85,0.95,0.05,B2_SRS,1.0,constant,1.0,0,8,False,670.0,1.0,1.0
0.85,0.95,0.05,B3_STRATIFIED,0.0,alpha_0.95,0.95,0,8,False,457.6500000000014,0.0,1.0
0.85,0.95,0.05,B3_STRATIFIED,0.0,constant,1.0,0,8,False,331.0,0.0,1.0
0.85,0.95,0.05,B3_STRATIFIED,0.05,alpha_0.95,0.95,0,8,False,480.6500000000014,0.19230769230769232,1.0
0.85,0.95,0.05,B3_STRATIFIED,0.05,constant,1.0,0,8,False,354.0,0.19230769230769232,1.0
0.85,0.95,0.05,B3_STRATIFIED,0.1,alpha_0.95,0.95,0,8,False,499.6500000000014,0.19230769230769232,1.0
0.85,0.95,0.05,B3_STRATIFIED,0.1,constant,1.0,0,8,False,373.0,0.19230769230769232,1.0
0.85,0.95,0.05,B3_STRATIFIED,0.2,alpha_0.95,0.95,0,8,False,530.6500000000015,0.19230769230769232,1.0
0.85,0.95,0.05,B3_STRATIFIED,0.2,constant,1.0,0,8,False,404.0,0.19230769230769232,1.0
0.85,0.95,0.05,B3_STRATIFIED,0.3,alpha_0.95,0.95,0,8,False,567.6500000000015,0.2673076923076924,1.0
0.85,0.95,0.05,B3_STRATIFIED,0.3,constant,1.0,0,8,False,441.0,0.2673076923076924,1.0
0.85,0.95,0.05,B3_STRATIFIED,0.4,alpha_0.95,0.95,0,8,False,598.6500000000015,0.34423076923076934,1.0
0.85,0.95,0.05,B3_STRATIFIED,0.4,constant,1.0,0,8,False,472.0,0.34423076923076934,1.0
0.85,0.95,0.05,B3_STRATIFIED,0.5,alpha_0.95,0.95,0,8,False,635.6500000000015,0.38269230769230783,1.0
0.85,0.95,0.05,B3_STRATIFIED,0.5,constant,1.0,0,8,False,509.0,0.38269230769230783,1.0
0.85,0.95,0.05,B3_STRATIFIED,0.7,alpha_0.95,0.95,0,8,False,703.6500000000015,0.6538461538461539,1.0
0.85,0.95,0.05,B3_STRATIFIED,0.7,constant,1.0,0,8,False,577.0,0.6538461538461539,1.0
0.85,0.95,0.05,B3_STRATIFIED,1.0,alpha_0.95,0.95,0,8,False,796.6500000000015,1.0,1.0
0.85,0.95,0.05,B3_STRATIFIED,1.0,constant,1.0,0,8,False,670.0,1.0,1.0
0.85,0.95,0.1,B2_SRS,0.0,alpha_0.95,0.95,0,8,False,511.25000000000176,0.0,1.0
0.85,0.95,0.1,B2_SRS,0.0,constant,1.0,0,8,False,383.0,0.0,1.0
0.85,0.95,0.1,B2_SRS,0.05,alpha_0.95,0.95,0,8,False,531.3000000000018,0.11538461538461539,1.0
0.85,0.95,0.1,B2_SRS,0.05,constant,1.0,0,8,False,403.04999999999995,0.11538461538461539,1.0
0.85,0.95,0.1,B2_SRS,0.1,alpha_0.95,0.95,0,8,False,550.2500000000018,0.11538461538461539,1.0
0.85,0.95,0.1,B2_SRS,0.1,constant,1.0,0,8,False,422.0,0.11538461538461539,1.0
0.85,0.95,0.1,B2_SRS,0.2,alpha_0.95,0.95,0,8,False,586.2500000000018,0.15384615384615385,1.0
0.85,0.95,0.1,B2_SRS,0.2,constant,1.0,0,8,False,458.0,0.15384615384615385,1.0
0.85,0.95,0.1,B2_SRS,0.3,alpha_0.95,0.95,0,8,False,621.2500000000018,0.19230769230769232,1.0
0.85,0.95,0.1,B2_SRS,0.3,constant,1.0,0,8,False,493.0,0.19230769230769232,1.0
0.85,0.95,0.1,B2_SRS,0.4,alpha_0.95,0.95,0,8,False,655.2500000000018,0.2673076923076924,1.0
0.85,0.95,0.1,B2_SRS,0.4,constant,1.0,0,8,False,527.0,0.2673076923076924,1.0
0.85,0.95,0.1,B2_SRS,0.5,alpha_0.95,0.95,0,8,False,689.2500000000018,0.3076923076923077,1.0
0.85,0.95,0.1,B2_SRS,0.5,constant,1.0,0,8,False,561.0,0.3076923076923077,1.0
0.85,0.95,0.1,B2_SRS,0.7,alpha_0.95,0.95,0,8,False,756.2500000000018,0.45961538461538476,1.0
0.85,0.95,0.1,B2_SRS,0.7,constant,1.0,0,8,False,628.0,0.45961538461538476,1.0
0.85,0.95,0.1,B2_SRS,1.0,alpha_0.95,0.95,0,8,False,850.2500000000018,1.0,1.0
0.85,0.95,0.1,B2_SRS,1.0,constant,1.0,0,8,False,722.0,1.0,1.0
0.85,0.95,0.1,B3_STRATIFIED,0.0,alpha_0.95,0.95,0,8,False,511.25000000000176,0.0,1.0
0.85,0.95,0.1,B3_STRATIFIED,0.0,constant,1.0,0,8,False,383.0,0.0,1.0
0.85,0.95,0.1,B3_STRATIFIED,0.05,alpha_0.95,0.95,0,8,False,534.2500000000018,0.19230769230769232,1.0
0.85,0.95,0.1,B3_STRATIFIED,0.05,constant,1.0,0,8,False,406.0,0.19230769230769232,1.0
0.85,0.95,0.1,B3_STRATIFIED,0.1,alpha_0.95,0.95,0,8,False,551.2500000000018,0.19230769230769232,1.0
0.85,0.95,0.1,B3_STRATIFIED,0.1,constant,1.0,0,8,False,423.0,0.19230769230769232,1.0
0.85,0.95,0.1,B3_STRATIFIED,0.2,alpha_0.95,0.95,0,8,False,586.2500000000018,0.19230769230769232,1.0
0.85,0.95,0.1,B3_STRATIFIED,0.2,constant,1.0,0,8,False,458.0,0.19230769230769232,1.0
0.85,0.95,0.1,B3_STRATIFIED,0.3,alpha_0.95,0.95,0,8,False,621.2500000000018,0.2692307692307692,1.0
0.85,0.95,0.1,B3_STRATIFIED,0.3,constant,1.0,0,8,False,493.0,0.2692307692307692,1.0
0.85,0.95,0.1,B3_STRATIFIED,0.4,alpha_0.95,0.95,0,8,False,656.2500000000018,0.34615384615384615,1.0
0.85,0.95,0.1,B3_STRATIFIED,0.4,constant,1.0,0,8,False,528.0,0.34615384615384615,1.0
0.85,0.95,0.1,B3_STRATIFIED,0.5,alpha_0.95,0.95,0,8,False,687.2500000000018,0.38461538461538464,1.0
0.85,0.95,0.1,B3_STRATIFIED,0.5,constant,1.0,0,8,False,559.0,0.38461538461538464,1.0
0.85,0.95,0.1,B3_STRATIFIED,0.7,alpha_0.95,0.95,0,8,False,757.2500000000018,0.6538461538461539,1.0
0.85,0.95,0.1,B3_STRATIFIED,0.7,constant,1.0,0,8,False,629.0,0.6538461538461539,1.0
0.85,0.95,0.1,B3_STRATIFIED,1.0,alpha_0.95,0.95,0,8,False,850.2500000000018,1.0,1.0
0.85,0.95,0.1,B3_STRATIFIED,1.0,constant,1.0,0,8,False,722.0,1.0,1.0
0.85,0.95,0.2,B2_SRS,0.0,alpha_0.95,0.95,0,8,False,619.6000000000006,0.0,1.0
0.85,0.95,0.2,B2_SRS,0.0,constant,1.0,0,8,False,489.0,0.0,1.0
0.85,0.95,0.2,B2_SRS,0.05,alpha_0.95,0.95,0,8,False,639.6000000000006,0.07692307692307693,1.0
0.85,0.95,0.2,B2_SRS,0.05,constant,1.0,0,8,False,509.0,0.07692307692307693,1.0
0.85,0.95,0.2,B2_SRS,0.1,alpha_0.95,0.95,0,8,False,658.6000000000006,0.11538461538461539,1.0
0.85,0.95,0.2,B2_SRS,0.1,constant,1.0,0,8,False,528.0,0.11538461538461539,1.0
0.85,0.95,0.2,B2_SRS,0.2,alpha_0.95,0.95,0,8,False,693.6000000000006,0.11538461538461539,1.0
0.85,0.95,0.2,B2_SRS,0.2,constant,1.0,0,8,False,563.0,0.11538461538461539,1.0
0.85,0.95,0.2,B2_SRS,0.3,alpha_0.95,0.95,0,8,False,727.6000000000006,0.1903846153846155,1.0
0.85,0.95,0.2,B2_SRS,0.3,constant,1.0,0,8,False,597.0,0.1903846153846155,1.0
0.85,0.95,0.2,B2_SRS,0.4,alpha_0.95,0.95,0,8,False,762.6000000000006,0.23076923076923078,1.0
0.85,0.95,0.2,B2_SRS,0.4,constant,1.0,0,8,False,632.0,0.23076923076923078,1.0
0.85,0.95,0.2,B2_SRS,0.5,alpha_0.95,0.95,0,8,False,795.6000000000006,0.3057692307692309,1.0
0.85,0.95,0.2,B2_SRS,0.5,constant,1.0,0,8,False,665.0,0.3057692307692309,1.0
0.85,0.95,0.2,B2_SRS,0.7,alpha_0.95,0.95,0,8,False,863.6000000000006,0.46153846153846156,1.0
0.85,0.95,0.2,B2_SRS,0.7,constant,1.0,0,8,False,733.0,0.46153846153846156,1.0
0.85,0.95,0.2,B2_SRS,1.0,alpha_0.95,0.95,0,8,False,958.6000000000006,1.0,1.0
0.85,0.95,0.2,B2_SRS,1.0,constant,1.0,0,8,False,828.0,1.0,1.0
0.85,0.95,0.2,B3_STRATIFIED,0.0,alpha_0.95,0.95,0,8,False,619.6000000000006,0.0,1.0
0.85,0.95,0.2,B3_STRATIFIED,0.0,constant,1.0,0,8,False,489.0,0.0,1.0
0.85,0.95,0.2,B3_STRATIFIED,0.05,alpha_0.95,0.95,0,8,False,639.6000000000006,0.15384615384615385,1.0
0.85,0.95,0.2,B3_STRATIFIED,0.05,constant,1.0,0,8,False,509.0,0.15384615384615385,1.0
0.85,0.95,0.2,B3_STRATIFIED,0.1,alpha_0.95,0.95,0,8,False,658.6000000000006,0.15384615384615385,1.0
0.85,0.95,0.2,B3_STRATIFIED,0.1,constant,1.0,0,8,False,528.0,0.15384615384615385,1.0
0.85,0.95,0.2,B3_STRATIFIED,0.2,alpha_0.95,0.95,0,8,False,694.6000000000006,0.19230769230769232,1.0
0.85,0.95,0.2,B3_STRATIFIED,0.2,constant,1.0,0,8,False,564.0,0.19230769230769232,1.0
0.85,0.95,0.2,B3_STRATIFIED,0.3,alpha_0.95,0.95,0,8,False,728.6000000000006,0.2692307692307692,1.0
0.85,0.95,0.2,B3_STRATIFIED,0.3,constant,1.0,0,8,False,598.0,0.2692307692307692,1.0
0.85,0.95,0.2,B3_STRATIFIED,0.4,alpha_0.95,0.95,0,8,False,762.6000000000006,0.34615384615384615,1.0
0.85,0.95,0.2,B3_STRATIFIED,0.4,constant,1.0,0,8,False,632.0,0.34615384615384615,1.0
0.85,0.95,0.2,B3_STRATIFIED,0.5,alpha_0.95,0.95,0,8,False,796.6000000000006,0.38461538461538464,1.0
0.85,0.95,0.2,B3_STRATIFIED,0.5,constant,1.0,0,8,False,666.0,0.38461538461538464,1.0
0.85,0.95,0.2,B3_STRATIFIED,0.7,alpha_0.95,0.95,0,8,False,863.6000000000006,0.6923076923076923,1.0
0.85,0.95,0.2,B3_STRATIFIED,0.7,constant,1.0,0,8,False,733.0,0.6923076923076923,1.0
0.85,0.95,0.2,B3_STRATIFIED,1.0,alpha_0.95,0.95,0,8,False,958.6000000000006,1.0,1.0
0.85,0.95,0.2,B3_STRATIFIED,1.0,constant,1.0,0,8,False,828.0,1.0,1.0
0.85,0.97,0.0,B2_SRS,0.0,alpha_0.95,0.95,0,8,False,374.8500000000003,0.0,1.0
0.85,0.97,0.0,B2_SRS,0.0,constant,1.0,0,8,False,255.0,0.0,1.0
0.85,0.97,0.0,B2_SRS,0.05,alpha_0.95,0.95,0,8,False,400.8500000000003,0.07692307692307693,1.0
0.85,0.97,0.0,B2_SRS,0.05,constant,1.0,0,8,False,281.0,0.07692307692307693,1.0
0.85,0.97,0.0,B2_SRS,0.1,alpha_0.95,0.95,0,8,False,421.8500000000003,0.11538461538461539,1.0
0.85,0.97,0.0,B2_SRS,0.1,constant,1.0,0,8,False,302.0,0.11538461538461539,1.0
0.85,0.97,0.0,B2_SRS,0.2,alpha_0.95,0.95,0,8,False,459.8500000000003,0.15192307692307705,1.0
0.85,0.97,0.0,B2_SRS,0.2,constant,1.0,0,8,False,340.0,0.15192307692307705,1.0
0.85,0.97,0.0,B2_SRS,0.3,alpha_0.95,0.95,0,8,False,494.8500000000003,0.19230769230769232,1.0
0.85,0.97,0.0,B2_SRS,0.3,constant,1.0,0,8,False,375.0,0.19230769230769232,1.0
0.85,0.97,0.0,B2_SRS,0.4,alpha_0.95,0.95,0,8,False,529.9000000000003,0.23076923076923078,1.0
0.85,0.97,0.0,B2_SRS,0.4,constant,1.0,0,8,False,410.04999999999995,0.23076923076923078,1.0
0.85,0.97,0.0,B2_SRS,0.5,alpha_0.95,0.95,0,8,False,562.9000000000003,0.2692307692307692,1.0
0.85,0.97,0.0,B2_SRS,0.5,constant,1.0,0,8,False,443.04999999999995,0.2692307692307692,1.0
0.85,0.97,0.0,B2_SRS,0.7,alpha_0.95,0.95,0,8,False,630.8500000000004,0.4230769230769231,1.0
0.85,0.97,0.0,B2_SRS,0.7,constant,1.0,0,8,False,511.0,0.4230769230769231,1.0
0.85,0.97,0.0,B2_SRS,1.0,alpha_0.95,0.95,0,8,False,713.8500000000004,1.0,1.0
0.85,0.97,0.0,B2_SRS,1.0,constant,1.0,0,8,False,594.0,1.0,1.0
0.85,0.97,0.0,B3_STRATIFIED,0.0,alpha_0.95,0.95,0,8,False,374.8500000000003,0.0,1.0
0.85,0.97,0.0,B3_STRATIFIED,0.0,constant,1.0,0,8,False,255.0,0.0,1.0
0.85,0.97,0.0,B3_STRATIFIED,0.05,alpha_0.95,0.95,0,8,False,412.8500000000003,0.19230769230769232,1.0
0.85,0.97,0.0,B3_STRATIFIED,0.05,constant,1.0,0,8,False,350.0,0.19230769230769232,1.0
0.85,0.97,0.0,B3_STRATIFIED,0.1,alpha_0.95,0.95,0,8,False,426.8500000000003,0.19230769230769232,1.0
0.85,0.97,0.0,B3_STRATIFIED,0.1,constant,1.0,0,8,False,350.0,0.19230769230769232,1.0
0.85,0.97,0.0,B3_STRATIFIED,0.2,alpha_0.95,0.95,0,8,False,461.8500000000003,0.19230769230769232,1.0
0.85,0.97,0.0,B3_STRATIFIED,0.2,constant,1.0,0,8,False,350.0,0.19230769230769232,1.0
0.85,0.97,0.0,B3_STRATIFIED,0.3,alpha_0.95,0.95,0,8,False,495.8500000000003,0.2692307692307692,1.0
0.85,0.97,0.0,B3_STRATIFIED,0.3,constant,1.0,0,8,False,376.0,0.2692307692307692,1.0
0.85,0.97,0.0,B3_STRATIFIED,0.4,alpha_0.95,0.95,0,8,False,531.8500000000004,0.3076923076923077,1.0
0.85,0.97,0.0,B3_STRATIFIED,0.4,constant,1.0,0,8,False,412.0,0.3076923076923077,1.0
0.85,0.97,0.0,B3_STRATIFIED,0.5,alpha_0.95,0.95,0,8,False,559.8500000000004,0.34615384615384615,1.0
0.85,0.97,0.0,B3_STRATIFIED,0.5,constant,1.0,0,8,False,440.0,0.34615384615384615,1.0
0.85,0.97,0.0,B3_STRATIFIED,0.7,alpha_0.95,0.95,0,8,False,627.8500000000004,0.6538461538461539,1.0
0.85,0.97,0.0,B3_STRATIFIED,0.7,constant,1.0,0,8,False,508.0,0.6538461538461539,1.0
0.85,0.97,0.0,B3_STRATIFIED,1.0,alpha_0.95,0.95,0,8,False,713.8500000000004,1.0,1.0
0.85,0.97,0.0,B3_STRATIFIED,1.0,constant,1.0,0,8,False,594.0,1.0,1.0
0.85,0.97,0.05,B2_SRS,0.0,alpha_0.95,0.95,0,8,False,434.0000000000011,0.0,1.0
0.85,0.97,0.05,B2_SRS,0.0,constant,1.0,0,8,False,309.0,0.0,1.0
0.85,0.97,0.05,B2_SRS,0.05,alpha_0.95,0.95,0,8,False,459.0000000000011,0.07692307692307693,1.0
0.85,0.97,0.05,B2_SRS,0.05,constant,1.0,0,8,False,334.0,0.07692307692307693,1.0
0.85,0.97,0.05,B2_SRS,0.1,alpha_0.95,0.95,0,8,False,477.05000000000103,0.11538461538461539,1.0
0.85,0.97,0.05,B2_SRS,0.1,constant,1.0,0,8,False,352.04999999999995,0.11538461538461539,1.0
0.85,0.97,0.05,B2_SRS,0.2,alpha_0.95,0.95,0,8,False,512.0000000000011,0.15384615384615385,1.0
0.85,0.97,0.05,B2_SRS,0.2,constant,1.0,0,8,False,387.0,0.15384615384615385,1.0
0.85,0.97,0.05,B2_SRS,0.3,alpha_0.95,0.95,0,8,False,547.0000000000011,0.23076923076923078,1.0
0.85,0.97,0.05,B2_SRS,0.3,constant,1.0,0,8,False,422.0,0.23076923076923078,1.0
0.85,0.97,0.05,B2_SRS,0.4,alpha_0.95,0.95,0,8,False,583.0000000000011,0.23076923076923078,1.0
0.85,0.97,0.05,B2_SRS,0.4,constant,1.0,0,8,False,458.0,0.23076923076923078,1.0
0.85,0.97,0.05,B2_SRS,0.5,alpha_0.95,0.95,0,8,False,616.0000000000011,0.3076923076923077,1.0
0.85,0.97,0.05,B2_SRS,0.5,constant,1.0,0,8,False,491.0,0.3076923076923077,1.0
0.85,0.97,0.05,B2_SRS,0.7,alpha_0.95,0.95,0,8,False,684.0000000000011,0.4230769230769231,1.0
0.85,0.97,0.05,B2_SRS,0.7,constant,1.0,0,8,False,559.0,0.4230769230769231,1.0
0.85,0.97,0.05,B2_SRS,1.0,alpha_0.95,0.95,0,8,False,773.0000000000011,1.0,1.0
0.85,0.97,0.05,B2_SRS,1.0,constant,1.0,0,8,False,648.0,1.0,1.0
0.85,0.97,0.05,B3_STRATIFIED,0.0,alpha_0.95,0.95,0,8,False,434.0000000000011,0.0,1.0
0.85,0.97,0.05,B3_STRATIFIED,0.0,constant,1.0,0,8,False,309.0,0.0,1.0
0.85,0.97,0.05,B3_STRATIFIED,0.05,alpha_0.95,0.95,0,8,False,456.0000000000011,0.19230769230769232,1.0
0.85,0.97,0.05,B3_STRATIFIED,0.05,constant,1.0,0,8,False,350.0,0.19230769230769232,1.0
0.85,0.97,0.05,B3_STRATIFIED,0.1,alpha_0.95,0.95,0,8,False,477.0000000000011,0.19230769230769232,1.0
0.85,0.97,0.05,B3_STRATIFIED,0.1,constant,1.0,0,8,False,352.0,0.19230769230769232,1.0
0.85,0.97,0.05,B3_STRATIFIED,0.2,alpha_0.95,0.95,0,8,False,511.0000000000011,0.19230769230769232,1.0
0.85,0.97,0.05,B3_STRATIFIED,0.2,constant,1.0,0,8,False,386.0,0.19230769230769232,1.0
0.85,0.97,0.05,B3_STRATIFIED,0.3,alpha_0.95,0.95,0,8,False,547.0000000000011,0.23076923076923078,1.0
0.85,0.97,0.05,B3_STRATIFIED,0.3,constant,1.0,0,8,False,422.0,0.23076923076923078,1.0
0.85,0.97,0.05,B3_STRATIFIED,0.4,alpha_0.95,0.95,0,8,False,580.0000000000011,0.34423076923076934,1.0
0.85,0.97,0.05,B3_STRATIFIED,0.4,constant,1.0,0,8,False,455.0,0.34423076923076934,1.0
0.85,0.97,0.05,B3_STRATIFIED,0.5,alpha_0.95,0.95,0,8,False,613.0000000000011,0.34615384615384615,1.0
0.85,0.97,0.05,B3_STRATIFIED,0.5,constant,1.0,0,8,False,488.0,0.34615384615384615,1.0
0.85,0.97,0.05,B3_STRATIFIED,0.7,alpha_0.95,0.95,0,8,False,681.0000000000011,0.6538461538461539,1.0
0.85,0.97,0.05,B3_STRATIFIED,0.7,constant,1.0,0,8,False,556.0,0.6538461538461539,1.0
0.85,0.97,0.05,B3_STRATIFIED,1.0,alpha_0.95,0.95,0,8,False,773.0000000000011,1.0,1.0
0.85,0.97,0.05,B3_STRATIFIED,1.0,constant,1.0,0,8,False,648.0,1.0,1.0
0.85,0.97,0.1,B2_SRS,0.0,alpha_0.95,0.95,0,8,False,490.75000000000165,0.0,1.0
0.85,0.97,0.1,B2_SRS,0.0,constant,1.0,0,8,False,363.0,0.0,1.0
0.85,0.97,0.1,B2_SRS,0.05,alpha_0.95,0.95,0,8,False,512.7500000000016,0.11538461538461539,1.0
0.85,0.97,0.1,B2_SRS,0.05,constant,1.0,0,8,False,385.0,0.11538461538461539,1.0
0.85,0.97,0.1,B2_SRS,0.1,alpha_0.95,0.95,0,8,False,529.7500000000016,0.11538461538461539,1.0
0.85,0.97,0.1,B2_SRS,0.1,constant,1.0,0,8,False,402.0,0.11538461538461539,1.0
0.85,0.97,0.1,B2_SRS,0.2,alpha_0.95,0.95,0,8,False,564.7500000000016,0.15192307692307705,1.0
0.85,0.97,0.1,B2_SRS,0.2,constant,1.0,0,8,False,437.0,0.15192307692307705,1.0
0.85,0.97,0.1,B2_SRS,0.3,alpha_0.95,0.95,0,8,False,599.7500000000016,0.19230769230769232,1.0
0.85,0.97,0.1,B2_SRS,0.3,constant,1.0,0,8,False,472.0,0.19230769230769232,1.0
0.85,0.97,0.1,B2_SRS,0.4,alpha_0.95,0.95,0,8,False,634.7500000000016,0.2673076923076924,1.0
0.85,0.97,0.1,B2_SRS,0.4,constant,1.0,0,8,False,507.0,0.2673076923076924,1.0
0.85,0.97,0.1,B2_SRS,0.5,alpha_0.95,0.95,0,8,False,669.7500000000016,0.3076923076923077,1.0
0.85,0.97,0.1,B2_SRS,0.5,constant,1.0,0,8,False,542.0,0.3076923076923077,1.0
0.85,0.97,0.1,B2_SRS,0.7,alpha_0.95,0.95,0,8,False,735.7500000000016,0.46153846153846156,1.0
0.85,0.97,0.1,B2_SRS,0.7,constant,1.0,0,8,False,608.0,0.46153846153846156,1.0
0.85,0.97,0.1,B2_SRS,1.0,alpha_0.95,0.95,0,8,False,829.7500000000016,1.0,1.0
0.85,0.97,0.1,B2_SRS,1.0,constant,1.0,0,8,False,702.0,1.0,1.0
0.85,0.97,0.1,B3_STRATIFIED,0.0,alpha_0.95,0.95,0,8,False,490.75000000000165,0.0,1.0
0.85,0.97,0.1,B3_STRATIFIED,0.0,constant,1.0,0,8,False,363.0,0.0,1.0
0.85,0.97,0.1,B3_STRATIFIED,0.05,alpha_0.95,0.95,0,8,False,513.7500000000016,0.19230769230769232,1.0
0.85,0.97,0.1,B3_STRATIFIED,0.05,constant,1.0,0,8,False,386.0,0.19230769230769232,1.0
0.85,0.97,0.1,B3_STRATIFIED,0.1,alpha_0.95,0.95,0,8,False,529.7500000000016,0.19230769230769232,1.0
0.85,0.97,0.1,B3_STRATIFIED,0.1,constant,1.0,0,8,False,402.0,0.19230769230769232,1.0
0.85,0.97,0.1,B3_STRATIFIED,0.2,alpha_0.95,0.95,0,8,False,565.7500000000016,0.19230769230769232,1.0
0.85,0.97,0.1,B3_STRATIFIED,0.2,constant,1.0,0,8,False,438.0,0.19230769230769232,1.0
0.85,0.97,0.1,B3_STRATIFIED,0.3,alpha_0.95,0.95,0,8,False,600.7500000000016,0.2692307692307692,1.0
0.85,0.97,0.1,B3_STRATIFIED,0.3,constant,1.0,0,8,False,473.0,0.2692307692307692,1.0
0.85,0.97,0.1,B3_STRATIFIED,0.4,alpha_0.95,0.95,0,8,False,635.7500000000016,0.34615384615384615,1.0
0.85,0.97,0.1,B3_STRATIFIED,0.4,constant,1.0,0,8,False,508.0,0.34615384615384615,1.0
0.85,0.97,0.1,B3_STRATIFIED,0.5,alpha_0.95,0.95,0,8,False,666.7500000000016,0.38461538461538464,1.0
0.85,0.97,0.1,B3_STRATIFIED,0.5,constant,1.0,0,8,False,539.0,0.38461538461538464,1.0
0.85,0.97,0.1,B3_STRATIFIED,0.7,alpha_0.95,0.95,0,8,False,736.7500000000016,0.6538461538461539,1.0
0.85,0.97,0.1,B3_STRATIFIED,0.7,constant,1.0,0,8,False,609.0,0.6538461538461539,1.0
0.85,0.97,0.1,B3_STRATIFIED,1.0,alpha_0.95,0.95,0,8,False,829.7500000000016,1.0,1.0
0.85,0.97,0.1,B3_STRATIFIED,1.0,constant,1.0,0,8,False,702.0,1.0,1.0
0.85,0.97,0.2,B2_SRS,0.0,alpha_0.95,0.95,0,8,False,601.4500000000011,0.0,1.0
0.85,0.97,0.2,B2_SRS,0.0,constant,1.0,0,8,False,471.0,0.0,1.0
0.85,0.97,0.2,B2_SRS,0.05,alpha_0.95,0.95,0,8,False,622.4500000000011,0.07692307692307693,1.0
0.85,0.97,0.2,B2_SRS,0.05,constant,1.0,0,8,False,492.0,0.07692307692307693,1.0
0.85,0.97,0.2,B2_SRS,0.1,alpha_0.95,0.95,0,8,False,640.4500000000011,0.11538461538461539,1.0
0.85,0.97,0.2,B2_SRS,0.1,constant,1.0,0,8,False,510.0,0.11538461538461539,1.0
0.85,0.97,0.2,B2_SRS,0.2,alpha_0.95,0.95,0,8,False,675.4500000000011,0.11538461538461539,1.0
0.85,0.97,0.2,B2_SRS,0.2,constant,1.0,0,8,False,545.0,0.11538461538461539,1.0
0.85,0.97,0.2,B2_SRS,0.3,alpha_0.95,0.95,0,8,False,710.4500000000011,0.1903846153846155,1.0
0.85,0.97,0.2,B2_SRS,0.3,constant,1.0,0,8,False,580.0,0.1903846153846155,1.0
0.85,0.97,0.2,B2_SRS,0.4,alpha_0.95,0.95,0,8,False,744.4500000000011,0.23076923076923078,1.0
0.85,0.97,0.2,B2_SRS,0.4,constant,1.0,0,8,False,614.0,0.23076923076923078,1.0
0.85,0.97,0.2,B2_SRS,0.5,alpha_0.95,0.95,0,8,False,777.4500000000011,0.2692307692307692,1.0
0.85,0.97,0.2,B2_SRS,0.5,constant,1.0,0,8,False,647.0,0.2692307692307692,1.0
0.85,0.97,0.2,B2_SRS,0.7,alpha_0.95,0.95,0,8,False,844.4500000000011,0.46153846153846156,1.0
0.85,0.97,0.2,B2_SRS,0.7,constant,1.0,0,8,False,714.0,0.46153846153846156,1.0
0.85,0.97,0.2,B2_SRS,1.0,alpha_0.95,0.95,0,8,False,940.4500000000011,1.0,1.0
0.85,0.97,0.2,B2_SRS,1.0,constant,1.0,0,8,False,810.0,1.0,1.0
0.85,0.97,0.2,B3_STRATIFIED,0.0,alpha_0.95,0.95,0,8,False,601.4500000000011,0.0,1.0
0.85,0.97,0.2,B3_STRATIFIED,0.0,constant,1.0,0,8,False,471.0,0.0,1.0
0.85,0.97,0.2,B3_STRATIFIED,0.05,alpha_0.95,0.95,0,8,False,628.4500000000011,0.15384615384615385,1.0
0.85,0.97,0.2,B3_STRATIFIED,0.05,constant,1.0,0,8,False,498.0,0.15384615384615385,1.0
0.85,0.97,0.2,B3_STRATIFIED,0.1,alpha_0.95,0.95,0,8,False,645.4500000000011,0.15384615384615385,1.0
0.85,0.97,0.2,B3_STRATIFIED,0.1,constant,1.0,0,8,False,515.0,0.15384615384615385,1.0
0.85,0.97,0.2,B3_STRATIFIED,0.2,alpha_0.95,0.95,0,8,False,679.4500000000011,0.19230769230769232,1.0
0.85,0.97,0.2,B3_STRATIFIED,0.2,constant,1.0,0,8,False,549.0,0.19230769230769232,1.0
0.85,0.97,0.2,B3_STRATIFIED,0.3,alpha_0.95,0.95,0,8,False,712.4500000000011,0.2692307692307692,1.0
0.85,0.97,0.2,B3_STRATIFIED,0.3,constant,1.0,0,8,False,582.0,0.2692307692307692,1.0
0.85,0.97,0.2,B3_STRATIFIED,0.4,alpha_0.95,0.95,0,8,False,746.4500000000011,0.34615384615384615,1.0
0.85,0.97,0.2,B3_STRATIFIED,0.4,constant,1.0,0,8,False,616.0,0.34615384615384615,1.0
0.85,0.97,0.2,B3_STRATIFIED,0.5,alpha_0.95,0.95,0,8,False,779.4500000000011,0.38461538461538464,1.0
0.85,0.97,0.2,B3_STRATIFIED,0.5,constant,1.0,0,8,False,649.0,0.38461538461538464,1.0
0.85,0.97,0.2,B3_STRATIFIED,0.7,alpha_0.95,0.95,0,8,False,848.4500000000011,0.6538461538461539,1.0
0.85,0.97,0.2,B3_STRATIFIED,0.7,constant,1.0,0,8,False,718.0,0.6538461538461539,1.0
0.85,0.97,0.2,B3_STRATIFIED,1.0,alpha_0.95,0.95,0,8,False,940.4500000000011,1.0,1.0
0.85,0.97,0.2,B3_STRATIFIED,1.0,constant,1.0,0,8,False,810.0,1.0,1.0
0.85,0.99,0.0,B2_SRS,0.0,alpha_0.95,0.95,0,8,False,348.05000000000035,0.0,1.0
0.85,0.99,0.0,B2_SRS,0.0,constant,1.0,0,8,False,233.0,0.0,1.0
0.85,0.99,0.0,B2_SRS,0.05,alpha_0.95,0.95,0,8,False,379.05000000000035,0.07692307692307693,1.0
0.85,0.99,0.0,B2_SRS,0.05,constant,1.0,0,8,False,264.0,0.07692307692307693,1.0
0.85,0.99,0.0,B2_SRS,0.1,alpha_0.95,0.95,0,8,False,401.05000000000035,0.11346153846153857,1.0
0.85,0.99,0.0,B2_SRS,0.1,constant,1.0,0,8,False,286.0,0.11346153846153857,1.0
0.85,0.99,0.0,B2_SRS,0.2,alpha_0.95,0.95,0,8,False,437.05000000000035,0.15192307692307705,1.0
0.85,0.99,0.0,B2_SRS,0.2,constant,1.0,0,8,False,322.0,0.15192307692307705,1.0
0.85,0.99,0.0,B2_SRS,0.3,alpha_0.95,0.95,0,8,False,477.05000000000035,0.19230769230769232,1.0
0.85,0.99,0.0,B2_SRS,0.3,constant,1.0,0,8,False,362.0,0.19230769230769232,1.0
0.85,0.99,0.0,B2_SRS,0.4,alpha_0.95,0.95,0,8,False,510.1000000000003,0.23076923076923078,1.0
0.85,0.99,0.0,B2_SRS,0.4,constant,1.0,0,8,False,395.04999999999995,0.23076923076923078,1.0
0.85,0.99,0.0,B2_SRS,0.5,alpha_0.95,0.95,0,8,False,545.0500000000004,0.3057692307692309,1.0
0.85,0.99,0.0,B2_SRS,0.5,constant,1.0,0,8,False,430.0,0.3057692307692309,1.0
0.85,0.99,0.0,B2_SRS,0.7,alpha_0.95,0.95,0,8,False,611.1000000000004,0.45961538461538476,1.0
0.85,0.99,0.0,B2_SRS,0.7,constant,1.0,0,8,False,496.04999999999995,0.45961538461538476,1.0
0.85,0.99,0.0,B2_SRS,1.0,alpha_0.95,0.95,0,8,False,687.0500000000004,1.0,1.0
0.85,0.99,0.0,B2_SRS,1.0,constant,1.0,0,8,False,572.0,1.0,1.0
0.85,0.99,0.0,B3_STRATIFIED,0.0,alpha_0.95,0.95,0,8,False,348.05000000000035,0.0,1.0
0.85,0.99,0.0,B3_STRATIFIED,0.0,constant,1.0,0,8,False,233.0,0.0,1.0
0.85,0.99,0.0,B3_STRATIFIED,0.05,alpha_0.95,0.95,0,8,False,387.05000000000035,0.19230769230769232,1.0
0.85,0.99,0.0,B3_STRATIFIED,0.05,constant,1.0,0,8,False,350.0,0.19230769230769232,1.0
0.85,0.99,0.0,B3_STRATIFIED,0.1,alpha_0.95,0.95,0,8,False,401.05000000000035,0.19230769230769232,1.0
0.85,0.99,0.0,B3_STRATIFIED,0.1,constant,1.0,0,8,False,350.0,0.19230769230769232,1.0
0.85,0.99,0.0,B3_STRATIFIED,0.2,alpha_0.95,0.95,0,8,False,434.05000000000035,0.19230769230769232,1.0
0.85,0.99,0.0,B3_STRATIFIED,0.2,constant,1.0,0,8,False,350.0,0.19230769230769232,1.0
0.85,0.99,0.0,B3_STRATIFIED,0.3,alpha_0.95,0.95,0,8,False,463.05000000000035,0.2692307692307692,1.0
0.85,0.99,0.0,B3_STRATIFIED,0.3,constant,1.0,0,8,False,350.0,0.2692307692307692,1.0
0.85,0.99,0.0,B3_STRATIFIED,0.4,alpha_0.95,0.95,0,8,False,510.05000000000035,0.3076923076923077,1.0
0.85,0.99,0.0,B3_STRATIFIED,0.4,constant,1.0,0,8,False,395.0,0.3076923076923077,1.0
0.85,0.99,0.0,B3_STRATIFIED,0.5,alpha_0.95,0.95,0,8,False,538.0500000000004,0.34615384615384615,1.0
0.85,0.99,0.0,B3_STRATIFIED,0.5,constant,1.0,0,8,False,423.0,0.34615384615384615,1.0
0.85,0.99,0.0,B3_STRATIFIED,0.7,alpha_0.95,0.95,0,8,False,616.0500000000004,0.6538461538461539,1.0
0.85,0.99,0.0,B3_STRATIFIED,0.7,constant,1.0,0,8,False,501.0,0.6538461538461539,1.0
0.85,0.99,0.0,B3_STRATIFIED,1.0,alpha_0.95,0.95,0,8,False,687.0500000000004,1.0,1.0
0.85,0.99,0.0,B3_STRATIFIED,1.0,constant,1.0,0,8,False,572.0,1.0,1.0
0.85,0.99,0.05,B2_SRS,0.0,alpha_0.95,0.95,0,8,False,410.25000000000074,0.0,1.0
0.85,0.99,0.05,B2_SRS,0.0,constant,1.0,0,8,False,287.0,0.0,1.0
0.85,0.99,0.05,B2_SRS,0.05,alpha_0.95,0.95,0,8,False,435.25000000000074,0.07692307692307693,1.0
0.85,0.99,0.05,B2_SRS,0.05,constant,1.0,0,8,False,312.0,0.07692307692307693,1.0
0.85,0.99,0.05,B2_SRS,0.1,alpha_0.95,0.95,0,8,False,455.25000000000074,0.11538461538461539,1.0
0.85,0.99,0.05,B2_SRS,0.1,constant,1.0,0,8,False,332.0,0.11538461538461539,1.0
0.85,0.99,0.05,B2_SRS,0.2,alpha_0.95,0.95,0,8,False,491.25000000000074,0.15384615384615385,1.0
0.85,0.99,0.05,B2_SRS,0.2,constant,1.0,0,8,False,368.0,0.15384615384615385,1.0
0.85,0.99,0.05,B2_SRS,0.3,alpha_0.95,0.95,0,8,False,526.2500000000007,0.19230769230769232,1.0
0.85,0.99,0.05,B2_SRS,0.3,constant,1.0,0,8,False,403.0,0.19230769230769232,1.0
0.85,0.99,0.05,B2_SRS,0.4,alpha_0.95,0.95,0,8,False,561.2500000000007,0.23076923076923078,1.0
0.85,0.99,0.05,B2_SRS,0.4,constant,1.0,0,8,False,438.0,0.23076923076923078,1.0
0.85,0.99,0.05,B2_SRS,0.5,alpha_0.95,0.95,0,8,False,594.3000000000006,0.3076923076923077,1.0
0.85,0.99,0.05,B2_SRS,0.5,constant,1.0,0,8,False,471.04999999999995,0.3076923076923077,1.0
0.85,0.99,0.05,B2_SRS,0.7,alpha_0.95,0.95,0,8,False,661.2500000000007,0.4230769230769231,1.0
0.85,0.99,0.05,B2_SRS,0.7,constant,1.0,0,8,False,538.0,0.4230769230769231,1.0
0.85,0.99,0.05,B2_SRS,1.0,alpha_0.95,0.95,0,8,False,749.2500000000007,1.0,1.0
0.85,0.99,0.05,B2_SRS,1.0,constant,1.0,0,8,False,626.0,1.0,1.0
0.85,0.99,0.05,B3_STRATIFIED,0.0,alpha_0.95,0.95,0,8,False,410.25000000000074,0.0,1.0
0.85,0.99,0.05,B3_STRATIFIED,0.0,constant,1.0,0,8,False,287.0,0.0,1.0
0.85,0.99,0.05,B3_STRATIFIED,0.05,alpha_0.95,0.95,0,8,False,434.25000000000074,0.19230769230769232,1.0
0.85,0.99,0.05,B3_STRATIFIED,0.05,constant,1.0,0,8,False,350.0,0.19230769230769232,1.0
0.85,0.99,0.05,B3_STRATIFIED,0.1,alpha_0.95,0.95,0,8,False,454.25000000000074,0.19230769230769232,1.0
0.85,0.99,0.05,B3_STRATIFIED,0.1,constant,1.0,0,8,False,350.0,0.19230769230769232,1.0
0.85,0.99,0.05,B3_STRATIFIED,0.2,alpha_0.95,0.95,0,8,False,490.25000000000074,0.19230769230769232,1.0
0.85,0.99,0.05,B3_STRATIFIED,0.2,constant,1.0,0,8,False,367.0,0.19230769230769232,1.0
0.85,0.99,0.05,B3_STRATIFIED,0.3,alpha_0.95,0.95,0,8,False,526.2500000000007,0.2692307692307692,1.0
0.85,0.99,0.05,B3_STRATIFIED,0.3,constant,1.0,0,8,False,403.0,0.2692307692307692,1.0
0.85,0.99,0.05,B3_STRATIFIED,0.4,alpha_0.95,0.95,0,8,False,556.2500000000007,0.34423076923076934,1.0
0.85,0.99,0.05,B3_STRATIFIED,0.4,constant,1.0,0,8,False,433.0,0.34423076923076934,1.0
0.85,0.99,0.05,B3_STRATIFIED,0.5,alpha_0.95,0.95,0,8,False,592.2500000000007,0.38269230769230783,1.0
0.85,0.99,0.05,B3_STRATIFIED,0.5,constant,1.0,0,8,False,469.0,0.38269230769230783,1.0
0.85,0.99,0.05,B3_STRATIFIED,0.7,alpha_0.95,0.95,0,8,False,657.2500000000007,0.6538461538461539,1.0
0.85,0.99,0.05,B3_STRATIFIED,0.7,constant,1.0,0,8,False,534.0,0.6538461538461539,1.0
0.85,0.99,0.05,B3_STRATIFIED,1.0,alpha_0.95,0.95,0,8,False,749.2500000000007,1.0,1.0
0.85,0.99,0.05,B3_STRATIFIED,1.0,constant,1.0,0,8,False,626.0,1.0,1.0
0.85,0.99,0.1,B2_SRS,0.0,alpha_0.95,0.95,0,8,False,470.2500000000015,0.0,1.0
0.85,0.99,0.1,B2_SRS,0.0,constant,1.0,0,8,False,343.0,0.0,1.0
0.85,0.99,0.1,B2_SRS,0.05,alpha_0.95,0.95,0,8,False,490.30000000000143,0.11538461538461539,1.0
0.85,0.99,0.1,B2_SRS,0.05,constant,1.0,0,8,False,363.04999999999995,0.11538461538461539,1.0
0.85,0.99,0.1,B2_SRS,0.1,alpha_0.95,0.95,0,8,False,509.2500000000015,0.11538461538461539,1.0
0.85,0.99,0.1,B2_SRS,0.1,constant,1.0,0,8,False,382.0,0.11538461538461539,1.0
0.85,0.99,0.1,B2_SRS,0.2,alpha_0.95,0.95,0,8,False,546.2500000000015,0.15384615384615385,1.0
0.85,0.99,0.1,B2_SRS,0.2,constant,1.0,0,8,False,419.0,0.15384615384615385,1.0
0.85,0.99,0.1,B2_SRS,0.3,alpha_0.95,0.95,0,8,False,581.2500000000015,0.19230769230769232,1.0
0.85,0.99,0.1,B2_SRS,0.3,constant,1.0,0,8,False,454.0,0.19230769230769232,1.0
0.85,0.99,0.1,B2_SRS,0.4,alpha_0.95,0.95,0,8,False,614.2500000000015,0.23076923076923078,1.0
0.85,0.99,0.1,B2_SRS,0.4,constant,1.0,0,8,False,487.0,0.23076923076923078,1.0
0.85,0.99,0.1,B2_SRS,0.5,alpha_0.95,0.95,0,8,False,649.2500000000015,0.3057692307692309,1.0
0.85,0.99,0.1,B2_SRS,0.5,constant,1.0,0,8,False,522.0,0.3057692307692309,1.0
0.85,0.99,0.1,B2_SRS,0.7,alpha_0.95,0.95,0,8,False,716.2500000000015,0.46153846153846156,1.0
0.85,0.99,0.1,B2_SRS,0.7,constant,1.0,0,8,False,589.0,0.46153846153846156,1.0
0.85,0.99,0.1,B2_SRS,1.0,alpha_0.95,0.95,0,8,False,809.2500000000015,1.0,1.0
0.85,0.99,0.1,B2_SRS,1.0,constant,1.0,0,8,False,682.0,1.0,1.0
0.85,0.99,0.1,B3_STRATIFIED,0.0,alpha_0.95,0.95,0,8,False,470.2500000000015,0.0,1.0
0.85,0.99,0.1,B3_STRATIFIED,0.0,constant,1.0,0,8,False,343.0,0.0,1.0
0.85,0.99,0.1,B3_STRATIFIED,0.05,alpha_0.95,0.95,0,8,False,493.2500000000015,0.19230769230769232,1.0
0.85,0.99,0.1,B3_STRATIFIED,0.05,constant,1.0,0,8,False,366.0,0.19230769230769232,1.0
0.85,0.99,0.1,B3_STRATIFIED,0.1,alpha_0.95,0.95,0,8,False,511.2500000000015,0.19230769230769232,1.0
0.85,0.99,0.1,B3_STRATIFIED,0.1,constant,1.0,0,8,False,384.0,0.19230769230769232,1.0
0.85,0.99,0.1,B3_STRATIFIED,0.2,alpha_0.95,0.95,0,8,False,545.2500000000015,0.19230769230769232,1.0
0.85,0.99,0.1,B3_STRATIFIED,0.2,constant,1.0,0,8,False,418.0,0.19230769230769232,1.0
0.85,0.99,0.1,B3_STRATIFIED,0.3,alpha_0.95,0.95,0,8,False,580.2500000000015,0.2692307692307692,1.0
0.85,0.99,0.1,B3_STRATIFIED,0.3,constant,1.0,0,8,False,453.0,0.2692307692307692,1.0
0.85,0.99,0.1,B3_STRATIFIED,0.4,alpha_0.95,0.95,0,8,False,614.2500000000015,0.34615384615384615,1.0
0.85,0.99,0.1,B3_STRATIFIED,0.4,constant,1.0,0,8,False,487.0,0.34615384615384615,1.0
0.85,0.99,0.1,B3_STRATIFIED,0.5,alpha_0.95,0.95,0,8,False,646.2500000000015,0.34615384615384615,1.0
0.85,0.99,0.1,B3_STRATIFIED,0.5,constant,1.0,0,8,False,519.0,0.34615384615384615,1.0
0.85,0.99,0.1,B3_STRATIFIED,0.7,alpha_0.95,0.95,0,8,False,716.2500000000015,0.6538461538461539,1.0
0.85,0.99,0.1,B3_STRATIFIED,0.7,constant,1.0,0,8,False,589.0,0.6538461538461539,1.0
0.85,0.99,0.1,B3_STRATIFIED,1.0,alpha_0.95,0.95,0,8,False,809.2500000000015,1.0,1.0
0.85,0.99,0.1,B3_STRATIFIED,1.0,constant,1.0,0,8,False,682.0,1.0,1.0
0.85,0.99,0.2,B2_SRS,0.0,alpha_0.95,0.95,0,8,False,583.0000000000011,0.0,1.0
0.85,0.99,0.2,B2_SRS,0.0,constant,1.0,0,8,False,453.0,0.0,1.0
0.85,0.99,0.2,B2_SRS,0.05,alpha_0.95,0.95,0,8,False,603.0000000000011,0.07692307692307693,1.0
0.85,0.99,0.2,B2_SRS,0.05,constant,1.0,0,8,False,473.0,0.07692307692307693,1.0
0.85,0.99,0.2,B2_SRS,0.1,alpha_0.95,0.95,0,8,False,621.0000000000011,0.11538461538461539,1.0
0.85,0.99,0.2,B2_SRS,0.1,constant,1.0,0,8,False,491.0,0.11538461538461539,1.0
0.85,0.99,0.2,B2_SRS,0.2,alpha_0.95,0.95,0,8,False,656.0500000000011,0.11538461538461539,1.0
0.85,0.99,0.2,B2_SRS,0.2,constant,1.0,0,8,False,526.05,0.11538461538461539,1.0
0.85,0.99,0.2,B2_SRS,0.3,alpha_0.95,0.95,0,8,False,692.0000000000011,0.15384615384615385,1.0
0.85,0.99,0.2,B2_SRS,0.3,constant,1.0,0,8,False,562.0,0.15384615384615385,1.0
0.85,0.99,0.2,B2_SRS,0.4,alpha_0.95,0.95,0,8,False,725.0000000000011,0.23076923076923078,1.0
0.85,0.99,0.2,B2_SRS,0.4,constant,1.0,0,8,False,595.0,0.23076923076923078,1.0
0.85,0.99,0.2,B2_SRS,0.5,alpha_0.95,0.95,0,8,False,760.0000000000011,0.3057692307692309,1.0
0.85,0.99,0.2,B2_SRS,0.5,constant,1.0,0,8,False,630.0,0.3057692307692309,1.0
0.85,0.99,0.2,B2_SRS,0.7,alpha_0.95,0.95,0,8,False,827.0000000000011,0.4980769230769232,1.0
0.85,0.99,0.2,B2_SRS,0.7,constant,1.0,0,8,False,697.0,0.4980769230769232,1.0
0.85,0.99,0.2,B2_SRS,1.0,alpha_0.95,0.95,0,8,False,922.0000000000011,1.0,1.0
0.85,0.99,0.2,B2_SRS,1.0,constant,1.0,0,8,False,792.0,1.0,1.0
0.85,0.99,0.2,B3_STRATIFIED,0.0,alpha_0.95,0.95,0,8,False,583.0000000000011,0.0,1.0
0.85,0.99,0.2,B3_STRATIFIED,0.0,constant,1.0,0,8,False,453.0,0.0,1.0
0.85,0.99,0.2,B3_STRATIFIED,0.05,alpha_0.95,0.95,0,8,False,608.0000000000011,0.15384615384615385,1.0
0.85,0.99,0.2,B3_STRATIFIED,0.05,constant,1.0,0,8,False,478.0,0.15384615384615385,1.0
0.85,0.99,0.2,B3_STRATIFIED,0.1,alpha_0.95,0.95,0,8,False,624.0000000000011,0.15384615384615385,1.0
0.85,0.99,0.2,B3_STRATIFIED,0.1,constant,1.0,0,8,False,494.0,0.15384615384615385,1.0
0.85,0.99,0.2,B3_STRATIFIED,0.2,alpha_0.95,0.95,0,8,False,658.0000000000011,0.19230769230769232,1.0
0.85,0.99,0.2,B3_STRATIFIED,0.2,constant,1.0,0,8,False,528.0,0.19230769230769232,1.0
0.85,0.99,0.2,B3_STRATIFIED,0.3,alpha_0.95,0.95,0,8,False,696.0000000000011,0.2692307692307692,1.0
0.85,0.99,0.2,B3_STRATIFIED,0.3,constant,1.0,0,8,False,566.0,0.2692307692307692,1.0
0.85,0.99,0.2,B3_STRATIFIED,0.4,alpha_0.95,0.95,0,8,False,730.0000000000011,0.34615384615384615,1.0
0.85,0.99,0.2,B3_STRATIFIED,0.4,constant,1.0,0,8,False,600.0,0.34615384615384615,1.0
0.85,0.99,0.2,B3_STRATIFIED,0.5,alpha_0.95,0.95,0,8,False,759.0000000000011,0.38461538461538464,1.0
0.85,0.99,0.2,B3_STRATIFIED,0.5,constant,1.0,0,8,False,629.0,0.38461538461538464,1.0
0.85,0.99,0.2,B3_STRATIFIED,0.7,alpha_0.95,0.95,0,8,False,829.0000000000011,0.6538461538461539,1.0
0.85,0.99,0.2,B3_STRATIFIED,0.7,constant,1.0,0,8,False,699.0,0.6538461538461539,1.0
0.85,0.99,0.2,B3_STRATIFIED,1.0,alpha_0.95,0.95,0,8,False,922.0000000000011,1.0,1.0
0.85,0.99,0.2,B3_STRATIFIED,1.0,constant,1.0,0,8,False,792.0,1.0,1.0
0.85,1.0,0.0,B2_SRS,0.0,alpha_0.95,0.95,0,8,False,330.2000000000002,0.0,1.0
0.85,1.0,0.0,B2_SRS,0.0,constant,1.0,0,8,False,221.0,0.0,1.0
0.85,1.0,0.0,B2_SRS,0.05,alpha_0.95,0.95,0,8,False,379.2000000000002,0.07692307692307693,1.0
0.85,1.0,0.0,B2_SRS,0.05,constant,1.0,0,8,False,270.0,0.07692307692307693,1.0
0.85,1.0,0.0,B2_SRS,0.1,alpha_0.95,0.95,0,8,False,399.2000000000002,0.11346153846153857,1.0
0.85,1.0,0.0,B2_SRS,0.1,constant,1.0,0,8,False,290.0,0.11346153846153857,1.0
0.85,1.0,0.0,B2_SRS,0.2,alpha_0.95,0.95,0,8,False,436.2000000000002,0.11538461538461539,1.0
0.85,1.0,0.0,B2_SRS,0.2,constant,1.0,0,8,False,327.0,0.11538461538461539,1.0
0.85,1.0,0.0,B2_SRS,0.3,alpha_0.95,0.95,0,8,False,475.25000000000017,0.15384615384615385,1.0
0.85,1.0,0.0,B2_SRS,0.3,constant,1.0,0,8,False,366.04999999999995,0.15384615384615385,1.0
0.85,1.0,0.0,B2_SRS,0.4,alpha_0.95,0.95,0,8,False,512.2500000000002,0.23076923076923078,1.0
0.85,1.0,0.0,B2_SRS,0.4,constant,1.0,0,8,False,403.04999999999995,0.23076923076923078,1.0
0.85,1.0,0.0,B2_SRS,0.5,alpha_0.95,0.95,0,8,False,543.2000000000003,0.2692307692307692,1.0
0.85,1.0,0.0,B2_SRS,0.5,constant,1.0,0,8,False,434.0,0.2692307692307692,1.0
0.85,1.0,0.0,B2_SRS,0.7,alpha_0.95,0.95,0,8,False,604.2000000000003,0.45961538461538476,1.0
0.85,1.0,0.0,B2_SRS,0.7,constant,1.0,0,8,False,495.0,0.45961538461538476,1.0
0.85,1.0,0.0,B2_SRS,1.0,alpha_0.95,0.95,0,8,False,669.2000000000003,1.0,1.0
0.85,1.0,0.0,B2_SRS,1.0,constant,1.0,0,8,False,560.0,1.0,1.0
0.85,1.0,0.0,B3_STRATIFIED,0.0,alpha_0.95,0.95,0,8,False,330.2000000000002,0.0,1.0
0.85,1.0,0.0,B3_STRATIFIED,0.0,constant,1.0,0,8,False,221.0,0.0,1.0
0.85,1.0,0.0,B3_STRATIFIED,0.05,alpha_0.95,0.95,0,8,False,398.2000000000002,0.19230769230769232,1.0
0.85,1.0,0.0,B3_STRATIFIED,0.05,constant,1.0,0,8,False,350.0,0.19230769230769232,1.0
0.85,1.0,0.0,B3_STRATIFIED,0.1,alpha_0.95,0.95,0,8,False,411.2000000000002,0.19230769230769232,1.0
0.85,1.0,0.0,B3_STRATIFIED,0.1,constant,1.0,0,8,False,350.0,0.19230769230769232,1.0
0.85,1.0,0.0,B3_STRATIFIED,0.2,alpha_0.95,0.95,0,8,False,446.2000000000002,0.19230769230769232,1.0
0.85,1.0,0.0,B3_STRATIFIED,0.2,constant,1.0,0,8,False,350.0,0.19230769230769232,1.0
0.85,1.0,0.0,B3_STRATIFIED,0.3,alpha_0.95,0.95,0,8,False,474.2000000000002,0.2692307692307692,1.0
0.85,1.0,0.0,B3_STRATIFIED,0.3,constant,1.0,0,8,False,365.0,0.2692307692307692,1.0
0.85,1.0,0.0,B3_STRATIFIED,0.4,alpha_0.95,0.95,0,8,False,510.2000000000002,0.3076923076923077,1.0
0.85,1.0,0.0,B3_STRATIFIED,0.4,constant,1.0,0,8,False,401.0,0.3076923076923077,1.0
0.85,1.0,0.0,B3_STRATIFIED,0.5,alpha_0.95,0.95,0,8,False,526.2000000000003,0.34615384615384615,1.0
0.85,1.0,0.0,B3_STRATIFIED,0.5,constant,1.0,0,8,False,417.0,0.34615384615384615,1.0
0.85,1.0,0.0,B3_STRATIFIED,0.7,alpha_0.95,0.95,0,8,False,602.2000000000003,0.6538461538461539,1.0
0.85,1.0,0.0,B3_STRATIFIED,0.7,constant,1.0,0,8,False,493.0,0.6538461538461539,1.0
0.85,1.0,0.0,B3_STRATIFIED,1.0,alpha_0.95,0.95,0,8,False,669.2000000000003,1.0,1.0
0.85,1.0,0.0,B3_STRATIFIED,1.0,constant,1.0,0,8,False,560.0,1.0,1.0
0.85,1.0,0.05,B2_SRS,0.0,alpha_0.95,0.95,0,8,False,399.2500000000006,0.0,1.0
0.85,1.0,0.05,B2_SRS,0.0,constant,1.0,0,8,False,277.0,0.0,1.0
0.85,1.0,0.05,B2_SRS,0.05,alpha_0.95,0.95,0,8,False,424.2500000000006,0.07692307692307693,1.0
0.85,1.0,0.05,B2_SRS,0.05,constant,1.0,0,8,False,302.0,0.07692307692307693,1.0
0.85,1.0,0.05,B2_SRS,0.1,alpha_0.95,0.95,0,8,False,443.2500000000006,0.11538461538461539,1.0
0.85,1.0,0.05,B2_SRS,0.1,constant,1.0,0,8,False,321.0,0.11538461538461539,1.0
0.85,1.0,0.05,B2_SRS,0.2,alpha_0.95,0.95,0,8,False,480.3000000000006,0.15384615384615385,1.0
0.85,1.0,0.05,B2_SRS,0.2,constant,1.0,0,8,False,358.04999999999995,0.15384615384615385,1.0
0.85,1.0,0.05,B2_SRS,0.3,alpha_0.95,0.95,0,8,False,516.2500000000007,0.19230769230769232,1.0
0.85,1.0,0.05,B2_SRS,0.3,constant,1.0,0,8,False,394.0,0.19230769230769232,1.0
0.85,1.0,0.05,B2_SRS,0.4,alpha_0.95,0.95,0,8,False,549.2500000000007,0.23076923076923078,1.0
0.85,1.0,0.05,B2_SRS,0.4,constant,1.0,0,8,False,427.0,0.23076923076923078,1.0
0.85,1.0,0.05,B2_SRS,0.5,alpha_0.95,0.95,0,8,False,585.2500000000007,0.3076923076923077,1.0
0.85,1.0,0.05,B2_SRS,0.5,constant,1.0,0,8,False,463.0,0.3076923076923077,1.0
0.85,1.0,0.05,B2_SRS,0.7,alpha_0.95,0.95,0,8,False,650.2500000000007,0.4230769230769231,1.0
0.85,1.0,0.05,B2_SRS,0.7,constant,1.0,0,8,False,528.0,0.4230769230769231,1.0
0.85,1.0,0.05,B2_SRS,1.0,alpha_0.95,0.95,0,8,False,738.2500000000007,1.0,1.0
0.85,1.0,0.05,B2_SRS,1.0,constant,1.0,0,8,False,616.0,1.0,1.0
0.85,1.0,0.05,B3_STRATIFIED,0.0,alpha_0.95,0.95,0,8,False,399.2500000000006,0.0,1.0
0.85,1.0,0.05,B3_STRATIFIED,0.0,constant,1.0,0,8,False,277.0,0.0,1.0
0.85,1.0,0.05,B3_STRATIFIED,0.05,alpha_0.95,0.95,0,8,False,424.2500000000006,0.19230769230769232,1.0
0.85,1.0,0.05,B3_STRATIFIED,0.05,constant,1.0,0,8,False,350.0,0.19230769230769232,1.0
0.85,1.0,0.05,B3_STRATIFIED,0.1,alpha_0.95,0.95,0,8,False,441.2500000000006,0.19230769230769232,1.0
0.85,1.0,0.05,B3_STRATIFIED,0.1,constant,1.0,0,8,False,350.0,0.19230769230769232,1.0
0.85,1.0,0.05,B3_STRATIFIED,0.2,alpha_0.95,0.95,0,8,False,475.2500000000006,0.19230769230769232,1.0
0.85,1.0,0.05,B3_STRATIFIED,0.2,constant,1.0,0,8,False,353.0,0.19230769230769232,1.0
0.85,1.0,0.05,B3_STRATIFIED,0.3,alpha_0.95,0.95,0,8,False,514.2500000000007,0.2692307692307692,1.0
0.85,1.0,0.05,B3_STRATIFIED,0.3,constant,1.0,0,8,False,392.0,0.2692307692307692,1.0
0.85,1.0,0.05,B3_STRATIFIED,0.4,alpha_0.95,0.95,0,8,False,546.2500000000007,0.34615384615384615,1.0
0.85,1.0,0.05,B3_STRATIFIED,0.4,constant,1.0,0,8,False,424.0,0.34615384615384615,1.0
0.85,1.0,0.05,B3_STRATIFIED,0.5,alpha_0.95,0.95,0,8,False,580.2500000000007,0.38269230769230783,1.0
0.85,1.0,0.05,B3_STRATIFIED,0.5,constant,1.0,0,8,False,458.0,0.38269230769230783,1.0
0.85,1.0,0.05,B3_STRATIFIED,0.7,alpha_0.95,0.95,0,8,False,648.2500000000007,0.6538461538461539,1.0
0.85,1.0,0.05,B3_STRATIFIED,0.7,constant,1.0,0,8,False,526.0,0.6538461538461539,1.0
0.85,1.0,0.05,B3_STRATIFIED,1.0,alpha_0.95,0.95,0,8,False,738.2500000000007,1.0,1.0
0.85,1.0,0.05,B3_STRATIFIED,1.0,constant,1.0,0,8,False,616.0,1.0,1.0
0.85,1.0,0.1,B2_SRS,0.0,alpha_0.95,0.95,0,8,False,459.8000000000014,0.0,1.0
0.85,1.0,0.1,B2_SRS,0.0,constant,1.0,0,8,False,333.0,0.0,1.0
0.85,1.0,0.1,B2_SRS,0.05,alpha_0.95,0.95,0,8,False,481.8000000000014,0.07692307692307693,1.0
0.85,1.0,0.1,B2_SRS,0.05,constant,1.0,0,8,False,355.0,0.07692307692307693,1.0
0.85,1.0,0.1,B2_SRS,0.1,alpha_0.95,0.95,0,8,False,500.8000000000014,0.11538461538461539,1.0
0.85,1.0,0.1,B2_SRS,0.1,constant,1.0,0,8,False,374.0,0.11538461538461539,1.0
0.85,1.0,0.1,B2_SRS,0.2,alpha_0.95,0.95,0,8,False,534.8000000000013,0.15192307692307705,1.0
0.85,1.0,0.1,B2_SRS,0.2,constant,1.0,0,8,False,408.0,0.15192307692307705,1.0
0.85,1.0,0.1,B2_SRS,0.3,alpha_0.95,0.95,0,8,False,570.8500000000013,0.1903846153846155,1.0
0.85,1.0,0.1,B2_SRS,0.3,constant,1.0,0,8,False,444.04999999999995,0.1903846153846155,1.0
0.85,1.0,0.1,B2_SRS,0.4,alpha_0.95,0.95,0,8,False,603.8000000000013,0.23076923076923078,1.0
0.85,1.0,0.1,B2_SRS,0.4,constant,1.0,0,8,False,477.0,0.23076923076923078,1.0
0.85,1.0,0.1,B2_SRS,0.5,alpha_0.95,0.95,0,8,False,638.8000000000013,0.2692307692307692,1.0
0.85,1.0,0.1,B2_SRS,0.5,constant,1.0,0,8,False,512.0,0.2692307692307692,1.0
0.85,1.0,0.1,B2_SRS,0.7,alpha_0.95,0.95,0,8,False,706.8000000000013,0.46153846153846156,1.0
0.85,1.0,0.1,B2_SRS,0.7,constant,1.0,0,8,False,580.0,0.46153846153846156,1.0
0.85,1.0,0.1,B2_SRS,1.0,alpha_0.95,0.95,0,8,False,798.8000000000013,1.0,1.0
0.85,1.0,0.1,B2_SRS,1.0,constant,1.0,0,8,False,672.0,1.0,1.0
0.85,1.0,0.1,B3_STRATIFIED,0.0,alpha_0.95,0.95,0,8,False,459.8000000000014,0.0,1.0
0.85,1.0,0.1,B3_STRATIFIED,0.0,constant,1.0,0,8,False,333.0,0.0,1.0
0.85,1.0,0.1,B3_STRATIFIED,0.05,alpha_0.95,0.95,0,8,False,482.8000000000014,0.19230769230769232,1.0
0.85,1.0,0.1,B3_STRATIFIED,0.05,constant,1.0,0,8,False,356.0,0.19230769230769232,1.0
0.85,1.0,0.1,B3_STRATIFIED,0.1,alpha_0.95,0.95,0,8,False,501.8000000000014,0.19230769230769232,1.0
0.85,1.0,0.1,B3_STRATIFIED,0.1,constant,1.0,0,8,False,375.0,0.19230769230769232,1.0
0.85,1.0,0.1,B3_STRATIFIED,0.2,alpha_0.95,0.95,0,8,False,532.8000000000013,0.19230769230769232,1.0
0.85,1.0,0.1,B3_STRATIFIED,0.2,constant,1.0,0,8,False,406.0,0.19230769230769232,1.0
0.85,1.0,0.1,B3_STRATIFIED,0.3,alpha_0.95,0.95,0,8,False,569.8000000000013,0.2692307692307692,1.0
0.85,1.0,0.1,B3_STRATIFIED,0.3,constant,1.0,0,8,False,443.0,0.2692307692307692,1.0
0.85,1.0,0.1,B3_STRATIFIED,0.4,alpha_0.95,0.95,0,8,False,600.8000000000013,0.34615384615384615,1.0
0.85,1.0,0.1,B3_STRATIFIED,0.4,constant,1.0,0,8,False,474.0,0.34615384615384615,1.0
0.85,1.0,0.1,B3_STRATIFIED,0.5,alpha_0.95,0.95,0,8,False,637.8000000000013,0.34615384615384615,1.0
0.85,1.0,0.1,B3_STRATIFIED,0.5,constant,1.0,0,8,False,511.0,0.34615384615384615,1.0
0.85,1.0,0.1,B3_STRATIFIED,0.7,alpha_0.95,0.95,0,8,False,705.8000000000013,0.6538461538461539,1.0
0.85,1.0,0.1,B3_STRATIFIED,0.7,constant,1.0,0,8,False,579.0,0.6538461538461539,1.0
0.85,1.0,0.1,B3_STRATIFIED,1.0,alpha_0.95,0.95,0,8,False,798.8000000000013,1.0,1.0
0.85,1.0,0.1,B3_STRATIFIED,1.0,constant,1.0,0,8,False,672.0,1.0,1.0
0.85,1.0,0.2,B2_SRS,0.0,alpha_0.95,0.95,0,8,False,574.8000000000013,0.0,1.0
0.85,1.0,0.2,B2_SRS,0.0,constant,1.0,0,8,False,445.0,0.0,1.0
0.85,1.0,0.2,B2_SRS,0.05,alpha_0.95,0.95,0,8,False,595.8000000000013,0.07692307692307693,1.0
0.85,1.0,0.2,B2_SRS,0.05,constant,1.0,0,8,False,466.0,0.07692307692307693,1.0
0.85,1.0,0.2,B2_SRS,0.1,alpha_0.95,0.95,0,8,False,614.8000000000013,0.11538461538461539,1.0
0.85,1.0,0.2,B2_SRS,0.1,constant,1.0,0,8,False,485.0,0.11538461538461539,1.0
0.85,1.0,0.2,B2_SRS,0.2,alpha_0.95,0.95,0,8,False,649.8000000000013,0.11538461538461539,1.0
0.85,1.0,0.2,B2_SRS,0.2,constant,1.0,0,8,False,520.0,0.11538461538461539,1.0
0.85,1.0,0.2,B2_SRS,0.3,alpha_0.95,0.95,0,8,False,683.8000000000013,0.1903846153846155,1.0
0.85,1.0,0.2,B2_SRS,0.3,constant,1.0,0,8,False,554.0,0.1903846153846155,1.0
0.85,1.0,0.2,B2_SRS,0.4,alpha_0.95,0.95,0,8,False,717.8000000000013,0.23076923076923078,1.0
0.85,1.0,0.2,B2_SRS,0.4,constant,1.0,0,8,False,588.0,0.23076923076923078,1.0
0.85,1.0,0.2,B2_SRS,0.5,alpha_0.95,0.95,0,8,False,751.8000000000013,0.2692307692307692,1.0
0.85,1.0,0.2,B2_SRS,0.5,constant,1.0,0,8,False,622.0,0.2692307692307692,1.0
0.85,1.0,0.2,B2_SRS,0.7,alpha_0.95,0.95,0,8,False,818.8000000000013,0.4980769230769232,1.0
0.85,1.0,0.2,B2_SRS,0.7,constant,1.0,0,8,False,689.0,0.4980769230769232,1.0
0.85,1.0,0.2,B2_SRS,1.0,alpha_0.95,0.95,0,8,False,913.8000000000013,1.0,1.0
0.85,1.0,0.2,B2_SRS,1.0,constant,1.0,0,8,False,784.0,1.0,1.0
0.85,1.0,0.2,B3_STRATIFIED,0.0,alpha_0.95,0.95,0,8,False,574.8000000000013,0.0,1.0
0.85,1.0,0.2,B3_STRATIFIED,0.0,constant,1.0,0,8,False,445.0,0.0,1.0
0.85,1.0,0.2,B3_STRATIFIED,0.05,alpha_0.95,0.95,0,8,False,598.8000000000013,0.15384615384615385,1.0
0.85,1.0,0.2,B3_STRATIFIED,0.05,constant,1.0,0,8,False,469.0,0.15384615384615385,1.0
0.85,1.0,0.2,B3_STRATIFIED,0.1,alpha_0.95,0.95,0,8,False,613.8000000000013,0.15384615384615385,1.0
0.85,1.0,0.2,B3_STRATIFIED,0.1,constant,1.0,0,8,False,484.0,0.15384615384615385,1.0
0.85,1.0,0.2,B3_STRATIFIED,0.2,alpha_0.95,0.95,0,8,False,650.8000000000013,0.19230769230769232,1.0
0.85,1.0,0.2,B3_STRATIFIED,0.2,constant,1.0,0,8,False,521.0,0.19230769230769232,1.0
0.85,1.0,0.2,B3_STRATIFIED,0.3,alpha_0.95,0.95,0,8,False,685.8000000000013,0.2692307692307692,1.0
0.85,1.0,0.2,B3_STRATIFIED,0.3,constant,1.0,0,8,False,556.0,0.2692307692307692,1.0
0.85,1.0,0.2,B3_STRATIFIED,0.4,alpha_0.95,0.95,0,8,False,718.8000000000013,0.34615384615384615,1.0
0.85,1.0,0.2,B3_STRATIFIED,0.4,constant,1.0,0,8,False,589.0,0.34615384615384615,1.0
0.85,1.0,0.2,B3_STRATIFIED,0.5,alpha_0.95,0.95,0,8,False,753.8000000000013,0.38461538461538464,1.0
0.85,1.0,0.2,B3_STRATIFIED,0.5,constant,1.0,0,8,False,624.0,0.38461538461538464,1.0
0.85,1.0,0.2,B3_STRATIFIED,0.7,alpha_0.95,0.95,0,8,False,821.8000000000013,0.6903846153846155,1.0
0.85,1.0,0.2,B3_STRATIFIED,0.7,constant,1.0,0,8,False,692.0,0.6903846153846155,1.0
0.85,1.0,0.2,B3_STRATIFIED,1.0,alpha_0.95,0.95,0,8,False,913.8000000000013,1.0,1.0
0.85,1.0,0.2,B3_STRATIFIED,1.0,constant,1.0,0,8,False,784.0,1.0,1.0
0.9,0.8,0.0,B2_SRS,0.0,alpha_0.95,0.95,0,8,False,583.8000000000013,0.0,1.0
0.9,0.8,0.0,B2_SRS,0.0,constant,1.0,0,8,False,454.0,0.0,1.0
0.9,0.8,0.0,B2_SRS,0.05,alpha_0.95,0.95,0,8,False,604.8000000000013,0.19230769230769232,1.0
0.9,0.8,0.0,B2_SRS,0.05,constant,1.0,0,8,False,475.0,0.19230769230769232,1.0
0.9,0.8,0.0,B2_SRS,0.1,alpha_0.95,0.95,0,8,False,621.8000000000013,0.19230769230769232,1.0
0.9,0.8,0.0,B2_SRS,0.1,constant,1.0,0,8,False,492.0,0.19230769230769232,1.0
0.9,0.8,0.0,B2_SRS,0.2,alpha_0.95,0.95,0,8,False,656.8000000000013,0.23076923076923078,1.0
0.9,0.8,0.0,B2_SRS,0.2,constant,1.0,0,8,False,527.0,0.23076923076923078,1.0
0.9,0.8,0.0,B2_SRS,0.3,alpha_0.95,0.95,0,8,False,691.8000000000013,0.2692307692307692,1.0
0.9,0.8,0.0,B2_SRS,0.3,constant,1.0,0,8,False,562.0,0.2692307692307692,1.0
0.9,0.8,0.0,B2_SRS,0.4,alpha_0.95,0.95,0,8,False,725.8000000000013,0.3076923076923077,1.0
0.9,0.8,0.0,B2_SRS,0.4,constant,1.0,0,8,False,596.0,0.3076923076923077,1.0
0.9,0.8,0.0,B2_SRS,0.5,alpha_0.95,0.95,0,8,False,757.8000000000013,0.34615384615384615,1.0
0.9,0.8,0.0,B2_SRS,0.5,constant,1.0,0,8,False,628.0,0.34615384615384615,1.0
0.9,0.8,0.0,B2_SRS,0.7,alpha_0.95,0.95,0,8,False,824.8000000000013,0.5365384615384616,1.0
0.9,0.8,0.0,B2_SRS,0.7,constant,1.0,0,8,False,695.0,0.5365384615384616,1.0
0.9,0.8,0.0,B2_SRS,1.0,alpha_0.95,0.95,0,8,False,917.8000000000013,1.0,1.0
0.9,0.8,0.0,B2_SRS,1.0,constant,1.0,0,8,False,788.0,1.0,1.0
0.9,0.8,0.0,B3_STRATIFIED,0.0,alpha_0.95,0.95,0,8,False,583.8000000000013,0.0,1.0
0.9,0.8,0.0,B3_STRATIFIED,0.0,constant,1.0,0,8,False,454.0,0.0,1.0
0.9,0.8,0.0,B3_STRATIFIED,0.05,alpha_0.95,0.95,0,8,False,607.8000000000013,0.2692307692307692,1.0
0.9,0.8,0.0,B3_STRATIFIED,0.05,constant,1.0,0,8,False,478.0,0.2692307692307692,1.0
0.9,0.8,0.0,B3_STRATIFIED,0.1,alpha_0.95,0.95,0,8,False,622.8000000000013,0.2692307692307692,1.0
0.9,0.8,0.0,B3_STRATIFIED,0.1,constant,1.0,0,8,False,493.0,0.2692307692307692,1.0
0.9,0.8,0.0,B3_STRATIFIED,0.2,alpha_0.95,0.95,0,8,False,658.8000000000013,0.3076923076923077,1.0
0.9,0.8,0.0,B3_STRATIFIED,0.2,constant,1.0,0,8,False,529.0,0.3076923076923077,1.0
0.9,0.8,0.0,B3_STRATIFIED,0.3,alpha_0.95,0.95,0,8,False,694.8000000000013,0.34615384615384615,1.0
0.9,0.8,0.0,B3_STRATIFIED,0.3,constant,1.0,0,8,False,565.0,0.34615384615384615,1.0
0.9,0.8,0.0,B3_STRATIFIED,0.4,alpha_0.95,0.95,0,8,False,724.8000000000013,0.4230769230769231,1.0
0.9,0.8,0.0,B3_STRATIFIED,0.4,constant,1.0,0,8,False,595.0,0.4230769230769231,1.0
0.9,0.8,0.0,B3_STRATIFIED,0.5,alpha_0.95,0.95,0,8,False,760.8000000000013,0.46153846153846156,1.0
0.9,0.8,0.0,B3_STRATIFIED,0.5,constant,1.0,0,8,False,631.0,0.46153846153846156,1.0
0.9,0.8,0.0,B3_STRATIFIED,0.7,alpha_0.95,0.95,0,8,False,825.8000000000013,0.6923076923076923,1.0
0.9,0.8,0.0,B3_STRATIFIED,0.7,constant,1.0,0,8,False,696.0,0.6923076923076923,1.0
0.9,0.8,0.0,B3_STRATIFIED,1.0,alpha_0.95,0.95,0,8,False,917.8000000000013,1.0,1.0
0.9,0.8,0.0,B3_STRATIFIED,1.0,constant,1.0,0,8,False,788.0,1.0,1.0
0.9,0.8,0.05,B2_SRS,0.0,alpha_0.95,0.95,0,8,False,628.6000000000006,0.0,1.0
0.9,0.8,0.05,B2_SRS,0.0,constant,1.0,0,8,False,498.0,0.0,1.0
0.9,0.8,0.05,B2_SRS,0.05,alpha_0.95,0.95,0,8,False,648.6000000000006,0.1903846153846155,1.0
0.9,0.8,0.05,B2_SRS,0.05,constant,1.0,0,8,False,518.0,0.1903846153846155,1.0
0.9,0.8,0.05,B2_SRS,0.1,alpha_0.95,0.95,0,8,False,665.6000000000006,0.19230769230769232,1.0
0.9,0.8,0.05,B2_SRS,0.1,constant,1.0,0,8,False,535.0,0.19230769230769232,1.0
0.9,0.8,0.05,B2_SRS,0.2,alpha_0.95,0.95,0,8,False,700.6000000000006,0.23076923076923078,1.0
0.9,0.8,0.05,B2_SRS,0.2,constant,1.0,0,8,False,570.0,0.23076923076923078,1.0
0.9,0.8,0.05,B2_SRS,0.3,alpha_0.95,0.95,0,8,False,734.6000000000006,0.2692307692307692,1.0
0.9,0.8,0.05,B2_SRS,0.3,constant,1.0,0,8,False,604.0,0.2692307692307692,1.0
0.9,0.8,0.05,B2_SRS,0.4,alpha_0.95,0.95,0,8,False,768.6000000000006,0.3076923076923077,1.0
0.9,0.8,0.05,B2_SRS,0.4,constant,1.0,0,8,False,638.0,0.3076923076923077,1.0
0.9,0.8,0.05,B2_SRS,0.5,alpha_0.95,0.95,0,8,False,802.6000000000006,0.34615384615384615,1.0
0.9,0.8,0.05,B2_SRS,0.5,constant,1.0,0,8,False,672.0,0.34615384615384615,1.0
0.9,0.8,0.05,B2_SRS,0.7,alpha_0.95,0.95,0,8,False,867.6000000000006,0.5,1.0
0.9,0.8,0.05,B2_SRS,0.7,constant,1.0,0,8,False,737.0,0.5,1.0
0.9,0.8,0.05,B2_SRS,1.0,alpha_0.95,0.95,0,8,False,962.6000000000006,1.0,1.0
0.9,0.8,0.05,B2_SRS,1.0,constant,1.0,0,8,False,832.0,1.0,1.0
0.9,0.8,0.05,B3_STRATIFIED,0.0,alpha_0.95,0.95,0,8,False,628.6000000000006,0.0,1.0
0.9,0.8,0.05,B3_STRATIFIED,0.0,constant,1.0,0,8,False,498.0,0.0,1.0
0.9,0.8,0.05,B3_STRATIFIED,0.05,alpha_0.95,0.95,0,8,False,648.6000000000006,0.2692307692307692,1.0
0.9,0.8,0.05,B3_STRATIFIED,0.05,constant,1.0,0,8,False,518.0,0.2692307692307692,1.0
0.9,0.8,0.05,B3_STRATIFIED,0.1,alpha_0.95,0.95,0,8,False,666.6000000000006,0.2692307692307692,1.0
0.9,0.8,0.05,B3_STRATIFIED,0.1,constant,1.0,0,8,False,536.0,0.2692307692307692,1.0
0.9,0.8,0.05,B3_STRATIFIED,0.2,alpha_0.95,0.95,0,8,False,699.6000000000006,0.3076923076923077,1.0
0.9,0.8,0.05,B3_STRATIFIED,0.2,constant,1.0,0,8,False,569.0,0.3076923076923077,1.0
0.9,0.8,0.05,B3_STRATIFIED,0.3,alpha_0.95,0.95,0,8,False,735.6000000000006,0.34615384615384615,1.0
0.9,0.8,0.05,B3_STRATIFIED,0.3,constant,1.0,0,8,False,605.0,0.34615384615384615,1.0
0.9,0.8,0.05,B3_STRATIFIED,0.4,alpha_0.95,0.95,0,8,False,768.6000000000006,0.4230769230769231,1.0
0.9,0.8,0.05,B3_STRATIFIED,0.4,constant,1.0,0,8,False,638.0,0.4230769230769231,1.0
0.9,0.8,0.05,B3_STRATIFIED,0.5,alpha_0.95,0.95,0,8,False,803.6000000000006,0.4230769230769231,1.0
0.9,0.8,0.05,B3_STRATIFIED,0.5,constant,1.0,0,8,False,673.0,0.4230769230769231,1.0
0.9,0.8,0.05,B3_STRATIFIED,0.7,alpha_0.95,0.95,0,8,False,869.6000000000006,0.6923076923076923,1.0
0.9,0.8,0.05,B3_STRATIFIED,0.7,constant,1.0,0,8,False,739.0,0.6923076923076923,1.0
0.9,0.8,0.05,B3_STRATIFIED,1.0,alpha_0.95,0.95,0,8,False,962.6000000000006,1.0,1.0
0.9,0.8,0.05,B3_STRATIFIED,1.0,constant,1.0,0,8,False,832.0,1.0,1.0
0.9,0.8,0.1,B2_SRS,0.0,alpha_0.95,0.95,0,8,False,674.6000000000001,0.0,1.0
0.9,0.8,0.1,B2_SRS,0.0,constant,1.0,0,8,False,544.0,0.0,1.0
0.9,0.8,0.1,B2_SRS,0.05,alpha_0.95,0.95,0,8,False,694.6000000000001,0.15384615384615385,1.0
0.9,0.8,0.1,B2_SRS,0.05,constant,1.0,0,8,False,564.0,0.15384615384615385,1.0
0.9,0.8,0.1,B2_SRS,0.1,alpha_0.95,0.95,0,8,False,712.6000000000001,0.19230769230769232,1.0
0.9,0.8,0.1,B2_SRS,0.1,constant,1.0,0,8,False,582.0,0.19230769230769232,1.0
0.9,0.8,0.1,B2_SRS,0.2,alpha_0.95,0.95,0,8,False,746.6000000000001,0.23076923076923078,1.0
0.9,0.8,0.1,B2_SRS,0.2,constant,1.0,0,8,False,616.0,0.23076923076923078,1.0
0.9,0.8,0.1,B2_SRS,0.3,alpha_0.95,0.95,0,8,False,779.6000000000001,0.2692307692307692,1.0
0.9,0.8,0.1,B2_SRS,0.3,constant,1.0,0,8,False,649.0,0.2692307692307692,1.0
0.9,0.8,0.1,B2_SRS,0.4,alpha_0.95,0.95,0,8,False,815.6000000000001,0.3076923076923077,1.0
0.9,0.8,0.1,B2_SRS,0.4,constant,1.0,0,8,False,685.0,0.3076923076923077,1.0
0.9,0.8,0.1,B2_SRS,0.5,alpha_0.95,0.95,0,8,False,848.6000000000001,0.34615384615384615,1.0
0.9,0.8,0.1,B2_SRS,0.5,constant,1.0,0,8,False,718.0,0.34615384615384615,1.0
0.9,0.8,0.1,B2_SRS,0.7,alpha_0.95,0.95,0,8,False,914.6000000000001,0.46153846153846156,1.0
0.9,0.8,0.1,B2_SRS,0.7,constant,1.0,0,8,False,784.0,0.46153846153846156,1.0
0.9,0.8,0.1,B2_SRS,1.0,alpha_0.95,0.95,0,8,False,1008.6000000000001,1.0,1.0
0.9,0.8,0.1,B2_SRS,1.0,constant,1.0,0,8,False,878.0,1.0,1.0
0.9,0.8,0.1,B3_STRATIFIED,0.0,alpha_0.95,0.95,0,8,False,674.6000000000001,0.0,1.0
0.9,0.8,0.1,B3_STRATIFIED,0.0,constant,1.0,0,8,False,544.0,0.0,1.0
0.9,0.8,0.1,B3_STRATIFIED,0.05,alpha_0.95,0.95,0,8,False,695.6000000000001,0.2692307692307692,1.0
0.9,0.8,0.1,B3_STRATIFIED,0.05,constant,1.0,0,8,False,565.0,0.2692307692307692,1.0
0.9,0.8,0.1,B3_STRATIFIED,0.1,alpha_0.95,0.95,0,8,False,713.6000000000001,0.2692307692307692,1.0
0.9,0.8,0.1,B3_STRATIFIED,0.1,constant,1.0,0,8,False,583.0,0.2692307692307692,1.0
0.9,0.8,0.1,B3_STRATIFIED,0.2,alpha_0.95,0.95,0,8,False,748.6000000000001,0.3076923076923077,1.0
0.9,0.8,0.1,B3_STRATIFIED,0.2,constant,1.0,0,8,False,618.0,0.3076923076923077,1.0
0.9,0.8,0.1,B3_STRATIFIED,0.3,alpha_0.95,0.95,0,8,False,782.6000000000001,0.34615384615384615,1.0
0.9,0.8,0.1,B3_STRATIFIED,0.3,constant,1.0,0,8,False,652.0,0.34615384615384615,1.0
0.9,0.8,0.1,B3_STRATIFIED,0.4,alpha_0.95,0.95,0,8,False,815.6000000000001,0.4230769230769231,1.0
0.9,0.8,0.1,B3_STRATIFIED,0.4,constant,1.0,0,8,False,685.0,0.4230769230769231,1.0
0.9,0.8,0.1,B3_STRATIFIED,0.5,alpha_0.95,0.95,0,8,False,848.6000000000001,0.4230769230769231,1.0
0.9,0.8,0.1,B3_STRATIFIED,0.5,constant,1.0,0,8,False,718.0,0.4230769230769231,1.0
0.9,0.8,0.1,B3_STRATIFIED,0.7,alpha_0.95,0.95,0,8,False,915.6000000000001,0.7288461538461539,1.0
0.9,0.8,0.1,B3_STRATIFIED,0.7,constant,1.0,0,8,False,785.0,0.7288461538461539,1.0
0.9,0.8,0.1,B3_STRATIFIED,1.0,alpha_0.95,0.95,0,8,False,1008.6000000000001,1.0,1.0
0.9,0.8,0.1,B3_STRATIFIED,1.0,constant,1.0,0,8,False,878.0,1.0,1.0
0.9,0.8,0.2,B2_SRS,0.0,alpha_0.95,0.95,0,8,False,762.5999999999998,0.0,1.0
0.9,0.8,0.2,B2_SRS,0.0,constant,1.0,0,8,False,632.0,0.0,1.0
0.9,0.8,0.2,B2_SRS,0.05,alpha_0.95,0.95,0,8,False,781.5999999999998,0.19230769230769232,1.0
0.9,0.8,0.2,B2_SRS,0.05,constant,1.0,0,8,False,651.0,0.19230769230769232,1.0
0.9,0.8,0.2,B2_SRS,0.1,alpha_0.95,0.95,0,8,False,799.5999999999998,0.19230769230769232,1.0
0.9,0.8,0.2,B2_SRS,0.1,constant,1.0,0,8,False,669.0,0.19230769230769232,1.0
0.9,0.8,0.2,B2_SRS,0.2,alpha_0.95,0.95,0,8,False,833.5999999999998,0.22884615384615398,1.0
0.9,0.8,0.2,B2_SRS,0.2,constant,1.0,0,8,False,703.0,0.22884615384615398,1.0
0.9,0.8,0.2,B2_SRS,0.3,alpha_0.95,0.95,0,8,False,868.5999999999998,0.2692307692307692,1.0
0.9,0.8,0.2,B2_SRS,0.3,constant,1.0,0,8,False,738.0,0.2692307692307692,1.0
0.9,0.8,0.2,B2_SRS,0.4,alpha_0.95,0.95,0,8,False,901.5999999999998,0.3076923076923077,1.0
0.9,0.8,0.2,B2_SRS,0.4,constant,1.0,0,8,False,771.0,0.3076923076923077,1.0
0.9,0.8,0.2,B2_SRS,0.5,alpha_0.95,0.95,0,8,False,934.5999999999998,0.34615384615384615,1.0
0.9,0.8,0.2,B2_SRS,0.5,constant,1.0,0,8,False,804.0,0.34615384615384615,1.0
0.9,0.8,0.2,B2_SRS,0.7,alpha_0.95,0.95,0,8,False,1000.5999999999998,0.4980769230769232,1.0
0.9,0.8,0.2,B2_SRS,0.7,constant,1.0,0,8,False,870.0,0.4980769230769232,1.0
0.9,0.8,0.2,B2_SRS,1.0,alpha_0.95,0.95,0,8,False,1096.6,1.0,1.0
0.9,0.8,0.2,B2_SRS,1.0,constant,1.0,0,8,False,966.0,1.0,1.0
0.9,0.8,0.2,B3_STRATIFIED,0.0,alpha_0.95,0.95,0,8,False,762.5999999999998,0.0,1.0
0.9,0.8,0.2,B3_STRATIFIED,0.0,constant,1.0,0,8,False,632.0,0.0,1.0
0.9,0.8,0.2,B3_STRATIFIED,0.05,alpha_0.95,0.95,0,8,False,782.5999999999998,0.2692307692307692,1.0
0.9,0.8,0.2,B3_STRATIFIED,0.05,constant,1.0,0,8,False,652.0,0.2692307692307692,1.0
0.9,0.8,0.2,B3_STRATIFIED,0.1,alpha_0.95,0.95,0,8,False,799.5999999999998,0.2692307692307692,1.0
0.9,0.8,0.2,B3_STRATIFIED,0.1,constant,1.0,0,8,False,669.0,0.2692307692307692,1.0
0.9,0.8,0.2,B3_STRATIFIED,0.2,alpha_0.95,0.95,0,8,False,833.5999999999998,0.3076923076923077,1.0
0.9,0.8,0.2,B3_STRATIFIED,0.2,constant,1.0,0,8,False,703.0,0.3076923076923077,1.0
0.9,0.8,0.2,B3_STRATIFIED,0.3,alpha_0.95,0.95,0,8,False,867.5999999999998,0.34615384615384615,1.0
0.9,0.8,0.2,B3_STRATIFIED,0.3,constant,1.0,0,8,False,737.0,0.34615384615384615,1.0
0.9,0.8,0.2,B3_STRATIFIED,0.4,alpha_0.95,0.95,0,8,False,901.5999999999998,0.4230769230769231,1.0
0.9,0.8,0.2,B3_STRATIFIED,0.4,constant,1.0,0,8,False,771.0,0.4230769230769231,1.0
0.9,0.8,0.2,B3_STRATIFIED,0.5,alpha_0.95,0.95,0,8,False,934.5999999999998,0.4230769230769231,1.0
0.9,0.8,0.2,B3_STRATIFIED,0.5,constant,1.0,0,8,False,804.0,0.4230769230769231,1.0
0.9,0.8,0.2,B3_STRATIFIED,0.7,alpha_0.95,0.95,0,8,False,1001.5999999999998,0.6923076923076923,1.0
0.9,0.8,0.2,B3_STRATIFIED,0.7,constant,1.0,0,8,False,871.0,0.6923076923076923,1.0
0.9,0.8,0.2,B3_STRATIFIED,1.0,alpha_0.95,0.95,0,8,False,1096.6,1.0,1.0
0.9,0.8,0.2,B3_STRATIFIED,1.0,constant,1.0,0,8,False,966.0,1.0,1.0
0.9,0.85,0.0,B2_SRS,0.0,alpha_0.95,0.95,0,8,False,526.4000000000018,0.0,1.0
0.9,0.85,0.0,B2_SRS,0.0,constant,1.0,0,8,False,398.0,0.0,1.0
0.9,0.85,0.0,B2_SRS,0.05,alpha_0.95,0.95,0,8,False,547.4000000000018,0.19230769230769232,1.0
0.9,0.85,0.0,B2_SRS,0.05,constant,1.0,0,8,False,419.0,0.19230769230769232,1.0
0.9,0.85,0.0,B2_SRS,0.1,alpha_0.95,0.95,0,8,False,565.4000000000018,0.19230769230769232,1.0
0.9,0.85,0.0,B2_SRS,0.1,constant,1.0,0,8,False,437.0,0.19230769230769232,1.0
0.9,0.85,0.0,B2_SRS,0.2,alpha_0.95,0.95,0,8,False,599.4500000000018,0.23076923076923078,1.0
0.9,0.85,0.0,B2_SRS,0.2,constant,1.0,0,8,False,471.04999999999995,0.23076923076923078,1.0
0.9,0.85,0.0,B2_SRS,0.3,alpha_0.95,0.95,0,8,False,634.4000000000018,0.2692307692307692,1.0
0.9,0.85,0.0,B2_SRS,0.3,constant,1.0,0,8,False,506.0,0.2692307692307692,1.0
0.9,0.85,0.0,B2_SRS,0.4,alpha_0.95,0.95,0,8,False,669.4000000000018,0.3076923076923077,1.0
0.9,0.85,0.0,B2_SRS,0.4,constant,1.0,0,8,False,541.0,0.3076923076923077,1.0
0.9,0.85,0.0,B2_SRS,0.5,alpha_0.95,0.95,0,8,False,702.4000000000018,0.38461538461538464,1.0
0.9,0.85,0.0,B2_SRS,0.5,constant,1.0,0,8,False,574.0,0.38461538461538464,1.0
0.9,0.85,0.0,B2_SRS,0.7,alpha_0.95,0.95,0,8,False,768.4000000000018,0.5,1.0
0.9,0.85,0.0,B2_SRS,0.7,constant,1.0,0,8,False,640.0,0.5,1.0
0.9,0.85,0.0,B2_SRS,1.0,alpha_0.95,0.95,0,8,False,860.4000000000018,1.0,1.0
0.9,0.85,0.0,B2_SRS,1.0,constant,1.0,0,8,False,732.0,1.0,1.0
0.9,0.85,0.0,B3_STRATIFIED,0.0,alpha_0.95,0.95,0,8,False,526.4000000000018,0.0,1.0
0.9,0.85,0.0,B3_STRATIFIED,0.0,constant,1.0,0,8,False,398.0,0.0,1.0
0.9,0.85,0.0,B3_STRATIFIED,0.05,alpha_0.95,0.95,0,8,False,549.4000000000018,0.2692307692307692,1.0
0.9,0.85,0.0,B3_STRATIFIED,0.05,constant,1.0,0,8,False,421.0,0.2692307692307692,1.0
0.9,0.85,0.0,B3_STRATIFIED,0.1,alpha_0.95,0.95,0,8,False,566.4000000000018,0.2692307692307692,1.0
0.9,0.85,0.0,B3_STRATIFIED,0.1,constant,1.0,0,8,False,438.0,0.2692307692307692,1.0
0.9,0.85,0.0,B3_STRATIFIED,0.2,alpha_0.95,0.95,0,8,False,601.4500000000018,0.3076923076923077,1.0
0.9,0.85,0.0,B3_STRATIFIED,0.2,constant,1.0,0,8,False,473.04999999999995,0.3076923076923077,1.0
0.9,0.85,0.0,B3_STRATIFIED,0.3,alpha_0.95,0.95,0,8,False,635.4000000000018,0.34615384615384615,1.0
0.9,0.85,0.0,B3_STRATIFIED,0.3,constant,1.0,0,8,False,507.0,0.34615384615384615,1.0
0.9,0.85,0.0,B3_STRATIFIED,0.4,alpha_0.95,0.95,0,8,False,669.4000000000018,0.4230769230769231,1.0
0.9,0.85,0.0,B3_STRATIFIED,0.4,constant,1.0,0,8,False,541.0,0.4230769230769231,1.0
0.9,0.85,0.0,B3_STRATIFIED,0.5,alpha_0.95,0.95,0,8,False,697.4000000000018,0.4980769230769232,1.0
0.9,0.85,0.0,B3_STRATIFIED,0.5,constant,1.0,0,8,False,569.0,0.4980769230769232,1.0
0.9,0.85,0.0,B3_STRATIFIED,0.7,alpha_0.95,0.95,0,8,False,769.4000000000018,0.7288461538461539,1.0
0.9,0.85,0.0,B3_STRATIFIED,0.7,constant,1.0,0,8,False,641.0,0.7288461538461539,1.0
0.9,0.85,0.0,B3_STRATIFIED,1.0,alpha_0.95,0.95,0,8,False,860.4000000000018,1.0,1.0
0.9,0.85,0.0,B3_STRATIFIED,1.0,constant,1.0,0,8,False,732.0,1.0,1.0
0.9,0.85,0.05,B2_SRS,0.0,alpha_0.95,0.95,0,8,False,575.6000000000014,0.0,1.0
0.9,0.85,0.05,B2_SRS,0.0,constant,1.0,0,8,False,446.0,0.0,1.0
0.9,0.85,0.05,B2_SRS,0.05,alpha_0.95,0.95,0,8,False,597.6000000000014,0.1903846153846155,1.0
0.9,0.85,0.05,B2_SRS,0.05,constant,1.0,0,8,False,468.0,0.1903846153846155,1.0
0.9,0.85,0.05,B2_SRS,0.1,alpha_0.95,0.95,0,8,False,614.6000000000014,0.19230769230769232,1.0
0.9,0.85,0.05,B2_SRS,0.1,constant,1.0,0,8,False,485.0,0.19230769230769232,1.0
0.9,0.85,0.05,B2_SRS,0.2,alpha_0.95,0.95,0,8,False,648.6000000000014,0.23076923076923078,1.0
0.9,0.85,0.05,B2_SRS,0.2,constant,1.0,0,8,False,519.0,0.23076923076923078,1.0
0.9,0.85,0.05,B2_SRS,0.3,alpha_0.95,0.95,0,8,False,684.6000000000014,0.2692307692307692,1.0
0.9,0.85,0.05,B2_SRS,0.3,constant,1.0,0,8,False,555.0,0.2692307692307692,1.0
0.9,0.85,0.05,B2_SRS,0.4,alpha_0.95,0.95,0,8,False,717.6500000000013,0.3076923076923077,1.0
0.9,0.85,0.05,B2_SRS,0.4,constant,1.0,0,8,False,588.05,0.3076923076923077,1.0
0.9,0.85,0.05,B2_SRS,0.5,alpha_0.95,0.95,0,8,False,750.6000000000014,0.38461538461538464,1.0
0.9,0.85,0.05,B2_SRS,0.5,constant,1.0,0,8,False,621.0,0.38461538461538464,1.0
0.9,0.85,0.05,B2_SRS,0.7,alpha_0.95,0.95,0,8,False,816.6000000000014,0.5365384615384616,1.0
0.9,0.85,0.05,B2_SRS,0.7,constant,1.0,0,8,False,687.0,0.5365384615384616,1.0
0.9,0.85,0.05,B2_SRS,1.0,alpha_0.95,0.95,0,8,False,909.6000000000014,1.0,1.0
0.9,0.85,0.05,B2_SRS,1.0,constant,1.0,0,8,False,780.0,1.0,1.0
0.9,0.85,0.05,B3_STRATIFIED,0.0,alpha_0.95,0.95,0,8,False,575.6000000000014,0.0,1.0
0.9,0.85,0.05,B3_STRATIFIED,0.0,constant,1.0,0,8,False,446.0,0.0,1.0
0.9,0.85,0.05,B3_STRATIFIED,0.05,alpha_0.95,0.95,0,8,False,598.6000000000014,0.2692307692307692,1.0
0.9,0.85,0.05,B3_STRATIFIED,0.05,constant,1.0,0,8,False,469.0,0.2692307692307692,1.0
0.9,0.85,0.05,B3_STRATIFIED,0.1,alpha_0.95,0.95,0,8,False,616.6000000000014,0.2692307692307692,1.0
0.9,0.85,0.05,B3_STRATIFIED,0.1,constant,1.0,0,8,False,487.0,0.2692307692307692,1.0
0.9,0.85,0.05,B3_STRATIFIED,0.2,alpha_0.95,0.95,0,8,False,649.6000000000014,0.3076923076923077,1.0
0.9,0.85,0.05,B3_STRATIFIED,0.2,constant,1.0,0,8,False,520.0,0.3076923076923077,1.0
0.9,0.85,0.05,B3_STRATIFIED,0.3,alpha_0.95,0.95,0,8,False,684.6000000000014,0.38269230769230783,1.0
0.9,0.85,0.05,B3_STRATIFIED,0.3,constant,1.0,0,8,False,555.0,0.38269230769230783,1.0
0.9,0.85,0.05,B3_STRATIFIED,0.4,alpha_0.95,0.95,0,8,False,717.6500000000013,0.4230769230769231,1.0
0.9,0.85,0.05,B3_STRATIFIED,0.4,constant,1.0,0,8,False,588.05,0.4230769230769231,1.0
0.9,0.85,0.05,B3_STRATIFIED,0.5,alpha_0.95,0.95,0,8,False,752.6000000000014,0.4230769230769231,1.0
0.9,0.85,0.05,B3_STRATIFIED,0.5,constant,1.0,0,8,False,623.0,0.4230769230769231,1.0
0.9,0.85,0.05,B3_STRATIFIED,0.7,alpha_0.95,0.95,0,8,False,818.6000000000014,0.6923076923076923,1.0
0.9,0.85,0.05,B3_STRATIFIED,0.7,constant,1.0,0,8,False,689.0,0.6923076923076923,1.0
0.9,0.85,0.05,B3_STRATIFIED,1.0,alpha_0.95,0.95,0,8,False,909.6000000000014,1.0,1.0
0.9,0.85,0.05,B3_STRATIFIED,1.0,constant,1.0,0,8,False,780.0,1.0,1.0
0.9,0.85,0.1,B2_SRS,0.0,alpha_0.95,0.95,0,8,False,622.6000000000008,0.0,1.0
0.9,0.85,0.1,B2_SRS,0.0,constant,1.0,0,8,False,492.0,0.0,1.0
0.9,0.85,0.1,B2_SRS,0.05,alpha_0.95,0.95,0,8,False,642.6000000000008,0.15384615384615385,1.0
0.9,0.85,0.1,B2_SRS,0.05,constant,1.0,0,8,False,512.0,0.15384615384615385,1.0
0.9,0.85,0.1,B2_SRS,0.1,alpha_0.95,0.95,0,8,False,659.6000000000008,0.1903846153846155,1.0
0.9,0.85,0.1,B2_SRS,0.1,constant,1.0,0,8,False,529.0,0.1903846153846155,1.0
0.9,0.85,0.1,B2_SRS,0.2,alpha_0.95,0.95,0,8,False,694.6000000000008,0.23076923076923078,1.0
0.9,0.85,0.1,B2_SRS,0.2,constant,1.0,0,8,False,564.0,0.23076923076923078,1.0
0.9,0.85,0.1,B2_SRS,0.3,alpha_0.95,0.95,0,8,False,729.6000000000008,0.2692307692307692,1.0
0.9,0.85,0.1,B2_SRS,0.3,constant,1.0,0,8,False,599.0,0.2692307692307692,1.0
0.9,0.85,0.1,B2_SRS,0.4,alpha_0.95,0.95,0,8,False,762.6000000000008,0.3076923076923077,1.0
0.9,0.85,0.1,B2_SRS,0.4,constant,1.0,0,8,False,632.0,0.3076923076923077,1.0
0.9,0.85,0.1,B2_SRS,0.5,alpha_0.95,0.95,0,8,False,796.6000000000008,0.38461538461538464,1.0
0.9,0.85,0.1,B2_SRS,0.5,constant,1.0,0,8,False,666.0,0.38461538461538464,1.0
0.9,0.85,0.1,B2_SRS,0.7,alpha_0.95,0.95,0,8,False,861.6000000000008,0.5,1.0
0.9,0.85,0.1,B2_SRS,0.7,constant,1.0,0,8,False,731.0,0.5,1.0
0.9,0.85,0.1,B2_SRS,1.0,alpha_0.95,0.95,0,8,False,956.6000000000008,1.0,1.0
0.9,0.85,0.1,B2_SRS,1.0,constant,1.0,0,8,False,826.0,1.0,1.0
0.9,0.85,0.1,B3_STRATIFIED,0.0,alpha_0.95,0.95,0,8,False,622.6000000000008,0.0,1.0
0.9,0.85,0.1,B3_STRATIFIED,0.0,constant,1.0,0,8,False,492.0,0.0,1.0
0.9,0.85,0.1,B3_STRATIFIED,0.05,alpha_0.95,0.95,0,8,False,642.6000000000008,0.2692307692307692,1.0
0.9,0.85,0.1,B3_STRATIFIED,0.05,constant,1.0,0,8,False,512.0,0.2692307692307692,1.0
0.9,0.85,0.1,B3_STRATIFIED,0.1,alpha_0.95,0.95,0,8,False,661.6000000000008,0.2692307692307692,1.0
0.9,0.85,0.1,B3_STRATIFIED,0.1,constant,1.0,0,8,False,531.0,0.2692307692307692,1.0
0.9,0.85,0.1,B3_STRATIFIED,0.2,alpha_0.95,0.95,0,8,False,694.6500000000008,0.3076923076923077,1.0
0.9,0.85,0.1,B3_STRATIFIED,0.2,constant,1.0,0,8,False,564.05,0.3076923076923077,1.0
0.9,0.85,0.1,B3_STRATIFIED,0.3,alpha_0.95,0.95,0,8,False,729.6000000000008,0.34615384615384615,1.0
0.9,0.85,0.1,B3_STRATIFIED,0.3,constant,1.0,0,8,False,599.0,0.34615384615384615,1.0
0.9,0.85,0.1,B3_STRATIFIED,0.4,alpha_0.95,0.95,0,8,False,763.6500000000008,0.4230769230769231,1.0
0.9,0.85,0.1,B3_STRATIFIED,0.4,constant,1.0,0,8,False,633.05,0.4230769230769231,1.0
0.9,0.85,0.1,B3_STRATIFIED,0.5,alpha_0.95,0.95,0,8,False,796.6000000000008,0.4230769230769231,1.0
0.9,0.85,0.1,B3_STRATIFIED,0.5,constant,1.0,0,8,False,666.0,0.4230769230769231,1.0
0.9,0.85,0.1,B3_STRATIFIED,0.7,alpha_0.95,0.95,0,8,False,863.6000000000008,0.6923076923076923,1.0
0.9,0.85,0.1,B3_STRATIFIED,0.7,constant,1.0,0,8,False,733.0,0.6923076923076923,1.0
0.9,0.85,0.1,B3_STRATIFIED,1.0,alpha_0.95,0.95,0,8,False,956.6000000000008,1.0,1.0
0.9,0.85,0.1,B3_STRATIFIED,1.0,constant,1.0,0,8,False,826.0,1.0,1.0
0.9,0.85,0.2,B2_SRS,0.0,alpha_0.95,0.95,0,8,False,718.6,0.0,1.0
0.9,0.85,0.2,B2_SRS,0.0,constant,1.0,0,8,False,588.0,0.0,1.0
0.9,0.85,0.2,B2_SRS,0.05,alpha_0.95,0.95,0,8,False,737.6,0.15384615384615385,1.0
0.9,0.85,0.2,B2_SRS,0.05,constant,1.0,0,8,False,607.0,0.15384615384615385,1.0
0.9,0.85,0.2,B2_SRS,0.1,alpha_0.95,0.95,0,8,False,755.6,0.1903846153846155,1.0
0.9,0.85,0.2,B2_SRS,0.1,constant,1.0,0,8,False,625.0,0.1903846153846155,1.0
0.9,0.85,0.2,B2_SRS,0.2,alpha_0.95,0.95,0,8,False,789.6,0.22884615384615398,1.0
0.9,0.85,0.2,B2_SRS,0.2,constant,1.0,0,8,False,659.0,0.22884615384615398,1.0
0.9,0.85,0.2,B2_SRS,0.3,alpha_0.95,0.95,0,8,False,824.6,0.2692307692307692,1.0
0.9,0.85,0.2,B2_SRS,0.3,constant,1.0,0,8,False,694.0,0.2692307692307692,1.0
0.9,0.85,0.2,B2_SRS,0.4,alpha_0.95,0.95,0,8,False,858.6,0.3076923076923077,1.0
0.9,0.85,0.2,B2_SRS,0.4,constant,1.0,0,8,False,728.0,0.3076923076923077,1.0
0.9,0.85,0.2,B2_SRS,0.5,alpha_0.95,0.95,0,8,False,891.65,0.34615384615384615,1.0
0.9,0.85,0.2,B2_SRS,0.5,constant,1.0,0,8,False,761.05,0.34615384615384615,1.0
0.9,0.85,0.2,B2_SRS,0.7,alpha_0.95,0.95,0,8,False,957.6,0.5,1.0
0.9,0.85,0.2,B2_SRS,0.7,constant,1.0,0,8,False,827.0,0.5,1.0
0.9,0.85,0.2,B2_SRS,1.0,alpha_0.95,0.95,0,8,False,1052.6,1.0,1.0
0.9,0.85,0.2,B2_SRS,1.0,constant,1.0,0,8,False,922.0,1.0,1.0
0.9,0.85,0.2,B3_STRATIFIED,0.0,alpha_0.95,0.95,0,8,False,718.6,0.0,1.0
0.9,0.85,0.2,B3_STRATIFIED,0.0,constant,1.0,0,8,False,588.0,0.0,1.0
0.9,0.85,0.2,B3_STRATIFIED,0.05,alpha_0.95,0.95,0,8,False,738.6,0.2692307692307692,1.0
0.9,0.85,0.2,B3_STRATIFIED,0.05,constant,1.0,0,8,False,608.0,0.2692307692307692,1.0
0.9,0.85,0.2,B3_STRATIFIED,0.1,alpha_0.95,0.95,0,8,False,755.6,0.2692307692307692,1.0
0.9,0.85,0.2,B3_STRATIFIED,0.1,constant,1.0,0,8,False,625.0,0.2692307692307692,1.0
0.9,0.85,0.2,B3_STRATIFIED,0.2,alpha_0.95,0.95,0,8,False,791.6,0.3076923076923077,1.0
0.9,0.85,0.2,B3_STRATIFIED,0.2,constant,1.0,0,8,False,661.0,0.3076923076923077,1.0
0.9,0.85,0.2,B3_STRATIFIED,0.3,alpha_0.95,0.95,0,8,False,826.6,0.34615384615384615,1.0
0.9,0.85,0.2,B3_STRATIFIED,0.3,constant,1.0,0,8,False,696.0,0.34615384615384615,1.0
0.9,0.85,0.2,B3_STRATIFIED,0.4,alpha_0.95,0.95,0,8,False,858.6,0.4230769230769231,1.0
0.9,0.85,0.2,B3_STRATIFIED,0.4,constant,1.0,0,8,False,728.0,0.4230769230769231,1.0
0.9,0.85,0.2,B3_STRATIFIED,0.5,alpha_0.95,0.95,0,8,False,892.6,0.4230769230769231,1.0
0.9,0.85,0.2,B3_STRATIFIED,0.5,constant,1.0,0,8,False,762.0,0.4230769230769231,1.0
0.9,0.85,0.2,B3_STRATIFIED,0.7,alpha_0.95,0.95,0,8,False,957.6,0.6923076923076923,1.0
0.9,0.85,0.2,B3_STRATIFIED,0.7,constant,1.0,0,8,False,827.0,0.6923076923076923,1.0
0.9,0.85,0.2,B3_STRATIFIED,1.0,alpha_0.95,0.95,0,8,False,1052.6,1.0,1.0
0.9,0.85,0.2,B3_STRATIFIED,1.0,constant,1.0,0,8,False,922.0,1.0,1.0
0.9,0.9,0.0,B2_SRS,0.0,alpha_0.95,0.95,0,8,False,468.8000000000014,0.0,1.0
0.9,0.9,0.0,B2_SRS,0.0,constant,1.0,0,8,False,342.0,0.0,1.0
0.9,0.9,0.0,B2_SRS,0.05,alpha_0.95,0.95,0,8,False,490.8000000000014,0.19230769230769232,1.0
0.9,0.9,0.0,B2_SRS,0.05,constant,1.0,0,8,False,364.0,0.19230769230769232,1.0
0.9,0.9,0.0,B2_SRS,0.1,alpha_0.95,0.95,0,8,False,509.8000000000014,0.19230769230769232,1.0
0.9,0.9,0.0,B2_SRS,0.1,constant,1.0,0,8,False,383.0,0.19230769230769232,1.0
0.9,0.9,0.0,B2_SRS,0.2,alpha_0.95,0.95,0,8,False,544.8000000000013,0.23076923076923078,1.0
0.9,0.9,0.0,B2_SRS,0.2,constant,1.0,0,8,False,418.0,0.23076923076923078,1.0
0.9,0.9,0.0,B2_SRS,0.3,alpha_0.95,0.95,0,8,False,578.8000000000013,0.2692307692307692,1.0
0.9,0.9,0.0,B2_SRS,0.3,constant,1.0,0,8,False,452.0,0.2692307692307692,1.0
0.9,0.9,0.0,B2_SRS,0.4,alpha_0.95,0.95,0,8,False,612.8000000000013,0.3076923076923077,1.0
0.9,0.9,0.0,B2_SRS,0.4,constant,1.0,0,8,False,486.0,0.3076923076923077,1.0
0.9,0.9,0.0,B2_SRS,0.5,alpha_0.95,0.95,0,8,False,646.8000000000013,0.34615384615384615,1.0
0.9,0.9,0.0,B2_SRS,0.5,constant,1.0,0,8,False,520.0,0.34615384615384615,1.0
0.9,0.9,0.0,B2_SRS,0.7,alpha_0.95,0.95,0,8,False,712.8000000000013,0.5,1.0
0.9,0.9,0.0,B2_SRS,0.7,constant,1.0,0,8,False,586.0,0.5,1.0
0.9,0.9,0.0,B2_SRS,1.0,alpha_0.95,0.95,0,8,False,802.8000000000013,1.0,1.0
0.9,0.9,0.0,B2_SRS,1.0,constant,1.0,0,8,False,676.0,1.0,1.0
0.9,0.9,0.0,B3_STRATIFIED,0.0,alpha_0.95,0.95,0,8,False,468.8000000000014,0.0,1.0
0.9,0.9,0.0,B3_STRATIFIED,0.0,constant,1.0,0,8,False,342.0,0.0,1.0
0.9,0.9,0.0,B3_STRATIFIED,0.05,alpha_0.95,0.95,0,8,False,489.85000000000133,0.2692307692307692,1.0
0.9,0.9,0.0,B3_STRATIFIED,0.05,constant,1.0,0,8,False,363.04999999999995,0.2692307692307692,1.0
0.9,0.9,0.0,B3_STRATIFIED,0.1,alpha_0.95,0.95,0,8,False,508.8000000000014,0.2692307692307692,1.0
0.9,0.9,0.0,B3_STRATIFIED,0.1,constant,1.0,0,8,False,382.0,0.2692307692307692,1.0
0.9,0.9,0.0,B3_STRATIFIED,0.2,alpha_0.95,0.95,0,8,False,542.8000000000013,0.3076923076923077,1.0
0.9,0.9,0.0,B3_STRATIFIED,0.2,constant,1.0,0,8,False,416.0,0.3076923076923077,1.0
0.9,0.9,0.0,B3_STRATIFIED,0.3,alpha_0.95,0.95,0,8,False,576.8000000000013,0.34615384615384615,1.0
0.9,0.9,0.0,B3_STRATIFIED,0.3,constant,1.0,0,8,False,450.0,0.34615384615384615,1.0
0.9,0.9,0.0,B3_STRATIFIED,0.4,alpha_0.95,0.95,0,8,False,609.8000000000013,0.4230769230769231,1.0
0.9,0.9,0.0,B3_STRATIFIED,0.4,constant,1.0,0,8,False,483.0,0.4230769230769231,1.0
0.9,0.9,0.0,B3_STRATIFIED,0.5,alpha_0.95,0.95,0,8,False,639.8000000000013,0.46153846153846156,1.0
0.9,0.9,0.0,B3_STRATIFIED,0.5,constant,1.0,0,8,False,513.0,0.46153846153846156,1.0
0.9,0.9,0.0,B3_STRATIFIED,0.7,alpha_0.95,0.95,0,8,False,709.8500000000013,0.7307692307692307,1.0
0.9,0.9,0.0,B3_STRATIFIED,0.7,constant,1.0,0,8,False,583.05,0.7307692307692307,1.0
0.9,0.9,0.0,B3_STRATIFIED,1.0,alpha_0.95,0.95,0,8,False,802.8000000000013,1.0,1.0
0.9,0.9,0.0,B3_STRATIFIED,1.0,constant,1.0,0,8,False,676.0,1.0,1.0
0.9,0.9,0.05,B2_SRS,0.0,alpha_0.95,0.95,0,8,False,520.2500000000018,0.0,1.0
0.9,0.9,0.05,B2_SRS,0.0,constant,1.0,0,8,False,392.0,0.0,1.0
0.9,0.9,0.05,B2_SRS,0.05,alpha_0.95,0.95,0,8,False,541.2500000000018,0.19230769230769232,1.0
0.9,0.9,0.05,B2_SRS,0.05,constant,1.0,0,8,False,413.0,0.19230769230769232,1.0
0.9,0.9,0.05,B2_SRS,0.1,alpha_0.95,0.95,0,8,False,560.2500000000018,0.19230769230769232,1.0
0.9,0.9,0.05,B2_SRS,0.1,constant,1.0,0,8,False,432.0,0.19230769230769232,1.0
0.9,0.9,0.05,B2_SRS,0.2,alpha_0.95,0.95,0,8,False,594.3000000000018,0.23076923076923078,1.0
0.9,0.9,0.05,B2_SRS,0.2,constant,1.0,0,8,False,466.04999999999995,0.23076923076923078,1.0
0.9,0.9,0.05,B2_SRS,0.3,alpha_0.95,0.95,0,8,False,631.2500000000018,0.2692307692307692,1.0
0.9,0.9,0.05,B2_SRS,0.3,constant,1.0,0,8,False,503.0,0.2692307692307692,1.0
0.9,0.9,0.05,B2_SRS,0.4,alpha_0.95,0.95,0,8,False,663.2500000000018,0.3076923076923077,1.0
0.9,0.9,0.05,B2_SRS,0.4,constant,1.0,0,8,False,535.0,0.3076923076923077,1.0
0.9,0.9,0.05,B2_SRS,0.5,alpha_0.95,0.95,0,8,False,697.2500000000018,0.34615384615384615,1.0
0.9,0.9,0.05,B2_SRS,0.5,constant,1.0,0,8,False,569.0,0.34615384615384615,1.0
0.9,0.9,0.05,B2_SRS,0.7,alpha_0.95,0.95,0,8,False,761.3000000000018,0.5384615384615384,1.0
0.9,0.9,0.05,B2_SRS,0.7,constant,1.0,0,8,False,633.05,0.5384615384615384,1.0
0.9,0.9,0.05,B2_SRS,1.0,alpha_0.95,0.95,0,8,False,854.2500000000018,1.0,1.0
0.9,0.9,0.05,B2_SRS,1.0,constant,1.0,0,8,False,726.0,1.0,1.0
0.9,0.9,0.05,B3_STRATIFIED,0.0,alpha_0.95,0.95,0,8,False,520.2500000000018,0.0,1.0
0.9,0.9,0.05,B3_STRATIFIED,0.0,constant,1.0,0,8,False,392.0,0.0,1.0
0.9,0.9,0.05,B3_STRATIFIED,0.05,alpha_0.95,0.95,0,8,False,541.2500000000018,0.2692307692307692,1.0
0.9,0.9,0.05,B3_STRATIFIED,0.05,constant,1.0,0,8,False,413.0,0.2692307692307692,1.0
0.9,0.9,0.05,B3_STRATIFIED,0.1,alpha_0.95,0.95,0,8,False,559.2500000000018,0.2692307692307692,1.0
0.9,0.9,0.05,B3_STRATIFIED,0.1,constant,1.0,0,8,False,431.0,0.2692307692307692,1.0
0.9,0.9,0.05,B3_STRATIFIED,0.2,alpha_0.95,0.95,0,8,False,594.2500000000018,0.3076923076923077,1.0
0.9,0.9,0.05,B3_STRATIFIED,0.2,constant,1.0,0,8,False,466.0,0.3076923076923077,1.0
0.9,0.9,0.05,B3_STRATIFIED,0.3,alpha_0.95,0.95,0,8,False,629.2500000000018,0.38461538461538464,1.0
0.9,0.9,0.05,B3_STRATIFIED,0.3,constant,1.0,0,8,False,501.0,0.38461538461538464,1.0
0.9,0.9,0.05,B3_STRATIFIED,0.4,alpha_0.95,0.95,0,8,False,663.2500000000018,0.4230769230769231,1.0
0.9,0.9,0.05,B3_STRATIFIED,0.4,constant,1.0,0,8,False,535.0,0.4230769230769231,1.0
0.9,0.9,0.05,B3_STRATIFIED,0.5,alpha_0.95,0.95,0,8,False,695.2500000000018,0.46153846153846156,1.0
0.9,0.9,0.05,B3_STRATIFIED,0.5,constant,1.0,0,8,False,567.0,0.46153846153846156,1.0
0.9,0.9,0.05,B3_STRATIFIED,0.7,alpha_0.95,0.95,0,8,False,763.2500000000018,0.7307692307692307,1.0
0.9,0.9,0.05,B3_STRATIFIED,0.7,constant,1.0,0,8,False,635.0,0.7307692307692307,1.0
0.9,0.9,0.05,B3_STRATIFIED,1.0,alpha_0.95,0.95,0,8,False,854.2500000000018,1.0,1.0
0.9,0.9,0.05,B3_STRATIFIED,1.0,constant,1.0,0,8,False,726.0,1.0,1.0
0.9,0.9,0.1,B2_SRS,0.0,alpha_0.95,0.95,0,8,False,571.5000000000015,0.0,1.0
0.9,0.9,0.1,B2_SRS,0.0,constant,1.0,0,8,False,442.0,0.0,1.0
0.9,0.9,0.1,B2_SRS,0.05,alpha_0.95,0.95,0,8,False,592.5000000000015,0.19230769230769232,1.0
0.9,0.9,0.1,B2_SRS,0.05,constant,1.0,0,8,False,463.0,0.19230769230769232,1.0
0.9,0.9,0.1,B2_SRS,0.1,alpha_0.95,0.95,0,8,False,611.5000000000015,0.19230769230769232,1.0
0.9,0.9,0.1,B2_SRS,0.1,constant,1.0,0,8,False,482.0,0.19230769230769232,1.0
0.9,0.9,0.1,B2_SRS,0.2,alpha_0.95,0.95,0,8,False,645.5000000000015,0.23076923076923078,1.0
0.9,0.9,0.1,B2_SRS,0.2,constant,1.0,0,8,False,516.0,0.23076923076923078,1.0
0.9,0.9,0.1,B2_SRS,0.3,alpha_0.95,0.95,0,8,False,679.5000000000015,0.2692307692307692,1.0
0.9,0.9,0.1,B2_SRS,0.3,constant,1.0,0,8,False,550.0,0.2692307692307692,1.0
0.9,0.9,0.1,B2_SRS,0.4,alpha_0.95,0.95,0,8,False,713.5000000000015,0.3076923076923077,1.0
0.9,0.9,0.1,B2_SRS,0.4,constant,1.0,0,8,False,584.0,0.3076923076923077,1.0
0.9,0.9,0.1,B2_SRS,0.5,alpha_0.95,0.95,0,8,False,746.5000000000015,0.38461538461538464,1.0
0.9,0.9,0.1,B2_SRS,0.5,constant,1.0,0,8,False,617.0,0.38461538461538464,1.0
0.9,0.9,0.1,B2_SRS,0.7,alpha_0.95,0.95,0,8,False,812.5000000000015,0.5,1.0
0.9,0.9,0.1,B2_SRS,0.7,constant,1.0,0,8,False,683.0,0.5,1.0
0.9,0.9,0.1,B2_SRS,1.0,alpha_0.95,0.95,0,8,False,905.5000000000015,1.0,1.0
0.9,0.9,0.1,B2_SRS,1.0,constant,1.0,0,8,False,776.0,1.0,1.0
0.9,0.9,0.1,B3_STRATIFIED,0.0,alpha_0.95,0.95,0,8,False,571.5000000000015,0.0,1.0
0.9,0.9,0.1,B3_STRATIFIED,0.0,constant,1.0,0,8,False,442.0,0.0,1.0
0.9,0.9,0.1,B3_STRATIFIED,0.05,alpha_0.95,0.95,0,8,False,595.5000000000015,0.2692307692307692,1.0
0.9,0.9,0.1,B3_STRATIFIED,0.05,constant,1.0,0,8,False,466.0,0.2692307692307692,1.0
0.9,0.9,0.1,B3_STRATIFIED,0.1,alpha_0.95,0.95,0,8,False,612.5000000000015,0.2692307692307692,1.0
0.9,0.9,0.1,B3_STRATIFIED,0.1,constant,1.0,0,8,False,483.0,0.2692307692307692,1.0
0.9,0.9,0.1,B3_STRATIFIED,0.2,alpha_0.95,0.95,0,8,False,645.5000000000015,0.3076923076923077,1.0
0.9,0.9,0.1,B3_STRATIFIED,0.2,constant,1.0,0,8,False,516.0,0.3076923076923077,1.0
0.9,0.9,0.1,B3_STRATIFIED,0.3,alpha_0.95,0.95,0,8,False,682.5000000000015,0.34615384615384615,1.0
0.9,0.9,0.1,B3_STRATIFIED,0.3,constant,1.0,0,8,False,553.0,0.34615384615384615,1.0
0.9,0.9,0.1,B3_STRATIFIED,0.4,alpha_0.95,0.95,0,8,False,712.5000000000015,0.4230769230769231,1.0
0.9,0.9,0.1,B3_STRATIFIED,0.4,constant,1.0,0,8,False,583.0,0.4230769230769231,1.0
0.9,0.9,0.1,B3_STRATIFIED,0.5,alpha_0.95,0.95,0,8,False,746.5000000000015,0.46153846153846156,1.0
0.9,0.9,0.1,B3_STRATIFIED,0.5,constant,1.0,0,8,False,617.0,0.46153846153846156,1.0
0.9,0.9,0.1,B3_STRATIFIED,0.7,alpha_0.95,0.95,0,8,False,813.5000000000015,0.6923076923076923,1.0
0.9,0.9,0.1,B3_STRATIFIED,0.7,constant,1.0,0,8,False,684.0,0.6923076923076923,1.0
0.9,0.9,0.1,B3_STRATIFIED,1.0,alpha_0.95,0.95,0,8,False,905.5000000000015,1.0,1.0
0.9,0.9,0.1,B3_STRATIFIED,1.0,constant,1.0,0,8,False,776.0,1.0,1.0
0.9,0.9,0.2,B2_SRS,0.0,alpha_0.95,0.95,0,8,False,674.6000000000001,0.0,1.0
0.9,0.9,0.2,B2_SRS,0.0,constant,1.0,0,8,False,544.0,0.0,1.0
0.9,0.9,0.2,B2_SRS,0.05,alpha_0.95,0.95,0,8,False,694.6000000000001,0.1903846153846155,1.0
0.9,0.9,0.2,B2_SRS,0.05,constant,1.0,0,8,False,564.0,0.1903846153846155,1.0
0.9,0.9,0.2,B2_SRS,0.1,alpha_0.95,0.95,0,8,False,712.6000000000001,0.19230769230769232,1.0
0.9,0.9,0.2,B2_SRS,0.1,constant,1.0,0,8,False,582.0,0.19230769230769232,1.0
0.9,0.9,0.2,B2_SRS,0.2,alpha_0.95,0.95,0,8,False,746.6000000000001,0.23076923076923078,1.0
0.9,0.9,0.2,B2_SRS,0.2,constant,1.0,0,8,False,616.0,0.23076923076923078,1.0
0.9,0.9,0.2,B2_SRS,0.3,alpha_0.95,0.95,0,8,False,779.6000000000001,0.2692307692307692,1.0
0.9,0.9,0.2,B2_SRS,0.3,constant,1.0,0,8,False,649.0,0.2692307692307692,1.0
0.9,0.9,0.2,B2_SRS,0.4,alpha_0.95,0.95,0,8,False,815.6000000000001,0.3057692307692309,1.0
0.9,0.9,0.2,B2_SRS,0.4,constant,1.0,0,8,False,685.0,0.3057692307692309,1.0
0.9,0.9,0.2,B2_SRS,0.5,alpha_0.95,0.95,0,8,False,848.6000000000001,0.34615384615384615,1.0
0.9,0.9,0.2,B2_SRS,0.5,constant,1.0,0,8,False,718.0,0.34615384615384615,1.0
0.9,0.9,0.2,B2_SRS,0.7,alpha_0.95,0.95,0,8,False,914.6000000000001,0.46153846153846156,1.0
0.9,0.9,0.2,B2_SRS,0.7,constant,1.0,0,8,False,784.0,0.46153846153846156,1.0
0.9,0.9,0.2,B2_SRS,1.0,alpha_0.95,0.95,0,8,False,1008.6000000000001,1.0,1.0
0.9,0.9,0.2,B2_SRS,1.0,constant,1.0,0,8,False,878.0,1.0,1.0
0.9,0.9,0.2,B3_STRATIFIED,0.0,alpha_0.95,0.95,0,8,False,674.6000000000001,0.0,1.0
0.9,0.9,0.2,B3_STRATIFIED,0.0,constant,1.0,0,8,False,544.0,0.0,1.0
0.9,0.9,0.2,B3_STRATIFIED,0.05,alpha_0.95,0.95,0,8,False,695.6000000000001,0.2692307692307692,1.0
0.9,0.9,0.2,B3_STRATIFIED,0.05,constant,1.0,0,8,False,565.0,0.2692307692307692,1.0
0.9,0.9,0.2,B3_STRATIFIED,0.1,alpha_0.95,0.95,0,8,False,713.6000000000001,0.2692307692307692,1.0
0.9,0.9,0.2,B3_STRATIFIED,0.1,constant,1.0,0,8,False,583.0,0.2692307692307692,1.0
0.9,0.9,0.2,B3_STRATIFIED,0.2,alpha_0.95,0.95,0,8,False,748.6000000000001,0.3076923076923077,1.0
0.9,0.9,0.2,B3_STRATIFIED,0.2,constant,1.0,0,8,False,618.0,0.3076923076923077,1.0
0.9,0.9,0.2,B3_STRATIFIED,0.3,alpha_0.95,0.95,0,8,False,782.6000000000001,0.34615384615384615,1.0
0.9,0.9,0.2,B3_STRATIFIED,0.3,constant,1.0,0,8,False,652.0,0.34615384615384615,1.0
0.9,0.9,0.2,B3_STRATIFIED,0.4,alpha_0.95,0.95,0,8,False,815.6000000000001,0.4230769230769231,1.0
0.9,0.9,0.2,B3_STRATIFIED,0.4,constant,1.0,0,8,False,685.0,0.4230769230769231,1.0
0.9,0.9,0.2,B3_STRATIFIED,0.5,alpha_0.95,0.95,0,8,False,848.6000000000001,0.4230769230769231,1.0
0.9,0.9,0.2,B3_STRATIFIED,0.5,constant,1.0,0,8,False,718.0,0.4230769230769231,1.0
0.9,0.9,0.2,B3_STRATIFIED,0.7,alpha_0.95,0.95,0,8,False,915.6000000000001,0.6923076923076923,1.0
0.9,0.9,0.2,B3_STRATIFIED,0.7,constant,1.0,0,8,False,785.0,0.6923076923076923,1.0
0.9,0.9,0.2,B3_STRATIFIED,1.0,alpha_0.95,0.95,0,8,False,1008.6000000000001,1.0,1.0
0.9,0.9,0.2,B3_STRATIFIED,1.0,constant,1.0,0,8,False,878.0,1.0,1.0
0.9,0.95,0.0,B2_SRS,0.0,alpha_0.95,0.95,0,8,False,408.2500000000006,0.0,1.0
0.9,0.95,0.0,B2_SRS,0.0,constant,1.0,0,8,False,286.0,0.0,1.0
0.9,0.95,0.0,B2_SRS,0.05,alpha_0.95,0.95,0,8,False,434.2500000000006,0.15384615384615385,1.0
0.9,0.95,0.0,B2_SRS,0.05,constant,1.0,0,8,False,312.0,0.15384615384615385,1.0
0.9,0.95,0.0,B2_SRS,0.1,alpha_0.95,0.95,0,8,False,452.3000000000006,0.19230769230769232,1.0
0.9,0.95,0.0,B2_SRS,0.1,constant,1.0,0,8,False,330.04999999999995,0.19230769230769232,1.0
0.9,0.95,0.0,B2_SRS,0.2,alpha_0.95,0.95,0,8,False,486.2500000000006,0.23076923076923078,1.0
0.9,0.95,0.0,B2_SRS,0.2,constant,1.0,0,8,False,364.0,0.23076923076923078,1.0
0.9,0.95,0.0,B2_SRS,0.3,alpha_0.95,0.95,0,8,False,524.2500000000007,0.2692307692307692,1.0
0.9,0.95,0.0,B2_SRS,0.3,constant,1.0,0,8,False,402.0,0.2692307692307692,1.0
0.9,0.95,0.0,B2_SRS,0.4,alpha_0.95,0.95,0,8,False,558.2500000000007,0.3076923076923077,1.0
0.9,0.95,0.0,B2_SRS,0.4,constant,1.0,0,8,False,436.0,0.3076923076923077,1.0
0.9,0.95,0.0,B2_SRS,0.5,alpha_0.95,0.95,0,8,False,591.2500000000007,0.38461538461538464,1.0
0.9,0.95,0.0,B2_SRS,0.5,constant,1.0,0,8,False,469.0,0.38461538461538464,1.0
0.9,0.95,0.0,B2_SRS,0.7,alpha_0.95,0.95,0,8,False,657.2500000000007,0.5384615384615384,1.0
0.9,0.95,0.0,B2_SRS,0.7,constant,1.0,0,8,False,535.0,0.5384615384615384,1.0
0.9,0.95,0.0,B2_SRS,1.0,alpha_0.95,0.95,0,8,False,742.2500000000007,1.0,1.0
0.9,0.95,0.0,B2_SRS,1.0,constant,1.0,0,8,False,620.0,1.0,1.0
0.9,0.95,0.0,B3_STRATIFIED,0.0,alpha_0.95,0.95,0,8,False,408.2500000000006,0.0,1.0
0.9,0.95,0.0,B3_STRATIFIED,0.0,constant,1.0,0,8,False,286.0,0.0,1.0
0.9,0.95,0.0,B3_STRATIFIED,0.05,alpha_0.95,0.95,0,8,False,433.2500000000006,0.2692307692307692,1.0
0.9,0.95,0.0,B3_STRATIFIED,0.05,constant,1.0,0,8,False,350.0,0.2692307692307692,1.0
0.9,0.95,0.0,B3_STRATIFIED,0.1,alpha_0.95,0.95,0,8,False,450.2500000000006,0.2692307692307692,1.0
0.9,0.95,0.0,B3_STRATIFIED,0.1,constant,1.0,0,8,False,350.0,0.2692307692307692,1.0
0.9,0.95,0.0,B3_STRATIFIED,0.2,alpha_0.95,0.95,0,8,False,483.3000000000006,0.3076923076923077,1.0
0.9,0.95,0.0,B3_STRATIFIED,0.2,constant,1.0,0,8,False,361.04999999999995,0.3076923076923077,1.0
0.9,0.95,0.0,B3_STRATIFIED,0.3,alpha_0.95,0.95,0,8,False,521.2500000000007,0.34615384615384615,1.0
0.9,0.95,0.0,B3_STRATIFIED,0.3,constant,1.0,0,8,False,399.0,0.34615384615384615,1.0
0.9,0.95,0.0,B3_STRATIFIED,0.4,alpha_0.95,0.95,0,8,False,555.2500000000007,0.4230769230769231,1.0
0.9,0.95,0.0,B3_STRATIFIED,0.4,constant,1.0,0,8,False,433.0,0.4230769230769231,1.0
0.9,0.95,0.0,B3_STRATIFIED,0.5,alpha_0.95,0.95,0,8,False,585.2500000000007,0.45961538461538476,1.0
0.9,0.95,0.0,B3_STRATIFIED,0.5,constant,1.0,0,8,False,463.0,0.45961538461538476,1.0
0.9,0.95,0.0,B3_STRATIFIED,0.7,alpha_0.95,0.95,0,8,False,654.2500000000007,0.6923076923076923,1.0
0.9,0.95,0.0,B3_STRATIFIED,0.7,constant,1.0,0,8,False,532.0,0.6923076923076923,1.0
0.9,0.95,0.0,B3_STRATIFIED,1.0,alpha_0.95,0.95,0,8,False,742.2500000000007,1.0,1.0
0.9,0.95,0.0,B3_STRATIFIED,1.0,constant,1.0,0,8,False,620.0,1.0,1.0
0.9,0.95,0.05,B2_SRS,0.0,alpha_0.95,0.95,0,8,False,466.6500000000014,0.0,1.0
0.9,0.95,0.05,B2_SRS,0.0,constant,1.0,0,8,False,340.0,0.0,1.0
0.9,0.95,0.05,B2_SRS,0.05,alpha_0.95,0.95,0,8,False,488.6500000000014,0.15384615384615385,1.0
0.9,0.95,0.05,B2_SRS,0.05,constant,1.0,0,8,False,362.0,0.15384615384615385,1.0
0.9,0.95,0.05,B2_SRS,0.1,alpha_0.95,0.95,0,8,False,507.6500000000014,0.19230769230769232,1.0
0.9,0.95,0.05,B2_SRS,0.1,constant,1.0,0,8,False,381.0,0.19230769230769232,1.0
0.9,0.95,0.05,B2_SRS,0.2,alpha_0.95,0.95,0,8,False,542.6500000000015,0.23076923076923078,1.0
0.9,0.95,0.05,B2_SRS,0.2,constant,1.0,0,8,False,416.0,0.23076923076923078,1.0
0.9,0.95,0.05,B2_SRS,0.3,alpha_0.95,0.95,0,8,False,576.6500000000015,0.2692307692307692,1.0
0.9,0.95,0.05,B2_SRS,0.3,constant,1.0,0,8,False,450.0,0.2692307692307692,1.0
0.9,0.95,0.05,B2_SRS,0.4,alpha_0.95,0.95,0,8,False,610.7000000000014,0.34615384615384615,1.0
0.9,0.95,0.05,B2_SRS,0.4,constant,1.0,0,8,False,484.04999999999995,0.34615384615384615,1.0
0.9,0.95,0.05,B2_SRS,0.5,alpha_0.95,0.95,0,8,False,644.6500000000015,0.38461538461538464,1.0
0.9,0.95,0.05,B2_SRS,0.5,constant,1.0,0,8,False,518.0,0.38461538461538464,1.0
0.9,0.95,0.05,B2_SRS,0.7,alpha_0.95,0.95,0,8,False,709.6500000000015,0.5384615384615384,1.0
0.9,0.95,0.05,B2_SRS,0.7,constant,1.0,0,8,False,583.0,0.5384615384615384,1.0
0.9,0.95,0.05,B2_SRS,1.0,alpha_0.95,0.95,0,8,False,800.6500000000015,1.0,1.0
0.9,0.95,0.05,B2_SRS,1.0,constant,1.0,0,8,False,674.0,1.0,1.0
0.9,0.95,0.05,B3_STRATIFIED,0.0,alpha_0.95,0.95,0,8,False,466.6500000000014,0.0,1.0
0.9,0.95,0.05,B3_STRATIFIED,0.0,constant,1.0,0,8,False,340.0,0.0,1.0
0.9,0.95,0.05,B3_STRATIFIED,0.05,alpha_0.95,0.95,0,8,False,488.6500000000014,0.2692307692307692,1.0
0.9,0.95,0.05,B3_STRATIFIED,0.05,constant,1.0,0,8,False,362.0,0.2692307692307692,1.0
0.9,0.95,0.05,B3_STRATIFIED,0.1,alpha_0.95,0.95,0,8,False,507.6500000000014,0.2692307692307692,1.0
0.9,0.95,0.05,B3_STRATIFIED,0.1,constant,1.0,0,8,False,381.0,0.2692307692307692,1.0
0.9,0.95,0.05,B3_STRATIFIED,0.2,alpha_0.95,0.95,0,8,False,537.6500000000015,0.3076923076923077,1.0
0.9,0.95,0.05,B3_STRATIFIED,0.2,constant,1.0,0,8,False,411.0,0.3076923076923077,1.0
0.9,0.95,0.05,B3_STRATIFIED,0.3,alpha_0.95,0.95,0,8,False,575.6500000000015,0.38461538461538464,1.0
0.9,0.95,0.05,B3_STRATIFIED,0.3,constant,1.0,0,8,False,449.0,0.38461538461538464,1.0
0.9,0.95,0.05,B3_STRATIFIED,0.4,alpha_0.95,0.95,0,8,False,605.6500000000015,0.4230769230769231,1.0
0.9,0.95,0.05,B3_STRATIFIED,0.4,constant,1.0,0,8,False,479.0,0.4230769230769231,1.0
0.9,0.95,0.05,B3_STRATIFIED,0.5,alpha_0.95,0.95,0,8,False,641.6500000000015,0.45961538461538476,1.0
0.9,0.95,0.05,B3_STRATIFIED,0.5,constant,1.0,0,8,False,515.0,0.45961538461538476,1.0
0.9,0.95,0.05,B3_STRATIFIED,0.7,alpha_0.95,0.95,0,8,False,707.6500000000015,0.6923076923076923,1.0
0.9,0.95,0.05,B3_STRATIFIED,0.7,constant,1.0,0,8,False,581.0,0.6923076923076923,1.0
0.9,0.95,0.05,B3_STRATIFIED,1.0,alpha_0.95,0.95,0,8,False,800.6500000000015,1.0,1.0
0.9,0.95,0.05,B3_STRATIFIED,1.0,constant,1.0,0,8,False,674.0,1.0,1.0
0.9,0.95,0.1,B2_SRS,0.0,alpha_0.95,0.95,0,8,False,520.2500000000018,0.0,1.0
0.9,0.95,0.1,B2_SRS,0.0,constant,1.0,0,8,False,392.0,0.0,1.0
0.9,0.95,0.1,B2_SRS,0.05,alpha_0.95,0.95,0,8,False,541.2500000000018,0.15384615384615385,1.0
0.9,0.95,0.1,B2_SRS,0.05,constant,1.0,0,8,False,413.0,0.15384615384615385,1.0
0.9,0.95,0.1,B2_SRS,0.1,alpha_0.95,0.95,0,8,False,560.2500000000018,0.19230769230769232,1.0
0.9,0.95,0.1,B2_SRS,0.1,constant,1.0,0,8,False,432.0,0.19230769230769232,1.0
0.9,0.95,0.1,B2_SRS,0.2,alpha_0.95,0.95,0,8,False,594.3000000000018,0.23076923076923078,1.0
0.9,0.95,0.1,B2_SRS,0.2,constant,1.0,0,8,False,466.04999999999995,0.23076923076923078,1.0
0.9,0.95,0.1,B2_SRS,0.3,alpha_0.95,0.95,0,8,False,631.2500000000018,0.3057692307692309,1.0
0.9,0.95,0.1,B2_SRS,0.3,constant,1.0,0,8,False,503.0,0.3057692307692309,1.0
0.9,0.95,0.1,B2_SRS,0.4,alpha_0.95,0.95,0,8,False,663.2500000000018,0.34615384615384615,1.0
0.9,0.95,0.1,B2_SRS,0.4,constant,1.0,0,8,False,535.0,0.34615384615384615,1.0
0.9,0.95,0.1,B2_SRS,0.5,alpha_0.95,0.95,0,8,False,697.2500000000018,0.38461538461538464,1.0
0.9,0.95,0.1,B2_SRS,0.5,constant,1.0,0,8,False,569.0,0.38461538461538464,1.0
0.9,0.95,0.1,B2_SRS,0.7,alpha_0.95,0.95,0,8,False,761.3000000000018,0.5,1.0
0.9,0.95,0.1,B2_SRS,0.7,constant,1.0,0,8,False,633.05,0.5,1.0
0.9,0.95,0.1,B2_SRS,1.0,alpha_0.95,0.95,0,8,False,854.2500000000018,1.0,1.0
0.9,0.95,0.1,B2_SRS,1.0,constant,1.0,0,8,False,726.0,1.0,1.0
0.9,0.95,0.1,B3_STRATIFIED,0.0,alpha_0.95,0.95,0,8,False,520.2500000000018,0.0,1.0
0.9,0.95,0.1,B3_STRATIFIED,0.0,constant,1.0,0,8,False,392.0,0.0,1.0
0.9,0.95,0.1,B3_STRATIFIED,0.05,alpha_0.95,0.95,0,8,False,541.2500000000018,0.2692307692307692,1.0
0.9,0.95,0.1,B3_STRATIFIED,0.05,constant,1.0,0,8,False,413.0,0.2692307692307692,1.0
0.9,0.95,0.1,B3_STRATIFIED,0.1,alpha_0.95,0.95,0,8,False,559.2500000000018,0.2692307692307692,1.0
0.9,0.95,0.1,B3_STRATIFIED,0.1,constant,1.0,0,8,False,431.0,0.2692307692307692,1.0
0.9,0.95,0.1,B3_STRATIFIED,0.2,alpha_0.95,0.95,0,8,False,594.2500000000018,0.3076923076923077,1.0
0.9,0.95,0.1,B3_STRATIFIED,0.2,constant,1.0,0,8,False,466.0,0.3076923076923077,1.0
0.9,0.95,0.1,B3_STRATIFIED,0.3,alpha_0.95,0.95,0,8,False,629.2500000000018,0.38269230769230783,1.0
0.9,0.95,0.1,B3_STRATIFIED,0.3,constant,1.0,0,8,False,501.0,0.38269230769230783,1.0
0.9,0.95,0.1,B3_STRATIFIED,0.4,alpha_0.95,0.95,0,8,False,663.2500000000018,0.4230769230769231,1.0
0.9,0.95,0.1,B3_STRATIFIED,0.4,constant,1.0,0,8,False,535.0,0.4230769230769231,1.0
0.9,0.95,0.1,B3_STRATIFIED,0.5,alpha_0.95,0.95,0,8,False,695.2500000000018,0.46153846153846156,1.0
0.9,0.95,0.1,B3_STRATIFIED,0.5,constant,1.0,0,8,False,567.0,0.46153846153846156,1.0
0.9,0.95,0.1,B3_STRATIFIED,0.7,alpha_0.95,0.95,0,8,False,763.2500000000018,0.6923076923076923,1.0
0.9,0.95,0.1,B3_STRATIFIED,0.7,constant,1.0,0,8,False,635.0,0.6923076923076923,1.0
0.9,0.95,0.1,B3_STRATIFIED,1.0,alpha_0.95,0.95,0,8,False,854.2500000000018,1.0,1.0
0.9,0.95,0.1,B3_STRATIFIED,1.0,constant,1.0,0,8,False,726.0,1.0,1.0
0.9,0.95,0.2,B2_SRS,0.0,alpha_0.95,0.95,0,8,False,628.6000000000006,0.0,1.0
0.9,0.95,0.2,B2_SRS,0.0,constant,1.0,0,8,False,498.0,0.0,1.0
0.9,0.95,0.2,B2_SRS,0.05,alpha_0.95,0.95,0,8,False,648.6000000000006,0.15384615384615385,1.0
0.9,0.95,0.2,B2_SRS,0.05,constant,1.0,0,8,False,518.0,0.15384615384615385,1.0
0.9,0.95,0.2,B2_SRS,0.1,alpha_0.95,0.95,0,8,False,665.6000000000006,0.19230769230769232,1.0
0.9,0.95,0.2,B2_SRS,0.1,constant,1.0,0,8,False,535.0,0.19230769230769232,1.0
0.9,0.95,0.2,B2_SRS,0.2,alpha_0.95,0.95,0,8,False,700.6000000000006,0.19230769230769232,1.0
0.9,0.95,0.2,B2_SRS,0.2,constant,1.0,0,8,False,570.0,0.19230769230769232,1.0
0.9,0.95,0.2,B2_SRS,0.3,alpha_0.95,0.95,0,8,False,734.6000000000006,0.23076923076923078,1.0
0.9,0.95,0.2,B2_SRS,0.3,constant,1.0,0,8,False,604.0,0.23076923076923078,1.0
0.9,0.95,0.2,B2_SRS,0.4,alpha_0.95,0.95,0,8,False,768.6000000000006,0.3076923076923077,1.0
0.9,0.95,0.2,B2_SRS,0.4,constant,1.0,0,8,False,638.0,0.3076923076923077,1.0
0.9,0.95,0.2,B2_SRS,0.5,alpha_0.95,0.95,0,8,False,802.6000000000006,0.34615384615384615,1.0
0.9,0.95,0.2,B2_SRS,0.5,constant,1.0,0,8,False,672.0,0.34615384615384615,1.0
0.9,0.95,0.2,B2_SRS,0.7,alpha_0.95,0.95,0,8,False,867.6000000000006,0.5,1.0
0.9,0.95,0.2,B2_SRS,0.7,constant,1.0,0,8,False,737.0,0.5,1.0
0.9,0.95,0.2,B2_SRS,1.0,alpha_0.95,0.95,0,8,False,962.6000000000006,1.0,1.0
0.9,0.95,0.2,B2_SRS,1.0,constant,1.0,0,8,False,832.0,1.0,1.0
0.9,0.95,0.2,B3_STRATIFIED,0.0,alpha_0.95,0.95,0,8,False,628.6000000000006,0.0,1.0
0.9,0.95,0.2,B3_STRATIFIED,0.0,constant,1.0,0,8,False,498.0,0.0,1.0
0.9,0.95,0.2,B3_STRATIFIED,0.05,alpha_0.95,0.95,0,8,False,648.6000000000006,0.2692307692307692,1.0
0.9,0.95,0.2,B3_STRATIFIED,0.05,constant,1.0,0,8,False,518.0,0.2692307692307692,1.0
0.9,0.95,0.2,B3_STRATIFIED,0.1,alpha_0.95,0.95,0,8,False,666.6000000000006,0.2692307692307692,1.0
0.9,0.95,0.2,B3_STRATIFIED,0.1,constant,1.0,0,8,False,536.0,0.2692307692307692,1.0
0.9,0.95,0.2,B3_STRATIFIED,0.2,alpha_0.95,0.95,0,8,False,699.6000000000006,0.2692307692307692,1.0
0.9,0.95,0.2,B3_STRATIFIED,0.2,constant,1.0,0,8,False,569.0,0.2692307692307692,1.0
0.9,0.95,0.2,B3_STRATIFIED,0.3,alpha_0.95,0.95,0,8,False,735.6000000000006,0.34615384615384615,1.0
0.9,0.95,0.2,B3_STRATIFIED,0.3,constant,1.0,0,8,False,605.0,0.34615384615384615,1.0
0.9,0.95,0.2,B3_STRATIFIED,0.4,alpha_0.95,0.95,0,8,False,768.6000000000006,0.4230769230769231,1.0
0.9,0.95,0.2,B3_STRATIFIED,0.4,constant,1.0,0,8,False,638.0,0.4230769230769231,1.0
0.9,0.95,0.2,B3_STRATIFIED,0.5,alpha_0.95,0.95,0,8,False,803.6000000000006,0.46153846153846156,1.0
0.9,0.95,0.2,B3_STRATIFIED,0.5,constant,1.0,0,8,False,673.0,0.46153846153846156,1.0
0.9,0.95,0.2,B3_STRATIFIED,0.7,alpha_0.95,0.95,0,8,False,869.6000000000006,0.6923076923076923,1.0
0.9,0.95,0.2,B3_STRATIFIED,0.7,constant,1.0,0,8,False,739.0,0.6923076923076923,1.0
0.9,0.95,0.2,B3_STRATIFIED,1.0,alpha_0.95,0.95,0,8,False,962.6000000000006,1.0,1.0
0.9,0.95,0.2,B3_STRATIFIED,1.0,constant,1.0,0,8,False,832.0,1.0,1.0
0.9,0.97,0.0,B2_SRS,0.0,alpha_0.95,0.95,0,8,False,383.8500000000003,0.0,1.0
0.9,0.97,0.0,B2_SRS,0.0,constant,1.0,0,8,False,264.0,0.0,1.0
0.9,0.97,0.0,B2_SRS,0.05,alpha_0.95,0.95,0,8,False,410.8500000000003,0.15384615384615385,1.0
0.9,0.97,0.0,B2_SRS,0.05,constant,1.0,0,8,False,291.0,0.15384615384615385,1.0
0.9,0.97,0.0,B2_SRS,0.1,alpha_0.95,0.95,0,8,False,430.8500000000003,0.19230769230769232,1.0
0.9,0.97,0.0,B2_SRS,0.1,constant,1.0,0,8,False,311.0,0.19230769230769232,1.0
0.9,0.97,0.0,B2_SRS,0.2,alpha_0.95,0.95,0,8,False,467.8500000000003,0.23076923076923078,1.0
0.9,0.97,0.0,B2_SRS,0.2,constant,1.0,0,8,False,348.0,0.23076923076923078,1.0
0.9,0.97,0.0,B2_SRS,0.3,alpha_0.95,0.95,0,8,False,503.8500000000003,0.2692307692307692,1.0
0.9,0.97,0.0,B2_SRS,0.3,constant,1.0,0,8,False,384.0,0.2692307692307692,1.0
0.9,0.97,0.0,B2_SRS,0.4,alpha_0.95,0.95,0,8,False,539.8500000000004,0.3076923076923077,1.0
0.9,0.97,0.0,B2_SRS,0.4,constant,1.0,0,8,False,420.0,0.3076923076923077,1.0
0.9,0.97,0.0,B2_SRS,0.5,alpha_0.95,0.95,0,8,False,570.8500000000004,0.38461538461538464,1.0
0.9,0.97,0.0,B2_SRS,0.5,constant,1.0,0,8,False,451.0,0.38461538461538464,1.0
0.9,0.97,0.0,B2_SRS,0.7,alpha_0.95,0.95,0,8,False,636.8500000000004,0.5365384615384616,1.0
0.9,0.97,0.0,B2_SRS,0.7,constant,1.0,0,8,False,517.0,0.5365384615384616,1.0
0.9,0.97,0.0,B2_SRS,1.0,alpha_0.95,0.95,0,8,False,717.8500000000004,1.0,1.0
0.9,0.97,0.0,B2_SRS,1.0,constant,1.0,0,8,False,598.0,1.0,1.0
0.9,0.97,0.0,B3_STRATIFIED,0.0,alpha_0.95,0.95,0,8,False,383.8500000000003,0.0,1.0
0.9,0.97,0.0,B3_STRATIFIED,0.0,constant,1.0,0,8,False,264.0,0.0,1.0
0.9,0.97,0.0,B3_STRATIFIED,0.05,alpha_0.95,0.95,0,8,False,421.8500000000003,0.2692307692307692,1.0
0.9,0.97,0.0,B3_STRATIFIED,0.05,constant,1.0,0,8,False,350.0,0.2692307692307692,1.0
0.9,0.97,0.0,B3_STRATIFIED,0.1,alpha_0.95,0.95,0,8,False,436.8500000000003,0.2692307692307692,1.0
0.9,0.97,0.0,B3_STRATIFIED,0.1,constant,1.0,0,8,False,350.0,0.2692307692307692,1.0
0.9,0.97,0.0,B3_STRATIFIED,0.2,alpha_0.95,0.95,0,8,False,469.8500000000003,0.3057692307692309,1.0
0.9,0.97,0.0,B3_STRATIFIED,0.2,constant,1.0,0,8,False,350.0,0.3057692307692309,1.0
0.9,0.97,0.0,B3_STRATIFIED,0.3,alpha_0.95,0.95,0,8,False,502.8500000000003,0.38269230769230783,1.0
0.9,0.97,0.0,B3_STRATIFIED,0.3,constant,1.0,0,8,False,383.0,0.38269230769230783,1.0
0.9,0.97,0.0,B3_STRATIFIED,0.4,alpha_0.95,0.95,0,8,False,540.9000000000003,0.4230769230769231,1.0
0.9,0.97,0.0,B3_STRATIFIED,0.4,constant,1.0,0,8,False,421.04999999999995,0.4230769230769231,1.0
0.9,0.97,0.0,B3_STRATIFIED,0.5,alpha_0.95,0.95,0,8,False,566.8500000000004,0.45961538461538476,1.0
0.9,0.97,0.0,B3_STRATIFIED,0.5,constant,1.0,0,8,False,447.0,0.45961538461538476,1.0
0.9,0.97,0.0,B3_STRATIFIED,0.7,alpha_0.95,0.95,0,8,False,634.8500000000004,0.6923076923076923,1.0
0.9,0.97,0.0,B3_STRATIFIED,0.7,constant,1.0,0,8,False,515.0,0.6923076923076923,1.0
0.9,0.97,0.0,B3_STRATIFIED,1.0,alpha_0.95,0.95,0,8,False,717.8500000000004,1.0,1.0
0.9,0.97,0.0,B3_STRATIFIED,1.0,constant,1.0,0,8,False,598.0,1.0,1.0
0.9,0.97,0.05,B2_SRS,0.0,alpha_0.95,0.95,0,8,False,443.0000000000011,0.0,1.0
0.9,0.97,0.05,B2_SRS,0.0,constant,1.0,0,8,False,318.0,0.0,1.0
0.9,0.97,0.05,B2_SRS,0.05,alpha_0.95,0.95,0,8,False,465.0000000000011,0.15384615384615385,1.0
0.9,0.97,0.05,B2_SRS,0.05,constant,1.0,0,8,False,340.0,0.15384615384615385,1.0
0.9,0.97,0.05,B2_SRS,0.1,alpha_0.95,0.95,0,8,False,484.0000000000011,0.19230769230769232,1.0
0.9,0.97,0.05,B2_SRS,0.1,constant,1.0,0,8,False,359.0,0.19230769230769232,1.0
0.9,0.97,0.05,B2_SRS,0.2,alpha_0.95,0.95,0,8,False,519.0000000000011,0.23076923076923078,1.0
0.9,0.97,0.05,B2_SRS,0.2,constant,1.0,0,8,False,394.0,0.23076923076923078,1.0
0.9,0.97,0.05,B2_SRS,0.3,alpha_0.95,0.95,0,8,False,554.0000000000011,0.3057692307692309,1.0
0.9,0.97,0.05,B2_SRS,0.3,constant,1.0,0,8,False,429.0,0.3057692307692309,1.0
0.9,0.97,0.05,B2_SRS,0.4,alpha_0.95,0.95,0,8,False,589.0000000000011,0.3076923076923077,1.0
0.9,0.97,0.05,B2_SRS,0.4,constant,1.0,0,8,False,464.0,0.3076923076923077,1.0
0.9,0.97,0.05,B2_SRS,0.5,alpha_0.95,0.95,0,8,False,623.0000000000011,0.38461538461538464,1.0
0.9,0.97,0.05,B2_SRS,0.5,constant,1.0,0,8,False,498.0,0.38461538461538464,1.0
0.9,0.97,0.05,B2_SRS,0.7,alpha_0.95,0.95,0,8,False,689.0000000000011,0.5,1.0
0.9,0.97,0.05,B2_SRS,0.7,constant,1.0,0,8,False,564.0,0.5,1.0
0.9,0.97,0.05,B2_SRS,1.0,alpha_0.95,0.95,0,8,False,777.0000000000011,1.0,1.0
0.9,0.97,0.05,B2_SRS,1.0,constant,1.0,0,8,False,652.0,1.0,1.0
0.9,0.97,0.05,B3_STRATIFIED,0.0,alpha_0.95,0.95,0,8,False,443.0000000000011,0.0,1.0
0.9,0.97,0.05,B3_STRATIFIED,0.0,constant,1.0,0,8,False,318.0,0.0,1.0
0.9,0.97,0.05,B3_STRATIFIED,0.05,alpha_0.95,0.95,0,8,False,465.0000000000011,0.2692307692307692,1.0
0.9,0.97,0.05,B3_STRATIFIED,0.05,constant,1.0,0,8,False,350.0,0.2692307692307692,1.0
0.9,0.97,0.05,B3_STRATIFIED,0.1,alpha_0.95,0.95,0,8,False,485.0000000000011,0.2692307692307692,1.0
0.9,0.97,0.05,B3_STRATIFIED,0.1,constant,1.0,0,8,False,360.0,0.2692307692307692,1.0
0.9,0.97,0.05,B3_STRATIFIED,0.2,alpha_0.95,0.95,0,8,False,519.0500000000011,0.3076923076923077,1.0
0.9,0.97,0.05,B3_STRATIFIED,0.2,constant,1.0,0,8,False,394.04999999999995,0.3076923076923077,1.0
0.9,0.97,0.05,B3_STRATIFIED,0.3,alpha_0.95,0.95,0,8,False,554.0000000000011,0.34615384615384615,1.0
0.9,0.97,0.05,B3_STRATIFIED,0.3,constant,1.0,0,8,False,429.0,0.34615384615384615,1.0
0.9,0.97,0.05,B3_STRATIFIED,0.4,alpha_0.95,0.95,0,8,False,587.0000000000011,0.4230769230769231,1.0
0.9,0.97,0.05,B3_STRATIFIED,0.4,constant,1.0,0,8,False,462.0,0.4230769230769231,1.0
0.9,0.97,0.05,B3_STRATIFIED,0.5,alpha_0.95,0.95,0,8,False,616.0500000000011,0.4230769230769231,1.0
0.9,0.97,0.05,B3_STRATIFIED,0.5,constant,1.0,0,8,False,491.04999999999995,0.4230769230769231,1.0
0.9,0.97,0.05,B3_STRATIFIED,0.7,alpha_0.95,0.95,0,8,False,687.0000000000011,0.6923076923076923,1.0
0.9,0.97,0.05,B3_STRATIFIED,0.7,constant,1.0,0,8,False,562.0,0.6923076923076923,1.0
0.9,0.97,0.05,B3_STRATIFIED,1.0,alpha_0.95,0.95,0,8,False,777.0000000000011,1.0,1.0
0.9,0.97,0.05,B3_STRATIFIED,1.0,constant,1.0,0,8,False,652.0,1.0,1.0
0.9,0.97,0.1,B2_SRS,0.0,alpha_0.95,0.95,0,8,False,499.75000000000165,0.0,1.0
0.9,0.97,0.1,B2_SRS,0.0,constant,1.0,0,8,False,372.0,0.0,1.0
0.9,0.97,0.1,B2_SRS,0.05,alpha_0.95,0.95,0,8,False,521.7500000000016,0.15384615384615385,1.0
0.9,0.97,0.1,B2_SRS,0.05,constant,1.0,0,8,False,394.0,0.15384615384615385,1.0
0.9,0.97,0.1,B2_SRS,0.1,alpha_0.95,0.95,0,8,False,538.7500000000016,0.19230769230769232,1.0
0.9,0.97,0.1,B2_SRS,0.1,constant,1.0,0,8,False,411.0,0.19230769230769232,1.0
0.9,0.97,0.1,B2_SRS,0.2,alpha_0.95,0.95,0,8,False,574.7500000000016,0.23076923076923078,1.0
0.9,0.97,0.1,B2_SRS,0.2,constant,1.0,0,8,False,447.0,0.23076923076923078,1.0
0.9,0.97,0.1,B2_SRS,0.3,alpha_0.95,0.95,0,8,False,609.7500000000016,0.3076923076923077,1.0
0.9,0.97,0.1,B2_SRS,0.3,constant,1.0,0,8,False,482.0,0.3076923076923077,1.0
0.9,0.97,0.1,B2_SRS,0.4,alpha_0.95,0.95,0,8,False,642.7500000000016,0.34615384615384615,1.0
0.9,0.97,0.1,B2_SRS,0.4,constant,1.0,0,8,False,515.0,0.34615384615384615,1.0
0.9,0.97,0.1,B2_SRS,0.5,alpha_0.95,0.95,0,8,False,675.8000000000015,0.38461538461538464,1.0
0.9,0.97,0.1,B2_SRS,0.5,constant,1.0,0,8,False,548.05,0.38461538461538464,1.0
0.9,0.97,0.1,B2_SRS,0.7,alpha_0.95,0.95,0,8,False,741.7500000000016,0.5,1.0
0.9,0.97,0.1,B2_SRS,0.7,constant,1.0,0,8,False,614.0,0.5,1.0
0.9,0.97,0.1,B2_SRS,1.0,alpha_0.95,0.95,0,8,False,833.7500000000016,1.0,1.0
0.9,0.97,0.1,B2_SRS,1.0,constant,1.0,0,8,False,706.0,1.0,1.0
0.9,0.97,0.1,B3_STRATIFIED,0.0,alpha_0.95,0.95,0,8,False,499.75000000000165,0.0,1.0
0.9,0.97,0.1,B3_STRATIFIED,0.0,constant,1.0,0,8,False,372.0,0.0,1.0
0.9,0.97,0.1,B3_STRATIFIED,0.05,alpha_0.95,0.95,0,8,False,522.7500000000016,0.2692307692307692,1.0
0.9,0.97,0.1,B3_STRATIFIED,0.05,constant,1.0,0,8,False,395.0,0.2692307692307692,1.0
0.9,0.97,0.1,B3_STRATIFIED,0.1,alpha_0.95,0.95,0,8,False,537.8000000000015,0.2692307692307692,1.0
0.9,0.97,0.1,B3_STRATIFIED,0.1,constant,1.0,0,8,False,410.04999999999995,0.2692307692307692,1.0
0.9,0.97,0.1,B3_STRATIFIED,0.2,alpha_0.95,0.95,0,8,False,573.7500000000016,0.3076923076923077,1.0
0.9,0.97,0.1,B3_STRATIFIED,0.2,constant,1.0,0,8,False,446.0,0.3076923076923077,1.0
0.9,0.97,0.1,B3_STRATIFIED,0.3,alpha_0.95,0.95,0,8,False,607.8000000000015,0.34615384615384615,1.0
0.9,0.97,0.1,B3_STRATIFIED,0.3,constant,1.0,0,8,False,480.04999999999995,0.34615384615384615,1.0
0.9,0.97,0.1,B3_STRATIFIED,0.4,alpha_0.95,0.95,0,8,False,642.7500000000016,0.4230769230769231,1.0
0.9,0.97,0.1,B3_STRATIFIED,0.4,constant,1.0,0,8,False,515.0,0.4230769230769231,1.0
0.9,0.97,0.1,B3_STRATIFIED,0.5,alpha_0.95,0.95,0,8,False,672.7500000000016,0.4230769230769231,1.0
0.9,0.97,0.1,B3_STRATIFIED,0.5,constant,1.0,0,8,False,545.0,0.4230769230769231,1.0
0.9,0.97,0.1,B3_STRATIFIED,0.7,alpha_0.95,0.95,0,8,False,742.7500000000016,0.6923076923076923,1.0
0.9,0.97,0.1,B3_STRATIFIED,0.7,constant,1.0,0,8,False,615.0,0.6923076923076923,1.0
0.9,0.97,0.1,B3_STRATIFIED,1.0,alpha_0.95,0.95,0,8,False,833.7500000000016,1.0,1.0
0.9,0.97,0.1,B3_STRATIFIED,1.0,constant,1.0,0,8,False,706.0,1.0,1.0
0.9,0.97,0.2,B2_SRS,0.0,alpha_0.95,0.95,0,8,False,610.450000000001,0.0,1.0
0.9,0.97,0.2,B2_SRS,0.0,constant,1.0,0,8,False,480.0,0.0,1.0
0.9,0.97,0.2,B2_SRS,0.05,alpha_0.95,0.95,0,8,False,631.450000000001,0.15384615384615385,1.0
0.9,0.97,0.2,B2_SRS,0.05,constant,1.0,0,8,False,501.0,0.15384615384615385,1.0
0.9,0.97,0.2,B2_SRS,0.1,alpha_0.95,0.95,0,8,False,649.450000000001,0.15384615384615385,1.0
0.9,0.97,0.2,B2_SRS,0.1,constant,1.0,0,8,False,519.0,0.15384615384615385,1.0
0.9,0.97,0.2,B2_SRS,0.2,alpha_0.95,0.95,0,8,False,683.450000000001,0.19230769230769232,1.0
0.9,0.97,0.2,B2_SRS,0.2,constant,1.0,0,8,False,553.0,0.19230769230769232,1.0
0.9,0.97,0.2,B2_SRS,0.3,alpha_0.95,0.95,0,8,False,717.450000000001,0.23076923076923078,1.0
0.9,0.97,0.2,B2_SRS,0.3,constant,1.0,0,8,False,587.0,0.23076923076923078,1.0
0.9,0.97,0.2,B2_SRS,0.4,alpha_0.95,0.95,0,8,False,750.450000000001,0.3057692307692309,1.0
0.9,0.97,0.2,B2_SRS,0.4,constant,1.0,0,8,False,620.0,0.3057692307692309,1.0
0.9,0.97,0.2,B2_SRS,0.5,alpha_0.95,0.95,0,8,False,784.450000000001,0.34615384615384615,1.0
0.9,0.97,0.2,B2_SRS,0.5,constant,1.0,0,8,False,654.0,0.34615384615384615,1.0
0.9,0.97,0.2,B2_SRS,0.7,alpha_0.95,0.95,0,8,False,850.450000000001,0.5,1.0
0.9,0.97,0.2,B2_SRS,0.7,constant,1.0,0,8,False,720.0,0.5,1.0
0.9,0.97,0.2,B2_SRS,1.0,alpha_0.95,0.95,0,8,False,944.450000000001,1.0,1.0
0.9,0.97,0.2,B2_SRS,1.0,constant,1.0,0,8,False,814.0,1.0,1.0
0.9,0.97,0.2,B3_STRATIFIED,0.0,alpha_0.95,0.95,0,8,False,610.450000000001,0.0,1.0
0.9,0.97,0.2,B3_STRATIFIED,0.0,constant,1.0,0,8,False,480.0,0.0,1.0
0.9,0.97,0.2,B3_STRATIFIED,0.05,alpha_0.95,0.95,0,8,False,636.450000000001,0.2692307692307692,1.0
0.9,0.97,0.2,B3_STRATIFIED,0.05,constant,1.0,0,8,False,506.0,0.2692307692307692,1.0
0.9,0.97,0.2,B3_STRATIFIED,0.1,alpha_0.95,0.95,0,8,False,652.450000000001,0.2692307692307692,1.0
0.9,0.97,0.2,B3_STRATIFIED,0.1,constant,1.0,0,8,False,522.0,0.2692307692307692,1.0
0.9,0.97,0.2,B3_STRATIFIED,0.2,alpha_0.95,0.95,0,8,False,686.450000000001,0.2692307692307692,1.0
0.9,0.97,0.2,B3_STRATIFIED,0.2,constant,1.0,0,8,False,556.0,0.2692307692307692,1.0
0.9,0.97,0.2,B3_STRATIFIED,0.3,alpha_0.95,0.95,0,8,False,720.450000000001,0.34615384615384615,1.0
0.9,0.97,0.2,B3_STRATIFIED,0.3,constant,1.0,0,8,False,590.0,0.34615384615384615,1.0
0.9,0.97,0.2,B3_STRATIFIED,0.4,alpha_0.95,0.95,0,8,False,753.450000000001,0.4230769230769231,1.0
0.9,0.97,0.2,B3_STRATIFIED,0.4,constant,1.0,0,8,False,623.0,0.4230769230769231,1.0
0.9,0.97,0.2,B3_STRATIFIED,0.5,alpha_0.95,0.95,0,8,False,784.450000000001,0.4230769230769231,1.0
0.9,0.97,0.2,B3_STRATIFIED,0.5,constant,1.0,0,8,False,654.0,0.4230769230769231,1.0
0.9,0.97,0.2,B3_STRATIFIED,0.7,alpha_0.95,0.95,0,8,False,853.450000000001,0.6923076923076923,1.0
0.9,0.97,0.2,B3_STRATIFIED,0.7,constant,1.0,0,8,False,723.0,0.6923076923076923,1.0
0.9,0.97,0.2,B3_STRATIFIED,1.0,alpha_0.95,0.95,0,8,False,944.450000000001,1.0,1.0
0.9,0.97,0.2,B3_STRATIFIED,1.0,constant,1.0,0,8,False,814.0,1.0,1.0
0.9,0.99,0.0,B2_SRS,0.0,alpha_0.95,0.95,0,8,False,357.05000000000035,0.0,1.0
0.9,0.99,0.0,B2_SRS,0.0,constant,1.0,0,8,False,242.0,0.0,1.0
0.9,0.99,0.0,B2_SRS,0.05,alpha_0.95,0.95,0,8,False,390.05000000000035,0.1903846153846155,1.0
0.9,0.99,0.0,B2_SRS,0.05,constant,1.0,0,8,False,275.0,0.1903846153846155,1.0
0.9,0.99,0.0,B2_SRS,0.1,alpha_0.95,0.95,0,8,False,412.05000000000035,0.19230769230769232,1.0
0.9,0.99,0.0,B2_SRS,0.1,constant,1.0,0,8,False,297.0,0.19230769230769232,1.0
0.9,0.99,0.0,B2_SRS,0.2,alpha_0.95,0.95,0,8,False,449.05000000000035,0.23076923076923078,1.0
0.9,0.99,0.0,B2_SRS,0.2,constant,1.0,0,8,False,334.0,0.23076923076923078,1.0
0.9,0.99,0.0,B2_SRS,0.3,alpha_0.95,0.95,0,8,False,484.05000000000035,0.2692307692307692,1.0
0.9,0.99,0.0,B2_SRS,0.3,constant,1.0,0,8,False,369.0,0.2692307692307692,1.0
0.9,0.99,0.0,B2_SRS,0.4,alpha_0.95,0.95,0,8,False,515.1000000000004,0.3076923076923077,1.0
0.9,0.99,0.0,B2_SRS,0.4,constant,1.0,0,8,False,400.04999999999995,0.3076923076923077,1.0
0.9,0.99,0.0,B2_SRS,0.5,alpha_0.95,0.95,0,8,False,550.0500000000004,0.34615384615384615,1.0
0.9,0.99,0.0,B2_SRS,0.5,constant,1.0,0,8,False,435.0,0.34615384615384615,1.0
0.9,0.99,0.0,B2_SRS,0.7,alpha_0.95,0.95,0,8,False,615.1000000000004,0.5384615384615384,1.0
0.9,0.99,0.0,B2_SRS,0.7,constant,1.0,0,8,False,500.04999999999995,0.5384615384615384,1.0
0.9,0.99,0.0,B2_SRS,1.0,alpha_0.95,0.95,0,8,False,691.0500000000004,1.0,1.0
0.9,0.99,0.0,B2_SRS,1.0,constant,1.0,0,8,False,576.0,1.0,1.0
0.9,0.99,0.0,B3_STRATIFIED,0.0,alpha_0.95,0.95,0,8,False,357.05000000000035,0.0,1.0
0.9,0.99,0.0,B3_STRATIFIED,0.0,constant,1.0,0,8,False,242.0,0.0,1.0
0.9,0.99,0.0,B3_STRATIFIED,0.05,alpha_0.95,0.95,0,8,False,396.05000000000035,0.2692307692307692,1.0
0.9,0.99,0.0,B3_STRATIFIED,0.05,constant,1.0,0,8,False,350.0,0.2692307692307692,1.0
0.9,0.99,0.0,B3_STRATIFIED,0.1,alpha_0.95,0.95,0,8,False,410.05000000000035,0.2692307692307692,1.0
0.9,0.99,0.0,B3_STRATIFIED,0.1,constant,1.0,0,8,False,350.0,0.2692307692307692,1.0
0.9,0.99,0.0,B3_STRATIFIED,0.2,alpha_0.95,0.95,0,8,False,437.05000000000035,0.3076923076923077,1.0
0.9,0.99,0.0,B3_STRATIFIED,0.2,constant,1.0,0,8,False,350.0,0.3076923076923077,1.0
0.9,0.99,0.0,B3_STRATIFIED,0.3,alpha_0.95,0.95,0,8,False,474.05000000000035,0.38461538461538464,1.0
0.9,0.99,0.0,B3_STRATIFIED,0.3,constant,1.0,0,8,False,359.0,0.38461538461538464,1.0
0.9,0.99,0.0,B3_STRATIFIED,0.4,alpha_0.95,0.95,0,8,False,513.1000000000004,0.4230769230769231,1.0
0.9,0.99,0.0,B3_STRATIFIED,0.4,constant,1.0,0,8,False,398.04999999999995,0.4230769230769231,1.0
0.9,0.99,0.0,B3_STRATIFIED,0.5,alpha_0.95,0.95,0,8,False,543.0500000000004,0.4230769230769231,1.0
0.9,0.99,0.0,B3_STRATIFIED,0.5,constant,1.0,0,8,False,428.0,0.4230769230769231,1.0
0.9,0.99,0.0,B3_STRATIFIED,0.7,alpha_0.95,0.95,0,8,False,619.0500000000004,0.6923076923076923,1.0
0.9,0.99,0.0,B3_STRATIFIED,0.7,constant,1.0,0,8,False,504.0,0.6923076923076923,1.0
0.9,0.99,0.0,B3_STRATIFIED,1.0,alpha_0.95,0.95,0,8,False,691.0500000000004,1.0,1.0
0.9,0.99,0.0,B3_STRATIFIED,1.0,constant,1.0,0,8,False,576.0,1.0,1.0
0.9,0.99,0.05,B2_SRS,0.0,alpha_0.95,0.95,0,8,False,419.25000000000074,0.0,1.0
0.9,0.99,0.05,B2_SRS,0.0,constant,1.0,0,8,False,296.0,0.0,1.0
0.9,0.99,0.05,B2_SRS,0.05,alpha_0.95,0.95,0,8,False,443.3000000000007,0.15384615384615385,1.0
0.9,0.99,0.05,B2_SRS,0.05,constant,1.0,0,8,False,320.04999999999995,0.15384615384615385,1.0
0.9,0.99,0.05,B2_SRS,0.1,alpha_0.95,0.95,0,8,False,460.25000000000074,0.19230769230769232,1.0
0.9,0.99,0.05,B2_SRS,0.1,constant,1.0,0,8,False,337.0,0.19230769230769232,1.0
0.9,0.99,0.05,B2_SRS,0.2,alpha_0.95,0.95,0,8,False,496.25000000000074,0.23076923076923078,1.0
0.9,0.99,0.05,B2_SRS,0.2,constant,1.0,0,8,False,373.0,0.23076923076923078,1.0
0.9,0.99,0.05,B2_SRS,0.3,alpha_0.95,0.95,0,8,False,532.2500000000007,0.3057692307692309,1.0
0.9,0.99,0.05,B2_SRS,0.3,constant,1.0,0,8,False,409.0,0.3057692307692309,1.0
0.9,0.99,0.05,B2_SRS,0.4,alpha_0.95,0.95,0,8,False,567.2500000000007,0.34423076923076934,1.0
0.9,0.99,0.05,B2_SRS,0.4,constant,1.0,0,8,False,444.0,0.34423076923076934,1.0
0.9,0.99,0.05,B2_SRS,0.5,alpha_0.95,0.95,0,8,False,601.2500000000007,0.38269230769230783,1.0
0.9,0.99,0.05,B2_SRS,0.5,constant,1.0,0,8,False,478.0,0.38269230769230783,1.0
0.9,0.99,0.05,B2_SRS,0.7,alpha_0.95,0.95,0,8,False,668.2500000000007,0.5,1.0
0.9,0.99,0.05,B2_SRS,0.7,constant,1.0,0,8,False,545.0,0.5,1.0
0.9,0.99,0.05,B2_SRS,1.0,alpha_0.95,0.95,0,8,False,753.2500000000007,1.0,1.0
0.9,0.99,0.05,B2_SRS,1.0,constant,1.0,0,8,False,630.0,1.0,1.0
0.9,0.99,0.05,B3_STRATIFIED,0.0,alpha_0.95,0.95,0,8,False,419.25000000000074,0.0,1.0
0.9,0.99,0.05,B3_STRATIFIED,0.0,constant,1.0,0,8,False,296.0,0.0,1.0
0.9,0.99,0.05,B3_STRATIFIED,0.05,alpha_0.95,0.95,0,8,False,443.25000000000074,0.2692307692307692,1.0
0.9,0.99,0.05,B3_STRATIFIED,0.05,constant,1.0,0,8,False,350.0,0.2692307692307692,1.0
0.9,0.99,0.05,B3_STRATIFIED,0.1,alpha_0.95,0.95,0,8,False,463.25000000000074,0.2692307692307692,1.0
0.9,0.99,0.05,B3_STRATIFIED,0.1,constant,1.0,0,8,False,350.0,0.2692307692307692,1.0
0.9,0.99,0.05,B3_STRATIFIED,0.2,alpha_0.95,0.95,0,8,False,498.25000000000074,0.3076923076923077,1.0
0.9,0.99,0.05,B3_STRATIFIED,0.2,constant,1.0,0,8,False,375.0,0.3076923076923077,1.0
0.9,0.99,0.05,B3_STRATIFIED,0.3,alpha_0.95,0.95,0,8,False,534.2500000000007,0.34615384615384615,1.0
0.9,0.99,0.05,B3_STRATIFIED,0.3,constant,1.0,0,8,False,411.0,0.34615384615384615,1.0
0.9,0.99,0.05,B3_STRATIFIED,0.4,alpha_0.95,0.95,0,8,False,564.2500000000007,0.4230769230769231,1.0
0.9,0.99,0.05,B3_STRATIFIED,0.4,constant,1.0,0,8,False,441.0,0.4230769230769231,1.0
0.9,0.99,0.05,B3_STRATIFIED,0.5,alpha_0.95,0.95,0,8,False,599.2500000000007,0.4230769230769231,1.0
0.9,0.99,0.05,B3_STRATIFIED,0.5,constant,1.0,0,8,False,476.0,0.4230769230769231,1.0
0.9,0.99,0.05,B3_STRATIFIED,0.7,alpha_0.95,0.95,0,8,False,662.2500000000007,0.6923076923076923,1.0
0.9,0.99,0.05,B3_STRATIFIED,0.7,constant,1.0,0,8,False,539.0,0.6923076923076923,1.0
0.9,0.99,0.05,B3_STRATIFIED,1.0,alpha_0.95,0.95,0,8,False,753.2500000000007,1.0,1.0
0.9,0.99,0.05,B3_STRATIFIED,1.0,constant,1.0,0,8,False,630.0,1.0,1.0
0.9,0.99,0.1,B2_SRS,0.0,alpha_0.95,0.95,0,8,False,479.2500000000015,0.0,1.0
0.9,0.99,0.1,B2_SRS,0.0,constant,1.0,0,8,False,352.0,0.0,1.0
0.9,0.99,0.1,B2_SRS,0.05,alpha_0.95,0.95,0,8,False,500.2500000000015,0.15384615384615385,1.0
0.9,0.99,0.1,B2_SRS,0.05,constant,1.0,0,8,False,373.0,0.15384615384615385,1.0
0.9,0.99,0.1,B2_SRS,0.1,alpha_0.95,0.95,0,8,False,519.2500000000015,0.19230769230769232,1.0
0.9,0.99,0.1,B2_SRS,0.1,constant,1.0,0,8,False,392.0,0.19230769230769232,1.0
0.9,0.99,0.1,B2_SRS,0.2,alpha_0.95,0.95,0,8,False,554.2500000000015,0.23076923076923078,1.0
0.9,0.99,0.1,B2_SRS,0.2,constant,1.0,0,8,False,427.0,0.23076923076923078,1.0
0.9,0.99,0.1,B2_SRS,0.3,alpha_0.95,0.95,0,8,False,589.2500000000015,0.2692307692307692,1.0
0.9,0.99,0.1,B2_SRS,0.3,constant,1.0,0,8,False,462.0,0.2692307692307692,1.0
0.9,0.99,0.1,B2_SRS,0.4,alpha_0.95,0.95,0,8,False,621.2500000000015,0.3076923076923077,1.0
0.9,0.99,0.1,B2_SRS,0.4,constant,1.0,0,8,False,494.0,0.3076923076923077,1.0
0.9,0.99,0.1,B2_SRS,0.5,alpha_0.95,0.95,0,8,False,655.3000000000014,0.34615384615384615,1.0
0.9,0.99,0.1,B2_SRS,0.5,constant,1.0,0,8,False,528.05,0.34615384615384615,1.0
0.9,0.99,0.1,B2_SRS,0.7,alpha_0.95,0.95,0,8,False,721.2500000000015,0.5,1.0
0.9,0.99,0.1,B2_SRS,0.7,constant,1.0,0,8,False,594.0,0.5,1.0
0.9,0.99,0.1,B2_SRS,1.0,alpha_0.95,0.95,0,8,False,813.2500000000015,1.0,1.0
0.9,0.99,0.1,B2_SRS,1.0,constant,1.0,0,8,False,686.0,1.0,1.0
0.9,0.99,0.1,B3_STRATIFIED,0.0,alpha_0.95,0.95,0,8,False,479.2500000000015,0.0,1.0
0.9,0.99,0.1,B3_STRATIFIED,0.0,constant,1.0,0,8,False,352.0,0.0,1.0
0.9,0.99,0.1,B3_STRATIFIED,0.05,alpha_0.95,0.95,0,8,False,502.2500000000015,0.2692307692307692,1.0
0.9,0.99,0.1,B3_STRATIFIED,0.05,constant,1.0,0,8,False,375.0,0.2692307692307692,1.0
0.9,0.99,0.1,B3_STRATIFIED,0.1,alpha_0.95,0.95,0,8,False,520.2500000000015,0.2692307692307692,1.0
0.9,0.99,0.1,B3_STRATIFIED,0.1,constant,1.0,0,8,False,393.0,0.2692307692307692,1.0
0.9,0.99,0.1,B3_STRATIFIED,0.2,alpha_0.95,0.95,0,8,False,551.2500000000015,0.3076923076923077,1.0
0.9,0.99,0.1,B3_STRATIFIED,0.2,constant,1.0,0,8,False,424.0,0.3076923076923077,1.0
0.9,0.99,0.1,B3_STRATIFIED,0.3,alpha_0.95,0.95,0,8,False,587.2500000000015,0.34615384615384615,1.0
0.9,0.99,0.1,B3_STRATIFIED,0.3,constant,1.0,0,8,False,460.0,0.34615384615384615,1.0
0.9,0.99,0.1,B3_STRATIFIED,0.4,alpha_0.95,0.95,0,8,False,620.2500000000015,0.4230769230769231,1.0
0.9,0.99,0.1,B3_STRATIFIED,0.4,constant,1.0,0,8,False,493.0,0.4230769230769231,1.0
0.9,0.99,0.1,B3_STRATIFIED,0.5,alpha_0.95,0.95,0,8,False,653.2500000000015,0.4230769230769231,1.0
0.9,0.99,0.1,B3_STRATIFIED,0.5,constant,1.0,0,8,False,526.0,0.4230769230769231,1.0
0.9,0.99,0.1,B3_STRATIFIED,0.7,alpha_0.95,0.95,0,8,False,721.2500000000015,0.6923076923076923,1.0
0.9,0.99,0.1,B3_STRATIFIED,0.7,constant,1.0,0,8,False,594.0,0.6923076923076923,1.0
0.9,0.99,0.1,B3_STRATIFIED,1.0,alpha_0.95,0.95,0,8,False,813.2500000000015,1.0,1.0
0.9,0.99,0.1,B3_STRATIFIED,1.0,constant,1.0,0,8,False,686.0,1.0,1.0
0.9,0.99,0.2,B2_SRS,0.0,alpha_0.95,0.95,0,8,False,592.0000000000013,0.0,1.0
0.9,0.99,0.2,B2_SRS,0.0,constant,1.0,0,8,False,462.0,0.0,1.0
0.9,0.99,0.2,B2_SRS,0.05,alpha_0.95,0.95,0,8,False,613.0000000000013,0.15384615384615385,1.0
0.9,0.99,0.2,B2_SRS,0.05,constant,1.0,0,8,False,483.0,0.15384615384615385,1.0
0.9,0.99,0.2,B2_SRS,0.1,alpha_0.95,0.95,0,8,False,631.0000000000013,0.15384615384615385,1.0
0.9,0.99,0.2,B2_SRS,0.1,constant,1.0,0,8,False,501.0,0.15384615384615385,1.0
0.9,0.99,0.2,B2_SRS,0.2,alpha_0.95,0.95,0,8,False,666.0000000000013,0.19230769230769232,1.0
0.9,0.99,0.2,B2_SRS,0.2,constant,1.0,0,8,False,536.0,0.19230769230769232,1.0
0.9,0.99,0.2,B2_SRS,0.3,alpha_0.95,0.95,0,8,False,700.0000000000013,0.23076923076923078,1.0
0.9,0.99,0.2,B2_SRS,0.3,constant,1.0,0,8,False,570.0,0.23076923076923078,1.0
0.9,0.99,0.2,B2_SRS,0.4,alpha_0.95,0.95,0,8,False,733.0000000000013,0.3076923076923077,1.0
0.9,0.99,0.2,B2_SRS,0.4,constant,1.0,0,8,False,603.0,0.3076923076923077,1.0
0.9,0.99,0.2,B2_SRS,0.5,alpha_0.95,0.95,0,8,False,766.0000000000013,0.34615384615384615,1.0
0.9,0.99,0.2,B2_SRS,0.5,constant,1.0,0,8,False,636.0,0.34615384615384615,1.0
0.9,0.99,0.2,B2_SRS,0.7,alpha_0.95,0.95,0,8,False,833.0000000000013,0.4980769230769232,1.0
0.9,0.99,0.2,B2_SRS,0.7,constant,1.0,0,8,False,703.0,0.4980769230769232,1.0
0.9,0.99,0.2,B2_SRS,1.0,alpha_0.95,0.95,0,8,False,926.0000000000013,1.0,1.0
0.9,0.99,0.2,B2_SRS,1.0,constant,1.0,0,8,False,796.0,1.0,1.0
0.9,0.99,0.2,B3_STRATIFIED,0.0,alpha_0.95,0.95,0,8,False,592.0000000000013,0.0,1.0
0.9,0.99,0.2,B3_STRATIFIED,0.0,constant,1.0,0,8,False,462.0,0.0,1.0
0.9,0.99,0.2,B3_STRATIFIED,0.05,alpha_0.95,0.95,0,8,False,617.0000000000013,0.2692307692307692,1.0
0.9,0.99,0.2,B3_STRATIFIED,0.05,constant,1.0,0,8,False,487.0,0.2692307692307692,1.0
0.9,0.99,0.2,B3_STRATIFIED,0.1,alpha_0.95,0.95,0,8,False,633.0000000000013,0.2692307692307692,1.0
0.9,0.99,0.2,B3_STRATIFIED,0.1,constant,1.0,0,8,False,503.0,0.2692307692307692,1.0
0.9,0.99,0.2,B3_STRATIFIED,0.2,alpha_0.95,0.95,0,8,False,666.0000000000013,0.2692307692307692,1.0
0.9,0.99,0.2,B3_STRATIFIED,0.2,constant,1.0,0,8,False,536.0,0.2692307692307692,1.0
0.9,0.99,0.2,B3_STRATIFIED,0.3,alpha_0.95,0.95,0,8,False,703.0000000000013,0.34615384615384615,1.0
0.9,0.99,0.2,B3_STRATIFIED,0.3,constant,1.0,0,8,False,573.0,0.34615384615384615,1.0
0.9,0.99,0.2,B3_STRATIFIED,0.4,alpha_0.95,0.95,0,8,False,736.0000000000013,0.4230769230769231,1.0
0.9,0.99,0.2,B3_STRATIFIED,0.4,constant,1.0,0,8,False,606.0,0.4230769230769231,1.0
0.9,0.99,0.2,B3_STRATIFIED,0.5,alpha_0.95,0.95,0,8,False,764.0000000000013,0.4230769230769231,1.0
0.9,0.99,0.2,B3_STRATIFIED,0.5,constant,1.0,0,8,False,634.0,0.4230769230769231,1.0
0.9,0.99,0.2,B3_STRATIFIED,0.7,alpha_0.95,0.95,0,8,False,834.0000000000013,0.6923076923076923,1.0
0.9,0.99,0.2,B3_STRATIFIED,0.7,constant,1.0,0,8,False,704.0,0.6923076923076923,1.0
0.9,0.99,0.2,B3_STRATIFIED,1.0,alpha_0.95,0.95,0,8,False,926.0000000000013,1.0,1.0
0.9,0.99,0.2,B3_STRATIFIED,1.0,constant,1.0,0,8,False,796.0,1.0,1.0
0.9,1.0,0.0,B2_SRS,0.0,alpha_0.95,0.95,0,8,False,339.2000000000003,0.0,1.0
0.9,1.0,0.0,B2_SRS,0.0,constant,1.0,0,8,False,230.0,0.0,1.0
0.9,1.0,0.0,B2_SRS,0.05,alpha_0.95,0.95,0,8,False,388.2000000000003,0.19230769230769232,1.0
0.9,1.0,0.0,B2_SRS,0.05,constant,1.0,0,8,False,279.0,0.19230769230769232,1.0
0.9,1.0,0.0,B2_SRS,0.1,alpha_0.95,0.95,0,8,False,411.2000000000003,0.19230769230769232,1.0
0.9,1.0,0.0,B2_SRS,0.1,constant,1.0,0,8,False,302.0,0.19230769230769232,1.0
0.9,1.0,0.0,B2_SRS,0.2,alpha_0.95,0.95,0,8,False,450.2000000000003,0.23076923076923078,1.0
0.9,1.0,0.0,B2_SRS,0.2,constant,1.0,0,8,False,341.0,0.23076923076923078,1.0
0.9,1.0,0.0,B2_SRS,0.3,alpha_0.95,0.95,0,8,False,482.2000000000003,0.3057692307692309,1.0
0.9,1.0,0.0,B2_SRS,0.3,constant,1.0,0,8,False,373.0,0.3057692307692309,1.0
0.9,1.0,0.0,B2_SRS,0.4,alpha_0.95,0.95,0,8,False,518.2000000000003,0.3076923076923077,1.0
0.9,1.0,0.0,B2_SRS,0.4,constant,1.0,0,8,False,409.0,0.3076923076923077,1.0
0.9,1.0,0.0,B2_SRS,0.5,alpha_0.95,0.95,0,8,False,549.2000000000003,0.38269230769230783,1.0
0.9,1.0,0.0,B2_SRS,0.5,constant,1.0,0,8,False,440.0,0.38269230769230783,1.0
0.9,1.0,0.0,B2_SRS,0.7,alpha_0.95,0.95,0,8,False,609.2000000000003,0.5384615384615384,1.0
0.9,1.0,0.0,B2_SRS,0.7,constant,1.0,0,8,False,500.0,0.5384615384615384,1.0
0.9,1.0,0.0,B2_SRS,1.0,alpha_0.95,0.95,0,8,False,673.2000000000003,1.0,1.0
0.9,1.0,0.0,B2_SRS,1.0,constant,1.0,0,8,False,564.0,1.0,1.0
0.9,1.0,0.0,B3_STRATIFIED,0.0,alpha_0.95,0.95,0,8,False,339.2000000000003,0.0,1.0
0.9,1.0,0.0,B3_STRATIFIED,0.0,constant,1.0,0,8,False,230.0,0.0,1.0
0.9,1.0,0.0,B3_STRATIFIED,0.05,alpha_0.95,0.95,0,8,False,407.2500000000002,0.2692307692307692,1.0
0.9,1.0,0.0,B3_STRATIFIED,0.05,constant,1.0,0,8,False,350.0,0.2692307692307692,1.0
0.9,1.0,0.0,B3_STRATIFIED,0.1,alpha_0.95,0.95,0,8,False,420.2000000000003,0.2692307692307692,1.0
0.9,1.0,0.0,B3_STRATIFIED,0.1,constant,1.0,0,8,False,350.0,0.2692307692307692,1.0
0.9,1.0,0.0,B3_STRATIFIED,0.2,alpha_0.95,0.95,0,8,False,455.2000000000003,0.3076923076923077,1.0
0.9,1.0,0.0,B3_STRATIFIED,0.2,constant,1.0,0,8,False,350.0,0.3076923076923077,1.0
0.9,1.0,0.0,B3_STRATIFIED,0.3,alpha_0.95,0.95,0,8,False,482.2000000000003,0.38461538461538464,1.0
0.9,1.0,0.0,B3_STRATIFIED,0.3,constant,1.0,0,8,False,373.0,0.38461538461538464,1.0
0.9,1.0,0.0,B3_STRATIFIED,0.4,alpha_0.95,0.95,0,8,False,518.2000000000003,0.4230769230769231,1.0
0.9,1.0,0.0,B3_STRATIFIED,0.4,constant,1.0,0,8,False,409.0,0.4230769230769231,1.0
0.9,1.0,0.0,B3_STRATIFIED,0.5,alpha_0.95,0.95,0,8,False,533.2000000000003,0.4230769230769231,1.0
0.9,1.0,0.0,B3_STRATIFIED,0.5,constant,1.0,0,8,False,424.0,0.4230769230769231,1.0
0.9,1.0,0.0,B3_STRATIFIED,0.7,alpha_0.95,0.95,0,8,False,609.2500000000002,0.6923076923076923,1.0
0.9,1.0,0.0,B3_STRATIFIED,0.7,constant,1.0,0,8,False,500.04999999999995,0.6923076923076923,1.0
0.9,1.0,0.0,B3_STRATIFIED,1.0,alpha_0.95,0.95,0,8,False,673.2000000000003,1.0,1.0
0.9,1.0,0.0,B3_STRATIFIED,1.0,constant,1.0,0,8,False,564.0,1.0,1.0
0.9,1.0,0.05,B2_SRS,0.0,alpha_0.95,0.95,0,8,False,408.2500000000006,0.0,1.0
0.9,1.0,0.05,B2_SRS,0.0,constant,1.0,0,8,False,286.0,0.0,1.0
0.9,1.0,0.05,B2_SRS,0.05,alpha_0.95,0.95,0,8,False,434.2500000000006,0.15384615384615385,1.0
0.9,1.0,0.05,B2_SRS,0.05,constant,1.0,0,8,False,312.0,0.15384615384615385,1.0
0.9,1.0,0.05,B2_SRS,0.1,alpha_0.95,0.95,0,8,False,452.3000000000006,0.19230769230769232,1.0
0.9,1.0,0.05,B2_SRS,0.1,constant,1.0,0,8,False,330.04999999999995,0.19230769230769232,1.0
0.9,1.0,0.05,B2_SRS,0.2,alpha_0.95,0.95,0,8,False,486.2500000000006,0.23076923076923078,1.0
0.9,1.0,0.05,B2_SRS,0.2,constant,1.0,0,8,False,364.0,0.23076923076923078,1.0
0.9,1.0,0.05,B2_SRS,0.3,alpha_0.95,0.95,0,8,False,524.2500000000007,0.3076923076923077,1.0
0.9,1.0,0.05,B2_SRS,0.3,constant,1.0,0,8,False,402.0,0.3076923076923077,1.0
0.9,1.0,0.05,B2_SRS,0.4,alpha_0.95,0.95,0,8,False,558.2500000000007,0.34615384615384615,1.0
0.9,1.0,0.05,B2_SRS,0.4,constant,1.0,0,8,False,436.0,0.34615384615384615,1.0
0.9,1.0,0.05,B2_SRS,0.5,alpha_0.95,0.95,0,8,False,591.2500000000007,0.38461538461538464,1.0
0.9,1.0,0.05,B2_SRS,0.5,constant,1.0,0,8,False,469.0,0.38461538461538464,1.0
0.9,1.0,0.05,B2_SRS,0.7,alpha_0.95,0.95,0,8,False,657.2500000000007,0.5365384615384616,1.0
0.9,1.0,0.05,B2_SRS,0.7,constant,1.0,0,8,False,535.0,0.5365384615384616,1.0
0.9,1.0,0.05,B2_SRS,1.0,alpha_0.95,0.95,0,8,False,742.2500000000007,1.0,1.0
0.9,1.0,0.05,B2_SRS,1.0,constant,1.0,0,8,False,620.0,1.0,1.0
0.9,1.0,0.05,B3_STRATIFIED,0.0,alpha_0.95,0.95,0,8,False,408.2500000000006,0.0,1.0
0.9,1.0,0.05,B3_STRATIFIED,0.0,constant,1.0,0,8,False,286.0,0.0,1.0
0.9,1.0,0.05,B3_STRATIFIED,0.05,alpha_0.95,0.95,0,8,False,433.2500000000006,0.2692307692307692,1.0
0.9,1.0,0.05,B3_STRATIFIED,0.05,constant,1.0,0,8,False,350.0,0.2692307692307692,1.0
0.9,1.0,0.05,B3_STRATIFIED,0.1,alpha_0.95,0.95,0,8,False,450.2500000000006,0.2692307692307692,1.0
0.9,1.0,0.05,B3_STRATIFIED,0.1,constant,1.0,0,8,False,350.0,0.2692307692307692,1.0
0.9,1.0,0.05,B3_STRATIFIED,0.2,alpha_0.95,0.95,0,8,False,483.3000000000006,0.3076923076923077,1.0
0.9,1.0,0.05,B3_STRATIFIED,0.2,constant,1.0,0,8,False,361.04999999999995,0.3076923076923077,1.0
0.9,1.0,0.05,B3_STRATIFIED,0.3,alpha_0.95,0.95,0,8,False,521.2500000000007,0.34615384615384615,1.0
0.9,1.0,0.05,B3_STRATIFIED,0.3,constant,1.0,0,8,False,399.0,0.34615384615384615,1.0
0.9,1.0,0.05,B3_STRATIFIED,0.4,alpha_0.95,0.95,0,8,False,555.2500000000007,0.4230769230769231,1.0
0.9,1.0,0.05,B3_STRATIFIED,0.4,constant,1.0,0,8,False,433.0,0.4230769230769231,1.0
0.9,1.0,0.05,B3_STRATIFIED,0.5,alpha_0.95,0.95,0,8,False,585.2500000000007,0.4230769230769231,1.0
0.9,1.0,0.05,B3_STRATIFIED,0.5,constant,1.0,0,8,False,463.0,0.4230769230769231,1.0
0.9,1.0,0.05,B3_STRATIFIED,0.7,alpha_0.95,0.95,0,8,False,654.2500000000007,0.6923076923076923,1.0
0.9,1.0,0.05,B3_STRATIFIED,0.7,constant,1.0,0,8,False,532.0,0.6923076923076923,1.0
0.9,1.0,0.05,B3_STRATIFIED,1.0,alpha_0.95,0.95,0,8,False,742.2500000000007,1.0,1.0
0.9,1.0,0.05,B3_STRATIFIED,1.0,constant,1.0,0,8,False,620.0,1.0,1.0
0.9,1.0,0.1,B2_SRS,0.0,alpha_0.95,0.95,0,8,False,468.8000000000014,0.0,1.0
0.9,1.0,0.1,B2_SRS,0.0,constant,1.0,0,8,False,342.0,0.0,1.0
0.9,1.0,0.1,B2_SRS,0.05,alpha_0.95,0.95,0,8,False,490.8000000000014,0.15384615384615385,1.0
0.9,1.0,0.1,B2_SRS,0.05,constant,1.0,0,8,False,364.0,0.15384615384615385,1.0
0.9,1.0,0.1,B2_SRS,0.1,alpha_0.95,0.95,0,8,False,509.8000000000014,0.19230769230769232,1.0
0.9,1.0,0.1,B2_SRS,0.1,constant,1.0,0,8,False,383.0,0.19230769230769232,1.0
0.9,1.0,0.1,B2_SRS,0.2,alpha_0.95,0.95,0,8,False,544.8000000000013,0.23076923076923078,1.0
0.9,1.0,0.1,B2_SRS,0.2,constant,1.0,0,8,False,418.0,0.23076923076923078,1.0
0.9,1.0,0.1,B2_SRS,0.3,alpha_0.95,0.95,0,8,False,578.8000000000013,0.2692307692307692,1.0
0.9,1.0,0.1,B2_SRS,0.3,constant,1.0,0,8,False,452.0,0.2692307692307692,1.0
0.9,1.0,0.1,B2_SRS,0.4,alpha_0.95,0.95,0,8,False,612.8000000000013,0.3076923076923077,1.0
0.9,1.0,0.1,B2_SRS,0.4,constant,1.0,0,8,False,486.0,0.3076923076923077,1.0
0.9,1.0,0.1,B2_SRS,0.5,alpha_0.95,0.95,0,8,False,646.8000000000013,0.34615384615384615,1.0
0.9,1.0,0.1,B2_SRS,0.5,constant,1.0,0,8,False,520.0,0.34615384615384615,1.0
0.9,1.0,0.1,B2_SRS,0.7,alpha_0.95,0.95,0,8,False,712.8000000000013,0.5,1.0
0.9,1.0,0.1,B2_SRS,0.7,constant,1.0,0,8,False,586.0,0.5,1.0
0.9,1.0,0.1,B2_SRS,1.0,alpha_0.95,0.95,0,8,False,802.8000000000013,1.0,1.0
0.9,1.0,0.1,B2_SRS,1.0,constant,1.0,0,8,False,676.0,1.0,1.0
0.9,1.0,0.1,B3_STRATIFIED,0.0,alpha_0.95,0.95,0,8,False,468.8000000000014,0.0,1.0
0.9,1.0,0.1,B3_STRATIFIED,0.0,constant,1.0,0,8,False,342.0,0.0,1.0
0.9,1.0,0.1,B3_STRATIFIED,0.05,alpha_0.95,0.95,0,8,False,489.85000000000133,0.2692307692307692,1.0
0.9,1.0,0.1,B3_STRATIFIED,0.05,constant,1.0,0,8,False,363.04999999999995,0.2692307692307692,1.0
0.9,1.0,0.1,B3_STRATIFIED,0.1,alpha_0.95,0.95,0,8,False,508.8000000000014,0.2692307692307692,1.0
0.9,1.0,0.1,B3_STRATIFIED,0.1,constant,1.0,0,8,False,382.0,0.2692307692307692,1.0
0.9,1.0,0.1,B3_STRATIFIED,0.2,alpha_0.95,0.95,0,8,False,542.8000000000013,0.3076923076923077,1.0
0.9,1.0,0.1,B3_STRATIFIED,0.2,constant,1.0,0,8,False,416.0,0.3076923076923077,1.0
0.9,1.0,0.1,B3_STRATIFIED,0.3,alpha_0.95,0.95,0,8,False,576.8000000000013,0.34615384615384615,1.0
0.9,1.0,0.1,B3_STRATIFIED,0.3,constant,1.0,0,8,False,450.0,0.34615384615384615,1.0
0.9,1.0,0.1,B3_STRATIFIED,0.4,alpha_0.95,0.95,0,8,False,609.8000000000013,0.42115384615384627,1.0
0.9,1.0,0.1,B3_STRATIFIED,0.4,constant,1.0,0,8,False,483.0,0.42115384615384627,1.0
0.9,1.0,0.1,B3_STRATIFIED,0.5,alpha_0.95,0.95,0,8,False,639.8000000000013,0.4230769230769231,1.0
0.9,1.0,0.1,B3_STRATIFIED,0.5,constant,1.0,0,8,False,513.0,0.4230769230769231,1.0
0.9,1.0,0.1,B3_STRATIFIED,0.7,alpha_0.95,0.95,0,8,False,709.8500000000013,0.6923076923076923,1.0
0.9,1.0,0.1,B3_STRATIFIED,0.7,constant,1.0,0,8,False,583.05,0.6923076923076923,1.0
0.9,1.0,0.1,B3_STRATIFIED,1.0,alpha_0.95,0.95,0,8,False,802.8000000000013,1.0,1.0
0.9,1.0,0.1,B3_STRATIFIED,1.0,constant,1.0,0,8,False,676.0,1.0,1.0
0.9,1.0,0.2,B2_SRS,0.0,alpha_0.95,0.95,0,8,False,583.8000000000013,0.0,1.0
0.9,1.0,0.2,B2_SRS,0.0,constant,1.0,0,8,False,454.0,0.0,1.0
0.9,1.0,0.2,B2_SRS,0.05,alpha_0.95,0.95,0,8,False,604.8000000000013,0.15384615384615385,1.0
0.9,1.0,0.2,B2_SRS,0.05,constant,1.0,0,8,False,475.0,0.15384615384615385,1.0
0.9,1.0,0.2,B2_SRS,0.1,alpha_0.95,0.95,0,8,False,621.8000000000013,0.15384615384615385,1.0
0.9,1.0,0.2,B2_SRS,0.1,constant,1.0,0,8,False,492.0,0.15384615384615385,1.0
0.9,1.0,0.2,B2_SRS,0.2,alpha_0.95,0.95,0,8,False,656.8000000000013,0.19230769230769232,1.0
0.9,1.0,0.2,B2_SRS,0.2,constant,1.0,0,8,False,527.0,0.19230769230769232,1.0
0.9,1.0,0.2,B2_SRS,0.3,alpha_0.95,0.95,0,8,False,691.8000000000013,0.23076923076923078,1.0
0.9,1.0,0.2,B2_SRS,0.3,constant,1.0,0,8,False,562.0,0.23076923076923078,1.0
0.9,1.0,0.2,B2_SRS,0.4,alpha_0.95,0.95,0,8,False,725.8000000000013,0.3076923076923077,1.0
0.9,1.0,0.2,B2_SRS,0.4,constant,1.0,0,8,False,596.0,0.3076923076923077,1.0
0.9,1.0,0.2,B2_SRS,0.5,alpha_0.95,0.95,0,8,False,757.8000000000013,0.34615384615384615,1.0
0.9,1.0,0.2,B2_SRS,0.5,constant,1.0,0,8,False,628.0,0.34615384615384615,1.0
0.9,1.0,0.2,B2_SRS,0.7,alpha_0.95,0.95,0,8,False,824.8000000000013,0.5,1.0
0.9,1.0,0.2,B2_SRS,0.7,constant,1.0,0,8,False,695.0,0.5,1.0
0.9,1.0,0.2,B2_SRS,1.0,alpha_0.95,0.95,0,8,False,917.8000000000013,1.0,1.0
0.9,1.0,0.2,B2_SRS,1.0,constant,1.0,0,8,False,788.0,1.0,1.0
0.9,1.0,0.2,B3_STRATIFIED,0.0,alpha_0.95,0.95,0,8,False,583.8000000000013,0.0,1.0
0.9,1.0,0.2,B3_STRATIFIED,0.0,constant,1.0,0,8,False,454.0,0.0,1.0
0.9,1.0,0.2,B3_STRATIFIED,0.05,alpha_0.95,0.95,0,8,False,607.8000000000013,0.2692307692307692,1.0
0.9,1.0,0.2,B3_STRATIFIED,0.05,constant,1.0,0,8,False,478.0,0.2692307692307692,1.0
0.9,1.0,0.2,B3_STRATIFIED,0.1,alpha_0.95,0.95,0,8,False,622.8000000000013,0.2692307692307692,1.0
0.9,1.0,0.2,B3_STRATIFIED,0.1,constant,1.0,0,8,False,493.0,0.2692307692307692,1.0
0.9,1.0,0.2,B3_STRATIFIED,0.2,alpha_0.95,0.95,0,8,False,658.8000000000013,0.2692307692307692,1.0
0.9,1.0,0.2,B3_STRATIFIED,0.2,constant,1.0,0,8,False,529.0,0.2692307692307692,1.0
0.9,1.0,0.2,B3_STRATIFIED,0.3,alpha_0.95,0.95,0,8,False,694.8000000000013,0.34615384615384615,1.0
0.9,1.0,0.2,B3_STRATIFIED,0.3,constant,1.0,0,8,False,565.0,0.34615384615384615,1.0
0.9,1.0,0.2,B3_STRATIFIED,0.4,alpha_0.95,0.95,0,8,False,724.8000000000013,0.4230769230769231,1.0
0.9,1.0,0.2,B3_STRATIFIED,0.4,constant,1.0,0,8,False,595.0,0.4230769230769231,1.0
0.9,1.0,0.2,B3_STRATIFIED,0.5,alpha_0.95,0.95,0,8,False,760.8000000000013,0.46153846153846156,1.0
0.9,1.0,0.2,B3_STRATIFIED,0.5,constant,1.0,0,8,False,631.0,0.46153846153846156,1.0
0.9,1.0,0.2,B3_STRATIFIED,0.7,alpha_0.95,0.95,0,8,False,825.8000000000013,0.7307692307692307,1.0
0.9,1.0,0.2,B3_STRATIFIED,0.7,constant,1.0,0,8,False,696.0,0.7307692307692307,1.0
0.9,1.0,0.2,B3_STRATIFIED,1.0,alpha_0.95,0.95,0,8,False,917.8000000000013,1.0,1.0
0.9,1.0,0.2,B3_STRATIFIED,1.0,constant,1.0,0,8,False,788.0,1.0,1.0
0.95,0.8,0.0,B2_SRS,0.0,alpha_0.95,0.95,0,8,False,589.8000000000013,0.0,1.0
0.95,0.8,0.0,B2_SRS,0.0,constant,1.0,0,8,False,460.0,0.0,1.0
0.95,0.8,0.0,B2_SRS,0.05,alpha_0.95,0.95,0,8,False,610.8000000000013,0.3076923076923077,1.0
0.95,0.8,0.0,B2_SRS,0.05,constant,1.0,0,8,False,481.0,0.3076923076923077,1.0
0.95,0.8,0.0,B2_SRS,0.1,alpha_0.95,0.95,0,8,False,628.8000000000013,0.34615384615384615,1.0
0.95,0.8,0.0,B2_SRS,0.1,constant,1.0,0,8,False,499.0,0.34615384615384615,1.0
0.95,0.8,0.0,B2_SRS,0.2,alpha_0.95,0.95,0,8,False,661.8000000000013,0.38461538461538464,1.0
0.95,0.8,0.0,B2_SRS,0.2,constant,1.0,0,8,False,532.0,0.38461538461538464,1.0
0.95,0.8,0.0,B2_SRS,0.3,alpha_0.95,0.95,0,8,False,695.8000000000013,0.4230769230769231,1.0
0.95,0.8,0.0,B2_SRS,0.3,constant,1.0,0,8,False,566.0,0.4230769230769231,1.0
0.95,0.8,0.0,B2_SRS,0.4,alpha_0.95,0.95,0,8,False,728.8000000000013,0.4230769230769231,1.0
0.95,0.8,0.0,B2_SRS,0.4,constant,1.0,0,8,False,599.0,0.4230769230769231,1.0
0.95,0.8,0.0,B2_SRS,0.5,alpha_0.95,0.95,0,8,False,760.8000000000013,0.4230769230769231,1.0
0.95,0.8,0.0,B2_SRS,0.5,constant,1.0,0,8,False,631.0,0.4230769230769231,1.0
0.95,0.8,0.0,B2_SRS,0.7,alpha_0.95,0.95,0,8,False,826.8000000000013,0.5769230769230769,1.0
0.95,0.8,0.0,B2_SRS,0.7,constant,1.0,0,8,False,697.0,0.5769230769230769,1.0
0.95,0.8,0.0,B2_SRS,1.0,alpha_0.95,0.95,0,8,False,917.8000000000013,1.0,1.0
0.95,0.8,0.0,B2_SRS,1.0,constant,1.0,0,8,False,788.0,1.0,1.0
0.95,0.8,0.0,B3_STRATIFIED,0.0,alpha_0.95,0.95,0,8,False,589.8000000000013,0.0,1.0
0.95,0.8,0.0,B3_STRATIFIED,0.0,constant,1.0,0,8,False,460.0,0.0,1.0
0.95,0.8,0.0,B3_STRATIFIED,0.05,alpha_0.95,0.95,0,8,False,612.8000000000013,0.38461538461538464,1.0
0.95,0.8,0.0,B3_STRATIFIED,0.05,constant,1.0,0,8,False,483.0,0.38461538461538464,1.0
0.95,0.8,0.0,B3_STRATIFIED,0.1,alpha_0.95,0.95,0,8,False,629.8000000000013,0.38461538461538464,1.0
0.95,0.8,0.0,B3_STRATIFIED,0.1,constant,1.0,0,8,False,500.0,0.38461538461538464,1.0
0.95,0.8,0.0,B3_STRATIFIED,0.2,alpha_0.95,0.95,0,8,False,663.8000000000013,0.4230769230769231,1.0
0.95,0.8,0.0,B3_STRATIFIED,0.2,constant,1.0,0,8,False,534.0,0.4230769230769231,1.0
0.95,0.8,0.0,B3_STRATIFIED,0.3,alpha_0.95,0.95,0,8,False,698.8000000000013,0.4230769230769231,1.0
0.95,0.8,0.0,B3_STRATIFIED,0.3,constant,1.0,0,8,False,569.0,0.4230769230769231,1.0
0.95,0.8,0.0,B3_STRATIFIED,0.4,alpha_0.95,0.95,0,8,False,728.8000000000013,0.5,1.0
0.95,0.8,0.0,B3_STRATIFIED,0.4,constant,1.0,0,8,False,599.0,0.5,1.0
0.95,0.8,0.0,B3_STRATIFIED,0.5,alpha_0.95,0.95,0,8,False,761.8500000000013,0.5384615384615384,1.0
0.95,0.8,0.0,B3_STRATIFIED,0.5,constant,1.0,0,8,False,632.05,0.5384615384615384,1.0
0.95,0.8,0.0,B3_STRATIFIED,0.7,alpha_0.95,0.95,0,8,False,827.8000000000013,0.7692307692307693,1.0
0.95,0.8,0.0,B3_STRATIFIED,0.7,constant,1.0,0,8,False,698.0,0.7692307692307693,1.0
0.95,0.8,0.0,B3_STRATIFIED,1.0,alpha_0.95,0.95,0,8,False,917.8000000000013,1.0,1.0
0.95,0.8,0.0,B3_STRATIFIED,1.0,constant,1.0,0,8,False,788.0,1.0,1.0
0.95,0.8,0.05,B2_SRS,0.0,alpha_0.95,0.95,0,8,False,634.6000000000006,0.0,1.0
0.95,0.8,0.05,B2_SRS,0.0,constant,1.0,0,8,False,504.0,0.0,1.0
0.95,0.8,0.05,B2_SRS,0.05,alpha_0.95,0.95,0,8,False,654.6500000000005,0.34615384615384615,1.0
0.95,0.8,0.05,B2_SRS,0.05,constant,1.0,0,8,False,524.05,0.34615384615384615,1.0
0.95,0.8,0.05,B2_SRS,0.1,alpha_0.95,0.95,0,8,False,671.6000000000006,0.34615384615384615,1.0
0.95,0.8,0.05,B2_SRS,0.1,constant,1.0,0,8,False,541.0,0.34615384615384615,1.0
0.95,0.8,0.05,B2_SRS,0.2,alpha_0.95,0.95,0,8,False,705.6000000000006,0.38461538461538464,1.0
0.95,0.8,0.05,B2_SRS,0.2,constant,1.0,0,8,False,575.0,0.38461538461538464,1.0
0.95,0.8,0.05,B2_SRS,0.3,alpha_0.95,0.95,0,8,False,739.6000000000006,0.4230769230769231,1.0
0.95,0.8,0.05,B2_SRS,0.3,constant,1.0,0,8,False,609.0,0.4230769230769231,1.0
0.95,0.8,0.05,B2_SRS,0.4,alpha_0.95,0.95,0,8,False,772.6000000000006,0.4230769230769231,1.0
0.95,0.8,0.05,B2_SRS,0.4,constant,1.0,0,8,False,642.0,0.4230769230769231,1.0
0.95,0.8,0.05,B2_SRS,0.5,alpha_0.95,0.95,0,8,False,804.6000000000006,0.4230769230769231,1.0
0.95,0.8,0.05,B2_SRS,0.5,constant,1.0,0,8,False,674.0,0.4230769230769231,1.0
0.95,0.8,0.05,B2_SRS,0.7,alpha_0.95,0.95,0,8,False,870.6000000000006,0.5769230769230769,1.0
0.95,0.8,0.05,B2_SRS,0.7,constant,1.0,0,8,False,740.0,0.5769230769230769,1.0
0.95,0.8,0.05,B2_SRS,1.0,alpha_0.95,0.95,0,8,False,962.6000000000006,1.0,1.0
0.95,0.8,0.05,B2_SRS,1.0,constant,1.0,0,8,False,832.0,1.0,1.0
0.95,0.8,0.05,B3_STRATIFIED,0.0,alpha_0.95,0.95,0,8,False,634.6000000000006,0.0,1.0
0.95,0.8,0.05,B3_STRATIFIED,0.0,constant,1.0,0,8,False,504.0,0.0,1.0
0.95,0.8,0.05,B3_STRATIFIED,0.05,alpha_0.95,0.95,0,8,False,655.5500000000006,0.4230769230769231,1.0
0.95,0.8,0.05,B3_STRATIFIED,0.05,constant,1.0,0,8,False,525.0,0.4230769230769231,1.0
0.95,0.8,0.05,B3_STRATIFIED,0.1,alpha_0.95,0.95,0,8,False,673.6000000000006,0.4230769230769231,1.0
0.95,0.8,0.05,B3_STRATIFIED,0.1,constant,1.0,0,8,False,543.0,0.4230769230769231,1.0
0.95,0.8,0.05,B3_STRATIFIED,0.2,alpha_0.95,0.95,0,8,False,706.6000000000006,0.4230769230769231,1.0
0.95,0.8,0.05,B3_STRATIFIED,0.2,constant,1.0,0,8,False,576.0,0.4230769230769231,1.0
0.95,0.8,0.05,B3_STRATIFIED,0.3,alpha_0.95,0.95,0,8,False,739.6000000000006,0.4230769230769231,1.0
0.95,0.8,0.05,B3_STRATIFIED,0.3,constant,1.0,0,8,False,609.0,0.4230769230769231,1.0
0.95,0.8,0.05,B3_STRATIFIED,0.4,alpha_0.95,0.95,0,8,False,771.6500000000005,0.5,1.0
0.95,0.8,0.05,B3_STRATIFIED,0.4,constant,1.0,0,8,False,641.05,0.5,1.0
0.95,0.8,0.05,B3_STRATIFIED,0.5,alpha_0.95,0.95,0,8,False,804.6000000000006,0.5384615384615384,1.0
0.95,0.8,0.05,B3_STRATIFIED,0.5,constant,1.0,0,8,False,674.0,0.5384615384615384,1.0
0.95,0.8,0.05,B3_STRATIFIED,0.7,alpha_0.95,0.95,0,8,False,871.6000000000006,0.7692307692307693,1.0
0.95,0.8,0.05,B3_STRATIFIED,0.7,constant,1.0,0,8,False,741.0,0.7692307692307693,1.0
0.95,0.8,0.05,B3_STRATIFIED,1.0,alpha_0.95,0.95,0,8,False,962.6000000000006,1.0,1.0
0.95,0.8,0.05,B3_STRATIFIED,1.0,constant,1.0,0,8,False,832.0,1.0,1.0
0.95,0.8,0.1,B2_SRS,0.0,alpha_0.95,0.95,0,8,False,680.6000000000001,0.0,1.0
0.95,0.8,0.1,B2_SRS,0.0,constant,1.0,0,8,False,550.0,0.0,1.0
0.95,0.8,0.1,B2_SRS,0.05,alpha_0.95,0.95,0,8,False,700.6000000000001,0.34423076923076934,1.0
0.95,0.8,0.1,B2_SRS,0.05,constant,1.0,0,8,False,570.0,0.34423076923076934,1.0
0.95,0.8,0.1,B2_SRS,0.1,alpha_0.95,0.95,0,8,False,717.6000000000001,0.34615384615384615,1.0
0.95,0.8,0.1,B2_SRS,0.1,constant,1.0,0,8,False,587.0,0.34615384615384615,1.0
0.95,0.8,0.1,B2_SRS,0.2,alpha_0.95,0.95,0,8,False,751.6000000000001,0.38461538461538464,1.0
0.95,0.8,0.1,B2_SRS,0.2,constant,1.0,0,8,False,621.0,0.38461538461538464,1.0
0.95,0.8,0.1,B2_SRS,0.3,alpha_0.95,0.95,0,8,False,785.6000000000001,0.4230769230769231,1.0
0.95,0.8,0.1,B2_SRS,0.3,constant,1.0,0,8,False,655.0,0.4230769230769231,1.0
0.95,0.8,0.1,B2_SRS,0.4,alpha_0.95,0.95,0,8,False,817.6000000000001,0.4230769230769231,1.0
0.95,0.8,0.1,B2_SRS,0.4,constant,1.0,0,8,False,687.0,0.4230769230769231,1.0
0.95,0.8,0.1,B2_SRS,0.5,alpha_0.95,0.95,0,8,False,850.6000000000001,0.4230769230769231,1.0
0.95,0.8,0.1,B2_SRS,0.5,constant,1.0,0,8,False,720.0,0.4230769230769231,1.0
0.95,0.8,0.1,B2_SRS,0.7,alpha_0.95,0.95,0,8,False,915.6000000000001,0.5769230769230769,1.0
0.95,0.8,0.1,B2_SRS,0.7,constant,1.0,0,8,False,785.0,0.5769230769230769,1.0
0.95,0.8,0.1,B2_SRS,1.0,alpha_0.95,0.95,0,8,False,1008.6000000000001,1.0,1.0
0.95,0.8,0.1,B2_SRS,1.0,constant,1.0,0,8,False,878.0,1.0,1.0
0.95,0.8,0.1,B3_STRATIFIED,0.0,alpha_0.95,0.95,0,8,False,680.6000000000001,0.0,1.0
0.95,0.8,0.1,B3_STRATIFIED,0.0,constant,1.0,0,8,False,550.0,0.0,1.0
0.95,0.8,0.1,B3_STRATIFIED,0.05,alpha_0.95,0.95,0,8,False,701.6000000000001,0.4230769230769231,1.0
0.95,0.8,0.1,B3_STRATIFIED,0.05,constant,1.0,0,8,False,571.0,0.4230769230769231,1.0
0.95,0.8,0.1,B3_STRATIFIED,0.1,alpha_0.95,0.95,0,8,False,718.6000000000001,0.4230769230769231,1.0
0.95,0.8,0.1,B3_STRATIFIED,0.1,constant,1.0,0,8,False,588.0,0.4230769230769231,1.0
0.95,0.8,0.1,B3_STRATIFIED,0.2,alpha_0.95,0.95,0,8,False,751.6000000000001,0.4230769230769231,1.0
0.95,0.8,0.1,B3_STRATIFIED,0.2,constant,1.0,0,8,False,621.0,0.4230769230769231,1.0
0.95,0.8,0.1,B3_STRATIFIED,0.3,alpha_0.95,0.95,0,8,False,785.6000000000001,0.46153846153846156,1.0
0.95,0.8,0.1,B3_STRATIFIED,0.3,constant,1.0,0,8,False,655.0,0.46153846153846156,1.0
0.95,0.8,0.1,B3_STRATIFIED,0.4,alpha_0.95,0.95,0,8,False,819.6000000000001,0.5,1.0
0.95,0.8,0.1,B3_STRATIFIED,0.4,constant,1.0,0,8,False,689.0,0.5,1.0
0.95,0.8,0.1,B3_STRATIFIED,0.5,alpha_0.95,0.95,0,8,False,851.6000000000001,0.5365384615384616,1.0
0.95,0.8,0.1,B3_STRATIFIED,0.5,constant,1.0,0,8,False,721.0,0.5365384615384616,1.0
0.95,0.8,0.1,B3_STRATIFIED,0.7,alpha_0.95,0.95,0,8,False,917.6000000000001,0.8057692307692309,1.0
0.95,0.8,0.1,B3_STRATIFIED,0.7,constant,1.0,0,8,False,787.0,0.8057692307692309,1.0
0.95,0.8,0.1,B3_STRATIFIED,1.0,alpha_0.95,0.95,0,8,False,1008.6000000000001,1.0,1.0
0.95,0.8,0.1,B3_STRATIFIED,1.0,constant,1.0,0,8,False,878.0,1.0,1.0
0.95,0.8,0.2,B2_SRS,0.0,alpha_0.95,0.95,0,8,False,768.5999999999998,0.0,1.0
0.95,0.8,0.2,B2_SRS,0.0,constant,1.0,0,8,False,638.0,0.0,1.0
0.95,0.8,0.2,B2_SRS,0.05,alpha_0.95,0.95,0,8,False,787.5999999999998,0.3076923076923077,1.0
0.95,0.8,0.2,B2_SRS,0.05,constant,1.0,0,8,False,657.0,0.3076923076923077,1.0
0.95,0.8,0.2,B2_SRS,0.1,alpha_0.95,0.95,0,8,False,805.5999999999998,0.34615384615384615,1.0
0.95,0.8,0.2,B2_SRS,0.1,constant,1.0,0,8,False,675.0,0.34615384615384615,1.0
0.95,0.8,0.2,B2_SRS,0.2,alpha_0.95,0.95,0,8,False,838.5999999999998,0.38461538461538464,1.0
0.95,0.8,0.2,B2_SRS,0.2,constant,1.0,0,8,False,708.0,0.38461538461538464,1.0
0.95,0.8,0.2,B2_SRS,0.3,alpha_0.95,0.95,0,8,False,871.5999999999998,0.38461538461538464,1.0
0.95,0.8,0.2,B2_SRS,0.3,constant,1.0,0,8,False,741.0,0.38461538461538464,1.0
0.95,0.8,0.2,B2_SRS,0.4,alpha_0.95,0.95,0,8,False,904.5999999999998,0.4230769230769231,1.0
0.95,0.8,0.2,B2_SRS,0.4,constant,1.0,0,8,False,774.0,0.4230769230769231,1.0
0.95,0.8,0.2,B2_SRS,0.5,alpha_0.95,0.95,0,8,False,937.5999999999998,0.4230769230769231,1.0
0.95,0.8,0.2,B2_SRS,0.5,constant,1.0,0,8,False,807.0,0.4230769230769231,1.0
0.95,0.8,0.2,B2_SRS,0.7,alpha_0.95,0.95,0,8,False,1002.5999999999998,0.5769230769230769,1.0
0.95,0.8,0.2,B2_SRS,0.7,constant,1.0,0,8,False,872.0,0.5769230769230769,1.0
0.95,0.8,0.2,B2_SRS,1.0,alpha_0.95,0.95,0,8,False,1096.6,1.0,1.0
0.95,0.8,0.2,B2_SRS,1.0,constant,1.0,0,8,False,966.0,1.0,1.0
0.95,0.8,0.2,B3_STRATIFIED,0.0,alpha_0.95,0.95,0,8,False,768.5999999999998,0.0,1.0
0.95,0.8,0.2,B3_STRATIFIED,0.0,constant,1.0,0,8,False,638.0,0.0,1.0
0.95,0.8,0.2,B3_STRATIFIED,0.05,alpha_0.95,0.95,0,8,False,788.5999999999998,0.38461538461538464,1.0
0.95,0.8,0.2,B3_STRATIFIED,0.05,constant,1.0,0,8,False,658.0,0.38461538461538464,1.0
0.95,0.8,0.2,B3_STRATIFIED,0.1,alpha_0.95,0.95,0,8,False,805.5499999999998,0.4230769230769231,1.0
0.95,0.8,0.2,B3_STRATIFIED,0.1,constant,1.0,0,8,False,675.0,0.4230769230769231,1.0
0.95,0.8,0.2,B3_STRATIFIED,0.2,alpha_0.95,0.95,0,8,False,838.5999999999998,0.4230769230769231,1.0
0.95,0.8,0.2,B3_STRATIFIED,0.2,constant,1.0,0,8,False,708.0,0.4230769230769231,1.0
0.95,0.8,0.2,B3_STRATIFIED,0.3,alpha_0.95,0.95,0,8,False,871.5999999999998,0.4230769230769231,1.0
0.95,0.8,0.2,B3_STRATIFIED,0.3,constant,1.0,0,8,False,741.0,0.4230769230769231,1.0
0.95,0.8,0.2,B3_STRATIFIED,0.4,alpha_0.95,0.95,0,8,False,904.5999999999998,0.4980769230769232,1.0
0.95,0.8,0.2,B3_STRATIFIED,0.4,constant,1.0,0,8,False,774.0,0.4980769230769232,1.0
0.95,0.8,0.2,B3_STRATIFIED,0.5,alpha_0.95,0.95,0,8,False,938.5999999999998,0.5,1.0
0.95,0.8,0.2,B3_STRATIFIED,0.5,constant,1.0,0,8,False,808.0,0.5,1.0
0.95,0.8,0.2,B3_STRATIFIED,0.7,alpha_0.95,0.95,0,8,False,1003.5999999999998,0.8057692307692309,1.0
0.95,0.8,0.2,B3_STRATIFIED,0.7,constant,1.0,0,8,False,873.0,0.8057692307692309,1.0
0.95,0.8,0.2,B3_STRATIFIED,1.0,alpha_0.95,0.95,0,8,False,1096.6,1.0,1.0
0.95,0.8,0.2,B3_STRATIFIED,1.0,constant,1.0,0,8,False,966.0,1.0,1.0
0.95,0.85,0.0,B2_SRS,0.0,alpha_0.95,0.95,0,8,False,532.4000000000018,0.0,1.0
0.95,0.85,0.0,B2_SRS,0.0,constant,1.0,0,8,False,404.0,0.0,1.0
0.95,0.85,0.0,B2_SRS,0.05,alpha_0.95,0.95,0,8,False,553.4000000000018,0.3076923076923077,1.0
0.95,0.85,0.0,B2_SRS,0.05,constant,1.0,0,8,False,425.0,0.3076923076923077,1.0
0.95,0.85,0.0,B2_SRS,0.1,alpha_0.95,0.95,0,8,False,571.4000000000018,0.34423076923076934,1.0
0.95,0.85,0.0,B2_SRS,0.1,constant,1.0,0,8,False,443.0,0.34423076923076934,1.0
0.95,0.85,0.0,B2_SRS,0.2,alpha_0.95,0.95,0,8,False,605.4000000000018,0.38461538461538464,1.0
0.95,0.85,0.0,B2_SRS,0.2,constant,1.0,0,8,False,477.0,0.38461538461538464,1.0
0.95,0.85,0.0,B2_SRS,0.3,alpha_0.95,0.95,0,8,False,640.4000000000018,0.4230769230769231,1.0
0.95,0.85,0.0,B2_SRS,0.3,constant,1.0,0,8,False,512.0,0.4230769230769231,1.0
0.95,0.85,0.0,B2_SRS,0.4,alpha_0.95,0.95,0,8,False,672.4000000000018,0.4230769230769231,1.0
0.95,0.85,0.0,B2_SRS,0.4,constant,1.0,0,8,False,544.0,0.4230769230769231,1.0
0.95,0.85,0.0,B2_SRS,0.5,alpha_0.95,0.95,0,8,False,705.4000000000018,0.4230769230769231,1.0
0.95,0.85,0.0,B2_SRS,0.5,constant,1.0,0,8,False,577.0,0.4230769230769231,1.0
0.95,0.85,0.0,B2_SRS,0.7,alpha_0.95,0.95,0,8,False,769.4000000000018,0.5769230769230769,1.0
0.95,0.85,0.0,B2_SRS,0.7,constant,1.0,0,8,False,641.0,0.5769230769230769,1.0
0.95,0.85,0.0,B2_SRS,1.0,alpha_0.95,0.95,0,8,False,860.4000000000018,1.0,1.0
0.95,0.85,0.0,B2_SRS,1.0,constant,1.0,0,8,False,732.0,1.0,1.0
0.95,0.85,0.0,B3_STRATIFIED,0.0,alpha_0.95,0.95,0,8,False,532.4000000000018,0.0,1.0
0.95,0.85,0.0,B3_STRATIFIED,0.0,constant,1.0,0,8,False,404.0,0.0,1.0
0.95,0.85,0.0,B3_STRATIFIED,0.05,alpha_0.95,0.95,0,8,False,554.4000000000018,0.4230769230769231,1.0
0.95,0.85,0.0,B3_STRATIFIED,0.05,constant,1.0,0,8,False,428.0,0.4230769230769231,1.0
0.95,0.85,0.0,B3_STRATIFIED,0.1,alpha_0.95,0.95,0,8,False,569.4000000000018,0.4230769230769231,1.0
0.95,0.85,0.0,B3_STRATIFIED,0.1,constant,1.0,0,8,False,441.0,0.4230769230769231,1.0
0.95,0.85,0.0,B3_STRATIFIED,0.2,alpha_0.95,0.95,0,8,False,605.4000000000018,0.4230769230769231,1.0
0.95,0.85,0.0,B3_STRATIFIED,0.2,constant,1.0,0,8,False,477.0,0.4230769230769231,1.0
0.95,0.85,0.0,B3_STRATIFIED,0.3,alpha_0.95,0.95,0,8,False,640.4000000000018,0.45961538461538476,1.0
0.95,0.85,0.0,B3_STRATIFIED,0.3,constant,1.0,0,8,False,512.0,0.45961538461538476,1.0
0.95,0.85,0.0,B3_STRATIFIED,0.4,alpha_0.95,0.95,0,8,False,669.4000000000018,0.5,1.0
0.95,0.85,0.0,B3_STRATIFIED,0.4,constant,1.0,0,8,False,541.0,0.5,1.0
0.95,0.85,0.0,B3_STRATIFIED,0.5,alpha_0.95,0.95,0,8,False,704.4000000000018,0.5384615384615384,1.0
0.95,0.85,0.0,B3_STRATIFIED,0.5,constant,1.0,0,8,False,576.0,0.5384615384615384,1.0
0.95,0.85,0.0,B3_STRATIFIED,0.7,alpha_0.95,0.95,0,8,False,766.4000000000018,0.7692307692307693,1.0
0.95,0.85,0.0,B3_STRATIFIED,0.7,constant,1.0,0,8,False,638.0,0.7692307692307693,1.0
0.95,0.85,0.0,B3_STRATIFIED,1.0,alpha_0.95,0.95,0,8,False,860.4000000000018,1.0,1.0
0.95,0.85,0.0,B3_STRATIFIED,1.0,constant,1.0,0,8,False,732.0,1.0,1.0
0.95,0.85,0.05,B2_SRS,0.0,alpha_0.95,0.95,0,8,False,581.6000000000014,0.0,1.0
0.95,0.85,0.05,B2_SRS,0.0,constant,1.0,0,8,False,452.0,0.0,1.0
0.95,0.85,0.05,B2_SRS,0.05,alpha_0.95,0.95,0,8,False,601.6000000000014,0.3076923076923077,1.0
0.95,0.85,0.05,B2_SRS,0.05,constant,1.0,0,8,False,472.0,0.3076923076923077,1.0
0.95,0.85,0.05,B2_SRS,0.1,alpha_0.95,0.95,0,8,False,619.6000000000014,0.3076923076923077,1.0
0.95,0.85,0.05,B2_SRS,0.1,constant,1.0,0,8,False,490.0,0.3076923076923077,1.0
0.95,0.85,0.05,B2_SRS,0.2,alpha_0.95,0.95,0,8,False,654.6000000000014,0.38461538461538464,1.0
0.95,0.85,0.05,B2_SRS,0.2,constant,1.0,0,8,False,525.0,0.38461538461538464,1.0
0.95,0.85,0.05,B2_SRS,0.3,alpha_0.95,0.95,0,8,False,687.6000000000014,0.4230769230769231,1.0
0.95,0.85,0.05,B2_SRS,0.3,constant,1.0,0,8,False,558.0,0.4230769230769231,1.0
0.95,0.85,0.05,B2_SRS,0.4,alpha_0.95,0.95,0,8,False,720.6500000000013,0.4230769230769231,1.0
0.95,0.85,0.05,B2_SRS,0.4,constant,1.0,0,8,False,591.05,0.4230769230769231,1.0
0.95,0.85,0.05,B2_SRS,0.5,alpha_0.95,0.95,0,8,False,752.6000000000014,0.4230769230769231,1.0
0.95,0.85,0.05,B2_SRS,0.5,constant,1.0,0,8,False,623.0,0.4230769230769231,1.0
0.95,0.85,0.05,B2_SRS,0.7,alpha_0.95,0.95,0,8,False,818.6000000000014,0.5769230769230769,1.0
0.95,0.85,0.05,B2_SRS,0.7,constant,1.0,0,8,False,689.0,0.5769230769230769,1.0
0.95,0.85,0.05,B2_SRS,1.0,alpha_0.95,0.95,0,8,False,909.6000000000014,1.0,1.0
0.95,0.85,0.05,B2_SRS,1.0,constant,1.0,0,8,False,780.0,1.0,1.0
0.95,0.85,0.05,B3_STRATIFIED,0.0,alpha_0.95,0.95,0,8,False,581.6000000000014,0.0,1.0
0.95,0.85,0.05,B3_STRATIFIED,0.0,constant,1.0,0,8,False,452.0,0.0,1.0
0.95,0.85,0.05,B3_STRATIFIED,0.05,alpha_0.95,0.95,0,8,False,605.6000000000014,0.42115384615384627,1.0
0.95,0.85,0.05,B3_STRATIFIED,0.05,constant,1.0,0,8,False,476.0,0.42115384615384627,1.0
0.95,0.85,0.05,B3_STRATIFIED,0.1,alpha_0.95,0.95,0,8,False,622.6000000000014,0.42115384615384627,1.0
0.95,0.85,0.05,B3_STRATIFIED,0.1,constant,1.0,0,8,False,493.0,0.42115384615384627,1.0
0.95,0.85,0.05,B3_STRATIFIED,0.2,alpha_0.95,0.95,0,8,False,656.6000000000014,0.4230769230769231,1.0
0.95,0.85,0.05,B3_STRATIFIED,0.2,constant,1.0,0,8,False,527.0,0.4230769230769231,1.0
0.95,0.85,0.05,B3_STRATIFIED,0.3,alpha_0.95,0.95,0,8,False,688.6000000000014,0.46153846153846156,1.0
0.95,0.85,0.05,B3_STRATIFIED,0.3,constant,1.0,0,8,False,559.0,0.46153846153846156,1.0
0.95,0.85,0.05,B3_STRATIFIED,0.4,alpha_0.95,0.95,0,8,False,722.6000000000014,0.5,1.0
0.95,0.85,0.05,B3_STRATIFIED,0.4,constant,1.0,0,8,False,593.0,0.5,1.0
0.95,0.85,0.05,B3_STRATIFIED,0.5,alpha_0.95,0.95,0,8,False,753.6000000000014,0.5384615384615384,1.0
0.95,0.85,0.05,B3_STRATIFIED,0.5,constant,1.0,0,8,False,624.0,0.5384615384615384,1.0
0.95,0.85,0.05,B3_STRATIFIED,0.7,alpha_0.95,0.95,0,8,False,820.6000000000014,0.7692307692307693,1.0
0.95,0.85,0.05,B3_STRATIFIED,0.7,constant,1.0,0,8,False,691.0,0.7692307692307693,1.0
0.95,0.85,0.05,B3_STRATIFIED,1.0,alpha_0.95,0.95,0,8,False,909.6000000000014,1.0,1.0
0.95,0.85,0.05,B3_STRATIFIED,1.0,constant,1.0,0,8,False,780.0,1.0,1.0
0.95,0.85,0.1,B2_SRS,0.0,alpha_0.95,0.95,0,8,False,628.6000000000008,0.0,1.0
0.95,0.85,0.1,B2_SRS,0.0,constant,1.0,0,8,False,498.0,0.0,1.0
0.95,0.85,0.1,B2_SRS,0.05,alpha_0.95,0.95,0,8,False,648.6500000000008,0.3076923076923077,1.0
0.95,0.85,0.1,B2_SRS,0.05,constant,1.0,0,8,False,518.05,0.3076923076923077,1.0
0.95,0.85,0.1,B2_SRS,0.1,alpha_0.95,0.95,0,8,False,666.6000000000008,0.34615384615384615,1.0
0.95,0.85,0.1,B2_SRS,0.1,constant,1.0,0,8,False,536.0,0.34615384615384615,1.0
0.95,0.85,0.1,B2_SRS,0.2,alpha_0.95,0.95,0,8,False,700.6000000000008,0.38461538461538464,1.0
0.95,0.85,0.1,B2_SRS,0.2,constant,1.0,0,8,False,570.0,0.38461538461538464,1.0
0.95,0.85,0.1,B2_SRS,0.3,alpha_0.95,0.95,0,8,False,733.6000000000008,0.4230769230769231,1.0
0.95,0.85,0.1,B2_SRS,0.3,constant,1.0,0,8,False,603.0,0.4230769230769231,1.0
0.95,0.85,0.1,B2_SRS,0.4,alpha_0.95,0.95,0,8,False,766.6000000000008,0.4230769230769231,1.0
0.95,0.85,0.1,B2_SRS,0.4,constant,1.0,0,8,False,636.0,0.4230769230769231,1.0
0.95,0.85,0.1,B2_SRS,0.5,alpha_0.95,0.95,0,8,False,798.6000000000008,0.4230769230769231,1.0
0.95,0.85,0.1,B2_SRS,0.5,constant,1.0,0,8,False,668.0,0.4230769230769231,1.0
0.95,0.85,0.1,B2_SRS,0.7,alpha_0.95,0.95,0,8,False,864.6000000000008,0.5769230769230769,1.0
0.95,0.85,0.1,B2_SRS,0.7,constant,1.0,0,8,False,734.0,0.5769230769230769,1.0
0.95,0.85,0.1,B2_SRS,1.0,alpha_0.95,0.95,0,8,False,956.6000000000008,1.0,1.0
0.95,0.85,0.1,B2_SRS,1.0,constant,1.0,0,8,False,826.0,1.0,1.0
0.95,0.85,0.1,B3_STRATIFIED,0.0,alpha_0.95,0.95,0,8,False,628.6000000000008,0.0,1.0
0.95,0.85,0.1,B3_STRATIFIED,0.0,constant,1.0,0,8,False,498.0,0.0,1.0
0.95,0.85,0.1,B3_STRATIFIED,0.05,alpha_0.95,0.95,0,8,False,649.5500000000009,0.4230769230769231,1.0
0.95,0.85,0.1,B3_STRATIFIED,0.05,constant,1.0,0,8,False,519.0,0.4230769230769231,1.0
0.95,0.85,0.1,B3_STRATIFIED,0.1,alpha_0.95,0.95,0,8,False,666.6000000000008,0.4230769230769231,1.0
0.95,0.85,0.1,B3_STRATIFIED,0.1,constant,1.0,0,8,False,536.0,0.4230769230769231,1.0
0.95,0.85,0.1,B3_STRATIFIED,0.2,alpha_0.95,0.95,0,8,False,699.6000000000008,0.4230769230769231,1.0
0.95,0.85,0.1,B3_STRATIFIED,0.2,constant,1.0,0,8,False,569.0,0.4230769230769231,1.0
0.95,0.85,0.1,B3_STRATIFIED,0.3,alpha_0.95,0.95,0,8,False,732.6000000000008,0.46153846153846156,1.0
0.95,0.85,0.1,B3_STRATIFIED,0.3,constant,1.0,0,8,False,602.0,0.46153846153846156,1.0
0.95,0.85,0.1,B3_STRATIFIED,0.4,alpha_0.95,0.95,0,8,False,766.6000000000008,0.5365384615384616,1.0
0.95,0.85,0.1,B3_STRATIFIED,0.4,constant,1.0,0,8,False,636.0,0.5365384615384616,1.0
0.95,0.85,0.1,B3_STRATIFIED,0.5,alpha_0.95,0.95,0,8,False,799.6000000000008,0.5384615384615384,1.0
0.95,0.85,0.1,B3_STRATIFIED,0.5,constant,1.0,0,8,False,669.0,0.5384615384615384,1.0
0.95,0.85,0.1,B3_STRATIFIED,0.7,alpha_0.95,0.95,0,8,False,864.6000000000008,0.7692307692307693,1.0
0.95,0.85,0.1,B3_STRATIFIED,0.7,constant,1.0,0,8,False,734.0,0.7692307692307693,1.0
0.95,0.85,0.1,B3_STRATIFIED,1.0,alpha_0.95,0.95,0,8,False,956.6000000000008,1.0,1.0
0.95,0.85,0.1,B3_STRATIFIED,1.0,constant,1.0,0,8,False,826.0,1.0,1.0
0.95,0.85,0.2,B2_SRS,0.0,alpha_0.95,0.95,0,8,False,724.6,0.0,1.0
0.95,0.85,0.2,B2_SRS,0.0,constant,1.0,0,8,False,594.0,0.0,1.0
0.95,0.85,0.2,B2_SRS,0.05,alpha_0.95,0.95,0,8,False,744.6,0.3076923076923077,1.0
0.95,0.85,0.2,B2_SRS,0.05,constant,1.0,0,8,False,614.0,0.3076923076923077,1.0
0.95,0.85,0.2,B2_SRS,0.1,alpha_0.95,0.95,0,8,False,760.6,0.34615384615384615,1.0
0.95,0.85,0.2,B2_SRS,0.1,constant,1.0,0,8,False,630.0,0.34615384615384615,1.0
0.95,0.85,0.2,B2_SRS,0.2,alpha_0.95,0.95,0,8,False,794.6,0.38461538461538464,1.0
0.95,0.85,0.2,B2_SRS,0.2,constant,1.0,0,8,False,664.0,0.38461538461538464,1.0
0.95,0.85,0.2,B2_SRS,0.3,alpha_0.95,0.95,0,8,False,828.6,0.38461538461538464,1.0
0.95,0.85,0.2,B2_SRS,0.3,constant,1.0,0,8,False,698.0,0.38461538461538464,1.0
0.95,0.85,0.2,B2_SRS,0.4,alpha_0.95,0.95,0,8,False,861.6,0.4230769230769231,1.0
0.95,0.85,0.2,B2_SRS,0.4,constant,1.0,0,8,False,731.0,0.4230769230769231,1.0
0.95,0.85,0.2,B2_SRS,0.5,alpha_0.95,0.95,0,8,False,894.6,0.4230769230769231,1.0
0.95,0.85,0.2,B2_SRS,0.5,constant,1.0,0,8,False,764.0,0.4230769230769231,1.0
0.95,0.85,0.2,B2_SRS,0.7,alpha_0.95,0.95,0,8,False,959.6,0.5769230769230769,1.0
0.95,0.85,0.2,B2_SRS,0.7,constant,1.0,0,8,False,829.0,0.5769230769230769,1.0
0.95,0.85,0.2,B2_SRS,1.0,alpha_0.95,0.95,0,8,False,1052.6,1.0,1.0
0.95,0.85,0.2,B2_SRS,1.0,constant,1.0,0,8,False,922.0,1.0,1.0
0.95,0.85,0.2,B3_STRATIFIED,0.0,alpha_0.95,0.95,0,8,False,724.6,0.0,1.0
0.95,0.85,0.2,B3_STRATIFIED,0.0,constant,1.0,0,8,False,594.0,0.0,1.0
0.95,0.85,0.2,B3_STRATIFIED,0.05,alpha_0.95,0.95,0,8,False,744.6,0.4230769230769231,1.0
0.95,0.85,0.2,B3_STRATIFIED,0.05,constant,1.0,0,8,False,614.0,0.4230769230769231,1.0
0.95,0.85,0.2,B3_STRATIFIED,0.1,alpha_0.95,0.95,0,8,False,762.6,0.4230769230769231,1.0
0.95,0.85,0.2,B3_STRATIFIED,0.1,constant,1.0,0,8,False,632.0,0.4230769230769231,1.0
0.95,0.85,0.2,B3_STRATIFIED,0.2,alpha_0.95,0.95,0,8,False,794.6,0.4230769230769231,1.0
0.95,0.85,0.2,B3_STRATIFIED,0.2,constant,1.0,0,8,False,664.0,0.4230769230769231,1.0
0.95,0.85,0.2,B3_STRATIFIED,0.3,alpha_0.95,0.95,0,8,False,829.6,0.4230769230769231,1.0
0.95,0.85,0.2,B3_STRATIFIED,0.3,constant,1.0,0,8,False,699.0,0.4230769230769231,1.0
0.95,0.85,0.2,B3_STRATIFIED,0.4,alpha_0.95,0.95,0,8,False,861.6,0.5,1.0
0.95,0.85,0.2,B3_STRATIFIED,0.4,constant,1.0,0,8,False,731.0,0.5,1.0
0.95,0.85,0.2,B3_STRATIFIED,0.5,alpha_0.95,0.95,0,8,False,894.6,0.5384615384615384,1.0
0.95,0.85,0.2,B3_STRATIFIED,0.5,constant,1.0,0,8,False,764.0,0.5384615384615384,1.0
0.95,0.85,0.2,B3_STRATIFIED,0.7,alpha_0.95,0.95,0,8,False,959.6,0.7692307692307693,1.0
0.95,0.85,0.2,B3_STRATIFIED,0.7,constant,1.0,0,8,False,829.0,0.7692307692307693,1.0
0.95,0.85,0.2,B3_STRATIFIED,1.0,alpha_0.95,0.95,0,8,False,1052.6,1.0,1.0
0.95,0.85,0.2,B3_STRATIFIED,1.0,constant,1.0,0,8,False,922.0,1.0,1.0
0.95,0.9,0.0,B2_SRS,0.0,alpha_0.95,0.95,0,8,False,474.8000000000014,0.0,1.0
0.95,0.9,0.0,B2_SRS,0.0,constant,1.0,0,8,False,348.0,0.0,1.0
0.95,0.9,0.0,B2_SRS,0.05,alpha_0.95,0.95,0,8,False,496.8000000000014,0.3076923076923077,1.0
0.95,0.9,0.0,B2_SRS,0.05,constant,1.0,0,8,False,370.0,0.3076923076923077,1.0
0.95,0.9,0.0,B2_SRS,0.1,alpha_0.95,0.95,0,8,False,513.8000000000013,0.3076923076923077,1.0
0.95,0.9,0.0,B2_SRS,0.1,constant,1.0,0,8,False,387.0,0.3076923076923077,1.0
0.95,0.9,0.0,B2_SRS,0.2,alpha_0.95,0.95,0,8,False,549.8000000000013,0.38461538461538464,1.0
0.95,0.9,0.0,B2_SRS,0.2,constant,1.0,0,8,False,423.0,0.38461538461538464,1.0
0.95,0.9,0.0,B2_SRS,0.3,alpha_0.95,0.95,0,8,False,581.8000000000013,0.42115384615384627,1.0
0.95,0.9,0.0,B2_SRS,0.3,constant,1.0,0,8,False,455.0,0.42115384615384627,1.0
0.95,0.9,0.0,B2_SRS,0.4,alpha_0.95,0.95,0,8,False,615.8000000000013,0.4230769230769231,1.0
0.95,0.9,0.0,B2_SRS,0.4,constant,1.0,0,8,False,489.0,0.4230769230769231,1.0
0.95,0.9,0.0,B2_SRS,0.5,alpha_0.95,0.95,0,8,False,647.8000000000013,0.4230769230769231,1.0
0.95,0.9,0.0,B2_SRS,0.5,constant,1.0,0,8,False,521.0,0.4230769230769231,1.0
0.95,0.9,0.0,B2_SRS,0.7,alpha_0.95,0.95,0,8,False,714.8000000000013,0.5769230769230769,1.0
0.95,0.9,0.0,B2_SRS,0.7,constant,1.0,0,8,False,588.0,0.5769230769230769,1.0
0.95,0.9,0.0,B2_SRS,1.0,alpha_0.95,0.95,0,8,False,802.8000000000013,1.0,1.0
0.95,0.9,0.0,B2_SRS,1.0,constant,1.0,0,8,False,676.0,1.0,1.0
0.95,0.9,0.0,B3_STRATIFIED,0.0,alpha_0.95,0.95,0,8,False,474.8000000000014,0.0,1.0
0.95,0.9,0.0,B3_STRATIFIED,0.0,constant,1.0,0,8,False,348.0,0.0,1.0
0.95,0.9,0.0,B3_STRATIFIED,0.05,alpha_0.95,0.95,0,8,False,494.8000000000014,0.38461538461538464,1.0
0.95,0.9,0.0,B3_STRATIFIED,0.05,constant,1.0,0,8,False,369.0,0.38461538461538464,1.0
0.95,0.9,0.0,B3_STRATIFIED,0.1,alpha_0.95,0.95,0,8,False,514.8000000000013,0.38461538461538464,1.0
0.95,0.9,0.0,B3_STRATIFIED,0.1,constant,1.0,0,8,False,388.0,0.38461538461538464,1.0
0.95,0.9,0.0,B3_STRATIFIED,0.2,alpha_0.95,0.95,0,8,False,547.8500000000013,0.4230769230769231,1.0
0.95,0.9,0.0,B3_STRATIFIED,0.2,constant,1.0,0,8,False,421.04999999999995,0.4230769230769231,1.0
0.95,0.9,0.0,B3_STRATIFIED,0.3,alpha_0.95,0.95,0,8,False,581.8000000000013,0.4230769230769231,1.0
0.95,0.9,0.0,B3_STRATIFIED,0.3,constant,1.0,0,8,False,455.0,0.4230769230769231,1.0
0.95,0.9,0.0,B3_STRATIFIED,0.4,alpha_0.95,0.95,0,8,False,613.8000000000013,0.5384615384615384,1.0
0.95,0.9,0.0,B3_STRATIFIED,0.4,constant,1.0,0,8,False,487.0,0.5384615384615384,1.0
0.95,0.9,0.0,B3_STRATIFIED,0.5,alpha_0.95,0.95,0,8,False,644.8000000000013,0.5384615384615384,1.0
0.95,0.9,0.0,B3_STRATIFIED,0.5,constant,1.0,0,8,False,518.0,0.5384615384615384,1.0
0.95,0.9,0.0,B3_STRATIFIED,0.7,alpha_0.95,0.95,0,8,False,712.8000000000013,0.7692307692307693,1.0
0.95,0.9,0.0,B3_STRATIFIED,0.7,constant,1.0,0,8,False,586.0,0.7692307692307693,1.0
0.95,0.9,0.0,B3_STRATIFIED,1.0,alpha_0.95,0.95,0,8,False,802.8000000000013,1.0,1.0
0.95,0.9,0.0,B3_STRATIFIED,1.0,constant,1.0,0,8,False,676.0,1.0,1.0
0.95,0.9,0.05,B2_SRS,0.0,alpha_0.95,0.95,0,8,False,526.2500000000018,0.0,1.0
0.95,0.9,0.05,B2_SRS,0.0,constant,1.0,0,8,False,398.0,0.0,1.0
0.95,0.9,0.05,B2_SRS,0.05,alpha_0.95,0.95,0,8,False,547.2500000000018,0.3076923076923077,1.0
0.95,0.9,0.05,B2_SRS,0.05,constant,1.0,0,8,False,419.0,0.3076923076923077,1.0
0.95,0.9,0.05,B2_SRS,0.1,alpha_0.95,0.95,0,8,False,566.2500000000018,0.34423076923076934,1.0
0.95,0.9,0.05,B2_SRS,0.1,constant,1.0,0,8,False,438.0,0.34423076923076934,1.0
0.95,0.9,0.05,B2_SRS,0.2,alpha_0.95,0.95,0,8,False,600.2500000000018,0.38461538461538464,1.0
0.95,0.9,0.05,B2_SRS,0.2,constant,1.0,0,8,False,472.0,0.38461538461538464,1.0
0.95,0.9,0.05,B2_SRS,0.3,alpha_0.95,0.95,0,8,False,634.2500000000018,0.4230769230769231,1.0
0.95,0.9,0.05,B2_SRS,0.3,constant,1.0,0,8,False,506.0,0.4230769230769231,1.0
0.95,0.9,0.05,B2_SRS,0.4,alpha_0.95,0.95,0,8,False,666.2500000000018,0.4230769230769231,1.0
0.95,0.9,0.05,B2_SRS,0.4,constant,1.0,0,8,False,538.0,0.4230769230769231,1.0
0.95,0.9,0.05,B2_SRS,0.5,alpha_0.95,0.95,0,8,False,699.2500000000018,0.4230769230769231,1.0
0.95,0.9,0.05,B2_SRS,0.5,constant,1.0,0,8,False,571.0,0.4230769230769231,1.0
0.95,0.9,0.05,B2_SRS,0.7,alpha_0.95,0.95,0,8,False,764.2500000000018,0.5769230769230769,1.0
0.95,0.9,0.05,B2_SRS,0.7,constant,1.0,0,8,False,636.0,0.5769230769230769,1.0
0.95,0.9,0.05,B2_SRS,1.0,alpha_0.95,0.95,0,8,False,854.2500000000018,1.0,1.0
0.95,0.9,0.05,B2_SRS,1.0,constant,1.0,0,8,False,726.0,1.0,1.0
0.95,0.9,0.05,B3_STRATIFIED,0.0,alpha_0.95,0.95,0,8,False,526.2500000000018,0.0,1.0
0.95,0.9,0.05,B3_STRATIFIED,0.0,constant,1.0,0,8,False,398.0,0.0,1.0
0.95,0.9,0.05,B3_STRATIFIED,0.05,alpha_0.95,0.95,0,8,False,548.2500000000018,0.38461538461538464,1.0
0.95,0.9,0.05,B3_STRATIFIED,0.05,constant,1.0,0,8,False,420.0,0.38461538461538464,1.0
0.95,0.9,0.05,B3_STRATIFIED,0.1,alpha_0.95,0.95,0,8,False,564.2000000000018,0.38461538461538464,1.0
0.95,0.9,0.05,B3_STRATIFIED,0.1,constant,1.0,0,8,False,436.0,0.38461538461538464,1.0
0.95,0.9,0.05,B3_STRATIFIED,0.2,alpha_0.95,0.95,0,8,False,599.2500000000018,0.38461538461538464,1.0
0.95,0.9,0.05,B3_STRATIFIED,0.2,constant,1.0,0,8,False,471.0,0.38461538461538464,1.0
0.95,0.9,0.05,B3_STRATIFIED,0.3,alpha_0.95,0.95,0,8,False,632.2500000000018,0.4230769230769231,1.0
0.95,0.9,0.05,B3_STRATIFIED,0.3,constant,1.0,0,8,False,504.0,0.4230769230769231,1.0
0.95,0.9,0.05,B3_STRATIFIED,0.4,alpha_0.95,0.95,0,8,False,664.2500000000018,0.5384615384615384,1.0
0.95,0.9,0.05,B3_STRATIFIED,0.4,constant,1.0,0,8,False,536.0,0.5384615384615384,1.0
0.95,0.9,0.05,B3_STRATIFIED,0.5,alpha_0.95,0.95,0,8,False,696.2500000000018,0.5384615384615384,1.0
0.95,0.9,0.05,B3_STRATIFIED,0.5,constant,1.0,0,8,False,568.0,0.5384615384615384,1.0
0.95,0.9,0.05,B3_STRATIFIED,0.7,alpha_0.95,0.95,0,8,False,762.2500000000018,0.7692307692307693,1.0
0.95,0.9,0.05,B3_STRATIFIED,0.7,constant,1.0,0,8,False,634.0,0.7692307692307693,1.0
0.95,0.9,0.05,B3_STRATIFIED,1.0,alpha_0.95,0.95,0,8,False,854.2500000000018,1.0,1.0
0.95,0.9,0.05,B3_STRATIFIED,1.0,constant,1.0,0,8,False,726.0,1.0,1.0
0.95,0.9,0.1,B2_SRS,0.0,alpha_0.95,0.95,0,8,False,577.5000000000015,0.0,1.0
0.95,0.9,0.1,B2_SRS,0.0,constant,1.0,0,8,False,448.0,0.0,1.0
0.95,0.9,0.1,B2_SRS,0.05,alpha_0.95,0.95,0,8,False,597.5000000000015,0.3076923076923077,1.0
0.95,0.9,0.1,B2_SRS,0.05,constant,1.0,0,8,False,468.0,0.3076923076923077,1.0
0.95,0.9,0.1,B2_SRS,0.1,alpha_0.95,0.95,0,8,False,615.5000000000015,0.34615384615384615,1.0
0.95,0.9,0.1,B2_SRS,0.1,constant,1.0,0,8,False,486.0,0.34615384615384615,1.0
0.95,0.9,0.1,B2_SRS,0.2,alpha_0.95,0.95,0,8,False,650.5000000000015,0.38461538461538464,1.0
0.95,0.9,0.1,B2_SRS,0.2,constant,1.0,0,8,False,521.0,0.38461538461538464,1.0
0.95,0.9,0.1,B2_SRS,0.3,alpha_0.95,0.95,0,8,False,682.5000000000015,0.4230769230769231,1.0
0.95,0.9,0.1,B2_SRS,0.3,constant,1.0,0,8,False,553.0,0.4230769230769231,1.0
0.95,0.9,0.1,B2_SRS,0.4,alpha_0.95,0.95,0,8,False,717.5000000000015,0.4230769230769231,1.0
0.95,0.9,0.1,B2_SRS,0.4,constant,1.0,0,8,False,588.0,0.4230769230769231,1.0
0.95,0.9,0.1,B2_SRS,0.5,alpha_0.95,0.95,0,8,False,749.5000000000015,0.4230769230769231,1.0
0.95,0.9,0.1,B2_SRS,0.5,constant,1.0,0,8,False,620.0,0.4230769230769231,1.0
0.95,0.9,0.1,B2_SRS,0.7,alpha_0.95,0.95,0,8,False,815.5000000000015,0.5769230769230769,1.0
0.95,0.9,0.1,B2_SRS,0.7,constant,1.0,0,8,False,686.0,0.5769230769230769,1.0
0.95,0.9,0.1,B2_SRS,1.0,alpha_0.95,0.95,0,8,False,905.5000000000015,1.0,1.0
0.95,0.9,0.1,B2_SRS,1.0,constant,1.0,0,8,False,776.0,1.0,1.0
0.95,0.9,0.1,B3_STRATIFIED,0.0,alpha_0.95,0.95,0,8,False,577.5000000000015,0.0,1.0
0.95,0.9,0.1,B3_STRATIFIED,0.0,constant,1.0,0,8,False,448.0,0.0,1.0
0.95,0.9,0.1,B3_STRATIFIED,0.05,alpha_0.95,0.95,0,8,False,601.5000000000015,0.38461538461538464,1.0
0.95,0.9,0.1,B3_STRATIFIED,0.05,constant,1.0,0,8,False,472.0,0.38461538461538464,1.0
0.95,0.9,0.1,B3_STRATIFIED,0.1,alpha_0.95,0.95,0,8,False,618.5000000000015,0.38461538461538464,1.0
0.95,0.9,0.1,B3_STRATIFIED,0.1,constant,1.0,0,8,False,489.0,0.38461538461538464,1.0
0.95,0.9,0.1,B3_STRATIFIED,0.2,alpha_0.95,0.95,0,8,False,650.5000000000015,0.42115384615384627,1.0
0.95,0.9,0.1,B3_STRATIFIED,0.2,constant,1.0,0,8,False,521.0,0.42115384615384627,1.0
0.95,0.9,0.1,B3_STRATIFIED,0.3,alpha_0.95,0.95,0,8,False,686.5000000000015,0.45961538461538476,1.0
0.95,0.9,0.1,B3_STRATIFIED,0.3,constant,1.0,0,8,False,557.0,0.45961538461538476,1.0
0.95,0.9,0.1,B3_STRATIFIED,0.4,alpha_0.95,0.95,0,8,False,716.5000000000015,0.5384615384615384,1.0
0.95,0.9,0.1,B3_STRATIFIED,0.4,constant,1.0,0,8,False,587.0,0.5384615384615384,1.0
0.95,0.9,0.1,B3_STRATIFIED,0.5,alpha_0.95,0.95,0,8,False,751.5000000000015,0.5384615384615384,1.0
0.95,0.9,0.1,B3_STRATIFIED,0.5,constant,1.0,0,8,False,622.0,0.5384615384615384,1.0
0.95,0.9,0.1,B3_STRATIFIED,0.7,alpha_0.95,0.95,0,8,False,815.5000000000015,0.7692307692307693,1.0
0.95,0.9,0.1,B3_STRATIFIED,0.7,constant,1.0,0,8,False,686.0,0.7692307692307693,1.0
0.95,0.9,0.1,B3_STRATIFIED,1.0,alpha_0.95,0.95,0,8,False,905.5000000000015,1.0,1.0
0.95,0.9,0.1,B3_STRATIFIED,1.0,constant,1.0,0,8,False,776.0,1.0,1.0
0.95,0.9,0.2,B2_SRS,0.0,alpha_0.95,0.95,0,8,False,680.6000000000001,0.0,1.0
0.95,0.9,0.2,B2_SRS,0.0,constant,1.0,0,8,False,550.0,0.0,1.0
0.95,0.9,0.2,B2_SRS,0.05,alpha_0.95,0.95,0,8,False,700.6000000000001,0.3076923076923077,1.0
0.95,0.9,0.2,B2_SRS,0.05,constant,1.0,0,8,False,570.0,0.3076923076923077,1.0
0.95,0.9,0.2,B2_SRS,0.1,alpha_0.95,0.95,0,8,False,717.6000000000001,0.34615384615384615,1.0
0.95,0.9,0.2,B2_SRS,0.1,constant,1.0,0,8,False,587.0,0.34615384615384615,1.0
0.95,0.9,0.2,B2_SRS,0.2,alpha_0.95,0.95,0,8,False,751.6000000000001,0.38461538461538464,1.0
0.95,0.9,0.2,B2_SRS,0.2,constant,1.0,0,8,False,621.0,0.38461538461538464,1.0
0.95,0.9,0.2,B2_SRS,0.3,alpha_0.95,0.95,0,8,False,785.6000000000001,0.42115384615384627,1.0
0.95,0.9,0.2,B2_SRS,0.3,constant,1.0,0,8,False,655.0,0.42115384615384627,1.0
0.95,0.9,0.2,B2_SRS,0.4,alpha_0.95,0.95,0,8,False,817.6000000000001,0.4230769230769231,1.0
0.95,0.9,0.2,B2_SRS,0.4,constant,1.0,0,8,False,687.0,0.4230769230769231,1.0
0.95,0.9,0.2,B2_SRS,0.5,alpha_0.95,0.95,0,8,False,850.6000000000001,0.4230769230769231,1.0
0.95,0.9,0.2,B2_SRS,0.5,constant,1.0,0,8,False,720.0,0.4230769230769231,1.0
0.95,0.9,0.2,B2_SRS,0.7,alpha_0.95,0.95,0,8,False,915.6000000000001,0.5769230769230769,1.0
0.95,0.9,0.2,B2_SRS,0.7,constant,1.0,0,8,False,785.0,0.5769230769230769,1.0
0.95,0.9,0.2,B2_SRS,1.0,alpha_0.95,0.95,0,8,False,1008.6000000000001,1.0,1.0
0.95,0.9,0.2,B2_SRS,1.0,constant,1.0,0,8,False,878.0,1.0,1.0
0.95,0.9,0.2,B3_STRATIFIED,0.0,alpha_0.95,0.95,0,8,False,680.6000000000001,0.0,1.0
0.95,0.9,0.2,B3_STRATIFIED,0.0,constant,1.0,0,8,False,550.0,0.0,1.0
0.95,0.9,0.2,B3_STRATIFIED,0.05,alpha_0.95,0.95,0,8,False,701.6000000000001,0.4230769230769231,1.0
0.95,0.9,0.2,B3_STRATIFIED,0.05,constant,1.0,0,8,False,571.0,0.4230769230769231,1.0
0.95,0.9,0.2,B3_STRATIFIED,0.1,alpha_0.95,0.95,0,8,False,718.6000000000001,0.4230769230769231,1.0
0.95,0.9,0.2,B3_STRATIFIED,0.1,constant,1.0,0,8,False,588.0,0.4230769230769231,1.0
0.95,0.9,0.2,B3_STRATIFIED,0.2,alpha_0.95,0.95,0,8,False,751.6000000000001,0.4230769230769231,1.0
0.95,0.9,0.2,B3_STRATIFIED,0.2,constant,1.0,0,8,False,621.0,0.4230769230769231,1.0
0.95,0.9,0.2,B3_STRATIFIED,0.3,alpha_0.95,0.95,0,8,False,785.6000000000001,0.46153846153846156,1.0
0.95,0.9,0.2,B3_STRATIFIED,0.3,constant,1.0,0,8,False,655.0,0.46153846153846156,1.0
0.95,0.9,0.2,B3_STRATIFIED,0.4,alpha_0.95,0.95,0,8,False,819.6000000000001,0.5,1.0
0.95,0.9,0.2,B3_STRATIFIED,0.4,constant,1.0,0,8,False,689.0,0.5,1.0
0.95,0.9,0.2,B3_STRATIFIED,0.5,alpha_0.95,0.95,0,8,False,851.6000000000001,0.5,1.0
0.95,0.9,0.2,B3_STRATIFIED,0.5,constant,1.0,0,8,False,721.0,0.5,1.0
0.95,0.9,0.2,B3_STRATIFIED,0.7,alpha_0.95,0.95,0,8,False,917.6000000000001,0.7692307692307693,1.0
0.95,0.9,0.2,B3_STRATIFIED,0.7,constant,1.0,0,8,False,787.0,0.7692307692307693,1.0
0.95,0.9,0.2,B3_STRATIFIED,1.0,alpha_0.95,0.95,0,8,False,1008.6000000000001,1.0,1.0
0.95,0.9,0.2,B3_STRATIFIED,1.0,constant,1.0,0,8,False,878.0,1.0,1.0
0.95,0.95,0.0,B2_SRS,0.0,alpha_0.95,0.95,0,8,False,414.2500000000006,0.0,1.0
0.95,0.95,0.0,B2_SRS,0.0,constant,1.0,0,8,False,292.0,0.0,1.0
0.95,0.95,0.0,B2_SRS,0.05,alpha_0.95,0.95,0,8,False,437.2500000000006,0.3076923076923077,1.0
0.95,0.95,0.0,B2_SRS,0.05,constant,1.0,0,8,False,345.0,0.3076923076923077,1.0
0.95,0.95,0.0,B2_SRS,0.1,alpha_0.95,0.95,0,8,False,456.2500000000006,0.3076923076923077,1.0
0.95,0.95,0.0,B2_SRS,0.1,constant,1.0,0,8,False,355.0,0.3076923076923077,1.0
0.95,0.95,0.0,B2_SRS,0.2,alpha_0.95,0.95,0,8,False,493.2500000000006,0.38461538461538464,1.0
0.95,0.95,0.0,B2_SRS,0.2,constant,1.0,0,8,False,373.04999999999995,0.38461538461538464,1.0
0.95,0.95,0.0,B2_SRS,0.3,alpha_0.95,0.95,0,8,False,529.2500000000007,0.4230769230769231,1.0
0.95,0.95,0.0,B2_SRS,0.3,constant,1.0,0,8,False,407.0,0.4230769230769231,1.0
0.95,0.95,0.0,B2_SRS,0.4,alpha_0.95,0.95,0,8,False,564.2500000000007,0.4230769230769231,1.0
0.95,0.95,0.0,B2_SRS,0.4,constant,1.0,0,8,False,442.0,0.4230769230769231,1.0
0.95,0.95,0.0,B2_SRS,0.5,alpha_0.95,0.95,0,8,False,593.2500000000007,0.4230769230769231,1.0
0.95,0.95,0.0,B2_SRS,0.5,constant,1.0,0,8,False,471.0,0.4230769230769231,1.0
0.95,0.95,0.0,B2_SRS,0.7,alpha_0.95,0.95,0,8,False,658.2500000000007,0.5769230769230769,1.0
0.95,0.95,0.0,B2_SRS,0.7,constant,1.0,0,8,False,536.0,0.5769230769230769,1.0
0.95,0.95,0.0,B2_SRS,1.0,alpha_0.95,0.95,0,8,False,742.2500000000007,1.0,1.0
0.95,0.95,0.0,B2_SRS,1.0,constant,1.0,0,8,False,620.0,1.0,1.0
0.95,0.95,0.0,B3_STRATIFIED,0.0,alpha_0.95,0.95,0,8,False,414.2500000000006,0.0,1.0
0.95,0.95,0.0,B3_STRATIFIED,0.0,constant,1.0,0,8,False,292.0,0.0,1.0
0.95,0.95,0.0,B3_STRATIFIED,0.05,alpha_0.95,0.95,0,8,False,439.2500000000006,0.4230769230769231,1.0
0.95,0.95,0.0,B3_STRATIFIED,0.05,constant,1.0,0,8,False,351.0,0.4230769230769231,1.0
0.95,0.95,0.0,B3_STRATIFIED,0.1,alpha_0.95,0.95,0,8,False,457.2000000000006,0.4230769230769231,1.0
0.95,0.95,0.0,B3_STRATIFIED,0.1,constant,1.0,0,8,False,362.0,0.4230769230769231,1.0
0.95,0.95,0.0,B3_STRATIFIED,0.2,alpha_0.95,0.95,0,8,False,488.2000000000006,0.4230769230769231,1.0
0.95,0.95,0.0,B3_STRATIFIED,0.2,constant,1.0,0,8,False,380.0,0.4230769230769231,1.0
0.95,0.95,0.0,B3_STRATIFIED,0.3,alpha_0.95,0.95,0,8,False,525.2500000000007,0.46153846153846156,1.0
0.95,0.95,0.0,B3_STRATIFIED,0.3,constant,1.0,0,8,False,403.0,0.46153846153846156,1.0
0.95,0.95,0.0,B3_STRATIFIED,0.4,alpha_0.95,0.95,0,8,False,557.2500000000007,0.5384615384615384,1.0
0.95,0.95,0.0,B3_STRATIFIED,0.4,constant,1.0,0,8,False,435.0,0.5384615384615384,1.0
0.95,0.95,0.0,B3_STRATIFIED,0.5,alpha_0.95,0.95,0,8,False,588.2500000000007,0.5750000000000001,1.0
0.95,0.95,0.0,B3_STRATIFIED,0.5,constant,1.0,0,8,False,466.0,0.5750000000000001,1.0
0.95,0.95,0.0,B3_STRATIFIED,0.7,alpha_0.95,0.95,0,8,False,655.2500000000007,0.7692307692307693,1.0
0.95,0.95,0.0,B3_STRATIFIED,0.7,constant,1.0,0,8,False,533.0,0.7692307692307693,1.0
0.95,0.95,0.0,B3_STRATIFIED,1.0,alpha_0.95,0.95,0,8,False,742.2500000000007,1.0,1.0
0.95,0.95,0.0,B3_STRATIFIED,1.0,constant,1.0,0,8,False,620.0,1.0,1.0
0.95,0.95,0.05,B2_SRS,0.0,alpha_0.95,0.95,0,8,False,472.6500000000014,0.0,1.0
0.95,0.95,0.05,B2_SRS,0.0,constant,1.0,0,8,False,346.0,0.0,1.0
0.95,0.95,0.05,B2_SRS,0.05,alpha_0.95,0.95,0,8,False,494.6500000000014,0.3076923076923077,1.0
0.95,0.95,0.05,B2_SRS,0.05,constant,1.0,0,8,False,368.0,0.3076923076923077,1.0
0.95,0.95,0.05,B2_SRS,0.1,alpha_0.95,0.95,0,8,False,511.6500000000014,0.3076923076923077,1.0
0.95,0.95,0.05,B2_SRS,0.1,constant,1.0,0,8,False,385.0,0.3076923076923077,1.0
0.95,0.95,0.05,B2_SRS,0.2,alpha_0.95,0.95,0,8,False,545.6500000000015,0.38461538461538464,1.0
0.95,0.95,0.05,B2_SRS,0.2,constant,1.0,0,8,False,419.0,0.38461538461538464,1.0
0.95,0.95,0.05,B2_SRS,0.3,alpha_0.95,0.95,0,8,False,580.6500000000015,0.4230769230769231,1.0
0.95,0.95,0.05,B2_SRS,0.3,constant,1.0,0,8,False,454.0,0.4230769230769231,1.0
0.95,0.95,0.05,B2_SRS,0.4,alpha_0.95,0.95,0,8,False,612.6500000000015,0.4230769230769231,1.0
0.95,0.95,0.05,B2_SRS,0.4,constant,1.0,0,8,False,486.0,0.4230769230769231,1.0
0.95,0.95,0.05,B2_SRS,0.5,alpha_0.95,0.95,0,8,False,646.6500000000015,0.4230769230769231,1.0
0.95,0.95,0.05,B2_SRS,0.5,constant,1.0,0,8,False,520.0,0.4230769230769231,1.0
0.95,0.95,0.05,B2_SRS,0.7,alpha_0.95,0.95,0,8,False,711.6500000000015,0.5769230769230769,1.0
0.95,0.95,0.05,B2_SRS,0.7,constant,1.0,0,8,False,585.0,0.5769230769230769,1.0
0.95,0.95,0.05,B2_SRS,1.0,alpha_0.95,0.95,0,8,False,800.6500000000015,1.0,1.0
0.95,0.95,0.05,B2_SRS,1.0,constant,1.0,0,8,False,674.0,1.0,1.0
0.95,0.95,0.05,B3_STRATIFIED,0.0,alpha_0.95,0.95,0,8,False,472.6500000000014,0.0,1.0
0.95,0.95,0.05,B3_STRATIFIED,0.0,constant,1.0,0,8,False,346.0,0.0,1.0
0.95,0.95,0.05,B3_STRATIFIED,0.05,alpha_0.95,0.95,0,8,False,492.6500000000014,0.4230769230769231,1.0
0.95,0.95,0.05,B3_STRATIFIED,0.05,constant,1.0,0,8,False,369.0,0.4230769230769231,1.0
0.95,0.95,0.05,B3_STRATIFIED,0.1,alpha_0.95,0.95,0,8,False,512.6500000000015,0.4230769230769231,1.0
0.95,0.95,0.05,B3_STRATIFIED,0.1,constant,1.0,0,8,False,386.0,0.4230769230769231,1.0
0.95,0.95,0.05,B3_STRATIFIED,0.2,alpha_0.95,0.95,0,8,False,546.6500000000015,0.4230769230769231,1.0
0.95,0.95,0.05,B3_STRATIFIED,0.2,constant,1.0,0,8,False,420.0,0.4230769230769231,1.0
0.95,0.95,0.05,B3_STRATIFIED,0.3,alpha_0.95,0.95,0,8,False,579.6500000000015,0.45961538461538476,1.0
0.95,0.95,0.05,B3_STRATIFIED,0.3,constant,1.0,0,8,False,453.0,0.45961538461538476,1.0
0.95,0.95,0.05,B3_STRATIFIED,0.4,alpha_0.95,0.95,0,8,False,613.6500000000015,0.5384615384615384,1.0
0.95,0.95,0.05,B3_STRATIFIED,0.4,constant,1.0,0,8,False,487.0,0.5384615384615384,1.0
0.95,0.95,0.05,B3_STRATIFIED,0.5,alpha_0.95,0.95,0,8,False,645.6500000000015,0.5769230769230769,1.0
0.95,0.95,0.05,B3_STRATIFIED,0.5,constant,1.0,0,8,False,519.0,0.5769230769230769,1.0
0.95,0.95,0.05,B3_STRATIFIED,0.7,alpha_0.95,0.95,0,8,False,711.6500000000015,0.7692307692307693,1.0
0.95,0.95,0.05,B3_STRATIFIED,0.7,constant,1.0,0,8,False,585.0,0.7692307692307693,1.0
0.95,0.95,0.05,B3_STRATIFIED,1.0,alpha_0.95,0.95,0,8,False,800.6500000000015,1.0,1.0
0.95,0.95,0.05,B3_STRATIFIED,1.0,constant,1.0,0,8,False,674.0,1.0,1.0
0.95,0.95,0.1,B2_SRS,0.0,alpha_0.95,0.95,0,8,False,526.2500000000018,0.0,1.0
0.95,0.95,0.1,B2_SRS,0.0,constant,1.0,0,8,False,398.0,0.0,1.0
0.95,0.95,0.1,B2_SRS,0.05,alpha_0.95,0.95,0,8,False,547.2500000000018,0.3076923076923077,1.0
0.95,0.95,0.1,B2_SRS,0.05,constant,1.0,0,8,False,419.0,0.3076923076923077,1.0
0.95,0.95,0.1,B2_SRS,0.1,alpha_0.95,0.95,0,8,False,566.2500000000018,0.3076923076923077,1.0
0.95,0.95,0.1,B2_SRS,0.1,constant,1.0,0,8,False,438.0,0.3076923076923077,1.0
0.95,0.95,0.1,B2_SRS,0.2,alpha_0.95,0.95,0,8,False,600.2500000000018,0.38461538461538464,1.0
0.95,0.95,0.1,B2_SRS,0.2,constant,1.0,0,8,False,472.0,0.38461538461538464,1.0
0.95,0.95,0.1,B2_SRS,0.3,alpha_0.95,0.95,0,8,False,634.2500000000018,0.42115384615384627,1.0
0.95,0.95,0.1,B2_SRS,0.3,constant,1.0,0,8,False,506.0,0.42115384615384627,1.0
0.95,0.95,0.1,B2_SRS,0.4,alpha_0.95,0.95,0,8,False,666.2500000000018,0.4230769230769231,1.0
0.95,0.95,0.1,B2_SRS,0.4,constant,1.0,0,8,False,538.0,0.4230769230769231,1.0
0.95,0.95,0.1,B2_SRS,0.5,alpha_0.95,0.95,0,8,False,699.2500000000018,0.4230769230769231,1.0
0.95,0.95,0.1,B2_SRS,0.5,constant,1.0,0,8,False,571.0,0.4230769230769231,1.0
0.95,0.95,0.1,B2_SRS,0.7,alpha_0.95,0.95,0,8,False,764.2500000000018,0.5769230769230769,1.0
0.95,0.95,0.1,B2_SRS,0.7,constant,1.0,0,8,False,636.0,0.5769230769230769,1.0
0.95,0.95,0.1,B2_SRS,1.0,alpha_0.95,0.95,0,8,False,854.2500000000018,1.0,1.0
0.95,0.95,0.1,B2_SRS,1.0,constant,1.0,0,8,False,726.0,1.0,1.0
0.95,0.95,0.1,B3_STRATIFIED,0.0,alpha_0.95,0.95,0,8,False,526.2500000000018,0.0,1.0
0.95,0.95,0.1,B3_STRATIFIED,0.0,constant,1.0,0,8,False,398.0,0.0,1.0
0.95,0.95,0.1,B3_STRATIFIED,0.05,alpha_0.95,0.95,0,8,False,548.2500000000018,0.42115384615384627,1.0
0.95,0.95,0.1,B3_STRATIFIED,0.05,constant,1.0,0,8,False,420.0,0.42115384615384627,1.0
0.95,0.95,0.1,B3_STRATIFIED,0.1,alpha_0.95,0.95,0,8,False,564.2000000000018,0.4230769230769231,1.0
0.95,0.95,0.1,B3_STRATIFIED,0.1,constant,1.0,0,8,False,436.0,0.4230769230769231,1.0
0.95,0.95,0.1,B3_STRATIFIED,0.2,alpha_0.95,0.95,0,8,False,599.2500000000018,0.4230769230769231,1.0
0.95,0.95,0.1,B3_STRATIFIED,0.2,constant,1.0,0,8,False,471.0,0.4230769230769231,1.0
0.95,0.95,0.1,B3_STRATIFIED,0.3,alpha_0.95,0.95,0,8,False,632.2500000000018,0.46153846153846156,1.0
0.95,0.95,0.1,B3_STRATIFIED,0.3,constant,1.0,0,8,False,504.0,0.46153846153846156,1.0
0.95,0.95,0.1,B3_STRATIFIED,0.4,alpha_0.95,0.95,0,8,False,664.2500000000018,0.5365384615384616,1.0
0.95,0.95,0.1,B3_STRATIFIED,0.4,constant,1.0,0,8,False,536.0,0.5365384615384616,1.0
0.95,0.95,0.1,B3_STRATIFIED,0.5,alpha_0.95,0.95,0,8,False,696.2500000000018,0.5384615384615384,1.0
0.95,0.95,0.1,B3_STRATIFIED,0.5,constant,1.0,0,8,False,568.0,0.5384615384615384,1.0
0.95,0.95,0.1,B3_STRATIFIED,0.7,alpha_0.95,0.95,0,8,False,762.2500000000018,0.7692307692307693,1.0
0.95,0.95,0.1,B3_STRATIFIED,0.7,constant,1.0,0,8,False,634.0,0.7692307692307693,1.0
0.95,0.95,0.1,B3_STRATIFIED,1.0,alpha_0.95,0.95,0,8,False,854.2500000000018,1.0,1.0
0.95,0.95,0.1,B3_STRATIFIED,1.0,constant,1.0,0,8,False,726.0,1.0,1.0
0.95,0.95,0.2,B2_SRS,0.0,alpha_0.95,0.95,0,8,False,634.6000000000006,0.0,1.0
0.95,0.95,0.2,B2_SRS,0.0,constant,1.0,0,8,False,504.0,0.0,1.0
0.95,0.95,0.2,B2_SRS,0.05,alpha_0.95,0.95,0,8,False,654.6500000000005,0.3076923076923077,1.0
0.95,0.95,0.2,B2_SRS,0.05,constant,1.0,0,8,False,524.05,0.3076923076923077,1.0
0.95,0.95,0.2,B2_SRS,0.1,alpha_0.95,0.95,0,8,False,671.6000000000006,0.3076923076923077,1.0
0.95,0.95,0.2,B2_SRS,0.1,constant,1.0,0,8,False,541.0,0.3076923076923077,1.0
0.95,0.95,0.2,B2_SRS,0.2,alpha_0.95,0.95,0,8,False,705.6000000000006,0.38269230769230783,1.0
0.95,0.95,0.2,B2_SRS,0.2,constant,1.0,0,8,False,575.0,0.38269230769230783,1.0
0.95,0.95,0.2,B2_SRS,0.3,alpha_0.95,0.95,0,8,False,739.6000000000006,0.42115384615384627,1.0
0.95,0.95,0.2,B2_SRS,0.3,constant,1.0,0,8,False,609.0,0.42115384615384627,1.0
0.95,0.95,0.2,B2_SRS,0.4,alpha_0.95,0.95,0,8,False,772.6000000000006,0.4230769230769231,1.0
0.95,0.95,0.2,B2_SRS,0.4,constant,1.0,0,8,False,642.0,0.4230769230769231,1.0
0.95,0.95,0.2,B2_SRS,0.5,alpha_0.95,0.95,0,8,False,804.6000000000006,0.4230769230769231,1.0
0.95,0.95,0.2,B2_SRS,0.5,constant,1.0,0,8,False,674.0,0.4230769230769231,1.0
0.95,0.95,0.2,B2_SRS,0.7,alpha_0.95,0.95,0,8,False,870.6000000000006,0.5769230769230769,1.0
0.95,0.95,0.2,B2_SRS,0.7,constant,1.0,0,8,False,740.0,0.5769230769230769,1.0
0.95,0.95,0.2,B2_SRS,1.0,alpha_0.95,0.95,0,8,False,962.6000000000006,1.0,1.0
0.95,0.95,0.2,B2_SRS,1.0,constant,1.0,0,8,False,832.0,1.0,1.0
0.95,0.95,0.2,B3_STRATIFIED,0.0,alpha_0.95,0.95,0,8,False,634.6000000000006,0.0,1.0
0.95,0.95,0.2,B3_STRATIFIED,0.0,constant,1.0,0,8,False,504.0,0.0,1.0
0.95,0.95,0.2,B3_STRATIFIED,0.05,alpha_0.95,0.95,0,8,False,655.5500000000006,0.38461538461538464,1.0
0.95,0.95,0.2,B3_STRATIFIED,0.05,constant,1.0,0,8,False,525.0,0.38461538461538464,1.0
0.95,0.95,0.2,B3_STRATIFIED,0.1,alpha_0.95,0.95,0,8,False,673.6000000000006,0.42115384615384627,1.0
0.95,0.95,0.2,B3_STRATIFIED,0.1,constant,1.0,0,8,False,543.0,0.42115384615384627,1.0
0.95,0.95,0.2,B3_STRATIFIED,0.2,alpha_0.95,0.95,0,8,False,706.6000000000006,0.42115384615384627,1.0
0.95,0.95,0.2,B3_STRATIFIED,0.2,constant,1.0,0,8,False,576.0,0.42115384615384627,1.0
0.95,0.95,0.2,B3_STRATIFIED,0.3,alpha_0.95,0.95,0,8,False,739.6000000000006,0.4230769230769231,1.0
0.95,0.95,0.2,B3_STRATIFIED,0.3,constant,1.0,0,8,False,609.0,0.4230769230769231,1.0
0.95,0.95,0.2,B3_STRATIFIED,0.4,alpha_0.95,0.95,0,8,False,771.6500000000005,0.5,1.0
0.95,0.95,0.2,B3_STRATIFIED,0.4,constant,1.0,0,8,False,641.05,0.5,1.0
0.95,0.95,0.2,B3_STRATIFIED,0.5,alpha_0.95,0.95,0,8,False,804.6000000000006,0.5365384615384616,1.0
0.95,0.95,0.2,B3_STRATIFIED,0.5,constant,1.0,0,8,False,674.0,0.5365384615384616,1.0
0.95,0.95,0.2,B3_STRATIFIED,0.7,alpha_0.95,0.95,0,8,False,871.6000000000006,0.7692307692307693,1.0
0.95,0.95,0.2,B3_STRATIFIED,0.7,constant,1.0,0,8,False,741.0,0.7692307692307693,1.0
0.95,0.95,0.2,B3_STRATIFIED,1.0,alpha_0.95,0.95,0,8,False,962.6000000000006,1.0,1.0
0.95,0.95,0.2,B3_STRATIFIED,1.0,constant,1.0,0,8,False,832.0,1.0,1.0
0.95,0.97,0.0,B2_SRS,0.0,alpha_0.95,0.95,0,8,False,389.8500000000003,0.0,1.0
0.95,0.97,0.0,B2_SRS,0.0,constant,1.0,0,8,False,270.0,0.0,1.0
0.95,0.97,0.0,B2_SRS,0.05,alpha_0.95,0.95,0,8,False,416.8500000000003,0.3076923076923077,1.0
0.95,0.97,0.0,B2_SRS,0.05,constant,1.0,0,8,False,324.04999999999995,0.3076923076923077,1.0
0.95,0.97,0.0,B2_SRS,0.1,alpha_0.95,0.95,0,8,False,433.90000000000026,0.3076923076923077,1.0
0.95,0.97,0.0,B2_SRS,0.1,constant,1.0,0,8,False,337.0,0.3076923076923077,1.0
0.95,0.97,0.0,B2_SRS,0.2,alpha_0.95,0.95,0,8,False,471.8500000000003,0.38461538461538464,1.0
0.95,0.97,0.0,B2_SRS,0.2,constant,1.0,0,8,False,357.0,0.38461538461538464,1.0
0.95,0.97,0.0,B2_SRS,0.3,alpha_0.95,0.95,0,8,False,507.90000000000026,0.4230769230769231,1.0
0.95,0.97,0.0,B2_SRS,0.3,constant,1.0,0,8,False,388.04999999999995,0.4230769230769231,1.0
0.95,0.97,0.0,B2_SRS,0.4,alpha_0.95,0.95,0,8,False,538.9000000000003,0.4230769230769231,1.0
0.95,0.97,0.0,B2_SRS,0.4,constant,1.0,0,8,False,419.04999999999995,0.4230769230769231,1.0
0.95,0.97,0.0,B2_SRS,0.5,alpha_0.95,0.95,0,8,False,573.8500000000004,0.4230769230769231,1.0
0.95,0.97,0.0,B2_SRS,0.5,constant,1.0,0,8,False,454.0,0.4230769230769231,1.0
0.95,0.97,0.0,B2_SRS,0.7,alpha_0.95,0.95,0,8,False,635.8500000000004,0.5769230769230769,1.0
0.95,0.97,0.0,B2_SRS,0.7,constant,1.0,0,8,False,516.0,0.5769230769230769,1.0
0.95,0.97,0.0,B2_SRS,1.0,alpha_0.95,0.95,0,8,False,717.8500000000004,1.0,1.0
0.95,0.97,0.0,B2_SRS,1.0,constant,1.0,0,8,False,598.0,1.0,1.0
0.95,0.97,0.0,B3_STRATIFIED,0.0,alpha_0.95,0.95,0,8,False,389.8500000000003,0.0,1.0
0.95,0.97,0.0,B3_STRATIFIED,0.0,constant,1.0,0,8,False,270.0,0.0,1.0
0.95,0.97,0.0,B3_STRATIFIED,0.05,alpha_0.95,0.95,0,8,False,427.8500000000003,0.4230769230769231,1.0
0.95,0.97,0.0,B3_STRATIFIED,0.05,constant,1.0,0,8,False,350.0,0.4230769230769231,1.0
0.95,0.97,0.0,B3_STRATIFIED,0.1,alpha_0.95,0.95,0,8,False,440.8500000000003,0.4230769230769231,1.0
0.95,0.97,0.0,B3_STRATIFIED,0.1,constant,1.0,0,8,False,350.0,0.4230769230769231,1.0
0.95,0.97,0.0,B3_STRATIFIED,0.2,alpha_0.95,0.95,0,8,False,474.8500000000003,0.4230769230769231,1.0
0.95,0.97,0.0,B3_STRATIFIED,0.2,constant,1.0,0,8,False,363.0,0.4230769230769231,1.0
0.95,0.97,0.0,B3_STRATIFIED,0.3,alpha_0.95,0.95,0,8,False,510.8500000000003,0.46153846153846156,1.0
0.95,0.97,0.0,B3_STRATIFIED,0.3,constant,1.0,0,8,False,391.0,0.46153846153846156,1.0
0.95,0.97,0.0,B3_STRATIFIED,0.4,alpha_0.95,0.95,0,8,False,538.8500000000004,0.5384615384615384,1.0
0.95,0.97,0.0,B3_STRATIFIED,0.4,constant,1.0,0,8,False,419.0,0.5384615384615384,1.0
0.95,0.97,0.0,B3_STRATIFIED,0.5,alpha_0.95,0.95,0,8,False,569.8500000000004,0.5769230769230769,1.0
0.95,0.97,0.0,B3_STRATIFIED,0.5,constant,1.0,0,8,False,450.0,0.5769230769230769,1.0
0.95,0.97,0.0,B3_STRATIFIED,0.7,alpha_0.95,0.95,0,8,False,632.8000000000003,0.7692307692307693,1.0
0.95,0.97,0.0,B3_STRATIFIED,0.7,constant,1.0,0,8,False,513.0,0.7692307692307693,1.0
0.95,0.97,0.0,B3_STRATIFIED,1.0,alpha_0.95,0.95,0,8,False,717.8500000000004,1.0,1.0
0.95,0.97,0.0,B3_STRATIFIED,1.0,constant,1.0,0,8,False,598.0,1.0,1.0
0.95,0.97,0.05,B2_SRS,0.0,alpha_0.95,0.95,0,8,False,449.0000000000011,0.0,1.0
0.95,0.97,0.05,B2_SRS,0.0,constant,1.0,0,8,False,324.0,0.0,1.0
0.95,0.97,0.05,B2_SRS,0.05,alpha_0.95,0.95,0,8,False,472.0000000000011,0.3076923076923077,1.0
0.95,0.97,0.05,B2_SRS,0.05,constant,1.0,0,8,False,362.0,0.3076923076923077,1.0
0.95,0.97,0.05,B2_SRS,0.1,alpha_0.95,0.95,0,8,False,491.0000000000011,0.3076923076923077,1.0
0.95,0.97,0.05,B2_SRS,0.1,constant,1.0,0,8,False,370.0,0.3076923076923077,1.0
0.95,0.97,0.05,B2_SRS,0.2,alpha_0.95,0.95,0,8,False,524.0000000000011,0.38461538461538464,1.0
0.95,0.97,0.05,B2_SRS,0.2,constant,1.0,0,8,False,399.0,0.38461538461538464,1.0
0.95,0.97,0.05,B2_SRS,0.3,alpha_0.95,0.95,0,8,False,559.0000000000011,0.42115384615384627,1.0
0.95,0.97,0.05,B2_SRS,0.3,constant,1.0,0,8,False,434.0,0.42115384615384627,1.0
0.95,0.97,0.05,B2_SRS,0.4,alpha_0.95,0.95,0,8,False,591.0000000000011,0.4230769230769231,1.0
0.95,0.97,0.05,B2_SRS,0.4,constant,1.0,0,8,False,466.0,0.4230769230769231,1.0
0.95,0.97,0.05,B2_SRS,0.5,alpha_0.95,0.95,0,8,False,624.0000000000011,0.4230769230769231,1.0
0.95,0.97,0.05,B2_SRS,0.5,constant,1.0,0,8,False,499.0,0.4230769230769231,1.0
0.95,0.97,0.05,B2_SRS,0.7,alpha_0.95,0.95,0,8,False,690.0000000000011,0.5769230769230769,1.0
0.95,0.97,0.05,B2_SRS,0.7,constant,1.0,0,8,False,565.0,0.5769230769230769,1.0
0.95,0.97,0.05,B2_SRS,1.0,alpha_0.95,0.95,0,8,False,777.0000000000011,1.0,1.0
0.95,0.97,0.05,B2_SRS,1.0,constant,1.0,0,8,False,652.0,1.0,1.0
0.95,0.97,0.05,B3_STRATIFIED,0.0,alpha_0.95,0.95,0,8,False,449.0000000000011,0.0,1.0
0.95,0.97,0.05,B3_STRATIFIED,0.0,constant,1.0,0,8,False,324.0,0.0,1.0
0.95,0.97,0.05,B3_STRATIFIED,0.05,alpha_0.95,0.95,0,8,False,471.0000000000011,0.4230769230769231,1.0
0.95,0.97,0.05,B3_STRATIFIED,0.05,constant,1.0,0,8,False,367.0,0.4230769230769231,1.0
0.95,0.97,0.05,B3_STRATIFIED,0.1,alpha_0.95,0.95,0,8,False,492.0000000000011,0.4230769230769231,1.0
0.95,0.97,0.05,B3_STRATIFIED,0.1,constant,1.0,0,8,False,377.0,0.4230769230769231,1.0
0.95,0.97,0.05,B3_STRATIFIED,0.2,alpha_0.95,0.95,0,8,False,525.0000000000011,0.4230769230769231,1.0
0.95,0.97,0.05,B3_STRATIFIED,0.2,constant,1.0,0,8,False,400.0,0.4230769230769231,1.0
0.95,0.97,0.05,B3_STRATIFIED,0.3,alpha_0.95,0.95,0,8,False,558.0000000000011,0.46153846153846156,1.0
0.95,0.97,0.05,B3_STRATIFIED,0.3,constant,1.0,0,8,False,433.0,0.46153846153846156,1.0
0.95,0.97,0.05,B3_STRATIFIED,0.4,alpha_0.95,0.95,0,8,False,592.0000000000011,0.5384615384615384,1.0
0.95,0.97,0.05,B3_STRATIFIED,0.4,constant,1.0,0,8,False,467.0,0.5384615384615384,1.0
0.95,0.97,0.05,B3_STRATIFIED,0.5,alpha_0.95,0.95,0,8,False,620.0000000000011,0.5384615384615384,1.0
0.95,0.97,0.05,B3_STRATIFIED,0.5,constant,1.0,0,8,False,495.0,0.5384615384615384,1.0
0.95,0.97,0.05,B3_STRATIFIED,0.7,alpha_0.95,0.95,0,8,False,690.0000000000011,0.7307692307692307,1.0
0.95,0.97,0.05,B3_STRATIFIED,0.7,constant,1.0,0,8,False,565.0,0.7307692307692307,1.0
0.95,0.97,0.05,B3_STRATIFIED,1.0,alpha_0.95,0.95,0,8,False,777.0000000000011,1.0,1.0
0.95,0.97,0.05,B3_STRATIFIED,1.0,constant,1.0,0,8,False,652.0,1.0,1.0
0.95,0.97,0.1,B2_SRS,0.0,alpha_0.95,0.95,0,8,False,505.75000000000165,0.0,1.0
0.95,0.97,0.1,B2_SRS,0.0,constant,1.0,0,8,False,378.0,0.0,1.0
0.95,0.97,0.1,B2_SRS,0.05,alpha_0.95,0.95,0,8,False,527.7500000000016,0.3076923076923077,1.0
0.95,0.97,0.1,B2_SRS,0.05,constant,1.0,0,8,False,400.0,0.3076923076923077,1.0
0.95,0.97,0.1,B2_SRS,0.1,alpha_0.95,0.95,0,8,False,545.7500000000016,0.34423076923076934,1.0
0.95,0.97,0.1,B2_SRS,0.1,constant,1.0,0,8,False,418.0,0.34423076923076934,1.0
0.95,0.97,0.1,B2_SRS,0.2,alpha_0.95,0.95,0,8,False,579.7500000000016,0.38461538461538464,1.0
0.95,0.97,0.1,B2_SRS,0.2,constant,1.0,0,8,False,452.0,0.38461538461538464,1.0
0.95,0.97,0.1,B2_SRS,0.3,alpha_0.95,0.95,0,8,False,613.7500000000016,0.42115384615384627,1.0
0.95,0.97,0.1,B2_SRS,0.3,constant,1.0,0,8,False,486.0,0.42115384615384627,1.0
0.95,0.97,0.1,B2_SRS,0.4,alpha_0.95,0.95,0,8,False,646.7500000000016,0.4230769230769231,1.0
0.95,0.97,0.1,B2_SRS,0.4,constant,1.0,0,8,False,519.0,0.4230769230769231,1.0
0.95,0.97,0.1,B2_SRS,0.5,alpha_0.95,0.95,0,8,False,679.7500000000016,0.4230769230769231,1.0
0.95,0.97,0.1,B2_SRS,0.5,constant,1.0,0,8,False,552.0,0.4230769230769231,1.0
0.95,0.97,0.1,B2_SRS,0.7,alpha_0.95,0.95,0,8,False,743.7500000000016,0.5769230769230769,1.0
0.95,0.97,0.1,B2_SRS,0.7,constant,1.0,0,8,False,616.0,0.5769230769230769,1.0
0.95,0.97,0.1,B2_SRS,1.0,alpha_0.95,0.95,0,8,False,833.7500000000016,1.0,1.0
0.95,0.97,0.1,B2_SRS,1.0,constant,1.0,0,8,False,706.0,1.0,1.0
0.95,0.97,0.1,B3_STRATIFIED,0.0,alpha_0.95,0.95,0,8,False,505.75000000000165,0.0,1.0
0.95,0.97,0.1,B3_STRATIFIED,0.0,constant,1.0,0,8,False,378.0,0.0,1.0
0.95,0.97,0.1,B3_STRATIFIED,0.05,alpha_0.95,0.95,0,8,False,528.7500000000016,0.42115384615384627,1.0
0.95,0.97,0.1,B3_STRATIFIED,0.05,constant,1.0,0,8,False,401.0,0.42115384615384627,1.0
0.95,0.97,0.1,B3_STRATIFIED,0.1,alpha_0.95,0.95,0,8,False,544.7500000000016,0.4230769230769231,1.0
0.95,0.97,0.1,B3_STRATIFIED,0.1,constant,1.0,0,8,False,417.0,0.4230769230769231,1.0
0.95,0.97,0.1,B3_STRATIFIED,0.2,alpha_0.95,0.95,0,8,False,578.7500000000016,0.4230769230769231,1.0
0.95,0.97,0.1,B3_STRATIFIED,0.2,constant,1.0,0,8,False,451.0,0.4230769230769231,1.0
0.95,0.97,0.1,B3_STRATIFIED,0.3,alpha_0.95,0.95,0,8,False,611.7500000000016,0.46153846153846156,1.0
0.95,0.97,0.1,B3_STRATIFIED,0.3,constant,1.0,0,8,False,484.0,0.46153846153846156,1.0
0.95,0.97,0.1,B3_STRATIFIED,0.4,alpha_0.95,0.95,0,8,False,644.7500000000016,0.5384615384615384,1.0
0.95,0.97,0.1,B3_STRATIFIED,0.4,constant,1.0,0,8,False,517.0,0.5384615384615384,1.0
0.95,0.97,0.1,B3_STRATIFIED,0.5,alpha_0.95,0.95,0,8,False,675.7500000000016,0.5384615384615384,1.0
0.95,0.97,0.1,B3_STRATIFIED,0.5,constant,1.0,0,8,False,548.0,0.5384615384615384,1.0
0.95,0.97,0.1,B3_STRATIFIED,0.7,alpha_0.95,0.95,0,8,False,743.7500000000016,0.7692307692307693,1.0
0.95,0.97,0.1,B3_STRATIFIED,0.7,constant,1.0,0,8,False,616.0,0.7692307692307693,1.0
0.95,0.97,0.1,B3_STRATIFIED,1.0,alpha_0.95,0.95,0,8,False,833.7500000000016,1.0,1.0
0.95,0.97,0.1,B3_STRATIFIED,1.0,constant,1.0,0,8,False,706.0,1.0,1.0
0.95,0.97,0.2,B2_SRS,0.0,alpha_0.95,0.95,0,8,False,616.450000000001,0.0,1.0
0.95,0.97,0.2,B2_SRS,0.0,constant,1.0,0,8,False,486.0,0.0,1.0
0.95,0.97,0.2,B2_SRS,0.05,alpha_0.95,0.95,0,8,False,636.450000000001,0.3076923076923077,1.0
0.95,0.97,0.2,B2_SRS,0.05,constant,1.0,0,8,False,506.0,0.3076923076923077,1.0
0.95,0.97,0.2,B2_SRS,0.1,alpha_0.95,0.95,0,8,False,653.450000000001,0.34615384615384615,1.0
0.95,0.97,0.2,B2_SRS,0.1,constant,1.0,0,8,False,523.0,0.34615384615384615,1.0
0.95,0.97,0.2,B2_SRS,0.2,alpha_0.95,0.95,0,8,False,686.450000000001,0.38461538461538464,1.0
0.95,0.97,0.2,B2_SRS,0.2,constant,1.0,0,8,False,556.0,0.38461538461538464,1.0
0.95,0.97,0.2,B2_SRS,0.3,alpha_0.95,0.95,0,8,False,720.450000000001,0.38461538461538464,1.0
0.95,0.97,0.2,B2_SRS,0.3,constant,1.0,0,8,False,590.0,0.38461538461538464,1.0
0.95,0.97,0.2,B2_SRS,0.4,alpha_0.95,0.95,0,8,False,753.450000000001,0.4230769230769231,1.0
0.95,0.97,0.2,B2_SRS,0.4,constant,1.0,0,8,False,623.0,0.4230769230769231,1.0
0.95,0.97,0.2,B2_SRS,0.5,alpha_0.95,0.95,0,8,False,787.450000000001,0.4230769230769231,1.0
0.95,0.97,0.2,B2_SRS,0.5,constant,1.0,0,8,False,657.0,0.4230769230769231,1.0
0.95,0.97,0.2,B2_SRS,0.7,alpha_0.95,0.95,0,8,False,852.450000000001,0.5769230769230769,1.0
0.95,0.97,0.2,B2_SRS,0.7,constant,1.0,0,8,False,722.0,0.5769230769230769,1.0
0.95,0.97,0.2,B2_SRS,1.0,alpha_0.95,0.95,0,8,False,944.450000000001,1.0,1.0
0.95,0.97,0.2,B2_SRS,1.0,constant,1.0,0,8,False,814.0,1.0,1.0
0.95,0.97,0.2,B3_STRATIFIED,0.0,alpha_0.95,0.95,0,8,False,616.450000000001,0.0,1.0
0.95,0.97,0.2,B3_STRATIFIED,0.0,constant,1.0,0,8,False,486.0,0.0,1.0
0.95,0.97,0.2,B3_STRATIFIED,0.05,alpha_0.95,0.95,0,8,False,643.450000000001,0.38461538461538464,1.0
0.95,0.97,0.2,B3_STRATIFIED,0.05,constant,1.0,0,8,False,513.0,0.38461538461538464,1.0
0.95,0.97,0.2,B3_STRATIFIED,0.1,alpha_0.95,0.95,0,8,False,659.450000000001,0.38461538461538464,1.0
0.95,0.97,0.2,B3_STRATIFIED,0.1,constant,1.0,0,8,False,529.0,0.38461538461538464,1.0
0.95,0.97,0.2,B3_STRATIFIED,0.2,alpha_0.95,0.95,0,8,False,691.5000000000009,0.42115384615384627,1.0
0.95,0.97,0.2,B3_STRATIFIED,0.2,constant,1.0,0,8,False,561.05,0.42115384615384627,1.0
0.95,0.97,0.2,B3_STRATIFIED,0.3,alpha_0.95,0.95,0,8,False,725.450000000001,0.4230769230769231,1.0
0.95,0.97,0.2,B3_STRATIFIED,0.3,constant,1.0,0,8,False,595.0,0.4230769230769231,1.0
0.95,0.97,0.2,B3_STRATIFIED,0.4,alpha_0.95,0.95,0,8,False,756.450000000001,0.5,1.0
0.95,0.97,0.2,B3_STRATIFIED,0.4,constant,1.0,0,8,False,626.0,0.5,1.0
0.95,0.97,0.2,B3_STRATIFIED,0.5,alpha_0.95,0.95,0,8,False,789.450000000001,0.5384615384615384,1.0
0.95,0.97,0.2,B3_STRATIFIED,0.5,constant,1.0,0,8,False,659.0,0.5384615384615384,1.0
0.95,0.97,0.2,B3_STRATIFIED,0.7,alpha_0.95,0.95,0,8,False,855.450000000001,0.7692307692307693,1.0
0.95,0.97,0.2,B3_STRATIFIED,0.7,constant,1.0,0,8,False,725.0,0.7692307692307693,1.0
0.95,0.97,0.2,B3_STRATIFIED,1.0,alpha_0.95,0.95,0,8,False,944.450000000001,1.0,1.0
0.95,0.97,0.2,B3_STRATIFIED,1.0,constant,1.0,0,8,False,814.0,1.0,1.0
0.95,0.99,0.0,B2_SRS,0.0,alpha_0.95,0.95,0,8,False,363.05000000000035,0.0,1.0
0.95,0.99,0.0,B2_SRS,0.0,constant,1.0,0,8,False,248.0,0.0,1.0
0.95,0.99,0.0,B2_SRS,0.05,alpha_0.95,0.95,0,8,False,392.05000000000035,0.3076923076923077,1.0
0.95,0.99,0.0,B2_SRS,0.05,constant,1.0,0,8,False,315.04999999999995,0.3076923076923077,1.0
0.95,0.99,0.0,B2_SRS,0.1,alpha_0.95,0.95,0,8,False,413.05000000000035,0.3076923076923077,1.0
0.95,0.99,0.0,B2_SRS,0.1,constant,1.0,0,8,False,328.0,0.3076923076923077,1.0
0.95,0.99,0.0,B2_SRS,0.2,alpha_0.95,0.95,0,8,False,456.05000000000035,0.38461538461538464,1.0
0.95,0.99,0.0,B2_SRS,0.2,constant,1.0,0,8,False,350.0,0.38461538461538464,1.0
0.95,0.99,0.0,B2_SRS,0.3,alpha_0.95,0.95,0,8,False,486.05000000000035,0.4230769230769231,1.0
0.95,0.99,0.0,B2_SRS,0.3,constant,1.0,0,8,False,371.0,0.4230769230769231,1.0
0.95,0.99,0.0,B2_SRS,0.4,alpha_0.95,0.95,0,8,False,522.0500000000004,0.4230769230769231,1.0
0.95,0.99,0.0,B2_SRS,0.4,constant,1.0,0,8,False,407.0,0.4230769230769231,1.0
0.95,0.99,0.0,B2_SRS,0.5,alpha_0.95,0.95,0,8,False,554.1000000000004,0.4230769230769231,1.0
0.95,0.99,0.0,B2_SRS,0.5,constant,1.0,0,8,False,439.04999999999995,0.4230769230769231,1.0
0.95,0.99,0.0,B2_SRS,0.7,alpha_0.95,0.95,0,8,False,618.0500000000004,0.5769230769230769,1.0
0.95,0.99,0.0,B2_SRS,0.7,constant,1.0,0,8,False,503.0,0.5769230769230769,1.0
0.95,0.99,0.0,B2_SRS,1.0,alpha_0.95,0.95,0,8,False,691.0500000000004,1.0,1.0
0.95,0.99,0.0,B2_SRS,1.0,constant,1.0,0,8,False,576.0,1.0,1.0
0.95,0.99,0.0,B3_STRATIFIED,0.0,alpha_0.95,0.95,0,8,False,363.05000000000035,0.0,1.0
0.95,0.99,0.0,B3_STRATIFIED,0.0,constant,1.0,0,8,False,248.0,0.0,1.0
0.95,0.99,0.0,B3_STRATIFIED,0.05,alpha_0.95,0.95,0,8,False,414.0,0.4230769230769231,1.0
0.95,0.99,0.0,B3_STRATIFIED,0.05,constant,1.0,0,8,False,350.0,0.4230769230769231,1.0
0.95,0.99,0.0,B3_STRATIFIED,0.1,alpha_0.95,0.95,0,8,False,416.0,0.4230769230769231,1.0
0.95,0.99,0.0,B3_STRATIFIED,0.1,constant,1.0,0,8,False,350.0,0.4230769230769231,1.0
0.95,0.99,0.0,B3_STRATIFIED,0.2,alpha_0.95,0.95,0,8,False,447.05000000000035,0.4230769230769231,1.0
0.95,0.99,0.0,B3_STRATIFIED,0.2,constant,1.0,0,8,False,353.0,0.4230769230769231,1.0
0.95,0.99,0.0,B3_STRATIFIED,0.3,alpha_0.95,0.95,0,8,False,485.05000000000035,0.46153846153846156,1.0
0.95,0.99,0.0,B3_STRATIFIED,0.3,constant,1.0,0,8,False,370.0,0.46153846153846156,1.0
0.95,0.99,0.0,B3_STRATIFIED,0.4,alpha_0.95,0.95,0,8,False,521.0500000000004,0.5384615384615384,1.0
0.95,0.99,0.0,B3_STRATIFIED,0.4,constant,1.0,0,8,False,406.0,0.5384615384615384,1.0
0.95,0.99,0.0,B3_STRATIFIED,0.5,alpha_0.95,0.95,0,8,False,536.0500000000004,0.5384615384615384,1.0
0.95,0.99,0.0,B3_STRATIFIED,0.5,constant,1.0,0,8,False,421.0,0.5384615384615384,1.0
0.95,0.99,0.0,B3_STRATIFIED,0.7,alpha_0.95,0.95,0,8,False,612.0500000000004,0.7692307692307693,1.0
0.95,0.99,0.0,B3_STRATIFIED,0.7,constant,1.0,0,8,False,497.0,0.7692307692307693,1.0
0.95,0.99,0.0,B3_STRATIFIED,1.0,alpha_0.95,0.95,0,8,False,691.0500000000004,1.0,1.0
0.95,0.99,0.0,B3_STRATIFIED,1.0,constant,1.0,0,8,False,576.0,1.0,1.0
0.95,0.99,0.05,B2_SRS,0.0,alpha_0.95,0.95,0,8,False,425.25000000000074,0.0,1.0
0.95,0.99,0.05,B2_SRS,0.0,constant,1.0,0,8,False,302.0,0.0,1.0
0.95,0.99,0.05,B2_SRS,0.05,alpha_0.95,0.95,0,8,False,450.25000000000074,0.3076923076923077,1.0
0.95,0.99,0.05,B2_SRS,0.05,constant,1.0,0,8,False,345.0,0.3076923076923077,1.0
0.95,0.99,0.05,B2_SRS,0.1,alpha_0.95,0.95,0,8,False,468.25000000000074,0.3076923076923077,1.0
0.95,0.99,0.05,B2_SRS,0.1,constant,1.0,0,8,False,355.0,0.3076923076923077,1.0
0.95,0.99,0.05,B2_SRS,0.2,alpha_0.95,0.95,0,8,False,502.25000000000074,0.38461538461538464,1.0
0.95,0.99,0.05,B2_SRS,0.2,constant,1.0,0,8,False,379.0,0.38461538461538464,1.0
0.95,0.99,0.05,B2_SRS,0.3,alpha_0.95,0.95,0,8,False,536.2500000000007,0.4230769230769231,1.0
0.95,0.99,0.05,B2_SRS,0.3,constant,1.0,0,8,False,413.0,0.4230769230769231,1.0
0.95,0.99,0.05,B2_SRS,0.4,alpha_0.95,0.95,0,8,False,572.2500000000007,0.4230769230769231,1.0
0.95,0.99,0.05,B2_SRS,0.4,constant,1.0,0,8,False,449.0,0.4230769230769231,1.0
0.95,0.99,0.05,B2_SRS,0.5,alpha_0.95,0.95,0,8,False,604.2500000000007,0.4230769230769231,1.0
0.95,0.99,0.05,B2_SRS,0.5,constant,1.0,0,8,False,481.0,0.4230769230769231,1.0
0.95,0.99,0.05,B2_SRS,0.7,alpha_0.95,0.95,0,8,False,670.2500000000007,0.5769230769230769,1.0
0.95,0.99,0.05,B2_SRS,0.7,constant,1.0,0,8,False,547.0,0.5769230769230769,1.0
0.95,0.99,0.05,B2_SRS,1.0,alpha_0.95,0.95,0,8,False,753.2500000000007,1.0,1.0
0.95,0.99,0.05,B2_SRS,1.0,constant,1.0,0,8,False,630.0,1.0,1.0
0.95,0.99,0.05,B3_STRATIFIED,0.0,alpha_0.95,0.95,0,8,False,425.25000000000074,0.0,1.0
0.95,0.99,0.05,B3_STRATIFIED,0.0,constant,1.0,0,8,False,302.0,0.0,1.0
0.95,0.99,0.05,B3_STRATIFIED,0.05,alpha_0.95,0.95,0,8,False,449.25000000000074,0.4230769230769231,1.0
0.95,0.99,0.05,B3_STRATIFIED,0.05,constant,1.0,0,8,False,351.0,0.4230769230769231,1.0
0.95,0.99,0.05,B3_STRATIFIED,0.1,alpha_0.95,0.95,0,8,False,468.25000000000074,0.4230769230769231,1.0
0.95,0.99,0.05,B3_STRATIFIED,0.1,constant,1.0,0,8,False,362.0,0.4230769230769231,1.0
0.95,0.99,0.05,B3_STRATIFIED,0.2,alpha_0.95,0.95,0,8,False,502.25000000000074,0.4230769230769231,1.0
0.95,0.99,0.05,B3_STRATIFIED,0.2,constant,1.0,0,8,False,380.0,0.4230769230769231,1.0
0.95,0.99,0.05,B3_STRATIFIED,0.3,alpha_0.95,0.95,0,8,False,534.2000000000007,0.46153846153846156,1.0
0.95,0.99,0.05,B3_STRATIFIED,0.3,constant,1.0,0,8,False,411.0,0.46153846153846156,1.0
0.95,0.99,0.05,B3_STRATIFIED,0.4,alpha_0.95,0.95,0,8,False,566.2500000000007,0.5384615384615384,1.0
0.95,0.99,0.05,B3_STRATIFIED,0.4,constant,1.0,0,8,False,443.0,0.5384615384615384,1.0
0.95,0.99,0.05,B3_STRATIFIED,0.5,alpha_0.95,0.95,0,8,False,597.2500000000007,0.5384615384615384,1.0
0.95,0.99,0.05,B3_STRATIFIED,0.5,constant,1.0,0,8,False,474.0,0.5384615384615384,1.0
0.95,0.99,0.05,B3_STRATIFIED,0.7,alpha_0.95,0.95,0,8,False,667.3000000000006,0.7307692307692307,1.0
0.95,0.99,0.05,B3_STRATIFIED,0.7,constant,1.0,0,8,False,544.05,0.7307692307692307,1.0
0.95,0.99,0.05,B3_STRATIFIED,1.0,alpha_0.95,0.95,0,8,False,753.2500000000007,1.0,1.0
0.95,0.99,0.05,B3_STRATIFIED,1.0,constant,1.0,0,8,False,630.0,1.0,1.0
0.95,0.99,0.1,B2_SRS,0.0,alpha_0.95,0.95,0,8,False,485.2500000000015,0.0,1.0
0.95,0.99,0.1,B2_SRS,0.0,constant,1.0,0,8,False,358.0,0.0,1.0
0.95,0.99,0.1,B2_SRS,0.05,alpha_0.95,0.95,0,8,False,506.2500000000015,0.3076923076923077,1.0
0.95,0.99,0.1,B2_SRS,0.05,constant,1.0,0,8,False,379.0,0.3076923076923077,1.0
0.95,0.99,0.1,B2_SRS,0.1,alpha_0.95,0.95,0,8,False,525.2500000000015,0.3076923076923077,1.0
0.95,0.99,0.1,B2_SRS,0.1,constant,1.0,0,8,False,398.0,0.3076923076923077,1.0
0.95,0.99,0.1,B2_SRS,0.2,alpha_0.95,0.95,0,8,False,559.2500000000015,0.38461538461538464,1.0
0.95,0.99,0.1,B2_SRS,0.2,constant,1.0,0,8,False,432.0,0.38461538461538464,1.0
0.95,0.99,0.1,B2_SRS,0.3,alpha_0.95,0.95,0,8,False,592.2500000000015,0.38461538461538464,1.0
0.95,0.99,0.1,B2_SRS,0.3,constant,1.0,0,8,False,465.0,0.38461538461538464,1.0
0.95,0.99,0.1,B2_SRS,0.4,alpha_0.95,0.95,0,8,False,625.2500000000015,0.4230769230769231,1.0
0.95,0.99,0.1,B2_SRS,0.4,constant,1.0,0,8,False,498.0,0.4230769230769231,1.0
0.95,0.99,0.1,B2_SRS,0.5,alpha_0.95,0.95,0,8,False,658.2500000000015,0.4230769230769231,1.0
0.95,0.99,0.1,B2_SRS,0.5,constant,1.0,0,8,False,531.0,0.4230769230769231,1.0
0.95,0.99,0.1,B2_SRS,0.7,alpha_0.95,0.95,0,8,False,722.2500000000015,0.5769230769230769,1.0
0.95,0.99,0.1,B2_SRS,0.7,constant,1.0,0,8,False,595.0,0.5769230769230769,1.0
0.95,0.99,0.1,B2_SRS,1.0,alpha_0.95,0.95,0,8,False,813.2500000000015,1.0,1.0
0.95,0.99,0.1,B2_SRS,1.0,constant,1.0,0,8,False,686.0,1.0,1.0
0.95,0.99,0.1,B3_STRATIFIED,0.0,alpha_0.95,0.95,0,8,False,485.2500000000015,0.0,1.0
0.95,0.99,0.1,B3_STRATIFIED,0.0,constant,1.0,0,8,False,358.0,0.0,1.0
0.95,0.99,0.1,B3_STRATIFIED,0.05,alpha_0.95,0.95,0,8,False,508.2500000000015,0.42115384615384627,1.0
0.95,0.99,0.1,B3_STRATIFIED,0.05,constant,1.0,0,8,False,381.0,0.42115384615384627,1.0
0.95,0.99,0.1,B3_STRATIFIED,0.1,alpha_0.95,0.95,0,8,False,527.2500000000015,0.4230769230769231,1.0
0.95,0.99,0.1,B3_STRATIFIED,0.1,constant,1.0,0,8,False,400.0,0.4230769230769231,1.0
0.95,0.99,0.1,B3_STRATIFIED,0.2,alpha_0.95,0.95,0,8,False,557.2500000000015,0.4230769230769231,1.0
0.95,0.99,0.1,B3_STRATIFIED,0.2,constant,1.0,0,8,False,430.0,0.4230769230769231,1.0
0.95,0.99,0.1,B3_STRATIFIED,0.3,alpha_0.95,0.95,0,8,False,591.2500000000015,0.45961538461538476,1.0
0.95,0.99,0.1,B3_STRATIFIED,0.3,constant,1.0,0,8,False,464.0,0.45961538461538476,1.0
0.95,0.99,0.1,B3_STRATIFIED,0.4,alpha_0.95,0.95,0,8,False,622.2500000000015,0.5384615384615384,1.0
0.95,0.99,0.1,B3_STRATIFIED,0.4,constant,1.0,0,8,False,495.0,0.5384615384615384,1.0
0.95,0.99,0.1,B3_STRATIFIED,0.5,alpha_0.95,0.95,0,8,False,656.2500000000015,0.5384615384615384,1.0
0.95,0.99,0.1,B3_STRATIFIED,0.5,constant,1.0,0,8,False,529.0,0.5384615384615384,1.0
0.95,0.99,0.1,B3_STRATIFIED,0.7,alpha_0.95,0.95,0,8,False,723.2500000000015,0.7692307692307693,1.0
0.95,0.99,0.1,B3_STRATIFIED,0.7,constant,1.0,0,8,False,596.0,0.7692307692307693,1.0
0.95,0.99,0.1,B3_STRATIFIED,1.0,alpha_0.95,0.95,0,8,False,813.2500000000015,1.0,1.0
0.95,0.99,0.1,B3_STRATIFIED,1.0,constant,1.0,0,8,False,686.0,1.0,1.0
0.95,0.99,0.2,B2_SRS,0.0,alpha_0.95,0.95,0,8,False,598.0000000000013,0.0,1.0
0.95,0.99,0.2,B2_SRS,0.0,constant,1.0,0,8,False,468.0,0.0,1.0
0.95,0.99,0.2,B2_SRS,0.05,alpha_0.95,0.95,0,8,False,619.0000000000013,0.3076923076923077,1.0
0.95,0.99,0.2,B2_SRS,0.05,constant,1.0,0,8,False,489.0,0.3076923076923077,1.0
0.95,0.99,0.2,B2_SRS,0.1,alpha_0.95,0.95,0,8,False,636.0000000000013,0.3076923076923077,1.0
0.95,0.99,0.2,B2_SRS,0.1,constant,1.0,0,8,False,506.0,0.3076923076923077,1.0
0.95,0.99,0.2,B2_SRS,0.2,alpha_0.95,0.95,0,8,False,670.0500000000012,0.38461538461538464,1.0
0.95,0.99,0.2,B2_SRS,0.2,constant,1.0,0,8,False,540.05,0.38461538461538464,1.0
0.95,0.99,0.2,B2_SRS,0.3,alpha_0.95,0.95,0,8,False,703.0000000000013,0.38461538461538464,1.0
0.95,0.99,0.2,B2_SRS,0.3,constant,1.0,0,8,False,573.0,0.38461538461538464,1.0
0.95,0.99,0.2,B2_SRS,0.4,alpha_0.95,0.95,0,8,False,737.0000000000013,0.4230769230769231,1.0
0.95,0.99,0.2,B2_SRS,0.4,constant,1.0,0,8,False,607.0,0.4230769230769231,1.0
0.95,0.99,0.2,B2_SRS,0.5,alpha_0.95,0.95,0,8,False,769.0000000000013,0.4230769230769231,1.0
0.95,0.99,0.2,B2_SRS,0.5,constant,1.0,0,8,False,639.0,0.4230769230769231,1.0
0.95,0.99,0.2,B2_SRS,0.7,alpha_0.95,0.95,0,8,False,835.0000000000013,0.5769230769230769,1.0
0.95,0.99,0.2,B2_SRS,0.7,constant,1.0,0,8,False,705.0,0.5769230769230769,1.0
0.95,0.99,0.2,B2_SRS,1.0,alpha_0.95,0.95,0,8,False,926.0000000000013,1.0,1.0
0.95,0.99,0.2,B2_SRS,1.0,constant,1.0,0,8,False,796.0,1.0,1.0
0.95,0.99,0.2,B3_STRATIFIED,0.0,alpha_0.95,0.95,0,8,False,598.0000000000013,0.0,1.0
0.95,0.99,0.2,B3_STRATIFIED,0.0,constant,1.0,0,8,False,468.0,0.0,1.0
0.95,0.99,0.2,B3_STRATIFIED,0.05,alpha_0.95,0.95,0,8,False,622.0000000000013,0.4230769230769231,1.0
0.95,0.99,0.2,B3_STRATIFIED,0.05,constant,1.0,0,8,False,492.0,0.4230769230769231,1.0
0.95,0.99,0.2,B3_STRATIFIED,0.1,alpha_0.95,0.95,0,8,False,638.0000000000013,0.4230769230769231,1.0
0.95,0.99,0.2,B3_STRATIFIED,0.1,constant,1.0,0,8,False,508.0,0.4230769230769231,1.0
0.95,0.99,0.2,B3_STRATIFIED,0.2,alpha_0.95,0.95,0,8,False,671.0000000000013,0.4230769230769231,1.0
0.95,0.99,0.2,B3_STRATIFIED,0.2,constant,1.0,0,8,False,541.0,0.4230769230769231,1.0
0.95,0.99,0.2,B3_STRATIFIED,0.3,alpha_0.95,0.95,0,8,False,708.0000000000013,0.46153846153846156,1.0
0.95,0.99,0.2,B3_STRATIFIED,0.3,constant,1.0,0,8,False,578.0,0.46153846153846156,1.0
0.95,0.99,0.2,B3_STRATIFIED,0.4,alpha_0.95,0.95,0,8,False,739.0000000000013,0.5,1.0
0.95,0.99,0.2,B3_STRATIFIED,0.4,constant,1.0,0,8,False,609.0,0.5,1.0
0.95,0.99,0.2,B3_STRATIFIED,0.5,alpha_0.95,0.95,0,8,False,770.0000000000013,0.5384615384615384,1.0
0.95,0.99,0.2,B3_STRATIFIED,0.5,constant,1.0,0,8,False,640.0,0.5384615384615384,1.0
0.95,0.99,0.2,B3_STRATIFIED,0.7,alpha_0.95,0.95,0,8,False,837.0000000000013,0.7692307692307693,1.0
0.95,0.99,0.2,B3_STRATIFIED,0.7,constant,1.0,0,8,False,707.0,0.7692307692307693,1.0
0.95,0.99,0.2,B3_STRATIFIED,1.0,alpha_0.95,0.95,0,8,False,926.0000000000013,1.0,1.0
0.95,0.99,0.2,B3_STRATIFIED,1.0,constant,1.0,0,8,False,796.0,1.0,1.0
0.95,1.0,0.0,B2_SRS,0.0,alpha_0.95,0.95,0,8,False,345.2000000000003,0.0,1.0
0.95,1.0,0.0,B2_SRS,0.0,constant,1.0,0,8,False,236.0,0.0,1.0
0.95,1.0,0.0,B2_SRS,0.05,alpha_0.95,0.95,0,8,False,395.15000000000026,0.3076923076923077,1.0
0.95,1.0,0.0,B2_SRS,0.05,constant,1.0,0,8,False,313.0,0.3076923076923077,1.0
0.95,1.0,0.0,B2_SRS,0.1,alpha_0.95,0.95,0,8,False,413.15000000000026,0.3076923076923077,1.0
0.95,1.0,0.0,B2_SRS,0.1,constant,1.0,0,8,False,324.0,0.3076923076923077,1.0
0.95,1.0,0.0,B2_SRS,0.2,alpha_0.95,0.95,0,8,False,453.2500000000002,0.38461538461538464,1.0
0.95,1.0,0.0,B2_SRS,0.2,constant,1.0,0,8,False,347.0,0.38461538461538464,1.0
0.95,1.0,0.0,B2_SRS,0.3,alpha_0.95,0.95,0,8,False,487.2000000000003,0.4230769230769231,1.0
0.95,1.0,0.0,B2_SRS,0.3,constant,1.0,0,8,False,378.0,0.4230769230769231,1.0
0.95,1.0,0.0,B2_SRS,0.4,alpha_0.95,0.95,0,8,False,524.2000000000003,0.4230769230769231,1.0
0.95,1.0,0.0,B2_SRS,0.4,constant,1.0,0,8,False,415.0,0.4230769230769231,1.0
0.95,1.0,0.0,B2_SRS,0.5,alpha_0.95,0.95,0,8,False,552.2500000000002,0.4230769230769231,1.0
0.95,1.0,0.0,B2_SRS,0.5,constant,1.0,0,8,False,443.04999999999995,0.4230769230769231,1.0
0.95,1.0,0.0,B2_SRS,0.7,alpha_0.95,0.95,0,8,False,608.2000000000003,0.5769230769230769,1.0
0.95,1.0,0.0,B2_SRS,0.7,constant,1.0,0,8,False,499.0,0.5769230769230769,1.0
0.95,1.0,0.0,B2_SRS,1.0,alpha_0.95,0.95,0,8,False,673.2000000000003,1.0,1.0
0.95,1.0,0.0,B2_SRS,1.0,constant,1.0,0,8,False,564.0,1.0,1.0
0.95,1.0,0.0,B3_STRATIFIED,0.0,alpha_0.95,0.95,0,8,False,345.2000000000003,0.0,1.0
0.95,1.0,0.0,B3_STRATIFIED,0.0,constant,1.0,0,8,False,236.0,0.0,1.0
0.95,1.0,0.0,B3_STRATIFIED,0.05,alpha_0.95,0.95,0,8,False,413.2000000000003,0.4230769230769231,1.0
0.95,1.0,0.0,B3_STRATIFIED,0.05,constant,1.0,0,8,False,350.0,0.4230769230769231,1.0
0.95,1.0,0.0,B3_STRATIFIED,0.1,alpha_0.95,0.95,0,8,False,425.2000000000003,0.4230769230769231,1.0
0.95,1.0,0.0,B3_STRATIFIED,0.1,constant,1.0,0,8,False,350.0,0.4230769230769231,1.0
0.95,1.0,0.0,B3_STRATIFIED,0.2,alpha_0.95,0.95,0,8,False,458.2000000000003,0.4230769230769231,1.0
0.95,1.0,0.0,B3_STRATIFIED,0.2,constant,1.0,0,8,False,350.0,0.4230769230769231,1.0
0.95,1.0,0.0,B3_STRATIFIED,0.3,alpha_0.95,0.95,0,8,False,486.2000000000003,0.46153846153846156,1.0
0.95,1.0,0.0,B3_STRATIFIED,0.3,constant,1.0,0,8,False,377.0,0.46153846153846156,1.0
0.95,1.0,0.0,B3_STRATIFIED,0.4,alpha_0.95,0.95,0,8,False,520.2000000000003,0.5384615384615384,1.0
0.95,1.0,0.0,B3_STRATIFIED,0.4,constant,1.0,0,8,False,411.0,0.5384615384615384,1.0
0.95,1.0,0.0,B3_STRATIFIED,0.5,alpha_0.95,0.95,0,8,False,535.2000000000003,0.5384615384615384,1.0
0.95,1.0,0.0,B3_STRATIFIED,0.5,constant,1.0,0,8,False,426.0,0.5384615384615384,1.0
0.95,1.0,0.0,B3_STRATIFIED,0.7,alpha_0.95,0.95,0,8,False,610.2000000000003,0.5769230769230769,1.0
0.95,1.0,0.0,B3_STRATIFIED,0.7,constant,1.0,0,8,False,501.0,0.5769230769230769,1.0
0.95,1.0,0.0,B3_STRATIFIED,1.0,alpha_0.95,0.95,0,8,False,673.2000000000003,1.0,1.0
0.95,1.0,0.0,B3_STRATIFIED,1.0,constant,1.0,0,8,False,564.0,1.0,1.0
0.95,1.0,0.05,B2_SRS,0.0,alpha_0.95,0.95,0,8,False,414.2500000000006,0.0,1.0
0.95,1.0,0.05,B2_SRS,0.0,constant,1.0,0,8,False,292.0,0.0,1.0
0.95,1.0,0.05,B2_SRS,0.05,alpha_0.95,0.95,0,8,False,437.2500000000006,0.3076923076923077,1.0
0.95,1.0,0.05,B2_SRS,0.05,constant,1.0,0,8,False,345.0,0.3076923076923077,1.0
0.95,1.0,0.05,B2_SRS,0.1,alpha_0.95,0.95,0,8,False,456.2500000000006,0.3076923076923077,1.0
0.95,1.0,0.05,B2_SRS,0.1,constant,1.0,0,8,False,355.0,0.3076923076923077,1.0
0.95,1.0,0.05,B2_SRS,0.2,alpha_0.95,0.95,0,8,False,493.2500000000006,0.38461538461538464,1.0
0.95,1.0,0.05,B2_SRS,0.2,constant,1.0,0,8,False,373.04999999999995,0.38461538461538464,1.0
0.95,1.0,0.05,B2_SRS,0.3,alpha_0.95,0.95,0,8,False,529.2500000000007,0.42115384615384627,1.0
0.95,1.0,0.05,B2_SRS,0.3,constant,1.0,0,8,False,407.0,0.42115384615384627,1.0
0.95,1.0,0.05,B2_SRS,0.4,alpha_0.95,0.95,0,8,False,564.2500000000007,0.4230769230769231,1.0
0.95,1.0,0.05,B2_SRS,0.4,constant,1.0,0,8,False,442.0,0.4230769230769231,1.0
0.95,1.0,0.05,B2_SRS,0.5,alpha_0.95,0.95,0,8,False,593.2500000000007,0.4230769230769231,1.0
0.95,1.0,0.05,B2_SRS,0.5,constant,1.0,0,8,False,471.0,0.4230769230769231,1.0
0.95,1.0,0.05,B2_SRS,0.7,alpha_0.95,0.95,0,8,False,658.2500000000007,0.5769230769230769,1.0
0.95,1.0,0.05,B2_SRS,0.7,constant,1.0,0,8,False,536.0,0.5769230769230769,1.0
0.95,1.0,0.05,B2_SRS,1.0,alpha_0.95,0.95,0,8,False,742.2500000000007,1.0,1.0
0.95,1.0,0.05,B2_SRS,1.0,constant,1.0,0,8,False,620.0,1.0,1.0
0.95,1.0,0.05,B3_STRATIFIED,0.0,alpha_0.95,0.95,0,8,False,414.2500000000006,0.0,1.0
0.95,1.0,0.05,B3_STRATIFIED,0.0,constant,1.0,0,8,False,292.0,0.0,1.0
0.95,1.0,0.05,B3_STRATIFIED,0.05,alpha_0.95,0.95,0,8,False,439.2500000000006,0.4230769230769231,1.0
0.95,1.0,0.05,B3_STRATIFIED,0.05,constant,1.0,0,8,False,351.0,0.4230769230769231,1.0
0.95,1.0,0.05,B3_STRATIFIED,0.1,alpha_0.95,0.95,0,8,False,457.2000000000006,0.4230769230769231,1.0
0.95,1.0,0.05,B3_STRATIFIED,0.1,constant,1.0,0,8,False,362.0,0.4230769230769231,1.0
0.95,1.0,0.05,B3_STRATIFIED,0.2,alpha_0.95,0.95,0,8,False,488.2000000000006,0.4230769230769231,1.0
0.95,1.0,0.05,B3_STRATIFIED,0.2,constant,1.0,0,8,False,380.0,0.4230769230769231,1.0
0.95,1.0,0.05,B3_STRATIFIED,0.3,alpha_0.95,0.95,0,8,False,525.2500000000007,0.46153846153846156,1.0
0.95,1.0,0.05,B3_STRATIFIED,0.3,constant,1.0,0,8,False,403.0,0.46153846153846156,1.0
0.95,1.0,0.05,B3_STRATIFIED,0.4,alpha_0.95,0.95,0,8,False,557.2500000000007,0.5365384615384616,1.0
0.95,1.0,0.05,B3_STRATIFIED,0.4,constant,1.0,0,8,False,435.0,0.5365384615384616,1.0
0.95,1.0,0.05,B3_STRATIFIED,0.5,alpha_0.95,0.95,0,8,False,588.2500000000007,0.5384615384615384,1.0
0.95,1.0,0.05,B3_STRATIFIED,0.5,constant,1.0,0,8,False,466.0,0.5384615384615384,1.0
0.95,1.0,0.05,B3_STRATIFIED,0.7,alpha_0.95,0.95,0,8,False,655.2500000000007,0.7307692307692307,1.0
0.95,1.0,0.05,B3_STRATIFIED,0.7,constant,1.0,0,8,False,533.0,0.7307692307692307,1.0
0.95,1.0,0.05,B3_STRATIFIED,1.0,alpha_0.95,0.95,0,8,False,742.2500000000007,1.0,1.0
0.95,1.0,0.05,B3_STRATIFIED,1.0,constant,1.0,0,8,False,620.0,1.0,1.0
0.95,1.0,0.1,B2_SRS,0.0,alpha_0.95,0.95,0,8,False,474.8000000000014,0.0,1.0
0.95,1.0,0.1,B2_SRS,0.0,constant,1.0,0,8,False,348.0,0.0,1.0
0.95,1.0,0.1,B2_SRS,0.05,alpha_0.95,0.95,0,8,False,496.8000000000014,0.3076923076923077,1.0
0.95,1.0,0.1,B2_SRS,0.05,constant,1.0,0,8,False,370.0,0.3076923076923077,1.0
0.95,1.0,0.1,B2_SRS,0.1,alpha_0.95,0.95,0,8,False,513.8000000000013,0.3076923076923077,1.0
0.95,1.0,0.1,B2_SRS,0.1,constant,1.0,0,8,False,387.0,0.3076923076923077,1.0
0.95,1.0,0.1,B2_SRS,0.2,alpha_0.95,0.95,0,8,False,549.8000000000013,0.34615384615384615,1.0
0.95,1.0,0.1,B2_SRS,0.2,constant,1.0,0,8,False,423.0,0.34615384615384615,1.0
0.95,1.0,0.1,B2_SRS,0.3,alpha_0.95,0.95,0,8,False,581.8000000000013,0.38461538461538464,1.0
0.95,1.0,0.1,B2_SRS,0.3,constant,1.0,0,8,False,455.0,0.38461538461538464,1.0
0.95,1.0,0.1,B2_SRS,0.4,alpha_0.95,0.95,0,8,False,615.8000000000013,0.4230769230769231,1.0
0.95,1.0,0.1,B2_SRS,0.4,constant,1.0,0,8,False,489.0,0.4230769230769231,1.0
0.95,1.0,0.1,B2_SRS,0.5,alpha_0.95,0.95,0,8,False,647.8000000000013,0.4230769230769231,1.0
0.95,1.0,0.1,B2_SRS,0.5,constant,1.0,0,8,False,521.0,0.4230769230769231,1.0
0.95,1.0,0.1,B2_SRS,0.7,alpha_0.95,0.95,0,8,False,714.8000000000013,0.5769230769230769,1.0
0.95,1.0,0.1,B2_SRS,0.7,constant,1.0,0,8,False,588.0,0.5769230769230769,1.0
0.95,1.0,0.1,B2_SRS,1.0,alpha_0.95,0.95,0,8,False,802.8000000000013,1.0,1.0
0.95,1.0,0.1,B2_SRS,1.0,constant,1.0,0,8,False,676.0,1.0,1.0
0.95,1.0,0.1,B3_STRATIFIED,0.0,alpha_0.95,0.95,0,8,False,474.8000000000014,0.0,1.0
0.95,1.0,0.1,B3_STRATIFIED,0.0,constant,1.0,0,8,False,348.0,0.0,1.0
0.95,1.0,0.1,B3_STRATIFIED,0.05,alpha_0.95,0.95,0,8,False,494.8000000000014,0.42115384615384627,1.0
0.95,1.0,0.1,B3_STRATIFIED,0.05,constant,1.0,0,8,False,369.0,0.42115384615384627,1.0
0.95,1.0,0.1,B3_STRATIFIED,0.1,alpha_0.95,0.95,0,8,False,514.8000000000013,0.4230769230769231,1.0
0.95,1.0,0.1,B3_STRATIFIED,0.1,constant,1.0,0,8,False,388.0,0.4230769230769231,1.0
0.95,1.0,0.1,B3_STRATIFIED,0.2,alpha_0.95,0.95,0,8,False,547.8500000000013,0.4230769230769231,1.0
0.95,1.0,0.1,B3_STRATIFIED,0.2,constant,1.0,0,8,False,421.04999999999995,0.4230769230769231,1.0
0.95,1.0,0.1,B3_STRATIFIED,0.3,alpha_0.95,0.95,0,8,False,581.8000000000013,0.45961538461538476,1.0
0.95,1.0,0.1,B3_STRATIFIED,0.3,constant,1.0,0,8,False,455.0,0.45961538461538476,1.0
0.95,1.0,0.1,B3_STRATIFIED,0.4,alpha_0.95,0.95,0,8,False,613.8000000000013,0.5384615384615384,1.0
0.95,1.0,0.1,B3_STRATIFIED,0.4,constant,1.0,0,8,False,487.0,0.5384615384615384,1.0
0.95,1.0,0.1,B3_STRATIFIED,0.5,alpha_0.95,0.95,0,8,False,644.8000000000013,0.5384615384615384,1.0
0.95,1.0,0.1,B3_STRATIFIED,0.5,constant,1.0,0,8,False,518.0,0.5384615384615384,1.0
0.95,1.0,0.1,B3_STRATIFIED,0.7,alpha_0.95,0.95,0,8,False,712.8000000000013,0.7692307692307693,1.0
0.95,1.0,0.1,B3_STRATIFIED,0.7,constant,1.0,0,8,False,586.0,0.7692307692307693,1.0
0.95,1.0,0.1,B3_STRATIFIED,1.0,alpha_0.95,0.95,0,8,False,802.8000000000013,1.0,1.0
0.95,1.0,0.1,B3_STRATIFIED,1.0,constant,1.0,0,8,False,676.0,1.0,1.0
0.95,1.0,0.2,B2_SRS,0.0,alpha_0.95,0.95,0,8,False,589.8000000000013,0.0,1.0
0.95,1.0,0.2,B2_SRS,0.0,constant,1.0,0,8,False,460.0,0.0,1.0
0.95,1.0,0.2,B2_SRS,0.05,alpha_0.95,0.95,0,8,False,610.8000000000013,0.3076923076923077,1.0
0.95,1.0,0.2,B2_SRS,0.05,constant,1.0,0,8,False,481.0,0.3076923076923077,1.0
0.95,1.0,0.2,B2_SRS,0.1,alpha_0.95,0.95,0,8,False,628.8000000000013,0.3076923076923077,1.0
0.95,1.0,0.2,B2_SRS,0.1,constant,1.0,0,8,False,499.0,0.3076923076923077,1.0
0.95,1.0,0.2,B2_SRS,0.2,alpha_0.95,0.95,0,8,False,661.8000000000013,0.38269230769230783,1.0
0.95,1.0,0.2,B2_SRS,0.2,constant,1.0,0,8,False,532.0,0.38269230769230783,1.0
0.95,1.0,0.2,B2_SRS,0.3,alpha_0.95,0.95,0,8,False,695.8000000000013,0.38461538461538464,1.0
0.95,1.0,0.2,B2_SRS,0.3,constant,1.0,0,8,False,566.0,0.38461538461538464,1.0
0.95,1.0,0.2,B2_SRS,0.4,alpha_0.95,0.95,0,8,False,728.8000000000013,0.4230769230769231,1.0
0.95,1.0,0.2,B2_SRS,0.4,constant,1.0,0,8,False,599.0,0.4230769230769231,1.0
0.95,1.0,0.2,B2_SRS,0.5,alpha_0.95,0.95,0,8,False,760.8000000000013,0.4230769230769231,1.0
0.95,1.0,0.2,B2_SRS,0.5,constant,1.0,0,8,False,631.0,0.4230769230769231,1.0
0.95,1.0,0.2,B2_SRS,0.7,alpha_0.95,0.95,0,8,False,826.8000000000013,0.5769230769230769,1.0
0.95,1.0,0.2,B2_SRS,0.7,constant,1.0,0,8,False,697.0,0.5769230769230769,1.0
0.95,1.0,0.2,B2_SRS,1.0,alpha_0.95,0.95,0,8,False,917.8000000000013,1.0,1.0
0.95,1.0,0.2,B2_SRS,1.0,constant,1.0,0,8,False,788.0,1.0,1.0
0.95,1.0,0.2,B3_STRATIFIED,0.0,alpha_0.95,0.95,0,8,False,589.8000000000013,0.0,1.0
0.95,1.0,0.2,B3_STRATIFIED,0.0,constant,1.0,0,8,False,460.0,0.0,1.0
0.95,1.0,0.2,B3_STRATIFIED,0.05,alpha_0.95,0.95,0,8,False,612.8000000000013,0.4230769230769231,1.0
0.95,1.0,0.2,B3_STRATIFIED,0.05,constant,1.0,0,8,False,483.0,0.4230769230769231,1.0
0.95,1.0,0.2,B3_STRATIFIED,0.1,alpha_0.95,0.95,0,8,False,629.8000000000013,0.4230769230769231,1.0
0.95,1.0,0.2,B3_STRATIFIED,0.1,constant,1.0,0,8,False,500.0,0.4230769230769231,1.0
0.95,1.0,0.2,B3_STRATIFIED,0.2,alpha_0.95,0.95,0,8,False,663.8000000000013,0.4230769230769231,1.0
0.95,1.0,0.2,B3_STRATIFIED,0.2,constant,1.0,0,8,False,534.0,0.4230769230769231,1.0
0.95,1.0,0.2,B3_STRATIFIED,0.3,alpha_0.95,0.95,0,8,False,698.8000000000013,0.46153846153846156,1.0
0.95,1.0,0.2,B3_STRATIFIED,0.3,constant,1.0,0,8,False,569.0,0.46153846153846156,1.0
0.95,1.0,0.2,B3_STRATIFIED,0.4,alpha_0.95,0.95,0,8,False,728.8000000000013,0.5365384615384616,1.0
0.95,1.0,0.2,B3_STRATIFIED,0.4,constant,1.0,0,8,False,599.0,0.5365384615384616,1.0
0.95,1.0,0.2,B3_STRATIFIED,0.5,alpha_0.95,0.95,0,8,False,761.8500000000013,0.5384615384615384,1.0
0.95,1.0,0.2,B3_STRATIFIED,0.5,constant,1.0,0,8,False,632.05,0.5384615384615384,1.0
0.95,1.0,0.2,B3_STRATIFIED,0.7,alpha_0.95,0.95,0,8,False,827.8000000000013,0.7692307692307693,1.0
0.95,1.0,0.2,B3_STRATIFIED,0.7,constant,1.0,0,8,False,698.0,0.7692307692307693,1.0
0.95,1.0,0.2,B3_STRATIFIED,1.0,alpha_0.95,0.95,0,8,False,917.8000000000013,1.0,1.0
0.95,1.0,0.2,B3_STRATIFIED,1.0,constant,1.0,0,8,False,788.0,1.0,1.0
0.97,0.8,0.0,B2_SRS,0.0,alpha_0.95,0.95,0,8,False,592.8000000000013,0.0,1.0
0.97,0.8,0.0,B2_SRS,0.0,constant,1.0,0,8,False,463.0,0.0,1.0
0.97,0.8,0.0,B2_SRS,0.05,alpha_0.95,0.95,0,8,False,611.8000000000013,0.4230769230769231,1.0
0.97,0.8,0.0,B2_SRS,0.05,constant,1.0,0,8,False,482.0,0.4230769230769231,1.0
0.97,0.8,0.0,B2_SRS,0.1,alpha_0.95,0.95,0,8,False,629.8000000000013,0.4230769230769231,1.0
0.97,0.8,0.0,B2_SRS,0.1,constant,1.0,0,8,False,500.0,0.4230769230769231,1.0
0.97,0.8,0.0,B2_SRS,0.2,alpha_0.95,0.95,0,8,False,663.8000000000013,0.4230769230769231,1.0
0.97,0.8,0.0,B2_SRS,0.2,constant,1.0,0,8,False,534.0,0.4230769230769231,1.0
0.97,0.8,0.0,B2_SRS,0.3,alpha_0.95,0.95,0,8,False,697.8000000000013,0.4230769230769231,1.0
0.97,0.8,0.0,B2_SRS,0.3,constant,1.0,0,8,False,568.0,0.4230769230769231,1.0
0.97,0.8,0.0,B2_SRS,0.4,alpha_0.95,0.95,0,8,False,729.8000000000013,0.4230769230769231,1.0
0.97,0.8,0.0,B2_SRS,0.4,constant,1.0,0,8,False,600.0,0.4230769230769231,1.0
0.97,0.8,0.0,B2_SRS,0.5,alpha_0.95,0.95,0,8,False,762.8000000000013,0.4230769230769231,1.0
0.97,0.8,0.0,B2_SRS,0.5,constant,1.0,0,8,False,633.0,0.4230769230769231,1.0
0.97,0.8,0.0,B2_SRS,0.7,alpha_0.95,0.95,0,8,False,827.8000000000013,0.5769230769230769,1.0
0.97,0.8,0.0,B2_SRS,0.7,constant,1.0,0,8,False,698.0,0.5769230769230769,1.0
0.97,0.8,0.0,B2_SRS,1.0,alpha_0.95,0.95,0,8,False,917.8000000000013,1.0,1.0
0.97,0.8,0.0,B2_SRS,1.0,constant,1.0,0,8,False,788.0,1.0,1.0
0.97,0.8,0.0,B3_STRATIFIED,0.0,alpha_0.95,0.95,0,8,False,592.8000000000013,0.0,1.0
0.97,0.8,0.0,B3_STRATIFIED,0.0,constant,1.0,0,8,False,463.0,0.0,1.0
0.97,0.8,0.0,B3_STRATIFIED,0.05,alpha_0.95,0.95,0,8,False,616.8000000000013,0.5384615384615384,1.0
0.97,0.8,0.0,B3_STRATIFIED,0.05,constant,1.0,0,8,False,487.0,0.5384615384615384,1.0
0.97,0.8,0.0,B3_STRATIFIED,0.1,alpha_0.95,0.95,0,8,False,630.8000000000013,0.5384615384615384,1.0
0.97,0.8,0.0,B3_STRATIFIED,0.1,constant,1.0,0,8,False,501.0,0.5384615384615384,1.0
0.97,0.8,0.0,B3_STRATIFIED,0.2,alpha_0.95,0.95,0,8,False,665.8000000000013,0.5750000000000001,1.0
0.97,0.8,0.0,B3_STRATIFIED,0.2,constant,1.0,0,8,False,536.0,0.5750000000000001,1.0
0.97,0.8,0.0,B3_STRATIFIED,0.3,alpha_0.95,0.95,0,8,False,699.8000000000013,0.6153846153846154,1.0
0.97,0.8,0.0,B3_STRATIFIED,0.3,constant,1.0,0,8,False,570.0,0.6153846153846154,1.0
0.97,0.8,0.0,B3_STRATIFIED,0.4,alpha_0.95,0.95,0,8,False,731.8000000000013,0.6538461538461539,1.0
0.97,0.8,0.0,B3_STRATIFIED,0.4,constant,1.0,0,8,False,602.0,0.6538461538461539,1.0
0.97,0.8,0.0,B3_STRATIFIED,0.5,alpha_0.95,0.95,0,8,False,764.8000000000013,0.6903846153846155,1.0
0.97,0.8,0.0,B3_STRATIFIED,0.5,constant,1.0,0,8,False,635.0,0.6903846153846155,1.0
0.97,0.8,0.0,B3_STRATIFIED,0.7,alpha_0.95,0.95,0,8,False,828.8000000000013,0.8076923076923077,1.0
0.97,0.8,0.0,B3_STRATIFIED,0.7,constant,1.0,0,8,False,699.0,0.8076923076923077,1.0
0.97,0.8,0.0,B3_STRATIFIED,1.0,alpha_0.95,0.95,0,8,False,917.8000000000013,1.0,1.0
0.97,0.8,0.0,B3_STRATIFIED,1.0,constant,1.0,0,8,False,788.0,1.0,1.0
0.97,0.8,0.05,B2_SRS,0.0,alpha_0.95,0.95,0,8,False,637.6000000000006,0.0,1.0
0.97,0.8,0.05,B2_SRS,0.0,constant,1.0,0,8,False,507.0,0.0,1.0
0.97,0.8,0.05,B2_SRS,0.05,alpha_0.95,0.95,0,8,False,658.6000000000006,0.4230769230769231,1.0
0.97,0.8,0.05,B2_SRS,0.05,constant,1.0,0,8,False,528.0,0.4230769230769231,1.0
0.97,0.8,0.05,B2_SRS,0.1,alpha_0.95,0.95,0,8,False,675.6000000000006,0.4230769230769231,1.0
0.97,0.8,0.05,B2_SRS,0.1,constant,1.0,0,8,False,545.0,0.4230769230769231,1.0
0.97,0.8,0.05,B2_SRS,0.2,alpha_0.95,0.95,0,8,False,708.6000000000006,0.4230769230769231,1.0
0.97,0.8,0.05,B2_SRS,0.2,constant,1.0,0,8,False,578.0,0.4230769230769231,1.0
0.97,0.8,0.05,B2_SRS,0.3,alpha_0.95,0.95,0,8,False,741.6000000000006,0.4230769230769231,1.0
0.97,0.8,0.05,B2_SRS,0.3,constant,1.0,0,8,False,611.0,0.4230769230769231,1.0
0.97,0.8,0.05,B2_SRS,0.4,alpha_0.95,0.95,0,8,False,774.6000000000006,0.4230769230769231,1.0
0.97,0.8,0.05,B2_SRS,0.4,constant,1.0,0,8,False,644.0,0.4230769230769231,1.0
0.97,0.8,0.05,B2_SRS,0.5,alpha_0.95,0.95,0,8,False,806.6000000000006,0.4230769230769231,1.0
0.97,0.8,0.05,B2_SRS,0.5,constant,1.0,0,8,False,676.0,0.4230769230769231,1.0
0.97,0.8,0.05,B2_SRS,0.7,alpha_0.95,0.95,0,8,False,871.6000000000006,0.5769230769230769,1.0
0.97,0.8,0.05,B2_SRS,0.7,constant,1.0,0,8,False,741.0,0.5769230769230769,1.0
0.97,0.8,0.05,B2_SRS,1.0,alpha_0.95,0.95,0,8,False,962.6000000000006,1.0,1.0
0.97,0.8,0.05,B2_SRS,1.0,constant,1.0,0,8,False,832.0,1.0,1.0
0.97,0.8,0.05,B3_STRATIFIED,0.0,alpha_0.95,0.95,0,8,False,637.6000000000006,0.0,1.0
0.97,0.8,0.05,B3_STRATIFIED,0.0,constant,1.0,0,8,False,507.0,0.0,1.0
0.97,0.8,0.05,B3_STRATIFIED,0.05,alpha_0.95,0.95,0,8,False,658.5500000000006,0.5384615384615384,1.0
0.97,0.8,0.05,B3_STRATIFIED,0.05,constant,1.0,0,8,False,528.0,0.5384615384615384,1.0
0.97,0.8,0.05,B3_STRATIFIED,0.1,alpha_0.95,0.95,0,8,False,675.6000000000006,0.5384615384615384,1.0
0.97,0.8,0.05,B3_STRATIFIED,0.1,constant,1.0,0,8,False,545.0,0.5384615384615384,1.0
0.97,0.8,0.05,B3_STRATIFIED,0.2,alpha_0.95,0.95,0,8,False,708.6000000000006,0.5750000000000001,1.0
0.97,0.8,0.05,B3_STRATIFIED,0.2,constant,1.0,0,8,False,578.0,0.5750000000000001,1.0
0.97,0.8,0.05,B3_STRATIFIED,0.3,alpha_0.95,0.95,0,8,False,742.5500000000006,0.6134615384615386,1.0
0.97,0.8,0.05,B3_STRATIFIED,0.3,constant,1.0,0,8,False,612.0,0.6134615384615386,1.0
0.97,0.8,0.05,B3_STRATIFIED,0.4,alpha_0.95,0.95,0,8,False,774.6000000000006,0.6538461538461539,1.0
0.97,0.8,0.05,B3_STRATIFIED,0.4,constant,1.0,0,8,False,644.0,0.6538461538461539,1.0
0.97,0.8,0.05,B3_STRATIFIED,0.5,alpha_0.95,0.95,0,8,False,806.6000000000006,0.6903846153846155,1.0
0.97,0.8,0.05,B3_STRATIFIED,0.5,constant,1.0,0,8,False,676.0,0.6903846153846155,1.0
0.97,0.8,0.05,B3_STRATIFIED,0.7,alpha_0.95,0.95,0,8,False,870.6500000000005,0.8461538461538461,1.0
0.97,0.8,0.05,B3_STRATIFIED,0.7,constant,1.0,0,8,False,740.05,0.8461538461538461,1.0
0.97,0.8,0.05,B3_STRATIFIED,1.0,alpha_0.95,0.95,0,8,False,962.6000000000006,1.0,1.0
0.97,0.8,0.05,B3_STRATIFIED,1.0,constant,1.0,0,8,False,832.0,1.0,1.0
0.97,0.8,0.1,B2_SRS,0.0,alpha_0.95,0.95,0,8,False,683.6000000000001,0.0,1.0
0.97,0.8,0.1,B2_SRS,0.0,constant,1.0,0,8,False,553.0,0.0,1.0
0.97,0.8,0.1,B2_SRS,0.05,alpha_0.95,0.95,0,8,False,703.6000000000001,0.4230769230769231,1.0
0.97,0.8,0.1,B2_SRS,0.05,constant,1.0,0,8,False,573.0,0.4230769230769231,1.0
0.97,0.8,0.1,B2_SRS,0.1,alpha_0.95,0.95,0,8,False,720.6000000000001,0.4230769230769231,1.0
0.97,0.8,0.1,B2_SRS,0.1,constant,1.0,0,8,False,590.0,0.4230769230769231,1.0
0.97,0.8,0.1,B2_SRS,0.2,alpha_0.95,0.95,0,8,False,753.6000000000001,0.4230769230769231,1.0
0.97,0.8,0.1,B2_SRS,0.2,constant,1.0,0,8,False,623.0,0.4230769230769231,1.0
0.97,0.8,0.1,B2_SRS,0.3,alpha_0.95,0.95,0,8,False,787.6000000000001,0.4230769230769231,1.0
0.97,0.8,0.1,B2_SRS,0.3,constant,1.0,0,8,False,657.0,0.4230769230769231,1.0
0.97,0.8,0.1,B2_SRS,0.4,alpha_0.95,0.95,0,8,False,819.6000000000001,0.4230769230769231,1.0
0.97,0.8,0.1,B2_SRS,0.4,constant,1.0,0,8,False,689.0,0.4230769230769231,1.0
0.97,0.8,0.1,B2_SRS,0.5,alpha_0.95,0.95,0,8,False,851.6000000000001,0.4230769230769231,1.0
0.97,0.8,0.1,B2_SRS,0.5,constant,1.0,0,8,False,721.0,0.4230769230769231,1.0
0.97,0.8,0.1,B2_SRS,0.7,alpha_0.95,0.95,0,8,False,916.6000000000001,0.5769230769230769,1.0
0.97,0.8,0.1,B2_SRS,0.7,constant,1.0,0,8,False,786.0,0.5769230769230769,1.0
0.97,0.8,0.1,B2_SRS,1.0,alpha_0.95,0.95,0,8,False,1008.6000000000001,1.0,1.0
0.97,0.8,0.1,B2_SRS,1.0,constant,1.0,0,8,False,878.0,1.0,1.0
0.97,0.8,0.1,B3_STRATIFIED,0.0,alpha_0.95,0.95,0,8,False,683.6000000000001,0.0,1.0
0.97,0.8,0.1,B3_STRATIFIED,0.0,constant,1.0,0,8,False,553.0,0.0,1.0
0.97,0.8,0.1,B3_STRATIFIED,0.05,alpha_0.95,0.95,0,8,False,705.6000000000001,0.5384615384615384,1.0
0.97,0.8,0.1,B3_STRATIFIED,0.05,constant,1.0,0,8,False,575.0,0.5384615384615384,1.0
0.97,0.8,0.1,B3_STRATIFIED,0.1,alpha_0.95,0.95,0,8,False,721.6000000000001,0.5384615384615384,1.0
0.97,0.8,0.1,B3_STRATIFIED,0.1,constant,1.0,0,8,False,591.0,0.5384615384615384,1.0
0.97,0.8,0.1,B3_STRATIFIED,0.2,alpha_0.95,0.95,0,8,False,754.6000000000001,0.5384615384615384,1.0
0.97,0.8,0.1,B3_STRATIFIED,0.2,constant,1.0,0,8,False,624.0,0.5384615384615384,1.0
0.97,0.8,0.1,B3_STRATIFIED,0.3,alpha_0.95,0.95,0,8,False,787.6000000000001,0.6134615384615386,1.0
0.97,0.8,0.1,B3_STRATIFIED,0.3,constant,1.0,0,8,False,657.0,0.6134615384615386,1.0
0.97,0.8,0.1,B3_STRATIFIED,0.4,alpha_0.95,0.95,0,8,False,820.6000000000001,0.6538461538461539,1.0
0.97,0.8,0.1,B3_STRATIFIED,0.4,constant,1.0,0,8,False,690.0,0.6538461538461539,1.0
0.97,0.8,0.1,B3_STRATIFIED,0.5,alpha_0.95,0.95,0,8,False,852.6000000000001,0.6538461538461539,1.0
0.97,0.8,0.1,B3_STRATIFIED,0.5,constant,1.0,0,8,False,722.0,0.6538461538461539,1.0
0.97,0.8,0.1,B3_STRATIFIED,0.7,alpha_0.95,0.95,0,8,False,917.6000000000001,0.8461538461538461,1.0
0.97,0.8,0.1,B3_STRATIFIED,0.7,constant,1.0,0,8,False,787.0,0.8461538461538461,1.0
0.97,0.8,0.1,B3_STRATIFIED,1.0,alpha_0.95,0.95,0,8,False,1008.6000000000001,1.0,1.0
0.97,0.8,0.1,B3_STRATIFIED,1.0,constant,1.0,0,8,False,878.0,1.0,1.0
0.97,0.8,0.2,B2_SRS,0.0,alpha_0.95,0.95,0,8,False,771.5999999999998,0.0,1.0
0.97,0.8,0.2,B2_SRS,0.0,constant,1.0,0,8,False,641.0,0.0,1.0
0.97,0.8,0.2,B2_SRS,0.05,alpha_0.95,0.95,0,8,False,790.5999999999998,0.4230769230769231,1.0
0.97,0.8,0.2,B2_SRS,0.05,constant,1.0,0,8,False,660.0,0.4230769230769231,1.0
0.97,0.8,0.2,B2_SRS,0.1,alpha_0.95,0.95,0,8,False,807.5999999999998,0.4230769230769231,1.0
0.97,0.8,0.2,B2_SRS,0.1,constant,1.0,0,8,False,677.0,0.4230769230769231,1.0
0.97,0.8,0.2,B2_SRS,0.2,alpha_0.95,0.95,0,8,False,841.5999999999998,0.4230769230769231,1.0
0.97,0.8,0.2,B2_SRS,0.2,constant,1.0,0,8,False,711.0,0.4230769230769231,1.0
0.97,0.8,0.2,B2_SRS,0.3,alpha_0.95,0.95,0,8,False,874.5999999999998,0.4230769230769231,1.0
0.97,0.8,0.2,B2_SRS,0.3,constant,1.0,0,8,False,744.0,0.4230769230769231,1.0
0.97,0.8,0.2,B2_SRS,0.4,alpha_0.95,0.95,0,8,False,906.5999999999998,0.4230769230769231,1.0
0.97,0.8,0.2,B2_SRS,0.4,constant,1.0,0,8,False,776.0,0.4230769230769231,1.0
0.97,0.8,0.2,B2_SRS,0.5,alpha_0.95,0.95,0,8,False,938.5999999999998,0.4230769230769231,1.0
0.97,0.8,0.2,B2_SRS,0.5,constant,1.0,0,8,False,808.0,0.4230769230769231,1.0
0.97,0.8,0.2,B2_SRS,0.7,alpha_0.95,0.95,0,8,False,1003.5999999999998,0.5769230769230769,1.0
0.97,0.8,0.2,B2_SRS,0.7,constant,1.0,0,8,False,873.0,0.5769230769230769,1.0
0.97,0.8,0.2,B2_SRS,1.0,alpha_0.95,0.95,0,8,False,1096.6,1.0,1.0
0.97,0.8,0.2,B2_SRS,1.0,constant,1.0,0,8,False,966.0,1.0,1.0
0.97,0.8,0.2,B3_STRATIFIED,0.0,alpha_0.95,0.95,0,8,False,771.5999999999998,0.0,1.0
0.97,0.8,0.2,B3_STRATIFIED,0.0,constant,1.0,0,8,False,641.0,0.0,1.0
0.97,0.8,0.2,B3_STRATIFIED,0.05,alpha_0.95,0.95,0,8,False,792.5499999999998,0.5769230769230769,1.0
0.97,0.8,0.2,B3_STRATIFIED,0.05,constant,1.0,0,8,False,662.0,0.5769230769230769,1.0
0.97,0.8,0.2,B3_STRATIFIED,0.1,alpha_0.95,0.95,0,8,False,808.5999999999998,0.5769230769230769,1.0
0.97,0.8,0.2,B3_STRATIFIED,0.1,constant,1.0,0,8,False,678.05,0.5769230769230769,1.0
0.97,0.8,0.2,B3_STRATIFIED,0.2,alpha_0.95,0.95,0,8,False,841.5499999999998,0.5769230769230769,1.0
0.97,0.8,0.2,B3_STRATIFIED,0.2,constant,1.0,0,8,False,711.0,0.5769230769230769,1.0
0.97,0.8,0.2,B3_STRATIFIED,0.3,alpha_0.95,0.95,0,8,False,875.5999999999998,0.651923076923077,1.0
0.97,0.8,0.2,B3_STRATIFIED,0.3,constant,1.0,0,8,False,745.0,0.651923076923077,1.0
0.97,0.8,0.2,B3_STRATIFIED,0.4,alpha_0.95,0.95,0,8,False,907.5999999999998,0.6923076923076923,1.0
0.97,0.8,0.2,B3_STRATIFIED,0.4,constant,1.0,0,8,False,777.0,0.6923076923076923,1.0
0.97,0.8,0.2,B3_STRATIFIED,0.5,alpha_0.95,0.95,0,8,False,938.5999999999998,0.6923076923076923,1.0
0.97,0.8,0.2,B3_STRATIFIED,0.5,constant,1.0,0,8,False,808.0,0.6923076923076923,1.0
0.97,0.8,0.2,B3_STRATIFIED,0.7,alpha_0.95,0.95,0,8,False,1003.5999999999998,0.8461538461538461,1.0
0.97,0.8,0.2,B3_STRATIFIED,0.7,constant,1.0,0,8,False,873.0,0.8461538461538461,1.0
0.97,0.8,0.2,B3_STRATIFIED,1.0,alpha_0.95,0.95,0,8,False,1096.6,1.0,1.0
0.97,0.8,0.2,B3_STRATIFIED,1.0,constant,1.0,0,8,False,966.0,1.0,1.0
0.97,0.85,0.0,B2_SRS,0.0,alpha_0.95,0.95,0,8,False,535.4000000000018,0.0,1.0
0.97,0.85,0.0,B2_SRS,0.0,constant,1.0,0,8,False,407.0,0.0,1.0
0.97,0.85,0.0,B2_SRS,0.05,alpha_0.95,0.95,0,8,False,556.4000000000018,0.4230769230769231,1.0
0.97,0.85,0.0,B2_SRS,0.05,constant,1.0,0,8,False,428.0,0.4230769230769231,1.0
0.97,0.85,0.0,B2_SRS,0.1,alpha_0.95,0.95,0,8,False,574.4000000000018,0.4230769230769231,1.0
0.97,0.85,0.0,B2_SRS,0.1,constant,1.0,0,8,False,446.0,0.4230769230769231,1.0
0.97,0.85,0.0,B2_SRS,0.2,alpha_0.95,0.95,0,8,False,609.4000000000018,0.4230769230769231,1.0
0.97,0.85,0.0,B2_SRS,0.2,constant,1.0,0,8,False,481.0,0.4230769230769231,1.0
0.97,0.85,0.0,B2_SRS,0.3,alpha_0.95,0.95,0,8,False,642.4000000000018,0.4230769230769231,1.0
0.97,0.85,0.0,B2_SRS,0.3,constant,1.0,0,8,False,514.0,0.4230769230769231,1.0
0.97,0.85,0.0,B2_SRS,0.4,alpha_0.95,0.95,0,8,False,674.4000000000018,0.4230769230769231,1.0
0.97,0.85,0.0,B2_SRS,0.4,constant,1.0,0,8,False,546.0,0.4230769230769231,1.0
0.97,0.85,0.0,B2_SRS,0.5,alpha_0.95,0.95,0,8,False,707.4000000000018,0.4230769230769231,1.0
0.97,0.85,0.0,B2_SRS,0.5,constant,1.0,0,8,False,579.0,0.4230769230769231,1.0
0.97,0.85,0.0,B2_SRS,0.7,alpha_0.95,0.95,0,8,False,770.4000000000018,0.5769230769230769,1.0
0.97,0.85,0.0,B2_SRS,0.7,constant,1.0,0,8,False,642.0,0.5769230769230769,1.0
0.97,0.85,0.0,B2_SRS,1.0,alpha_0.95,0.95,0,8,False,860.4000000000018,1.0,1.0
0.97,0.85,0.0,B2_SRS,1.0,constant,1.0,0,8,False,732.0,1.0,1.0
0.97,0.85,0.0,B3_STRATIFIED,0.0,alpha_0.95,0.95,0,8,False,535.4000000000018,0.0,1.0
0.97,0.85,0.0,B3_STRATIFIED,0.0,constant,1.0,0,8,False,407.0,0.0,1.0
0.97,0.85,0.0,B3_STRATIFIED,0.05,alpha_0.95,0.95,0,8,False,557.4000000000018,0.5384615384615384,1.0
0.97,0.85,0.0,B3_STRATIFIED,0.05,constant,1.0,0,8,False,429.0,0.5384615384615384,1.0
0.97,0.85,0.0,B3_STRATIFIED,0.1,alpha_0.95,0.95,0,8,False,572.4000000000018,0.5384615384615384,1.0
0.97,0.85,0.0,B3_STRATIFIED,0.1,constant,1.0,0,8,False,444.0,0.5384615384615384,1.0
0.97,0.85,0.0,B3_STRATIFIED,0.2,alpha_0.95,0.95,0,8,False,608.4000000000018,0.5384615384615384,1.0
0.97,0.85,0.0,B3_STRATIFIED,0.2,constant,1.0,0,8,False,480.0,0.5384615384615384,1.0
0.97,0.85,0.0,B3_STRATIFIED,0.3,alpha_0.95,0.95,0,8,False,643.4500000000018,0.651923076923077,1.0
0.97,0.85,0.0,B3_STRATIFIED,0.3,constant,1.0,0,8,False,515.05,0.651923076923077,1.0
0.97,0.85,0.0,B3_STRATIFIED,0.4,alpha_0.95,0.95,0,8,False,672.4000000000018,0.6538461538461539,1.0
0.97,0.85,0.0,B3_STRATIFIED,0.4,constant,1.0,0,8,False,544.0,0.6538461538461539,1.0
0.97,0.85,0.0,B3_STRATIFIED,0.5,alpha_0.95,0.95,0,8,False,706.4000000000018,0.6923076923076923,1.0
0.97,0.85,0.0,B3_STRATIFIED,0.5,constant,1.0,0,8,False,578.0,0.6923076923076923,1.0
0.97,0.85,0.0,B3_STRATIFIED,0.7,alpha_0.95,0.95,0,8,False,769.4000000000018,0.8461538461538461,1.0
0.97,0.85,0.0,B3_STRATIFIED,0.7,constant,1.0,0,8,False,641.0,0.8461538461538461,1.0
0.97,0.85,0.0,B3_STRATIFIED,1.0,alpha_0.95,0.95,0,8,False,860.4000000000018,1.0,1.0
0.97,0.85,0.0,B3_STRATIFIED,1.0,constant,1.0,0,8,False,732.0,1.0,1.0
0.97,0.85,0.05,B2_SRS,0.0,alpha_0.95,0.95,0,8,False,584.6000000000014,0.0,1.0
0.97,0.85,0.05,B2_SRS,0.0,constant,1.0,0,8,False,455.0,0.0,1.0
0.97,0.85,0.05,B2_SRS,0.05,alpha_0.95,0.95,0,8,False,604.6000000000014,0.4230769230769231,1.0
0.97,0.85,0.05,B2_SRS,0.05,constant,1.0,0,8,False,475.0,0.4230769230769231,1.0
0.97,0.85,0.05,B2_SRS,0.1,alpha_0.95,0.95,0,8,False,622.6000000000014,0.4230769230769231,1.0
0.97,0.85,0.05,B2_SRS,0.1,constant,1.0,0,8,False,493.0,0.4230769230769231,1.0
0.97,0.85,0.05,B2_SRS,0.2,alpha_0.95,0.95,0,8,False,655.6000000000014,0.4230769230769231,1.0
0.97,0.85,0.05,B2_SRS,0.2,constant,1.0,0,8,False,526.0,0.4230769230769231,1.0
0.97,0.85,0.05,B2_SRS,0.3,alpha_0.95,0.95,0,8,False,689.6000000000014,0.4230769230769231,1.0
0.97,0.85,0.05,B2_SRS,0.3,constant,1.0,0,8,False,560.0,0.4230769230769231,1.0
0.97,0.85,0.05,B2_SRS,0.4,alpha_0.95,0.95,0,8,False,722.6000000000014,0.4230769230769231,1.0
0.97,0.85,0.05,B2_SRS,0.4,constant,1.0,0,8,False,593.0,0.4230769230769231,1.0
0.97,0.85,0.05,B2_SRS,0.5,alpha_0.95,0.95,0,8,False,755.6000000000014,0.4230769230769231,1.0
0.97,0.85,0.05,B2_SRS,0.5,constant,1.0,0,8,False,626.0,0.4230769230769231,1.0
0.97,0.85,0.05,B2_SRS,0.7,alpha_0.95,0.95,0,8,False,819.6000000000014,0.5769230769230769,1.0
0.97,0.85,0.05,B2_SRS,0.7,constant,1.0,0,8,False,690.0,0.5769230769230769,1.0
0.97,0.85,0.05,B2_SRS,1.0,alpha_0.95,0.95,0,8,False,909.6000000000014,1.0,1.0
0.97,0.85,0.05,B2_SRS,1.0,constant,1.0,0,8,False,780.0,1.0,1.0
0.97,0.85,0.05,B3_STRATIFIED,0.0,alpha_0.95,0.95,0,8,False,584.6000000000014,0.0,1.0
0.97,0.85,0.05,B3_STRATIFIED,0.0,constant,1.0,0,8,False,455.0,0.0,1.0
0.97,0.85,0.05,B3_STRATIFIED,0.05,alpha_0.95,0.95,0,8,False,607.6000000000014,0.5384615384615384,1.0
0.97,0.85,0.05,B3_STRATIFIED,0.05,constant,1.0,0,8,False,478.0,0.5384615384615384,1.0
0.97,0.85,0.05,B3_STRATIFIED,0.1,alpha_0.95,0.95,0,8,False,625.6000000000014,0.5750000000000001,1.0
0.97,0.85,0.05,B3_STRATIFIED,0.1,constant,1.0,0,8,False,496.0,0.5750000000000001,1.0
0.97,0.85,0.05,B3_STRATIFIED,0.2,alpha_0.95,0.95,0,8,False,658.6000000000014,0.5769230769230769,1.0
0.97,0.85,0.05,B3_STRATIFIED,0.2,constant,1.0,0,8,False,529.0,0.5769230769230769,1.0
0.97,0.85,0.05,B3_STRATIFIED,0.3,alpha_0.95,0.95,0,8,False,692.6000000000014,0.6153846153846154,1.0
0.97,0.85,0.05,B3_STRATIFIED,0.3,constant,1.0,0,8,False,563.0,0.6153846153846154,1.0
0.97,0.85,0.05,B3_STRATIFIED,0.4,alpha_0.95,0.95,0,8,False,724.6000000000014,0.6923076923076923,1.0
0.97,0.85,0.05,B3_STRATIFIED,0.4,constant,1.0,0,8,False,595.0,0.6923076923076923,1.0
0.97,0.85,0.05,B3_STRATIFIED,0.5,alpha_0.95,0.95,0,8,False,756.6000000000014,0.6923076923076923,1.0
0.97,0.85,0.05,B3_STRATIFIED,0.5,constant,1.0,0,8,False,627.0,0.6923076923076923,1.0
0.97,0.85,0.05,B3_STRATIFIED,0.7,alpha_0.95,0.95,0,8,False,820.6000000000014,0.8461538461538461,1.0
0.97,0.85,0.05,B3_STRATIFIED,0.7,constant,1.0,0,8,False,691.0,0.8461538461538461,1.0
0.97,0.85,0.05,B3_STRATIFIED,1.0,alpha_0.95,0.95,0,8,False,909.6000000000014,1.0,1.0
0.97,0.85,0.05,B3_STRATIFIED,1.0,constant,1.0,0,8,False,780.0,1.0,1.0
0.97,0.85,0.1,B2_SRS,0.0,alpha_0.95,0.95,0,8,False,631.6000000000008,0.0,1.0
0.97,0.85,0.1,B2_SRS,0.0,constant,1.0,0,8,False,501.0,0.0,1.0
0.97,0.85,0.1,B2_SRS,0.05,alpha_0.95,0.95,0,8,False,650.6000000000008,0.4230769230769231,1.0
0.97,0.85,0.1,B2_SRS,0.05,constant,1.0,0,8,False,520.0,0.4230769230769231,1.0
0.97,0.85,0.1,B2_SRS,0.1,alpha_0.95,0.95,0,8,False,668.6000000000008,0.4230769230769231,1.0
0.97,0.85,0.1,B2_SRS,0.1,constant,1.0,0,8,False,538.0,0.4230769230769231,1.0
0.97,0.85,0.1,B2_SRS,0.2,alpha_0.95,0.95,0,8,False,701.6000000000008,0.4230769230769231,1.0
0.97,0.85,0.1,B2_SRS,0.2,constant,1.0,0,8,False,571.0,0.4230769230769231,1.0
0.97,0.85,0.1,B2_SRS,0.3,alpha_0.95,0.95,0,8,False,734.6500000000008,0.4230769230769231,1.0
0.97,0.85,0.1,B2_SRS,0.3,constant,1.0,0,8,False,604.05,0.4230769230769231,1.0
0.97,0.85,0.1,B2_SRS,0.4,alpha_0.95,0.95,0,8,False,769.6000000000008,0.4230769230769231,1.0
0.97,0.85,0.1,B2_SRS,0.4,constant,1.0,0,8,False,639.0,0.4230769230769231,1.0
0.97,0.85,0.1,B2_SRS,0.5,alpha_0.95,0.95,0,8,False,799.6500000000008,0.4230769230769231,1.0
0.97,0.85,0.1,B2_SRS,0.5,constant,1.0,0,8,False,669.05,0.4230769230769231,1.0
0.97,0.85,0.1,B2_SRS,0.7,alpha_0.95,0.95,0,8,False,864.6000000000008,0.5769230769230769,1.0
0.97,0.85,0.1,B2_SRS,0.7,constant,1.0,0,8,False,734.0,0.5769230769230769,1.0
0.97,0.85,0.1,B2_SRS,1.0,alpha_0.95,0.95,0,8,False,956.6000000000008,1.0,1.0
0.97,0.85,0.1,B2_SRS,1.0,constant,1.0,0,8,False,826.0,1.0,1.0
0.97,0.85,0.1,B3_STRATIFIED,0.0,alpha_0.95,0.95,0,8,False,631.6000000000008,0.0,1.0
0.97,0.85,0.1,B3_STRATIFIED,0.0,constant,1.0,0,8,False,501.0,0.0,1.0
0.97,0.85,0.1,B3_STRATIFIED,0.05,alpha_0.95,0.95,0,8,False,653.5500000000009,0.5384615384615384,1.0
0.97,0.85,0.1,B3_STRATIFIED,0.05,constant,1.0,0,8,False,523.0,0.5384615384615384,1.0
0.97,0.85,0.1,B3_STRATIFIED,0.1,alpha_0.95,0.95,0,8,False,669.5500000000009,0.5384615384615384,1.0
0.97,0.85,0.1,B3_STRATIFIED,0.1,constant,1.0,0,8,False,539.0,0.5384615384615384,1.0
0.97,0.85,0.1,B3_STRATIFIED,0.2,alpha_0.95,0.95,0,8,False,702.6000000000008,0.5769230769230769,1.0
0.97,0.85,0.1,B3_STRATIFIED,0.2,constant,1.0,0,8,False,572.05,0.5769230769230769,1.0
0.97,0.85,0.1,B3_STRATIFIED,0.3,alpha_0.95,0.95,0,8,False,735.5500000000009,0.6153846153846154,1.0
0.97,0.85,0.1,B3_STRATIFIED,0.3,constant,1.0,0,8,False,605.0,0.6153846153846154,1.0
0.97,0.85,0.1,B3_STRATIFIED,0.4,alpha_0.95,0.95,0,8,False,768.6000000000008,0.6538461538461539,1.0
0.97,0.85,0.1,B3_STRATIFIED,0.4,constant,1.0,0,8,False,638.0,0.6538461538461539,1.0
0.97,0.85,0.1,B3_STRATIFIED,0.5,alpha_0.95,0.95,0,8,False,801.6000000000008,0.6923076923076923,1.0
0.97,0.85,0.1,B3_STRATIFIED,0.5,constant,1.0,0,8,False,671.0,0.6923076923076923,1.0
0.97,0.85,0.1,B3_STRATIFIED,0.7,alpha_0.95,0.95,0,8,False,866.6000000000008,0.8461538461538461,1.0
0.97,0.85,0.1,B3_STRATIFIED,0.7,constant,1.0,0,8,False,736.0,0.8461538461538461,1.0
0.97,0.85,0.1,B3_STRATIFIED,1.0,alpha_0.95,0.95,0,8,False,956.6000000000008,1.0,1.0
0.97,0.85,0.1,B3_STRATIFIED,1.0,constant,1.0,0,8,False,826.0,1.0,1.0
0.97,0.85,0.2,B2_SRS,0.0,alpha_0.95,0.95,0,8,False,727.6,0.0,1.0
0.97,0.85,0.2,B2_SRS,0.0,constant,1.0,0,8,False,597.0,0.0,1.0
0.97,0.85,0.2,B2_SRS,0.05,alpha_0.95,0.95,0,8,False,747.6,0.4230769230769231,1.0
0.97,0.85,0.2,B2_SRS,0.05,constant,1.0,0,8,False,617.0,0.4230769230769231,1.0
0.97,0.85,0.2,B2_SRS,0.1,alpha_0.95,0.95,0,8,False,763.65,0.4230769230769231,1.0
0.97,0.85,0.2,B2_SRS,0.1,constant,1.0,0,8,False,633.05,0.4230769230769231,1.0
0.97,0.85,0.2,B2_SRS,0.2,alpha_0.95,0.95,0,8,False,797.65,0.4230769230769231,1.0
0.97,0.85,0.2,B2_SRS,0.2,constant,1.0,0,8,False,667.05,0.4230769230769231,1.0
0.97,0.85,0.2,B2_SRS,0.3,alpha_0.95,0.95,0,8,False,830.6,0.4230769230769231,1.0
0.97,0.85,0.2,B2_SRS,0.3,constant,1.0,0,8,False,700.0,0.4230769230769231,1.0
0.97,0.85,0.2,B2_SRS,0.4,alpha_0.95,0.95,0,8,False,863.6,0.4230769230769231,1.0
0.97,0.85,0.2,B2_SRS,0.4,constant,1.0,0,8,False,733.0,0.4230769230769231,1.0
0.97,0.85,0.2,B2_SRS,0.5,alpha_0.95,0.95,0,8,False,895.6,0.4230769230769231,1.0
0.97,0.85,0.2,B2_SRS,0.5,constant,1.0,0,8,False,765.0,0.4230769230769231,1.0
0.97,0.85,0.2,B2_SRS,0.7,alpha_0.95,0.95,0,8,False,960.6,0.5769230769230769,1.0
0.97,0.85,0.2,B2_SRS,0.7,constant,1.0,0,8,False,830.0,0.5769230769230769,1.0
0.97,0.85,0.2,B2_SRS,1.0,alpha_0.95,0.95,0,8,False,1052.6,1.0,1.0
0.97,0.85,0.2,B2_SRS,1.0,constant,1.0,0,8,False,922.0,1.0,1.0
0.97,0.85,0.2,B3_STRATIFIED,0.0,alpha_0.95,0.95,0,8,False,727.6,0.0,1.0
0.97,0.85,0.2,B3_STRATIFIED,0.0,constant,1.0,0,8,False,597.0,0.0,1.0
0.97,0.85,0.2,B3_STRATIFIED,0.05,alpha_0.95,0.95,0,8,False,748.5500000000001,0.5384615384615384,1.0
0.97,0.85,0.2,B3_STRATIFIED,0.05,constant,1.0,0,8,False,618.0,0.5384615384615384,1.0
0.97,0.85,0.2,B3_STRATIFIED,0.1,alpha_0.95,0.95,0,8,False,765.6,0.5384615384615384,1.0
0.97,0.85,0.2,B3_STRATIFIED,0.1,constant,1.0,0,8,False,635.0,0.5384615384615384,1.0
0.97,0.85,0.2,B3_STRATIFIED,0.2,alpha_0.95,0.95,0,8,False,797.6,0.5769230769230769,1.0
0.97,0.85,0.2,B3_STRATIFIED,0.2,constant,1.0,0,8,False,667.0,0.5769230769230769,1.0
0.97,0.85,0.2,B3_STRATIFIED,0.3,alpha_0.95,0.95,0,8,False,830.6,0.6153846153846154,1.0
0.97,0.85,0.2,B3_STRATIFIED,0.3,constant,1.0,0,8,False,700.0,0.6153846153846154,1.0
0.97,0.85,0.2,B3_STRATIFIED,0.4,alpha_0.95,0.95,0,8,False,864.6,0.6538461538461539,1.0
0.97,0.85,0.2,B3_STRATIFIED,0.4,constant,1.0,0,8,False,734.0,0.6538461538461539,1.0
0.97,0.85,0.2,B3_STRATIFIED,0.5,alpha_0.95,0.95,0,8,False,896.6,0.6923076923076923,1.0
0.97,0.85,0.2,B3_STRATIFIED,0.5,constant,1.0,0,8,False,766.0,0.6923076923076923,1.0
0.97,0.85,0.2,B3_STRATIFIED,0.7,alpha_0.95,0.95,0,8,False,961.6,0.8461538461538461,1.0
0.97,0.85,0.2,B3_STRATIFIED,0.7,constant,1.0,0,8,False,831.0,0.8461538461538461,1.0
0.97,0.85,0.2,B3_STRATIFIED,1.0,alpha_0.95,0.95,0,8,False,1052.6,1.0,1.0
0.97,0.85,0.2,B3_STRATIFIED,1.0,constant,1.0,0,8,False,922.0,1.0,1.0
0.97,0.9,0.0,B2_SRS,0.0,alpha_0.95,0.95,0,8,False,477.8000000000014,0.0,1.0
0.97,0.9,0.0,B2_SRS,0.0,constant,1.0,0,8,False,351.0,0.0,1.0
0.97,0.9,0.0,B2_SRS,0.05,alpha_0.95,0.95,0,8,False,499.8000000000014,0.4230769230769231,1.0
0.97,0.9,0.0,B2_SRS,0.05,constant,1.0,0,8,False,373.0,0.4230769230769231,1.0
0.97,0.9,0.0,B2_SRS,0.1,alpha_0.95,0.95,0,8,False,516.8000000000013,0.4230769230769231,1.0
0.97,0.9,0.0,B2_SRS,0.1,constant,1.0,0,8,False,390.0,0.4230769230769231,1.0
0.97,0.9,0.0,B2_SRS,0.2,alpha_0.95,0.95,0,8,False,550.8000000000013,0.4230769230769231,1.0
0.97,0.9,0.0,B2_SRS,0.2,constant,1.0,0,8,False,424.0,0.4230769230769231,1.0
0.97,0.9,0.0,B2_SRS,0.3,alpha_0.95,0.95,0,8,False,583.8000000000013,0.4230769230769231,1.0
0.97,0.9,0.0,B2_SRS,0.3,constant,1.0,0,8,False,457.0,0.4230769230769231,1.0
0.97,0.9,0.0,B2_SRS,0.4,alpha_0.95,0.95,0,8,False,617.8000000000013,0.4230769230769231,1.0
0.97,0.9,0.0,B2_SRS,0.4,constant,1.0,0,8,False,491.0,0.4230769230769231,1.0
0.97,0.9,0.0,B2_SRS,0.5,alpha_0.95,0.95,0,8,False,649.8000000000013,0.4230769230769231,1.0
0.97,0.9,0.0,B2_SRS,0.5,constant,1.0,0,8,False,523.0,0.4230769230769231,1.0
0.97,0.9,0.0,B2_SRS,0.7,alpha_0.95,0.95,0,8,False,714.8500000000013,0.5769230769230769,1.0
0.97,0.9,0.0,B2_SRS,0.7,constant,1.0,0,8,False,588.05,0.5769230769230769,1.0
0.97,0.9,0.0,B2_SRS,1.0,alpha_0.95,0.95,0,8,False,802.8000000000013,1.0,1.0
0.97,0.9,0.0,B2_SRS,1.0,constant,1.0,0,8,False,676.0,1.0,1.0
0.97,0.9,0.0,B3_STRATIFIED,0.0,alpha_0.95,0.95,0,8,False,477.8000000000014,0.0,1.0
0.97,0.9,0.0,B3_STRATIFIED,0.0,constant,1.0,0,8,False,351.0,0.0,1.0
0.97,0.9,0.0,B3_STRATIFIED,0.05,alpha_0.95,0.95,0,8,False,497.8000000000014,0.5365384615384616,1.0
0.97,0.9,0.0,B3_STRATIFIED,0.05,constant,1.0,0,8,False,371.0,0.5365384615384616,1.0
0.97,0.9,0.0,B3_STRATIFIED,0.1,alpha_0.95,0.95,0,8,False,516.8000000000013,0.5365384615384616,1.0
0.97,0.9,0.0,B3_STRATIFIED,0.1,constant,1.0,0,8,False,390.0,0.5365384615384616,1.0
0.97,0.9,0.0,B3_STRATIFIED,0.2,alpha_0.95,0.95,0,8,False,550.8000000000013,0.5384615384615384,1.0
0.97,0.9,0.0,B3_STRATIFIED,0.2,constant,1.0,0,8,False,424.0,0.5384615384615384,1.0
0.97,0.9,0.0,B3_STRATIFIED,0.3,alpha_0.95,0.95,0,8,False,584.8000000000013,0.5769230769230769,1.0
0.97,0.9,0.0,B3_STRATIFIED,0.3,constant,1.0,0,8,False,458.0,0.5769230769230769,1.0
0.97,0.9,0.0,B3_STRATIFIED,0.4,alpha_0.95,0.95,0,8,False,616.8000000000013,0.6538461538461539,1.0
0.97,0.9,0.0,B3_STRATIFIED,0.4,constant,1.0,0,8,False,490.0,0.6538461538461539,1.0
0.97,0.9,0.0,B3_STRATIFIED,0.5,alpha_0.95,0.95,0,8,False,648.8000000000013,0.6923076923076923,1.0
0.97,0.9,0.0,B3_STRATIFIED,0.5,constant,1.0,0,8,False,522.0,0.6923076923076923,1.0
0.97,0.9,0.0,B3_STRATIFIED,0.7,alpha_0.95,0.95,0,8,False,712.8000000000013,0.8076923076923077,1.0
0.97,0.9,0.0,B3_STRATIFIED,0.7,constant,1.0,0,8,False,586.0,0.8076923076923077,1.0
0.97,0.9,0.0,B3_STRATIFIED,1.0,alpha_0.95,0.95,0,8,False,802.8000000000013,1.0,1.0
0.97,0.9,0.0,B3_STRATIFIED,1.0,constant,1.0,0,8,False,676.0,1.0,1.0
0.97,0.9,0.05,B2_SRS,0.0,alpha_0.95,0.95,0,8,False,529.2500000000018,0.0,1.0
0.97,0.9,0.05,B2_SRS,0.0,constant,1.0,0,8,False,401.0,0.0,1.0
0.97,0.9,0.05,B2_SRS,0.05,alpha_0.95,0.95,0,8,False,550.2500000000018,0.4230769230769231,1.0
0.97,0.9,0.05,B2_SRS,0.05,constant,1.0,0,8,False,422.0,0.4230769230769231,1.0
0.97,0.9,0.05,B2_SRS,0.1,alpha_0.95,0.95,0,8,False,567.2500000000018,0.4230769230769231,1.0
0.97,0.9,0.05,B2_SRS,0.1,constant,1.0,0,8,False,439.0,0.4230769230769231,1.0
0.97,0.9,0.05,B2_SRS,0.2,alpha_0.95,0.95,0,8,False,602.2500000000018,0.4230769230769231,1.0
0.97,0.9,0.05,B2_SRS,0.2,constant,1.0,0,8,False,474.0,0.4230769230769231,1.0
0.97,0.9,0.05,B2_SRS,0.3,alpha_0.95,0.95,0,8,False,635.2500000000018,0.4230769230769231,1.0
0.97,0.9,0.05,B2_SRS,0.3,constant,1.0,0,8,False,507.0,0.4230769230769231,1.0
0.97,0.9,0.05,B2_SRS,0.4,alpha_0.95,0.95,0,8,False,669.2500000000018,0.4230769230769231,1.0
0.97,0.9,0.05,B2_SRS,0.4,constant,1.0,0,8,False,541.0,0.4230769230769231,1.0
0.97,0.9,0.05,B2_SRS,0.5,alpha_0.95,0.95,0,8,False,700.2500000000018,0.4230769230769231,1.0
0.97,0.9,0.05,B2_SRS,0.5,constant,1.0,0,8,False,572.0,0.4230769230769231,1.0
0.97,0.9,0.05,B2_SRS,0.7,alpha_0.95,0.95,0,8,False,765.2500000000018,0.5769230769230769,1.0
0.97,0.9,0.05,B2_SRS,0.7,constant,1.0,0,8,False,637.0,0.5769230769230769,1.0
0.97,0.9,0.05,B2_SRS,1.0,alpha_0.95,0.95,0,8,False,854.2500000000018,1.0,1.0
0.97,0.9,0.05,B2_SRS,1.0,constant,1.0,0,8,False,726.0,1.0,1.0
0.97,0.9,0.05,B3_STRATIFIED,0.0,alpha_0.95,0.95,0,8,False,529.2500000000018,0.0,1.0
0.97,0.9,0.05,B3_STRATIFIED,0.0,constant,1.0,0,8,False,401.0,0.0,1.0
0.97,0.9,0.05,B3_STRATIFIED,0.05,alpha_0.95,0.95,0,8,False,551.2500000000018,0.5384615384615384,1.0
0.97,0.9,0.05,B3_STRATIFIED,0.05,constant,1.0,0,8,False,423.0,0.5384615384615384,1.0
0.97,0.9,0.05,B3_STRATIFIED,0.1,alpha_0.95,0.95,0,8,False,566.2500000000018,0.5384615384615384,1.0
0.97,0.9,0.05,B3_STRATIFIED,0.1,constant,1.0,0,8,False,438.0,0.5384615384615384,1.0
0.97,0.9,0.05,B3_STRATIFIED,0.2,alpha_0.95,0.95,0,8,False,600.2500000000018,0.5384615384615384,1.0
0.97,0.9,0.05,B3_STRATIFIED,0.2,constant,1.0,0,8,False,472.0,0.5384615384615384,1.0
0.97,0.9,0.05,B3_STRATIFIED,0.3,alpha_0.95,0.95,0,8,False,636.2500000000018,0.5769230769230769,1.0
0.97,0.9,0.05,B3_STRATIFIED,0.3,constant,1.0,0,8,False,508.0,0.5769230769230769,1.0
0.97,0.9,0.05,B3_STRATIFIED,0.4,alpha_0.95,0.95,0,8,False,664.2500000000018,0.6538461538461539,1.0
0.97,0.9,0.05,B3_STRATIFIED,0.4,constant,1.0,0,8,False,536.0,0.6538461538461539,1.0
0.97,0.9,0.05,B3_STRATIFIED,0.5,alpha_0.95,0.95,0,8,False,698.2500000000018,0.6923076923076923,1.0
0.97,0.9,0.05,B3_STRATIFIED,0.5,constant,1.0,0,8,False,570.0,0.6923076923076923,1.0
0.97,0.9,0.05,B3_STRATIFIED,0.7,alpha_0.95,0.95,0,8,False,761.2500000000018,0.8461538461538461,1.0
0.97,0.9,0.05,B3_STRATIFIED,0.7,constant,1.0,0,8,False,633.0,0.8461538461538461,1.0
0.97,0.9,0.05,B3_STRATIFIED,1.0,alpha_0.95,0.95,0,8,False,854.2500000000018,1.0,1.0
0.97,0.9,0.05,B3_STRATIFIED,1.0,constant,1.0,0,8,False,726.0,1.0,1.0
0.97,0.9,0.1,B2_SRS,0.0,alpha_0.95,0.95,0,8,False,580.5000000000015,0.0,1.0
0.97,0.9,0.1,B2_SRS,0.0,constant,1.0,0,8,False,451.0,0.0,1.0
0.97,0.9,0.1,B2_SRS,0.05,alpha_0.95,0.95,0,8,False,600.5000000000015,0.4230769230769231,1.0
0.97,0.9,0.1,B2_SRS,0.05,constant,1.0,0,8,False,471.0,0.4230769230769231,1.0
0.97,0.9,0.1,B2_SRS,0.1,alpha_0.95,0.95,0,8,False,618.5000000000015,0.4230769230769231,1.0
0.97,0.9,0.1,B2_SRS,0.1,constant,1.0,0,8,False,489.0,0.4230769230769231,1.0
0.97,0.9,0.1,B2_SRS,0.2,alpha_0.95,0.95,0,8,False,652.5000000000015,0.4230769230769231,1.0
0.97,0.9,0.1,B2_SRS,0.2,constant,1.0,0,8,False,523.0,0.4230769230769231,1.0
0.97,0.9,0.1,B2_SRS,0.3,alpha_0.95,0.95,0,8,False,685.5000000000015,0.4230769230769231,1.0
0.97,0.9,0.1,B2_SRS,0.3,constant,1.0,0,8,False,556.0,0.4230769230769231,1.0
0.97,0.9,0.1,B2_SRS,0.4,alpha_0.95,0.95,0,8,False,719.5000000000015,0.4230769230769231,1.0
0.97,0.9,0.1,B2_SRS,0.4,constant,1.0,0,8,False,590.0,0.4230769230769231,1.0
0.97,0.9,0.1,B2_SRS,0.5,alpha_0.95,0.95,0,8,False,751.5000000000015,0.4230769230769231,1.0
0.97,0.9,0.1,B2_SRS,0.5,constant,1.0,0,8,False,622.0,0.4230769230769231,1.0
0.97,0.9,0.1,B2_SRS,0.7,alpha_0.95,0.95,0,8,False,816.5000000000015,0.5769230769230769,1.0
0.97,0.9,0.1,B2_SRS,0.7,constant,1.0,0,8,False,687.0,0.5769230769230769,1.0
0.97,0.9,0.1,B2_SRS,1.0,alpha_0.95,0.95,0,8,False,905.5000000000015,1.0,1.0
0.97,0.9,0.1,B2_SRS,1.0,constant,1.0,0,8,False,776.0,1.0,1.0
0.97,0.9,0.1,B3_STRATIFIED,0.0,alpha_0.95,0.95,0,8,False,580.5000000000015,0.0,1.0
0.97,0.9,0.1,B3_STRATIFIED,0.0,constant,1.0,0,8,False,451.0,0.0,1.0
0.97,0.9,0.1,B3_STRATIFIED,0.05,alpha_0.95,0.95,0,8,False,604.5000000000015,0.5384615384615384,1.0
0.97,0.9,0.1,B3_STRATIFIED,0.05,constant,1.0,0,8,False,475.0,0.5384615384615384,1.0
0.97,0.9,0.1,B3_STRATIFIED,0.1,alpha_0.95,0.95,0,8,False,619.5500000000014,0.5384615384615384,1.0
0.97,0.9,0.1,B3_STRATIFIED,0.1,constant,1.0,0,8,False,490.04999999999995,0.5384615384615384,1.0
0.97,0.9,0.1,B3_STRATIFIED,0.2,alpha_0.95,0.95,0,8,False,653.5000000000015,0.5384615384615384,1.0
0.97,0.9,0.1,B3_STRATIFIED,0.2,constant,1.0,0,8,False,524.0,0.5384615384615384,1.0
0.97,0.9,0.1,B3_STRATIFIED,0.3,alpha_0.95,0.95,0,8,False,688.5000000000015,0.5769230769230769,1.0
0.97,0.9,0.1,B3_STRATIFIED,0.3,constant,1.0,0,8,False,559.0,0.5769230769230769,1.0
0.97,0.9,0.1,B3_STRATIFIED,0.4,alpha_0.95,0.95,0,8,False,717.5000000000015,0.6538461538461539,1.0
0.97,0.9,0.1,B3_STRATIFIED,0.4,constant,1.0,0,8,False,588.0,0.6538461538461539,1.0
0.97,0.9,0.1,B3_STRATIFIED,0.5,alpha_0.95,0.95,0,8,False,752.5000000000015,0.6923076923076923,1.0
0.97,0.9,0.1,B3_STRATIFIED,0.5,constant,1.0,0,8,False,623.0,0.6923076923076923,1.0
0.97,0.9,0.1,B3_STRATIFIED,0.7,alpha_0.95,0.95,0,8,False,814.5000000000015,0.8076923076923077,1.0
0.97,0.9,0.1,B3_STRATIFIED,0.7,constant,1.0,0,8,False,685.0,0.8076923076923077,1.0
0.97,0.9,0.1,B3_STRATIFIED,1.0,alpha_0.95,0.95,0,8,False,905.5000000000015,1.0,1.0
0.97,0.9,0.1,B3_STRATIFIED,1.0,constant,1.0,0,8,False,776.0,1.0,1.0
0.97,0.9,0.2,B2_SRS,0.0,alpha_0.95,0.95,0,8,False,683.6000000000001,0.0,1.0
0.97,0.9,0.2,B2_SRS,0.0,constant,1.0,0,8,False,553.0,0.0,1.0
0.97,0.9,0.2,B2_SRS,0.05,alpha_0.95,0.95,0,8,False,703.6000000000001,0.4230769230769231,1.0
0.97,0.9,0.2,B2_SRS,0.05,constant,1.0,0,8,False,573.0,0.4230769230769231,1.0
0.97,0.9,0.2,B2_SRS,0.1,alpha_0.95,0.95,0,8,False,720.6000000000001,0.4230769230769231,1.0
0.97,0.9,0.2,B2_SRS,0.1,constant,1.0,0,8,False,590.0,0.4230769230769231,1.0
0.97,0.9,0.2,B2_SRS,0.2,alpha_0.95,0.95,0,8,False,753.6000000000001,0.4230769230769231,1.0
0.97,0.9,0.2,B2_SRS,0.2,constant,1.0,0,8,False,623.0,0.4230769230769231,1.0
0.97,0.9,0.2,B2_SRS,0.3,alpha_0.95,0.95,0,8,False,787.6000000000001,0.4230769230769231,1.0
0.97,0.9,0.2,B2_SRS,0.3,constant,1.0,0,8,False,657.0,0.4230769230769231,1.0
0.97,0.9,0.2,B2_SRS,0.4,alpha_0.95,0.95,0,8,False,819.6000000000001,0.4230769230769231,1.0
0.97,0.9,0.2,B2_SRS,0.4,constant,1.0,0,8,False,689.0,0.4230769230769231,1.0
0.97,0.9,0.2,B2_SRS,0.5,alpha_0.95,0.95,0,8,False,851.6000000000001,0.4230769230769231,1.0
0.97,0.9,0.2,B2_SRS,0.5,constant,1.0,0,8,False,721.0,0.4230769230769231,1.0
0.97,0.9,0.2,B2_SRS,0.7,alpha_0.95,0.95,0,8,False,916.6000000000001,0.5769230769230769,1.0
0.97,0.9,0.2,B2_SRS,0.7,constant,1.0,0,8,False,786.0,0.5769230769230769,1.0
0.97,0.9,0.2,B2_SRS,1.0,alpha_0.95,0.95,0,8,False,1008.6000000000001,1.0,1.0
0.97,0.9,0.2,B2_SRS,1.0,constant,1.0,0,8,False,878.0,1.0,1.0
0.97,0.9,0.2,B3_STRATIFIED,0.0,alpha_0.95,0.95,0,8,False,683.6000000000001,0.0,1.0
0.97,0.9,0.2,B3_STRATIFIED,0.0,constant,1.0,0,8,False,553.0,0.0,1.0
0.97,0.9,0.2,B3_STRATIFIED,0.05,alpha_0.95,0.95,0,8,False,705.6000000000001,0.5769230769230769,1.0
0.97,0.9,0.2,B3_STRATIFIED,0.05,constant,1.0,0,8,False,575.0,0.5769230769230769,1.0
0.97,0.9,0.2,B3_STRATIFIED,0.1,alpha_0.95,0.95,0,8,False,721.6000000000001,0.5769230769230769,1.0
0.97,0.9,0.2,B3_STRATIFIED,0.1,constant,1.0,0,8,False,591.0,0.5769230769230769,1.0
0.97,0.9,0.2,B3_STRATIFIED,0.2,alpha_0.95,0.95,0,8,False,754.6000000000001,0.5769230769230769,1.0
0.97,0.9,0.2,B3_STRATIFIED,0.2,constant,1.0,0,8,False,624.0,0.5769230769230769,1.0
0.97,0.9,0.2,B3_STRATIFIED,0.3,alpha_0.95,0.95,0,8,False,787.6000000000001,0.6153846153846154,1.0
0.97,0.9,0.2,B3_STRATIFIED,0.3,constant,1.0,0,8,False,657.0,0.6153846153846154,1.0
0.97,0.9,0.2,B3_STRATIFIED,0.4,alpha_0.95,0.95,0,8,False,820.6000000000001,0.6538461538461539,1.0
0.97,0.9,0.2,B3_STRATIFIED,0.4,constant,1.0,0,8,False,690.0,0.6538461538461539,1.0
0.97,0.9,0.2,B3_STRATIFIED,0.5,alpha_0.95,0.95,0,8,False,852.6000000000001,0.6923076923076923,1.0
0.97,0.9,0.2,B3_STRATIFIED,0.5,constant,1.0,0,8,False,722.0,0.6923076923076923,1.0
0.97,0.9,0.2,B3_STRATIFIED,0.7,alpha_0.95,0.95,0,8,False,917.6000000000001,0.8461538461538461,1.0
0.97,0.9,0.2,B3_STRATIFIED,0.7,constant,1.0,0,8,False,787.0,0.8461538461538461,1.0
0.97,0.9,0.2,B3_STRATIFIED,1.0,alpha_0.95,0.95,0,8,False,1008.6000000000001,1.0,1.0
0.97,0.9,0.2,B3_STRATIFIED,1.0,constant,1.0,0,8,False,878.0,1.0,1.0
0.97,0.95,0.0,B2_SRS,0.0,alpha_0.95,0.95,0,8,False,417.2500000000006,0.0,1.0
0.97,0.95,0.0,B2_SRS,0.0,constant,1.0,0,8,False,295.0,0.0,1.0
0.97,0.95,0.0,B2_SRS,0.05,alpha_0.95,0.95,0,8,False,441.2500000000006,0.4230769230769231,1.0
0.97,0.95,0.0,B2_SRS,0.05,constant,1.0,0,8,False,345.0,0.4230769230769231,1.0
0.97,0.95,0.0,B2_SRS,0.1,alpha_0.95,0.95,0,8,False,461.2500000000006,0.4230769230769231,1.0
0.97,0.95,0.0,B2_SRS,0.1,constant,1.0,0,8,False,355.0,0.4230769230769231,1.0
0.97,0.95,0.0,B2_SRS,0.2,alpha_0.95,0.95,0,8,False,495.2500000000006,0.4230769230769231,1.0
0.97,0.95,0.0,B2_SRS,0.2,constant,1.0,0,8,False,373.04999999999995,0.4230769230769231,1.0
0.97,0.95,0.0,B2_SRS,0.3,alpha_0.95,0.95,0,8,False,530.2500000000007,0.4230769230769231,1.0
0.97,0.95,0.0,B2_SRS,0.3,constant,1.0,0,8,False,408.0,0.4230769230769231,1.0
0.97,0.95,0.0,B2_SRS,0.4,alpha_0.95,0.95,0,8,False,562.2500000000007,0.4230769230769231,1.0
0.97,0.95,0.0,B2_SRS,0.4,constant,1.0,0,8,False,440.0,0.4230769230769231,1.0
0.97,0.95,0.0,B2_SRS,0.5,alpha_0.95,0.95,0,8,False,596.2500000000007,0.4230769230769231,1.0
0.97,0.95,0.0,B2_SRS,0.5,constant,1.0,0,8,False,474.0,0.4230769230769231,1.0
0.97,0.95,0.0,B2_SRS,0.7,alpha_0.95,0.95,0,8,False,660.2500000000007,0.5769230769230769,1.0
0.97,0.95,0.0,B2_SRS,0.7,constant,1.0,0,8,False,538.0,0.5769230769230769,1.0
0.97,0.95,0.0,B2_SRS,1.0,alpha_0.95,0.95,0,8,False,742.2500000000007,1.0,1.0
0.97,0.95,0.0,B2_SRS,1.0,constant,1.0,0,8,False,620.0,1.0,1.0
0.97,0.95,0.0,B3_STRATIFIED,0.0,alpha_0.95,0.95,0,8,False,417.2500000000006,0.0,1.0
0.97,0.95,0.0,B3_STRATIFIED,0.0,constant,1.0,0,8,False,295.0,0.0,1.0
0.97,0.95,0.0,B3_STRATIFIED,0.05,alpha_0.95,0.95,0,8,False,442.2500000000006,0.5365384615384616,1.0
0.97,0.95,0.0,B3_STRATIFIED,0.05,constant,1.0,0,8,False,351.0,0.5365384615384616,1.0
0.97,0.95,0.0,B3_STRATIFIED,0.1,alpha_0.95,0.95,0,8,False,463.2500000000006,0.5365384615384616,1.0
0.97,0.95,0.0,B3_STRATIFIED,0.1,constant,1.0,0,8,False,362.0,0.5365384615384616,1.0
0.97,0.95,0.0,B3_STRATIFIED,0.2,alpha_0.95,0.95,0,8,False,495.2500000000006,0.5384615384615384,1.0
0.97,0.95,0.0,B3_STRATIFIED,0.2,constant,1.0,0,8,False,380.0,0.5384615384615384,1.0
0.97,0.95,0.0,B3_STRATIFIED,0.3,alpha_0.95,0.95,0,8,False,528.2500000000007,0.6538461538461539,1.0
0.97,0.95,0.0,B3_STRATIFIED,0.3,constant,1.0,0,8,False,406.0,0.6538461538461539,1.0
0.97,0.95,0.0,B3_STRATIFIED,0.4,alpha_0.95,0.95,0,8,False,558.2500000000007,0.6903846153846155,1.0
0.97,0.95,0.0,B3_STRATIFIED,0.4,constant,1.0,0,8,False,436.0,0.6903846153846155,1.0
0.97,0.95,0.0,B3_STRATIFIED,0.5,alpha_0.95,0.95,0,8,False,591.2500000000007,0.6923076923076923,1.0
0.97,0.95,0.0,B3_STRATIFIED,0.5,constant,1.0,0,8,False,469.0,0.6923076923076923,1.0
0.97,0.95,0.0,B3_STRATIFIED,0.7,alpha_0.95,0.95,0,8,False,656.3000000000006,0.8442307692307693,1.0
0.97,0.95,0.0,B3_STRATIFIED,0.7,constant,1.0,0,8,False,534.05,0.8442307692307693,1.0
0.97,0.95,0.0,B3_STRATIFIED,1.0,alpha_0.95,0.95,0,8,False,742.2500000000007,1.0,1.0
0.97,0.95,0.0,B3_STRATIFIED,1.0,constant,1.0,0,8,False,620.0,1.0,1.0
0.97,0.95,0.05,B2_SRS,0.0,alpha_0.95,0.95,0,8,False,475.6500000000014,0.0,1.0
0.97,0.95,0.05,B2_SRS,0.0,constant,1.0,0,8,False,349.0,0.0,1.0
0.97,0.95,0.05,B2_SRS,0.05,alpha_0.95,0.95,0,8,False,497.70000000000135,0.4230769230769231,1.0
0.97,0.95,0.05,B2_SRS,0.05,constant,1.0,0,8,False,371.04999999999995,0.4230769230769231,1.0
0.97,0.95,0.05,B2_SRS,0.1,alpha_0.95,0.95,0,8,False,515.6500000000015,0.4230769230769231,1.0
0.97,0.95,0.05,B2_SRS,0.1,constant,1.0,0,8,False,389.0,0.4230769230769231,1.0
0.97,0.95,0.05,B2_SRS,0.2,alpha_0.95,0.95,0,8,False,548.6500000000015,0.4230769230769231,1.0
0.97,0.95,0.05,B2_SRS,0.2,constant,1.0,0,8,False,422.0,0.4230769230769231,1.0
0.97,0.95,0.05,B2_SRS,0.3,alpha_0.95,0.95,0,8,False,581.7000000000014,0.4230769230769231,1.0
0.97,0.95,0.05,B2_SRS,0.3,constant,1.0,0,8,False,455.04999999999995,0.4230769230769231,1.0
0.97,0.95,0.05,B2_SRS,0.4,alpha_0.95,0.95,0,8,False,614.6500000000015,0.4230769230769231,1.0
0.97,0.95,0.05,B2_SRS,0.4,constant,1.0,0,8,False,488.0,0.4230769230769231,1.0
0.97,0.95,0.05,B2_SRS,0.5,alpha_0.95,0.95,0,8,False,647.6500000000015,0.4230769230769231,1.0
0.97,0.95,0.05,B2_SRS,0.5,constant,1.0,0,8,False,521.0,0.4230769230769231,1.0
0.97,0.95,0.05,B2_SRS,0.7,alpha_0.95,0.95,0,8,False,712.6500000000015,0.5769230769230769,1.0
0.97,0.95,0.05,B2_SRS,0.7,constant,1.0,0,8,False,586.0,0.5769230769230769,1.0
0.97,0.95,0.05,B2_SRS,1.0,alpha_0.95,0.95,0,8,False,800.6500000000015,1.0,1.0
0.97,0.95,0.05,B2_SRS,1.0,constant,1.0,0,8,False,674.0,1.0,1.0
0.97,0.95,0.05,B3_STRATIFIED,0.0,alpha_0.95,0.95,0,8,False,475.6500000000014,0.0,1.0
0.97,0.95,0.05,B3_STRATIFIED,0.0,constant,1.0,0,8,False,349.0,0.0,1.0
0.97,0.95,0.05,B3_STRATIFIED,0.05,alpha_0.95,0.95,0,8,False,495.6500000000014,0.5384615384615384,1.0
0.97,0.95,0.05,B3_STRATIFIED,0.05,constant,1.0,0,8,False,369.0,0.5384615384615384,1.0
0.97,0.95,0.05,B3_STRATIFIED,0.1,alpha_0.95,0.95,0,8,False,515.6500000000015,0.5384615384615384,1.0
0.97,0.95,0.05,B3_STRATIFIED,0.1,constant,1.0,0,8,False,389.0,0.5384615384615384,1.0
0.97,0.95,0.05,B3_STRATIFIED,0.2,alpha_0.95,0.95,0,8,False,548.6500000000015,0.5384615384615384,1.0
0.97,0.95,0.05,B3_STRATIFIED,0.2,constant,1.0,0,8,False,422.0,0.5384615384615384,1.0
0.97,0.95,0.05,B3_STRATIFIED,0.3,alpha_0.95,0.95,0,8,False,582.6500000000015,0.5769230769230769,1.0
0.97,0.95,0.05,B3_STRATIFIED,0.3,constant,1.0,0,8,False,456.0,0.5769230769230769,1.0
0.97,0.95,0.05,B3_STRATIFIED,0.4,alpha_0.95,0.95,0,8,False,615.6500000000015,0.6538461538461539,1.0
0.97,0.95,0.05,B3_STRATIFIED,0.4,constant,1.0,0,8,False,489.0,0.6538461538461539,1.0
0.97,0.95,0.05,B3_STRATIFIED,0.5,alpha_0.95,0.95,0,8,False,645.6500000000015,0.6923076923076923,1.0
0.97,0.95,0.05,B3_STRATIFIED,0.5,constant,1.0,0,8,False,519.0,0.6923076923076923,1.0
0.97,0.95,0.05,B3_STRATIFIED,0.7,alpha_0.95,0.95,0,8,False,711.6500000000015,0.8461538461538461,1.0
0.97,0.95,0.05,B3_STRATIFIED,0.7,constant,1.0,0,8,False,585.0,0.8461538461538461,1.0
0.97,0.95,0.05,B3_STRATIFIED,1.0,alpha_0.95,0.95,0,8,False,800.6500000000015,1.0,1.0
0.97,0.95,0.05,B3_STRATIFIED,1.0,constant,1.0,0,8,False,674.0,1.0,1.0
0.97,0.95,0.1,B2_SRS,0.0,alpha_0.95,0.95,0,8,False,529.2500000000018,0.0,1.0
0.97,0.95,0.1,B2_SRS,0.0,constant,1.0,0,8,False,401.0,0.0,1.0
0.97,0.95,0.1,B2_SRS,0.05,alpha_0.95,0.95,0,8,False,550.2500000000018,0.4230769230769231,1.0
0.97,0.95,0.1,B2_SRS,0.05,constant,1.0,0,8,False,422.0,0.4230769230769231,1.0
0.97,0.95,0.1,B2_SRS,0.1,alpha_0.95,0.95,0,8,False,567.2500000000018,0.4230769230769231,1.0
0.97,0.95,0.1,B2_SRS,0.1,constant,1.0,0,8,False,439.0,0.4230769230769231,1.0
0.97,0.95,0.1,B2_SRS,0.2,alpha_0.95,0.95,0,8,False,602.2500000000018,0.4230769230769231,1.0
0.97,0.95,0.1,B2_SRS,0.2,constant,1.0,0,8,False,474.0,0.4230769230769231,1.0
0.97,0.95,0.1,B2_SRS,0.3,alpha_0.95,0.95,0,8,False,635.2500000000018,0.4230769230769231,1.0
0.97,0.95,0.1,B2_SRS,0.3,constant,1.0,0,8,False,507.0,0.4230769230769231,1.0
0.97,0.95,0.1,B2_SRS,0.4,alpha_0.95,0.95,0,8,False,669.2500000000018,0.4230769230769231,1.0
0.97,0.95,0.1,B2_SRS,0.4,constant,1.0,0,8,False,541.0,0.4230769230769231,1.0
0.97,0.95,0.1,B2_SRS,0.5,alpha_0.95,0.95,0,8,False,700.2500000000018,0.4230769230769231,1.0
0.97,0.95,0.1,B2_SRS,0.5,constant,1.0,0,8,False,572.0,0.4230769230769231,1.0
0.97,0.95,0.1,B2_SRS,0.7,alpha_0.95,0.95,0,8,False,765.2500000000018,0.5769230769230769,1.0
0.97,0.95,0.1,B2_SRS,0.7,constant,1.0,0,8,False,637.0,0.5769230769230769,1.0
0.97,0.95,0.1,B2_SRS,1.0,alpha_0.95,0.95,0,8,False,854.2500000000018,1.0,1.0
0.97,0.95,0.1,B2_SRS,1.0,constant,1.0,0,8,False,726.0,1.0,1.0
0.97,0.95,0.1,B3_STRATIFIED,0.0,alpha_0.95,0.95,0,8,False,529.2500000000018,0.0,1.0
0.97,0.95,0.1,B3_STRATIFIED,0.0,constant,1.0,0,8,False,401.0,0.0,1.0
0.97,0.95,0.1,B3_STRATIFIED,0.05,alpha_0.95,0.95,0,8,False,551.2500000000018,0.5365384615384616,1.0
0.97,0.95,0.1,B3_STRATIFIED,0.05,constant,1.0,0,8,False,423.0,0.5365384615384616,1.0
0.97,0.95,0.1,B3_STRATIFIED,0.1,alpha_0.95,0.95,0,8,False,566.2500000000018,0.5384615384615384,1.0
0.97,0.95,0.1,B3_STRATIFIED,0.1,constant,1.0,0,8,False,438.0,0.5384615384615384,1.0
0.97,0.95,0.1,B3_STRATIFIED,0.2,alpha_0.95,0.95,0,8,False,600.2500000000018,0.5384615384615384,1.0
0.97,0.95,0.1,B3_STRATIFIED,0.2,constant,1.0,0,8,False,472.0,0.5384615384615384,1.0
0.97,0.95,0.1,B3_STRATIFIED,0.3,alpha_0.95,0.95,0,8,False,636.2500000000018,0.5769230769230769,1.0
0.97,0.95,0.1,B3_STRATIFIED,0.3,constant,1.0,0,8,False,508.0,0.5769230769230769,1.0
0.97,0.95,0.1,B3_STRATIFIED,0.4,alpha_0.95,0.95,0,8,False,664.2500000000018,0.651923076923077,1.0
0.97,0.95,0.1,B3_STRATIFIED,0.4,constant,1.0,0,8,False,536.0,0.651923076923077,1.0
0.97,0.95,0.1,B3_STRATIFIED,0.5,alpha_0.95,0.95,0,8,False,698.2500000000018,0.6923076923076923,1.0
0.97,0.95,0.1,B3_STRATIFIED,0.5,constant,1.0,0,8,False,570.0,0.6923076923076923,1.0
0.97,0.95,0.1,B3_STRATIFIED,0.7,alpha_0.95,0.95,0,8,False,761.2500000000018,0.8076923076923077,1.0
0.97,0.95,0.1,B3_STRATIFIED,0.7,constant,1.0,0,8,False,633.0,0.8076923076923077,1.0
0.97,0.95,0.1,B3_STRATIFIED,1.0,alpha_0.95,0.95,0,8,False,854.2500000000018,1.0,1.0
0.97,0.95,0.1,B3_STRATIFIED,1.0,constant,1.0,0,8,False,726.0,1.0,1.0
0.97,0.95,0.2,B2_SRS,0.0,alpha_0.95,0.95,0,8,False,637.6000000000006,0.0,1.0
0.97,0.95,0.2,B2_SRS,0.0,constant,1.0,0,8,False,507.0,0.0,1.0
0.97,0.95,0.2,B2_SRS,0.05,alpha_0.95,0.95,0,8,False,658.6000000000006,0.4230769230769231,1.0
0.97,0.95,0.2,B2_SRS,0.05,constant,1.0,0,8,False,528.0,0.4230769230769231,1.0
0.97,0.95,0.2,B2_SRS,0.1,alpha_0.95,0.95,0,8,False,675.6000000000006,0.4230769230769231,1.0
0.97,0.95,0.2,B2_SRS,0.1,constant,1.0,0,8,False,545.0,0.4230769230769231,1.0
0.97,0.95,0.2,B2_SRS,0.2,alpha_0.95,0.95,0,8,False,708.6000000000006,0.4230769230769231,1.0
0.97,0.95,0.2,B2_SRS,0.2,constant,1.0,0,8,False,578.0,0.4230769230769231,1.0
0.97,0.95,0.2,B2_SRS,0.3,alpha_0.95,0.95,0,8,False,741.6000000000006,0.4230769230769231,1.0
0.97,0.95,0.2,B2_SRS,0.3,constant,1.0,0,8,False,611.0,0.4230769230769231,1.0
0.97,0.95,0.2,B2_SRS,0.4,alpha_0.95,0.95,0,8,False,774.6000000000006,0.4230769230769231,1.0
0.97,0.95,0.2,B2_SRS,0.4,constant,1.0,0,8,False,644.0,0.4230769230769231,1.0
0.97,0.95,0.2,B2_SRS,0.5,alpha_0.95,0.95,0,8,False,806.6000000000006,0.4230769230769231,1.0
0.97,0.95,0.2,B2_SRS,0.5,constant,1.0,0,8,False,676.0,0.4230769230769231,1.0
0.97,0.95,0.2,B2_SRS,0.7,alpha_0.95,0.95,0,8,False,871.6000000000006,0.5769230769230769,1.0
0.97,0.95,0.2,B2_SRS,0.7,constant,1.0,0,8,False,741.0,0.5769230769230769,1.0
0.97,0.95,0.2,B2_SRS,1.0,alpha_0.95,0.95,0,8,False,962.6000000000006,1.0,1.0
0.97,0.95,0.2,B2_SRS,1.0,constant,1.0,0,8,False,832.0,1.0,1.0
0.97,0.95,0.2,B3_STRATIFIED,0.0,alpha_0.95,0.95,0,8,False,637.6000000000006,0.0,1.0
0.97,0.95,0.2,B3_STRATIFIED,0.0,constant,1.0,0,8,False,507.0,0.0,1.0
0.97,0.95,0.2,B3_STRATIFIED,0.05,alpha_0.95,0.95,0,8,False,658.5500000000006,0.5384615384615384,1.0
0.97,0.95,0.2,B3_STRATIFIED,0.05,constant,1.0,0,8,False,528.0,0.5384615384615384,1.0
0.97,0.95,0.2,B3_STRATIFIED,0.1,alpha_0.95,0.95,0,8,False,675.6000000000006,0.5384615384615384,1.0
0.97,0.95,0.2,B3_STRATIFIED,0.1,constant,1.0,0,8,False,545.0,0.5384615384615384,1.0
0.97,0.95,0.2,B3_STRATIFIED,0.2,alpha_0.95,0.95,0,8,False,708.6000000000006,0.5750000000000001,1.0
0.97,0.95,0.2,B3_STRATIFIED,0.2,constant,1.0,0,8,False,578.0,0.5750000000000001,1.0
0.97,0.95,0.2,B3_STRATIFIED,0.3,alpha_0.95,0.95,0,8,False,742.5500000000006,0.5769230769230769,1.0
0.97,0.95,0.2,B3_STRATIFIED,0.3,constant,1.0,0,8,False,612.0,0.5769230769230769,1.0
0.97,0.95,0.2,B3_STRATIFIED,0.4,alpha_0.95,0.95,0,8,False,774.6000000000006,0.651923076923077,1.0
0.97,0.95,0.2,B3_STRATIFIED,0.4,constant,1.0,0,8,False,644.0,0.651923076923077,1.0
0.97,0.95,0.2,B3_STRATIFIED,0.5,alpha_0.95,0.95,0,8,False,806.6000000000006,0.6538461538461539,1.0
0.97,0.95,0.2,B3_STRATIFIED,0.5,constant,1.0,0,8,False,676.0,0.6538461538461539,1.0
0.97,0.95,0.2,B3_STRATIFIED,0.7,alpha_0.95,0.95,0,8,False,870.6500000000005,0.8076923076923077,1.0
0.97,0.95,0.2,B3_STRATIFIED,0.7,constant,1.0,0,8,False,740.05,0.8076923076923077,1.0
0.97,0.95,0.2,B3_STRATIFIED,1.0,alpha_0.95,0.95,0,8,False,962.6000000000006,1.0,1.0
0.97,0.95,0.2,B3_STRATIFIED,1.0,constant,1.0,0,8,False,832.0,1.0,1.0
0.97,0.97,0.0,B2_SRS,0.0,alpha_0.95,0.95,0,8,False,392.8500000000003,0.0,1.0
0.97,0.97,0.0,B2_SRS,0.0,constant,1.0,0,8,False,273.0,0.0,1.0
0.97,0.97,0.0,B2_SRS,0.05,alpha_0.95,0.95,0,8,False,418.8500000000003,0.4230769230769231,1.0
0.97,0.97,0.0,B2_SRS,0.05,constant,1.0,0,8,False,324.04999999999995,0.4230769230769231,1.0
0.97,0.97,0.0,B2_SRS,0.1,alpha_0.95,0.95,0,8,False,436.8500000000003,0.4230769230769231,1.0
0.97,0.97,0.0,B2_SRS,0.1,constant,1.0,0,8,False,337.0,0.4230769230769231,1.0
0.97,0.97,0.0,B2_SRS,0.2,alpha_0.95,0.95,0,8,False,471.8500000000003,0.4230769230769231,1.0
0.97,0.97,0.0,B2_SRS,0.2,constant,1.0,0,8,False,357.0,0.4230769230769231,1.0
0.97,0.97,0.0,B2_SRS,0.3,alpha_0.95,0.95,0,8,False,509.8500000000003,0.4230769230769231,1.0
0.97,0.97,0.0,B2_SRS,0.3,constant,1.0,0,8,False,390.0,0.4230769230769231,1.0
0.97,0.97,0.0,B2_SRS,0.4,alpha_0.95,0.95,0,8,False,541.9000000000003,0.4230769230769231,1.0
0.97,0.97,0.0,B2_SRS,0.4,constant,1.0,0,8,False,422.04999999999995,0.4230769230769231,1.0
0.97,0.97,0.0,B2_SRS,0.5,alpha_0.95,0.95,0,8,False,572.9000000000003,0.4230769230769231,1.0
0.97,0.97,0.0,B2_SRS,0.5,constant,1.0,0,8,False,453.04999999999995,0.4230769230769231,1.0
0.97,0.97,0.0,B2_SRS,0.7,alpha_0.95,0.95,0,8,False,635.9000000000003,0.5769230769230769,1.0
0.97,0.97,0.0,B2_SRS,0.7,constant,1.0,0,8,False,516.05,0.5769230769230769,1.0
0.97,0.97,0.0,B2_SRS,1.0,alpha_0.95,0.95,0,8,False,717.8500000000004,1.0,1.0
0.97,0.97,0.0,B2_SRS,1.0,constant,1.0,0,8,False,598.0,1.0,1.0
0.97,0.97,0.0,B3_STRATIFIED,0.0,alpha_0.95,0.95,0,8,False,392.8500000000003,0.0,1.0
0.97,0.97,0.0,B3_STRATIFIED,0.0,constant,1.0,0,8,False,273.0,0.0,1.0
0.97,0.97,0.0,B3_STRATIFIED,0.05,alpha_0.95,0.95,0,8,False,430.8500000000003,0.5365384615384616,1.0
0.97,0.97,0.0,B3_STRATIFIED,0.05,constant,1.0,0,8,False,350.0,0.5365384615384616,1.0
0.97,0.97,0.0,B3_STRATIFIED,0.1,alpha_0.95,0.95,0,8,False,444.8500000000003,0.5365384615384616,1.0
0.97,0.97,0.0,B3_STRATIFIED,0.1,constant,1.0,0,8,False,350.0,0.5365384615384616,1.0
0.97,0.97,0.0,B3_STRATIFIED,0.2,alpha_0.95,0.95,0,8,False,476.8500000000003,0.5384615384615384,1.0
0.97,0.97,0.0,B3_STRATIFIED,0.2,constant,1.0,0,8,False,363.0,0.5384615384615384,1.0
0.97,0.97,0.0,B3_STRATIFIED,0.3,alpha_0.95,0.95,0,8,False,514.8500000000004,0.651923076923077,1.0
0.97,0.97,0.0,B3_STRATIFIED,0.3,constant,1.0,0,8,False,395.0,0.651923076923077,1.0
0.97,0.97,0.0,B3_STRATIFIED,0.4,alpha_0.95,0.95,0,8,False,538.8500000000004,0.6538461538461539,1.0
0.97,0.97,0.0,B3_STRATIFIED,0.4,constant,1.0,0,8,False,419.0,0.6538461538461539,1.0
0.97,0.97,0.0,B3_STRATIFIED,0.5,alpha_0.95,0.95,0,8,False,571.8500000000004,0.6923076923076923,1.0
0.97,0.97,0.0,B3_STRATIFIED,0.5,constant,1.0,0,8,False,452.0,0.6923076923076923,1.0
0.97,0.97,0.0,B3_STRATIFIED,0.7,alpha_0.95,0.95,0,8,False,631.8500000000004,0.8076923076923077,1.0
0.97,0.97,0.0,B3_STRATIFIED,0.7,constant,1.0,0,8,False,512.0,0.8076923076923077,1.0
0.97,0.97,0.0,B3_STRATIFIED,1.0,alpha_0.95,0.95,0,8,False,717.8500000000004,1.0,1.0
0.97,0.97,0.0,B3_STRATIFIED,1.0,constant,1.0,0,8,False,598.0,1.0,1.0
0.97,0.97,0.05,B2_SRS,0.0,alpha_0.95,0.95,0,8,False,452.0000000000011,0.0,1.0
0.97,0.97,0.05,B2_SRS,0.0,constant,1.0,0,8,False,327.0,0.0,1.0
0.97,0.97,0.05,B2_SRS,0.05,alpha_0.95,0.95,0,8,False,475.0000000000011,0.4230769230769231,1.0
0.97,0.97,0.05,B2_SRS,0.05,constant,1.0,0,8,False,362.0,0.4230769230769231,1.0
0.97,0.97,0.05,B2_SRS,0.1,alpha_0.95,0.95,0,8,False,494.0000000000011,0.4230769230769231,1.0
0.97,0.97,0.05,B2_SRS,0.1,constant,1.0,0,8,False,370.0,0.4230769230769231,1.0
0.97,0.97,0.05,B2_SRS,0.2,alpha_0.95,0.95,0,8,False,528.0000000000011,0.4230769230769231,1.0
0.97,0.97,0.05,B2_SRS,0.2,constant,1.0,0,8,False,403.0,0.4230769230769231,1.0
0.97,0.97,0.05,B2_SRS,0.3,alpha_0.95,0.95,0,8,False,562.0000000000011,0.4230769230769231,1.0
0.97,0.97,0.05,B2_SRS,0.3,constant,1.0,0,8,False,437.0,0.4230769230769231,1.0
0.97,0.97,0.05,B2_SRS,0.4,alpha_0.95,0.95,0,8,False,594.0000000000011,0.4230769230769231,1.0
0.97,0.97,0.05,B2_SRS,0.4,constant,1.0,0,8,False,469.0,0.4230769230769231,1.0
0.97,0.97,0.05,B2_SRS,0.5,alpha_0.95,0.95,0,8,False,627.0000000000011,0.4230769230769231,1.0
0.97,0.97,0.05,B2_SRS,0.5,constant,1.0,0,8,False,502.0,0.4230769230769231,1.0
0.97,0.97,0.05,B2_SRS,0.7,alpha_0.95,0.95,0,8,False,691.0000000000011,0.5769230769230769,1.0
0.97,0.97,0.05,B2_SRS,0.7,constant,1.0,0,8,False,566.0,0.5769230769230769,1.0
0.97,0.97,0.05,B2_SRS,1.0,alpha_0.95,0.95,0,8,False,777.0000000000011,1.0,1.0
0.97,0.97,0.05,B2_SRS,1.0,constant,1.0,0,8,False,652.0,1.0,1.0
0.97,0.97,0.05,B3_STRATIFIED,0.0,alpha_0.95,0.95,0,8,False,452.0000000000011,0.0,1.0
0.97,0.97,0.05,B3_STRATIFIED,0.0,constant,1.0,0,8,False,327.0,0.0,1.0
0.97,0.97,0.05,B3_STRATIFIED,0.05,alpha_0.95,0.95,0,8,False,475.0000000000011,0.5384615384615384,1.0
0.97,0.97,0.05,B3_STRATIFIED,0.05,constant,1.0,0,8,False,367.0,0.5384615384615384,1.0
0.97,0.97,0.05,B3_STRATIFIED,0.1,alpha_0.95,0.95,0,8,False,494.0000000000011,0.5384615384615384,1.0
0.97,0.97,0.05,B3_STRATIFIED,0.1,constant,1.0,0,8,False,377.0,0.5384615384615384,1.0
0.97,0.97,0.05,B3_STRATIFIED,0.2,alpha_0.95,0.95,0,8,False,527.0000000000011,0.5384615384615384,1.0
0.97,0.97,0.05,B3_STRATIFIED,0.2,constant,1.0,0,8,False,402.0,0.5384615384615384,1.0
0.97,0.97,0.05,B3_STRATIFIED,0.3,alpha_0.95,0.95,0,8,False,560.0000000000011,0.5769230769230769,1.0
0.97,0.97,0.05,B3_STRATIFIED,0.3,constant,1.0,0,8,False,435.0,0.5769230769230769,1.0
0.97,0.97,0.05,B3_STRATIFIED,0.4,alpha_0.95,0.95,0,8,False,593.0000000000011,0.6538461538461539,1.0
0.97,0.97,0.05,B3_STRATIFIED,0.4,constant,1.0,0,8,False,468.0,0.6538461538461539,1.0
0.97,0.97,0.05,B3_STRATIFIED,0.5,alpha_0.95,0.95,0,8,False,622.0000000000011,0.6903846153846155,1.0
0.97,0.97,0.05,B3_STRATIFIED,0.5,constant,1.0,0,8,False,497.0,0.6903846153846155,1.0
0.97,0.97,0.05,B3_STRATIFIED,0.7,alpha_0.95,0.95,0,8,False,691.0000000000011,0.8076923076923077,1.0
0.97,0.97,0.05,B3_STRATIFIED,0.7,constant,1.0,0,8,False,566.0,0.8076923076923077,1.0
0.97,0.97,0.05,B3_STRATIFIED,1.0,alpha_0.95,0.95,0,8,False,777.0000000000011,1.0,1.0
0.97,0.97,0.05,B3_STRATIFIED,1.0,constant,1.0,0,8,False,652.0,1.0,1.0
0.97,0.97,0.1,B2_SRS,0.0,alpha_0.95,0.95,0,8,False,508.75000000000165,0.0,1.0
0.97,0.97,0.1,B2_SRS,0.0,constant,1.0,0,8,False,381.0,0.0,1.0
0.97,0.97,0.1,B2_SRS,0.05,alpha_0.95,0.95,0,8,False,528.7500000000016,0.4230769230769231,1.0
0.97,0.97,0.1,B2_SRS,0.05,constant,1.0,0,8,False,401.0,0.4230769230769231,1.0
0.97,0.97,0.1,B2_SRS,0.1,alpha_0.95,0.95,0,8,False,546.7500000000016,0.4230769230769231,1.0
0.97,0.97,0.1,B2_SRS,0.1,constant,1.0,0,8,False,419.0,0.4230769230769231,1.0
0.97,0.97,0.1,B2_SRS,0.2,alpha_0.95,0.95,0,8,False,581.7500000000016,0.4230769230769231,1.0
0.97,0.97,0.1,B2_SRS,0.2,constant,1.0,0,8,False,454.0,0.4230769230769231,1.0
0.97,0.97,0.1,B2_SRS,0.3,alpha_0.95,0.95,0,8,False,615.7500000000016,0.4230769230769231,1.0
0.97,0.97,0.1,B2_SRS,0.3,constant,1.0,0,8,False,488.0,0.4230769230769231,1.0
0.97,0.97,0.1,B2_SRS,0.4,alpha_0.95,0.95,0,8,False,647.7500000000016,0.4230769230769231,1.0
0.97,0.97,0.1,B2_SRS,0.4,constant,1.0,0,8,False,520.0,0.4230769230769231,1.0
0.97,0.97,0.1,B2_SRS,0.5,alpha_0.95,0.95,0,8,False,679.7500000000016,0.4230769230769231,1.0
0.97,0.97,0.1,B2_SRS,0.5,constant,1.0,0,8,False,552.0,0.4230769230769231,1.0
0.97,0.97,0.1,B2_SRS,0.7,alpha_0.95,0.95,0,8,False,744.7500000000016,0.5769230769230769,1.0
0.97,0.97,0.1,B2_SRS,0.7,constant,1.0,0,8,False,617.0,0.5769230769230769,1.0
0.97,0.97,0.1,B2_SRS,1.0,alpha_0.95,0.95,0,8,False,833.7500000000016,1.0,1.0
0.97,0.97,0.1,B2_SRS,1.0,constant,1.0,0,8,False,706.0,1.0,1.0
0.97,0.97,0.1,B3_STRATIFIED,0.0,alpha_0.95,0.95,0,8,False,508.75000000000165,0.0,1.0
0.97,0.97,0.1,B3_STRATIFIED,0.0,constant,1.0,0,8,False,381.0,0.0,1.0
0.97,0.97,0.1,B3_STRATIFIED,0.05,alpha_0.95,0.95,0,8,False,531.7500000000016,0.5384615384615384,1.0
0.97,0.97,0.1,B3_STRATIFIED,0.05,constant,1.0,0,8,False,404.0,0.5384615384615384,1.0
0.97,0.97,0.1,B3_STRATIFIED,0.1,alpha_0.95,0.95,0,8,False,545.7500000000016,0.5384615384615384,1.0
0.97,0.97,0.1,B3_STRATIFIED,0.1,constant,1.0,0,8,False,418.0,0.5384615384615384,1.0
0.97,0.97,0.1,B3_STRATIFIED,0.2,alpha_0.95,0.95,0,8,False,579.7500000000016,0.5750000000000001,1.0
0.97,0.97,0.1,B3_STRATIFIED,0.2,constant,1.0,0,8,False,452.0,0.5750000000000001,1.0
0.97,0.97,0.1,B3_STRATIFIED,0.3,alpha_0.95,0.95,0,8,False,613.7500000000016,0.6134615384615386,1.0
0.97,0.97,0.1,B3_STRATIFIED,0.3,constant,1.0,0,8,False,486.0,0.6134615384615386,1.0
0.97,0.97,0.1,B3_STRATIFIED,0.4,alpha_0.95,0.95,0,8,False,647.7500000000016,0.651923076923077,1.0
0.97,0.97,0.1,B3_STRATIFIED,0.4,constant,1.0,0,8,False,520.0,0.651923076923077,1.0
0.97,0.97,0.1,B3_STRATIFIED,0.5,alpha_0.95,0.95,0,8,False,677.7500000000016,0.6538461538461539,1.0
0.97,0.97,0.1,B3_STRATIFIED,0.5,constant,1.0,0,8,False,550.0,0.6538461538461539,1.0
0.97,0.97,0.1,B3_STRATIFIED,0.7,alpha_0.95,0.95,0,8,False,743.7500000000016,0.8076923076923077,1.0
0.97,0.97,0.1,B3_STRATIFIED,0.7,constant,1.0,0,8,False,616.0,0.8076923076923077,1.0
0.97,0.97,0.1,B3_STRATIFIED,1.0,alpha_0.95,0.95,0,8,False,833.7500000000016,1.0,1.0
0.97,0.97,0.1,B3_STRATIFIED,1.0,constant,1.0,0,8,False,706.0,1.0,1.0
0.97,0.97,0.2,B2_SRS,0.0,alpha_0.95,0.95,0,8,False,619.450000000001,0.0,1.0
0.97,0.97,0.2,B2_SRS,0.0,constant,1.0,0,8,False,489.0,0.0,1.0
0.97,0.97,0.2,B2_SRS,0.05,alpha_0.95,0.95,0,8,False,639.450000000001,0.4230769230769231,1.0
0.97,0.97,0.2,B2_SRS,0.05,constant,1.0,0,8,False,509.0,0.4230769230769231,1.0
0.97,0.97,0.2,B2_SRS,0.1,alpha_0.95,0.95,0,8,False,656.450000000001,0.4230769230769231,1.0
0.97,0.97,0.2,B2_SRS,0.1,constant,1.0,0,8,False,526.0,0.4230769230769231,1.0
0.97,0.97,0.2,B2_SRS,0.2,alpha_0.95,0.95,0,8,False,690.450000000001,0.4230769230769231,1.0
0.97,0.97,0.2,B2_SRS,0.2,constant,1.0,0,8,False,560.0,0.4230769230769231,1.0
0.97,0.97,0.2,B2_SRS,0.3,alpha_0.95,0.95,0,8,False,722.450000000001,0.4230769230769231,1.0
0.97,0.97,0.2,B2_SRS,0.3,constant,1.0,0,8,False,592.0,0.4230769230769231,1.0
0.97,0.97,0.2,B2_SRS,0.4,alpha_0.95,0.95,0,8,False,755.450000000001,0.4230769230769231,1.0
0.97,0.97,0.2,B2_SRS,0.4,constant,1.0,0,8,False,625.0,0.4230769230769231,1.0
0.97,0.97,0.2,B2_SRS,0.5,alpha_0.95,0.95,0,8,False,788.450000000001,0.4230769230769231,1.0
0.97,0.97,0.2,B2_SRS,0.5,constant,1.0,0,8,False,658.0,0.4230769230769231,1.0
0.97,0.97,0.2,B2_SRS,0.7,alpha_0.95,0.95,0,8,False,853.450000000001,0.5769230769230769,1.0
0.97,0.97,0.2,B2_SRS,0.7,constant,1.0,0,8,False,723.0,0.5769230769230769,1.0
0.97,0.97,0.2,B2_SRS,1.0,alpha_0.95,0.95,0,8,False,944.450000000001,1.0,1.0
0.97,0.97,0.2,B2_SRS,1.0,constant,1.0,0,8,False,814.0,1.0,1.0
0.97,0.97,0.2,B3_STRATIFIED,0.0,alpha_0.95,0.95,0,8,False,619.450000000001,0.0,1.0
0.97,0.97,0.2,B3_STRATIFIED,0.0,constant,1.0,0,8,False,489.0,0.0,1.0
0.97,0.97,0.2,B3_STRATIFIED,0.05,alpha_0.95,0.95,0,8,False,646.450000000001,0.5365384615384616,1.0
0.97,0.97,0.2,B3_STRATIFIED,0.05,constant,1.0,0,8,False,516.0,0.5365384615384616,1.0
0.97,0.97,0.2,B3_STRATIFIED,0.1,alpha_0.95,0.95,0,8,False,662.450000000001,0.5384615384615384,1.0
0.97,0.97,0.2,B3_STRATIFIED,0.1,constant,1.0,0,8,False,532.0,0.5384615384615384,1.0
0.97,0.97,0.2,B3_STRATIFIED,0.2,alpha_0.95,0.95,0,8,False,693.450000000001,0.5384615384615384,1.0
0.97,0.97,0.2,B3_STRATIFIED,0.2,constant,1.0,0,8,False,563.0,0.5384615384615384,1.0
0.97,0.97,0.2,B3_STRATIFIED,0.3,alpha_0.95,0.95,0,8,False,727.450000000001,0.5769230769230769,1.0
0.97,0.97,0.2,B3_STRATIFIED,0.3,constant,1.0,0,8,False,597.0,0.5769230769230769,1.0
0.97,0.97,0.2,B3_STRATIFIED,0.4,alpha_0.95,0.95,0,8,False,758.450000000001,0.6153846153846154,1.0
0.97,0.97,0.2,B3_STRATIFIED,0.4,constant,1.0,0,8,False,628.0,0.6153846153846154,1.0
0.97,0.97,0.2,B3_STRATIFIED,0.5,alpha_0.95,0.95,0,8,False,790.450000000001,0.6538461538461539,1.0
0.97,0.97,0.2,B3_STRATIFIED,0.5,constant,1.0,0,8,False,660.0,0.6538461538461539,1.0
0.97,0.97,0.2,B3_STRATIFIED,0.7,alpha_0.95,0.95,0,8,False,856.450000000001,0.8461538461538461,1.0
0.97,0.97,0.2,B3_STRATIFIED,0.7,constant,1.0,0,8,False,726.0,0.8461538461538461,1.0
0.97,0.97,0.2,B3_STRATIFIED,1.0,alpha_0.95,0.95,0,8,False,944.450000000001,1.0,1.0
0.97,0.97,0.2,B3_STRATIFIED,1.0,constant,1.0,0,8,False,814.0,1.0,1.0
0.97,0.99,0.0,B2_SRS,0.0,alpha_0.95,0.95,0,8,False,366.05000000000035,0.0,1.0
0.97,0.99,0.0,B2_SRS,0.0,constant,1.0,0,8,False,251.0,0.0,1.0
0.97,0.99,0.0,B2_SRS,0.05,alpha_0.95,0.95,0,8,False,396.1000000000003,0.4230769230769231,1.0
0.97,0.99,0.0,B2_SRS,0.05,constant,1.0,0,8,False,315.04999999999995,0.4230769230769231,1.0
0.97,0.99,0.0,B2_SRS,0.1,alpha_0.95,0.95,0,8,False,419.05000000000035,0.4230769230769231,1.0
0.97,0.99,0.0,B2_SRS,0.1,constant,1.0,0,8,False,328.0,0.4230769230769231,1.0
0.97,0.99,0.0,B2_SRS,0.2,alpha_0.95,0.95,0,8,False,455.05000000000035,0.4230769230769231,1.0
0.97,0.99,0.0,B2_SRS,0.2,constant,1.0,0,8,False,350.0,0.4230769230769231,1.0
0.97,0.99,0.0,B2_SRS,0.3,alpha_0.95,0.95,0,8,False,488.00000000000034,0.4230769230769231,1.0
0.97,0.99,0.0,B2_SRS,0.3,constant,1.0,0,8,False,373.0,0.4230769230769231,1.0
0.97,0.99,0.0,B2_SRS,0.4,alpha_0.95,0.95,0,8,False,525.0500000000004,0.4230769230769231,1.0
0.97,0.99,0.0,B2_SRS,0.4,constant,1.0,0,8,False,410.0,0.4230769230769231,1.0
0.97,0.99,0.0,B2_SRS,0.5,alpha_0.95,0.95,0,8,False,557.0500000000004,0.4230769230769231,1.0
0.97,0.99,0.0,B2_SRS,0.5,constant,1.0,0,8,False,442.0,0.4230769230769231,1.0
0.97,0.99,0.0,B2_SRS,0.7,alpha_0.95,0.95,0,8,False,619.1000000000004,0.5769230769230769,1.0
0.97,0.99,0.0,B2_SRS,0.7,constant,1.0,0,8,False,504.04999999999995,0.5769230769230769,1.0
0.97,0.99,0.0,B2_SRS,1.0,alpha_0.95,0.95,0,8,False,691.0500000000004,1.0,1.0
0.97,0.99,0.0,B2_SRS,1.0,constant,1.0,0,8,False,576.0,1.0,1.0
0.97,0.99,0.0,B3_STRATIFIED,0.0,alpha_0.95,0.95,0,8,False,366.05000000000035,0.0,1.0
0.97,0.99,0.0,B3_STRATIFIED,0.0,constant,1.0,0,8,False,251.0,0.0,1.0
0.97,0.99,0.0,B3_STRATIFIED,0.05,alpha_0.95,0.95,0,8,False,414.0,0.5,1.0
0.97,0.99,0.0,B3_STRATIFIED,0.05,constant,1.0,0,8,False,350.0,0.5,1.0
0.97,0.99,0.0,B3_STRATIFIED,0.1,alpha_0.95,0.95,0,8,False,418.05000000000035,0.5365384615384616,1.0
0.97,0.99,0.0,B3_STRATIFIED,0.1,constant,1.0,0,8,False,350.0,0.5365384615384616,1.0
0.97,0.99,0.0,B3_STRATIFIED,0.2,alpha_0.95,0.95,0,8,False,451.05000000000035,0.5384615384615384,1.0
0.97,0.99,0.0,B3_STRATIFIED,0.2,constant,1.0,0,8,False,353.0,0.5384615384615384,1.0
0.97,0.99,0.0,B3_STRATIFIED,0.3,alpha_0.95,0.95,0,8,False,492.05000000000035,0.5769230769230769,1.0
0.97,0.99,0.0,B3_STRATIFIED,0.3,constant,1.0,0,8,False,377.0,0.5769230769230769,1.0
0.97,0.99,0.0,B3_STRATIFIED,0.4,alpha_0.95,0.95,0,8,False,520.0500000000004,0.5769230769230769,1.0
0.97,0.99,0.0,B3_STRATIFIED,0.4,constant,1.0,0,8,False,405.0,0.5769230769230769,1.0
0.97,0.99,0.0,B3_STRATIFIED,0.5,alpha_0.95,0.95,0,8,False,538.0000000000003,0.5769230769230769,1.0
0.97,0.99,0.0,B3_STRATIFIED,0.5,constant,1.0,0,8,False,423.0,0.5769230769230769,1.0
0.97,0.99,0.0,B3_STRATIFIED,0.7,alpha_0.95,0.95,0,8,False,611.0500000000004,0.8076923076923077,1.0
0.97,0.99,0.0,B3_STRATIFIED,0.7,constant,1.0,0,8,False,496.0,0.8076923076923077,1.0
0.97,0.99,0.0,B3_STRATIFIED,1.0,alpha_0.95,0.95,0,8,False,691.0500000000004,1.0,1.0
0.97,0.99,0.0,B3_STRATIFIED,1.0,constant,1.0,0,8,False,576.0,1.0,1.0
0.97,0.99,0.05,B2_SRS,0.0,alpha_0.95,0.95,0,8,False,428.25000000000074,0.0,1.0
0.97,0.99,0.05,B2_SRS,0.0,constant,1.0,0,8,False,305.0,0.0,1.0
0.97,0.99,0.05,B2_SRS,0.05,alpha_0.95,0.95,0,8,False,450.25000000000074,0.4230769230769231,1.0
0.97,0.99,0.05,B2_SRS,0.05,constant,1.0,0,8,False,345.0,0.4230769230769231,1.0
0.97,0.99,0.05,B2_SRS,0.1,alpha_0.95,0.95,0,8,False,469.25000000000074,0.4230769230769231,1.0
0.97,0.99,0.05,B2_SRS,0.1,constant,1.0,0,8,False,355.0,0.4230769230769231,1.0
0.97,0.99,0.05,B2_SRS,0.2,alpha_0.95,0.95,0,8,False,504.3000000000007,0.4230769230769231,1.0
0.97,0.99,0.05,B2_SRS,0.2,constant,1.0,0,8,False,381.04999999999995,0.4230769230769231,1.0
0.97,0.99,0.05,B2_SRS,0.3,alpha_0.95,0.95,0,8,False,538.2500000000007,0.4230769230769231,1.0
0.97,0.99,0.05,B2_SRS,0.3,constant,1.0,0,8,False,415.0,0.4230769230769231,1.0
0.97,0.99,0.05,B2_SRS,0.4,alpha_0.95,0.95,0,8,False,571.3000000000006,0.4230769230769231,1.0
0.97,0.99,0.05,B2_SRS,0.4,constant,1.0,0,8,False,448.04999999999995,0.4230769230769231,1.0
0.97,0.99,0.05,B2_SRS,0.5,alpha_0.95,0.95,0,8,False,604.2500000000007,0.4230769230769231,1.0
0.97,0.99,0.05,B2_SRS,0.5,constant,1.0,0,8,False,481.0,0.4230769230769231,1.0
0.97,0.99,0.05,B2_SRS,0.7,alpha_0.95,0.95,0,8,False,667.3000000000006,0.5769230769230769,1.0
0.97,0.99,0.05,B2_SRS,0.7,constant,1.0,0,8,False,544.05,0.5769230769230769,1.0
0.97,0.99,0.05,B2_SRS,1.0,alpha_0.95,0.95,0,8,False,753.2500000000007,1.0,1.0
0.97,0.99,0.05,B2_SRS,1.0,constant,1.0,0,8,False,630.0,1.0,1.0
0.97,0.99,0.05,B3_STRATIFIED,0.0,alpha_0.95,0.95,0,8,False,428.25000000000074,0.0,1.0
0.97,0.99,0.05,B3_STRATIFIED,0.0,constant,1.0,0,8,False,305.0,0.0,1.0
0.97,0.99,0.05,B3_STRATIFIED,0.05,alpha_0.95,0.95,0,8,False,452.25000000000074,0.5384615384615384,1.0
0.97,0.99,0.05,B3_STRATIFIED,0.05,constant,1.0,0,8,False,351.0,0.5384615384615384,1.0
0.97,0.99,0.05,B3_STRATIFIED,0.1,alpha_0.95,0.95,0,8,False,471.25000000000074,0.5384615384615384,1.0
0.97,0.99,0.05,B3_STRATIFIED,0.1,constant,1.0,0,8,False,362.0,0.5384615384615384,1.0
0.97,0.99,0.05,B3_STRATIFIED,0.2,alpha_0.95,0.95,0,8,False,502.25000000000074,0.5750000000000001,1.0
0.97,0.99,0.05,B3_STRATIFIED,0.2,constant,1.0,0,8,False,380.0,0.5750000000000001,1.0
0.97,0.99,0.05,B3_STRATIFIED,0.3,alpha_0.95,0.95,0,8,False,537.2500000000007,0.5769230769230769,1.0
0.97,0.99,0.05,B3_STRATIFIED,0.3,constant,1.0,0,8,False,414.0,0.5769230769230769,1.0
0.97,0.99,0.05,B3_STRATIFIED,0.4,alpha_0.95,0.95,0,8,False,569.2500000000007,0.6538461538461539,1.0
0.97,0.99,0.05,B3_STRATIFIED,0.4,constant,1.0,0,8,False,446.0,0.6538461538461539,1.0
0.97,0.99,0.05,B3_STRATIFIED,0.5,alpha_0.95,0.95,0,8,False,603.2500000000007,0.6923076923076923,1.0
0.97,0.99,0.05,B3_STRATIFIED,0.5,constant,1.0,0,8,False,480.0,0.6923076923076923,1.0
0.97,0.99,0.05,B3_STRATIFIED,0.7,alpha_0.95,0.95,0,8,False,668.2500000000007,0.8461538461538461,1.0
0.97,0.99,0.05,B3_STRATIFIED,0.7,constant,1.0,0,8,False,545.0,0.8461538461538461,1.0
0.97,0.99,0.05,B3_STRATIFIED,1.0,alpha_0.95,0.95,0,8,False,753.2500000000007,1.0,1.0
0.97,0.99,0.05,B3_STRATIFIED,1.0,constant,1.0,0,8,False,630.0,1.0,1.0
0.97,0.99,0.1,B2_SRS,0.0,alpha_0.95,0.95,0,8,False,488.2500000000015,0.0,1.0
0.97,0.99,0.1,B2_SRS,0.0,constant,1.0,0,8,False,361.0,0.0,1.0
0.97,0.99,0.1,B2_SRS,0.05,alpha_0.95,0.95,0,8,False,509.2500000000015,0.4230769230769231,1.0
0.97,0.99,0.1,B2_SRS,0.05,constant,1.0,0,8,False,382.0,0.4230769230769231,1.0
0.97,0.99,0.1,B2_SRS,0.1,alpha_0.95,0.95,0,8,False,526.2500000000015,0.4230769230769231,1.0
0.97,0.99,0.1,B2_SRS,0.1,constant,1.0,0,8,False,399.0,0.4230769230769231,1.0
0.97,0.99,0.1,B2_SRS,0.2,alpha_0.95,0.95,0,8,False,561.2500000000015,0.4230769230769231,1.0
0.97,0.99,0.1,B2_SRS,0.2,constant,1.0,0,8,False,434.0,0.4230769230769231,1.0
0.97,0.99,0.1,B2_SRS,0.3,alpha_0.95,0.95,0,8,False,595.2500000000015,0.4230769230769231,1.0
0.97,0.99,0.1,B2_SRS,0.3,constant,1.0,0,8,False,468.0,0.4230769230769231,1.0
0.97,0.99,0.1,B2_SRS,0.4,alpha_0.95,0.95,0,8,False,627.2500000000015,0.4230769230769231,1.0
0.97,0.99,0.1,B2_SRS,0.4,constant,1.0,0,8,False,500.0,0.4230769230769231,1.0
0.97,0.99,0.1,B2_SRS,0.5,alpha_0.95,0.95,0,8,False,658.2500000000015,0.4230769230769231,1.0
0.97,0.99,0.1,B2_SRS,0.5,constant,1.0,0,8,False,531.0,0.4230769230769231,1.0
0.97,0.99,0.1,B2_SRS,0.7,alpha_0.95,0.95,0,8,False,723.2500000000015,0.5769230769230769,1.0
0.97,0.99,0.1,B2_SRS,0.7,constant,1.0,0,8,False,596.0,0.5769230769230769,1.0
0.97,0.99,0.1,B2_SRS,1.0,alpha_0.95,0.95,0,8,False,813.2500000000015,1.0,1.0
0.97,0.99,0.1,B2_SRS,1.0,constant,1.0,0,8,False,686.0,1.0,1.0
0.97,0.99,0.1,B3_STRATIFIED,0.0,alpha_0.95,0.95,0,8,False,488.2500000000015,0.0,1.0
0.97,0.99,0.1,B3_STRATIFIED,0.0,constant,1.0,0,8,False,361.0,0.0,1.0
0.97,0.99,0.1,B3_STRATIFIED,0.05,alpha_0.95,0.95,0,8,False,509.30000000000143,0.5384615384615384,1.0
0.97,0.99,0.1,B3_STRATIFIED,0.05,constant,1.0,0,8,False,382.04999999999995,0.5384615384615384,1.0
0.97,0.99,0.1,B3_STRATIFIED,0.1,alpha_0.95,0.95,0,8,False,528.2500000000015,0.5384615384615384,1.0
0.97,0.99,0.1,B3_STRATIFIED,0.1,constant,1.0,0,8,False,401.0,0.5384615384615384,1.0
0.97,0.99,0.1,B3_STRATIFIED,0.2,alpha_0.95,0.95,0,8,False,559.2500000000015,0.5384615384615384,1.0
0.97,0.99,0.1,B3_STRATIFIED,0.2,constant,1.0,0,8,False,432.0,0.5384615384615384,1.0
0.97,0.99,0.1,B3_STRATIFIED,0.3,alpha_0.95,0.95,0,8,False,593.2500000000015,0.5769230769230769,1.0
0.97,0.99,0.1,B3_STRATIFIED,0.3,constant,1.0,0,8,False,466.0,0.5769230769230769,1.0
0.97,0.99,0.1,B3_STRATIFIED,0.4,alpha_0.95,0.95,0,8,False,623.2500000000015,0.651923076923077,1.0
0.97,0.99,0.1,B3_STRATIFIED,0.4,constant,1.0,0,8,False,496.0,0.651923076923077,1.0
0.97,0.99,0.1,B3_STRATIFIED,0.5,alpha_0.95,0.95,0,8,False,656.2500000000015,0.6923076923076923,1.0
0.97,0.99,0.1,B3_STRATIFIED,0.5,constant,1.0,0,8,False,529.0,0.6923076923076923,1.0
0.97,0.99,0.1,B3_STRATIFIED,0.7,alpha_0.95,0.95,0,8,False,724.2500000000015,0.8076923076923077,1.0
0.97,0.99,0.1,B3_STRATIFIED,0.7,constant,1.0,0,8,False,597.0,0.8076923076923077,1.0
0.97,0.99,0.1,B3_STRATIFIED,1.0,alpha_0.95,0.95,0,8,False,813.2500000000015,1.0,1.0
0.97,0.99,0.1,B3_STRATIFIED,1.0,constant,1.0,0,8,False,686.0,1.0,1.0
0.97,0.99,0.2,B2_SRS,0.0,alpha_0.95,0.95,0,8,False,601.0000000000013,0.0,1.0
0.97,0.99,0.2,B2_SRS,0.0,constant,1.0,0,8,False,471.0,0.0,1.0
0.97,0.99,0.2,B2_SRS,0.05,alpha_0.95,0.95,0,8,False,622.0000000000013,0.4230769230769231,1.0
0.97,0.99,0.2,B2_SRS,0.05,constant,1.0,0,8,False,492.0,0.4230769230769231,1.0
0.97,0.99,0.2,B2_SRS,0.1,alpha_0.95,0.95,0,8,False,639.0000000000013,0.4230769230769231,1.0
0.97,0.99,0.2,B2_SRS,0.1,constant,1.0,0,8,False,509.0,0.4230769230769231,1.0
0.97,0.99,0.2,B2_SRS,0.2,alpha_0.95,0.95,0,8,False,672.0000000000013,0.4230769230769231,1.0
0.97,0.99,0.2,B2_SRS,0.2,constant,1.0,0,8,False,542.0,0.4230769230769231,1.0
0.97,0.99,0.2,B2_SRS,0.3,alpha_0.95,0.95,0,8,False,705.0000000000013,0.4230769230769231,1.0
0.97,0.99,0.2,B2_SRS,0.3,constant,1.0,0,8,False,575.0,0.4230769230769231,1.0
0.97,0.99,0.2,B2_SRS,0.4,alpha_0.95,0.95,0,8,False,739.0500000000012,0.4230769230769231,1.0
0.97,0.99,0.2,B2_SRS,0.4,constant,1.0,0,8,False,609.05,0.4230769230769231,1.0
0.97,0.99,0.2,B2_SRS,0.5,alpha_0.95,0.95,0,8,False,771.0000000000013,0.4230769230769231,1.0
0.97,0.99,0.2,B2_SRS,0.5,constant,1.0,0,8,False,641.0,0.4230769230769231,1.0
0.97,0.99,0.2,B2_SRS,0.7,alpha_0.95,0.95,0,8,False,836.0000000000013,0.5769230769230769,1.0
0.97,0.99,0.2,B2_SRS,0.7,constant,1.0,0,8,False,706.0,0.5769230769230769,1.0
0.97,0.99,0.2,B2_SRS,1.0,alpha_0.95,0.95,0,8,False,926.0000000000013,1.0,1.0
0.97,0.99,0.2,B2_SRS,1.0,constant,1.0,0,8,False,796.0,1.0,1.0
0.97,0.99,0.2,B3_STRATIFIED,0.0,alpha_0.95,0.95,0,8,False,601.0000000000013,0.0,1.0
0.97,0.99,0.2,B3_STRATIFIED,0.0,constant,1.0,0,8,False,471.0,0.0,1.0
0.97,0.99,0.2,B3_STRATIFIED,0.05,alpha_0.95,0.95,0,8,False,625.0000000000013,0.5384615384615384,1.0
0.97,0.99,0.2,B3_STRATIFIED,0.05,constant,1.0,0,8,False,495.0,0.5384615384615384,1.0
0.97,0.99,0.2,B3_STRATIFIED,0.1,alpha_0.95,0.95,0,8,False,641.0000000000013,0.5384615384615384,1.0
0.97,0.99,0.2,B3_STRATIFIED,0.1,constant,1.0,0,8,False,511.0,0.5384615384615384,1.0
0.97,0.99,0.2,B3_STRATIFIED,0.2,alpha_0.95,0.95,0,8,False,674.0000000000013,0.5384615384615384,1.0
0.97,0.99,0.2,B3_STRATIFIED,0.2,constant,1.0,0,8,False,544.0,0.5384615384615384,1.0
0.97,0.99,0.2,B3_STRATIFIED,0.3,alpha_0.95,0.95,0,8,False,709.0000000000013,0.5769230769230769,1.0
0.97,0.99,0.2,B3_STRATIFIED,0.3,constant,1.0,0,8,False,579.0,0.5769230769230769,1.0
0.97,0.99,0.2,B3_STRATIFIED,0.4,alpha_0.95,0.95,0,8,False,743.0000000000013,0.6153846153846154,1.0
0.97,0.99,0.2,B3_STRATIFIED,0.4,constant,1.0,0,8,False,613.0,0.6153846153846154,1.0
0.97,0.99,0.2,B3_STRATIFIED,0.5,alpha_0.95,0.95,0,8,False,770.0000000000013,0.6538461538461539,1.0
0.97,0.99,0.2,B3_STRATIFIED,0.5,constant,1.0,0,8,False,640.0,0.6538461538461539,1.0
0.97,0.99,0.2,B3_STRATIFIED,0.7,alpha_0.95,0.95,0,8,False,838.0000000000013,0.8461538461538461,1.0
0.97,0.99,0.2,B3_STRATIFIED,0.7,constant,1.0,0,8,False,708.0,0.8461538461538461,1.0
0.97,0.99,0.2,B3_STRATIFIED,1.0,alpha_0.95,0.95,0,8,False,926.0000000000013,1.0,1.0
0.97,0.99,0.2,B3_STRATIFIED,1.0,constant,1.0,0,8,False,796.0,1.0,1.0
0.97,1.0,0.0,B2_SRS,0.0,alpha_0.95,0.95,0,8,False,349.2000000000003,0.0,1.0
0.97,1.0,0.0,B2_SRS,0.0,constant,1.0,0,8,False,240.0,0.0,1.0
0.97,1.0,0.0,B2_SRS,0.05,alpha_0.95,0.95,0,8,False,402.15000000000026,0.4230769230769231,1.0
0.97,1.0,0.0,B2_SRS,0.05,constant,1.0,0,8,False,313.0,0.4230769230769231,1.0
0.97,1.0,0.0,B2_SRS,0.1,alpha_0.95,0.95,0,8,False,418.15000000000026,0.4230769230769231,1.0
0.97,1.0,0.0,B2_SRS,0.1,constant,1.0,0,8,False,324.0,0.4230769230769231,1.0
0.97,1.0,0.0,B2_SRS,0.2,alpha_0.95,0.95,0,8,False,457.2000000000003,0.4230769230769231,1.0
0.97,1.0,0.0,B2_SRS,0.2,constant,1.0,0,8,False,348.0,0.4230769230769231,1.0
0.97,1.0,0.0,B2_SRS,0.3,alpha_0.95,0.95,0,8,False,492.2500000000002,0.4230769230769231,1.0
0.97,1.0,0.0,B2_SRS,0.3,constant,1.0,0,8,False,383.04999999999995,0.4230769230769231,1.0
0.97,1.0,0.0,B2_SRS,0.4,alpha_0.95,0.95,0,8,False,524.3000000000002,0.4230769230769231,1.0
0.97,1.0,0.0,B2_SRS,0.4,constant,1.0,0,8,False,415.0999999999999,0.4230769230769231,1.0
0.97,1.0,0.0,B2_SRS,0.5,alpha_0.95,0.95,0,8,False,555.2500000000002,0.4230769230769231,1.0
0.97,1.0,0.0,B2_SRS,0.5,constant,1.0,0,8,False,446.04999999999995,0.4230769230769231,1.0
0.97,1.0,0.0,B2_SRS,0.7,alpha_0.95,0.95,0,8,False,608.2000000000003,0.5769230769230769,1.0
0.97,1.0,0.0,B2_SRS,0.7,constant,1.0,0,8,False,499.0,0.5769230769230769,1.0
0.97,1.0,0.0,B2_SRS,1.0,alpha_0.95,0.95,0,8,False,673.2000000000003,1.0,1.0
0.97,1.0,0.0,B2_SRS,1.0,constant,1.0,0,8,False,564.0,1.0,1.0
0.97,1.0,0.0,B3_STRATIFIED,0.0,alpha_0.95,0.95,0,8,False,349.2000000000003,0.0,1.0
0.97,1.0,0.0,B3_STRATIFIED,0.0,constant,1.0,0,8,False,240.0,0.0,1.0
0.97,1.0,0.0,B3_STRATIFIED,0.05,alpha_0.95,0.95,0,8,False,417.2000000000003,0.5,1.0
0.97,1.0,0.0,B3_STRATIFIED,0.05,constant,1.0,0,8,False,350.0,0.5,1.0
0.97,1.0,0.0,B3_STRATIFIED,0.1,alpha_0.95,0.95,0,8,False,428.2000000000003,0.5365384615384616,1.0
0.97,1.0,0.0,B3_STRATIFIED,0.1,constant,1.0,0,8,False,350.0,0.5365384615384616,1.0
0.97,1.0,0.0,B3_STRATIFIED,0.2,alpha_0.95,0.95,0,8,False,461.2000000000003,0.5384615384615384,1.0
0.97,1.0,0.0,B3_STRATIFIED,0.2,constant,1.0,0,8,False,352.0,0.5384615384615384,1.0
0.97,1.0,0.0,B3_STRATIFIED,0.3,alpha_0.95,0.95,0,8,False,489.2500000000002,0.5769230769230769,1.0
0.97,1.0,0.0,B3_STRATIFIED,0.3,constant,1.0,0,8,False,380.04999999999995,0.5769230769230769,1.0
0.97,1.0,0.0,B3_STRATIFIED,0.4,alpha_0.95,0.95,0,8,False,523.2000000000003,0.5769230769230769,1.0
0.97,1.0,0.0,B3_STRATIFIED,0.4,constant,1.0,0,8,False,414.0,0.5769230769230769,1.0
0.97,1.0,0.0,B3_STRATIFIED,0.5,alpha_0.95,0.95,0,8,False,536.2000000000003,0.5769230769230769,1.0
0.97,1.0,0.0,B3_STRATIFIED,0.5,constant,1.0,0,8,False,427.0,0.5769230769230769,1.0
0.97,1.0,0.0,B3_STRATIFIED,0.7,alpha_0.95,0.95,0,8,False,608.2000000000003,0.5769230769230769,1.0
0.97,1.0,0.0,B3_STRATIFIED,0.7,constant,1.0,0,8,False,499.0,0.5769230769230769,1.0
0.97,1.0,0.0,B3_STRATIFIED,1.0,alpha_0.95,0.95,0,8,False,673.2000000000003,1.0,1.0
0.97,1.0,0.0,B3_STRATIFIED,1.0,constant,1.0,0,8,False,564.0,1.0,1.0
0.97,1.0,0.05,B2_SRS,0.0,alpha_0.95,0.95,0,8,False,417.2500000000006,0.0,1.0
0.97,1.0,0.05,B2_SRS,0.0,constant,1.0,0,8,False,295.0,0.0,1.0
0.97,1.0,0.05,B2_SRS,0.05,alpha_0.95,0.95,0,8,False,441.2500000000006,0.4230769230769231,1.0
0.97,1.0,0.05,B2_SRS,0.05,constant,1.0,0,8,False,345.0,0.4230769230769231,1.0
0.97,1.0,0.05,B2_SRS,0.1,alpha_0.95,0.95,0,8,False,461.2500000000006,0.4230769230769231,1.0
0.97,1.0,0.05,B2_SRS,0.1,constant,1.0,0,8,False,355.0,0.4230769230769231,1.0
0.97,1.0,0.05,B2_SRS,0.2,alpha_0.95,0.95,0,8,False,495.2500000000006,0.4230769230769231,1.0
0.97,1.0,0.05,B2_SRS,0.2,constant,1.0,0,8,False,373.04999999999995,0.4230769230769231,1.0
0.97,1.0,0.05,B2_SRS,0.3,alpha_0.95,0.95,0,8,False,530.2500000000007,0.4230769230769231,1.0
0.97,1.0,0.05,B2_SRS,0.3,constant,1.0,0,8,False,408.0,0.4230769230769231,1.0
0.97,1.0,0.05,B2_SRS,0.4,alpha_0.95,0.95,0,8,False,562.2500000000007,0.4230769230769231,1.0
0.97,1.0,0.05,B2_SRS,0.4,constant,1.0,0,8,False,440.0,0.4230769230769231,1.0
0.97,1.0,0.05,B2_SRS,0.5,alpha_0.95,0.95,0,8,False,596.2500000000007,0.4230769230769231,1.0
0.97,1.0,0.05,B2_SRS,0.5,constant,1.0,0,8,False,474.0,0.4230769230769231,1.0
0.97,1.0,0.05,B2_SRS,0.7,alpha_0.95,0.95,0,8,False,660.2500000000007,0.5769230769230769,1.0
0.97,1.0,0.05,B2_SRS,0.7,constant,1.0,0,8,False,538.0,0.5769230769230769,1.0
0.97,1.0,0.05,B2_SRS,1.0,alpha_0.95,0.95,0,8,False,742.2500000000007,1.0,1.0
0.97,1.0,0.05,B2_SRS,1.0,constant,1.0,0,8,False,620.0,1.0,1.0
0.97,1.0,0.05,B3_STRATIFIED,0.0,alpha_0.95,0.95,0,8,False,417.2500000000006,0.0,1.0
0.97,1.0,0.05,B3_STRATIFIED,0.0,constant,1.0,0,8,False,295.0,0.0,1.0
0.97,1.0,0.05,B3_STRATIFIED,0.05,alpha_0.95,0.95,0,8,False,442.2500000000006,0.5384615384615384,1.0
0.97,1.0,0.05,B3_STRATIFIED,0.05,constant,1.0,0,8,False,351.0,0.5384615384615384,1.0
0.97,1.0,0.05,B3_STRATIFIED,0.1,alpha_0.95,0.95,0,8,False,463.2500000000006,0.5384615384615384,1.0
0.97,1.0,0.05,B3_STRATIFIED,0.1,constant,1.0,0,8,False,362.0,0.5384615384615384,1.0
0.97,1.0,0.05,B3_STRATIFIED,0.2,alpha_0.95,0.95,0,8,False,495.2500000000006,0.5769230769230769,1.0
0.97,1.0,0.05,B3_STRATIFIED,0.2,constant,1.0,0,8,False,380.0,0.5769230769230769,1.0
0.97,1.0,0.05,B3_STRATIFIED,0.3,alpha_0.95,0.95,0,8,False,528.2500000000007,0.6134615384615386,1.0
0.97,1.0,0.05,B3_STRATIFIED,0.3,constant,1.0,0,8,False,406.0,0.6134615384615386,1.0
0.97,1.0,0.05,B3_STRATIFIED,0.4,alpha_0.95,0.95,0,8,False,558.2500000000007,0.6538461538461539,1.0
0.97,1.0,0.05,B3_STRATIFIED,0.4,constant,1.0,0,8,False,436.0,0.6538461538461539,1.0
0.97,1.0,0.05,B3_STRATIFIED,0.5,alpha_0.95,0.95,0,8,False,591.2500000000007,0.6923076923076923,1.0
0.97,1.0,0.05,B3_STRATIFIED,0.5,constant,1.0,0,8,False,469.0,0.6923076923076923,1.0
0.97,1.0,0.05,B3_STRATIFIED,0.7,alpha_0.95,0.95,0,8,False,656.3000000000006,0.8461538461538461,1.0
0.97,1.0,0.05,B3_STRATIFIED,0.7,constant,1.0,0,8,False,534.05,0.8461538461538461,1.0
0.97,1.0,0.05,B3_STRATIFIED,1.0,alpha_0.95,0.95,0,8,False,742.2500000000007,1.0,1.0
0.97,1.0,0.05,B3_STRATIFIED,1.0,constant,1.0,0,8,False,620.0,1.0,1.0
0.97,1.0,0.1,B2_SRS,0.0,alpha_0.95,0.95,0,8,False,477.8000000000014,0.0,1.0
0.97,1.0,0.1,B2_SRS,0.0,constant,1.0,0,8,False,351.0,0.0,1.0
0.97,1.0,0.1,B2_SRS,0.05,alpha_0.95,0.95,0,8,False,499.8000000000014,0.4230769230769231,1.0
0.97,1.0,0.1,B2_SRS,0.05,constant,1.0,0,8,False,373.0,0.4230769230769231,1.0
0.97,1.0,0.1,B2_SRS,0.1,alpha_0.95,0.95,0,8,False,516.8000000000013,0.4230769230769231,1.0
0.97,1.0,0.1,B2_SRS,0.1,constant,1.0,0,8,False,390.0,0.4230769230769231,1.0
0.97,1.0,0.1,B2_SRS,0.2,alpha_0.95,0.95,0,8,False,550.8000000000013,0.4230769230769231,1.0
0.97,1.0,0.1,B2_SRS,0.2,constant,1.0,0,8,False,424.0,0.4230769230769231,1.0
0.97,1.0,0.1,B2_SRS,0.3,alpha_0.95,0.95,0,8,False,583.8000000000013,0.4230769230769231,1.0
0.97,1.0,0.1,B2_SRS,0.3,constant,1.0,0,8,False,457.0,0.4230769230769231,1.0
0.97,1.0,0.1,B2_SRS,0.4,alpha_0.95,0.95,0,8,False,617.8000000000013,0.4230769230769231,1.0
0.97,1.0,0.1,B2_SRS,0.4,constant,1.0,0,8,False,491.0,0.4230769230769231,1.0
0.97,1.0,0.1,B2_SRS,0.5,alpha_0.95,0.95,0,8,False,649.8000000000013,0.4230769230769231,1.0
0.97,1.0,0.1,B2_SRS,0.5,constant,1.0,0,8,False,523.0,0.4230769230769231,1.0
0.97,1.0,0.1,B2_SRS,0.7,alpha_0.95,0.95,0,8,False,714.8500000000013,0.5769230769230769,1.0
0.97,1.0,0.1,B2_SRS,0.7,constant,1.0,0,8,False,588.05,0.5769230769230769,1.0
0.97,1.0,0.1,B2_SRS,1.0,alpha_0.95,0.95,0,8,False,802.8000000000013,1.0,1.0
0.97,1.0,0.1,B2_SRS,1.0,constant,1.0,0,8,False,676.0,1.0,1.0
0.97,1.0,0.1,B3_STRATIFIED,0.0,alpha_0.95,0.95,0,8,False,477.8000000000014,0.0,1.0
0.97,1.0,0.1,B3_STRATIFIED,0.0,constant,1.0,0,8,False,351.0,0.0,1.0
0.97,1.0,0.1,B3_STRATIFIED,0.05,alpha_0.95,0.95,0,8,False,497.8000000000014,0.5384615384615384,1.0
0.97,1.0,0.1,B3_STRATIFIED,0.05,constant,1.0,0,8,False,371.0,0.5384615384615384,1.0
0.97,1.0,0.1,B3_STRATIFIED,0.1,alpha_0.95,0.95,0,8,False,516.8000000000013,0.5384615384615384,1.0
0.97,1.0,0.1,B3_STRATIFIED,0.1,constant,1.0,0,8,False,390.0,0.5384615384615384,1.0
0.97,1.0,0.1,B3_STRATIFIED,0.2,alpha_0.95,0.95,0,8,False,550.8000000000013,0.5384615384615384,1.0
0.97,1.0,0.1,B3_STRATIFIED,0.2,constant,1.0,0,8,False,424.0,0.5384615384615384,1.0
0.97,1.0,0.1,B3_STRATIFIED,0.3,alpha_0.95,0.95,0,8,False,584.8000000000013,0.5769230769230769,1.0
0.97,1.0,0.1,B3_STRATIFIED,0.3,constant,1.0,0,8,False,458.0,0.5769230769230769,1.0
0.97,1.0,0.1,B3_STRATIFIED,0.4,alpha_0.95,0.95,0,8,False,616.8000000000013,0.6538461538461539,1.0
0.97,1.0,0.1,B3_STRATIFIED,0.4,constant,1.0,0,8,False,490.0,0.6538461538461539,1.0
0.97,1.0,0.1,B3_STRATIFIED,0.5,alpha_0.95,0.95,0,8,False,648.8000000000013,0.6923076923076923,1.0
0.97,1.0,0.1,B3_STRATIFIED,0.5,constant,1.0,0,8,False,522.0,0.6923076923076923,1.0
0.97,1.0,0.1,B3_STRATIFIED,0.7,alpha_0.95,0.95,0,8,False,712.8000000000013,0.8076923076923077,1.0
0.97,1.0,0.1,B3_STRATIFIED,0.7,constant,1.0,0,8,False,586.0,0.8076923076923077,1.0
0.97,1.0,0.1,B3_STRATIFIED,1.0,alpha_0.95,0.95,0,8,False,802.8000000000013,1.0,1.0
0.97,1.0,0.1,B3_STRATIFIED,1.0,constant,1.0,0,8,False,676.0,1.0,1.0
0.97,1.0,0.2,B2_SRS,0.0,alpha_0.95,0.95,0,8,False,592.8000000000013,0.0,1.0
0.97,1.0,0.2,B2_SRS,0.0,constant,1.0,0,8,False,463.0,0.0,1.0
0.97,1.0,0.2,B2_SRS,0.05,alpha_0.95,0.95,0,8,False,611.8000000000013,0.4230769230769231,1.0
0.97,1.0,0.2,B2_SRS,0.05,constant,1.0,0,8,False,482.0,0.4230769230769231,1.0
0.97,1.0,0.2,B2_SRS,0.1,alpha_0.95,0.95,0,8,False,629.8000000000013,0.4230769230769231,1.0
0.97,1.0,0.2,B2_SRS,0.1,constant,1.0,0,8,False,500.0,0.4230769230769231,1.0
0.97,1.0,0.2,B2_SRS,0.2,alpha_0.95,0.95,0,8,False,663.8000000000013,0.4230769230769231,1.0
0.97,1.0,0.2,B2_SRS,0.2,constant,1.0,0,8,False,534.0,0.4230769230769231,1.0
0.97,1.0,0.2,B2_SRS,0.3,alpha_0.95,0.95,0,8,False,697.8000000000013,0.4230769230769231,1.0
0.97,1.0,0.2,B2_SRS,0.3,constant,1.0,0,8,False,568.0,0.4230769230769231,1.0
0.97,1.0,0.2,B2_SRS,0.4,alpha_0.95,0.95,0,8,False,729.8000000000013,0.4230769230769231,1.0
0.97,1.0,0.2,B2_SRS,0.4,constant,1.0,0,8,False,600.0,0.4230769230769231,1.0
0.97,1.0,0.2,B2_SRS,0.5,alpha_0.95,0.95,0,8,False,762.8000000000013,0.4230769230769231,1.0
0.97,1.0,0.2,B2_SRS,0.5,constant,1.0,0,8,False,633.0,0.4230769230769231,1.0
0.97,1.0,0.2,B2_SRS,0.7,alpha_0.95,0.95,0,8,False,827.8000000000013,0.5769230769230769,1.0
0.97,1.0,0.2,B2_SRS,0.7,constant,1.0,0,8,False,698.0,0.5769230769230769,1.0
0.97,1.0,0.2,B2_SRS,1.0,alpha_0.95,0.95,0,8,False,917.8000000000013,1.0,1.0
0.97,1.0,0.2,B2_SRS,1.0,constant,1.0,0,8,False,788.0,1.0,1.0
0.97,1.0,0.2,B3_STRATIFIED,0.0,alpha_0.95,0.95,0,8,False,592.8000000000013,0.0,1.0
0.97,1.0,0.2,B3_STRATIFIED,0.0,constant,1.0,0,8,False,463.0,0.0,1.0
0.97,1.0,0.2,B3_STRATIFIED,0.05,alpha_0.95,0.95,0,8,False,616.8000000000013,0.5384615384615384,1.0
0.97,1.0,0.2,B3_STRATIFIED,0.05,constant,1.0,0,8,False,487.0,0.5384615384615384,1.0
0.97,1.0,0.2,B3_STRATIFIED,0.1,alpha_0.95,0.95,0,8,False,630.8000000000013,0.5384615384615384,1.0
0.97,1.0,0.2,B3_STRATIFIED,0.1,constant,1.0,0,8,False,501.0,0.5384615384615384,1.0
0.97,1.0,0.2,B3_STRATIFIED,0.2,alpha_0.95,0.95,0,8,False,665.8000000000013,0.5384615384615384,1.0
0.97,1.0,0.2,B3_STRATIFIED,0.2,constant,1.0,0,8,False,536.0,0.5384615384615384,1.0
0.97,1.0,0.2,B3_STRATIFIED,0.3,alpha_0.95,0.95,0,8,False,699.8000000000013,0.5769230769230769,1.0
0.97,1.0,0.2,B3_STRATIFIED,0.3,constant,1.0,0,8,False,570.0,0.5769230769230769,1.0
0.97,1.0,0.2,B3_STRATIFIED,0.4,alpha_0.95,0.95,0,8,False,731.8000000000013,0.6538461538461539,1.0
0.97,1.0,0.2,B3_STRATIFIED,0.4,constant,1.0,0,8,False,602.0,0.6538461538461539,1.0
0.97,1.0,0.2,B3_STRATIFIED,0.5,alpha_0.95,0.95,0,8,False,764.8000000000013,0.6903846153846155,1.0
0.97,1.0,0.2,B3_STRATIFIED,0.5,constant,1.0,0,8,False,635.0,0.6903846153846155,1.0
0.97,1.0,0.2,B3_STRATIFIED,0.7,alpha_0.95,0.95,0,8,False,828.8000000000013,0.8461538461538461,1.0
0.97,1.0,0.2,B3_STRATIFIED,0.7,constant,1.0,0,8,False,699.0,0.8461538461538461,1.0
0.97,1.0,0.2,B3_STRATIFIED,1.0,alpha_0.95,0.95,0,8,False,917.8000000000013,1.0,1.0
0.97,1.0,0.2,B3_STRATIFIED,1.0,constant,1.0,0,8,False,788.0,1.0,1.0
0.99,0.8,0.0,B2_SRS,0.0,alpha_0.95,0.95,0,8,False,595.8000000000013,0.4230769230769231,1.0
0.99,0.8,0.0,B2_SRS,0.0,constant,1.0,0,8,False,466.0,0.4230769230769231,1.0
0.99,0.8,0.0,B2_SRS,0.05,alpha_0.95,0.95,0,8,False,615.8000000000013,0.4230769230769231,1.0
0.99,0.8,0.0,B2_SRS,0.05,constant,1.0,0,8,False,486.0,0.4230769230769231,1.0
0.99,0.8,0.0,B2_SRS,0.1,alpha_0.95,0.95,0,8,False,633.8000000000013,0.4230769230769231,1.0
0.99,0.8,0.0,B2_SRS,0.1,constant,1.0,0,8,False,504.0,0.4230769230769231,1.0
0.99,0.8,0.0,B2_SRS,0.2,alpha_0.95,0.95,0,8,False,667.8000000000013,0.4230769230769231,1.0
0.99,0.8,0.0,B2_SRS,0.2,constant,1.0,0,8,False,538.0,0.4230769230769231,1.0
0.99,0.8,0.0,B2_SRS,0.3,alpha_0.95,0.95,0,8,False,699.8000000000013,0.4230769230769231,1.0
0.99,0.8,0.0,B2_SRS,0.3,constant,1.0,0,8,False,570.0,0.4230769230769231,1.0
0.99,0.8,0.0,B2_SRS,0.4,alpha_0.95,0.95,0,8,False,732.8000000000013,0.4230769230769231,1.0
0.99,0.8,0.0,B2_SRS,0.4,constant,1.0,0,8,False,603.0,0.4230769230769231,1.0
0.99,0.8,0.0,B2_SRS,0.5,alpha_0.95,0.95,0,8,False,764.8000000000013,0.4230769230769231,1.0
0.99,0.8,0.0,B2_SRS,0.5,constant,1.0,0,8,False,635.0,0.4230769230769231,1.0
0.99,0.8,0.0,B2_SRS,0.7,alpha_0.95,0.95,0,8,False,828.8000000000013,0.4230769230769231,1.0
0.99,0.8,0.0,B2_SRS,0.7,constant,1.0,0,8,False,699.0,0.4230769230769231,1.0
0.99,0.8,0.0,B2_SRS,1.0,alpha_0.95,0.95,0,8,False,917.8000000000013,1.0,1.0
0.99,0.8,0.0,B2_SRS,1.0,constant,1.0,0,8,False,788.0,1.0,1.0
0.99,0.8,0.0,B3_STRATIFIED,0.0,alpha_0.95,0.95,0,8,False,595.8000000000013,0.4230769230769231,1.0
0.99,0.8,0.0,B3_STRATIFIED,0.0,constant,1.0,0,8,False,466.0,0.4230769230769231,1.0
0.99,0.8,0.0,B3_STRATIFIED,0.05,alpha_0.95,0.95,0,8,False,619.8000000000013,0.7307692307692307,1.0
0.99,0.8,0.0,B3_STRATIFIED,0.05,constant,1.0,0,8,False,490.0,0.7307692307692307,1.0
0.99,0.8,0.0,B3_STRATIFIED,0.1,alpha_0.95,0.95,0,8,False,633.8000000000013,0.7307692307692307,1.0
0.99,0.8,0.0,B3_STRATIFIED,0.1,constant,1.0,0,8,False,504.0,0.7307692307692307,1.0
0.99,0.8,0.0,B3_STRATIFIED,0.2,alpha_0.95,0.95,0,8,False,668.8000000000013,0.7692307692307693,1.0
0.99,0.8,0.0,B3_STRATIFIED,0.2,constant,1.0,0,8,False,539.0,0.7692307692307693,1.0
0.99,0.8,0.0,B3_STRATIFIED,0.3,alpha_0.95,0.95,0,8,False,702.8000000000013,0.7692307692307693,1.0
0.99,0.8,0.0,B3_STRATIFIED,0.3,constant,1.0,0,8,False,573.0,0.7692307692307693,1.0
0.99,0.8,0.0,B3_STRATIFIED,0.4,alpha_0.95,0.95,0,8,False,733.8000000000013,0.8076923076923077,1.0
0.99,0.8,0.0,B3_STRATIFIED,0.4,constant,1.0,0,8,False,604.0,0.8076923076923077,1.0
0.99,0.8,0.0,B3_STRATIFIED,0.5,alpha_0.95,0.95,0,8,False,766.8000000000013,0.8076923076923077,1.0
0.99,0.8,0.0,B3_STRATIFIED,0.5,constant,1.0,0,8,False,637.0,0.8076923076923077,1.0
0.99,0.8,0.0,B3_STRATIFIED,0.7,alpha_0.95,0.95,0,8,False,829.8000000000013,0.9230769230769231,1.0
0.99,0.8,0.0,B3_STRATIFIED,0.7,constant,1.0,0,8,False,700.0,0.9230769230769231,1.0
0.99,0.8,0.0,B3_STRATIFIED,1.0,alpha_0.95,0.95,0,8,False,917.8000000000013,1.0,1.0
0.99,0.8,0.0,B3_STRATIFIED,1.0,constant,1.0,0,8,False,788.0,1.0,1.0
0.99,0.8,0.05,B2_SRS,0.0,alpha_0.95,0.95,0,8,False,640.6000000000006,0.4230769230769231,1.0
0.99,0.8,0.05,B2_SRS,0.0,constant,1.0,0,8,False,510.0,0.4230769230769231,1.0
0.99,0.8,0.05,B2_SRS,0.05,alpha_0.95,0.95,0,8,False,659.6000000000006,0.4230769230769231,1.0
0.99,0.8,0.05,B2_SRS,0.05,constant,1.0,0,8,False,529.0,0.4230769230769231,1.0
0.99,0.8,0.05,B2_SRS,0.1,alpha_0.95,0.95,0,8,False,676.6000000000006,0.4230769230769231,1.0
0.99,0.8,0.05,B2_SRS,0.1,constant,1.0,0,8,False,546.0,0.4230769230769231,1.0
0.99,0.8,0.05,B2_SRS,0.2,alpha_0.95,0.95,0,8,False,710.6000000000006,0.4230769230769231,1.0
0.99,0.8,0.05,B2_SRS,0.2,constant,1.0,0,8,False,580.0,0.4230769230769231,1.0
0.99,0.8,0.05,B2_SRS,0.3,alpha_0.95,0.95,0,8,False,743.6000000000006,0.4230769230769231,1.0
0.99,0.8,0.05,B2_SRS,0.3,constant,1.0,0,8,False,613.0,0.4230769230769231,1.0
0.99,0.8,0.05,B2_SRS,0.4,alpha_0.95,0.95,0,8,False,776.6000000000006,0.4230769230769231,1.0
0.99,0.8,0.05,B2_SRS,0.4,constant,1.0,0,8,False,646.0,0.4230769230769231,1.0
0.99,0.8,0.05,B2_SRS,0.5,alpha_0.95,0.95,0,8,False,807.6000000000006,0.4230769230769231,1.0
0.99,0.8,0.05,B2_SRS,0.5,constant,1.0,0,8,False,677.0,0.4230769230769231,1.0
0.99,0.8,0.05,B2_SRS,0.7,alpha_0.95,0.95,0,8,False,872.6000000000006,0.4230769230769231,1.0
0.99,0.8,0.05,B2_SRS,0.7,constant,1.0,0,8,False,742.0,0.4230769230769231,1.0
0.99,0.8,0.05,B2_SRS,1.0,alpha_0.95,0.95,0,8,False,962.6000000000006,1.0,1.0
0.99,0.8,0.05,B2_SRS,1.0,constant,1.0,0,8,False,832.0,1.0,1.0
0.99,0.8,0.05,B3_STRATIFIED,0.0,alpha_0.95,0.95,0,8,False,640.6000000000006,0.4230769230769231,1.0
0.99,0.8,0.05,B3_STRATIFIED,0.0,constant,1.0,0,8,False,510.0,0.4230769230769231,1.0
0.99,0.8,0.05,B3_STRATIFIED,0.05,alpha_0.95,0.95,0,8,False,660.6000000000006,0.7692307692307693,1.0
0.99,0.8,0.05,B3_STRATIFIED,0.05,constant,1.0,0,8,False,530.0,0.7692307692307693,1.0
0.99,0.8,0.05,B3_STRATIFIED,0.1,alpha_0.95,0.95,0,8,False,676.6000000000006,0.7692307692307693,1.0
0.99,0.8,0.05,B3_STRATIFIED,0.1,constant,1.0,0,8,False,546.0,0.7692307692307693,1.0
0.99,0.8,0.05,B3_STRATIFIED,0.2,alpha_0.95,0.95,0,8,False,710.6000000000006,0.7692307692307693,1.0
0.99,0.8,0.05,B3_STRATIFIED,0.2,constant,1.0,0,8,False,580.0,0.7692307692307693,1.0
0.99,0.8,0.05,B3_STRATIFIED,0.3,alpha_0.95,0.95,0,8,False,743.6000000000006,0.8076923076923077,1.0
0.99,0.8,0.05,B3_STRATIFIED,0.3,constant,1.0,0,8,False,613.0,0.8076923076923077,1.0
0.99,0.8,0.05,B3_STRATIFIED,0.4,alpha_0.95,0.95,0,8,False,776.6000000000006,0.8076923076923077,1.0
0.99,0.8,0.05,B3_STRATIFIED,0.4,constant,1.0,0,8,False,646.0,0.8076923076923077,1.0
0.99,0.8,0.05,B3_STRATIFIED,0.5,alpha_0.95,0.95,0,8,False,808.6000000000006,0.8461538461538461,1.0
0.99,0.8,0.05,B3_STRATIFIED,0.5,constant,1.0,0,8,False,678.0,0.8461538461538461,1.0
0.99,0.8,0.05,B3_STRATIFIED,0.7,alpha_0.95,0.95,0,8,False,873.6000000000006,0.9230769230769231,1.0
0.99,0.8,0.05,B3_STRATIFIED,0.7,constant,1.0,0,8,False,743.0,0.9230769230769231,1.0
0.99,0.8,0.05,B3_STRATIFIED,1.0,alpha_0.95,0.95,0,8,False,962.6000000000006,1.0,1.0
0.99,0.8,0.05,B3_STRATIFIED,1.0,constant,1.0,0,8,False,832.0,1.0,1.0
0.99,0.8,0.1,B2_SRS,0.0,alpha_0.95,0.95,0,8,False,686.6000000000001,0.4230769230769231,1.0
0.99,0.8,0.1,B2_SRS,0.0,constant,1.0,0,8,False,556.0,0.4230769230769231,1.0
0.99,0.8,0.1,B2_SRS,0.05,alpha_0.95,0.95,0,8,False,706.6000000000001,0.4230769230769231,1.0
0.99,0.8,0.1,B2_SRS,0.05,constant,1.0,0,8,False,576.0,0.4230769230769231,1.0
0.99,0.8,0.1,B2_SRS,0.1,alpha_0.95,0.95,0,8,False,723.6500000000001,0.4230769230769231,1.0
0.99,0.8,0.1,B2_SRS,0.1,constant,1.0,0,8,False,593.05,0.4230769230769231,1.0
0.99,0.8,0.1,B2_SRS,0.2,alpha_0.95,0.95,0,8,False,756.6000000000001,0.4230769230769231,1.0
0.99,0.8,0.1,B2_SRS,0.2,constant,1.0,0,8,False,626.0,0.4230769230769231,1.0
0.99,0.8,0.1,B2_SRS,0.3,alpha_0.95,0.95,0,8,False,789.6000000000001,0.4230769230769231,1.0
0.99,0.8,0.1,B2_SRS,0.3,constant,1.0,0,8,False,659.0,0.4230769230769231,1.0
0.99,0.8,0.1,B2_SRS,0.4,alpha_0.95,0.95,0,8,False,821.6000000000001,0.4230769230769231,1.0
0.99,0.8,0.1,B2_SRS,0.4,constant,1.0,0,8,False,691.0,0.4230769230769231,1.0
0.99,0.8,0.1,B2_SRS,0.5,alpha_0.95,0.95,0,8,False,853.6500000000001,0.4230769230769231,1.0
0.99,0.8,0.1,B2_SRS,0.5,constant,1.0,0,8,False,723.05,0.4230769230769231,1.0
0.99,0.8,0.1,B2_SRS,0.7,alpha_0.95,0.95,0,8,False,918.6000000000001,0.4230769230769231,1.0
0.99,0.8,0.1,B2_SRS,0.7,constant,1.0,0,8,False,788.0,0.4230769230769231,1.0
0.99,0.8,0.1,B2_SRS,1.0,alpha_0.95,0.95,0,8,False,1008.6000000000001,1.0,1.0
0.99,0.8,0.1,B2_SRS,1.0,constant,1.0,0,8,False,878.0,1.0,1.0
0.99,0.8,0.1,B3_STRATIFIED,0.0,alpha_0.95,0.95,0,8,False,686.6000000000001,0.4230769230769231,1.0
0.99,0.8,0.1,B3_STRATIFIED,0.0,constant,1.0,0,8,False,556.0,0.4230769230769231,1.0
0.99,0.8,0.1,B3_STRATIFIED,0.05,alpha_0.95,0.95,0,8,False,706.6000000000001,0.7673076923076925,1.0
0.99,0.8,0.1,B3_STRATIFIED,0.05,constant,1.0,0,8,False,576.0,0.7673076923076925,1.0
0.99,0.8,0.1,B3_STRATIFIED,0.1,alpha_0.95,0.95,0,8,False,723.6000000000001,0.7692307692307693,1.0
0.99,0.8,0.1,B3_STRATIFIED,0.1,constant,1.0,0,8,False,593.0,0.7692307692307693,1.0
0.99,0.8,0.1,B3_STRATIFIED,0.2,alpha_0.95,0.95,0,8,False,756.6000000000001,0.7692307692307693,1.0
0.99,0.8,0.1,B3_STRATIFIED,0.2,constant,1.0,0,8,False,626.0,0.7692307692307693,1.0
0.99,0.8,0.1,B3_STRATIFIED,0.3,alpha_0.95,0.95,0,8,False,790.6000000000001,0.7692307692307693,1.0
0.99,0.8,0.1,B3_STRATIFIED,0.3,constant,1.0,0,8,False,660.0,0.7692307692307693,1.0
0.99,0.8,0.1,B3_STRATIFIED,0.4,alpha_0.95,0.95,0,8,False,821.6000000000001,0.8076923076923077,1.0
0.99,0.8,0.1,B3_STRATIFIED,0.4,constant,1.0,0,8,False,691.0,0.8076923076923077,1.0
0.99,0.8,0.1,B3_STRATIFIED,0.5,alpha_0.95,0.95,0,8,False,854.6000000000001,0.8076923076923077,1.0
0.99,0.8,0.1,B3_STRATIFIED,0.5,constant,1.0,0,8,False,724.0,0.8076923076923077,1.0
0.99,0.8,0.1,B3_STRATIFIED,0.7,alpha_0.95,0.95,0,8,False,917.6000000000001,0.9230769230769231,1.0
0.99,0.8,0.1,B3_STRATIFIED,0.7,constant,1.0,0,8,False,787.0,0.9230769230769231,1.0
0.99,0.8,0.1,B3_STRATIFIED,1.0,alpha_0.95,0.95,0,8,False,1008.6000000000001,1.0,1.0
0.99,0.8,0.1,B3_STRATIFIED,1.0,constant,1.0,0,8,False,878.0,1.0,1.0
0.99,0.8,0.2,B2_SRS,0.0,alpha_0.95,0.95,0,8,False,774.5999999999998,0.4230769230769231,1.0
0.99,0.8,0.2,B2_SRS,0.0,constant,1.0,0,8,False,644.0,0.4230769230769231,1.0
0.99,0.8,0.2,B2_SRS,0.05,alpha_0.95,0.95,0,8,False,793.5999999999998,0.4230769230769231,1.0
0.99,0.8,0.2,B2_SRS,0.05,constant,1.0,0,8,False,663.0,0.4230769230769231,1.0
0.99,0.8,0.2,B2_SRS,0.1,alpha_0.95,0.95,0,8,False,810.5999999999998,0.4230769230769231,1.0
0.99,0.8,0.2,B2_SRS,0.1,constant,1.0,0,8,False,680.0,0.4230769230769231,1.0
0.99,0.8,0.2,B2_SRS,0.2,alpha_0.95,0.95,0,8,False,843.5999999999998,0.4230769230769231,1.0
0.99,0.8,0.2,B2_SRS,0.2,constant,1.0,0,8,False,713.0,0.4230769230769231,1.0
0.99,0.8,0.2,B2_SRS,0.3,alpha_0.95,0.95,0,8,False,875.5999999999998,0.4230769230769231,1.0
0.99,0.8,0.2,B2_SRS,0.3,constant,1.0,0,8,False,745.0,0.4230769230769231,1.0
0.99,0.8,0.2,B2_SRS,0.4,alpha_0.95,0.95,0,8,False,908.5999999999998,0.4230769230769231,1.0
0.99,0.8,0.2,B2_SRS,0.4,constant,1.0,0,8,False,778.0,0.4230769230769231,1.0
0.99,0.8,0.2,B2_SRS,0.5,alpha_0.95,0.95,0,8,False,940.5999999999998,0.4230769230769231,1.0
0.99,0.8,0.2,B2_SRS,0.5,constant,1.0,0,8,False,810.0,0.4230769230769231,1.0
0.99,0.8,0.2,B2_SRS,0.7,alpha_0.95,0.95,0,8,False,1004.5999999999998,0.4230769230769231,1.0
0.99,0.8,0.2,B2_SRS,0.7,constant,1.0,0,8,False,874.0,0.4230769230769231,1.0
0.99,0.8,0.2,B2_SRS,1.0,alpha_0.95,0.95,0,8,False,1096.6,1.0,1.0
0.99,0.8,0.2,B2_SRS,1.0,constant,1.0,0,8,False,966.0,1.0,1.0
0.99,0.8,0.2,B3_STRATIFIED,0.0,alpha_0.95,0.95,0,8,False,774.5999999999998,0.4230769230769231,1.0
0.99,0.8,0.2,B3_STRATIFIED,0.0,constant,1.0,0,8,False,644.0,0.4230769230769231,1.0
0.99,0.8,0.2,B3_STRATIFIED,0.05,alpha_0.95,0.95,0,8,False,794.5999999999998,0.7692307692307693,1.0
0.99,0.8,0.2,B3_STRATIFIED,0.05,constant,1.0,0,8,False,664.0,0.7692307692307693,1.0
0.99,0.8,0.2,B3_STRATIFIED,0.1,alpha_0.95,0.95,0,8,False,811.5999999999998,0.7692307692307693,1.0
0.99,0.8,0.2,B3_STRATIFIED,0.1,constant,1.0,0,8,False,681.0,0.7692307692307693,1.0
0.99,0.8,0.2,B3_STRATIFIED,0.2,alpha_0.95,0.95,0,8,False,843.5999999999998,0.7692307692307693,1.0
0.99,0.8,0.2,B3_STRATIFIED,0.2,constant,1.0,0,8,False,713.0,0.7692307692307693,1.0
0.99,0.8,0.2,B3_STRATIFIED,0.3,alpha_0.95,0.95,0,8,False,875.5999999999998,0.8057692307692309,1.0
0.99,0.8,0.2,B3_STRATIFIED,0.3,constant,1.0,0,8,False,745.0,0.8057692307692309,1.0
0.99,0.8,0.2,B3_STRATIFIED,0.4,alpha_0.95,0.95,0,8,False,908.5999999999998,0.8442307692307693,1.0
0.99,0.8,0.2,B3_STRATIFIED,0.4,constant,1.0,0,8,False,778.0,0.8442307692307693,1.0
0.99,0.8,0.2,B3_STRATIFIED,0.5,alpha_0.95,0.95,0,8,False,940.5999999999998,0.8461538461538461,1.0
0.99,0.8,0.2,B3_STRATIFIED,0.5,constant,1.0,0,8,False,810.0,0.8461538461538461,1.0
0.99,0.8,0.2,B3_STRATIFIED,0.7,alpha_0.95,0.95,0,8,False,1005.5999999999998,0.9230769230769231,1.0
0.99,0.8,0.2,B3_STRATIFIED,0.7,constant,1.0,0,8,False,875.0,0.9230769230769231,1.0
0.99,0.8,0.2,B3_STRATIFIED,1.0,alpha_0.95,0.95,0,8,False,1096.6,1.0,1.0
0.99,0.8,0.2,B3_STRATIFIED,1.0,constant,1.0,0,8,False,966.0,1.0,1.0
0.99,0.85,0.0,B2_SRS,0.0,alpha_0.95,0.95,0,8,False,538.4000000000018,0.4230769230769231,1.0
0.99,0.85,0.0,B2_SRS,0.0,constant,1.0,0,8,False,410.0,0.4230769230769231,1.0
0.99,0.85,0.0,B2_SRS,0.05,alpha_0.95,0.95,0,8,False,559.4000000000018,0.4230769230769231,1.0
0.99,0.85,0.0,B2_SRS,0.05,constant,1.0,0,8,False,431.0,0.4230769230769231,1.0
0.99,0.85,0.0,B2_SRS,0.1,alpha_0.95,0.95,0,8,False,576.4000000000018,0.4230769230769231,1.0
0.99,0.85,0.0,B2_SRS,0.1,constant,1.0,0,8,False,448.0,0.4230769230769231,1.0
0.99,0.85,0.0,B2_SRS,0.2,alpha_0.95,0.95,0,8,False,610.4000000000018,0.4230769230769231,1.0
0.99,0.85,0.0,B2_SRS,0.2,constant,1.0,0,8,False,482.0,0.4230769230769231,1.0
0.99,0.85,0.0,B2_SRS,0.3,alpha_0.95,0.95,0,8,False,643.4500000000018,0.4230769230769231,1.0
0.99,0.85,0.0,B2_SRS,0.3,constant,1.0,0,8,False,515.05,0.4230769230769231,1.0
0.99,0.85,0.0,B2_SRS,0.4,alpha_0.95,0.95,0,8,False,676.4000000000018,0.4230769230769231,1.0
0.99,0.85,0.0,B2_SRS,0.4,constant,1.0,0,8,False,548.0,0.4230769230769231,1.0
0.99,0.85,0.0,B2_SRS,0.5,alpha_0.95,0.95,0,8,False,708.4000000000018,0.4230769230769231,1.0
0.99,0.85,0.0,B2_SRS,0.5,constant,1.0,0,8,False,580.0,0.4230769230769231,1.0
0.99,0.85,0.0,B2_SRS,0.7,alpha_0.95,0.95,0,8,False,772.4000000000018,0.4230769230769231,1.0
0.99,0.85,0.0,B2_SRS,0.7,constant,1.0,0,8,False,644.0,0.4230769230769231,1.0
0.99,0.85,0.0,B2_SRS,1.0,alpha_0.95,0.95,0,8,False,860.4000000000018,1.0,1.0
0.99,0.85,0.0,B2_SRS,1.0,constant,1.0,0,8,False,732.0,1.0,1.0
0.99,0.85,0.0,B3_STRATIFIED,0.0,alpha_0.95,0.95,0,8,False,538.4000000000018,0.4230769230769231,1.0
0.99,0.85,0.0,B3_STRATIFIED,0.0,constant,1.0,0,8,False,410.0,0.4230769230769231,1.0
0.99,0.85,0.0,B3_STRATIFIED,0.05,alpha_0.95,0.95,0,8,False,560.4000000000018,0.7692307692307693,1.0
0.99,0.85,0.0,B3_STRATIFIED,0.05,constant,1.0,0,8,False,432.0,0.7692307692307693,1.0
0.99,0.85,0.0,B3_STRATIFIED,0.1,alpha_0.95,0.95,0,8,False,576.4000000000018,0.7692307692307693,1.0
0.99,0.85,0.0,B3_STRATIFIED,0.1,constant,1.0,0,8,False,448.0,0.7692307692307693,1.0
0.99,0.85,0.0,B3_STRATIFIED,0.2,alpha_0.95,0.95,0,8,False,612.4000000000018,0.7692307692307693,1.0
0.99,0.85,0.0,B3_STRATIFIED,0.2,constant,1.0,0,8,False,484.0,0.7692307692307693,1.0
0.99,0.85,0.0,B3_STRATIFIED,0.3,alpha_0.95,0.95,0,8,False,647.4000000000018,0.8057692307692309,1.0
0.99,0.85,0.0,B3_STRATIFIED,0.3,constant,1.0,0,8,False,519.0,0.8057692307692309,1.0
0.99,0.85,0.0,B3_STRATIFIED,0.4,alpha_0.95,0.95,0,8,False,678.4000000000018,0.8076923076923077,1.0
0.99,0.85,0.0,B3_STRATIFIED,0.4,constant,1.0,0,8,False,550.0,0.8076923076923077,1.0
0.99,0.85,0.0,B3_STRATIFIED,0.5,alpha_0.95,0.95,0,8,False,708.4000000000018,0.8442307692307693,1.0
0.99,0.85,0.0,B3_STRATIFIED,0.5,constant,1.0,0,8,False,580.0,0.8442307692307693,1.0
0.99,0.85,0.0,B3_STRATIFIED,0.7,alpha_0.95,0.95,0,8,False,773.4000000000018,0.9230769230769231,1.0
0.99,0.85,0.0,B3_STRATIFIED,0.7,constant,1.0,0,8,False,645.0,0.9230769230769231,1.0
0.99,0.85,0.0,B3_STRATIFIED,1.0,alpha_0.95,0.95,0,8,False,860.4000000000018,1.0,1.0
0.99,0.85,0.0,B3_STRATIFIED,1.0,constant,1.0,0,8,False,732.0,1.0,1.0
0.99,0.85,0.05,B2_SRS,0.0,alpha_0.95,0.95,0,8,False,587.6000000000014,0.4230769230769231,1.0
0.99,0.85,0.05,B2_SRS,0.0,constant,1.0,0,8,False,458.0,0.4230769230769231,1.0
0.99,0.85,0.05,B2_SRS,0.05,alpha_0.95,0.95,0,8,False,607.6000000000014,0.4230769230769231,1.0
0.99,0.85,0.05,B2_SRS,0.05,constant,1.0,0,8,False,478.0,0.4230769230769231,1.0
0.99,0.85,0.05,B2_SRS,0.1,alpha_0.95,0.95,0,8,False,625.6000000000014,0.4230769230769231,1.0
0.99,0.85,0.05,B2_SRS,0.1,constant,1.0,0,8,False,496.0,0.4230769230769231,1.0
0.99,0.85,0.05,B2_SRS,0.2,alpha_0.95,0.95,0,8,False,658.6500000000013,0.4230769230769231,1.0
0.99,0.85,0.05,B2_SRS,0.2,constant,1.0,0,8,False,529.05,0.4230769230769231,1.0
0.99,0.85,0.05,B2_SRS,0.3,alpha_0.95,0.95,0,8,False,691.6000000000014,0.4230769230769231,1.0
0.99,0.85,0.05,B2_SRS,0.3,constant,1.0,0,8,False,562.0,0.4230769230769231,1.0
0.99,0.85,0.05,B2_SRS,0.4,alpha_0.95,0.95,0,8,False,723.6500000000013,0.4230769230769231,1.0
0.99,0.85,0.05,B2_SRS,0.4,constant,1.0,0,8,False,594.05,0.4230769230769231,1.0
0.99,0.85,0.05,B2_SRS,0.5,alpha_0.95,0.95,0,8,False,755.6000000000014,0.4230769230769231,1.0
0.99,0.85,0.05,B2_SRS,0.5,constant,1.0,0,8,False,626.0,0.4230769230769231,1.0
0.99,0.85,0.05,B2_SRS,0.7,alpha_0.95,0.95,0,8,False,820.6000000000014,0.4230769230769231,1.0
0.99,0.85,0.05,B2_SRS,0.7,constant,1.0,0,8,False,691.0,0.4230769230769231,1.0
0.99,0.85,0.05,B2_SRS,1.0,alpha_0.95,0.95,0,8,False,909.6000000000014,1.0,1.0
0.99,0.85,0.05,B2_SRS,1.0,constant,1.0,0,8,False,780.0,1.0,1.0
0.99,0.85,0.05,B3_STRATIFIED,0.0,alpha_0.95,0.95,0,8,False,587.6000000000014,0.4230769230769231,1.0
0.99,0.85,0.05,B3_STRATIFIED,0.0,constant,1.0,0,8,False,458.0,0.4230769230769231,1.0
0.99,0.85,0.05,B3_STRATIFIED,0.05,alpha_0.95,0.95,0,8,False,611.6000000000014,0.7673076923076925,1.0
0.99,0.85,0.05,B3_STRATIFIED,0.05,constant,1.0,0,8,False,482.0,0.7673076923076925,1.0
0.99,0.85,0.05,B3_STRATIFIED,0.1,alpha_0.95,0.95,0,8,False,627.6000000000014,0.7673076923076925,1.0
0.99,0.85,0.05,B3_STRATIFIED,0.1,constant,1.0,0,8,False,498.0,0.7673076923076925,1.0
0.99,0.85,0.05,B3_STRATIFIED,0.2,alpha_0.95,0.95,0,8,False,660.6000000000014,0.7692307692307693,1.0
0.99,0.85,0.05,B3_STRATIFIED,0.2,constant,1.0,0,8,False,531.0,0.7692307692307693,1.0
0.99,0.85,0.05,B3_STRATIFIED,0.3,alpha_0.95,0.95,0,8,False,692.6500000000013,0.7692307692307693,1.0
0.99,0.85,0.05,B3_STRATIFIED,0.3,constant,1.0,0,8,False,563.05,0.7692307692307693,1.0
0.99,0.85,0.05,B3_STRATIFIED,0.4,alpha_0.95,0.95,0,8,False,726.6000000000014,0.8076923076923077,1.0
0.99,0.85,0.05,B3_STRATIFIED,0.4,constant,1.0,0,8,False,597.0,0.8076923076923077,1.0
0.99,0.85,0.05,B3_STRATIFIED,0.5,alpha_0.95,0.95,0,8,False,758.6000000000014,0.8076923076923077,1.0
0.99,0.85,0.05,B3_STRATIFIED,0.5,constant,1.0,0,8,False,629.0,0.8076923076923077,1.0
0.99,0.85,0.05,B3_STRATIFIED,0.7,alpha_0.95,0.95,0,8,False,823.6000000000014,0.9230769230769231,1.0
0.99,0.85,0.05,B3_STRATIFIED,0.7,constant,1.0,0,8,False,694.0,0.9230769230769231,1.0
0.99,0.85,0.05,B3_STRATIFIED,1.0,alpha_0.95,0.95,0,8,False,909.6000000000014,1.0,1.0
0.99,0.85,0.05,B3_STRATIFIED,1.0,constant,1.0,0,8,False,780.0,1.0,1.0
0.99,0.85,0.1,B2_SRS,0.0,alpha_0.95,0.95,0,8,False,634.6000000000008,0.4230769230769231,1.0
0.99,0.85,0.1,B2_SRS,0.0,constant,1.0,0,8,False,504.0,0.4230769230769231,1.0
0.99,0.85,0.1,B2_SRS,0.05,alpha_0.95,0.95,0,8,False,653.6000000000008,0.4230769230769231,1.0
0.99,0.85,0.1,B2_SRS,0.05,constant,1.0,0,8,False,523.0,0.4230769230769231,1.0
0.99,0.85,0.1,B2_SRS,0.1,alpha_0.95,0.95,0,8,False,671.6000000000008,0.4230769230769231,1.0
0.99,0.85,0.1,B2_SRS,0.1,constant,1.0,0,8,False,541.0,0.4230769230769231,1.0
0.99,0.85,0.1,B2_SRS,0.2,alpha_0.95,0.95,0,8,False,703.6000000000008,0.4230769230769231,1.0
0.99,0.85,0.1,B2_SRS,0.2,constant,1.0,0,8,False,573.0,0.4230769230769231,1.0
0.99,0.85,0.1,B2_SRS,0.3,alpha_0.95,0.95,0,8,False,737.6000000000008,0.4230769230769231,1.0
0.99,0.85,0.1,B2_SRS,0.3,constant,1.0,0,8,False,607.0,0.4230769230769231,1.0
0.99,0.85,0.1,B2_SRS,0.4,alpha_0.95,0.95,0,8,False,769.6000000000008,0.4230769230769231,1.0
0.99,0.85,0.1,B2_SRS,0.4,constant,1.0,0,8,False,639.0,0.4230769230769231,1.0
0.99,0.85,0.1,B2_SRS,0.5,alpha_0.95,0.95,0,8,False,801.6500000000008,0.4230769230769231,1.0
0.99,0.85,0.1,B2_SRS,0.5,constant,1.0,0,8,False,671.05,0.4230769230769231,1.0
0.99,0.85,0.1,B2_SRS,0.7,alpha_0.95,0.95,0,8,False,866.6000000000008,0.4230769230769231,1.0
0.99,0.85,0.1,B2_SRS,0.7,constant,1.0,0,8,False,736.0,0.4230769230769231,1.0
0.99,0.85,0.1,B2_SRS,1.0,alpha_0.95,0.95,0,8,False,956.6000000000008,1.0,1.0
0.99,0.85,0.1,B2_SRS,1.0,constant,1.0,0,8,False,826.0,1.0,1.0
0.99,0.85,0.1,B3_STRATIFIED,0.0,alpha_0.95,0.95,0,8,False,634.6000000000008,0.4230769230769231,1.0
0.99,0.85,0.1,B3_STRATIFIED,0.0,constant,1.0,0,8,False,504.0,0.4230769230769231,1.0
0.99,0.85,0.1,B3_STRATIFIED,0.05,alpha_0.95,0.95,0,8,False,655.6000000000008,0.7307692307692307,1.0
0.99,0.85,0.1,B3_STRATIFIED,0.05,constant,1.0,0,8,False,525.0,0.7307692307692307,1.0
0.99,0.85,0.1,B3_STRATIFIED,0.1,alpha_0.95,0.95,0,8,False,671.6000000000008,0.7307692307692307,1.0
0.99,0.85,0.1,B3_STRATIFIED,0.1,constant,1.0,0,8,False,541.0,0.7307692307692307,1.0
0.99,0.85,0.1,B3_STRATIFIED,0.2,alpha_0.95,0.95,0,8,False,704.6500000000008,0.7307692307692307,1.0
0.99,0.85,0.1,B3_STRATIFIED,0.2,constant,1.0,0,8,False,574.05,0.7307692307692307,1.0
0.99,0.85,0.1,B3_STRATIFIED,0.3,alpha_0.95,0.95,0,8,False,738.6500000000008,0.7692307692307693,1.0
0.99,0.85,0.1,B3_STRATIFIED,0.3,constant,1.0,0,8,False,608.05,0.7692307692307693,1.0
0.99,0.85,0.1,B3_STRATIFIED,0.4,alpha_0.95,0.95,0,8,False,770.6000000000008,0.8057692307692309,1.0
0.99,0.85,0.1,B3_STRATIFIED,0.4,constant,1.0,0,8,False,640.0,0.8057692307692309,1.0
0.99,0.85,0.1,B3_STRATIFIED,0.5,alpha_0.95,0.95,0,8,False,801.6000000000008,0.8076923076923077,1.0
0.99,0.85,0.1,B3_STRATIFIED,0.5,constant,1.0,0,8,False,671.0,0.8076923076923077,1.0
0.99,0.85,0.1,B3_STRATIFIED,0.7,alpha_0.95,0.95,0,8,False,865.6000000000008,0.9230769230769231,1.0
0.99,0.85,0.1,B3_STRATIFIED,0.7,constant,1.0,0,8,False,735.0,0.9230769230769231,1.0
0.99,0.85,0.1,B3_STRATIFIED,1.0,alpha_0.95,0.95,0,8,False,956.6000000000008,1.0,1.0
0.99,0.85,0.1,B3_STRATIFIED,1.0,constant,1.0,0,8,False,826.0,1.0,1.0
0.99,0.85,0.2,B2_SRS,0.0,alpha_0.95,0.95,0,8,False,730.6,0.4230769230769231,1.0
0.99,0.85,0.2,B2_SRS,0.0,constant,1.0,0,8,False,600.0,0.4230769230769231,1.0
0.99,0.85,0.2,B2_SRS,0.05,alpha_0.95,0.95,0,8,False,750.6,0.4230769230769231,1.0
0.99,0.85,0.2,B2_SRS,0.05,constant,1.0,0,8,False,620.0,0.4230769230769231,1.0
0.99,0.85,0.2,B2_SRS,0.1,alpha_0.95,0.95,0,8,False,767.6,0.4230769230769231,1.0
0.99,0.85,0.2,B2_SRS,0.1,constant,1.0,0,8,False,637.0,0.4230769230769231,1.0
0.99,0.85,0.2,B2_SRS,0.2,alpha_0.95,0.95,0,8,False,800.6,0.4230769230769231,1.0
0.99,0.85,0.2,B2_SRS,0.2,constant,1.0,0,8,False,670.0,0.4230769230769231,1.0
0.99,0.85,0.2,B2_SRS,0.3,alpha_0.95,0.95,0,8,False,832.6,0.4230769230769231,1.0
0.99,0.85,0.2,B2_SRS,0.3,constant,1.0,0,8,False,702.0,0.4230769230769231,1.0
0.99,0.85,0.2,B2_SRS,0.4,alpha_0.95,0.95,0,8,False,865.65,0.4230769230769231,1.0
0.99,0.85,0.2,B2_SRS,0.4,constant,1.0,0,8,False,735.05,0.4230769230769231,1.0
0.99,0.85,0.2,B2_SRS,0.5,alpha_0.95,0.95,0,8,False,897.6,0.4230769230769231,1.0
0.99,0.85,0.2,B2_SRS,0.5,constant,1.0,0,8,False,767.0,0.4230769230769231,1.0
0.99,0.85,0.2,B2_SRS,0.7,alpha_0.95,0.95,0,8,False,962.6,0.4230769230769231,1.0
0.99,0.85,0.2,B2_SRS,0.7,constant,1.0,0,8,False,832.0,0.4230769230769231,1.0
0.99,0.85,0.2,B2_SRS,1.0,alpha_0.95,0.95,0,8,False,1052.6,1.0,1.0
0.99,0.85,0.2,B2_SRS,1.0,constant,1.0,0,8,False,922.0,1.0,1.0
0.99,0.85,0.2,B3_STRATIFIED,0.0,alpha_0.95,0.95,0,8,False,730.6,0.4230769230769231,1.0
0.99,0.85,0.2,B3_STRATIFIED,0.0,constant,1.0,0,8,False,600.0,0.4230769230769231,1.0
0.99,0.85,0.2,B3_STRATIFIED,0.05,alpha_0.95,0.95,0,8,False,750.6,0.7307692307692307,1.0
0.99,0.85,0.2,B3_STRATIFIED,0.05,constant,1.0,0,8,False,620.0,0.7307692307692307,1.0
0.99,0.85,0.2,B3_STRATIFIED,0.1,alpha_0.95,0.95,0,8,False,768.6,0.7307692307692307,1.0
0.99,0.85,0.2,B3_STRATIFIED,0.1,constant,1.0,0,8,False,638.0,0.7307692307692307,1.0
0.99,0.85,0.2,B3_STRATIFIED,0.2,alpha_0.95,0.95,0,8,False,801.6,0.7692307692307693,1.0
0.99,0.85,0.2,B3_STRATIFIED,0.2,constant,1.0,0,8,False,671.0,0.7692307692307693,1.0
0.99,0.85,0.2,B3_STRATIFIED,0.3,alpha_0.95,0.95,0,8,False,833.6,0.8076923076923077,1.0
0.99,0.85,0.2,B3_STRATIFIED,0.3,constant,1.0,0,8,False,703.0,0.8076923076923077,1.0
0.99,0.85,0.2,B3_STRATIFIED,0.4,alpha_0.95,0.95,0,8,False,866.6,0.8076923076923077,1.0
0.99,0.85,0.2,B3_STRATIFIED,0.4,constant,1.0,0,8,False,736.0,0.8076923076923077,1.0
0.99,0.85,0.2,B3_STRATIFIED,0.5,alpha_0.95,0.95,0,8,False,897.6,0.8461538461538461,1.0
0.99,0.85,0.2,B3_STRATIFIED,0.5,constant,1.0,0,8,False,767.0,0.8461538461538461,1.0
0.99,0.85,0.2,B3_STRATIFIED,0.7,alpha_0.95,0.95,0,8,False,961.65,0.9230769230769231,1.0
0.99,0.85,0.2,B3_STRATIFIED,0.7,constant,1.0,0,8,False,831.05,0.9230769230769231,1.0
0.99,0.85,0.2,B3_STRATIFIED,1.0,alpha_0.95,0.95,0,8,False,1052.6,1.0,1.0
0.99,0.85,0.2,B3_STRATIFIED,1.0,constant,1.0,0,8,False,922.0,1.0,1.0
0.99,0.9,0.0,B2_SRS,0.0,alpha_0.95,0.95,0,8,False,480.8000000000014,0.4230769230769231,1.0
0.99,0.9,0.0,B2_SRS,0.0,constant,1.0,0,8,False,354.0,0.4230769230769231,1.0
0.99,0.9,0.0,B2_SRS,0.05,alpha_0.95,0.95,0,8,False,500.8000000000014,0.4230769230769231,1.0
0.99,0.9,0.0,B2_SRS,0.05,constant,1.0,0,8,False,374.0,0.4230769230769231,1.0
0.99,0.9,0.0,B2_SRS,0.1,alpha_0.95,0.95,0,8,False,517.8000000000013,0.4230769230769231,1.0
0.99,0.9,0.0,B2_SRS,0.1,constant,1.0,0,8,False,391.0,0.4230769230769231,1.0
0.99,0.9,0.0,B2_SRS,0.2,alpha_0.95,0.95,0,8,False,551.8000000000013,0.4230769230769231,1.0
0.99,0.9,0.0,B2_SRS,0.2,constant,1.0,0,8,False,425.0,0.4230769230769231,1.0
0.99,0.9,0.0,B2_SRS,0.3,alpha_0.95,0.95,0,8,False,584.8000000000013,0.4230769230769231,1.0
0.99,0.9,0.0,B2_SRS,0.3,constant,1.0,0,8,False,458.0,0.4230769230769231,1.0
0.99,0.9,0.0,B2_SRS,0.4,alpha_0.95,0.95,0,8,False,617.8000000000013,0.4230769230769231,1.0
0.99,0.9,0.0,B2_SRS,0.4,constant,1.0,0,8,False,491.0,0.4230769230769231,1.0
0.99,0.9,0.0,B2_SRS,0.5,alpha_0.95,0.95,0,8,False,649.8000000000013,0.4230769230769231,1.0
0.99,0.9,0.0,B2_SRS,0.5,constant,1.0,0,8,False,523.0,0.4230769230769231,1.0
0.99,0.9,0.0,B2_SRS,0.7,alpha_0.95,0.95,0,8,False,714.8000000000013,0.4230769230769231,1.0
0.99,0.9,0.0,B2_SRS,0.7,constant,1.0,0,8,False,588.0,0.4230769230769231,1.0
0.99,0.9,0.0,B2_SRS,1.0,alpha_0.95,0.95,0,8,False,802.8000000000013,1.0,1.0
0.99,0.9,0.0,B2_SRS,1.0,constant,1.0,0,8,False,676.0,1.0,1.0
0.99,0.9,0.0,B3_STRATIFIED,0.0,alpha_0.95,0.95,0,8,False,480.8000000000014,0.4230769230769231,1.0
0.99,0.9,0.0,B3_STRATIFIED,0.0,constant,1.0,0,8,False,354.0,0.4230769230769231,1.0
0.99,0.9,0.0,B3_STRATIFIED,0.05,alpha_0.95,0.95,0,8,False,500.8000000000014,0.7307692307692307,1.0
0.99,0.9,0.0,B3_STRATIFIED,0.05,constant,1.0,0,8,False,376.0,0.7307692307692307,1.0
0.99,0.9,0.0,B3_STRATIFIED,0.1,alpha_0.95,0.95,0,8,False,519.8000000000013,0.7307692307692307,1.0
0.99,0.9,0.0,B3_STRATIFIED,0.1,constant,1.0,0,8,False,395.0,0.7307692307692307,1.0
0.99,0.9,0.0,B3_STRATIFIED,0.2,alpha_0.95,0.95,0,8,False,553.8000000000013,0.7692307692307693,1.0
0.99,0.9,0.0,B3_STRATIFIED,0.2,constant,1.0,0,8,False,427.0,0.7692307692307693,1.0
0.99,0.9,0.0,B3_STRATIFIED,0.3,alpha_0.95,0.95,0,8,False,585.8000000000013,0.7692307692307693,1.0
0.99,0.9,0.0,B3_STRATIFIED,0.3,constant,1.0,0,8,False,459.0,0.7692307692307693,1.0
0.99,0.9,0.0,B3_STRATIFIED,0.4,alpha_0.95,0.95,0,8,False,617.8000000000013,0.8076923076923077,1.0
0.99,0.9,0.0,B3_STRATIFIED,0.4,constant,1.0,0,8,False,491.0,0.8076923076923077,1.0
0.99,0.9,0.0,B3_STRATIFIED,0.5,alpha_0.95,0.95,0,8,False,650.8000000000013,0.8076923076923077,1.0
0.99,0.9,0.0,B3_STRATIFIED,0.5,constant,1.0,0,8,False,524.0,0.8076923076923077,1.0
0.99,0.9,0.0,B3_STRATIFIED,0.7,alpha_0.95,0.95,0,8,False,714.8000000000013,0.9230769230769231,1.0
0.99,0.9,0.0,B3_STRATIFIED,0.7,constant,1.0,0,8,False,588.0,0.9230769230769231,1.0
0.99,0.9,0.0,B3_STRATIFIED,1.0,alpha_0.95,0.95,0,8,False,802.8000000000013,1.0,1.0
0.99,0.9,0.0,B3_STRATIFIED,1.0,constant,1.0,0,8,False,676.0,1.0,1.0
0.99,0.9,0.05,B2_SRS,0.0,alpha_0.95,0.95,0,8,False,532.2500000000018,0.4230769230769231,1.0
0.99,0.9,0.05,B2_SRS,0.0,constant,1.0,0,8,False,404.0,0.4230769230769231,1.0
0.99,0.9,0.05,B2_SRS,0.05,alpha_0.95,0.95,0,8,False,554.2500000000018,0.4230769230769231,1.0
0.99,0.9,0.05,B2_SRS,0.05,constant,1.0,0,8,False,426.0,0.4230769230769231,1.0
0.99,0.9,0.05,B2_SRS,0.1,alpha_0.95,0.95,0,8,False,570.2500000000018,0.4230769230769231,1.0
0.99,0.9,0.05,B2_SRS,0.1,constant,1.0,0,8,False,442.0,0.4230769230769231,1.0
0.99,0.9,0.05,B2_SRS,0.2,alpha_0.95,0.95,0,8,False,603.2500000000018,0.4230769230769231,1.0
0.99,0.9,0.05,B2_SRS,0.2,constant,1.0,0,8,False,475.0,0.4230769230769231,1.0
0.99,0.9,0.05,B2_SRS,0.3,alpha_0.95,0.95,0,8,False,637.2500000000018,0.4230769230769231,1.0
0.99,0.9,0.05,B2_SRS,0.3,constant,1.0,0,8,False,509.0,0.4230769230769231,1.0
0.99,0.9,0.05,B2_SRS,0.4,alpha_0.95,0.95,0,8,False,669.2500000000018,0.4230769230769231,1.0
0.99,0.9,0.05,B2_SRS,0.4,constant,1.0,0,8,False,541.0,0.4230769230769231,1.0
0.99,0.9,0.05,B2_SRS,0.5,alpha_0.95,0.95,0,8,False,702.2500000000018,0.4230769230769231,1.0
0.99,0.9,0.05,B2_SRS,0.5,constant,1.0,0,8,False,574.0,0.4230769230769231,1.0
0.99,0.9,0.05,B2_SRS,0.7,alpha_0.95,0.95,0,8,False,766.2500000000018,0.4230769230769231,1.0
0.99,0.9,0.05,B2_SRS,0.7,constant,1.0,0,8,False,638.0,0.4230769230769231,1.0
0.99,0.9,0.05,B2_SRS,1.0,alpha_0.95,0.95,0,8,False,854.2500000000018,1.0,1.0
0.99,0.9,0.05,B2_SRS,1.0,constant,1.0,0,8,False,726.0,1.0,1.0
0.99,0.9,0.05,B3_STRATIFIED,0.0,alpha_0.95,0.95,0,8,False,532.2500000000018,0.4230769230769231,1.0
0.99,0.9,0.05,B3_STRATIFIED,0.0,constant,1.0,0,8,False,404.0,0.4230769230769231,1.0
0.99,0.9,0.05,B3_STRATIFIED,0.05,alpha_0.95,0.95,0,8,False,557.2500000000018,0.7692307692307693,1.0
0.99,0.9,0.05,B3_STRATIFIED,0.05,constant,1.0,0,8,False,429.0,0.7692307692307693,1.0
0.99,0.9,0.05,B3_STRATIFIED,0.1,alpha_0.95,0.95,0,8,False,573.2500000000018,0.7692307692307693,1.0
0.99,0.9,0.05,B3_STRATIFIED,0.1,constant,1.0,0,8,False,445.0,0.7692307692307693,1.0
0.99,0.9,0.05,B3_STRATIFIED,0.2,alpha_0.95,0.95,0,8,False,607.2500000000018,0.7692307692307693,1.0
0.99,0.9,0.05,B3_STRATIFIED,0.2,constant,1.0,0,8,False,479.0,0.7692307692307693,1.0
0.99,0.9,0.05,B3_STRATIFIED,0.3,alpha_0.95,0.95,0,8,False,636.3000000000018,0.7692307692307693,1.0
0.99,0.9,0.05,B3_STRATIFIED,0.3,constant,1.0,0,8,False,508.04999999999995,0.7692307692307693,1.0
0.99,0.9,0.05,B3_STRATIFIED,0.4,alpha_0.95,0.95,0,8,False,670.2500000000018,0.8076923076923077,1.0
0.99,0.9,0.05,B3_STRATIFIED,0.4,constant,1.0,0,8,False,542.0,0.8076923076923077,1.0
0.99,0.9,0.05,B3_STRATIFIED,0.5,alpha_0.95,0.95,0,8,False,700.2500000000018,0.8076923076923077,1.0
0.99,0.9,0.05,B3_STRATIFIED,0.5,constant,1.0,0,8,False,572.0,0.8076923076923077,1.0
0.99,0.9,0.05,B3_STRATIFIED,0.7,alpha_0.95,0.95,0,8,False,767.2500000000018,0.9230769230769231,1.0
0.99,0.9,0.05,B3_STRATIFIED,0.7,constant,1.0,0,8,False,639.0,0.9230769230769231,1.0
0.99,0.9,0.05,B3_STRATIFIED,1.0,alpha_0.95,0.95,0,8,False,854.2500000000018,1.0,1.0
0.99,0.9,0.05,B3_STRATIFIED,1.0,constant,1.0,0,8,False,726.0,1.0,1.0
0.99,0.9,0.1,B2_SRS,0.0,alpha_0.95,0.95,0,8,False,583.5000000000015,0.4230769230769231,1.0
0.99,0.9,0.1,B2_SRS,0.0,constant,1.0,0,8,False,454.0,0.4230769230769231,1.0
0.99,0.9,0.1,B2_SRS,0.05,alpha_0.95,0.95,0,8,False,603.5500000000014,0.4230769230769231,1.0
0.99,0.9,0.1,B2_SRS,0.05,constant,1.0,0,8,False,474.04999999999995,0.4230769230769231,1.0
0.99,0.9,0.1,B2_SRS,0.1,alpha_0.95,0.95,0,8,False,620.5000000000015,0.4230769230769231,1.0
0.99,0.9,0.1,B2_SRS,0.1,constant,1.0,0,8,False,491.0,0.4230769230769231,1.0
0.99,0.9,0.1,B2_SRS,0.2,alpha_0.95,0.95,0,8,False,653.5000000000015,0.4230769230769231,1.0
0.99,0.9,0.1,B2_SRS,0.2,constant,1.0,0,8,False,524.0,0.4230769230769231,1.0
0.99,0.9,0.1,B2_SRS,0.3,alpha_0.95,0.95,0,8,False,687.5000000000015,0.4230769230769231,1.0
0.99,0.9,0.1,B2_SRS,0.3,constant,1.0,0,8,False,558.0,0.4230769230769231,1.0
0.99,0.9,0.1,B2_SRS,0.4,alpha_0.95,0.95,0,8,False,719.5000000000015,0.4230769230769231,1.0
0.99,0.9,0.1,B2_SRS,0.4,constant,1.0,0,8,False,590.0,0.4230769230769231,1.0
0.99,0.9,0.1,B2_SRS,0.5,alpha_0.95,0.95,0,8,False,752.5000000000015,0.4230769230769231,1.0
0.99,0.9,0.1,B2_SRS,0.5,constant,1.0,0,8,False,623.0,0.4230769230769231,1.0
0.99,0.9,0.1,B2_SRS,0.7,alpha_0.95,0.95,0,8,False,815.5500000000014,0.4230769230769231,1.0
0.99,0.9,0.1,B2_SRS,0.7,constant,1.0,0,8,False,686.05,0.4230769230769231,1.0
0.99,0.9,0.1,B2_SRS,1.0,alpha_0.95,0.95,0,8,False,905.5000000000015,1.0,1.0
0.99,0.9,0.1,B2_SRS,1.0,constant,1.0,0,8,False,776.0,1.0,1.0
0.99,0.9,0.1,B3_STRATIFIED,0.0,alpha_0.95,0.95,0,8,False,583.5000000000015,0.4230769230769231,1.0
0.99,0.9,0.1,B3_STRATIFIED,0.0,constant,1.0,0,8,False,454.0,0.4230769230769231,1.0
0.99,0.9,0.1,B3_STRATIFIED,0.05,alpha_0.95,0.95,0,8,False,605.5000000000015,0.7307692307692307,1.0
0.99,0.9,0.1,B3_STRATIFIED,0.05,constant,1.0,0,8,False,476.0,0.7307692307692307,1.0
0.99,0.9,0.1,B3_STRATIFIED,0.1,alpha_0.95,0.95,0,8,False,621.5000000000015,0.7307692307692307,1.0
0.99,0.9,0.1,B3_STRATIFIED,0.1,constant,1.0,0,8,False,492.0,0.7307692307692307,1.0
0.99,0.9,0.1,B3_STRATIFIED,0.2,alpha_0.95,0.95,0,8,False,654.5000000000015,0.7692307692307693,1.0
0.99,0.9,0.1,B3_STRATIFIED,0.2,constant,1.0,0,8,False,525.0,0.7692307692307693,1.0
0.99,0.9,0.1,B3_STRATIFIED,0.3,alpha_0.95,0.95,0,8,False,690.5000000000015,0.7692307692307693,1.0
0.99,0.9,0.1,B3_STRATIFIED,0.3,constant,1.0,0,8,False,561.0,0.7692307692307693,1.0
0.99,0.9,0.1,B3_STRATIFIED,0.4,alpha_0.95,0.95,0,8,False,719.5000000000015,0.8076923076923077,1.0
0.99,0.9,0.1,B3_STRATIFIED,0.4,constant,1.0,0,8,False,590.0,0.8076923076923077,1.0
0.99,0.9,0.1,B3_STRATIFIED,0.5,alpha_0.95,0.95,0,8,False,752.5000000000015,0.8076923076923077,1.0
0.99,0.9,0.1,B3_STRATIFIED,0.5,constant,1.0,0,8,False,623.0,0.8076923076923077,1.0
0.99,0.9,0.1,B3_STRATIFIED,0.7,alpha_0.95,0.95,0,8,False,816.5000000000015,0.9230769230769231,1.0
0.99,0.9,0.1,B3_STRATIFIED,0.7,constant,1.0,0,8,False,687.0,0.9230769230769231,1.0
0.99,0.9,0.1,B3_STRATIFIED,1.0,alpha_0.95,0.95,0,8,False,905.5000000000015,1.0,1.0
0.99,0.9,0.1,B3_STRATIFIED,1.0,constant,1.0,0,8,False,776.0,1.0,1.0
0.99,0.9,0.2,B2_SRS,0.0,alpha_0.95,0.95,0,8,False,686.6000000000001,0.4230769230769231,1.0
0.99,0.9,0.2,B2_SRS,0.0,constant,1.0,0,8,False,556.0,0.4230769230769231,1.0
0.99,0.9,0.2,B2_SRS,0.05,alpha_0.95,0.95,0,8,False,706.6000000000001,0.4230769230769231,1.0
0.99,0.9,0.2,B2_SRS,0.05,constant,1.0,0,8,False,576.0,0.4230769230769231,1.0
0.99,0.9,0.2,B2_SRS,0.1,alpha_0.95,0.95,0,8,False,723.6500000000001,0.4230769230769231,1.0
0.99,0.9,0.2,B2_SRS,0.1,constant,1.0,0,8,False,593.05,0.4230769230769231,1.0
0.99,0.9,0.2,B2_SRS,0.2,alpha_0.95,0.95,0,8,False,756.6000000000001,0.4230769230769231,1.0
0.99,0.9,0.2,B2_SRS,0.2,constant,1.0,0,8,False,626.0,0.4230769230769231,1.0
0.99,0.9,0.2,B2_SRS,0.3,alpha_0.95,0.95,0,8,False,789.6000000000001,0.4230769230769231,1.0
0.99,0.9,0.2,B2_SRS,0.3,constant,1.0,0,8,False,659.0,0.4230769230769231,1.0
0.99,0.9,0.2,B2_SRS,0.4,alpha_0.95,0.95,0,8,False,821.6000000000001,0.4230769230769231,1.0
0.99,0.9,0.2,B2_SRS,0.4,constant,1.0,0,8,False,691.0,0.4230769230769231,1.0
0.99,0.9,0.2,B2_SRS,0.5,alpha_0.95,0.95,0,8,False,853.6500000000001,0.4230769230769231,1.0
0.99,0.9,0.2,B2_SRS,0.5,constant,1.0,0,8,False,723.05,0.4230769230769231,1.0
0.99,0.9,0.2,B2_SRS,0.7,alpha_0.95,0.95,0,8,False,918.6000000000001,0.4230769230769231,1.0
0.99,0.9,0.2,B2_SRS,0.7,constant,1.0,0,8,False,788.0,0.4230769230769231,1.0
0.99,0.9,0.2,B2_SRS,1.0,alpha_0.95,0.95,0,8,False,1008.6000000000001,1.0,1.0
0.99,0.9,0.2,B2_SRS,1.0,constant,1.0,0,8,False,878.0,1.0,1.0
0.99,0.9,0.2,B3_STRATIFIED,0.0,alpha_0.95,0.95,0,8,False,686.6000000000001,0.4230769230769231,1.0
0.99,0.9,0.2,B3_STRATIFIED,0.0,constant,1.0,0,8,False,556.0,0.4230769230769231,1.0
0.99,0.9,0.2,B3_STRATIFIED,0.05,alpha_0.95,0.95,0,8,False,706.6000000000001,0.7307692307692307,1.0
0.99,0.9,0.2,B3_STRATIFIED,0.05,constant,1.0,0,8,False,576.0,0.7307692307692307,1.0
0.99,0.9,0.2,B3_STRATIFIED,0.1,alpha_0.95,0.95,0,8,False,723.6000000000001,0.7307692307692307,1.0
0.99,0.9,0.2,B3_STRATIFIED,0.1,constant,1.0,0,8,False,593.0,0.7307692307692307,1.0
0.99,0.9,0.2,B3_STRATIFIED,0.2,alpha_0.95,0.95,0,8,False,756.6000000000001,0.7673076923076925,1.0
0.99,0.9,0.2,B3_STRATIFIED,0.2,constant,1.0,0,8,False,626.0,0.7673076923076925,1.0
0.99,0.9,0.2,B3_STRATIFIED,0.3,alpha_0.95,0.95,0,8,False,790.6000000000001,0.7692307692307693,1.0
0.99,0.9,0.2,B3_STRATIFIED,0.3,constant,1.0,0,8,False,660.0,0.7692307692307693,1.0
0.99,0.9,0.2,B3_STRATIFIED,0.4,alpha_0.95,0.95,0,8,False,821.6000000000001,0.8076923076923077,1.0
0.99,0.9,0.2,B3_STRATIFIED,0.4,constant,1.0,0,8,False,691.0,0.8076923076923077,1.0
0.99,0.9,0.2,B3_STRATIFIED,0.5,alpha_0.95,0.95,0,8,False,854.6000000000001,0.8076923076923077,1.0
0.99,0.9,0.2,B3_STRATIFIED,0.5,constant,1.0,0,8,False,724.0,0.8076923076923077,1.0
0.99,0.9,0.2,B3_STRATIFIED,0.7,alpha_0.95,0.95,0,8,False,917.6000000000001,0.9230769230769231,1.0
0.99,0.9,0.2,B3_STRATIFIED,0.7,constant,1.0,0,8,False,787.0,0.9230769230769231,1.0
0.99,0.9,0.2,B3_STRATIFIED,1.0,alpha_0.95,0.95,0,8,False,1008.6000000000001,1.0,1.0
0.99,0.9,0.2,B3_STRATIFIED,1.0,constant,1.0,0,8,False,878.0,1.0,1.0
0.99,0.95,0.0,B2_SRS,0.0,alpha_0.95,0.95,0,8,False,420.2500000000006,0.4230769230769231,1.0
0.99,0.95,0.0,B2_SRS,0.0,constant,1.0,0,8,False,298.0,0.4230769230769231,1.0
0.99,0.95,0.0,B2_SRS,0.05,alpha_0.95,0.95,0,8,False,444.2500000000006,0.4230769230769231,1.0
0.99,0.95,0.0,B2_SRS,0.05,constant,1.0,0,8,False,345.0,0.4230769230769231,1.0
0.99,0.95,0.0,B2_SRS,0.1,alpha_0.95,0.95,0,8,False,464.2500000000006,0.4230769230769231,1.0
0.99,0.95,0.0,B2_SRS,0.1,constant,1.0,0,8,False,355.0,0.4230769230769231,1.0
0.99,0.95,0.0,B2_SRS,0.2,alpha_0.95,0.95,0,8,False,499.2500000000006,0.4230769230769231,1.0
0.99,0.95,0.0,B2_SRS,0.2,constant,1.0,0,8,False,377.0,0.4230769230769231,1.0
0.99,0.95,0.0,B2_SRS,0.3,alpha_0.95,0.95,0,8,False,533.2500000000007,0.4230769230769231,1.0
0.99,0.95,0.0,B2_SRS,0.3,constant,1.0,0,8,False,411.0,0.4230769230769231,1.0
0.99,0.95,0.0,B2_SRS,0.4,alpha_0.95,0.95,0,8,False,564.2500000000007,0.4230769230769231,1.0
0.99,0.95,0.0,B2_SRS,0.4,constant,1.0,0,8,False,442.0,0.4230769230769231,1.0
0.99,0.95,0.0,B2_SRS,0.5,alpha_0.95,0.95,0,8,False,596.2500000000007,0.4230769230769231,1.0
0.99,0.95,0.0,B2_SRS,0.5,constant,1.0,0,8,False,474.0,0.4230769230769231,1.0
0.99,0.95,0.0,B2_SRS,0.7,alpha_0.95,0.95,0,8,False,661.2500000000007,0.4230769230769231,1.0
0.99,0.95,0.0,B2_SRS,0.7,constant,1.0,0,8,False,539.0,0.4230769230769231,1.0
0.99,0.95,0.0,B2_SRS,1.0,alpha_0.95,0.95,0,8,False,742.2500000000007,1.0,1.0
0.99,0.95,0.0,B2_SRS,1.0,constant,1.0,0,8,False,620.0,1.0,1.0
0.99,0.95,0.0,B3_STRATIFIED,0.0,alpha_0.95,0.95,0,8,False,420.2500000000006,0.4230769230769231,1.0
0.99,0.95,0.0,B3_STRATIFIED,0.0,constant,1.0,0,8,False,298.0,0.4230769230769231,1.0
0.99,0.95,0.0,B3_STRATIFIED,0.05,alpha_0.95,0.95,0,8,False,446.75000000000045,0.7307692307692307,1.0
0.99,0.95,0.0,B3_STRATIFIED,0.05,constant,1.0,0,8,False,351.0,0.7307692307692307,1.0
0.99,0.95,0.0,B3_STRATIFIED,0.1,alpha_0.95,0.95,0,8,False,466.2500000000006,0.7307692307692307,1.0
0.99,0.95,0.0,B3_STRATIFIED,0.1,constant,1.0,0,8,False,362.0,0.7307692307692307,1.0
0.99,0.95,0.0,B3_STRATIFIED,0.2,alpha_0.95,0.95,0,8,False,497.2500000000006,0.7692307692307693,1.0
0.99,0.95,0.0,B3_STRATIFIED,0.2,constant,1.0,0,8,False,380.0,0.7692307692307693,1.0
0.99,0.95,0.0,B3_STRATIFIED,0.3,alpha_0.95,0.95,0,8,False,530.2500000000007,0.8076923076923077,1.0
0.99,0.95,0.0,B3_STRATIFIED,0.3,constant,1.0,0,8,False,408.0,0.8076923076923077,1.0
0.99,0.95,0.0,B3_STRATIFIED,0.4,alpha_0.95,0.95,0,8,False,560.2500000000007,0.8076923076923077,1.0
0.99,0.95,0.0,B3_STRATIFIED,0.4,constant,1.0,0,8,False,438.0,0.8076923076923077,1.0
0.99,0.95,0.0,B3_STRATIFIED,0.5,alpha_0.95,0.95,0,8,False,592.2500000000007,0.8442307692307693,1.0
0.99,0.95,0.0,B3_STRATIFIED,0.5,constant,1.0,0,8,False,470.0,0.8442307692307693,1.0
0.99,0.95,0.0,B3_STRATIFIED,0.7,alpha_0.95,0.95,0,8,False,657.2500000000007,0.9230769230769231,1.0
0.99,0.95,0.0,B3_STRATIFIED,0.7,constant,1.0,0,8,False,535.0,0.9230769230769231,1.0
0.99,0.95,0.0,B3_STRATIFIED,1.0,alpha_0.95,0.95,0,8,False,742.2500000000007,1.0,1.0
0.99,0.95,0.0,B3_STRATIFIED,1.0,constant,1.0,0,8,False,620.0,1.0,1.0
0.99,0.95,0.05,B2_SRS,0.0,alpha_0.95,0.95,0,8,False,478.6500000000014,0.4230769230769231,1.0
0.99,0.95,0.05,B2_SRS,0.0,constant,1.0,0,8,False,352.0,0.4230769230769231,1.0
0.99,0.95,0.05,B2_SRS,0.05,alpha_0.95,0.95,0,8,False,498.6500000000014,0.4230769230769231,1.0
0.99,0.95,0.05,B2_SRS,0.05,constant,1.0,0,8,False,372.0,0.4230769230769231,1.0
0.99,0.95,0.05,B2_SRS,0.1,alpha_0.95,0.95,0,8,False,516.6500000000015,0.4230769230769231,1.0
0.99,0.95,0.05,B2_SRS,0.1,constant,1.0,0,8,False,390.0,0.4230769230769231,1.0
0.99,0.95,0.05,B2_SRS,0.2,alpha_0.95,0.95,0,8,False,550.6500000000015,0.4230769230769231,1.0
0.99,0.95,0.05,B2_SRS,0.2,constant,1.0,0,8,False,424.0,0.4230769230769231,1.0
0.99,0.95,0.05,B2_SRS,0.3,alpha_0.95,0.95,0,8,False,583.6500000000015,0.4230769230769231,1.0
0.99,0.95,0.05,B2_SRS,0.3,constant,1.0,0,8,False,457.0,0.4230769230769231,1.0
0.99,0.95,0.05,B2_SRS,0.4,alpha_0.95,0.95,0,8,False,617.6500000000015,0.4230769230769231,1.0
0.99,0.95,0.05,B2_SRS,0.4,constant,1.0,0,8,False,491.0,0.4230769230769231,1.0
0.99,0.95,0.05,B2_SRS,0.5,alpha_0.95,0.95,0,8,False,649.6500000000015,0.4230769230769231,1.0
0.99,0.95,0.05,B2_SRS,0.5,constant,1.0,0,8,False,523.0,0.4230769230769231,1.0
0.99,0.95,0.05,B2_SRS,0.7,alpha_0.95,0.95,0,8,False,713.6500000000015,0.4230769230769231,1.0
0.99,0.95,0.05,B2_SRS,0.7,constant,1.0,0,8,False,587.0,0.4230769230769231,1.0
0.99,0.95,0.05,B2_SRS,1.0,alpha_0.95,0.95,0,8,False,800.6500000000015,1.0,1.0
0.99,0.95,0.05,B2_SRS,1.0,constant,1.0,0,8,False,674.0,1.0,1.0
0.99,0.95,0.05,B3_STRATIFIED,0.0,alpha_0.95,0.95,0,8,False,478.6500000000014,0.4230769230769231,1.0
0.99,0.95,0.05,B3_STRATIFIED,0.0,constant,1.0,0,8,False,352.0,0.4230769230769231,1.0
0.99,0.95,0.05,B3_STRATIFIED,0.05,alpha_0.95,0.95,0,8,False,499.6500000000014,0.7673076923076925,1.0
0.99,0.95,0.05,B3_STRATIFIED,0.05,constant,1.0,0,8,False,374.0,0.7673076923076925,1.0
0.99,0.95,0.05,B3_STRATIFIED,0.1,alpha_0.95,0.95,0,8,False,518.6500000000015,0.7673076923076925,1.0
0.99,0.95,0.05,B3_STRATIFIED,0.1,constant,1.0,0,8,False,392.0,0.7673076923076925,1.0
0.99,0.95,0.05,B3_STRATIFIED,0.2,alpha_0.95,0.95,0,8,False,551.6500000000015,0.7692307692307693,1.0
0.99,0.95,0.05,B3_STRATIFIED,0.2,constant,1.0,0,8,False,425.0,0.7692307692307693,1.0
0.99,0.95,0.05,B3_STRATIFIED,0.3,alpha_0.95,0.95,0,8,False,584.6500000000015,0.8076923076923077,1.0
0.99,0.95,0.05,B3_STRATIFIED,0.3,constant,1.0,0,8,False,458.0,0.8076923076923077,1.0
0.99,0.95,0.05,B3_STRATIFIED,0.4,alpha_0.95,0.95,0,8,False,616.6500000000015,0.8076923076923077,1.0
0.99,0.95,0.05,B3_STRATIFIED,0.4,constant,1.0,0,8,False,490.0,0.8076923076923077,1.0
0.99,0.95,0.05,B3_STRATIFIED,0.5,alpha_0.95,0.95,0,8,False,647.6500000000015,0.8076923076923077,1.0
0.99,0.95,0.05,B3_STRATIFIED,0.5,constant,1.0,0,8,False,521.0,0.8076923076923077,1.0
0.99,0.95,0.05,B3_STRATIFIED,0.7,alpha_0.95,0.95,0,8,False,713.6500000000015,0.9230769230769231,1.0
0.99,0.95,0.05,B3_STRATIFIED,0.7,constant,1.0,0,8,False,587.0,0.9230769230769231,1.0
0.99,0.95,0.05,B3_STRATIFIED,1.0,alpha_0.95,0.95,0,8,False,800.6500000000015,1.0,1.0
0.99,0.95,0.05,B3_STRATIFIED,1.0,constant,1.0,0,8,False,674.0,1.0,1.0
0.99,0.95,0.1,B2_SRS,0.0,alpha_0.95,0.95,0,8,False,532.2500000000018,0.4230769230769231,1.0
0.99,0.95,0.1,B2_SRS,0.0,constant,1.0,0,8,False,404.0,0.4230769230769231,1.0
0.99,0.95,0.1,B2_SRS,0.05,alpha_0.95,0.95,0,8,False,554.2500000000018,0.4230769230769231,1.0
0.99,0.95,0.1,B2_SRS,0.05,constant,1.0,0,8,False,426.0,0.4230769230769231,1.0
0.99,0.95,0.1,B2_SRS,0.1,alpha_0.95,0.95,0,8,False,570.2500000000018,0.4230769230769231,1.0
0.99,0.95,0.1,B2_SRS,0.1,constant,1.0,0,8,False,442.0,0.4230769230769231,1.0
0.99,0.95,0.1,B2_SRS,0.2,alpha_0.95,0.95,0,8,False,603.2500000000018,0.4230769230769231,1.0
0.99,0.95,0.1,B2_SRS,0.2,constant,1.0,0,8,False,475.0,0.4230769230769231,1.0
0.99,0.95,0.1,B2_SRS,0.3,alpha_0.95,0.95,0,8,False,637.2500000000018,0.4230769230769231,1.0
0.99,0.95,0.1,B2_SRS,0.3,constant,1.0,0,8,False,509.0,0.4230769230769231,1.0
0.99,0.95,0.1,B2_SRS,0.4,alpha_0.95,0.95,0,8,False,669.2500000000018,0.4230769230769231,1.0
0.99,0.95,0.1,B2_SRS,0.4,constant,1.0,0,8,False,541.0,0.4230769230769231,1.0
0.99,0.95,0.1,B2_SRS,0.5,alpha_0.95,0.95,0,8,False,702.2500000000018,0.4230769230769231,1.0
0.99,0.95,0.1,B2_SRS,0.5,constant,1.0,0,8,False,574.0,0.4230769230769231,1.0
0.99,0.95,0.1,B2_SRS,0.7,alpha_0.95,0.95,0,8,False,766.2500000000018,0.4230769230769231,1.0
0.99,0.95,0.1,B2_SRS,0.7,constant,1.0,0,8,False,638.0,0.4230769230769231,1.0
0.99,0.95,0.1,B2_SRS,1.0,alpha_0.95,0.95,0,8,False,854.2500000000018,1.0,1.0
0.99,0.95,0.1,B2_SRS,1.0,constant,1.0,0,8,False,726.0,1.0,1.0
0.99,0.95,0.1,B3_STRATIFIED,0.0,alpha_0.95,0.95,0,8,False,532.2500000000018,0.4230769230769231,1.0
0.99,0.95,0.1,B3_STRATIFIED,0.0,constant,1.0,0,8,False,404.0,0.4230769230769231,1.0
0.99,0.95,0.1,B3_STRATIFIED,0.05,alpha_0.95,0.95,0,8,False,557.2500000000018,0.7307692307692307,1.0
0.99,0.95,0.1,B3_STRATIFIED,0.05,constant,1.0,0,8,False,429.0,0.7307692307692307,1.0
0.99,0.95,0.1,B3_STRATIFIED,0.1,alpha_0.95,0.95,0,8,False,573.2500000000018,0.7307692307692307,1.0
0.99,0.95,0.1,B3_STRATIFIED,0.1,constant,1.0,0,8,False,445.0,0.7307692307692307,1.0
0.99,0.95,0.1,B3_STRATIFIED,0.2,alpha_0.95,0.95,0,8,False,607.2500000000018,0.7673076923076925,1.0
0.99,0.95,0.1,B3_STRATIFIED,0.2,constant,1.0,0,8,False,479.0,0.7673076923076925,1.0
0.99,0.95,0.1,B3_STRATIFIED,0.3,alpha_0.95,0.95,0,8,False,636.3000000000018,0.7692307692307693,1.0
0.99,0.95,0.1,B3_STRATIFIED,0.3,constant,1.0,0,8,False,508.04999999999995,0.7692307692307693,1.0
0.99,0.95,0.1,B3_STRATIFIED,0.4,alpha_0.95,0.95,0,8,False,670.2500000000018,0.8076923076923077,1.0
0.99,0.95,0.1,B3_STRATIFIED,0.4,constant,1.0,0,8,False,542.0,0.8076923076923077,1.0
0.99,0.95,0.1,B3_STRATIFIED,0.5,alpha_0.95,0.95,0,8,False,700.2500000000018,0.8076923076923077,1.0
0.99,0.95,0.1,B3_STRATIFIED,0.5,constant,1.0,0,8,False,572.0,0.8076923076923077,1.0
0.99,0.95,0.1,B3_STRATIFIED,0.7,alpha_0.95,0.95,0,8,False,767.2500000000018,0.9230769230769231,1.0
0.99,0.95,0.1,B3_STRATIFIED,0.7,constant,1.0,0,8,False,639.0,0.9230769230769231,1.0
0.99,0.95,0.1,B3_STRATIFIED,1.0,alpha_0.95,0.95,0,8,False,854.2500000000018,1.0,1.0
0.99,0.95,0.1,B3_STRATIFIED,1.0,constant,1.0,0,8,False,726.0,1.0,1.0
0.99,0.95,0.2,B2_SRS,0.0,alpha_0.95,0.95,0,8,False,640.6000000000006,0.4230769230769231,1.0
0.99,0.95,0.2,B2_SRS,0.0,constant,1.0,0,8,False,510.0,0.4230769230769231,1.0
0.99,0.95,0.2,B2_SRS,0.05,alpha_0.95,0.95,0,8,False,659.6000000000006,0.4230769230769231,1.0
0.99,0.95,0.2,B2_SRS,0.05,constant,1.0,0,8,False,529.0,0.4230769230769231,1.0
0.99,0.95,0.2,B2_SRS,0.1,alpha_0.95,0.95,0,8,False,676.6000000000006,0.4230769230769231,1.0
0.99,0.95,0.2,B2_SRS,0.1,constant,1.0,0,8,False,546.0,0.4230769230769231,1.0
0.99,0.95,0.2,B2_SRS,0.2,alpha_0.95,0.95,0,8,False,710.6000000000006,0.4230769230769231,1.0
0.99,0.95,0.2,B2_SRS,0.2,constant,1.0,0,8,False,580.0,0.4230769230769231,1.0
0.99,0.95,0.2,B2_SRS,0.3,alpha_0.95,0.95,0,8,False,743.6000000000006,0.4230769230769231,1.0
0.99,0.95,0.2,B2_SRS,0.3,constant,1.0,0,8,False,613.0,0.4230769230769231,1.0
0.99,0.95,0.2,B2_SRS,0.4,alpha_0.95,0.95,0,8,False,776.6000000000006,0.4230769230769231,1.0
0.99,0.95,0.2,B2_SRS,0.4,constant,1.0,0,8,False,646.0,0.4230769230769231,1.0
0.99,0.95,0.2,B2_SRS,0.5,alpha_0.95,0.95,0,8,False,807.6000000000006,0.4230769230769231,1.0
0.99,0.95,0.2,B2_SRS,0.5,constant,1.0,0,8,False,677.0,0.4230769230769231,1.0
0.99,0.95,0.2,B2_SRS,0.7,alpha_0.95,0.95,0,8,False,872.6000000000006,0.4230769230769231,1.0
0.99,0.95,0.2,B2_SRS,0.7,constant,1.0,0,8,False,742.0,0.4230769230769231,1.0
0.99,0.95,0.2,B2_SRS,1.0,alpha_0.95,0.95,0,8,False,962.6000000000006,1.0,1.0
0.99,0.95,0.2,B2_SRS,1.0,constant,1.0,0,8,False,832.0,1.0,1.0
0.99,0.95,0.2,B3_STRATIFIED,0.0,alpha_0.95,0.95,0,8,False,640.6000000000006,0.4230769230769231,1.0
0.99,0.95,0.2,B3_STRATIFIED,0.0,constant,1.0,0,8,False,510.0,0.4230769230769231,1.0
0.99,0.95,0.2,B3_STRATIFIED,0.05,alpha_0.95,0.95,0,8,False,660.6000000000006,0.7307692307692307,1.0
0.99,0.95,0.2,B3_STRATIFIED,0.05,constant,1.0,0,8,False,530.0,0.7307692307692307,1.0
0.99,0.95,0.2,B3_STRATIFIED,0.1,alpha_0.95,0.95,0,8,False,676.6000000000006,0.7307692307692307,1.0
0.99,0.95,0.2,B3_STRATIFIED,0.1,constant,1.0,0,8,False,546.0,0.7307692307692307,1.0
0.99,0.95,0.2,B3_STRATIFIED,0.2,alpha_0.95,0.95,0,8,False,710.6000000000006,0.7692307692307693,1.0
0.99,0.95,0.2,B3_STRATIFIED,0.2,constant,1.0,0,8,False,580.0,0.7692307692307693,1.0
0.99,0.95,0.2,B3_STRATIFIED,0.3,alpha_0.95,0.95,0,8,False,743.6000000000006,0.8076923076923077,1.0
0.99,0.95,0.2,B3_STRATIFIED,0.3,constant,1.0,0,8,False,613.0,0.8076923076923077,1.0
0.99,0.95,0.2,B3_STRATIFIED,0.4,alpha_0.95,0.95,0,8,False,776.6000000000006,0.8076923076923077,1.0
0.99,0.95,0.2,B3_STRATIFIED,0.4,constant,1.0,0,8,False,646.0,0.8076923076923077,1.0
0.99,0.95,0.2,B3_STRATIFIED,0.5,alpha_0.95,0.95,0,8,False,808.6000000000006,0.8076923076923077,1.0
0.99,0.95,0.2,B3_STRATIFIED,0.5,constant,1.0,0,8,False,678.0,0.8076923076923077,1.0
0.99,0.95,0.2,B3_STRATIFIED,0.7,alpha_0.95,0.95,0,8,False,873.6000000000006,0.9230769230769231,1.0
0.99,0.95,0.2,B3_STRATIFIED,0.7,constant,1.0,0,8,False,743.0,0.9230769230769231,1.0
0.99,0.95,0.2,B3_STRATIFIED,1.0,alpha_0.95,0.95,0,8,False,962.6000000000006,1.0,1.0
0.99,0.95,0.2,B3_STRATIFIED,1.0,constant,1.0,0,8,False,832.0,1.0,1.0
0.99,0.97,0.0,B2_SRS,0.0,alpha_0.95,0.95,0,8,False,395.8500000000003,0.4230769230769231,1.0
0.99,0.97,0.0,B2_SRS,0.0,constant,1.0,0,8,False,276.0,0.4230769230769231,1.0
0.99,0.97,0.0,B2_SRS,0.05,alpha_0.95,0.95,0,8,False,422.8500000000003,0.4230769230769231,1.0
0.99,0.97,0.0,B2_SRS,0.05,constant,1.0,0,8,False,324.04999999999995,0.4230769230769231,1.0
0.99,0.97,0.0,B2_SRS,0.1,alpha_0.95,0.95,0,8,False,440.8500000000003,0.4230769230769231,1.0
0.99,0.97,0.0,B2_SRS,0.1,constant,1.0,0,8,False,337.0,0.4230769230769231,1.0
0.99,0.97,0.0,B2_SRS,0.2,alpha_0.95,0.95,0,8,False,476.8500000000003,0.4230769230769231,1.0
0.99,0.97,0.0,B2_SRS,0.2,constant,1.0,0,8,False,357.0,0.4230769230769231,1.0
0.99,0.97,0.0,B2_SRS,0.3,alpha_0.95,0.95,0,8,False,509.8500000000003,0.4230769230769231,1.0
0.99,0.97,0.0,B2_SRS,0.3,constant,1.0,0,8,False,390.0,0.4230769230769231,1.0
0.99,0.97,0.0,B2_SRS,0.4,alpha_0.95,0.95,0,8,False,542.8500000000004,0.4230769230769231,1.0
0.99,0.97,0.0,B2_SRS,0.4,constant,1.0,0,8,False,423.0,0.4230769230769231,1.0
0.99,0.97,0.0,B2_SRS,0.5,alpha_0.95,0.95,0,8,False,574.8500000000004,0.4230769230769231,1.0
0.99,0.97,0.0,B2_SRS,0.5,constant,1.0,0,8,False,455.0,0.4230769230769231,1.0
0.99,0.97,0.0,B2_SRS,0.7,alpha_0.95,0.95,0,8,False,637.8500000000004,0.4230769230769231,1.0
0.99,0.97,0.0,B2_SRS,0.7,constant,1.0,0,8,False,518.0,0.4230769230769231,1.0
0.99,0.97,0.0,B2_SRS,1.0,alpha_0.95,0.95,0,8,False,717.8500000000004,1.0,1.0
0.99,0.97,0.0,B2_SRS,1.0,constant,1.0,0,8,False,598.0,1.0,1.0
0.99,0.97,0.0,B3_STRATIFIED,0.0,alpha_0.95,0.95,0,8,False,395.8500000000003,0.4230769230769231,1.0
0.99,0.97,0.0,B3_STRATIFIED,0.0,constant,1.0,0,8,False,276.0,0.4230769230769231,1.0
0.99,0.97,0.0,B3_STRATIFIED,0.05,alpha_0.95,0.95,0,8,False,433.90000000000026,0.4230769230769231,1.0
0.99,0.97,0.0,B3_STRATIFIED,0.05,constant,1.0,0,8,False,336.0,0.4230769230769231,1.0
0.99,0.97,0.0,B3_STRATIFIED,0.1,alpha_0.95,0.95,0,8,False,447.8500000000003,0.4230769230769231,1.0
0.99,0.97,0.0,B3_STRATIFIED,0.1,constant,1.0,0,8,False,350.0,0.4230769230769231,1.0
0.99,0.97,0.0,B3_STRATIFIED,0.2,alpha_0.95,0.95,0,8,False,478.8500000000003,0.4230769230769231,1.0
0.99,0.97,0.0,B3_STRATIFIED,0.2,constant,1.0,0,8,False,363.0,0.4230769230769231,1.0
0.99,0.97,0.0,B3_STRATIFIED,0.3,alpha_0.95,0.95,0,8,False,511.8500000000003,0.4230769230769231,1.0
0.99,0.97,0.0,B3_STRATIFIED,0.3,constant,1.0,0,8,False,392.0,0.4230769230769231,1.0
0.99,0.97,0.0,B3_STRATIFIED,0.4,alpha_0.95,0.95,0,8,False,540.8500000000004,0.4230769230769231,1.0
0.99,0.97,0.0,B3_STRATIFIED,0.4,constant,1.0,0,8,False,421.0,0.4230769230769231,1.0
0.99,0.97,0.0,B3_STRATIFIED,0.5,alpha_0.95,0.95,0,8,False,572.8500000000004,0.4230769230769231,1.0
0.99,0.97,0.0,B3_STRATIFIED,0.5,constant,1.0,0,8,False,453.0,0.4230769230769231,1.0
0.99,0.97,0.0,B3_STRATIFIED,0.7,alpha_0.95,0.95,0,8,False,638.8500000000004,0.9230769230769231,1.0
0.99,0.97,0.0,B3_STRATIFIED,0.7,constant,1.0,0,8,False,519.0,0.9230769230769231,1.0
0.99,0.97,0.0,B3_STRATIFIED,1.0,alpha_0.95,0.95,0,8,False,717.8500000000004,1.0,1.0
0.99,0.97,0.0,B3_STRATIFIED,1.0,constant,1.0,0,8,False,598.0,1.0,1.0
0.99,0.97,0.05,B2_SRS,0.0,alpha_0.95,0.95,0,8,False,455.0000000000011,0.4230769230769231,1.0
0.99,0.97,0.05,B2_SRS,0.0,constant,1.0,0,8,False,330.0,0.4230769230769231,1.0
0.99,0.97,0.05,B2_SRS,0.05,alpha_0.95,0.95,0,8,False,478.0000000000011,0.4230769230769231,1.0
0.99,0.97,0.05,B2_SRS,0.05,constant,1.0,0,8,False,362.0,0.4230769230769231,1.0
0.99,0.97,0.05,B2_SRS,0.1,alpha_0.95,0.95,0,8,False,495.0000000000011,0.4230769230769231,1.0
0.99,0.97,0.05,B2_SRS,0.1,constant,1.0,0,8,False,370.0,0.4230769230769231,1.0
0.99,0.97,0.05,B2_SRS,0.2,alpha_0.95,0.95,0,8,False,530.0000000000011,0.4230769230769231,1.0
0.99,0.97,0.05,B2_SRS,0.2,constant,1.0,0,8,False,405.0,0.4230769230769231,1.0
0.99,0.97,0.05,B2_SRS,0.3,alpha_0.95,0.95,0,8,False,565.0000000000011,0.4230769230769231,1.0
0.99,0.97,0.05,B2_SRS,0.3,constant,1.0,0,8,False,440.0,0.4230769230769231,1.0
0.99,0.97,0.05,B2_SRS,0.4,alpha_0.95,0.95,0,8,False,597.0500000000011,0.4230769230769231,1.0
0.99,0.97,0.05,B2_SRS,0.4,constant,1.0,0,8,False,472.04999999999995,0.4230769230769231,1.0
0.99,0.97,0.05,B2_SRS,0.5,alpha_0.95,0.95,0,8,False,627.0000000000011,0.4230769230769231,1.0
0.99,0.97,0.05,B2_SRS,0.5,constant,1.0,0,8,False,502.0,0.4230769230769231,1.0
0.99,0.97,0.05,B2_SRS,0.7,alpha_0.95,0.95,0,8,False,691.0500000000011,0.4230769230769231,1.0
0.99,0.97,0.05,B2_SRS,0.7,constant,1.0,0,8,False,566.05,0.4230769230769231,1.0
0.99,0.97,0.05,B2_SRS,1.0,alpha_0.95,0.95,0,8,False,777.0000000000011,1.0,1.0
0.99,0.97,0.05,B2_SRS,1.0,constant,1.0,0,8,False,652.0,1.0,1.0
0.99,0.97,0.05,B3_STRATIFIED,0.0,alpha_0.95,0.95,0,8,False,455.0000000000011,0.4230769230769231,1.0
0.99,0.97,0.05,B3_STRATIFIED,0.0,constant,1.0,0,8,False,330.0,0.4230769230769231,1.0
0.99,0.97,0.05,B3_STRATIFIED,0.05,alpha_0.95,0.95,0,8,False,477.0000000000011,0.7307692307692307,1.0
0.99,0.97,0.05,B3_STRATIFIED,0.05,constant,1.0,0,8,False,367.0,0.7307692307692307,1.0
0.99,0.97,0.05,B3_STRATIFIED,0.1,alpha_0.95,0.95,0,8,False,495.0000000000011,0.7307692307692307,1.0
0.99,0.97,0.05,B3_STRATIFIED,0.1,constant,1.0,0,8,False,377.0,0.7307692307692307,1.0
0.99,0.97,0.05,B3_STRATIFIED,0.2,alpha_0.95,0.95,0,8,False,529.0000000000011,0.7307692307692307,1.0
0.99,0.97,0.05,B3_STRATIFIED,0.2,constant,1.0,0,8,False,404.0,0.7307692307692307,1.0
0.99,0.97,0.05,B3_STRATIFIED,0.3,alpha_0.95,0.95,0,8,False,562.0000000000011,0.7692307692307693,1.0
0.99,0.97,0.05,B3_STRATIFIED,0.3,constant,1.0,0,8,False,437.0,0.7692307692307693,1.0
0.99,0.97,0.05,B3_STRATIFIED,0.4,alpha_0.95,0.95,0,8,False,595.0000000000011,0.8076923076923077,1.0
0.99,0.97,0.05,B3_STRATIFIED,0.4,constant,1.0,0,8,False,470.0,0.8076923076923077,1.0
0.99,0.97,0.05,B3_STRATIFIED,0.5,alpha_0.95,0.95,0,8,False,627.0000000000011,0.8442307692307693,1.0
0.99,0.97,0.05,B3_STRATIFIED,0.5,constant,1.0,0,8,False,502.0,0.8442307692307693,1.0
0.99,0.97,0.05,B3_STRATIFIED,0.7,alpha_0.95,0.95,0,8,False,691.0000000000011,0.9230769230769231,1.0
0.99,0.97,0.05,B3_STRATIFIED,0.7,constant,1.0,0,8,False,566.0,0.9230769230769231,1.0
0.99,0.97,0.05,B3_STRATIFIED,1.0,alpha_0.95,0.95,0,8,False,777.0000000000011,1.0,1.0
0.99,0.97,0.05,B3_STRATIFIED,1.0,constant,1.0,0,8,False,652.0,1.0,1.0
0.99,0.97,0.1,B2_SRS,0.0,alpha_0.95,0.95,0,8,False,511.75000000000165,0.4230769230769231,1.0
0.99,0.97,0.1,B2_SRS,0.0,constant,1.0,0,8,False,384.0,0.4230769230769231,1.0
0.99,0.97,0.1,B2_SRS,0.05,alpha_0.95,0.95,0,8,False,531.7500000000016,0.4230769230769231,1.0
0.99,0.97,0.1,B2_SRS,0.05,constant,1.0,0,8,False,404.0,0.4230769230769231,1.0
0.99,0.97,0.1,B2_SRS,0.1,alpha_0.95,0.95,0,8,False,549.7500000000016,0.4230769230769231,1.0
0.99,0.97,0.1,B2_SRS,0.1,constant,1.0,0,8,False,422.0,0.4230769230769231,1.0
0.99,0.97,0.1,B2_SRS,0.2,alpha_0.95,0.95,0,8,False,582.7500000000016,0.4230769230769231,1.0
0.99,0.97,0.1,B2_SRS,0.2,constant,1.0,0,8,False,455.0,0.4230769230769231,1.0
0.99,0.97,0.1,B2_SRS,0.3,alpha_0.95,0.95,0,8,False,617.7500000000016,0.4230769230769231,1.0
0.99,0.97,0.1,B2_SRS,0.3,constant,1.0,0,8,False,490.0,0.4230769230769231,1.0
0.99,0.97,0.1,B2_SRS,0.4,alpha_0.95,0.95,0,8,False,649.7500000000016,0.4230769230769231,1.0
0.99,0.97,0.1,B2_SRS,0.4,constant,1.0,0,8,False,522.0,0.4230769230769231,1.0
0.99,0.97,0.1,B2_SRS,0.5,alpha_0.95,0.95,0,8,False,681.8000000000015,0.4230769230769231,1.0
0.99,0.97,0.1,B2_SRS,0.5,constant,1.0,0,8,False,554.05,0.4230769230769231,1.0
0.99,0.97,0.1,B2_SRS,0.7,alpha_0.95,0.95,0,8,False,745.7500000000016,0.4230769230769231,1.0
0.99,0.97,0.1,B2_SRS,0.7,constant,1.0,0,8,False,618.0,0.4230769230769231,1.0
0.99,0.97,0.1,B2_SRS,1.0,alpha_0.95,0.95,0,8,False,833.7500000000016,1.0,1.0
0.99,0.97,0.1,B2_SRS,1.0,constant,1.0,0,8,False,706.0,1.0,1.0
0.99,0.97,0.1,B3_STRATIFIED,0.0,alpha_0.95,0.95,0,8,False,511.75000000000165,0.4230769230769231,1.0
0.99,0.97,0.1,B3_STRATIFIED,0.0,constant,1.0,0,8,False,384.0,0.4230769230769231,1.0
0.99,0.97,0.1,B3_STRATIFIED,0.05,alpha_0.95,0.95,0,8,False,534.7500000000016,0.7307692307692307,1.0
0.99,0.97,0.1,B3_STRATIFIED,0.05,constant,1.0,0,8,False,407.0,0.7307692307692307,1.0
0.99,0.97,0.1,B3_STRATIFIED,0.1,alpha_0.95,0.95,0,8,False,547.7500000000016,0.7307692307692307,1.0
0.99,0.97,0.1,B3_STRATIFIED,0.1,constant,1.0,0,8,False,420.0,0.7307692307692307,1.0
0.99,0.97,0.1,B3_STRATIFIED,0.2,alpha_0.95,0.95,0,8,False,582.7500000000016,0.7307692307692307,1.0
0.99,0.97,0.1,B3_STRATIFIED,0.2,constant,1.0,0,8,False,455.0,0.7307692307692307,1.0
0.99,0.97,0.1,B3_STRATIFIED,0.3,alpha_0.95,0.95,0,8,False,615.7500000000016,0.7692307692307693,1.0
0.99,0.97,0.1,B3_STRATIFIED,0.3,constant,1.0,0,8,False,488.0,0.7692307692307693,1.0
0.99,0.97,0.1,B3_STRATIFIED,0.4,alpha_0.95,0.95,0,8,False,646.7500000000016,0.8076923076923077,1.0
0.99,0.97,0.1,B3_STRATIFIED,0.4,constant,1.0,0,8,False,519.0,0.8076923076923077,1.0
0.99,0.97,0.1,B3_STRATIFIED,0.5,alpha_0.95,0.95,0,8,False,678.7500000000016,0.8076923076923077,1.0
0.99,0.97,0.1,B3_STRATIFIED,0.5,constant,1.0,0,8,False,551.0,0.8076923076923077,1.0
0.99,0.97,0.1,B3_STRATIFIED,0.7,alpha_0.95,0.95,0,8,False,741.7500000000016,0.9230769230769231,1.0
0.99,0.97,0.1,B3_STRATIFIED,0.7,constant,1.0,0,8,False,614.0,0.9230769230769231,1.0
0.99,0.97,0.1,B3_STRATIFIED,1.0,alpha_0.95,0.95,0,8,False,833.7500000000016,1.0,1.0
0.99,0.97,0.1,B3_STRATIFIED,1.0,constant,1.0,0,8,False,706.0,1.0,1.0
0.99,0.97,0.2,B2_SRS,0.0,alpha_0.95,0.95,0,8,False,622.450000000001,0.4230769230769231,1.0
0.99,0.97,0.2,B2_SRS,0.0,constant,1.0,0,8,False,492.0,0.4230769230769231,1.0
0.99,0.97,0.2,B2_SRS,0.05,alpha_0.95,0.95,0,8,False,642.450000000001,0.4230769230769231,1.0
0.99,0.97,0.2,B2_SRS,0.05,constant,1.0,0,8,False,512.0,0.4230769230769231,1.0
0.99,0.97,0.2,B2_SRS,0.1,alpha_0.95,0.95,0,8,False,658.450000000001,0.4230769230769231,1.0
0.99,0.97,0.2,B2_SRS,0.1,constant,1.0,0,8,False,528.0,0.4230769230769231,1.0
0.99,0.97,0.2,B2_SRS,0.2,alpha_0.95,0.95,0,8,False,692.450000000001,0.4230769230769231,1.0
0.99,0.97,0.2,B2_SRS,0.2,constant,1.0,0,8,False,562.0,0.4230769230769231,1.0
0.99,0.97,0.2,B2_SRS,0.3,alpha_0.95,0.95,0,8,False,725.450000000001,0.4230769230769231,1.0
0.99,0.97,0.2,B2_SRS,0.3,constant,1.0,0,8,False,595.0,0.4230769230769231,1.0
0.99,0.97,0.2,B2_SRS,0.4,alpha_0.95,0.95,0,8,False,758.450000000001,0.4230769230769231,1.0
0.99,0.97,0.2,B2_SRS,0.4,constant,1.0,0,8,False,628.0,0.4230769230769231,1.0
0.99,0.97,0.2,B2_SRS,0.5,alpha_0.95,0.95,0,8,False,790.450000000001,0.4230769230769231,1.0
0.99,0.97,0.2,B2_SRS,0.5,constant,1.0,0,8,False,660.0,0.4230769230769231,1.0
0.99,0.97,0.2,B2_SRS,0.7,alpha_0.95,0.95,0,8,False,854.450000000001,0.4230769230769231,1.0
0.99,0.97,0.2,B2_SRS,0.7,constant,1.0,0,8,False,724.0,0.4230769230769231,1.0
0.99,0.97,0.2,B2_SRS,1.0,alpha_0.95,0.95,0,8,False,944.450000000001,1.0,1.0
0.99,0.97,0.2,B2_SRS,1.0,constant,1.0,0,8,False,814.0,1.0,1.0
0.99,0.97,0.2,B3_STRATIFIED,0.0,alpha_0.95,0.95,0,8,False,622.450000000001,0.4230769230769231,1.0
0.99,0.97,0.2,B3_STRATIFIED,0.0,constant,1.0,0,8,False,492.0,0.4230769230769231,1.0
0.99,0.97,0.2,B3_STRATIFIED,0.05,alpha_0.95,0.95,0,8,False,649.450000000001,0.7307692307692307,1.0
0.99,0.97,0.2,B3_STRATIFIED,0.05,constant,1.0,0,8,False,519.0,0.7307692307692307,1.0
0.99,0.97,0.2,B3_STRATIFIED,0.1,alpha_0.95,0.95,0,8,False,665.450000000001,0.7307692307692307,1.0
0.99,0.97,0.2,B3_STRATIFIED,0.1,constant,1.0,0,8,False,535.0,0.7307692307692307,1.0
0.99,0.97,0.2,B3_STRATIFIED,0.2,alpha_0.95,0.95,0,8,False,697.450000000001,0.7692307692307693,1.0
0.99,0.97,0.2,B3_STRATIFIED,0.2,constant,1.0,0,8,False,567.0,0.7692307692307693,1.0
0.99,0.97,0.2,B3_STRATIFIED,0.3,alpha_0.95,0.95,0,8,False,729.450000000001,0.8076923076923077,1.0
0.99,0.97,0.2,B3_STRATIFIED,0.3,constant,1.0,0,8,False,599.0,0.8076923076923077,1.0
0.99,0.97,0.2,B3_STRATIFIED,0.4,alpha_0.95,0.95,0,8,False,760.450000000001,0.8076923076923077,1.0
0.99,0.97,0.2,B3_STRATIFIED,0.4,constant,1.0,0,8,False,630.0,0.8076923076923077,1.0
0.99,0.97,0.2,B3_STRATIFIED,0.5,alpha_0.95,0.95,0,8,False,791.450000000001,0.8076923076923077,1.0
0.99,0.97,0.2,B3_STRATIFIED,0.5,constant,1.0,0,8,False,661.0,0.8076923076923077,1.0
0.99,0.97,0.2,B3_STRATIFIED,0.7,alpha_0.95,0.95,0,8,False,857.450000000001,0.9230769230769231,1.0
0.99,0.97,0.2,B3_STRATIFIED,0.7,constant,1.0,0,8,False,727.0,0.9230769230769231,1.0
0.99,0.97,0.2,B3_STRATIFIED,1.0,alpha_0.95,0.95,0,8,False,944.450000000001,1.0,1.0
0.99,0.97,0.2,B3_STRATIFIED,1.0,constant,1.0,0,8,False,814.0,1.0,1.0
0.99,0.99,0.0,B2_SRS,0.0,alpha_0.95,0.95,0,8,False,369.05000000000035,0.4230769230769231,1.0
0.99,0.99,0.0,B2_SRS,0.0,constant,1.0,0,8,False,254.0,0.4230769230769231,1.0
0.99,0.99,0.0,B2_SRS,0.05,alpha_0.95,0.95,0,8,False,399.1000000000003,0.4230769230769231,1.0
0.99,0.99,0.0,B2_SRS,0.05,constant,1.0,0,8,False,315.04999999999995,0.4230769230769231,1.0
0.99,0.99,0.0,B2_SRS,0.1,alpha_0.95,0.95,0,8,False,417.05000000000035,0.4230769230769231,1.0
0.99,0.99,0.0,B2_SRS,0.1,constant,1.0,0,8,False,328.0,0.4230769230769231,1.0
0.99,0.99,0.0,B2_SRS,0.2,alpha_0.95,0.95,0,8,False,455.05000000000035,0.4230769230769231,1.0
0.99,0.99,0.0,B2_SRS,0.2,constant,1.0,0,8,False,350.0,0.4230769230769231,1.0
0.99,0.99,0.0,B2_SRS,0.3,alpha_0.95,0.95,0,8,False,490.1000000000003,0.4230769230769231,1.0
0.99,0.99,0.0,B2_SRS,0.3,constant,1.0,0,8,False,379.0,0.4230769230769231,1.0
0.99,0.99,0.0,B2_SRS,0.4,alpha_0.95,0.95,0,8,False,526.0500000000004,0.4230769230769231,1.0
0.99,0.99,0.0,B2_SRS,0.4,constant,1.0,0,8,False,412.0,0.4230769230769231,1.0
0.99,0.99,0.0,B2_SRS,0.5,alpha_0.95,0.95,0,8,False,560.0500000000004,0.4230769230769231,1.0
0.99,0.99,0.0,B2_SRS,0.5,constant,1.0,0,8,False,445.0,0.4230769230769231,1.0
0.99,0.99,0.0,B2_SRS,0.7,alpha_0.95,0.95,0,8,False,617.0500000000004,0.4230769230769231,1.0
0.99,0.99,0.0,B2_SRS,0.7,constant,1.0,0,8,False,502.0,0.4230769230769231,1.0
0.99,0.99,0.0,B2_SRS,1.0,alpha_0.95,0.95,0,8,False,691.0500000000004,1.0,1.0
0.99,0.99,0.0,B2_SRS,1.0,constant,1.0,0,8,False,576.0,1.0,1.0
0.99,0.99,0.0,B3_STRATIFIED,0.0,alpha_0.95,0.95,0,8,False,369.05000000000035,0.4230769230769231,1.0
0.99,0.99,0.0,B3_STRATIFIED,0.0,constant,1.0,0,8,False,254.0,0.4230769230769231,1.0
0.99,0.99,0.0,B3_STRATIFIED,0.05,alpha_0.95,0.95,0,8,False,417.21250000000026,0.4230769230769231,1.0
0.99,0.99,0.0,B3_STRATIFIED,0.05,constant,1.0,0,8,False,338.0,0.4230769230769231,1.0
0.99,0.99,0.0,B3_STRATIFIED,0.1,alpha_0.95,0.95,0,8,False,428.2000000000002,0.4230769230769231,1.0
0.99,0.99,0.0,B3_STRATIFIED,0.1,constant,1.0,0,8,False,340.0,0.4230769230769231,1.0
0.99,0.99,0.0,B3_STRATIFIED,0.2,alpha_0.95,0.95,0,8,False,457.2000000000003,0.4230769230769231,1.0
0.99,0.99,0.0,B3_STRATIFIED,0.2,constant,1.0,0,8,False,353.0,0.4230769230769231,1.0
0.99,0.99,0.0,B3_STRATIFIED,0.3,alpha_0.95,0.95,0,8,False,495.05000000000035,0.4230769230769231,1.0
0.99,0.99,0.0,B3_STRATIFIED,0.3,constant,1.0,0,8,False,380.0,0.4230769230769231,1.0
0.99,0.99,0.0,B3_STRATIFIED,0.4,alpha_0.95,0.95,0,8,False,522.2025000000002,0.4230769230769231,1.0
0.99,0.99,0.0,B3_STRATIFIED,0.4,constant,1.0,0,8,False,413.0,0.4230769230769231,1.0
0.99,0.99,0.0,B3_STRATIFIED,0.5,alpha_0.95,0.95,0,8,False,540.0500000000004,0.4230769230769231,1.0
0.99,0.99,0.0,B3_STRATIFIED,0.5,constant,1.0,0,8,False,428.0,0.4230769230769231,1.0
0.99,0.99,0.0,B3_STRATIFIED,0.7,alpha_0.95,0.95,0,8,False,611.0500000000004,0.9230769230769231,1.0
0.99,0.99,0.0,B3_STRATIFIED,0.7,constant,1.0,0,8,False,500.0,0.9230769230769231,1.0
0.99,0.99,0.0,B3_STRATIFIED,1.0,alpha_0.95,0.95,0,8,False,691.0500000000004,1.0,1.0
0.99,0.99,0.0,B3_STRATIFIED,1.0,constant,1.0,0,8,False,576.0,1.0,1.0
0.99,0.99,0.05,B2_SRS,0.0,alpha_0.95,0.95,0,8,False,431.25000000000074,0.4230769230769231,1.0
0.99,0.99,0.05,B2_SRS,0.0,constant,1.0,0,8,False,308.0,0.4230769230769231,1.0
0.99,0.99,0.05,B2_SRS,0.05,alpha_0.95,0.95,0,8,False,453.25000000000074,0.4230769230769231,1.0
0.99,0.99,0.05,B2_SRS,0.05,constant,1.0,0,8,False,345.0,0.4230769230769231,1.0
0.99,0.99,0.05,B2_SRS,0.1,alpha_0.95,0.95,0,8,False,473.25000000000074,0.4230769230769231,1.0
0.99,0.99,0.05,B2_SRS,0.1,constant,1.0,0,8,False,355.0,0.4230769230769231,1.0
0.99,0.99,0.05,B2_SRS,0.2,alpha_0.95,0.95,0,8,False,508.25000000000074,0.4230769230769231,1.0
0.99,0.99,0.05,B2_SRS,0.2,constant,1.0,0,8,False,385.0,0.4230769230769231,1.0
0.99,0.99,0.05,B2_SRS,0.3,alpha_0.95,0.95,0,8,False,542.3000000000006,0.4230769230769231,1.0
0.99,0.99,0.05,B2_SRS,0.3,constant,1.0,0,8,False,419.04999999999995,0.4230769230769231,1.0
0.99,0.99,0.05,B2_SRS,0.4,alpha_0.95,0.95,0,8,False,573.2500000000007,0.4230769230769231,1.0
0.99,0.99,0.05,B2_SRS,0.4,constant,1.0,0,8,False,450.0,0.4230769230769231,1.0
0.99,0.99,0.05,B2_SRS,0.5,alpha_0.95,0.95,0,8,False,607.2500000000007,0.4230769230769231,1.0
0.99,0.99,0.05,B2_SRS,0.5,constant,1.0,0,8,False,484.0,0.4230769230769231,1.0
0.99,0.99,0.05,B2_SRS,0.7,alpha_0.95,0.95,0,8,False,669.3000000000006,0.4230769230769231,1.0
0.99,0.99,0.05,B2_SRS,0.7,constant,1.0,0,8,False,546.05,0.4230769230769231,1.0
0.99,0.99,0.05,B2_SRS,1.0,alpha_0.95,0.95,0,8,False,753.2500000000007,1.0,1.0
0.99,0.99,0.05,B2_SRS,1.0,constant,1.0,0,8,False,630.0,1.0,1.0
0.99,0.99,0.05,B3_STRATIFIED,0.0,alpha_0.95,0.95,0,8,False,431.25000000000074,0.4230769230769231,1.0
0.99,0.99,0.05,B3_STRATIFIED,0.0,constant,1.0,0,8,False,308.0,0.4230769230769231,1.0
0.99,0.99,0.05,B3_STRATIFIED,0.05,alpha_0.95,0.95,0,8,False,456.7500000000007,0.7307692307692307,1.0
0.99,0.99,0.05,B3_STRATIFIED,0.05,constant,1.0,0,8,False,351.0,0.7307692307692307,1.0
0.99,0.99,0.05,B3_STRATIFIED,0.1,alpha_0.95,0.95,0,8,False,475.7500000000007,0.7307692307692307,1.0
0.99,0.99,0.05,B3_STRATIFIED,0.1,constant,1.0,0,8,False,362.0,0.7307692307692307,1.0
0.99,0.99,0.05,B3_STRATIFIED,0.2,alpha_0.95,0.95,0,8,False,504.7500000000007,0.7692307692307693,1.0
0.99,0.99,0.05,B3_STRATIFIED,0.2,constant,1.0,0,8,False,384.0,0.7692307692307693,1.0
0.99,0.99,0.05,B3_STRATIFIED,0.3,alpha_0.95,0.95,0,8,False,543.3000000000006,0.8057692307692309,1.0
0.99,0.99,0.05,B3_STRATIFIED,0.3,constant,1.0,0,8,False,420.04999999999995,0.8057692307692309,1.0
0.99,0.99,0.05,B3_STRATIFIED,0.4,alpha_0.95,0.95,0,8,False,572.2500000000007,0.8076923076923077,1.0
0.99,0.99,0.05,B3_STRATIFIED,0.4,constant,1.0,0,8,False,449.0,0.8076923076923077,1.0
0.99,0.99,0.05,B3_STRATIFIED,0.5,alpha_0.95,0.95,0,8,False,604.2500000000007,0.8076923076923077,1.0
0.99,0.99,0.05,B3_STRATIFIED,0.5,constant,1.0,0,8,False,481.0,0.8076923076923077,1.0
0.99,0.99,0.05,B3_STRATIFIED,0.7,alpha_0.95,0.95,0,8,False,669.2500000000007,0.9230769230769231,1.0
0.99,0.99,0.05,B3_STRATIFIED,0.7,constant,1.0,0,8,False,546.0,0.9230769230769231,1.0
0.99,0.99,0.05,B3_STRATIFIED,1.0,alpha_0.95,0.95,0,8,False,753.2500000000007,1.0,1.0
0.99,0.99,0.05,B3_STRATIFIED,1.0,constant,1.0,0,8,False,630.0,1.0,1.0
0.99,0.99,0.1,B2_SRS,0.0,alpha_0.95,0.95,0,8,False,491.2500000000015,0.4230769230769231,1.0
0.99,0.99,0.1,B2_SRS,0.0,constant,1.0,0,8,False,364.0,0.4230769230769231,1.0
0.99,0.99,0.1,B2_SRS,0.05,alpha_0.95,0.95,0,8,False,512.2500000000015,0.4230769230769231,1.0
0.99,0.99,0.1,B2_SRS,0.05,constant,1.0,0,8,False,385.0,0.4230769230769231,1.0
0.99,0.99,0.1,B2_SRS,0.1,alpha_0.95,0.95,0,8,False,529.2500000000015,0.4230769230769231,1.0
0.99,0.99,0.1,B2_SRS,0.1,constant,1.0,0,8,False,402.0,0.4230769230769231,1.0
0.99,0.99,0.1,B2_SRS,0.2,alpha_0.95,0.95,0,8,False,562.2500000000015,0.4230769230769231,1.0
0.99,0.99,0.1,B2_SRS,0.2,constant,1.0,0,8,False,435.0,0.4230769230769231,1.0
0.99,0.99,0.1,B2_SRS,0.3,alpha_0.95,0.95,0,8,False,596.2500000000015,0.4230769230769231,1.0
0.99,0.99,0.1,B2_SRS,0.3,constant,1.0,0,8,False,469.0,0.4230769230769231,1.0
0.99,0.99,0.1,B2_SRS,0.4,alpha_0.95,0.95,0,8,False,627.2500000000015,0.4230769230769231,1.0
0.99,0.99,0.1,B2_SRS,0.4,constant,1.0,0,8,False,500.0,0.4230769230769231,1.0
0.99,0.99,0.1,B2_SRS,0.5,alpha_0.95,0.95,0,8,False,661.2500000000015,0.4230769230769231,1.0
0.99,0.99,0.1,B2_SRS,0.5,constant,1.0,0,8,False,534.0,0.4230769230769231,1.0
0.99,0.99,0.1,B2_SRS,0.7,alpha_0.95,0.95,0,8,False,725.2500000000015,0.4230769230769231,1.0
0.99,0.99,0.1,B2_SRS,0.7,constant,1.0,0,8,False,598.0,0.4230769230769231,1.0
0.99,0.99,0.1,B2_SRS,1.0,alpha_0.95,0.95,0,8,False,813.2500000000015,1.0,1.0
0.99,0.99,0.1,B2_SRS,1.0,constant,1.0,0,8,False,686.0,1.0,1.0
0.99,0.99,0.1,B3_STRATIFIED,0.0,alpha_0.95,0.95,0,8,False,491.2500000000015,0.4230769230769231,1.0
0.99,0.99,0.1,B3_STRATIFIED,0.0,constant,1.0,0,8,False,364.0,0.4230769230769231,1.0
0.99,0.99,0.1,B3_STRATIFIED,0.05,alpha_0.95,0.95,0,8,False,512.2500000000015,0.7307692307692307,1.0
0.99,0.99,0.1,B3_STRATIFIED,0.05,constant,1.0,0,8,False,385.0,0.7307692307692307,1.0
0.99,0.99,0.1,B3_STRATIFIED,0.1,alpha_0.95,0.95,0,8,False,531.2500000000015,0.7307692307692307,1.0
0.99,0.99,0.1,B3_STRATIFIED,0.1,constant,1.0,0,8,False,404.0,0.7307692307692307,1.0
0.99,0.99,0.1,B3_STRATIFIED,0.2,alpha_0.95,0.95,0,8,False,565.2500000000015,0.7307692307692307,1.0
0.99,0.99,0.1,B3_STRATIFIED,0.2,constant,1.0,0,8,False,438.0,0.7307692307692307,1.0
0.99,0.99,0.1,B3_STRATIFIED,0.3,alpha_0.95,0.95,0,8,False,596.2500000000015,0.8057692307692309,1.0
0.99,0.99,0.1,B3_STRATIFIED,0.3,constant,1.0,0,8,False,469.0,0.8057692307692309,1.0
0.99,0.99,0.1,B3_STRATIFIED,0.4,alpha_0.95,0.95,0,8,False,629.2500000000015,0.8076923076923077,1.0
0.99,0.99,0.1,B3_STRATIFIED,0.4,constant,1.0,0,8,False,502.0,0.8076923076923077,1.0
0.99,0.99,0.1,B3_STRATIFIED,0.5,alpha_0.95,0.95,0,8,False,659.2500000000015,0.8076923076923077,1.0
0.99,0.99,0.1,B3_STRATIFIED,0.5,constant,1.0,0,8,False,532.0,0.8076923076923077,1.0
0.99,0.99,0.1,B3_STRATIFIED,0.7,alpha_0.95,0.95,0,8,False,723.2500000000015,0.9230769230769231,1.0
0.99,0.99,0.1,B3_STRATIFIED,0.7,constant,1.0,0,8,False,596.0,0.9230769230769231,1.0
0.99,0.99,0.1,B3_STRATIFIED,1.0,alpha_0.95,0.95,0,8,False,813.2500000000015,1.0,1.0
0.99,0.99,0.1,B3_STRATIFIED,1.0,constant,1.0,0,8,False,686.0,1.0,1.0
0.99,0.99,0.2,B2_SRS,0.0,alpha_0.95,0.95,0,8,False,604.0000000000013,0.4230769230769231,1.0
0.99,0.99,0.2,B2_SRS,0.0,constant,1.0,0,8,False,474.0,0.4230769230769231,1.0
0.99,0.99,0.2,B2_SRS,0.05,alpha_0.95,0.95,0,8,False,623.0500000000012,0.4230769230769231,1.0
0.99,0.99,0.2,B2_SRS,0.05,constant,1.0,0,8,False,493.04999999999995,0.4230769230769231,1.0
0.99,0.99,0.2,B2_SRS,0.1,alpha_0.95,0.95,0,8,False,640.0500000000012,0.4230769230769231,1.0
0.99,0.99,0.2,B2_SRS,0.1,constant,1.0,0,8,False,510.04999999999995,0.4230769230769231,1.0
0.99,0.99,0.2,B2_SRS,0.2,alpha_0.95,0.95,0,8,False,674.0000000000013,0.4230769230769231,1.0
0.99,0.99,0.2,B2_SRS,0.2,constant,1.0,0,8,False,544.0,0.4230769230769231,1.0
0.99,0.99,0.2,B2_SRS,0.3,alpha_0.95,0.95,0,8,False,707.0000000000013,0.4230769230769231,1.0
0.99,0.99,0.2,B2_SRS,0.3,constant,1.0,0,8,False,577.0,0.4230769230769231,1.0
0.99,0.99,0.2,B2_SRS,0.4,alpha_0.95,0.95,0,8,False,739.0500000000012,0.4230769230769231,1.0
0.99,0.99,0.2,B2_SRS,0.4,constant,1.0,0,8,False,609.05,0.4230769230769231,1.0
0.99,0.99,0.2,B2_SRS,0.5,alpha_0.95,0.95,0,8,False,771.0500000000012,0.4230769230769231,1.0
0.99,0.99,0.2,B2_SRS,0.5,constant,1.0,0,8,False,641.05,0.4230769230769231,1.0
0.99,0.99,0.2,B2_SRS,0.7,alpha_0.95,0.95,0,8,False,836.0000000000013,0.4230769230769231,1.0
0.99,0.99,0.2,B2_SRS,0.7,constant,1.0,0,8,False,706.0,0.4230769230769231,1.0
0.99,0.99,0.2,B2_SRS,1.0,alpha_0.95,0.95,0,8,False,926.0000000000013,1.0,1.0
0.99,0.99,0.2,B2_SRS,1.0,constant,1.0,0,8,False,796.0,1.0,1.0
0.99,0.99,0.2,B3_STRATIFIED,0.0,alpha_0.95,0.95,0,8,False,604.0000000000013,0.4230769230769231,1.0
0.99,0.99,0.2,B3_STRATIFIED,0.0,constant,1.0,0,8,False,474.0,0.4230769230769231,1.0
0.99,0.99,0.2,B3_STRATIFIED,0.05,alpha_0.95,0.95,0,8,False,628.0000000000013,0.7307692307692307,1.0
0.99,0.99,0.2,B3_STRATIFIED,0.05,constant,1.0,0,8,False,498.0,0.7307692307692307,1.0
0.99,0.99,0.2,B3_STRATIFIED,0.1,alpha_0.95,0.95,0,8,False,644.0000000000013,0.7307692307692307,1.0
0.99,0.99,0.2,B3_STRATIFIED,0.1,constant,1.0,0,8,False,514.0,0.7307692307692307,1.0
0.99,0.99,0.2,B3_STRATIFIED,0.2,alpha_0.95,0.95,0,8,False,677.0000000000013,0.7692307692307693,1.0
0.99,0.99,0.2,B3_STRATIFIED,0.2,constant,1.0,0,8,False,547.0,0.7692307692307693,1.0
0.99,0.99,0.2,B3_STRATIFIED,0.3,alpha_0.95,0.95,0,8,False,711.0000000000013,0.7692307692307693,1.0
0.99,0.99,0.2,B3_STRATIFIED,0.3,constant,1.0,0,8,False,581.0,0.7692307692307693,1.0
0.99,0.99,0.2,B3_STRATIFIED,0.4,alpha_0.95,0.95,0,8,False,743.0500000000012,0.8076923076923077,1.0
0.99,0.99,0.2,B3_STRATIFIED,0.4,constant,1.0,0,8,False,613.05,0.8076923076923077,1.0
0.99,0.99,0.2,B3_STRATIFIED,0.5,alpha_0.95,0.95,0,8,False,771.0000000000013,0.8076923076923077,1.0
0.99,0.99,0.2,B3_STRATIFIED,0.5,constant,1.0,0,8,False,641.0,0.8076923076923077,1.0
0.99,0.99,0.2,B3_STRATIFIED,0.7,alpha_0.95,0.95,0,8,False,839.0000000000013,0.9230769230769231,1.0
0.99,0.99,0.2,B3_STRATIFIED,0.7,constant,1.0,0,8,False,709.0,0.9230769230769231,1.0
0.99,0.99,0.2,B3_STRATIFIED,1.0,alpha_0.95,0.95,0,8,False,926.0000000000013,1.0,1.0
0.99,0.99,0.2,B3_STRATIFIED,1.0,constant,1.0,0,8,False,796.0,1.0,1.0
0.99,1.0,0.0,B2_SRS,0.0,alpha_0.95,0.95,0,8,False,352.2000000000003,0.4230769230769231,1.0
0.99,1.0,0.0,B2_SRS,0.0,constant,1.0,0,8,False,243.0,0.4230769230769231,1.0
0.99,1.0,0.0,B2_SRS,0.05,alpha_0.95,0.95,0,8,False,405.2000000000003,0.4230769230769231,1.0
0.99,1.0,0.0,B2_SRS,0.05,constant,1.0,0,8,False,313.0,0.4230769230769231,1.0
0.99,1.0,0.0,B2_SRS,0.1,alpha_0.95,0.95,0,8,False,421.2500000000002,0.4230769230769231,1.0
0.99,1.0,0.0,B2_SRS,0.1,constant,1.0,0,8,False,324.0,0.4230769230769231,1.0
0.99,1.0,0.0,B2_SRS,0.2,alpha_0.95,0.95,0,8,False,461.2000000000003,0.4230769230769231,1.0
0.99,1.0,0.0,B2_SRS,0.2,constant,1.0,0,8,False,352.0,0.4230769230769231,1.0
0.99,1.0,0.0,B2_SRS,0.3,alpha_0.95,0.95,0,8,False,493.2000000000003,0.4230769230769231,1.0
0.99,1.0,0.0,B2_SRS,0.3,constant,1.0,0,8,False,384.0,0.4230769230769231,1.0
0.99,1.0,0.0,B2_SRS,0.4,alpha_0.95,0.95,0,8,False,528.2500000000002,0.4230769230769231,1.0
0.99,1.0,0.0,B2_SRS,0.4,constant,1.0,0,8,False,419.04999999999995,0.4230769230769231,1.0
0.99,1.0,0.0,B2_SRS,0.5,alpha_0.95,0.95,0,8,False,556.2500000000002,0.4230769230769231,1.0
0.99,1.0,0.0,B2_SRS,0.5,constant,1.0,0,8,False,447.04999999999995,0.4230769230769231,1.0
0.99,1.0,0.0,B2_SRS,0.7,alpha_0.95,0.95,0,8,False,610.2000000000003,0.4230769230769231,1.0
0.99,1.0,0.0,B2_SRS,0.7,constant,1.0,0,8,False,501.0,0.4230769230769231,1.0
0.99,1.0,0.0,B2_SRS,1.0,alpha_0.95,0.95,0,8,False,673.2000000000003,1.0,1.0
0.99,1.0,0.0,B2_SRS,1.0,constant,1.0,0,8,False,564.0,1.0,1.0
0.99,1.0,0.0,B3_STRATIFIED,0.0,alpha_0.95,0.95,0,8,False,352.2000000000003,0.4230769230769231,1.0
0.99,1.0,0.0,B3_STRATIFIED,0.0,constant,1.0,0,8,False,243.0,0.4230769230769231,1.0
0.99,1.0,0.0,B3_STRATIFIED,0.05,alpha_0.95,0.95,0,8,False,420.2000000000003,0.4230769230769231,1.0
0.99,1.0,0.0,B3_STRATIFIED,0.05,constant,1.0,0,8,False,339.0,0.4230769230769231,1.0
0.99,1.0,0.0,B3_STRATIFIED,0.1,alpha_0.95,0.95,0,8,False,431.2000000000003,0.4230769230769231,1.0
0.99,1.0,0.0,B3_STRATIFIED,0.1,constant,1.0,0,8,False,341.0,0.4230769230769231,1.0
0.99,1.0,0.0,B3_STRATIFIED,0.2,alpha_0.95,0.95,0,8,False,461.2500000000002,0.4230769230769231,1.0
0.99,1.0,0.0,B3_STRATIFIED,0.2,constant,1.0,0,8,False,352.04999999999995,0.4230769230769231,1.0
0.99,1.0,0.0,B3_STRATIFIED,0.3,alpha_0.95,0.95,0,8,False,493.2000000000003,0.4230769230769231,1.0
0.99,1.0,0.0,B3_STRATIFIED,0.3,constant,1.0,0,8,False,384.0,0.4230769230769231,1.0
0.99,1.0,0.0,B3_STRATIFIED,0.4,alpha_0.95,0.95,0,8,False,524.2000000000003,0.4230769230769231,1.0
0.99,1.0,0.0,B3_STRATIFIED,0.4,constant,1.0,0,8,False,415.0,0.4230769230769231,1.0
0.99,1.0,0.0,B3_STRATIFIED,0.5,alpha_0.95,0.95,0,8,False,539.2000000000003,0.4230769230769231,1.0
0.99,1.0,0.0,B3_STRATIFIED,0.5,constant,1.0,0,8,False,430.0,0.4230769230769231,1.0
0.99,1.0,0.0,B3_STRATIFIED,0.7,alpha_0.95,0.95,0,8,False,608.2000000000003,0.5769230769230769,1.0
0.99,1.0,0.0,B3_STRATIFIED,0.7,constant,1.0,0,8,False,499.0,0.5769230769230769,1.0
0.99,1.0,0.0,B3_STRATIFIED,1.0,alpha_0.95,0.95,0,8,False,673.2000000000003,1.0,1.0
0.99,1.0,0.0,B3_STRATIFIED,1.0,constant,1.0,0,8,False,564.0,1.0,1.0
0.99,1.0,0.05,B2_SRS,0.0,alpha_0.95,0.95,0,8,False,420.2500000000006,0.4230769230769231,1.0
0.99,1.0,0.05,B2_SRS,0.0,constant,1.0,0,8,False,298.0,0.4230769230769231,1.0
0.99,1.0,0.05,B2_SRS,0.05,alpha_0.95,0.95,0,8,False,444.2500000000006,0.4230769230769231,1.0
0.99,1.0,0.05,B2_SRS,0.05,constant,1.0,0,8,False,345.0,0.4230769230769231,1.0
0.99,1.0,0.05,B2_SRS,0.1,alpha_0.95,0.95,0,8,False,464.2500000000006,0.4230769230769231,1.0
0.99,1.0,0.05,B2_SRS,0.1,constant,1.0,0,8,False,355.0,0.4230769230769231,1.0
0.99,1.0,0.05,B2_SRS,0.2,alpha_0.95,0.95,0,8,False,499.2500000000006,0.4230769230769231,1.0
0.99,1.0,0.05,B2_SRS,0.2,constant,1.0,0,8,False,377.0,0.4230769230769231,1.0
0.99,1.0,0.05,B2_SRS,0.3,alpha_0.95,0.95,0,8,False,533.2500000000007,0.4230769230769231,1.0
0.99,1.0,0.05,B2_SRS,0.3,constant,1.0,0,8,False,411.0,0.4230769230769231,1.0
0.99,1.0,0.05,B2_SRS,0.4,alpha_0.95,0.95,0,8,False,564.2500000000007,0.4230769230769231,1.0
0.99,1.0,0.05,B2_SRS,0.4,constant,1.0,0,8,False,442.0,0.4230769230769231,1.0
0.99,1.0,0.05,B2_SRS,0.5,alpha_0.95,0.95,0,8,False,596.2500000000007,0.4230769230769231,1.0
0.99,1.0,0.05,B2_SRS,0.5,constant,1.0,0,8,False,474.0,0.4230769230769231,1.0
0.99,1.0,0.05,B2_SRS,0.7,alpha_0.95,0.95,0,8,False,661.2500000000007,0.4230769230769231,1.0
0.99,1.0,0.05,B2_SRS,0.7,constant,1.0,0,8,False,539.0,0.4230769230769231,1.0
0.99,1.0,0.05,B2_SRS,1.0,alpha_0.95,0.95,0,8,False,742.2500000000007,1.0,1.0
0.99,1.0,0.05,B2_SRS,1.0,constant,1.0,0,8,False,620.0,1.0,1.0
0.99,1.0,0.05,B3_STRATIFIED,0.0,alpha_0.95,0.95,0,8,False,420.2500000000006,0.4230769230769231,1.0
0.99,1.0,0.05,B3_STRATIFIED,0.0,constant,1.0,0,8,False,298.0,0.4230769230769231,1.0
0.99,1.0,0.05,B3_STRATIFIED,0.05,alpha_0.95,0.95,0,8,False,446.75000000000045,0.7307692307692307,1.0
0.99,1.0,0.05,B3_STRATIFIED,0.05,constant,1.0,0,8,False,351.0,0.7307692307692307,1.0
0.99,1.0,0.05,B3_STRATIFIED,0.1,alpha_0.95,0.95,0,8,False,466.2500000000006,0.7307692307692307,1.0
0.99,1.0,0.05,B3_STRATIFIED,0.1,constant,1.0,0,8,False,362.0,0.7307692307692307,1.0
0.99,1.0,0.05,B3_STRATIFIED,0.2,alpha_0.95,0.95,0,8,False,497.2500000000006,0.7673076923076925,1.0
0.99,1.0,0.05,B3_STRATIFIED,0.2,constant,1.0,0,8,False,380.0,0.7673076923076925,1.0
0.99,1.0,0.05,B3_STRATIFIED,0.3,alpha_0.95,0.95,0,8,False,530.2500000000007,0.7692307692307693,1.0
0.99,1.0,0.05,B3_STRATIFIED,0.3,constant,1.0,0,8,False,408.0,0.7692307692307693,1.0
0.99,1.0,0.05,B3_STRATIFIED,0.4,alpha_0.95,0.95,0,8,False,560.2500000000007,0.8076923076923077,1.0
0.99,1.0,0.05,B3_STRATIFIED,0.4,constant,1.0,0,8,False,438.0,0.8076923076923077,1.0
0.99,1.0,0.05,B3_STRATIFIED,0.5,alpha_0.95,0.95,0,8,False,592.2500000000007,0.8076923076923077,1.0
0.99,1.0,0.05,B3_STRATIFIED,0.5,constant,1.0,0,8,False,470.0,0.8076923076923077,1.0
0.99,1.0,0.05,B3_STRATIFIED,0.7,alpha_0.95,0.95,0,8,False,657.2500000000007,0.9230769230769231,1.0
0.99,1.0,0.05,B3_STRATIFIED,0.7,constant,1.0,0,8,False,535.0,0.9230769230769231,1.0
0.99,1.0,0.05,B3_STRATIFIED,1.0,alpha_0.95,0.95,0,8,False,742.2500000000007,1.0,1.0
0.99,1.0,0.05,B3_STRATIFIED,1.0,constant,1.0,0,8,False,620.0,1.0,1.0
0.99,1.0,0.1,B2_SRS,0.0,alpha_0.95,0.95,0,8,False,480.8000000000014,0.4230769230769231,1.0
0.99,1.0,0.1,B2_SRS,0.0,constant,1.0,0,8,False,354.0,0.4230769230769231,1.0
0.99,1.0,0.1,B2_SRS,0.05,alpha_0.95,0.95,0,8,False,500.8000000000014,0.4230769230769231,1.0
0.99,1.0,0.1,B2_SRS,0.05,constant,1.0,0,8,False,374.0,0.4230769230769231,1.0
0.99,1.0,0.1,B2_SRS,0.1,alpha_0.95,0.95,0,8,False,517.8000000000013,0.4230769230769231,1.0
0.99,1.0,0.1,B2_SRS,0.1,constant,1.0,0,8,False,391.0,0.4230769230769231,1.0
0.99,1.0,0.1,B2_SRS,0.2,alpha_0.95,0.95,0,8,False,551.8000000000013,0.4230769230769231,1.0
0.99,1.0,0.1,B2_SRS,0.2,constant,1.0,0,8,False,425.0,0.4230769230769231,1.0
0.99,1.0,0.1,B2_SRS,0.3,alpha_0.95,0.95,0,8,False,584.8000000000013,0.4230769230769231,1.0
0.99,1.0,0.1,B2_SRS,0.3,constant,1.0,0,8,False,458.0,0.4230769230769231,1.0
0.99,1.0,0.1,B2_SRS,0.4,alpha_0.95,0.95,0,8,False,617.8000000000013,0.4230769230769231,1.0
0.99,1.0,0.1,B2_SRS,0.4,constant,1.0,0,8,False,491.0,0.4230769230769231,1.0
0.99,1.0,0.1,B2_SRS,0.5,alpha_0.95,0.95,0,8,False,649.8000000000013,0.4230769230769231,1.0
0.99,1.0,0.1,B2_SRS,0.5,constant,1.0,0,8,False,523.0,0.4230769230769231,1.0
0.99,1.0,0.1,B2_SRS,0.7,alpha_0.95,0.95,0,8,False,714.8000000000013,0.4230769230769231,1.0
0.99,1.0,0.1,B2_SRS,0.7,constant,1.0,0,8,False,588.0,0.4230769230769231,1.0
0.99,1.0,0.1,B2_SRS,1.0,alpha_0.95,0.95,0,8,False,802.8000000000013,1.0,1.0
0.99,1.0,0.1,B2_SRS,1.0,constant,1.0,0,8,False,676.0,1.0,1.0
0.99,1.0,0.1,B3_STRATIFIED,0.0,alpha_0.95,0.95,0,8,False,480.8000000000014,0.4230769230769231,1.0
0.99,1.0,0.1,B3_STRATIFIED,0.0,constant,1.0,0,8,False,354.0,0.4230769230769231,1.0
0.99,1.0,0.1,B3_STRATIFIED,0.05,alpha_0.95,0.95,0,8,False,500.8000000000014,0.7307692307692307,1.0
0.99,1.0,0.1,B3_STRATIFIED,0.05,constant,1.0,0,8,False,376.0,0.7307692307692307,1.0
0.99,1.0,0.1,B3_STRATIFIED,0.1,alpha_0.95,0.95,0,8,False,519.8000000000013,0.7307692307692307,1.0
0.99,1.0,0.1,B3_STRATIFIED,0.1,constant,1.0,0,8,False,395.0,0.7307692307692307,1.0
0.99,1.0,0.1,B3_STRATIFIED,0.2,alpha_0.95,0.95,0,8,False,553.8000000000013,0.7307692307692307,1.0
0.99,1.0,0.1,B3_STRATIFIED,0.2,constant,1.0,0,8,False,427.0,0.7307692307692307,1.0
0.99,1.0,0.1,B3_STRATIFIED,0.3,alpha_0.95,0.95,0,8,False,585.8000000000013,0.8057692307692309,1.0
0.99,1.0,0.1,B3_STRATIFIED,0.3,constant,1.0,0,8,False,459.0,0.8057692307692309,1.0
0.99,1.0,0.1,B3_STRATIFIED,0.4,alpha_0.95,0.95,0,8,False,617.8000000000013,0.8076923076923077,1.0
0.99,1.0,0.1,B3_STRATIFIED,0.4,constant,1.0,0,8,False,491.0,0.8076923076923077,1.0
0.99,1.0,0.1,B3_STRATIFIED,0.5,alpha_0.95,0.95,0,8,False,650.8000000000013,0.8076923076923077,1.0
0.99,1.0,0.1,B3_STRATIFIED,0.5,constant,1.0,0,8,False,524.0,0.8076923076923077,1.0
0.99,1.0,0.1,B3_STRATIFIED,0.7,alpha_0.95,0.95,0,8,False,714.8000000000013,0.9230769230769231,1.0
0.99,1.0,0.1,B3_STRATIFIED,0.7,constant,1.0,0,8,False,588.0,0.9230769230769231,1.0
0.99,1.0,0.1,B3_STRATIFIED,1.0,alpha_0.95,0.95,0,8,False,802.8000000000013,1.0,1.0
0.99,1.0,0.1,B3_STRATIFIED,1.0,constant,1.0,0,8,False,676.0,1.0,1.0
0.99,1.0,0.2,B2_SRS,0.0,alpha_0.95,0.95,0,8,False,595.8000000000013,0.4230769230769231,1.0
0.99,1.0,0.2,B2_SRS,0.0,constant,1.0,0,8,False,466.0,0.4230769230769231,1.0
0.99,1.0,0.2,B2_SRS,0.05,alpha_0.95,0.95,0,8,False,615.8000000000013,0.4230769230769231,1.0
0.99,1.0,0.2,B2_SRS,0.05,constant,1.0,0,8,False,486.0,0.4230769230769231,1.0
0.99,1.0,0.2,B2_SRS,0.1,alpha_0.95,0.95,0,8,False,633.8000000000013,0.4230769230769231,1.0
0.99,1.0,0.2,B2_SRS,0.1,constant,1.0,0,8,False,504.0,0.4230769230769231,1.0
0.99,1.0,0.2,B2_SRS,0.2,alpha_0.95,0.95,0,8,False,667.8000000000013,0.4230769230769231,1.0
0.99,1.0,0.2,B2_SRS,0.2,constant,1.0,0,8,False,538.0,0.4230769230769231,1.0
0.99,1.0,0.2,B2_SRS,0.3,alpha_0.95,0.95,0,8,False,699.8000000000013,0.4230769230769231,1.0
0.99,1.0,0.2,B2_SRS,0.3,constant,1.0,0,8,False,570.0,0.4230769230769231,1.0
0.99,1.0,0.2,B2_SRS,0.4,alpha_0.95,0.95,0,8,False,732.8000000000013,0.4230769230769231,1.0
0.99,1.0,0.2,B2_SRS,0.4,constant,1.0,0,8,False,603.0,0.4230769230769231,1.0
0.99,1.0,0.2,B2_SRS,0.5,alpha_0.95,0.95,0,8,False,764.8000000000013,0.4230769230769231,1.0
0.99,1.0,0.2,B2_SRS,0.5,constant,1.0,0,8,False,635.0,0.4230769230769231,1.0
0.99,1.0,0.2,B2_SRS,0.7,alpha_0.95,0.95,0,8,False,828.8000000000013,0.4230769230769231,1.0
0.99,1.0,0.2,B2_SRS,0.7,constant,1.0,0,8,False,699.0,0.4230769230769231,1.0
0.99,1.0,0.2,B2_SRS,1.0,alpha_0.95,0.95,0,8,False,917.8000000000013,1.0,1.0
0.99,1.0,0.2,B2_SRS,1.0,constant,1.0,0,8,False,788.0,1.0,1.0
0.99,1.0,0.2,B3_STRATIFIED,0.0,alpha_0.95,0.95,0,8,False,595.8000000000013,0.4230769230769231,1.0
0.99,1.0,0.2,B3_STRATIFIED,0.0,constant,1.0,0,8,False,466.0,0.4230769230769231,1.0
0.99,1.0,0.2,B3_STRATIFIED,0.05,alpha_0.95,0.95,0,8,False,619.8000000000013,0.7307692307692307,1.0
0.99,1.0,0.2,B3_STRATIFIED,0.05,constant,1.0,0,8,False,490.0,0.7307692307692307,1.0
0.99,1.0,0.2,B3_STRATIFIED,0.1,alpha_0.95,0.95,0,8,False,633.8000000000013,0.7307692307692307,1.0
0.99,1.0,0.2,B3_STRATIFIED,0.1,constant,1.0,0,8,False,504.0,0.7307692307692307,1.0
0.99,1.0,0.2,B3_STRATIFIED,0.2,alpha_0.95,0.95,0,8,False,668.8000000000013,0.7307692307692307,1.0
0.99,1.0,0.2,B3_STRATIFIED,0.2,constant,1.0,0,8,False,539.0,0.7307692307692307,1.0
0.99,1.0,0.2,B3_STRATIFIED,0.3,alpha_0.95,0.95,0,8,False,702.8000000000013,0.7673076923076925,1.0
0.99,1.0,0.2,B3_STRATIFIED,0.3,constant,1.0,0,8,False,573.0,0.7673076923076925,1.0
0.99,1.0,0.2,B3_STRATIFIED,0.4,alpha_0.95,0.95,0,8,False,733.8000000000013,0.8076923076923077,1.0
0.99,1.0,0.2,B3_STRATIFIED,0.4,constant,1.0,0,8,False,604.0,0.8076923076923077,1.0
0.99,1.0,0.2,B3_STRATIFIED,0.5,alpha_0.95,0.95,0,8,False,766.8000000000013,0.8076923076923077,1.0
0.99,1.0,0.2,B3_STRATIFIED,0.5,constant,1.0,0,8,False,637.0,0.8076923076923077,1.0
0.99,1.0,0.2,B3_STRATIFIED,0.7,alpha_0.95,0.95,0,8,False,829.8000000000013,0.9230769230769231,1.0
0.99,1.0,0.2,B3_STRATIFIED,0.7,constant,1.0,0,8,False,700.0,0.9230769230769231,1.0
0.99,1.0,0.2,B3_STRATIFIED,1.0,alpha_0.95,0.95,0,8,False,917.8000000000013,1.0,1.0
0.99,1.0,0.2,B3_STRATIFIED,1.0,constant,1.0,0,8,False,788.0,1.0,1.0
1.0,0.8,0.0,B2_SRS,0.0,alpha_0.95,0.95,0,8,False,596.8000000000013,1.0,1.0
1.0,0.8,0.0,B2_SRS,0.0,constant,1.0,0,8,False,467.0,1.0,1.0
1.0,0.8,0.0,B2_SRS,0.05,alpha_0.95,0.95,0,8,False,615.8000000000013,1.0,1.0
1.0,0.8,0.0,B2_SRS,0.05,constant,1.0,0,8,False,486.0,1.0,1.0
1.0,0.8,0.0,B2_SRS,0.1,alpha_0.95,0.95,0,8,False,633.8000000000013,1.0,1.0
1.0,0.8,0.0,B2_SRS,0.1,constant,1.0,0,8,False,504.0,1.0,1.0
1.0,0.8,0.0,B2_SRS,0.2,alpha_0.95,0.95,0,8,False,666.8000000000013,1.0,1.0
1.0,0.8,0.0,B2_SRS,0.2,constant,1.0,0,8,False,537.0,1.0,1.0
1.0,0.8,0.0,B2_SRS,0.3,alpha_0.95,0.95,0,8,False,700.8000000000013,1.0,1.0
1.0,0.8,0.0,B2_SRS,0.3,constant,1.0,0,8,False,571.0,1.0,1.0
1.0,0.8,0.0,B2_SRS,0.4,alpha_0.95,0.95,0,8,False,732.8000000000013,1.0,1.0
1.0,0.8,0.0,B2_SRS,0.4,constant,1.0,0,8,False,603.0,1.0,1.0
1.0,0.8,0.0,B2_SRS,0.5,alpha_0.95,0.95,0,8,False,764.8000000000013,1.0,1.0
1.0,0.8,0.0,B2_SRS,0.5,constant,1.0,0,8,False,635.0,1.0,1.0
1.0,0.8,0.0,B2_SRS,0.7,alpha_0.95,0.95,0,8,False,828.8500000000013,1.0,1.0
1.0,0.8,0.0,B2_SRS,0.7,constant,1.0,0,8,False,699.05,1.0,1.0
1.0,0.8,0.0,B2_SRS,1.0,alpha_0.95,0.95,0,8,False,917.8000000000013,1.0,1.0
1.0,0.8,0.0,B2_SRS,1.0,constant,1.0,0,8,False,788.0,1.0,1.0
1.0,0.8,0.0,B3_STRATIFIED,0.0,alpha_0.95,0.95,0,8,False,596.8000000000013,1.0,1.0
1.0,0.8,0.0,B3_STRATIFIED,0.0,constant,1.0,0,8,False,467.0,1.0,1.0
1.0,0.8,0.0,B3_STRATIFIED,0.05,alpha_0.95,0.95,0,8,False,620.8000000000013,1.0,1.0
1.0,0.8,0.0,B3_STRATIFIED,0.05,constant,1.0,0,8,False,491.0,1.0,1.0
1.0,0.8,0.0,B3_STRATIFIED,0.1,alpha_0.95,0.95,0,8,False,634.8000000000013,1.0,1.0
1.0,0.8,0.0,B3_STRATIFIED,0.1,constant,1.0,0,8,False,505.0,1.0,1.0
1.0,0.8,0.0,B3_STRATIFIED,0.2,alpha_0.95,0.95,0,8,False,668.8000000000013,1.0,1.0
1.0,0.8,0.0,B3_STRATIFIED,0.2,constant,1.0,0,8,False,539.0,1.0,1.0
1.0,0.8,0.0,B3_STRATIFIED,0.3,alpha_0.95,0.95,0,8,False,703.8000000000013,1.0,1.0
1.0,0.8,0.0,B3_STRATIFIED,0.3,constant,1.0,0,8,False,574.0,1.0,1.0
1.0,0.8,0.0,B3_STRATIFIED,0.4,alpha_0.95,0.95,0,8,False,734.8000000000013,1.0,1.0
1.0,0.8,0.0,B3_STRATIFIED,0.4,constant,1.0,0,8,False,605.0,1.0,1.0
1.0,0.8,0.0,B3_STRATIFIED,0.5,alpha_0.95,0.95,0,8,False,766.8000000000013,1.0,1.0
1.0,0.8,0.0,B3_STRATIFIED,0.5,constant,1.0,0,8,False,637.0,1.0,1.0
1.0,0.8,0.0,B3_STRATIFIED,0.7,alpha_0.95,0.95,0,8,False,829.8000000000013,1.0,1.0
1.0,0.8,0.0,B3_STRATIFIED,0.7,constant,1.0,0,8,False,700.0,1.0,1.0
1.0,0.8,0.0,B3_STRATIFIED,1.0,alpha_0.95,0.95,0,8,False,917.8000000000013,1.0,1.0
1.0,0.8,0.0,B3_STRATIFIED,1.0,constant,1.0,0,8,False,788.0,1.0,1.0
1.0,0.8,0.05,B2_SRS,0.0,alpha_0.95,0.95,0,8,False,641.6000000000006,1.0,1.0
1.0,0.8,0.05,B2_SRS,0.0,constant,1.0,0,8,False,511.0,1.0,1.0
1.0,0.8,0.05,B2_SRS,0.05,alpha_0.95,0.95,0,8,False,660.6000000000006,1.0,1.0
1.0,0.8,0.05,B2_SRS,0.05,constant,1.0,0,8,False,530.0,1.0,1.0
1.0,0.8,0.05,B2_SRS,0.1,alpha_0.95,0.95,0,8,False,677.6000000000006,1.0,1.0
1.0,0.8,0.05,B2_SRS,0.1,constant,1.0,0,8,False,547.0,1.0,1.0
1.0,0.8,0.05,B2_SRS,0.2,alpha_0.95,0.95,0,8,False,711.6000000000006,1.0,1.0
1.0,0.8,0.05,B2_SRS,0.2,constant,1.0,0,8,False,581.0,1.0,1.0
1.0,0.8,0.05,B2_SRS,0.3,alpha_0.95,0.95,0,8,False,744.6000000000006,1.0,1.0
1.0,0.8,0.05,B2_SRS,0.3,constant,1.0,0,8,False,614.0,1.0,1.0
1.0,0.8,0.05,B2_SRS,0.4,alpha_0.95,0.95,0,8,False,775.6000000000006,1.0,1.0
1.0,0.8,0.05,B2_SRS,0.4,constant,1.0,0,8,False,645.0,1.0,1.0
1.0,0.8,0.05,B2_SRS,0.5,alpha_0.95,0.95,0,8,False,808.6000000000006,1.0,1.0
1.0,0.8,0.05,B2_SRS,0.5,constant,1.0,0,8,False,678.0,1.0,1.0
1.0,0.8,0.05,B2_SRS,0.7,alpha_0.95,0.95,0,8,False,871.6000000000006,1.0,1.0
1.0,0.8,0.05,B2_SRS,0.7,constant,1.0,0,8,False,741.0,1.0,1.0
1.0,0.8,0.05,B2_SRS,1.0,alpha_0.95,0.95,0,8,False,962.6000000000006,1.0,1.0
1.0,0.8,0.05,B2_SRS,1.0,constant,1.0,0,8,False,832.0,1.0,1.0
1.0,0.8,0.05,B3_STRATIFIED,0.0,alpha_0.95,0.95,0,8,False,641.6000000000006,1.0,1.0
1.0,0.8,0.05,B3_STRATIFIED,0.0,constant,1.0,0,8,False,511.0,1.0,1.0
1.0,0.8,0.05,B3_STRATIFIED,0.05,alpha_0.95,0.95,0,8,False,661.6000000000006,1.0,1.0
1.0,0.8,0.05,B3_STRATIFIED,0.05,constant,1.0,0,8,False,531.0,1.0,1.0
1.0,0.8,0.05,B3_STRATIFIED,0.1,alpha_0.95,0.95,0,8,False,677.6000000000006,1.0,1.0
1.0,0.8,0.05,B3_STRATIFIED,0.1,constant,1.0,0,8,False,547.0,1.0,1.0
1.0,0.8,0.05,B3_STRATIFIED,0.2,alpha_0.95,0.95,0,8,False,711.6000000000006,1.0,1.0
1.0,0.8,0.05,B3_STRATIFIED,0.2,constant,1.0,0,8,False,581.0,1.0,1.0
1.0,0.8,0.05,B3_STRATIFIED,0.3,alpha_0.95,0.95,0,8,False,744.6000000000006,1.0,1.0
1.0,0.8,0.05,B3_STRATIFIED,0.3,constant,1.0,0,8,False,614.0,1.0,1.0
1.0,0.8,0.05,B3_STRATIFIED,0.4,alpha_0.95,0.95,0,8,False,777.6000000000006,1.0,1.0
1.0,0.8,0.05,B3_STRATIFIED,0.4,constant,1.0,0,8,False,647.0,1.0,1.0
1.0,0.8,0.05,B3_STRATIFIED,0.5,alpha_0.95,0.95,0,8,False,808.6000000000006,1.0,1.0
1.0,0.8,0.05,B3_STRATIFIED,0.5,constant,1.0,0,8,False,678.0,1.0,1.0
1.0,0.8,0.05,B3_STRATIFIED,0.7,alpha_0.95,0.95,0,8,False,872.6000000000006,1.0,1.0
1.0,0.8,0.05,B3_STRATIFIED,0.7,constant,1.0,0,8,False,742.0,1.0,1.0
1.0,0.8,0.05,B3_STRATIFIED,1.0,alpha_0.95,0.95,0,8,False,962.6000000000006,1.0,1.0
1.0,0.8,0.05,B3_STRATIFIED,1.0,constant,1.0,0,8,False,832.0,1.0,1.0
1.0,0.8,0.1,B2_SRS,0.0,alpha_0.95,0.95,0,8,False,687.6000000000001,1.0,1.0
1.0,0.8,0.1,B2_SRS,0.0,constant,1.0,0,8,False,557.0,1.0,1.0
1.0,0.8,0.1,B2_SRS,0.05,alpha_0.95,0.95,0,8,False,706.6000000000001,1.0,1.0
1.0,0.8,0.1,B2_SRS,0.05,constant,1.0,0,8,False,576.0,1.0,1.0
1.0,0.8,0.1,B2_SRS,0.1,alpha_0.95,0.95,0,8,False,723.6000000000001,1.0,1.0
1.0,0.8,0.1,B2_SRS,0.1,constant,1.0,0,8,False,593.0,1.0,1.0
1.0,0.8,0.1,B2_SRS,0.2,alpha_0.95,0.95,0,8,False,756.6000000000001,1.0,1.0
1.0,0.8,0.1,B2_SRS,0.2,constant,1.0,0,8,False,626.0,1.0,1.0
1.0,0.8,0.1,B2_SRS,0.3,alpha_0.95,0.95,0,8,False,789.6000000000001,1.0,1.0
1.0,0.8,0.1,B2_SRS,0.3,constant,1.0,0,8,False,659.0,1.0,1.0
1.0,0.8,0.1,B2_SRS,0.4,alpha_0.95,0.95,0,8,False,822.6000000000001,1.0,1.0
1.0,0.8,0.1,B2_SRS,0.4,constant,1.0,0,8,False,692.0,1.0,1.0
1.0,0.8,0.1,B2_SRS,0.5,alpha_0.95,0.95,0,8,False,854.6000000000001,1.0,1.0
1.0,0.8,0.1,B2_SRS,0.5,constant,1.0,0,8,False,724.0,1.0,1.0
1.0,0.8,0.1,B2_SRS,0.7,alpha_0.95,0.95,0,8,False,917.6000000000001,1.0,1.0
1.0,0.8,0.1,B2_SRS,0.7,constant,1.0,0,8,False,787.0,1.0,1.0
1.0,0.8,0.1,B2_SRS,1.0,alpha_0.95,0.95,0,8,False,1008.6000000000001,1.0,1.0
1.0,0.8,0.1,B2_SRS,1.0,constant,1.0,0,8,False,878.0,1.0,1.0
1.0,0.8,0.1,B3_STRATIFIED,0.0,alpha_0.95,0.95,0,8,False,687.6000000000001,1.0,1.0
1.0,0.8,0.1,B3_STRATIFIED,0.0,constant,1.0,0,8,False,557.0,1.0,1.0
1.0,0.8,0.1,B3_STRATIFIED,0.05,alpha_0.95,0.95,0,8,False,706.6000000000001,1.0,1.0
1.0,0.8,0.1,B3_STRATIFIED,0.05,constant,1.0,0,8,False,576.0,1.0,1.0
1.0,0.8,0.1,B3_STRATIFIED,0.1,alpha_0.95,0.95,0,8,False,723.6000000000001,1.0,1.0
1.0,0.8,0.1,B3_STRATIFIED,0.1,constant,1.0,0,8,False,593.0,1.0,1.0
1.0,0.8,0.1,B3_STRATIFIED,0.2,alpha_0.95,0.95,0,8,False,756.6000000000001,1.0,1.0
1.0,0.8,0.1,B3_STRATIFIED,0.2,constant,1.0,0,8,False,626.0,1.0,1.0
1.0,0.8,0.1,B3_STRATIFIED,0.3,alpha_0.95,0.95,0,8,False,789.6000000000001,1.0,1.0
1.0,0.8,0.1,B3_STRATIFIED,0.3,constant,1.0,0,8,False,659.0,1.0,1.0
1.0,0.8,0.1,B3_STRATIFIED,0.4,alpha_0.95,0.95,0,8,False,821.6000000000001,1.0,1.0
1.0,0.8,0.1,B3_STRATIFIED,0.4,constant,1.0,0,8,False,691.0,1.0,1.0
1.0,0.8,0.1,B3_STRATIFIED,0.5,alpha_0.95,0.95,0,8,False,854.6000000000001,1.0,1.0
1.0,0.8,0.1,B3_STRATIFIED,0.5,constant,1.0,0,8,False,724.0,1.0,1.0
1.0,0.8,0.1,B3_STRATIFIED,0.7,alpha_0.95,0.95,0,8,False,917.6000000000001,1.0,1.0
1.0,0.8,0.1,B3_STRATIFIED,0.7,constant,1.0,0,8,False,787.0,1.0,1.0
1.0,0.8,0.1,B3_STRATIFIED,1.0,alpha_0.95,0.95,0,8,False,1008.6000000000001,1.0,1.0
1.0,0.8,0.1,B3_STRATIFIED,1.0,constant,1.0,0,8,False,878.0,1.0,1.0
1.0,0.8,0.2,B2_SRS,0.0,alpha_0.95,0.95,0,8,False,775.5999999999998,1.0,1.0
1.0,0.8,0.2,B2_SRS,0.0,constant,1.0,0,8,False,645.0,1.0,1.0
1.0,0.8,0.2,B2_SRS,0.05,alpha_0.95,0.95,0,8,False,794.5999999999998,1.0,1.0
1.0,0.8,0.2,B2_SRS,0.05,constant,1.0,0,8,False,664.0,1.0,1.0
1.0,0.8,0.2,B2_SRS,0.1,alpha_0.95,0.95,0,8,False,811.5999999999998,1.0,1.0
1.0,0.8,0.2,B2_SRS,0.1,constant,1.0,0,8,False,681.0,1.0,1.0
1.0,0.8,0.2,B2_SRS,0.2,alpha_0.95,0.95,0,8,False,843.5999999999998,1.0,1.0
1.0,0.8,0.2,B2_SRS,0.2,constant,1.0,0,8,False,713.0,1.0,1.0
1.0,0.8,0.2,B2_SRS,0.3,alpha_0.95,0.95,0,8,False,877.5999999999998,1.0,1.0
1.0,0.8,0.2,B2_SRS,0.3,constant,1.0,0,8,False,747.0,1.0,1.0
1.0,0.8,0.2,B2_SRS,0.4,alpha_0.95,0.95,0,8,False,909.5999999999998,1.0,1.0
1.0,0.8,0.2,B2_SRS,0.4,constant,1.0,0,8,False,779.0,1.0,1.0
1.0,0.8,0.2,B2_SRS,0.5,alpha_0.95,0.95,0,8,False,941.5999999999998,1.0,1.0
1.0,0.8,0.2,B2_SRS,0.5,constant,1.0,0,8,False,811.0,1.0,1.0
1.0,0.8,0.2,B2_SRS,0.7,alpha_0.95,0.95,0,8,False,1005.5999999999998,1.0,1.0
1.0,0.8,0.2,B2_SRS,0.7,constant,1.0,0,8,False,875.0,1.0,1.0
1.0,0.8,0.2,B2_SRS,1.0,alpha_0.95,0.95,0,8,False,1096.6,1.0,1.0
1.0,0.8,0.2,B2_SRS,1.0,constant,1.0,0,8,False,966.0,1.0,1.0
1.0,0.8,0.2,B3_STRATIFIED,0.0,alpha_0.95,0.95,0,8,False,775.5999999999998,1.0,1.0
1.0,0.8,0.2,B3_STRATIFIED,0.0,constant,1.0,0,8,False,645.0,1.0,1.0
1.0,0.8,0.2,B3_STRATIFIED,0.05,alpha_0.95,0.95,0,8,False,795.5999999999998,1.0,1.0
1.0,0.8,0.2,B3_STRATIFIED,0.05,constant,1.0,0,8,False,665.0,1.0,1.0
1.0,0.8,0.2,B3_STRATIFIED,0.1,alpha_0.95,0.95,0,8,False,812.5999999999998,1.0,1.0
1.0,0.8,0.2,B3_STRATIFIED,0.1,constant,1.0,0,8,False,682.0,1.0,1.0
1.0,0.8,0.2,B3_STRATIFIED,0.2,alpha_0.95,0.95,0,8,False,844.5999999999998,1.0,1.0
1.0,0.8,0.2,B3_STRATIFIED,0.2,constant,1.0,0,8,False,714.0,1.0,1.0
1.0,0.8,0.2,B3_STRATIFIED,0.3,alpha_0.95,0.95,0,8,False,876.5999999999998,1.0,1.0
1.0,0.8,0.2,B3_STRATIFIED,0.3,constant,1.0,0,8,False,746.0,1.0,1.0
1.0,0.8,0.2,B3_STRATIFIED,0.4,alpha_0.95,0.95,0,8,False,908.5999999999998,1.0,1.0
1.0,0.8,0.2,B3_STRATIFIED,0.4,constant,1.0,0,8,False,778.0,1.0,1.0
1.0,0.8,0.2,B3_STRATIFIED,0.5,alpha_0.95,0.95,0,8,False,940.5999999999998,1.0,1.0
1.0,0.8,0.2,B3_STRATIFIED,0.5,constant,1.0,0,8,False,810.0,1.0,1.0
1.0,0.8,0.2,B3_STRATIFIED,0.7,alpha_0.95,0.95,0,8,False,1005.5999999999998,1.0,1.0
1.0,0.8,0.2,B3_STRATIFIED,0.7,constant,1.0,0,8,False,875.0,1.0,1.0
1.0,0.8,0.2,B3_STRATIFIED,1.0,alpha_0.95,0.95,0,8,False,1096.6,1.0,1.0
1.0,0.8,0.2,B3_STRATIFIED,1.0,constant,1.0,0,8,False,966.0,1.0,1.0
1.0,0.85,0.0,B2_SRS,0.0,alpha_0.95,0.95,0,8,False,539.4000000000018,1.0,1.0
1.0,0.85,0.0,B2_SRS,0.0,constant,1.0,0,8,False,411.0,1.0,1.0
1.0,0.85,0.0,B2_SRS,0.05,alpha_0.95,0.95,0,8,False,560.4000000000018,1.0,1.0
1.0,0.85,0.0,B2_SRS,0.05,constant,1.0,0,8,False,432.0,1.0,1.0
1.0,0.85,0.0,B2_SRS,0.1,alpha_0.95,0.95,0,8,False,577.4000000000018,1.0,1.0
1.0,0.85,0.0,B2_SRS,0.1,constant,1.0,0,8,False,449.0,1.0,1.0
1.0,0.85,0.0,B2_SRS,0.2,alpha_0.95,0.95,0,8,False,611.4000000000018,1.0,1.0
1.0,0.85,0.0,B2_SRS,0.2,constant,1.0,0,8,False,483.0,1.0,1.0
1.0,0.85,0.0,B2_SRS,0.3,alpha_0.95,0.95,0,8,False,644.4000000000018,1.0,1.0
1.0,0.85,0.0,B2_SRS,0.3,constant,1.0,0,8,False,516.0,1.0,1.0
1.0,0.85,0.0,B2_SRS,0.4,alpha_0.95,0.95,0,8,False,676.4000000000018,1.0,1.0
1.0,0.85,0.0,B2_SRS,0.4,constant,1.0,0,8,False,548.0,1.0,1.0
1.0,0.85,0.0,B2_SRS,0.5,alpha_0.95,0.95,0,8,False,709.4000000000018,1.0,1.0
1.0,0.85,0.0,B2_SRS,0.5,constant,1.0,0,8,False,581.0,1.0,1.0
1.0,0.85,0.0,B2_SRS,0.7,alpha_0.95,0.95,0,8,False,771.4000000000018,1.0,1.0
1.0,0.85,0.0,B2_SRS,0.7,constant,1.0,0,8,False,643.0,1.0,1.0
1.0,0.85,0.0,B2_SRS,1.0,alpha_0.95,0.95,0,8,False,860.4000000000018,1.0,1.0
1.0,0.85,0.0,B2_SRS,1.0,constant,1.0,0,8,False,732.0,1.0,1.0
1.0,0.85,0.0,B3_STRATIFIED,0.0,alpha_0.95,0.95,0,8,False,539.4000000000018,1.0,1.0
1.0,0.85,0.0,B3_STRATIFIED,0.0,constant,1.0,0,8,False,411.0,1.0,1.0
1.0,0.85,0.0,B3_STRATIFIED,0.05,alpha_0.95,0.95,0,8,False,561.4000000000018,1.0,1.0
1.0,0.85,0.0,B3_STRATIFIED,0.05,constant,1.0,0,8,False,433.0,1.0,1.0
1.0,0.85,0.0,B3_STRATIFIED,0.1,alpha_0.95,0.95,0,8,False,577.4000000000018,1.0,1.0
1.0,0.85,0.0,B3_STRATIFIED,0.1,constant,1.0,0,8,False,449.0,1.0,1.0
1.0,0.85,0.0,B3_STRATIFIED,0.2,alpha_0.95,0.95,0,8,False,612.4000000000018,1.0,1.0
1.0,0.85,0.0,B3_STRATIFIED,0.2,constant,1.0,0,8,False,484.0,1.0,1.0
1.0,0.85,0.0,B3_STRATIFIED,0.3,alpha_0.95,0.95,0,8,False,643.4000000000018,1.0,1.0
1.0,0.85,0.0,B3_STRATIFIED,0.3,constant,1.0,0,8,False,515.0,1.0,1.0
1.0,0.85,0.0,B3_STRATIFIED,0.4,alpha_0.95,0.95,0,8,False,677.4500000000018,1.0,1.0
1.0,0.85,0.0,B3_STRATIFIED,0.4,constant,1.0,0,8,False,549.05,1.0,1.0
1.0,0.85,0.0,B3_STRATIFIED,0.5,alpha_0.95,0.95,0,8,False,705.4000000000018,1.0,1.0
1.0,0.85,0.0,B3_STRATIFIED,0.5,constant,1.0,0,8,False,577.0,1.0,1.0
1.0,0.85,0.0,B3_STRATIFIED,0.7,alpha_0.95,0.95,0,8,False,773.4000000000018,1.0,1.0
1.0,0.85,0.0,B3_STRATIFIED,0.7,constant,1.0,0,8,False,645.0,1.0,1.0
1.0,0.85,0.0,B3_STRATIFIED,1.0,alpha_0.95,0.95,0,8,False,860.4000000000018,1.0,1.0
1.0,0.85,0.0,B3_STRATIFIED,1.0,constant,1.0,0,8,False,732.0,1.0,1.0
1.0,0.85,0.05,B2_SRS,0.0,alpha_0.95,0.95,0,8,False,588.6000000000014,1.0,1.0
1.0,0.85,0.05,B2_SRS,0.0,constant,1.0,0,8,False,459.0,1.0,1.0
1.0,0.85,0.05,B2_SRS,0.05,alpha_0.95,0.95,0,8,False,608.6000000000014,1.0,1.0
1.0,0.85,0.05,B2_SRS,0.05,constant,1.0,0,8,False,479.0,1.0,1.0
1.0,0.85,0.05,B2_SRS,0.1,alpha_0.95,0.95,0,8,False,626.6000000000014,1.0,1.0
1.0,0.85,0.05,B2_SRS,0.1,constant,1.0,0,8,False,497.0,1.0,1.0
1.0,0.85,0.05,B2_SRS,0.2,alpha_0.95,0.95,0,8,False,660.6000000000014,1.0,1.0
1.0,0.85,0.05,B2_SRS,0.2,constant,1.0,0,8,False,531.0,1.0,1.0
1.0,0.85,0.05,B2_SRS,0.3,alpha_0.95,0.95,0,8,False,693.6000000000014,1.0,1.0
1.0,0.85,0.05,B2_SRS,0.3,constant,1.0,0,8,False,564.0,1.0,1.0
1.0,0.85,0.05,B2_SRS,0.4,alpha_0.95,0.95,0,8,False,725.6000000000014,1.0,1.0
1.0,0.85,0.05,B2_SRS,0.4,constant,1.0,0,8,False,596.0,1.0,1.0
1.0,0.85,0.05,B2_SRS,0.5,alpha_0.95,0.95,0,8,False,757.6000000000014,1.0,1.0
1.0,0.85,0.05,B2_SRS,0.5,constant,1.0,0,8,False,628.0,1.0,1.0
1.0,0.85,0.05,B2_SRS,0.7,alpha_0.95,0.95,0,8,False,820.6000000000014,1.0,1.0
1.0,0.85,0.05,B2_SRS,0.7,constant,1.0,0,8,False,691.0,1.0,1.0
1.0,0.85,0.05,B2_SRS,1.0,alpha_0.95,0.95,0,8,False,909.6000000000014,1.0,1.0
1.0,0.85,0.05,B2_SRS,1.0,constant,1.0,0,8,False,780.0,1.0,1.0
1.0,0.85,0.05,B3_STRATIFIED,0.0,alpha_0.95,0.95,0,8,False,588.6000000000014,1.0,1.0
1.0,0.85,0.05,B3_STRATIFIED,0.0,constant,1.0,0,8,False,459.0,1.0,1.0
1.0,0.85,0.05,B3_STRATIFIED,0.05,alpha_0.95,0.95,0,8,False,612.6000000000014,1.0,1.0
1.0,0.85,0.05,B3_STRATIFIED,0.05,constant,1.0,0,8,False,483.0,1.0,1.0
1.0,0.85,0.05,B3_STRATIFIED,0.1,alpha_0.95,0.95,0,8,False,627.6000000000014,1.0,1.0
1.0,0.85,0.05,B3_STRATIFIED,0.1,constant,1.0,0,8,False,498.0,1.0,1.0
1.0,0.85,0.05,B3_STRATIFIED,0.2,alpha_0.95,0.95,0,8,False,661.6000000000014,1.0,1.0
1.0,0.85,0.05,B3_STRATIFIED,0.2,constant,1.0,0,8,False,532.0,1.0,1.0
1.0,0.85,0.05,B3_STRATIFIED,0.3,alpha_0.95,0.95,0,8,False,693.6500000000013,1.0,1.0
1.0,0.85,0.05,B3_STRATIFIED,0.3,constant,1.0,0,8,False,564.05,1.0,1.0
1.0,0.85,0.05,B3_STRATIFIED,0.4,alpha_0.95,0.95,0,8,False,725.6000000000014,1.0,1.0
1.0,0.85,0.05,B3_STRATIFIED,0.4,constant,1.0,0,8,False,596.0,1.0,1.0
1.0,0.85,0.05,B3_STRATIFIED,0.5,alpha_0.95,0.95,0,8,False,758.6000000000014,1.0,1.0
1.0,0.85,0.05,B3_STRATIFIED,0.5,constant,1.0,0,8,False,629.0,1.0,1.0
1.0,0.85,0.05,B3_STRATIFIED,0.7,alpha_0.95,0.95,0,8,False,822.6000000000014,1.0,1.0
1.0,0.85,0.05,B3_STRATIFIED,0.7,constant,1.0,0,8,False,693.0,1.0,1.0
1.0,0.85,0.05,B3_STRATIFIED,1.0,alpha_0.95,0.95,0,8,False,909.6000000000014,1.0,1.0
1.0,0.85,0.05,B3_STRATIFIED,1.0,constant,1.0,0,8,False,780.0,1.0,1.0
1.0,0.85,0.1,B2_SRS,0.0,alpha_0.95,0.95,0,8,False,635.6000000000008,1.0,1.0
1.0,0.85,0.1,B2_SRS,0.0,constant,1.0,0,8,False,505.0,1.0,1.0
1.0,0.85,0.1,B2_SRS,0.05,alpha_0.95,0.95,0,8,False,654.6000000000008,1.0,1.0
1.0,0.85,0.1,B2_SRS,0.05,constant,1.0,0,8,False,524.0,1.0,1.0
1.0,0.85,0.1,B2_SRS,0.1,alpha_0.95,0.95,0,8,False,672.6000000000008,1.0,1.0
1.0,0.85,0.1,B2_SRS,0.1,constant,1.0,0,8,False,542.0,1.0,1.0
1.0,0.85,0.1,B2_SRS,0.2,alpha_0.95,0.95,0,8,False,705.6000000000008,1.0,1.0
1.0,0.85,0.1,B2_SRS,0.2,constant,1.0,0,8,False,575.0,1.0,1.0
1.0,0.85,0.1,B2_SRS,0.3,alpha_0.95,0.95,0,8,False,738.6000000000008,1.0,1.0
1.0,0.85,0.1,B2_SRS,0.3,constant,1.0,0,8,False,608.0,1.0,1.0
1.0,0.85,0.1,B2_SRS,0.4,alpha_0.95,0.95,0,8,False,769.6000000000008,1.0,1.0
1.0,0.85,0.1,B2_SRS,0.4,constant,1.0,0,8,False,639.0,1.0,1.0
1.0,0.85,0.1,B2_SRS,0.5,alpha_0.95,0.95,0,8,False,801.6000000000008,1.0,1.0
1.0,0.85,0.1,B2_SRS,0.5,constant,1.0,0,8,False,671.0,1.0,1.0
1.0,0.85,0.1,B2_SRS,0.7,alpha_0.95,0.95,0,8,False,866.6000000000008,1.0,1.0
1.0,0.85,0.1,B2_SRS,0.7,constant,1.0,0,8,False,736.0,1.0,1.0
1.0,0.85,0.1,B2_SRS,1.0,alpha_0.95,0.95,0,8,False,956.6000000000008,1.0,1.0
1.0,0.85,0.1,B2_SRS,1.0,constant,1.0,0,8,False,826.0,1.0,1.0
1.0,0.85,0.1,B3_STRATIFIED,0.0,alpha_0.95,0.95,0,8,False,635.6000000000008,1.0,1.0
1.0,0.85,0.1,B3_STRATIFIED,0.0,constant,1.0,0,8,False,505.0,1.0,1.0
1.0,0.85,0.1,B3_STRATIFIED,0.05,alpha_0.95,0.95,0,8,False,656.6000000000008,1.0,1.0
1.0,0.85,0.1,B3_STRATIFIED,0.05,constant,1.0,0,8,False,526.0,1.0,1.0
1.0,0.85,0.1,B3_STRATIFIED,0.1,alpha_0.95,0.95,0,8,False,671.6500000000008,1.0,1.0
1.0,0.85,0.1,B3_STRATIFIED,0.1,constant,1.0,0,8,False,541.05,1.0,1.0
1.0,0.85,0.1,B3_STRATIFIED,0.2,alpha_0.95,0.95,0,8,False,705.6000000000008,1.0,1.0
1.0,0.85,0.1,B3_STRATIFIED,0.2,constant,1.0,0,8,False,575.0,1.0,1.0
1.0,0.85,0.1,B3_STRATIFIED,0.3,alpha_0.95,0.95,0,8,False,739.6000000000008,1.0,1.0
1.0,0.85,0.1,B3_STRATIFIED,0.3,constant,1.0,0,8,False,609.0,1.0,1.0
1.0,0.85,0.1,B3_STRATIFIED,0.4,alpha_0.95,0.95,0,8,False,770.6000000000008,1.0,1.0
1.0,0.85,0.1,B3_STRATIFIED,0.4,constant,1.0,0,8,False,640.0,1.0,1.0
1.0,0.85,0.1,B3_STRATIFIED,0.5,alpha_0.95,0.95,0,8,False,803.6000000000008,1.0,1.0
1.0,0.85,0.1,B3_STRATIFIED,0.5,constant,1.0,0,8,False,673.0,1.0,1.0
1.0,0.85,0.1,B3_STRATIFIED,0.7,alpha_0.95,0.95,0,8,False,865.6000000000008,1.0,1.0
1.0,0.85,0.1,B3_STRATIFIED,0.7,constant,1.0,0,8,False,735.0,1.0,1.0
1.0,0.85,0.1,B3_STRATIFIED,1.0,alpha_0.95,0.95,0,8,False,956.6000000000008,1.0,1.0
1.0,0.85,0.1,B3_STRATIFIED,1.0,constant,1.0,0,8,False,826.0,1.0,1.0
1.0,0.85,0.2,B2_SRS,0.0,alpha_0.95,0.95,0,8,False,731.6,1.0,1.0
1.0,0.85,0.2,B2_SRS,0.0,constant,1.0,0,8,False,601.0,1.0,1.0
1.0,0.85,0.2,B2_SRS,0.05,alpha_0.95,0.95,0,8,False,751.6,1.0,1.0
1.0,0.85,0.2,B2_SRS,0.05,constant,1.0,0,8,False,621.0,1.0,1.0
1.0,0.85,0.2,B2_SRS,0.1,alpha_0.95,0.95,0,8,False,767.6,1.0,1.0
1.0,0.85,0.2,B2_SRS,0.1,constant,1.0,0,8,False,637.0,1.0,1.0
1.0,0.85,0.2,B2_SRS,0.2,alpha_0.95,0.95,0,8,False,800.65,1.0,1.0
1.0,0.85,0.2,B2_SRS,0.2,constant,1.0,0,8,False,670.05,1.0,1.0
1.0,0.85,0.2,B2_SRS,0.3,alpha_0.95,0.95,0,8,False,833.6,1.0,1.0
1.0,0.85,0.2,B2_SRS,0.3,constant,1.0,0,8,False,703.0,1.0,1.0
1.0,0.85,0.2,B2_SRS,0.4,alpha_0.95,0.95,0,8,False,865.65,1.0,1.0
1.0,0.85,0.2,B2_SRS,0.4,constant,1.0,0,8,False,735.05,1.0,1.0
1.0,0.85,0.2,B2_SRS,0.5,alpha_0.95,0.95,0,8,False,898.6,1.0,1.0
1.0,0.85,0.2,B2_SRS,0.5,constant,1.0,0,8,False,768.0,1.0,1.0
1.0,0.85,0.2,B2_SRS,0.7,alpha_0.95,0.95,0,8,False,962.6,1.0,1.0
1.0,0.85,0.2,B2_SRS,0.7,constant,1.0,0,8,False,832.0,1.0,1.0
1.0,0.85,0.2,B2_SRS,1.0,alpha_0.95,0.95,0,8,False,1052.6,1.0,1.0
1.0,0.85,0.2,B2_SRS,1.0,constant,1.0,0,8,False,922.0,1.0,1.0
1.0,0.85,0.2,B3_STRATIFIED,0.0,alpha_0.95,0.95,0,8,False,731.6,1.0,1.0
1.0,0.85,0.2,B3_STRATIFIED,0.0,constant,1.0,0,8,False,601.0,1.0,1.0
1.0,0.85,0.2,B3_STRATIFIED,0.05,alpha_0.95,0.95,0,8,False,751.6,1.0,1.0
1.0,0.85,0.2,B3_STRATIFIED,0.05,constant,1.0,0,8,False,621.0,1.0,1.0
1.0,0.85,0.2,B3_STRATIFIED,0.1,alpha_0.95,0.95,0,8,False,768.65,1.0,1.0
1.0,0.85,0.2,B3_STRATIFIED,0.1,constant,1.0,0,8,False,638.05,1.0,1.0
1.0,0.85,0.2,B3_STRATIFIED,0.2,alpha_0.95,0.95,0,8,False,802.6,1.0,1.0
1.0,0.85,0.2,B3_STRATIFIED,0.2,constant,1.0,0,8,False,672.0,1.0,1.0
1.0,0.85,0.2,B3_STRATIFIED,0.3,alpha_0.95,0.95,0,8,False,834.6,1.0,1.0
1.0,0.85,0.2,B3_STRATIFIED,0.3,constant,1.0,0,8,False,704.0,1.0,1.0
1.0,0.85,0.2,B3_STRATIFIED,0.4,alpha_0.95,0.95,0,8,False,866.65,1.0,1.0
1.0,0.85,0.2,B3_STRATIFIED,0.4,constant,1.0,0,8,False,736.05,1.0,1.0
1.0,0.85,0.2,B3_STRATIFIED,0.5,alpha_0.95,0.95,0,8,False,898.65,1.0,1.0
1.0,0.85,0.2,B3_STRATIFIED,0.5,constant,1.0,0,8,False,768.05,1.0,1.0
1.0,0.85,0.2,B3_STRATIFIED,0.7,alpha_0.95,0.95,0,8,False,961.6,1.0,1.0
1.0,0.85,0.2,B3_STRATIFIED,0.7,constant,1.0,0,8,False,831.0,1.0,1.0
1.0,0.85,0.2,B3_STRATIFIED,1.0,alpha_0.95,0.95,0,8,False,1052.6,1.0,1.0
1.0,0.85,0.2,B3_STRATIFIED,1.0,constant,1.0,0,8,False,922.0,1.0,1.0
1.0,0.9,0.0,B2_SRS,0.0,alpha_0.95,0.95,0,8,False,481.8000000000014,1.0,1.0
1.0,0.9,0.0,B2_SRS,0.0,constant,1.0,0,8,False,355.0,1.0,1.0
1.0,0.9,0.0,B2_SRS,0.05,alpha_0.95,0.95,0,8,False,501.8000000000014,1.0,1.0
1.0,0.9,0.0,B2_SRS,0.05,constant,1.0,0,8,False,375.0,1.0,1.0
1.0,0.9,0.0,B2_SRS,0.1,alpha_0.95,0.95,0,8,False,518.8000000000013,1.0,1.0
1.0,0.9,0.0,B2_SRS,0.1,constant,1.0,0,8,False,392.0,1.0,1.0
1.0,0.9,0.0,B2_SRS,0.2,alpha_0.95,0.95,0,8,False,552.8000000000013,1.0,1.0
1.0,0.9,0.0,B2_SRS,0.2,constant,1.0,0,8,False,426.0,1.0,1.0
1.0,0.9,0.0,B2_SRS,0.3,alpha_0.95,0.95,0,8,False,586.8000000000013,1.0,1.0
1.0,0.9,0.0,B2_SRS,0.3,constant,1.0,0,8,False,460.0,1.0,1.0
1.0,0.9,0.0,B2_SRS,0.4,alpha_0.95,0.95,0,8,False,618.8000000000013,1.0,1.0
1.0,0.9,0.0,B2_SRS,0.4,constant,1.0,0,8,False,492.0,1.0,1.0
1.0,0.9,0.0,B2_SRS,0.5,alpha_0.95,0.95,0,8,False,651.8000000000013,1.0,1.0
1.0,0.9,0.0,B2_SRS,0.5,constant,1.0,0,8,False,525.0,1.0,1.0
1.0,0.9,0.0,B2_SRS,0.7,alpha_0.95,0.95,0,8,False,715.8000000000013,1.0,1.0
1.0,0.9,0.0,B2_SRS,0.7,constant,1.0,0,8,False,589.0,1.0,1.0
1.0,0.9,0.0,B2_SRS,1.0,alpha_0.95,0.95,0,8,False,802.8000000000013,1.0,1.0
1.0,0.9,0.0,B2_SRS,1.0,constant,1.0,0,8,False,676.0,1.0,1.0
1.0,0.9,0.0,B3_STRATIFIED,0.0,alpha_0.95,0.95,0,8,False,481.8000000000014,1.0,1.0
1.0,0.9,0.0,B3_STRATIFIED,0.0,constant,1.0,0,8,False,355.0,1.0,1.0
1.0,0.9,0.0,B3_STRATIFIED,0.05,alpha_0.95,0.95,0,8,False,501.8000000000014,1.0,1.0
1.0,0.9,0.0,B3_STRATIFIED,0.05,constant,1.0,0,8,False,375.0,1.0,1.0
1.0,0.9,0.0,B3_STRATIFIED,0.1,alpha_0.95,0.95,0,8,False,521.8000000000013,1.0,1.0
1.0,0.9,0.0,B3_STRATIFIED,0.1,constant,1.0,0,8,False,395.0,1.0,1.0
1.0,0.9,0.0,B3_STRATIFIED,0.2,alpha_0.95,0.95,0,8,False,554.8000000000013,1.0,1.0
1.0,0.9,0.0,B3_STRATIFIED,0.2,constant,1.0,0,8,False,428.0,1.0,1.0
1.0,0.9,0.0,B3_STRATIFIED,0.3,alpha_0.95,0.95,0,8,False,585.8000000000013,1.0,1.0
1.0,0.9,0.0,B3_STRATIFIED,0.3,constant,1.0,0,8,False,459.0,1.0,1.0
1.0,0.9,0.0,B3_STRATIFIED,0.4,alpha_0.95,0.95,0,8,False,619.8000000000013,1.0,1.0
1.0,0.9,0.0,B3_STRATIFIED,0.4,constant,1.0,0,8,False,493.0,1.0,1.0
1.0,0.9,0.0,B3_STRATIFIED,0.5,alpha_0.95,0.95,0,8,False,649.8000000000013,1.0,1.0
1.0,0.9,0.0,B3_STRATIFIED,0.5,constant,1.0,0,8,False,523.0,1.0,1.0
1.0,0.9,0.0,B3_STRATIFIED,0.7,alpha_0.95,0.95,0,8,False,715.8000000000013,1.0,1.0
1.0,0.9,0.0,B3_STRATIFIED,0.7,constant,1.0,0,8,False,589.0,1.0,1.0
1.0,0.9,0.0,B3_STRATIFIED,1.0,alpha_0.95,0.95,0,8,False,802.8000000000013,1.0,1.0
1.0,0.9,0.0,B3_STRATIFIED,1.0,constant,1.0,0,8,False,676.0,1.0,1.0
1.0,0.9,0.05,B2_SRS,0.0,alpha_0.95,0.95,0,8,False,533.2500000000018,1.0,1.0
1.0,0.9,0.05,B2_SRS,0.0,constant,1.0,0,8,False,405.0,1.0,1.0
1.0,0.9,0.05,B2_SRS,0.05,alpha_0.95,0.95,0,8,False,554.2500000000018,1.0,1.0
1.0,0.9,0.05,B2_SRS,0.05,constant,1.0,0,8,False,426.0,1.0,1.0
1.0,0.9,0.05,B2_SRS,0.1,alpha_0.95,0.95,0,8,False,571.2500000000018,1.0,1.0
1.0,0.9,0.05,B2_SRS,0.1,constant,1.0,0,8,False,443.0,1.0,1.0
1.0,0.9,0.05,B2_SRS,0.2,alpha_0.95,0.95,0,8,False,604.2500000000018,1.0,1.0
1.0,0.9,0.05,B2_SRS,0.2,constant,1.0,0,8,False,476.0,1.0,1.0
1.0,0.9,0.05,B2_SRS,0.3,alpha_0.95,0.95,0,8,False,639.2500000000018,1.0,1.0
1.0,0.9,0.05,B2_SRS,0.3,constant,1.0,0,8,False,511.0,1.0,1.0
1.0,0.9,0.05,B2_SRS,0.4,alpha_0.95,0.95,0,8,False,670.2500000000018,1.0,1.0
1.0,0.9,0.05,B2_SRS,0.4,constant,1.0,0,8,False,542.0,1.0,1.0
1.0,0.9,0.05,B2_SRS,0.5,alpha_0.95,0.95,0,8,False,701.3000000000018,1.0,1.0
1.0,0.9,0.05,B2_SRS,0.5,constant,1.0,0,8,False,573.05,1.0,1.0
1.0,0.9,0.05,B2_SRS,0.7,alpha_0.95,0.95,0,8,False,766.2500000000018,1.0,1.0
1.0,0.9,0.05,B2_SRS,0.7,constant,1.0,0,8,False,638.0,1.0,1.0
1.0,0.9,0.05,B2_SRS,1.0,alpha_0.95,0.95,0,8,False,854.2500000000018,1.0,1.0
1.0,0.9,0.05,B2_SRS,1.0,constant,1.0,0,8,False,726.0,1.0,1.0
1.0,0.9,0.05,B3_STRATIFIED,0.0,alpha_0.95,0.95,0,8,False,533.2500000000018,1.0,1.0
1.0,0.9,0.05,B3_STRATIFIED,0.0,constant,1.0,0,8,False,405.0,1.0,1.0
1.0,0.9,0.05,B3_STRATIFIED,0.05,alpha_0.95,0.95,0,8,False,555.2500000000018,1.0,1.0
1.0,0.9,0.05,B3_STRATIFIED,0.05,constant,1.0,0,8,False,427.0,1.0,1.0
1.0,0.9,0.05,B3_STRATIFIED,0.1,alpha_0.95,0.95,0,8,False,571.2500000000018,1.0,1.0
1.0,0.9,0.05,B3_STRATIFIED,0.1,constant,1.0,0,8,False,443.0,1.0,1.0
1.0,0.9,0.05,B3_STRATIFIED,0.2,alpha_0.95,0.95,0,8,False,604.2500000000018,1.0,1.0
1.0,0.9,0.05,B3_STRATIFIED,0.2,constant,1.0,0,8,False,476.0,1.0,1.0
1.0,0.9,0.05,B3_STRATIFIED,0.3,alpha_0.95,0.95,0,8,False,638.2500000000018,1.0,1.0
1.0,0.9,0.05,B3_STRATIFIED,0.3,constant,1.0,0,8,False,510.0,1.0,1.0
1.0,0.9,0.05,B3_STRATIFIED,0.4,alpha_0.95,0.95,0,8,False,666.2500000000018,1.0,1.0
1.0,0.9,0.05,B3_STRATIFIED,0.4,constant,1.0,0,8,False,538.0,1.0,1.0
1.0,0.9,0.05,B3_STRATIFIED,0.5,alpha_0.95,0.95,0,8,False,700.2500000000018,1.0,1.0
1.0,0.9,0.05,B3_STRATIFIED,0.5,constant,1.0,0,8,False,572.0,1.0,1.0
1.0,0.9,0.05,B3_STRATIFIED,0.7,alpha_0.95,0.95,0,8,False,764.2500000000018,1.0,1.0
1.0,0.9,0.05,B3_STRATIFIED,0.7,constant,1.0,0,8,False,636.0,1.0,1.0
1.0,0.9,0.05,B3_STRATIFIED,1.0,alpha_0.95,0.95,0,8,False,854.2500000000018,1.0,1.0
1.0,0.9,0.05,B3_STRATIFIED,1.0,constant,1.0,0,8,False,726.0,1.0,1.0
1.0,0.9,0.1,B2_SRS,0.0,alpha_0.95,0.95,0,8,False,584.5000000000015,1.0,1.0
1.0,0.9,0.1,B2_SRS,0.0,constant,1.0,0,8,False,455.0,1.0,1.0
1.0,0.9,0.1,B2_SRS,0.05,alpha_0.95,0.95,0,8,False,604.5000000000015,1.0,1.0
1.0,0.9,0.1,B2_SRS,0.05,constant,1.0,0,8,False,475.0,1.0,1.0
1.0,0.9,0.1,B2_SRS,0.1,alpha_0.95,0.95,0,8,False,620.5000000000015,1.0,1.0
1.0,0.9,0.1,B2_SRS,0.1,constant,1.0,0,8,False,491.0,1.0,1.0
1.0,0.9,0.1,B2_SRS,0.2,alpha_0.95,0.95,0,8,False,654.5000000000015,1.0,1.0
1.0,0.9,0.1,B2_SRS,0.2,constant,1.0,0,8,False,525.0,1.0,1.0
1.0,0.9,0.1,B2_SRS,0.3,alpha_0.95,0.95,0,8,False,687.5000000000015,1.0,1.0
1.0,0.9,0.1,B2_SRS,0.3,constant,1.0,0,8,False,558.0,1.0,1.0
1.0,0.9,0.1,B2_SRS,0.4,alpha_0.95,0.95,0,8,False,720.5000000000015,1.0,1.0
1.0,0.9,0.1,B2_SRS,0.4,constant,1.0,0,8,False,591.0,1.0,1.0
1.0,0.9,0.1,B2_SRS,0.5,alpha_0.95,0.95,0,8,False,752.5000000000015,1.0,1.0
1.0,0.9,0.1,B2_SRS,0.5,constant,1.0,0,8,False,623.0,1.0,1.0
1.0,0.9,0.1,B2_SRS,0.7,alpha_0.95,0.95,0,8,False,817.5000000000015,1.0,1.0
1.0,0.9,0.1,B2_SRS,0.7,constant,1.0,0,8,False,688.0,1.0,1.0
1.0,0.9,0.1,B2_SRS,1.0,alpha_0.95,0.95,0,8,False,905.5000000000015,1.0,1.0
1.0,0.9,0.1,B2_SRS,1.0,constant,1.0,0,8,False,776.0,1.0,1.0
1.0,0.9,0.1,B3_STRATIFIED,0.0,alpha_0.95,0.95,0,8,False,584.5000000000015,1.0,1.0
1.0,0.9,0.1,B3_STRATIFIED,0.0,constant,1.0,0,8,False,455.0,1.0,1.0
1.0,0.9,0.1,B3_STRATIFIED,0.05,alpha_0.95,0.95,0,8,False,606.5000000000015,1.0,1.0
1.0,0.9,0.1,B3_STRATIFIED,0.05,constant,1.0,0,8,False,477.0,1.0,1.0
1.0,0.9,0.1,B3_STRATIFIED,0.1,alpha_0.95,0.95,0,8,False,622.5000000000015,1.0,1.0
1.0,0.9,0.1,B3_STRATIFIED,0.1,constant,1.0,0,8,False,493.0,1.0,1.0
1.0,0.9,0.1,B3_STRATIFIED,0.2,alpha_0.95,0.95,0,8,False,655.5000000000015,1.0,1.0
1.0,0.9,0.1,B3_STRATIFIED,0.2,constant,1.0,0,8,False,526.0,1.0,1.0
1.0,0.9,0.1,B3_STRATIFIED,0.3,alpha_0.95,0.95,0,8,False,691.5000000000015,1.0,1.0
1.0,0.9,0.1,B3_STRATIFIED,0.3,constant,1.0,0,8,False,562.0,1.0,1.0
1.0,0.9,0.1,B3_STRATIFIED,0.4,alpha_0.95,0.95,0,8,False,720.5000000000015,1.0,1.0
1.0,0.9,0.1,B3_STRATIFIED,0.4,constant,1.0,0,8,False,591.0,1.0,1.0
1.0,0.9,0.1,B3_STRATIFIED,0.5,alpha_0.95,0.95,0,8,False,754.5000000000015,1.0,1.0
1.0,0.9,0.1,B3_STRATIFIED,0.5,constant,1.0,0,8,False,625.0,1.0,1.0
1.0,0.9,0.1,B3_STRATIFIED,0.7,alpha_0.95,0.95,0,8,False,817.5000000000015,1.0,1.0
1.0,0.9,0.1,B3_STRATIFIED,0.7,constant,1.0,0,8,False,688.0,1.0,1.0
1.0,0.9,0.1,B3_STRATIFIED,1.0,alpha_0.95,0.95,0,8,False,905.5000000000015,1.0,1.0
1.0,0.9,0.1,B3_STRATIFIED,1.0,constant,1.0,0,8,False,776.0,1.0,1.0
1.0,0.9,0.2,B2_SRS,0.0,alpha_0.95,0.95,0,8,False,687.6000000000001,1.0,1.0
1.0,0.9,0.2,B2_SRS,0.0,constant,1.0,0,8,False,557.0,1.0,1.0
1.0,0.9,0.2,B2_SRS,0.05,alpha_0.95,0.95,0,8,False,706.6000000000001,1.0,1.0
1.0,0.9,0.2,B2_SRS,0.05,constant,1.0,0,8,False,576.0,1.0,1.0
1.0,0.9,0.2,B2_SRS,0.1,alpha_0.95,0.95,0,8,False,723.6000000000001,1.0,1.0
1.0,0.9,0.2,B2_SRS,0.1,constant,1.0,0,8,False,593.0,1.0,1.0
1.0,0.9,0.2,B2_SRS,0.2,alpha_0.95,0.95,0,8,False,756.6000000000001,1.0,1.0
1.0,0.9,0.2,B2_SRS,0.2,constant,1.0,0,8,False,626.0,1.0,1.0
1.0,0.9,0.2,B2_SRS,0.3,alpha_0.95,0.95,0,8,False,789.6000000000001,1.0,1.0
1.0,0.9,0.2,B2_SRS,0.3,constant,1.0,0,8,False,659.0,1.0,1.0
1.0,0.9,0.2,B2_SRS,0.4,alpha_0.95,0.95,0,8,False,822.6000000000001,1.0,1.0
1.0,0.9,0.2,B2_SRS,0.4,constant,1.0,0,8,False,692.0,1.0,1.0
1.0,0.9,0.2,B2_SRS,0.5,alpha_0.95,0.95,0,8,False,854.6000000000001,1.0,1.0
1.0,0.9,0.2,B2_SRS,0.5,constant,1.0,0,8,False,724.0,1.0,1.0
1.0,0.9,0.2,B2_SRS,0.7,alpha_0.95,0.95,0,8,False,917.6000000000001,1.0,1.0
1.0,0.9,0.2,B2_SRS,0.7,constant,1.0,0,8,False,787.0,1.0,1.0
1.0,0.9,0.2,B2_SRS,1.0,alpha_0.95,0.95,0,8,False,1008.6000000000001,1.0,1.0
1.0,0.9,0.2,B2_SRS,1.0,constant,1.0,0,8,False,878.0,1.0,1.0
1.0,0.9,0.2,B3_STRATIFIED,0.0,alpha_0.95,0.95,0,8,False,687.6000000000001,1.0,1.0
1.0,0.9,0.2,B3_STRATIFIED,0.0,constant,1.0,0,8,False,557.0,1.0,1.0
1.0,0.9,0.2,B3_STRATIFIED,0.05,alpha_0.95,0.95,0,8,False,706.6000000000001,1.0,1.0
1.0,0.9,0.2,B3_STRATIFIED,0.05,constant,1.0,0,8,False,576.0,1.0,1.0
1.0,0.9,0.2,B3_STRATIFIED,0.1,alpha_0.95,0.95,0,8,False,723.6000000000001,1.0,1.0
1.0,0.9,0.2,B3_STRATIFIED,0.1,constant,1.0,0,8,False,593.0,1.0,1.0
1.0,0.9,0.2,B3_STRATIFIED,0.2,alpha_0.95,0.95,0,8,False,756.6000000000001,1.0,1.0
1.0,0.9,0.2,B3_STRATIFIED,0.2,constant,1.0,0,8,False,626.0,1.0,1.0
1.0,0.9,0.2,B3_STRATIFIED,0.3,alpha_0.95,0.95,0,8,False,789.6000000000001,1.0,1.0
1.0,0.9,0.2,B3_STRATIFIED,0.3,constant,1.0,0,8,False,659.0,1.0,1.0
1.0,0.9,0.2,B3_STRATIFIED,0.4,alpha_0.95,0.95,0,8,False,821.6000000000001,1.0,1.0
1.0,0.9,0.2,B3_STRATIFIED,0.4,constant,1.0,0,8,False,691.0,1.0,1.0
1.0,0.9,0.2,B3_STRATIFIED,0.5,alpha_0.95,0.95,0,8,False,854.6000000000001,1.0,1.0
1.0,0.9,0.2,B3_STRATIFIED,0.5,constant,1.0,0,8,False,724.0,1.0,1.0
1.0,0.9,0.2,B3_STRATIFIED,0.7,alpha_0.95,0.95,0,8,False,917.6000000000001,1.0,1.0
1.0,0.9,0.2,B3_STRATIFIED,0.7,constant,1.0,0,8,False,787.0,1.0,1.0
1.0,0.9,0.2,B3_STRATIFIED,1.0,alpha_0.95,0.95,0,8,False,1008.6000000000001,1.0,1.0
1.0,0.9,0.2,B3_STRATIFIED,1.0,constant,1.0,0,8,False,878.0,1.0,1.0
1.0,0.95,0.0,B2_SRS,0.0,alpha_0.95,0.95,0,8,False,421.2500000000006,1.0,1.0
1.0,0.95,0.0,B2_SRS,0.0,constant,1.0,0,8,False,299.0,1.0,1.0
1.0,0.95,0.0,B2_SRS,0.05,alpha_0.95,0.95,0,8,False,445.2500000000006,1.0,1.0
1.0,0.95,0.0,B2_SRS,0.05,constant,1.0,0,8,False,323.0,1.0,1.0
1.0,0.95,0.0,B2_SRS,0.1,alpha_0.95,0.95,0,8,False,464.2500000000006,1.0,1.0
1.0,0.95,0.0,B2_SRS,0.1,constant,1.0,0,8,False,342.0,1.0,1.0
1.0,0.95,0.0,B2_SRS,0.2,alpha_0.95,0.95,0,8,False,500.2500000000006,1.0,1.0
1.0,0.95,0.0,B2_SRS,0.2,constant,1.0,0,8,False,378.0,1.0,1.0
1.0,0.95,0.0,B2_SRS,0.3,alpha_0.95,0.95,0,8,False,534.2500000000007,1.0,1.0
1.0,0.95,0.0,B2_SRS,0.3,constant,1.0,0,8,False,412.0,1.0,1.0
1.0,0.95,0.0,B2_SRS,0.4,alpha_0.95,0.95,0,8,False,567.2500000000007,1.0,1.0
1.0,0.95,0.0,B2_SRS,0.4,constant,1.0,0,8,False,445.0,1.0,1.0
1.0,0.95,0.0,B2_SRS,0.5,alpha_0.95,0.95,0,8,False,597.3000000000006,1.0,1.0
1.0,0.95,0.0,B2_SRS,0.5,constant,1.0,0,8,False,475.04999999999995,1.0,1.0
1.0,0.95,0.0,B2_SRS,0.7,alpha_0.95,0.95,0,8,False,659.2500000000007,1.0,1.0
1.0,0.95,0.0,B2_SRS,0.7,constant,1.0,0,8,False,537.0,1.0,1.0
1.0,0.95,0.0,B2_SRS,1.0,alpha_0.95,0.95,0,8,False,742.2500000000007,1.0,1.0
1.0,0.95,0.0,B2_SRS,1.0,constant,1.0,0,8,False,620.0,1.0,1.0
1.0,0.95,0.0,B3_STRATIFIED,0.0,alpha_0.95,0.95,0,8,False,421.2500000000006,1.0,1.0
1.0,0.95,0.0,B3_STRATIFIED,0.0,constant,1.0,0,8,False,299.0,1.0,1.0
1.0,0.95,0.0,B3_STRATIFIED,0.05,alpha_0.95,0.95,0,8,False,447.2500000000006,1.0,1.0
1.0,0.95,0.0,B3_STRATIFIED,0.05,constant,1.0,0,8,False,325.0,1.0,1.0
1.0,0.95,0.0,B3_STRATIFIED,0.1,alpha_0.95,0.95,0,8,False,467.2500000000006,1.0,1.0
1.0,0.95,0.0,B3_STRATIFIED,0.1,constant,1.0,0,8,False,345.0,1.0,1.0
1.0,0.95,0.0,B3_STRATIFIED,0.2,alpha_0.95,0.95,0,8,False,498.2500000000006,1.0,1.0
1.0,0.95,0.0,B3_STRATIFIED,0.2,constant,1.0,0,8,False,376.0,1.0,1.0
1.0,0.95,0.0,B3_STRATIFIED,0.3,alpha_0.95,0.95,0,8,False,531.2500000000007,1.0,1.0
1.0,0.95,0.0,B3_STRATIFIED,0.3,constant,1.0,0,8,False,409.0,1.0,1.0
1.0,0.95,0.0,B3_STRATIFIED,0.4,alpha_0.95,0.95,0,8,False,561.2500000000007,1.0,1.0
1.0,0.95,0.0,B3_STRATIFIED,0.4,constant,1.0,0,8,False,439.0,1.0,1.0
1.0,0.95,0.0,B3_STRATIFIED,0.5,alpha_0.95,0.95,0,8,False,592.2500000000007,1.0,1.0
1.0,0.95,0.0,B3_STRATIFIED,0.5,constant,1.0,0,8,False,470.0,1.0,1.0
1.0,0.95,0.0,B3_STRATIFIED,0.7,alpha_0.95,0.95,0,8,False,657.2500000000007,1.0,1.0
1.0,0.95,0.0,B3_STRATIFIED,0.7,constant,1.0,0,8,False,535.0,1.0,1.0
1.0,0.95,0.0,B3_STRATIFIED,1.0,alpha_0.95,0.95,0,8,False,742.2500000000007,1.0,1.0
1.0,0.95,0.0,B3_STRATIFIED,1.0,constant,1.0,0,8,False,620.0,1.0,1.0
1.0,0.95,0.05,B2_SRS,0.0,alpha_0.95,0.95,0,8,False,479.6500000000014,1.0,1.0
1.0,0.95,0.05,B2_SRS,0.0,constant,1.0,0,8,False,353.0,1.0,1.0
1.0,0.95,0.05,B2_SRS,0.05,alpha_0.95,0.95,0,8,False,499.6500000000014,1.0,1.0
1.0,0.95,0.05,B2_SRS,0.05,constant,1.0,0,8,False,373.0,1.0,1.0
1.0,0.95,0.05,B2_SRS,0.1,alpha_0.95,0.95,0,8,False,517.6500000000015,1.0,1.0
1.0,0.95,0.05,B2_SRS,0.1,constant,1.0,0,8,False,391.0,1.0,1.0
1.0,0.95,0.05,B2_SRS,0.2,alpha_0.95,0.95,0,8,False,551.6500000000015,1.0,1.0
1.0,0.95,0.05,B2_SRS,0.2,constant,1.0,0,8,False,425.0,1.0,1.0
1.0,0.95,0.05,B2_SRS,0.3,alpha_0.95,0.95,0,8,False,585.6500000000015,1.0,1.0
1.0,0.95,0.05,B2_SRS,0.3,constant,1.0,0,8,False,459.0,1.0,1.0
1.0,0.95,0.05,B2_SRS,0.4,alpha_0.95,0.95,0,8,False,619.6500000000015,1.0,1.0
1.0,0.95,0.05,B2_SRS,0.4,constant,1.0,0,8,False,493.0,1.0,1.0
1.0,0.95,0.05,B2_SRS,0.5,alpha_0.95,0.95,0,8,False,649.6500000000015,1.0,1.0
1.0,0.95,0.05,B2_SRS,0.5,constant,1.0,0,8,False,523.0,1.0,1.0
1.0,0.95,0.05,B2_SRS,0.7,alpha_0.95,0.95,0,8,False,713.6500000000015,1.0,1.0
1.0,0.95,0.05,B2_SRS,0.7,constant,1.0,0,8,False,587.0,1.0,1.0
1.0,0.95,0.05,B2_SRS,1.0,alpha_0.95,0.95,0,8,False,800.6500000000015,1.0,1.0
1.0,0.95,0.05,B2_SRS,1.0,constant,1.0,0,8,False,674.0,1.0,1.0
1.0,0.95,0.05,B3_STRATIFIED,0.0,alpha_0.95,0.95,0,8,False,479.6500000000014,1.0,1.0
1.0,0.95,0.05,B3_STRATIFIED,0.0,constant,1.0,0,8,False,353.0,1.0,1.0
1.0,0.95,0.05,B3_STRATIFIED,0.05,alpha_0.95,0.95,0,8,False,500.6500000000014,1.0,1.0
1.0,0.95,0.05,B3_STRATIFIED,0.05,constant,1.0,0,8,False,374.0,1.0,1.0
1.0,0.95,0.05,B3_STRATIFIED,0.1,alpha_0.95,0.95,0,8,False,519.6500000000015,1.0,1.0
1.0,0.95,0.05,B3_STRATIFIED,0.1,constant,1.0,0,8,False,393.0,1.0,1.0
1.0,0.95,0.05,B3_STRATIFIED,0.2,alpha_0.95,0.95,0,8,False,552.6500000000015,1.0,1.0
1.0,0.95,0.05,B3_STRATIFIED,0.2,constant,1.0,0,8,False,426.0,1.0,1.0
1.0,0.95,0.05,B3_STRATIFIED,0.3,alpha_0.95,0.95,0,8,False,583.6500000000015,1.0,1.0
1.0,0.95,0.05,B3_STRATIFIED,0.3,constant,1.0,0,8,False,457.0,1.0,1.0
1.0,0.95,0.05,B3_STRATIFIED,0.4,alpha_0.95,0.95,0,8,False,616.6500000000015,1.0,1.0
1.0,0.95,0.05,B3_STRATIFIED,0.4,constant,1.0,0,8,False,490.0,1.0,1.0
1.0,0.95,0.05,B3_STRATIFIED,0.5,alpha_0.95,0.95,0,8,False,647.6500000000015,1.0,1.0
1.0,0.95,0.05,B3_STRATIFIED,0.5,constant,1.0,0,8,False,521.0,1.0,1.0
1.0,0.95,0.05,B3_STRATIFIED,0.7,alpha_0.95,0.95,0,8,False,713.6500000000015,1.0,1.0
1.0,0.95,0.05,B3_STRATIFIED,0.7,constant,1.0,0,8,False,587.0,1.0,1.0
1.0,0.95,0.05,B3_STRATIFIED,1.0,alpha_0.95,0.95,0,8,False,800.6500000000015,1.0,1.0
1.0,0.95,0.05,B3_STRATIFIED,1.0,constant,1.0,0,8,False,674.0,1.0,1.0
1.0,0.95,0.1,B2_SRS,0.0,alpha_0.95,0.95,0,8,False,533.2500000000018,1.0,1.0
1.0,0.95,0.1,B2_SRS,0.0,constant,1.0,0,8,False,405.0,1.0,1.0
1.0,0.95,0.1,B2_SRS,0.05,alpha_0.95,0.95,0,8,False,554.2500000000018,1.0,1.0
1.0,0.95,0.1,B2_SRS,0.05,constant,1.0,0,8,False,426.0,1.0,1.0
1.0,0.95,0.1,B2_SRS,0.1,alpha_0.95,0.95,0,8,False,571.2500000000018,1.0,1.0
1.0,0.95,0.1,B2_SRS,0.1,constant,1.0,0,8,False,443.0,1.0,1.0
1.0,0.95,0.1,B2_SRS,0.2,alpha_0.95,0.95,0,8,False,604.2500000000018,1.0,1.0
1.0,0.95,0.1,B2_SRS,0.2,constant,1.0,0,8,False,476.0,1.0,1.0
1.0,0.95,0.1,B2_SRS,0.3,alpha_0.95,0.95,0,8,False,639.2500000000018,1.0,1.0
1.0,0.95,0.1,B2_SRS,0.3,constant,1.0,0,8,False,511.0,1.0,1.0
1.0,0.95,0.1,B2_SRS,0.4,alpha_0.95,0.95,0,8,False,670.2500000000018,1.0,1.0
1.0,0.95,0.1,B2_SRS,0.4,constant,1.0,0,8,False,542.0,1.0,1.0
1.0,0.95,0.1,B2_SRS,0.5,alpha_0.95,0.95,0,8,False,701.3000000000018,1.0,1.0
1.0,0.95,0.1,B2_SRS,0.5,constant,1.0,0,8,False,573.05,1.0,1.0
1.0,0.95,0.1,B2_SRS,0.7,alpha_0.95,0.95,0,8,False,766.2500000000018,1.0,1.0
1.0,0.95,0.1,B2_SRS,0.7,constant,1.0,0,8,False,638.0,1.0,1.0
1.0,0.95,0.1,B2_SRS,1.0,alpha_0.95,0.95,0,8,False,854.2500000000018,1.0,1.0
1.0,0.95,0.1,B2_SRS,1.0,constant,1.0,0,8,False,726.0,1.0,1.0
1.0,0.95,0.1,B3_STRATIFIED,0.0,alpha_0.95,0.95,0,8,False,533.2500000000018,1.0,1.0
1.0,0.95,0.1,B3_STRATIFIED,0.0,constant,1.0,0,8,False,405.0,1.0,1.0
1.0,0.95,0.1,B3_STRATIFIED,0.05,alpha_0.95,0.95,0,8,False,555.2500000000018,1.0,1.0
1.0,0.95,0.1,B3_STRATIFIED,0.05,constant,1.0,0,8,False,427.0,1.0,1.0
1.0,0.95,0.1,B3_STRATIFIED,0.1,alpha_0.95,0.95,0,8,False,571.2500000000018,1.0,1.0
1.0,0.95,0.1,B3_STRATIFIED,0.1,constant,1.0,0,8,False,443.0,1.0,1.0
1.0,0.95,0.1,B3_STRATIFIED,0.2,alpha_0.95,0.95,0,8,False,604.2500000000018,1.0,1.0
1.0,0.95,0.1,B3_STRATIFIED,0.2,constant,1.0,0,8,False,476.0,1.0,1.0
1.0,0.95,0.1,B3_STRATIFIED,0.3,alpha_0.95,0.95,0,8,False,638.2500000000018,1.0,1.0
1.0,0.95,0.1,B3_STRATIFIED,0.3,constant,1.0,0,8,False,510.0,1.0,1.0
1.0,0.95,0.1,B3_STRATIFIED,0.4,alpha_0.95,0.95,0,8,False,666.2500000000018,1.0,1.0
1.0,0.95,0.1,B3_STRATIFIED,0.4,constant,1.0,0,8,False,538.0,1.0,1.0
1.0,0.95,0.1,B3_STRATIFIED,0.5,alpha_0.95,0.95,0,8,False,700.2500000000018,1.0,1.0
1.0,0.95,0.1,B3_STRATIFIED,0.5,constant,1.0,0,8,False,572.0,1.0,1.0
1.0,0.95,0.1,B3_STRATIFIED,0.7,alpha_0.95,0.95,0,8,False,764.2500000000018,1.0,1.0
1.0,0.95,0.1,B3_STRATIFIED,0.7,constant,1.0,0,8,False,636.0,1.0,1.0
1.0,0.95,0.1,B3_STRATIFIED,1.0,alpha_0.95,0.95,0,8,False,854.2500000000018,1.0,1.0
1.0,0.95,0.1,B3_STRATIFIED,1.0,constant,1.0,0,8,False,726.0,1.0,1.0
1.0,0.95,0.2,B2_SRS,0.0,alpha_0.95,0.95,0,8,False,641.6000000000006,1.0,1.0
1.0,0.95,0.2,B2_SRS,0.0,constant,1.0,0,8,False,511.0,1.0,1.0
1.0,0.95,0.2,B2_SRS,0.05,alpha_0.95,0.95,0,8,False,660.6000000000006,1.0,1.0
1.0,0.95,0.2,B2_SRS,0.05,constant,1.0,0,8,False,530.0,1.0,1.0
1.0,0.95,0.2,B2_SRS,0.1,alpha_0.95,0.95,0,8,False,677.6000000000006,1.0,1.0
1.0,0.95,0.2,B2_SRS,0.1,constant,1.0,0,8,False,547.0,1.0,1.0
1.0,0.95,0.2,B2_SRS,0.2,alpha_0.95,0.95,0,8,False,711.6000000000006,1.0,1.0
1.0,0.95,0.2,B2_SRS,0.2,constant,1.0,0,8,False,581.0,1.0,1.0
1.0,0.95,0.2,B2_SRS,0.3,alpha_0.95,0.95,0,8,False,744.6000000000006,1.0,1.0
1.0,0.95,0.2,B2_SRS,0.3,constant,1.0,0,8,False,614.0,1.0,1.0
1.0,0.95,0.2,B2_SRS,0.4,alpha_0.95,0.95,0,8,False,775.6000000000006,1.0,1.0
1.0,0.95,0.2,B2_SRS,0.4,constant,1.0,0,8,False,645.0,1.0,1.0
1.0,0.95,0.2,B2_SRS,0.5,alpha_0.95,0.95,0,8,False,808.6000000000006,1.0,1.0
1.0,0.95,0.2,B2_SRS,0.5,constant,1.0,0,8,False,678.0,1.0,1.0
1.0,0.95,0.2,B2_SRS,0.7,alpha_0.95,0.95,0,8,False,871.6000000000006,1.0,1.0
1.0,0.95,0.2,B2_SRS,0.7,constant,1.0,0,8,False,741.0,1.0,1.0
1.0,0.95,0.2,B2_SRS,1.0,alpha_0.95,0.95,0,8,False,962.6000000000006,1.0,1.0
1.0,0.95,0.2,B2_SRS,1.0,constant,1.0,0,8,False,832.0,1.0,1.0
1.0,0.95,0.2,B3_STRATIFIED,0.0,alpha_0.95,0.95,0,8,False,641.6000000000006,1.0,1.0
1.0,0.95,0.2,B3_STRATIFIED,0.0,constant,1.0,0,8,False,511.0,1.0,1.0
1.0,0.95,0.2,B3_STRATIFIED,0.05,alpha_0.95,0.95,0,8,False,661.6000000000006,1.0,1.0
1.0,0.95,0.2,B3_STRATIFIED,0.05,constant,1.0,0,8,False,531.0,1.0,1.0
1.0,0.95,0.2,B3_STRATIFIED,0.1,alpha_0.95,0.95,0,8,False,677.6000000000006,1.0,1.0
1.0,0.95,0.2,B3_STRATIFIED,0.1,constant,1.0,0,8,False,547.0,1.0,1.0
1.0,0.95,0.2,B3_STRATIFIED,0.2,alpha_0.95,0.95,0,8,False,711.6000000000006,1.0,1.0
1.0,0.95,0.2,B3_STRATIFIED,0.2,constant,1.0,0,8,False,581.0,1.0,1.0
1.0,0.95,0.2,B3_STRATIFIED,0.3,alpha_0.95,0.95,0,8,False,744.6000000000006,1.0,1.0
1.0,0.95,0.2,B3_STRATIFIED,0.3,constant,1.0,0,8,False,614.0,1.0,1.0
1.0,0.95,0.2,B3_STRATIFIED,0.4,alpha_0.95,0.95,0,8,False,777.6000000000006,1.0,1.0
1.0,0.95,0.2,B3_STRATIFIED,0.4,constant,1.0,0,8,False,647.0,1.0,1.0
1.0,0.95,0.2,B3_STRATIFIED,0.5,alpha_0.95,0.95,0,8,False,808.6000000000006,1.0,1.0
1.0,0.95,0.2,B3_STRATIFIED,0.5,constant,1.0,0,8,False,678.0,1.0,1.0
1.0,0.95,0.2,B3_STRATIFIED,0.7,alpha_0.95,0.95,0,8,False,872.6000000000006,1.0,1.0
1.0,0.95,0.2,B3_STRATIFIED,0.7,constant,1.0,0,8,False,742.0,1.0,1.0
1.0,0.95,0.2,B3_STRATIFIED,1.0,alpha_0.95,0.95,0,8,False,962.6000000000006,1.0,1.0
1.0,0.95,0.2,B3_STRATIFIED,1.0,constant,1.0,0,8,False,832.0,1.0,1.0
1.0,0.97,0.0,B2_SRS,0.0,alpha_0.95,0.95,0,8,False,396.8500000000003,1.0,1.0
1.0,0.97,0.0,B2_SRS,0.0,constant,1.0,0,8,False,277.0,1.0,1.0
1.0,0.97,0.0,B2_SRS,0.05,alpha_0.95,0.95,0,8,False,420.8500000000003,1.0,1.0
1.0,0.97,0.0,B2_SRS,0.05,constant,1.0,0,8,False,301.0,1.0,1.0
1.0,0.97,0.0,B2_SRS,0.1,alpha_0.95,0.95,0,8,False,438.8500000000003,1.0,1.0
1.0,0.97,0.0,B2_SRS,0.1,constant,1.0,0,8,False,319.0,1.0,1.0
1.0,0.97,0.0,B2_SRS,0.2,alpha_0.95,0.95,0,8,False,473.90000000000026,1.0,1.0
1.0,0.97,0.0,B2_SRS,0.2,constant,1.0,0,8,False,354.04999999999995,1.0,1.0
1.0,0.97,0.0,B2_SRS,0.3,alpha_0.95,0.95,0,8,False,507.8500000000003,1.0,1.0
1.0,0.97,0.0,B2_SRS,0.3,constant,1.0,0,8,False,388.0,1.0,1.0
1.0,0.97,0.0,B2_SRS,0.4,alpha_0.95,0.95,0,8,False,541.8500000000004,1.0,1.0
1.0,0.97,0.0,B2_SRS,0.4,constant,1.0,0,8,False,422.0,1.0,1.0
1.0,0.97,0.0,B2_SRS,0.5,alpha_0.95,0.95,0,8,False,574.9000000000003,1.0,1.0
1.0,0.97,0.0,B2_SRS,0.5,constant,1.0,0,8,False,455.04999999999995,1.0,1.0
1.0,0.97,0.0,B2_SRS,0.7,alpha_0.95,0.95,0,8,False,635.8500000000004,1.0,1.0
1.0,0.97,0.0,B2_SRS,0.7,constant,1.0,0,8,False,516.0,1.0,1.0
1.0,0.97,0.0,B2_SRS,1.0,alpha_0.95,0.95,0,8,False,717.8500000000004,1.0,1.0
1.0,0.97,0.0,B2_SRS,1.0,constant,1.0,0,8,False,598.0,1.0,1.0
1.0,0.97,0.0,B3_STRATIFIED,0.0,alpha_0.95,0.95,0,8,False,396.8500000000003,1.0,1.0
1.0,0.97,0.0,B3_STRATIFIED,0.0,constant,1.0,0,8,False,277.0,1.0,1.0
1.0,0.97,0.0,B3_STRATIFIED,0.05,alpha_0.95,0.95,0,8,False,435.8500000000003,1.0,1.0
1.0,0.97,0.0,B3_STRATIFIED,0.05,constant,1.0,0,8,False,316.04999999999995,1.0,1.0
1.0,0.97,0.0,B3_STRATIFIED,0.1,alpha_0.95,0.95,0,8,False,448.8500000000003,1.0,1.0
1.0,0.97,0.0,B3_STRATIFIED,0.1,constant,1.0,0,8,False,329.0,1.0,1.0
1.0,0.97,0.0,B3_STRATIFIED,0.2,alpha_0.95,0.95,0,8,False,479.8500000000003,1.0,1.0
1.0,0.97,0.0,B3_STRATIFIED,0.2,constant,1.0,0,8,False,360.0,1.0,1.0
1.0,0.97,0.0,B3_STRATIFIED,0.3,alpha_0.95,0.95,0,8,False,512.8500000000004,1.0,1.0
1.0,0.97,0.0,B3_STRATIFIED,0.3,constant,1.0,0,8,False,393.0,1.0,1.0
1.0,0.97,0.0,B3_STRATIFIED,0.4,alpha_0.95,0.95,0,8,False,542.8500000000004,1.0,1.0
1.0,0.97,0.0,B3_STRATIFIED,0.4,constant,1.0,0,8,False,423.0,1.0,1.0
1.0,0.97,0.0,B3_STRATIFIED,0.5,alpha_0.95,0.95,0,8,False,571.9000000000003,1.0,1.0
1.0,0.97,0.0,B3_STRATIFIED,0.5,constant,1.0,0,8,False,452.04999999999995,1.0,1.0
1.0,0.97,0.0,B3_STRATIFIED,0.7,alpha_0.95,0.95,0,8,False,638.8500000000004,1.0,1.0
1.0,0.97,0.0,B3_STRATIFIED,0.7,constant,1.0,0,8,False,519.0,1.0,1.0
1.0,0.97,0.0,B3_STRATIFIED,1.0,alpha_0.95,0.95,0,8,False,717.8500000000004,1.0,1.0
1.0,0.97,0.0,B3_STRATIFIED,1.0,constant,1.0,0,8,False,598.0,1.0,1.0
1.0,0.97,0.05,B2_SRS,0.0,alpha_0.95,0.95,0,8,False,456.0000000000011,1.0,1.0
1.0,0.97,0.05,B2_SRS,0.0,constant,1.0,0,8,False,331.0,1.0,1.0
1.0,0.97,0.05,B2_SRS,0.05,alpha_0.95,0.95,0,8,False,479.0000000000011,1.0,1.0
1.0,0.97,0.05,B2_SRS,0.05,constant,1.0,0,8,False,354.0,1.0,1.0
1.0,0.97,0.05,B2_SRS,0.1,alpha_0.95,0.95,0,8,False,496.0000000000011,1.0,1.0
1.0,0.97,0.05,B2_SRS,0.1,constant,1.0,0,8,False,371.0,1.0,1.0
1.0,0.97,0.05,B2_SRS,0.2,alpha_0.95,0.95,0,8,False,531.0000000000011,1.0,1.0
1.0,0.97,0.05,B2_SRS,0.2,constant,1.0,0,8,False,406.0,1.0,1.0
1.0,0.97,0.05,B2_SRS,0.3,alpha_0.95,0.95,0,8,False,565.0000000000011,1.0,1.0
1.0,0.97,0.05,B2_SRS,0.3,constant,1.0,0,8,False,440.0,1.0,1.0
1.0,0.97,0.05,B2_SRS,0.4,alpha_0.95,0.95,0,8,False,595.0500000000011,1.0,1.0
1.0,0.97,0.05,B2_SRS,0.4,constant,1.0,0,8,False,470.04999999999995,1.0,1.0
1.0,0.97,0.05,B2_SRS,0.5,alpha_0.95,0.95,0,8,False,630.0000000000011,1.0,1.0
1.0,0.97,0.05,B2_SRS,0.5,constant,1.0,0,8,False,505.0,1.0,1.0
1.0,0.97,0.05,B2_SRS,0.7,alpha_0.95,0.95,0,8,False,690.0500000000011,1.0,1.0
1.0,0.97,0.05,B2_SRS,0.7,constant,1.0,0,8,False,565.05,1.0,1.0
1.0,0.97,0.05,B2_SRS,1.0,alpha_0.95,0.95,0,8,False,777.0000000000011,1.0,1.0
1.0,0.97,0.05,B2_SRS,1.0,constant,1.0,0,8,False,652.0,1.0,1.0
1.0,0.97,0.05,B3_STRATIFIED,0.0,alpha_0.95,0.95,0,8,False,456.0000000000011,1.0,1.0
1.0,0.97,0.05,B3_STRATIFIED,0.0,constant,1.0,0,8,False,331.0,1.0,1.0
1.0,0.97,0.05,B3_STRATIFIED,0.05,alpha_0.95,0.95,0,8,False,478.0000000000011,1.0,1.0
1.0,0.97,0.05,B3_STRATIFIED,0.05,constant,1.0,0,8,False,353.0,1.0,1.0
1.0,0.97,0.05,B3_STRATIFIED,0.1,alpha_0.95,0.95,0,8,False,496.0000000000011,1.0,1.0
1.0,0.97,0.05,B3_STRATIFIED,0.1,constant,1.0,0,8,False,371.0,1.0,1.0
1.0,0.97,0.05,B3_STRATIFIED,0.2,alpha_0.95,0.95,0,8,False,526.0000000000011,1.0,1.0
1.0,0.97,0.05,B3_STRATIFIED,0.2,constant,1.0,0,8,False,401.0,1.0,1.0
1.0,0.97,0.05,B3_STRATIFIED,0.3,alpha_0.95,0.95,0,8,False,563.0000000000011,1.0,1.0
1.0,0.97,0.05,B3_STRATIFIED,0.3,constant,1.0,0,8,False,438.0,1.0,1.0
1.0,0.97,0.05,B3_STRATIFIED,0.4,alpha_0.95,0.95,0,8,False,592.0000000000011,1.0,1.0
1.0,0.97,0.05,B3_STRATIFIED,0.4,constant,1.0,0,8,False,467.0,1.0,1.0
1.0,0.97,0.05,B3_STRATIFIED,0.5,alpha_0.95,0.95,0,8,False,627.0000000000011,1.0,1.0
1.0,0.97,0.05,B3_STRATIFIED,0.5,constant,1.0,0,8,False,502.0,1.0,1.0
1.0,0.97,0.05,B3_STRATIFIED,0.7,alpha_0.95,0.95,0,8,False,691.0000000000011,1.0,1.0
1.0,0.97,0.05,B3_STRATIFIED,0.7,constant,1.0,0,8,False,566.0,1.0,1.0
1.0,0.97,0.05,B3_STRATIFIED,1.0,alpha_0.95,0.95,0,8,False,777.0000000000011,1.0,1.0
1.0,0.97,0.05,B3_STRATIFIED,1.0,constant,1.0,0,8,False,652.0,1.0,1.0
1.0,0.97,0.1,B2_SRS,0.0,alpha_0.95,0.95,0,8,False,512.7500000000016,1.0,1.0
1.0,0.97,0.1,B2_SRS,0.0,constant,1.0,0,8,False,385.0,1.0,1.0
1.0,0.97,0.1,B2_SRS,0.05,alpha_0.95,0.95,0,8,False,532.7500000000016,1.0,1.0
1.0,0.97,0.1,B2_SRS,0.05,constant,1.0,0,8,False,405.0,1.0,1.0
1.0,0.97,0.1,B2_SRS,0.1,alpha_0.95,0.95,0,8,False,551.7500000000016,1.0,1.0
1.0,0.97,0.1,B2_SRS,0.1,constant,1.0,0,8,False,424.0,1.0,1.0
1.0,0.97,0.1,B2_SRS,0.2,alpha_0.95,0.95,0,8,False,583.7500000000016,1.0,1.0
1.0,0.97,0.1,B2_SRS,0.2,constant,1.0,0,8,False,456.0,1.0,1.0
1.0,0.97,0.1,B2_SRS,0.3,alpha_0.95,0.95,0,8,False,618.7500000000016,1.0,1.0
1.0,0.97,0.1,B2_SRS,0.3,constant,1.0,0,8,False,491.0,1.0,1.0
1.0,0.97,0.1,B2_SRS,0.4,alpha_0.95,0.95,0,8,False,649.7500000000016,1.0,1.0
1.0,0.97,0.1,B2_SRS,0.4,constant,1.0,0,8,False,522.0,1.0,1.0
1.0,0.97,0.1,B2_SRS,0.5,alpha_0.95,0.95,0,8,False,680.7500000000016,1.0,1.0
1.0,0.97,0.1,B2_SRS,0.5,constant,1.0,0,8,False,553.0,1.0,1.0
1.0,0.97,0.1,B2_SRS,0.7,alpha_0.95,0.95,0,8,False,744.8000000000015,1.0,1.0
1.0,0.97,0.1,B2_SRS,0.7,constant,1.0,0,8,False,617.05,1.0,1.0
1.0,0.97,0.1,B2_SRS,1.0,alpha_0.95,0.95,0,8,False,833.7500000000016,1.0,1.0
1.0,0.97,0.1,B2_SRS,1.0,constant,1.0,0,8,False,706.0,1.0,1.0
1.0,0.97,0.1,B3_STRATIFIED,0.0,alpha_0.95,0.95,0,8,False,512.7500000000016,1.0,1.0
1.0,0.97,0.1,B3_STRATIFIED,0.0,constant,1.0,0,8,False,385.0,1.0,1.0
1.0,0.97,0.1,B3_STRATIFIED,0.05,alpha_0.95,0.95,0,8,False,535.7500000000016,1.0,1.0
1.0,0.97,0.1,B3_STRATIFIED,0.05,constant,1.0,0,8,False,408.0,1.0,1.0
1.0,0.97,0.1,B3_STRATIFIED,0.1,alpha_0.95,0.95,0,8,False,548.7500000000016,1.0,1.0
1.0,0.97,0.1,B3_STRATIFIED,0.1,constant,1.0,0,8,False,421.0,1.0,1.0
1.0,0.97,0.1,B3_STRATIFIED,0.2,alpha_0.95,0.95,0,8,False,582.7500000000016,1.0,1.0
1.0,0.97,0.1,B3_STRATIFIED,0.2,constant,1.0,0,8,False,455.0,1.0,1.0
1.0,0.97,0.1,B3_STRATIFIED,0.3,alpha_0.95,0.95,0,8,False,616.7500000000016,1.0,1.0
1.0,0.97,0.1,B3_STRATIFIED,0.3,constant,1.0,0,8,False,489.0,1.0,1.0
1.0,0.97,0.1,B3_STRATIFIED,0.4,alpha_0.95,0.95,0,8,False,645.7500000000016,1.0,1.0
1.0,0.97,0.1,B3_STRATIFIED,0.4,constant,1.0,0,8,False,518.0,1.0,1.0
1.0,0.97,0.1,B3_STRATIFIED,0.5,alpha_0.95,0.95,0,8,False,679.7500000000016,1.0,1.0
1.0,0.97,0.1,B3_STRATIFIED,0.5,constant,1.0,0,8,False,552.0,1.0,1.0
1.0,0.97,0.1,B3_STRATIFIED,0.7,alpha_0.95,0.95,0,8,False,741.7500000000016,1.0,1.0
1.0,0.97,0.1,B3_STRATIFIED,0.7,constant,1.0,0,8,False,614.0,1.0,1.0
1.0,0.97,0.1,B3_STRATIFIED,1.0,alpha_0.95,0.95,0,8,False,833.7500000000016,1.0,1.0
1.0,0.97,0.1,B3_STRATIFIED,1.0,constant,1.0,0,8,False,706.0,1.0,1.0
1.0,0.97,0.2,B2_SRS,0.0,alpha_0.95,0.95,0,8,False,623.450000000001,1.0,1.0
1.0,0.97,0.2,B2_SRS,0.0,constant,1.0,0,8,False,493.0,1.0,1.0
1.0,0.97,0.2,B2_SRS,0.05,alpha_0.95,0.95,0,8,False,643.450000000001,1.0,1.0
1.0,0.97,0.2,B2_SRS,0.05,constant,1.0,0,8,False,513.0,1.0,1.0
1.0,0.97,0.2,B2_SRS,0.1,alpha_0.95,0.95,0,8,False,659.450000000001,1.0,1.0
1.0,0.97,0.2,B2_SRS,0.1,constant,1.0,0,8,False,529.0,1.0,1.0
1.0,0.97,0.2,B2_SRS,0.2,alpha_0.95,0.95,0,8,False,693.450000000001,1.0,1.0
1.0,0.97,0.2,B2_SRS,0.2,constant,1.0,0,8,False,563.0,1.0,1.0
1.0,0.97,0.2,B2_SRS,0.3,alpha_0.95,0.95,0,8,False,726.450000000001,1.0,1.0
1.0,0.97,0.2,B2_SRS,0.3,constant,1.0,0,8,False,596.0,1.0,1.0
1.0,0.97,0.2,B2_SRS,0.4,alpha_0.95,0.95,0,8,False,760.450000000001,1.0,1.0
1.0,0.97,0.2,B2_SRS,0.4,constant,1.0,0,8,False,630.0,1.0,1.0
1.0,0.97,0.2,B2_SRS,0.5,alpha_0.95,0.95,0,8,False,790.450000000001,1.0,1.0
1.0,0.97,0.2,B2_SRS,0.5,constant,1.0,0,8,False,660.0,1.0,1.0
1.0,0.97,0.2,B2_SRS,0.7,alpha_0.95,0.95,0,8,False,854.450000000001,1.0,1.0
1.0,0.97,0.2,B2_SRS,0.7,constant,1.0,0,8,False,724.0,1.0,1.0
1.0,0.97,0.2,B2_SRS,1.0,alpha_0.95,0.95,0,8,False,944.450000000001,1.0,1.0
1.0,0.97,0.2,B2_SRS,1.0,constant,1.0,0,8,False,814.0,1.0,1.0
1.0,0.97,0.2,B3_STRATIFIED,0.0,alpha_0.95,0.95,0,8,False,623.450000000001,1.0,1.0
1.0,0.97,0.2,B3_STRATIFIED,0.0,constant,1.0,0,8,False,493.0,1.0,1.0
1.0,0.97,0.2,B3_STRATIFIED,0.05,alpha_0.95,0.95,0,8,False,650.450000000001,1.0,1.0
1.0,0.97,0.2,B3_STRATIFIED,0.05,constant,1.0,0,8,False,520.0,1.0,1.0
1.0,0.97,0.2,B3_STRATIFIED,0.1,alpha_0.95,0.95,0,8,False,666.450000000001,1.0,1.0
1.0,0.97,0.2,B3_STRATIFIED,0.1,constant,1.0,0,8,False,536.0,1.0,1.0
1.0,0.97,0.2,B3_STRATIFIED,0.2,alpha_0.95,0.95,0,8,False,698.450000000001,1.0,1.0
1.0,0.97,0.2,B3_STRATIFIED,0.2,constant,1.0,0,8,False,568.0,1.0,1.0
1.0,0.97,0.2,B3_STRATIFIED,0.3,alpha_0.95,0.95,0,8,False,729.450000000001,1.0,1.0
1.0,0.97,0.2,B3_STRATIFIED,0.3,constant,1.0,0,8,False,599.0,1.0,1.0
1.0,0.97,0.2,B3_STRATIFIED,0.4,alpha_0.95,0.95,0,8,False,762.450000000001,1.0,1.0
1.0,0.97,0.2,B3_STRATIFIED,0.4,constant,1.0,0,8,False,632.0,1.0,1.0
1.0,0.97,0.2,B3_STRATIFIED,0.5,alpha_0.95,0.95,0,8,False,792.450000000001,1.0,1.0
1.0,0.97,0.2,B3_STRATIFIED,0.5,constant,1.0,0,8,False,662.0,1.0,1.0
1.0,0.97,0.2,B3_STRATIFIED,0.7,alpha_0.95,0.95,0,8,False,858.450000000001,1.0,1.0
1.0,0.97,0.2,B3_STRATIFIED,0.7,constant,1.0,0,8,False,728.0,1.0,1.0
1.0,0.97,0.2,B3_STRATIFIED,1.0,alpha_0.95,0.95,0,8,False,944.450000000001,1.0,1.0
1.0,0.97,0.2,B3_STRATIFIED,1.0,constant,1.0,0,8,False,814.0,1.0,1.0
1.0,0.99,0.0,B2_SRS,0.0,alpha_0.95,0.95,0,8,False,370.05000000000035,1.0,1.0
1.0,0.99,0.0,B2_SRS,0.0,constant,1.0,0,8,False,255.0,1.0,1.0
1.0,0.99,0.0,B2_SRS,0.05,alpha_0.95,0.95,0,8,False,405.4400000000002,1.0,1.0
1.0,0.99,0.0,B2_SRS,0.05,constant,1.0,0,8,False,296.04999999999995,1.0,1.0
1.0,0.99,0.0,B2_SRS,0.1,alpha_0.95,0.95,0,8,False,426.48750000000024,1.0,1.0
1.0,0.99,0.0,B2_SRS,0.1,constant,1.0,0,8,False,317.0,1.0,1.0
1.0,0.99,0.0,B2_SRS,0.2,alpha_0.95,0.95,0,8,False,460.48750000000024,1.0,1.0
1.0,0.99,0.0,B2_SRS,0.2,constant,1.0,0,8,False,351.04999999999995,1.0,1.0
1.0,0.99,0.0,B2_SRS,0.3,alpha_0.95,0.95,0,8,False,493.2575000000003,1.0,1.0
1.0,0.99,0.0,B2_SRS,0.3,constant,1.0,0,8,False,384.0,1.0,1.0
1.0,0.99,0.0,B2_SRS,0.4,alpha_0.95,0.95,0,8,False,528.4025000000003,1.0,1.0
1.0,0.99,0.0,B2_SRS,0.4,constant,1.0,0,8,False,419.0,1.0,1.0
1.0,0.99,0.0,B2_SRS,0.5,alpha_0.95,0.95,0,8,False,558.2000000000003,1.0,1.0
1.0,0.99,0.0,B2_SRS,0.5,constant,1.0,0,8,False,449.0,1.0,1.0
1.0,0.99,0.0,B2_SRS,0.7,alpha_0.95,0.95,0,8,False,618.1000000000004,1.0,1.0
1.0,0.99,0.0,B2_SRS,0.7,constant,1.0,0,8,False,505.0,1.0,1.0
1.0,0.99,0.0,B2_SRS,1.0,alpha_0.95,0.95,0,8,False,691.0500000000004,1.0,1.0
1.0,0.99,0.0,B2_SRS,1.0,constant,1.0,0,8,False,576.0,1.0,1.0
1.0,0.99,0.0,B3_STRATIFIED,0.0,alpha_0.95,0.95,0,8,False,370.05000000000035,1.0,1.0
1.0,0.99,0.0,B3_STRATIFIED,0.0,constant,1.0,0,8,False,255.0,1.0,1.0
1.0,0.99,0.0,B3_STRATIFIED,0.05,alpha_0.95,0.95,0,8,False,423.2000000000003,1.0,1.0
1.0,0.99,0.0,B3_STRATIFIED,0.05,constant,1.0,0,8,False,314.0,1.0,1.0
1.0,0.99,0.0,B3_STRATIFIED,0.1,alpha_0.95,0.95,0,8,False,434.2000000000003,1.0,1.0
1.0,0.99,0.0,B3_STRATIFIED,0.1,constant,1.0,0,8,False,325.0,1.0,1.0
1.0,0.99,0.0,B3_STRATIFIED,0.2,alpha_0.95,0.95,0,8,False,464.2525000000002,1.0,1.0
1.0,0.99,0.0,B3_STRATIFIED,0.2,constant,1.0,0,8,False,355.04999999999995,1.0,1.0
1.0,0.99,0.0,B3_STRATIFIED,0.3,alpha_0.95,0.95,0,8,False,496.05000000000035,1.0,1.0
1.0,0.99,0.0,B3_STRATIFIED,0.3,constant,1.0,0,8,False,385.04999999999995,1.0,1.0
1.0,0.99,0.0,B3_STRATIFIED,0.4,alpha_0.95,0.95,0,8,False,525.2575000000003,1.0,1.0
1.0,0.99,0.0,B3_STRATIFIED,0.4,constant,1.0,0,8,False,416.0,1.0,1.0
1.0,0.99,0.0,B3_STRATIFIED,0.5,alpha_0.95,0.95,0,8,False,541.1550000000003,1.0,1.0
1.0,0.99,0.0,B3_STRATIFIED,0.5,constant,1.0,0,8,False,431.04999999999995,1.0,1.0
1.0,0.99,0.0,B3_STRATIFIED,0.7,alpha_0.95,0.95,0,8,False,612.2100000000003,1.0,1.0
1.0,0.99,0.0,B3_STRATIFIED,0.7,constant,1.0,0,8,False,503.0,1.0,1.0
1.0,0.99,0.0,B3_STRATIFIED,1.0,alpha_0.95,0.95,0,8,False,691.0500000000004,1.0,1.0
1.0,0.99,0.0,B3_STRATIFIED,1.0,constant,1.0,0,8,False,576.0,1.0,1.0
1.0,0.99,0.05,B2_SRS,0.0,alpha_0.95,0.95,0,8,False,432.25000000000074,1.0,1.0
1.0,0.99,0.05,B2_SRS,0.0,constant,1.0,0,8,False,309.0,1.0,1.0
1.0,0.99,0.05,B2_SRS,0.05,alpha_0.95,0.95,0,8,False,454.25000000000074,1.0,1.0
1.0,0.99,0.05,B2_SRS,0.05,constant,1.0,0,8,False,331.0,1.0,1.0
1.0,0.99,0.05,B2_SRS,0.1,alpha_0.95,0.95,0,8,False,473.25000000000074,1.0,1.0
1.0,0.99,0.05,B2_SRS,0.1,constant,1.0,0,8,False,350.0,1.0,1.0
1.0,0.99,0.05,B2_SRS,0.2,alpha_0.95,0.95,0,8,False,510.25000000000074,1.0,1.0
1.0,0.99,0.05,B2_SRS,0.2,constant,1.0,0,8,False,387.0,1.0,1.0
1.0,0.99,0.05,B2_SRS,0.3,alpha_0.95,0.95,0,8,False,542.2500000000007,1.0,1.0
1.0,0.99,0.05,B2_SRS,0.3,constant,1.0,0,8,False,419.0,1.0,1.0
1.0,0.99,0.05,B2_SRS,0.4,alpha_0.95,0.95,0,8,False,575.2500000000007,1.0,1.0
1.0,0.99,0.05,B2_SRS,0.4,constant,1.0,0,8,False,452.0,1.0,1.0
1.0,0.99,0.05,B2_SRS,0.5,alpha_0.95,0.95,0,8,False,606.2500000000007,1.0,1.0
1.0,0.99,0.05,B2_SRS,0.5,constant,1.0,0,8,False,483.0,1.0,1.0
1.0,0.99,0.05,B2_SRS,0.7,alpha_0.95,0.95,0,8,False,671.3000000000006,1.0,1.0
1.0,0.99,0.05,B2_SRS,0.7,constant,1.0,0,8,False,548.05,1.0,1.0
1.0,0.99,0.05,B2_SRS,1.0,alpha_0.95,0.95,0,8,False,753.2500000000007,1.0,1.0
1.0,0.99,0.05,B2_SRS,1.0,constant,1.0,0,8,False,630.0,1.0,1.0
1.0,0.99,0.05,B3_STRATIFIED,0.0,alpha_0.95,0.95,0,8,False,432.25000000000074,1.0,1.0
1.0,0.99,0.05,B3_STRATIFIED,0.0,constant,1.0,0,8,False,309.0,1.0,1.0
1.0,0.99,0.05,B3_STRATIFIED,0.05,alpha_0.95,0.95,0,8,False,456.25000000000074,1.0,1.0
1.0,0.99,0.05,B3_STRATIFIED,0.05,constant,1.0,0,8,False,333.0,1.0,1.0
1.0,0.99,0.05,B3_STRATIFIED,0.1,alpha_0.95,0.95,0,8,False,476.25000000000074,1.0,1.0
1.0,0.99,0.05,B3_STRATIFIED,0.1,constant,1.0,0,8,False,353.0,1.0,1.0
1.0,0.99,0.05,B3_STRATIFIED,0.2,alpha_0.95,0.95,0,8,False,505.25000000000074,1.0,1.0
1.0,0.99,0.05,B3_STRATIFIED,0.2,constant,1.0,0,8,False,382.0,1.0,1.0
1.0,0.99,0.05,B3_STRATIFIED,0.3,alpha_0.95,0.95,0,8,False,544.2500000000007,1.0,1.0
1.0,0.99,0.05,B3_STRATIFIED,0.3,constant,1.0,0,8,False,421.0,1.0,1.0
1.0,0.99,0.05,B3_STRATIFIED,0.4,alpha_0.95,0.95,0,8,False,572.3000000000006,1.0,1.0
1.0,0.99,0.05,B3_STRATIFIED,0.4,constant,1.0,0,8,False,449.04999999999995,1.0,1.0
1.0,0.99,0.05,B3_STRATIFIED,0.5,alpha_0.95,0.95,0,8,False,601.2500000000007,1.0,1.0
1.0,0.99,0.05,B3_STRATIFIED,0.5,constant,1.0,0,8,False,478.0,1.0,1.0
1.0,0.99,0.05,B3_STRATIFIED,0.7,alpha_0.95,0.95,0,8,False,665.3000000000006,1.0,1.0
1.0,0.99,0.05,B3_STRATIFIED,0.7,constant,1.0,0,8,False,542.05,1.0,1.0
1.0,0.99,0.05,B3_STRATIFIED,1.0,alpha_0.95,0.95,0,8,False,753.2500000000007,1.0,1.0
1.0,0.99,0.05,B3_STRATIFIED,1.0,constant,1.0,0,8,False,630.0,1.0,1.0
1.0,0.99,0.1,B2_SRS,0.0,alpha_0.95,0.95,0,8,False,492.2500000000015,1.0,1.0
1.0,0.99,0.1,B2_SRS,0.0,constant,1.0,0,8,False,365.0,1.0,1.0
1.0,0.99,0.1,B2_SRS,0.05,alpha_0.95,0.95,0,8,False,514.2500000000015,1.0,1.0
1.0,0.99,0.1,B2_SRS,0.05,constant,1.0,0,8,False,387.0,1.0,1.0
1.0,0.99,0.1,B2_SRS,0.1,alpha_0.95,0.95,0,8,False,531.2500000000015,1.0,1.0
1.0,0.99,0.1,B2_SRS,0.1,constant,1.0,0,8,False,404.0,1.0,1.0
1.0,0.99,0.1,B2_SRS,0.2,alpha_0.95,0.95,0,8,False,563.2500000000015,1.0,1.0
1.0,0.99,0.1,B2_SRS,0.2,constant,1.0,0,8,False,436.0,1.0,1.0
1.0,0.99,0.1,B2_SRS,0.3,alpha_0.95,0.95,0,8,False,598.2500000000015,1.0,1.0
1.0,0.99,0.1,B2_SRS,0.3,constant,1.0,0,8,False,471.0,1.0,1.0
1.0,0.99,0.1,B2_SRS,0.4,alpha_0.95,0.95,0,8,False,629.2500000000015,1.0,1.0
1.0,0.99,0.1,B2_SRS,0.4,constant,1.0,0,8,False,502.0,1.0,1.0
1.0,0.99,0.1,B2_SRS,0.5,alpha_0.95,0.95,0,8,False,661.2500000000015,1.0,1.0
1.0,0.99,0.1,B2_SRS,0.5,constant,1.0,0,8,False,534.0,1.0,1.0
1.0,0.99,0.1,B2_SRS,0.7,alpha_0.95,0.95,0,8,False,725.2500000000015,1.0,1.0
1.0,0.99,0.1,B2_SRS,0.7,constant,1.0,0,8,False,598.0,1.0,1.0
1.0,0.99,0.1,B2_SRS,1.0,alpha_0.95,0.95,0,8,False,813.2500000000015,1.0,1.0
1.0,0.99,0.1,B2_SRS,1.0,constant,1.0,0,8,False,686.0,1.0,1.0
1.0,0.99,0.1,B3_STRATIFIED,0.0,alpha_0.95,0.95,0,8,False,492.2500000000015,1.0,1.0
1.0,0.99,0.1,B3_STRATIFIED,0.0,constant,1.0,0,8,False,365.0,1.0,1.0
1.0,0.99,0.1,B3_STRATIFIED,0.05,alpha_0.95,0.95,0,8,False,514.2500000000015,1.0,1.0
1.0,0.99,0.1,B3_STRATIFIED,0.05,constant,1.0,0,8,False,387.0,1.0,1.0
1.0,0.99,0.1,B3_STRATIFIED,0.1,alpha_0.95,0.95,0,8,False,532.2500000000015,1.0,1.0
1.0,0.99,0.1,B3_STRATIFIED,0.1,constant,1.0,0,8,False,405.0,1.0,1.0
1.0,0.99,0.1,B3_STRATIFIED,0.2,alpha_0.95,0.95,0,8,False,567.2500000000015,1.0,1.0
1.0,0.99,0.1,B3_STRATIFIED,0.2,constant,1.0,0,8,False,440.0,1.0,1.0
1.0,0.99,0.1,B3_STRATIFIED,0.3,alpha_0.95,0.95,0,8,False,596.2500000000015,1.0,1.0
1.0,0.99,0.1,B3_STRATIFIED,0.3,constant,1.0,0,8,False,469.0,1.0,1.0
1.0,0.99,0.1,B3_STRATIFIED,0.4,alpha_0.95,0.95,0,8,False,630.2500000000015,1.0,1.0
1.0,0.99,0.1,B3_STRATIFIED,0.4,constant,1.0,0,8,False,503.0,1.0,1.0
1.0,0.99,0.1,B3_STRATIFIED,0.5,alpha_0.95,0.95,0,8,False,658.2500000000015,1.0,1.0
1.0,0.99,0.1,B3_STRATIFIED,0.5,constant,1.0,0,8,False,531.0,1.0,1.0
1.0,0.99,0.1,B3_STRATIFIED,0.7,alpha_0.95,0.95,0,8,False,725.2500000000015,1.0,1.0
1.0,0.99,0.1,B3_STRATIFIED,0.7,constant,1.0,0,8,False,598.0,1.0,1.0
1.0,0.99,0.1,B3_STRATIFIED,1.0,alpha_0.95,0.95,0,8,False,813.2500000000015,1.0,1.0
1.0,0.99,0.1,B3_STRATIFIED,1.0,constant,1.0,0,8,False,686.0,1.0,1.0
1.0,0.99,0.2,B2_SRS,0.0,alpha_0.95,0.95,0,8,False,605.0000000000013,1.0,1.0
1.0,0.99,0.2,B2_SRS,0.0,constant,1.0,0,8,False,475.0,1.0,1.0
1.0,0.99,0.2,B2_SRS,0.05,alpha_0.95,0.95,0,8,False,624.0000000000013,1.0,1.0
1.0,0.99,0.2,B2_SRS,0.05,constant,1.0,0,8,False,494.0,1.0,1.0
1.0,0.99,0.2,B2_SRS,0.1,alpha_0.95,0.95,0,8,False,641.0000000000013,1.0,1.0
1.0,0.99,0.2,B2_SRS,0.1,constant,1.0,0,8,False,511.0,1.0,1.0
1.0,0.99,0.2,B2_SRS,0.2,alpha_0.95,0.95,0,8,False,675.0000000000013,1.0,1.0
1.0,0.99,0.2,B2_SRS,0.2,constant,1.0,0,8,False,545.0,1.0,1.0
1.0,0.99,0.2,B2_SRS,0.3,alpha_0.95,0.95,0,8,False,708.0500000000012,1.0,1.0
1.0,0.99,0.2,B2_SRS,0.3,constant,1.0,0,8,False,578.05,1.0,1.0
1.0,0.99,0.2,B2_SRS,0.4,alpha_0.95,0.95,0,8,False,741.0000000000013,1.0,1.0
1.0,0.99,0.2,B2_SRS,0.4,constant,1.0,0,8,False,611.0,1.0,1.0
1.0,0.99,0.2,B2_SRS,0.5,alpha_0.95,0.95,0,8,False,773.0000000000013,1.0,1.0
1.0,0.99,0.2,B2_SRS,0.5,constant,1.0,0,8,False,643.0,1.0,1.0
1.0,0.99,0.2,B2_SRS,0.7,alpha_0.95,0.95,0,8,False,837.0000000000013,1.0,1.0
1.0,0.99,0.2,B2_SRS,0.7,constant,1.0,0,8,False,707.0,1.0,1.0
1.0,0.99,0.2,B2_SRS,1.0,alpha_0.95,0.95,0,8,False,926.0000000000013,1.0,1.0
1.0,0.99,0.2,B2_SRS,1.0,constant,1.0,0,8,False,796.0,1.0,1.0
1.0,0.99,0.2,B3_STRATIFIED,0.0,alpha_0.95,0.95,0,8,False,605.0000000000013,1.0,1.0
1.0,0.99,0.2,B3_STRATIFIED,0.0,constant,1.0,0,8,False,475.0,1.0,1.0
1.0,0.99,0.2,B3_STRATIFIED,0.05,alpha_0.95,0.95,0,8,False,629.0000000000013,1.0,1.0
1.0,0.99,0.2,B3_STRATIFIED,0.05,constant,1.0,0,8,False,499.0,1.0,1.0
1.0,0.99,0.2,B3_STRATIFIED,0.1,alpha_0.95,0.95,0,8,False,645.0000000000013,1.0,1.0
1.0,0.99,0.2,B3_STRATIFIED,0.1,constant,1.0,0,8,False,515.0,1.0,1.0
1.0,0.99,0.2,B3_STRATIFIED,0.2,alpha_0.95,0.95,0,8,False,678.0000000000013,1.0,1.0
1.0,0.99,0.2,B3_STRATIFIED,0.2,constant,1.0,0,8,False,548.0,1.0,1.0
1.0,0.99,0.2,B3_STRATIFIED,0.3,alpha_0.95,0.95,0,8,False,712.0000000000013,1.0,1.0
1.0,0.99,0.2,B3_STRATIFIED,0.3,constant,1.0,0,8,False,582.0,1.0,1.0
1.0,0.99,0.2,B3_STRATIFIED,0.4,alpha_0.95,0.95,0,8,False,744.0000000000013,1.0,1.0
1.0,0.99,0.2,B3_STRATIFIED,0.4,constant,1.0,0,8,False,614.0,1.0,1.0
1.0,0.99,0.2,B3_STRATIFIED,0.5,alpha_0.95,0.95,0,8,False,772.0000000000013,1.0,1.0
1.0,0.99,0.2,B3_STRATIFIED,0.5,constant,1.0,0,8,False,642.0,1.0,1.0
1.0,0.99,0.2,B3_STRATIFIED,0.7,alpha_0.95,0.95,0,8,False,838.0000000000013,1.0,1.0
1.0,0.99,0.2,B3_STRATIFIED,0.7,constant,1.0,0,8,False,708.0,1.0,1.0
1.0,0.99,0.2,B3_STRATIFIED,1.0,alpha_0.95,0.95,0,8,False,926.0000000000013,1.0,1.0
1.0,0.99,0.2,B3_STRATIFIED,1.0,constant,1.0,0,8,False,796.0,1.0,1.0
1.0,1.0,0.0,B2_SRS,0.0,alpha_0.95,0.95,0,8,False,352.2000000000003,1.0,1.0
1.0,1.0,0.0,B2_SRS,0.0,constant,1.0,0,8,False,243.0,1.0,1.0
1.0,1.0,0.0,B2_SRS,0.05,alpha_0.95,0.95,0,8,False,406.2000000000003,1.0,1.0
1.0,1.0,0.0,B2_SRS,0.05,constant,1.0,0,8,False,297.0,1.0,1.0
1.0,1.0,0.0,B2_SRS,0.1,alpha_0.95,0.95,0,8,False,425.2500000000002,1.0,1.0
1.0,1.0,0.0,B2_SRS,0.1,constant,1.0,0,8,False,316.04999999999995,1.0,1.0
1.0,1.0,0.0,B2_SRS,0.2,alpha_0.95,0.95,0,8,False,461.2000000000003,1.0,1.0
1.0,1.0,0.0,B2_SRS,0.2,constant,1.0,0,8,False,352.0,1.0,1.0
1.0,1.0,0.0,B2_SRS,0.3,alpha_0.95,0.95,0,8,False,491.2000000000003,1.0,1.0
1.0,1.0,0.0,B2_SRS,0.3,constant,1.0,0,8,False,382.0,1.0,1.0
1.0,1.0,0.0,B2_SRS,0.4,alpha_0.95,0.95,0,8,False,528.2000000000003,1.0,1.0
1.0,1.0,0.0,B2_SRS,0.4,constant,1.0,0,8,False,419.0,1.0,1.0
1.0,1.0,0.0,B2_SRS,0.5,alpha_0.95,0.95,0,8,False,558.2000000000003,1.0,1.0
1.0,1.0,0.0,B2_SRS,0.5,constant,1.0,0,8,False,449.0,1.0,1.0
1.0,1.0,0.0,B2_SRS,0.7,alpha_0.95,0.95,0,8,False,614.2000000000003,1.0,1.0
1.0,1.0,0.0,B2_SRS,0.7,constant,1.0,0,8,False,505.0,1.0,1.0
1.0,1.0,0.0,B2_SRS,1.0,alpha_0.95,0.95,0,8,False,673.2000000000003,1.0,1.0
1.0,1.0,0.0,B2_SRS,1.0,constant,1.0,0,8,False,564.0,1.0,1.0
1.0,1.0,0.0,B3_STRATIFIED,0.0,alpha_0.95,0.95,0,8,False,352.2000000000003,1.0,1.0
1.0,1.0,0.0,B3_STRATIFIED,0.0,constant,1.0,0,8,False,243.0,1.0,1.0
1.0,1.0,0.0,B3_STRATIFIED,0.05,alpha_0.95,0.95,0,8,False,421.2000000000003,1.0,1.0
1.0,1.0,0.0,B3_STRATIFIED,0.05,constant,1.0,0,8,False,312.0,1.0,1.0
1.0,1.0,0.0,B3_STRATIFIED,0.1,alpha_0.95,0.95,0,8,False,432.2000000000003,1.0,1.0
1.0,1.0,0.0,B3_STRATIFIED,0.1,constant,1.0,0,8,False,323.0,1.0,1.0
1.0,1.0,0.0,B3_STRATIFIED,0.2,alpha_0.95,0.95,0,8,False,462.2500000000002,1.0,1.0
1.0,1.0,0.0,B3_STRATIFIED,0.2,constant,1.0,0,8,False,353.04999999999995,1.0,1.0
1.0,1.0,0.0,B3_STRATIFIED,0.3,alpha_0.95,0.95,0,8,False,494.2000000000003,1.0,1.0
1.0,1.0,0.0,B3_STRATIFIED,0.3,constant,1.0,0,8,False,385.0,1.0,1.0
1.0,1.0,0.0,B3_STRATIFIED,0.4,alpha_0.95,0.95,0,8,False,525.2000000000003,1.0,1.0
1.0,1.0,0.0,B3_STRATIFIED,0.4,constant,1.0,0,8,False,416.0,1.0,1.0
1.0,1.0,0.0,B3_STRATIFIED,0.5,alpha_0.95,0.95,0,8,False,538.2000000000003,1.0,1.0
1.0,1.0,0.0,B3_STRATIFIED,0.5,constant,1.0,0,8,False,429.0,1.0,1.0
1.0,1.0,0.0,B3_STRATIFIED,0.7,alpha_0.95,0.95,0,8,False,608.2500000000002,1.0,1.0
1.0,1.0,0.0,B3_STRATIFIED,0.7,constant,1.0,0,8,False,499.04999999999995,1.0,1.0
1.0,1.0,0.0,B3_STRATIFIED,1.0,alpha_0.95,0.95,0,8,False,673.2000000000003,1.0,1.0
1.0,1.0,0.0,B3_STRATIFIED,1.0,constant,1.0,0,8,False,564.0,1.0,1.0
1.0,1.0,0.05,B2_SRS,0.0,alpha_0.95,0.95,0,8,False,421.2500000000006,1.0,1.0
1.0,1.0,0.05,B2_SRS,0.0,constant,1.0,0,8,False,299.0,1.0,1.0
1.0,1.0,0.05,B2_SRS,0.05,alpha_0.95,0.95,0,8,False,445.2500000000006,1.0,1.0
1.0,1.0,0.05,B2_SRS,0.05,constant,1.0,0,8,False,323.0,1.0,1.0
1.0,1.0,0.05,B2_SRS,0.1,alpha_0.95,0.95,0,8,False,464.2500000000006,1.0,1.0
1.0,1.0,0.05,B2_SRS,0.1,constant,1.0,0,8,False,342.0,1.0,1.0
1.0,1.0,0.05,B2_SRS,0.2,alpha_0.95,0.95,0,8,False,500.2500000000006,1.0,1.0
1.0,1.0,0.05,B2_SRS,0.2,constant,1.0,0,8,False,378.0,1.0,1.0
1.0,1.0,0.05,B2_SRS,0.3,alpha_0.95,0.95,0,8,False,534.2500000000007,1.0,1.0
1.0,1.0,0.05,B2_SRS,0.3,constant,1.0,0,8,False,412.0,1.0,1.0
1.0,1.0,0.05,B2_SRS,0.4,alpha_0.95,0.95,0,8,False,567.2500000000007,1.0,1.0
1.0,1.0,0.05,B2_SRS,0.4,constant,1.0,0,8,False,445.0,1.0,1.0
1.0,1.0,0.05,B2_SRS,0.5,alpha_0.95,0.95,0,8,False,597.3000000000006,1.0,1.0
1.0,1.0,0.05,B2_SRS,0.5,constant,1.0,0,8,False,475.04999999999995,1.0,1.0
1.0,1.0,0.05,B2_SRS,0.7,alpha_0.95,0.95,0,8,False,659.2500000000007,1.0,1.0
1.0,1.0,0.05,B2_SRS,0.7,constant,1.0,0,8,False,537.0,1.0,1.0
1.0,1.0,0.05,B2_SRS,1.0,alpha_0.95,0.95,0,8,False,742.2500000000007,1.0,1.0
1.0,1.0,0.05,B2_SRS,1.0,constant,1.0,0,8,False,620.0,1.0,1.0
1.0,1.0,0.05,B3_STRATIFIED,0.0,alpha_0.95,0.95,0,8,False,421.2500000000006,1.0,1.0
1.0,1.0,0.05,B3_STRATIFIED,0.0,constant,1.0,0,8,False,299.0,1.0,1.0
1.0,1.0,0.05,B3_STRATIFIED,0.05,alpha_0.95,0.95,0,8,False,447.2500000000006,1.0,1.0
1.0,1.0,0.05,B3_STRATIFIED,0.05,constant,1.0,0,8,False,325.0,1.0,1.0
1.0,1.0,0.05,B3_STRATIFIED,0.1,alpha_0.95,0.95,0,8,False,467.2500000000006,1.0,1.0
1.0,1.0,0.05,B3_STRATIFIED,0.1,constant,1.0,0,8,False,345.0,1.0,1.0
1.0,1.0,0.05,B3_STRATIFIED,0.2,alpha_0.95,0.95,0,8,False,498.2500000000006,1.0,1.0
1.0,1.0,0.05,B3_STRATIFIED,0.2,constant,1.0,0,8,False,376.0,1.0,1.0
1.0,1.0,0.05,B3_STRATIFIED,0.3,alpha_0.95,0.95,0,8,False,531.2500000000007,1.0,1.0
1.0,1.0,0.05,B3_STRATIFIED,0.3,constant,1.0,0,8,False,409.0,1.0,1.0
1.0,1.0,0.05,B3_STRATIFIED,0.4,alpha_0.95,0.95,0,8,False,561.2500000000007,1.0,1.0
1.0,1.0,0.05,B3_STRATIFIED,0.4,constant,1.0,0,8,False,439.0,1.0,1.0
1.0,1.0,0.05,B3_STRATIFIED,0.5,alpha_0.95,0.95,0,8,False,592.2500000000007,1.0,1.0
1.0,1.0,0.05,B3_STRATIFIED,0.5,constant,1.0,0,8,False,470.0,1.0,1.0
1.0,1.0,0.05,B3_STRATIFIED,0.7,alpha_0.95,0.95,0,8,False,657.2500000000007,1.0,1.0
1.0,1.0,0.05,B3_STRATIFIED,0.7,constant,1.0,0,8,False,535.0,1.0,1.0
1.0,1.0,0.05,B3_STRATIFIED,1.0,alpha_0.95,0.95,0,8,False,742.2500000000007,1.0,1.0
1.0,1.0,0.05,B3_STRATIFIED,1.0,constant,1.0,0,8,False,620.0,1.0,1.0
1.0,1.0,0.1,B2_SRS,0.0,alpha_0.95,0.95,0,8,False,481.8000000000014,1.0,1.0
1.0,1.0,0.1,B2_SRS,0.0,constant,1.0,0,8,False,355.0,1.0,1.0
1.0,1.0,0.1,B2_SRS,0.05,alpha_0.95,0.95,0,8,False,501.8000000000014,1.0,1.0
1.0,1.0,0.1,B2_SRS,0.05,constant,1.0,0,8,False,375.0,1.0,1.0
1.0,1.0,0.1,B2_SRS,0.1,alpha_0.95,0.95,0,8,False,518.8000000000013,1.0,1.0
1.0,1.0,0.1,B2_SRS,0.1,constant,1.0,0,8,False,392.0,1.0,1.0
1.0,1.0,0.1,B2_SRS,0.2,alpha_0.95,0.95,0,8,False,552.8000000000013,1.0,1.0
1.0,1.0,0.1,B2_SRS,0.2,constant,1.0,0,8,False,426.0,1.0,1.0
1.0,1.0,0.1,B2_SRS,0.3,alpha_0.95,0.95,0,8,False,586.8000000000013,1.0,1.0
1.0,1.0,0.1,B2_SRS,0.3,constant,1.0,0,8,False,460.0,1.0,1.0
1.0,1.0,0.1,B2_SRS,0.4,alpha_0.95,0.95,0,8,False,618.8000000000013,1.0,1.0
1.0,1.0,0.1,B2_SRS,0.4,constant,1.0,0,8,False,492.0,1.0,1.0
1.0,1.0,0.1,B2_SRS,0.5,alpha_0.95,0.95,0,8,False,651.8000000000013,1.0,1.0
1.0,1.0,0.1,B2_SRS,0.5,constant,1.0,0,8,False,525.0,1.0,1.0
1.0,1.0,0.1,B2_SRS,0.7,alpha_0.95,0.95,0,8,False,715.8000000000013,1.0,1.0
1.0,1.0,0.1,B2_SRS,0.7,constant,1.0,0,8,False,589.0,1.0,1.0
1.0,1.0,0.1,B2_SRS,1.0,alpha_0.95,0.95,0,8,False,802.8000000000013,1.0,1.0
1.0,1.0,0.1,B2_SRS,1.0,constant,1.0,0,8,False,676.0,1.0,1.0
1.0,1.0,0.1,B3_STRATIFIED,0.0,alpha_0.95,0.95,0,8,False,481.8000000000014,1.0,1.0
1.0,1.0,0.1,B3_STRATIFIED,0.0,constant,1.0,0,8,False,355.0,1.0,1.0
1.0,1.0,0.1,B3_STRATIFIED,0.05,alpha_0.95,0.95,0,8,False,501.8000000000014,1.0,1.0
1.0,1.0,0.1,B3_STRATIFIED,0.05,constant,1.0,0,8,False,375.0,1.0,1.0
1.0,1.0,0.1,B3_STRATIFIED,0.1,alpha_0.95,0.95,0,8,False,521.8000000000013,1.0,1.0
1.0,1.0,0.1,B3_STRATIFIED,0.1,constant,1.0,0,8,False,395.0,1.0,1.0
1.0,1.0,0.1,B3_STRATIFIED,0.2,alpha_0.95,0.95,0,8,False,554.8000000000013,1.0,1.0
1.0,1.0,0.1,B3_STRATIFIED,0.2,constant,1.0,0,8,False,428.0,1.0,1.0
1.0,1.0,0.1,B3_STRATIFIED,0.3,alpha_0.95,0.95,0,8,False,585.8000000000013,1.0,1.0
1.0,1.0,0.1,B3_STRATIFIED,0.3,constant,1.0,0,8,False,459.0,1.0,1.0
1.0,1.0,0.1,B3_STRATIFIED,0.4,alpha_0.95,0.95,0,8,False,619.8000000000013,1.0,1.0
1.0,1.0,0.1,B3_STRATIFIED,0.4,constant,1.0,0,8,False,493.0,1.0,1.0
1.0,1.0,0.1,B3_STRATIFIED,0.5,alpha_0.95,0.95,0,8,False,649.8000000000013,1.0,1.0
1.0,1.0,0.1,B3_STRATIFIED,0.5,constant,1.0,0,8,False,523.0,1.0,1.0
1.0,1.0,0.1,B3_STRATIFIED,0.7,alpha_0.95,0.95,0,8,False,715.8000000000013,1.0,1.0
1.0,1.0,0.1,B3_STRATIFIED,0.7,constant,1.0,0,8,False,589.0,1.0,1.0
1.0,1.0,0.1,B3_STRATIFIED,1.0,alpha_0.95,0.95,0,8,False,802.8000000000013,1.0,1.0
1.0,1.0,0.1,B3_STRATIFIED,1.0,constant,1.0,0,8,False,676.0,1.0,1.0
1.0,1.0,0.2,B2_SRS,0.0,alpha_0.95,0.95,0,8,False,596.8000000000013,1.0,1.0
1.0,1.0,0.2,B2_SRS,0.0,constant,1.0,0,8,False,467.0,1.0,1.0
1.0,1.0,0.2,B2_SRS,0.05,alpha_0.95,0.95,0,8,False,615.8000000000013,1.0,1.0
1.0,1.0,0.2,B2_SRS,0.05,constant,1.0,0,8,False,486.0,1.0,1.0
1.0,1.0,0.2,B2_SRS,0.1,alpha_0.95,0.95,0,8,False,633.8000000000013,1.0,1.0
1.0,1.0,0.2,B2_SRS,0.1,constant,1.0,0,8,False,504.0,1.0,1.0
1.0,1.0,0.2,B2_SRS,0.2,alpha_0.95,0.95,0,8,False,666.8000000000013,1.0,1.0
1.0,1.0,0.2,B2_SRS,0.2,constant,1.0,0,8,False,537.0,1.0,1.0
1.0,1.0,0.2,B2_SRS,0.3,alpha_0.95,0.95,0,8,False,700.8000000000013,1.0,1.0
1.0,1.0,0.2,B2_SRS,0.3,constant,1.0,0,8,False,571.0,1.0,1.0
1.0,1.0,0.2,B2_SRS,0.4,alpha_0.95,0.95,0,8,False,732.8000000000013,1.0,1.0
1.0,1.0,0.2,B2_SRS,0.4,constant,1.0,0,8,False,603.0,1.0,1.0
1.0,1.0,0.2,B2_SRS,0.5,alpha_0.95,0.95,0,8,False,764.8000000000013,1.0,1.0
1.0,1.0,0.2,B2_SRS,0.5,constant,1.0,0,8,False,635.0,1.0,1.0
1.0,1.0,0.2,B2_SRS,0.7,alpha_0.95,0.95,0,8,False,828.8500000000013,1.0,1.0
1.0,1.0,0.2,B2_SRS,0.7,constant,1.0,0,8,False,699.05,1.0,1.0
1.0,1.0,0.2,B2_SRS,1.0,alpha_0.95,0.95,0,8,False,917.8000000000013,1.0,1.0
1.0,1.0,0.2,B2_SRS,1.0,constant,1.0,0,8,False,788.0,1.0,1.0
1.0,1.0,0.2,B3_STRATIFIED,0.0,alpha_0.95,0.95,0,8,False,596.8000000000013,1.0,1.0
1.0,1.0,0.2,B3_STRATIFIED,0.0,constant,1.0,0,8,False,467.0,1.0,1.0
1.0,1.0,0.2,B3_STRATIFIED,0.05,alpha_0.95,0.95,0,8,False,620.8000000000013,1.0,1.0
1.0,1.0,0.2,B3_STRATIFIED,0.05,constant,1.0,0,8,False,491.0,1.0,1.0
1.0,1.0,0.2,B3_STRATIFIED,0.1,alpha_0.95,0.95,0,8,False,634.8000000000013,1.0,1.0
1.0,1.0,0.2,B3_STRATIFIED,0.1,constant,1.0,0,8,False,505.0,1.0,1.0
1.0,1.0,0.2,B3_STRATIFIED,0.2,alpha_0.95,0.95,0,8,False,668.8000000000013,1.0,1.0
1.0,1.0,0.2,B3_STRATIFIED,0.2,constant,1.0,0,8,False,539.0,1.0,1.0
1.0,1.0,0.2,B3_STRATIFIED,0.3,alpha_0.95,0.95,0,8,False,703.8000000000013,1.0,1.0
1.0,1.0,0.2,B3_STRATIFIED,0.3,constant,1.0,0,8,False,574.0,1.0,1.0
1.0,1.0,0.2,B3_STRATIFIED,0.4,alpha_0.95,0.95,0,8,False,734.8000000000013,1.0,1.0
1.0,1.0,0.2,B3_STRATIFIED,0.4,constant,1.0,0,8,False,605.0,1.0,1.0
1.0,1.0,0.2,B3_STRATIFIED,0.5,alpha_0.95,0.95,0,8,False,766.8000000000013,1.0,1.0
1.0,1.0,0.2,B3_STRATIFIED,0.5,constant,1.0,0,8,False,637.0,1.0,1.0
1.0,1.0,0.2,B3_STRATIFIED,0.7,alpha_0.95,0.95,0,8,False,829.8000000000013,1.0,1.0
1.0,1.0,0.2,B3_STRATIFIED,0.7,constant,1.0,0,8,False,700.0,1.0,1.0
1.0,1.0,0.2,B3_STRATIFIED,1.0,alpha_0.95,0.95,0,8,False,917.8000000000013,1.0,1.0
1.0,1.0,0.2,B3_STRATIFIED,1.0,constant,1.0,0,8,False,788.0,1.0,1.0
