segment_id,method,budget,budget_ratio,seed,num_units,oracle_calls_total,audit_calls,discovery_calls,repair_calls,guard_calls,selected_core_duration,selected_halo_duration,selected_total_duration,event_precision,event_recall,duration_precision,duration_recall,long_event_recall,point_anchor_recall,num_events_hit,num_events_total,num_long_events_hit,num_long_events_total,num_false_positive_intervals,false_positive_duration,duplicate_rate,fragmentation_rate,strict_replay_or_posthoc,notes
realcartest_0_1570,B6,5,0.03184713375796178,0,157,5,0,5,0,0,50.0,0.0,50.0,0.8,0.15,0.6139999999999998,0.15,0.25,0.08333333333333333,3,20,2,8,1,19.30000000000001,0.3333333333333333,1.3333333333333333,posthoc_eval,
realcartest_0_1570,B7,5,0.03184713375796178,0,157,5,0,5,0,0,50.0,0.0,50.0,1.0,0.05,1.0,0.05,0.125,0.0,1,20,1,8,0,0.0,4.0,1.0,posthoc_eval,
realcartest_0_1570,B6-core,5,0.03184713375796178,0,157,5,0,5,0,0,40.0,10.0,50.0,1.0,0.15,0.7674999999999997,0.15,0.25,0.08333333333333333,3,20,2,8,0,9.300000000000011,0.3333333333333333,1.3333333333333333,posthoc_eval,
realcartest_0_1570,B7-core,5,0.03184713375796178,0,157,5,0,5,0,0,50.0,0.0,50.0,1.0,0.05,1.0,0.05,0.125,0.0,1,20,1,8,0,0.0,4.0,1.0,posthoc_eval,
realcartest_0_1570,LATE-AQP-core,5,0.03184713375796178,0,157,2,1,1,0,0,0.0,20.0,20.0,0.0,0.0,0.0,0.0,0.0,0.0,0,20,0,8,0,0.0,0.0,0.0,strict_replay,
realcartest_0_1570,B6,5,0.03184713375796178,1,157,5,0,5,0,0,50.0,0.0,50.0,0.0,0.0,0.0,0.0,0.0,0.0,0,20,0,8,5,50.0,0.0,0.0,posthoc_eval,
realcartest_0_1570,B7,5,0.03184713375796178,1,157,5,0,5,0,0,50.0,0.0,50.0,0.0,0.0,0.0,0.0,0.0,0.0,0,20,0,8,5,50.0,0.0,0.0,posthoc_eval,
realcartest_0_1570,B6-core,5,0.03184713375796178,1,157,5,0,5,0,0,0.0,50.0,50.0,0.0,0.0,0.0,0.0,0.0,0.0,0,20,0,8,0,0.0,0.0,0.0,posthoc_eval,
realcartest_0_1570,B7-core,5,0.03184713375796178,1,157,5,0,5,0,0,0.0,50.0,50.0,0.0,0.0,0.0,0.0,0.0,0.0,0,20,0,8,0,0.0,0.0,0.0,posthoc_eval,
realcartest_0_1570,LATE-AQP-core,5,0.03184713375796178,1,157,2,1,1,0,0,0.0,20.0,20.0,0.0,0.0,0.0,0.0,0.0,0.0,0,20,0,8,0,0.0,0.0,0.0,strict_replay,
realcartest_0_1570,B6,5,0.03184713375796178,2,157,5,0,5,0,0,50.0,0.0,50.0,0.2,0.05,0.2,0.05,0.125,0.0,1,20,1,8,4,40.0,0.0,1.0,posthoc_eval,
realcartest_0_1570,B7,5,0.03184713375796178,2,157,5,0,5,0,0,50.0,0.0,50.0,0.3333333333333333,0.05,0.2140000000000009,0.05,0.125,0.0,1,20,1,8,2,39.299999999999955,1.0,1.0,posthoc_eval,
realcartest_0_1570,B6-core,5,0.03184713375796178,2,157,2,0,2,0,0,0.0,20.0,20.0,0.0,0.0,0.0,0.0,0.0,0.0,0,20,0,8,0,0.0,0.0,0.0,posthoc_eval,
realcartest_0_1570,B7-core,5,0.03184713375796178,2,157,3,0,3,0,0,0.0,30.0,30.0,0.0,0.0,0.0,0.0,0.0,0.0,0,20,0,8,0,0.0,0.0,0.0,posthoc_eval,
realcartest_0_1570,LATE-AQP-core,5,0.03184713375796178,2,157,2,1,1,0,0,0.0,20.0,20.0,0.0,0.0,0.0,0.0,0.0,0.0,0,20,0,8,0,0.0,0.0,0.0,strict_replay,
realcartest_0_1570,B6,5,0.03184713375796178,3,157,5,0,5,0,0,50.0,0.0,50.0,0.0,0.0,0.0,0.0,0.0,0.0,0,20,0,8,5,50.0,0.0,0.0,posthoc_eval,
realcartest_0_1570,B7,5,0.03184713375796178,3,157,5,0,5,0,0,50.0,0.0,50.0,0.0,0.0,0.0,0.0,0.0,0.0,0,20,0,8,5,50.0,0.0,0.0,posthoc_eval,
realcartest_0_1570,B6-core,5,0.03184713375796178,3,157,5,0,5,0,0,0.0,50.0,50.0,0.0,0.0,0.0,0.0,0.0,0.0,0,20,0,8,0,0.0,0.0,0.0,posthoc_eval,
realcartest_0_1570,B7-core,5,0.03184713375796178,3,157,5,0,5,0,0,0.0,50.0,50.0,0.0,0.0,0.0,0.0,0.0,0.0,0,20,0,8,0,0.0,0.0,0.0,posthoc_eval,
realcartest_0_1570,LATE-AQP-core,5,0.03184713375796178,3,157,2,1,1,0,0,0.0,20.0,20.0,0.0,0.0,0.0,0.0,0.0,0.0,0,20,0,8,0,0.0,0.0,0.0,strict_replay,
realcartest_0_1570,B6,5,0.03184713375796178,4,157,5,0,5,0,0,50.0,0.0,50.0,0.0,0.0,0.0,0.0,0.0,0.0,0,20,0,8,5,50.0,0.0,0.0,posthoc_eval,
realcartest_0_1570,B7,5,0.03184713375796178,4,157,5,0,5,0,0,50.0,0.0,50.0,0.0,0.0,0.0,0.0,0.0,0.0,0,20,0,8,5,50.0,0.0,0.0,posthoc_eval,
realcartest_0_1570,B6-core,5,0.03184713375796178,4,157,5,0,5,0,0,0.0,50.0,50.0,0.0,0.0,0.0,0.0,0.0,0.0,0,20,0,8,0,0.0,0.0,0.0,posthoc_eval,
realcartest_0_1570,B7-core,5,0.03184713375796178,4,157,5,0,5,0,0,0.0,50.0,50.0,0.0,0.0,0.0,0.0,0.0,0.0,0,20,0,8,0,0.0,0.0,0.0,posthoc_eval,
realcartest_0_1570,LATE-AQP-core,5,0.03184713375796178,4,157,2,1,1,0,0,0.0,20.0,20.0,0.0,0.0,0.0,0.0,0.0,0.0,0,20,0,8,0,0.0,0.0,0.0,strict_replay,
realcartest_0_1570,B6,8,0.050955414012738856,0,157,8,0,8,0,0,80.0,0.0,80.0,0.5714285714285714,0.15,0.5087499999999998,0.15,0.25,0.08333333333333333,3,20,2,8,3,39.30000000000001,0.6666666666666666,1.3333333333333333,posthoc_eval,
realcartest_0_1570,B7,8,0.050955414012738856,0,157,8,0,8,0,0,80.0,0.0,80.0,0.5,0.05,0.875,0.05,0.125,0.0,1,20,1,8,1,10.0,6.0,1.0,posthoc_eval,
realcartest_0_1570,B6-core,8,0.050955414012738856,0,157,8,0,8,0,0,50.0,30.0,80.0,1.0,0.15,0.8139999999999997,0.15,0.25,0.08333333333333333,3,20,2,8,0,9.300000000000011,0.6666666666666666,1.3333333333333333,posthoc_eval,
realcartest_0_1570,B7-core,8,0.050955414012738856,0,157,8,0,3,0,5,60.0,-30.0,30.0,1.0,0.1,0.6900000000000015,0.1,0.25,0.0,2,20,2,8,0,18.59999999999991,2.0,1.0,posthoc_eval,
realcartest_0_1570,LATE-AQP-core,8,0.050955414012738856,0,157,8,1,0,0,7,80.0,0.0,80.0,1.0,0.05,1.0,0.05,0.125,0.0,1,20,1,8,0,0.0,7.0,1.0,strict_replay,
realcartest_0_1570,B6,8,0.050955414012738856,1,157,8,0,8,0,0,80.0,0.0,80.0,0.14285714285714285,0.05,0.125,0.05,0.125,0.0,1,20,1,8,6,70.0,0.0,1.0,posthoc_eval,
realcartest_0_1570,B7,8,0.050955414012738856,1,157,8,0,8,0,0,80.0,0.0,80.0,0.14285714285714285,0.05,0.125,0.05,0.125,0.0,1,20,1,8,6,70.0,0.0,1.0,posthoc_eval,
realcartest_0_1570,B6-core,8,0.050955414012738856,1,157,4,0,2,0,2,10.0,10.0,20.0,1.0,0.05,0.019999999999998862,0.05,0.0,0.08333333333333333,1,20,0,8,0,9.800000000000011,0.0,1.0,posthoc_eval,
realcartest_0_1570,B7-core,8,0.050955414012738856,1,157,4,0,2,0,2,10.0,10.0,20.0,1.0,0.05,0.019999999999998862,0.05,0.0,0.08333333333333333,1,20,0,8,0,9.800000000000011,0.0,1.0,posthoc_eval,
realcartest_0_1570,LATE-AQP-core,8,0.050955414012738856,1,157,8,1,0,0,7,80.0,0.0,80.0,1.0,0.05,1.0,0.05,0.125,0.0,1,20,1,8,0,0.0,7.0,1.0,strict_replay,
realcartest_0_1570,B6,8,0.050955414012738856,2,157,8,0,8,0,0,80.0,0.0,80.0,0.125,0.05,0.125,0.05,0.125,0.0,1,20,1,8,7,70.0,0.0,1.0,posthoc_eval,
realcartest_0_1570,B7,8,0.050955414012738856,2,157,8,0,8,0,0,80.0,0.0,80.0,0.16666666666666666,0.05,0.13375000000000056,0.05,0.125,0.0,1,20,1,8,5,69.29999999999995,1.0,1.0,posthoc_eval,
realcartest_0_1570,B6-core,8,0.050955414012738856,2,157,5,0,5,0,0,0.0,50.0,50.0,0.0,0.0,0.0,0.0,0.0,0.0,0,20,0,8,0,0.0,0.0,0.0,posthoc_eval,
realcartest_0_1570,B7-core,8,0.050955414012738856,2,157,4,0,4,0,0,0.0,40.0,40.0,0.0,0.0,0.0,0.0,0.0,0.0,0,20,0,8,0,0.0,0.0,0.0,posthoc_eval,
realcartest_0_1570,LATE-AQP-core,8,0.050955414012738856,2,157,8,1,0,0,7,80.0,0.0,80.0,1.0,0.05,1.0,0.05,0.125,0.0,1,20,1,8,0,0.0,7.0,1.0,strict_replay,
realcartest_0_1570,B6,8,0.050955414012738856,3,157,8,0,8,0,0,80.0,0.0,80.0,0.0,0.0,0.0,0.0,0.0,0.0,0,20,0,8,8,80.0,0.0,0.0,posthoc_eval,
realcartest_0_1570,B7,8,0.050955414012738856,3,157,8,0,8,0,0,80.0,0.0,80.0,0.0,0.0,0.0,0.0,0.0,0.0,0,20,0,8,8,80.0,0.0,0.0,posthoc_eval,
realcartest_0_1570,B6-core,8,0.050955414012738856,3,157,8,0,8,0,0,0.0,80.0,80.0,0.0,0.0,0.0,0.0,0.0,0.0,0,20,0,8,0,0.0,0.0,0.0,posthoc_eval,
realcartest_0_1570,B7-core,8,0.050955414012738856,3,157,8,0,8,0,0,0.0,80.0,80.0,0.0,0.0,0.0,0.0,0.0,0.0,0,20,0,8,0,0.0,0.0,0.0,posthoc_eval,
realcartest_0_1570,LATE-AQP-core,8,0.050955414012738856,3,157,8,1,0,0,7,80.0,0.0,80.0,1.0,0.05,1.0,0.05,0.125,0.0,1,20,1,8,0,0.0,7.0,1.0,strict_replay,
realcartest_0_1570,B6,8,0.050955414012738856,4,157,8,0,8,0,0,80.0,0.0,80.0,0.0,0.0,0.0,0.0,0.0,0.0,0,20,0,8,7,80.0,0.0,0.0,posthoc_eval,
realcartest_0_1570,B7,8,0.050955414012738856,4,157,8,0,8,0,0,80.0,0.0,80.0,0.0,0.0,0.0,0.0,0.0,0.0,0,20,0,8,7,80.0,0.0,0.0,posthoc_eval,
realcartest_0_1570,B6-core,8,0.050955414012738856,4,157,8,0,8,0,0,0.0,80.0,80.0,0.0,0.0,0.0,0.0,0.0,0.0,0,20,0,8,0,0.0,0.0,0.0,posthoc_eval,
realcartest_0_1570,B7-core,8,0.050955414012738856,4,157,8,0,8,0,0,0.0,80.0,80.0,0.0,0.0,0.0,0.0,0.0,0.0,0,20,0,8,0,0.0,0.0,0.0,posthoc_eval,
realcartest_0_1570,LATE-AQP-core,8,0.050955414012738856,4,157,8,1,0,0,7,80.0,0.0,80.0,1.0,0.05,1.0,0.05,0.125,0.0,1,20,1,8,0,0.0,7.0,1.0,strict_replay,
realcartest_0_1570,B6,10,0.06369426751592357,0,157,10,0,10,0,0,100.0,0.0,100.0,0.4444444444444444,0.15,0.40699999999999986,0.15,0.25,0.08333333333333333,3,20,2,8,5,59.30000000000001,0.6666666666666666,1.3333333333333333,posthoc_eval,
realcartest_0_1570,B7,10,0.06369426751592357,0,157,10,0,10,0,0,100.0,0.0,100.0,0.6666666666666666,0.1,0.8,0.1,0.25,0.0,2,20,2,8,1,20.0,3.0,1.0,posthoc_eval,
realcartest_0_1570,B6-core,10,0.06369426751592357,0,157,10,0,10,0,0,50.0,50.0,100.0,1.0,0.15,0.8139999999999997,0.15,0.25,0.08333333333333333,3,20,2,8,0,9.300000000000011,0.6666666666666666,1.3333333333333333,posthoc_eval,
realcartest_0_1570,B7-core,10,0.06369426751592357,0,157,10,0,10,0,0,80.0,20.0,100.0,1.0,0.1,1.0,0.1,0.25,0.0,2,20,2,8,0,0.0,3.0,1.0,posthoc_eval,
realcartest_0_1570,LATE-AQP-core,10,0.06369426751592357,0,157,2,1,1,0,0,0.0,20.0,20.0,0.0,0.0,0.0,0.0,0.0,0.0,0,20,0,8,0,0.0,0.0,0.0,strict_replay,
realcartest_0_1570,B6,10,0.06369426751592357,1,157,10,0,10,0,0,100.0,0.0,100.0,0.2222222222222222,0.1,0.10199999999999988,0.1,0.125,0.08333333333333333,2,20,1,8,7,89.80000000000001,0.0,1.0,posthoc_eval,
realcartest_0_1570,B7,10,0.06369426751592357,1,157,10,0,10,0,0,100.0,0.0,100.0,0.14285714285714285,0.05,0.3,0.05,0.125,0.0,1,20,1,8,6,70.0,2.0,1.0,posthoc_eval,
realcartest_0_1570,B6-core,10,0.06369426751592357,1,157,9,0,2,0,7,60.0,-40.0,20.0,1.0,0.1,0.8450000000000008,0.1,0.125,0.08333333333333333,2,20,1,8,0,9.299999999999955,2.0,1.0,posthoc_eval,
realcartest_0_1570,B7-core,10,0.06369426751592357,1,157,7,0,4,0,3,20.0,20.0,40.0,1.0,0.1,0.034999999999999434,0.1,0.0,0.16666666666666666,2,20,0,8,0,19.30000000000001,0.0,1.0,posthoc_eval,
realcartest_0_1570,LATE-AQP-core,10,0.06369426751592357,1,157,2,1,1,0,0,0.0,20.0,20.0,0.0,0.0,0.0,0.0,0.0,0.0,0,20,0,8,0,0.0,0.0,0.0,strict_replay,
realcartest_0_1570,B6,10,0.06369426751592357,2,157,10,0,10,0,0,100.0,0.0,100.0,0.1111111111111111,0.05,0.10700000000000046,0.05,0.125,0.0,1,20,1,8,8,89.29999999999995,1.0,1.0,posthoc_eval,
realcartest_0_1570,B7,10,0.06369426751592357,2,157,10,0,10,0,0,100.0,0.0,100.0,0.125,0.05,0.10700000000000046,0.05,0.125,0.0,1,20,1,8,7,89.29999999999995,1.0,1.0,posthoc_eval,
realcartest_0_1570,B6-core,10,0.06369426751592357,2,157,10,0,8,0,2,60.0,20.0,80.0,1.0,0.2,0.6900000000000015,0.2,0.5,0.0,4,20,4,8,0,18.59999999999991,0.5,1.0,posthoc_eval,
realcartest_0_1570,B7-core,10,0.06369426751592357,2,157,6,0,6,0,0,0.0,60.0,60.0,0.0,0.0,0.0,0.0,0.0,0.0,0,20,0,8,0,0.0,0.0,0.0,posthoc_eval,
realcartest_0_1570,LATE-AQP-core,10,0.06369426751592357,2,157,2,1,1,0,0,0.0,20.0,20.0,0.0,0.0,0.0,0.0,0.0,0.0,0,20,0,8,0,0.0,0.0,0.0,strict_replay,
realcartest_0_1570,B6,10,0.06369426751592357,3,157,10,0,10,0,0,100.0,0.0,100.0,0.1,0.05,0.1,0.05,0.125,0.0,1,20,1,8,9,90.0,0.0,1.0,posthoc_eval,
realcartest_0_1570,B7,10,0.06369426751592357,3,157,10,0,10,0,0,100.0,0.0,100.0,0.1111111111111111,0.05,0.2,0.05,0.125,0.0,1,20,1,8,8,80.0,1.0,1.0,posthoc_eval,
realcartest_0_1570,B6-core,10,0.06369426751592357,3,157,5,0,5,0,0,0.0,50.0,50.0,0.0,0.0,0.0,0.0,0.0,0.0,0,20,0,8,0,0.0,0.0,0.0,posthoc_eval,
realcartest_0_1570,B7-core,10,0.06369426751592357,3,157,6,0,6,0,0,0.0,60.0,60.0,0.0,0.0,0.0,0.0,0.0,0.0,0,20,0,8,0,0.0,0.0,0.0,posthoc_eval,
realcartest_0_1570,LATE-AQP-core,10,0.06369426751592357,3,157,2,1,1,0,0,0.0,20.0,20.0,0.0,0.0,0.0,0.0,0.0,0.0,0,20,0,8,0,0.0,0.0,0.0,strict_replay,
realcartest_0_1570,B6,10,0.06369426751592357,4,157,10,0,10,0,0,100.0,0.0,100.0,0.1111111111111111,0.05,0.095,0.05,0.125,0.0,1,20,1,8,8,90.5,0.0,1.0,posthoc_eval,
realcartest_0_1570,B7,10,0.06369426751592357,4,157,10,0,10,0,0,100.0,0.0,100.0,0.125,0.05,0.095,0.05,0.125,0.0,1,20,1,8,7,90.5,0.0,1.0,posthoc_eval,
realcartest_0_1570,B6-core,10,0.06369426751592357,4,157,9,0,6,0,3,20.0,40.0,60.0,1.0,0.05,0.5350000000000023,0.05,0.125,0.0,1,20,1,8,0,9.299999999999955,1.0,1.0,posthoc_eval,
realcartest_0_1570,B7-core,10,0.06369426751592357,4,157,9,0,6,0,3,30.0,30.0,60.0,1.0,0.1,0.38000000000000306,0.1,0.125,0.08333333333333333,2,20,1,8,0,18.59999999999991,0.5,1.0,posthoc_eval,
realcartest_0_1570,LATE-AQP-core,10,0.06369426751592357,4,157,2,1,1,0,0,0.0,20.0,20.0,0.0,0.0,0.0,0.0,0.0,0.0,0,20,0,8,0,0.0,0.0,0.0,strict_replay,
realcartest_0_1570,B6,16,0.10191082802547771,0,157,16,0,16,0,0,160.0,0.0,160.0,0.2857142857142857,0.15,0.2543749999999999,0.15,0.25,0.08333333333333333,3,20,2,8,10,119.30000000000001,0.6666666666666666,1.3333333333333333,posthoc_eval,
realcartest_0_1570,B7,16,0.10191082802547771,0,157,16,0,16,0,0,160.0,0.0,160.0,0.6,0.2,0.6381250000000005,0.2,0.375,0.08333333333333333,4,20,3,8,2,57.89999999999992,2.25,1.0,posthoc_eval,
realcartest_0_1570,B6-core,16,0.10191082802547771,0,157,16,0,16,0,0,50.0,110.0,160.0,1.0,0.15,0.8139999999999997,0.15,0.25,0.08333333333333333,3,20,2,8,0,9.300000000000011,0.6666666666666666,1.3333333333333333,posthoc_eval,
realcartest_0_1570,B7-core,16,0.10191082802547771,0,157,7,0,5,0,2,20.0,30.0,50.0,1.0,0.1,0.034999999999999434,0.1,0.0,0.16666666666666666,2,20,0,8,0,19.30000000000001,0.0,1.0,posthoc_eval,
realcartest_0_1570,LATE-AQP-core,16,0.10191082802547771,0,157,16,2,0,0,14,160.0,0.0,160.0,1.0,0.15,0.8256250000000002,0.15,0.25,0.08333333333333333,3,20,2,8,0,27.899999999999977,4.333333333333333,1.0,strict_replay,
realcartest_0_1570,B6,16,0.10191082802547771,1,157,16,0,16,0,0,160.0,0.0,160.0,0.16666666666666666,0.15,0.06687499999999993,0.15,0.125,0.16666666666666666,3,20,1,8,10,149.3,0.0,1.0,posthoc_eval,
realcartest_0_1570,B7,16,0.10191082802547771,1,157,16,0,16,0,0,160.0,0.0,160.0,0.2222222222222222,0.1,0.38062499999999994,0.1,0.125,0.08333333333333333,2,20,1,8,7,99.10000000000001,3.0,1.0,posthoc_eval,
realcartest_0_1570,B6-core,16,0.10191082802547771,1,157,16,0,6,0,10,80.0,-20.0,60.0,1.0,0.1,0.7612500000000011,0.1,0.25,0.0,2,20,2,8,0,19.09999999999991,3.0,1.0,posthoc_eval,
realcartest_0_1570,B7-core,16,0.10191082802547771,1,157,15,0,10,0,5,90.0,10.0,100.0,1.0,0.1,0.8966666666666672,0.1,0.125,0.08333333333333333,2,20,1,8,0,9.299999999999955,3.5,1.0,posthoc_eval,
realcartest_0_1570,LATE-AQP-core,16,0.10191082802547771,1,157,10,2,2,0,6,60.0,-20.0,40.0,1.0,0.1,0.8450000000000008,0.1,0.25,0.0,2,20,2,8,0,9.299999999999955,2.0,1.0,strict_replay,
realcartest_0_1570,B6,16,0.10191082802547771,2,157,16,0,16,0,0,160.0,0.0,160.0,0.2857142857142857,0.15,0.19312500000000057,0.15,0.25,0.08333333333333333,3,20,2,8,10,129.0999999999999,0.6666666666666666,1.3333333333333333,posthoc_eval,
realcartest_0_1570,B7,16,0.10191082802547771,2,157,16,0,16,0,0,160.0,0.0,160.0,0.25,0.1,0.25562500000000055,0.1,0.25,0.0,2,20,2,8,6,119.09999999999991,2.0,1.0,posthoc_eval,
realcartest_0_1570,B6-core,16,0.10191082802547771,2,157,1,0,1,0,0,0.0,10.0,10.0,0.0,0.0,0.0,0.0,0.0,0.0,0,20,0,8,0,0.0,0.0,0.0,posthoc_eval,
realcartest_0_1570,B7-core,16,0.10191082802547771,2,157,16,0,10,0,6,90.0,10.0,100.0,1.0,0.05,0.8966666666666667,0.05,0.125,0.0,1,20,1,8,0,9.299999999999997,8.0,1.0,posthoc_eval,
realcartest_0_1570,LATE-AQP-core,16,0.10191082802547771,2,157,16,2,5,0,9,90.0,-20.0,70.0,1.0,0.05,1.0,0.05,0.125,0.0,1,20,1,8,0,0.0,8.0,1.0,strict_replay,
realcartest_0_1570,B6,16,0.10191082802547771,3,157,16,0,16,0,0,160.0,0.0,160.0,0.13333333333333333,0.1,0.06687500000000028,0.1,0.125,0.08333333333333333,2,20,1,8,13,149.29999999999995,0.0,1.0,posthoc_eval,
realcartest_0_1570,B7,16,0.10191082802547771,3,157,16,0,16,0,0,160.0,0.0,160.0,0.09090909090909091,0.05,0.3125,0.05,0.125,0.0,1,20,1,8,10,110.0,4.0,1.0,posthoc_eval,
realcartest_0_1570,B6-core,16,0.10191082802547771,3,157,10,0,6,0,4,30.0,30.0,60.0,1.0,0.1,0.38000000000000306,0.1,0.125,0.08333333333333333,2,20,1,8,0,18.59999999999991,0.5,1.0,posthoc_eval,
realcartest_0_1570,B7-core,16,0.10191082802547771,3,157,13,0,13,0,0,0.0,130.0,130.0,0.0,0.0,0.0,0.0,0.0,0.0,0,20,0,8,0,0.0,0.0,0.0,posthoc_eval,
realcartest_0_1570,LATE-AQP-core,16,0.10191082802547771,3,157,16,2,5,0,9,90.0,-20.0,70.0,1.0,0.05,1.0,0.05,0.125,0.0,1,20,1,8,0,0.0,8.0,1.0,strict_replay,
realcartest_0_1570,B6,16,0.10191082802547771,4,157,16,0,16,0,0,160.0,0.0,160.0,0.13333333333333333,0.05,0.121875,0.05,0.125,0.0,1,20,1,8,13,140.5,1.0,2.0,posthoc_eval,
realcartest_0_1570,B7,16,0.10191082802547771,4,157,16,0,16,0,0,160.0,0.0,160.0,0.1111111111111111,0.05,0.18875000000000028,0.05,0.125,0.0,1,20,1,8,8,129.79999999999995,3.0,1.0,posthoc_eval,
realcartest_0_1570,B6-core,16,0.10191082802547771,4,157,16,0,7,0,9,100.0,-30.0,70.0,1.0,0.15,0.8090000000000009,0.15,0.375,0.0,3,20,3,8,0,19.09999999999991,2.3333333333333335,1.0,posthoc_eval,
realcartest_0_1570,B7-core,16,0.10191082802547771,4,157,14,0,8,0,6,80.0,0.0,80.0,1.0,0.05,0.88375,0.05,0.125,0.0,1,20,1,8,0,9.299999999999997,7.0,1.0,posthoc_eval,
realcartest_0_1570,LATE-AQP-core,16,0.10191082802547771,4,157,12,4,2,1,5,50.0,20.0,70.0,1.0,0.1,0.814000000000001,0.1,0.125,0.08333333333333333,2,20,1,8,0,9.299999999999955,1.5,1.0,strict_replay,
realcartest_0_1570,B6,20,0.12738853503184713,0,157,20,0,20,0,0,200.0,0.0,200.0,0.26666666666666666,0.15,0.20349999999999993,0.15,0.25,0.08333333333333333,3,20,2,8,11,159.3,0.6666666666666666,1.3333333333333333,posthoc_eval,
realcartest_0_1570,B7,20,0.12738853503184713,0,157,20,0,20,0,0,200.0,0.0,200.0,0.42857142857142855,0.2,0.5105000000000004,0.2,0.375,0.08333333333333333,4,20,3,8,4,97.89999999999992,2.25,1.0,posthoc_eval,
realcartest_0_1570,B6-core,20,0.12738853503184713,0,157,13,0,3,0,10,110.0,-80.0,30.0,1.0,0.1,0.9154545454545459,0.1,0.25,0.0,2,20,2,8,0,9.299999999999955,4.5,1.0,posthoc_eval,
realcartest_0_1570,B7-core,20,0.12738853503184713,0,157,15,0,9,0,6,80.0,10.0,90.0,1.0,0.05,1.0,0.05,0.125,0.0,1,20,1,8,0,0.0,7.0,1.0,posthoc_eval,
realcartest_0_1570,LATE-AQP-core,20,0.12738853503184713,0,157,8,2,1,0,5,50.0,-20.0,30.0,1.0,0.05,0.814000000000001,0.05,0.125,0.0,1,20,1,8,0,9.299999999999955,4.0,1.0,strict_replay,
realcartest_0_1570,B6,20,0.12738853503184713,1,157,20,0,20,0,0,200.0,0.0,200.0,0.26666666666666666,0.25,0.10700000000000016,0.25,0.375,0.16666666666666666,5,20,3,8,11,178.59999999999997,0.0,1.0,posthoc_eval,
realcartest_0_1570,B7,20,0.12738853503184713,1,157,20,0,20,0,0,200.0,0.0,200.0,0.2222222222222222,0.15,0.30699999999999994,0.15,0.125,0.16666666666666666,3,20,1,8,7,138.60000000000002,2.0,1.0,posthoc_eval,
realcartest_0_1570,B6-core,20,0.12738853503184713,1,157,5,0,3,0,2,10.0,20.0,30.0,1.0,0.05,0.06999999999999887,0.05,0.0,0.08333333333333333,1,20,0,8,0,9.300000000000011,0.0,1.0,posthoc_eval,
realcartest_0_1570,B7-core,20,0.12738853503184713,1,157,19,0,14,0,5,100.0,40.0,140.0,1.0,0.15,0.814000000000001,0.15,0.125,0.16666666666666666,3,20,1,8,0,18.59999999999991,2.3333333333333335,1.0,posthoc_eval,
realcartest_0_1570,LATE-AQP-core,20,0.12738853503184713,1,157,20,2,6,0,12,110.0,-30.0,80.0,1.0,0.1,0.9154545454545459,0.1,0.25,0.0,2,20,2,8,0,9.299999999999955,4.5,1.0,strict_replay,
realcartest_0_1570,B6,20,0.12738853503184713,2,157,20,0,20,0,0,200.0,0.0,200.0,0.375,0.25,0.2580000000000004,0.25,0.375,0.16666666666666666,5,20,3,8,10,148.39999999999992,0.6,1.2,posthoc_eval,
realcartest_0_1570,B7,20,0.12738853503184713,2,157,20,0,20,0,0,200.0,0.0,200.0,0.3333333333333333,0.2,0.3545000000000005,0.2,0.5,0.0,4,20,4,8,6,129.0999999999999,1.25,1.0,posthoc_eval,
realcartest_0_1570,B6-core,20,0.12738853503184713,2,157,20,0,20,0,0,80.0,120.0,200.0,1.0,0.25,0.645000000000001,0.25,0.375,0.16666666666666666,5,20,3,8,0,28.39999999999992,0.6,1.2,posthoc_eval,
realcartest_0_1570,B7-core,20,0.12738853503184713,2,157,14,0,9,0,5,90.0,0.0,90.0,1.0,0.05,0.8966666666666667,0.05,0.125,0.0,1,20,1,8,0,9.299999999999997,8.0,1.0,posthoc_eval,
realcartest_0_1570,LATE-AQP-core,20,0.12738853503184713,2,157,17,2,6,0,9,100.0,-20.0,80.0,1.0,0.05,0.907,0.05,0.125,0.0,1,20,1,8,0,9.299999999999997,9.0,1.0,strict_replay,
realcartest_0_1570,B6,20,0.12738853503184713,3,157,20,0,20,0,0,200.0,0.0,200.0,0.125,0.1,0.15350000000000022,0.1,0.125,0.08333333333333333,2,20,1,8,14,169.29999999999995,1.0,1.0,posthoc_eval,
realcartest_0_1570,B7,20,0.12738853503184713,3,157,20,0,20,0,0,200.0,0.0,200.0,0.13333333333333333,0.1,0.2535000000000002,0.1,0.125,0.08333333333333333,2,20,1,8,13,149.29999999999995,2.0,1.0,posthoc_eval,
realcartest_0_1570,B6-core,20,0.12738853503184713,3,157,20,0,15,0,5,70.0,80.0,150.0,1.0,0.2,0.7342857142857155,0.2,0.375,0.08333333333333333,4,20,3,8,0,18.59999999999991,0.75,1.25,posthoc_eval,
realcartest_0_1570,B7-core,20,0.12738853503184713,3,157,18,0,15,0,3,50.0,100.0,150.0,1.0,0.05,0.814000000000001,0.05,0.125,0.0,1,20,1,8,0,9.299999999999955,4.0,1.0,posthoc_eval,
realcartest_0_1570,LATE-AQP-core,20,0.12738853503184713,3,157,17,2,6,0,9,100.0,-20.0,80.0,1.0,0.05,0.907,0.05,0.125,0.0,1,20,1,8,0,9.299999999999997,9.0,1.0,strict_replay,
realcartest_0_1570,B6,20,0.12738853503184713,4,157,20,0,20,0,0,200.0,0.0,200.0,0.2222222222222222,0.15,0.20100000000000023,0.15,0.375,0.0,3,20,3,8,14,159.79999999999995,0.6666666666666666,1.3333333333333333,posthoc_eval,
realcartest_0_1570,B7,20,0.12738853503184713,4,157,20,0,20,0,0,200.0,0.0,200.0,0.2,0.1,0.30450000000000044,0.1,0.25,0.0,2,20,2,8,8,139.0999999999999,3.0,1.0,posthoc_eval,
realcartest_0_1570,B6-core,20,0.12738853503184713,4,157,4,0,4,0,0,0.0,40.0,40.0,0.0,0.0,0.0,0.0,0.0,0.0,0,20,0,8,0,0.0,0.0,0.0,posthoc_eval,
realcartest_0_1570,B7-core,20,0.12738853503184713,4,157,16,0,11,0,5,80.0,30.0,110.0,1.0,0.15,0.6512500000000017,0.15,0.375,0.0,3,20,3,8,0,27.899999999999864,1.6666666666666667,1.0,posthoc_eval,
realcartest_0_1570,LATE-AQP-core,20,0.12738853503184713,4,157,20,5,0,3,12,150.0,50.0,200.0,1.0,0.2,0.8106666666666673,0.2,0.25,0.16666666666666666,4,20,2,8,0,28.399999999999906,2.75,1.0,strict_replay,
realcartest_0_1570,B6,31,0.19745222929936307,0,157,31,0,31,0,0,310.0,0.0,310.0,0.25,0.25,0.1958064516129032,0.25,0.5,0.08333333333333333,5,20,4,8,18,249.3,0.4,1.2,posthoc_eval,
realcartest_0_1570,B7,31,0.19745222929936307,0,157,31,0,31,0,0,310.0,0.0,310.0,0.2,0.2,0.3293548387096777,0.2,0.375,0.08333333333333333,4,20,3,8,12,207.89999999999992,2.25,1.0,posthoc_eval,
realcartest_0_1570,B6-core,31,0.19745222929936307,0,157,6,0,6,0,0,0.0,60.0,60.0,0.0,0.0,0.0,0.0,0.0,0.0,0,20,0,8,0,0.0,0.0,0.0,posthoc_eval,
realcartest_0_1570,B7-core,31,0.19745222929936307,0,157,29,0,20,0,9,180.0,20.0,200.0,1.0,0.15,0.8450000000000004,0.15,0.375,0.0,3,20,3,8,0,27.89999999999992,5.0,1.0,posthoc_eval,
realcartest_0_1570,LATE-AQP-core,31,0.19745222929936307,0,157,31,8,0,1,22,220.0,90.0,310.0,1.0,0.4,0.7018181818181828,0.4,0.625,0.25,8,20,5,8,0,65.5999999999998,1.75,1.0,strict_replay,
realcartest_0_1570,B6,31,0.19745222929936307,1,157,31,0,31,0,0,310.0,0.0,310.0,0.391304347826087,0.4,0.20258064516129073,0.4,0.75,0.16666666666666666,8,20,6,8,14,247.19999999999987,0.375,1.25,posthoc_eval,
realcartest_0_1570,B7,31,0.19745222929936307,1,157,31,0,31,0,0,310.0,0.0,310.0,0.21428571428571427,0.2,0.26483870967741946,0.2,0.25,0.16666666666666666,4,20,2,8,11,227.89999999999998,2.0,1.0,posthoc_eval,
realcartest_0_1570,B6-core,31,0.19745222929936307,1,157,31,0,31,0,0,110.0,200.0,310.0,1.0,0.4,0.570909090909092,0.4,0.75,0.16666666666666666,8,20,6,8,0,47.199999999999875,0.375,1.25,posthoc_eval,
realcartest_0_1570,B7-core,31,0.19745222929936307,1,157,26,0,20,0,6,70.0,130.0,200.0,1.0,0.2,0.46857142857143036,0.2,0.125,0.25,4,20,1,8,0,37.199999999999875,0.75,1.0,posthoc_eval,
realcartest_0_1570,LATE-AQP-core,31,0.19745222929936307,1,157,31,8,0,4,19,190.0,120.0,310.0,1.0,0.3,0.752631578947369,0.3,0.5,0.16666666666666666,6,20,4,8,0,46.999999999999886,2.1666666666666665,1.0,strict_replay,
realcartest_0_1570,B6,31,0.19745222929936307,2,157,31,0,31,0,0,310.0,0.0,310.0,0.3125,0.3,0.26774193548387154,0.3,0.5,0.16666666666666666,6,20,4,8,11,226.99999999999983,1.1666666666666667,1.1666666666666667,posthoc_eval,
realcartest_0_1570,B7,31,0.19745222929936307,2,157,31,0,31,0,0,310.0,0.0,310.0,0.18181818181818182,0.25,0.36225806451612963,0.25,0.625,0.0,5,20,5,8,9,197.69999999999982,2.0,1.0,posthoc_eval,
realcartest_0_1570,B6-core,31,0.19745222929936307,2,157,31,0,14,0,17,120.0,20.0,140.0,1.0,0.15,0.7675000000000007,0.15,0.375,0.0,3,20,3,8,0,27.899999999999906,3.0,1.0,posthoc_eval,
realcartest_0_1570,B7-core,31,0.19745222929936307,2,157,23,0,19,0,4,120.0,70.0,190.0,1.0,0.1,0.8450000000000004,0.1,0.25,0.0,2,20,2,8,0,18.59999999999995,5.0,1.0,posthoc_eval,
realcartest_0_1570,LATE-AQP-core,31,0.19745222929936307,2,157,10,4,3,0,3,60.0,10.0,70.0,1.0,0.05,1.0,0.05,0.125,0.0,1,20,1,8,0,0.0,5.0,1.0,strict_replay,
realcartest_0_1570,B6,31,0.19745222929936307,3,157,31,0,31,0,0,310.0,0.0,310.0,0.2,0.2,0.13290322580645175,0.2,0.25,0.16666666666666666,4,20,2,8,16,268.79999999999995,0.5,1.0,posthoc_eval,
realcartest_0_1570,B7,31,0.19745222929936307,3,157,31,0,31,0,0,310.0,0.0,310.0,0.23529411764705882,0.2,0.23258064516129076,0.2,0.375,0.08333333333333333,4,20,3,8,13,237.89999999999986,1.5,1.0,posthoc_eval,
realcartest_0_1570,B6-core,31,0.19745222929936307,3,157,26,0,10,0,16,90.0,10.0,100.0,1.0,0.15,0.6844444444444453,0.15,0.25,0.08333333333333333,3,20,2,8,0,28.39999999999992,2.0,1.0,posthoc_eval,
realcartest_0_1570,B7-core,31,0.19745222929936307,3,157,26,0,20,0,6,130.0,70.0,200.0,1.0,0.15,0.7815384615384623,0.15,0.25,0.08333333333333333,3,20,2,8,0,28.399999999999906,3.3333333333333335,1.0,posthoc_eval,
realcartest_0_1570,LATE-AQP-core,31,0.19745222929936307,3,157,10,4,3,0,3,60.0,10.0,70.0,1.0,0.05,1.0,0.05,0.125,0.0,1,20,1,8,0,0.0,5.0,1.0,strict_replay,
realcartest_0_1570,B6,31,0.19745222929936307,4,157,31,0,31,0,0,310.0,0.0,310.0,0.36363636363636365,0.25,0.16935483870967816,0.25,0.5,0.08333333333333333,5,20,4,8,14,257.4999999999998,1.0,1.6,posthoc_eval,
realcartest_0_1570,B7,31,0.19745222929936307,4,157,31,0,31,0,0,310.0,0.0,310.0,0.45454545454545453,0.35,0.39903225806451703,0.35,0.75,0.08333333333333333,7,20,6,8,6,186.29999999999973,1.5714285714285714,1.0,posthoc_eval,
realcartest_0_1570,B6-core,31,0.19745222929936307,4,157,31,0,31,0,0,100.0,210.0,310.0,1.0,0.25,0.5250000000000022,0.25,0.5,0.08333333333333333,5,20,4,8,0,47.49999999999977,1.0,1.6,posthoc_eval,
realcartest_0_1570,B7-core,31,0.19745222929936307,4,157,25,0,19,0,6,120.0,70.0,190.0,1.0,0.25,0.6083333333333347,0.25,0.25,0.25,5,20,2,8,0,46.99999999999983,1.4,1.0,posthoc_eval,
realcartest_0_1570,LATE-AQP-core,31,0.19745222929936307,4,157,10,4,3,0,3,50.0,20.0,70.0,1.0,0.05,1.0,0.05,0.125,0.0,1,20,1,8,0,0.0,4.0,1.0,strict_replay,
realcartest_0_1570,B6,40,0.25477707006369427,0,157,40,0,40,0,0,400.0,0.0,400.0,0.2962962962962963,0.3,0.1552500000000002,0.3,0.5,0.16666666666666666,6,20,4,8,19,337.8999999999999,0.5,1.3333333333333333,posthoc_eval,
realcartest_0_1570,B7,40,0.25477707006369427,0,157,40,0,40,0,0,400.0,0.0,400.0,0.15789473684210525,0.2,0.2552500000000002,0.2,0.375,0.08333333333333333,4,20,3,8,16,297.8999999999999,2.25,1.0,posthoc_eval,
realcartest_0_1570,B6-core,40,0.25477707006369427,0,157,8,0,5,0,3,20.0,30.0,50.0,1.0,0.05,0.5350000000000023,0.05,0.125,0.0,1,20,1,8,0,9.299999999999955,1.0,1.0,posthoc_eval,
realcartest_0_1570,B7-core,40,0.25477707006369427,0,157,38,0,29,0,9,180.0,110.0,290.0,1.0,0.3,0.6844444444444456,0.3,0.5,0.16666666666666666,6,20,4,8,0,56.799999999999784,2.0,1.0,posthoc_eval,
realcartest_0_1570,LATE-AQP-core,40,0.25477707006369427,0,157,40,10,0,3,27,290.0,110.0,400.0,1.0,0.45,0.7096551724137942,0.45,0.75,0.25,9,20,6,8,0,84.1999999999997,2.2222222222222223,1.0,strict_replay,
realcartest_0_1570,B6,40,0.25477707006369427,1,157,40,0,40,0,0,400.0,0.0,400.0,0.37037037037037035,0.45,0.1837500000000004,0.45,0.75,0.25,9,20,6,8,17,326.49999999999983,0.4444444444444444,1.3333333333333333,posthoc_eval,
realcartest_0_1570,B7,40,0.25477707006369427,1,157,40,0,40,0,0,400.0,0.0,400.0,0.21052631578947367,0.3,0.3040000000000001,0.3,0.5,0.16666666666666666,6,20,4,8,15,278.4,1.6666666666666667,1.0,posthoc_eval,
realcartest_0_1570,B6-core,40,0.25477707006369427,1,157,40,0,40,0,0,130.0,270.0,400.0,1.0,0.45,0.5653846153846167,0.45,0.75,0.25,9,20,6,8,0,56.49999999999983,0.4444444444444444,1.3333333333333333,posthoc_eval,
realcartest_0_1570,B7-core,40,0.25477707006369427,1,157,36,0,27,0,9,240.0,30.0,270.0,1.0,0.25,0.8062500000000007,0.25,0.625,0.0,5,20,5,8,0,46.49999999999983,3.8,1.0,posthoc_eval,
realcartest_0_1570,LATE-AQP-core,40,0.25477707006369427,1,157,27,10,1,4,12,90.0,60.0,150.0,1.0,0.2,0.5811111111111131,0.2,0.375,0.08333333333333333,4,20,3,8,0,37.69999999999982,1.25,1.0,strict_replay,
realcartest_0_1570,B6,40,0.25477707006369427,2,157,40,0,40,0,0,400.0,0.0,400.0,0.2727272727272727,0.35,0.25750000000000045,0.35,0.625,0.16666666666666666,7,20,5,8,16,296.99999999999983,1.1428571428571428,1.1428571428571428,posthoc_eval,
realcartest_0_1570,B7,40,0.25477707006369427,2,157,40,0,40,0,0,400.0,0.0,400.0,0.3076923076923077,0.35,0.4575000000000006,0.35,0.75,0.08333333333333333,7,20,6,8,9,216.99999999999977,2.2857142857142856,1.0,posthoc_eval,
realcartest_0_1570,B6-core,40,0.25477707006369427,2,157,32,0,19,0,13,110.0,80.0,190.0,1.0,0.2,0.6572727272727289,0.2,0.5,0.0,4,20,4,8,0,37.69999999999982,1.75,1.0,posthoc_eval,
realcartest_0_1570,B7-core,40,0.25477707006369427,2,157,40,0,29,0,11,190.0,100.0,290.0,1.0,0.3,0.7515789473684215,0.3,0.375,0.25,6,20,3,8,0,47.19999999999993,2.1666666666666665,1.0,posthoc_eval,
realcartest_0_1570,LATE-AQP-core,40,0.25477707006369427,2,157,26,4,13,0,9,110.0,60.0,170.0,1.0,0.1,0.8309090909090908,0.1,0.125,0.08333333333333333,2,20,1,8,0,18.60000000000001,4.5,1.0,strict_replay,
realcartest_0_1570,B6,40,0.25477707006369427,3,157,40,0,40,0,0,400.0,0.0,400.0,0.2222222222222222,0.25,0.12975000000000023,0.25,0.375,0.16666666666666666,5,20,3,8,21,348.0999999999999,0.6,1.2,posthoc_eval,
realcartest_0_1570,B7,40,0.25477707006369427,3,157,40,0,40,0,0,400.0,0.0,400.0,0.17647058823529413,0.2,0.23025000000000034,0.2,0.375,0.08333333333333333,4,20,3,8,14,307.89999999999986,2.0,1.0,posthoc_eval,
realcartest_0_1570,B6-core,40,0.25477707006369427,3,157,32,0,12,0,20,160.0,-40.0,120.0,1.0,0.2,0.7675000000000008,0.2,0.5,0.0,4,20,4,8,0,37.19999999999986,3.0,1.0,posthoc_eval,
realcartest_0_1570,B7-core,40,0.25477707006369427,3,157,38,0,28,0,10,230.0,50.0,280.0,1.0,0.3,0.7521739130434788,0.3,0.5,0.16666666666666666,6,20,4,8,0,56.999999999999886,2.8333333333333335,1.0,posthoc_eval,
realcartest_0_1570,LATE-AQP-core,40,0.25477707006369427,3,157,26,4,13,0,9,110.0,60.0,170.0,1.0,0.1,0.8309090909090908,0.1,0.125,0.08333333333333333,2,20,1,8,0,18.60000000000001,4.5,1.0,strict_replay,
realcartest_0_1570,B6,40,0.25477707006369427,4,157,40,0,40,0,0,400.0,0.0,400.0,0.34615384615384615,0.3,0.18125000000000058,0.3,0.625,0.08333333333333333,6,20,5,8,17,327.4999999999998,1.0,1.5,posthoc_eval,
realcartest_0_1570,B7,40,0.25477707006369427,4,157,40,0,40,0,0,400.0,0.0,400.0,0.3333333333333333,0.4,0.3110000000000008,0.4,0.75,0.16666666666666666,8,20,6,8,10,275.5999999999997,1.375,1.0,posthoc_eval,
realcartest_0_1570,B6-core,40,0.25477707006369427,4,157,5,0,5,0,0,0.0,50.0,50.0,0.0,0.0,0.0,0.0,0.0,0.0,0,20,0,8,0,0.0,0.0,0.0,posthoc_eval,
realcartest_0_1570,B7-core,40,0.25477707006369427,4,157,38,0,28,0,10,180.0,100.0,280.0,1.0,0.25,0.7416666666666676,0.25,0.625,0.0,5,20,5,8,0,46.49999999999983,2.6,1.0,posthoc_eval,
realcartest_0_1570,LATE-AQP-core,40,0.25477707006369427,4,157,26,4,13,0,9,110.0,60.0,170.0,1.0,0.1,0.8309090909090908,0.1,0.125,0.08333333333333333,2,20,1,8,0,18.60000000000001,4.5,1.0,strict_replay,
realcartest_0_1570,B6,47,0.29936305732484075,0,157,47,0,47,0,0,470.0,0.0,470.0,0.2413793103448276,0.3,0.1538297872340428,0.3,0.5,0.16666666666666666,6,20,4,8,22,397.6999999999999,0.8333333333333334,1.3333333333333333,posthoc_eval,
realcartest_0_1570,B7,47,0.29936305732484075,0,157,47,0,47,0,0,470.0,0.0,470.0,0.13043478260869565,0.25,0.24000000000000027,0.25,0.5,0.08333333333333333,5,20,4,8,20,357.1999999999999,2.0,1.0,posthoc_eval,
realcartest_0_1570,B6-core,47,0.29936305732484075,0,157,33,0,16,0,17,120.0,40.0,160.0,1.0,0.15,0.7633333333333344,0.15,0.375,0.0,3,20,3,8,0,28.399999999999864,3.0,1.0,posthoc_eval,
realcartest_0_1570,B7-core,47,0.29936305732484075,0,157,44,0,36,0,8,150.0,210.0,360.0,1.0,0.15,0.8140000000000006,0.15,0.375,0.0,3,20,3,8,0,27.899999999999906,4.0,1.0,posthoc_eval,
realcartest_0_1570,LATE-AQP-core,47,0.29936305732484075,0,157,47,12,6,4,25,250.0,-30.0,220.0,1.0,0.3,0.7748000000000008,0.3,0.625,0.08333333333333333,6,20,5,8,0,56.299999999999784,3.1666666666666665,1.0,strict_replay,
realcartest_0_1570,B6,47,0.29936305732484075,1,157,47,0,47,0,0,470.0,0.0,470.0,0.3793103448275862,0.5,0.20042553191489396,0.5,0.75,0.3333333333333333,10,20,6,8,18,375.79999999999984,0.6,1.3,posthoc_eval,
realcartest_0_1570,B7,47,0.29936305732484075,1,157,47,0,47,0,0,470.0,0.0,470.0,0.21052631578947367,0.35,0.28297872340425556,0.35,0.625,0.16666666666666666,7,20,5,8,15,336.9999999999999,1.7142857142857142,1.1428571428571428,posthoc_eval,
realcartest_0_1570,B6-core,47,0.29936305732484075,1,157,6,0,2,0,4,40.0,-20.0,20.0,1.0,0.05,0.7675000000000001,0.05,0.125,0.0,1,20,1,8,0,9.299999999999997,3.0,1.0,posthoc_eval,
realcartest_0_1570,B7-core,47,0.29936305732484075,1,157,42,0,32,0,10,170.0,150.0,320.0,1.0,0.35,0.6688235294117659,0.35,0.375,0.3333333333333333,7,20,3,8,0,56.299999999999784,1.4285714285714286,1.0,posthoc_eval,
realcartest_0_1570,LATE-AQP-core,47,0.29936305732484075,1,157,44,12,8,4,20,200.0,40.0,240.0,1.0,0.25,0.7650000000000009,0.25,0.625,0.0,5,20,5,8,0,46.99999999999983,3.0,1.0,strict_replay,
realcartest_0_1570,B6,47,0.29936305732484075,2,157,47,0,47,0,0,470.0,0.0,470.0,0.3333333333333333,0.5,0.24276595744680904,0.5,0.75,0.3333333333333333,10,20,6,8,16,355.89999999999975,0.9,1.1,posthoc_eval,
realcartest_0_1570,B7,47,0.29936305732484075,2,157,47,0,47,0,0,470.0,0.0,470.0,0.3125,0.4,0.4546808510638304,0.4,0.875,0.08333333333333333,8,20,7,8,11,256.2999999999997,2.375,1.0,posthoc_eval,
realcartest_0_1570,B6-core,47,0.29936305732484075,2,157,42,0,21,0,21,180.0,30.0,210.0,1.0,0.3,0.6844444444444456,0.3,0.5,0.16666666666666666,6,20,4,8,0,56.799999999999784,2.0,1.0,posthoc_eval,
realcartest_0_1570,B7-core,47,0.29936305732484075,2,157,45,0,34,0,11,220.0,120.0,340.0,1.0,0.3,0.8286363636363642,0.3,0.5,0.16666666666666666,6,20,4,8,0,37.699999999999875,2.6666666666666665,1.0,posthoc_eval,
realcartest_0_1570,LATE-AQP-core,47,0.29936305732484075,2,157,35,5,17,0,13,140.0,80.0,220.0,1.0,0.2,0.7342857142857149,0.2,0.25,0.16666666666666666,4,20,2,8,0,37.19999999999992,2.5,1.0,strict_replay,
realcartest_0_1570,B6,47,0.29936305732484075,3,157,47,0,47,0,0,470.0,0.0,470.0,0.27586206896551724,0.3,0.1772340425531919,0.3,0.5,0.16666666666666666,6,20,4,8,21,386.6999999999998,1.1666666666666667,1.3333333333333333,posthoc_eval,
realcartest_0_1570,B7,47,0.29936305732484075,3,157,47,0,47,0,0,470.0,0.0,470.0,0.2222222222222222,0.25,0.19744680851063856,0.25,0.375,0.16666666666666666,5,20,3,8,14,377.1999999999999,1.6,1.0,posthoc_eval,
realcartest_0_1570,B6-core,47,0.29936305732484075,3,157,15,0,12,0,3,30.0,90.0,120.0,1.0,0.05,0.6900000000000015,0.05,0.125,0.0,1,20,1,8,0,9.299999999999955,2.0,1.0,posthoc_eval,
realcartest_0_1570,B7-core,47,0.29936305732484075,3,157,44,0,31,0,13,210.0,100.0,310.0,1.0,0.4,0.6876190476190489,0.4,0.5,0.3333333333333333,8,20,4,8,0,65.59999999999974,1.625,1.0,posthoc_eval,
realcartest_0_1570,LATE-AQP-core,47,0.29936305732484075,3,157,39,12,3,5,19,160.0,40.0,200.0,1.0,0.25,0.7643750000000011,0.25,0.375,0.16666666666666666,5,20,3,8,0,37.69999999999982,2.2,1.0,strict_replay,
realcartest_0_1570,B6,47,0.29936305732484075,4,157,47,0,47,0,0,470.0,0.0,470.0,0.32,0.35,0.19978723404255375,0.35,0.625,0.16666666666666666,7,20,5,8,17,376.09999999999974,1.2857142857142858,1.4285714285714286,posthoc_eval,
realcartest_0_1570,B7,47,0.29936305732484075,4,157,47,0,47,0,0,470.0,0.0,470.0,0.3125,0.4,0.2646808510638305,0.4,0.75,0.16666666666666666,8,20,6,8,11,345.5999999999997,1.375,1.0,posthoc_eval,
realcartest_0_1570,B6-core,47,0.29936305732484075,4,157,31,0,15,0,16,110.0,40.0,150.0,1.0,0.1,0.8263636363636363,0.1,0.125,0.08333333333333333,2,20,1,8,0,19.10000000000001,4.5,1.0,posthoc_eval,
realcartest_0_1570,B7-core,47,0.29936305732484075,4,157,45,0,35,0,10,170.0,180.0,350.0,1.0,0.35,0.6141176470588254,0.35,0.5,0.25,7,20,4,8,0,65.59999999999968,1.4285714285714286,1.0,posthoc_eval,
realcartest_0_1570,LATE-AQP-core,47,0.29936305732484075,4,157,39,12,7,2,18,190.0,20.0,210.0,1.0,0.2,0.8505263157894741,0.2,0.375,0.08333333333333333,4,20,3,8,0,28.39999999999992,3.75,1.0,strict_replay,
realcartest_0_1570,B6,60,0.3821656050955414,0,157,60,0,60,0,0,600.0,0.0,600.0,0.26666666666666666,0.35,0.13750000000000018,0.35,0.5,0.25,7,20,4,8,22,517.4999999999999,0.8571428571428571,1.2857142857142858,posthoc_eval,
realcartest_0_1570,B7,60,0.3821656050955414,0,157,60,0,60,0,0,600.0,0.0,600.0,0.125,0.3,0.23916666666666694,0.3,0.625,0.08333333333333333,6,20,5,8,21,456.49999999999983,2.1666666666666665,1.0,posthoc_eval,
realcartest_0_1570,B6-core,60,0.3821656050955414,0,157,45,0,26,0,19,140.0,120.0,260.0,1.0,0.35,0.5350000000000023,0.35,0.5,0.25,7,20,4,8,0,65.09999999999968,1.0,1.0,posthoc_eval,
realcartest_0_1570,B7-core,60,0.3821656050955414,0,157,58,0,49,0,9,190.0,300.0,490.0,1.0,0.3,0.706315789473685,0.3,0.5,0.16666666666666666,6,20,4,8,0,55.79999999999984,2.1666666666666665,1.0,posthoc_eval,
realcartest_0_1570,LATE-AQP-core,60,0.3821656050955414,0,157,48,15,10,2,21,240.0,30.0,270.0,1.0,0.25,0.8041666666666674,0.25,0.625,0.0,5,20,5,8,0,46.99999999999983,3.8,1.0,strict_replay,
realcartest_0_1570,B6,60,0.3821656050955414,1,157,60,0,60,0,0,600.0,0.0,600.0,0.35294117647058826,0.55,0.17483333333333367,0.55,0.75,0.4166666666666667,11,20,6,8,22,495.0999999999998,0.6363636363636364,1.2727272727272727,posthoc_eval,
realcartest_0_1570,B7,60,0.3821656050955414,1,157,60,0,60,0,0,600.0,0.0,600.0,0.17391304347826086,0.4,0.22400000000000034,0.4,0.625,0.25,8,20,5,8,19,465.5999999999998,1.625,1.125,posthoc_eval,
realcartest_0_1570,B6-core,60,0.3821656050955414,1,157,29,0,13,0,16,140.0,-10.0,130.0,1.0,0.25,0.6642857142857151,0.25,0.25,0.25,5,20,2,8,0,46.99999999999987,1.8,1.0,posthoc_eval,
realcartest_0_1570,B7-core,60,0.3821656050955414,1,157,53,0,46,0,7,240.0,220.0,460.0,1.0,0.35,0.7654166666666679,0.35,0.75,0.08333333333333333,7,20,6,8,0,56.29999999999973,2.4285714285714284,1.0,posthoc_eval,
realcartest_0_1570,LATE-AQP-core,60,0.3821656050955414,1,157,57,15,14,6,22,220.0,130.0,350.0,1.0,0.35,0.7018181818181828,0.35,0.625,0.16666666666666666,7,20,5,8,0,65.5999999999998,2.142857142857143,1.0,strict_replay,
realcartest_0_1570,B6,60,0.3821656050955414,2,157,60,0,60,0,0,600.0,0.0,600.0,0.3333333333333333,0.6,0.20883333333333381,0.6,0.75,0.5,12,20,6,8,20,474.6999999999997,0.8333333333333334,1.1666666666666667,posthoc_eval,
realcartest_0_1570,B7,60,0.3821656050955414,2,157,60,0,60,0,0,600.0,0.0,600.0,0.23809523809523808,0.4,0.35616666666666713,0.4,0.875,0.08333333333333333,8,20,7,8,16,386.2999999999997,2.375,1.0,posthoc_eval,
realcartest_0_1570,B6-core,60,0.3821656050955414,2,157,41,0,28,0,13,150.0,130.0,280.0,1.0,0.2,0.8106666666666675,0.2,0.25,0.16666666666666666,4,20,2,8,0,28.399999999999864,2.75,1.0,posthoc_eval,
realcartest_0_1570,B7-core,60,0.3821656050955414,2,157,53,0,44,0,9,260.0,180.0,440.0,1.0,0.4,0.7476923076923089,0.4,0.75,0.16666666666666666,8,20,6,8,0,65.59999999999968,2.25,1.0,posthoc_eval,
realcartest_0_1570,LATE-AQP-core,60,0.3821656050955414,2,157,50,15,13,2,20,220.0,80.0,300.0,1.0,0.3,0.7463636363636371,0.3,0.5,0.16666666666666666,6,20,4,8,0,55.79999999999984,2.6666666666666665,1.0,strict_replay,
realcartest_0_1570,B6,60,0.3821656050955414,3,157,60,0,60,0,0,600.0,0.0,600.0,0.3,0.4,0.1725000000000003,0.4,0.625,0.25,8,20,5,8,21,496.49999999999983,1.0,1.25,posthoc_eval,
realcartest_0_1570,B7,60,0.3821656050955414,3,157,60,0,60,0,0,600.0,0.0,600.0,0.25,0.4,0.25616666666666704,0.4,0.625,0.25,8,20,5,8,18,446.2999999999998,1.625,1.125,posthoc_eval,
realcartest_0_1570,B6-core,60,0.3821656050955414,3,157,54,0,31,0,23,200.0,110.0,310.0,1.0,0.3,0.7175000000000008,0.3,0.375,0.25,6,20,3,8,0,56.49999999999983,2.3333333333333335,1.0,posthoc_eval,
realcartest_0_1570,B7-core,60,0.3821656050955414,3,157,49,0,41,0,8,230.0,180.0,410.0,1.0,0.45,0.6317391304347841,0.45,0.75,0.25,9,20,6,8,0,84.69999999999965,1.5555555555555556,1.0,posthoc_eval,
realcartest_0_1570,LATE-AQP-core,60,0.3821656050955414,3,157,55,15,8,10,22,240.0,90.0,330.0,1.0,0.45,0.646250000000001,0.45,0.5,0.4166666666666667,9,20,4,8,0,84.89999999999975,1.6666666666666667,1.0,strict_replay,
realcartest_0_1570,B6,60,0.3821656050955414,4,157,60,0,60,0,0,600.0,0.0,600.0,0.2916666666666667,0.4,0.2076666666666671,0.4,0.75,0.16666666666666666,8,20,6,8,17,475.39999999999975,1.5,1.25,posthoc_eval,
realcartest_0_1570,B7,60,0.3821656050955414,4,157,60,0,60,0,0,600.0,0.0,600.0,0.2631578947368421,0.45,0.2585000000000005,0.45,0.875,0.16666666666666666,9,20,7,8,14,444.8999999999997,1.5555555555555556,1.0,posthoc_eval,
realcartest_0_1570,B6-core,60,0.3821656050955414,4,157,54,0,27,0,27,220.0,50.0,270.0,1.0,0.35,0.7018181818181825,0.35,0.375,0.3333333333333333,7,20,3,8,0,65.59999999999985,2.142857142857143,1.0,posthoc_eval,
realcartest_0_1570,B7-core,60,0.3821656050955414,4,157,52,0,45,0,7,170.0,280.0,450.0,1.0,0.35,0.6141176470588254,0.35,0.5,0.25,7,20,4,8,0,65.59999999999968,1.4285714285714286,1.0,posthoc_eval,
realcartest_0_1570,LATE-AQP-core,60,0.3821656050955414,4,157,57,15,14,4,24,260.0,70.0,330.0,1.0,0.35,0.7815384615384622,0.35,0.625,0.16666666666666666,7,20,5,8,0,56.79999999999984,2.7142857142857144,1.0,strict_replay,
realcartest_0_1570,B6,63,0.4012738853503185,0,157,63,0,63,0,0,630.0,0.0,630.0,0.25806451612903225,0.35,0.13095238095238113,0.35,0.5,0.25,7,20,4,8,23,547.4999999999999,0.8571428571428571,1.2857142857142858,posthoc_eval,
realcartest_0_1570,B7,63,0.4012738853503185,0,157,63,0,63,0,0,630.0,0.0,630.0,0.12,0.3,0.22777777777777805,0.3,0.625,0.08333333333333333,6,20,5,8,22,486.49999999999983,2.1666666666666665,1.0,posthoc_eval,
realcartest_0_1570,B6-core,63,0.4012738853503185,0,157,52,0,26,0,26,210.0,50.0,260.0,1.0,0.3,0.7728571428571435,0.3,0.5,0.16666666666666666,6,20,4,8,0,47.699999999999875,2.5,1.0,posthoc_eval,
realcartest_0_1570,B7-core,63,0.4012738853503185,0,157,62,0,52,0,10,240.0,280.0,520.0,1.0,0.4,0.726666666666668,0.4,0.625,0.25,8,20,5,8,0,65.59999999999968,2.0,1.0,posthoc_eval,
realcartest_0_1570,LATE-AQP-core,63,0.4012738853503185,0,157,57,16,13,1,27,250.0,50.0,300.0,1.0,0.3,0.7748000000000006,0.3,0.625,0.08333333333333333,6,20,5,8,0,56.29999999999984,3.1666666666666665,1.0,strict_replay,
realcartest_0_1570,B6,63,0.4012738853503185,1,157,63,0,63,0,0,630.0,0.0,630.0,0.36363636363636365,0.55,0.16650793650793683,0.55,0.75,0.4166666666666667,11,20,6,8,21,525.0999999999998,0.6363636363636364,1.2727272727272727,posthoc_eval,
realcartest_0_1570,B7,63,0.4012738853503185,1,157,63,0,63,0,0,630.0,0.0,630.0,0.16,0.4,0.21333333333333365,0.4,0.625,0.25,8,20,5,8,21,495.5999999999998,1.625,1.125,posthoc_eval,
realcartest_0_1570,B6-core,63,0.4012738853503185,1,157,28,0,14,0,14,100.0,40.0,140.0,1.0,0.1,0.8140000000000005,0.1,0.25,0.0,2,20,2,8,0,18.59999999999995,4.0,1.0,posthoc_eval,
realcartest_0_1570,B7-core,63,0.4012738853503185,1,157,57,0,45,0,12,280.0,170.0,450.0,1.0,0.35,0.7639285714285722,0.35,0.625,0.16666666666666666,7,20,5,8,0,66.0999999999998,3.0,1.0,posthoc_eval,
realcartest_0_1570,LATE-AQP-core,63,0.4012738853503185,1,157,62,16,19,4,23,230.0,160.0,390.0,1.0,0.4,0.6743478260869576,0.4,0.625,0.25,8,20,5,8,0,74.89999999999975,1.875,1.0,strict_replay,
realcartest_0_1570,B6,63,0.4012738853503185,2,157,63,0,63,0,0,630.0,0.0,630.0,0.36666666666666664,0.65,0.2158730158730164,0.65,0.75,0.5833333333333334,13,20,6,8,19,493.99999999999966,0.8461538461538461,1.1538461538461537,posthoc_eval,
realcartest_0_1570,B7,63,0.4012738853503185,2,157,63,0,63,0,0,630.0,0.0,630.0,0.22727272727272727,0.4,0.3392063492063496,0.4,0.875,0.08333333333333333,8,20,7,8,17,416.2999999999997,2.375,1.0,posthoc_eval,
realcartest_0_1570,B6-core,63,0.4012738853503185,2,157,56,0,30,0,26,220.0,80.0,300.0,1.0,0.3,0.74409090909091,0.3,0.5,0.16666666666666666,6,20,4,8,0,56.299999999999784,2.6666666666666665,1.1666666666666667,posthoc_eval,
realcartest_0_1570,B7-core,63,0.4012738853503185,2,157,63,0,50,0,13,290.0,210.0,500.0,1.0,0.4,0.7400000000000009,0.4,0.625,0.25,8,20,5,8,0,75.39999999999975,2.625,1.0,posthoc_eval,
realcartest_0_1570,LATE-AQP-core,63,0.4012738853503185,2,157,58,16,15,2,25,260.0,70.0,330.0,1.0,0.35,0.7476923076923084,0.35,0.625,0.16666666666666666,7,20,5,8,0,65.5999999999998,2.7142857142857144,1.0,strict_replay,
realcartest_0_1570,B6,63,0.4012738853503185,3,157,63,0,63,0,0,630.0,0.0,630.0,0.3225806451612903,0.45,0.16539682539682574,0.45,0.75,0.25,9,20,6,8,21,525.7999999999997,0.8888888888888888,1.2222222222222223,posthoc_eval,
realcartest_0_1570,B7,63,0.4012738853503185,3,157,63,0,63,0,0,630.0,0.0,630.0,0.21739130434782608,0.4,0.29158730158730195,0.4,0.625,0.25,8,20,5,8,18,446.2999999999998,2.0,1.0,posthoc_eval,
realcartest_0_1570,B6-core,63,0.4012738853503185,3,157,62,0,31,0,31,250.0,60.0,310.0,1.0,0.3,0.7768000000000008,0.3,0.625,0.08333333333333333,6,20,5,8,0,55.799999999999784,3.1666666666666665,1.0,posthoc_eval,
realcartest_0_1570,B7-core,63,0.4012738853503185,3,157,59,0,48,0,11,270.0,210.0,480.0,1.0,0.45,0.7225925925925937,0.45,0.75,0.25,9,20,6,8,0,74.8999999999997,2.0,1.0,posthoc_eval,
realcartest_0_1570,LATE-AQP-core,63,0.4012738853503185,3,157,62,16,15,8,23,230.0,160.0,390.0,1.0,0.5,0.592608695652175,0.5,0.5,0.5,10,20,4,8,0,93.69999999999976,1.3,1.0,strict_replay,
realcartest_0_1570,B6,63,0.4012738853503185,4,157,63,0,63,0,0,630.0,0.0,630.0,0.32,0.4,0.21365079365079404,0.4,0.75,0.16666666666666666,8,20,6,8,17,495.39999999999975,1.625,1.375,posthoc_eval,
realcartest_0_1570,B7,63,0.4012738853503185,4,157,63,0,63,0,0,630.0,0.0,630.0,0.25,0.45,0.24619047619047668,0.45,0.875,0.16666666666666666,9,20,7,8,15,474.8999999999997,1.5555555555555556,1.0,posthoc_eval,
realcartest_0_1570,B6-core,63,0.4012738853503185,4,157,62,0,27,0,35,230.0,40.0,270.0,1.0,0.3,0.7552173913043487,0.3,0.625,0.08333333333333333,6,20,5,8,0,56.299999999999784,2.8333333333333335,1.1666666666666667,posthoc_eval,
realcartest_0_1570,B7-core,63,0.4012738853503185,4,157,52,0,42,0,10,190.0,230.0,420.0,1.0,0.2,0.7989473684210533,0.2,0.375,0.08333333333333333,4,20,3,8,0,38.199999999999875,3.75,1.0,posthoc_eval,
realcartest_0_1570,LATE-AQP-core,63,0.4012738853503185,4,157,61,16,8,5,32,290.0,0.0,290.0,1.0,0.4,0.7720689655172421,0.4,0.75,0.16666666666666666,8,20,6,8,0,66.0999999999998,2.625,1.0,strict_replay,
realcartest_0_1570,B6,78,0.4968152866242038,0,157,78,0,78,0,0,780.0,0.0,780.0,0.2413793103448276,0.4,0.10641025641025656,0.4,0.5,0.3333333333333333,8,20,4,8,22,696.9999999999999,0.75,1.25,posthoc_eval,
realcartest_0_1570,B7,78,0.4968152866242038,0,157,78,0,78,0,0,780.0,0.0,780.0,0.09375,0.3,0.18397435897435918,0.3,0.625,0.08333333333333333,6,20,5,8,29,636.4999999999998,2.1666666666666665,1.0,posthoc_eval,
realcartest_0_1570,B6-core,78,0.4968152866242038,0,157,76,0,47,0,29,290.0,180.0,470.0,1.0,0.45,0.7096551724137943,0.45,0.75,0.25,9,20,6,8,0,84.19999999999965,2.2222222222222223,1.0,posthoc_eval,
realcartest_0_1570,B7-core,78,0.4968152866242038,0,157,74,0,62,0,12,330.0,290.0,620.0,1.0,0.5,0.7151515151515162,0.5,0.875,0.25,10,20,7,8,0,93.99999999999966,2.3,1.0,posthoc_eval,
realcartest_0_1570,LATE-AQP-core,78,0.4968152866242038,0,157,77,20,34,3,20,320.0,250.0,570.0,1.0,0.55,0.6787500000000012,0.55,0.875,0.3333333333333333,11,20,7,8,0,102.79999999999961,1.9090909090909092,1.0,strict_replay,
realcartest_0_1570,B6,78,0.4968152866242038,1,157,78,0,78,0,0,780.0,0.0,780.0,0.2692307692307692,0.55,0.17320512820512854,0.55,0.75,0.4166666666666667,11,20,6,8,19,644.8999999999997,1.0,1.0909090909090908,posthoc_eval,
realcartest_0_1570,B7,78,0.4968152866242038,1,157,78,0,78,0,0,780.0,0.0,780.0,0.16666666666666666,0.5,0.25038461538461576,0.5,0.75,0.3333333333333333,10,20,6,8,20,584.6999999999997,1.9,1.0,posthoc_eval,
realcartest_0_1570,B6-core,78,0.4968152866242038,1,157,54,0,35,0,19,230.0,120.0,350.0,1.0,0.4,0.7126086956521748,0.4,0.625,0.25,8,20,5,8,0,66.0999999999998,1.875,1.0,posthoc_eval,
realcartest_0_1570,B7-core,78,0.4968152866242038,1,157,78,0,68,0,10,260.0,420.0,680.0,1.0,0.45,0.6780769230769245,0.45,0.75,0.25,9,20,6,8,0,83.69999999999965,1.8888888888888888,1.0,posthoc_eval,
realcartest_0_1570,LATE-AQP-core,78,0.4968152866242038,1,157,78,20,31,5,22,320.0,240.0,560.0,1.0,0.55,0.6787500000000012,0.55,0.875,0.3333333333333333,11,20,7,8,0,102.79999999999961,1.9090909090909092,1.0,strict_replay,
realcartest_0_1570,B6,78,0.4968152866242038,2,157,78,0,78,0,0,780.0,0.0,780.0,0.4230769230769231,0.75,0.20089743589743633,0.75,0.875,0.6666666666666666,15,20,7,8,15,623.2999999999997,0.8,1.1333333333333333,posthoc_eval,
realcartest_0_1570,B7,78,0.4968152866242038,2,157,78,0,78,0,0,780.0,0.0,780.0,0.21052631578947367,0.55,0.27756410256410313,0.55,0.875,0.3333333333333333,11,20,7,8,15,563.4999999999995,1.8181818181818181,1.0,posthoc_eval,
realcartest_0_1570,B6-core,78,0.4968152866242038,2,157,67,0,42,0,25,250.0,170.0,420.0,1.0,0.4,0.7004000000000012,0.4,0.625,0.25,8,20,5,8,0,74.8999999999997,2.125,1.0,posthoc_eval,
realcartest_0_1570,B7-core,78,0.4968152866242038,2,157,76,0,65,0,11,330.0,320.0,650.0,1.0,0.55,0.6869696969696981,0.55,0.75,0.4166666666666667,11,20,6,8,0,103.29999999999961,2.0,1.0,posthoc_eval,
realcartest_0_1570,LATE-AQP-core,78,0.4968152866242038,2,157,78,20,31,2,25,330.0,200.0,530.0,1.0,0.6,0.6603030303030316,0.6,0.875,0.4166666666666667,12,20,7,8,0,112.09999999999957,1.75,1.0,strict_replay,
realcartest_0_1570,B6,78,0.4968152866242038,3,157,78,0,78,0,0,780.0,0.0,780.0,0.4444444444444444,0.55,0.1482051282051286,0.55,0.875,0.3333333333333333,11,20,7,8,15,664.3999999999996,0.8181818181818182,1.2727272727272727,posthoc_eval,
realcartest_0_1570,B7,78,0.4968152866242038,3,157,78,0,78,0,0,780.0,0.0,780.0,0.14285714285714285,0.45,0.2510256410256414,0.45,0.75,0.25,9,20,6,8,24,584.1999999999997,2.111111111111111,1.0,posthoc_eval,
realcartest_0_1570,B6-core,78,0.4968152866242038,3,157,60,0,33,0,27,230.0,100.0,330.0,1.0,0.35,0.7169565217391313,0.35,0.625,0.16666666666666666,7,20,5,8,0,65.0999999999998,2.2857142857142856,1.0,posthoc_eval,
realcartest_0_1570,B7-core,78,0.4968152866242038,3,157,78,0,67,0,11,320.0,350.0,670.0,1.0,0.55,0.6771875000000012,0.55,0.875,0.3333333333333333,11,20,7,8,0,103.29999999999961,1.9090909090909092,1.0,posthoc_eval,
realcartest_0_1570,LATE-AQP-core,78,0.4968152866242038,3,157,75,20,13,9,33,300.0,120.0,420.0,1.0,0.65,0.5946666666666679,0.65,0.625,0.6666666666666666,13,20,5,8,0,121.59999999999962,1.3076923076923077,1.0,strict_replay,
realcartest_0_1570,B6,78,0.4968152866242038,4,157,78,0,78,0,0,780.0,0.0,780.0,0.2903225806451613,0.5,0.18717948717948762,0.5,0.875,0.25,10,20,7,8,22,633.9999999999997,1.4,1.3,posthoc_eval,
realcartest_0_1570,B7,78,0.4968152866242038,4,157,78,0,78,0,0,780.0,0.0,780.0,0.2777777777777778,0.55,0.2015384615384621,0.55,0.875,0.3333333333333333,11,20,7,8,13,622.7999999999995,1.3636363636363635,1.0,posthoc_eval,
realcartest_0_1570,B6-core,78,0.4968152866242038,4,157,71,0,42,0,29,240.0,180.0,420.0,1.0,0.4,0.6900000000000011,0.4,0.75,0.16666666666666666,8,20,6,8,0,74.39999999999975,2.0,1.0,posthoc_eval,
realcartest_0_1570,B7-core,78,0.4968152866242038,4,157,70,0,64,0,6,240.0,400.0,640.0,1.0,0.35,0.7287500000000011,0.35,0.625,0.16666666666666666,7,20,5,8,0,65.09999999999974,2.4285714285714284,1.0,posthoc_eval,
realcartest_0_1570,LATE-AQP-core,78,0.4968152866242038,4,157,78,20,11,9,38,360.0,100.0,460.0,1.0,0.65,0.6872222222222234,0.65,1.0,0.4166666666666667,13,20,8,8,0,112.59999999999957,1.7692307692307692,1.0,strict_replay,
realcartest_0_1570,B6,80,0.5095541401273885,0,157,80,0,80,0,0,800.0,0.0,800.0,0.3103448275862069,0.45,0.1171250000000002,0.45,0.5,0.4166666666666667,9,20,4,8,20,706.2999999999998,0.7777777777777778,1.3333333333333333,posthoc_eval,
realcartest_0_1570,B7,80,0.5095541401273885,0,157,80,0,80,0,0,800.0,0.0,800.0,0.12121212121212122,0.35,0.20437500000000022,0.35,0.75,0.08333333333333333,7,20,6,8,29,636.4999999999998,2.0,1.0,posthoc_eval,
realcartest_0_1570,B6-core,80,0.5095541401273885,0,157,74,0,42,0,32,240.0,180.0,420.0,1.0,0.35,0.7287500000000011,0.35,0.625,0.16666666666666666,7,20,5,8,0,65.09999999999974,2.4285714285714284,1.0,posthoc_eval,
realcartest_0_1570,B7-core,80,0.5095541401273885,0,157,79,0,65,0,14,310.0,340.0,650.0,1.0,0.55,0.6667741935483883,0.55,0.875,0.3333333333333333,11,20,7,8,0,103.29999999999961,1.8181818181818181,1.0,posthoc_eval,
realcartest_0_1570,LATE-AQP-core,80,0.5095541401273885,0,157,80,20,36,3,21,330.0,260.0,590.0,1.0,0.6,0.6603030303030316,0.6,0.875,0.4166666666666667,12,20,7,8,0,112.09999999999957,1.75,1.0,strict_replay,
realcartest_0_1570,B6,80,0.5095541401273885,1,157,80,0,80,0,0,800.0,0.0,800.0,0.2916666666666667,0.6,0.16975000000000037,0.6,0.75,0.5,12,20,6,8,17,664.1999999999997,0.9166666666666666,1.0833333333333333,posthoc_eval,
realcartest_0_1570,B7,80,0.5095541401273885,1,157,80,0,80,0,0,800.0,0.0,800.0,0.20833333333333334,0.55,0.24500000000000036,0.55,0.75,0.4166666666666667,11,20,6,8,19,603.9999999999998,1.7272727272727273,1.0,posthoc_eval,
realcartest_0_1570,B6-core,80,0.5095541401273885,1,157,78,0,51,0,27,260.0,250.0,510.0,1.0,0.4,0.7119230769230781,0.4,0.625,0.25,8,20,5,8,0,74.8999999999997,2.25,1.0,posthoc_eval,
realcartest_0_1570,B7-core,80,0.5095541401273885,1,157,71,0,61,0,10,230.0,380.0,610.0,1.0,0.35,0.7169565217391316,0.35,0.625,0.16666666666666666,7,20,5,8,0,65.09999999999974,2.2857142857142856,1.0,posthoc_eval,
realcartest_0_1570,LATE-AQP-core,80,0.5095541401273885,1,157,80,20,34,5,21,320.0,270.0,590.0,1.0,0.55,0.6787500000000012,0.55,0.875,0.3333333333333333,11,20,7,8,0,102.79999999999961,1.9090909090909092,1.0,strict_replay,
realcartest_0_1570,B6,80,0.5095541401273885,2,157,80,0,80,0,0,800.0,0.0,800.0,0.39285714285714285,0.75,0.1958750000000004,0.75,0.875,0.6666666666666666,15,20,7,8,17,643.2999999999997,0.8,1.1333333333333333,posthoc_eval,
realcartest_0_1570,B7,80,0.5095541401273885,2,157,80,0,80,0,0,800.0,0.0,800.0,0.25,0.6,0.27150000000000063,0.6,0.875,0.4166666666666667,12,20,7,8,15,582.7999999999995,1.6666666666666667,1.0,posthoc_eval,
realcartest_0_1570,B6-core,80,0.5095541401273885,2,157,64,0,46,0,18,170.0,290.0,460.0,1.0,0.25,0.7235294117647072,0.25,0.5,0.08333333333333333,5,20,4,8,0,46.99999999999977,2.4,1.0,posthoc_eval,
realcartest_0_1570,B7-core,80,0.5095541401273885,2,157,77,0,68,0,9,330.0,350.0,680.0,1.0,0.55,0.6869696969696981,0.55,0.75,0.4166666666666667,11,20,6,8,0,103.29999999999961,2.0,1.0,posthoc_eval,
realcartest_0_1570,LATE-AQP-core,80,0.5095541401273885,2,157,80,20,33,2,25,330.0,220.0,550.0,1.0,0.6,0.6603030303030316,0.6,0.875,0.4166666666666667,12,20,7,8,0,112.09999999999957,1.75,1.0,strict_replay,
realcartest_0_1570,B6,80,0.5095541401273885,3,157,80,0,80,0,0,800.0,0.0,800.0,0.4074074074074074,0.55,0.14450000000000038,0.55,0.875,0.3333333333333333,11,20,7,8,16,684.3999999999996,0.8181818181818182,1.2727272727272727,posthoc_eval,
realcartest_0_1570,B7,80,0.5095541401273885,3,157,80,0,80,0,0,800.0,0.0,800.0,0.14285714285714285,0.45,0.24475000000000036,0.45,0.75,0.25,9,20,6,8,24,604.1999999999997,2.111111111111111,1.0,posthoc_eval,
realcartest_0_1570,B6-core,80,0.5095541401273885,3,157,62,0,37,0,25,220.0,150.0,370.0,1.0,0.3,0.7463636363636373,0.3,0.5,0.16666666666666666,6,20,4,8,0,55.799999999999784,2.6666666666666665,1.0,posthoc_eval,
realcartest_0_1570,B7-core,80,0.5095541401273885,3,157,68,0,61,0,7,280.0,330.0,610.0,1.0,0.4,0.7325000000000012,0.4,0.75,0.16666666666666666,8,20,6,8,0,74.8999999999997,2.5,1.0,posthoc_eval,
realcartest_0_1570,LATE-AQP-core,80,0.5095541401273885,3,157,67,20,10,9,28,290.0,100.0,390.0,1.0,0.6,0.6127586206896565,0.6,0.625,0.5833333333333334,12,20,5,8,0,112.29999999999961,1.4166666666666667,1.0,strict_replay,
realcartest_0_1570,B6,80,0.5095541401273885,4,157,80,0,80,0,0,800.0,0.0,800.0,0.3,0.5,0.18250000000000044,0.5,0.875,0.25,10,20,7,8,21,653.9999999999997,1.4,1.3,posthoc_eval,
realcartest_0_1570,B7,80,0.5095541401273885,4,157,80,0,80,0,0,800.0,0.0,800.0,0.2777777777777778,0.6,0.1973750000000006,0.6,0.875,0.4166666666666667,12,20,7,8,13,642.0999999999995,1.25,1.0,posthoc_eval,
realcartest_0_1570,B6-core,80,0.5095541401273885,4,157,67,0,44,0,23,220.0,220.0,440.0,1.0,0.45,0.6150000000000017,0.45,0.625,0.3333333333333333,9,20,5,8,0,84.69999999999965,1.4444444444444444,1.0,posthoc_eval,
realcartest_0_1570,B7-core,80,0.5095541401273885,4,157,72,0,59,0,13,270.0,320.0,590.0,1.0,0.5,0.6511111111111118,0.5,0.625,0.4166666666666667,10,20,5,8,0,94.19999999999982,1.7,1.0,posthoc_eval,
realcartest_0_1570,LATE-AQP-core,80,0.5095541401273885,4,157,80,20,25,9,26,360.0,180.0,540.0,1.0,0.65,0.6872222222222234,0.65,1.0,0.4166666666666667,13,20,8,8,0,112.59999999999957,1.7692307692307692,1.0,strict_replay,
realcartest_0_1570,B6,100,0.6369426751592356,0,157,100,0,100,0,0,1000.0,0.0,1000.0,0.3939393939393939,0.6,0.1260000000000003,0.6,0.75,0.5,12,20,6,8,20,873.9999999999997,0.9166666666666666,1.3333333333333333,posthoc_eval,
realcartest_0_1570,B7,100,0.6369426751592356,0,157,100,0,100,0,0,1000.0,0.0,1000.0,0.0967741935483871,0.45,0.22530000000000025,0.45,0.75,0.25,9,20,6,8,28,774.6999999999998,2.4444444444444446,1.0,posthoc_eval,
realcartest_0_1570,B6-core,100,0.6369426751592356,0,157,89,0,50,0,39,250.0,250.0,500.0,1.0,0.45,0.7024000000000012,0.45,0.625,0.3333333333333333,9,20,5,8,0,74.3999999999997,1.7777777777777777,1.0,posthoc_eval,
realcartest_0_1570,B7-core,100,0.6369426751592356,0,157,96,0,85,0,11,350.0,500.0,850.0,1.0,0.65,0.6497142857142868,0.65,0.75,0.5833333333333334,13,20,6,8,0,122.59999999999962,1.6923076923076923,1.0,posthoc_eval,
realcartest_0_1570,LATE-AQP-core,100,0.6369426751592356,0,157,98,25,46,5,22,400.0,360.0,760.0,1.0,0.8,0.6255000000000014,0.8,1.0,0.6666666666666666,16,20,8,8,0,149.79999999999944,1.5,1.0,strict_replay,
realcartest_0_1570,B6,100,0.6369426751592356,1,157,100,0,100,0,0,1000.0,0.0,1000.0,0.2727272727272727,0.7,0.1572000000000004,0.7,0.875,0.5833333333333334,14,20,7,8,16,842.7999999999996,0.9285714285714286,1.0714285714285714,posthoc_eval,
realcartest_0_1570,B7,100,0.6369426751592356,1,157,100,0,100,0,0,1000.0,0.0,1000.0,0.3,0.75,0.23880000000000046,0.75,0.875,0.6666666666666666,15,20,7,8,14,761.1999999999996,1.5333333333333334,1.0,posthoc_eval,
realcartest_0_1570,B6-core,100,0.6369426751592356,1,157,100,0,64,0,36,290.0,350.0,640.0,1.0,0.45,0.7096551724137943,0.45,0.75,0.25,9,20,6,8,0,84.19999999999965,2.2222222222222223,1.0,posthoc_eval,
realcartest_0_1570,B7-core,100,0.6369426751592356,1,157,87,0,78,0,9,350.0,430.0,780.0,1.0,0.65,0.6782857142857157,0.65,0.875,0.5,13,20,7,8,0,112.59999999999951,1.6923076923076923,1.0,posthoc_eval,
realcartest_0_1570,LATE-AQP-core,100,0.6369426751592356,1,157,98,25,52,7,14,390.0,450.0,840.0,1.0,0.75,0.6397435897435912,0.75,1.0,0.5833333333333334,15,20,8,8,0,140.49999999999943,1.6,1.0,strict_replay,
realcartest_0_1570,B6,100,0.6369426751592356,2,157,100,0,100,0,0,1000.0,0.0,1000.0,0.46153846153846156,0.8,0.17810000000000042,0.8,1.0,0.6666666666666666,16,20,8,8,14,821.8999999999996,0.9375,1.125,posthoc_eval,
realcartest_0_1570,B7,100,0.6369426751592356,2,157,100,0,100,0,0,1000.0,0.0,1000.0,0.2,0.7,0.22860000000000058,0.7,1.0,0.5,14,20,8,8,16,771.3999999999994,1.5,1.0,posthoc_eval,
realcartest_0_1570,B6-core,100,0.6369426751592356,2,157,75,0,55,0,20,310.0,240.0,550.0,1.0,0.45,0.726774193548388,0.45,0.875,0.16666666666666666,9,20,7,8,0,84.6999999999997,2.4444444444444446,1.1111111111111112,posthoc_eval,
realcartest_0_1570,B7-core,100,0.6369426751592356,2,157,97,0,84,0,13,330.0,510.0,840.0,1.0,0.6,0.6603030303030316,0.6,0.875,0.4166666666666667,12,20,7,8,0,112.09999999999957,1.75,1.0,posthoc_eval,
realcartest_0_1570,LATE-AQP-core,100,0.6369426751592356,2,157,100,25,52,6,17,400.0,430.0,830.0,1.0,0.8,0.6255000000000015,0.8,1.0,0.6666666666666666,16,20,8,8,0,149.7999999999994,1.5,1.0,strict_replay,
realcartest_0_1570,B6,100,0.6369426751592356,3,157,100,0,100,0,0,1000.0,0.0,1000.0,0.3181818181818182,0.65,0.1765000000000004,0.65,0.875,0.5,13,20,7,8,15,823.4999999999995,1.1538461538461537,1.0769230769230769,posthoc_eval,
realcartest_0_1570,B7,100,0.6369426751592356,3,157,100,0,100,0,0,1000.0,0.0,1000.0,0.13793103448275862,0.55,0.20720000000000038,0.55,0.875,0.3333333333333333,11,20,7,8,25,792.7999999999996,1.8181818181818181,1.0,posthoc_eval,
realcartest_0_1570,B6-core,100,0.6369426751592356,3,157,84,0,57,0,27,270.0,300.0,570.0,1.0,0.55,0.6537037037037053,0.55,0.875,0.3333333333333333,11,20,7,8,0,93.49999999999955,1.4545454545454546,1.0,posthoc_eval,
realcartest_0_1570,B7-core,100,0.6369426751592356,3,157,99,0,85,0,14,350.0,500.0,850.0,1.0,0.7,0.6231428571428583,0.7,0.875,0.5833333333333334,14,20,7,8,0,131.89999999999958,1.5,1.0,posthoc_eval,
realcartest_0_1570,LATE-AQP-core,100,0.6369426751592356,3,157,97,25,44,8,20,420.0,350.0,770.0,1.0,0.9,0.5973809523809538,0.9,1.0,0.8333333333333334,18,20,8,8,0,169.0999999999994,1.3333333333333333,1.0,strict_replay,
realcartest_0_1570,B6,100,0.6369426751592356,4,157,100,0,100,0,0,1000.0,0.0,1000.0,0.2857142857142857,0.55,0.15650000000000033,0.55,0.875,0.3333333333333333,11,20,7,8,20,843.4999999999997,1.3636363636363635,1.2727272727272727,posthoc_eval,
realcartest_0_1570,B7,100,0.6369426751592356,4,157,100,0,100,0,0,1000.0,0.0,1000.0,0.1111111111111111,0.65,0.20860000000000048,0.65,0.875,0.5,13,20,7,8,16,791.3999999999995,1.5384615384615385,1.0,posthoc_eval,
realcartest_0_1570,B6-core,100,0.6369426751592356,4,157,75,0,37,0,38,250.0,120.0,370.0,1.0,0.45,0.6632000000000012,0.45,0.625,0.3333333333333333,9,20,5,8,0,84.1999999999997,1.7777777777777777,1.1111111111111112,posthoc_eval,
realcartest_0_1570,B7-core,100,0.6369426751592356,4,157,92,0,81,0,11,330.0,480.0,810.0,1.0,0.55,0.6869696969696981,0.55,0.75,0.4166666666666667,11,20,6,8,0,103.29999999999961,2.0,1.0,posthoc_eval,
realcartest_0_1570,LATE-AQP-core,100,0.6369426751592356,4,157,100,25,46,8,21,390.0,400.0,790.0,1.0,0.75,0.6397435897435912,0.75,1.0,0.5833333333333334,15,20,8,8,0,140.49999999999943,1.6,1.0,strict_replay,
realcartest_0_1570,B6,118,0.7515923566878981,0,157,118,0,118,0,0,1180.0,0.0,1180.0,0.45,0.8,0.16000000000000034,0.8,0.875,0.75,16,20,7,8,11,991.1999999999996,1.0625,1.125,posthoc_eval,
realcartest_0_1570,B7,118,0.7515923566878981,0,157,118,0,118,0,0,1180.0,0.0,1180.0,0.17391304347826086,0.7,0.20177966101694947,0.7,0.875,0.5833333333333334,14,20,7,8,19,941.8999999999996,1.6428571428571428,1.0,posthoc_eval,
realcartest_0_1570,B6-core,118,0.7515923566878981,0,157,111,0,73,0,38,310.0,420.0,730.0,1.0,0.8,0.5145161290322599,0.8,0.875,0.75,16,20,7,8,0,150.49999999999943,0.9375,1.0,posthoc_eval,
realcartest_0_1570,B7-core,118,0.7515923566878981,0,157,116,0,107,0,9,400.0,670.0,1070.0,1.0,0.8,0.6237500000000012,0.8,1.0,0.6666666666666666,16,20,8,8,0,150.4999999999995,1.5,1.0,posthoc_eval,
realcartest_0_1570,LATE-AQP-core,118,0.7515923566878981,0,157,118,30,59,6,23,410.0,540.0,950.0,1.0,0.85,0.6119512195121966,0.85,1.0,0.75,17,20,8,8,0,159.0999999999994,1.411764705882353,1.0,strict_replay,
realcartest_0_1570,B6,118,0.7515923566878981,1,157,118,0,118,0,0,1180.0,0.0,1180.0,0.34782608695652173,0.8,0.15152542372881395,0.8,0.875,0.75,16,20,7,8,15,1001.1999999999996,1.0,1.125,posthoc_eval,
realcartest_0_1570,B7,118,0.7515923566878981,1,157,118,0,118,0,0,1180.0,0.0,1180.0,0.35294117647058826,0.8,0.2029661016949157,0.8,0.875,0.75,16,20,7,8,11,940.4999999999995,1.4375,1.0,posthoc_eval,
realcartest_0_1570,B6-core,118,0.7515923566878981,1,157,110,0,86,0,24,310.0,550.0,860.0,1.0,0.55,0.6661290322580654,0.55,0.75,0.4166666666666667,11,20,6,8,0,103.49999999999972,1.8181818181818181,1.0,posthoc_eval,
realcartest_0_1570,B7-core,118,0.7515923566878981,1,157,117,0,98,0,19,390.0,590.0,980.0,1.0,0.85,0.6141025641025654,0.85,1.0,0.75,17,20,8,8,0,150.4999999999995,1.2941176470588236,1.0,posthoc_eval,
realcartest_0_1570,LATE-AQP-core,118,0.7515923566878981,1,157,116,30,69,7,10,400.0,660.0,1060.0,1.0,0.8,0.6255000000000015,0.8,1.0,0.6666666666666666,16,20,8,8,0,149.7999999999994,1.5,1.0,strict_replay,
realcartest_0_1570,B6,118,0.7515923566878981,2,157,118,0,118,0,0,1180.0,0.0,1180.0,0.42857142857142855,0.8,0.18542372881355967,0.8,1.0,0.6666666666666666,16,20,8,8,12,961.1999999999996,1.25,1.125,posthoc_eval,
realcartest_0_1570,B7,118,0.7515923566878981,2,157,118,0,118,0,0,1180.0,0.0,1180.0,0.2,0.8,0.2118644067796615,0.8,1.0,0.6666666666666666,16,20,8,8,16,929.9999999999994,1.5,1.0,posthoc_eval,
realcartest_0_1570,B6-core,118,0.7515923566878981,2,157,99,0,77,0,22,320.0,450.0,770.0,1.0,0.65,0.616875000000001,0.65,0.75,0.5833333333333334,13,20,6,8,0,122.59999999999968,1.4615384615384615,1.0,posthoc_eval,
realcartest_0_1570,B7-core,118,0.7515923566878981,2,157,115,0,105,0,10,380.0,670.0,1050.0,1.0,0.7,0.6547368421052645,0.7,1.0,0.5,14,20,8,8,0,131.19999999999948,1.7142857142857142,1.0,posthoc_eval,
realcartest_0_1570,LATE-AQP-core,118,0.7515923566878981,2,157,118,30,71,5,12,400.0,660.0,1060.0,1.0,0.8,0.6255000000000015,0.8,1.0,0.6666666666666666,16,20,8,8,0,149.7999999999994,1.5,1.0,strict_replay,
realcartest_0_1570,B6,118,0.7515923566878981,3,157,118,0,118,0,0,1180.0,0.0,1180.0,0.35,0.8,0.17635593220339024,0.8,1.0,0.6666666666666666,16,20,8,8,13,971.8999999999995,1.125,1.0625,posthoc_eval,
realcartest_0_1570,B7,118,0.7515923566878981,3,157,118,0,118,0,0,1180.0,0.0,1180.0,0.13636363636363635,0.7,0.2108474576271191,0.7,1.0,0.5,14,20,8,8,19,931.1999999999995,1.7142857142857142,1.0,posthoc_eval,
realcartest_0_1570,B6-core,118,0.7515923566878981,3,157,116,0,84,0,32,380.0,460.0,840.0,1.0,0.75,0.6302631578947382,0.75,1.0,0.5833333333333334,15,20,8,8,0,140.4999999999995,1.5333333333333334,1.0,posthoc_eval,
realcartest_0_1570,B7-core,118,0.7515923566878981,3,157,118,0,107,0,11,380.0,690.0,1070.0,1.0,0.7,0.6528947368421065,0.7,1.0,0.5,14,20,8,8,0,131.89999999999952,1.7142857142857142,1.0,posthoc_eval,
realcartest_0_1570,LATE-AQP-core,118,0.7515923566878981,3,157,118,30,54,11,23,430.0,520.0,950.0,1.0,0.95,0.5851162790697689,0.95,1.0,0.9166666666666666,19,20,8,8,0,178.39999999999935,1.263157894736842,1.0,strict_replay,
realcartest_0_1570,B6,118,0.7515923566878981,4,157,118,0,118,0,0,1180.0,0.0,1180.0,0.3333333333333333,0.7,0.1594067796610173,0.7,0.875,0.5833333333333334,14,20,7,8,16,991.8999999999996,1.2857142857142858,1.2142857142857142,posthoc_eval,
realcartest_0_1570,B7,118,0.7515923566878981,4,157,118,0,118,0,0,1180.0,0.0,1180.0,0.14285714285714285,0.8,0.203389830508475,0.8,1.0,0.6666666666666666,16,20,8,8,18,939.9999999999995,1.4375,1.0,posthoc_eval,
realcartest_0_1570,B6-core,118,0.7515923566878981,4,157,106,0,80,0,26,260.0,540.0,800.0,1.0,0.6,0.6019230769230782,0.6,0.625,0.5833333333333334,12,20,5,8,0,103.49999999999966,1.1666666666666667,1.0,posthoc_eval,
realcartest_0_1570,B7-core,118,0.7515923566878981,4,157,118,0,101,0,17,390.0,620.0,1010.0,1.0,0.75,0.6379487179487191,0.75,1.0,0.5833333333333334,15,20,8,8,0,141.19999999999953,1.6,1.0,posthoc_eval,
realcartest_0_1570,LATE-AQP-core,118,0.7515923566878981,4,157,118,30,61,11,16,410.0,610.0,1020.0,1.0,0.85,0.6119512195121966,0.85,1.0,0.75,17,20,8,8,0,159.0999999999994,1.411764705882353,1.0,strict_replay,
realcartest_0_1570,B6,120,0.7643312101910829,0,157,120,0,120,0,0,1200.0,0.0,1200.0,0.5,0.8,0.15733333333333369,0.8,0.875,0.75,16,20,7,8,9,1011.1999999999996,1.0625,1.125,posthoc_eval,
realcartest_0_1570,B7,120,0.7643312101910829,0,157,120,0,120,0,0,1200.0,0.0,1200.0,0.14285714285714285,0.7,0.19841666666666696,0.7,0.875,0.5833333333333334,14,20,7,8,18,961.8999999999996,1.6428571428571428,1.0,posthoc_eval,
realcartest_0_1570,B6-core,120,0.7643312101910829,0,157,109,0,89,0,20,340.0,550.0,890.0,1.0,0.7,0.6120588235294129,0.7,0.875,0.5833333333333334,14,20,7,8,0,131.89999999999964,1.4285714285714286,1.0,posthoc_eval,
realcartest_0_1570,B7-core,120,0.7643312101910829,0,157,120,0,114,0,6,390.0,750.0,1140.0,1.0,0.75,0.6397435897435912,0.75,1.0,0.5833333333333334,15,20,8,8,0,140.49999999999943,1.6,1.0,posthoc_eval,
realcartest_0_1570,LATE-AQP-core,120,0.7643312101910829,0,157,120,30,68,6,16,410.0,630.0,1040.0,1.0,0.85,0.6119512195121966,0.85,1.0,0.75,17,20,8,8,0,159.0999999999994,1.411764705882353,1.0,strict_replay,
realcartest_0_1570,B6,120,0.7643312101910829,1,157,120,0,120,0,0,1200.0,0.0,1200.0,0.3181818181818182,0.8,0.14900000000000038,0.8,0.875,0.75,16,20,7,8,15,1021.1999999999996,1.0,1.125,posthoc_eval,
realcartest_0_1570,B7,120,0.7643312101910829,1,157,120,0,120,0,0,1200.0,0.0,1200.0,0.35294117647058826,0.8,0.19958333333333375,0.8,0.875,0.75,16,20,7,8,11,960.4999999999995,1.4375,1.0,posthoc_eval,
realcartest_0_1570,B6-core,120,0.7643312101910829,1,157,111,0,69,0,42,330.0,360.0,690.0,1.0,0.6,0.6581818181818193,0.6,0.875,0.4166666666666667,12,20,7,8,0,112.79999999999961,1.75,1.0,posthoc_eval,
realcartest_0_1570,B7-core,120,0.7643312101910829,1,157,119,0,103,0,16,390.0,640.0,1030.0,1.0,0.75,0.6392307692307704,0.75,1.0,0.5833333333333334,15,20,8,8,0,140.69999999999953,1.6,1.0,posthoc_eval,
realcartest_0_1570,LATE-AQP-core,120,0.7643312101910829,1,157,120,30,73,7,10,400.0,700.0,1100.0,1.0,0.8,0.6255000000000015,0.8,1.0,0.6666666666666666,16,20,8,8,0,149.7999999999994,1.5,1.0,strict_replay,
realcartest_0_1570,B6,120,0.7643312101910829,2,157,120,0,120,0,0,1200.0,0.0,1200.0,0.47368421052631576,0.85,0.1835000000000004,0.85,1.0,0.75,17,20,8,8,10,979.7999999999995,1.2352941176470589,1.1176470588235294,posthoc_eval,
realcartest_0_1570,B7,120,0.7643312101910829,2,157,120,0,120,0,0,1200.0,0.0,1200.0,0.19047619047619047,0.8,0.20833333333333381,0.8,1.0,0.6666666666666666,16,20,8,8,17,949.9999999999994,1.5,1.0,posthoc_eval,
realcartest_0_1570,B6-core,120,0.7643312101910829,2,157,113,0,93,0,20,380.0,550.0,930.0,1.0,0.7,0.6560526315789489,0.7,1.0,0.5,14,20,8,8,0,130.69999999999942,1.7142857142857142,1.0,posthoc_eval,
realcartest_0_1570,B7-core,120,0.7643312101910829,2,157,116,0,103,0,13,390.0,640.0,1030.0,1.0,0.75,0.6379487179487191,0.75,1.0,0.5833333333333334,15,20,8,8,0,141.19999999999953,1.6,1.0,posthoc_eval,
realcartest_0_1570,LATE-AQP-core,120,0.7643312101910829,2,157,120,30,73,5,12,400.0,680.0,1080.0,1.0,0.8,0.6255000000000015,0.8,1.0,0.6666666666666666,16,20,8,8,0,149.7999999999994,1.5,1.0,strict_replay,
realcartest_0_1570,B6,120,0.7643312101910829,3,157,120,0,120,0,0,1200.0,0.0,1200.0,0.3333333333333333,0.8,0.17341666666666705,0.8,1.0,0.6666666666666666,16,20,8,8,14,991.8999999999995,1.125,1.0625,posthoc_eval,
realcartest_0_1570,B7,120,0.7643312101910829,3,157,120,0,120,0,0,1200.0,0.0,1200.0,0.18181818181818182,0.75,0.20791666666666708,0.75,1.0,0.5833333333333334,15,20,8,8,18,950.4999999999995,1.6,1.0,posthoc_eval,
realcartest_0_1570,B6-core,120,0.7643312101910829,3,157,115,0,82,0,33,330.0,490.0,820.0,1.0,0.6,0.6581818181818193,0.6,0.875,0.4166666666666667,12,20,7,8,0,112.79999999999961,1.75,1.0,posthoc_eval,
realcartest_0_1570,B7-core,120,0.7643312101910829,3,157,114,0,105,0,9,350.0,700.0,1050.0,1.0,0.6,0.6762857142857153,0.6,0.875,0.4166666666666667,12,20,7,8,0,113.29999999999967,1.9166666666666667,1.0,posthoc_eval,
realcartest_0_1570,LATE-AQP-core,120,0.7643312101910829,3,157,120,30,56,11,23,430.0,540.0,970.0,1.0,0.95,0.5851162790697689,0.95,1.0,0.9166666666666666,19,20,8,8,0,178.39999999999935,1.263157894736842,1.0,strict_replay,
realcartest_0_1570,B6,120,0.7643312101910829,4,157,120,0,120,0,0,1200.0,0.0,1200.0,0.34782608695652173,0.7,0.15675000000000036,0.7,0.875,0.5833333333333334,14,20,7,8,15,1011.8999999999996,1.2857142857142858,1.2142857142857142,posthoc_eval,
realcartest_0_1570,B7,120,0.7643312101910829,4,157,120,0,120,0,0,1200.0,0.0,1200.0,0.15,0.8,0.20000000000000043,0.8,1.0,0.6666666666666666,16,20,8,8,17,959.9999999999995,1.4375,1.0,posthoc_eval,
realcartest_0_1570,B6-core,120,0.7643312101910829,4,157,113,0,89,0,24,390.0,500.0,890.0,1.0,0.75,0.6397435897435912,0.75,1.0,0.5833333333333334,15,20,8,8,0,140.49999999999943,1.6,1.0,posthoc_eval,
realcartest_0_1570,B7-core,120,0.7643312101910829,4,157,118,0,108,0,10,390.0,690.0,1080.0,1.0,0.75,0.6397435897435912,0.75,1.0,0.5833333333333334,15,20,8,8,0,140.49999999999943,1.6,1.0,posthoc_eval,
realcartest_0_1570,LATE-AQP-core,120,0.7643312101910829,4,157,120,30,63,11,16,410.0,630.0,1040.0,1.0,0.85,0.6119512195121966,0.85,1.0,0.75,17,20,8,8,0,159.0999999999994,1.411764705882353,1.0,strict_replay,
realcartest_0_1570,B6,157,1.0,0,157,157,0,157,0,0,1570.0,0.0,1570.0,1.0,1.0,0.16070063694267556,1.0,1.0,1.0,20,20,8,8,0,1317.6999999999994,1.2,1.0,posthoc_eval,close_to_full_sweep
realcartest_0_1570,B7,157,1.0,0,157,157,0,157,0,0,1570.0,0.0,1570.0,1.0,1.0,0.16070063694267556,1.0,1.0,1.0,20,20,8,8,0,1317.6999999999994,1.2,1.0,posthoc_eval,close_to_full_sweep
realcartest_0_1570,B6-core,157,1.0,0,157,157,0,157,0,0,440.0,1130.0,1570.0,1.0,1.0,0.5734090909090923,1.0,1.0,1.0,20,20,8,8,0,187.69999999999936,1.2,1.0,posthoc_eval,close_to_full_sweep
realcartest_0_1570,B7-core,157,1.0,0,157,157,0,157,0,0,440.0,1130.0,1570.0,1.0,1.0,0.5734090909090923,1.0,1.0,1.0,20,20,8,8,0,187.69999999999936,1.2,1.0,posthoc_eval,close_to_full_sweep
realcartest_0_1570,LATE-AQP-core,157,1.0,0,157,157,39,109,9,0,440.0,1130.0,1570.0,1.0,1.0,0.5734090909090923,1.0,1.0,1.0,20,20,8,8,0,187.69999999999936,1.2,1.0,strict_replay,close_to_full_sweep
realcartest_0_1570,B6,157,1.0,1,157,157,0,157,0,0,1570.0,0.0,1570.0,1.0,1.0,0.16070063694267556,1.0,1.0,1.0,20,20,8,8,0,1317.6999999999994,1.2,1.0,posthoc_eval,close_to_full_sweep
realcartest_0_1570,B7,157,1.0,1,157,157,0,157,0,0,1570.0,0.0,1570.0,1.0,1.0,0.16070063694267556,1.0,1.0,1.0,20,20,8,8,0,1317.6999999999994,1.2,1.0,posthoc_eval,close_to_full_sweep
realcartest_0_1570,B6-core,157,1.0,1,157,157,0,157,0,0,440.0,1130.0,1570.0,1.0,1.0,0.5734090909090923,1.0,1.0,1.0,20,20,8,8,0,187.69999999999936,1.2,1.0,posthoc_eval,close_to_full_sweep
realcartest_0_1570,B7-core,157,1.0,1,157,157,0,157,0,0,440.0,1130.0,1570.0,1.0,1.0,0.5734090909090923,1.0,1.0,1.0,20,20,8,8,0,187.69999999999936,1.2,1.0,posthoc_eval,close_to_full_sweep
realcartest_0_1570,LATE-AQP-core,157,1.0,1,157,157,39,107,11,0,440.0,1130.0,1570.0,1.0,1.0,0.5734090909090923,1.0,1.0,1.0,20,20,8,8,0,187.69999999999936,1.2,1.0,strict_replay,close_to_full_sweep
realcartest_0_1570,B6,157,1.0,2,157,157,0,157,0,0,1570.0,0.0,1570.0,1.0,1.0,0.16070063694267556,1.0,1.0,1.0,20,20,8,8,0,1317.6999999999994,1.2,1.0,posthoc_eval,close_to_full_sweep
realcartest_0_1570,B7,157,1.0,2,157,157,0,157,0,0,1570.0,0.0,1570.0,1.0,1.0,0.16070063694267556,1.0,1.0,1.0,20,20,8,8,0,1317.6999999999994,1.2,1.0,posthoc_eval,close_to_full_sweep
realcartest_0_1570,B6-core,157,1.0,2,157,157,0,157,0,0,440.0,1130.0,1570.0,1.0,1.0,0.5734090909090923,1.0,1.0,1.0,20,20,8,8,0,187.69999999999936,1.2,1.0,posthoc_eval,close_to_full_sweep
realcartest_0_1570,B7-core,157,1.0,2,157,157,0,157,0,0,440.0,1130.0,1570.0,1.0,1.0,0.5734090909090923,1.0,1.0,1.0,20,20,8,8,0,187.69999999999936,1.2,1.0,posthoc_eval,close_to_full_sweep
realcartest_0_1570,LATE-AQP-core,157,1.0,2,157,157,39,106,12,0,440.0,1130.0,1570.0,1.0,1.0,0.5734090909090923,1.0,1.0,1.0,20,20,8,8,0,187.69999999999936,1.2,1.0,strict_replay,close_to_full_sweep
realcartest_0_1570,B6,157,1.0,3,157,157,0,157,0,0,1570.0,0.0,1570.0,1.0,1.0,0.16070063694267556,1.0,1.0,1.0,20,20,8,8,0,1317.6999999999994,1.2,1.0,posthoc_eval,close_to_full_sweep
realcartest_0_1570,B7,157,1.0,3,157,157,0,157,0,0,1570.0,0.0,1570.0,1.0,1.0,0.16070063694267556,1.0,1.0,1.0,20,20,8,8,0,1317.6999999999994,1.2,1.0,posthoc_eval,close_to_full_sweep
realcartest_0_1570,B6-core,157,1.0,3,157,157,0,157,0,0,440.0,1130.0,1570.0,1.0,1.0,0.5734090909090923,1.0,1.0,1.0,20,20,8,8,0,187.69999999999936,1.2,1.0,posthoc_eval,close_to_full_sweep
realcartest_0_1570,B7-core,157,1.0,3,157,157,0,157,0,0,440.0,1130.0,1570.0,1.0,1.0,0.5734090909090923,1.0,1.0,1.0,20,20,8,8,0,187.69999999999936,1.2,1.0,posthoc_eval,close_to_full_sweep
realcartest_0_1570,LATE-AQP-core,157,1.0,3,157,157,39,106,12,0,440.0,1130.0,1570.0,1.0,1.0,0.5734090909090923,1.0,1.0,1.0,20,20,8,8,0,187.69999999999936,1.2,1.0,strict_replay,close_to_full_sweep
realcartest_0_1570,B6,157,1.0,4,157,157,0,157,0,0,1570.0,0.0,1570.0,1.0,1.0,0.16070063694267556,1.0,1.0,1.0,20,20,8,8,0,1317.6999999999994,1.2,1.0,posthoc_eval,close_to_full_sweep
realcartest_0_1570,B7,157,1.0,4,157,157,0,157,0,0,1570.0,0.0,1570.0,1.0,1.0,0.16070063694267556,1.0,1.0,1.0,20,20,8,8,0,1317.6999999999994,1.2,1.0,posthoc_eval,close_to_full_sweep
realcartest_0_1570,B6-core,157,1.0,4,157,157,0,157,0,0,440.0,1130.0,1570.0,1.0,1.0,0.5734090909090923,1.0,1.0,1.0,20,20,8,8,0,187.69999999999936,1.2,1.0,posthoc_eval,close_to_full_sweep
realcartest_0_1570,B7-core,157,1.0,4,157,157,0,157,0,0,440.0,1130.0,1570.0,1.0,1.0,0.5734090909090923,1.0,1.0,1.0,20,20,8,8,0,187.69999999999936,1.2,1.0,posthoc_eval,close_to_full_sweep
realcartest_0_1570,LATE-AQP-core,157,1.0,4,157,157,39,108,10,0,440.0,1130.0,1570.0,1.0,1.0,0.5734090909090923,1.0,1.0,1.0,20,20,8,8,0,187.69999999999936,1.2,1.0,strict_replay,close_to_full_sweep
realcartest_2000_3200,B6,5,0.041666666666666664,0,120,5,0,5,0,0,50.0,0.0,50.0,0.5,0.1,0.21400000000000005,0.1,0.16666666666666666,0.07142857142857142,2,20,1,6,2,39.3,0.0,1.0,posthoc_eval,
realcartest_2000_3200,B7,5,0.041666666666666664,0,120,5,0,5,0,0,50.0,0.0,50.0,1.0,0.1,0.028000000000000115,0.1,0.0,0.14285714285714285,2,20,0,6,0,48.599999999999994,0.0,1.0,posthoc_eval,
realcartest_2000_3200,B6-core,5,0.041666666666666664,0,120,5,0,5,0,0,20.0,30.0,50.0,1.0,0.1,0.5350000000000001,0.1,0.16666666666666666,0.07142857142857142,2,20,1,6,0,9.299999999999997,0.0,1.0,posthoc_eval,
realcartest_2000_3200,B7-core,5,0.041666666666666664,0,120,4,0,2,0,2,10.0,10.0,20.0,1.0,0.05,0.07000000000000454,0.05,0.0,0.07142857142857142,1,20,0,6,0,9.299999999999955,0.0,1.0,posthoc_eval,
realcartest_2000_3200,LATE-AQP-core,5,0.041666666666666664,0,120,5,1,0,0,4,50.0,0.0,50.0,1.0,0.05,0.814000000000001,0.05,0.16666666666666666,0.0,1,20,1,6,0,9.299999999999955,4.0,1.0,strict_replay,
realcartest_2000_3200,B6,5,0.041666666666666664,1,120,5,0,5,0,0,50.0,0.0,50.0,0.4,0.1,0.21400000000000005,0.1,0.3333333333333333,0.0,2,20,2,6,3,39.3,0.0,1.0,posthoc_eval,
realcartest_2000_3200,B7,5,0.041666666666666664,1,120,5,0,5,0,0,50.0,0.0,50.0,0.3333333333333333,0.05,0.2140000000000009,0.05,0.16666666666666666,0.0,1,20,1,6,2,39.299999999999955,1.0,1.0,posthoc_eval,
realcartest_2000_3200,B6-core,5,0.041666666666666664,1,120,5,0,5,0,0,20.0,30.0,50.0,1.0,0.1,0.5350000000000001,0.1,0.3333333333333333,0.0,2,20,2,6,0,9.299999999999997,0.0,1.0,posthoc_eval,
realcartest_2000_3200,B7-core,5,0.041666666666666664,1,120,3,0,3,0,0,0.0,30.0,30.0,0.0,0.0,0.0,0.0,0.0,0.0,0,20,0,6,0,0.0,0.0,0.0,posthoc_eval,
realcartest_2000_3200,LATE-AQP-core,5,0.041666666666666664,1,120,5,1,0,0,4,50.0,0.0,50.0,1.0,0.05,0.814000000000001,0.05,0.16666666666666666,0.0,1,20,1,6,0,9.299999999999955,4.0,1.0,strict_replay,
realcartest_2000_3200,B6,5,0.041666666666666664,2,120,5,0,5,0,0,50.0,0.0,50.0,0.25,0.05,0.2,0.05,0.16666666666666666,0.0,1,20,1,6,3,40.0,0.0,1.0,posthoc_eval,
realcartest_2000_3200,B7,5,0.041666666666666664,2,120,5,0,5,0,0,50.0,0.0,50.0,0.5,0.05,0.4,0.05,0.16666666666666666,0.0,1,20,1,6,1,30.0,1.0,1.0,posthoc_eval,
realcartest_2000_3200,B6-core,5,0.041666666666666664,2,120,1,0,1,0,0,0.0,10.0,10.0,0.0,0.0,0.0,0.0,0.0,0.0,0,20,0,6,0,0.0,0.0,0.0,posthoc_eval,
realcartest_2000_3200,B7-core,5,0.041666666666666664,2,120,2,0,2,0,0,0.0,20.0,20.0,0.0,0.0,0.0,0.0,0.0,0.0,0,20,0,6,0,0.0,0.0,0.0,posthoc_eval,
realcartest_2000_3200,LATE-AQP-core,5,0.041666666666666664,2,120,5,1,0,0,4,50.0,0.0,50.0,1.0,0.05,0.814000000000001,0.05,0.16666666666666666,0.0,1,20,1,6,0,9.299999999999955,4.0,1.0,strict_replay,
realcartest_2000_3200,B6,5,0.041666666666666664,3,120,5,0,5,0,0,50.0,0.0,50.0,0.2,0.05,0.01400000000000091,0.05,0.16666666666666666,0.0,1,20,1,6,4,49.299999999999955,0.0,1.0,posthoc_eval,
realcartest_2000_3200,B7,5,0.041666666666666664,3,120,5,0,5,0,0,50.0,0.0,50.0,0.5,0.05,0.2140000000000009,0.05,0.16666666666666666,0.0,1,20,1,6,1,39.299999999999955,1.0,1.0,posthoc_eval,
realcartest_2000_3200,B6-core,5,0.041666666666666664,3,120,5,0,2,0,3,20.0,0.0,20.0,1.0,0.05,0.5350000000000023,0.05,0.16666666666666666,0.0,1,20,1,6,0,9.299999999999955,1.0,1.0,posthoc_eval,
realcartest_2000_3200,B7-core,5,0.041666666666666664,3,120,5,0,2,0,3,40.0,-20.0,20.0,1.0,0.05,1.0,0.05,0.16666666666666666,0.0,1,20,1,6,0,0.0,3.0,1.0,posthoc_eval,
realcartest_2000_3200,LATE-AQP-core,5,0.041666666666666664,3,120,5,1,0,2,2,40.0,10.0,50.0,1.0,0.15,0.30250000000000127,0.15,0.3333333333333333,0.07142857142857142,3,20,2,6,0,27.89999999999995,0.3333333333333333,1.0,strict_replay,
realcartest_2000_3200,B6,5,0.041666666666666664,4,120,5,0,5,0,0,50.0,0.0,50.0,0.2,0.05,0.2,0.05,0.16666666666666666,0.0,1,20,1,6,4,40.0,0.0,1.0,posthoc_eval,
realcartest_2000_3200,B7,5,0.041666666666666664,4,120,5,0,5,0,0,50.0,0.0,50.0,0.25,0.05,0.4,0.05,0.16666666666666666,0.0,1,20,1,6,3,30.0,1.0,1.0,posthoc_eval,
realcartest_2000_3200,B6-core,5,0.041666666666666664,4,120,5,0,5,0,0,10.0,40.0,50.0,1.0,0.05,1.0,0.05,0.16666666666666666,0.0,1,20,1,6,0,0.0,0.0,1.0,posthoc_eval,
realcartest_2000_3200,B7-core,5,0.041666666666666664,4,120,5,0,5,0,0,20.0,30.0,50.0,1.0,0.05,1.0,0.05,0.16666666666666666,0.0,1,20,1,6,0,0.0,1.0,1.0,posthoc_eval,
realcartest_2000_3200,LATE-AQP-core,5,0.041666666666666664,4,120,5,1,0,0,4,50.0,0.0,50.0,1.0,0.05,0.814000000000001,0.05,0.16666666666666666,0.0,1,20,1,6,0,9.299999999999955,4.0,1.0,strict_replay,
realcartest_2000_3200,B6,6,0.05,0,120,6,0,6,0,0,60.0,0.0,60.0,0.5,0.1,0.17833333333333337,0.1,0.16666666666666666,0.07142857142857142,2,20,1,6,2,49.3,0.0,1.0,posthoc_eval,
realcartest_2000_3200,B7,6,0.05,0,120,6,0,6,0,0,60.0,0.0,60.0,1.0,0.1,0.023333333333333428,0.1,0.0,0.14285714285714285,2,20,0,6,0,58.599999999999994,0.0,1.0,posthoc_eval,
realcartest_2000_3200,B6-core,6,0.05,0,120,6,0,6,0,0,20.0,40.0,60.0,1.0,0.1,0.5350000000000001,0.1,0.16666666666666666,0.07142857142857142,2,20,1,6,0,9.299999999999997,0.0,1.0,posthoc_eval,
realcartest_2000_3200,B7-core,6,0.05,0,120,1,0,1,0,0,0.0,10.0,10.0,0.0,0.0,0.0,0.0,0.0,0.0,0,20,0,6,0,0.0,0.0,0.0,posthoc_eval,
realcartest_2000_3200,LATE-AQP-core,6,0.05,0,120,2,1,1,0,0,0.0,20.0,20.0,0.0,0.0,0.0,0.0,0.0,0.0,0,20,0,6,0,0.0,0.0,0.0,strict_replay,
realcartest_2000_3200,B6,6,0.05,1,120,6,0,6,0,0,60.0,0.0,60.0,0.3333333333333333,0.1,0.17833333333333337,0.1,0.3333333333333333,0.0,2,20,2,6,4,49.3,0.0,1.0,posthoc_eval,
realcartest_2000_3200,B7,6,0.05,1,120,6,0,6,0,0,60.0,0.0,60.0,0.3333333333333333,0.05,0.1783333333333341,0.05,0.16666666666666666,0.0,1,20,1,6,2,49.299999999999955,1.0,1.0,posthoc_eval,
realcartest_2000_3200,B6-core,6,0.05,1,120,6,0,6,0,0,20.0,40.0,60.0,1.0,0.1,0.5350000000000001,0.1,0.3333333333333333,0.0,2,20,2,6,0,9.299999999999997,0.0,1.0,posthoc_eval,
realcartest_2000_3200,B7-core,6,0.05,1,120,4,0,4,0,0,0.0,40.0,40.0,0.0,0.0,0.0,0.0,0.0,0.0,0,20,0,6,0,0.0,0.0,0.0,posthoc_eval,
realcartest_2000_3200,LATE-AQP-core,6,0.05,1,120,2,1,1,0,0,0.0,20.0,20.0,0.0,0.0,0.0,0.0,0.0,0.0,0,20,0,6,0,0.0,0.0,0.0,strict_replay,
realcartest_2000_3200,B6,6,0.05,2,120,6,0,6,0,0,60.0,0.0,60.0,0.2,0.05,0.16666666666666666,0.05,0.16666666666666666,0.0,1,20,1,6,4,50.0,0.0,1.0,posthoc_eval,
realcartest_2000_3200,B7,6,0.05,2,120,6,0,6,0,0,60.0,0.0,60.0,0.5,0.05,0.3449999999999998,0.05,0.16666666666666666,0.0,1,20,1,6,1,39.30000000000001,2.0,1.0,posthoc_eval,
realcartest_2000_3200,B6-core,6,0.05,2,120,6,0,2,0,4,30.0,-10.0,20.0,1.0,0.05,0.6900000000000001,0.05,0.16666666666666666,0.0,1,20,1,6,0,9.299999999999997,2.0,1.0,posthoc_eval,
realcartest_2000_3200,B7-core,6,0.05,2,120,4,0,4,0,0,0.0,40.0,40.0,0.0,0.0,0.0,0.0,0.0,0.0,0,20,0,6,0,0.0,0.0,0.0,posthoc_eval,
realcartest_2000_3200,LATE-AQP-core,6,0.05,2,120,2,1,1,0,0,0.0,20.0,20.0,0.0,0.0,0.0,0.0,0.0,0.0,0,20,0,6,0,0.0,0.0,0.0,strict_replay,
realcartest_2000_3200,B6,6,0.05,3,120,6,0,6,0,0,60.0,0.0,60.0,0.2,0.05,0.1783333333333341,0.05,0.16666666666666666,0.0,1,20,1,6,4,49.299999999999955,1.0,1.0,posthoc_eval,
realcartest_2000_3200,B7,6,0.05,3,120,6,0,6,0,0,60.0,0.0,60.0,0.5,0.1,0.19000000000000153,0.1,0.16666666666666666,0.07142857142857142,2,20,1,6,1,48.59999999999991,0.5,1.0,posthoc_eval,
realcartest_2000_3200,B6-core,6,0.05,3,120,1,0,1,0,0,0.0,10.0,10.0,0.0,0.0,0.0,0.0,0.0,0.0,0,20,0,6,0,0.0,0.0,0.0,posthoc_eval,
realcartest_2000_3200,B7-core,6,0.05,3,120,2,0,2,0,0,0.0,20.0,20.0,0.0,0.0,0.0,0.0,0.0,0.0,0,20,0,6,0,0.0,0.0,0.0,posthoc_eval,
realcartest_2000_3200,LATE-AQP-core,6,0.05,3,120,6,2,0,2,2,40.0,20.0,60.0,1.0,0.15,0.30250000000000127,0.15,0.3333333333333333,0.07142857142857142,3,20,2,6,0,27.89999999999995,0.3333333333333333,1.0,strict_replay,
realcartest_2000_3200,B6,6,0.05,4,120,6,0,6,0,0,60.0,0.0,60.0,0.2,0.05,0.3333333333333333,0.05,0.16666666666666666,0.0,1,20,1,6,4,40.0,1.0,1.0,posthoc_eval,
realcartest_2000_3200,B7,6,0.05,4,120,6,0,6,0,0,60.0,0.0,60.0,0.25,0.05,0.5,0.05,0.16666666666666666,0.0,1,20,1,6,3,30.0,2.0,1.0,posthoc_eval,
realcartest_2000_3200,B6-core,6,0.05,4,120,6,0,6,0,0,20.0,40.0,60.0,1.0,0.05,1.0,0.05,0.16666666666666666,0.0,1,20,1,6,0,0.0,1.0,1.0,posthoc_eval,
realcartest_2000_3200,B7-core,6,0.05,4,120,1,0,1,0,0,0.0,10.0,10.0,0.0,0.0,0.0,0.0,0.0,0.0,0,20,0,6,0,0.0,0.0,0.0,posthoc_eval,
realcartest_2000_3200,LATE-AQP-core,6,0.05,4,120,2,1,1,0,0,0.0,20.0,20.0,0.0,0.0,0.0,0.0,0.0,0.0,0,20,0,6,0,0.0,0.0,0.0,strict_replay,
realcartest_2000_3200,B6,10,0.08333333333333333,0,120,10,0,10,0,0,100.0,0.0,100.0,0.2857142857142857,0.1,0.10700000000000003,0.1,0.16666666666666666,0.07142857142857142,2,20,1,6,5,89.3,0.0,1.0,posthoc_eval,
realcartest_2000_3200,B7,10,0.08333333333333333,0,120,10,0,10,0,0,100.0,0.0,100.0,0.25,0.15,0.016000000000000084,0.15,0.0,0.21428571428571427,3,20,0,6,3,98.39999999999999,0.0,1.0,posthoc_eval,
realcartest_2000_3200,B6-core,10,0.08333333333333333,0,120,3,0,3,0,0,0.0,30.0,30.0,0.0,0.0,0.0,0.0,0.0,0.0,0,20,0,6,0,0.0,0.0,0.0,posthoc_eval,
realcartest_2000_3200,B7-core,10,0.08333333333333333,0,120,10,0,6,0,4,70.0,-10.0,60.0,1.0,0.1,0.7342857142857155,0.1,0.16666666666666666,0.07142857142857142,2,20,1,6,0,18.59999999999991,2.5,1.0,posthoc_eval,
realcartest_2000_3200,LATE-AQP-core,10,0.08333333333333333,0,120,10,1,0,0,9,90.0,10.0,100.0,1.0,0.15,0.6900000000000008,0.15,0.3333333333333333,0.07142857142857142,3,20,2,6,0,27.89999999999992,2.0,1.0,strict_replay,
realcartest_2000_3200,B6,10,0.08333333333333333,1,120,10,0,10,0,0,100.0,0.0,100.0,0.2222222222222222,0.1,0.10700000000000003,0.1,0.3333333333333333,0.0,2,20,2,6,7,89.3,0.0,1.0,posthoc_eval,
realcartest_2000_3200,B7,10,0.08333333333333333,1,120,10,0,10,0,0,100.0,0.0,100.0,0.25,0.1,0.1140000000000009,0.1,0.16666666666666666,0.07142857142857142,2,20,1,6,3,88.59999999999991,0.5,1.0,posthoc_eval,
realcartest_2000_3200,B6-core,10,0.08333333333333333,1,120,2,0,2,0,0,0.0,20.0,20.0,0.0,0.0,0.0,0.0,0.0,0.0,0,20,0,6,0,0.0,0.0,0.0,posthoc_eval,
realcartest_2000_3200,B7-core,10,0.08333333333333333,1,120,8,0,8,0,0,0.0,80.0,80.0,0.0,0.0,0.0,0.0,0.0,0.0,0,20,0,6,0,0.0,0.0,0.0,posthoc_eval,
realcartest_2000_3200,LATE-AQP-core,10,0.08333333333333333,1,120,10,1,0,0,9,90.0,10.0,100.0,1.0,0.15,0.6900000000000008,0.15,0.3333333333333333,0.07142857142857142,3,20,2,6,0,27.89999999999992,2.0,1.0,strict_replay,
realcartest_2000_3200,B6,10,0.08333333333333333,2,120,10,0,10,0,0,100.0,0.0,100.0,0.4444444444444444,0.2,0.30700000000000044,0.2,0.5,0.07142857142857142,4,20,3,6,5,69.29999999999995,0.0,1.0,posthoc_eval,
realcartest_2000_3200,B7,10,0.08333333333333333,2,120,10,0,10,0,0,100.0,0.0,100.0,0.16666666666666666,0.05,0.20699999999999988,0.05,0.16666666666666666,0.0,1,20,1,6,5,79.30000000000001,2.0,1.0,posthoc_eval,
realcartest_2000_3200,B6-core,10,0.08333333333333333,2,120,10,0,10,0,0,40.0,60.0,100.0,1.0,0.2,0.7675000000000012,0.2,0.5,0.07142857142857142,4,20,3,6,0,9.299999999999955,0.0,1.0,posthoc_eval,
realcartest_2000_3200,B7-core,10,0.08333333333333333,2,120,9,0,5,0,4,40.0,10.0,50.0,1.0,0.1,0.5350000000000001,0.1,0.16666666666666666,0.07142857142857142,2,20,1,6,0,18.599999999999994,1.0,1.0,posthoc_eval,
realcartest_2000_3200,LATE-AQP-core,10,0.08333333333333333,2,120,10,1,0,0,9,90.0,10.0,100.0,1.0,0.15,0.6900000000000008,0.15,0.3333333333333333,0.07142857142857142,3,20,2,6,0,27.89999999999992,2.0,1.0,strict_replay,
realcartest_2000_3200,B6,10,0.08333333333333333,3,120,10,0,10,0,0,100.0,0.0,100.0,0.375,0.15,0.12100000000000094,0.15,0.16666666666666666,0.14285714285714285,3,20,1,6,5,87.8999999999999,0.3333333333333333,1.0,posthoc_eval,
realcartest_2000_3200,B7,10,0.08333333333333333,3,120,10,0,10,0,0,100.0,0.0,100.0,0.16666666666666666,0.1,0.1140000000000009,0.1,0.16666666666666666,0.07142857142857142,2,20,1,6,5,88.59999999999991,0.5,1.0,posthoc_eval,
realcartest_2000_3200,B6-core,10,0.08333333333333333,3,120,3,0,3,0,0,0.0,30.0,30.0,0.0,0.0,0.0,0.0,0.0,0.0,0,20,0,6,0,0.0,0.0,0.0,posthoc_eval,
realcartest_2000_3200,B7-core,10,0.08333333333333333,3,120,5,0,5,0,0,0.0,50.0,50.0,0.0,0.0,0.0,0.0,0.0,0.0,0,20,0,6,0,0.0,0.0,0.0,posthoc_eval,
realcartest_2000_3200,LATE-AQP-core,10,0.08333333333333333,3,120,10,2,0,2,6,90.0,10.0,100.0,1.0,0.2,0.5866666666666672,0.2,0.3333333333333333,0.14285714285714285,4,20,2,6,0,37.199999999999946,1.25,1.0,strict_replay,
realcartest_2000_3200,B6,10,0.08333333333333333,4,120,10,0,10,0,0,100.0,0.0,100.0,0.2222222222222222,0.1,0.20700000000000046,0.1,0.16666666666666666,0.07142857142857142,2,20,1,6,7,79.29999999999995,0.5,1.0,posthoc_eval,
realcartest_2000_3200,B7,10,0.08333333333333333,4,120,10,0,10,0,0,100.0,0.0,100.0,0.2,0.05,0.5070000000000005,0.05,0.16666666666666666,0.0,1,20,1,6,4,49.299999999999955,5.0,1.0,posthoc_eval,
realcartest_2000_3200,B6-core,10,0.08333333333333333,4,120,6,0,2,0,4,30.0,-10.0,20.0,1.0,0.05,0.6900000000000001,0.05,0.16666666666666666,0.0,1,20,1,6,0,9.299999999999997,2.0,1.0,posthoc_eval,
realcartest_2000_3200,B7-core,10,0.08333333333333333,4,120,4,0,4,0,0,0.0,40.0,40.0,0.0,0.0,0.0,0.0,0.0,0.0,0,20,0,6,0,0.0,0.0,0.0,posthoc_eval,
realcartest_2000_3200,LATE-AQP-core,10,0.08333333333333333,4,120,10,1,0,0,9,90.0,10.0,100.0,1.0,0.15,0.6900000000000008,0.15,0.3333333333333333,0.07142857142857142,3,20,2,6,0,27.89999999999992,2.0,1.0,strict_replay,
realcartest_2000_3200,B6,12,0.1,0,120,12,0,12,0,0,120.0,0.0,120.0,0.2857142857142857,0.1,0.17250000000000001,0.1,0.16666666666666666,0.07142857142857142,2,20,1,6,5,99.3,0.5,1.0,posthoc_eval,
realcartest_2000_3200,B7,12,0.1,0,120,12,0,12,0,0,120.0,0.0,120.0,0.2,0.15,0.013333333333333404,0.15,0.0,0.21428571428571427,3,20,0,6,4,118.39999999999999,0.0,1.0,posthoc_eval,
realcartest_2000_3200,B6-core,12,0.1,0,120,10,0,7,0,3,20.0,50.0,70.0,1.0,0.05,0.5349999999999995,0.05,0.16666666666666666,0.0,1,20,1,6,0,9.300000000000011,1.0,1.0,posthoc_eval,
realcartest_2000_3200,B7-core,12,0.1,0,120,8,0,8,0,0,0.0,80.0,80.0,0.0,0.0,0.0,0.0,0.0,0.0,0,20,0,6,0,0.0,0.0,0.0,posthoc_eval,
realcartest_2000_3200,LATE-AQP-core,12,0.1,0,120,12,2,0,0,10,100.0,20.0,120.0,1.0,0.2,0.6280000000000012,0.2,0.3333333333333333,0.14285714285714285,4,20,2,6,0,37.199999999999875,1.5,1.0,strict_replay,
realcartest_2000_3200,B6,12,0.1,1,120,12,0,12,0,0,120.0,0.0,120.0,0.2,0.1,0.0950000000000004,0.1,0.3333333333333333,0.0,2,20,2,6,8,108.59999999999995,0.5,1.0,posthoc_eval,
realcartest_2000_3200,B7,12,0.1,1,120,12,0,12,0,0,120.0,0.0,120.0,0.4,0.15,0.18416666666666745,0.15,0.3333333333333333,0.07142857142857142,3,20,2,6,3,97.8999999999999,0.6666666666666666,1.0,posthoc_eval,
realcartest_2000_3200,B6-core,12,0.1,1,120,5,0,5,0,0,0.0,50.0,50.0,0.0,0.0,0.0,0.0,0.0,0.0,0,20,0,6,0,0.0,0.0,0.0,posthoc_eval,
realcartest_2000_3200,B7-core,12,0.1,1,120,9,0,7,0,2,40.0,30.0,70.0,1.0,0.1,0.5350000000000001,0.1,0.16666666666666666,0.07142857142857142,2,20,1,6,0,18.599999999999994,1.0,1.0,posthoc_eval,
realcartest_2000_3200,LATE-AQP-core,12,0.1,1,120,9,2,1,0,6,60.0,-30.0,30.0,1.0,0.05,0.8450000000000008,0.05,0.16666666666666666,0.0,1,20,1,6,0,9.299999999999955,5.0,1.0,strict_replay,
realcartest_2000_3200,B6,12,0.1,2,120,12,0,12,0,0,120.0,0.0,120.0,0.4,0.2,0.2558333333333337,0.2,0.5,0.07142857142857142,4,20,3,6,6,89.29999999999995,0.0,1.0,posthoc_eval,
realcartest_2000_3200,B7,12,0.1,2,120,12,0,12,0,0,120.0,0.0,120.0,0.14285714285714285,0.05,0.1724999999999999,0.05,0.16666666666666666,0.0,1,20,1,6,6,99.30000000000001,2.0,1.0,posthoc_eval,
realcartest_2000_3200,B6-core,12,0.1,2,120,12,0,12,0,0,40.0,80.0,120.0,1.0,0.2,0.7675000000000012,0.2,0.5,0.07142857142857142,4,20,3,6,0,9.299999999999955,0.0,1.0,posthoc_eval,
realcartest_2000_3200,B7-core,12,0.1,2,120,11,0,8,0,3,60.0,20.0,80.0,1.0,0.05,0.8450000000000008,0.05,0.16666666666666666,0.0,1,20,1,6,0,9.299999999999955,5.0,1.0,posthoc_eval,
realcartest_2000_3200,LATE-AQP-core,12,0.1,2,120,3,2,1,0,0,0.0,30.0,30.0,0.0,0.0,0.0,0.0,0.0,0.0,0,20,0,6,0,0.0,0.0,0.0,strict_replay,
realcartest_2000_3200,B6,12,0.1,3,120,12,0,12,0,0,120.0,0.0,120.0,0.375,0.15,0.10083333333333412,0.15,0.16666666666666666,0.14285714285714285,3,20,1,6,5,107.8999999999999,0.3333333333333333,1.0,posthoc_eval,
realcartest_2000_3200,B7,12,0.1,3,120,12,0,12,0,0,120.0,0.0,120.0,0.2857142857142857,0.15,0.10083333333333447,0.15,0.16666666666666666,0.14285714285714285,3,20,1,6,5,107.89999999999986,0.3333333333333333,1.0,posthoc_eval,
realcartest_2000_3200,B6-core,12,0.1,3,120,6,0,4,0,2,10.0,30.0,40.0,1.0,0.05,0.07000000000000454,0.05,0.0,0.07142857142857142,1,20,0,6,0,9.299999999999955,0.0,1.0,posthoc_eval,
realcartest_2000_3200,B7-core,12,0.1,3,120,12,0,8,0,4,60.0,20.0,80.0,1.0,0.2,0.37166666666666687,0.2,0.16666666666666666,0.21428571428571427,4,20,1,6,0,37.69999999999999,0.5,1.0,posthoc_eval,
realcartest_2000_3200,LATE-AQP-core,12,0.1,3,120,3,2,1,0,0,0.0,30.0,30.0,0.0,0.0,0.0,0.0,0.0,0.0,0,20,0,6,0,0.0,0.0,0.0,strict_replay,
realcartest_2000_3200,B6,12,0.1,4,120,12,0,12,0,0,120.0,0.0,120.0,0.2727272727272727,0.15,0.17833333333333373,0.15,0.3333333333333333,0.07142857142857142,3,20,2,6,8,98.59999999999995,0.3333333333333333,1.0,posthoc_eval,
realcartest_2000_3200,B7,12,0.1,4,120,12,0,12,0,0,120.0,0.0,120.0,0.2857142857142857,0.1,0.42833333333333407,0.1,0.16666666666666666,0.07142857142857142,2,20,1,6,5,68.59999999999991,2.5,1.0,posthoc_eval,
realcartest_2000_3200,B6-core,12,0.1,4,120,12,0,12,0,0,40.0,80.0,120.0,1.0,0.15,0.5350000000000013,0.15,0.3333333333333333,0.07142857142857142,3,20,2,6,0,18.59999999999995,0.3333333333333333,1.0,posthoc_eval,
realcartest_2000_3200,B7-core,12,0.1,4,120,11,0,8,0,3,40.0,40.0,80.0,1.0,0.1,0.5350000000000001,0.1,0.16666666666666666,0.07142857142857142,2,20,1,6,0,18.599999999999994,1.0,1.0,posthoc_eval,
realcartest_2000_3200,LATE-AQP-core,12,0.1,4,120,3,2,1,0,0,0.0,30.0,30.0,0.0,0.0,0.0,0.0,0.0,0.0,0,20,0,6,0,0.0,0.0,0.0,strict_replay,
realcartest_2000_3200,B6,20,0.16666666666666666,0,120,20,0,20,0,0,200.0,0.0,200.0,0.23076923076923078,0.2,0.15700000000000003,0.2,0.3333333333333333,0.14285714285714285,4,20,2,6,10,168.6,0.25,1.0,posthoc_eval,
realcartest_2000_3200,B7,20,0.16666666666666666,0,120,20,0,20,0,0,200.0,0.0,200.0,0.16666666666666666,0.2,0.01150000000000027,0.2,0.0,0.2857142857142857,4,20,0,6,10,197.69999999999993,0.0,1.0,posthoc_eval,
realcartest_2000_3200,B6-core,20,0.16666666666666666,0,120,18,0,7,0,11,100.0,-30.0,70.0,1.0,0.2,0.6280000000000014,0.2,0.3333333333333333,0.14285714285714285,4,20,2,6,0,37.19999999999986,1.5,1.0,posthoc_eval,
realcartest_2000_3200,B7-core,20,0.16666666666666666,0,120,16,0,14,0,2,60.0,80.0,140.0,1.0,0.05,0.8450000000000008,0.05,0.16666666666666666,0.0,1,20,1,6,0,9.299999999999955,5.0,1.0,posthoc_eval,
realcartest_2000_3200,LATE-AQP-core,20,0.16666666666666666,0,120,18,2,7,0,9,90.0,0.0,90.0,1.0,0.15,0.6900000000000008,0.15,0.3333333333333333,0.07142857142857142,3,20,2,6,0,27.89999999999992,2.0,1.0,strict_replay,
realcartest_2000_3200,B6,20,0.16666666666666666,1,120,20,0,20,0,0,200.0,0.0,200.0,0.2222222222222222,0.2,0.0640000000000007,0.2,0.5,0.07142857142857142,4,20,3,6,14,187.19999999999987,0.25,1.0,posthoc_eval,
realcartest_2000_3200,B7,20,0.16666666666666666,1,120,20,0,20,0,0,200.0,0.0,200.0,0.5,0.3,0.3175000000000007,0.3,0.5,0.21428571428571427,6,20,3,6,3,136.49999999999986,0.8333333333333334,1.0,posthoc_eval,
realcartest_2000_3200,B6-core,20,0.16666666666666666,1,120,12,0,8,0,4,30.0,50.0,80.0,1.0,0.1,0.3800000000000011,0.1,0.16666666666666666,0.07142857142857142,2,20,1,6,0,18.599999999999966,0.5,1.0,posthoc_eval,
realcartest_2000_3200,B7-core,20,0.16666666666666666,1,120,16,0,12,0,4,60.0,60.0,120.0,1.0,0.2,0.3800000000000016,0.2,0.16666666666666666,0.21428571428571427,4,20,1,6,0,37.1999999999999,0.5,1.0,posthoc_eval,
realcartest_2000_3200,LATE-AQP-core,20,0.16666666666666666,1,120,12,2,6,0,4,60.0,20.0,80.0,1.0,0.05,0.8450000000000008,0.05,0.16666666666666666,0.0,1,20,1,6,0,9.299999999999955,5.0,1.0,strict_replay,
realcartest_2000_3200,B6,20,0.16666666666666666,2,120,20,0,20,0,0,200.0,0.0,200.0,0.4666666666666667,0.35,0.26050000000000045,0.35,0.6666666666666666,0.21428571428571427,7,20,4,6,8,147.89999999999992,0.14285714285714285,1.0,posthoc_eval,
realcartest_2000_3200,B7,20,0.16666666666666666,2,120,20,0,20,0,0,200.0,0.0,200.0,0.3,0.2,0.11400000000000063,0.2,0.16666666666666666,0.21428571428571427,4,20,1,6,7,177.19999999999987,0.5,1.0,posthoc_eval,
realcartest_2000_3200,B6-core,20,0.16666666666666666,2,120,20,0,20,0,0,80.0,120.0,200.0,1.0,0.35,0.6512500000000012,0.35,0.6666666666666666,0.21428571428571427,7,20,4,6,0,27.899999999999906,0.14285714285714285,1.0,posthoc_eval,
realcartest_2000_3200,B7-core,20,0.16666666666666666,2,120,20,0,14,0,6,100.0,40.0,140.0,1.0,0.15,0.7210000000000005,0.15,0.3333333333333333,0.07142857142857142,3,20,2,6,0,27.89999999999995,2.3333333333333335,1.0,posthoc_eval,
realcartest_2000_3200,LATE-AQP-core,20,0.16666666666666666,2,120,12,2,6,0,4,60.0,20.0,80.0,1.0,0.05,0.8450000000000008,0.05,0.16666666666666666,0.0,1,20,1,6,0,9.299999999999955,5.0,1.0,strict_replay,
realcartest_2000_3200,B6,20,0.16666666666666666,3,120,20,0,20,0,0,200.0,0.0,200.0,0.3076923076923077,0.2,0.1640000000000007,0.2,0.3333333333333333,0.14285714285714285,4,20,2,6,9,167.19999999999987,0.75,1.25,posthoc_eval,
realcartest_2000_3200,B7,20,0.16666666666666666,3,120,20,0,20,0,0,200.0,0.0,200.0,0.2857142857142857,0.25,0.2640000000000007,0.25,0.5,0.14285714285714285,5,20,3,6,5,147.19999999999987,0.8,1.0,posthoc_eval,
realcartest_2000_3200,B6-core,20,0.16666666666666666,3,120,10,0,6,0,4,30.0,30.0,60.0,1.0,0.05,0.6899999999999996,0.05,0.16666666666666666,0.0,1,20,1,6,0,9.300000000000011,2.0,1.0,posthoc_eval,
realcartest_2000_3200,B7-core,20,0.16666666666666666,3,120,16,0,13,0,3,70.0,60.0,130.0,1.0,0.1,0.7342857142857155,0.1,0.16666666666666666,0.07142857142857142,2,20,1,6,0,18.59999999999991,2.5,1.0,posthoc_eval,
realcartest_2000_3200,LATE-AQP-core,20,0.16666666666666666,3,120,12,2,6,0,4,60.0,20.0,80.0,1.0,0.05,0.8450000000000008,0.05,0.16666666666666666,0.0,1,20,1,6,0,9.299999999999955,5.0,1.0,strict_replay,
realcartest_2000_3200,B6,20,0.16666666666666666,4,120,20,0,20,0,0,200.0,0.0,200.0,0.5454545454545454,0.35,0.1675000000000007,0.35,0.5,0.2857142857142857,7,20,3,6,5,166.49999999999986,0.14285714285714285,1.0,posthoc_eval,
realcartest_2000_3200,B7,20,0.16666666666666666,4,120,20,0,20,0,0,200.0,0.0,200.0,0.25,0.2,0.2640000000000006,0.2,0.3333333333333333,0.14285714285714285,4,20,2,6,6,147.19999999999987,1.25,1.0,posthoc_eval,
realcartest_2000_3200,B6-core,20,0.16666666666666666,4,120,20,0,20,0,0,80.0,120.0,200.0,1.0,0.35,0.4187500000000018,0.35,0.5,0.2857142857142857,7,20,3,6,0,46.49999999999986,0.14285714285714285,1.0,posthoc_eval,
realcartest_2000_3200,B7-core,20,0.16666666666666666,4,120,20,0,14,0,6,110.0,30.0,140.0,1.0,0.2,0.6618181818181827,0.2,0.3333333333333333,0.14285714285714285,4,20,2,6,0,37.1999999999999,1.75,1.0,posthoc_eval,
realcartest_2000_3200,LATE-AQP-core,20,0.16666666666666666,4,120,12,2,6,0,4,60.0,20.0,80.0,1.0,0.05,0.8450000000000008,0.05,0.16666666666666666,0.0,1,20,1,6,0,9.299999999999955,5.0,1.0,strict_replay,
realcartest_2000_3200,B6,24,0.2,0,120,24,0,24,0,0,240.0,0.0,240.0,0.21428571428571427,0.2,0.13083333333333336,0.2,0.3333333333333333,0.14285714285714285,4,20,2,6,11,208.6,0.25,1.0,posthoc_eval,
realcartest_2000_3200,B7,24,0.2,0,120,24,0,24,0,0,240.0,0.0,240.0,0.18181818181818182,0.25,0.09583333333333358,0.25,0.16666666666666666,0.2857142857142857,5,20,1,6,9,216.99999999999994,0.4,1.0,posthoc_eval,
realcartest_2000_3200,B6-core,24,0.2,0,120,18,0,9,0,9,80.0,10.0,90.0,1.0,0.15,0.651250000000001,0.15,0.16666666666666666,0.14285714285714285,3,20,1,6,0,27.89999999999992,1.6666666666666667,1.0,posthoc_eval,
realcartest_2000_3200,B7-core,24,0.2,0,120,21,0,15,0,6,80.0,70.0,150.0,1.0,0.25,0.4125000000000007,0.25,0.3333333333333333,0.21428571428571427,5,20,2,6,0,46.99999999999994,0.6,1.0,posthoc_eval,
realcartest_2000_3200,LATE-AQP-core,24,0.2,0,120,14,3,5,0,6,70.0,10.0,80.0,1.0,0.1,0.7342857142857155,0.1,0.16666666666666666,0.07142857142857142,2,20,1,6,0,18.59999999999991,2.5,1.0,strict_replay,
realcartest_2000_3200,B6,24,0.2,1,120,24,0,24,0,0,240.0,0.0,240.0,0.21052631578947367,0.2,0.05333333333333391,0.2,0.5,0.07142857142857142,4,20,3,6,15,227.19999999999987,0.25,1.0,posthoc_eval,
realcartest_2000_3200,B7,24,0.2,1,120,24,0,24,0,0,240.0,0.0,240.0,0.3333333333333333,0.3,0.3062500000000006,0.3,0.5,0.21428571428571427,6,20,3,6,4,166.49999999999986,1.0,1.0,posthoc_eval,
realcartest_2000_3200,B6-core,24,0.2,1,120,14,0,10,0,4,30.0,70.0,100.0,1.0,0.1,0.3800000000000011,0.1,0.16666666666666666,0.07142857142857142,2,20,1,6,0,18.599999999999966,0.5,1.0,posthoc_eval,
realcartest_2000_3200,B7-core,24,0.2,1,120,17,0,17,0,0,0.0,170.0,170.0,0.0,0.0,0.0,0.0,0.0,0.0,0,20,0,6,0,0.0,0.0,0.0,posthoc_eval,
realcartest_2000_3200,LATE-AQP-core,24,0.2,1,120,12,3,5,0,4,60.0,20.0,80.0,1.0,0.05,0.8450000000000008,0.05,0.16666666666666666,0.0,1,20,1,6,0,9.299999999999955,5.0,1.0,strict_replay,
realcartest_2000_3200,B6,24,0.2,2,120,24,0,24,0,0,240.0,0.0,240.0,0.4117647058823529,0.35,0.2200000000000004,0.35,0.6666666666666666,0.21428571428571427,7,20,4,6,10,187.1999999999999,0.2857142857142857,1.1428571428571428,posthoc_eval,
realcartest_2000_3200,B7,24,0.2,2,120,24,0,24,0,0,240.0,0.0,240.0,0.2222222222222222,0.25,0.1395833333333338,0.25,0.3333333333333333,0.21428571428571427,5,20,2,6,7,206.4999999999999,0.6,1.0,posthoc_eval,
realcartest_2000_3200,B6-core,24,0.2,2,120,24,0,24,0,0,90.0,150.0,240.0,1.0,0.35,0.5866666666666678,0.35,0.6666666666666666,0.21428571428571427,7,20,4,6,0,37.1999999999999,0.2857142857142857,1.1428571428571428,posthoc_eval,
realcartest_2000_3200,B7-core,24,0.2,2,120,21,0,17,0,4,30.0,140.0,170.0,1.0,0.15,0.07000000000000454,0.15,0.0,0.21428571428571427,3,20,0,6,0,27.899999999999864,0.0,1.0,posthoc_eval,
realcartest_2000_3200,LATE-AQP-core,24,0.2,2,120,12,3,5,0,4,60.0,20.0,80.0,1.0,0.05,0.8450000000000008,0.05,0.16666666666666666,0.0,1,20,1,6,0,9.299999999999955,5.0,1.0,strict_replay,
realcartest_2000_3200,B6,24,0.2,3,120,24,0,24,0,0,240.0,0.0,240.0,0.2857142857142857,0.25,0.13958333333333411,0.25,0.3333333333333333,0.21428571428571427,5,20,2,6,10,206.49999999999983,0.6,1.2,posthoc_eval,
realcartest_2000_3200,B7,24,0.2,3,120,24,0,24,0,0,240.0,0.0,240.0,0.375,0.3,0.2258333333333341,0.3,0.5,0.21428571428571427,6,20,3,6,5,185.7999999999998,0.8333333333333334,1.1666666666666667,posthoc_eval,
realcartest_2000_3200,B6-core,24,0.2,3,120,18,0,10,0,8,70.0,30.0,100.0,1.0,0.15,0.7342857142857155,0.15,0.3333333333333333,0.07142857142857142,3,20,2,6,0,18.59999999999991,1.3333333333333333,1.0,posthoc_eval,
realcartest_2000_3200,B7-core,24,0.2,3,120,16,0,12,0,4,60.0,60.0,120.0,1.0,0.15,0.5350000000000008,0.15,0.3333333333333333,0.07142857142857142,3,20,2,6,0,27.89999999999995,1.0,1.0,posthoc_eval,
realcartest_2000_3200,LATE-AQP-core,24,0.2,3,120,21,6,6,2,7,80.0,60.0,140.0,1.0,0.15,0.6512500000000017,0.15,0.16666666666666666,0.14285714285714285,3,20,1,6,0,27.899999999999864,1.6666666666666667,1.0,strict_replay,
realcartest_2000_3200,B6,24,0.2,4,120,24,0,24,0,0,240.0,0.0,240.0,0.4166666666666667,0.35,0.1841666666666672,0.35,0.5,0.2857142857142857,7,20,3,6,7,195.79999999999987,0.42857142857142855,1.0,posthoc_eval,
realcartest_2000_3200,B7,24,0.2,4,120,24,0,24,0,0,240.0,0.0,240.0,0.2222222222222222,0.25,0.26458333333333406,0.25,0.3333333333333333,0.21428571428571427,5,20,2,6,7,176.49999999999983,1.2,1.0,posthoc_eval,
realcartest_2000_3200,B6-core,24,0.2,4,120,18,0,8,0,10,100.0,-20.0,80.0,1.0,0.15,0.7210000000000008,0.15,0.3333333333333333,0.07142857142857142,3,20,2,6,0,27.89999999999992,2.3333333333333335,1.0,posthoc_eval,
realcartest_2000_3200,B7-core,24,0.2,4,120,24,0,17,0,7,120.0,50.0,170.0,1.0,0.25,0.6125000000000019,0.25,0.5,0.14285714285714285,5,20,3,6,0,46.49999999999977,1.4,1.0,posthoc_eval,
realcartest_2000_3200,LATE-AQP-core,24,0.2,4,120,12,3,5,0,4,60.0,20.0,80.0,1.0,0.05,0.8450000000000008,0.05,0.16666666666666666,0.0,1,20,1,6,0,9.299999999999955,5.0,1.0,strict_replay,
realcartest_2000_3200,B6,36,0.3,0,120,36,0,36,0,0,360.0,0.0,360.0,0.2857142857142857,0.35,0.1744444444444447,0.35,0.5,0.2857142857142857,7,20,3,6,15,297.19999999999993,0.42857142857142855,1.1428571428571428,posthoc_eval,
realcartest_2000_3200,B7,36,0.3,0,120,36,0,36,0,0,360.0,0.0,360.0,0.25,0.4,0.06972222222222275,0.4,0.16666666666666666,0.5,8,20,1,6,12,334.8999999999998,0.25,1.0,posthoc_eval,
realcartest_2000_3200,B6-core,36,0.3,0,120,26,0,15,0,11,80.0,70.0,150.0,1.0,0.25,0.4187500000000016,0.25,0.3333333333333333,0.21428571428571427,5,20,2,6,0,46.49999999999987,0.6,1.0,posthoc_eval,
realcartest_2000_3200,B7-core,36,0.3,0,120,35,0,29,0,6,120.0,170.0,290.0,1.0,0.35,0.5350000000000023,0.35,0.3333333333333333,0.35714285714285715,7,20,2,6,0,55.79999999999973,0.7142857142857143,1.0,posthoc_eval,
realcartest_2000_3200,LATE-AQP-core,36,0.3,0,120,21,9,2,2,8,70.0,60.0,130.0,1.0,0.15,0.6014285714285734,0.15,0.16666666666666666,0.14285714285714285,3,20,1,6,0,27.899999999999864,1.3333333333333333,1.0,strict_replay,
realcartest_2000_3200,B6,36,0.3,1,120,36,0,36,0,0,360.0,0.0,360.0,0.24,0.25,0.09305555555555607,0.25,0.6666666666666666,0.07142857142857142,5,20,4,6,19,326.49999999999983,0.6,1.2,posthoc_eval,
realcartest_2000_3200,B7,36,0.3,1,120,36,0,36,0,0,360.0,0.0,360.0,0.2,0.35,0.23194444444444484,0.35,0.6666666666666666,0.21428571428571427,7,20,4,6,12,276.4999999999999,0.8571428571428571,1.0,posthoc_eval,
realcartest_2000_3200,B6-core,36,0.3,1,120,22,0,14,0,8,50.0,90.0,140.0,1.0,0.2,0.2560000000000002,0.2,0.16666666666666666,0.21428571428571427,4,20,1,6,0,37.19999999999999,0.25,1.0,posthoc_eval,
realcartest_2000_3200,B7-core,36,0.3,1,120,31,0,23,0,8,100.0,130.0,230.0,1.0,0.25,0.5350000000000017,0.25,0.16666666666666666,0.2857142857142857,5,20,1,6,0,46.49999999999983,1.0,1.0,posthoc_eval,
realcartest_2000_3200,LATE-AQP-core,36,0.3,1,120,36,9,0,2,25,190.0,170.0,360.0,1.0,0.55,0.46157894736842336,0.55,0.6666666666666666,0.5,11,20,4,6,0,102.29999999999956,0.7272727272727273,1.0,strict_replay,
realcartest_2000_3200,B6,36,0.3,2,120,36,0,36,0,0,360.0,0.0,360.0,0.42105263157894735,0.45,0.15250000000000052,0.45,0.6666666666666666,0.35714285714285715,9,20,4,6,11,305.0999999999998,0.3333333333333333,1.1111111111111112,posthoc_eval,
realcartest_2000_3200,B7,36,0.3,2,120,36,0,36,0,0,360.0,0.0,360.0,0.26666666666666666,0.35,0.15250000000000044,0.35,0.5,0.2857142857142857,7,20,3,6,11,305.09999999999985,0.7142857142857143,1.0,posthoc_eval,
realcartest_2000_3200,B6-core,36,0.3,2,120,19,0,10,0,9,50.0,50.0,100.0,1.0,0.2,0.2560000000000025,0.2,0.16666666666666666,0.21428571428571427,4,20,1,6,0,37.199999999999875,0.25,1.0,posthoc_eval,
realcartest_2000_3200,B7-core,36,0.3,2,120,35,0,24,0,11,120.0,120.0,240.0,1.0,0.35,0.45750000000000085,0.35,0.5,0.2857142857142857,7,20,3,6,0,65.0999999999999,0.7142857142857143,1.0,posthoc_eval,
realcartest_2000_3200,LATE-AQP-core,36,0.3,2,120,22,4,9,0,9,90.0,40.0,130.0,1.0,0.15,0.6900000000000008,0.15,0.3333333333333333,0.07142857142857142,3,20,2,6,0,27.89999999999992,2.0,1.0,strict_replay,
realcartest_2000_3200,B6,36,0.3,3,120,36,0,36,0,0,360.0,0.0,360.0,0.2,0.35,0.15250000000000052,0.35,0.5,0.2857142857142857,7,20,3,6,12,305.0999999999998,0.7142857142857143,1.1428571428571428,posthoc_eval,
realcartest_2000_3200,B7,36,0.3,3,120,36,0,36,0,0,360.0,0.0,360.0,0.3333333333333333,0.35,0.29138888888888936,0.35,0.6666666666666666,0.21428571428571427,7,20,4,6,6,255.09999999999982,1.4285714285714286,1.0,posthoc_eval,
realcartest_2000_3200,B6-core,36,0.3,3,120,21,0,16,0,5,50.0,110.0,160.0,1.0,0.1,0.6280000000000007,0.1,0.3333333333333333,0.0,2,20,2,6,0,18.599999999999966,1.5,1.0,posthoc_eval,
realcartest_2000_3200,B7-core,36,0.3,3,120,31,0,27,0,4,80.0,190.0,270.0,1.0,0.25,0.4187500000000014,0.25,0.3333333333333333,0.21428571428571427,5,20,2,6,0,46.499999999999886,0.6,1.0,posthoc_eval,
realcartest_2000_3200,LATE-AQP-core,36,0.3,3,120,36,9,0,4,23,190.0,170.0,360.0,1.0,0.55,0.46157894736842336,0.55,0.6666666666666666,0.5,11,20,4,6,0,102.29999999999956,0.7272727272727273,1.0,strict_replay,
realcartest_2000_3200,B6,36,0.3,4,120,36,0,36,0,0,360.0,0.0,360.0,0.3333333333333333,0.45,0.18027777777777815,0.45,0.6666666666666666,0.35714285714285715,9,20,4,6,8,295.09999999999985,0.4444444444444444,1.0,posthoc_eval,
realcartest_2000_3200,B7,36,0.3,4,120,36,0,36,0,0,360.0,0.0,360.0,0.4,0.4,0.20861111111111186,0.4,0.5,0.35714285714285715,8,20,3,6,6,284.89999999999975,0.875,1.0,posthoc_eval,
realcartest_2000_3200,B6-core,36,0.3,4,120,36,0,21,0,15,80.0,130.0,210.0,1.0,0.25,0.4125,0.25,0.3333333333333333,0.21428571428571427,5,20,2,6,0,47.0,0.6,1.0,posthoc_eval,
realcartest_2000_3200,B7-core,36,0.3,4,120,31,0,26,0,5,150.0,110.0,260.0,1.0,0.35,0.5660000000000013,0.35,0.5,0.2857142857142857,7,20,3,6,0,65.09999999999981,1.1428571428571428,1.0,posthoc_eval,
realcartest_2000_3200,LATE-AQP-core,36,0.3,4,120,21,4,8,0,9,90.0,30.0,120.0,1.0,0.15,0.6900000000000008,0.15,0.3333333333333333,0.07142857142857142,3,20,2,6,0,27.89999999999992,2.0,1.0,strict_replay,
realcartest_2000_3200,B6,40,0.3333333333333333,0,120,40,0,40,0,0,400.0,0.0,400.0,0.3333333333333333,0.4,0.16050000000000023,0.4,0.6666666666666666,0.2857142857142857,8,20,4,6,14,335.7999999999999,0.5,1.125,posthoc_eval,
realcartest_2000_3200,B7,40,0.3333333333333333,0,120,40,0,40,0,0,400.0,0.0,400.0,0.25,0.4,0.06275000000000049,0.4,0.16666666666666666,0.5,8,20,1,6,12,374.8999999999998,0.25,1.0,posthoc_eval,
realcartest_2000_3200,B6-core,40,0.3333333333333333,0,120,20,0,16,0,4,20.0,140.0,160.0,1.0,0.1,0.06999999999999958,0.1,0.0,0.14285714285714285,2,20,0,6,0,18.60000000000001,0.0,1.0,posthoc_eval,
realcartest_2000_3200,B7-core,40,0.3333333333333333,0,120,39,0,33,0,6,130.0,200.0,330.0,1.0,0.3,0.5707692307692329,0.3,0.5,0.21428571428571427,6,20,3,6,0,55.79999999999973,1.1666666666666667,1.0,posthoc_eval,
realcartest_2000_3200,LATE-AQP-core,40,0.3333333333333333,0,120,28,10,4,4,10,100.0,80.0,180.0,1.0,0.2,0.6280000000000018,0.2,0.3333333333333333,0.14285714285714285,4,20,2,6,0,37.19999999999982,1.5,1.0,strict_replay,
realcartest_2000_3200,B6,40,0.3333333333333333,1,120,40,0,40,0,0,400.0,0.0,400.0,0.25,0.25,0.08375000000000046,0.25,0.6666666666666666,0.07142857142857142,5,20,4,6,18,366.49999999999983,0.6,1.2,posthoc_eval,
realcartest_2000_3200,B7,40,0.3333333333333333,1,120,40,0,40,0,0,400.0,0.0,400.0,0.2,0.35,0.23550000000000032,0.35,0.6666666666666666,0.21428571428571427,7,20,4,6,12,305.79999999999984,1.1428571428571428,1.0,posthoc_eval,
realcartest_2000_3200,B6-core,40,0.3333333333333333,1,120,28,0,18,0,10,80.0,100.0,180.0,1.0,0.15,0.6512500000000004,0.15,0.5,0.0,3,20,3,6,0,27.899999999999963,1.6666666666666667,1.0,posthoc_eval,
realcartest_2000_3200,B7-core,40,0.3333333333333333,1,120,37,0,29,0,8,130.0,160.0,290.0,1.0,0.35,0.49923076923077125,0.35,0.3333333333333333,0.35714285714285715,7,20,2,6,0,65.09999999999974,0.8571428571428571,1.0,posthoc_eval,
realcartest_2000_3200,LATE-AQP-core,40,0.3333333333333333,1,120,40,10,0,4,26,200.0,200.0,400.0,1.0,0.6,0.44200000000000217,0.6,0.6666666666666666,0.5714285714285714,12,20,4,6,0,111.59999999999957,0.6666666666666666,1.0,strict_replay,
realcartest_2000_3200,B6,40,0.3333333333333333,2,120,40,0,40,0,0,400.0,0.0,400.0,0.47368421052631576,0.5,0.1640000000000006,0.5,0.6666666666666666,0.42857142857142855,10,20,4,6,10,334.39999999999975,0.4,1.1,posthoc_eval,
realcartest_2000_3200,B7,40,0.3333333333333333,2,120,40,0,40,0,0,400.0,0.0,400.0,0.2857142857142857,0.45,0.16575000000000062,0.45,0.6666666666666666,0.35714285714285715,9,20,4,6,10,333.69999999999976,0.6666666666666666,1.0,posthoc_eval,
realcartest_2000_3200,B6-core,40,0.3333333333333333,2,120,27,0,13,0,14,90.0,40.0,130.0,1.0,0.25,0.48333333333333395,0.25,0.5,0.14285714285714285,5,20,3,6,0,46.49999999999994,0.8,1.0,posthoc_eval,
realcartest_2000_3200,B7-core,40,0.3333333333333333,2,120,40,0,30,0,10,80.0,220.0,300.0,1.0,0.3,0.30250000000000216,0.3,0.16666666666666666,0.35714285714285715,6,20,1,6,0,55.79999999999983,0.3333333333333333,1.0,posthoc_eval,
realcartest_2000_3200,LATE-AQP-core,40,0.3333333333333333,2,120,23,4,10,0,9,90.0,50.0,140.0,1.0,0.15,0.6900000000000008,0.15,0.3333333333333333,0.07142857142857142,3,20,2,6,0,27.89999999999992,2.0,1.0,strict_replay,
realcartest_2000_3200,B6,40,0.3333333333333333,3,120,40,0,40,0,0,400.0,0.0,400.0,0.25,0.4,0.16225000000000048,0.4,0.6666666666666666,0.2857142857142857,8,20,4,6,12,335.0999999999998,0.625,1.125,posthoc_eval,
realcartest_2000_3200,B7,40,0.3333333333333333,3,120,40,0,40,0,0,400.0,0.0,400.0,0.2727272727272727,0.35,0.2622500000000004,0.35,0.6666666666666666,0.21428571428571427,7,20,4,6,8,295.0999999999998,1.4285714285714286,1.0,posthoc_eval,
realcartest_2000_3200,B6-core,40,0.3333333333333333,3,120,33,0,18,0,15,120.0,60.0,180.0,1.0,0.15,0.7675000000000003,0.15,0.5,0.0,3,20,3,6,0,27.899999999999963,3.0,1.0,posthoc_eval,
realcartest_2000_3200,B7-core,40,0.3333333333333333,3,120,39,0,31,0,8,160.0,150.0,310.0,1.0,0.4,0.5350000000000019,0.4,0.6666666666666666,0.2857142857142857,8,20,4,6,0,74.3999999999997,1.0,1.0,posthoc_eval,
realcartest_2000_3200,LATE-AQP-core,40,0.3333333333333333,3,120,40,10,0,4,26,200.0,200.0,400.0,1.0,0.6,0.44200000000000245,0.6,0.6666666666666666,0.5714285714285714,12,20,4,6,0,111.59999999999951,0.6666666666666666,1.0,strict_replay,
realcartest_2000_3200,B6,40,0.3333333333333333,4,120,40,0,40,0,0,400.0,0.0,400.0,0.3076923076923077,0.45,0.18725000000000033,0.45,0.6666666666666666,0.35714285714285715,9,20,4,6,9,325.09999999999985,0.5555555555555556,1.0,posthoc_eval,
realcartest_2000_3200,B7,40,0.3333333333333333,4,120,40,0,40,0,0,400.0,0.0,400.0,0.4444444444444444,0.5,0.19125000000000078,0.5,0.5,0.5,10,20,3,6,5,323.49999999999966,0.7,1.0,posthoc_eval,
realcartest_2000_3200,B6-core,40,0.3333333333333333,4,120,32,0,23,0,9,110.0,120.0,230.0,1.0,0.25,0.661818181818183,0.25,0.5,0.14285714285714285,5,20,3,6,0,37.199999999999875,1.2,1.0,posthoc_eval,
realcartest_2000_3200,B7-core,40,0.3333333333333333,4,120,34,0,30,0,4,150.0,150.0,300.0,1.0,0.35,0.5660000000000013,0.35,0.5,0.2857142857142857,7,20,3,6,0,65.09999999999981,1.1428571428571428,1.0,posthoc_eval,
realcartest_2000_3200,LATE-AQP-core,40,0.3333333333333333,4,120,26,4,13,0,9,90.0,80.0,170.0,1.0,0.15,0.6900000000000008,0.15,0.3333333333333333,0.07142857142857142,3,20,2,6,0,27.89999999999992,2.0,1.0,strict_replay,
realcartest_2000_3200,B6,48,0.4,0,120,48,0,48,0,0,480.0,0.0,480.0,0.3333333333333333,0.45,0.17687500000000028,0.45,0.6666666666666666,0.35714285714285715,9,20,4,6,16,395.09999999999985,0.6666666666666666,1.2222222222222223,posthoc_eval,
realcartest_2000_3200,B7,48,0.4,0,120,48,0,48,0,0,480.0,0.0,480.0,0.2777777777777778,0.55,0.07604166666666726,0.55,0.3333333333333333,0.6428571428571429,11,20,2,6,13,443.4999999999997,0.18181818181818182,1.0,posthoc_eval,
realcartest_2000_3200,B6-core,48,0.4,0,120,35,0,20,0,15,110.0,90.0,200.0,1.0,0.25,0.5772727272727294,0.25,0.3333333333333333,0.21428571428571427,5,20,2,6,0,46.49999999999977,1.2,1.0,posthoc_eval,
realcartest_2000_3200,B7-core,48,0.4,0,120,47,0,35,0,12,190.0,160.0,350.0,1.0,0.55,0.4615789473684228,0.55,0.6666666666666666,0.5,11,20,4,6,0,102.29999999999967,0.7272727272727273,1.0,posthoc_eval,
realcartest_2000_3200,LATE-AQP-core,48,0.4,0,120,31,12,1,3,15,120.0,40.0,160.0,1.0,0.35,0.45750000000000196,0.35,0.3333333333333333,0.35714285714285715,7,20,2,6,0,65.09999999999977,0.7142857142857143,1.0,strict_replay,
realcartest_2000_3200,B6,48,0.4,1,120,48,0,48,0,0,480.0,0.0,480.0,0.3181818181818182,0.4,0.07416666666666734,0.4,0.6666666666666666,0.2857142857142857,8,20,4,6,15,444.3999999999997,0.375,1.125,posthoc_eval,
realcartest_2000_3200,B7,48,0.4,1,120,48,0,48,0,0,480.0,0.0,480.0,0.1875,0.45,0.19812500000000027,0.45,0.6666666666666666,0.35714285714285715,9,20,4,6,13,384.89999999999986,0.8888888888888888,1.0,posthoc_eval,
realcartest_2000_3200,B6-core,48,0.4,1,120,43,0,25,0,18,120.0,130.0,250.0,1.0,0.35,0.5350000000000008,0.35,0.3333333333333333,0.35714285714285715,7,20,2,6,0,55.7999999999999,0.7142857142857143,1.0,posthoc_eval,
realcartest_2000_3200,B7-core,48,0.4,1,120,46,0,36,0,10,170.0,190.0,360.0,1.0,0.45,0.5594117647058835,0.45,0.6666666666666666,0.35714285714285715,9,20,4,6,0,74.8999999999998,0.8888888888888888,1.0,posthoc_eval,
realcartest_2000_3200,LATE-AQP-core,48,0.4,1,120,34,12,11,3,8,110.0,150.0,260.0,1.0,0.25,0.5772727272727288,0.25,0.3333333333333333,0.21428571428571427,5,20,2,6,0,46.49999999999983,1.2,1.0,strict_replay,
realcartest_2000_3200,B6,48,0.4,2,120,48,0,48,0,0,480.0,0.0,480.0,0.5,0.65,0.16041666666666723,0.65,0.8333333333333334,0.5714285714285714,13,20,5,6,10,402.9999999999997,0.3076923076923077,1.0769230769230769,posthoc_eval,
realcartest_2000_3200,B7,48,0.4,2,120,48,0,48,0,0,480.0,0.0,480.0,0.26666666666666666,0.5,0.22145833333333387,0.5,0.8333333333333334,0.35714285714285715,10,20,5,6,11,373.69999999999976,0.9,1.0,posthoc_eval,
realcartest_2000_3200,B6-core,48,0.4,2,120,37,0,17,0,20,120.0,50.0,170.0,1.0,0.3,0.5350000000000014,0.3,0.3333333333333333,0.2857142857142857,6,20,2,6,0,55.79999999999984,1.0,1.0,posthoc_eval,
realcartest_2000_3200,B7-core,48,0.4,2,120,44,0,36,0,8,170.0,190.0,360.0,1.0,0.45,0.5076470588235314,0.45,0.6666666666666666,0.35714285714285715,9,20,4,6,0,83.69999999999965,0.8888888888888888,1.0,posthoc_eval,
realcartest_2000_3200,LATE-AQP-core,48,0.4,2,120,30,5,16,0,9,90.0,120.0,210.0,1.0,0.15,0.6900000000000008,0.15,0.3333333333333333,0.07142857142857142,3,20,2,6,0,27.89999999999992,2.0,1.0,strict_replay,
realcartest_2000_3200,B6,48,0.4,3,120,48,0,48,0,0,480.0,0.0,480.0,0.2222222222222222,0.45,0.13812500000000047,0.45,0.8333333333333334,0.2857142857142857,9,20,5,6,14,413.69999999999976,0.6666666666666666,1.1111111111111112,posthoc_eval,
realcartest_2000_3200,B7,48,0.4,3,120,48,0,48,0,0,480.0,0.0,480.0,0.2,0.4,0.2408333333333338,0.4,0.8333333333333334,0.21428571428571427,8,20,5,6,12,364.39999999999975,1.375,1.0,posthoc_eval,
realcartest_2000_3200,B6-core,48,0.4,3,120,35,0,24,0,11,80.0,160.0,240.0,1.0,0.25,0.4187500000000018,0.25,0.3333333333333333,0.21428571428571427,5,20,2,6,0,46.49999999999986,0.6,1.0,posthoc_eval,
realcartest_2000_3200,B7-core,48,0.4,3,120,44,0,36,0,8,180.0,180.0,360.0,1.0,0.45,0.5322222222222236,0.45,0.6666666666666666,0.35714285714285715,9,20,4,6,0,84.19999999999976,1.0,1.0,posthoc_eval,
realcartest_2000_3200,LATE-AQP-core,48,0.4,3,120,29,12,5,2,10,100.0,90.0,190.0,1.0,0.2,0.6280000000000012,0.2,0.3333333333333333,0.14285714285714285,4,20,2,6,0,37.199999999999875,1.5,1.0,strict_replay,
realcartest_2000_3200,B6,48,0.4,4,120,48,0,48,0,0,480.0,0.0,480.0,0.25,0.45,0.15604166666666694,0.45,0.6666666666666666,0.35714285714285715,9,20,4,6,12,405.09999999999985,0.5555555555555556,1.0,posthoc_eval,
realcartest_2000_3200,B7,48,0.4,4,120,48,0,48,0,0,480.0,0.0,480.0,0.3,0.5,0.15937500000000066,0.5,0.5,0.5,10,20,3,6,7,403.49999999999966,0.7,1.0,posthoc_eval,
realcartest_2000_3200,B6-core,48,0.4,4,120,48,0,27,0,21,160.0,110.0,270.0,1.0,0.4,0.5350000000000011,0.4,0.5,0.35714285714285715,8,20,3,6,0,74.39999999999982,1.0,1.0,posthoc_eval,
realcartest_2000_3200,B7-core,48,0.4,4,120,44,0,39,0,5,120.0,270.0,390.0,1.0,0.35,0.45333333333333364,0.35,0.5,0.2857142857142857,7,20,3,6,0,65.59999999999997,0.7142857142857143,1.0,posthoc_eval,
realcartest_2000_3200,LATE-AQP-core,48,0.4,4,120,30,5,16,0,9,90.0,120.0,210.0,1.0,0.15,0.6900000000000008,0.15,0.3333333333333333,0.07142857142857142,3,20,2,6,0,27.89999999999992,2.0,1.0,strict_replay,
realcartest_2000_3200,B6,60,0.5,0,120,60,0,60,0,0,600.0,0.0,600.0,0.391304347826087,0.7,0.1640000000000006,0.7,1.0,0.5714285714285714,14,20,6,6,14,501.5999999999996,0.5,1.1428571428571428,posthoc_eval,
realcartest_2000_3200,B7,60,0.5,0,120,60,0,60,0,0,600.0,0.0,600.0,0.2631578947368421,0.6,0.14650000000000063,0.6,0.5,0.6428571428571429,12,20,3,6,14,512.0999999999997,0.6666666666666666,1.0,posthoc_eval,
realcartest_2000_3200,B6-core,60,0.5,0,120,51,0,31,0,20,140.0,170.0,310.0,1.0,0.45,0.4021428571428591,0.45,0.6666666666666666,0.35714285714285715,9,20,4,6,0,83.69999999999973,0.5555555555555556,1.0,posthoc_eval,
realcartest_2000_3200,B7-core,60,0.5,0,120,60,0,49,0,11,250.0,240.0,490.0,1.0,0.65,0.5164000000000014,0.65,1.0,0.5,13,20,6,6,0,120.89999999999964,0.9230769230769231,1.0,posthoc_eval,
realcartest_2000_3200,LATE-AQP-core,60,0.5,0,120,58,15,17,4,22,200.0,160.0,360.0,1.0,0.5,0.5350000000000016,0.5,0.8333333333333334,0.35714285714285715,10,20,5,6,0,92.99999999999969,1.0,1.0,strict_replay,
realcartest_2000_3200,B6,60,0.5,1,120,60,0,60,0,0,600.0,0.0,600.0,0.2857142857142857,0.4,0.07600000000000054,0.4,0.6666666666666666,0.2857142857142857,8,20,4,6,15,554.3999999999996,0.5,1.125,posthoc_eval,
realcartest_2000_3200,B7,60,0.5,1,120,60,0,60,0,0,600.0,0.0,600.0,0.23529411764705882,0.6,0.16200000000000045,0.6,0.6666666666666666,0.5714285714285714,12,20,4,6,13,502.7999999999997,0.6666666666666666,1.0,posthoc_eval,
realcartest_2000_3200,B6-core,60,0.5,1,120,57,0,40,0,17,180.0,220.0,400.0,1.0,0.5,0.5350000000000013,0.5,0.8333333333333334,0.35714285714285715,10,20,5,6,0,83.69999999999978,0.8,1.0,posthoc_eval,
realcartest_2000_3200,B7-core,60,0.5,1,120,50,0,44,0,6,200.0,240.0,440.0,1.0,0.5,0.5325000000000011,0.5,0.8333333333333334,0.35714285714285715,10,20,5,6,0,93.49999999999977,1.0,1.0,posthoc_eval,
realcartest_2000_3200,LATE-AQP-core,60,0.5,1,120,48,15,17,3,13,150.0,200.0,350.0,1.0,0.4,0.504000000000002,0.4,0.5,0.35714285714285715,8,20,3,6,0,74.3999999999997,0.875,1.0,strict_replay,
realcartest_2000_3200,B6,60,0.5,2,120,60,0,60,0,0,600.0,0.0,600.0,0.4375,0.7,0.14733333333333384,0.7,0.8333333333333334,0.6428571428571429,14,20,5,6,9,511.5999999999997,0.42857142857142855,1.0,posthoc_eval,
realcartest_2000_3200,B7,60,0.5,2,120,60,0,60,0,0,600.0,0.0,600.0,0.3333333333333333,0.65,0.1806666666666673,0.65,0.8333333333333334,0.5714285714285714,13,20,5,6,10,491.5999999999996,0.6923076923076923,1.0,posthoc_eval,
realcartest_2000_3200,B6-core,60,0.5,2,120,50,0,42,0,8,100.0,320.0,420.0,1.0,0.3,0.4420000000000017,0.3,0.5,0.21428571428571427,6,20,3,6,0,55.79999999999983,0.6666666666666666,1.0,posthoc_eval,
realcartest_2000_3200,B7-core,60,0.5,2,120,56,0,46,0,10,180.0,280.0,460.0,1.0,0.45,0.5322222222222236,0.45,0.6666666666666666,0.35714285714285715,9,20,4,6,0,84.19999999999976,1.0,1.0,posthoc_eval,
realcartest_2000_3200,LATE-AQP-core,60,0.5,2,120,53,15,15,5,18,170.0,180.0,350.0,1.0,0.45,0.5076470588235314,0.45,0.6666666666666666,0.35714285714285715,9,20,4,6,0,83.69999999999965,0.8888888888888888,1.0,strict_replay,
realcartest_2000_3200,B6,60,0.5,3,120,60,0,60,0,0,600.0,0.0,600.0,0.35294117647058826,0.65,0.1318333333333339,0.65,0.8333333333333334,0.5714285714285714,13,20,5,6,11,520.8999999999996,0.5384615384615384,1.0769230769230769,posthoc_eval,
realcartest_2000_3200,B7,60,0.5,3,120,60,0,60,0,0,600.0,0.0,600.0,0.21428571428571427,0.5,0.19416666666666704,0.5,0.8333333333333334,0.35714285714285715,10,20,5,6,11,483.4999999999998,1.1,1.0,posthoc_eval,
realcartest_2000_3200,B6-core,60,0.5,3,120,38,0,22,0,16,90.0,130.0,220.0,1.0,0.3,0.380000000000001,0.3,0.3333333333333333,0.2857142857142857,6,20,2,6,0,55.79999999999991,0.5,1.0,posthoc_eval,
realcartest_2000_3200,B7-core,60,0.5,3,120,60,0,52,0,8,230.0,290.0,520.0,1.0,0.65,0.47217391304347983,0.65,0.8333333333333334,0.5714285714285714,13,20,5,6,0,121.39999999999964,0.7692307692307693,1.0,posthoc_eval,
realcartest_2000_3200,LATE-AQP-core,60,0.5,3,120,48,6,23,0,19,150.0,140.0,290.0,1.0,0.35,0.5660000000000017,0.35,0.6666666666666666,0.21428571428571427,7,20,4,6,0,65.09999999999974,1.1428571428571428,1.0,strict_replay,
realcartest_2000_3200,B6,60,0.5,4,120,60,0,60,0,0,600.0,0.0,600.0,0.2857142857142857,0.5,0.1438333333333337,0.5,0.8333333333333334,0.35714285714285715,10,20,5,6,15,513.6999999999998,0.7,1.1,posthoc_eval,
realcartest_2000_3200,B7,60,0.5,4,120,60,0,60,0,0,600.0,0.0,600.0,0.2727272727272727,0.6,0.1631666666666672,0.6,0.6666666666666666,0.5714285714285714,12,20,4,6,8,502.0999999999997,0.75,1.0,posthoc_eval,
realcartest_2000_3200,B6-core,60,0.5,4,120,56,0,33,0,23,120.0,210.0,330.0,1.0,0.3,0.5308333333333348,0.3,0.3333333333333333,0.2857142857142857,6,20,2,6,0,56.29999999999983,1.0,1.0,posthoc_eval,
realcartest_2000_3200,B7-core,60,0.5,4,120,57,0,47,0,10,220.0,250.0,470.0,1.0,0.6,0.4904545454545469,0.6,0.8333333333333334,0.5,12,20,5,6,0,112.09999999999968,0.8333333333333334,1.0,posthoc_eval,
realcartest_2000_3200,LATE-AQP-core,60,0.5,4,120,48,6,23,0,19,150.0,140.0,290.0,1.0,0.35,0.5660000000000017,0.35,0.6666666666666666,0.21428571428571427,7,20,4,6,0,65.09999999999974,1.1428571428571428,1.0,strict_replay,
realcartest_2000_3200,B6,80,0.6666666666666666,0,120,80,0,80,0,0,800.0,0.0,800.0,0.3888888888888889,0.8,0.13725000000000057,0.8,1.0,0.7142857142857143,16,20,6,6,11,690.1999999999996,0.5,1.125,posthoc_eval,
realcartest_2000_3200,B7,80,0.6666666666666666,0,120,80,0,80,0,0,800.0,0.0,800.0,0.375,0.75,0.1500000000000005,0.75,0.8333333333333334,0.7142857142857143,15,20,5,6,10,679.9999999999995,0.7333333333333333,1.0,posthoc_eval,
realcartest_2000_3200,B6-core,80,0.6666666666666666,0,120,74,0,56,0,18,210.0,350.0,560.0,1.0,0.5,0.5547619047619059,0.5,0.8333333333333334,0.35714285714285715,10,20,5,6,0,93.49999999999977,1.1,1.0,posthoc_eval,
realcartest_2000_3200,B7-core,80,0.6666666666666666,0,120,75,0,67,0,8,230.0,440.0,670.0,1.0,0.65,0.4743478260869586,0.65,0.8333333333333334,0.5714285714285714,13,20,5,6,0,120.89999999999952,0.7692307692307693,1.0,posthoc_eval,
realcartest_2000_3200,LATE-AQP-core,80,0.6666666666666666,0,120,77,20,23,10,24,240.0,290.0,530.0,1.0,0.7,0.4554166666666685,0.7,0.8333333333333334,0.6428571428571429,14,20,5,6,0,130.69999999999953,0.7142857142857143,1.0,strict_replay,
realcartest_2000_3200,B6,80,0.6666666666666666,1,120,80,0,80,0,0,800.0,0.0,800.0,0.5,0.6,0.08550000000000038,0.6,0.8333333333333334,0.5,12,20,5,6,8,731.5999999999997,0.5,1.0833333333333333,posthoc_eval,
realcartest_2000_3200,B7,80,0.6666666666666666,1,120,80,0,80,0,0,800.0,0.0,800.0,0.3333333333333333,0.75,0.1366250000000003,0.75,0.8333333333333334,0.7142857142857143,15,20,5,6,12,690.6999999999998,0.6,1.0,posthoc_eval,
realcartest_2000_3200,B6-core,80,0.6666666666666666,1,120,66,0,50,0,16,180.0,320.0,500.0,1.0,0.6,0.43166666666666914,0.6,0.6666666666666666,0.5714285714285714,12,20,4,6,0,102.29999999999956,0.5,1.0,posthoc_eval,
realcartest_2000_3200,B7-core,80,0.6666666666666666,1,120,78,0,65,0,13,270.0,380.0,650.0,1.0,0.75,0.48148148148148295,0.75,1.0,0.6428571428571429,15,20,6,6,0,139.9999999999996,0.8,1.0,posthoc_eval,
realcartest_2000_3200,LATE-AQP-core,80,0.6666666666666666,1,120,80,20,29,7,24,270.0,290.0,560.0,1.0,0.75,0.4814814814814833,0.75,1.0,0.6428571428571429,15,20,6,6,0,139.99999999999952,0.8,1.0,strict_replay,
realcartest_2000_3200,B6,80,0.6666666666666666,2,120,80,0,80,0,0,800.0,0.0,800.0,0.46153846153846156,0.8,0.11162500000000036,0.8,0.8333333333333334,0.7857142857142857,16,20,5,6,7,710.6999999999997,0.375,1.0,posthoc_eval,
realcartest_2000_3200,B7,80,0.6666666666666666,2,120,80,0,80,0,0,800.0,0.0,800.0,0.29411764705882354,0.85,0.15150000000000052,0.85,1.0,0.7857142857142857,17,20,6,6,12,678.7999999999996,0.5882352941176471,1.0,posthoc_eval,
realcartest_2000_3200,B6-core,80,0.6666666666666666,2,120,80,0,60,0,20,200.0,400.0,600.0,1.0,0.55,0.486000000000001,0.55,0.6666666666666666,0.5,11,20,4,6,0,102.7999999999998,0.8181818181818182,1.0,posthoc_eval,
realcartest_2000_3200,B7-core,80,0.6666666666666666,2,120,73,0,68,0,5,230.0,450.0,680.0,1.0,0.65,0.47217391304347983,0.65,0.8333333333333334,0.5714285714285714,13,20,5,6,0,121.39999999999964,0.7692307692307693,1.0,posthoc_eval,
realcartest_2000_3200,LATE-AQP-core,80,0.6666666666666666,2,120,70,20,25,4,21,200.0,290.0,490.0,1.0,0.6,0.44200000000000245,0.6,0.6666666666666666,0.5714285714285714,12,20,4,6,0,111.59999999999951,0.6666666666666666,1.0,strict_replay,
realcartest_2000_3200,B6,80,0.6666666666666666,3,120,80,0,80,0,0,800.0,0.0,800.0,0.3684210526315789,0.75,0.13812500000000041,0.75,1.0,0.6428571428571429,15,20,6,6,12,689.4999999999997,0.6666666666666666,1.1333333333333333,posthoc_eval,
realcartest_2000_3200,B7,80,0.6666666666666666,3,120,80,0,80,0,0,800.0,0.0,800.0,0.4375,0.85,0.16425000000000062,0.85,1.0,0.7857142857142857,17,20,6,6,9,668.5999999999995,0.7058823529411765,1.0,posthoc_eval,
realcartest_2000_3200,B6-core,80,0.6666666666666666,3,120,72,0,52,0,20,190.0,330.0,520.0,1.0,0.5,0.5078947368421067,0.5,0.6666666666666666,0.42857142857142855,10,20,4,6,0,93.49999999999972,0.9,1.0,posthoc_eval,
realcartest_2000_3200,B7-core,80,0.6666666666666666,3,120,80,0,67,0,13,250.0,420.0,670.0,1.0,0.75,0.44000000000000183,0.75,0.8333333333333334,0.7142857142857143,15,20,5,6,0,139.99999999999955,0.6666666666666666,1.0,posthoc_eval,
realcartest_2000_3200,LATE-AQP-core,80,0.6666666666666666,3,120,80,6,49,0,25,260.0,290.0,550.0,1.0,0.7,0.4973076923076939,0.7,1.0,0.5714285714285714,14,20,6,6,0,130.6999999999996,0.8571428571428571,1.0,strict_replay,
realcartest_2000_3200,B6,80,0.6666666666666666,4,120,80,0,80,0,0,800.0,0.0,800.0,0.4,0.65,0.11137500000000043,0.65,1.0,0.5,13,20,6,6,12,710.8999999999996,0.6153846153846154,1.0769230769230769,posthoc_eval,
realcartest_2000_3200,B7,80,0.6666666666666666,4,120,80,0,80,0,0,800.0,0.0,800.0,0.15789473684210525,0.6,0.1223750000000004,0.6,0.6666666666666666,0.5714285714285714,12,20,4,6,16,702.0999999999997,0.75,1.0,posthoc_eval,
realcartest_2000_3200,B6-core,80,0.6666666666666666,4,120,57,0,46,0,11,130.0,330.0,460.0,1.0,0.45,0.35615384615384843,0.45,0.5,0.42857142857142855,9,20,3,6,0,83.6999999999997,0.4444444444444444,1.0,posthoc_eval,
realcartest_2000_3200,B7-core,80,0.6666666666666666,4,120,77,0,66,0,11,220.0,440.0,660.0,1.0,0.7,0.4081818181818203,0.7,0.6666666666666666,0.7142857142857143,14,20,4,6,0,130.19999999999953,0.5714285714285714,1.0,posthoc_eval,
realcartest_2000_3200,LATE-AQP-core,80,0.6666666666666666,4,120,80,6,49,0,25,260.0,290.0,550.0,1.0,0.7,0.497307692307694,0.7,1.0,0.5714285714285714,14,20,6,6,0,130.69999999999956,0.8571428571428571,1.0,strict_replay,
realcartest_2000_3200,B6,90,0.75,0,120,90,0,90,0,0,900.0,0.0,900.0,0.3125,0.8,0.13311111111111162,0.8,1.0,0.7142857142857143,16,20,6,6,11,780.1999999999996,0.5625,1.0625,posthoc_eval,
realcartest_2000_3200,B7,90,0.75,0,120,90,0,90,0,0,900.0,0.0,900.0,0.42857142857142855,0.9,0.13566666666666718,0.9,0.8333333333333334,0.9285714285714286,18,20,5,6,8,777.8999999999995,0.6111111111111112,1.0,posthoc_eval,
realcartest_2000_3200,B6-core,90,0.75,0,120,88,0,66,0,22,260.0,400.0,660.0,1.0,0.7,0.49730769230769367,0.7,1.0,0.5714285714285714,14,20,6,6,0,130.69999999999965,0.8571428571428571,1.0,posthoc_eval,
realcartest_2000_3200,B7-core,90,0.75,0,120,86,0,77,0,9,260.0,510.0,770.0,1.0,0.7,0.4973076923076932,0.7,1.0,0.5714285714285714,14,20,6,6,0,130.69999999999976,0.8571428571428571,1.0,posthoc_eval,
realcartest_2000_3200,LATE-AQP-core,90,0.75,0,120,90,22,27,11,30,280.0,320.0,600.0,1.0,0.8,0.46678571428571586,0.8,1.0,0.7142857142857143,16,20,6,6,0,149.29999999999956,0.75,1.0,strict_replay,
realcartest_2000_3200,B6,90,0.75,1,120,90,0,90,0,0,900.0,0.0,900.0,0.5625,0.7,0.08866666666666705,0.7,0.8333333333333334,0.6428571428571429,14,20,5,6,7,820.1999999999997,0.5,1.0714285714285714,posthoc_eval,
realcartest_2000_3200,B7,90,0.75,1,120,90,0,90,0,0,900.0,0.0,900.0,0.2777777777777778,0.8,0.12300000000000037,0.8,0.8333333333333334,0.7857142857142857,16,20,5,6,13,789.2999999999997,0.625,1.0625,posthoc_eval,
realcartest_2000_3200,B6-core,90,0.75,1,120,85,0,62,0,23,230.0,390.0,620.0,1.0,0.7,0.4339130434782621,0.7,0.6666666666666666,0.7142857142857143,14,20,4,6,0,130.1999999999997,0.6428571428571429,1.0,posthoc_eval,
realcartest_2000_3200,B7-core,90,0.75,1,120,86,0,75,0,11,240.0,510.0,750.0,1.0,0.8,0.41666666666666835,0.8,0.8333333333333334,0.7857142857142857,16,20,5,6,0,139.9999999999996,0.5,1.0,posthoc_eval,
realcartest_2000_3200,LATE-AQP-core,90,0.75,1,120,87,22,34,7,24,270.0,360.0,630.0,1.0,0.75,0.4814814814814833,0.75,1.0,0.6428571428571429,15,20,6,6,0,139.99999999999952,0.8,1.0,strict_replay,
realcartest_2000_3200,B6,90,0.75,2,120,90,0,90,0,0,900.0,0.0,900.0,0.5,0.95,0.11266666666666715,0.95,1.0,0.9285714285714286,19,20,6,6,6,798.5999999999996,0.3684210526315789,1.0,posthoc_eval,
realcartest_2000_3200,B7,90,0.75,2,120,90,0,90,0,0,900.0,0.0,900.0,0.3333333333333333,0.9,0.14733333333333387,0.9,1.0,0.8571428571428571,18,20,6,6,10,767.3999999999995,0.6666666666666666,1.0,posthoc_eval,
realcartest_2000_3200,B6-core,90,0.75,2,120,80,0,64,0,16,260.0,380.0,640.0,1.0,0.8,0.4257692307692327,0.8,0.8333333333333334,0.7857142857142857,16,20,5,6,0,149.2999999999995,0.625,1.0,posthoc_eval,
realcartest_2000_3200,B7-core,90,0.75,2,120,86,0,79,0,7,250.0,540.0,790.0,1.0,0.75,0.4400000000000014,0.75,0.8333333333333334,0.7142857142857143,15,20,5,6,0,139.99999999999966,0.6666666666666666,1.0,posthoc_eval,
realcartest_2000_3200,LATE-AQP-core,90,0.75,2,120,86,22,34,4,26,270.0,330.0,600.0,1.0,0.75,0.4814814814814833,0.75,1.0,0.6428571428571429,15,20,6,6,0,139.99999999999952,0.8,1.0,strict_replay,
realcartest_2000_3200,B6,90,0.75,3,120,90,0,90,0,0,900.0,0.0,900.0,0.42105263157894735,0.8,0.12355555555555597,0.8,1.0,0.7142857142857143,16,20,6,6,11,788.7999999999996,0.625,1.125,posthoc_eval,
realcartest_2000_3200,B7,90,0.75,3,120,90,0,90,0,0,900.0,0.0,900.0,0.46153846153846156,0.85,0.14600000000000055,0.85,1.0,0.7857142857142857,17,20,6,6,7,768.5999999999995,0.7058823529411765,1.0,posthoc_eval,
realcartest_2000_3200,B6-core,90,0.75,3,120,80,0,56,0,24,260.0,300.0,560.0,1.0,0.7,0.49730769230769367,0.7,1.0,0.5714285714285714,14,20,6,6,0,130.69999999999965,0.8571428571428571,1.0,posthoc_eval,
realcartest_2000_3200,B7-core,90,0.75,3,120,83,0,76,0,7,210.0,550.0,760.0,1.0,0.6,0.46619047619047743,0.6,0.6666666666666666,0.5714285714285714,12,20,4,6,0,112.09999999999974,0.75,1.0,posthoc_eval,
realcartest_2000_3200,LATE-AQP-core,90,0.75,3,120,84,6,52,0,26,270.0,310.0,580.0,1.0,0.75,0.4814814814814832,0.75,1.0,0.6428571428571429,15,20,6,6,0,139.99999999999955,0.8,1.0,strict_replay,
realcartest_2000_3200,B6,90,0.75,4,120,90,0,90,0,0,900.0,0.0,900.0,0.2857142857142857,0.7,0.14422222222222267,0.7,1.0,0.5714285714285714,14,20,6,6,10,770.1999999999996,0.8571428571428571,1.0,posthoc_eval,
realcartest_2000_3200,B7,90,0.75,4,120,90,0,90,0,0,900.0,0.0,900.0,0.16666666666666666,0.65,0.12066666666666707,0.65,0.8333333333333334,0.5714285714285714,13,20,5,6,15,791.3999999999996,0.7692307692307693,1.0,posthoc_eval,
realcartest_2000_3200,B6-core,90,0.75,4,120,74,0,54,0,20,210.0,330.0,540.0,1.0,0.6,0.5128571428571438,0.6,0.8333333333333334,0.5,12,20,5,6,0,102.2999999999998,0.75,1.0,posthoc_eval,
realcartest_2000_3200,B7-core,90,0.75,4,120,89,0,80,0,9,280.0,520.0,800.0,1.0,0.8,0.46678571428571547,0.8,1.0,0.7142857142857143,16,20,6,6,0,149.29999999999967,0.75,1.0,posthoc_eval,
realcartest_2000_3200,LATE-AQP-core,90,0.75,4,120,89,6,53,0,30,270.0,320.0,590.0,1.0,0.75,0.4814814814814833,0.75,1.0,0.6428571428571429,15,20,6,6,0,139.99999999999952,0.8,1.0,strict_replay,
realcartest_2000_3200,B6,100,0.8333333333333334,0,120,100,0,100,0,0,1000.0,0.0,1000.0,0.38461538461538464,0.85,0.12000000000000045,0.85,1.0,0.7857142857142857,17,20,6,6,8,879.9999999999995,0.5294117647058824,1.0588235294117647,posthoc_eval,
realcartest_2000_3200,B7,100,0.8333333333333334,0,120,100,0,100,0,0,1000.0,0.0,1000.0,0.6,0.95,0.12280000000000046,0.95,0.8333333333333334,1.0,19,20,5,6,4,877.1999999999996,0.5789473684210527,1.0,posthoc_eval,
realcartest_2000_3200,B6-core,100,0.8333333333333334,0,120,99,0,72,0,27,270.0,450.0,720.0,1.0,0.85,0.4144444444444462,0.85,0.8333333333333334,0.8571428571428571,17,20,5,6,0,158.0999999999995,0.5882352941176471,1.0,posthoc_eval,
realcartest_2000_3200,B7-core,100,0.8333333333333334,0,120,95,0,88,0,7,250.0,630.0,880.0,1.0,0.75,0.4400000000000014,0.75,0.8333333333333334,0.7142857142857143,15,20,5,6,0,139.99999999999966,0.6666666666666666,1.0,posthoc_eval,
realcartest_2000_3200,LATE-AQP-core,100,0.8333333333333334,0,120,97,25,37,10,25,280.0,440.0,720.0,1.0,0.8,0.4667857142857162,0.8,1.0,0.7142857142857143,16,20,6,6,0,149.29999999999947,0.75,1.0,strict_replay,
realcartest_2000_3200,B6,100,0.8333333333333334,1,120,100,0,100,0,0,1000.0,0.0,1000.0,0.5,0.8,0.09120000000000043,0.8,0.8333333333333334,0.7857142857142857,16,20,5,6,8,908.7999999999996,0.5,1.125,posthoc_eval,
realcartest_2000_3200,B7,100,0.8333333333333334,1,120,100,0,100,0,0,1000.0,0.0,1000.0,0.46153846153846156,0.9,0.12210000000000042,0.9,0.8333333333333334,0.9285714285714286,18,20,5,6,7,877.8999999999996,0.6111111111111112,1.0,posthoc_eval,
realcartest_2000_3200,B6-core,100,0.8333333333333334,1,120,96,0,75,0,21,260.0,490.0,750.0,1.0,0.8,0.42769230769230937,0.8,0.8333333333333334,0.7857142857142857,16,20,5,6,0,148.79999999999956,0.625,1.0,posthoc_eval,
realcartest_2000_3200,B7-core,100,0.8333333333333334,1,120,97,0,87,0,10,290.0,580.0,870.0,1.0,0.85,0.45310344827586335,0.85,1.0,0.7857142857142857,17,20,6,6,0,158.59999999999962,0.7058823529411765,1.0,posthoc_eval,
realcartest_2000_3200,LATE-AQP-core,100,0.8333333333333334,1,120,97,25,38,7,27,280.0,420.0,700.0,1.0,0.8,0.4667857142857162,0.8,1.0,0.7142857142857143,16,20,6,6,0,149.29999999999947,0.75,1.0,strict_replay,
realcartest_2000_3200,B6,100,0.8333333333333334,2,120,100,0,100,0,0,1000.0,0.0,1000.0,0.38461538461538464,1.0,0.11210000000000048,1.0,1.0,1.0,20,20,6,6,8,887.8999999999995,0.4,1.05,posthoc_eval,
realcartest_2000_3200,B7,100,0.8333333333333334,2,120,100,0,100,0,0,1000.0,0.0,1000.0,0.35714285714285715,0.95,0.13330000000000053,0.95,1.0,0.9285714285714286,19,20,6,6,9,866.6999999999995,0.631578947368421,1.0,posthoc_eval,
realcartest_2000_3200,B6-core,100,0.8333333333333334,2,120,95,0,84,0,11,250.0,590.0,840.0,1.0,0.75,0.4400000000000014,0.75,0.8333333333333334,0.7142857142857143,15,20,5,6,0,139.99999999999966,0.6666666666666666,1.0,posthoc_eval,
realcartest_2000_3200,B7-core,100,0.8333333333333334,2,120,96,0,90,0,6,270.0,630.0,900.0,1.0,0.8,0.44703703703703845,0.8,0.8333333333333334,0.7857142857142857,16,20,5,6,0,149.2999999999996,0.6875,1.0,posthoc_eval,
realcartest_2000_3200,LATE-AQP-core,100,0.8333333333333334,2,120,99,25,38,7,29,270.0,430.0,700.0,1.0,0.75,0.4814814814814833,0.75,1.0,0.6428571428571429,15,20,6,6,0,139.99999999999952,0.8,1.0,strict_replay,
realcartest_2000_3200,B6,100,0.8333333333333334,3,120,100,0,100,0,0,1000.0,0.0,1000.0,0.5294117647058824,0.9,0.12260000000000046,0.9,1.0,0.8571428571428571,18,20,6,6,8,877.3999999999995,0.6111111111111112,1.0555555555555556,posthoc_eval,
realcartest_2000_3200,B7,100,0.8333333333333334,3,120,100,0,100,0,0,1000.0,0.0,1000.0,0.5,0.85,0.1314000000000005,0.85,1.0,0.7857142857142857,17,20,6,6,5,868.5999999999995,0.7058823529411765,1.0,posthoc_eval,
realcartest_2000_3200,B6-core,100,0.8333333333333334,3,120,100,0,78,0,22,270.0,510.0,780.0,1.0,0.75,0.4833333333333348,0.75,1.0,0.6428571428571429,15,20,6,6,0,139.4999999999996,0.8,1.0,posthoc_eval,
realcartest_2000_3200,B7-core,100,0.8333333333333334,3,120,99,0,87,0,12,310.0,560.0,870.0,1.0,0.95,0.42838709677419506,0.95,1.0,0.9285714285714286,19,20,6,6,0,177.19999999999953,0.631578947368421,1.0,posthoc_eval,
realcartest_2000_3200,LATE-AQP-core,100,0.8333333333333334,3,120,100,6,62,0,32,300.0,440.0,740.0,1.0,0.9,0.44033333333333513,0.9,1.0,0.8571428571428571,18,20,6,6,0,167.89999999999947,0.6666666666666666,1.0,strict_replay,
realcartest_2000_3200,B6,100,0.8333333333333334,4,120,100,0,100,0,0,1000.0,0.0,1000.0,0.5,0.85,0.13190000000000043,0.85,1.0,0.7857142857142857,17,20,6,6,6,868.0999999999996,0.7058823529411765,1.0,posthoc_eval,
realcartest_2000_3200,B7,100,0.8333333333333334,4,120,100,0,100,0,0,1000.0,0.0,1000.0,0.3333333333333333,0.7,0.10930000000000041,0.7,0.8333333333333334,0.6428571428571429,14,20,5,6,8,890.6999999999996,0.7142857142857143,1.0,posthoc_eval,
realcartest_2000_3200,B6-core,100,0.8333333333333334,4,120,97,0,78,0,19,290.0,490.0,780.0,1.0,0.85,0.45310344827586374,0.85,1.0,0.7857142857142857,17,20,6,6,0,158.5999999999995,0.7058823529411765,1.0,posthoc_eval,
realcartest_2000_3200,B7-core,100,0.8333333333333334,4,120,97,0,86,0,11,260.0,600.0,860.0,1.0,0.7,0.4992307692307705,0.7,1.0,0.5714285714285714,14,20,6,6,0,130.19999999999968,0.8571428571428571,1.0,posthoc_eval,
realcartest_2000_3200,LATE-AQP-core,100,0.8333333333333334,4,120,100,6,68,0,26,300.0,460.0,760.0,1.0,0.9,0.44033333333333513,0.9,1.0,0.8571428571428571,18,20,6,6,0,167.89999999999947,0.6666666666666666,1.0,strict_replay,
realcartest_2000_3200,B6,120,1.0,0,120,120,0,120,0,0,1200.0,0.0,1200.0,1.0,1.0,0.11125000000000043,1.0,1.0,1.0,20,20,6,6,0,1066.4999999999995,0.6,1.0,posthoc_eval,close_to_full_sweep
realcartest_2000_3200,B7,120,1.0,0,120,120,0,120,0,0,1200.0,0.0,1200.0,1.0,1.0,0.11125000000000043,1.0,1.0,1.0,20,20,6,6,0,1066.4999999999995,0.6,1.0,posthoc_eval,close_to_full_sweep
realcartest_2000_3200,B6-core,120,1.0,0,120,120,0,120,0,0,320.0,880.0,1200.0,1.0,1.0,0.4171875000000016,1.0,1.0,1.0,20,20,6,6,0,186.4999999999995,0.6,1.0,posthoc_eval,close_to_full_sweep
realcartest_2000_3200,B7-core,120,1.0,0,120,120,0,120,0,0,320.0,880.0,1200.0,1.0,1.0,0.4171875000000016,1.0,1.0,1.0,20,20,6,6,0,186.4999999999995,0.6,1.0,posthoc_eval,close_to_full_sweep
realcartest_2000_3200,LATE-AQP-core,120,1.0,0,120,120,30,79,11,0,320.0,880.0,1200.0,1.0,1.0,0.4171875000000016,1.0,1.0,1.0,20,20,6,6,0,186.4999999999995,0.6,1.0,strict_replay,close_to_full_sweep
realcartest_2000_3200,B6,120,1.0,1,120,120,0,120,0,0,1200.0,0.0,1200.0,1.0,1.0,0.11125000000000043,1.0,1.0,1.0,20,20,6,6,0,1066.4999999999995,0.6,1.0,posthoc_eval,close_to_full_sweep
realcartest_2000_3200,B7,120,1.0,1,120,120,0,120,0,0,1200.0,0.0,1200.0,1.0,1.0,0.11125000000000043,1.0,1.0,1.0,20,20,6,6,0,1066.4999999999995,0.6,1.0,posthoc_eval,close_to_full_sweep
realcartest_2000_3200,B6-core,120,1.0,1,120,120,0,120,0,0,320.0,880.0,1200.0,1.0,1.0,0.4171875000000016,1.0,1.0,1.0,20,20,6,6,0,186.4999999999995,0.6,1.0,posthoc_eval,close_to_full_sweep
realcartest_2000_3200,B7-core,120,1.0,1,120,120,0,120,0,0,320.0,880.0,1200.0,1.0,1.0,0.4171875000000016,1.0,1.0,1.0,20,20,6,6,0,186.4999999999995,0.6,1.0,posthoc_eval,close_to_full_sweep
realcartest_2000_3200,LATE-AQP-core,120,1.0,1,120,120,30,82,8,0,320.0,880.0,1200.0,1.0,1.0,0.4171875000000016,1.0,1.0,1.0,20,20,6,6,0,186.4999999999995,0.6,1.0,strict_replay,close_to_full_sweep
realcartest_2000_3200,B6,120,1.0,2,120,120,0,120,0,0,1200.0,0.0,1200.0,1.0,1.0,0.11125000000000043,1.0,1.0,1.0,20,20,6,6,0,1066.4999999999995,0.6,1.0,posthoc_eval,close_to_full_sweep
realcartest_2000_3200,B7,120,1.0,2,120,120,0,120,0,0,1200.0,0.0,1200.0,1.0,1.0,0.11125000000000043,1.0,1.0,1.0,20,20,6,6,0,1066.4999999999995,0.6,1.0,posthoc_eval,close_to_full_sweep
realcartest_2000_3200,B6-core,120,1.0,2,120,120,0,120,0,0,320.0,880.0,1200.0,1.0,1.0,0.4171875000000016,1.0,1.0,1.0,20,20,6,6,0,186.4999999999995,0.6,1.0,posthoc_eval,close_to_full_sweep
realcartest_2000_3200,B7-core,120,1.0,2,120,120,0,120,0,0,320.0,880.0,1200.0,1.0,1.0,0.4171875000000016,1.0,1.0,1.0,20,20,6,6,0,186.4999999999995,0.6,1.0,posthoc_eval,close_to_full_sweep
realcartest_2000_3200,LATE-AQP-core,120,1.0,2,120,120,30,82,8,0,320.0,880.0,1200.0,1.0,1.0,0.4171875000000016,1.0,1.0,1.0,20,20,6,6,0,186.4999999999995,0.6,1.0,strict_replay,close_to_full_sweep
realcartest_2000_3200,B6,120,1.0,3,120,120,0,120,0,0,1200.0,0.0,1200.0,1.0,1.0,0.11125000000000043,1.0,1.0,1.0,20,20,6,6,0,1066.4999999999995,0.6,1.0,posthoc_eval,close_to_full_sweep
realcartest_2000_3200,B7,120,1.0,3,120,120,0,120,0,0,1200.0,0.0,1200.0,1.0,1.0,0.11125000000000043,1.0,1.0,1.0,20,20,6,6,0,1066.4999999999995,0.6,1.0,posthoc_eval,close_to_full_sweep
realcartest_2000_3200,B6-core,120,1.0,3,120,120,0,120,0,0,320.0,880.0,1200.0,1.0,1.0,0.4171875000000016,1.0,1.0,1.0,20,20,6,6,0,186.4999999999995,0.6,1.0,posthoc_eval,close_to_full_sweep
realcartest_2000_3200,B7-core,120,1.0,3,120,120,0,120,0,0,320.0,880.0,1200.0,1.0,1.0,0.4171875000000016,1.0,1.0,1.0,20,20,6,6,0,186.4999999999995,0.6,1.0,posthoc_eval,close_to_full_sweep
realcartest_2000_3200,LATE-AQP-core,120,1.0,3,120,120,6,114,0,0,320.0,880.0,1200.0,1.0,1.0,0.4171875000000016,1.0,1.0,1.0,20,20,6,6,0,186.4999999999995,0.6,1.0,strict_replay,close_to_full_sweep
realcartest_2000_3200,B6,120,1.0,4,120,120,0,120,0,0,1200.0,0.0,1200.0,1.0,1.0,0.11125000000000043,1.0,1.0,1.0,20,20,6,6,0,1066.4999999999995,0.6,1.0,posthoc_eval,close_to_full_sweep
realcartest_2000_3200,B7,120,1.0,4,120,120,0,120,0,0,1200.0,0.0,1200.0,1.0,1.0,0.11125000000000043,1.0,1.0,1.0,20,20,6,6,0,1066.4999999999995,0.6,1.0,posthoc_eval,close_to_full_sweep
realcartest_2000_3200,B6-core,120,1.0,4,120,120,0,120,0,0,320.0,880.0,1200.0,1.0,1.0,0.4171875000000016,1.0,1.0,1.0,20,20,6,6,0,186.4999999999995,0.6,1.0,posthoc_eval,close_to_full_sweep
realcartest_2000_3200,B7-core,120,1.0,4,120,120,0,120,0,0,320.0,880.0,1200.0,1.0,1.0,0.4171875000000016,1.0,1.0,1.0,20,20,6,6,0,186.4999999999995,0.6,1.0,posthoc_eval,close_to_full_sweep
realcartest_2000_3200,LATE-AQP-core,120,1.0,4,120,120,6,114,0,0,320.0,880.0,1200.0,1.0,1.0,0.4171875000000016,1.0,1.0,1.0,20,20,6,6,0,186.4999999999995,0.6,1.0,strict_replay,close_to_full_sweep
realcartest_3200_3830,B6,3,0.047619047619047616,0,63,3,0,3,0,0,30.0,0.0,30.0,0.3333333333333333,0.14285714285714285,0.3333333333333333,0.14285714285714285,0.25,0.0,1,7,1,4,2,20.0,0.0,1.0,posthoc_eval,
realcartest_3200_3830,B7,3,0.047619047619047616,0,63,3,0,3,0,0,30.0,0.0,30.0,1.0,0.14285714285714285,0.689999999999994,0.14285714285714285,0.25,0.0,1,7,1,4,0,9.300000000000182,2.0,1.0,posthoc_eval,
realcartest_3200_3830,B6-core,3,0.047619047619047616,0,63,3,0,3,0,0,10.0,20.0,30.0,1.0,0.14285714285714285,1.0,0.14285714285714285,0.25,0.0,1,7,1,4,0,0.0,0.0,1.0,posthoc_eval,
realcartest_3200_3830,B7-core,3,0.047619047619047616,0,63,1,0,1,0,0,0.0,10.0,10.0,0.0,0.0,0.0,0.0,0.0,0.0,0,7,0,4,0,0.0,0.0,0.0,posthoc_eval,
realcartest_3200_3830,LATE-AQP-core,3,0.047619047619047616,0,63,3,1,0,0,2,40.0,-10.0,30.0,1.0,0.14285714285714285,0.7674999999999954,0.14285714285714285,0.25,0.0,1,7,1,4,0,9.300000000000182,3.0,1.0,strict_replay,
realcartest_3200_3830,B6,3,0.047619047619047616,1,63,3,0,3,0,0,30.0,0.0,30.0,0.0,0.0,0.0,0.0,0.0,0.0,0,7,0,4,3,30.0,0.0,0.0,posthoc_eval,
realcartest_3200_3830,B7,3,0.047619047619047616,1,63,3,0,3,0,0,30.0,0.0,30.0,0.0,0.0,0.0,0.0,0.0,0.0,0,7,0,4,3,30.0,0.0,0.0,posthoc_eval,
realcartest_3200_3830,B6-core,3,0.047619047619047616,1,63,3,0,3,0,0,0.0,30.0,30.0,0.0,0.0,0.0,0.0,0.0,0.0,0,7,0,4,0,0.0,0.0,0.0,posthoc_eval,
realcartest_3200_3830,B7-core,3,0.047619047619047616,1,63,3,0,3,0,0,0.0,30.0,30.0,0.0,0.0,0.0,0.0,0.0,0.0,0,7,0,4,0,0.0,0.0,0.0,posthoc_eval,
realcartest_3200_3830,LATE-AQP-core,3,0.047619047619047616,1,63,3,1,0,0,2,40.0,-10.0,30.0,1.0,0.14285714285714285,0.7674999999999954,0.14285714285714285,0.25,0.0,1,7,1,4,0,9.300000000000182,3.0,1.0,strict_replay,
realcartest_3200_3830,B6,3,0.047619047619047616,2,63,3,0,3,0,0,30.0,0.0,30.0,0.3333333333333333,0.14285714285714285,0.02333333333332727,0.14285714285714285,0.25,0.0,1,7,1,4,2,29.300000000000182,0.0,1.0,posthoc_eval,
realcartest_3200_3830,B7,3,0.047619047619047616,2,63,3,0,3,0,0,30.0,0.0,30.0,0.5,0.14285714285714285,0.3566666666666606,0.14285714285714285,0.25,0.0,1,7,1,4,1,19.300000000000182,1.0,1.0,posthoc_eval,
realcartest_3200_3830,B6-core,3,0.047619047619047616,2,63,3,0,3,0,0,10.0,20.0,30.0,1.0,0.14285714285714285,0.06999999999998181,0.14285714285714285,0.25,0.0,1,7,1,4,0,9.300000000000182,0.0,1.0,posthoc_eval,
realcartest_3200_3830,B7-core,3,0.047619047619047616,2,63,3,0,3,0,0,20.0,10.0,30.0,1.0,0.14285714285714285,0.5349999999999909,0.14285714285714285,0.25,0.0,1,7,1,4,0,9.300000000000182,1.0,1.0,posthoc_eval,
realcartest_3200_3830,LATE-AQP-core,3,0.047619047619047616,2,63,3,1,0,0,2,40.0,-10.0,30.0,1.0,0.14285714285714285,0.7674999999999954,0.14285714285714285,0.25,0.0,1,7,1,4,0,9.300000000000182,3.0,1.0,strict_replay,
realcartest_3200_3830,B6,3,0.047619047619047616,3,63,3,0,3,0,0,30.0,0.0,30.0,0.3333333333333333,0.14285714285714285,0.02333333333332727,0.14285714285714285,0.25,0.0,1,7,1,4,2,29.300000000000182,0.0,1.0,posthoc_eval,
realcartest_3200_3830,B7,3,0.047619047619047616,3,63,3,0,3,0,0,30.0,0.0,30.0,0.3333333333333333,0.14285714285714285,0.02333333333332727,0.14285714285714285,0.25,0.0,1,7,1,4,2,29.300000000000182,0.0,1.0,posthoc_eval,
realcartest_3200_3830,B6-core,3,0.047619047619047616,3,63,3,0,3,0,0,10.0,20.0,30.0,1.0,0.14285714285714285,0.06999999999998181,0.14285714285714285,0.25,0.0,1,7,1,4,0,9.300000000000182,0.0,1.0,posthoc_eval,
realcartest_3200_3830,B7-core,3,0.047619047619047616,3,63,3,0,3,0,0,10.0,20.0,30.0,1.0,0.14285714285714285,0.06999999999998181,0.14285714285714285,0.25,0.0,1,7,1,4,0,9.300000000000182,0.0,1.0,posthoc_eval,
realcartest_3200_3830,LATE-AQP-core,3,0.047619047619047616,3,63,3,1,0,0,2,40.0,-10.0,30.0,1.0,0.14285714285714285,0.7674999999999954,0.14285714285714285,0.25,0.0,1,7,1,4,0,9.300000000000182,3.0,1.0,strict_replay,
realcartest_3200_3830,B6,3,0.047619047619047616,4,63,3,0,3,0,0,30.0,0.0,30.0,0.0,0.0,0.0,0.0,0.0,0.0,0,7,0,4,3,30.0,0.0,0.0,posthoc_eval,
realcartest_3200_3830,B7,3,0.047619047619047616,4,63,3,0,3,0,0,30.0,0.0,30.0,0.0,0.0,0.0,0.0,0.0,0.0,0,7,0,4,3,30.0,0.0,0.0,posthoc_eval,
realcartest_3200_3830,B6-core,3,0.047619047619047616,4,63,3,0,3,0,0,0.0,30.0,30.0,0.0,0.0,0.0,0.0,0.0,0.0,0,7,0,4,0,0.0,0.0,0.0,posthoc_eval,
realcartest_3200_3830,B7-core,3,0.047619047619047616,4,63,3,0,3,0,0,0.0,30.0,30.0,0.0,0.0,0.0,0.0,0.0,0.0,0,7,0,4,0,0.0,0.0,0.0,posthoc_eval,
realcartest_3200_3830,LATE-AQP-core,3,0.047619047619047616,4,63,3,1,0,0,2,40.0,-10.0,30.0,1.0,0.14285714285714285,0.7674999999999954,0.14285714285714285,0.25,0.0,1,7,1,4,0,9.300000000000182,3.0,1.0,strict_replay,
realcartest_3200_3830,B6,5,0.07936507936507936,0,63,5,0,5,0,0,50.0,0.0,50.0,0.4,0.14285714285714285,0.4,0.14285714285714285,0.25,0.0,1,7,1,4,3,30.0,1.0,2.0,posthoc_eval,
realcartest_3200_3830,B7,5,0.07936507936507936,0,63,5,0,5,0,0,50.0,0.0,50.0,0.5,0.14285714285714285,0.6139999999999963,0.14285714285714285,0.25,0.0,1,7,1,4,1,19.300000000000182,3.0,1.0,posthoc_eval,
realcartest_3200_3830,B6-core,5,0.07936507936507936,0,63,5,0,5,0,0,20.0,30.0,50.0,1.0,0.14285714285714285,1.0,0.14285714285714285,0.25,0.0,1,7,1,4,0,0.0,1.0,2.0,posthoc_eval,
realcartest_3200_3830,B7-core,5,0.07936507936507936,0,63,3,0,3,0,0,0.0,30.0,30.0,0.0,0.0,0.0,0.0,0.0,0.0,0,7,0,4,0,0.0,0.0,0.0,posthoc_eval,
realcartest_3200_3830,LATE-AQP-core,5,0.07936507936507936,0,63,5,1,0,0,4,40.0,-20.0,20.0,1.0,0.14285714285714285,0.7674999999999954,0.14285714285714285,0.25,0.0,1,7,1,4,0,9.300000000000182,3.0,1.0,strict_replay,
realcartest_3200_3830,B6,5,0.07936507936507936,1,63,5,0,5,0,0,50.0,0.0,50.0,0.2,0.14285714285714285,0.2,0.14285714285714285,0.25,0.0,1,7,1,4,4,40.0,0.0,1.0,posthoc_eval,
realcartest_3200_3830,B7,5,0.07936507936507936,1,63,5,0,5,0,0,50.0,0.0,50.0,0.2,0.14285714285714285,0.2,0.14285714285714285,0.25,0.0,1,7,1,4,4,40.0,0.0,1.0,posthoc_eval,
realcartest_3200_3830,B6-core,5,0.07936507936507936,1,63,1,0,1,0,0,0.0,10.0,10.0,0.0,0.0,0.0,0.0,0.0,0.0,0,7,0,4,0,0.0,0.0,0.0,posthoc_eval,
realcartest_3200_3830,B7-core,5,0.07936507936507936,1,63,1,0,1,0,0,0.0,10.0,10.0,0.0,0.0,0.0,0.0,0.0,0.0,0,7,0,4,0,0.0,0.0,0.0,posthoc_eval,
realcartest_3200_3830,LATE-AQP-core,5,0.07936507936507936,1,63,5,1,0,0,4,40.0,-20.0,20.0,1.0,0.14285714285714285,0.7674999999999954,0.14285714285714285,0.25,0.0,1,7,1,4,0,9.300000000000182,3.0,1.0,strict_replay,
realcartest_3200_3830,B6,5,0.07936507936507936,2,63,5,0,5,0,0,50.0,0.0,50.0,0.25,0.14285714285714285,0.013999999999996363,0.14285714285714285,0.25,0.0,1,7,1,4,3,49.30000000000018,0.0,1.0,posthoc_eval,
realcartest_3200_3830,B7,5,0.07936507936507936,2,63,5,0,5,0,0,50.0,0.0,50.0,0.5,0.14285714285714285,0.41399999999999637,0.14285714285714285,0.25,0.0,1,7,1,4,1,29.300000000000182,2.0,1.0,posthoc_eval,
realcartest_3200_3830,B6-core,5,0.07936507936507936,2,63,1,0,1,0,0,0.0,10.0,10.0,0.0,0.0,0.0,0.0,0.0,0.0,0,7,0,4,0,0.0,0.0,0.0,posthoc_eval,
realcartest_3200_3830,B7-core,5,0.07936507936507936,2,63,3,0,3,0,0,0.0,30.0,30.0,0.0,0.0,0.0,0.0,0.0,0.0,0,7,0,4,0,0.0,0.0,0.0,posthoc_eval,
realcartest_3200_3830,LATE-AQP-core,5,0.07936507936507936,2,63,5,1,0,0,4,40.0,-20.0,20.0,1.0,0.14285714285714285,0.7674999999999954,0.14285714285714285,0.25,0.0,1,7,1,4,0,9.300000000000182,3.0,1.0,strict_replay,
realcartest_3200_3830,B6,5,0.07936507936507936,3,63,5,0,5,0,0,50.0,0.0,50.0,0.2,0.14285714285714285,0.013999999999996363,0.14285714285714285,0.25,0.0,1,7,1,4,4,49.30000000000018,0.0,1.0,posthoc_eval,
realcartest_3200_3830,B7,5,0.07936507936507936,3,63,5,0,5,0,0,50.0,0.0,50.0,0.3333333333333333,0.14285714285714285,0.21399999999999636,0.14285714285714285,0.25,0.0,1,7,1,4,2,39.30000000000018,1.0,1.0,posthoc_eval,
realcartest_3200_3830,B6-core,5,0.07936507936507936,3,63,2,0,2,0,0,0.0,20.0,20.0,0.0,0.0,0.0,0.0,0.0,0.0,0,7,0,4,0,0.0,0.0,0.0,posthoc_eval,
realcartest_3200_3830,B7-core,5,0.07936507936507936,3,63,3,0,3,0,0,0.0,30.0,30.0,0.0,0.0,0.0,0.0,0.0,0.0,0,7,0,4,0,0.0,0.0,0.0,posthoc_eval,
realcartest_3200_3830,LATE-AQP-core,5,0.07936507936507936,3,63,5,1,0,0,4,40.0,-20.0,20.0,1.0,0.14285714285714285,0.7674999999999954,0.14285714285714285,0.25,0.0,1,7,1,4,0,9.300000000000182,3.0,1.0,strict_replay,
realcartest_3200_3830,B6,5,0.07936507936507936,4,63,5,0,5,0,0,50.0,0.0,50.0,0.2,0.14285714285714285,0.003999999999996362,0.14285714285714285,0.0,0.3333333333333333,1,7,0,4,4,49.80000000000018,0.0,1.0,posthoc_eval,
realcartest_3200_3830,B7,5,0.07936507936507936,4,63,5,0,5,0,0,50.0,0.0,50.0,0.2,0.14285714285714285,0.003999999999996362,0.14285714285714285,0.0,0.3333333333333333,1,7,0,4,4,49.80000000000018,0.0,1.0,posthoc_eval,
realcartest_3200_3830,B6-core,5,0.07936507936507936,4,63,2,0,2,0,0,0.0,20.0,20.0,0.0,0.0,0.0,0.0,0.0,0.0,0,7,0,4,0,0.0,0.0,0.0,posthoc_eval,
realcartest_3200_3830,B7-core,5,0.07936507936507936,4,63,2,0,2,0,0,0.0,20.0,20.0,0.0,0.0,0.0,0.0,0.0,0.0,0,7,0,4,0,0.0,0.0,0.0,posthoc_eval,
realcartest_3200_3830,LATE-AQP-core,5,0.07936507936507936,4,63,5,1,0,0,4,40.0,-20.0,20.0,1.0,0.14285714285714285,0.7674999999999954,0.14285714285714285,0.25,0.0,1,7,1,4,0,9.300000000000182,3.0,1.0,strict_replay,
realcartest_3200_3830,B6,6,0.09523809523809523,0,63,6,0,6,0,0,60.0,0.0,60.0,0.3333333333333333,0.14285714285714285,0.3333333333333333,0.14285714285714285,0.25,0.0,1,7,1,4,4,40.0,1.0,2.0,posthoc_eval,
realcartest_3200_3830,B7,6,0.09523809523809523,0,63,6,0,6,0,0,60.0,0.0,60.0,0.3333333333333333,0.14285714285714285,0.5116666666666636,0.14285714285714285,0.25,0.0,1,7,1,4,2,29.300000000000182,3.0,1.0,posthoc_eval,
realcartest_3200_3830,B6-core,6,0.09523809523809523,0,63,6,0,6,0,0,20.0,40.0,60.0,1.0,0.14285714285714285,1.0,0.14285714285714285,0.25,0.0,1,7,1,4,0,0.0,1.0,2.0,posthoc_eval,
realcartest_3200_3830,B7-core,6,0.09523809523809523,0,63,1,0,1,0,0,0.0,10.0,10.0,0.0,0.0,0.0,0.0,0.0,0.0,0,7,0,4,0,0.0,0.0,0.0,posthoc_eval,
realcartest_3200_3830,LATE-AQP-core,6,0.09523809523809523,0,63,6,1,3,0,2,40.0,0.0,40.0,1.0,0.14285714285714285,0.7674999999999954,0.14285714285714285,0.25,0.0,1,7,1,4,0,9.300000000000182,3.0,1.0,strict_replay,
realcartest_3200_3830,B6,6,0.09523809523809523,1,63,6,0,6,0,0,60.0,0.0,60.0,0.2,0.14285714285714285,0.16666666666666666,0.14285714285714285,0.25,0.0,1,7,1,4,4,50.0,0.0,1.0,posthoc_eval,
realcartest_3200_3830,B7,6,0.09523809523809523,1,63,6,0,6,0,0,60.0,0.0,60.0,0.2,0.14285714285714285,0.3333333333333333,0.14285714285714285,0.25,0.0,1,7,1,4,4,40.0,1.0,1.0,posthoc_eval,
realcartest_3200_3830,B6-core,6,0.09523809523809523,1,63,2,0,2,0,0,0.0,20.0,20.0,0.0,0.0,0.0,0.0,0.0,0.0,0,7,0,4,0,0.0,0.0,0.0,posthoc_eval,
realcartest_3200_3830,B7-core,6,0.09523809523809523,1,63,6,0,3,0,3,40.0,-10.0,30.0,1.0,0.14285714285714285,0.7674999999999954,0.14285714285714285,0.25,0.0,1,7,1,4,0,9.300000000000182,3.0,1.0,posthoc_eval,
realcartest_3200_3830,LATE-AQP-core,6,0.09523809523809523,1,63,6,1,3,0,2,40.0,0.0,40.0,1.0,0.14285714285714285,0.7674999999999954,0.14285714285714285,0.25,0.0,1,7,1,4,0,9.300000000000182,3.0,1.0,strict_replay,
realcartest_3200_3830,B6,6,0.09523809523809523,2,63,6,0,6,0,0,60.0,0.0,60.0,0.2,0.14285714285714285,0.011666666666663635,0.14285714285714285,0.25,0.0,1,7,1,4,4,59.30000000000018,0.0,1.0,posthoc_eval,
realcartest_3200_3830,B7,6,0.09523809523809523,2,63,6,0,6,0,0,60.0,0.0,60.0,0.5,0.14285714285714285,0.344999999999997,0.14285714285714285,0.25,0.0,1,7,1,4,1,39.30000000000018,2.0,1.0,posthoc_eval,
realcartest_3200_3830,B6-core,6,0.09523809523809523,2,63,5,0,2,0,3,20.0,0.0,20.0,1.0,0.14285714285714285,0.5099999999999909,0.14285714285714285,0.25,0.0,1,7,1,4,0,9.800000000000182,1.0,1.0,posthoc_eval,
realcartest_3200_3830,B7-core,6,0.09523809523809523,2,63,4,0,4,0,0,0.0,40.0,40.0,0.0,0.0,0.0,0.0,0.0,0.0,0,7,0,4,0,0.0,0.0,0.0,posthoc_eval,
realcartest_3200_3830,LATE-AQP-core,6,0.09523809523809523,2,63,6,1,3,0,2,40.0,0.0,40.0,1.0,0.14285714285714285,0.7674999999999954,0.14285714285714285,0.25,0.0,1,7,1,4,0,9.300000000000182,3.0,1.0,strict_replay,
realcartest_3200_3830,B6,6,0.09523809523809523,3,63,6,0,6,0,0,60.0,0.0,60.0,0.16666666666666666,0.14285714285714285,0.011666666666663635,0.14285714285714285,0.25,0.0,1,7,1,4,5,59.30000000000018,0.0,1.0,posthoc_eval,
realcartest_3200_3830,B7,6,0.09523809523809523,3,63,6,0,6,0,0,60.0,0.0,60.0,0.3333333333333333,0.14285714285714285,0.1783333333333303,0.14285714285714285,0.25,0.0,1,7,1,4,2,49.30000000000018,1.0,1.0,posthoc_eval,
realcartest_3200_3830,B6-core,6,0.09523809523809523,3,63,6,0,3,0,3,20.0,10.0,30.0,1.0,0.14285714285714285,0.5349999999999909,0.14285714285714285,0.25,0.0,1,7,1,4,0,9.300000000000182,1.0,1.0,posthoc_eval,
realcartest_3200_3830,B7-core,6,0.09523809523809523,3,63,2,0,2,0,0,0.0,20.0,20.0,0.0,0.0,0.0,0.0,0.0,0.0,0,7,0,4,0,0.0,0.0,0.0,posthoc_eval,
realcartest_3200_3830,LATE-AQP-core,6,0.09523809523809523,3,63,6,1,3,0,2,40.0,0.0,40.0,1.0,0.14285714285714285,0.7674999999999954,0.14285714285714285,0.25,0.0,1,7,1,4,0,9.300000000000182,3.0,1.0,strict_replay,
realcartest_3200_3830,B6,6,0.09523809523809523,4,63,6,0,6,0,0,60.0,0.0,60.0,0.16666666666666666,0.14285714285714285,0.0033333333333303017,0.14285714285714285,0.0,0.3333333333333333,1,7,0,4,5,59.80000000000018,0.0,1.0,posthoc_eval,
realcartest_3200_3830,B7,6,0.09523809523809523,4,63,6,0,6,0,0,60.0,0.0,60.0,0.16666666666666666,0.14285714285714285,0.0033333333333303017,0.14285714285714285,0.0,0.3333333333333333,1,7,0,4,5,59.80000000000018,0.0,1.0,posthoc_eval,
realcartest_3200_3830,B6-core,6,0.09523809523809523,4,63,6,0,4,0,2,30.0,10.0,40.0,1.0,0.2857142857142857,0.37999999999998785,0.2857142857142857,0.5,0.0,2,7,2,4,0,18.600000000000364,0.5,1.0,posthoc_eval,
realcartest_3200_3830,B7-core,6,0.09523809523809523,4,63,6,0,4,0,2,20.0,20.0,40.0,1.0,0.14285714285714285,0.5349999999999909,0.14285714285714285,0.25,0.0,1,7,1,4,0,9.300000000000182,1.0,1.0,posthoc_eval,
realcartest_3200_3830,LATE-AQP-core,6,0.09523809523809523,4,63,6,1,3,0,2,40.0,0.0,40.0,1.0,0.14285714285714285,0.7674999999999954,0.14285714285714285,0.25,0.0,1,7,1,4,0,9.300000000000182,3.0,1.0,strict_replay,
realcartest_3200_3830,B6,10,0.15873015873015872,0,63,10,0,10,0,0,100.0,0.0,100.0,0.42857142857142855,0.42857142857142855,0.4069999999999982,0.42857142857142855,0.75,0.0,3,7,3,4,4,59.30000000000018,0.6666666666666666,1.3333333333333333,posthoc_eval,
realcartest_3200_3830,B7,10,0.15873015873015872,0,63,10,0,10,0,0,100.0,0.0,100.0,0.16666666666666666,0.14285714285714285,0.30699999999999816,0.14285714285714285,0.25,0.0,1,7,1,4,5,69.30000000000018,3.0,1.0,posthoc_eval,
realcartest_3200_3830,B6-core,10,0.15873015873015872,0,63,10,0,10,0,0,50.0,50.0,100.0,1.0,0.42857142857142855,0.8139999999999964,0.42857142857142855,0.75,0.0,3,7,3,4,0,9.300000000000182,0.6666666666666666,1.3333333333333333,posthoc_eval,
realcartest_3200_3830,B7-core,10,0.15873015873015872,0,63,6,0,5,0,1,40.0,10.0,50.0,1.0,0.14285714285714285,0.7674999999999954,0.14285714285714285,0.25,0.0,1,7,1,4,0,9.300000000000182,3.0,1.0,posthoc_eval,
realcartest_3200_3830,LATE-AQP-core,10,0.15873015873015872,0,63,10,1,7,0,2,40.0,40.0,80.0,1.0,0.14285714285714285,0.7674999999999954,0.14285714285714285,0.25,0.0,1,7,1,4,0,9.300000000000182,3.0,1.0,strict_replay,
realcartest_3200_3830,B6,10,0.15873015873015872,1,63,10,0,10,0,0,100.0,0.0,100.0,0.2857142857142857,0.14285714285714285,0.2,0.14285714285714285,0.25,0.0,1,7,1,4,5,80.0,1.0,2.0,posthoc_eval,
realcartest_3200_3830,B7,10,0.15873015873015872,1,63,10,0,10,0,0,100.0,0.0,100.0,0.25,0.14285714285714285,0.30699999999999816,0.14285714285714285,0.25,0.0,1,7,1,4,3,69.30000000000018,3.0,1.0,posthoc_eval,
realcartest_3200_3830,B6-core,10,0.15873015873015872,1,63,6,0,3,0,3,20.0,10.0,30.0,1.0,0.14285714285714285,0.5099999999999909,0.14285714285714285,0.25,0.0,1,7,1,4,0,9.800000000000182,1.0,1.0,posthoc_eval,
realcartest_3200_3830,B7-core,10,0.15873015873015872,1,63,7,0,7,0,0,0.0,70.0,70.0,0.0,0.0,0.0,0.0,0.0,0.0,0,7,0,4,0,0.0,0.0,0.0,posthoc_eval,
realcartest_3200_3830,LATE-AQP-core,10,0.15873015873015872,1,63,10,1,7,0,2,40.0,40.0,80.0,1.0,0.14285714285714285,0.7674999999999954,0.14285714285714285,0.25,0.0,1,7,1,4,0,9.300000000000182,3.0,1.0,strict_replay,
realcartest_3200_3830,B6,10,0.15873015873015872,2,63,10,0,10,0,0,100.0,0.0,100.0,0.3333333333333333,0.2857142857142857,0.013999999999996363,0.2857142857142857,0.5,0.0,2,7,2,4,4,98.60000000000036,0.0,1.0,posthoc_eval,
realcartest_3200_3830,B7,10,0.15873015873015872,2,63,10,0,10,0,0,100.0,0.0,100.0,0.25,0.14285714285714285,0.30699999999999816,0.14285714285714285,0.25,0.0,1,7,1,4,3,69.30000000000018,3.0,1.0,posthoc_eval,
realcartest_3200_3830,B6-core,10,0.15873015873015872,2,63,6,0,3,0,3,40.0,-10.0,30.0,1.0,0.14285714285714285,0.7674999999999954,0.14285714285714285,0.25,0.0,1,7,1,4,0,9.300000000000182,3.0,1.0,posthoc_eval,
realcartest_3200_3830,B7-core,10,0.15873015873015872,2,63,10,0,7,0,3,50.0,20.0,70.0,1.0,0.2857142857142857,0.6179999999999928,0.2857142857142857,0.25,0.3333333333333333,2,7,1,4,0,19.100000000000364,1.5,1.0,posthoc_eval,
realcartest_3200_3830,LATE-AQP-core,10,0.15873015873015872,2,63,10,1,7,0,2,40.0,40.0,80.0,1.0,0.14285714285714285,0.7674999999999954,0.14285714285714285,0.25,0.0,1,7,1,4,0,9.300000000000182,3.0,1.0,strict_replay,
realcartest_3200_3830,B6,10,0.15873015873015872,3,63,10,0,10,0,0,100.0,0.0,100.0,0.14285714285714285,0.14285714285714285,0.10699999999999818,0.14285714285714285,0.25,0.0,1,7,1,4,6,89.30000000000018,1.0,1.0,posthoc_eval,
realcartest_3200_3830,B7,10,0.15873015873015872,3,63,10,0,10,0,0,100.0,0.0,100.0,0.5,0.42857142857142855,0.11599999999999454,0.42857142857142855,0.5,0.3333333333333333,3,7,2,4,2,88.40000000000055,0.3333333333333333,1.0,posthoc_eval,
realcartest_3200_3830,B6-core,10,0.15873015873015872,3,63,9,0,6,0,3,40.0,20.0,60.0,1.0,0.14285714285714285,0.7674999999999954,0.14285714285714285,0.25,0.0,1,7,1,4,0,9.300000000000182,3.0,1.0,posthoc_eval,
realcartest_3200_3830,B7-core,10,0.15873015873015872,3,63,10,0,5,0,5,40.0,10.0,50.0,1.0,0.2857142857142857,0.5349999999999909,0.2857142857142857,0.5,0.0,2,7,2,4,0,18.600000000000364,1.0,1.0,posthoc_eval,
realcartest_3200_3830,LATE-AQP-core,10,0.15873015873015872,3,63,10,1,7,0,2,40.0,40.0,80.0,1.0,0.14285714285714285,0.7674999999999954,0.14285714285714285,0.25,0.0,1,7,1,4,0,9.300000000000182,3.0,1.0,strict_replay,
realcartest_3200_3830,B6,10,0.15873015873015872,4,63,10,0,10,0,0,100.0,0.0,100.0,0.3,0.42857142857142855,0.10899999999999636,0.42857142857142855,0.5,0.3333333333333333,3,7,2,4,7,89.10000000000036,0.0,1.0,posthoc_eval,
realcartest_3200_3830,B7,10,0.15873015873015872,4,63,10,0,10,0,0,100.0,0.0,100.0,0.2857142857142857,0.2857142857142857,0.10899999999999636,0.2857142857142857,0.25,0.3333333333333333,2,7,1,4,5,89.10000000000036,0.5,1.0,posthoc_eval,
realcartest_3200_3830,B6-core,10,0.15873015873015872,4,63,2,0,2,0,0,0.0,20.0,20.0,0.0,0.0,0.0,0.0,0.0,0.0,0,7,0,4,0,0.0,0.0,0.0,posthoc_eval,
realcartest_3200_3830,B7-core,10,0.15873015873015872,4,63,4,0,4,0,0,0.0,40.0,40.0,0.0,0.0,0.0,0.0,0.0,0.0,0,7,0,4,0,0.0,0.0,0.0,posthoc_eval,
realcartest_3200_3830,LATE-AQP-core,10,0.15873015873015872,4,63,10,1,7,0,2,40.0,40.0,80.0,1.0,0.14285714285714285,0.7674999999999954,0.14285714285714285,0.25,0.0,1,7,1,4,0,9.300000000000182,3.0,1.0,strict_replay,
realcartest_3200_3830,B6,13,0.20634920634920634,0,63,13,0,13,0,0,130.0,0.0,130.0,0.5,0.5714285714285714,0.3184615384615357,0.5714285714285714,0.75,0.3333333333333333,4,7,3,4,4,88.60000000000036,0.5,1.25,posthoc_eval,
realcartest_3200_3830,B7,13,0.20634920634920634,0,63,13,0,13,0,0,130.0,0.0,130.0,0.3333333333333333,0.42857142857142855,0.3238461538461497,0.42857142857142855,0.75,0.0,3,7,3,4,4,87.90000000000055,1.3333333333333333,1.0,posthoc_eval,
realcartest_3200_3830,B6-core,13,0.20634920634920634,0,63,1,0,1,0,0,0.0,10.0,10.0,0.0,0.0,0.0,0.0,0.0,0.0,0,7,0,4,0,0.0,0.0,0.0,posthoc_eval,
realcartest_3200_3830,B7-core,13,0.20634920634920634,0,63,9,0,8,0,1,40.0,40.0,80.0,1.0,0.14285714285714285,0.7674999999999954,0.14285714285714285,0.25,0.0,1,7,1,4,0,9.300000000000182,3.0,1.0,posthoc_eval,
realcartest_3200_3830,LATE-AQP-core,13,0.20634920634920634,0,63,13,2,7,0,4,50.0,40.0,90.0,1.0,0.2857142857142857,0.6179999999999928,0.2857142857142857,0.25,0.3333333333333333,2,7,1,4,0,19.100000000000364,1.5,1.0,strict_replay,
realcartest_3200_3830,B6,13,0.20634920634920634,1,63,13,0,13,0,0,130.0,0.0,130.0,0.3333333333333333,0.2857142857142857,0.22692307692307692,0.2857142857142857,0.5,0.0,2,7,2,4,6,100.5,0.5,1.5,posthoc_eval,
realcartest_3200_3830,B7,13,0.20634920634920634,1,63,13,0,13,0,0,130.0,0.0,130.0,0.2,0.14285714285714285,0.23615384615384474,0.14285714285714285,0.25,0.0,1,7,1,4,4,99.30000000000018,3.0,1.0,posthoc_eval,
realcartest_3200_3830,B6-core,13,0.20634920634920634,1,63,7,0,3,0,4,20.0,10.0,30.0,1.0,0.2857142857142857,0.06999999999998181,0.2857142857142857,0.0,0.6666666666666666,2,7,0,4,0,18.600000000000364,0.0,1.0,posthoc_eval,
realcartest_3200_3830,B7-core,13,0.20634920634920634,1,63,8,0,8,0,0,0.0,80.0,80.0,0.0,0.0,0.0,0.0,0.0,0.0,0,7,0,4,0,0.0,0.0,0.0,posthoc_eval,
realcartest_3200_3830,LATE-AQP-core,13,0.20634920634920634,1,63,13,2,9,0,2,40.0,70.0,110.0,1.0,0.14285714285714285,0.7674999999999954,0.14285714285714285,0.25,0.0,1,7,1,4,0,9.300000000000182,3.0,1.0,strict_replay,
realcartest_3200_3830,B6,13,0.20634920634920634,2,63,13,0,13,0,0,130.0,0.0,130.0,0.3333333333333333,0.2857142857142857,0.08769230769230489,0.2857142857142857,0.5,0.0,2,7,2,4,6,118.60000000000036,0.5,1.5,posthoc_eval,
realcartest_3200_3830,B7,13,0.20634920634920634,2,63,13,0,13,0,0,130.0,0.0,130.0,0.14285714285714285,0.14285714285714285,0.23615384615384474,0.14285714285714285,0.25,0.0,1,7,1,4,6,99.30000000000018,3.0,1.0,posthoc_eval,
realcartest_3200_3830,B6-core,13,0.20634920634920634,2,63,3,0,3,0,0,0.0,30.0,30.0,0.0,0.0,0.0,0.0,0.0,0.0,0,7,0,4,0,0.0,0.0,0.0,posthoc_eval,
realcartest_3200_3830,B7-core,13,0.20634920634920634,2,63,9,0,6,0,3,40.0,20.0,60.0,1.0,0.2857142857142857,0.5349999999999909,0.2857142857142857,0.5,0.0,2,7,2,4,0,18.600000000000364,1.0,1.0,posthoc_eval,
realcartest_3200_3830,LATE-AQP-core,13,0.20634920634920634,2,63,13,2,9,0,2,40.0,70.0,110.0,1.0,0.14285714285714285,0.7674999999999954,0.14285714285714285,0.25,0.0,1,7,1,4,0,9.300000000000182,3.0,1.0,strict_replay,
realcartest_3200_3830,B6,13,0.20634920634920634,3,63,13,0,13,0,0,130.0,0.0,130.0,0.2,0.2857142857142857,0.15923076923076784,0.2857142857142857,0.5,0.0,2,7,2,4,8,109.30000000000018,0.5,1.0,posthoc_eval,
realcartest_3200_3830,B7,13,0.20634920634920634,3,63,13,0,13,0,0,130.0,0.0,130.0,0.25,0.42857142857142855,0.08923076923076503,0.42857142857142855,0.5,0.3333333333333333,3,7,2,4,3,118.40000000000055,0.3333333333333333,1.0,posthoc_eval,
realcartest_3200_3830,B6-core,13,0.20634920634920634,3,63,9,0,5,0,4,40.0,10.0,50.0,1.0,0.14285714285714285,0.7674999999999954,0.14285714285714285,0.25,0.0,1,7,1,4,0,9.300000000000182,3.0,1.0,posthoc_eval,
realcartest_3200_3830,B7-core,13,0.20634920634920634,3,63,9,0,8,0,1,40.0,40.0,80.0,1.0,0.14285714285714285,0.7674999999999954,0.14285714285714285,0.25,0.0,1,7,1,4,0,9.300000000000182,3.0,1.0,posthoc_eval,
realcartest_3200_3830,LATE-AQP-core,13,0.20634920634920634,3,63,13,2,9,0,2,40.0,70.0,110.0,1.0,0.14285714285714285,0.7674999999999954,0.14285714285714285,0.25,0.0,1,7,1,4,0,9.300000000000182,3.0,1.0,strict_replay,
realcartest_3200_3830,B6,13,0.20634920634920634,4,63,13,0,13,0,0,130.0,0.0,130.0,0.3333333333333333,0.42857142857142855,0.08384615384615104,0.42857142857142855,0.5,0.3333333333333333,3,7,2,4,6,119.10000000000036,0.0,1.0,posthoc_eval,
realcartest_3200_3830,B7,13,0.20634920634920634,4,63,13,0,13,0,0,130.0,0.0,130.0,0.2857142857142857,0.5714285714285714,0.16615384615384196,0.5714285714285714,0.5,0.6666666666666666,4,7,2,4,5,108.40000000000055,0.25,1.0,posthoc_eval,
realcartest_3200_3830,B6-core,13,0.20634920634920634,4,63,7,0,5,0,2,10.0,40.0,50.0,1.0,0.14285714285714285,0.06999999999998181,0.14285714285714285,0.0,0.3333333333333333,1,7,0,4,0,9.300000000000182,0.0,1.0,posthoc_eval,
realcartest_3200_3830,B7-core,13,0.20634920634920634,4,63,10,0,8,0,2,10.0,70.0,80.0,1.0,0.14285714285714285,0.06999999999998181,0.14285714285714285,0.0,0.3333333333333333,1,7,0,4,0,9.300000000000182,0.0,1.0,posthoc_eval,
realcartest_3200_3830,LATE-AQP-core,13,0.20634920634920634,4,63,13,3,4,2,4,50.0,40.0,90.0,1.0,0.2857142857142857,0.6279999999999927,0.2857142857142857,0.25,0.3333333333333333,2,7,1,4,0,18.600000000000364,1.5,1.0,strict_replay,
realcartest_3200_3830,B6,19,0.30158730158730157,0,63,19,0,19,0,0,190.0,0.0,190.0,0.5555555555555556,0.7142857142857143,0.2226315789473646,0.7142857142857143,0.75,0.6666666666666666,5,7,3,4,4,147.70000000000073,0.6,1.2,posthoc_eval,
realcartest_3200_3830,B7,19,0.30158730158730157,0,63,19,0,19,0,0,190.0,0.0,190.0,0.42857142857142855,0.5714285714285714,0.2778947368421014,0.5714285714285714,0.75,0.3333333333333333,4,7,3,4,4,137.20000000000073,1.25,1.0,posthoc_eval,
realcartest_3200_3830,B6-core,19,0.30158730158730157,0,63,6,0,6,0,0,0.0,60.0,60.0,0.0,0.0,0.0,0.0,0.0,0.0,0,7,0,4,0,0.0,0.0,0.0,posthoc_eval,
realcartest_3200_3830,B7-core,19,0.30158730158730157,0,63,17,0,12,0,5,90.0,30.0,120.0,1.0,0.5714285714285714,0.5866666666666586,0.5714285714285714,0.75,0.3333333333333333,4,7,3,4,0,37.20000000000073,1.25,1.0,posthoc_eval,
realcartest_3200_3830,LATE-AQP-core,19,0.30158730158730157,0,63,18,2,12,0,4,50.0,90.0,140.0,1.0,0.2857142857142857,0.6179999999999928,0.2857142857142857,0.25,0.3333333333333333,2,7,1,4,0,19.100000000000364,1.5,1.0,strict_replay,
realcartest_3200_3830,B6,19,0.30158730158730157,1,63,19,0,19,0,0,190.0,0.0,190.0,0.4166666666666667,0.5714285714285714,0.16631578947368134,0.5714285714285714,0.5,0.6666666666666666,4,7,2,4,7,158.40000000000055,0.5,1.25,posthoc_eval,
realcartest_3200_3830,B7,19,0.30158730158730157,1,63,19,0,19,0,0,190.0,0.0,190.0,0.375,0.42857142857142855,0.21894736842104975,0.42857142857142855,0.5,0.3333333333333333,3,7,2,4,5,148.40000000000055,1.3333333333333333,1.0,posthoc_eval,
realcartest_3200_3830,B6-core,19,0.30158730158730157,1,63,11,0,6,0,5,40.0,20.0,60.0,1.0,0.2857142857142857,0.5349999999999909,0.2857142857142857,0.5,0.0,2,7,2,4,0,18.600000000000364,1.0,1.0,posthoc_eval,
realcartest_3200_3830,B7-core,19,0.30158730158730157,1,63,17,0,14,0,3,40.0,100.0,140.0,1.0,0.14285714285714285,0.7674999999999954,0.14285714285714285,0.25,0.0,1,7,1,4,0,9.300000000000182,3.0,1.0,posthoc_eval,
realcartest_3200_3830,LATE-AQP-core,19,0.30158730158730157,1,63,18,2,12,0,4,50.0,90.0,140.0,1.0,0.2857142857142857,0.6179999999999928,0.2857142857142857,0.25,0.3333333333333333,2,7,1,4,0,19.100000000000364,1.5,1.0,strict_replay,
realcartest_3200_3830,B6,19,0.30158730158730157,2,63,19,0,19,0,0,190.0,0.0,190.0,0.375,0.42857142857142855,0.16894736842104977,0.42857142857142855,0.75,0.0,3,7,3,4,5,157.90000000000055,1.0,1.3333333333333333,posthoc_eval,
realcartest_3200_3830,B7,19,0.30158730158730157,2,63,19,0,19,0,0,190.0,0.0,190.0,0.25,0.42857142857142855,0.2705263157894718,0.42857142857142855,0.75,0.0,3,7,3,4,6,138.60000000000036,1.3333333333333333,1.0,posthoc_eval,
realcartest_3200_3830,B6-core,19,0.30158730158730157,2,63,14,0,10,0,4,20.0,80.0,100.0,1.0,0.2857142857142857,0.04499999999998181,0.2857142857142857,0.0,0.6666666666666666,2,7,0,4,0,19.100000000000364,0.0,1.0,posthoc_eval,
realcartest_3200_3830,B7-core,19,0.30158730158730157,2,63,18,0,15,0,3,80.0,70.0,150.0,1.0,0.42857142857142855,0.6512499999999932,0.42857142857142855,0.75,0.0,3,7,3,4,0,27.900000000000546,1.6666666666666667,1.0,posthoc_eval,
realcartest_3200_3830,LATE-AQP-core,19,0.30158730158730157,2,63,18,2,12,0,4,50.0,90.0,140.0,1.0,0.2857142857142857,0.6179999999999928,0.2857142857142857,0.25,0.3333333333333333,2,7,1,4,0,19.100000000000364,1.5,1.0,strict_replay,
realcartest_3200_3830,B6,19,0.30158730158730157,3,63,19,0,19,0,0,190.0,0.0,190.0,0.16666666666666666,0.2857142857142857,0.1615789473684201,0.2857142857142857,0.5,0.0,2,7,2,4,10,159.30000000000018,1.0,1.0,posthoc_eval,
realcartest_3200_3830,B7,19,0.30158730158730157,3,63,19,0,19,0,0,190.0,0.0,190.0,0.3333333333333333,0.7142857142857143,0.16999999999999618,0.7142857142857143,0.75,0.6666666666666666,5,7,3,4,4,157.70000000000073,0.4,1.0,posthoc_eval,
realcartest_3200_3830,B6-core,19,0.30158730158730157,3,63,15,0,12,0,3,20.0,100.0,120.0,1.0,0.14285714285714285,0.5349999999999909,0.14285714285714285,0.25,0.0,1,7,1,4,0,9.300000000000182,1.0,1.0,posthoc_eval,
realcartest_3200_3830,B7-core,19,0.30158730158730157,3,63,14,0,13,0,1,40.0,90.0,130.0,1.0,0.14285714285714285,0.7674999999999954,0.14285714285714285,0.25,0.0,1,7,1,4,0,9.300000000000182,3.0,1.0,posthoc_eval,
realcartest_3200_3830,LATE-AQP-core,19,0.30158730158730157,3,63,18,2,12,0,4,50.0,90.0,140.0,1.0,0.2857142857142857,0.6179999999999928,0.2857142857142857,0.25,0.3333333333333333,2,7,1,4,0,19.100000000000364,1.5,1.0,strict_replay,
realcartest_3200_3830,B6,19,0.30158730158730157,4,63,19,0,19,0,0,190.0,0.0,190.0,0.3333333333333333,0.5714285714285714,0.11368421052631292,0.5714285714285714,0.5,0.6666666666666666,4,7,2,4,6,168.40000000000055,0.25,1.0,posthoc_eval,
realcartest_3200_3830,B7,19,0.30158730158730157,4,63,19,0,19,0,0,190.0,0.0,190.0,0.2222222222222222,0.5714285714285714,0.11368421052631292,0.5714285714285714,0.5,0.6666666666666666,4,7,2,4,7,168.40000000000055,0.25,1.0,posthoc_eval,
realcartest_3200_3830,B6-core,19,0.30158730158730157,4,63,15,0,10,0,5,50.0,50.0,100.0,1.0,0.42857142857142855,0.43199999999998906,0.42857142857142855,0.5,0.3333333333333333,3,7,2,4,0,28.400000000000546,0.6666666666666666,1.0,posthoc_eval,
realcartest_3200_3830,B7-core,19,0.30158730158730157,4,63,17,0,14,0,3,30.0,110.0,140.0,1.0,0.2857142857142857,0.37999999999998785,0.2857142857142857,0.25,0.3333333333333333,2,7,1,4,0,18.600000000000364,0.5,1.0,posthoc_eval,
realcartest_3200_3830,LATE-AQP-core,19,0.30158730158730157,4,63,17,5,6,2,4,50.0,80.0,130.0,1.0,0.2857142857142857,0.6279999999999927,0.2857142857142857,0.25,0.3333333333333333,2,7,1,4,0,18.600000000000364,1.5,1.0,strict_replay,
realcartest_3200_3830,B6,20,0.31746031746031744,0,63,20,0,20,0,0,200.0,0.0,200.0,0.5555555555555556,0.7142857142857143,0.21499999999999544,0.7142857142857143,0.75,0.6666666666666666,5,7,3,4,4,157.0000000000009,0.8,1.2,posthoc_eval,
realcartest_3200_3830,B7,20,0.31746031746031744,0,63,20,0,20,0,0,200.0,0.0,200.0,0.42857142857142855,0.5714285714285714,0.26399999999999635,0.5714285714285714,0.75,0.3333333333333333,4,7,3,4,4,147.20000000000073,1.25,1.0,posthoc_eval,
realcartest_3200_3830,B6-core,20,0.31746031746031744,0,63,12,0,8,0,4,20.0,60.0,80.0,1.0,0.2857142857142857,0.06999999999998181,0.2857142857142857,0.0,0.6666666666666666,2,7,0,4,0,18.600000000000364,0.0,1.0,posthoc_eval,
realcartest_3200_3830,B7-core,20,0.31746031746031744,0,63,18,0,14,0,4,90.0,50.0,140.0,1.0,0.5714285714285714,0.5866666666666586,0.5714285714285714,0.75,0.3333333333333333,4,7,3,4,0,37.20000000000073,1.25,1.0,posthoc_eval,
realcartest_3200_3830,LATE-AQP-core,20,0.31746031746031744,0,63,19,2,13,0,4,50.0,100.0,150.0,1.0,0.2857142857142857,0.6179999999999928,0.2857142857142857,0.25,0.3333333333333333,2,7,1,4,0,19.100000000000364,1.5,1.0,strict_replay,
realcartest_3200_3830,B6,20,0.31746031746031744,1,63,20,0,20,0,0,200.0,0.0,200.0,0.4166666666666667,0.5714285714285714,0.15799999999999728,0.5714285714285714,0.5,0.6666666666666666,4,7,2,4,7,168.40000000000055,0.5,1.25,posthoc_eval,
realcartest_3200_3830,B7,20,0.31746031746031744,1,63,20,0,20,0,0,200.0,0.0,200.0,0.375,0.42857142857142855,0.20799999999999727,0.42857142857142855,0.5,0.3333333333333333,3,7,2,4,5,158.40000000000055,1.3333333333333333,1.0,posthoc_eval,
realcartest_3200_3830,B6-core,20,0.31746031746031744,1,63,12,0,7,0,5,40.0,30.0,70.0,1.0,0.2857142857142857,0.5349999999999909,0.2857142857142857,0.5,0.0,2,7,2,4,0,18.600000000000364,1.0,1.0,posthoc_eval,
realcartest_3200_3830,B7-core,20,0.31746031746031744,1,63,18,0,15,0,3,40.0,110.0,150.0,1.0,0.14285714285714285,0.7674999999999954,0.14285714285714285,0.25,0.0,1,7,1,4,0,9.300000000000182,3.0,1.0,posthoc_eval,
realcartest_3200_3830,LATE-AQP-core,20,0.31746031746031744,1,63,19,2,13,0,4,50.0,100.0,150.0,1.0,0.2857142857142857,0.6179999999999928,0.2857142857142857,0.25,0.3333333333333333,2,7,1,4,0,19.100000000000364,1.5,1.0,strict_replay,
realcartest_3200_3830,B6,20,0.31746031746031744,2,63,20,0,20,0,0,200.0,0.0,200.0,0.3333333333333333,0.42857142857142855,0.16049999999999728,0.42857142857142855,0.75,0.0,3,7,3,4,6,167.90000000000055,1.0,1.3333333333333333,posthoc_eval,
realcartest_3200_3830,B7,20,0.31746031746031744,2,63,20,0,20,0,0,200.0,0.0,200.0,0.25,0.42857142857142855,0.2569999999999982,0.42857142857142855,0.75,0.0,3,7,3,4,6,148.60000000000036,1.3333333333333333,1.0,posthoc_eval,
realcartest_3200_3830,B6-core,20,0.31746031746031744,2,63,11,0,11,0,0,0.0,110.0,110.0,0.0,0.0,0.0,0.0,0.0,0.0,0,7,0,4,0,0.0,0.0,0.0,posthoc_eval,
realcartest_3200_3830,B7-core,20,0.31746031746031744,2,63,18,0,15,0,3,80.0,70.0,150.0,1.0,0.42857142857142855,0.6512499999999932,0.42857142857142855,0.75,0.0,3,7,3,4,0,27.900000000000546,1.6666666666666667,1.0,posthoc_eval,
realcartest_3200_3830,LATE-AQP-core,20,0.31746031746031744,2,63,19,2,13,0,4,50.0,100.0,150.0,1.0,0.2857142857142857,0.6179999999999928,0.2857142857142857,0.25,0.3333333333333333,2,7,1,4,0,19.100000000000364,1.5,1.0,strict_replay,
realcartest_3200_3830,B6,20,0.31746031746031744,3,63,20,0,20,0,0,200.0,0.0,200.0,0.25,0.42857142857142855,0.1544999999999982,0.42857142857142855,0.5,0.3333333333333333,3,7,2,4,9,169.10000000000036,0.6666666666666666,1.0,posthoc_eval,
realcartest_3200_3830,B7,20,0.31746031746031744,3,63,20,0,20,0,0,200.0,0.0,200.0,0.3333333333333333,0.7142857142857143,0.21149999999999636,0.7142857142857143,0.75,0.6666666666666666,5,7,3,4,4,157.70000000000073,0.6,1.0,posthoc_eval,
realcartest_3200_3830,B6-core,20,0.31746031746031744,3,63,13,0,11,0,2,10.0,100.0,110.0,1.0,0.14285714285714285,0.01999999999998181,0.14285714285714285,0.0,0.3333333333333333,1,7,0,4,0,9.800000000000182,0.0,1.0,posthoc_eval,
realcartest_3200_3830,B7-core,20,0.31746031746031744,3,63,16,0,15,0,1,40.0,110.0,150.0,1.0,0.14285714285714285,0.7674999999999954,0.14285714285714285,0.25,0.0,1,7,1,4,0,9.300000000000182,3.0,1.0,posthoc_eval,
realcartest_3200_3830,LATE-AQP-core,20,0.31746031746031744,3,63,19,2,13,0,4,50.0,100.0,150.0,1.0,0.2857142857142857,0.6179999999999928,0.2857142857142857,0.25,0.3333333333333333,2,7,1,4,0,19.100000000000364,1.5,1.0,strict_replay,
realcartest_3200_3830,B6,20,0.31746031746031744,4,63,20,0,20,0,0,200.0,0.0,200.0,0.3,0.5714285714285714,0.10799999999999726,0.5714285714285714,0.5,0.6666666666666666,4,7,2,4,7,178.40000000000055,0.25,1.0,posthoc_eval,
realcartest_3200_3830,B7,20,0.31746031746031744,4,63,20,0,20,0,0,200.0,0.0,200.0,0.2222222222222222,0.5714285714285714,0.10799999999999726,0.5714285714285714,0.5,0.6666666666666666,4,7,2,4,7,178.40000000000055,0.25,1.0,posthoc_eval,
realcartest_3200_3830,B6-core,20,0.31746031746031744,4,63,19,0,11,0,8,80.0,30.0,110.0,1.0,0.42857142857142855,0.6512499999999932,0.42857142857142855,0.75,0.0,3,7,3,4,0,27.900000000000546,1.6666666666666667,1.0,posthoc_eval,
realcartest_3200_3830,B7-core,20,0.31746031746031744,4,63,17,0,15,0,2,40.0,110.0,150.0,1.0,0.2857142857142857,0.5349999999999909,0.2857142857142857,0.5,0.0,2,7,2,4,0,18.600000000000364,1.0,1.0,posthoc_eval,
realcartest_3200_3830,LATE-AQP-core,20,0.31746031746031744,4,63,18,5,7,2,4,50.0,90.0,140.0,1.0,0.2857142857142857,0.6279999999999927,0.2857142857142857,0.25,0.3333333333333333,2,7,1,4,0,18.600000000000364,1.5,1.0,strict_replay,
realcartest_3200_3830,B6,25,0.3968253968253968,0,63,25,0,25,0,0,250.0,0.0,250.0,0.36363636363636365,0.7142857142857143,0.17199999999999635,0.7142857142857143,0.75,0.6666666666666666,5,7,3,4,7,207.0000000000009,0.8,1.2,posthoc_eval,
realcartest_3200_3830,B7,25,0.3968253968253968,0,63,25,0,25,0,0,250.0,0.0,250.0,0.3,0.5714285714285714,0.21119999999999708,0.5714285714285714,0.75,0.3333333333333333,4,7,3,4,7,197.20000000000073,1.25,1.0,posthoc_eval,
realcartest_3200_3830,B6-core,25,0.3968253968253968,0,63,25,0,15,0,10,60.0,90.0,150.0,1.0,0.2857142857142857,0.6816666666666606,0.2857142857142857,0.5,0.0,2,7,2,4,0,19.100000000000364,2.0,1.0,posthoc_eval,
realcartest_3200_3830,B7-core,25,0.3968253968253968,0,63,23,0,19,0,4,60.0,130.0,190.0,1.0,0.5714285714285714,0.37166666666665454,0.5714285714285714,0.5,0.6666666666666666,4,7,2,4,0,37.70000000000073,0.5,1.0,posthoc_eval,
realcartest_3200_3830,LATE-AQP-core,25,0.3968253968253968,0,63,24,6,10,2,6,60.0,120.0,180.0,1.0,0.42857142857142855,0.5266666666666576,0.42857142857142855,0.25,0.6666666666666666,3,7,1,4,0,28.400000000000546,1.0,1.0,strict_replay,
realcartest_3200_3830,B6,25,0.3968253968253968,1,63,25,0,25,0,0,250.0,0.0,250.0,0.5,0.5714285714285714,0.12639999999999782,0.5714285714285714,0.5,0.6666666666666666,4,7,2,4,5,218.40000000000055,0.5,1.25,posthoc_eval,
realcartest_3200_3830,B7,25,0.3968253968253968,1,63,25,0,25,0,0,250.0,0.0,250.0,0.375,0.5714285714285714,0.2063999999999978,0.5714285714285714,0.75,0.3333333333333333,4,7,3,4,5,198.40000000000055,1.0,1.0,posthoc_eval,
realcartest_3200_3830,B6-core,25,0.3968253968253968,1,63,23,0,12,0,11,80.0,40.0,120.0,1.0,0.42857142857142855,0.6512499999999932,0.42857142857142855,0.75,0.0,3,7,3,4,0,27.900000000000546,1.6666666666666667,1.0,posthoc_eval,
realcartest_3200_3830,B7-core,25,0.3968253968253968,1,63,20,0,19,0,1,40.0,150.0,190.0,1.0,0.14285714285714285,0.7674999999999954,0.14285714285714285,0.25,0.0,1,7,1,4,0,9.300000000000182,3.0,1.0,posthoc_eval,
realcartest_3200_3830,LATE-AQP-core,25,0.3968253968253968,1,63,15,3,10,0,2,40.0,90.0,130.0,1.0,0.14285714285714285,0.7674999999999954,0.14285714285714285,0.25,0.0,1,7,1,4,0,9.300000000000182,3.0,1.0,strict_replay,
realcartest_3200_3830,B6,25,0.3968253968253968,2,63,25,0,25,0,0,250.0,0.0,250.0,0.23076923076923078,0.42857142857142855,0.12839999999999782,0.42857142857142855,0.75,0.0,3,7,3,4,10,217.90000000000055,1.0,1.3333333333333333,posthoc_eval,
realcartest_3200_3830,B7,25,0.3968253968253968,2,63,25,0,25,0,0,250.0,0.0,250.0,0.2222222222222222,0.5714285714285714,0.21119999999999708,0.5714285714285714,0.75,0.3333333333333333,4,7,3,4,7,197.20000000000073,1.25,1.0,posthoc_eval,
realcartest_3200_3830,B6-core,25,0.3968253968253968,2,63,19,0,16,0,3,20.0,140.0,160.0,1.0,0.14285714285714285,0.5099999999999909,0.14285714285714285,0.25,0.0,1,7,1,4,0,9.800000000000182,1.0,1.0,posthoc_eval,
realcartest_3200_3830,B7-core,25,0.3968253968253968,2,63,24,0,18,0,6,90.0,90.0,180.0,1.0,0.5714285714285714,0.5866666666666586,0.5714285714285714,0.75,0.3333333333333333,4,7,3,4,0,37.20000000000073,1.25,1.0,posthoc_eval,
realcartest_3200_3830,LATE-AQP-core,25,0.3968253968253968,2,63,15,3,10,0,2,40.0,90.0,130.0,1.0,0.14285714285714285,0.7674999999999954,0.14285714285714285,0.25,0.0,1,7,1,4,0,9.300000000000182,3.0,1.0,strict_replay,
realcartest_3200_3830,B6,25,0.3968253968253968,3,63,25,0,25,0,0,250.0,0.0,250.0,0.18181818181818182,0.42857142857142855,0.12359999999999854,0.42857142857142855,0.5,0.3333333333333333,3,7,2,4,9,219.10000000000036,0.6666666666666666,1.0,posthoc_eval,
realcartest_3200_3830,B7,25,0.3968253968253968,3,63,25,0,25,0,0,250.0,0.0,250.0,0.3333333333333333,0.7142857142857143,0.21199999999999636,0.7142857142857143,0.75,0.6666666666666666,5,7,3,4,4,197.0000000000009,1.0,1.0,posthoc_eval,
realcartest_3200_3830,B6-core,25,0.3968253968253968,3,63,16,0,13,0,3,20.0,110.0,130.0,1.0,0.14285714285714285,0.5099999999999909,0.14285714285714285,0.25,0.0,1,7,1,4,0,9.800000000000182,1.0,1.0,posthoc_eval,
realcartest_3200_3830,B7-core,25,0.3968253968253968,3,63,25,0,22,0,3,30.0,190.0,220.0,1.0,0.2857142857142857,0.37999999999998785,0.2857142857142857,0.25,0.3333333333333333,2,7,1,4,0,18.600000000000364,0.5,1.0,posthoc_eval,
realcartest_3200_3830,LATE-AQP-core,25,0.3968253968253968,3,63,15,3,10,0,2,40.0,90.0,130.0,1.0,0.14285714285714285,0.7674999999999954,0.14285714285714285,0.25,0.0,1,7,1,4,0,9.300000000000182,3.0,1.0,strict_replay,
realcartest_3200_3830,B6,25,0.3968253968253968,4,63,25,0,25,0,0,250.0,0.0,250.0,0.3333333333333333,0.7142857142857143,0.09199999999999636,0.7142857142857143,0.5,1.0,5,7,2,4,6,227.0000000000009,0.4,1.0,posthoc_eval,
realcartest_3200_3830,B7,25,0.3968253968253968,4,63,25,0,25,0,0,250.0,0.0,250.0,0.42857142857142855,0.7142857142857143,0.08919999999999709,0.7142857142857143,0.5,1.0,5,7,2,4,4,227.70000000000073,0.2,1.0,posthoc_eval,
realcartest_3200_3830,B6-core,25,0.3968253968253968,4,63,24,0,17,0,7,50.0,120.0,170.0,1.0,0.42857142857142855,0.43199999999998906,0.42857142857142855,0.5,0.3333333333333333,3,7,2,4,0,28.400000000000546,0.6666666666666666,1.0,posthoc_eval,
realcartest_3200_3830,B7-core,25,0.3968253968253968,4,63,21,0,18,0,3,50.0,130.0,180.0,1.0,0.42857142857142855,0.44199999999998907,0.42857142857142855,0.5,0.3333333333333333,3,7,2,4,0,27.900000000000546,0.6666666666666666,1.0,posthoc_eval,
realcartest_3200_3830,LATE-AQP-core,25,0.3968253968253968,4,63,22,6,10,2,4,50.0,130.0,180.0,1.0,0.2857142857142857,0.6279999999999927,0.2857142857142857,0.25,0.3333333333333333,2,7,1,4,0,18.600000000000364,1.5,1.0,strict_replay,
realcartest_3200_3830,B6,32,0.5079365079365079,0,63,32,0,32,0,0,320.0,0.0,320.0,0.4,0.7142857142857143,0.13437499999999716,0.7142857142857143,0.75,0.6666666666666666,5,7,3,4,6,277.0000000000009,0.8,1.2,posthoc_eval,
realcartest_3200_3830,B7,32,0.5079365079365079,0,63,32,0,32,0,0,320.0,0.0,320.0,0.375,0.8571428571428571,0.1990624999999966,0.8571428571428571,1.0,0.6666666666666666,6,7,4,4,5,256.3000000000011,1.0,1.0,posthoc_eval,
realcartest_3200_3830,B6-core,32,0.5079365079365079,0,63,22,0,20,0,2,10.0,190.0,200.0,1.0,0.14285714285714285,0.06999999999998181,0.14285714285714285,0.0,0.3333333333333333,1,7,0,4,0,9.300000000000182,0.0,1.0,posthoc_eval,
realcartest_3200_3830,B7-core,32,0.5079365079365079,0,63,30,0,27,0,3,60.0,210.0,270.0,1.0,0.5714285714285714,0.37999999999998785,0.5714285714285714,0.5,0.6666666666666666,4,7,2,4,0,37.20000000000073,0.5,1.0,posthoc_eval,
realcartest_3200_3830,LATE-AQP-core,32,0.5079365079365079,0,63,26,8,10,2,6,60.0,140.0,200.0,1.0,0.42857142857142855,0.5266666666666576,0.42857142857142855,0.25,0.6666666666666666,3,7,1,4,0,28.400000000000546,1.0,1.0,strict_replay,
realcartest_3200_3830,B6,32,0.5079365079365079,1,63,32,0,32,0,0,320.0,0.0,320.0,0.4166666666666667,0.7142857142857143,0.12999999999999828,0.7142857142857143,0.75,0.6666666666666666,5,7,3,4,7,278.40000000000055,0.4,1.2,posthoc_eval,
realcartest_3200_3830,B7,32,0.5079365079365079,1,63,32,0,32,0,0,320.0,0.0,320.0,0.2727272727272727,0.5714285714285714,0.16343749999999774,0.5714285714285714,0.75,0.3333333333333333,4,7,3,4,8,267.7000000000007,1.25,1.0,posthoc_eval,
realcartest_3200_3830,B6-core,32,0.5079365079365079,1,63,27,0,18,0,9,70.0,110.0,180.0,1.0,0.5714285714285714,0.46142857142856103,0.5714285714285714,0.75,0.3333333333333333,4,7,3,4,0,37.70000000000073,0.75,1.0,posthoc_eval,
realcartest_3200_3830,B7-core,32,0.5079365079365079,1,63,29,0,25,0,4,50.0,200.0,250.0,1.0,0.42857142857142855,0.44199999999998907,0.42857142857142855,0.5,0.3333333333333333,3,7,2,4,0,27.900000000000546,0.6666666666666666,1.0,posthoc_eval,
realcartest_3200_3830,LATE-AQP-core,32,0.5079365079365079,1,63,32,8,11,3,10,110.0,110.0,220.0,1.0,0.7142857142857143,0.5681818181818099,0.7142857142857143,1.0,0.3333333333333333,5,7,4,4,0,47.50000000000091,1.2,1.0,strict_replay,
realcartest_3200_3830,B6,32,0.5079365079365079,2,63,32,0,32,0,0,320.0,0.0,320.0,0.35714285714285715,0.7142857142857143,0.10468749999999716,0.7142857142857143,1.0,0.3333333333333333,5,7,4,4,9,286.5000000000009,0.6,1.2,posthoc_eval,
realcartest_3200_3830,B7,32,0.5079365079365079,2,63,32,0,32,0,0,320.0,0.0,320.0,0.3333333333333333,0.8571428571428571,0.1974999999999966,0.8571428571428571,1.0,0.6666666666666666,6,7,4,4,8,256.8000000000011,1.0,1.0,posthoc_eval,
realcartest_3200_3830,B6-core,32,0.5079365079365079,2,63,28,0,18,0,10,50.0,130.0,180.0,1.0,0.2857142857142857,0.6279999999999927,0.2857142857142857,0.25,0.3333333333333333,2,7,1,4,0,18.600000000000364,1.5,1.0,posthoc_eval,
realcartest_3200_3830,B7-core,32,0.5079365079365079,2,63,28,0,25,0,3,50.0,200.0,250.0,1.0,0.2857142857142857,0.6279999999999927,0.2857142857142857,0.25,0.3333333333333333,2,7,1,4,0,18.600000000000364,1.5,1.0,posthoc_eval,
realcartest_3200_3830,LATE-AQP-core,32,0.5079365079365079,2,63,26,8,10,2,6,60.0,140.0,200.0,1.0,0.42857142857142855,0.5266666666666576,0.42857142857142855,0.25,0.6666666666666666,3,7,1,4,0,28.400000000000546,1.0,1.0,strict_replay,
realcartest_3200_3830,B6,32,0.5079365079365079,3,63,32,0,32,0,0,320.0,0.0,320.0,0.25,0.8571428571428571,0.13437499999999716,0.8571428571428571,0.75,1.0,6,7,3,4,9,277.0000000000009,0.5,1.0,posthoc_eval,
realcartest_3200_3830,B7,32,0.5079365079365079,3,63,32,0,32,0,0,320.0,0.0,320.0,0.4,0.8571428571428571,0.1678124999999966,0.8571428571428571,0.75,1.0,6,7,3,4,3,266.3000000000011,0.8333333333333334,1.0,posthoc_eval,
realcartest_3200_3830,B6-core,32,0.5079365079365079,3,63,26,0,22,0,4,50.0,170.0,220.0,1.0,0.42857142857142855,0.43199999999998906,0.42857142857142855,0.5,0.3333333333333333,3,7,2,4,0,28.400000000000546,0.6666666666666666,1.0,posthoc_eval,
realcartest_3200_3830,B7-core,32,0.5079365079365079,3,63,28,0,26,0,2,60.0,200.0,260.0,1.0,0.5714285714285714,0.37999999999998785,0.5714285714285714,0.5,0.6666666666666666,4,7,2,4,0,37.20000000000073,0.5,1.0,posthoc_eval,
realcartest_3200_3830,LATE-AQP-core,32,0.5079365079365079,3,63,25,4,16,0,5,70.0,130.0,200.0,1.0,0.42857142857142855,0.5871428571428493,0.42857142857142855,0.5,0.3333333333333333,3,7,2,4,0,28.900000000000546,1.3333333333333333,1.0,strict_replay,
realcartest_3200_3830,B6,32,0.5079365079365079,4,63,32,0,32,0,0,320.0,0.0,320.0,0.25,0.7142857142857143,0.07187499999999716,0.7142857142857143,0.5,1.0,5,7,2,4,6,297.0000000000009,0.4,1.0,posthoc_eval,
realcartest_3200_3830,B7,32,0.5079365079365079,4,63,32,0,32,0,0,320.0,0.0,320.0,0.3333333333333333,0.8571428571428571,0.1037499999999966,0.8571428571428571,0.75,1.0,6,7,3,4,4,286.8000000000011,0.5,1.0,posthoc_eval,
realcartest_3200_3830,B6-core,32,0.5079365079365079,4,63,27,0,19,0,8,60.0,130.0,190.0,1.0,0.42857142857142855,0.5349999999999909,0.42857142857142855,0.25,0.6666666666666666,3,7,1,4,0,27.900000000000546,1.0,1.0,posthoc_eval,
realcartest_3200_3830,B7-core,32,0.5079365079365079,4,63,30,0,28,0,2,60.0,220.0,280.0,1.0,0.5714285714285714,0.37999999999998785,0.5714285714285714,0.5,0.6666666666666666,4,7,2,4,0,37.20000000000073,0.5,1.0,posthoc_eval,
realcartest_3200_3830,LATE-AQP-core,32,0.5079365079365079,4,63,25,4,16,0,5,70.0,130.0,200.0,1.0,0.42857142857142855,0.5871428571428493,0.42857142857142855,0.5,0.3333333333333333,3,7,2,4,0,28.900000000000546,1.3333333333333333,1.0,strict_replay,
realcartest_3200_3830,B6,40,0.6349206349206349,0,63,40,0,40,0,0,400.0,0.0,400.0,0.2222222222222222,0.8571428571428571,0.13424999999999726,0.8571428571428571,0.75,1.0,6,7,3,4,7,346.3000000000011,0.8333333333333334,1.0,posthoc_eval,
realcartest_3200_3830,B7,40,0.6349206349206349,0,63,40,0,40,0,0,400.0,0.0,400.0,0.2727272727272727,0.8571428571428571,0.15924999999999728,0.8571428571428571,1.0,0.6666666666666666,6,7,4,4,8,336.3000000000011,1.0,1.0,posthoc_eval,
realcartest_3200_3830,B6-core,40,0.6349206349206349,0,63,35,0,27,0,8,110.0,160.0,270.0,1.0,0.7142857142857143,0.5681818181818099,0.7142857142857143,1.0,0.3333333333333333,5,7,4,4,0,47.50000000000091,1.2,1.0,posthoc_eval,
realcartest_3200_3830,B7-core,40,0.6349206349206349,0,63,38,0,34,0,4,90.0,250.0,340.0,1.0,0.8571428571428571,0.3688888888888768,0.8571428571428571,0.75,1.0,6,7,3,4,0,56.80000000000109,0.5,1.0,posthoc_eval,
realcartest_3200_3830,LATE-AQP-core,40,0.6349206349206349,0,63,37,10,13,4,10,90.0,180.0,270.0,1.0,0.7142857142857143,0.4722222222222121,0.7142857142857143,0.5,1.0,5,7,2,4,0,47.50000000000091,0.8,1.0,strict_replay,
realcartest_3200_3830,B6,40,0.6349206349206349,1,63,40,0,40,0,0,400.0,0.0,400.0,0.5,1.0,0.10799999999999726,1.0,1.0,1.0,7,7,4,4,5,356.8000000000011,0.42857142857142855,1.1428571428571428,posthoc_eval,
realcartest_3200_3830,B7,40,0.6349206349206349,1,63,40,0,40,0,0,400.0,0.0,400.0,0.2727272727272727,0.8571428571428571,0.15924999999999728,0.8571428571428571,1.0,0.6666666666666666,6,7,4,4,8,336.3000000000011,1.0,1.0,posthoc_eval,
realcartest_3200_3830,B6-core,40,0.6349206349206349,1,63,29,0,25,0,4,60.0,190.0,250.0,1.0,0.5714285714285714,0.37166666666665454,0.5714285714285714,0.5,0.6666666666666666,4,7,2,4,0,37.70000000000073,0.5,1.0,posthoc_eval,
realcartest_3200_3830,B7-core,40,0.6349206349206349,1,63,38,0,35,0,3,100.0,250.0,350.0,1.0,0.7142857142857143,0.5349999999999909,0.7142857142857143,0.75,0.6666666666666666,5,7,3,4,0,46.50000000000091,1.0,1.0,posthoc_eval,
realcartest_3200_3830,LATE-AQP-core,40,0.6349206349206349,1,63,40,10,17,3,10,120.0,180.0,300.0,1.0,0.8571428571428571,0.5266666666666576,0.8571428571428571,1.0,0.6666666666666666,6,7,4,4,0,56.80000000000109,1.0,1.0,strict_replay,
realcartest_3200_3830,B6,40,0.6349206349206349,2,63,40,0,40,0,0,400.0,0.0,400.0,0.26666666666666666,0.7142857142857143,0.10749999999999772,0.7142857142857143,1.0,0.3333333333333333,5,7,4,4,11,357.0000000000009,0.8,1.2,posthoc_eval,
realcartest_3200_3830,B7,40,0.6349206349206349,2,63,40,0,40,0,0,400.0,0.0,400.0,0.23076923076923078,0.8571428571428571,0.15799999999999728,0.8571428571428571,1.0,0.6666666666666666,6,7,4,4,10,336.8000000000011,1.0,1.0,posthoc_eval,
realcartest_3200_3830,B6-core,40,0.6349206349206349,2,63,34,0,28,0,6,110.0,170.0,280.0,1.0,0.7142857142857143,0.5681818181818099,0.7142857142857143,1.0,0.3333333333333333,5,7,4,4,0,47.50000000000091,1.2,1.0,posthoc_eval,
realcartest_3200_3830,B7-core,40,0.6349206349206349,2,63,39,0,34,0,5,120.0,220.0,340.0,1.0,0.8571428571428571,0.5308333333333243,0.8571428571428571,1.0,0.6666666666666666,6,7,4,4,0,56.30000000000109,1.0,1.0,posthoc_eval,
realcartest_3200_3830,LATE-AQP-core,40,0.6349206349206349,2,63,40,10,16,2,12,120.0,160.0,280.0,1.0,0.8571428571428571,0.5266666666666576,0.8571428571428571,1.0,0.6666666666666666,6,7,4,4,0,56.80000000000109,1.0,1.0,strict_replay,
realcartest_3200_3830,B6,40,0.6349206349206349,3,63,40,0,40,0,0,400.0,0.0,400.0,0.3,1.0,0.13124999999999773,1.0,1.0,1.0,7,7,4,4,7,347.5000000000009,0.42857142857142855,1.0,posthoc_eval,
realcartest_3200_3830,B7,40,0.6349206349206349,3,63,40,0,40,0,0,400.0,0.0,400.0,0.2857142857142857,0.8571428571428571,0.13424999999999726,0.8571428571428571,0.75,1.0,6,7,3,4,5,346.3000000000011,0.8333333333333334,1.0,posthoc_eval,
realcartest_3200_3830,B6-core,40,0.6349206349206349,3,63,36,0,33,0,3,100.0,230.0,330.0,1.0,0.7142857142857143,0.5299999999999909,0.7142857142857143,0.75,0.6666666666666666,5,7,3,4,0,47.00000000000091,1.0,1.0,posthoc_eval,
realcartest_3200_3830,B7-core,40,0.6349206349206349,3,63,40,0,35,0,5,120.0,230.0,350.0,1.0,0.8571428571428571,0.5308333333333243,0.8571428571428571,1.0,0.6666666666666666,6,7,4,4,0,56.30000000000109,1.0,1.0,posthoc_eval,
realcartest_3200_3830,LATE-AQP-core,40,0.6349206349206349,3,63,40,4,24,0,12,120.0,160.0,280.0,1.0,0.8571428571428571,0.5266666666666576,0.8571428571428571,1.0,0.6666666666666666,6,7,4,4,0,56.80000000000109,1.0,1.0,strict_replay,
realcartest_3200_3830,B6,40,0.6349206349206349,4,63,40,0,40,0,0,400.0,0.0,400.0,0.2,0.8571428571428571,0.08124999999999773,0.8571428571428571,0.75,1.0,6,7,3,4,8,367.5000000000009,0.3333333333333333,1.0,posthoc_eval,
realcartest_3200_3830,B7,40,0.6349206349206349,4,63,40,0,40,0,0,400.0,0.0,400.0,0.2222222222222222,0.8571428571428571,0.08299999999999727,0.8571428571428571,0.75,1.0,6,7,3,4,7,366.8000000000011,0.5,1.0,posthoc_eval,
realcartest_3200_3830,B6-core,40,0.6349206349206349,4,63,37,0,30,0,7,60.0,240.0,300.0,1.0,0.5714285714285714,0.37999999999998785,0.5714285714285714,0.5,0.6666666666666666,4,7,2,4,0,37.20000000000073,0.5,1.0,posthoc_eval,
realcartest_3200_3830,B7-core,40,0.6349206349206349,4,63,36,0,31,0,5,110.0,200.0,310.0,1.0,0.7142857142857143,0.5727272727272644,0.7142857142857143,1.0,0.3333333333333333,5,7,4,4,0,47.00000000000091,1.2,1.0,posthoc_eval,
realcartest_3200_3830,LATE-AQP-core,40,0.6349206349206349,4,63,40,4,24,0,12,120.0,160.0,280.0,1.0,0.8571428571428571,0.5266666666666576,0.8571428571428571,1.0,0.6666666666666666,6,7,4,4,0,56.80000000000109,1.0,1.0,strict_replay,
realcartest_3200_3830,B6,47,0.746031746031746,0,63,47,0,47,0,0,470.0,0.0,470.0,0.3,1.0,0.11574468085106113,1.0,1.0,1.0,7,7,4,4,7,415.6000000000013,0.7142857142857143,1.0,posthoc_eval,
realcartest_3200_3830,B7,47,0.746031746031746,0,63,47,0,47,0,0,470.0,0.0,470.0,0.2727272727272727,0.8571428571428571,0.13553191489361469,0.8571428571428571,1.0,0.6666666666666666,6,7,4,4,8,406.3000000000011,1.0,1.0,posthoc_eval,
realcartest_3200_3830,B6-core,47,0.746031746031746,0,63,46,0,36,0,10,90.0,270.0,360.0,1.0,0.8571428571428571,0.3688888888888768,0.8571428571428571,0.75,1.0,6,7,3,4,0,56.80000000000109,0.5,1.0,posthoc_eval,
realcartest_3200_3830,B7-core,47,0.746031746031746,0,63,46,0,42,0,4,130.0,290.0,420.0,1.0,1.0,0.49153846153845177,1.0,1.0,1.0,7,7,4,4,0,66.10000000000127,0.8571428571428571,1.0,posthoc_eval,
realcartest_3200_3830,LATE-AQP-core,47,0.746031746031746,0,63,47,12,19,6,10,120.0,250.0,370.0,1.0,0.8571428571428571,0.5266666666666576,0.8571428571428571,1.0,0.6666666666666666,6,7,4,4,0,56.80000000000109,1.0,1.0,strict_replay,
realcartest_3200_3830,B6,47,0.746031746031746,1,63,47,0,47,0,0,470.0,0.0,470.0,0.4444444444444444,1.0,0.11468085106382708,1.0,1.0,1.0,7,7,4,4,5,416.1000000000013,0.7142857142857143,1.1428571428571428,posthoc_eval,
realcartest_3200_3830,B7,47,0.746031746031746,1,63,47,0,47,0,0,470.0,0.0,470.0,0.25,0.8571428571428571,0.13553191489361469,0.8571428571428571,1.0,0.6666666666666666,6,7,4,4,9,406.3000000000011,1.0,1.0,posthoc_eval,
realcartest_3200_3830,B6-core,47,0.746031746031746,1,63,42,0,34,0,8,120.0,220.0,340.0,1.0,0.8571428571428571,0.5266666666666576,0.8571428571428571,1.0,0.6666666666666666,6,7,4,4,0,56.80000000000109,1.0,1.0,posthoc_eval,
realcartest_3200_3830,B7-core,47,0.746031746031746,1,63,46,0,42,0,4,130.0,290.0,420.0,1.0,1.0,0.49153846153845177,1.0,1.0,1.0,7,7,4,4,0,66.10000000000127,0.8571428571428571,1.0,posthoc_eval,
realcartest_3200_3830,LATE-AQP-core,47,0.746031746031746,1,63,47,12,21,4,10,120.0,250.0,370.0,1.0,0.8571428571428571,0.5266666666666576,0.8571428571428571,1.0,0.6666666666666666,6,7,4,4,0,56.80000000000109,1.0,1.0,strict_replay,
realcartest_3200_3830,B6,47,0.746031746031746,2,63,47,0,47,0,0,470.0,0.0,470.0,0.4,1.0,0.09340425531914623,1.0,1.0,1.0,7,7,4,4,6,426.1000000000013,0.5714285714285714,1.1428571428571428,posthoc_eval,
realcartest_3200_3830,B7,47,0.746031746031746,2,63,47,0,47,0,0,470.0,0.0,470.0,0.3,1.0,0.13595744680850794,1.0,1.0,1.0,7,7,4,4,7,406.1000000000013,0.8571428571428571,1.0,posthoc_eval,
realcartest_3200_3830,B6-core,47,0.746031746031746,2,63,46,0,34,0,12,110.0,230.0,340.0,1.0,0.7142857142857143,0.5681818181818099,0.7142857142857143,1.0,0.3333333333333333,5,7,4,4,0,47.50000000000091,1.2,1.0,posthoc_eval,
realcartest_3200_3830,B7-core,47,0.746031746031746,2,63,47,0,42,0,5,90.0,330.0,420.0,1.0,0.8571428571428571,0.3688888888888768,0.8571428571428571,0.75,1.0,6,7,3,4,0,56.80000000000109,0.5,1.0,posthoc_eval,
realcartest_3200_3830,LATE-AQP-core,47,0.746031746031746,2,63,47,12,22,3,10,120.0,250.0,370.0,1.0,0.8571428571428571,0.5266666666666576,0.8571428571428571,1.0,0.6666666666666666,6,7,4,4,0,56.80000000000109,1.0,1.0,strict_replay,
realcartest_3200_3830,B6,47,0.746031746031746,3,63,47,0,47,0,0,470.0,0.0,470.0,0.2727272727272727,1.0,0.1131914893616998,1.0,1.0,1.0,7,7,4,4,8,416.8000000000011,0.5714285714285714,1.0,posthoc_eval,
realcartest_3200_3830,B7,47,0.746031746031746,3,63,47,0,47,0,0,470.0,0.0,470.0,0.2222222222222222,0.8571428571428571,0.11425531914893385,0.8571428571428571,0.75,1.0,6,7,3,4,7,416.3000000000011,0.8333333333333334,1.0,posthoc_eval,
realcartest_3200_3830,B6-core,47,0.746031746031746,3,63,41,0,31,0,10,80.0,230.0,310.0,1.0,0.5714285714285714,0.528749999999991,0.5714285714285714,0.5,0.6666666666666666,4,7,2,4,0,37.70000000000073,1.0,1.0,posthoc_eval,
realcartest_3200_3830,B7-core,47,0.746031746031746,3,63,47,0,45,0,2,110.0,340.0,450.0,1.0,0.8571428571428571,0.4881818181818083,0.8571428571428571,0.75,1.0,6,7,3,4,0,56.30000000000109,0.8333333333333334,1.0,posthoc_eval,
realcartest_3200_3830,LATE-AQP-core,47,0.746031746031746,3,63,47,5,31,0,11,120.0,240.0,360.0,1.0,0.8571428571428571,0.5266666666666576,0.8571428571428571,1.0,0.6666666666666666,6,7,4,4,0,56.80000000000109,1.0,1.0,strict_replay,
realcartest_3200_3830,B6,47,0.746031746031746,4,63,47,0,47,0,0,470.0,0.0,470.0,0.375,1.0,0.09191489361701896,1.0,1.0,1.0,7,7,4,4,5,426.8000000000011,0.42857142857142855,1.0,posthoc_eval,
realcartest_3200_3830,B7,47,0.746031746031746,4,63,47,0,47,0,0,470.0,0.0,470.0,0.3333333333333333,1.0,0.13595744680850794,1.0,1.0,1.0,7,7,4,4,6,406.1000000000013,0.8571428571428571,1.0,posthoc_eval,
realcartest_3200_3830,B6-core,47,0.746031746031746,4,63,41,0,37,0,4,100.0,270.0,370.0,1.0,0.7142857142857143,0.5299999999999909,0.7142857142857143,0.75,0.6666666666666666,5,7,3,4,0,47.00000000000091,1.0,1.0,posthoc_eval,
realcartest_3200_3830,B7-core,47,0.746031746031746,4,63,46,0,43,0,3,90.0,340.0,430.0,1.0,0.8571428571428571,0.3688888888888768,0.8571428571428571,0.75,1.0,6,7,3,4,0,56.80000000000109,0.5,1.0,posthoc_eval,
realcartest_3200_3830,LATE-AQP-core,47,0.746031746031746,4,63,47,5,31,0,11,120.0,240.0,360.0,1.0,0.8571428571428571,0.5266666666666576,0.8571428571428571,1.0,0.6666666666666666,6,7,4,4,0,56.80000000000109,1.0,1.0,strict_replay,
realcartest_3200_3830,B6,60,0.9523809523809523,0,63,60,0,60,0,0,600.0,0.0,600.0,0.5,1.0,0.10649999999999787,1.0,1.0,1.0,7,7,4,4,2,536.1000000000013,0.8571428571428571,1.0,posthoc_eval,close_to_full_sweep
realcartest_3200_3830,B7,60,0.9523809523809523,0,63,60,0,60,0,0,600.0,0.0,600.0,0.75,1.0,0.10649999999999787,1.0,1.0,1.0,7,7,4,4,1,536.1000000000013,0.8571428571428571,1.0,posthoc_eval,close_to_full_sweep
realcartest_3200_3830,B6-core,60,0.9523809523809523,0,63,59,0,55,0,4,130.0,420.0,550.0,1.0,1.0,0.49153846153845177,1.0,1.0,1.0,7,7,4,4,0,66.10000000000127,0.8571428571428571,1.0,posthoc_eval,close_to_full_sweep
realcartest_3200_3830,B7-core,60,0.9523809523809523,0,63,60,0,56,0,4,130.0,430.0,560.0,1.0,1.0,0.49153846153845177,1.0,1.0,1.0,7,7,4,4,0,66.10000000000127,0.8571428571428571,1.0,posthoc_eval,close_to_full_sweep
realcartest_3200_3830,LATE-AQP-core,60,0.9523809523809523,0,63,60,15,34,2,9,120.0,390.0,510.0,1.0,0.8571428571428571,0.5266666666666576,0.8571428571428571,1.0,0.6666666666666666,6,7,4,4,0,56.80000000000109,1.0,1.0,strict_replay,close_to_full_sweep
realcartest_3200_3830,B6,60,0.9523809523809523,1,63,60,0,60,0,0,600.0,0.0,600.0,0.75,1.0,0.10649999999999787,1.0,1.0,1.0,7,7,4,4,1,536.1000000000013,0.8571428571428571,1.0,posthoc_eval,close_to_full_sweep
realcartest_3200_3830,B7,60,0.9523809523809523,1,63,60,0,60,0,0,600.0,0.0,600.0,0.5,1.0,0.10649999999999787,1.0,1.0,1.0,7,7,4,4,2,536.1000000000013,0.8571428571428571,1.0,posthoc_eval,close_to_full_sweep
realcartest_3200_3830,B6-core,60,0.9523809523809523,1,63,58,0,56,0,2,130.0,430.0,560.0,1.0,1.0,0.49153846153845177,1.0,1.0,1.0,7,7,4,4,0,66.10000000000127,0.8571428571428571,1.0,posthoc_eval,close_to_full_sweep
realcartest_3200_3830,B7-core,60,0.9523809523809523,1,63,57,0,53,0,4,130.0,400.0,530.0,1.0,1.0,0.49153846153845177,1.0,1.0,1.0,7,7,4,4,0,66.10000000000127,0.8571428571428571,1.0,posthoc_eval,close_to_full_sweep
realcartest_3200_3830,LATE-AQP-core,60,0.9523809523809523,1,63,60,15,33,3,9,120.0,390.0,510.0,1.0,0.8571428571428571,0.5266666666666576,0.8571428571428571,1.0,0.6666666666666666,6,7,4,4,0,56.80000000000109,1.0,1.0,strict_replay,close_to_full_sweep
realcartest_3200_3830,B6,60,0.9523809523809523,2,63,60,0,60,0,0,600.0,0.0,600.0,1.0,1.0,0.08983333333333121,1.0,1.0,1.0,7,7,4,4,0,546.1000000000013,0.7142857142857143,1.1428571428571428,posthoc_eval,close_to_full_sweep
realcartest_3200_3830,B7,60,0.9523809523809523,2,63,60,0,60,0,0,600.0,0.0,600.0,0.75,1.0,0.10649999999999787,1.0,1.0,1.0,7,7,4,4,1,536.1000000000013,0.8571428571428571,1.0,posthoc_eval,close_to_full_sweep
realcartest_3200_3830,B6-core,60,0.9523809523809523,2,63,57,0,51,0,6,130.0,380.0,510.0,1.0,1.0,0.49153846153845177,1.0,1.0,1.0,7,7,4,4,0,66.10000000000127,0.8571428571428571,1.0,posthoc_eval,close_to_full_sweep
realcartest_3200_3830,B7-core,60,0.9523809523809523,2,63,60,0,56,0,4,130.0,430.0,560.0,1.0,1.0,0.49153846153845177,1.0,1.0,1.0,7,7,4,4,0,66.10000000000127,0.8571428571428571,1.0,posthoc_eval,close_to_full_sweep
realcartest_3200_3830,LATE-AQP-core,60,0.9523809523809523,2,63,60,15,32,4,9,120.0,390.0,510.0,1.0,0.8571428571428571,0.5266666666666576,0.8571428571428571,1.0,0.6666666666666666,6,7,4,4,0,56.80000000000109,1.0,1.0,strict_replay,close_to_full_sweep
realcartest_3200_3830,B6,60,0.9523809523809523,3,63,60,0,60,0,0,600.0,0.0,600.0,0.75,1.0,0.10533333333333152,1.0,1.0,1.0,7,7,4,4,1,536.8000000000011,0.7142857142857143,1.0,posthoc_eval,close_to_full_sweep
realcartest_3200_3830,B7,60,0.9523809523809523,3,63,60,0,60,0,0,600.0,0.0,600.0,0.75,1.0,0.10649999999999787,1.0,1.0,1.0,7,7,4,4,1,536.1000000000013,0.8571428571428571,1.0,posthoc_eval,close_to_full_sweep
realcartest_3200_3830,B6-core,60,0.9523809523809523,3,63,58,0,53,0,5,130.0,400.0,530.0,1.0,1.0,0.49153846153845177,1.0,1.0,1.0,7,7,4,4,0,66.10000000000127,0.8571428571428571,1.0,posthoc_eval,close_to_full_sweep
realcartest_3200_3830,B7-core,60,0.9523809523809523,3,63,60,0,56,0,4,130.0,430.0,560.0,1.0,1.0,0.49153846153845177,1.0,1.0,1.0,7,7,4,4,0,66.10000000000127,0.8571428571428571,1.0,posthoc_eval,close_to_full_sweep
realcartest_3200_3830,LATE-AQP-core,60,0.9523809523809523,3,63,60,6,45,0,9,120.0,390.0,510.0,1.0,0.8571428571428571,0.5266666666666576,0.8571428571428571,1.0,0.6666666666666666,6,7,4,4,0,56.80000000000109,1.0,1.0,strict_replay,close_to_full_sweep
realcartest_3200_3830,B6,60,0.9523809523809523,4,63,60,0,60,0,0,600.0,0.0,600.0,0.6666666666666666,1.0,0.10649999999999787,1.0,1.0,1.0,7,7,4,4,1,536.1000000000013,0.8571428571428571,1.0,posthoc_eval,close_to_full_sweep
realcartest_3200_3830,B7,60,0.9523809523809523,4,63,60,0,60,0,0,600.0,0.0,600.0,0.5,1.0,0.10649999999999787,1.0,1.0,1.0,7,7,4,4,2,536.1000000000013,0.8571428571428571,1.0,posthoc_eval,close_to_full_sweep
realcartest_3200_3830,B6-core,60,0.9523809523809523,4,63,60,0,56,0,4,130.0,430.0,560.0,1.0,1.0,0.49153846153845177,1.0,1.0,1.0,7,7,4,4,0,66.10000000000127,0.8571428571428571,1.0,posthoc_eval,close_to_full_sweep
realcartest_3200_3830,B7-core,60,0.9523809523809523,4,63,60,0,56,0,4,130.0,430.0,560.0,1.0,1.0,0.49153846153845177,1.0,1.0,1.0,7,7,4,4,0,66.10000000000127,0.8571428571428571,1.0,posthoc_eval,close_to_full_sweep
realcartest_3200_3830,LATE-AQP-core,60,0.9523809523809523,4,63,60,6,45,0,9,120.0,390.0,510.0,1.0,0.8571428571428571,0.5266666666666576,0.8571428571428571,1.0,0.6666666666666666,6,7,4,4,0,56.80000000000109,1.0,1.0,strict_replay,close_to_full_sweep
realcartest_3200_3830,B6,63,1.0,0,63,63,0,63,0,0,630.0,0.0,630.0,1.0,1.0,0.10142857142856941,1.0,1.0,1.0,7,7,4,4,0,566.1000000000013,0.8571428571428571,1.0,posthoc_eval,close_to_full_sweep
realcartest_3200_3830,B7,63,1.0,0,63,63,0,63,0,0,630.0,0.0,630.0,1.0,1.0,0.10142857142856941,1.0,1.0,1.0,7,7,4,4,0,566.1000000000013,0.8571428571428571,1.0,posthoc_eval,close_to_full_sweep
realcartest_3200_3830,B6-core,63,1.0,0,63,63,0,63,0,0,130.0,500.0,630.0,1.0,1.0,0.49153846153845177,1.0,1.0,1.0,7,7,4,4,0,66.10000000000127,0.8571428571428571,1.0,posthoc_eval,close_to_full_sweep
realcartest_3200_3830,B7-core,63,1.0,0,63,63,0,63,0,0,130.0,500.0,630.0,1.0,1.0,0.49153846153845177,1.0,1.0,1.0,7,7,4,4,0,66.10000000000127,0.8571428571428571,1.0,posthoc_eval,close_to_full_sweep
realcartest_3200_3830,LATE-AQP-core,63,1.0,0,63,63,16,45,2,0,130.0,500.0,630.0,1.0,1.0,0.49153846153845177,1.0,1.0,1.0,7,7,4,4,0,66.10000000000127,0.8571428571428571,1.0,strict_replay,close_to_full_sweep
realcartest_3200_3830,B6,63,1.0,1,63,63,0,63,0,0,630.0,0.0,630.0,1.0,1.0,0.10142857142856941,1.0,1.0,1.0,7,7,4,4,0,566.1000000000013,0.8571428571428571,1.0,posthoc_eval,close_to_full_sweep
realcartest_3200_3830,B7,63,1.0,1,63,63,0,63,0,0,630.0,0.0,630.0,1.0,1.0,0.10142857142856941,1.0,1.0,1.0,7,7,4,4,0,566.1000000000013,0.8571428571428571,1.0,posthoc_eval,close_to_full_sweep
realcartest_3200_3830,B6-core,63,1.0,1,63,63,0,63,0,0,130.0,500.0,630.0,1.0,1.0,0.49153846153845177,1.0,1.0,1.0,7,7,4,4,0,66.10000000000127,0.8571428571428571,1.0,posthoc_eval,close_to_full_sweep
realcartest_3200_3830,B7-core,63,1.0,1,63,63,0,63,0,0,130.0,500.0,630.0,1.0,1.0,0.49153846153845177,1.0,1.0,1.0,7,7,4,4,0,66.10000000000127,0.8571428571428571,1.0,posthoc_eval,close_to_full_sweep
realcartest_3200_3830,LATE-AQP-core,63,1.0,1,63,63,16,44,3,0,130.0,500.0,630.0,1.0,1.0,0.49153846153845177,1.0,1.0,1.0,7,7,4,4,0,66.10000000000127,0.8571428571428571,1.0,strict_replay,close_to_full_sweep
realcartest_3200_3830,B6,63,1.0,2,63,63,0,63,0,0,630.0,0.0,630.0,1.0,1.0,0.10142857142856941,1.0,1.0,1.0,7,7,4,4,0,566.1000000000013,0.8571428571428571,1.0,posthoc_eval,close_to_full_sweep
realcartest_3200_3830,B7,63,1.0,2,63,63,0,63,0,0,630.0,0.0,630.0,1.0,1.0,0.10142857142856941,1.0,1.0,1.0,7,7,4,4,0,566.1000000000013,0.8571428571428571,1.0,posthoc_eval,close_to_full_sweep
realcartest_3200_3830,B6-core,63,1.0,2,63,63,0,63,0,0,130.0,500.0,630.0,1.0,1.0,0.49153846153845177,1.0,1.0,1.0,7,7,4,4,0,66.10000000000127,0.8571428571428571,1.0,posthoc_eval,close_to_full_sweep
realcartest_3200_3830,B7-core,63,1.0,2,63,63,0,63,0,0,130.0,500.0,630.0,1.0,1.0,0.49153846153845177,1.0,1.0,1.0,7,7,4,4,0,66.10000000000127,0.8571428571428571,1.0,posthoc_eval,close_to_full_sweep
realcartest_3200_3830,LATE-AQP-core,63,1.0,2,63,63,16,42,5,0,130.0,500.0,630.0,1.0,1.0,0.49153846153845177,1.0,1.0,1.0,7,7,4,4,0,66.10000000000127,0.8571428571428571,1.0,strict_replay,close_to_full_sweep
realcartest_3200_3830,B6,63,1.0,3,63,63,0,63,0,0,630.0,0.0,630.0,1.0,1.0,0.10142857142856941,1.0,1.0,1.0,7,7,4,4,0,566.1000000000013,0.8571428571428571,1.0,posthoc_eval,close_to_full_sweep
realcartest_3200_3830,B7,63,1.0,3,63,63,0,63,0,0,630.0,0.0,630.0,1.0,1.0,0.10142857142856941,1.0,1.0,1.0,7,7,4,4,0,566.1000000000013,0.8571428571428571,1.0,posthoc_eval,close_to_full_sweep
realcartest_3200_3830,B6-core,63,1.0,3,63,63,0,63,0,0,130.0,500.0,630.0,1.0,1.0,0.49153846153845177,1.0,1.0,1.0,7,7,4,4,0,66.10000000000127,0.8571428571428571,1.0,posthoc_eval,close_to_full_sweep
realcartest_3200_3830,B7-core,63,1.0,3,63,63,0,63,0,0,130.0,500.0,630.0,1.0,1.0,0.49153846153845177,1.0,1.0,1.0,7,7,4,4,0,66.10000000000127,0.8571428571428571,1.0,posthoc_eval,close_to_full_sweep
realcartest_3200_3830,LATE-AQP-core,63,1.0,3,63,63,6,57,0,0,130.0,500.0,630.0,1.0,1.0,0.49153846153845177,1.0,1.0,1.0,7,7,4,4,0,66.10000000000127,0.8571428571428571,1.0,strict_replay,close_to_full_sweep
realcartest_3200_3830,B6,63,1.0,4,63,63,0,63,0,0,630.0,0.0,630.0,1.0,1.0,0.10142857142856941,1.0,1.0,1.0,7,7,4,4,0,566.1000000000013,0.8571428571428571,1.0,posthoc_eval,close_to_full_sweep
realcartest_3200_3830,B7,63,1.0,4,63,63,0,63,0,0,630.0,0.0,630.0,1.0,1.0,0.10142857142856941,1.0,1.0,1.0,7,7,4,4,0,566.1000000000013,0.8571428571428571,1.0,posthoc_eval,close_to_full_sweep
realcartest_3200_3830,B6-core,63,1.0,4,63,63,0,63,0,0,130.0,500.0,630.0,1.0,1.0,0.49153846153845177,1.0,1.0,1.0,7,7,4,4,0,66.10000000000127,0.8571428571428571,1.0,posthoc_eval,close_to_full_sweep
realcartest_3200_3830,B7-core,63,1.0,4,63,63,0,63,0,0,130.0,500.0,630.0,1.0,1.0,0.49153846153845177,1.0,1.0,1.0,7,7,4,4,0,66.10000000000127,0.8571428571428571,1.0,posthoc_eval,close_to_full_sweep
realcartest_3200_3830,LATE-AQP-core,63,1.0,4,63,63,6,57,0,0,130.0,500.0,630.0,1.0,1.0,0.49153846153845177,1.0,1.0,1.0,7,7,4,4,0,66.10000000000127,0.8571428571428571,1.0,strict_replay,close_to_full_sweep
