segment,budget,seed,method,interval_idx,side,offset,bin,oracle_label,is_positive,stopped
realcartest_0_1570,10,1,B6-core,0,left,1,1,positive,True,False
realcartest_0_1570,10,1,B6-core,0,left,2,0,negative,False,True
realcartest_0_1570,10,1,B6-core,0,right,1,3,positive,True,False
realcartest_0_1570,10,1,B6-core,0,right,2,4,positive,True,False
realcartest_0_1570,10,1,B6-core,0,right,3,5,positive,True,False
realcartest_0_1570,10,1,B6-core,1,left,1,97,negative,False,True
realcartest_0_1570,10,1,B6-core,1,right,1,99,negative,False,True
realcartest_0_1570,10,1,B7-core,0,left,1,24,negative,False,True
realcartest_0_1570,10,1,B7-core,0,right,1,28,positive,True,False
realcartest_0_1570,10,1,B7-core,0,right,2,29,negative,False,True
realcartest_0_1570,10,2,B6-core,0,left,1,4,positive,True,False
realcartest_0_1570,10,2,B6-core,0,left,2,3,positive,True,False
realcartest_0_1570,10,4,B6-core,0,left,1,72,negative,False,True
realcartest_0_1570,10,4,B6-core,0,right,1,74,positive,True,False
realcartest_0_1570,10,4,B6-core,0,right,2,75,negative,False,True
realcartest_0_1570,10,4,B7-core,0,left,1,70,positive,True,False
realcartest_0_1570,10,4,B7-core,0,left,2,69,negative,False,True
realcartest_0_1570,10,4,B7-core,0,right,1,75,negative,False,True
realcartest_0_1570,20,0,LATE-AQP-core,0,left,1,113,positive,True,False
realcartest_0_1570,20,0,LATE-AQP-core,0,left,2,112,positive,True,False
realcartest_0_1570,20,0,LATE-AQP-core,0,left,3,111,positive,True,False
realcartest_0_1570,20,0,LATE-AQP-core,0,right,1,115,positive,True,False
realcartest_0_1570,20,0,LATE-AQP-core,0,right,2,116,negative,False,True
realcartest_0_1570,20,0,B6-core,0,left,1,5,positive,True,False
realcartest_0_1570,20,0,B6-core,0,left,2,4,positive,True,False
realcartest_0_1570,20,0,B6-core,0,left,3,3,positive,True,False
realcartest_0_1570,20,0,B6-core,0,right,1,7,positive,True,False
realcartest_0_1570,20,0,B6-core,0,right,2,8,positive,True,False
realcartest_0_1570,20,0,B6-core,0,right,3,9,positive,True,False
realcartest_0_1570,20,0,B6-core,1,left,1,114,positive,True,False
realcartest_0_1570,20,0,B6-core,1,left,2,113,positive,True,False
realcartest_0_1570,20,0,B6-core,1,left,3,112,positive,True,False
realcartest_0_1570,20,0,B6-core,1,right,1,116,negative,False,True
realcartest_0_1570,20,0,B7-core,0,left,1,4,positive,True,False
realcartest_0_1570,20,0,B7-core,0,left,2,3,positive,True,False
realcartest_0_1570,20,0,B7-core,0,left,3,2,positive,True,False
realcartest_0_1570,20,0,B7-core,0,right,1,7,positive,True,False
realcartest_0_1570,20,0,B7-core,0,right,2,8,positive,True,False
realcartest_0_1570,20,0,B7-core,0,right,3,9,positive,True,False
realcartest_0_1570,20,1,LATE-AQP-core,0,right,1,4,positive,True,False
realcartest_0_1570,20,1,LATE-AQP-core,0,right,2,5,positive,True,False
realcartest_0_1570,20,1,LATE-AQP-core,0,right,3,6,positive,True,False
realcartest_0_1570,20,1,LATE-AQP-core,1,left,1,4,positive,True,False
realcartest_0_1570,20,1,LATE-AQP-core,1,left,2,3,positive,True,False
realcartest_0_1570,20,1,LATE-AQP-core,1,left,3,2,positive,True,False
realcartest_0_1570,20,1,LATE-AQP-core,1,right,1,7,positive,True,False
realcartest_0_1570,20,1,LATE-AQP-core,1,right,2,8,positive,True,False
realcartest_0_1570,20,1,LATE-AQP-core,1,right,3,9,positive,True,False
realcartest_0_1570,20,1,LATE-AQP-core,2,left,1,73,positive,True,False
realcartest_0_1570,20,1,LATE-AQP-core,2,left,2,72,negative,False,True
realcartest_0_1570,20,1,LATE-AQP-core,2,right,1,75,negative,False,True
realcartest_0_1570,20,1,B6-core,0,left,1,49,negative,False,True
realcartest_0_1570,20,1,B6-core,0,right,1,51,negative,False,True
realcartest_0_1570,20,1,B7-core,0,left,1,94,negative,False,True
realcartest_0_1570,20,1,B7-core,0,right,1,102,negative,False,True
realcartest_0_1570,20,1,B7-core,1,right,1,6,positive,True,False
realcartest_0_1570,20,1,B7-core,1,right,2,7,positive,True,False
realcartest_0_1570,20,1,B7-core,1,right,3,8,positive,True,False
realcartest_0_1570,20,2,LATE-AQP-core,0,right,1,4,positive,True,False
realcartest_0_1570,20,2,LATE-AQP-core,0,right,2,5,positive,True,False
realcartest_0_1570,20,2,LATE-AQP-core,0,right,3,6,positive,True,False
realcartest_0_1570,20,2,LATE-AQP-core,1,left,1,4,positive,True,False
realcartest_0_1570,20,2,LATE-AQP-core,1,left,2,3,positive,True,False
realcartest_0_1570,20,2,LATE-AQP-core,1,left,3,2,positive,True,False
realcartest_0_1570,20,2,LATE-AQP-core,1,right,1,8,positive,True,False
realcartest_0_1570,20,2,LATE-AQP-core,1,right,2,9,positive,True,False
realcartest_0_1570,20,2,LATE-AQP-core,1,right,3,10,positive,True,False
realcartest_0_1570,20,2,B7-core,0,left,1,4,positive,True,False
realcartest_0_1570,20,2,B7-core,0,left,2,3,positive,True,False
realcartest_0_1570,20,2,B7-core,0,left,3,2,positive,True,False
realcartest_0_1570,20,2,B7-core,0,right,1,10,positive,True,False
realcartest_0_1570,20,2,B7-core,0,right,2,11,negative,False,True
realcartest_0_1570,20,3,LATE-AQP-core,0,right,1,4,positive,True,False
realcartest_0_1570,20,3,LATE-AQP-core,0,right,2,5,positive,True,False
realcartest_0_1570,20,3,LATE-AQP-core,0,right,3,6,positive,True,False
realcartest_0_1570,20,3,LATE-AQP-core,1,left,1,4,positive,True,False
realcartest_0_1570,20,3,LATE-AQP-core,1,left,2,3,positive,True,False
realcartest_0_1570,20,3,LATE-AQP-core,1,left,3,2,positive,True,False
realcartest_0_1570,20,3,LATE-AQP-core,1,right,1,8,positive,True,False
realcartest_0_1570,20,3,LATE-AQP-core,1,right,2,9,positive,True,False
realcartest_0_1570,20,3,LATE-AQP-core,1,right,3,10,positive,True,False
realcartest_0_1570,20,3,B6-core,0,left,1,73,positive,True,False
realcartest_0_1570,20,3,B6-core,0,left,2,72,negative,False,True
realcartest_0_1570,20,3,B6-core,0,right,1,76,positive,True,False
realcartest_0_1570,20,3,B6-core,0,right,2,77,negative,False,True
realcartest_0_1570,20,3,B6-core,1,left,1,2,positive,True,False
realcartest_0_1570,20,3,B7-core,0,left,1,109,negative,False,True
realcartest_0_1570,20,3,B7-core,0,right,1,115,positive,True,False
realcartest_0_1570,20,3,B7-core,0,right,2,116,negative,False,True
realcartest_0_1570,20,98,LATE-AQP-core,0,left,1,4,positive,True,False
realcartest_0_1570,20,98,LATE-AQP-core,0,left,2,3,positive,True,False
realcartest_0_1570,20,98,LATE-AQP-core,0,left,3,2,positive,True,False
realcartest_0_1570,20,98,LATE-AQP-core,0,right,1,11,negative,False,True
realcartest_0_1570,20,98,LATE-AQP-core,1,right,1,4,positive,True,False
realcartest_0_1570,20,98,LATE-AQP-core,1,right,2,5,positive,True,False
realcartest_0_1570,20,98,LATE-AQP-core,1,right,3,6,positive,True,False
realcartest_0_1570,20,98,LATE-AQP-core,2,left,1,51,negative,False,True
realcartest_0_1570,20,98,LATE-AQP-core,2,right,1,55,positive,True,False
realcartest_0_1570,20,98,LATE-AQP-core,2,right,2,56,positive,True,False
realcartest_0_1570,20,98,LATE-AQP-core,2,right,3,57,positive,True,False
realcartest_0_1570,20,98,LATE-AQP-core,3,left,1,96,negative,False,True
realcartest_0_1570,20,4,B7-core,0,left,1,115,positive,True,False
realcartest_0_1570,20,4,B7-core,0,left,2,114,positive,True,False
realcartest_0_1570,20,4,B7-core,0,left,3,113,positive,True,False
realcartest_0_1570,20,4,B7-core,0,right,1,122,positive,True,False
realcartest_0_1570,20,4,B7-core,0,right,2,123,negative,False,True
realcartest_0_1570,40,98,LATE-AQP-core,0,left,1,4,positive,True,False
realcartest_0_1570,40,98,LATE-AQP-core,0,left,2,3,positive,True,False
realcartest_0_1570,40,98,LATE-AQP-core,0,left,3,2,positive,True,False
realcartest_0_1570,40,98,LATE-AQP-core,0,right,1,11,negative,False,True
realcartest_0_1570,40,98,LATE-AQP-core,1,left,1,106,positive,True,False
realcartest_0_1570,40,98,LATE-AQP-core,1,left,2,105,positive,True,False
realcartest_0_1570,40,98,LATE-AQP-core,1,left,3,104,negative,False,True
realcartest_0_1570,40,98,LATE-AQP-core,1,right,1,113,positive,True,False
realcartest_0_1570,40,98,LATE-AQP-core,1,right,2,114,positive,True,False
realcartest_0_1570,40,98,LATE-AQP-core,1,right,3,115,positive,True,False
realcartest_0_1570,40,98,LATE-AQP-core,2,left,1,96,negative,False,True
realcartest_0_1570,40,98,LATE-AQP-core,2,right,1,102,negative,False,True
realcartest_0_1570,40,98,LATE-AQP-core,3,right,1,4,positive,True,False
realcartest_0_1570,40,98,LATE-AQP-core,3,right,2,5,positive,True,False
realcartest_0_1570,40,98,LATE-AQP-core,3,right,3,6,positive,True,False
realcartest_0_1570,40,98,LATE-AQP-core,4,left,1,115,positive,True,False
realcartest_0_1570,40,98,LATE-AQP-core,4,left,2,114,positive,True,False
realcartest_0_1570,40,98,LATE-AQP-core,4,left,3,113,positive,True,False
realcartest_0_1570,40,98,LATE-AQP-core,4,right,1,119,positive,True,False
realcartest_0_1570,40,98,LATE-AQP-core,4,right,2,120,negative,False,True
realcartest_0_1570,40,98,LATE-AQP-core,5,left,1,49,negative,False,True
realcartest_0_1570,40,98,LATE-AQP-core,5,right,1,52,negative,False,True
realcartest_0_1570,40,98,LATE-AQP-core,6,left,1,82,negative,False,True
realcartest_0_1570,40,98,LATE-AQP-core,6,right,1,85,positive,True,False
realcartest_0_1570,40,98,LATE-AQP-core,6,right,2,86,negative,False,True
realcartest_0_1570,40,98,LATE-AQP-core,7,left,1,73,positive,True,False
realcartest_0_1570,40,98,LATE-AQP-core,7,left,2,72,negative,False,True
realcartest_0_1570,40,0,B6-core,0,left,1,73,positive,True,False
realcartest_0_1570,40,0,B6-core,0,left,2,72,negative,False,True
realcartest_0_1570,40,0,B6-core,0,right,1,75,negative,False,True
realcartest_0_1570,40,0,B7-core,0,left,1,110,negative,False,True
realcartest_0_1570,40,0,B7-core,0,right,1,120,negative,False,True
realcartest_0_1570,40,0,B7-core,1,left,1,46,negative,False,True
realcartest_0_1570,40,0,B7-core,1,right,1,54,negative,False,True
realcartest_0_1570,40,0,B7-core,2,left,1,103,negative,False,True
realcartest_0_1570,40,0,B7-core,2,right,1,109,negative,False,True
realcartest_0_1570,40,0,B7-core,3,left,1,55,positive,True,False
realcartest_0_1570,40,0,B7-core,3,left,2,54,negative,False,True
realcartest_0_1570,40,0,B7-core,3,right,1,60,negative,False,True
realcartest_0_1570,40,85,LATE-AQP-core,0,left,1,83,negative,False,True
realcartest_0_1570,40,85,LATE-AQP-core,0,right,1,87,negative,False,True
realcartest_0_1570,40,85,LATE-AQP-core,1,left,1,123,negative,False,True
realcartest_0_1570,40,85,LATE-AQP-core,1,right,1,127,negative,False,True
realcartest_0_1570,40,85,LATE-AQP-core,2,left,1,73,positive,True,False
realcartest_0_1570,40,85,LATE-AQP-core,2,left,2,72,negative,False,True
realcartest_0_1570,40,85,LATE-AQP-core,2,right,1,75,negative,False,True
realcartest_0_1570,40,85,LATE-AQP-core,3,left,1,106,positive,True,False
realcartest_0_1570,40,85,LATE-AQP-core,3,left,2,105,positive,True,False
realcartest_0_1570,40,85,LATE-AQP-core,3,left,3,104,negative,False,True
realcartest_0_1570,40,85,LATE-AQP-core,3,right,1,108,positive,True,False
realcartest_0_1570,40,85,LATE-AQP-core,3,right,2,109,negative,False,True
realcartest_0_1570,40,1,B7-core,0,left,1,110,negative,False,True
realcartest_0_1570,40,1,B7-core,0,right,1,122,positive,True,False
realcartest_0_1570,40,1,B7-core,0,right,2,123,negative,False,True
realcartest_0_1570,40,1,B7-core,1,left,1,0,negative,False,True
realcartest_0_1570,40,1,B7-core,1,right,1,8,positive,True,False
realcartest_0_1570,40,1,B7-core,1,right,2,9,positive,True,False
realcartest_0_1570,40,1,B7-core,1,right,3,10,positive,True,False
realcartest_0_1570,40,1,B7-core,2,left,1,54,negative,False,True
realcartest_0_1570,40,1,B7-core,2,right,1,61,negative,False,True
realcartest_0_1570,40,2,LATE-AQP-core,0,left,1,4,positive,True,False
realcartest_0_1570,40,2,LATE-AQP-core,0,left,2,3,positive,True,False
realcartest_0_1570,40,2,LATE-AQP-core,0,left,3,2,positive,True,False
realcartest_0_1570,40,2,LATE-AQP-core,0,right,1,11,negative,False,True
realcartest_0_1570,40,2,LATE-AQP-core,1,right,1,4,positive,True,False
realcartest_0_1570,40,2,LATE-AQP-core,1,right,2,5,positive,True,False
realcartest_0_1570,40,2,LATE-AQP-core,1,right,3,6,positive,True,False
realcartest_0_1570,40,2,LATE-AQP-core,2,left,1,49,negative,False,True
realcartest_0_1570,40,2,LATE-AQP-core,2,right,1,52,negative,False,True
realcartest_0_1570,40,2,B6-core,0,left,1,83,negative,False,True
realcartest_0_1570,40,2,B6-core,0,right,1,86,negative,False,True
realcartest_0_1570,40,2,B6-core,1,left,1,104,negative,False,True
realcartest_0_1570,40,2,B6-core,1,right,1,107,positive,True,False
realcartest_0_1570,40,2,B6-core,1,right,2,108,positive,True,False
realcartest_0_1570,40,2,B6-core,1,right,3,109,negative,False,True
realcartest_0_1570,40,2,B6-core,2,left,1,121,positive,True,False
realcartest_0_1570,40,2,B6-core,2,left,2,120,negative,False,True
realcartest_0_1570,40,2,B6-core,2,right,1,124,negative,False,True
realcartest_0_1570,40,2,B6-core,3,left,1,116,negative,False,True
realcartest_0_1570,40,2,B6-core,3,right,1,118,positive,True,False
realcartest_0_1570,40,2,B6-core,3,right,2,119,positive,True,False
realcartest_0_1570,40,2,B6-core,3,right,3,120,negative,False,True
realcartest_0_1570,40,2,B7-core,0,left,1,111,positive,True,False
realcartest_0_1570,40,2,B7-core,0,left,2,110,negative,False,True
realcartest_0_1570,40,2,B7-core,0,right,1,119,positive,True,False
realcartest_0_1570,40,2,B7-core,0,right,2,120,negative,False,True
realcartest_0_1570,40,2,B7-core,1,right,1,6,positive,True,False
realcartest_0_1570,40,2,B7-core,1,right,2,7,positive,True,False
realcartest_0_1570,40,2,B7-core,1,right,3,8,positive,True,False
realcartest_0_1570,40,2,B7-core,2,left,1,25,negative,False,True
realcartest_0_1570,40,2,B7-core,2,right,1,30,negative,False,True
realcartest_0_1570,40,2,B7-core,3,left,1,14,negative,False,True
realcartest_0_1570,40,2,B7-core,3,right,1,17,negative,False,True
realcartest_0_1570,40,3,LATE-AQP-core,0,left,1,4,positive,True,False
realcartest_0_1570,40,3,LATE-AQP-core,0,left,2,3,positive,True,False
realcartest_0_1570,40,3,LATE-AQP-core,0,left,3,2,positive,True,False
realcartest_0_1570,40,3,LATE-AQP-core,0,right,1,11,negative,False,True
realcartest_0_1570,40,3,LATE-AQP-core,1,right,1,4,positive,True,False
realcartest_0_1570,40,3,LATE-AQP-core,1,right,2,5,positive,True,False
realcartest_0_1570,40,3,LATE-AQP-core,1,right,3,6,positive,True,False
realcartest_0_1570,40,3,LATE-AQP-core,2,left,1,49,negative,False,True
realcartest_0_1570,40,3,LATE-AQP-core,2,right,1,52,negative,False,True
realcartest_0_1570,40,3,B6-core,0,left,1,119,positive,True,False
realcartest_0_1570,40,3,B6-core,0,left,2,118,positive,True,False
realcartest_0_1570,40,3,B6-core,0,left,3,117,positive,True,False
realcartest_0_1570,40,3,B6-core,0,right,1,122,positive,True,False
realcartest_0_1570,40,3,B6-core,0,right,2,123,negative,False,True
realcartest_0_1570,40,3,B6-core,1,left,1,4,positive,True,False
realcartest_0_1570,40,3,B6-core,1,left,2,3,positive,True,False
realcartest_0_1570,40,3,B6-core,1,left,3,2,positive,True,False
realcartest_0_1570,40,3,B6-core,1,right,1,6,positive,True,False
realcartest_0_1570,40,3,B6-core,1,right,2,7,positive,True,False
realcartest_0_1570,40,3,B6-core,1,right,3,8,positive,True,False
realcartest_0_1570,40,3,B6-core,2,left,1,7,positive,True,False
realcartest_0_1570,40,3,B6-core,2,left,2,6,positive,True,False
realcartest_0_1570,40,3,B6-core,2,left,3,5,positive,True,False
realcartest_0_1570,40,3,B6-core,2,right,1,9,positive,True,False
realcartest_0_1570,40,3,B6-core,2,right,2,10,positive,True,False
realcartest_0_1570,40,3,B6-core,2,right,3,11,negative,False,True
realcartest_0_1570,40,3,B6-core,3,left,1,72,negative,False,True
realcartest_0_1570,40,3,B6-core,3,right,1,74,positive,True,False
realcartest_0_1570,40,3,B6-core,3,right,2,75,negative,False,True
realcartest_0_1570,40,3,B7-core,0,left,1,110,negative,False,True
realcartest_0_1570,40,3,B7-core,0,right,1,120,negative,False,True
realcartest_0_1570,40,3,B7-core,1,left,1,4,positive,True,False
realcartest_0_1570,40,3,B7-core,1,left,2,3,positive,True,False
realcartest_0_1570,40,3,B7-core,1,left,3,2,positive,True,False
realcartest_0_1570,40,3,B7-core,1,right,1,11,negative,False,True
realcartest_0_1570,40,3,B7-core,2,left,1,25,negative,False,True
realcartest_0_1570,40,3,B7-core,2,right,1,30,negative,False,True
realcartest_0_1570,40,3,B7-core,3,left,1,104,negative,False,True
realcartest_0_1570,40,3,B7-core,3,right,1,109,negative,False,True
realcartest_0_1570,40,4,LATE-AQP-core,0,left,1,4,positive,True,False
realcartest_0_1570,40,4,LATE-AQP-core,0,left,2,3,positive,True,False
realcartest_0_1570,40,4,LATE-AQP-core,0,left,3,2,positive,True,False
realcartest_0_1570,40,4,LATE-AQP-core,0,right,1,11,negative,False,True
realcartest_0_1570,40,4,LATE-AQP-core,1,right,1,4,positive,True,False
realcartest_0_1570,40,4,LATE-AQP-core,1,right,2,5,positive,True,False
realcartest_0_1570,40,4,LATE-AQP-core,1,right,3,6,positive,True,False
realcartest_0_1570,40,4,LATE-AQP-core,2,left,1,49,negative,False,True
realcartest_0_1570,40,4,LATE-AQP-core,2,right,1,51,negative,False,True
realcartest_0_1570,40,4,B7-core,0,left,1,115,positive,True,False
realcartest_0_1570,40,4,B7-core,0,left,2,114,positive,True,False
realcartest_0_1570,40,4,B7-core,0,left,3,113,positive,True,False
realcartest_0_1570,40,4,B7-core,0,right,1,123,negative,False,True
realcartest_0_1570,40,4,B7-core,1,left,1,5,positive,True,False
realcartest_0_1570,40,4,B7-core,1,left,2,4,positive,True,False
realcartest_0_1570,40,4,B7-core,1,left,3,3,positive,True,False
realcartest_0_1570,40,4,B7-core,1,right,1,12,negative,False,True
realcartest_0_1570,40,4,B7-core,2,left,1,82,negative,False,True
realcartest_0_1570,40,4,B7-core,2,right,1,86,negative,False,True
realcartest_0_1570,60,121,LATE-AQP-core,0,left,1,4,positive,True,False
realcartest_0_1570,60,121,LATE-AQP-core,0,left,2,3,positive,True,False
realcartest_0_1570,60,121,LATE-AQP-core,0,left,3,2,positive,True,False
realcartest_0_1570,60,121,LATE-AQP-core,0,right,1,11,negative,False,True
realcartest_0_1570,60,121,LATE-AQP-core,1,right,1,4,positive,True,False
realcartest_0_1570,60,121,LATE-AQP-core,1,right,2,5,positive,True,False
realcartest_0_1570,60,121,LATE-AQP-core,1,right,3,6,positive,True,False
realcartest_0_1570,60,121,LATE-AQP-core,2,left,1,119,positive,True,False
realcartest_0_1570,60,121,LATE-AQP-core,2,left,2,118,positive,True,False
realcartest_0_1570,60,121,LATE-AQP-core,2,left,3,117,positive,True,False
realcartest_0_1570,60,121,LATE-AQP-core,2,right,1,123,negative,False,True
realcartest_0_1570,60,121,LATE-AQP-core,3,left,1,106,positive,True,False
realcartest_0_1570,60,121,LATE-AQP-core,3,left,2,105,positive,True,False
realcartest_0_1570,60,121,LATE-AQP-core,3,left,3,104,negative,False,True
realcartest_0_1570,60,121,LATE-AQP-core,3,right,1,108,positive,True,False
realcartest_0_1570,60,121,LATE-AQP-core,3,right,2,109,negative,False,True
realcartest_0_1570,60,121,LATE-AQP-core,4,left,1,113,positive,True,False
realcartest_0_1570,60,121,LATE-AQP-core,4,left,2,112,positive,True,False
realcartest_0_1570,60,121,LATE-AQP-core,4,left,3,111,positive,True,False
realcartest_0_1570,60,121,LATE-AQP-core,4,right,1,115,positive,True,False
realcartest_0_1570,60,121,LATE-AQP-core,4,right,2,116,negative,False,True
realcartest_0_1570,60,0,B6-core,0,left,1,83,negative,False,True
realcartest_0_1570,60,0,B6-core,0,right,1,86,negative,False,True
realcartest_0_1570,60,0,B6-core,1,left,1,91,negative,False,True
realcartest_0_1570,60,0,B6-core,1,right,1,94,negative,False,True
realcartest_0_1570,60,0,B6-core,2,left,1,121,positive,True,False
realcartest_0_1570,60,0,B6-core,2,left,2,120,negative,False,True
realcartest_0_1570,60,0,B6-core,2,right,1,124,negative,False,True
realcartest_0_1570,60,0,B6-core,3,left,1,124,negative,False,True
realcartest_0_1570,60,0,B6-core,3,right,1,127,negative,False,True
realcartest_0_1570,60,0,B6-core,4,left,1,57,positive,True,False
realcartest_0_1570,60,0,B6-core,4,left,2,56,positive,True,False
realcartest_0_1570,60,0,B6-core,4,left,3,55,positive,True,False
realcartest_0_1570,60,0,B6-core,4,right,1,59,negative,False,True
realcartest_0_1570,60,0,B6-core,5,left,1,100,negative,False,True
realcartest_0_1570,60,0,B6-core,5,right,1,102,negative,False,True
realcartest_0_1570,60,0,B6-core,6,left,1,116,negative,False,True
realcartest_0_1570,60,0,B6-core,6,right,1,118,positive,True,False
realcartest_0_1570,60,0,B6-core,6,right,2,119,positive,True,False
realcartest_0_1570,60,0,B6-core,6,right,3,120,negative,False,True
realcartest_0_1570,60,0,B7-core,0,left,1,5,positive,True,False
realcartest_0_1570,60,0,B7-core,0,left,2,4,positive,True,False
realcartest_0_1570,60,0,B7-core,0,left,3,3,positive,True,False
realcartest_0_1570,60,0,B7-core,0,right,1,19,negative,False,True
realcartest_0_1570,60,0,B7-core,1,left,1,117,positive,True,False
realcartest_0_1570,60,0,B7-core,1,left,2,116,negative,False,True
realcartest_0_1570,60,0,B7-core,1,right,1,130,negative,False,True
realcartest_0_1570,60,0,B7-core,2,left,1,54,negative,False,True
realcartest_0_1570,60,0,B7-core,2,right,1,61,negative,False,True
realcartest_0_1570,60,85,LATE-AQP-core,0,left,1,4,positive,True,False
realcartest_0_1570,60,85,LATE-AQP-core,0,left,2,3,positive,True,False
realcartest_0_1570,60,85,LATE-AQP-core,0,left,3,2,positive,True,False
realcartest_0_1570,60,85,LATE-AQP-core,0,right,1,11,negative,False,True
realcartest_0_1570,60,85,LATE-AQP-core,1,right,1,4,positive,True,False
realcartest_0_1570,60,85,LATE-AQP-core,1,right,2,5,positive,True,False
realcartest_0_1570,60,85,LATE-AQP-core,1,right,3,6,positive,True,False
realcartest_0_1570,60,85,LATE-AQP-core,2,left,1,82,negative,False,True
realcartest_0_1570,60,85,LATE-AQP-core,2,right,1,87,negative,False,True
realcartest_0_1570,60,85,LATE-AQP-core,3,left,1,68,negative,False,True
realcartest_0_1570,60,85,LATE-AQP-core,3,right,1,72,negative,False,True
realcartest_0_1570,60,85,LATE-AQP-core,4,left,1,120,negative,False,True
realcartest_0_1570,60,85,LATE-AQP-core,4,right,1,124,negative,False,True
realcartest_0_1570,60,85,LATE-AQP-core,5,left,1,49,negative,False,True
realcartest_0_1570,60,85,LATE-AQP-core,5,right,1,52,negative,False,True
realcartest_0_1570,60,85,LATE-AQP-core,6,left,1,73,positive,True,False
realcartest_0_1570,60,85,LATE-AQP-core,6,left,2,72,negative,False,True
realcartest_0_1570,60,85,LATE-AQP-core,6,right,1,75,negative,False,True
realcartest_0_1570,60,85,LATE-AQP-core,7,left,1,107,positive,True,False
realcartest_0_1570,60,85,LATE-AQP-core,7,left,2,106,positive,True,False
realcartest_0_1570,60,85,LATE-AQP-core,7,left,3,105,positive,True,False
realcartest_0_1570,60,85,LATE-AQP-core,7,right,1,109,negative,False,True
realcartest_0_1570,60,1,B6-core,0,left,1,15,negative,False,True
realcartest_0_1570,60,1,B6-core,0,right,1,18,negative,False,True
realcartest_0_1570,60,1,B6-core,1,left,1,100,negative,False,True
realcartest_0_1570,60,1,B6-core,1,right,1,103,negative,False,True
realcartest_0_1570,60,1,B6-core,2,left,1,6,positive,True,False
realcartest_0_1570,60,1,B6-core,2,left,2,5,positive,True,False
realcartest_0_1570,60,1,B6-core,2,left,3,4,positive,True,False
realcartest_0_1570,60,1,B6-core,2,right,1,8,positive,True,False
realcartest_0_1570,60,1,B6-core,2,right,2,9,positive,True,False
realcartest_0_1570,60,1,B6-core,2,right,3,10,positive,True,False
realcartest_0_1570,60,1,B6-core,3,left,1,97,negative,False,True
realcartest_0_1570,60,1,B6-core,3,right,1,99,negative,False,True
realcartest_0_1570,60,1,B6-core,4,left,1,104,negative,False,True
realcartest_0_1570,60,1,B6-core,4,right,1,106,positive,True,False
realcartest_0_1570,60,1,B6-core,4,right,2,107,positive,True,False
realcartest_0_1570,60,1,B6-core,4,right,3,108,positive,True,False
realcartest_0_1570,60,1,B7-core,0,left,1,104,negative,False,True
realcartest_0_1570,60,1,B7-core,0,right,1,126,negative,False,True
realcartest_0_1570,60,1,B7-core,1,right,1,5,positive,True,False
realcartest_0_1570,60,1,B7-core,1,right,2,6,positive,True,False
realcartest_0_1570,60,1,B7-core,1,right,3,7,positive,True,False
realcartest_0_1570,60,1,B7-core,2,left,1,82,negative,False,True
realcartest_0_1570,60,1,B7-core,2,right,1,86,negative,False,True
realcartest_0_1570,60,118,LATE-AQP-core,0,left,1,4,positive,True,False
realcartest_0_1570,60,118,LATE-AQP-core,0,left,2,3,positive,True,False
realcartest_0_1570,60,118,LATE-AQP-core,0,left,3,2,positive,True,False
realcartest_0_1570,60,118,LATE-AQP-core,0,right,1,11,negative,False,True
realcartest_0_1570,60,118,LATE-AQP-core,1,right,1,4,positive,True,False
realcartest_0_1570,60,118,LATE-AQP-core,1,right,2,5,positive,True,False
realcartest_0_1570,60,118,LATE-AQP-core,1,right,3,6,positive,True,False
realcartest_0_1570,60,118,LATE-AQP-core,2,left,1,116,negative,False,True
realcartest_0_1570,60,118,LATE-AQP-core,2,right,1,120,negative,False,True
realcartest_0_1570,60,118,LATE-AQP-core,3,left,1,49,negative,False,True
realcartest_0_1570,60,118,LATE-AQP-core,3,right,1,52,negative,False,True
realcartest_0_1570,60,118,LATE-AQP-core,4,left,1,73,positive,True,False
realcartest_0_1570,60,118,LATE-AQP-core,4,left,2,72,negative,False,True
realcartest_0_1570,60,118,LATE-AQP-core,4,right,1,76,positive,True,False
realcartest_0_1570,60,118,LATE-AQP-core,4,right,2,77,negative,False,True
realcartest_0_1570,60,118,LATE-AQP-core,5,left,1,111,positive,True,False
realcartest_0_1570,60,118,LATE-AQP-core,5,left,2,110,negative,False,True
realcartest_0_1570,60,118,LATE-AQP-core,5,right,1,113,positive,True,False
realcartest_0_1570,60,118,LATE-AQP-core,5,right,2,114,positive,True,False
realcartest_0_1570,60,118,LATE-AQP-core,5,right,3,115,positive,True,False
realcartest_0_1570,60,2,B6-core,0,left,1,94,negative,False,True
realcartest_0_1570,60,2,B6-core,0,right,1,108,positive,True,False
realcartest_0_1570,60,2,B6-core,0,right,2,109,negative,False,True
realcartest_0_1570,60,2,B6-core,1,left,1,0,negative,False,True
realcartest_0_1570,60,2,B6-core,1,right,1,2,positive,True,False
realcartest_0_1570,60,2,B6-core,1,right,2,3,positive,True,False
realcartest_0_1570,60,2,B6-core,1,right,3,4,positive,True,False
realcartest_0_1570,60,2,B6-core,2,left,1,5,positive,True,False
realcartest_0_1570,60,2,B6-core,2,left,2,4,positive,True,False
realcartest_0_1570,60,2,B6-core,2,left,3,3,positive,True,False
realcartest_0_1570,60,2,B6-core,2,right,1,7,positive,True,False
realcartest_0_1570,60,2,B6-core,2,right,2,8,positive,True,False
realcartest_0_1570,60,2,B6-core,2,right,3,9,positive,True,False
realcartest_0_1570,60,2,B7-core,0,left,1,101,positive,True,False
realcartest_0_1570,60,2,B7-core,0,left,2,100,negative,False,True
realcartest_0_1570,60,2,B7-core,0,right,1,122,positive,True,False
realcartest_0_1570,60,2,B7-core,0,right,2,123,negative,False,True
realcartest_0_1570,60,2,B7-core,1,right,1,6,positive,True,False
realcartest_0_1570,60,2,B7-core,1,right,2,7,positive,True,False
realcartest_0_1570,60,2,B7-core,1,right,3,8,positive,True,False
realcartest_0_1570,60,2,B7-core,2,left,1,71,negative,False,True
realcartest_0_1570,60,2,B7-core,2,right,1,77,negative,False,True
realcartest_0_1570,60,26,LATE-AQP-core,0,left,1,119,positive,True,False
realcartest_0_1570,60,26,LATE-AQP-core,0,left,2,118,positive,True,False
realcartest_0_1570,60,26,LATE-AQP-core,0,left,3,117,positive,True,False
realcartest_0_1570,60,26,LATE-AQP-core,0,right,1,127,negative,False,True
realcartest_0_1570,60,26,LATE-AQP-core,1,left,1,4,positive,True,False
realcartest_0_1570,60,26,LATE-AQP-core,1,left,2,3,positive,True,False
realcartest_0_1570,60,26,LATE-AQP-core,1,left,3,2,positive,True,False
realcartest_0_1570,60,26,LATE-AQP-core,1,right,1,11,negative,False,True
realcartest_0_1570,60,26,LATE-AQP-core,2,right,1,4,positive,True,False
realcartest_0_1570,60,26,LATE-AQP-core,2,right,2,5,positive,True,False
realcartest_0_1570,60,26,LATE-AQP-core,2,right,3,6,positive,True,False
realcartest_0_1570,60,26,LATE-AQP-core,3,left,1,24,negative,False,True
realcartest_0_1570,60,26,LATE-AQP-core,3,right,1,28,positive,True,False
realcartest_0_1570,60,26,LATE-AQP-core,3,right,2,29,negative,False,True
realcartest_0_1570,60,26,LATE-AQP-core,4,left,1,68,negative,False,True
realcartest_0_1570,60,26,LATE-AQP-core,4,right,1,72,negative,False,True
realcartest_0_1570,60,26,LATE-AQP-core,5,left,1,90,negative,False,True
realcartest_0_1570,60,26,LATE-AQP-core,5,right,1,94,negative,False,True
realcartest_0_1570,60,26,LATE-AQP-core,6,left,1,103,negative,False,True
realcartest_0_1570,60,26,LATE-AQP-core,6,right,1,107,positive,True,False
realcartest_0_1570,60,26,LATE-AQP-core,6,right,2,108,positive,True,False
realcartest_0_1570,60,26,LATE-AQP-core,6,right,3,109,negative,False,True
realcartest_0_1570,60,3,B6-core,0,right,1,2,positive,True,False
realcartest_0_1570,60,3,B6-core,0,right,2,3,positive,True,False
realcartest_0_1570,60,3,B6-core,0,right,3,4,positive,True,False
realcartest_0_1570,60,3,B6-core,1,left,1,116,negative,False,True
realcartest_0_1570,60,3,B6-core,1,right,1,119,positive,True,False
realcartest_0_1570,60,3,B6-core,1,right,2,120,negative,False,True
realcartest_0_1570,60,3,B6-core,2,left,1,124,negative,False,True
realcartest_0_1570,60,3,B6-core,2,right,1,127,negative,False,True
realcartest_0_1570,60,3,B6-core,3,left,1,7,positive,True,False
realcartest_0_1570,60,3,B6-core,3,left,2,6,positive,True,False
realcartest_0_1570,60,3,B6-core,3,left,3,5,positive,True,False
realcartest_0_1570,60,3,B6-core,3,right,1,9,positive,True,False
realcartest_0_1570,60,3,B6-core,3,right,2,10,positive,True,False
realcartest_0_1570,60,3,B6-core,3,right,3,11,negative,False,True
realcartest_0_1570,60,3,B6-core,4,left,1,27,negative,False,True
realcartest_0_1570,60,3,B6-core,4,right,1,29,negative,False,True
realcartest_0_1570,60,3,B6-core,5,left,1,100,negative,False,True
realcartest_0_1570,60,3,B6-core,5,right,1,102,negative,False,True
realcartest_0_1570,60,3,B6-core,6,left,1,105,positive,True,False
realcartest_0_1570,60,3,B6-core,6,left,2,104,negative,False,True
realcartest_0_1570,60,3,B6-core,6,right,1,107,positive,True,False
realcartest_0_1570,60,3,B6-core,6,right,2,108,positive,True,False
realcartest_0_1570,60,3,B6-core,6,right,3,109,negative,False,True
realcartest_0_1570,60,3,B7-core,0,left,1,107,positive,True,False
realcartest_0_1570,60,3,B7-core,0,left,2,106,positive,True,False
realcartest_0_1570,60,3,B7-core,0,left,3,105,positive,True,False
realcartest_0_1570,60,3,B7-core,0,right,1,126,negative,False,True
realcartest_0_1570,60,3,B7-core,1,left,1,46,negative,False,True
realcartest_0_1570,60,3,B7-core,1,right,1,60,negative,False,True
realcartest_0_1570,60,3,B7-core,2,left,1,83,negative,False,True
realcartest_0_1570,60,3,B7-core,2,right,1,86,negative,False,True
realcartest_0_1570,60,53,LATE-AQP-core,0,left,1,4,positive,True,False
realcartest_0_1570,60,53,LATE-AQP-core,0,left,2,3,positive,True,False
realcartest_0_1570,60,53,LATE-AQP-core,0,left,3,2,positive,True,False
realcartest_0_1570,60,53,LATE-AQP-core,0,right,1,11,negative,False,True
realcartest_0_1570,60,53,LATE-AQP-core,1,left,1,49,negative,False,True
realcartest_0_1570,60,53,LATE-AQP-core,1,right,1,55,positive,True,False
realcartest_0_1570,60,53,LATE-AQP-core,1,right,2,56,positive,True,False
realcartest_0_1570,60,53,LATE-AQP-core,1,right,3,57,positive,True,False
realcartest_0_1570,60,53,LATE-AQP-core,2,right,1,4,positive,True,False
realcartest_0_1570,60,53,LATE-AQP-core,2,right,2,5,positive,True,False
realcartest_0_1570,60,53,LATE-AQP-core,2,right,3,6,positive,True,False
realcartest_0_1570,60,53,LATE-AQP-core,3,left,1,103,negative,False,True
realcartest_0_1570,60,53,LATE-AQP-core,3,right,1,107,positive,True,False
realcartest_0_1570,60,53,LATE-AQP-core,3,right,2,108,positive,True,False
realcartest_0_1570,60,53,LATE-AQP-core,3,right,3,109,negative,False,True
realcartest_0_1570,60,53,LATE-AQP-core,4,left,1,82,negative,False,True
realcartest_0_1570,60,53,LATE-AQP-core,4,right,1,85,positive,True,False
realcartest_0_1570,60,53,LATE-AQP-core,4,right,2,86,negative,False,True
realcartest_0_1570,60,53,LATE-AQP-core,5,left,1,112,positive,True,False
realcartest_0_1570,60,53,LATE-AQP-core,5,left,2,111,positive,True,False
realcartest_0_1570,60,53,LATE-AQP-core,5,left,3,110,negative,False,True
realcartest_0_1570,60,53,LATE-AQP-core,5,right,1,114,positive,True,False
realcartest_0_1570,60,53,LATE-AQP-core,5,right,2,115,positive,True,False
realcartest_0_1570,60,53,LATE-AQP-core,5,right,3,116,negative,False,True
realcartest_0_1570,60,4,B6-core,0,left,1,47,negative,False,True
realcartest_0_1570,60,4,B6-core,0,right,1,52,negative,False,True
realcartest_0_1570,60,4,B6-core,1,left,1,56,positive,True,False
realcartest_0_1570,60,4,B6-core,1,left,2,55,positive,True,False
realcartest_0_1570,60,4,B6-core,1,left,3,54,negative,False,True
realcartest_0_1570,60,4,B6-core,1,right,1,60,negative,False,True
realcartest_0_1570,60,4,B6-core,2,left,1,96,negative,False,True
realcartest_0_1570,60,4,B6-core,2,right,1,100,negative,False,True
realcartest_0_1570,60,4,B6-core,3,left,1,14,negative,False,True
realcartest_0_1570,60,4,B6-core,3,right,1,17,negative,False,True
realcartest_0_1570,60,4,B6-core,4,left,1,100,negative,False,True
realcartest_0_1570,60,4,B6-core,4,right,1,103,negative,False,True
realcartest_0_1570,60,4,B6-core,5,left,1,105,positive,True,False
realcartest_0_1570,60,4,B6-core,5,left,2,104,negative,False,True
realcartest_0_1570,60,4,B6-core,5,right,1,108,positive,True,False
realcartest_0_1570,60,4,B6-core,5,right,2,109,negative,False,True
realcartest_0_1570,60,4,B6-core,6,left,1,2,positive,True,False
realcartest_0_1570,60,4,B6-core,6,left,2,1,positive,True,False
realcartest_0_1570,60,4,B6-core,6,left,3,0,negative,False,True
realcartest_0_1570,60,4,B6-core,6,right,1,4,positive,True,False
realcartest_0_1570,60,4,B6-core,6,right,2,5,positive,True,False
realcartest_0_1570,60,4,B6-core,6,right,3,6,positive,True,False
realcartest_0_1570,60,4,B6-core,7,left,1,8,positive,True,False
realcartest_0_1570,60,4,B6-core,7,left,2,7,positive,True,False
realcartest_0_1570,60,4,B6-core,7,left,3,6,positive,True,False
realcartest_0_1570,60,4,B6-core,7,right,1,10,positive,True,False
realcartest_0_1570,60,4,B6-core,7,right,2,11,negative,False,True
realcartest_0_1570,60,4,B7-core,0,left,1,101,positive,True,False
realcartest_0_1570,60,4,B7-core,0,left,2,100,negative,False,True
realcartest_0_1570,60,4,B7-core,0,right,1,124,negative,False,True
realcartest_0_1570,60,4,B7-core,1,left,1,91,negative,False,True
realcartest_0_1570,60,4,B7-core,1,right,1,96,negative,False,True
realcartest_0_1570,60,4,B7-core,2,left,1,124,negative,False,True
realcartest_0_1570,60,4,B7-core,2,right,1,126,negative,False,True
realcartest_0_1570,80,105,LATE-AQP-core,0,left,1,102,negative,False,True
realcartest_0_1570,80,105,LATE-AQP-core,0,right,1,127,negative,False,True
realcartest_0_1570,80,105,LATE-AQP-core,1,left,1,4,positive,True,False
realcartest_0_1570,80,105,LATE-AQP-core,1,left,2,3,positive,True,False
realcartest_0_1570,80,105,LATE-AQP-core,1,left,3,2,positive,True,False
realcartest_0_1570,80,105,LATE-AQP-core,1,right,1,11,negative,False,True
realcartest_0_1570,80,105,LATE-AQP-core,2,right,1,4,positive,True,False
realcartest_0_1570,80,105,LATE-AQP-core,2,right,2,5,positive,True,False
realcartest_0_1570,80,105,LATE-AQP-core,2,right,3,6,positive,True,False
realcartest_0_1570,80,105,LATE-AQP-core,3,left,1,98,positive,True,False
realcartest_0_1570,80,105,LATE-AQP-core,3,left,2,97,negative,False,True
realcartest_0_1570,80,105,LATE-AQP-core,3,right,1,102,negative,False,True
realcartest_0_1570,80,105,LATE-AQP-core,4,left,1,49,negative,False,True
realcartest_0_1570,80,105,LATE-AQP-core,4,right,1,52,negative,False,True
realcartest_0_1570,80,105,LATE-AQP-core,5,left,1,73,positive,True,False
realcartest_0_1570,80,105,LATE-AQP-core,5,left,2,72,negative,False,True
realcartest_0_1570,80,105,LATE-AQP-core,5,right,1,76,positive,True,False
realcartest_0_1570,80,105,LATE-AQP-core,5,right,2,77,negative,False,True
realcartest_0_1570,80,105,LATE-AQP-core,6,left,1,82,negative,False,True
realcartest_0_1570,80,105,LATE-AQP-core,6,right,1,85,positive,True,False
realcartest_0_1570,80,105,LATE-AQP-core,6,right,2,86,negative,False,True
realcartest_0_1570,80,0,B6-core,0,left,1,118,positive,True,False
realcartest_0_1570,80,0,B6-core,0,left,2,117,positive,True,False
realcartest_0_1570,80,0,B6-core,0,left,3,116,negative,False,True
realcartest_0_1570,80,0,B6-core,0,right,1,132,negative,False,True
realcartest_0_1570,80,0,B6-core,1,left,1,9,positive,True,False
realcartest_0_1570,80,0,B6-core,1,left,2,8,positive,True,False
realcartest_0_1570,80,0,B6-core,1,left,3,7,positive,True,False
realcartest_0_1570,80,0,B6-core,1,right,1,12,negative,False,True
realcartest_0_1570,80,0,B6-core,2,left,1,72,negative,False,True
realcartest_0_1570,80,0,B6-core,2,right,1,75,negative,False,True
realcartest_0_1570,80,0,B6-core,3,left,1,3,positive,True,False
realcartest_0_1570,80,0,B6-core,3,left,2,2,positive,True,False
realcartest_0_1570,80,0,B6-core,3,left,3,1,positive,True,False
realcartest_0_1570,80,0,B6-core,3,right,1,5,positive,True,False
realcartest_0_1570,80,0,B6-core,3,right,2,6,positive,True,False
realcartest_0_1570,80,0,B6-core,3,right,3,7,positive,True,False
realcartest_0_1570,80,0,B6-core,4,left,1,111,positive,True,False
realcartest_0_1570,80,0,B6-core,4,left,2,110,negative,False,True
realcartest_0_1570,80,0,B6-core,4,right,1,113,positive,True,False
realcartest_0_1570,80,0,B6-core,4,right,2,114,positive,True,False
realcartest_0_1570,80,0,B6-core,4,right,3,115,positive,True,False
realcartest_0_1570,80,0,B6-core,5,left,1,113,positive,True,False
realcartest_0_1570,80,0,B6-core,5,left,2,112,positive,True,False
realcartest_0_1570,80,0,B6-core,5,left,3,111,positive,True,False
realcartest_0_1570,80,0,B6-core,5,right,1,115,positive,True,False
realcartest_0_1570,80,0,B6-core,5,right,2,116,negative,False,True
realcartest_0_1570,80,0,B6-core,6,left,1,116,negative,False,True
realcartest_0_1570,80,0,B6-core,6,right,1,118,positive,True,False
realcartest_0_1570,80,0,B6-core,6,right,2,119,positive,True,False
realcartest_0_1570,80,0,B6-core,6,right,3,120,negative,False,True
realcartest_0_1570,80,0,B6-core,7,left,1,149,negative,False,True
realcartest_0_1570,80,0,B6-core,7,right,1,151,negative,False,True
realcartest_0_1570,80,0,B7-core,0,left,1,46,negative,False,True
realcartest_0_1570,80,0,B7-core,0,right,1,63,negative,False,True
realcartest_0_1570,80,0,B7-core,1,left,1,104,negative,False,True
realcartest_0_1570,80,0,B7-core,1,right,1,117,positive,True,False
realcartest_0_1570,80,0,B7-core,1,right,2,118,positive,True,False
realcartest_0_1570,80,0,B7-core,1,right,3,119,positive,True,False
realcartest_0_1570,80,0,B7-core,2,left,1,69,negative,False,True
realcartest_0_1570,80,0,B7-core,2,right,1,77,negative,False,True
realcartest_0_1570,80,0,B7-core,3,left,1,6,positive,True,False
realcartest_0_1570,80,0,B7-core,3,left,2,5,positive,True,False
realcartest_0_1570,80,0,B7-core,3,left,3,4,positive,True,False
realcartest_0_1570,80,0,B7-core,3,right,1,13,negative,False,True
realcartest_0_1570,80,0,B7-core,4,left,1,82,negative,False,True
realcartest_0_1570,80,0,B7-core,4,right,1,86,negative,False,True
realcartest_0_1570,80,85,LATE-AQP-core,0,left,1,105,positive,True,False
realcartest_0_1570,80,85,LATE-AQP-core,0,left,2,104,negative,False,True
realcartest_0_1570,80,85,LATE-AQP-core,0,right,1,124,negative,False,True
realcartest_0_1570,80,85,LATE-AQP-core,1,left,1,4,positive,True,False
realcartest_0_1570,80,85,LATE-AQP-core,1,left,2,3,positive,True,False
realcartest_0_1570,80,85,LATE-AQP-core,1,left,3,2,positive,True,False
realcartest_0_1570,80,85,LATE-AQP-core,1,right,1,11,negative,False,True
realcartest_0_1570,80,85,LATE-AQP-core,2,right,1,4,positive,True,False
realcartest_0_1570,80,85,LATE-AQP-core,2,right,2,5,positive,True,False
realcartest_0_1570,80,85,LATE-AQP-core,2,right,3,6,positive,True,False
realcartest_0_1570,80,85,LATE-AQP-core,3,left,1,82,negative,False,True
realcartest_0_1570,80,85,LATE-AQP-core,3,right,1,87,negative,False,True
realcartest_0_1570,80,85,LATE-AQP-core,4,left,1,71,negative,False,True
realcartest_0_1570,80,85,LATE-AQP-core,4,right,1,75,negative,False,True
realcartest_0_1570,80,85,LATE-AQP-core,5,left,1,98,positive,True,False
realcartest_0_1570,80,85,LATE-AQP-core,5,left,2,97,negative,False,True
realcartest_0_1570,80,85,LATE-AQP-core,5,right,1,102,negative,False,True
realcartest_0_1570,80,85,LATE-AQP-core,6,left,1,49,negative,False,True
realcartest_0_1570,80,85,LATE-AQP-core,6,right,1,52,negative,False,True
realcartest_0_1570,80,85,LATE-AQP-core,7,left,1,124,negative,False,True
realcartest_0_1570,80,85,LATE-AQP-core,7,right,1,127,negative,False,True
realcartest_0_1570,80,1,B6-core,0,left,1,95,negative,False,True
realcartest_0_1570,80,1,B6-core,0,right,1,108,positive,True,False
realcartest_0_1570,80,1,B6-core,0,right,2,109,negative,False,True
realcartest_0_1570,80,1,B6-core,1,left,1,71,negative,False,True
realcartest_0_1570,80,1,B6-core,1,right,1,77,negative,False,True
realcartest_0_1570,80,1,B6-core,2,left,1,56,positive,True,False
realcartest_0_1570,80,1,B6-core,2,left,2,55,positive,True,False
realcartest_0_1570,80,1,B6-core,2,left,3,54,negative,False,True
realcartest_0_1570,80,1,B6-core,2,right,1,60,negative,False,True
realcartest_0_1570,80,1,B6-core,3,left,1,116,negative,False,True
realcartest_0_1570,80,1,B6-core,3,right,1,120,negative,False,True
realcartest_0_1570,80,1,B6-core,4,left,1,3,positive,True,False
realcartest_0_1570,80,1,B6-core,4,left,2,2,positive,True,False
realcartest_0_1570,80,1,B6-core,4,left,3,1,positive,True,False
realcartest_0_1570,80,1,B6-core,4,right,1,5,positive,True,False
realcartest_0_1570,80,1,B6-core,4,right,2,6,positive,True,False
realcartest_0_1570,80,1,B6-core,4,right,3,7,positive,True,False
realcartest_0_1570,80,1,B6-core,5,left,1,5,positive,True,False
realcartest_0_1570,80,1,B6-core,5,left,2,4,positive,True,False
realcartest_0_1570,80,1,B6-core,5,left,3,3,positive,True,False
realcartest_0_1570,80,1,B6-core,5,right,1,7,positive,True,False
realcartest_0_1570,80,1,B6-core,5,right,2,8,positive,True,False
realcartest_0_1570,80,1,B6-core,5,right,3,9,positive,True,False
realcartest_0_1570,80,1,B6-core,6,left,1,9,positive,True,False
realcartest_0_1570,80,1,B6-core,6,left,2,8,positive,True,False
realcartest_0_1570,80,1,B6-core,6,left,3,7,positive,True,False
realcartest_0_1570,80,1,B6-core,6,right,1,11,negative,False,True
realcartest_0_1570,80,1,B7-core,0,left,1,117,positive,True,False
realcartest_0_1570,80,1,B7-core,0,left,2,116,negative,False,True
realcartest_0_1570,80,1,B7-core,0,right,1,133,negative,False,True
realcartest_0_1570,80,1,B7-core,1,right,1,11,negative,False,True
realcartest_0_1570,80,1,B7-core,2,left,1,54,negative,False,True
realcartest_0_1570,80,1,B7-core,2,right,1,61,negative,False,True
realcartest_0_1570,80,1,B7-core,3,left,1,83,negative,False,True
realcartest_0_1570,80,1,B7-core,3,right,1,86,negative,False,True
realcartest_0_1570,80,1,B7-core,4,left,1,91,negative,False,True
realcartest_0_1570,80,1,B7-core,4,right,1,93,negative,False,True
realcartest_0_1570,80,118,LATE-AQP-core,0,left,1,106,positive,True,False
realcartest_0_1570,80,118,LATE-AQP-core,0,left,2,105,positive,True,False
realcartest_0_1570,80,118,LATE-AQP-core,0,left,3,104,negative,False,True
realcartest_0_1570,80,118,LATE-AQP-core,0,right,1,124,negative,False,True
realcartest_0_1570,80,118,LATE-AQP-core,1,left,1,4,positive,True,False
realcartest_0_1570,80,118,LATE-AQP-core,1,left,2,3,positive,True,False
realcartest_0_1570,80,118,LATE-AQP-core,1,left,3,2,positive,True,False
realcartest_0_1570,80,118,LATE-AQP-core,1,right,1,11,negative,False,True
realcartest_0_1570,80,118,LATE-AQP-core,2,left,1,46,negative,False,True
realcartest_0_1570,80,118,LATE-AQP-core,2,right,1,52,negative,False,True
realcartest_0_1570,80,118,LATE-AQP-core,3,right,1,4,positive,True,False
realcartest_0_1570,80,118,LATE-AQP-core,3,right,2,5,positive,True,False
realcartest_0_1570,80,118,LATE-AQP-core,3,right,3,6,positive,True,False
realcartest_0_1570,80,118,LATE-AQP-core,4,left,1,98,positive,True,False
realcartest_0_1570,80,118,LATE-AQP-core,4,left,2,97,negative,False,True
realcartest_0_1570,80,118,LATE-AQP-core,4,right,1,102,negative,False,True
realcartest_0_1570,80,118,LATE-AQP-core,5,left,1,73,positive,True,False
realcartest_0_1570,80,118,LATE-AQP-core,5,left,2,72,negative,False,True
realcartest_0_1570,80,118,LATE-AQP-core,5,right,1,76,positive,True,False
realcartest_0_1570,80,118,LATE-AQP-core,5,right,2,77,negative,False,True
realcartest_0_1570,80,118,LATE-AQP-core,6,left,1,82,negative,False,True
realcartest_0_1570,80,118,LATE-AQP-core,6,right,1,85,positive,True,False
realcartest_0_1570,80,118,LATE-AQP-core,6,right,2,86,negative,False,True
realcartest_0_1570,80,118,LATE-AQP-core,7,left,1,124,negative,False,True
realcartest_0_1570,80,118,LATE-AQP-core,7,right,1,127,negative,False,True
realcartest_0_1570,80,2,B6-core,0,left,1,107,positive,True,False
realcartest_0_1570,80,2,B6-core,0,left,2,106,positive,True,False
realcartest_0_1570,80,2,B6-core,0,left,3,105,positive,True,False
realcartest_0_1570,80,2,B6-core,0,right,1,120,negative,False,True
realcartest_0_1570,80,2,B6-core,1,left,1,102,negative,False,True
realcartest_0_1570,80,2,B6-core,1,right,1,106,positive,True,False
realcartest_0_1570,80,2,B6-core,1,right,2,107,positive,True,False
realcartest_0_1570,80,2,B6-core,1,right,3,108,positive,True,False
realcartest_0_1570,80,2,B6-core,2,left,1,124,negative,False,True
realcartest_0_1570,80,2,B6-core,2,right,1,128,negative,False,True
realcartest_0_1570,80,2,B6-core,3,left,1,54,negative,False,True
realcartest_0_1570,80,2,B6-core,3,right,1,57,positive,True,False
realcartest_0_1570,80,2,B6-core,3,right,2,58,positive,True,False
realcartest_0_1570,80,2,B6-core,3,right,3,59,negative,False,True
realcartest_0_1570,80,2,B6-core,4,left,1,57,positive,True,False
realcartest_0_1570,80,2,B6-core,4,left,2,56,positive,True,False
realcartest_0_1570,80,2,B6-core,4,left,3,55,positive,True,False
realcartest_0_1570,80,2,B6-core,4,right,1,59,negative,False,True
realcartest_0_1570,80,2,B7-core,0,left,1,94,negative,False,True
realcartest_0_1570,80,2,B7-core,0,right,1,123,negative,False,True
realcartest_0_1570,80,2,B7-core,1,left,1,47,negative,False,True
realcartest_0_1570,80,2,B7-core,1,right,1,60,negative,False,True
realcartest_0_1570,80,2,B7-core,2,left,1,1,positive,True,False
realcartest_0_1570,80,2,B7-core,2,left,2,0,negative,False,True
realcartest_0_1570,80,2,B7-core,2,right,1,11,negative,False,True
realcartest_0_1570,80,2,B7-core,3,left,1,149,negative,False,True
realcartest_0_1570,80,2,B7-core,3,right,1,151,negative,False,True
realcartest_0_1570,80,26,LATE-AQP-core,0,left,1,119,positive,True,False
realcartest_0_1570,80,26,LATE-AQP-core,0,left,2,118,positive,True,False
realcartest_0_1570,80,26,LATE-AQP-core,0,left,3,117,positive,True,False
realcartest_0_1570,80,26,LATE-AQP-core,0,right,1,127,negative,False,True
realcartest_0_1570,80,26,LATE-AQP-core,1,left,1,4,positive,True,False
realcartest_0_1570,80,26,LATE-AQP-core,1,left,2,3,positive,True,False
realcartest_0_1570,80,26,LATE-AQP-core,1,left,3,2,positive,True,False
realcartest_0_1570,80,26,LATE-AQP-core,1,right,1,11,negative,False,True
realcartest_0_1570,80,26,LATE-AQP-core,2,right,1,4,positive,True,False
realcartest_0_1570,80,26,LATE-AQP-core,2,right,2,5,positive,True,False
realcartest_0_1570,80,26,LATE-AQP-core,2,right,3,6,positive,True,False
realcartest_0_1570,80,26,LATE-AQP-core,3,left,1,68,negative,False,True
realcartest_0_1570,80,26,LATE-AQP-core,3,right,1,73,positive,True,False
realcartest_0_1570,80,26,LATE-AQP-core,3,right,2,74,positive,True,False
realcartest_0_1570,80,26,LATE-AQP-core,3,right,3,75,negative,False,True
realcartest_0_1570,80,26,LATE-AQP-core,4,left,1,96,negative,False,True
realcartest_0_1570,80,26,LATE-AQP-core,4,right,1,101,positive,True,False
realcartest_0_1570,80,26,LATE-AQP-core,4,right,2,102,negative,False,True
realcartest_0_1570,80,26,LATE-AQP-core,5,left,1,24,negative,False,True
realcartest_0_1570,80,26,LATE-AQP-core,5,right,1,28,positive,True,False
realcartest_0_1570,80,26,LATE-AQP-core,5,right,2,29,negative,False,True
realcartest_0_1570,80,26,LATE-AQP-core,6,left,1,90,negative,False,True
realcartest_0_1570,80,26,LATE-AQP-core,6,right,1,94,negative,False,True
realcartest_0_1570,80,26,LATE-AQP-core,7,left,1,111,positive,True,False
realcartest_0_1570,80,26,LATE-AQP-core,7,left,2,110,negative,False,True
realcartest_0_1570,80,26,LATE-AQP-core,7,right,1,113,positive,True,False
realcartest_0_1570,80,26,LATE-AQP-core,7,right,2,114,positive,True,False
realcartest_0_1570,80,26,LATE-AQP-core,7,right,3,115,positive,True,False
realcartest_0_1570,80,3,B6-core,0,left,1,72,negative,False,True
realcartest_0_1570,80,3,B6-core,0,right,1,78,negative,False,True
realcartest_0_1570,80,3,B6-core,1,left,1,116,negative,False,True
realcartest_0_1570,80,3,B6-core,1,right,1,120,negative,False,True
realcartest_0_1570,80,3,B6-core,2,left,1,113,positive,True,False
realcartest_0_1570,80,3,B6-core,2,left,2,112,positive,True,False
realcartest_0_1570,80,3,B6-core,2,left,3,111,positive,True,False
realcartest_0_1570,80,3,B6-core,2,right,1,116,negative,False,True
realcartest_0_1570,80,3,B6-core,3,left,1,0,negative,False,True
realcartest_0_1570,80,3,B6-core,3,right,1,2,positive,True,False
realcartest_0_1570,80,3,B6-core,3,right,2,3,positive,True,False
realcartest_0_1570,80,3,B6-core,3,right,3,4,positive,True,False
realcartest_0_1570,80,3,B6-core,4,left,1,4,positive,True,False
realcartest_0_1570,80,3,B6-core,4,left,2,3,positive,True,False
realcartest_0_1570,80,3,B6-core,4,left,3,2,positive,True,False
realcartest_0_1570,80,3,B6-core,4,right,1,6,positive,True,False
realcartest_0_1570,80,3,B6-core,4,right,2,7,positive,True,False
realcartest_0_1570,80,3,B6-core,4,right,3,8,positive,True,False
realcartest_0_1570,80,3,B6-core,5,left,1,8,positive,True,False
realcartest_0_1570,80,3,B6-core,5,left,2,7,positive,True,False
realcartest_0_1570,80,3,B6-core,5,left,3,6,positive,True,False
realcartest_0_1570,80,3,B6-core,5,right,1,10,positive,True,False
realcartest_0_1570,80,3,B6-core,5,right,2,11,negative,False,True
realcartest_0_1570,80,3,B6-core,6,left,1,149,negative,False,True
realcartest_0_1570,80,3,B6-core,6,right,1,151,negative,False,True
realcartest_0_1570,80,3,B7-core,0,left,1,103,negative,False,True
realcartest_0_1570,80,3,B7-core,0,right,1,123,negative,False,True
realcartest_0_1570,80,3,B7-core,1,left,1,64,negative,False,True
realcartest_0_1570,80,3,B7-core,1,right,1,79,negative,False,True
realcartest_0_1570,80,3,B7-core,2,right,1,9,positive,True,False
realcartest_0_1570,80,3,B7-core,2,right,2,10,positive,True,False
realcartest_0_1570,80,3,B7-core,2,right,3,11,negative,False,True
realcartest_0_1570,80,53,LATE-AQP-core,0,left,1,103,negative,False,True
realcartest_0_1570,80,53,LATE-AQP-core,0,right,1,120,negative,False,True
realcartest_0_1570,80,53,LATE-AQP-core,1,left,1,4,positive,True,False
realcartest_0_1570,80,53,LATE-AQP-core,1,left,2,3,positive,True,False
realcartest_0_1570,80,53,LATE-AQP-core,1,left,3,2,positive,True,False
realcartest_0_1570,80,53,LATE-AQP-core,1,right,1,11,negative,False,True
realcartest_0_1570,80,53,LATE-AQP-core,2,left,1,49,negative,False,True
realcartest_0_1570,80,53,LATE-AQP-core,2,right,1,55,positive,True,False
realcartest_0_1570,80,53,LATE-AQP-core,2,right,2,56,positive,True,False
realcartest_0_1570,80,53,LATE-AQP-core,2,right,3,57,positive,True,False
realcartest_0_1570,80,53,LATE-AQP-core,3,right,1,4,positive,True,False
realcartest_0_1570,80,53,LATE-AQP-core,3,right,2,5,positive,True,False
realcartest_0_1570,80,53,LATE-AQP-core,3,right,3,6,positive,True,False
realcartest_0_1570,80,53,LATE-AQP-core,4,left,1,68,negative,False,True
realcartest_0_1570,80,53,LATE-AQP-core,4,right,1,72,negative,False,True
realcartest_0_1570,80,53,LATE-AQP-core,5,left,1,98,positive,True,False
realcartest_0_1570,80,53,LATE-AQP-core,5,left,2,97,negative,False,True
realcartest_0_1570,80,53,LATE-AQP-core,5,right,1,102,negative,False,True
realcartest_0_1570,80,53,LATE-AQP-core,6,left,1,120,negative,False,True
realcartest_0_1570,80,53,LATE-AQP-core,6,right,1,124,negative,False,True
realcartest_0_1570,80,53,LATE-AQP-core,7,left,1,82,negative,False,True
realcartest_0_1570,80,53,LATE-AQP-core,7,right,1,85,positive,True,False
realcartest_0_1570,80,53,LATE-AQP-core,7,right,2,86,negative,False,True
realcartest_0_1570,80,53,LATE-AQP-core,8,left,1,73,positive,True,False
realcartest_0_1570,80,53,LATE-AQP-core,8,left,2,72,negative,False,True
realcartest_0_1570,80,53,LATE-AQP-core,8,right,1,75,negative,False,True
realcartest_0_1570,80,4,B6-core,0,left,1,90,negative,False,True
realcartest_0_1570,80,4,B6-core,0,right,1,108,positive,True,False
realcartest_0_1570,80,4,B6-core,0,right,2,109,negative,False,True
realcartest_0_1570,80,4,B6-core,1,left,1,84,positive,True,False
realcartest_0_1570,80,4,B6-core,1,left,2,83,negative,False,True
realcartest_0_1570,80,4,B6-core,1,right,1,89,negative,False,True
realcartest_0_1570,80,4,B6-core,2,left,1,7,positive,True,False
realcartest_0_1570,80,4,B6-core,2,left,2,6,positive,True,False
realcartest_0_1570,80,4,B6-core,2,left,3,5,positive,True,False
realcartest_0_1570,80,4,B6-core,2,right,1,10,positive,True,False
realcartest_0_1570,80,4,B6-core,2,right,2,11,negative,False,True
realcartest_0_1570,80,4,B6-core,3,left,1,57,positive,True,False
realcartest_0_1570,80,4,B6-core,3,left,2,56,positive,True,False
realcartest_0_1570,80,4,B6-core,3,left,3,55,positive,True,False
realcartest_0_1570,80,4,B6-core,3,right,1,60,negative,False,True
realcartest_0_1570,80,4,B6-core,4,left,1,72,negative,False,True
realcartest_0_1570,80,4,B6-core,4,right,1,75,negative,False,True
realcartest_0_1570,80,4,B6-core,5,left,1,52,negative,False,True
realcartest_0_1570,80,4,B6-core,5,right,1,54,negative,False,True
realcartest_0_1570,80,4,B6-core,6,left,1,54,negative,False,True
realcartest_0_1570,80,4,B6-core,6,right,1,56,positive,True,False
realcartest_0_1570,80,4,B6-core,6,right,2,57,positive,True,False
realcartest_0_1570,80,4,B6-core,6,right,3,58,positive,True,False
realcartest_0_1570,80,4,B7-core,0,left,1,46,negative,False,True
realcartest_0_1570,80,4,B7-core,0,right,1,60,negative,False,True
realcartest_0_1570,80,4,B7-core,1,right,1,8,positive,True,False
realcartest_0_1570,80,4,B7-core,1,right,2,9,positive,True,False
realcartest_0_1570,80,4,B7-core,1,right,3,10,positive,True,False
realcartest_0_1570,80,4,B7-core,2,left,1,23,negative,False,True
realcartest_0_1570,80,4,B7-core,2,right,1,32,negative,False,True
realcartest_0_1570,80,4,B7-core,3,left,1,115,positive,True,False
realcartest_0_1570,80,4,B7-core,3,left,2,114,positive,True,False
realcartest_0_1570,80,4,B7-core,3,left,3,113,positive,True,False
realcartest_0_1570,80,4,B7-core,3,right,1,124,negative,False,True
realcartest_0_1570,80,4,B7-core,4,left,1,13,negative,False,True
realcartest_0_1570,80,4,B7-core,4,right,1,17,negative,False,True
realcartest_0_1570,100,16,LATE-AQP-core,0,left,1,98,positive,True,False
realcartest_0_1570,100,16,LATE-AQP-core,0,left,2,97,negative,False,True
realcartest_0_1570,100,16,LATE-AQP-core,0,right,1,124,negative,False,True
realcartest_0_1570,100,16,LATE-AQP-core,1,right,1,11,negative,False,True
realcartest_0_1570,100,16,LATE-AQP-core,2,left,1,14,negative,False,True
realcartest_0_1570,100,16,LATE-AQP-core,2,right,1,20,negative,False,True
realcartest_0_1570,100,16,LATE-AQP-core,3,left,1,49,negative,False,True
realcartest_0_1570,100,16,LATE-AQP-core,3,right,1,54,negative,False,True
realcartest_0_1570,100,16,LATE-AQP-core,4,left,1,67,negative,False,True
realcartest_0_1570,100,16,LATE-AQP-core,4,right,1,71,negative,False,True
realcartest_0_1570,100,16,LATE-AQP-core,5,left,1,72,negative,False,True
realcartest_0_1570,100,16,LATE-AQP-core,5,right,1,76,positive,True,False
realcartest_0_1570,100,16,LATE-AQP-core,5,right,2,77,negative,False,True
realcartest_0_1570,100,16,LATE-AQP-core,6,left,1,57,positive,True,False
realcartest_0_1570,100,16,LATE-AQP-core,6,left,2,56,positive,True,False
realcartest_0_1570,100,16,LATE-AQP-core,6,left,3,55,positive,True,False
realcartest_0_1570,100,16,LATE-AQP-core,6,right,1,60,negative,False,True
realcartest_0_1570,100,16,LATE-AQP-core,7,left,1,82,negative,False,True
realcartest_0_1570,100,16,LATE-AQP-core,7,right,1,85,positive,True,False
realcartest_0_1570,100,16,LATE-AQP-core,7,right,2,86,negative,False,True
realcartest_0_1570,100,16,LATE-AQP-core,8,left,1,124,negative,False,True
realcartest_0_1570,100,16,LATE-AQP-core,8,right,1,127,negative,False,True
realcartest_0_1570,100,0,B6-core,0,left,1,82,negative,False,True
realcartest_0_1570,100,0,B6-core,0,right,1,86,negative,False,True
realcartest_0_1570,100,0,B6-core,1,left,1,118,positive,True,False
realcartest_0_1570,100,0,B6-core,1,left,2,117,positive,True,False
realcartest_0_1570,100,0,B6-core,1,left,3,116,negative,False,True
realcartest_0_1570,100,0,B6-core,1,right,1,122,positive,True,False
realcartest_0_1570,100,0,B6-core,1,right,2,123,negative,False,True
realcartest_0_1570,100,0,B6-core,2,left,1,149,negative,False,True
realcartest_0_1570,100,0,B6-core,2,right,1,153,negative,False,True
realcartest_0_1570,100,0,B6-core,3,left,1,1,positive,True,False
realcartest_0_1570,100,0,B6-core,3,left,2,0,negative,False,True
realcartest_0_1570,100,0,B6-core,3,right,1,4,positive,True,False
realcartest_0_1570,100,0,B6-core,3,right,2,5,positive,True,False
realcartest_0_1570,100,0,B6-core,3,right,3,6,positive,True,False
realcartest_0_1570,100,0,B6-core,4,left,1,5,positive,True,False
realcartest_0_1570,100,0,B6-core,4,left,2,4,positive,True,False
realcartest_0_1570,100,0,B6-core,4,left,3,3,positive,True,False
realcartest_0_1570,100,0,B6-core,4,right,1,7,positive,True,False
realcartest_0_1570,100,0,B6-core,4,right,2,8,positive,True,False
realcartest_0_1570,100,0,B6-core,4,right,3,9,positive,True,False
realcartest_0_1570,100,0,B6-core,5,left,1,15,negative,False,True
realcartest_0_1570,100,0,B6-core,5,right,1,17,negative,False,True
realcartest_0_1570,100,0,B6-core,6,left,1,69,negative,False,True
realcartest_0_1570,100,0,B6-core,6,right,1,71,negative,False,True
realcartest_0_1570,100,0,B6-core,7,left,1,110,negative,False,True
realcartest_0_1570,100,0,B6-core,7,right,1,112,positive,True,False
realcartest_0_1570,100,0,B6-core,7,right,2,113,positive,True,False
realcartest_0_1570,100,0,B6-core,7,right,3,114,positive,True,False
realcartest_0_1570,100,0,B6-core,8,left,1,113,positive,True,False
realcartest_0_1570,100,0,B6-core,8,left,2,112,positive,True,False
realcartest_0_1570,100,0,B6-core,8,left,3,111,positive,True,False
realcartest_0_1570,100,0,B6-core,8,right,1,115,positive,True,False
realcartest_0_1570,100,0,B6-core,8,right,2,116,negative,False,True
realcartest_0_1570,100,0,B6-core,9,left,1,116,negative,False,True
realcartest_0_1570,100,0,B6-core,9,right,1,118,positive,True,False
realcartest_0_1570,100,0,B6-core,9,right,2,119,positive,True,False
realcartest_0_1570,100,0,B6-core,9,right,3,120,negative,False,True
realcartest_0_1570,100,0,B6-core,10,left,1,124,negative,False,True
realcartest_0_1570,100,0,B6-core,10,right,1,126,negative,False,True
realcartest_0_1570,100,0,B7-core,0,left,1,95,negative,False,True
realcartest_0_1570,100,0,B7-core,0,right,1,129,negative,False,True
realcartest_0_1570,100,0,B7-core,1,left,1,23,negative,False,True
realcartest_0_1570,100,0,B7-core,1,right,1,36,negative,False,True
realcartest_0_1570,100,0,B7-core,2,left,1,0,negative,False,True
realcartest_0_1570,100,0,B7-core,2,right,1,11,negative,False,True
realcartest_0_1570,100,0,B7-core,3,left,1,53,positive,True,False
realcartest_0_1570,100,0,B7-core,3,left,2,52,negative,False,True
realcartest_0_1570,100,0,B7-core,3,right,1,59,negative,False,True
realcartest_0_1570,100,0,B7-core,4,left,1,15,negative,False,True
realcartest_0_1570,100,0,B7-core,4,right,1,17,negative,False,True
realcartest_0_1570,100,85,LATE-AQP-core,0,left,1,98,positive,True,False
realcartest_0_1570,100,85,LATE-AQP-core,0,left,2,97,negative,False,True
realcartest_0_1570,100,85,LATE-AQP-core,0,right,1,124,negative,False,True
realcartest_0_1570,100,85,LATE-AQP-core,1,right,1,11,negative,False,True
realcartest_0_1570,100,85,LATE-AQP-core,2,left,1,49,negative,False,True
realcartest_0_1570,100,85,LATE-AQP-core,2,right,1,60,negative,False,True
realcartest_0_1570,100,85,LATE-AQP-core,3,left,1,71,negative,False,True
realcartest_0_1570,100,85,LATE-AQP-core,3,right,1,78,negative,False,True
realcartest_0_1570,100,85,LATE-AQP-core,4,left,1,82,negative,False,True
realcartest_0_1570,100,85,LATE-AQP-core,4,right,1,87,negative,False,True
realcartest_0_1570,100,85,LATE-AQP-core,5,left,1,68,negative,False,True
realcartest_0_1570,100,85,LATE-AQP-core,5,right,1,71,negative,False,True
realcartest_0_1570,100,85,LATE-AQP-core,6,left,1,124,negative,False,True
realcartest_0_1570,100,85,LATE-AQP-core,6,right,1,127,negative,False,True
realcartest_0_1570,100,1,B6-core,0,left,1,71,negative,False,True
realcartest_0_1570,100,1,B6-core,0,right,1,86,negative,False,True
realcartest_0_1570,100,1,B6-core,1,left,1,107,positive,True,False
realcartest_0_1570,100,1,B6-core,1,left,2,106,positive,True,False
realcartest_0_1570,100,1,B6-core,1,left,3,105,positive,True,False
realcartest_0_1570,100,1,B6-core,1,right,1,120,negative,False,True
realcartest_0_1570,100,1,B6-core,2,left,1,103,negative,False,True
realcartest_0_1570,100,1,B6-core,2,right,1,107,positive,True,False
realcartest_0_1570,100,1,B6-core,2,right,2,108,positive,True,False
realcartest_0_1570,100,1,B6-core,2,right,3,109,negative,False,True
realcartest_0_1570,100,1,B6-core,3,left,1,2,positive,True,False
realcartest_0_1570,100,1,B6-core,3,left,2,1,positive,True,False
realcartest_0_1570,100,1,B6-core,3,left,3,0,negative,False,True
realcartest_0_1570,100,1,B6-core,3,right,1,5,positive,True,False
realcartest_0_1570,100,1,B6-core,3,right,2,6,positive,True,False
realcartest_0_1570,100,1,B6-core,3,right,3,7,positive,True,False
realcartest_0_1570,100,1,B6-core,4,left,1,90,negative,False,True
realcartest_0_1570,100,1,B6-core,4,right,1,93,negative,False,True
realcartest_0_1570,100,1,B6-core,5,left,1,0,negative,False,True
realcartest_0_1570,100,1,B6-core,5,right,1,2,positive,True,False
realcartest_0_1570,100,1,B6-core,5,right,2,3,positive,True,False
realcartest_0_1570,100,1,B6-core,5,right,3,4,positive,True,False
realcartest_0_1570,100,1,B6-core,6,left,1,5,positive,True,False
realcartest_0_1570,100,1,B6-core,6,left,2,4,positive,True,False
realcartest_0_1570,100,1,B6-core,6,left,3,3,positive,True,False
realcartest_0_1570,100,1,B6-core,6,right,1,7,positive,True,False
realcartest_0_1570,100,1,B6-core,6,right,2,8,positive,True,False
realcartest_0_1570,100,1,B6-core,6,right,3,9,positive,True,False
realcartest_0_1570,100,1,B6-core,7,left,1,7,positive,True,False
realcartest_0_1570,100,1,B6-core,7,left,2,6,positive,True,False
realcartest_0_1570,100,1,B6-core,7,left,3,5,positive,True,False
realcartest_0_1570,100,1,B6-core,7,right,1,9,positive,True,False
realcartest_0_1570,100,1,B6-core,7,right,2,10,positive,True,False
realcartest_0_1570,100,1,B6-core,7,right,3,11,negative,False,True
realcartest_0_1570,100,1,B6-core,8,left,1,97,negative,False,True
realcartest_0_1570,100,1,B6-core,8,right,1,99,negative,False,True
realcartest_0_1570,100,1,B7-core,0,left,1,94,negative,False,True
realcartest_0_1570,100,1,B7-core,0,right,1,124,negative,False,True
realcartest_0_1570,100,1,B7-core,1,left,1,47,negative,False,True
realcartest_0_1570,100,1,B7-core,1,right,1,67,negative,False,True
realcartest_0_1570,100,1,B7-core,2,left,1,68,negative,False,True
realcartest_0_1570,100,1,B7-core,2,right,1,77,negative,False,True
realcartest_0_1570,100,1,B7-core,3,right,1,7,positive,True,False
realcartest_0_1570,100,1,B7-core,3,right,2,8,positive,True,False
realcartest_0_1570,100,1,B7-core,3,right,3,9,positive,True,False
realcartest_0_1570,100,56,LATE-AQP-core,0,left,1,98,positive,True,False
realcartest_0_1570,100,56,LATE-AQP-core,0,left,2,97,negative,False,True
realcartest_0_1570,100,56,LATE-AQP-core,0,right,1,124,negative,False,True
realcartest_0_1570,100,56,LATE-AQP-core,1,left,1,46,negative,False,True
realcartest_0_1570,100,56,LATE-AQP-core,1,right,1,61,negative,False,True
realcartest_0_1570,100,56,LATE-AQP-core,2,right,1,11,negative,False,True
realcartest_0_1570,100,56,LATE-AQP-core,3,left,1,71,negative,False,True
realcartest_0_1570,100,56,LATE-AQP-core,3,right,1,77,negative,False,True
realcartest_0_1570,100,56,LATE-AQP-core,4,left,1,148,negative,False,True
realcartest_0_1570,100,56,LATE-AQP-core,4,right,1,152,negative,False,True
realcartest_0_1570,100,56,LATE-AQP-core,5,left,1,68,negative,False,True
realcartest_0_1570,100,56,LATE-AQP-core,5,right,1,71,negative,False,True
realcartest_0_1570,100,56,LATE-AQP-core,6,left,1,82,negative,False,True
realcartest_0_1570,100,56,LATE-AQP-core,6,right,1,85,positive,True,False
realcartest_0_1570,100,56,LATE-AQP-core,6,right,2,86,negative,False,True
realcartest_0_1570,100,56,LATE-AQP-core,7,left,1,124,negative,False,True
realcartest_0_1570,100,56,LATE-AQP-core,7,right,1,127,negative,False,True
realcartest_0_1570,100,2,B6-core,0,left,1,47,negative,False,True
realcartest_0_1570,100,2,B6-core,0,right,1,60,negative,False,True
realcartest_0_1570,100,2,B6-core,1,left,1,107,positive,True,False
realcartest_0_1570,100,2,B6-core,1,left,2,106,positive,True,False
realcartest_0_1570,100,2,B6-core,1,left,3,105,positive,True,False
realcartest_0_1570,100,2,B6-core,1,right,1,119,positive,True,False
realcartest_0_1570,100,2,B6-core,1,right,2,120,negative,False,True
realcartest_0_1570,100,2,B6-core,2,left,1,8,positive,True,False
realcartest_0_1570,100,2,B6-core,2,left,2,7,positive,True,False
realcartest_0_1570,100,2,B6-core,2,left,3,6,positive,True,False
realcartest_0_1570,100,2,B6-core,2,right,1,12,negative,False,True
realcartest_0_1570,100,2,B6-core,3,left,1,120,negative,False,True
realcartest_0_1570,100,2,B6-core,3,right,1,123,negative,False,True
realcartest_0_1570,100,2,B6-core,4,left,1,0,negative,False,True
realcartest_0_1570,100,2,B6-core,4,right,1,2,positive,True,False
realcartest_0_1570,100,2,B6-core,4,right,2,3,positive,True,False
realcartest_0_1570,100,2,B6-core,4,right,3,4,positive,True,False
realcartest_0_1570,100,2,B6-core,5,left,1,83,negative,False,True
realcartest_0_1570,100,2,B6-core,5,right,1,85,positive,True,False
realcartest_0_1570,100,2,B6-core,5,right,2,86,negative,False,True
realcartest_0_1570,100,2,B7-core,0,left,1,47,negative,False,True
realcartest_0_1570,100,2,B7-core,0,right,1,78,negative,False,True
realcartest_0_1570,100,2,B7-core,1,left,1,110,negative,False,True
realcartest_0_1570,100,2,B7-core,1,right,1,123,negative,False,True
realcartest_0_1570,100,2,B7-core,2,left,1,2,positive,True,False
realcartest_0_1570,100,2,B7-core,2,left,2,1,positive,True,False
realcartest_0_1570,100,2,B7-core,2,left,3,0,negative,False,True
realcartest_0_1570,100,2,B7-core,2,right,1,10,positive,True,False
realcartest_0_1570,100,2,B7-core,2,right,2,11,negative,False,True
realcartest_0_1570,100,2,B7-core,3,left,1,87,negative,False,True
realcartest_0_1570,100,2,B7-core,3,right,1,95,negative,False,True
realcartest_0_1570,100,2,B7-core,4,left,1,81,negative,False,True
realcartest_0_1570,100,2,B7-core,4,right,1,87,negative,False,True
realcartest_0_1570,100,26,LATE-AQP-core,0,left,1,96,negative,False,True
realcartest_0_1570,100,26,LATE-AQP-core,0,right,1,127,negative,False,True
realcartest_0_1570,100,26,LATE-AQP-core,1,right,1,11,negative,False,True
realcartest_0_1570,100,26,LATE-AQP-core,2,left,1,68,negative,False,True
realcartest_0_1570,100,26,LATE-AQP-core,2,right,1,76,positive,True,False
realcartest_0_1570,100,26,LATE-AQP-core,2,right,2,77,negative,False,True
realcartest_0_1570,100,26,LATE-AQP-core,3,left,1,49,negative,False,True
realcartest_0_1570,100,26,LATE-AQP-core,3,right,1,54,negative,False,True
realcartest_0_1570,100,26,LATE-AQP-core,4,left,1,24,negative,False,True
realcartest_0_1570,100,26,LATE-AQP-core,4,right,1,28,positive,True,False
realcartest_0_1570,100,26,LATE-AQP-core,4,right,2,29,negative,False,True
realcartest_0_1570,100,26,LATE-AQP-core,5,left,1,57,positive,True,False
realcartest_0_1570,100,26,LATE-AQP-core,5,left,2,56,positive,True,False
realcartest_0_1570,100,26,LATE-AQP-core,5,left,3,55,positive,True,False
realcartest_0_1570,100,26,LATE-AQP-core,5,right,1,61,negative,False,True
realcartest_0_1570,100,26,LATE-AQP-core,6,left,1,90,negative,False,True
realcartest_0_1570,100,26,LATE-AQP-core,6,right,1,94,negative,False,True
realcartest_0_1570,100,26,LATE-AQP-core,7,left,1,82,negative,False,True
realcartest_0_1570,100,26,LATE-AQP-core,7,right,1,85,positive,True,False
realcartest_0_1570,100,26,LATE-AQP-core,7,right,2,86,negative,False,True
realcartest_0_1570,100,3,B6-core,0,left,1,72,negative,False,True
realcartest_0_1570,100,3,B6-core,0,right,1,95,negative,False,True
realcartest_0_1570,100,3,B6-core,1,left,1,0,negative,False,True
realcartest_0_1570,100,3,B6-core,1,right,1,3,positive,True,False
realcartest_0_1570,100,3,B6-core,1,right,2,4,positive,True,False
realcartest_0_1570,100,3,B6-core,1,right,3,5,positive,True,False
realcartest_0_1570,100,3,B6-core,2,left,1,114,positive,True,False
realcartest_0_1570,100,3,B6-core,2,left,2,113,positive,True,False
realcartest_0_1570,100,3,B6-core,2,left,3,112,positive,True,False
realcartest_0_1570,100,3,B6-core,2,right,1,117,positive,True,False
realcartest_0_1570,100,3,B6-core,2,right,2,118,positive,True,False
realcartest_0_1570,100,3,B6-core,2,right,3,119,positive,True,False
realcartest_0_1570,100,3,B6-core,3,left,1,121,positive,True,False
realcartest_0_1570,100,3,B6-core,3,left,2,120,negative,False,True
realcartest_0_1570,100,3,B6-core,3,right,1,124,negative,False,True
realcartest_0_1570,100,3,B6-core,4,left,1,97,negative,False,True
realcartest_0_1570,100,3,B6-core,4,right,1,99,negative,False,True
realcartest_0_1570,100,3,B6-core,5,left,1,104,negative,False,True
realcartest_0_1570,100,3,B6-core,5,right,1,106,positive,True,False
realcartest_0_1570,100,3,B6-core,5,right,2,107,positive,True,False
realcartest_0_1570,100,3,B6-core,5,right,3,108,positive,True,False
realcartest_0_1570,100,3,B6-core,6,left,1,110,negative,False,True
realcartest_0_1570,100,3,B6-core,6,right,1,112,positive,True,False
realcartest_0_1570,100,3,B6-core,6,right,2,113,positive,True,False
realcartest_0_1570,100,3,B6-core,6,right,3,114,positive,True,False
realcartest_0_1570,100,3,B6-core,7,left,1,124,negative,False,True
realcartest_0_1570,100,3,B6-core,7,right,1,126,negative,False,True
realcartest_0_1570,100,3,B7-core,0,left,1,94,negative,False,True
realcartest_0_1570,100,3,B7-core,0,right,1,124,negative,False,True
realcartest_0_1570,100,3,B7-core,1,left,1,46,negative,False,True
realcartest_0_1570,100,3,B7-core,1,right,1,61,negative,False,True
realcartest_0_1570,100,3,B7-core,2,left,1,23,negative,False,True
realcartest_0_1570,100,3,B7-core,2,right,1,36,negative,False,True
realcartest_0_1570,100,3,B7-core,3,left,1,5,positive,True,False
realcartest_0_1570,100,3,B7-core,3,left,2,4,positive,True,False
realcartest_0_1570,100,3,B7-core,3,left,3,3,positive,True,False
realcartest_0_1570,100,3,B7-core,3,right,1,13,negative,False,True
realcartest_0_1570,100,3,B7-core,4,left,1,82,negative,False,True
realcartest_0_1570,100,3,B7-core,4,right,1,86,negative,False,True
realcartest_0_1570,100,3,B7-core,5,left,1,90,negative,False,True
realcartest_0_1570,100,3,B7-core,5,right,1,94,negative,False,True
realcartest_0_1570,100,53,LATE-AQP-core,0,left,1,98,positive,True,False
realcartest_0_1570,100,53,LATE-AQP-core,0,left,2,97,negative,False,True
realcartest_0_1570,100,53,LATE-AQP-core,0,right,1,124,negative,False,True
realcartest_0_1570,100,53,LATE-AQP-core,1,right,1,11,negative,False,True
realcartest_0_1570,100,53,LATE-AQP-core,2,left,1,78,negative,False,True
realcartest_0_1570,100,53,LATE-AQP-core,2,right,1,85,positive,True,False
realcartest_0_1570,100,53,LATE-AQP-core,2,right,2,86,negative,False,True
realcartest_0_1570,100,53,LATE-AQP-core,3,left,1,49,negative,False,True
realcartest_0_1570,100,53,LATE-AQP-core,3,right,1,55,positive,True,False
realcartest_0_1570,100,53,LATE-AQP-core,3,right,2,56,positive,True,False
realcartest_0_1570,100,53,LATE-AQP-core,3,right,3,57,positive,True,False
realcartest_0_1570,100,53,LATE-AQP-core,4,left,1,72,negative,False,True
realcartest_0_1570,100,53,LATE-AQP-core,4,right,1,77,negative,False,True
realcartest_0_1570,100,53,LATE-AQP-core,5,left,1,68,negative,False,True
realcartest_0_1570,100,53,LATE-AQP-core,5,right,1,72,negative,False,True
realcartest_0_1570,100,53,LATE-AQP-core,6,left,1,57,positive,True,False
realcartest_0_1570,100,53,LATE-AQP-core,6,left,2,56,positive,True,False
realcartest_0_1570,100,53,LATE-AQP-core,6,left,3,55,positive,True,False
realcartest_0_1570,100,53,LATE-AQP-core,6,right,1,60,negative,False,True
realcartest_0_1570,100,53,LATE-AQP-core,7,left,1,124,negative,False,True
realcartest_0_1570,100,53,LATE-AQP-core,7,right,1,127,negative,False,True
realcartest_0_1570,100,4,B6-core,0,left,1,47,negative,False,True
realcartest_0_1570,100,4,B6-core,0,right,1,51,negative,False,True
realcartest_0_1570,100,4,B6-core,1,left,1,53,positive,True,False
realcartest_0_1570,100,4,B6-core,1,left,2,52,negative,False,True
realcartest_0_1570,100,4,B6-core,1,right,1,56,positive,True,False
realcartest_0_1570,100,4,B6-core,1,right,2,57,positive,True,False
realcartest_0_1570,100,4,B6-core,1,right,3,58,positive,True,False
realcartest_0_1570,100,4,B6-core,2,left,1,56,positive,True,False
realcartest_0_1570,100,4,B6-core,2,left,2,55,positive,True,False
realcartest_0_1570,100,4,B6-core,2,left,3,54,negative,False,True
realcartest_0_1570,100,4,B6-core,2,right,1,59,negative,False,True
realcartest_0_1570,100,4,B6-core,3,left,1,149,negative,False,True
realcartest_0_1570,100,4,B6-core,3,right,1,152,negative,False,True
realcartest_0_1570,100,4,B6-core,4,left,1,0,negative,False,True
realcartest_0_1570,100,4,B6-core,4,right,1,2,positive,True,False
realcartest_0_1570,100,4,B6-core,4,right,2,3,positive,True,False
realcartest_0_1570,100,4,B6-core,4,right,3,4,positive,True,False
realcartest_0_1570,100,4,B6-core,5,left,1,9,positive,True,False
realcartest_0_1570,100,4,B6-core,5,left,2,8,positive,True,False
realcartest_0_1570,100,4,B6-core,5,left,3,7,positive,True,False
realcartest_0_1570,100,4,B6-core,5,right,1,11,negative,False,True
realcartest_0_1570,100,4,B6-core,6,left,1,73,positive,True,False
realcartest_0_1570,100,4,B6-core,6,left,2,72,negative,False,True
realcartest_0_1570,100,4,B6-core,6,right,1,75,negative,False,True
realcartest_0_1570,100,4,B6-core,7,left,1,97,negative,False,True
realcartest_0_1570,100,4,B6-core,7,right,1,99,negative,False,True
realcartest_0_1570,100,4,B6-core,8,left,1,111,positive,True,False
realcartest_0_1570,100,4,B6-core,8,left,2,110,negative,False,True
realcartest_0_1570,100,4,B6-core,8,right,1,113,positive,True,False
realcartest_0_1570,100,4,B6-core,8,right,2,114,positive,True,False
realcartest_0_1570,100,4,B6-core,8,right,3,115,positive,True,False
realcartest_0_1570,100,4,B6-core,9,left,1,114,positive,True,False
realcartest_0_1570,100,4,B6-core,9,left,2,113,positive,True,False
realcartest_0_1570,100,4,B6-core,9,left,3,112,positive,True,False
realcartest_0_1570,100,4,B6-core,9,right,1,116,negative,False,True
realcartest_0_1570,100,4,B6-core,10,left,1,121,positive,True,False
realcartest_0_1570,100,4,B6-core,10,left,2,120,negative,False,True
realcartest_0_1570,100,4,B6-core,10,right,1,123,negative,False,True
realcartest_0_1570,100,4,B7-core,0,left,1,95,negative,False,True
realcartest_0_1570,100,4,B7-core,0,right,1,128,negative,False,True
realcartest_0_1570,100,4,B7-core,1,left,1,46,negative,False,True
realcartest_0_1570,100,4,B7-core,1,right,1,60,negative,False,True
realcartest_0_1570,100,4,B7-core,2,left,1,6,positive,True,False
realcartest_0_1570,100,4,B7-core,2,left,2,5,positive,True,False
realcartest_0_1570,100,4,B7-core,2,left,3,4,positive,True,False
realcartest_0_1570,100,4,B7-core,2,right,1,13,negative,False,True
realcartest_0_1570,100,4,B7-core,3,right,1,5,positive,True,False
realcartest_0_1570,100,4,B7-core,3,right,2,6,positive,True,False
realcartest_0_1570,100,4,B7-core,3,right,3,7,positive,True,False
realcartest_0_1570,120,16,LATE-AQP-core,0,left,1,95,negative,False,True
realcartest_0_1570,120,16,LATE-AQP-core,0,right,1,127,negative,False,True
realcartest_0_1570,120,16,LATE-AQP-core,1,right,1,11,negative,False,True
realcartest_0_1570,120,16,LATE-AQP-core,2,left,1,49,negative,False,True
realcartest_0_1570,120,16,LATE-AQP-core,2,right,1,60,negative,False,True
realcartest_0_1570,120,16,LATE-AQP-core,3,left,1,143,negative,False,True
realcartest_0_1570,120,16,LATE-AQP-core,3,right,1,154,negative,False,True
realcartest_0_1570,120,16,LATE-AQP-core,4,left,1,14,negative,False,True
realcartest_0_1570,120,16,LATE-AQP-core,4,right,1,20,negative,False,True
realcartest_0_1570,120,16,LATE-AQP-core,5,left,1,72,negative,False,True
realcartest_0_1570,120,16,LATE-AQP-core,5,right,1,78,negative,False,True
realcartest_0_1570,120,16,LATE-AQP-core,6,left,1,67,negative,False,True
realcartest_0_1570,120,16,LATE-AQP-core,6,right,1,72,negative,False,True
realcartest_0_1570,120,16,LATE-AQP-core,7,left,1,81,negative,False,True
realcartest_0_1570,120,16,LATE-AQP-core,7,right,1,85,positive,True,False
realcartest_0_1570,120,16,LATE-AQP-core,7,right,2,86,negative,False,True
realcartest_0_1570,120,0,B6-core,0,left,1,95,negative,False,True
realcartest_0_1570,120,0,B6-core,0,right,1,120,negative,False,True
realcartest_0_1570,120,0,B6-core,1,left,1,9,positive,True,False
realcartest_0_1570,120,0,B6-core,1,left,2,8,positive,True,False
realcartest_0_1570,120,0,B6-core,1,left,3,7,positive,True,False
realcartest_0_1570,120,0,B6-core,1,right,1,24,negative,False,True
realcartest_0_1570,120,0,B6-core,2,left,1,47,negative,False,True
realcartest_0_1570,120,0,B6-core,2,right,1,60,negative,False,True
realcartest_0_1570,120,0,B6-core,3,left,1,25,negative,False,True
realcartest_0_1570,120,0,B6-core,3,right,1,29,negative,False,True
realcartest_0_1570,120,0,B6-core,4,left,1,71,negative,False,True
realcartest_0_1570,120,0,B6-core,4,right,1,75,negative,False,True
realcartest_0_1570,120,0,B6-core,5,left,1,120,negative,False,True
realcartest_0_1570,120,0,B6-core,5,right,1,123,negative,False,True
realcartest_0_1570,120,0,B6-core,6,left,1,6,positive,True,False
realcartest_0_1570,120,0,B6-core,6,left,2,5,positive,True,False
realcartest_0_1570,120,0,B6-core,6,left,3,4,positive,True,False
realcartest_0_1570,120,0,B6-core,6,right,1,8,positive,True,False
realcartest_0_1570,120,0,B6-core,6,right,2,9,positive,True,False
realcartest_0_1570,120,0,B6-core,6,right,3,10,positive,True,False
realcartest_0_1570,120,0,B7-core,0,left,1,43,negative,False,True
realcartest_0_1570,120,0,B7-core,0,right,1,86,negative,False,True
realcartest_0_1570,120,0,B7-core,1,left,1,95,negative,False,True
realcartest_0_1570,120,0,B7-core,1,right,1,124,negative,False,True
realcartest_0_1570,120,0,B7-core,2,left,1,143,negative,False,True
realcartest_0_1570,120,0,B7-core,3,right,1,11,negative,False,True
realcartest_0_1570,120,85,LATE-AQP-core,0,left,1,95,negative,False,True
realcartest_0_1570,120,85,LATE-AQP-core,0,right,1,127,negative,False,True
realcartest_0_1570,120,85,LATE-AQP-core,1,left,1,34,negative,False,True
realcartest_0_1570,120,85,LATE-AQP-core,1,right,1,61,negative,False,True
realcartest_0_1570,120,85,LATE-AQP-core,2,left,1,143,negative,False,True
realcartest_0_1570,120,85,LATE-AQP-core,3,right,1,11,negative,False,True
realcartest_0_1570,120,85,LATE-AQP-core,4,left,1,68,negative,False,True
realcartest_0_1570,120,85,LATE-AQP-core,4,right,1,78,negative,False,True
realcartest_0_1570,120,85,LATE-AQP-core,5,left,1,81,negative,False,True
realcartest_0_1570,120,85,LATE-AQP-core,5,right,1,87,negative,False,True
realcartest_0_1570,120,1,B6-core,0,left,1,94,negative,False,True
realcartest_0_1570,120,1,B6-core,0,right,1,108,positive,True,False
realcartest_0_1570,120,1,B6-core,0,right,2,109,negative,False,True
realcartest_0_1570,120,1,B6-core,1,left,1,23,negative,False,True
realcartest_0_1570,120,1,B6-core,1,right,1,36,negative,False,True
realcartest_0_1570,120,1,B6-core,2,left,1,82,negative,False,True
realcartest_0_1570,120,1,B6-core,2,right,1,88,negative,False,True
realcartest_0_1570,120,1,B6-core,3,left,1,109,negative,False,True
realcartest_0_1570,120,1,B6-core,3,right,1,114,positive,True,False
realcartest_0_1570,120,1,B6-core,3,right,2,115,positive,True,False
realcartest_0_1570,120,1,B6-core,3,right,3,116,negative,False,True
realcartest_0_1570,120,1,B6-core,4,left,1,7,positive,True,False
realcartest_0_1570,120,1,B6-core,4,left,2,6,positive,True,False
realcartest_0_1570,120,1,B6-core,4,left,3,5,positive,True,False
realcartest_0_1570,120,1,B6-core,4,right,1,10,positive,True,False
realcartest_0_1570,120,1,B6-core,4,right,2,11,negative,False,True
realcartest_0_1570,120,1,B6-core,5,left,1,91,negative,False,True
realcartest_0_1570,120,1,B6-core,5,right,1,94,negative,False,True
realcartest_0_1570,120,1,B6-core,6,left,1,117,positive,True,False
realcartest_0_1570,120,1,B6-core,6,left,2,116,negative,False,True
realcartest_0_1570,120,1,B6-core,6,right,1,120,negative,False,True
realcartest_0_1570,120,1,B6-core,7,left,1,5,positive,True,False
realcartest_0_1570,120,1,B6-core,7,left,2,4,positive,True,False
realcartest_0_1570,120,1,B6-core,7,left,3,3,positive,True,False
realcartest_0_1570,120,1,B6-core,7,right,1,7,positive,True,False
realcartest_0_1570,120,1,B6-core,7,right,2,8,positive,True,False
realcartest_0_1570,120,1,B6-core,7,right,3,9,positive,True,False
realcartest_0_1570,120,1,B6-core,8,left,1,54,negative,False,True
realcartest_0_1570,120,1,B6-core,8,right,1,56,positive,True,False
realcartest_0_1570,120,1,B6-core,8,right,2,57,positive,True,False
realcartest_0_1570,120,1,B6-core,8,right,3,58,positive,True,False
realcartest_0_1570,120,1,B6-core,9,left,1,57,positive,True,False
realcartest_0_1570,120,1,B6-core,9,left,2,56,positive,True,False
realcartest_0_1570,120,1,B6-core,9,left,3,55,positive,True,False
realcartest_0_1570,120,1,B6-core,9,right,1,59,negative,False,True
realcartest_0_1570,120,1,B6-core,10,left,1,114,positive,True,False
realcartest_0_1570,120,1,B6-core,10,left,2,113,positive,True,False
realcartest_0_1570,120,1,B6-core,10,left,3,112,positive,True,False
realcartest_0_1570,120,1,B6-core,10,right,1,116,negative,False,True
realcartest_0_1570,120,1,B6-core,11,left,1,120,negative,False,True
realcartest_0_1570,120,1,B6-core,11,right,1,122,positive,True,False
realcartest_0_1570,120,1,B6-core,11,right,2,123,negative,False,True
realcartest_0_1570,120,1,B7-core,0,left,1,102,negative,False,True
realcartest_0_1570,120,1,B7-core,0,right,1,132,negative,False,True
realcartest_0_1570,120,1,B7-core,1,left,1,11,negative,False,True
realcartest_0_1570,120,1,B7-core,1,right,1,36,negative,False,True
realcartest_0_1570,120,1,B7-core,2,left,1,71,negative,False,True
realcartest_0_1570,120,1,B7-core,2,right,1,86,negative,False,True
realcartest_0_1570,120,1,B7-core,3,left,1,1,positive,True,False
realcartest_0_1570,120,1,B7-core,3,left,2,0,negative,False,True
realcartest_0_1570,120,1,B7-core,3,right,1,9,positive,True,False
realcartest_0_1570,120,1,B7-core,3,right,2,10,positive,True,False
realcartest_0_1570,120,1,B7-core,3,right,3,11,negative,False,True
realcartest_0_1570,120,1,B7-core,4,left,1,54,negative,False,True
realcartest_0_1570,120,1,B7-core,4,right,1,61,negative,False,True
realcartest_0_1570,120,1,B7-core,5,left,1,94,negative,False,True
realcartest_0_1570,120,1,B7-core,5,right,1,101,positive,True,False
realcartest_0_1570,120,1,B7-core,5,right,2,102,negative,False,True
realcartest_0_1570,120,56,LATE-AQP-core,0,left,1,95,negative,False,True
realcartest_0_1570,120,56,LATE-AQP-core,0,right,1,127,negative,False,True
realcartest_0_1570,120,56,LATE-AQP-core,1,left,1,34,negative,False,True
realcartest_0_1570,120,56,LATE-AQP-core,1,right,1,61,negative,False,True
realcartest_0_1570,120,56,LATE-AQP-core,2,right,1,11,negative,False,True
realcartest_0_1570,120,56,LATE-AQP-core,3,left,1,143,negative,False,True
realcartest_0_1570,120,56,LATE-AQP-core,3,right,1,154,negative,False,True
realcartest_0_1570,120,56,LATE-AQP-core,4,left,1,68,negative,False,True
realcartest_0_1570,120,56,LATE-AQP-core,4,right,1,78,negative,False,True
realcartest_0_1570,120,56,LATE-AQP-core,5,left,1,81,negative,False,True
realcartest_0_1570,120,56,LATE-AQP-core,5,right,1,85,positive,True,False
realcartest_0_1570,120,56,LATE-AQP-core,5,right,2,86,negative,False,True
realcartest_0_1570,120,2,B6-core,0,left,1,69,negative,False,True
realcartest_0_1570,120,2,B6-core,0,right,1,133,negative,False,True
realcartest_0_1570,120,2,B6-core,1,left,1,1,positive,True,False
realcartest_0_1570,120,2,B6-core,1,left,2,0,negative,False,True
realcartest_0_1570,120,2,B6-core,1,right,1,4,positive,True,False
realcartest_0_1570,120,2,B6-core,1,right,2,5,positive,True,False
realcartest_0_1570,120,2,B6-core,1,right,3,6,positive,True,False
realcartest_0_1570,120,2,B6-core,2,left,1,54,negative,False,True
realcartest_0_1570,120,2,B6-core,2,right,1,57,positive,True,False
realcartest_0_1570,120,2,B6-core,2,right,2,58,positive,True,False
realcartest_0_1570,120,2,B6-core,2,right,3,59,negative,False,True
realcartest_0_1570,120,2,B6-core,3,left,1,8,positive,True,False
realcartest_0_1570,120,2,B6-core,3,left,2,7,positive,True,False
realcartest_0_1570,120,2,B6-core,3,left,3,6,positive,True,False
realcartest_0_1570,120,2,B6-core,3,right,1,10,positive,True,False
realcartest_0_1570,120,2,B6-core,3,right,2,11,negative,False,True
realcartest_0_1570,120,2,B6-core,4,left,1,57,positive,True,False
realcartest_0_1570,120,2,B6-core,4,left,2,56,positive,True,False
realcartest_0_1570,120,2,B6-core,4,left,3,55,positive,True,False
realcartest_0_1570,120,2,B6-core,4,right,1,59,negative,False,True
realcartest_0_1570,120,2,B7-core,0,left,1,103,negative,False,True
realcartest_0_1570,120,2,B7-core,0,right,1,123,negative,False,True
realcartest_0_1570,120,2,B7-core,1,left,1,20,negative,False,True
realcartest_0_1570,120,2,B7-core,1,right,1,37,negative,False,True
realcartest_0_1570,120,2,B7-core,2,left,1,47,negative,False,True
realcartest_0_1570,120,2,B7-core,2,right,1,61,negative,False,True
realcartest_0_1570,120,2,B7-core,3,left,1,71,negative,False,True
realcartest_0_1570,120,2,B7-core,3,right,1,84,positive,True,False
realcartest_0_1570,120,2,B7-core,3,right,2,85,positive,True,False
realcartest_0_1570,120,2,B7-core,3,right,3,86,negative,False,True
realcartest_0_1570,120,2,B7-core,4,right,1,11,negative,False,True
realcartest_0_1570,120,2,B7-core,5,left,1,93,negative,False,True
realcartest_0_1570,120,2,B7-core,5,right,1,103,negative,False,True
realcartest_0_1570,120,26,LATE-AQP-core,0,left,1,95,negative,False,True
realcartest_0_1570,120,26,LATE-AQP-core,0,right,1,127,negative,False,True
realcartest_0_1570,120,26,LATE-AQP-core,1,right,1,11,negative,False,True
realcartest_0_1570,120,26,LATE-AQP-core,2,left,1,68,negative,False,True
realcartest_0_1570,120,26,LATE-AQP-core,2,right,1,78,negative,False,True
realcartest_0_1570,120,26,LATE-AQP-core,3,left,1,143,negative,False,True
realcartest_0_1570,120,26,LATE-AQP-core,3,right,1,152,negative,False,True
realcartest_0_1570,120,26,LATE-AQP-core,4,left,1,49,negative,False,True
realcartest_0_1570,120,26,LATE-AQP-core,4,right,1,56,positive,True,False
realcartest_0_1570,120,26,LATE-AQP-core,4,right,2,57,positive,True,False
realcartest_0_1570,120,26,LATE-AQP-core,4,right,3,58,positive,True,False
realcartest_0_1570,120,26,LATE-AQP-core,5,left,1,56,positive,True,False
realcartest_0_1570,120,26,LATE-AQP-core,5,left,2,55,positive,True,False
realcartest_0_1570,120,26,LATE-AQP-core,5,left,3,54,negative,False,True
realcartest_0_1570,120,26,LATE-AQP-core,5,right,1,61,negative,False,True
realcartest_0_1570,120,26,LATE-AQP-core,6,left,1,24,negative,False,True
realcartest_0_1570,120,26,LATE-AQP-core,6,right,1,28,positive,True,False
realcartest_0_1570,120,26,LATE-AQP-core,6,right,2,29,negative,False,True
realcartest_0_1570,120,26,LATE-AQP-core,7,left,1,81,negative,False,True
realcartest_0_1570,120,26,LATE-AQP-core,7,right,1,85,positive,True,False
realcartest_0_1570,120,26,LATE-AQP-core,7,right,2,86,negative,False,True
realcartest_0_1570,120,26,LATE-AQP-core,8,left,1,90,negative,False,True
realcartest_0_1570,120,26,LATE-AQP-core,8,right,1,94,negative,False,True
realcartest_0_1570,120,3,B6-core,0,left,1,117,positive,True,False
realcartest_0_1570,120,3,B6-core,0,left,2,116,negative,False,True
realcartest_0_1570,120,3,B6-core,0,right,1,132,negative,False,True
realcartest_0_1570,120,3,B6-core,1,left,1,22,negative,False,True
realcartest_0_1570,120,3,B6-core,1,right,1,36,negative,False,True
realcartest_0_1570,120,3,B6-core,2,left,1,94,negative,False,True
realcartest_0_1570,120,3,B6-core,2,right,1,108,positive,True,False
realcartest_0_1570,120,3,B6-core,2,right,2,109,negative,False,True
realcartest_0_1570,120,3,B6-core,3,left,1,110,negative,False,True
realcartest_0_1570,120,3,B6-core,3,right,1,115,positive,True,False
realcartest_0_1570,120,3,B6-core,3,right,2,116,negative,False,True
realcartest_0_1570,120,3,B6-core,4,left,1,83,negative,False,True
realcartest_0_1570,120,3,B6-core,4,right,1,87,negative,False,True
realcartest_0_1570,120,3,B6-core,5,left,1,2,positive,True,False
realcartest_0_1570,120,3,B6-core,5,left,2,1,positive,True,False
realcartest_0_1570,120,3,B6-core,5,left,3,0,negative,False,True
realcartest_0_1570,120,3,B6-core,5,right,1,4,positive,True,False
realcartest_0_1570,120,3,B6-core,5,right,2,5,positive,True,False
realcartest_0_1570,120,3,B6-core,5,right,3,6,positive,True,False
realcartest_0_1570,120,3,B6-core,6,left,1,5,positive,True,False
realcartest_0_1570,120,3,B6-core,6,left,2,4,positive,True,False
realcartest_0_1570,120,3,B6-core,6,left,3,3,positive,True,False
realcartest_0_1570,120,3,B6-core,6,right,1,7,positive,True,False
realcartest_0_1570,120,3,B6-core,6,right,2,8,positive,True,False
realcartest_0_1570,120,3,B6-core,6,right,3,9,positive,True,False
realcartest_0_1570,120,3,B6-core,7,left,1,8,positive,True,False
realcartest_0_1570,120,3,B6-core,7,left,2,7,positive,True,False
realcartest_0_1570,120,3,B6-core,7,left,3,6,positive,True,False
realcartest_0_1570,120,3,B6-core,7,right,1,10,positive,True,False
realcartest_0_1570,120,3,B6-core,7,right,2,11,negative,False,True
realcartest_0_1570,120,3,B6-core,8,left,1,73,positive,True,False
realcartest_0_1570,120,3,B6-core,8,left,2,72,negative,False,True
realcartest_0_1570,120,3,B6-core,8,right,1,75,negative,False,True
realcartest_0_1570,120,3,B7-core,0,left,1,104,negative,False,True
realcartest_0_1570,120,3,B7-core,0,right,1,136,negative,False,True
realcartest_0_1570,120,3,B7-core,1,left,1,45,negative,False,True
realcartest_0_1570,120,3,B7-core,1,right,1,62,negative,False,True
realcartest_0_1570,120,3,B7-core,2,right,1,14,negative,False,True
realcartest_0_1570,120,3,B7-core,3,left,1,23,negative,False,True
realcartest_0_1570,120,3,B7-core,3,right,1,36,negative,False,True
realcartest_0_1570,120,3,B7-core,4,left,1,80,negative,False,True
realcartest_0_1570,120,3,B7-core,4,right,1,88,negative,False,True
realcartest_0_1570,120,16,LATE-AQP-core,0,left,1,95,negative,False,True
realcartest_0_1570,120,16,LATE-AQP-core,0,right,1,127,negative,False,True
realcartest_0_1570,120,16,LATE-AQP-core,1,left,1,35,negative,False,True
realcartest_0_1570,120,16,LATE-AQP-core,1,right,1,60,negative,False,True
realcartest_0_1570,120,16,LATE-AQP-core,2,right,1,11,negative,False,True
realcartest_0_1570,120,16,LATE-AQP-core,3,left,1,143,negative,False,True
realcartest_0_1570,120,16,LATE-AQP-core,3,right,1,153,negative,False,True
realcartest_0_1570,120,16,LATE-AQP-core,4,left,1,78,negative,False,True
realcartest_0_1570,120,16,LATE-AQP-core,4,right,1,85,positive,True,False
realcartest_0_1570,120,16,LATE-AQP-core,4,right,2,86,negative,False,True
realcartest_0_1570,120,16,LATE-AQP-core,5,left,1,14,negative,False,True
realcartest_0_1570,120,16,LATE-AQP-core,5,right,1,20,negative,False,True
realcartest_0_1570,120,16,LATE-AQP-core,6,left,1,72,negative,False,True
realcartest_0_1570,120,16,LATE-AQP-core,6,right,1,78,negative,False,True
realcartest_0_1570,120,16,LATE-AQP-core,7,left,1,67,negative,False,True
realcartest_0_1570,120,16,LATE-AQP-core,7,right,1,72,negative,False,True
realcartest_0_1570,120,4,B6-core,0,left,1,71,negative,False,True
realcartest_0_1570,120,4,B6-core,0,right,1,94,negative,False,True
realcartest_0_1570,120,4,B6-core,1,left,1,111,positive,True,False
realcartest_0_1570,120,4,B6-core,1,left,2,110,negative,False,True
realcartest_0_1570,120,4,B6-core,1,right,1,127,negative,False,True
realcartest_0_1570,120,4,B6-core,2,left,1,47,negative,False,True
realcartest_0_1570,120,4,B6-core,2,right,1,60,negative,False,True
realcartest_0_1570,120,4,B6-core,3,left,1,101,positive,True,False
realcartest_0_1570,120,4,B6-core,3,left,2,100,negative,False,True
realcartest_0_1570,120,4,B6-core,3,right,1,110,negative,False,True
realcartest_0_1570,120,4,B6-core,4,left,1,95,negative,False,True
realcartest_0_1570,120,4,B6-core,4,right,1,101,positive,True,False
realcartest_0_1570,120,4,B6-core,4,right,2,102,negative,False,True
realcartest_0_1570,120,4,B6-core,5,left,1,3,positive,True,False
realcartest_0_1570,120,4,B6-core,5,left,2,2,positive,True,False
realcartest_0_1570,120,4,B6-core,5,left,3,1,positive,True,False
realcartest_0_1570,120,4,B6-core,5,right,1,7,positive,True,False
realcartest_0_1570,120,4,B6-core,5,right,2,8,positive,True,False
realcartest_0_1570,120,4,B6-core,5,right,3,9,positive,True,False
realcartest_0_1570,120,4,B6-core,6,left,1,8,positive,True,False
realcartest_0_1570,120,4,B6-core,6,left,2,7,positive,True,False
realcartest_0_1570,120,4,B6-core,6,left,3,6,positive,True,False
realcartest_0_1570,120,4,B6-core,6,right,1,10,positive,True,False
realcartest_0_1570,120,4,B6-core,6,right,2,11,negative,False,True
realcartest_0_1570,120,4,B7-core,0,left,1,71,negative,False,True
realcartest_0_1570,120,4,B7-core,0,right,1,98,positive,True,False
realcartest_0_1570,120,4,B7-core,0,right,2,99,negative,False,True
realcartest_0_1570,120,4,B7-core,1,left,1,101,positive,True,False
realcartest_0_1570,120,4,B7-core,1,left,2,100,negative,False,True
realcartest_0_1570,120,4,B7-core,1,right,1,123,negative,False,True
realcartest_0_1570,120,4,B7-core,2,right,1,13,negative,False,True
realcartest_0_1570,120,4,B7-core,3,left,1,46,negative,False,True
realcartest_0_1570,120,4,B7-core,3,right,1,60,negative,False,True
realcartest_0_1570,120,4,B7-core,4,left,1,143,negative,False,True
realcartest_2000_3200,5,0,LATE-AQP-core,0,left,1,86,positive,True,False
realcartest_2000_3200,5,0,LATE-AQP-core,0,left,2,85,positive,True,False
realcartest_2000_3200,5,0,LATE-AQP-core,0,left,3,84,positive,True,False
realcartest_2000_3200,5,0,LATE-AQP-core,0,right,1,89,negative,False,True
realcartest_2000_3200,5,0,B7-core,0,left,1,80,negative,False,True
realcartest_2000_3200,5,0,B7-core,0,right,1,82,negative,False,True
realcartest_2000_3200,5,1,LATE-AQP-core,0,left,1,86,positive,True,False
realcartest_2000_3200,5,1,LATE-AQP-core,0,left,2,85,positive,True,False
realcartest_2000_3200,5,1,LATE-AQP-core,0,left,3,84,positive,True,False
realcartest_2000_3200,5,1,LATE-AQP-core,0,right,1,89,negative,False,True
realcartest_2000_3200,5,2,LATE-AQP-core,0,left,1,86,positive,True,False
realcartest_2000_3200,5,2,LATE-AQP-core,0,left,2,85,positive,True,False
realcartest_2000_3200,5,2,LATE-AQP-core,0,left,3,84,positive,True,False
realcartest_2000_3200,5,2,LATE-AQP-core,0,right,1,89,negative,False,True
realcartest_2000_3200,5,7,LATE-AQP-core,0,left,1,5,positive,True,False
realcartest_2000_3200,5,7,LATE-AQP-core,0,left,2,4,positive,True,False
realcartest_2000_3200,5,3,B6-core,0,left,1,76,positive,True,False
realcartest_2000_3200,5,3,B6-core,0,left,2,75,negative,False,True
realcartest_2000_3200,5,3,B6-core,0,right,1,78,negative,False,True
realcartest_2000_3200,5,3,B7-core,0,left,1,86,positive,True,False
realcartest_2000_3200,5,3,B7-core,0,left,2,85,positive,True,False
realcartest_2000_3200,5,3,B7-core,0,left,3,84,positive,True,False
realcartest_2000_3200,5,4,LATE-AQP-core,0,left,1,86,positive,True,False
realcartest_2000_3200,5,4,LATE-AQP-core,0,left,2,85,positive,True,False
realcartest_2000_3200,5,4,LATE-AQP-core,0,left,3,84,positive,True,False
realcartest_2000_3200,5,4,LATE-AQP-core,0,right,1,89,negative,False,True
realcartest_2000_3200,10,0,LATE-AQP-core,0,left,1,85,positive,True,False
realcartest_2000_3200,10,0,LATE-AQP-core,0,left,2,84,positive,True,False
realcartest_2000_3200,10,0,LATE-AQP-core,0,left,3,83,positive,True,False
realcartest_2000_3200,10,0,LATE-AQP-core,0,right,1,89,negative,False,True
realcartest_2000_3200,10,0,LATE-AQP-core,1,left,1,48,negative,False,True
realcartest_2000_3200,10,0,LATE-AQP-core,1,right,1,50,positive,True,False
realcartest_2000_3200,10,0,LATE-AQP-core,1,right,2,51,negative,False,True
realcartest_2000_3200,10,0,LATE-AQP-core,2,left,1,80,negative,False,True
realcartest_2000_3200,10,0,LATE-AQP-core,2,right,1,82,negative,False,True
realcartest_2000_3200,10,0,B7-core,0,left,1,80,negative,False,True
realcartest_2000_3200,10,0,B7-core,0,right,1,87,positive,True,False
realcartest_2000_3200,10,0,B7-core,0,right,2,88,positive,True,False
realcartest_2000_3200,10,0,B7-core,0,right,3,89,negative,False,True
realcartest_2000_3200,10,1,LATE-AQP-core,0,left,1,85,positive,True,False
realcartest_2000_3200,10,1,LATE-AQP-core,0,left,2,84,positive,True,False
realcartest_2000_3200,10,1,LATE-AQP-core,0,left,3,83,positive,True,False
realcartest_2000_3200,10,1,LATE-AQP-core,0,right,1,89,negative,False,True
realcartest_2000_3200,10,1,LATE-AQP-core,1,left,1,48,negative,False,True
realcartest_2000_3200,10,1,LATE-AQP-core,1,right,1,50,positive,True,False
realcartest_2000_3200,10,1,LATE-AQP-core,1,right,2,51,negative,False,True
realcartest_2000_3200,10,1,LATE-AQP-core,2,left,1,80,negative,False,True
realcartest_2000_3200,10,1,LATE-AQP-core,2,right,1,82,negative,False,True
realcartest_2000_3200,10,2,LATE-AQP-core,0,left,1,85,positive,True,False
realcartest_2000_3200,10,2,LATE-AQP-core,0,left,2,84,positive,True,False
realcartest_2000_3200,10,2,LATE-AQP-core,0,left,3,83,positive,True,False
realcartest_2000_3200,10,2,LATE-AQP-core,0,right,1,89,negative,False,True
realcartest_2000_3200,10,2,LATE-AQP-core,1,left,1,48,negative,False,True
realcartest_2000_3200,10,2,LATE-AQP-core,1,right,1,50,positive,True,False
realcartest_2000_3200,10,2,LATE-AQP-core,1,right,2,51,negative,False,True
realcartest_2000_3200,10,2,LATE-AQP-core,2,left,1,80,negative,False,True
realcartest_2000_3200,10,2,LATE-AQP-core,2,right,1,82,negative,False,True
realcartest_2000_3200,10,2,B7-core,0,left,1,3,positive,True,False
realcartest_2000_3200,10,2,B7-core,0,left,2,2,negative,False,True
realcartest_2000_3200,10,2,B7-core,0,right,1,7,positive,True,False
realcartest_2000_3200,10,2,B7-core,0,right,2,8,negative,False,True
realcartest_2000_3200,10,7,LATE-AQP-core,0,left,1,5,positive,True,False
realcartest_2000_3200,10,7,LATE-AQP-core,0,left,2,4,positive,True,False
realcartest_2000_3200,10,7,LATE-AQP-core,0,left,3,3,positive,True,False
realcartest_2000_3200,10,7,LATE-AQP-core,0,right,1,9,positive,True,False
realcartest_2000_3200,10,7,LATE-AQP-core,0,right,2,10,negative,False,True
realcartest_2000_3200,10,7,LATE-AQP-core,1,left,1,85,positive,True,False
realcartest_2000_3200,10,4,LATE-AQP-core,0,left,1,85,positive,True,False
realcartest_2000_3200,10,4,LATE-AQP-core,0,left,2,84,positive,True,False
realcartest_2000_3200,10,4,LATE-AQP-core,0,left,3,83,positive,True,False
realcartest_2000_3200,10,4,LATE-AQP-core,0,right,1,89,negative,False,True
realcartest_2000_3200,10,4,LATE-AQP-core,1,left,1,48,negative,False,True
realcartest_2000_3200,10,4,LATE-AQP-core,1,right,1,50,positive,True,False
realcartest_2000_3200,10,4,LATE-AQP-core,1,right,2,51,negative,False,True
realcartest_2000_3200,10,4,LATE-AQP-core,2,left,1,80,negative,False,True
realcartest_2000_3200,10,4,LATE-AQP-core,2,right,1,82,negative,False,True
realcartest_2000_3200,10,4,B6-core,0,left,1,4,positive,True,False
realcartest_2000_3200,10,4,B6-core,0,left,2,3,positive,True,False
realcartest_2000_3200,10,4,B6-core,0,left,3,2,negative,False,True
realcartest_2000_3200,10,4,B6-core,0,right,1,6,negative,False,True
realcartest_2000_3200,20,0,LATE-AQP-core,0,left,1,85,positive,True,False
realcartest_2000_3200,20,0,LATE-AQP-core,0,left,2,84,positive,True,False
realcartest_2000_3200,20,0,LATE-AQP-core,0,left,3,83,positive,True,False
realcartest_2000_3200,20,0,LATE-AQP-core,0,right,1,89,negative,False,True
realcartest_2000_3200,20,0,LATE-AQP-core,1,left,1,48,negative,False,True
realcartest_2000_3200,20,0,LATE-AQP-core,1,right,1,50,positive,True,False
realcartest_2000_3200,20,0,LATE-AQP-core,1,right,2,51,negative,False,True
realcartest_2000_3200,20,0,LATE-AQP-core,2,left,1,110,negative,False,True
realcartest_2000_3200,20,0,LATE-AQP-core,2,right,1,112,negative,False,True
realcartest_2000_3200,20,0,B6-core,0,left,1,69,negative,False,True
realcartest_2000_3200,20,0,B6-core,0,right,1,72,negative,False,True
realcartest_2000_3200,20,0,B6-core,1,left,1,85,positive,True,False
realcartest_2000_3200,20,0,B6-core,1,left,2,84,positive,True,False
realcartest_2000_3200,20,0,B6-core,1,left,3,83,positive,True,False
realcartest_2000_3200,20,0,B6-core,1,right,1,88,positive,True,False
realcartest_2000_3200,20,0,B6-core,1,right,2,89,negative,False,True
realcartest_2000_3200,20,0,B6-core,2,left,1,8,negative,False,True
realcartest_2000_3200,20,0,B6-core,2,right,1,10,negative,False,True
realcartest_2000_3200,20,0,B6-core,3,left,1,78,negative,False,True
realcartest_2000_3200,20,0,B6-core,3,right,1,80,negative,False,True
realcartest_2000_3200,20,0,B7-core,0,left,1,82,negative,False,True
realcartest_2000_3200,20,0,B7-core,0,right,1,89,negative,False,True
realcartest_2000_3200,20,1,LATE-AQP-core,0,left,1,84,positive,True,False
realcartest_2000_3200,20,1,LATE-AQP-core,0,left,2,83,positive,True,False
realcartest_2000_3200,20,1,LATE-AQP-core,0,left,3,82,negative,False,True
realcartest_2000_3200,20,1,LATE-AQP-core,0,right,1,89,negative,False,True
realcartest_2000_3200,20,1,B6-core,0,left,1,48,negative,False,True
realcartest_2000_3200,20,1,B6-core,0,right,1,51,negative,False,True
realcartest_2000_3200,20,1,B6-core,1,left,1,95,negative,False,True
realcartest_2000_3200,20,1,B6-core,1,right,1,97,negative,False,True
realcartest_2000_3200,20,1,B7-core,0,left,1,2,negative,False,True
realcartest_2000_3200,20,1,B7-core,0,right,1,8,negative,False,True
realcartest_2000_3200,20,1,B7-core,1,left,1,55,negative,False,True
realcartest_2000_3200,20,1,B7-core,1,right,1,60,negative,False,True
realcartest_2000_3200,20,2,LATE-AQP-core,0,left,1,85,positive,True,False
realcartest_2000_3200,20,2,LATE-AQP-core,0,left,2,84,positive,True,False
realcartest_2000_3200,20,2,LATE-AQP-core,0,left,3,83,positive,True,False
realcartest_2000_3200,20,2,LATE-AQP-core,0,right,1,89,negative,False,True
realcartest_2000_3200,20,2,B7-core,0,left,1,82,negative,False,True
realcartest_2000_3200,20,2,B7-core,0,right,1,89,negative,False,True
realcartest_2000_3200,20,2,B7-core,1,left,1,3,positive,True,False
realcartest_2000_3200,20,2,B7-core,1,left,2,2,negative,False,True
realcartest_2000_3200,20,2,B7-core,1,right,1,7,positive,True,False
realcartest_2000_3200,20,2,B7-core,1,right,2,8,negative,False,True
realcartest_2000_3200,20,3,LATE-AQP-core,0,left,1,85,positive,True,False
realcartest_2000_3200,20,3,LATE-AQP-core,0,left,2,84,positive,True,False
realcartest_2000_3200,20,3,LATE-AQP-core,0,left,3,83,positive,True,False
realcartest_2000_3200,20,3,LATE-AQP-core,0,right,1,89,negative,False,True
realcartest_2000_3200,20,3,B6-core,0,left,1,39,positive,True,False
realcartest_2000_3200,20,3,B6-core,0,left,2,38,positive,True,False
realcartest_2000_3200,20,3,B6-core,0,left,3,37,negative,False,True
realcartest_2000_3200,20,3,B6-core,0,right,1,41,negative,False,True
realcartest_2000_3200,20,3,B7-core,0,left,1,80,negative,False,True
realcartest_2000_3200,20,3,B7-core,0,right,1,88,positive,True,False
realcartest_2000_3200,20,3,B7-core,0,right,2,89,negative,False,True
realcartest_2000_3200,20,4,LATE-AQP-core,0,left,1,85,positive,True,False
realcartest_2000_3200,20,4,LATE-AQP-core,0,left,2,84,positive,True,False
realcartest_2000_3200,20,4,LATE-AQP-core,0,left,3,83,positive,True,False
realcartest_2000_3200,20,4,LATE-AQP-core,0,right,1,89,negative,False,True
realcartest_2000_3200,20,4,B7-core,0,left,1,80,negative,False,True
realcartest_2000_3200,20,4,B7-core,0,right,1,87,positive,True,False
realcartest_2000_3200,20,4,B7-core,0,right,2,88,positive,True,False
realcartest_2000_3200,20,4,B7-core,0,right,3,89,negative,False,True
realcartest_2000_3200,20,4,B7-core,1,left,1,2,negative,False,True
realcartest_2000_3200,20,4,B7-core,1,right,1,8,negative,False,True
realcartest_2000_3200,40,106,LATE-AQP-core,0,left,1,104,negative,False,True
realcartest_2000_3200,40,106,LATE-AQP-core,0,right,1,109,negative,False,True
realcartest_2000_3200,40,106,LATE-AQP-core,1,left,1,74,negative,False,True
realcartest_2000_3200,40,106,LATE-AQP-core,1,right,1,78,negative,False,True
realcartest_2000_3200,40,106,LATE-AQP-core,2,left,1,85,positive,True,False
realcartest_2000_3200,40,106,LATE-AQP-core,2,left,2,84,positive,True,False
realcartest_2000_3200,40,106,LATE-AQP-core,2,left,3,83,positive,True,False
realcartest_2000_3200,40,106,LATE-AQP-core,2,right,1,89,negative,False,True
realcartest_2000_3200,40,106,LATE-AQP-core,3,left,1,110,negative,False,True
realcartest_2000_3200,40,106,LATE-AQP-core,3,right,1,112,negative,False,True
realcartest_2000_3200,40,0,B6-core,0,left,1,8,negative,False,True
realcartest_2000_3200,40,0,B6-core,0,right,1,10,negative,False,True
realcartest_2000_3200,40,0,B6-core,1,left,1,24,negative,False,True
realcartest_2000_3200,40,0,B6-core,1,right,1,26,negative,False,True
realcartest_2000_3200,40,0,B7-core,0,left,1,71,positive,True,False
realcartest_2000_3200,40,0,B7-core,0,left,2,70,positive,True,False
realcartest_2000_3200,40,0,B7-core,0,left,3,69,negative,False,True
realcartest_2000_3200,40,0,B7-core,0,right,1,89,negative,False,True
realcartest_2000_3200,40,0,B7-core,1,left,1,104,negative,False,True
realcartest_2000_3200,40,0,B7-core,1,right,1,108,negative,False,True
realcartest_2000_3200,40,25,LATE-AQP-core,0,left,1,23,negative,False,True
realcartest_2000_3200,40,25,LATE-AQP-core,0,right,1,29,negative,False,True
realcartest_2000_3200,40,25,LATE-AQP-core,1,left,1,83,positive,True,False
realcartest_2000_3200,40,25,LATE-AQP-core,1,left,2,82,negative,False,True
realcartest_2000_3200,40,25,LATE-AQP-core,1,right,1,89,negative,False,True
realcartest_2000_3200,40,25,LATE-AQP-core,2,left,1,48,negative,False,True
realcartest_2000_3200,40,25,LATE-AQP-core,2,right,1,53,positive,True,False
realcartest_2000_3200,40,25,LATE-AQP-core,2,right,2,54,negative,False,True
realcartest_2000_3200,40,25,LATE-AQP-core,3,left,1,56,positive,True,False
realcartest_2000_3200,40,25,LATE-AQP-core,3,left,2,55,negative,False,True
realcartest_2000_3200,40,25,LATE-AQP-core,3,right,1,60,negative,False,True
realcartest_2000_3200,40,25,LATE-AQP-core,4,left,1,80,negative,False,True
realcartest_2000_3200,40,25,LATE-AQP-core,4,right,1,83,positive,True,False
realcartest_2000_3200,40,25,LATE-AQP-core,4,right,2,84,positive,True,False
realcartest_2000_3200,40,25,LATE-AQP-core,4,right,3,85,positive,True,False
realcartest_2000_3200,40,25,LATE-AQP-core,5,left,1,97,negative,False,True
realcartest_2000_3200,40,25,LATE-AQP-core,5,right,1,100,negative,False,True
realcartest_2000_3200,40,25,LATE-AQP-core,6,left,1,70,positive,True,False
realcartest_2000_3200,40,25,LATE-AQP-core,6,left,2,69,negative,False,True
realcartest_2000_3200,40,25,LATE-AQP-core,6,right,1,72,negative,False,True
realcartest_2000_3200,40,25,LATE-AQP-core,7,left,1,75,negative,False,True
realcartest_2000_3200,40,25,LATE-AQP-core,7,right,1,77,positive,True,False
realcartest_2000_3200,40,25,LATE-AQP-core,7,right,2,78,negative,False,True
realcartest_2000_3200,40,25,LATE-AQP-core,8,left,1,78,negative,False,True
realcartest_2000_3200,40,25,LATE-AQP-core,8,right,1,80,negative,False,True
realcartest_2000_3200,40,25,LATE-AQP-core,9,left,1,110,negative,False,True
realcartest_2000_3200,40,1,B6-core,0,left,1,35,negative,False,True
realcartest_2000_3200,40,1,B6-core,0,right,1,39,positive,True,False
realcartest_2000_3200,40,1,B6-core,0,right,2,40,positive,True,False
realcartest_2000_3200,40,1,B6-core,0,right,3,41,negative,False,True
realcartest_2000_3200,40,1,B6-core,1,left,1,69,negative,False,True
realcartest_2000_3200,40,1,B6-core,1,right,1,72,negative,False,True
realcartest_2000_3200,40,1,B6-core,2,left,1,2,negative,False,True
realcartest_2000_3200,40,1,B6-core,2,right,1,4,positive,True,False
realcartest_2000_3200,40,1,B6-core,2,right,2,5,positive,True,False
realcartest_2000_3200,40,1,B6-core,2,right,3,6,negative,False,True
realcartest_2000_3200,40,1,B7-core,0,left,1,75,negative,False,True
realcartest_2000_3200,40,1,B7-core,0,right,1,87,positive,True,False
realcartest_2000_3200,40,1,B7-core,0,right,2,88,positive,True,False
realcartest_2000_3200,40,1,B7-core,0,right,3,89,negative,False,True
realcartest_2000_3200,40,1,B7-core,1,left,1,95,negative,False,True
realcartest_2000_3200,40,1,B7-core,1,right,1,102,negative,False,True
realcartest_2000_3200,40,1,B7-core,2,left,1,31,negative,False,True
realcartest_2000_3200,40,1,B7-core,2,right,1,33,negative,False,True
realcartest_2000_3200,40,2,LATE-AQP-core,0,left,1,84,positive,True,False
realcartest_2000_3200,40,2,LATE-AQP-core,0,left,2,83,positive,True,False
realcartest_2000_3200,40,2,LATE-AQP-core,0,left,3,82,negative,False,True
realcartest_2000_3200,40,2,LATE-AQP-core,0,right,1,89,negative,False,True
realcartest_2000_3200,40,2,LATE-AQP-core,1,left,1,48,negative,False,True
realcartest_2000_3200,40,2,LATE-AQP-core,1,right,1,50,positive,True,False
realcartest_2000_3200,40,2,LATE-AQP-core,1,right,2,51,negative,False,True
realcartest_2000_3200,40,2,LATE-AQP-core,2,left,1,80,negative,False,True
realcartest_2000_3200,40,2,LATE-AQP-core,2,right,1,82,negative,False,True
realcartest_2000_3200,40,2,B6-core,0,left,1,30,negative,False,True
realcartest_2000_3200,40,2,B6-core,0,right,1,34,negative,False,True
realcartest_2000_3200,40,2,B6-core,1,left,1,39,positive,True,False
realcartest_2000_3200,40,2,B6-core,1,left,2,38,positive,True,False
realcartest_2000_3200,40,2,B6-core,1,left,3,37,negative,False,True
realcartest_2000_3200,40,2,B6-core,1,right,1,41,negative,False,True
realcartest_2000_3200,40,2,B6-core,2,left,1,49,positive,True,False
realcartest_2000_3200,40,2,B6-core,2,left,2,48,negative,False,True
realcartest_2000_3200,40,2,B6-core,2,right,1,51,negative,False,True
realcartest_2000_3200,40,2,B6-core,3,left,1,57,negative,False,True
realcartest_2000_3200,40,2,B6-core,3,right,1,59,negative,False,True
realcartest_2000_3200,40,2,B6-core,4,left,1,70,positive,True,False
realcartest_2000_3200,40,2,B6-core,4,left,2,69,negative,False,True
realcartest_2000_3200,40,2,B6-core,4,right,1,72,negative,False,True
realcartest_2000_3200,40,2,B7-core,0,left,1,101,negative,False,True
realcartest_2000_3200,40,2,B7-core,0,right,1,110,negative,False,True
realcartest_2000_3200,40,2,B7-core,1,left,1,0,negative,False,True
realcartest_2000_3200,40,2,B7-core,1,right,1,6,negative,False,True
realcartest_2000_3200,40,2,B7-core,2,left,1,95,negative,False,True
realcartest_2000_3200,40,2,B7-core,2,right,1,101,negative,False,True
realcartest_2000_3200,40,2,B7-core,3,left,1,110,negative,False,True
realcartest_2000_3200,40,2,B7-core,3,right,1,113,negative,False,True
realcartest_2000_3200,40,2,B7-core,4,left,1,31,negative,False,True
realcartest_2000_3200,40,2,B7-core,4,right,1,33,negative,False,True
realcartest_2000_3200,40,96,LATE-AQP-core,0,left,1,101,negative,False,True
realcartest_2000_3200,40,96,LATE-AQP-core,0,right,1,108,negative,False,True
realcartest_2000_3200,40,96,LATE-AQP-core,1,left,1,83,positive,True,False
realcartest_2000_3200,40,96,LATE-AQP-core,1,left,2,82,negative,False,True
realcartest_2000_3200,40,96,LATE-AQP-core,1,right,1,89,negative,False,True
realcartest_2000_3200,40,96,LATE-AQP-core,2,left,1,94,negative,False,True
realcartest_2000_3200,40,96,LATE-AQP-core,2,right,1,100,negative,False,True
realcartest_2000_3200,40,96,LATE-AQP-core,3,left,1,48,negative,False,True
realcartest_2000_3200,40,96,LATE-AQP-core,3,right,1,52,negative,False,True
realcartest_2000_3200,40,96,LATE-AQP-core,4,left,1,54,negative,False,True
realcartest_2000_3200,40,96,LATE-AQP-core,4,right,1,58,positive,True,False
realcartest_2000_3200,40,96,LATE-AQP-core,4,right,2,59,negative,False,True
realcartest_2000_3200,40,96,LATE-AQP-core,5,left,1,70,positive,True,False
realcartest_2000_3200,40,96,LATE-AQP-core,5,left,2,69,negative,False,True
realcartest_2000_3200,40,96,LATE-AQP-core,5,right,1,74,negative,False,True
realcartest_2000_3200,40,96,LATE-AQP-core,6,left,1,80,negative,False,True
realcartest_2000_3200,40,96,LATE-AQP-core,6,right,1,83,positive,True,False
realcartest_2000_3200,40,96,LATE-AQP-core,6,right,2,84,positive,True,False
realcartest_2000_3200,40,96,LATE-AQP-core,6,right,3,85,positive,True,False
realcartest_2000_3200,40,96,LATE-AQP-core,7,left,1,109,negative,False,True
realcartest_2000_3200,40,96,LATE-AQP-core,7,right,1,112,negative,False,True
realcartest_2000_3200,40,96,LATE-AQP-core,8,left,1,75,negative,False,True
realcartest_2000_3200,40,96,LATE-AQP-core,8,right,1,77,positive,True,False
realcartest_2000_3200,40,96,LATE-AQP-core,8,right,2,78,negative,False,True
realcartest_2000_3200,40,96,LATE-AQP-core,9,left,1,78,negative,False,True
realcartest_2000_3200,40,96,LATE-AQP-core,9,right,1,80,negative,False,True
realcartest_2000_3200,40,3,B6-core,0,left,1,2,negative,False,True
realcartest_2000_3200,40,3,B6-core,0,right,1,5,positive,True,False
realcartest_2000_3200,40,3,B6-core,0,right,2,6,negative,False,True
realcartest_2000_3200,40,3,B6-core,1,left,1,38,positive,True,False
realcartest_2000_3200,40,3,B6-core,1,left,2,37,negative,False,True
realcartest_2000_3200,40,3,B6-core,1,right,1,41,negative,False,True
realcartest_2000_3200,40,3,B6-core,2,left,1,86,positive,True,False
realcartest_2000_3200,40,3,B6-core,2,left,2,85,positive,True,False
realcartest_2000_3200,40,3,B6-core,2,left,3,84,positive,True,False
realcartest_2000_3200,40,3,B6-core,2,right,1,89,negative,False,True
realcartest_2000_3200,40,3,B6-core,3,left,1,83,positive,True,False
realcartest_2000_3200,40,3,B6-core,3,left,2,82,negative,False,True
realcartest_2000_3200,40,3,B6-core,3,right,1,85,positive,True,False
realcartest_2000_3200,40,3,B6-core,3,right,2,86,positive,True,False
realcartest_2000_3200,40,3,B6-core,3,right,3,87,positive,True,False
realcartest_2000_3200,40,3,B7-core,0,left,1,71,positive,True,False
realcartest_2000_3200,40,3,B7-core,0,left,2,70,positive,True,False
realcartest_2000_3200,40,3,B7-core,0,left,3,69,negative,False,True
realcartest_2000_3200,40,3,B7-core,0,right,1,87,positive,True,False
realcartest_2000_3200,40,3,B7-core,0,right,2,88,positive,True,False
realcartest_2000_3200,40,3,B7-core,0,right,3,89,negative,False,True
realcartest_2000_3200,40,3,B7-core,1,left,1,48,negative,False,True
realcartest_2000_3200,40,3,B7-core,1,right,1,57,negative,False,True
realcartest_2000_3200,40,4,LATE-AQP-core,0,left,1,84,positive,True,False
realcartest_2000_3200,40,4,LATE-AQP-core,0,left,2,83,positive,True,False
realcartest_2000_3200,40,4,LATE-AQP-core,0,left,3,82,negative,False,True
realcartest_2000_3200,40,4,LATE-AQP-core,0,right,1,89,negative,False,True
realcartest_2000_3200,40,4,LATE-AQP-core,1,left,1,48,negative,False,True
realcartest_2000_3200,40,4,LATE-AQP-core,1,right,1,50,positive,True,False
realcartest_2000_3200,40,4,LATE-AQP-core,1,right,2,51,negative,False,True
realcartest_2000_3200,40,4,LATE-AQP-core,2,left,1,80,negative,False,True
realcartest_2000_3200,40,4,LATE-AQP-core,2,right,1,82,negative,False,True
realcartest_2000_3200,40,4,B6-core,0,left,1,76,positive,True,False
realcartest_2000_3200,40,4,B6-core,0,left,2,75,negative,False,True
realcartest_2000_3200,40,4,B6-core,0,right,1,84,positive,True,False
realcartest_2000_3200,40,4,B6-core,0,right,2,85,positive,True,False
realcartest_2000_3200,40,4,B6-core,0,right,3,86,positive,True,False
realcartest_2000_3200,40,4,B6-core,1,left,1,37,negative,False,True
realcartest_2000_3200,40,4,B6-core,1,right,1,39,positive,True,False
realcartest_2000_3200,40,4,B6-core,1,right,2,40,positive,True,False
realcartest_2000_3200,40,4,B6-core,1,right,3,41,negative,False,True
realcartest_2000_3200,40,4,B7-core,0,left,1,74,negative,False,True
realcartest_2000_3200,40,4,B7-core,0,right,1,91,negative,False,True
realcartest_2000_3200,40,4,B7-core,1,left,1,0,negative,False,True
realcartest_2000_3200,40,4,B7-core,1,right,1,10,negative,False,True
realcartest_2000_3200,60,5,LATE-AQP-core,0,left,1,101,negative,False,True
realcartest_2000_3200,60,5,LATE-AQP-core,0,right,1,109,negative,False,True
realcartest_2000_3200,60,5,LATE-AQP-core,1,left,1,77,positive,True,False
realcartest_2000_3200,60,5,LATE-AQP-core,1,left,2,76,positive,True,False
realcartest_2000_3200,60,5,LATE-AQP-core,1,left,3,75,negative,False,True
realcartest_2000_3200,60,5,LATE-AQP-core,1,right,1,83,positive,True,False
realcartest_2000_3200,60,5,LATE-AQP-core,1,right,2,84,positive,True,False
realcartest_2000_3200,60,5,LATE-AQP-core,1,right,3,85,positive,True,False
realcartest_2000_3200,60,5,LATE-AQP-core,2,left,1,83,positive,True,False
realcartest_2000_3200,60,5,LATE-AQP-core,2,left,2,82,negative,False,True
realcartest_2000_3200,60,5,LATE-AQP-core,2,right,1,89,negative,False,True
realcartest_2000_3200,60,5,LATE-AQP-core,3,left,1,3,positive,True,False
realcartest_2000_3200,60,5,LATE-AQP-core,3,left,2,2,negative,False,True
realcartest_2000_3200,60,5,LATE-AQP-core,3,right,1,7,positive,True,False
realcartest_2000_3200,60,5,LATE-AQP-core,3,right,2,8,negative,False,True
realcartest_2000_3200,60,5,LATE-AQP-core,4,left,1,48,negative,False,True
realcartest_2000_3200,60,5,LATE-AQP-core,4,right,1,52,negative,False,True
realcartest_2000_3200,60,5,LATE-AQP-core,5,left,1,70,positive,True,False
realcartest_2000_3200,60,5,LATE-AQP-core,5,left,2,69,negative,False,True
realcartest_2000_3200,60,5,LATE-AQP-core,5,right,1,72,negative,False,True
realcartest_2000_3200,60,5,LATE-AQP-core,6,left,1,110,negative,False,True
realcartest_2000_3200,60,5,LATE-AQP-core,6,right,1,112,negative,False,True
realcartest_2000_3200,60,0,B6-core,0,left,1,4,positive,True,False
realcartest_2000_3200,60,0,B6-core,0,left,2,3,positive,True,False
realcartest_2000_3200,60,0,B6-core,0,left,3,2,negative,False,True
realcartest_2000_3200,60,0,B6-core,0,right,1,8,negative,False,True
realcartest_2000_3200,60,0,B6-core,1,left,1,75,negative,False,True
realcartest_2000_3200,60,0,B6-core,1,right,1,79,positive,True,False
realcartest_2000_3200,60,0,B6-core,1,right,2,80,negative,False,True
realcartest_2000_3200,60,0,B6-core,2,left,1,1,negative,False,True
realcartest_2000_3200,60,0,B6-core,2,right,1,4,positive,True,False
realcartest_2000_3200,60,0,B6-core,2,right,2,5,positive,True,False
realcartest_2000_3200,60,0,B6-core,2,right,3,6,negative,False,True
realcartest_2000_3200,60,0,B6-core,3,left,1,48,negative,False,True
realcartest_2000_3200,60,0,B6-core,3,right,1,51,negative,False,True
realcartest_2000_3200,60,0,B6-core,4,left,1,56,positive,True,False
realcartest_2000_3200,60,0,B6-core,4,left,2,55,negative,False,True
realcartest_2000_3200,60,0,B6-core,4,right,1,59,negative,False,True
realcartest_2000_3200,60,0,B6-core,5,left,1,69,negative,False,True
realcartest_2000_3200,60,0,B6-core,5,right,1,72,negative,False,True
realcartest_2000_3200,60,0,B6-core,6,left,1,52,negative,False,True
realcartest_2000_3200,60,0,B6-core,6,right,1,54,negative,False,True
realcartest_2000_3200,60,0,B7-core,0,left,1,69,negative,False,True
realcartest_2000_3200,60,0,B7-core,0,right,1,87,positive,True,False
realcartest_2000_3200,60,0,B7-core,0,right,2,88,positive,True,False
realcartest_2000_3200,60,0,B7-core,0,right,3,89,negative,False,True
realcartest_2000_3200,60,0,B7-core,1,left,1,47,negative,False,True
realcartest_2000_3200,60,0,B7-core,1,right,1,60,negative,False,True
realcartest_2000_3200,60,0,B7-core,2,left,1,2,negative,False,True
realcartest_2000_3200,60,0,B7-core,2,right,1,9,positive,True,False
realcartest_2000_3200,60,0,B7-core,2,right,2,10,negative,False,True
realcartest_2000_3200,60,0,B7-core,3,left,1,37,negative,False,True
realcartest_2000_3200,60,0,B7-core,3,right,1,41,negative,False,True
realcartest_2000_3200,60,58,LATE-AQP-core,0,left,1,80,negative,False,True
realcartest_2000_3200,60,58,LATE-AQP-core,0,right,1,89,negative,False,True
realcartest_2000_3200,60,58,LATE-AQP-core,1,left,1,54,negative,False,True
realcartest_2000_3200,60,58,LATE-AQP-core,1,right,1,60,negative,False,True
realcartest_2000_3200,60,58,LATE-AQP-core,2,left,1,47,negative,False,True
realcartest_2000_3200,60,58,LATE-AQP-core,2,right,1,52,negative,False,True
realcartest_2000_3200,60,58,LATE-AQP-core,3,left,1,109,negative,False,True
realcartest_2000_3200,60,58,LATE-AQP-core,3,right,1,112,negative,False,True
realcartest_2000_3200,60,58,LATE-AQP-core,4,left,1,70,positive,True,False
realcartest_2000_3200,60,58,LATE-AQP-core,4,left,2,69,negative,False,True
realcartest_2000_3200,60,58,LATE-AQP-core,4,right,1,72,negative,False,True
realcartest_2000_3200,60,58,LATE-AQP-core,5,left,1,78,negative,False,True
realcartest_2000_3200,60,58,LATE-AQP-core,5,right,1,80,negative,False,True
realcartest_2000_3200,60,1,B6-core,0,left,1,71,positive,True,False
realcartest_2000_3200,60,1,B6-core,0,left,2,70,positive,True,False
realcartest_2000_3200,60,1,B6-core,0,left,3,69,negative,False,True
realcartest_2000_3200,60,1,B6-core,0,right,1,84,positive,True,False
realcartest_2000_3200,60,1,B6-core,0,right,2,85,positive,True,False
realcartest_2000_3200,60,1,B6-core,0,right,3,86,positive,True,False
realcartest_2000_3200,60,1,B6-core,1,left,1,5,positive,True,False
realcartest_2000_3200,60,1,B6-core,1,left,2,4,positive,True,False
realcartest_2000_3200,60,1,B6-core,1,left,3,3,positive,True,False
realcartest_2000_3200,60,1,B6-core,1,right,1,10,negative,False,True
realcartest_2000_3200,60,1,B6-core,2,left,1,1,negative,False,True
realcartest_2000_3200,60,1,B6-core,2,right,1,5,positive,True,False
realcartest_2000_3200,60,1,B6-core,2,right,2,6,negative,False,True
realcartest_2000_3200,60,1,B6-core,3,left,1,104,negative,False,True
realcartest_2000_3200,60,1,B6-core,3,right,1,108,negative,False,True
realcartest_2000_3200,60,1,B6-core,4,left,1,48,negative,False,True
realcartest_2000_3200,60,1,B6-core,4,right,1,51,negative,False,True
realcartest_2000_3200,60,1,B7-core,0,left,1,68,negative,False,True
realcartest_2000_3200,60,1,B7-core,0,right,1,89,negative,False,True
realcartest_2000_3200,60,1,B7-core,1,left,1,1,negative,False,True
realcartest_2000_3200,60,1,B7-core,1,right,1,15,negative,False,True
realcartest_2000_3200,60,1,B7-core,2,left,1,47,negative,False,True
realcartest_2000_3200,60,1,B7-core,2,right,1,51,negative,False,True
realcartest_2000_3200,60,96,LATE-AQP-core,0,left,1,91,negative,False,True
realcartest_2000_3200,60,96,LATE-AQP-core,0,right,1,98,positive,True,False
realcartest_2000_3200,60,96,LATE-AQP-core,0,right,2,99,negative,False,True
realcartest_2000_3200,60,96,LATE-AQP-core,1,left,1,83,positive,True,False
realcartest_2000_3200,60,96,LATE-AQP-core,1,left,2,82,negative,False,True
realcartest_2000_3200,60,96,LATE-AQP-core,1,right,1,89,negative,False,True
realcartest_2000_3200,60,96,LATE-AQP-core,2,left,1,75,negative,False,True
realcartest_2000_3200,60,96,LATE-AQP-core,2,right,1,80,negative,False,True
realcartest_2000_3200,60,96,LATE-AQP-core,3,left,1,48,negative,False,True
realcartest_2000_3200,60,96,LATE-AQP-core,3,right,1,52,negative,False,True
realcartest_2000_3200,60,96,LATE-AQP-core,4,left,1,68,negative,False,True
realcartest_2000_3200,60,96,LATE-AQP-core,4,right,1,72,negative,False,True
realcartest_2000_3200,60,96,LATE-AQP-core,5,left,1,80,negative,False,True
realcartest_2000_3200,60,96,LATE-AQP-core,5,right,1,83,positive,True,False
realcartest_2000_3200,60,96,LATE-AQP-core,5,right,2,84,positive,True,False
realcartest_2000_3200,60,96,LATE-AQP-core,5,right,3,85,positive,True,False
realcartest_2000_3200,60,96,LATE-AQP-core,6,left,1,110,negative,False,True
realcartest_2000_3200,60,96,LATE-AQP-core,6,right,1,112,negative,False,True
realcartest_2000_3200,60,2,B6-core,0,left,1,46,negative,False,True
realcartest_2000_3200,60,2,B6-core,0,right,1,66,negative,False,True
realcartest_2000_3200,60,2,B6-core,1,left,1,0,negative,False,True
realcartest_2000_3200,60,2,B6-core,1,right,1,5,positive,True,False
realcartest_2000_3200,60,2,B6-core,1,right,2,6,negative,False,True
realcartest_2000_3200,60,2,B6-core,2,left,1,68,negative,False,True
realcartest_2000_3200,60,2,B6-core,2,right,1,71,positive,True,False
realcartest_2000_3200,60,2,B6-core,2,right,2,72,negative,False,True
realcartest_2000_3200,60,2,B7-core,0,left,1,1,negative,False,True
realcartest_2000_3200,60,2,B7-core,0,right,1,14,negative,False,True
realcartest_2000_3200,60,2,B7-core,1,left,1,71,positive,True,False
realcartest_2000_3200,60,2,B7-core,1,left,2,70,positive,True,False
realcartest_2000_3200,60,2,B7-core,1,left,3,69,negative,False,True
realcartest_2000_3200,60,2,B7-core,1,right,1,81,positive,True,False
realcartest_2000_3200,60,2,B7-core,1,right,2,82,negative,False,True
realcartest_2000_3200,60,2,B7-core,2,left,1,81,positive,True,False
realcartest_2000_3200,60,2,B7-core,2,left,2,80,negative,False,True
realcartest_2000_3200,60,2,B7-core,2,right,1,89,negative,False,True
realcartest_2000_3200,60,3,LATE-AQP-core,0,left,1,83,positive,True,False
realcartest_2000_3200,60,3,LATE-AQP-core,0,left,2,82,negative,False,True
realcartest_2000_3200,60,3,LATE-AQP-core,0,right,1,89,negative,False,True
realcartest_2000_3200,60,3,LATE-AQP-core,1,left,1,48,negative,False,True
realcartest_2000_3200,60,3,LATE-AQP-core,1,right,1,52,negative,False,True
realcartest_2000_3200,60,3,LATE-AQP-core,2,left,1,80,negative,False,True
realcartest_2000_3200,60,3,LATE-AQP-core,2,right,1,83,positive,True,False
realcartest_2000_3200,60,3,LATE-AQP-core,2,right,2,84,positive,True,False
realcartest_2000_3200,60,3,LATE-AQP-core,2,right,3,85,positive,True,False
realcartest_2000_3200,60,3,LATE-AQP-core,3,left,1,70,positive,True,False
realcartest_2000_3200,60,3,LATE-AQP-core,3,left,2,69,negative,False,True
realcartest_2000_3200,60,3,LATE-AQP-core,3,right,1,72,negative,False,True
realcartest_2000_3200,60,3,LATE-AQP-core,4,left,1,75,negative,False,True
realcartest_2000_3200,60,3,LATE-AQP-core,4,right,1,77,positive,True,False
realcartest_2000_3200,60,3,LATE-AQP-core,4,right,2,78,negative,False,True
realcartest_2000_3200,60,3,LATE-AQP-core,5,left,1,78,negative,False,True
realcartest_2000_3200,60,3,LATE-AQP-core,5,right,1,80,negative,False,True
realcartest_2000_3200,60,3,LATE-AQP-core,6,left,1,110,negative,False,True
realcartest_2000_3200,60,3,LATE-AQP-core,6,right,1,112,negative,False,True
realcartest_2000_3200,60,3,B6-core,0,left,1,6,negative,False,True
realcartest_2000_3200,60,3,B6-core,0,right,1,10,negative,False,True
realcartest_2000_3200,60,3,B6-core,1,left,1,1,negative,False,True
realcartest_2000_3200,60,3,B6-core,1,right,1,4,positive,True,False
realcartest_2000_3200,60,3,B6-core,1,right,2,5,positive,True,False
realcartest_2000_3200,60,3,B6-core,1,right,3,6,negative,False,True
realcartest_2000_3200,60,3,B6-core,2,left,1,31,negative,False,True
realcartest_2000_3200,60,3,B6-core,2,right,1,34,negative,False,True
realcartest_2000_3200,60,3,B6-core,3,left,1,76,positive,True,False
realcartest_2000_3200,60,3,B6-core,3,left,2,75,negative,False,True
realcartest_2000_3200,60,3,B6-core,3,right,1,79,positive,True,False
realcartest_2000_3200,60,3,B6-core,3,right,2,80,negative,False,True
realcartest_2000_3200,60,3,B6-core,4,left,1,4,positive,True,False
realcartest_2000_3200,60,3,B6-core,4,left,2,3,positive,True,False
realcartest_2000_3200,60,3,B6-core,4,left,3,2,negative,False,True
realcartest_2000_3200,60,3,B6-core,4,right,1,6,negative,False,True
realcartest_2000_3200,60,3,B7-core,0,left,1,71,positive,True,False
realcartest_2000_3200,60,3,B7-core,0,left,2,70,positive,True,False
realcartest_2000_3200,60,3,B7-core,0,left,3,69,negative,False,True
realcartest_2000_3200,60,3,B7-core,0,right,1,89,negative,False,True
realcartest_2000_3200,60,3,B7-core,1,right,1,12,positive,True,False
realcartest_2000_3200,60,3,B7-core,1,right,2,13,negative,False,True
realcartest_2000_3200,60,3,B7-core,2,left,1,47,negative,False,True
realcartest_2000_3200,60,3,B7-core,2,right,1,60,negative,False,True
realcartest_2000_3200,60,4,LATE-AQP-core,0,left,1,83,positive,True,False
realcartest_2000_3200,60,4,LATE-AQP-core,0,left,2,82,negative,False,True
realcartest_2000_3200,60,4,LATE-AQP-core,0,right,1,89,negative,False,True
realcartest_2000_3200,60,4,LATE-AQP-core,1,left,1,48,negative,False,True
realcartest_2000_3200,60,4,LATE-AQP-core,1,right,1,52,negative,False,True
realcartest_2000_3200,60,4,LATE-AQP-core,2,left,1,80,negative,False,True
realcartest_2000_3200,60,4,LATE-AQP-core,2,right,1,83,positive,True,False
realcartest_2000_3200,60,4,LATE-AQP-core,2,right,2,84,positive,True,False
realcartest_2000_3200,60,4,LATE-AQP-core,2,right,3,85,positive,True,False
realcartest_2000_3200,60,4,LATE-AQP-core,3,left,1,109,negative,False,True
realcartest_2000_3200,60,4,LATE-AQP-core,3,right,1,112,negative,False,True
realcartest_2000_3200,60,4,LATE-AQP-core,4,left,1,70,positive,True,False
realcartest_2000_3200,60,4,LATE-AQP-core,4,left,2,69,negative,False,True
realcartest_2000_3200,60,4,LATE-AQP-core,4,right,1,72,negative,False,True
realcartest_2000_3200,60,4,LATE-AQP-core,5,left,1,75,negative,False,True
realcartest_2000_3200,60,4,LATE-AQP-core,5,right,1,77,positive,True,False
realcartest_2000_3200,60,4,LATE-AQP-core,5,right,2,78,negative,False,True
realcartest_2000_3200,60,4,LATE-AQP-core,6,left,1,78,negative,False,True
realcartest_2000_3200,60,4,LATE-AQP-core,6,right,1,80,negative,False,True
realcartest_2000_3200,60,4,B6-core,0,left,1,77,positive,True,False
realcartest_2000_3200,60,4,B6-core,0,left,2,76,positive,True,False
realcartest_2000_3200,60,4,B6-core,0,left,3,75,negative,False,True
realcartest_2000_3200,60,4,B6-core,0,right,1,83,positive,True,False
realcartest_2000_3200,60,4,B6-core,0,right,2,84,positive,True,False
realcartest_2000_3200,60,4,B6-core,0,right,3,85,positive,True,False
realcartest_2000_3200,60,4,B6-core,1,left,1,24,negative,False,True
realcartest_2000_3200,60,4,B6-core,1,right,1,28,negative,False,True
realcartest_2000_3200,60,4,B6-core,2,left,1,10,negative,False,True
realcartest_2000_3200,60,4,B6-core,2,right,1,13,negative,False,True
realcartest_2000_3200,60,4,B6-core,3,left,1,75,negative,False,True
realcartest_2000_3200,60,4,B6-core,3,right,1,77,positive,True,False
realcartest_2000_3200,60,4,B6-core,3,right,2,78,negative,False,True
realcartest_2000_3200,60,4,B6-core,4,left,1,84,positive,True,False
realcartest_2000_3200,60,4,B6-core,4,left,2,83,positive,True,False
realcartest_2000_3200,60,4,B6-core,4,left,3,82,negative,False,True
realcartest_2000_3200,60,4,B6-core,4,right,1,86,positive,True,False
realcartest_2000_3200,60,4,B6-core,4,right,2,87,positive,True,False
realcartest_2000_3200,60,4,B6-core,4,right,3,88,positive,True,False
realcartest_2000_3200,60,4,B6-core,5,left,1,87,positive,True,False
realcartest_2000_3200,60,4,B6-core,5,left,2,86,positive,True,False
realcartest_2000_3200,60,4,B6-core,5,left,3,85,positive,True,False
realcartest_2000_3200,60,4,B6-core,5,right,1,89,negative,False,True
realcartest_2000_3200,60,4,B7-core,0,left,1,71,positive,True,False
realcartest_2000_3200,60,4,B7-core,0,left,2,70,positive,True,False
realcartest_2000_3200,60,4,B7-core,0,left,3,69,negative,False,True
realcartest_2000_3200,60,4,B7-core,0,right,1,89,negative,False,True
realcartest_2000_3200,60,4,B7-core,1,left,1,0,negative,False,True
realcartest_2000_3200,60,4,B7-core,1,right,1,13,negative,False,True
realcartest_2000_3200,60,4,B7-core,2,left,1,54,negative,False,True
realcartest_2000_3200,60,4,B7-core,2,right,1,60,negative,False,True
realcartest_2000_3200,60,4,B7-core,3,left,1,48,negative,False,True
realcartest_2000_3200,60,4,B7-core,3,right,1,52,negative,False,True
realcartest_2000_3200,80,83,LATE-AQP-core,0,left,1,78,negative,False,True
realcartest_2000_3200,80,83,LATE-AQP-core,0,right,1,89,negative,False,True
realcartest_2000_3200,80,83,LATE-AQP-core,1,left,1,101,negative,False,True
realcartest_2000_3200,80,83,LATE-AQP-core,1,right,1,109,negative,False,True
realcartest_2000_3200,80,83,LATE-AQP-core,2,left,1,67,negative,False,True
realcartest_2000_3200,80,83,LATE-AQP-core,2,right,1,72,negative,False,True
realcartest_2000_3200,80,83,LATE-AQP-core,3,left,1,3,positive,True,False
realcartest_2000_3200,80,83,LATE-AQP-core,3,left,2,2,negative,False,True
realcartest_2000_3200,80,83,LATE-AQP-core,3,right,1,7,positive,True,False
realcartest_2000_3200,80,83,LATE-AQP-core,3,right,2,8,negative,False,True
realcartest_2000_3200,80,83,LATE-AQP-core,4,left,1,48,negative,False,True
realcartest_2000_3200,80,83,LATE-AQP-core,4,right,1,52,negative,False,True
realcartest_2000_3200,80,83,LATE-AQP-core,5,left,1,54,negative,False,True
realcartest_2000_3200,80,83,LATE-AQP-core,5,right,1,58,positive,True,False
realcartest_2000_3200,80,83,LATE-AQP-core,5,right,2,59,negative,False,True
realcartest_2000_3200,80,83,LATE-AQP-core,6,left,1,97,negative,False,True
realcartest_2000_3200,80,83,LATE-AQP-core,6,right,1,100,negative,False,True
realcartest_2000_3200,80,83,LATE-AQP-core,7,left,1,11,negative,False,True
realcartest_2000_3200,80,83,LATE-AQP-core,7,right,1,13,negative,False,True
realcartest_2000_3200,80,83,LATE-AQP-core,8,left,1,75,negative,False,True
realcartest_2000_3200,80,83,LATE-AQP-core,8,right,1,77,positive,True,False
realcartest_2000_3200,80,83,LATE-AQP-core,8,right,2,78,negative,False,True
realcartest_2000_3200,80,83,LATE-AQP-core,9,left,1,110,negative,False,True
realcartest_2000_3200,80,83,LATE-AQP-core,9,right,1,112,negative,False,True
realcartest_2000_3200,80,0,B6-core,0,left,1,67,negative,False,True
realcartest_2000_3200,80,0,B6-core,0,right,1,84,positive,True,False
realcartest_2000_3200,80,0,B6-core,0,right,2,85,positive,True,False
realcartest_2000_3200,80,0,B6-core,0,right,3,86,positive,True,False
realcartest_2000_3200,80,0,B6-core,1,right,1,12,positive,True,False
realcartest_2000_3200,80,0,B6-core,1,right,2,13,negative,False,True
realcartest_2000_3200,80,0,B6-core,2,left,1,86,positive,True,False
realcartest_2000_3200,80,0,B6-core,2,left,2,85,positive,True,False
realcartest_2000_3200,80,0,B6-core,2,left,3,84,positive,True,False
realcartest_2000_3200,80,0,B6-core,2,right,1,90,negative,False,True
realcartest_2000_3200,80,0,B6-core,3,left,1,37,negative,False,True
realcartest_2000_3200,80,0,B6-core,3,right,1,39,positive,True,False
realcartest_2000_3200,80,0,B6-core,3,right,2,40,positive,True,False
realcartest_2000_3200,80,0,B6-core,3,right,3,41,negative,False,True
realcartest_2000_3200,80,0,B6-core,4,left,1,39,positive,True,False
realcartest_2000_3200,80,0,B6-core,4,left,2,38,positive,True,False
realcartest_2000_3200,80,0,B6-core,4,left,3,37,negative,False,True
realcartest_2000_3200,80,0,B6-core,4,right,1,41,negative,False,True
realcartest_2000_3200,80,0,B7-core,0,left,1,68,negative,False,True
realcartest_2000_3200,80,0,B7-core,0,right,1,90,negative,False,True
realcartest_2000_3200,80,0,B7-core,1,left,1,93,negative,False,True
realcartest_2000_3200,80,0,B7-core,1,right,1,107,negative,False,True
realcartest_2000_3200,80,0,B7-core,2,left,1,47,negative,False,True
realcartest_2000_3200,80,0,B7-core,2,right,1,60,negative,False,True
realcartest_2000_3200,80,0,B7-core,3,left,1,36,negative,False,True
realcartest_2000_3200,80,0,B7-core,3,right,1,42,negative,False,True
realcartest_2000_3200,80,53,LATE-AQP-core,0,left,1,48,negative,False,True
realcartest_2000_3200,80,53,LATE-AQP-core,0,right,1,60,negative,False,True
realcartest_2000_3200,80,53,LATE-AQP-core,1,left,1,78,negative,False,True
realcartest_2000_3200,80,53,LATE-AQP-core,1,right,1,89,negative,False,True
realcartest_2000_3200,80,53,LATE-AQP-core,2,left,1,101,negative,False,True
realcartest_2000_3200,80,53,LATE-AQP-core,2,right,1,108,negative,False,True
realcartest_2000_3200,80,53,LATE-AQP-core,3,left,1,74,negative,False,True
realcartest_2000_3200,80,53,LATE-AQP-core,3,right,1,78,negative,False,True
realcartest_2000_3200,80,53,LATE-AQP-core,4,left,1,109,negative,False,True
realcartest_2000_3200,80,53,LATE-AQP-core,4,right,1,113,negative,False,True
realcartest_2000_3200,80,53,LATE-AQP-core,5,left,1,69,negative,False,True
realcartest_2000_3200,80,53,LATE-AQP-core,5,right,1,72,negative,False,True
realcartest_2000_3200,80,53,LATE-AQP-core,6,left,1,97,negative,False,True
realcartest_2000_3200,80,53,LATE-AQP-core,6,right,1,100,negative,False,True
realcartest_2000_3200,80,53,LATE-AQP-core,7,left,1,4,positive,True,False
realcartest_2000_3200,80,53,LATE-AQP-core,7,left,2,3,positive,True,False
realcartest_2000_3200,80,53,LATE-AQP-core,7,left,3,2,negative,False,True
realcartest_2000_3200,80,53,LATE-AQP-core,7,right,1,6,negative,False,True
realcartest_2000_3200,80,53,LATE-AQP-core,8,left,1,11,negative,False,True
realcartest_2000_3200,80,53,LATE-AQP-core,8,right,1,13,negative,False,True
realcartest_2000_3200,80,53,LATE-AQP-core,9,left,1,38,positive,True,False
realcartest_2000_3200,80,53,LATE-AQP-core,9,left,2,37,negative,False,True
realcartest_2000_3200,80,53,LATE-AQP-core,9,right,1,40,positive,True,False
realcartest_2000_3200,80,53,LATE-AQP-core,9,right,2,41,negative,False,True
realcartest_2000_3200,80,1,B6-core,0,left,1,94,negative,False,True
realcartest_2000_3200,80,1,B6-core,0,right,1,109,negative,False,True
realcartest_2000_3200,80,1,B6-core,1,left,1,71,positive,True,False
realcartest_2000_3200,80,1,B6-core,1,left,2,70,positive,True,False
realcartest_2000_3200,80,1,B6-core,1,left,3,69,negative,False,True
realcartest_2000_3200,80,1,B6-core,1,right,1,84,positive,True,False
realcartest_2000_3200,80,1,B6-core,1,right,2,85,positive,True,False
realcartest_2000_3200,80,1,B6-core,1,right,3,86,positive,True,False
realcartest_2000_3200,80,1,B6-core,2,left,1,46,negative,False,True
realcartest_2000_3200,80,1,B6-core,2,right,1,53,positive,True,False
realcartest_2000_3200,80,1,B6-core,2,right,2,54,negative,False,True
realcartest_2000_3200,80,1,B6-core,3,left,1,109,negative,False,True
realcartest_2000_3200,80,1,B6-core,3,right,1,115,negative,False,True
realcartest_2000_3200,80,1,B6-core,4,left,1,53,positive,True,False
realcartest_2000_3200,80,1,B6-core,4,left,2,52,negative,False,True
realcartest_2000_3200,80,1,B6-core,4,right,1,57,negative,False,True
realcartest_2000_3200,80,1,B7-core,0,right,1,18,negative,False,True
realcartest_2000_3200,80,1,B7-core,1,left,1,71,positive,True,False
realcartest_2000_3200,80,1,B7-core,1,left,2,70,positive,True,False
realcartest_2000_3200,80,1,B7-core,1,left,3,69,negative,False,True
realcartest_2000_3200,80,1,B7-core,1,right,1,87,positive,True,False
realcartest_2000_3200,80,1,B7-core,1,right,2,88,positive,True,False
realcartest_2000_3200,80,1,B7-core,1,right,3,89,negative,False,True
realcartest_2000_3200,80,1,B7-core,2,left,1,47,negative,False,True
realcartest_2000_3200,80,1,B7-core,2,right,1,60,negative,False,True
realcartest_2000_3200,80,1,B7-core,3,left,1,35,negative,False,True
realcartest_2000_3200,80,1,B7-core,3,right,1,41,negative,False,True
realcartest_2000_3200,80,1,B7-core,4,left,1,109,negative,False,True
realcartest_2000_3200,80,1,B7-core,4,right,1,113,negative,False,True
realcartest_2000_3200,80,96,LATE-AQP-core,0,left,1,75,negative,False,True
realcartest_2000_3200,80,96,LATE-AQP-core,0,right,1,83,positive,True,False
realcartest_2000_3200,80,96,LATE-AQP-core,0,right,2,84,positive,True,False
realcartest_2000_3200,80,96,LATE-AQP-core,0,right,3,85,positive,True,False
realcartest_2000_3200,80,96,LATE-AQP-core,1,left,1,101,negative,False,True
realcartest_2000_3200,80,96,LATE-AQP-core,1,right,1,108,negative,False,True
realcartest_2000_3200,80,96,LATE-AQP-core,2,left,1,83,positive,True,False
realcartest_2000_3200,80,96,LATE-AQP-core,2,left,2,82,negative,False,True
realcartest_2000_3200,80,96,LATE-AQP-core,2,right,1,89,negative,False,True
realcartest_2000_3200,80,96,LATE-AQP-core,3,left,1,94,negative,False,True
realcartest_2000_3200,80,96,LATE-AQP-core,3,right,1,100,negative,False,True
realcartest_2000_3200,80,96,LATE-AQP-core,4,left,1,48,negative,False,True
realcartest_2000_3200,80,96,LATE-AQP-core,4,right,1,53,positive,True,False
realcartest_2000_3200,80,96,LATE-AQP-core,4,right,2,54,negative,False,True
realcartest_2000_3200,80,96,LATE-AQP-core,5,left,1,53,positive,True,False
realcartest_2000_3200,80,96,LATE-AQP-core,5,left,2,52,negative,False,True
realcartest_2000_3200,80,96,LATE-AQP-core,5,right,1,57,negative,False,True
realcartest_2000_3200,80,96,LATE-AQP-core,6,left,1,69,negative,False,True
realcartest_2000_3200,80,96,LATE-AQP-core,6,right,1,72,negative,False,True
realcartest_2000_3200,80,96,LATE-AQP-core,7,left,1,110,negative,False,True
realcartest_2000_3200,80,96,LATE-AQP-core,7,right,1,112,negative,False,True
realcartest_2000_3200,80,2,B6-core,0,left,1,11,negative,False,True
realcartest_2000_3200,80,2,B6-core,0,right,1,25,positive,True,False
realcartest_2000_3200,80,2,B6-core,0,right,2,26,negative,False,True
realcartest_2000_3200,80,2,B6-core,1,left,1,46,negative,False,True
realcartest_2000_3200,80,2,B6-core,1,right,1,60,negative,False,True
realcartest_2000_3200,80,2,B6-core,2,left,1,4,positive,True,False
realcartest_2000_3200,80,2,B6-core,2,left,2,3,positive,True,False
realcartest_2000_3200,80,2,B6-core,2,left,3,2,negative,False,True
realcartest_2000_3200,80,2,B6-core,2,right,1,7,positive,True,False
realcartest_2000_3200,80,2,B6-core,2,right,2,8,negative,False,True
realcartest_2000_3200,80,2,B6-core,3,left,1,30,negative,False,True
realcartest_2000_3200,80,2,B6-core,3,right,1,33,negative,False,True
realcartest_2000_3200,80,2,B6-core,4,left,1,85,positive,True,False
realcartest_2000_3200,80,2,B6-core,4,left,2,84,positive,True,False
realcartest_2000_3200,80,2,B6-core,4,left,3,83,positive,True,False
realcartest_2000_3200,80,2,B6-core,4,right,1,88,positive,True,False
realcartest_2000_3200,80,2,B6-core,4,right,2,89,negative,False,True
realcartest_2000_3200,80,2,B6-core,5,left,1,69,negative,False,True
realcartest_2000_3200,80,2,B6-core,5,right,1,71,positive,True,False
realcartest_2000_3200,80,2,B6-core,5,right,2,72,negative,False,True
realcartest_2000_3200,80,2,B7-core,0,left,1,67,negative,False,True
realcartest_2000_3200,80,2,B7-core,0,right,1,89,negative,False,True
realcartest_2000_3200,80,2,B7-core,1,left,1,47,negative,False,True
realcartest_2000_3200,80,2,B7-core,1,right,1,62,negative,False,True
realcartest_2000_3200,80,2,B7-core,2,right,1,13,negative,False,True
realcartest_2000_3200,80,3,LATE-AQP-core,0,left,1,75,negative,False,True
realcartest_2000_3200,80,3,LATE-AQP-core,0,right,1,89,negative,False,True
realcartest_2000_3200,80,3,LATE-AQP-core,1,left,1,101,negative,False,True
realcartest_2000_3200,80,3,LATE-AQP-core,1,right,1,109,negative,False,True
realcartest_2000_3200,80,3,LATE-AQP-core,2,left,1,69,negative,False,True
realcartest_2000_3200,80,3,LATE-AQP-core,2,right,1,74,negative,False,True
realcartest_2000_3200,80,3,LATE-AQP-core,3,left,1,9,positive,True,False
realcartest_2000_3200,80,3,LATE-AQP-core,3,left,2,8,negative,False,True
realcartest_2000_3200,80,3,LATE-AQP-core,3,right,1,13,negative,False,True
realcartest_2000_3200,80,3,LATE-AQP-core,4,left,1,48,negative,False,True
realcartest_2000_3200,80,3,LATE-AQP-core,4,right,1,52,negative,False,True
realcartest_2000_3200,80,3,LATE-AQP-core,5,left,1,54,negative,False,True
realcartest_2000_3200,80,3,LATE-AQP-core,5,right,1,57,negative,False,True
realcartest_2000_3200,80,3,LATE-AQP-core,6,left,1,97,negative,False,True
realcartest_2000_3200,80,3,LATE-AQP-core,6,right,1,100,negative,False,True
realcartest_2000_3200,80,3,LATE-AQP-core,7,left,1,110,negative,False,True
realcartest_2000_3200,80,3,LATE-AQP-core,7,right,1,113,negative,False,True
realcartest_2000_3200,80,3,LATE-AQP-core,8,left,1,4,positive,True,False
realcartest_2000_3200,80,3,LATE-AQP-core,8,left,2,3,positive,True,False
realcartest_2000_3200,80,3,LATE-AQP-core,8,left,3,2,negative,False,True
realcartest_2000_3200,80,3,LATE-AQP-core,8,right,1,6,negative,False,True
realcartest_2000_3200,80,3,LATE-AQP-core,9,left,1,38,positive,True,False
realcartest_2000_3200,80,3,LATE-AQP-core,9,left,2,37,negative,False,True
realcartest_2000_3200,80,3,LATE-AQP-core,9,right,1,40,positive,True,False
realcartest_2000_3200,80,3,LATE-AQP-core,9,right,2,41,negative,False,True
realcartest_2000_3200,80,3,B6-core,0,right,1,12,positive,True,False
realcartest_2000_3200,80,3,B6-core,0,right,2,13,negative,False,True
realcartest_2000_3200,80,3,B6-core,1,left,1,71,positive,True,False
realcartest_2000_3200,80,3,B6-core,1,left,2,70,positive,True,False
realcartest_2000_3200,80,3,B6-core,1,left,3,69,negative,False,True
realcartest_2000_3200,80,3,B6-core,1,right,1,84,positive,True,False
realcartest_2000_3200,80,3,B6-core,1,right,2,85,positive,True,False
realcartest_2000_3200,80,3,B6-core,1,right,3,86,positive,True,False
realcartest_2000_3200,80,3,B6-core,2,left,1,87,positive,True,False
realcartest_2000_3200,80,3,B6-core,2,left,2,86,positive,True,False
realcartest_2000_3200,80,3,B6-core,2,left,3,85,positive,True,False
realcartest_2000_3200,80,3,B6-core,2,right,1,93,negative,False,True
realcartest_2000_3200,80,3,B6-core,3,left,1,110,negative,False,True
realcartest_2000_3200,80,3,B6-core,3,right,1,115,negative,False,True
realcartest_2000_3200,80,3,B6-core,4,left,1,84,positive,True,False
realcartest_2000_3200,80,3,B6-core,4,left,2,83,positive,True,False
realcartest_2000_3200,80,3,B6-core,4,left,3,82,negative,False,True
realcartest_2000_3200,80,3,B6-core,4,right,1,86,positive,True,False
realcartest_2000_3200,80,3,B6-core,4,right,2,87,positive,True,False
realcartest_2000_3200,80,3,B6-core,4,right,3,88,positive,True,False
realcartest_2000_3200,80,3,B7-core,0,left,1,71,positive,True,False
realcartest_2000_3200,80,3,B7-core,0,left,2,70,positive,True,False
realcartest_2000_3200,80,3,B7-core,0,left,3,69,negative,False,True
realcartest_2000_3200,80,3,B7-core,0,right,1,91,negative,False,True
realcartest_2000_3200,80,3,B7-core,1,left,1,46,negative,False,True
realcartest_2000_3200,80,3,B7-core,1,right,1,61,negative,False,True
realcartest_2000_3200,80,3,B7-core,2,left,1,7,positive,True,False
realcartest_2000_3200,80,3,B7-core,2,left,2,6,negative,False,True
realcartest_2000_3200,80,3,B7-core,2,right,1,16,negative,False,True
realcartest_2000_3200,80,3,B7-core,3,right,1,7,positive,True,False
realcartest_2000_3200,80,3,B7-core,3,right,2,8,negative,False,True
realcartest_2000_3200,80,3,B7-core,4,left,1,95,negative,False,True
realcartest_2000_3200,80,3,B7-core,4,right,1,101,negative,False,True
realcartest_2000_3200,80,4,LATE-AQP-core,0,left,1,75,negative,False,True
realcartest_2000_3200,80,4,LATE-AQP-core,0,right,1,89,negative,False,True
realcartest_2000_3200,80,4,LATE-AQP-core,1,left,1,101,negative,False,True
realcartest_2000_3200,80,4,LATE-AQP-core,1,right,1,109,negative,False,True
realcartest_2000_3200,80,4,LATE-AQP-core,2,left,1,69,negative,False,True
realcartest_2000_3200,80,4,LATE-AQP-core,2,right,1,74,negative,False,True
realcartest_2000_3200,80,4,LATE-AQP-core,3,left,1,48,negative,False,True
realcartest_2000_3200,80,4,LATE-AQP-core,3,right,1,52,negative,False,True
realcartest_2000_3200,80,4,LATE-AQP-core,4,left,1,54,negative,False,True
realcartest_2000_3200,80,4,LATE-AQP-core,4,right,1,58,positive,True,False
realcartest_2000_3200,80,4,LATE-AQP-core,4,right,2,59,negative,False,True
realcartest_2000_3200,80,4,LATE-AQP-core,5,left,1,109,negative,False,True
realcartest_2000_3200,80,4,LATE-AQP-core,5,right,1,113,negative,False,True
realcartest_2000_3200,80,4,LATE-AQP-core,6,left,1,97,negative,False,True
realcartest_2000_3200,80,4,LATE-AQP-core,6,right,1,100,negative,False,True
realcartest_2000_3200,80,4,LATE-AQP-core,7,left,1,4,positive,True,False
realcartest_2000_3200,80,4,LATE-AQP-core,7,left,2,3,positive,True,False
realcartest_2000_3200,80,4,LATE-AQP-core,7,left,3,2,negative,False,True
realcartest_2000_3200,80,4,LATE-AQP-core,7,right,1,6,negative,False,True
realcartest_2000_3200,80,4,LATE-AQP-core,8,left,1,11,negative,False,True
realcartest_2000_3200,80,4,LATE-AQP-core,8,right,1,13,negative,False,True
realcartest_2000_3200,80,4,LATE-AQP-core,9,left,1,38,positive,True,False
realcartest_2000_3200,80,4,LATE-AQP-core,9,left,2,37,negative,False,True
realcartest_2000_3200,80,4,LATE-AQP-core,9,right,1,40,positive,True,False
realcartest_2000_3200,80,4,LATE-AQP-core,9,right,2,41,negative,False,True
realcartest_2000_3200,80,4,B6-core,0,left,1,94,negative,False,True
realcartest_2000_3200,80,4,B6-core,0,right,1,109,negative,False,True
realcartest_2000_3200,80,4,B6-core,1,left,1,46,negative,False,True
realcartest_2000_3200,80,4,B6-core,1,right,1,59,negative,False,True
realcartest_2000_3200,80,4,B6-core,2,left,1,38,positive,True,False
realcartest_2000_3200,80,4,B6-core,2,left,2,37,negative,False,True
realcartest_2000_3200,80,4,B6-core,2,right,1,40,positive,True,False
realcartest_2000_3200,80,4,B6-core,2,right,2,41,negative,False,True
realcartest_2000_3200,80,4,B6-core,3,left,1,70,positive,True,False
realcartest_2000_3200,80,4,B6-core,3,left,2,69,negative,False,True
realcartest_2000_3200,80,4,B6-core,3,right,1,72,negative,False,True
realcartest_2000_3200,80,4,B7-core,0,left,1,67,negative,False,True
realcartest_2000_3200,80,4,B7-core,0,right,1,88,positive,True,False
realcartest_2000_3200,80,4,B7-core,0,right,2,89,negative,False,True
realcartest_2000_3200,80,4,B7-core,1,left,1,93,negative,False,True
realcartest_2000_3200,80,4,B7-core,1,right,1,108,negative,False,True
realcartest_2000_3200,80,4,B7-core,2,left,1,46,negative,False,True
realcartest_2000_3200,80,4,B7-core,2,right,1,60,negative,False,True
realcartest_2000_3200,80,4,B7-core,3,left,1,23,negative,False,True
realcartest_2000_3200,80,4,B7-core,3,right,1,28,negative,False,True
realcartest_2000_3200,80,4,B7-core,4,left,1,31,negative,False,True
realcartest_2000_3200,80,4,B7-core,4,right,1,33,negative,False,True
realcartest_2000_3200,100,4,LATE-AQP-core,0,left,1,74,negative,False,True
realcartest_2000_3200,100,4,LATE-AQP-core,0,right,1,90,negative,False,True
realcartest_2000_3200,100,4,LATE-AQP-core,1,left,1,61,negative,False,True
realcartest_2000_3200,100,4,LATE-AQP-core,1,right,1,74,negative,False,True
realcartest_2000_3200,100,4,LATE-AQP-core,2,left,1,101,negative,False,True
realcartest_2000_3200,100,4,LATE-AQP-core,2,right,1,109,negative,False,True
realcartest_2000_3200,100,4,LATE-AQP-core,3,left,1,53,positive,True,False
realcartest_2000_3200,100,4,LATE-AQP-core,3,left,2,52,negative,False,True
realcartest_2000_3200,100,4,LATE-AQP-core,3,right,1,58,positive,True,False
realcartest_2000_3200,100,4,LATE-AQP-core,3,right,2,59,negative,False,True
realcartest_2000_3200,100,4,LATE-AQP-core,4,left,1,96,positive,True,False
realcartest_2000_3200,100,4,LATE-AQP-core,4,left,2,95,negative,False,True
realcartest_2000_3200,100,4,LATE-AQP-core,4,right,1,101,negative,False,True
realcartest_2000_3200,100,4,LATE-AQP-core,5,left,1,2,negative,False,True
realcartest_2000_3200,100,4,LATE-AQP-core,5,right,1,6,negative,False,True
realcartest_2000_3200,100,4,LATE-AQP-core,6,left,1,48,negative,False,True
realcartest_2000_3200,100,4,LATE-AQP-core,6,right,1,52,negative,False,True
realcartest_2000_3200,100,4,LATE-AQP-core,7,left,1,110,negative,False,True
realcartest_2000_3200,100,4,LATE-AQP-core,7,right,1,113,negative,False,True
realcartest_2000_3200,100,4,LATE-AQP-core,8,left,1,11,negative,False,True
realcartest_2000_3200,100,4,LATE-AQP-core,8,right,1,13,negative,False,True
realcartest_2000_3200,100,4,LATE-AQP-core,9,left,1,38,positive,True,False
realcartest_2000_3200,100,4,LATE-AQP-core,9,left,2,37,negative,False,True
realcartest_2000_3200,100,4,LATE-AQP-core,9,right,1,40,positive,True,False
realcartest_2000_3200,100,4,LATE-AQP-core,9,right,2,41,negative,False,True
realcartest_2000_3200,100,0,B6-core,0,left,1,47,negative,False,True
realcartest_2000_3200,100,0,B6-core,0,right,1,61,negative,False,True
realcartest_2000_3200,100,0,B6-core,1,left,1,71,positive,True,False
realcartest_2000_3200,100,0,B6-core,1,left,2,70,positive,True,False
realcartest_2000_3200,100,0,B6-core,1,left,3,69,negative,False,True
realcartest_2000_3200,100,0,B6-core,1,right,1,84,positive,True,False
realcartest_2000_3200,100,0,B6-core,1,right,2,85,positive,True,False
realcartest_2000_3200,100,0,B6-core,1,right,3,86,positive,True,False
realcartest_2000_3200,100,0,B6-core,2,left,1,26,negative,False,True
realcartest_2000_3200,100,0,B6-core,2,right,1,36,negative,False,True
realcartest_2000_3200,100,0,B6-core,3,left,1,108,negative,False,True
realcartest_2000_3200,100,0,B6-core,3,right,1,116,negative,False,True
realcartest_2000_3200,100,0,B6-core,4,left,1,85,positive,True,False
realcartest_2000_3200,100,0,B6-core,4,left,2,84,positive,True,False
realcartest_2000_3200,100,0,B6-core,4,left,3,83,positive,True,False
realcartest_2000_3200,100,0,B6-core,4,right,1,90,negative,False,True
realcartest_2000_3200,100,0,B6-core,5,left,1,7,positive,True,False
realcartest_2000_3200,100,0,B6-core,5,left,2,6,negative,False,True
realcartest_2000_3200,100,0,B6-core,5,right,1,11,negative,False,True
realcartest_2000_3200,100,0,B6-core,6,left,1,96,positive,True,False
realcartest_2000_3200,100,0,B6-core,6,left,2,95,negative,False,True
realcartest_2000_3200,100,0,B6-core,6,right,1,100,negative,False,True
realcartest_2000_3200,100,0,B6-core,7,left,1,3,positive,True,False
realcartest_2000_3200,100,0,B6-core,7,left,2,2,negative,False,True
realcartest_2000_3200,100,0,B6-core,7,right,1,6,negative,False,True
realcartest_2000_3200,100,0,B6-core,8,left,1,23,negative,False,True
realcartest_2000_3200,100,0,B6-core,8,right,1,26,negative,False,True
realcartest_2000_3200,100,0,B7-core,0,right,1,36,negative,False,True
realcartest_2000_3200,100,0,B7-core,1,left,1,68,negative,False,True
realcartest_2000_3200,100,0,B7-core,1,right,1,90,negative,False,True
realcartest_2000_3200,100,0,B7-core,2,left,1,93,negative,False,True
realcartest_2000_3200,100,0,B7-core,2,right,1,108,negative,False,True
realcartest_2000_3200,100,0,B7-core,3,left,1,46,negative,False,True
realcartest_2000_3200,100,0,B7-core,3,right,1,51,negative,False,True
realcartest_2000_3200,100,53,LATE-AQP-core,0,left,1,74,negative,False,True
realcartest_2000_3200,100,53,LATE-AQP-core,0,right,1,90,negative,False,True
realcartest_2000_3200,100,53,LATE-AQP-core,1,left,1,48,negative,False,True
realcartest_2000_3200,100,53,LATE-AQP-core,1,right,1,60,negative,False,True
realcartest_2000_3200,100,53,LATE-AQP-core,2,left,1,65,negative,False,True
realcartest_2000_3200,100,53,LATE-AQP-core,2,right,1,74,negative,False,True
realcartest_2000_3200,100,53,LATE-AQP-core,3,left,1,101,negative,False,True
realcartest_2000_3200,100,53,LATE-AQP-core,3,right,1,109,negative,False,True
realcartest_2000_3200,100,53,LATE-AQP-core,4,left,1,96,positive,True,False
realcartest_2000_3200,100,53,LATE-AQP-core,4,left,2,95,negative,False,True
realcartest_2000_3200,100,53,LATE-AQP-core,4,right,1,101,negative,False,True
realcartest_2000_3200,100,53,LATE-AQP-core,5,left,1,109,negative,False,True
realcartest_2000_3200,100,53,LATE-AQP-core,5,right,1,113,negative,False,True
realcartest_2000_3200,100,53,LATE-AQP-core,6,left,1,2,negative,False,True
realcartest_2000_3200,100,53,LATE-AQP-core,6,right,1,4,positive,True,False
realcartest_2000_3200,100,53,LATE-AQP-core,6,right,2,5,positive,True,False
realcartest_2000_3200,100,53,LATE-AQP-core,6,right,3,6,negative,False,True
realcartest_2000_3200,100,53,LATE-AQP-core,7,left,1,4,positive,True,False
realcartest_2000_3200,100,53,LATE-AQP-core,7,left,2,3,positive,True,False
realcartest_2000_3200,100,53,LATE-AQP-core,7,left,3,2,negative,False,True
realcartest_2000_3200,100,53,LATE-AQP-core,7,right,1,6,negative,False,True
realcartest_2000_3200,100,53,LATE-AQP-core,8,left,1,11,negative,False,True
realcartest_2000_3200,100,53,LATE-AQP-core,8,right,1,13,negative,False,True
realcartest_2000_3200,100,53,LATE-AQP-core,9,left,1,38,positive,True,False
realcartest_2000_3200,100,53,LATE-AQP-core,9,left,2,37,negative,False,True
realcartest_2000_3200,100,53,LATE-AQP-core,9,right,1,40,positive,True,False
realcartest_2000_3200,100,53,LATE-AQP-core,9,right,2,41,negative,False,True
realcartest_2000_3200,100,1,B6-core,0,left,1,44,negative,False,True
realcartest_2000_3200,100,1,B6-core,0,right,1,61,negative,False,True
realcartest_2000_3200,100,1,B6-core,1,left,1,106,positive,True,False
realcartest_2000_3200,100,1,B6-core,1,left,2,105,negative,False,True
realcartest_2000_3200,100,1,B6-core,2,left,1,23,negative,False,True
realcartest_2000_3200,100,1,B6-core,2,right,1,36,negative,False,True
realcartest_2000_3200,100,1,B6-core,3,left,1,71,positive,True,False
realcartest_2000_3200,100,1,B6-core,3,left,2,70,positive,True,False
realcartest_2000_3200,100,1,B6-core,3,left,3,69,negative,False,True
realcartest_2000_3200,100,1,B6-core,3,right,1,84,positive,True,False
realcartest_2000_3200,100,1,B6-core,3,right,2,85,positive,True,False
realcartest_2000_3200,100,1,B6-core,3,right,3,86,positive,True,False
realcartest_2000_3200,100,1,B6-core,4,left,1,3,positive,True,False
realcartest_2000_3200,100,1,B6-core,4,left,2,2,negative,False,True
realcartest_2000_3200,100,1,B6-core,4,right,1,11,negative,False,True
realcartest_2000_3200,100,1,B6-core,5,left,1,84,positive,True,False
realcartest_2000_3200,100,1,B6-core,5,left,2,83,positive,True,False
realcartest_2000_3200,100,1,B6-core,5,left,3,82,negative,False,True
realcartest_2000_3200,100,1,B6-core,5,right,1,87,positive,True,False
realcartest_2000_3200,100,1,B6-core,5,right,2,88,positive,True,False
realcartest_2000_3200,100,1,B6-core,5,right,3,89,negative,False,True
realcartest_2000_3200,100,1,B7-core,0,right,1,36,negative,False,True
realcartest_2000_3200,100,1,B7-core,1,left,1,71,positive,True,False
realcartest_2000_3200,100,1,B7-core,1,left,2,70,positive,True,False
realcartest_2000_3200,100,1,B7-core,1,left,3,69,negative,False,True
realcartest_2000_3200,100,1,B7-core,1,right,1,96,positive,True,False
realcartest_2000_3200,100,1,B7-core,1,right,2,97,negative,False,True
realcartest_2000_3200,100,1,B7-core,2,left,1,46,negative,False,True
realcartest_2000_3200,100,1,B7-core,2,right,1,61,negative,False,True
realcartest_2000_3200,100,1,B7-core,3,left,1,37,negative,False,True
realcartest_2000_3200,100,1,B7-core,3,right,1,43,negative,False,True
realcartest_2000_3200,100,40,LATE-AQP-core,0,left,1,75,negative,False,True
realcartest_2000_3200,100,40,LATE-AQP-core,0,right,1,90,negative,False,True
realcartest_2000_3200,100,40,LATE-AQP-core,1,left,1,64,negative,False,True
realcartest_2000_3200,100,40,LATE-AQP-core,1,right,1,74,negative,False,True
realcartest_2000_3200,100,40,LATE-AQP-core,2,left,1,101,negative,False,True
realcartest_2000_3200,100,40,LATE-AQP-core,2,right,1,109,negative,False,True
realcartest_2000_3200,100,40,LATE-AQP-core,3,left,1,94,negative,False,True
realcartest_2000_3200,100,40,LATE-AQP-core,3,right,1,101,negative,False,True
realcartest_2000_3200,100,40,LATE-AQP-core,4,left,1,48,negative,False,True
realcartest_2000_3200,100,40,LATE-AQP-core,4,right,1,53,positive,True,False
realcartest_2000_3200,100,40,LATE-AQP-core,4,right,2,54,negative,False,True
realcartest_2000_3200,100,40,LATE-AQP-core,5,left,1,38,positive,True,False
realcartest_2000_3200,100,40,LATE-AQP-core,5,left,2,37,negative,False,True
realcartest_2000_3200,100,40,LATE-AQP-core,5,right,1,42,negative,False,True
realcartest_2000_3200,100,40,LATE-AQP-core,6,left,1,53,positive,True,False
realcartest_2000_3200,100,40,LATE-AQP-core,6,left,2,52,negative,False,True
realcartest_2000_3200,100,40,LATE-AQP-core,6,right,1,57,negative,False,True
realcartest_2000_3200,100,40,LATE-AQP-core,7,left,1,11,negative,False,True
realcartest_2000_3200,100,40,LATE-AQP-core,7,right,1,14,negative,False,True
realcartest_2000_3200,100,40,LATE-AQP-core,8,left,1,110,negative,False,True
realcartest_2000_3200,100,40,LATE-AQP-core,8,right,1,113,negative,False,True
realcartest_2000_3200,100,40,LATE-AQP-core,9,left,1,2,negative,False,True
realcartest_2000_3200,100,40,LATE-AQP-core,9,right,1,4,positive,True,False
realcartest_2000_3200,100,40,LATE-AQP-core,9,right,2,5,positive,True,False
realcartest_2000_3200,100,40,LATE-AQP-core,9,right,3,6,negative,False,True
realcartest_2000_3200,100,40,LATE-AQP-core,10,left,1,4,positive,True,False
realcartest_2000_3200,100,40,LATE-AQP-core,10,left,2,3,positive,True,False
realcartest_2000_3200,100,40,LATE-AQP-core,10,left,3,2,negative,False,True
realcartest_2000_3200,100,40,LATE-AQP-core,10,right,1,6,negative,False,True
realcartest_2000_3200,100,2,B6-core,0,right,1,36,negative,False,True
realcartest_2000_3200,100,2,B6-core,1,left,1,69,negative,False,True
realcartest_2000_3200,100,2,B6-core,1,right,1,85,positive,True,False
realcartest_2000_3200,100,2,B6-core,1,right,2,86,positive,True,False
realcartest_2000_3200,100,2,B6-core,1,right,3,87,positive,True,False
realcartest_2000_3200,100,2,B6-core,2,left,1,46,negative,False,True
realcartest_2000_3200,100,2,B6-core,2,right,1,60,negative,False,True
realcartest_2000_3200,100,2,B6-core,3,left,1,86,positive,True,False
realcartest_2000_3200,100,2,B6-core,3,left,2,85,positive,True,False
realcartest_2000_3200,100,2,B6-core,3,left,3,84,positive,True,False
realcartest_2000_3200,100,2,B6-core,3,right,1,91,negative,False,True
realcartest_2000_3200,100,2,B7-core,0,right,1,36,negative,False,True
realcartest_2000_3200,100,2,B7-core,1,left,1,93,negative,False,True
realcartest_2000_3200,100,2,B7-core,2,left,1,66,negative,False,True
realcartest_2000_3200,100,2,B7-core,2,right,1,89,negative,False,True
realcartest_2000_3200,100,2,B7-core,3,left,1,37,negative,False,True
realcartest_2000_3200,100,2,B7-core,3,right,1,41,negative,False,True
realcartest_2000_3200,100,3,LATE-AQP-core,0,left,1,74,negative,False,True
realcartest_2000_3200,100,3,LATE-AQP-core,0,right,1,90,negative,False,True
realcartest_2000_3200,100,3,LATE-AQP-core,1,left,1,61,negative,False,True
realcartest_2000_3200,100,3,LATE-AQP-core,1,right,1,74,negative,False,True
realcartest_2000_3200,100,3,LATE-AQP-core,2,left,1,53,positive,True,False
realcartest_2000_3200,100,3,LATE-AQP-core,2,left,2,52,negative,False,True
realcartest_2000_3200,100,3,LATE-AQP-core,2,right,1,61,negative,False,True
realcartest_2000_3200,100,3,LATE-AQP-core,3,left,1,101,negative,False,True
realcartest_2000_3200,100,3,LATE-AQP-core,3,right,1,109,negative,False,True
realcartest_2000_3200,100,3,LATE-AQP-core,4,left,1,7,positive,True,False
realcartest_2000_3200,100,3,LATE-AQP-core,4,left,2,6,negative,False,True
realcartest_2000_3200,100,3,LATE-AQP-core,4,right,1,13,negative,False,True
realcartest_2000_3200,100,3,LATE-AQP-core,5,left,1,48,negative,False,True
realcartest_2000_3200,100,3,LATE-AQP-core,5,right,1,53,positive,True,False
realcartest_2000_3200,100,3,LATE-AQP-core,5,right,2,54,negative,False,True
realcartest_2000_3200,100,3,LATE-AQP-core,6,left,1,96,positive,True,False
realcartest_2000_3200,100,3,LATE-AQP-core,6,left,2,95,negative,False,True
realcartest_2000_3200,100,3,LATE-AQP-core,6,right,1,101,negative,False,True
realcartest_2000_3200,100,3,LATE-AQP-core,7,left,1,110,negative,False,True
realcartest_2000_3200,100,3,LATE-AQP-core,7,right,1,113,negative,False,True
realcartest_2000_3200,100,3,LATE-AQP-core,8,left,1,2,negative,False,True
realcartest_2000_3200,100,3,LATE-AQP-core,8,right,1,4,positive,True,False
realcartest_2000_3200,100,3,LATE-AQP-core,8,right,2,5,positive,True,False
realcartest_2000_3200,100,3,LATE-AQP-core,8,right,3,6,negative,False,True
realcartest_2000_3200,100,3,LATE-AQP-core,9,left,1,4,positive,True,False
realcartest_2000_3200,100,3,LATE-AQP-core,9,left,2,3,positive,True,False
realcartest_2000_3200,100,3,LATE-AQP-core,9,left,3,2,negative,False,True
realcartest_2000_3200,100,3,LATE-AQP-core,9,right,1,6,negative,False,True
realcartest_2000_3200,100,3,LATE-AQP-core,10,left,1,38,positive,True,False
realcartest_2000_3200,100,3,LATE-AQP-core,10,left,2,37,negative,False,True
realcartest_2000_3200,100,3,LATE-AQP-core,10,right,1,40,positive,True,False
realcartest_2000_3200,100,3,LATE-AQP-core,10,right,2,41,negative,False,True
realcartest_2000_3200,100,3,B6-core,0,left,1,69,negative,False,True
realcartest_2000_3200,100,3,B6-core,0,right,1,87,positive,True,False
realcartest_2000_3200,100,3,B6-core,0,right,2,88,positive,True,False
realcartest_2000_3200,100,3,B6-core,0,right,3,89,negative,False,True
realcartest_2000_3200,100,3,B6-core,1,left,1,23,negative,False,True
realcartest_2000_3200,100,3,B6-core,1,right,1,36,negative,False,True
realcartest_2000_3200,100,3,B6-core,2,left,1,47,negative,False,True
realcartest_2000_3200,100,3,B6-core,2,right,1,60,negative,False,True
realcartest_2000_3200,100,3,B6-core,3,left,1,104,negative,False,True
realcartest_2000_3200,100,3,B6-core,3,right,1,109,negative,False,True
realcartest_2000_3200,100,3,B6-core,4,left,1,2,negative,False,True
realcartest_2000_3200,100,3,B6-core,4,right,1,6,negative,False,True
realcartest_2000_3200,100,3,B6-core,5,left,1,39,positive,True,False
realcartest_2000_3200,100,3,B6-core,5,left,2,38,positive,True,False
realcartest_2000_3200,100,3,B6-core,5,left,3,37,negative,False,True
realcartest_2000_3200,100,3,B6-core,5,right,1,42,negative,False,True
realcartest_2000_3200,100,3,B6-core,6,left,1,37,negative,False,True
realcartest_2000_3200,100,3,B6-core,6,right,1,39,positive,True,False
realcartest_2000_3200,100,3,B6-core,6,right,2,40,positive,True,False
realcartest_2000_3200,100,3,B6-core,6,right,3,41,negative,False,True
realcartest_2000_3200,100,3,B6-core,7,left,1,95,negative,False,True
realcartest_2000_3200,100,3,B6-core,7,right,1,97,negative,False,True
realcartest_2000_3200,100,3,B7-core,0,left,1,23,negative,False,True
realcartest_2000_3200,100,3,B7-core,0,right,1,41,negative,False,True
realcartest_2000_3200,100,3,B7-core,1,left,1,71,positive,True,False
realcartest_2000_3200,100,3,B7-core,1,left,2,70,positive,True,False
realcartest_2000_3200,100,3,B7-core,1,left,3,69,negative,False,True
realcartest_2000_3200,100,3,B7-core,1,right,1,89,negative,False,True
realcartest_2000_3200,100,3,B7-core,2,left,1,46,negative,False,True
realcartest_2000_3200,100,3,B7-core,2,right,1,60,negative,False,True
realcartest_2000_3200,100,3,B7-core,3,right,1,12,positive,True,False
realcartest_2000_3200,100,3,B7-core,3,right,2,13,negative,False,True
realcartest_2000_3200,100,3,B7-core,4,left,1,95,negative,False,True
realcartest_2000_3200,100,3,B7-core,4,right,1,108,negative,False,True
realcartest_2000_3200,100,4,LATE-AQP-core,0,left,1,53,positive,True,False
realcartest_2000_3200,100,4,LATE-AQP-core,0,left,2,52,negative,False,True
realcartest_2000_3200,100,4,LATE-AQP-core,0,right,1,74,negative,False,True
realcartest_2000_3200,100,4,LATE-AQP-core,1,left,1,74,negative,False,True
realcartest_2000_3200,100,4,LATE-AQP-core,1,right,1,90,negative,False,True
realcartest_2000_3200,100,4,LATE-AQP-core,2,left,1,101,negative,False,True
realcartest_2000_3200,100,4,LATE-AQP-core,2,right,1,109,negative,False,True
realcartest_2000_3200,100,4,LATE-AQP-core,3,left,1,48,negative,False,True
realcartest_2000_3200,100,4,LATE-AQP-core,3,right,1,53,positive,True,False
realcartest_2000_3200,100,4,LATE-AQP-core,3,right,2,54,negative,False,True
realcartest_2000_3200,100,4,LATE-AQP-core,4,left,1,96,positive,True,False
realcartest_2000_3200,100,4,LATE-AQP-core,4,left,2,95,negative,False,True
realcartest_2000_3200,100,4,LATE-AQP-core,4,right,1,101,negative,False,True
realcartest_2000_3200,100,4,LATE-AQP-core,5,left,1,2,negative,False,True
realcartest_2000_3200,100,4,LATE-AQP-core,5,right,1,6,negative,False,True
realcartest_2000_3200,100,4,LATE-AQP-core,6,left,1,7,positive,True,False
realcartest_2000_3200,100,4,LATE-AQP-core,6,left,2,6,negative,False,True
realcartest_2000_3200,100,4,LATE-AQP-core,6,right,1,11,negative,False,True
realcartest_2000_3200,100,4,LATE-AQP-core,7,left,1,109,negative,False,True
realcartest_2000_3200,100,4,LATE-AQP-core,7,right,1,113,negative,False,True
realcartest_2000_3200,100,4,LATE-AQP-core,8,left,1,11,negative,False,True
realcartest_2000_3200,100,4,LATE-AQP-core,8,right,1,13,negative,False,True
realcartest_2000_3200,100,4,LATE-AQP-core,9,left,1,38,positive,True,False
realcartest_2000_3200,100,4,LATE-AQP-core,9,left,2,37,negative,False,True
realcartest_2000_3200,100,4,LATE-AQP-core,9,right,1,40,positive,True,False
realcartest_2000_3200,100,4,LATE-AQP-core,9,right,2,41,negative,False,True
realcartest_2000_3200,100,4,B6-core,0,left,1,46,negative,False,True
realcartest_2000_3200,100,4,B6-core,0,right,1,61,negative,False,True
realcartest_2000_3200,100,4,B6-core,1,left,1,70,positive,True,False
realcartest_2000_3200,100,4,B6-core,1,left,2,69,negative,False,True
realcartest_2000_3200,100,4,B6-core,1,right,1,84,positive,True,False
realcartest_2000_3200,100,4,B6-core,1,right,2,85,positive,True,False
realcartest_2000_3200,100,4,B6-core,1,right,3,86,positive,True,False
realcartest_2000_3200,100,4,B6-core,2,right,1,12,positive,True,False
realcartest_2000_3200,100,4,B6-core,2,right,2,13,negative,False,True
realcartest_2000_3200,100,4,B6-core,3,left,1,95,negative,False,True
realcartest_2000_3200,100,4,B6-core,3,right,1,108,negative,False,True
realcartest_2000_3200,100,4,B6-core,4,left,1,38,positive,True,False
realcartest_2000_3200,100,4,B6-core,4,left,2,37,negative,False,True
realcartest_2000_3200,100,4,B6-core,4,right,1,42,negative,False,True
realcartest_2000_3200,100,4,B6-core,5,left,1,84,positive,True,False
realcartest_2000_3200,100,4,B6-core,5,left,2,83,positive,True,False
realcartest_2000_3200,100,4,B6-core,5,left,3,82,negative,False,True
realcartest_2000_3200,100,4,B6-core,5,right,1,88,positive,True,False
realcartest_2000_3200,100,4,B6-core,5,right,2,89,negative,False,True
realcartest_2000_3200,100,4,B7-core,0,left,1,68,negative,False,True
realcartest_2000_3200,100,4,B7-core,0,right,1,89,negative,False,True
realcartest_2000_3200,100,4,B7-core,1,left,1,22,negative,False,True
realcartest_2000_3200,100,4,B7-core,1,right,1,41,negative,False,True
realcartest_2000_3200,100,4,B7-core,2,left,1,93,negative,False,True
realcartest_2000_3200,100,4,B7-core,2,right,1,108,negative,False,True
realcartest_2000_3200,100,4,B7-core,3,left,1,0,negative,False,True
realcartest_2000_3200,100,4,B7-core,3,right,1,7,positive,True,False
realcartest_2000_3200,100,4,B7-core,3,right,2,8,negative,False,True
realcartest_2000_3200,100,4,B7-core,4,left,1,46,negative,False,True
realcartest_2000_3200,100,4,B7-core,4,right,1,51,negative,False,True
realcartest_3200_3830,5,0,LATE-AQP-core,0,left,1,0,positive,True,False
realcartest_3200_3830,5,0,LATE-AQP-core,0,right,1,2,positive,True,False
realcartest_3200_3830,5,0,LATE-AQP-core,0,right,2,3,positive,True,False
realcartest_3200_3830,5,0,LATE-AQP-core,0,right,3,4,negative,False,True
realcartest_3200_3830,5,1,LATE-AQP-core,0,left,1,0,positive,True,False
realcartest_3200_3830,5,1,LATE-AQP-core,0,right,1,2,positive,True,False
realcartest_3200_3830,5,1,LATE-AQP-core,0,right,2,3,positive,True,False
realcartest_3200_3830,5,1,LATE-AQP-core,0,right,3,4,negative,False,True
realcartest_3200_3830,5,2,LATE-AQP-core,0,left,1,0,positive,True,False
realcartest_3200_3830,5,2,LATE-AQP-core,0,right,1,2,positive,True,False
realcartest_3200_3830,5,2,LATE-AQP-core,0,right,2,3,positive,True,False
realcartest_3200_3830,5,2,LATE-AQP-core,0,right,3,4,negative,False,True
realcartest_3200_3830,5,3,LATE-AQP-core,0,left,1,0,positive,True,False
realcartest_3200_3830,5,3,LATE-AQP-core,0,right,1,2,positive,True,False
realcartest_3200_3830,5,3,LATE-AQP-core,0,right,2,3,positive,True,False
realcartest_3200_3830,5,3,LATE-AQP-core,0,right,3,4,negative,False,True
realcartest_3200_3830,5,4,LATE-AQP-core,0,left,1,0,positive,True,False
realcartest_3200_3830,5,4,LATE-AQP-core,0,right,1,2,positive,True,False
realcartest_3200_3830,5,4,LATE-AQP-core,0,right,2,3,positive,True,False
realcartest_3200_3830,5,4,LATE-AQP-core,0,right,3,4,negative,False,True
realcartest_3200_3830,10,0,LATE-AQP-core,0,left,1,0,positive,True,False
realcartest_3200_3830,10,0,LATE-AQP-core,0,right,1,8,negative,False,True
realcartest_3200_3830,10,0,B7-core,0,right,1,4,negative,False,True
realcartest_3200_3830,10,1,LATE-AQP-core,0,left,1,0,positive,True,False
realcartest_3200_3830,10,1,LATE-AQP-core,0,right,1,8,negative,False,True
realcartest_3200_3830,10,1,B6-core,0,left,1,15,negative,False,True
realcartest_3200_3830,10,1,B6-core,0,right,1,17,positive,True,False
realcartest_3200_3830,10,1,B6-core,0,right,2,18,negative,False,True
realcartest_3200_3830,10,2,LATE-AQP-core,0,left,1,0,positive,True,False
realcartest_3200_3830,10,2,LATE-AQP-core,0,right,1,8,negative,False,True
realcartest_3200_3830,10,2,B6-core,0,right,1,1,positive,True,False
realcartest_3200_3830,10,2,B6-core,0,right,2,2,positive,True,False
realcartest_3200_3830,10,2,B6-core,0,right,3,3,positive,True,False
realcartest_3200_3830,10,2,B7-core,0,right,1,4,negative,False,True
realcartest_3200_3830,10,2,B7-core,1,left,1,57,negative,False,True
realcartest_3200_3830,10,2,B7-core,1,right,1,59,negative,False,True
realcartest_3200_3830,10,3,LATE-AQP-core,0,left,1,0,positive,True,False
realcartest_3200_3830,10,3,LATE-AQP-core,0,right,1,8,negative,False,True
realcartest_3200_3830,10,3,B6-core,0,left,1,0,positive,True,False
realcartest_3200_3830,10,3,B6-core,0,right,1,3,positive,True,False
realcartest_3200_3830,10,3,B6-core,0,right,2,4,negative,False,True
realcartest_3200_3830,10,3,B7-core,0,left,1,49,positive,True,False
realcartest_3200_3830,10,3,B7-core,0,left,2,48,positive,True,False
realcartest_3200_3830,10,3,B7-core,0,left,3,47,negative,False,True
realcartest_3200_3830,10,3,B7-core,0,right,1,52,positive,True,False
realcartest_3200_3830,10,3,B7-core,0,right,2,53,negative,False,True
realcartest_3200_3830,10,4,LATE-AQP-core,0,left,1,0,positive,True,False
realcartest_3200_3830,10,4,LATE-AQP-core,0,right,1,8,negative,False,True
realcartest_3200_3830,20,0,LATE-AQP-core,0,left,1,0,positive,True,False
realcartest_3200_3830,20,0,LATE-AQP-core,0,right,1,8,negative,False,True
realcartest_3200_3830,20,0,LATE-AQP-core,1,left,1,57,negative,False,True
realcartest_3200_3830,20,0,LATE-AQP-core,1,right,1,60,negative,False,True
realcartest_3200_3830,20,0,B6-core,0,left,1,36,negative,False,True
realcartest_3200_3830,20,0,B6-core,0,right,1,39,negative,False,True
realcartest_3200_3830,20,0,B6-core,1,left,1,44,negative,False,True
realcartest_3200_3830,20,0,B6-core,1,right,1,47,negative,False,True
realcartest_3200_3830,20,0,B7-core,0,left,1,45,positive,True,False
realcartest_3200_3830,20,0,B7-core,0,left,2,44,negative,False,True
realcartest_3200_3830,20,0,B7-core,0,right,1,53,negative,False,True
realcartest_3200_3830,20,0,B7-core,1,right,1,4,negative,False,True
realcartest_3200_3830,20,1,LATE-AQP-core,0,left,1,0,positive,True,False
realcartest_3200_3830,20,1,LATE-AQP-core,0,right,1,8,negative,False,True
realcartest_3200_3830,20,1,LATE-AQP-core,1,left,1,57,negative,False,True
realcartest_3200_3830,20,1,LATE-AQP-core,1,right,1,60,negative,False,True
realcartest_3200_3830,20,1,B6-core,0,left,1,50,negative,False,True
realcartest_3200_3830,20,1,B6-core,0,right,1,53,negative,False,True
realcartest_3200_3830,20,1,B6-core,1,left,1,48,positive,True,False
realcartest_3200_3830,20,1,B6-core,1,left,2,47,negative,False,True
realcartest_3200_3830,20,1,B6-core,1,right,1,50,negative,False,True
realcartest_3200_3830,20,1,B7-core,0,left,1,1,positive,True,False
realcartest_3200_3830,20,1,B7-core,0,left,2,0,positive,True,False
realcartest_3200_3830,20,1,B7-core,0,right,1,5,negative,False,True
realcartest_3200_3830,20,2,LATE-AQP-core,0,left,1,0,positive,True,False
realcartest_3200_3830,20,2,LATE-AQP-core,0,right,1,8,negative,False,True
realcartest_3200_3830,20,2,LATE-AQP-core,1,left,1,57,negative,False,True
realcartest_3200_3830,20,2,LATE-AQP-core,1,right,1,60,negative,False,True
realcartest_3200_3830,20,2,B7-core,0,left,1,46,negative,False,True
realcartest_3200_3830,20,2,B7-core,0,right,1,54,negative,False,True
realcartest_3200_3830,20,2,B7-core,1,right,1,4,negative,False,True
realcartest_3200_3830,20,3,LATE-AQP-core,0,left,1,0,positive,True,False
realcartest_3200_3830,20,3,LATE-AQP-core,0,right,1,8,negative,False,True
realcartest_3200_3830,20,3,LATE-AQP-core,1,left,1,57,negative,False,True
realcartest_3200_3830,20,3,LATE-AQP-core,1,right,1,60,negative,False,True
realcartest_3200_3830,20,3,B6-core,0,left,1,56,negative,False,True
realcartest_3200_3830,20,3,B6-core,0,right,1,59,negative,False,True
realcartest_3200_3830,20,3,B7-core,0,right,1,4,negative,False,True
realcartest_3200_3830,20,37,LATE-AQP-core,0,left,1,0,positive,True,False
realcartest_3200_3830,20,37,LATE-AQP-core,0,right,1,8,negative,False,True
realcartest_3200_3830,20,37,LATE-AQP-core,1,left,1,35,negative,False,True
realcartest_3200_3830,20,37,LATE-AQP-core,1,right,1,39,negative,False,True
realcartest_3200_3830,20,4,B6-core,0,right,1,2,positive,True,False
realcartest_3200_3830,20,4,B6-core,0,right,2,3,positive,True,False
realcartest_3200_3830,20,4,B6-core,0,right,3,4,negative,False,True
realcartest_3200_3830,20,4,B6-core,1,left,1,50,negative,False,True
realcartest_3200_3830,20,4,B6-core,1,right,1,53,negative,False,True
realcartest_3200_3830,20,4,B6-core,2,left,1,48,positive,True,False
realcartest_3200_3830,20,4,B6-core,2,left,2,47,negative,False,True
realcartest_3200_3830,20,4,B6-core,2,right,1,50,negative,False,True
realcartest_3200_3830,20,4,B7-core,0,left,1,47,negative,False,True
realcartest_3200_3830,20,4,B7-core,0,right,1,55,negative,False,True
realcartest_3200_3830,40,45,LATE-AQP-core,0,left,1,0,positive,True,False
realcartest_3200_3830,40,45,LATE-AQP-core,0,right,1,8,negative,False,True
realcartest_3200_3830,40,45,LATE-AQP-core,1,left,1,35,negative,False,True
realcartest_3200_3830,40,45,LATE-AQP-core,1,right,1,41,negative,False,True
realcartest_3200_3830,40,45,LATE-AQP-core,2,left,1,55,negative,False,True
realcartest_3200_3830,40,45,LATE-AQP-core,2,right,1,60,negative,False,True
realcartest_3200_3830,40,45,LATE-AQP-core,3,left,1,43,negative,False,True
realcartest_3200_3830,40,45,LATE-AQP-core,3,right,1,47,negative,False,True
realcartest_3200_3830,40,45,LATE-AQP-core,4,left,1,15,negative,False,True
realcartest_3200_3830,40,45,LATE-AQP-core,4,right,1,18,negative,False,True
realcartest_3200_3830,40,0,B6-core,0,left,1,47,negative,False,True
realcartest_3200_3830,40,0,B6-core,0,right,1,61,negative,False,True
realcartest_3200_3830,40,0,B6-core,1,left,1,0,positive,True,False
realcartest_3200_3830,40,0,B6-core,1,right,1,3,positive,True,False
realcartest_3200_3830,40,0,B6-core,1,right,2,4,negative,False,True
realcartest_3200_3830,40,0,B6-core,2,left,1,16,positive,True,False
realcartest_3200_3830,40,0,B6-core,2,left,2,15,negative,False,True
realcartest_3200_3830,40,0,B6-core,2,right,1,18,negative,False,True
realcartest_3200_3830,40,0,B7-core,0,left,1,35,negative,False,True
realcartest_3200_3830,40,0,B7-core,0,right,1,60,negative,False,True
realcartest_3200_3830,40,0,B7-core,1,left,1,15,negative,False,True
realcartest_3200_3830,40,0,B7-core,1,right,1,18,negative,False,True
realcartest_3200_3830,40,49,LATE-AQP-core,0,right,1,8,negative,False,True
realcartest_3200_3830,40,49,LATE-AQP-core,1,left,1,32,negative,False,True
realcartest_3200_3830,40,49,LATE-AQP-core,1,right,1,38,negative,False,True
realcartest_3200_3830,40,49,LATE-AQP-core,2,left,1,47,negative,False,True
realcartest_3200_3830,40,49,LATE-AQP-core,2,right,1,52,positive,True,False
realcartest_3200_3830,40,49,LATE-AQP-core,2,right,2,53,negative,False,True
realcartest_3200_3830,40,49,LATE-AQP-core,3,left,1,15,negative,False,True
realcartest_3200_3830,40,49,LATE-AQP-core,3,right,1,19,negative,False,True
realcartest_3200_3830,40,49,LATE-AQP-core,4,left,1,57,negative,False,True
realcartest_3200_3830,40,49,LATE-AQP-core,4,right,1,60,negative,False,True
realcartest_3200_3830,40,1,B6-core,0,left,1,47,negative,False,True
realcartest_3200_3830,40,1,B6-core,0,right,1,61,negative,False,True
realcartest_3200_3830,40,1,B6-core,1,left,1,44,negative,False,True
realcartest_3200_3830,40,1,B6-core,1,right,1,46,negative,False,True
realcartest_3200_3830,40,1,B7-core,0,left,1,35,negative,False,True
realcartest_3200_3830,40,1,B7-core,0,right,1,53,negative,False,True
realcartest_3200_3830,40,1,B7-core,1,right,1,4,negative,False,True
realcartest_3200_3830,40,37,LATE-AQP-core,0,right,1,8,negative,False,True
realcartest_3200_3830,40,37,LATE-AQP-core,1,left,1,35,negative,False,True
realcartest_3200_3830,40,37,LATE-AQP-core,1,right,1,42,negative,False,True
realcartest_3200_3830,40,37,LATE-AQP-core,2,left,1,56,negative,False,True
realcartest_3200_3830,40,37,LATE-AQP-core,2,right,1,60,negative,False,True
realcartest_3200_3830,40,37,LATE-AQP-core,3,left,1,15,negative,False,True
realcartest_3200_3830,40,37,LATE-AQP-core,3,right,1,18,negative,False,True
realcartest_3200_3830,40,37,LATE-AQP-core,4,left,1,49,positive,True,False
realcartest_3200_3830,40,37,LATE-AQP-core,4,left,2,48,positive,True,False
realcartest_3200_3830,40,37,LATE-AQP-core,4,left,3,47,negative,False,True
realcartest_3200_3830,40,37,LATE-AQP-core,4,right,1,52,positive,True,False
realcartest_3200_3830,40,37,LATE-AQP-core,4,right,2,53,negative,False,True
realcartest_3200_3830,40,2,B6-core,0,left,1,47,negative,False,True
realcartest_3200_3830,40,2,B6-core,0,right,1,61,negative,False,True
realcartest_3200_3830,40,2,B6-core,1,left,1,14,negative,False,True
realcartest_3200_3830,40,2,B6-core,1,right,1,19,negative,False,True
realcartest_3200_3830,40,2,B6-core,2,right,1,3,positive,True,False
realcartest_3200_3830,40,2,B6-core,2,right,2,4,negative,False,True
realcartest_3200_3830,40,2,B7-core,0,left,1,35,negative,False,True
realcartest_3200_3830,40,2,B7-core,0,right,1,54,negative,False,True
realcartest_3200_3830,40,2,B7-core,1,right,1,4,negative,False,True
realcartest_3200_3830,40,2,B7-core,2,left,1,13,negative,False,True
realcartest_3200_3830,40,2,B7-core,2,right,1,18,negative,False,True
realcartest_3200_3830,40,3,LATE-AQP-core,0,right,1,8,negative,False,True
realcartest_3200_3830,40,3,LATE-AQP-core,1,left,1,32,negative,False,True
realcartest_3200_3830,40,3,LATE-AQP-core,1,right,1,41,negative,False,True
realcartest_3200_3830,40,3,LATE-AQP-core,2,left,1,15,negative,False,True
realcartest_3200_3830,40,3,LATE-AQP-core,2,right,1,19,negative,False,True
realcartest_3200_3830,40,3,LATE-AQP-core,3,left,1,49,positive,True,False
realcartest_3200_3830,40,3,LATE-AQP-core,3,left,2,48,positive,True,False
realcartest_3200_3830,40,3,LATE-AQP-core,3,left,3,47,negative,False,True
realcartest_3200_3830,40,3,LATE-AQP-core,3,right,1,52,positive,True,False
realcartest_3200_3830,40,3,LATE-AQP-core,3,right,2,53,negative,False,True
realcartest_3200_3830,40,3,LATE-AQP-core,4,left,1,57,negative,False,True
realcartest_3200_3830,40,3,LATE-AQP-core,4,right,1,60,negative,False,True
realcartest_3200_3830,40,3,B6-core,0,left,1,45,positive,True,False
realcartest_3200_3830,40,3,B6-core,0,left,2,44,negative,False,True
realcartest_3200_3830,40,3,B6-core,1,right,1,4,negative,False,True
realcartest_3200_3830,40,3,B7-core,0,left,1,35,negative,False,True
realcartest_3200_3830,40,3,B7-core,0,right,1,55,negative,False,True
realcartest_3200_3830,40,3,B7-core,1,right,1,4,negative,False,True
realcartest_3200_3830,40,3,B7-core,2,left,1,15,negative,False,True
realcartest_3200_3830,40,3,B7-core,2,right,1,18,negative,False,True
realcartest_3200_3830,40,4,LATE-AQP-core,0,right,1,8,negative,False,True
realcartest_3200_3830,40,4,LATE-AQP-core,1,left,1,32,negative,False,True
realcartest_3200_3830,40,4,LATE-AQP-core,1,right,1,41,negative,False,True
realcartest_3200_3830,40,4,LATE-AQP-core,2,left,1,15,negative,False,True
realcartest_3200_3830,40,4,LATE-AQP-core,2,right,1,19,negative,False,True
realcartest_3200_3830,40,4,LATE-AQP-core,3,left,1,49,positive,True,False
realcartest_3200_3830,40,4,LATE-AQP-core,3,left,2,48,positive,True,False
realcartest_3200_3830,40,4,LATE-AQP-core,3,left,3,47,negative,False,True
realcartest_3200_3830,40,4,LATE-AQP-core,3,right,1,52,positive,True,False
realcartest_3200_3830,40,4,LATE-AQP-core,3,right,2,53,negative,False,True
realcartest_3200_3830,40,4,LATE-AQP-core,4,left,1,57,negative,False,True
realcartest_3200_3830,40,4,LATE-AQP-core,4,right,1,60,negative,False,True
realcartest_3200_3830,40,4,B6-core,0,left,1,35,negative,False,True
realcartest_3200_3830,40,4,B6-core,0,right,1,42,negative,False,True
realcartest_3200_3830,40,4,B6-core,1,left,1,42,negative,False,True
realcartest_3200_3830,40,4,B6-core,1,right,1,47,negative,False,True
realcartest_3200_3830,40,4,B6-core,2,left,1,47,negative,False,True
realcartest_3200_3830,40,4,B6-core,2,right,1,52,positive,True,False
realcartest_3200_3830,40,4,B6-core,2,right,2,53,negative,False,True
realcartest_3200_3830,40,4,B7-core,0,left,1,41,negative,False,True
realcartest_3200_3830,40,4,B7-core,0,right,1,55,negative,False,True
realcartest_3200_3830,40,4,B7-core,1,right,1,5,negative,False,True
realcartest_3200_3830,40,4,B7-core,2,left,1,15,negative,False,True
realcartest_3200_3830,40,4,B7-core,2,right,1,19,negative,False,True
realcartest_3200_3830,60,48,LATE-AQP-core,0,right,1,12,negative,False,True
realcartest_3200_3830,60,48,LATE-AQP-core,1,left,1,28,negative,False,True
realcartest_3200_3830,60,48,LATE-AQP-core,1,right,1,41,negative,False,True
realcartest_3200_3830,60,48,LATE-AQP-core,2,left,1,46,negative,False,True
realcartest_3200_3830,60,48,LATE-AQP-core,2,right,1,55,negative,False,True
realcartest_3200_3830,60,48,LATE-AQP-core,3,left,1,12,negative,False,True
realcartest_3200_3830,60,48,LATE-AQP-core,3,right,1,19,negative,False,True
realcartest_3200_3830,60,48,LATE-AQP-core,4,left,1,55,negative,False,True
realcartest_3200_3830,60,48,LATE-AQP-core,4,right,1,60,negative,False,True
realcartest_3200_3830,60,0,B6-core,0,left,1,32,negative,False,True
realcartest_3200_3830,60,0,B6-core,1,left,1,10,negative,False,True
realcartest_3200_3830,60,0,B6-core,1,right,1,22,negative,False,True
realcartest_3200_3830,60,0,B6-core,2,right,1,6,negative,False,True
realcartest_3200_3830,60,0,B7-core,0,left,1,35,negative,False,True
realcartest_3200_3830,60,0,B7-core,1,right,1,13,negative,False,True
realcartest_3200_3830,60,0,B7-core,2,left,1,13,negative,False,True
realcartest_3200_3830,60,0,B7-core,2,right,1,20,negative,False,True
realcartest_3200_3830,60,49,LATE-AQP-core,0,right,1,12,negative,False,True
realcartest_3200_3830,60,49,LATE-AQP-core,1,left,1,28,negative,False,True
realcartest_3200_3830,60,49,LATE-AQP-core,1,right,1,41,negative,False,True
realcartest_3200_3830,60,49,LATE-AQP-core,2,left,1,47,negative,False,True
realcartest_3200_3830,60,49,LATE-AQP-core,2,right,1,55,negative,False,True
realcartest_3200_3830,60,49,LATE-AQP-core,3,left,1,12,negative,False,True
realcartest_3200_3830,60,49,LATE-AQP-core,3,right,1,19,negative,False,True
realcartest_3200_3830,60,49,LATE-AQP-core,4,left,1,55,negative,False,True
realcartest_3200_3830,60,49,LATE-AQP-core,4,right,1,60,negative,False,True
realcartest_3200_3830,60,1,B6-core,0,left,1,35,negative,False,True
realcartest_3200_3830,60,1,B6-core,1,right,1,19,negative,False,True
realcartest_3200_3830,60,1,B7-core,0,left,1,34,negative,False,True
realcartest_3200_3830,60,1,B7-core,1,right,1,6,negative,False,True
realcartest_3200_3830,60,1,B7-core,2,left,1,15,negative,False,True
realcartest_3200_3830,60,1,B7-core,2,right,1,20,negative,False,True
realcartest_3200_3830,60,51,LATE-AQP-core,0,right,1,12,negative,False,True
realcartest_3200_3830,60,51,LATE-AQP-core,1,left,1,28,negative,False,True
realcartest_3200_3830,60,51,LATE-AQP-core,1,right,1,41,negative,False,True
realcartest_3200_3830,60,51,LATE-AQP-core,2,left,1,47,negative,False,True
realcartest_3200_3830,60,51,LATE-AQP-core,2,right,1,55,negative,False,True
realcartest_3200_3830,60,51,LATE-AQP-core,3,left,1,12,negative,False,True
realcartest_3200_3830,60,51,LATE-AQP-core,3,right,1,19,negative,False,True
realcartest_3200_3830,60,51,LATE-AQP-core,4,left,1,56,negative,False,True
realcartest_3200_3830,60,51,LATE-AQP-core,4,right,1,60,negative,False,True
realcartest_3200_3830,60,2,B6-core,0,left,1,35,negative,False,True
realcartest_3200_3830,60,2,B6-core,1,left,1,12,negative,False,True
realcartest_3200_3830,60,2,B6-core,1,right,1,17,positive,True,False
realcartest_3200_3830,60,2,B6-core,1,right,2,18,negative,False,True
realcartest_3200_3830,60,2,B6-core,2,right,1,3,positive,True,False
realcartest_3200_3830,60,2,B6-core,2,right,2,4,negative,False,True
realcartest_3200_3830,60,2,B7-core,0,left,1,23,negative,False,True
realcartest_3200_3830,60,2,B7-core,1,right,1,7,negative,False,True
realcartest_3200_3830,60,2,B7-core,2,left,1,15,negative,False,True
realcartest_3200_3830,60,2,B7-core,2,right,1,21,negative,False,True
realcartest_3200_3830,60,3,LATE-AQP-core,0,right,1,12,negative,False,True
realcartest_3200_3830,60,3,LATE-AQP-core,1,left,1,28,negative,False,True
realcartest_3200_3830,60,3,LATE-AQP-core,1,right,1,41,negative,False,True
realcartest_3200_3830,60,3,LATE-AQP-core,2,left,1,47,negative,False,True
realcartest_3200_3830,60,3,LATE-AQP-core,2,right,1,55,negative,False,True
realcartest_3200_3830,60,3,LATE-AQP-core,3,left,1,12,negative,False,True
realcartest_3200_3830,60,3,LATE-AQP-core,3,right,1,19,negative,False,True
realcartest_3200_3830,60,3,LATE-AQP-core,4,left,1,56,negative,False,True
realcartest_3200_3830,60,3,LATE-AQP-core,4,right,1,60,negative,False,True
realcartest_3200_3830,60,3,B6-core,0,left,1,33,negative,False,True
realcartest_3200_3830,60,3,B6-core,1,right,1,4,negative,False,True
realcartest_3200_3830,60,3,B6-core,2,left,1,14,negative,False,True
realcartest_3200_3830,60,3,B6-core,2,right,1,17,positive,True,False
realcartest_3200_3830,60,3,B6-core,2,right,2,18,negative,False,True
realcartest_3200_3830,60,3,B7-core,0,left,1,29,negative,False,True
realcartest_3200_3830,60,3,B7-core,1,right,1,6,negative,False,True
realcartest_3200_3830,60,3,B7-core,2,left,1,14,negative,False,True
realcartest_3200_3830,60,3,B7-core,2,right,1,20,negative,False,True
realcartest_3200_3830,60,4,LATE-AQP-core,0,right,1,12,negative,False,True
realcartest_3200_3830,60,4,LATE-AQP-core,1,left,1,28,negative,False,True
realcartest_3200_3830,60,4,LATE-AQP-core,1,right,1,41,negative,False,True
realcartest_3200_3830,60,4,LATE-AQP-core,2,left,1,47,negative,False,True
realcartest_3200_3830,60,4,LATE-AQP-core,2,right,1,55,negative,False,True
realcartest_3200_3830,60,4,LATE-AQP-core,3,left,1,12,negative,False,True
realcartest_3200_3830,60,4,LATE-AQP-core,3,right,1,19,negative,False,True
realcartest_3200_3830,60,4,LATE-AQP-core,4,left,1,56,negative,False,True
realcartest_3200_3830,60,4,LATE-AQP-core,4,right,1,60,negative,False,True
realcartest_3200_3830,60,4,B6-core,0,left,1,31,negative,False,True
realcartest_3200_3830,60,4,B6-core,1,left,1,10,negative,False,True
realcartest_3200_3830,60,4,B6-core,1,right,1,24,negative,False,True
realcartest_3200_3830,60,4,B6-core,2,right,1,10,negative,False,True
realcartest_3200_3830,60,4,B7-core,0,left,1,35,negative,False,True
realcartest_3200_3830,60,4,B7-core,1,right,1,13,negative,False,True
realcartest_3200_3830,60,4,B7-core,2,left,1,13,negative,False,True
realcartest_3200_3830,60,4,B7-core,2,right,1,20,negative,False,True
